residue_i,residue_j,std
1,1,0.000000
1,2,0.051533
1,3,0.196343
1,4,0.201507
1,5,0.143308
1,6,0.121727
1,7,0.151879
1,8,0.188608
1,9,0.107335
1,10,0.184220
1,11,0.272566
1,12,0.119870
1,13,0.042779
1,14,0.012358
1,15,0.010092
1,16,0.056671
1,17,0.022296
1,18,0.024780
1,19,0.025112
1,20,0.005326
1,21,0.025629
1,22,0.045262
1,23,0.042344
1,24,0.038806
1,25,0.020814
1,26,0.074884
1,27,0.022359
1,28,0.020099
1,29,0.008480
1,30,0.043563
1,31,0.010083
1,32,0.086893
1,33,0.139102
1,34,0.105992
1,35,0.060401
1,36,0.070378
1,37,0.034716
1,38,0.048951
1,39,0.095127
1,40,0.067544
1,41,0.032027
1,42,0.058623
1,43,0.023593
1,44,0.142713
1,45,0.166588
1,46,0.157370
1,47,0.122627
1,48,0.044230
1,49,0.082915
1,50,0.005122
1,51,0.010492
1,52,0.019577
1,53,0.044848
1,54,0.023366
1,55,0.014391
1,56,0.143512
1,57,0.040391
1,58,0.017781
1,59,0.011143
1,60,0.030582
1,61,0.040481
1,62,0.039965
1,63,0.018172
1,64,0.063795
1,65,0.033073
1,66,0.060961
1,67,0.064137
1,68,0.069708
1,69,0.036562
1,70,0.001013
1,71,0.017190
1,72,0.043604
1,73,0.062679
1,74,0.055018
1,75,0.030947
1,76,0.034835
1,77,0.008683
1,78,0.118489
1,79,0.157132
1,80,0.063541
1,81,0.165183
1,82,0.062244
1,83,0.057698
1,84,0.230013
1,85,0.218080
1,86,0.210293
1,87,0.258085
1,88,0.200446
1,89,0.080747
1,90,0.126364
1,91,0.061990
1,92,0.075806
1,93,0.058553
1,94,0.019253
1,95,0.032055
1,96,0.005726
1,97,0.087126
1,98,0.057220
1,99,0.082928
1,100,0.139422
1,101,0.154444
1,102,0.065649
1,103,0.053646
1,104,0.105365
1,105,0.050416
1,106,0.040701
1,107,0.058661
1,108,0.122373
1,109,0.078520
1,110,0.059016
1,111,0.045824
1,112,0.098936
1,113,0.057458
1,114,0.043221
1,115,0.068873
1,116,0.055215
1,117,0.078156
1,118,0.040991
1,119,0.019961
1,120,0.009315
1,121,0.028242
1,122,0.034837
1,123,0.075260
1,124,0.059969
1,125,0.077470
1,126,0.111572
1,127,0.076838
1,128,0.007294
1,129,0.089020
1,130,0.071488
1,131,0.003567
2,1,0.051533
2,2,0.000000
2,3,0.271505
2,4,0.213339
2,5,0.182903
2,6,0.004908
2,7,0.266931
2,8,0.296823
2,9,0.099520
2,10,0.165759
2,11,0.279413
2,12,0.164634
2,13,0.091073
2,14,0.063295
2,15,0.045420
2,16,0.061168
2,17,0.070940
2,18,0.018634
2,19,0.034950
2,20,0.047807
2,21,0.065339
2,22,0.040659
2,23,0.051927
2,24,0.060432
2,25,0.123207
2,26,0.013691
2,27,0.023555
2,28,0.024131
2,29,0.005762
2,30,0.015295
2,31,0.023643
2,32,0.071761
2,33,0.177591
2,34,0.190205
2,35,0.030341
2,36,0.029490
2,37,0.019091
2,38,0.060648
2,39,0.076901
2,40,0.053769
2,41,0.015234
2,42,0.077843
2,43,0.024487
2,44,0.071162
2,45,0.111677
2,46,0.110441
2,47,0.076634
2,48,0.005109
2,49,0.076575
2,50,0.005733
2,51,0.039270
2,52,0.005216
2,53,0.018899
2,54,0.022473
2,55,0.024648
2,56,0.102539
2,57,0.049523
2,58,0.026990
2,59,0.011128
2,60,0.017238
2,61,0.024100
2,62,0.009814
2,63,0.004768
2,64,0.034091
2,65,0.028697
2,66,0.002684
2,67,0.008427
2,68,0.031125
2,69,0.036472
2,70,0.023441
2,71,0.050190
2,72,0.001376
2,73,0.083098
2,74,0.087254
2,75,0.004412
2,76,0.024948
2,77,0.030951
2,78,0.087463
2,79,0.119225
2,80,0.010121
2,81,0.122634
2,82,0.054055
2,83,0.047692
2,84,0.165179
2,85,0.142435
2,86,0.134424
2,87,0.165822
2,88,0.108668
2,89,0.055287
2,90,0.024400
2,91,0.013576
2,92,0.009171
2,93,0.038178
2,94,0.058350
2,95,0.041486
2,96,0.063478
2,97,0.139450
2,98,0.123608
2,99,0.106023
2,100,0.123281
2,101,0.151436
2,102,0.077861
2,103,0.078412
2,104,0.113810
2,105,0.048081
2,106,0.005272
2,107,0.027969
2,108,0.186491
2,109,0.131925
2,110,0.109783
2,111,0.102544
2,112,0.125407
2,113,0.099434
2,114,0.031427
2,115,0.011477
2,116,0.028010
2,117,0.009678
2,118,0.035250
2,119,0.076924
2,120,0.100594
2,121,0.109164
2,122,0.074785
2,123,0.081539
2,124,0.067759
2,125,0.058914
2,126,0.078608
2,127,0.055886
2,128,0.043172
2,129,0.017613
2,130,0.043593
2,131,0.083255
3,1,0.196343
3,2,0.271505
3,3,0.000000
3,4,0.098151
3,5,0.221687
3,6,0.093774
3,7,0.122206
3,8,0.182174
3,9,0.261085
3,10,0.218546
3,11,0.133100
3,12,0.150323
3,13,0.021217
3,14,0.029869
3,15,0.034499
3,16,0.029209
3,17,0.006514
3,18,0.038235
3,19,0.003529
3,20,0.029733
3,21,0.022453
3,22,0.010069
3,23,0.006286
3,24,0.042764
3,25,0.004618
3,26,0.009864
3,27,0.014863
3,28,0.001170
3,29,0.008681
3,30,0.061103
3,31,0.062120
3,32,0.129219
3,33,0.118076
3,34,0.008999
3,35,0.075782
3,36,0.035099
3,37,0.052500
3,38,0.052281
3,39,0.044496
3,40,0.014414
3,41,0.036134
3,42,0.019009
3,43,0.022889
3,44,0.061554
3,45,0.016367
3,46,0.001286
3,47,0.043444
3,48,0.101944
3,49,0.053662
3,50,0.067833
3,51,0.046659
3,52,0.002835
3,53,0.017167
3,54,0.002110
3,55,0.000511
3,56,0.094189
3,57,0.057856
3,58,0.122485
3,59,0.066308
3,60,0.141129
3,61,0.103153
3,62,0.041509
3,63,0.023865
3,64,0.006644
3,65,0.038093
3,66,0.037168
3,67,0.062787
3,68,0.076375
3,69,0.138908
3,70,0.047834
3,71,0.088293
3,72,0.032422
3,73,0.035751
3,74,0.068329
3,75,0.047654
3,76,0.000351
3,77,0.047968
3,78,0.052335
3,79,0.069409
3,80,0.018986
3,81,0.224547
3,82,0.144680
3,83,0.163959
3,84,0.301318
3,85,0.256547
3,86,0.243050
3,87,0.311942
3,88,0.210815
3,89,0.084302
3,90,0.042695
3,91,0.056472
3,92,0.003469
3,93,0.001710
3,94,0.047164
3,95,0.005573
3,96,0.016535
3,97,0.010047
3,98,0.021015
3,99,0.005190
3,100,0.045854
3,101,0.014481
3,102,0.051540
3,103,0.053361
3,104,0.007945
3,105,0.078163
3,106,0.095574
3,107,0.137344
3,108,0.170679
3,109,0.201154
3,110,0.195346
3,111,0.198628
3,112,0.188486
3,113,0.223533
3,114,0.036750
3,115,0.005062
3,116,0.033756
3,117,0.109632
3,118,0.073746
3,119,0.045093
3,120,0.006523
3,121,0.001880
3,122,0.072071
3,123,0.093811
3,124,0.086407
3,125,0.116258
3,126,0.136842
3,127,0.111930
3,128,0.119170
3,129,0.043911
3,130,0.055768
3,131,0.039966
4,1,0.201507
4,2,0.213339
4,3,0.098151
4,4,0.000000
4,5,0.167817
4,6,0.028462
4,7,0.314914
4,8,0.292657
4,9,0.219552
4,10,0.194566
4,11,0.173020
4,12,0.198847
4,13,0.139386
4,14,0.096655
4,15,0.091624
4,16,0.005055
4,17,0.008498
4,18,0.014704
4,19,0.035700
4,20,0.039902
4,21,0.056814
4,22,0.051534
4,23,0.032773
4,24,0.006579
4,25,0.031656
4,26,0.049236
4,27,0.023703
4,28,0.065948
4,29,0.011012
4,30,0.045907
4,31,0.069118
4,32,0.113542
4,33,0.071846
4,34,0.045544
4,35,0.006575
4,36,0.064146
4,37,0.074573
4,38,0.102040
4,39,0.087440
4,40,0.054127
4,41,0.000505
4,42,0.065906
4,43,0.074939
4,44,0.101934
4,45,0.032427
4,46,0.040592
4,47,0.046982
4,48,0.092468
4,49,0.044615
4,50,0.057696
4,51,0.033101
4,52,0.002965
4,53,0.061463
4,54,0.031588
4,55,0.047095
4,56,0.034463
4,57,0.021558
4,58,0.102129
4,59,0.110859
4,60,0.056270
4,61,0.065831
4,62,0.078130
4,63,0.046788
4,64,0.015807
4,65,0.041577
4,66,0.077581
4,67,0.074305
4,68,0.050920
4,69,0.093683
4,70,0.039263
4,71,0.083930
4,72,0.053616
4,73,0.077835
4,74,0.086503
4,75,0.084771
4,76,0.031605
4,77,0.007378
4,78,0.083265
4,79,0.093827
4,80,0.068670
4,81,0.113751
4,82,0.097168
4,83,0.133417
4,84,0.237749
4,85,0.222335
4,86,0.199385
4,87,0.236500
4,88,0.154882
4,89,0.111506
4,90,0.042066
4,91,0.015727
4,92,0.035810
4,93,0.050230
4,94,0.003141
4,95,0.033575
4,96,0.055466
4,97,0.020793
4,98,0.034359
4,99,0.053468
4,100,0.057768
4,101,0.097746
4,102,0.047647
4,103,0.046713
4,104,0.065355
4,105,0.103161
4,106,0.117284
4,107,0.196033
4,108,0.179010
4,109,0.203418
4,110,0.209736
4,111,0.209931
4,112,0.189700
4,113,0.223317
4,114,0.119402
4,115,0.062789
4,116,0.114390
4,117,0.028810
4,118,0.077863
4,119,0.073265
4,120,0.108763
4,121,0.114854
4,122,0.140649
4,123,0.169419
4,124,0.097530
4,125,0.096782
4,126,0.148367
4,127,0.127645
4,128,0.144324
4,129,0.066458
4,130,0.102665
4,131,0.095137
5,1,0.143308
5,2,0.182903
5,3,0.221687
5,4,0.167817
5,5,0.000000
5,6,0.221079
5,7,0.184187
5,8,0.094353
5,9,0.068144
5,10,0.005965
5,11,0.012110
5,12,0.050366
5,13,0.019603
5,14,0.071556
5,15,0.057804
5,16,0.050824
5,17,0.078545
5,18,0.050627
5,19,0.154389
5,20,0.164686
5,21,0.282111
5,22,0.211439
5,23,0.182773
5,24,0.183597
5,25,0.243036
5,26,0.065231
5,27,0.057262
5,28,0.157736
5,29,0.096684
5,30,0.030553
5,31,0.197265
5,32,0.167159
5,33,0.076574
5,34,0.039523
5,35,0.095777
5,36,0.035302
5,37,0.039619
5,38,0.030997
5,39,0.037819
5,40,0.015937
5,41,0.009674
5,42,0.031531
5,43,0.081754
5,44,0.134079
5,45,0.012860
5,46,0.011748
5,47,0.032150
5,48,0.039233
5,49,0.029931
5,50,0.025024
5,51,0.068728
5,52,0.063861
5,53,0.097786
5,54,0.119939
5,55,0.059595
5,56,0.082980
5,57,0.089016
5,58,0.006410
5,59,0.030691
5,60,0.126336
5,61,0.061820
5,62,0.041507
5,63,0.006209
5,64,0.010236
5,65,0.084941
5,66,0.092747
5,67,0.095589
5,68,0.038676
5,69,0.091695
5,70,0.112948
5,71,0.061409
5,72,0.030725
5,73,0.029321
5,74,0.022930
5,75,0.034755
5,76,0.057493
5,77,0.070868
5,78,0.020998
5,79,0.051438
5,80,0.048786
5,81,0.026050
5,82,0.089293
5,83,0.134082
5,84,0.112832
5,85,0.025126
5,86,0.057668
5,87,0.112991
5,88,0.175901
5,89,0.007042
5,90,0.125708
5,91,0.041426
5,92,0.112113
5,93,0.197853
5,94,0.190649
5,95,0.159601
5,96,0.191993
5,97,0.185221
5,98,0.167388
5,99,0.101621
5,100,0.068310
5,101,0.082056
5,102,0.057927
5,103,0.089501
5,104,0.016545
5,105,0.015655
5,106,0.025696
5,107,0.059969
5,108,0.216362
5,109,0.030055
5,110,0.030113
5,111,0.025065
5,112,0.071859
5,113,0.000689
5,114,0.119439
5,115,0.085724
5,116,0.208796
5,117,0.195119
5,118,0.272762
5,119,0.282469
5,120,0.265216
5,121,0.321140
5,122,0.157849
5,123,0.197093
5,124,0.151575
5,125,0.057537
5,126,0.037479
5,127,0.040046
5,128,0.121717
5,129,0.242483
5,130,0.061184
5,131,0.002170
6,1,0.121727
6,2,0.004908
6,3,0.093774
6,4,0.028462
6,5,0.221079
6,6,0.000000
6,7,0.170726
6,8,0.066813
6,9,0.034627
6,10,0.082098
6,11,0.016827
6,12,0.091645
6,13,0.117011
6,14,0.081098
6,15,0.066804
6,16,0.000325
6,17,0.077678
6,18,0.049466
6,19,0.072008
6,20,0.025852
6,21,0.010230
6,22,0.132374
6,23,0.147473
6,24,0.163385
6,25,0.135046
6,26,0.102378
6,27,0.011471
6,28,0.017956
6,29,0.006723
6,30,0.100313
6,31,0.094064
6,32,0.002001
6,33,0.104089
6,34,0.048759
6,35,0.204314
6,36,0.072446
6,37,0.056073
6,38,0.012457
6,39,0.054052
6,40,0.001433
6,41,0.059276
6,42,0.057048
6,43,0.023611
6,44,0.067604
6,45,0.118844
6,46,0.110543
6,47,0.109831
6,48,0.077945
6,49,0.059941
6,50,0.030932
6,51,0.014274
6,52,0.026710
6,53,0.032744
6,54,0.033281
6,55,0.068259
6,56,0.051724
6,57,0.102386
6,58,0.003172
6,59,0.036216
6,60,0.068693
6,61,0.016317
6,62,0.087000
6,63,0.044803
6,64,0.026307
6,65,0.107857
6,66,0.104607
6,67,0.045199
6,68,0.011947
6,69,0.038436
6,70,0.016072
6,71,0.035545
6,72,0.017408
6,73,0.077260
6,74,0.024957
6,75,0.036543
6,76,0.049463
6,77,0.153167
6,78,0.027479
6,79,0.034356
6,80,0.125112
6,81,0.213986
6,82,0.008417
6,83,0.072529
6,84,0.054805
6,85,0.059345
6,86,0.048755
6,87,0.107076
6,88,0.114737
6,89,0.089955
6,90,0.162769
6,91,0.104473
6,92,0.094322
6,93,0.104084
6,94,0.057482
6,95,0.068296
6,96,0.067388
6,97,0.006639
6,98,0.037892
6,99,0.037257
6,100,0.041343
6,101,0.005479
6,102,0.046374
6,103,0.054403
6,104,0.001920
6,105,0.003551
6,106,0.044657
6,107,0.102624
6,108,0.102993
6,109,0.052731
6,110,0.047941
6,111,0.015301
6,112,0.013159
6,113,0.020106
6,114,0.091130
6,115,0.029918
6,116,0.026467
6,117,0.095063
6,118,0.053073
6,119,0.106318
6,120,0.046091
6,121,0.049320
6,122,0.057286
6,123,0.038913
6,124,0.093898
6,125,0.034198
6,126,0.006692
6,127,0.053356
6,128,0.009041
6,129,0.022839
6,130,0.006070
6,131,0.074131
7,1,0.151879
7,2,0.266931
7,3,0.122206
7,4,0.314914
7,5,0.184187
7,6,0.170726
7,7,0.000000
7,8,0.089550
7,9,0.292051
7,10,0.233764
7,11,0.129721
7,12,0.081331
7,13,0.008572
7,14,0.033165
7,15,0.039008
7,16,0.037304
7,17,0.099066
7,18,0.061869
7,19,0.057022
7,20,0.055606
7,21,0.069136
7,22,0.036190
7,23,0.035523
7,24,0.085095
7,25,0.058864
7,26,0.034906
7,27,0.009726
7,28,0.062623
7,29,0.010661
7,30,0.109695
7,31,0.008966
7,32,0.131676
7,33,0.003559
7,34,0.126851
7,35,0.219541
7,36,0.042240
7,37,0.010056
7,38,0.014208
7,39,0.069479
7,40,0.032398
7,41,0.034763
7,42,0.031832
7,43,0.095683
7,44,0.051741
7,45,0.103215
7,46,0.100965
7,47,0.032668
7,48,0.009666
7,49,0.010893
7,50,0.046996
7,51,0.066520
7,52,0.020113
7,53,0.078125
7,54,0.048901
7,55,0.014613
7,56,0.022216
7,57,0.096219
7,58,0.070317
7,59,0.013278
7,60,0.060799
7,61,0.006727
7,62,0.054643
7,63,0.028851
7,64,0.003318
7,65,0.118210
7,66,0.033970
7,67,0.017678
7,68,0.013722
7,69,0.044827
7,70,0.051855
7,71,0.030409
7,72,0.033087
7,73,0.083818
7,74,0.040143
7,75,0.071171
7,76,0.014106
7,77,0.028085
7,78,0.082299
7,79,0.153938
7,80,0.140442
7,81,0.294629
7,82,0.091864
7,83,0.103612
7,84,0.280879
7,85,0.301431
7,86,0.301082
7,87,0.360217
7,88,0.327304
7,89,0.016683
7,90,0.184569
7,91,0.102614
7,92,0.029510
7,93,0.079581
7,94,0.068246
7,95,0.028221
7,96,0.001338
7,97,0.023410
7,98,0.032894
7,99,0.013469
7,100,0.098356
7,101,0.021408
7,102,0.041871
7,103,0.058661
7,104,0.029328
7,105,0.081542
7,106,0.026025
7,107,0.006484
7,108,0.117841
7,109,0.179973
7,110,0.135588
7,111,0.141897
7,112,0.165756
7,113,0.162391
7,114,0.044294
7,115,0.044512
7,116,0.057586
7,117,0.209879
7,118,0.187637
7,119,0.139628
7,120,0.109117
7,121,0.066169
7,122,0.011120
7,123,0.070980
7,124,0.071891
7,125,0.107266
7,126,0.114306
7,127,0.056418
7,128,0.014838
7,129,0.032619
7,130,0.124736
7,131,0.156157
8,1,0.188608
8,2,0.296823
8,3,0.182174
8,4,0.292657
8,5,0.094353
8,6,0.066813
8,7,0.089550
8,8,0.000000
8,9,0.231700
8,10,0.206616
8,11,0.060962
8,12,0.035639
8,13,0.000872
8,14,0.010902
8,15,0.038454
8,16,0.045086
8,17,0.078590
8,18,0.087007
8,19,0.072488
8,20,0.035057
8,21,0.039496
8,22,0.096467
8,23,0.080516
8,24,0.101866
8,25,0.081080
8,26,0.122939
8,27,0.018905
8,28,0.063943
8,29,0.043321
8,30,0.091448
8,31,0.071787
8,32,0.031781
8,33,0.034236
8,34,0.029981
8,35,0.170405
8,36,0.067252
8,37,0.074893
8,38,0.053781
8,39,0.059511
8,40,0.038991
8,41,0.036177
8,42,0.026390
8,43,0.089524
8,44,0.065847
8,45,0.149478
8,46,0.180534
8,47,0.086928
8,48,0.021743
8,49,0.021730
8,50,0.036039
8,51,0.055365
8,52,0.009004
8,53,0.068747
8,54,0.047031
8,55,0.033298
8,56,0.065082
8,57,0.082025
8,58,0.022744
8,59,0.047862
8,60,0.054543
8,61,0.087314
8,62,0.098839
8,63,0.034381
8,64,0.005420
8,65,0.136521
8,66,0.051950
8,67,0.087689
8,68,0.082456
8,69,0.032054
8,70,0.059640
8,71,0.002282
8,72,0.054323
8,73,0.048983
8,74,0.000069
8,75,0.079794
8,76,0.002568
8,77,0.001197
8,78,0.085580
8,79,0.148513
8,80,0.125023
8,81,0.201009
8,82,0.027288
8,83,0.022933
8,84,0.164002
8,85,0.178903
8,86,0.187798
8,87,0.236941
8,88,0.214208
8,89,0.011163
8,90,0.119413
8,91,0.036852
8,92,0.010366
8,93,0.036373
8,94,0.004247
8,95,0.005280
8,96,0.032660
8,97,0.055261
8,98,0.016479
8,99,0.061266
8,100,0.146725
8,101,0.044284
8,102,0.010936
8,103,0.004810
8,104,0.074736
8,105,0.053127
8,106,0.009674
8,107,0.019580
8,108,0.073001
8,109,0.087322
8,110,0.079017
8,111,0.072280
8,112,0.084156
8,113,0.096742
8,114,0.006387
8,115,0.037482
8,116,0.049190
8,117,0.136248
8,118,0.107167
8,119,0.072882
8,120,0.036493
8,121,0.015631
8,122,0.031018
8,123,0.053118
8,124,0.056006
8,125,0.120862
8,126,0.131558
8,127,0.098273
8,128,0.008369
8,129,0.040415
8,130,0.165035
8,131,0.073286
9,1,0.107335
9,2,0.099520
9,3,0.261085
9,4,0.219552
9,5,0.068144
9,6,0.034627
9,7,0.292051
9,8,0.231700
9,9,0.000000
9,10,0.098111
9,11,0.231007
9,12,0.164099
9,13,0.094487
9,14,0.052520
9,15,0.001029
9,16,0.004576
9,17,0.007727
9,18,0.004197
9,19,0.022511
9,20,0.061879
9,21,0.088180
9,22,0.080655
9,23,0.078118
9,24,0.051299
9,25,0.001493
9,26,0.115632
9,27,0.049767
9,28,0.033741
9,29,0.052034
9,30,0.055001
9,31,0.027597
9,32,0.052169
9,33,0.118198
9,34,0.147693
9,35,0.002569
9,36,0.042670
9,37,0.047840
9,38,0.008041
9,39,0.094917
9,40,0.062653
9,41,0.056743
9,42,0.085887
9,43,0.043242
9,44,0.110416
9,45,0.155283
9,46,0.167386
9,47,0.144002
9,48,0.046351
9,49,0.063108
9,50,0.002186
9,51,0.033666
9,52,0.029759
9,53,0.025033
9,54,0.054844
9,55,0.047395
9,56,0.074325
9,57,0.083086
9,58,0.012572
9,59,0.000539
9,60,0.028195
9,61,0.093113
9,62,0.071038
9,63,0.007332
9,64,0.040818
9,65,0.015985
9,66,0.053665
9,67,0.098570
9,68,0.134482
9,69,0.080587
9,70,0.086955
9,71,0.057190
9,72,0.102720
9,73,0.141052
9,74,0.084571
9,75,0.049805
9,76,0.067320
9,77,0.071686
9,78,0.127345
9,79,0.160636
9,80,0.004318
9,81,0.085220
9,82,0.019620
9,83,0.028610
9,84,0.171182
9,85,0.147041
9,86,0.146813
9,87,0.193228
9,88,0.082319
9,89,0.032986
9,90,0.033122
9,91,0.003899
9,92,0.004770
9,93,0.037507
9,94,0.043336
9,95,0.036432
9,96,0.095238
9,97,0.141308
9,98,0.128374
9,99,0.110000
9,100,0.145961
9,101,0.176449
9,102,0.102496
9,103,0.116986
9,104,0.162668
9,105,0.078772
9,106,0.003388
9,107,0.026123
9,108,0.136610
9,109,0.093914
9,110,0.119074
9,111,0.100062
9,112,0.108820
9,113,0.061253
9,114,0.004625
9,115,0.023158
9,116,0.005156
9,117,0.027985
9,118,0.014102
9,119,0.015529
9,120,0.065187
9,121,0.084203
9,122,0.078612
9,123,0.093852
9,124,0.071129
9,125,0.117038
9,126,0.133060
9,127,0.128449
9,128,0.027763
9,129,0.004435
9,130,0.089800
9,131,0.047789
10,1,0.184220
10,2,0.165759
10,3,0.218546
10,4,0.194566
10,5,0.005965
10,6,0.082098
10,7,0.233764
10,8,0.206616
10,9,0.098111
10,10,0.000000
10,11,0.171047
10,12,0.157700
10,13,0.110950
10,14,0.085049
10,15,0.036275
10,16,0.036986
10,17,0.015074
10,18,0.031594
10,19,0.015023
10,20,0.061381
10,21,0.100287
10,22,0.026461
10,23,0.008837
10,24,0.004175
10,25,0.051871
10,26,0.031476
10,27,0.010448
10,28,0.003851
10,29,0.014675
10,30,0.032629
10,31,0.047312
10,32,0.060293
10,33,0.002648
10,34,0.095318
10,35,0.064440
10,36,0.058728
10,37,0.065261
10,38,0.018179
10,39,0.024262
10,40,0.010408
10,41,0.020950
10,42,0.055233
10,43,0.105539
10,44,0.078198
10,45,0.078702
10,46,0.055442
10,47,0.038646
10,48,0.036862
10,49,0.010596
10,50,0.081320
10,51,0.062311
10,52,0.066926
10,53,0.031348
10,54,0.008011
10,55,0.025740
10,56,0.045298
10,57,0.035285
10,58,0.053155
10,59,0.009063
10,60,0.052582
10,61,0.077727
10,62,0.053253
10,63,0.046669
10,64,0.037203
10,65,0.042183
10,66,0.025319
10,67,0.056879
10,68,0.105658
10,69,0.082184
10,70,0.074710
10,71,0.060072
10,72,0.092488
10,73,0.070398
10,74,0.010099
10,75,0.024155
10,76,0.018572
10,77,0.080223
10,78,0.037482
10,79,0.067538
10,80,0.013701
10,81,0.026449
10,82,0.008344
10,83,0.032408
10,84,0.107805
10,85,0.124240
10,86,0.087415
10,87,0.127676
10,88,0.066620
10,89,0.049561
10,90,0.006375
10,91,0.046652
10,92,0.012450
10,93,0.048664
10,94,0.017822
10,95,0.056530
10,96,0.090167
10,97,0.082650
10,98,0.071603
10,99,0.053697
10,100,0.063729
10,101,0.090488
10,102,0.038979
10,103,0.041866
10,104,0.066313
10,105,0.066316
10,106,0.008101
10,107,0.043673
10,108,0.021190
10,109,0.080454
10,110,0.147180
10,111,0.088966
10,112,0.084663
10,113,0.063296
10,114,0.005990
10,115,0.042684
10,116,0.018885
10,117,0.033098
10,118,0.078572
10,119,0.033314
10,120,0.008756
10,121,0.035978
10,122,0.033170
10,123,0.081457
10,124,0.048590
10,125,0.109609
10,126,0.116844
10,127,0.111148
10,128,0.007992
10,129,0.011485
10,130,0.089969
10,131,0.043899
11,1,0.272566
11,2,0.279413
11,3,0.133100
11,4,0.173020
11,5,0.012110
11,6,0.016827
11,7,0.129721
11,8,0.060962
11,9,0.231007
11,10,0.171047
11,11,0.000000
11,12,0.067182
11,13,0.079111
11,14,0.081896
11,15,0.026716
11,16,0.089346
11,17,0.098846
11,18,0.096259
11,19,0.071014
11,20,0.023966
11,21,0.062534
11,22,0.088532
11,23,0.089239
11,24,0.145664
11,25,0.121238
11,26,0.135436
11,27,0.060395
11,28,0.087434
11,29,0.070321
11,30,0.038406
11,31,0.067130
11,32,0.002854
11,33,0.070092
11,34,0.048268
11,35,0.086072
11,36,0.009305
11,37,0.060815
11,38,0.057508
11,39,0.008227
11,40,0.003081
11,41,0.023785
11,42,0.010594
11,43,0.165377
11,44,0.080775
11,45,0.135439
11,46,0.155556
11,47,0.078797
11,48,0.019688
11,49,0.025866
11,50,0.090851
11,51,0.088216
11,52,0.048222
11,53,0.000730
11,54,0.018952
11,55,0.017376
11,56,0.034834
11,57,0.009920
11,58,0.057306
11,59,0.039033
11,60,0.068167
11,61,0.106203
11,62,0.059785
11,63,0.052869
11,64,0.031781
11,65,0.172902
11,66,0.030801
11,67,0.081367
11,68,0.109688
11,69,0.105323
11,70,0.104833
11,71,0.077465
11,72,0.083826
11,73,0.067131
11,74,0.009138
11,75,0.106395
11,76,0.022351
11,77,0.096019
11,78,0.087712
11,79,0.151997
11,80,0.135012
11,81,0.162470
11,82,0.030652
11,83,0.092363
11,84,0.194004
11,85,0.213501
11,86,0.187395
11,87,0.208471
11,88,0.157163
11,89,0.048332
11,90,0.043643
11,91,0.056725
11,92,0.028228
11,93,0.034050
11,94,0.016907
11,95,0.005183
11,96,0.098404
11,97,0.083245
11,98,0.059269
11,99,0.043557
11,100,0.097680
11,101,0.067134
11,102,0.022179
11,103,0.047837
11,104,0.084503
11,105,0.104691
11,106,0.050998
11,107,0.050913
11,108,0.104290
11,109,0.120716
11,110,0.165916
11,111,0.122980
11,112,0.114495
11,113,0.111036
11,114,0.007349
11,115,0.045128
11,116,0.028065
11,117,0.068904
11,118,0.097713
11,119,0.073379
11,120,0.054529
11,121,0.009177
11,122,0.025208
11,123,0.094053
11,124,0.056080
11,125,0.142137
11,126,0.148752
11,127,0.138214
11,128,0.015685
11,129,0.032576
11,130,0.128231
11,131,0.063620
12,1,0.119870
12,2,0.164634
12,3,0.150323
12,4,0.198847
12,5,0.050366
12,6,0.091645
12,7,0.081331
12,8,0.035639
12,9,0.164099
12,10,0.157700
12,11,0.067182
12,12,0.000000
12,13,0.024121
12,14,0.025039
12,15,0.014006
12,16,0.093037
12,17,0.133005
12,18,0.112415
12,19,0.095542
12,20,0.018896
12,21,0.035404
12,22,0.151431
12,23,0.151934
12,24,0.185763
12,25,0.169725
12,26,0.186658
12,27,0.083495
12,28,0.112544
12,29,0.065314
12,30,0.093745
12,31,0.087450
12,32,0.004053
12,33,0.049015
12,34,0.066837
12,35,0.131237
12,36,0.053983
12,37,0.087549
12,38,0.035910
12,39,0.056187
12,40,0.025374
12,41,0.027290
12,42,0.036266
12,43,0.168184
12,44,0.162092
12,45,0.227872
12,46,0.245366
12,47,0.156553
12,48,0.061657
12,49,0.017241
12,50,0.035675
12,51,0.069451
12,52,0.061770
12,53,0.048326
12,54,0.006724
12,55,0.011140
12,56,0.002788
12,57,0.032842
12,58,0.023457
12,59,0.045104
12,60,0.059824
12,61,0.146966
12,62,0.124996
12,63,0.038399
12,64,0.054456
12,65,0.183983
12,66,0.104830
12,67,0.140825
12,68,0.155052
12,69,0.116122
12,70,0.131530
12,71,0.105985
12,72,0.125479
12,73,0.011950
12,74,0.073925
12,75,0.095849
12,76,0.048792
12,77,0.083343
12,78,0.110743
12,79,0.193995
12,80,0.188304
12,81,0.187586
12,82,0.008749
12,83,0.059224
12,84,0.222790
12,85,0.262049
12,86,0.243416
12,87,0.263002
12,88,0.246697
12,89,0.033253
12,90,0.128240
12,91,0.065547
12,92,0.039538
12,93,0.066779
12,94,0.043326
12,95,0.020500
12,96,0.025957
12,97,0.063868
12,98,0.036798
12,99,0.026976
12,100,0.109093
12,101,0.089040
12,102,0.038156
12,103,0.027286
12,104,0.079040
12,105,0.060260
12,106,0.056059
12,107,0.081723
12,108,0.080605
12,109,0.085416
12,110,0.096120
12,111,0.049832
12,112,0.086854
12,113,0.049358
12,114,0.045454
12,115,0.081436
12,116,0.091463
12,117,0.128925
12,118,0.129705
12,119,0.115781
12,120,0.092029
12,121,0.013912
12,122,0.021005
12,123,0.090619
12,124,0.039799
12,125,0.140314
12,126,0.163075
12,127,0.144358
12,128,0.008353
12,129,0.026133
12,130,0.168391
12,131,0.141829
13,1,0.042779
13,2,0.091073
13,3,0.021217
13,4,0.139386
13,5,0.019603
13,6,0.117011
13,7,0.008572
13,8,0.000872
13,9,0.094487
13,10,0.110950
13,11,0.079111
13,12,0.024121
13,13,0.000000
13,14,0.016639
13,15,0.034870
13,16,0.056696
13,17,0.132913
13,18,0.108618
13,19,0.113473
13,20,0.028424
13,21,0.010697
13,22,0.168184
13,23,0.188711
13,24,0.217671
13,25,0.197858
13,26,0.201267
13,27,0.086439
13,28,0.010567
13,29,0.022685
13,30,0.109483
13,31,0.001395
13,32,0.093494
13,33,0.038832
13,34,0.079685
13,35,0.227315
13,36,0.089522
13,37,0.078434
13,38,0.030518
13,39,0.043143
13,40,0.016598
13,41,0.026191
13,42,0.023434
13,43,0.120041
13,44,0.145462
13,45,0.237296
13,46,0.211425
13,47,0.119663
13,48,0.042533
13,49,0.000940
13,50,0.042524
13,51,0.117240
13,52,0.114824
13,53,0.073503
13,54,0.024499
13,55,0.080938
13,56,0.003726
13,57,0.000478
13,58,0.030783
13,59,0.042899
13,60,0.002144
13,61,0.130982
13,62,0.162959
13,63,0.081813
13,64,0.103841
13,65,0.204066
13,66,0.178414
13,67,0.172087
13,68,0.146862
13,69,0.051494
13,70,0.119790
13,71,0.062058
13,72,0.114965
13,73,0.012391
13,74,0.063191
13,75,0.073947
13,76,0.040762
13,77,0.042992
13,78,0.114326
13,79,0.235675
13,80,0.166721
13,81,0.271848
13,82,0.047123
13,83,0.099798
13,84,0.306303
13,85,0.305388
13,86,0.285326
13,87,0.346663
13,88,0.311344
13,89,0.102522
13,90,0.144311
13,91,0.077327
13,92,0.040626
13,93,0.081195
13,94,0.074082
13,95,0.027741
13,96,0.018043
13,97,0.081481
13,98,0.039064
13,99,0.025080
13,100,0.100704
13,101,0.077449
13,102,0.017297
13,103,0.017072
13,104,0.064446
13,105,0.053542
13,106,0.096078
13,107,0.118594
13,108,0.081854
13,109,0.073580
13,110,0.038087
13,111,0.027474
13,112,0.067594
13,113,0.034341
13,114,0.101630
13,115,0.086661
13,116,0.091017
13,117,0.193647
13,118,0.136095
13,119,0.136530
13,120,0.082404
13,121,0.040433
13,122,0.011715
13,123,0.096305
13,124,0.107974
13,125,0.159781
13,126,0.181213
13,127,0.156245
13,128,0.067542
13,129,0.017267
13,130,0.092946
13,131,0.105573
14,1,0.012358
14,2,0.063295
14,3,0.029869
14,4,0.096655
14,5,0.071556
14,6,0.081098
14,7,0.033165
14,8,0.010902
14,9,0.052520
14,10,0.085049
14,11,0.081896
14,12,0.025039
14,13,0.016639
14,14,0.000000
14,15,0.017799
14,16,0.030835
14,17,0.107646
14,18,0.085143
14,19,0.094546
14,20,0.016279
14,21,0.023535
14,22,0.157390
14,23,0.191442
14,24,0.221847
14,25,0.202611
14,26,0.216860
14,27,0.095524
14,28,0.023551
14,29,0.036611
14,30,0.110073
14,31,0.025739
14,32,0.080040
14,33,0.068227
14,34,0.061791
14,35,0.238057
14,36,0.119306
14,37,0.108510
14,38,0.036862
14,39,0.048619
14,40,0.012465
14,41,0.015109
14,42,0.016238
14,43,0.095219
14,44,0.149628
14,45,0.243841
14,46,0.229353
14,47,0.136059
14,48,0.071088
14,49,0.028564
14,50,0.024072
14,51,0.092801
14,52,0.096319
14,53,0.067990
14,54,0.032421
14,55,0.079881
14,56,0.056067
14,57,0.008523
14,58,0.019513
14,59,0.051166
14,60,0.012262
14,61,0.112870
14,62,0.179958
14,63,0.079511
14,64,0.104682
14,65,0.201876
14,66,0.207976
14,67,0.182141
14,68,0.149464
14,69,0.046208
14,70,0.125474
14,71,0.060879
14,72,0.124312
14,73,0.014212
14,74,0.038936
14,75,0.080744
14,76,0.032376
14,77,0.028439
14,78,0.072530
14,79,0.197555
14,80,0.116921
14,81,0.247567
14,82,0.009061
14,83,0.048561
14,84,0.289691
14,85,0.282073
14,86,0.257668
14,87,0.346031
14,88,0.302950
14,89,0.127336
14,90,0.166586
14,91,0.085963
14,92,0.056468
14,93,0.103295
14,94,0.073004
14,95,0.043361
14,96,0.008525
14,97,0.090644
14,98,0.042706
14,99,0.008849
14,100,0.081842
14,101,0.066479
14,102,0.002568
14,103,0.044791
14,104,0.032477
14,105,0.016421
14,106,0.132192
14,107,0.147049
14,108,0.078931
14,109,0.054172
14,110,0.006258
14,111,0.002167
14,112,0.048638
14,113,0.012652
14,114,0.105895
14,115,0.094675
14,116,0.086512
14,117,0.188472
14,118,0.121268
14,119,0.121040
14,120,0.057854
14,121,0.017195
14,122,0.010986
14,123,0.093762
14,124,0.112422
14,125,0.167809
14,126,0.196861
14,127,0.160180
14,128,0.078523
14,129,0.042107
14,130,0.088778
14,131,0.065944
15,1,0.010092
15,2,0.045420
15,3,0.034499
15,4,0.091624
15,5,0.057804
15,6,0.066804
15,7,0.039008
15,8,0.038454
15,9,0.001029
15,10,0.036275
15,11,0.026716
15,12,0.014006
15,13,0.034870
15,14,0.017799
15,15,0.000000
15,16,0.029382
15,17,0.101541
15,18,0.078316
15,19,0.077826
15,20,0.006738
15,21,0.030595
15,22,0.186153
15,23,0.219422
15,24,0.232301
15,25,0.207165
15,26,0.229358
15,27,0.088335
15,28,0.047798
15,29,0.029037
15,30,0.046346
15,31,0.017588
15,32,0.065313
15,33,0.085470
15,34,0.064763
15,35,0.250162
15,36,0.134947
15,37,0.113617
15,38,0.048196
15,39,0.061867
15,40,0.003508
15,41,0.009974
15,42,0.013973
15,43,0.063580
15,44,0.124770
15,45,0.254534
15,46,0.227050
15,47,0.136110
15,48,0.073624
15,49,0.024288
15,50,0.025392
15,51,0.098377
15,52,0.108148
15,53,0.050814
15,54,0.073025
15,55,0.105752
15,56,0.042386
15,57,0.028120
15,58,0.012002
15,59,0.075230
15,60,0.012069
15,61,0.123682
15,62,0.197922
15,63,0.098054
15,64,0.114330
15,65,0.198145
15,66,0.217729
15,67,0.196640
15,68,0.158774
15,69,0.065941
15,70,0.104835
15,71,0.027956
15,72,0.102745
15,73,0.000469
15,74,0.022202
15,75,0.086603
15,76,0.001058
15,77,0.010486
15,78,0.076093
15,79,0.202980
15,80,0.110048
15,81,0.245668
15,82,0.000281
15,83,0.017419
15,84,0.240290
15,85,0.233456
15,86,0.218639
15,87,0.303035
15,88,0.255109
15,89,0.153526
15,90,0.145586
15,91,0.077550
15,92,0.032847
15,93,0.088133
15,94,0.067860
15,95,0.029684
15,96,0.027672
15,97,0.097563
15,98,0.056554
15,99,0.019860
15,100,0.074671
15,101,0.060944
15,102,0.014739
15,103,0.049302
15,104,0.020209
15,105,0.008632
15,106,0.149975
15,107,0.140882
15,108,0.094468
15,109,0.042787
15,110,0.021520
15,111,0.016628
15,112,0.025866
15,113,0.023877
15,114,0.098325
15,115,0.082807
15,116,0.056075
15,117,0.163004
15,118,0.074364
15,119,0.086136
15,120,0.006901
15,121,0.009785
15,122,0.026113
15,123,0.089849
15,124,0.135468
15,125,0.162824
15,126,0.190109
15,127,0.172438
15,128,0.111918
15,129,0.004075
15,130,0.044306
15,131,0.050661
16,1,0.056671
16,2,0.061168
16,3,0.029209
16,4,0.005055
16,5,0.050824
16,6,0.000325
16,7,0.037304
16,8,0.045086
16,9,0.004576
16,10,0.036986
16,11,0.089346
16,12,0.093037
16,13,0.056696
16,14,0.030835
16,15,0.029382
16,16,0.000000
16,17,0.184454
16,18,0.121898
16,19,0.177387
16,20,0.163908
16,21,0.152998
16,22,0.200435
16,23,0.249801
16,24,0.227016
16,25,0.284029
16,26,0.047422
16,27,0.057890
16,28,0.177473
16,29,0.140606
16,30,0.015169
16,31,0.129207
16,32,0.135284
16,33,0.023989
16,34,0.024562
16,35,0.045992
16,36,0.001563
16,37,0.027202
16,38,0.024004
16,39,0.022647
16,40,0.002104
16,41,0.007741
16,42,0.052622
16,43,0.075362
16,44,0.070457
16,45,0.034180
16,46,0.042754
16,47,0.050837
16,48,0.040373
16,49,0.056009
16,50,0.000791
16,51,0.032930
16,52,0.023140
16,53,0.021771
16,54,0.040787
16,55,0.071645
16,56,0.004201
16,57,0.000922
16,58,0.045300
16,59,0.030822
16,60,0.005029
16,61,0.058336
16,62,0.046935
16,63,0.030388
16,64,0.039746
16,65,0.048509
16,66,0.092571
16,67,0.125596
16,68,0.090073
16,69,0.029456
16,70,0.031711
16,71,0.006275
16,72,0.074667
16,73,0.054200
16,74,0.028359
16,75,0.010605
16,76,0.022672
16,77,0.051649
16,78,0.045128
16,79,0.013707
16,80,0.084232
16,81,0.062609
16,82,0.051854
16,83,0.037595
16,84,0.093648
16,85,0.051590
16,86,0.044848
16,87,0.099824
16,88,0.031988
16,89,0.019542
16,90,0.051434
16,91,0.080902
16,92,0.071057
16,93,0.101110
16,94,0.114358
16,95,0.063210
16,96,0.144300
16,97,0.150018
16,98,0.127870
16,99,0.096795
16,100,0.086689
16,101,0.026914
16,102,0.033732
16,103,0.065930
16,104,0.008248
16,105,0.041445
16,106,0.080713
16,107,0.062352
16,108,0.042063
16,109,0.107263
16,110,0.097959
16,111,0.075156
16,112,0.020587
16,113,0.037790
16,114,0.078732
16,115,0.009897
16,116,0.047295
16,117,0.082983
16,118,0.205787
16,119,0.259181
16,120,0.262403
16,121,0.271409
16,122,0.164175
16,123,0.127759
16,124,0.085982
16,125,0.012183
16,126,0.039183
16,127,0.044269
16,128,0.070894
16,129,0.083025
16,130,0.083833
16,131,0.019422
17,1,0.022296
17,2,0.070940
17,3,0.006514
17,4,0.008498
17,5,0.078545
17,6,0.077678
17,7,0.099066
17,8,0.078590
17,9,0.007727
17,10,0.015074
17,11,0.098846
17,12,0.133005
17,13,0.132913
17,14,0.107646
17,15,0.101541
17,16,0.184454
17,17,0.000000
17,18,0.027685
17,19,0.062839
17,20,0.152055
17,21,0.157278
17,22,0.113997
17,23,0.168050
17,24,0.144923
17,25,0.205938
17,26,0.006779
17,27,0.050454
17,28,0.118247
17,29,0.096625
17,30,0.087768
17,31,0.165237
17,32,0.136508
17,33,0.016397
17,34,0.030647
17,35,0.101705
17,36,0.057928
17,37,0.074184
17,38,0.054309
17,39,0.019053
17,40,0.017775
17,41,0.002154
17,42,0.069768
17,43,0.097428
17,44,0.040667
17,45,0.074617
17,46,0.088806
17,47,0.008398
17,48,0.013383
17,49,0.072099
17,50,0.027881
17,51,0.031935
17,52,0.049403
17,53,0.028430
17,54,0.017100
17,55,0.070910
17,56,0.049818
17,57,0.002070
17,58,0.019915
17,59,0.045202
17,60,0.019446
17,61,0.015734
17,62,0.021541
17,63,0.041798
17,64,0.011515
17,65,0.079344
17,66,0.064260
17,67,0.100913
17,68,0.064401
17,69,0.048908
17,70,0.065230
17,71,0.029273
17,72,0.040689
17,73,0.074953
17,74,0.040088
17,75,0.039827
17,76,0.002011
17,77,0.022529
17,78,0.041346
17,79,0.024596
17,80,0.116096
17,81,0.121678
17,82,0.062058
17,83,0.051504
17,84,0.062412
17,85,0.040298
17,86,0.048716
17,87,0.065597
17,88,0.009676
17,89,0.014418
17,90,0.009339
17,91,0.023478
17,92,0.002832
17,93,0.078981
17,94,0.114195
17,95,0.056131
17,96,0.144358
17,97,0.170363
17,98,0.118434
17,99,0.079833
17,100,0.075217
17,101,0.004651
17,102,0.005999
17,103,0.024396
17,104,0.016545
17,105,0.066204
17,106,0.109451
17,107,0.112732
17,108,0.025170
17,109,0.141901
17,110,0.145659
17,111,0.117820
17,112,0.055096
17,113,0.026082
17,114,0.067137
17,115,0.026015
17,116,0.066289
17,117,0.079814
17,118,0.188042
17,119,0.211798
17,120,0.232169
17,121,0.228636
17,122,0.141281
17,123,0.120474
17,124,0.096660
17,125,0.006278
17,126,0.009446
17,127,0.000720
17,128,0.021873
17,129,0.043828
17,130,0.166704
17,131,0.017016
18,1,0.024780
18,2,0.018634
18,3,0.038235
18,4,0.014704
18,5,0.050627
18,6,0.049466
18,7,0.061869
18,8,0.087007
18,9,0.004197
18,10,0.031594
18,11,0.096259
18,12,0.112415
18,13,0.108618
18,14,0.085143
18,15,0.078316
18,16,0.121898
18,17,0.027685
18,18,0.000000
18,19,0.069453
18,20,0.091444
18,21,0.030334
18,22,0.084072
18,23,0.128156
18,24,0.075571
18,25,0.110670
18,26,0.045366
18,27,0.019590
18,28,0.106749
18,29,0.076806
18,30,0.067141
18,31,0.159151
18,32,0.150959
18,33,0.016869
18,34,0.018180
18,35,0.073739
18,36,0.028546
18,37,0.045803
18,38,0.048091
18,39,0.021253
18,40,0.027531
18,41,0.006633
18,42,0.049258
18,43,0.041457
18,44,0.014641
18,45,0.065258
18,46,0.064419
18,47,0.006795
18,48,0.006827
18,49,0.043108
18,50,0.009910
18,51,0.020607
18,52,0.054217
18,53,0.015656
18,54,0.016192
18,55,0.001272
18,56,0.015461
18,57,0.006613
18,58,0.038531
18,59,0.050418
18,60,0.042830
18,61,0.020691
18,62,0.007294
18,63,0.011642
18,64,0.012427
18,65,0.048517
18,66,0.081653
18,67,0.145097
18,68,0.071649
18,69,0.027194
18,70,0.061269
18,71,0.034881
18,72,0.022257
18,73,0.034294
18,74,0.008854
18,75,0.027314
18,76,0.075577
18,77,0.070732
18,78,0.030636
18,79,0.014164
18,80,0.031344
18,81,0.072352
18,82,0.063797
18,83,0.075474
18,84,0.065300
18,85,0.041065
18,86,0.039855
18,87,0.062326
18,88,0.019337
18,89,0.035710
18,90,0.019866
18,91,0.019978
18,92,0.007203
18,93,0.042414
18,94,0.085824
18,95,0.041867
18,96,0.101729
18,97,0.127430
18,98,0.099850
18,99,0.078192
18,100,0.057874
18,101,0.003371
18,102,0.019944
18,103,0.016185
18,104,0.015236
18,105,0.059782
18,106,0.112474
18,107,0.045875
18,108,0.118121
18,109,0.042827
18,110,0.071256
18,111,0.039386
18,112,0.016292
18,113,0.022449
18,114,0.074414
18,115,0.030531
18,116,0.086442
18,117,0.108443
18,118,0.165810
18,119,0.197998
18,120,0.195067
18,121,0.199011
18,122,0.082485
18,123,0.073927
18,124,0.082861
18,125,0.044180
18,126,0.023349
18,127,0.038649
18,128,0.002260
18,129,0.022872
18,130,0.093957
18,131,0.007530
19,1,0.025112
19,2,0.034950
19,3,0.003529
19,4,0.035700
19,5,0.154389
19,6,0.072008
19,7,0.057022
19,8,0.072488
19,9,0.022511
19,10,0.015023
19,11,0.071014
19,12,0.095542
19,13,0.113473
19,14,0.094546
19,15,0.077826
19,16,0.177387
19,17,0.062839
19,18,0.069453
19,19,0.000000
19,20,0.000477
19,21,0.042653
19,22,0.126940
19,23,0.175766
19,24,0.126742
19,25,0.140485
19,26,0.027354
19,27,0.045256
19,28,0.096981
19,29,0.057933
19,30,0.078838
19,31,0.132089
19,32,0.109091
19,33,0.055154
19,34,0.046246
19,35,0.073710
19,36,0.028370
19,37,0.044486
19,38,0.030031
19,39,0.007472
19,40,0.017708
19,41,0.009960
19,42,0.052880
19,43,0.127253
19,44,0.054950
19,45,0.026289
19,46,0.020371
19,47,0.026592
19,48,0.010012
19,49,0.024843
19,50,0.019460
19,51,0.003127
19,52,0.037150
19,53,0.012477
19,54,0.011105
19,55,0.030250
19,56,0.091834
19,57,0.005623
19,58,0.023761
19,59,0.025526
19,60,0.015112
19,61,0.034266
19,62,0.000215
19,63,0.000221
19,64,0.010545
19,65,0.070485
19,66,0.083694
19,67,0.152626
19,68,0.101934
19,69,0.004143
19,70,0.062059
19,71,0.005410
19,72,0.063646
19,73,0.085860
19,74,0.024787
19,75,0.021339
19,76,0.075044
19,77,0.041663
19,78,0.007334
19,79,0.008666
19,80,0.065501
19,81,0.103680
19,82,0.061444
19,83,0.066212
19,84,0.016682
19,85,0.008000
19,86,0.034239
19,87,0.023739
19,88,0.033593
19,89,0.041005
19,90,0.006429
19,91,0.038110
19,92,0.004654
19,93,0.034535
19,94,0.092401
19,95,0.028050
19,96,0.116877
19,97,0.171038
19,98,0.119172
19,99,0.102040
19,100,0.079932
19,101,0.021003
19,102,0.022915
19,103,0.036968
19,104,0.001039
19,105,0.044354
19,106,0.097280
19,107,0.041556
19,108,0.115043
19,109,0.064904
19,110,0.114368
19,111,0.043503
19,112,0.019065
19,113,0.012118
19,114,0.088745
19,115,0.045041
19,116,0.084348
19,117,0.093200
19,118,0.169611
19,119,0.179034
19,120,0.205211
19,121,0.216552
19,122,0.115442
19,123,0.075862
19,124,0.082938
19,125,0.019214
19,126,0.003650
19,127,0.002797
19,128,0.029593
19,129,0.008094
19,130,0.117571
19,131,0.014054
20,1,0.005326
20,2,0.047807
20,3,0.029733
20,4,0.039902
20,5,0.164686
20,6,0.025852
20,7,0.055606
20,8,0.035057
20,9,0.061879
20,10,0.061381
20,11,0.023966
20,12,0.018896
20,13,0.028424
20,14,0.016279
20,15,0.006738
20,16,0.163908
20,17,0.152055
20,18,0.091444
20,19,0.000477
20,20,0.000000
20,21,0.209101
20,22,0.122629
20,23,0.170122
20,24,0.120896
20,25,0.083968
20,26,0.030466
20,27,0.036216
20,28,0.012883
20,29,0.006310
20,30,0.038873
20,31,0.063267
20,32,0.017525
20,33,0.090780
20,34,0.081764
20,35,0.003253
20,36,0.003040
20,37,0.022322
20,38,0.016985
20,39,0.028240
20,40,0.021716
20,41,0.009511
20,42,0.014947
20,43,0.099936
20,44,0.028429
20,45,0.009288
20,46,0.022937
20,47,0.020587
20,48,0.048343
20,49,0.024938
20,50,0.062598
20,51,0.034740
20,52,0.001539
20,53,0.025833
20,54,0.019739
20,55,0.006439
20,56,0.070233
20,57,0.046988
20,58,0.007677
20,59,0.018415
20,60,0.002501
20,61,0.028155
20,62,0.004133
20,63,0.010332
20,64,0.041441
20,65,0.096233
20,66,0.039070
20,67,0.112225
20,68,0.099068
20,69,0.038824
20,70,0.045515
20,71,0.036625
20,72,0.073014
20,73,0.039661
20,74,0.031899
20,75,0.021822
20,76,0.128255
20,77,0.059689
20,78,0.059376
20,79,0.044095
20,80,0.032940
20,81,0.081519
20,82,0.012454
20,83,0.033509
20,84,0.094185
20,85,0.087643
20,86,0.040213
20,87,0.084954
20,88,0.096321
20,89,0.097960
20,90,0.018204
20,91,0.009058
20,92,0.045512
20,93,0.000581
20,94,0.051371
20,95,0.008028
20,96,0.098611
20,97,0.169226
20,98,0.127429
20,99,0.129415
20,100,0.096148
20,101,0.064935
20,102,0.050968
20,103,0.046720
20,104,0.041576
20,105,0.011236
20,106,0.056633
20,107,0.023168
20,108,0.181080
20,109,0.063788
20,110,0.020778
20,111,0.044033
20,112,0.032104
20,113,0.014898
20,114,0.087330
20,115,0.041991
20,116,0.096594
20,117,0.084966
20,118,0.131501
20,119,0.122801
20,120,0.121776
20,121,0.150364
20,122,0.073673
20,123,0.066876
20,124,0.084529
20,125,0.008636
20,126,0.036951
20,127,0.036319
20,128,0.028971
20,129,0.055278
20,130,0.073265
20,131,0.006617
21,1,0.025629
21,2,0.065339
21,3,0.022453
21,4,0.056814
21,5,0.282111
21,6,0.010230
21,7,0.069136
21,8,0.039496
21,9,0.088180
21,10,0.100287
21,11,0.062534
21,12,0.035404
21,13,0.010697
21,14,0.023535
21,15,0.030595
21,16,0.152998
21,17,0.157278
21,18,0.030334
21,19,0.042653
21,20,0.209101
21,21,0.000000
21,22,0.343711
21,23,0.358041
21,24,0.159398
21,25,0.207135
21,26,0.005998
21,27,0.026346
21,28,0.006518
21,29,0.032194
21,30,0.018048
21,31,0.016028
21,32,0.023911
21,33,0.132556
21,34,0.150861
21,35,0.000987
21,36,0.006224
21,37,0.004091
21,38,0.036972
21,39,0.021259
21,40,0.015392
21,41,0.003218
21,42,0.027678
21,43,0.182188
21,44,0.124578
21,45,0.053751
21,46,0.034414
21,47,0.136584
21,48,0.074903
21,49,0.017792
21,50,0.065384
21,51,0.035009
21,52,0.023263
21,53,0.033752
21,54,0.053305
21,55,0.122505
21,56,0.203253
21,57,0.135759
21,58,0.063871
21,59,0.062537
21,60,0.062283
21,61,0.076578
21,62,0.023254
21,63,0.007377
21,64,0.072309
21,65,0.072691
21,66,0.047745
21,67,0.128213
21,68,0.117941
21,69,0.057370
21,70,0.060728
21,71,0.004243
21,72,0.035672
21,73,0.020012
21,74,0.022231
21,75,0.024889
21,76,0.000231
21,77,0.073738
21,78,0.098797
21,79,0.101126
21,80,0.062043
21,81,0.077950
21,82,0.039410
21,83,0.116056
21,84,0.237852
21,85,0.169792
21,86,0.094200
21,87,0.165762
21,88,0.123637
21,89,0.107467
21,90,0.003702
21,91,0.055672
21,92,0.050531
21,93,0.065418
21,94,0.107562
21,95,0.082860
21,96,0.152932
21,97,0.200682
21,98,0.158396
21,99,0.129801
21,100,0.099350
21,101,0.085982
21,102,0.070055
21,103,0.028490
21,104,0.042298
21,105,0.063069
21,106,0.045522
21,107,0.146542
21,108,0.209644
21,109,0.092544
21,110,0.060477
21,111,0.110311
21,112,0.054913
21,113,0.095879
21,114,0.120585
21,115,0.053617
21,116,0.132645
21,117,0.093815
21,118,0.205437
21,119,0.219827
21,120,0.220705
21,121,0.202050
21,122,0.212354
21,123,0.141069
21,124,0.143526
21,125,0.078749
21,126,0.108048
21,127,0.144561
21,128,0.142253
21,129,0.005684
21,130,0.067742
21,131,0.037067
22,1,0.045262
22,2,0.040659
22,3,0.010069
22,4,0.051534
22,5,0.211439
22,6,0.132374
22,7,0.036190
22,8,0.096467
22,9,0.080655
22,10,0.026461
22,11,0.088532
22,12,0.151431
22,13,0.168184
22,14,0.157390
22,15,0.186153
22,16,0.200435
22,17,0.113997
22,18,0.084072
22,19,0.126940
22,20,0.122629
22,21,0.343711
22,22,0.000000
22,23,0.015686
22,24,0.049970
22,25,0.022616
22,26,0.255714
22,27,0.037750
22,28,0.013351
22,29,0.027994
22,30,0.157850
22,31,0.179849
22,32,0.135134
22,33,0.166234
22,34,0.131520
22,35,0.163642
22,36,0.142980
22,37,0.142358
22,38,0.070788
22,39,0.022318
22,40,0.072912
22,41,0.012172
22,42,0.018679
22,43,0.138319
22,44,0.072775
22,45,0.165220
22,46,0.155725
22,47,0.069796
22,48,0.099521
22,49,0.090845
22,50,0.056969
22,51,0.056658
22,52,0.024945
22,53,0.087284
22,54,0.196821
22,55,0.110796
22,56,0.117799
22,57,0.066099
22,58,0.014824
22,59,0.046951
22,60,0.001380
22,61,0.034708
22,62,0.142997
22,63,0.089741
22,64,0.207165
22,65,0.269234
22,66,0.129391
22,67,0.055044
22,68,0.056886
22,69,0.157710
22,70,0.212229
22,71,0.123518
22,72,0.074709
22,73,0.108432
22,74,0.095358
22,75,0.152030
22,76,0.044095
22,77,0.020802
22,78,0.053637
22,79,0.078908
22,80,0.052432
22,81,0.121253
22,82,0.118305
22,83,0.054068
22,84,0.082459
22,85,0.040914
22,86,0.054723
22,87,0.023174
22,88,0.008208
22,89,0.171636
22,90,0.002675
22,91,0.078819
22,92,0.051250
22,93,0.124431
22,94,0.160699
22,95,0.134880
22,96,0.262661
22,97,0.303192
22,98,0.236477
22,99,0.139107
22,100,0.134625
22,101,0.116515
22,102,0.066766
22,103,0.048777
22,104,0.071740
22,105,0.012806
22,106,0.113442
22,107,0.023133
22,108,0.155105
22,109,0.053325
22,110,0.076912
22,111,0.079226
22,112,0.070162
22,113,0.094308
22,114,0.087296
22,115,0.075597
22,116,0.193110
22,117,0.214996
22,118,0.355818
22,119,0.291616
22,120,0.327664
22,121,0.373158
22,122,0.245837
22,123,0.263735
22,124,0.204124
22,125,0.015936
22,126,0.084763
22,127,0.082561
22,128,0.157024
22,129,0.142367
22,130,0.090288
22,131,0.025603
23,1,0.042344
23,2,0.051927
23,3,0.006286
23,4,0.032773
23,5,0.182773
23,6,0.147473
23,7,0.035523
23,8,0.080516
23,9,0.078118
23,10,0.008837
23,11,0.089239
23,12,0.151934
23,13,0.188711
23,14,0.191442
23,15,0.219422
23,16,0.249801
23,17,0.168050
23,18,0.128156
23,19,0.175766
23,20,0.170122
23,21,0.358041
23,22,0.015686
23,23,0.000000
23,24,0.054375
23,25,0.059065
23,26,0.278607
23,27,0.052592
23,28,0.018916
23,29,0.059367
23,30,0.206753
23,31,0.244142
23,32,0.178163
23,33,0.142282
23,34,0.128237
23,35,0.180729
23,36,0.185844
23,37,0.189278
23,38,0.117824
23,39,0.023493
23,40,0.069947
23,41,0.007638
23,42,0.026580
23,43,0.097697
23,44,0.016744
23,45,0.207136
23,46,0.208070
23,47,0.136409
23,48,0.105859
23,49,0.079738
23,50,0.059046
23,51,0.045988
23,52,0.017081
23,53,0.085794
23,54,0.198622
23,55,0.117111
23,56,0.108154
23,57,0.052749
23,58,0.002272
23,59,0.076201
23,60,0.053955
23,61,0.103697
23,62,0.214704
23,63,0.099479
23,64,0.182238
23,65,0.288284
23,66,0.147662
23,67,0.098168
23,68,0.108892
23,69,0.177099
23,70,0.223370
23,71,0.146460
23,72,0.108045
23,73,0.137851
23,74,0.106482
23,75,0.183920
23,76,0.047390
23,77,0.000930
23,78,0.072131
23,79,0.072699
23,80,0.026784
23,81,0.100820
23,82,0.153778
23,83,0.083647
23,84,0.078384
23,85,0.044480
23,86,0.042547
23,87,0.034867
23,88,0.011005
23,89,0.172934
23,90,0.035650
23,91,0.057712
23,92,0.034512
23,93,0.101940
23,94,0.152438
23,95,0.108661
23,96,0.238207
23,97,0.294024
23,98,0.219012
23,99,0.126350
23,100,0.149050
23,101,0.144705
23,102,0.089112
23,103,0.059698
23,104,0.090660
23,105,0.006330
23,106,0.138400
23,107,0.060132
23,108,0.133277
23,109,0.070940
23,110,0.088956
23,111,0.103301
23,112,0.088867
23,113,0.114565
23,114,0.058957
23,115,0.056319
23,116,0.161440
23,117,0.198112
23,118,0.329499
23,119,0.244974
23,120,0.290157
23,121,0.334775
23,122,0.226444
23,123,0.251326
23,124,0.203011
23,125,0.008098
23,126,0.087023
23,127,0.073125
23,128,0.121488
23,129,0.098545
23,130,0.119952
23,131,0.024781
24,1,0.038806
24,2,0.060432
24,3,0.042764
24,4,0.006579
24,5,0.183597
24,6,0.163385
24,7,0.085095
24,8,0.101866
24,9,0.051299
24,10,0.004175
24,11,0.145664
24,12,0.185763
24,13,0.217671
24,14,0.221847
24,15,0.232301
24,16,0.227016
24,17,0.144923
24,18,0.075571
24,19,0.126742
24,20,0.120896
24,21,0.159398
24,22,0.049970
24,23,0.054375
24,24,0.000000
24,25,0.110134
24,26,0.269061
24,27,0.053704
24,28,0.001613
24,29,0.033821
24,30,0.209696
24,31,0.235784
24,32,0.194210
24,33,0.100363
24,34,0.084848
24,35,0.164553
24,36,0.138185
24,37,0.128335
24,38,0.090561
24,39,0.036225
24,40,0.085450
24,41,0.020594
24,42,0.013007
24,43,0.102979
24,44,0.040436
24,45,0.157548
24,46,0.132205
24,47,0.089558
24,48,0.083688
24,49,0.051326
24,50,0.043961
24,51,0.033799
24,52,0.023072
24,53,0.122586
24,54,0.218705
24,55,0.150642
24,56,0.065841
24,57,0.026347
24,58,0.013322
24,59,0.043389
24,60,0.000395
24,61,0.040896
24,62,0.141000
24,63,0.078927
24,64,0.197179
24,65,0.318298
24,66,0.116940
24,67,0.051935
24,68,0.060989
24,69,0.131852
24,70,0.209841
24,71,0.092595
24,72,0.043932
24,73,0.076571
24,74,0.090457
24,75,0.156041
24,76,0.072727
24,77,0.036691
24,78,0.066511
24,79,0.028200
24,80,0.033806
24,81,0.118095
24,82,0.104240
24,83,0.070987
24,84,0.031749
24,85,0.002741
24,86,0.074360
24,87,0.004443
24,88,0.021265
24,89,0.158220
24,90,0.029200
24,91,0.030406
24,92,0.007061
24,93,0.052813
24,94,0.067078
24,95,0.049362
24,96,0.190662
24,97,0.210949
24,98,0.143525
24,99,0.085440
24,100,0.101323
24,101,0.072057
24,102,0.032989
24,103,0.014460
24,104,0.047599
24,105,0.006261
24,106,0.122527
24,107,0.039539
24,108,0.130003
24,109,0.048917
24,110,0.058262
24,111,0.075900
24,112,0.043726
24,113,0.111163
24,114,0.047631
24,115,0.048745
24,116,0.147132
24,117,0.166635
24,118,0.255366
24,119,0.163534
24,120,0.234740
24,121,0.281324
24,122,0.171998
24,123,0.201794
24,124,0.157060
24,125,0.001383
24,126,0.072381
24,127,0.050312
24,128,0.118730
24,129,0.101790
24,130,0.069096
24,131,0.029684
25,1,0.020814
25,2,0.123207
25,3,0.004618
25,4,0.031656
25,5,0.243036
25,6,0.135046
25,7,0.058864
25,8,0.081080
25,9,0.001493
25,10,0.051871
25,11,0.121238
25,12,0.169725
25,13,0.197858
25,14,0.202611
25,15,0.207165
25,16,0.284029
25,17,0.205938
25,18,0.110670
25,19,0.140485
25,20,0.083968
25,21,0.207135
25,22,0.022616
25,23,0.059065
25,24,0.110134
25,25,0.000000
25,26,0.203722
25,27,0.018641
25,28,0.005372
25,29,0.026432
25,30,0.175478
25,31,0.211318
25,32,0.159270
25,33,0.182493
25,34,0.137451
25,35,0.177327
25,36,0.130624
25,37,0.145566
25,38,0.088706
25,39,0.027289
25,40,0.073961
25,41,0.063053
25,42,0.069475
25,43,0.149871
25,44,0.059790
25,45,0.189550
25,46,0.146172
25,47,0.040827
25,48,0.050024
25,49,0.060126
25,50,0.017624
25,51,0.055832
25,52,0.028844
25,53,0.140040
25,54,0.211917
25,55,0.094086
25,56,0.103144
25,57,0.000166
25,58,0.013188
25,59,0.044247
25,60,0.030916
25,61,0.007289
25,62,0.126915
25,63,0.089560
25,64,0.203481
25,65,0.359130
25,66,0.090431
25,67,0.020038
25,68,0.014715
25,69,0.095044
25,70,0.184351
25,71,0.054641
25,72,0.014821
25,73,0.058660
25,74,0.108819
25,75,0.170445
25,76,0.075942
25,77,0.066389
25,78,0.033489
25,79,0.051807
25,80,0.011693
25,81,0.173237
25,82,0.061951
25,83,0.024707
25,84,0.046735
25,85,0.005033
25,86,0.071179
25,87,0.013302
25,88,0.008537
25,89,0.208160
25,90,0.007275
25,91,0.072054
25,92,0.033688
25,93,0.118834
25,94,0.096522
25,95,0.055017
25,96,0.210450
25,97,0.224206
25,98,0.163209
25,99,0.079599
25,100,0.096085
25,101,0.065594
25,102,0.020595
25,103,0.006886
25,104,0.001109
25,105,0.045644
25,106,0.139086
25,107,0.047286
25,108,0.141022
25,109,0.078084
25,110,0.092377
25,111,0.109391
25,112,0.073307
25,113,0.115969
25,114,0.045065
25,115,0.031850
25,116,0.150805
25,117,0.186714
25,118,0.325546
25,119,0.265881
25,120,0.326690
25,121,0.370849
25,122,0.253169
25,123,0.220912
25,124,0.178150
25,125,0.007560
25,126,0.092926
25,127,0.071984
25,128,0.134217
25,129,0.080976
25,130,0.079568
25,131,0.068688
26,1,0.074884
26,2,0.013691
26,3,0.009864
26,4,0.049236
26,5,0.065231
26,6,0.102378
26,7,0.034906
26,8,0.122939
26,9,0.115632
26,10,0.031476
26,11,0.135436
26,12,0.186658
26,13,0.201267
26,14,0.216860
26,15,0.229358
26,16,0.047422
26,17,0.006779
26,18,0.045366
26,19,0.027354
26,20,0.030466
26,21,0.005998
26,22,0.255714
26,23,0.278607
26,24,0.269061
26,25,0.203722
26,26,0.000000
26,27,0.091348
26,28,0.046851
26,29,0.008894
26,30,0.231364
26,31,0.262302
26,32,0.197884
26,33,0.071215
26,34,0.049203
26,35,0.167889
26,36,0.161608
26,37,0.218243
26,38,0.121726
26,39,0.013032
26,40,0.051469
26,41,0.012017
26,42,0.024613
26,43,0.032641
26,44,0.077124
26,45,0.283319
26,46,0.232006
26,47,0.168470
26,48,0.114120
26,49,0.044524
26,50,0.058979
26,51,0.049048
26,52,0.049734
26,53,0.094435
26,54,0.201179
26,55,0.201483
26,56,0.000594
26,57,0.106318
26,58,0.147714
26,59,0.117091
26,60,0.148889
26,61,0.167243
26,62,0.279496
26,63,0.123177
26,64,0.134417
26,65,0.277126
26,66,0.250626
26,67,0.113593
26,68,0.126683
26,69,0.063712
26,70,0.109820
26,71,0.132507
26,72,0.148902
26,73,0.059593
26,74,0.117321
26,75,0.150288
26,76,0.131243
26,77,0.108723
26,78,0.027126
26,79,0.024625
26,80,0.065209
26,81,0.020519
26,82,0.164251
26,83,0.172753
26,84,0.087565
26,85,0.083110
26,86,0.123197
26,87,0.056804
26,88,0.033637
26,89,0.155322
26,90,0.056363
26,91,0.015762
26,92,0.043934
26,93,0.037108
26,94,0.036882
26,95,0.022538
26,96,0.067072
26,97,0.102663
26,98,0.098521
26,99,0.068348
26,100,0.086825
26,101,0.061057
26,102,0.033186
26,103,0.015544
26,104,0.034105
26,105,0.081493
26,106,0.199874
26,107,0.139809
26,108,0.036121
26,109,0.096180
26,110,0.117037
26,111,0.143825
26,112,0.110749
26,113,0.152219
26,114,0.041729
26,115,0.000851
26,116,0.044141
26,117,0.093482
26,118,0.164183
26,119,0.104324
26,120,0.106236
26,121,0.158565
26,122,0.058217
26,123,0.090297
26,124,0.096839
26,125,0.040482
26,126,0.029777
26,127,0.017013
26,128,0.081192
26,129,0.045333
26,130,0.029900
26,131,0.073010
27,1,0.022359
27,2,0.023555
27,3,0.014863
27,4,0.023703
27,5,0.057262
27,6,0.011471
27,7,0.009726
27,8,0.018905
27,9,0.049767
27,10,0.010448
27,11,0.060395
27,12,0.083495
27,13,0.086439
27,14,0.095524
27,15,0.088335
27,16,0.057890
27,17,0.050454
27,18,0.019590
27,19,0.045256
27,20,0.036216
27,21,0.026346
27,22,0.037750
27,23,0.052592
27,24,0.053704
27,25,0.018641
27,26,0.091348
27,27,0.000000
27,28,0.029029
27,29,0.012874
27,30,0.092214
27,31,0.075231
27,32,0.095027
27,33,0.105597
27,34,0.089036
27,35,0.035944
27,36,0.034829
27,37,0.004392
27,38,0.004927
27,39,0.014797
27,40,0.026518
27,41,0.024267
27,42,0.049204
27,43,0.062790
27,44,0.052850
27,45,0.081310
27,46,0.050376
27,47,0.035316
27,48,0.020952
27,49,0.041157
27,50,0.040755
27,51,0.032297
27,52,0.035205
27,53,0.027454
27,54,0.007349
27,55,0.049847
27,56,0.023560
27,57,0.036640
27,58,0.002209
27,59,0.007980
27,60,0.013846
27,61,0.000385
27,62,0.011051
27,63,0.023748
27,64,0.075439
27,65,0.089861
27,66,0.024485
27,67,0.016515
27,68,0.020065
27,69,0.028859
27,70,0.026774
27,71,0.029121
27,72,0.001551
27,73,0.050235
27,74,0.002521
27,75,0.013084
27,76,0.007661
27,77,0.013420
27,78,0.058304
27,79,0.078752
27,80,0.016284
27,81,0.007608
27,82,0.010647
27,83,0.014116
27,84,0.027585
27,85,0.051576
27,86,0.061629
27,87,0.043809
27,88,0.094491
27,89,0.071196
27,90,0.001576
27,91,0.009150
27,92,0.003142
27,93,0.010460
27,94,0.037985
27,95,0.027793
27,96,0.015905
27,97,0.017953
27,98,0.000813
27,99,0.020727
27,100,0.012876
27,101,0.001863
27,102,0.007936
27,103,0.007125
27,104,0.019821
27,105,0.023596
27,106,0.035595
27,107,0.020830
27,108,0.105584
27,109,0.032193
27,110,0.023997
27,111,0.023860
27,112,0.049804
27,113,0.012798
27,114,0.030607
27,115,0.023995
27,116,0.029646
27,117,0.016093
27,118,0.078615
27,119,0.083016
27,120,0.078071
27,121,0.077092
27,122,0.041602
27,123,0.048676
27,124,0.045245
27,125,0.016960
27,126,0.007074
27,127,0.006689
27,128,0.063962
27,129,0.005206
27,130,0.018516
27,131,0.048219
28,1,0.020099
28,2,0.024131
28,3,0.001170
28,4,0.065948
28,5,0.157736
28,6,0.017956
28,7,0.062623
28,8,0.063943
28,9,0.033741
28,10,0.003851
28,11,0.087434
28,12,0.112544
28,13,0.010567
28,14,0.023551
28,15,0.047798
28,16,0.177473
28,17,0.118247
28,18,0.106749
28,19,0.096981
28,20,0.012883
28,21,0.006518
28,22,0.013351
28,23,0.018916
28,24,0.001613
28,25,0.005372
28,26,0.046851
28,27,0.029029
28,28,0.000000
28,29,0.113218
28,30,0.056400
28,31,0.011250
28,32,0.051871
28,33,0.026885
28,34,0.038726
28,35,0.071315
28,36,0.019563
28,37,0.019527
28,38,0.007306
28,39,0.013360
28,40,0.002348
28,41,0.020614
28,42,0.011634
28,43,0.019774
28,44,0.030288
28,45,0.009498
28,46,0.024037
28,47,0.003551
28,48,0.009406
28,49,0.014449
28,50,0.009232
28,51,0.046803
28,52,0.021726
28,53,0.023210
28,54,0.035818
28,55,0.005385
28,56,0.051936
28,57,0.003723
28,58,0.026492
28,59,0.002882
28,60,0.051017
28,61,0.053800
28,62,0.014393
28,63,0.042117
28,64,0.013511
28,65,0.007607
28,66,0.027218
28,67,0.035002
28,68,0.027768
28,69,0.025719
28,70,0.007654
28,71,0.025463
28,72,0.047334
28,73,0.037342
28,74,0.052650
28,75,0.006147
28,76,0.035815
28,77,0.011084
28,78,0.035179
28,79,0.035067
28,80,0.017397
28,81,0.055704
28,82,0.035684
28,83,0.036394
28,84,0.089780
28,85,0.035517
28,86,0.053980
28,87,0.089271
28,88,0.064555
28,89,0.029590
28,90,0.016530
28,91,0.008989
28,92,0.007096
28,93,0.027113
28,94,0.015223
28,95,0.005450
28,96,0.020377
28,97,0.021822
28,98,0.009629
28,99,0.018251
28,100,0.031146
28,101,0.002175
28,102,0.033109
28,103,0.054762
28,104,0.015311
28,105,0.004979
28,106,0.034934
28,107,0.004911
28,108,0.039556
28,109,0.016927
28,110,0.034554
28,111,0.002068
28,112,0.030569
28,113,0.049456
28,114,0.005659
28,115,0.006573
28,116,0.071855
28,117,0.064805
28,118,0.078290
28,119,0.055662
28,120,0.068892
28,121,0.076498
28,122,0.041134
28,123,0.057617
28,124,0.025168
28,125,0.026306
28,126,0.050469
28,127,0.065886
28,128,0.083219
28,129,0.097222
28,130,0.110800
28,131,0.017227
29,1,0.008480
29,2,0.005762
29,3,0.008681
29,4,0.011012
29,5,0.096684
29,6,0.006723
29,7,0.010661
29,8,0.043321
29,9,0.052034
29,10,0.014675
29,11,0.070321
29,12,0.065314
29,13,0.022685
29,14,0.036611
29,15,0.029037
29,16,0.140606
29,17,0.096625
29,18,0.076806
29,19,0.057933
29,20,0.006310
29,21,0.032194
29,22,0.027994
29,23,0.059367
29,24,0.033821
29,25,0.026432
29,26,0.008894
29,27,0.012874
29,28,0.113218
29,29,0.000000
29,30,0.015503
29,31,0.072548
29,32,0.065620
29,33,0.025781
29,34,0.004803
29,35,0.012994
29,36,0.045757
29,37,0.105168
29,38,0.046442
29,39,0.004032
29,40,0.039355
29,41,0.009716
29,42,0.022564
29,43,0.007526
29,44,0.003797
29,45,0.047625
29,46,0.022756
29,47,0.040765
29,48,0.038212
29,49,0.038072
29,50,0.041931
29,51,0.036903
29,52,0.011541
29,53,0.005111
29,54,0.008248
29,55,0.052801
29,56,0.042025
29,57,0.037968
29,58,0.114547
29,59,0.071313
29,60,0.136390
29,61,0.100218
29,62,0.073241
29,63,0.057308
29,64,0.009018
29,65,0.020069
29,66,0.034935
29,67,0.050221
29,68,0.055718
29,69,0.061529
29,70,0.054944
29,71,0.005381
29,72,0.023679
29,73,0.005291
29,74,0.009825
29,75,0.037590
29,76,0.010639
29,77,0.001755
29,78,0.086643
29,79,0.058066
29,80,0.041372
29,81,0.125221
29,82,0.121682
29,83,0.108323
29,84,0.125128
29,85,0.063632
29,86,0.090196
29,87,0.130408
29,88,0.097109
29,89,0.014812
29,90,0.022114
29,91,0.015376
29,92,0.043093
29,93,0.058159
29,94,0.025956
29,95,0.041540
29,96,0.049346
29,97,0.008856
29,98,0.003462
29,99,0.015203
29,100,0.001813
29,101,0.004299
29,102,0.009993
29,103,0.009487
29,104,0.030304
29,105,0.083279
29,106,0.044167
29,107,0.006135
29,108,0.024327
29,109,0.024429
29,110,0.026958
29,111,0.024460
29,112,0.016235
29,113,0.067631
29,114,0.032869
29,115,0.006533
29,116,0.042993
29,117,0.042338
29,118,0.055981
29,119,0.043086
29,120,0.078412
29,121,0.111761
29,122,0.047448
29,123,0.063979
29,124,0.019682
29,125,0.001601
29,126,0.038424
29,127,0.050408
29,128,0.101228
29,129,0.082441
29,130,0.045833
29,131,0.004231
30,1,0.043563
30,2,0.015295
30,3,0.061103
30,4,0.045907
30,5,0.030553
30,6,0.100313
30,7,0.109695
30,8,0.091448
30,9,0.055001
30,10,0.032629
30,11,0.038406
30,12,0.093745
30,13,0.109483
30,14,0.110073
30,15,0.046346
30,16,0.015169
30,17,0.087768
30,18,0.067141
30,19,0.078838
30,20,0.038873
30,21,0.018048
30,22,0.157850
30,23,0.206753
30,24,0.209696
30,25,0.175478
30,26,0.231364
30,27,0.092214
30,28,0.056400
30,29,0.015503
30,30,0.000000
30,31,0.016290
30,32,0.022716
30,33,0.086167
30,34,0.050640
30,35,0.213595
30,36,0.127432
30,37,0.112374
30,38,0.031694
30,39,0.074543
30,40,0.010492
30,41,0.011278
30,42,0.012278
30,43,0.079293
30,44,0.136424
30,45,0.257489
30,46,0.212142
30,47,0.140009
30,48,0.082874
30,49,0.048748
30,50,0.019481
30,51,0.057953
30,52,0.089338
30,53,0.027958
30,54,0.046851
30,55,0.076853
30,56,0.075709
30,57,0.010717
30,58,0.030654
30,59,0.072658
30,60,0.004503
30,61,0.119448
30,62,0.181282
30,63,0.079978
30,64,0.086713
30,65,0.164163
30,66,0.217546
30,67,0.198222
30,68,0.162548
30,69,0.064733
30,70,0.083156
30,71,0.022562
30,72,0.089325
30,73,0.013908
30,74,0.026454
30,75,0.083555
30,76,0.026454
30,77,0.027621
30,78,0.010619
30,79,0.114227
30,80,0.095884
30,81,0.202598
30,82,0.002397
30,83,0.005395
30,84,0.192129
30,85,0.197068
30,86,0.192580
30,87,0.253848
30,88,0.188465
30,89,0.155326
30,90,0.127763
30,91,0.056909
30,92,0.039577
30,93,0.093516
30,94,0.057626
30,95,0.036005
30,96,0.005802
30,97,0.062572
30,98,0.033707
30,99,0.007988
30,100,0.031943
30,101,0.028388
30,102,0.047957
30,103,0.079296
30,104,0.016442
30,105,0.031862
30,106,0.166926
30,107,0.157759
30,108,0.081898
30,109,0.032133
30,110,0.036793
30,111,0.037600
30,112,0.002624
30,113,0.059019
30,114,0.089258
30,115,0.084811
30,116,0.038011
30,117,0.128116
30,118,0.046932
30,119,0.058210
30,120,0.003215
30,121,0.014870
30,122,0.021072
30,123,0.068019
30,124,0.111302
30,125,0.148097
30,126,0.191053
30,127,0.161419
30,128,0.134097
30,129,0.006274
30,130,0.000549
30,131,0.022327
31,1,0.010083
31,2,0.023643
31,3,0.062120
31,4,0.069118
31,5,0.197265
31,6,0.094064
31,7,0.008966
31,8,0.071787
31,9,0.027597
31,10,0.047312
31,11,0.067130
31,12,0.087450
31,13,0.001395
31,14,0.025739
31,15,0.017588
31,16,0.129207
31,17,0.165237
31,18,0.159151
31,19,0.132089
31,20,0.063267
31,21,0.016028
31,22,0.179849
31,23,0.244142
31,24,0.235784
31,25,0.211318
31,26,0.262302
31,27,0.075231
31,28,0.011250
31,29,0.072548
31,30,0.016290
31,31,0.000000
31,32,0.005967
31,33,0.016821
31,34,0.101184
31,35,0.201061
31,36,0.101018
31,37,0.121705
31,38,0.059489
31,39,0.073919
31,40,0.023583
31,41,0.012107
31,42,0.050953
31,43,0.155022
31,44,0.171712
31,45,0.261725
31,46,0.224205
31,47,0.178898
31,48,0.107243
31,49,0.056539
31,50,0.041774
31,51,0.024797
31,52,0.073602
31,53,0.017799
31,54,0.069946
31,55,0.090376
31,56,0.040205
31,57,0.030989
31,58,0.034874
31,59,0.068373
31,60,0.094013
31,61,0.207703
31,62,0.193901
31,63,0.080138
31,64,0.100175
31,65,0.190355
31,66,0.249310
31,67,0.274280
31,68,0.236330
31,69,0.143277
31,70,0.130301
31,71,0.116790
31,72,0.140194
31,73,0.064722
31,74,0.008637
31,75,0.110553
31,76,0.008686
31,77,0.048142
31,78,0.048078
31,79,0.164885
31,80,0.092836
31,81,0.135228
31,82,0.013289
31,83,0.044331
31,84,0.176830
31,85,0.199702
31,86,0.176820
31,87,0.186564
31,88,0.133553
31,89,0.025959
31,90,0.080412
31,91,0.059489
31,92,0.044346
31,93,0.058139
31,94,0.057936
31,95,0.016928
31,96,0.003105
31,97,0.037132
31,98,0.032314
31,99,0.007392
31,100,0.074060
31,101,0.063327
31,102,0.016015
31,103,0.018309
31,104,0.063083
31,105,0.008237
31,106,0.096342
31,107,0.107752
31,108,0.033271
31,109,0.028365
31,110,0.020833
31,111,0.021094
31,112,0.017166
31,113,0.086001
31,114,0.106479
31,115,0.113389
31,116,0.054334
31,117,0.089470
31,118,0.053181
31,119,0.084794
31,120,0.055020
31,121,0.007180
31,122,0.019507
31,123,0.057849
31,124,0.082644
31,125,0.111465
31,126,0.159955
31,127,0.164214
31,128,0.100536
31,129,0.020341
31,130,0.017748
31,131,0.099510
32,1,0.086893
32,2,0.071761
32,3,0.129219
32,4,0.113542
32,5,0.167159
32,6,0.002001
32,7,0.131676
32,8,0.031781
32,9,0.052169
32,10,0.060293
32,11,0.002854
32,12,0.004053
32,13,0.093494
32,14,0.080040
32,15,0.065313
32,16,0.135284
32,17,0.136508
32,18,0.150959
32,19,0.109091
32,20,0.017525
32,21,0.023911
32,22,0.135134
32,23,0.178163
32,24,0.194210
32,25,0.159270
32,26,0.197884
32,27,0.095027
32,28,0.051871
32,29,0.065620
32,30,0.022716
32,31,0.005967
32,32,0.000000
32,33,0.002332
32,34,0.023138
32,35,0.115064
32,36,0.046358
32,37,0.122242
32,38,0.060879
32,39,0.065252
32,40,0.032122
32,41,0.032508
32,42,0.066153
32,43,0.123036
32,44,0.144460
32,45,0.202562
32,46,0.197223
32,47,0.164763
32,48,0.083592
32,49,0.048390
32,50,0.023697
32,51,0.010906
32,52,0.046396
32,53,0.015008
32,54,0.038339
32,55,0.048095
32,56,0.001925
32,57,0.054745
32,58,0.008220
32,59,0.050274
32,60,0.113288
32,61,0.169663
32,62,0.146368
32,63,0.049921
32,64,0.056541
32,65,0.180959
32,66,0.183062
32,67,0.199068
32,68,0.206271
32,69,0.121572
32,70,0.137845
32,71,0.127839
32,72,0.151390
32,73,0.091819
32,74,0.010515
32,75,0.098691
32,76,0.023063
32,77,0.038031
32,78,0.085554
32,79,0.155592
32,80,0.115842
32,81,0.098252
32,82,0.003976
32,83,0.045679
32,84,0.143878
32,85,0.168019
32,86,0.148066
32,87,0.143458
32,88,0.111213
32,89,0.015094
32,90,0.015512
32,91,0.036632
32,92,0.025101
32,93,0.008660
32,94,0.018379
32,95,0.003891
32,96,0.025748
32,97,0.040873
32,98,0.041993
32,99,0.001521
32,100,0.101557
32,101,0.093573
32,102,0.044715
32,103,0.066713
32,104,0.096047
32,105,0.037527
32,106,0.015307
32,107,0.016489
32,108,0.097299
32,109,0.089250
32,110,0.104557
32,111,0.067427
32,112,0.084361
32,113,0.020409
32,114,0.069683
32,115,0.088561
32,116,0.059972
32,117,0.074101
32,118,0.046893
32,119,0.070516
32,120,0.043494
32,121,0.021292
32,122,0.025265
32,123,0.083192
32,124,0.048994
32,125,0.111343
32,126,0.149573
32,127,0.154847
32,128,0.038354
32,129,0.007598
32,130,0.043026
32,131,0.090599
33,1,0.139102
33,2,0.177591
33,3,0.118076
33,4,0.071846
33,5,0.076574
33,6,0.104089
33,7,0.003559
33,8,0.034236
33,9,0.118198
33,10,0.002648
33,11,0.070092
33,12,0.049015
33,13,0.038832
33,14,0.068227
33,15,0.085470
33,16,0.023989
33,17,0.016397
33,18,0.016869
33,19,0.055154
33,20,0.090780
33,21,0.132556
33,22,0.166234
33,23,0.142282
33,24,0.100363
33,25,0.182493
33,26,0.071215
33,27,0.105597
33,28,0.026885
33,29,0.025781
33,30,0.086167
33,31,0.016821
33,32,0.002332
33,33,0.000000
33,34,0.009131
33,35,0.097979
33,36,0.029456
33,37,0.041859
33,38,0.015206
33,39,0.027713
33,40,0.030418
33,41,0.030431
33,42,0.045191
33,43,0.032353
33,44,0.050881
33,45,0.041930
33,46,0.040460
33,47,0.045136
33,48,0.097712
33,49,0.020208
33,50,0.073199
33,51,0.081467
33,52,0.048899
33,53,0.045255
33,54,0.067450
33,55,0.107906
33,56,0.027760
33,57,0.029485
33,58,0.011338
33,59,0.010352
33,60,0.062590
33,61,0.015114
33,62,0.016937
33,63,0.051971
33,64,0.013789
33,65,0.055875
33,66,0.030706
33,67,0.038263
33,68,0.019112
33,69,0.032164
33,70,0.000066
33,71,0.014715
33,72,0.023527
33,73,0.031203
33,74,0.085770
33,75,0.009109
33,76,0.058299
33,77,0.009078
33,78,0.077785
33,79,0.058856
33,80,0.049085
33,81,0.023809
33,82,0.005296
33,83,0.063143
33,84,0.117697
33,85,0.081419
33,86,0.074440
33,87,0.076236
33,88,0.120929
33,89,0.062747
33,90,0.044986
33,91,0.042842
33,92,0.016341
33,93,0.044984
33,94,0.035614
33,95,0.054622
33,96,0.040313
33,97,0.007384
33,98,0.009489
33,99,0.008354
33,100,0.019604
33,101,0.048052
33,102,0.055011
33,103,0.030825
33,104,0.062241
33,105,0.043324
33,106,0.012970
33,107,0.007659
33,108,0.022452
33,109,0.027412
33,110,0.075985
33,111,0.050028
33,112,0.056314
33,113,0.024224
33,114,0.001041
33,115,0.078773
33,116,0.032459
33,117,0.027567
33,118,0.022557
33,119,0.048381
33,120,0.059602
33,121,0.039961
33,122,0.014227
33,123,0.000426
33,124,0.041917
33,125,0.020695
33,126,0.041728
33,127,0.051621
33,128,0.001133
33,129,0.040004
33,130,0.005681
33,131,0.130334
34,1,0.105992
34,2,0.190205
34,3,0.008999
34,4,0.045544
34,5,0.039523
34,6,0.048759
34,7,0.126851
34,8,0.029981
34,9,0.147693
34,10,0.095318
34,11,0.048268
34,12,0.066837
34,13,0.079685
34,14,0.061791
34,15,0.064763
34,16,0.024562
34,17,0.030647
34,18,0.018180
34,19,0.046246
34,20,0.081764
34,21,0.150861
34,22,0.131520
34,23,0.128237
34,24,0.084848
34,25,0.137451
34,26,0.049203
34,27,0.089036
34,28,0.038726
34,29,0.004803
34,30,0.050640
34,31,0.101184
34,32,0.023138
34,33,0.009131
34,34,0.000000
34,35,0.099420
34,36,0.054557
34,37,0.039590
34,38,0.000190
34,39,0.000319
34,40,0.002510
34,41,0.070223
34,42,0.059188
34,43,0.043982
34,44,0.060916
34,45,0.034044
34,46,0.037480
34,47,0.094034
34,48,0.119709
34,49,0.067557
34,50,0.127283
34,51,0.100826
34,52,0.043160
34,53,0.059977
34,54,0.029018
34,55,0.080485
34,56,0.117195
34,57,0.026628
34,58,0.064654
34,59,0.003035
34,60,0.035314
34,61,0.034201
34,62,0.031349
34,63,0.089335
34,64,0.032471
34,65,0.100870
34,66,0.032059
34,67,0.063236
34,68,0.099070
34,69,0.008129
34,70,0.034591
34,71,0.011980
34,72,0.013173
34,73,0.037684
34,74,0.023655
34,75,0.068417
34,76,0.036265
34,77,0.015884
34,78,0.014745
34,79,0.024367
34,80,0.016033
34,81,0.084245
34,82,0.023358
34,83,0.063064
34,84,0.026358
34,85,0.069252
34,86,0.061766
34,87,0.040415
34,88,0.001851
34,89,0.068497
34,90,0.005885
34,91,0.063675
34,92,0.012170
34,93,0.051124
34,94,0.027771
34,95,0.023936
34,96,0.040415
34,97,0.049427
34,98,0.020616
34,99,0.036202
34,100,0.013078
34,101,0.020708
34,102,0.043765
34,103,0.054382
34,104,0.058770
34,105,0.004546
34,106,0.077899
34,107,0.061034
34,108,0.120444
34,109,0.124623
34,110,0.136541
34,111,0.106946
34,112,0.109714
34,113,0.102554
34,114,0.032120
34,115,0.045658
34,116,0.016666
34,117,0.073792
34,118,0.074827
34,119,0.012023
34,120,0.007550
34,121,0.030241
34,122,0.027631
34,123,0.006840
34,124,0.024328
34,125,0.023525
34,126,0.114087
34,127,0.099968
34,128,0.052597
34,129,0.115548
34,130,0.009621
34,131,0.070792
35,1,0.060401
35,2,0.030341
35,3,0.075782
35,4,0.006575
35,5,0.095777
35,6,0.204314
35,7,0.219541
35,8,0.170405
35,9,0.002569
35,10,0.064440
35,11,0.086072
35,12,0.131237
35,13,0.227315
35,14,0.238057
35,15,0.250162
35,16,0.045992
35,17,0.101705
35,18,0.073739
35,19,0.073710
35,20,0.003253
35,21,0.000987
35,22,0.163642
35,23,0.180729
35,24,0.164553
35,25,0.177327
35,26,0.167889
35,27,0.035944
35,28,0.071315
35,29,0.012994
35,30,0.213595
35,31,0.201061
35,32,0.115064
35,33,0.097979
35,34,0.099420
35,35,0.000000
35,36,0.088484
35,37,0.108301
35,38,0.048740
35,39,0.076004
35,40,0.060255
35,41,0.076490
35,42,0.039260
35,43,0.127646
35,44,0.093480
35,45,0.103404
35,46,0.103228
35,47,0.079470
35,48,0.048418
35,49,0.022593
35,50,0.037493
35,51,0.025966
35,52,0.014494
35,53,0.137312
35,54,0.170369
35,55,0.044446
35,56,0.054969
35,57,0.049820
35,58,0.013684
35,59,0.023926
35,60,0.023936
35,61,0.084885
35,62,0.125519
35,63,0.105688
35,64,0.047608
35,65,0.232978
35,66,0.186032
35,67,0.144611
35,68,0.103172
35,69,0.134909
35,70,0.144531
35,71,0.101312
35,72,0.084297
35,73,0.100934
35,74,0.040601
35,75,0.128733
35,76,0.111404
35,77,0.058050
35,78,0.021455
35,79,0.009989
35,80,0.116280
35,81,0.025708
35,82,0.102166
35,83,0.164748
35,84,0.059005
35,85,0.038094
35,86,0.024273
35,87,0.034964
35,88,0.015433
35,89,0.058366
35,90,0.098392
35,91,0.058355
35,92,0.051619
35,93,0.078752
35,94,0.039663
35,95,0.014358
35,96,0.021437
35,97,0.008306
35,98,0.026324
35,99,0.054927
35,100,0.025106
35,101,0.027405
35,102,0.059488
35,103,0.060288
35,104,0.009022
35,105,0.002755
35,106,0.019549
35,107,0.040714
35,108,0.084283
35,109,0.091572
35,110,0.081267
35,111,0.029842
35,112,0.061840
35,113,0.019332
35,114,0.042793
35,115,0.051172
35,116,0.042483
35,117,0.051943
35,118,0.091935
35,119,0.082939
35,120,0.111010
35,121,0.054287
35,122,0.062096
35,123,0.074224
35,124,0.050289
35,125,0.052539
35,126,0.006362
35,127,0.001604
35,128,0.007896
35,129,0.062501
35,130,0.011495
35,131,0.123292
36,1,0.070378
36,2,0.029490
36,3,0.035099
36,4,0.064146
36,5,0.035302
36,6,0.072446
36,7,0.042240
36,8,0.067252
36,9,0.042670
36,10,0.058728
36,11,0.009305
36,12,0.053983
36,13,0.089522
36,14,0.119306
36,15,0.134947
36,16,0.001563
36,17,0.057928
36,18,0.028546
36,19,0.028370
36,20,0.003040
36,21,0.006224
36,22,0.142980
36,23,0.185844
36,24,0.138185
36,25,0.130624
36,26,0.161608
36,27,0.034829
36,28,0.019563
36,29,0.045757
36,30,0.127432
36,31,0.101018
36,32,0.046358
36,33,0.029456
36,34,0.054557
36,35,0.088484
36,36,0.000000
36,37,0.046567
36,38,0.098297
36,39,0.018531
36,40,0.026135
36,41,0.030057
36,42,0.026193
36,43,0.036416
36,44,0.114992
36,45,0.193346
36,46,0.175810
36,47,0.135275
36,48,0.123365
36,49,0.047731
36,50,0.011169
36,51,0.003311
36,52,0.021933
36,53,0.088629
36,54,0.097028
36,55,0.017848
36,56,0.099254
36,57,0.047483
36,58,0.035781
36,59,0.042820
36,60,0.094509
36,61,0.039944
36,62,0.057326
36,63,0.184540
36,64,0.044917
36,65,0.049676
36,66,0.041829
36,67,0.066434
36,68,0.107751
36,69,0.109051
36,70,0.061255
36,71,0.097588
36,72,0.099892
36,73,0.051791
36,74,0.100681
36,75,0.084484
36,76,0.079119
36,77,0.054484
36,78,0.031584
36,79,0.022088
36,80,0.073234
36,81,0.112010
36,82,0.050098
36,83,0.004536
36,84,0.036441
36,85,0.057608
36,86,0.021300
36,87,0.046706
36,88,0.025969
36,89,0.030617
36,90,0.038002
36,91,0.030125
36,92,0.000271
36,93,0.014152
36,94,0.033888
36,95,0.066908
36,96,0.036255
36,97,0.014931
36,98,0.024604
36,99,0.041073
36,100,0.023186
36,101,0.024292
36,102,0.051639
36,103,0.020464
36,104,0.000458
36,105,0.041927
36,106,0.116935
36,107,0.106796
36,108,0.009159
36,109,0.085654
36,110,0.095779
36,111,0.067114
36,112,0.040301
36,113,0.091053
36,114,0.047277
36,115,0.023477
36,116,0.000706
36,117,0.006873
36,118,0.006220
36,119,0.007320
36,120,0.015851
36,121,0.012178
36,122,0.003986
36,123,0.024060
36,124,0.026989
36,125,0.001396
36,126,0.044703
36,127,0.054324
36,128,0.043922
36,129,0.013323
36,130,0.034813
36,131,0.124155
37,1,0.034716
37,2,0.019091
37,3,0.052500
37,4,0.074573
37,5,0.039619
37,6,0.056073
37,7,0.010056
37,8,0.074893
37,9,0.047840
37,10,0.065261
37,11,0.060815
37,12,0.087549
37,13,0.078434
37,14,0.108510
37,15,0.113617
37,16,0.027202
37,17,0.074184
37,18,0.045803
37,19,0.044486
37,20,0.022322
37,21,0.004091
37,22,0.142358
37,23,0.189278
37,24,0.128335
37,25,0.145566
37,26,0.218243
37,27,0.004392
37,28,0.019527
37,29,0.105168
37,30,0.112374
37,31,0.121705
37,32,0.122242
37,33,0.041859
37,34,0.039590
37,35,0.108301
37,36,0.046567
37,37,0.000000
37,38,0.016649
37,39,0.017103
37,40,0.001672
37,41,0.013649
37,42,0.032804
37,43,0.070902
37,44,0.089717
37,45,0.188180
37,46,0.185857
37,47,0.132405
37,48,0.147201
37,49,0.072927
37,50,0.032489
37,51,0.009590
37,52,0.012895
37,53,0.052078
37,54,0.054997
37,55,0.016050
37,56,0.129343
37,57,0.035491
37,58,0.022625
37,59,0.017421
37,60,0.051071
37,61,0.001299
37,62,0.060311
37,63,0.186595
37,64,0.076690
37,65,0.007867
37,66,0.025016
37,67,0.092631
37,68,0.173652
37,69,0.159977
37,70,0.084261
37,71,0.125046
37,72,0.125553
37,73,0.063037
37,74,0.078639
37,75,0.053306
37,76,0.024045
37,77,0.016277
37,78,0.073730
37,79,0.075255
37,80,0.105593
37,81,0.077932
37,82,0.073774
37,83,0.034777
37,84,0.049998
37,85,0.029982
37,86,0.019368
37,87,0.044089
37,88,0.047166
37,89,0.040744
37,90,0.049533
37,91,0.020728
37,92,0.018213
37,93,0.041923
37,94,0.012790
37,95,0.029848
37,96,0.030535
37,97,0.027328
37,98,0.026833
37,99,0.026113
37,100,0.051598
37,101,0.043174
37,102,0.071320
37,103,0.041185
37,104,0.036457
37,105,0.067962
37,106,0.133924
37,107,0.128949
37,108,0.056078
37,109,0.100734
37,110,0.094829
37,111,0.094811
37,112,0.078688
37,113,0.096267
37,114,0.039255
37,115,0.049461
37,116,0.034604
37,117,0.013932
37,118,0.038595
37,119,0.025898
37,120,0.036936
37,121,0.033907
37,122,0.046832
37,123,0.000964
37,124,0.017134
37,125,0.071696
37,126,0.086781
37,127,0.092583
37,128,0.016803
37,129,0.023710
37,130,0.083435
37,131,0.096622
38,1,0.048951
38,2,0.060648
38,3,0.052281
38,4,0.102040
38,5,0.030997
38,6,0.012457
38,7,0.014208
38,8,0.053781
38,9,0.008041
38,10,0.018179
38,11,0.057508
38,12,0.035910
38,13,0.030518
38,14,0.036862
38,15,0.048196
38,16,0.024004
38,17,0.054309
38,18,0.048091
38,19,0.030031
38,20,0.016985
38,21,0.036972
38,22,0.070788
38,23,0.117824
38,24,0.090561
38,25,0.088706
38,26,0.121726
38,27,0.004927
38,28,0.007306
38,29,0.046442
38,30,0.031694
38,31,0.059489
38,32,0.060879
38,33,0.015206
38,34,0.000190
38,35,0.048740
38,36,0.098297
38,37,0.016649
38,38,0.000000
38,39,0.000401
38,40,0.047488
38,41,0.017377
38,42,0.057676
38,43,0.072341
38,44,0.043123
38,45,0.084068
38,46,0.116330
38,47,0.101669
38,48,0.104424
38,49,0.068998
38,50,0.037353
38,51,0.017207
38,52,0.011218
38,53,0.008511
38,54,0.001873
38,55,0.104265
38,56,0.199123
38,57,0.031677
38,58,0.069613
38,59,0.042351
38,60,0.019332
38,61,0.011722
38,62,0.029531
38,63,0.127920
38,64,0.013977
38,65,0.026612
38,66,0.060811
38,67,0.044368
38,68,0.107010
38,69,0.092629
38,70,0.072423
38,71,0.108097
38,72,0.119052
38,73,0.018634
38,74,0.018183
38,75,0.005665
38,76,0.030190
38,77,0.044931
38,78,0.029570
38,79,0.007560
38,80,0.091015
38,81,0.082163
38,82,0.092370
38,83,0.047537
38,84,0.034046
38,85,0.007899
38,86,0.020700
38,87,0.008832
38,88,0.003236
38,89,0.006736
38,90,0.022007
38,91,0.017782
38,92,0.018515
38,93,0.013468
38,94,0.014898
38,95,0.041103
38,96,0.059713
38,97,0.005077
38,98,0.021438
38,99,0.020615
38,100,0.042256
38,101,0.069894
38,102,0.079870
38,103,0.021437
38,104,0.014016
38,105,0.027591
38,106,0.037435
38,107,0.043495
38,108,0.019467
38,109,0.042879
38,110,0.041077
38,111,0.044567
38,112,0.031855
38,113,0.033059
38,114,0.007598
38,115,0.006749
38,116,0.008346
38,117,0.006146
38,118,0.044712
38,119,0.036393
38,120,0.012449
38,121,0.003028
38,122,0.020454
38,123,0.014150
38,124,0.031273
38,125,0.029621
38,126,0.049274
38,127,0.061304
38,128,0.077892
38,129,0.024351
38,130,0.121246
38,131,0.120164
39,1,0.095127
39,2,0.076901
39,3,0.044496
39,4,0.087440
39,5,0.037819
39,6,0.054052
39,7,0.069479
39,8,0.059511
39,9,0.094917
39,10,0.024262
39,11,0.008227
39,12,0.056187
39,13,0.043143
39,14,0.048619
39,15,0.061867
39,16,0.022647
39,17,0.019053
39,18,0.021253
39,19,0.007472
39,20,0.028240
39,21,0.021259
39,22,0.022318
39,23,0.023493
39,24,0.036225
39,25,0.027289
39,26,0.013032
39,27,0.014797
39,28,0.013360
39,29,0.004032
39,30,0.074543
39,31,0.073919
39,32,0.065252
39,33,0.027713
39,34,0.000319
39,35,0.076004
39,36,0.018531
39,37,0.017103
39,38,0.000401
39,39,0.000000
39,40,0.010169
39,41,0.088302
39,42,0.041819
39,43,0.008447
39,44,0.057973
39,45,0.028532
39,46,0.025759
39,47,0.048878
39,48,0.033981
39,49,0.020171
39,50,0.019336
39,51,0.015294
39,52,0.039939
39,53,0.008225
39,54,0.048588
39,55,0.082411
39,56,0.062068
39,57,0.035893
39,58,0.012658
39,59,0.002666
39,60,0.000894
39,61,0.015236
39,62,0.011713
39,63,0.022121
39,64,0.018073
39,65,0.026068
39,66,0.035510
39,67,0.020702
39,68,0.014751
39,69,0.021559
39,70,0.061173
39,71,0.007584
39,72,0.005895
39,73,0.033102
39,74,0.030728
39,75,0.039312
39,76,0.003377
39,77,0.042334
39,78,0.024351
39,79,0.039841
39,80,0.035331
39,81,0.048746
39,82,0.096533
39,83,0.055160
39,84,0.052627
39,85,0.021164
39,86,0.055436
39,87,0.071276
39,88,0.064338
39,89,0.002788
39,90,0.014788
39,91,0.014180
39,92,0.018879
39,93,0.000583
39,94,0.007265
39,95,0.004832
39,96,0.007029
39,97,0.031346
39,98,0.015251
39,99,0.019925
39,100,0.030889
39,101,0.019406
39,102,0.023257
39,103,0.011684
39,104,0.012005
39,105,0.064730
39,106,0.120478
39,107,0.131238
39,108,0.031085
39,109,0.086233
39,110,0.116560
39,111,0.130786
39,112,0.091106
39,113,0.131233
39,114,0.088647
39,115,0.073163
39,116,0.069088
39,117,0.017247
39,118,0.057049
39,119,0.042543
39,120,0.038882
39,121,0.073757
39,122,0.006624
39,123,0.055744
39,124,0.003866
39,125,0.058863
39,126,0.056143
39,127,0.042684
39,128,0.001414
39,129,0.010224
39,130,0.039496
39,131,0.083826
40,1,0.067544
40,2,0.053769
40,3,0.014414
40,4,0.054127
40,5,0.015937
40,6,0.001433
40,7,0.032398
40,8,0.038991
40,9,0.062653
40,10,0.010408
40,11,0.003081
40,12,0.025374
40,13,0.016598
40,14,0.012465
40,15,0.003508
40,16,0.002104
40,17,0.017775
40,18,0.027531
40,19,0.017708
40,20,0.021716
40,21,0.015392
40,22,0.072912
40,23,0.069947
40,24,0.085450
40,25,0.073961
40,26,0.051469
40,27,0.026518
40,28,0.002348
40,29,0.039355
40,30,0.010492
40,31,0.023583
40,32,0.032122
40,33,0.030418
40,34,0.002510
40,35,0.060255
40,36,0.026135
40,37,0.001672
40,38,0.047488
40,39,0.010169
40,40,0.000000
40,41,0.096854
40,42,0.038684
40,43,0.038229
40,44,0.012780
40,45,0.008834
40,46,0.008374
40,47,0.011473
40,48,0.004615
40,49,0.009180
40,50,0.001484
40,51,0.012657
40,52,0.034685
40,53,0.000974
40,54,0.029204
40,55,0.029593
40,56,0.029223
40,57,0.040657
40,58,0.030900
40,59,0.027031
40,60,0.006506
40,61,0.001731
40,62,0.009572
40,63,0.040319
40,64,0.015159
40,65,0.009718
40,66,0.009896
40,67,0.016023
40,68,0.046577
40,69,0.023672
40,70,0.032228
40,71,0.018482
40,72,0.034323
40,73,0.002103
40,74,0.041759
40,75,0.006440
40,76,0.041999
40,77,0.010543
40,78,0.003817
40,79,0.028671
40,80,0.004572
40,81,0.066425
40,82,0.060544
40,83,0.020359
40,84,0.062791
40,85,0.035081
40,86,0.028901
40,87,0.077489
40,88,0.062764
40,89,0.012797
40,90,0.006105
40,91,0.038519
40,92,0.045765
40,93,0.034672
40,94,0.028046
40,95,0.015506
40,96,0.016720
40,97,0.032163
40,98,0.033829
40,99,0.000630
40,100,0.006411
40,101,0.002815
40,102,0.038126
40,103,0.032397
40,104,0.010773
40,105,0.013874
40,106,0.061083
40,107,0.052541
40,108,0.001600
40,109,0.058584
40,110,0.098879
40,111,0.059734
40,112,0.025859
40,113,0.086024
40,114,0.046168
40,115,0.025658
40,116,0.007633
40,117,0.026752
40,118,0.110390
40,119,0.072004
40,120,0.066952
40,121,0.119498
40,122,0.037779
40,123,0.070215
40,124,0.041008
40,125,0.056661
40,126,0.045848
40,127,0.006947
40,128,0.042182
40,129,0.044586
40,130,0.065398
40,131,0.097393
41,1,0.032027
41,2,0.015234
41,3,0.036134
41,4,0.000505
41,5,0.009674
41,6,0.059276
41,7,0.034763
41,8,0.036177
41,9,0.056743
41,10,0.020950
41,11,0.023785
41,12,0.027290
41,13,0.026191
41,14,0.015109
41,15,0.009974
41,16,0.007741
41,17,0.002154
41,18,0.006633
41,19,0.009960
41,20,0.009511
41,21,0.003218
41,22,0.012172
41,23,0.007638
41,24,0.020594
41,25,0.063053
41,26,0.012017
41,27,0.024267
41,28,0.020614
41,29,0.009716
41,30,0.011278
41,31,0.012107
41,32,0.032508
41,33,0.030431
41,34,0.070223
41,35,0.076490
41,36,0.030057
41,37,0.013649
41,38,0.017377
41,39,0.088302
41,40,0.096854
41,41,0.000000
41,42,0.072607
41,43,0.029044
41,44,0.064362
41,45,0.053863
41,46,0.064847
41,47,0.080387
41,48,0.022067
41,49,0.069394
41,50,0.086598
41,51,0.050054
41,52,0.045089
41,53,0.039093
41,54,0.051032
41,55,0.030967
41,56,0.061775
41,57,0.002355
41,58,0.038932
41,59,0.023274
41,60,0.040278
41,61,0.017129
41,62,0.000757
41,63,0.002650
41,64,0.015795
41,65,0.078702
41,66,0.026165
41,67,0.007629
41,68,0.030219
41,69,0.098391
41,70,0.082594
41,71,0.043315
41,72,0.007576
41,73,0.001888
41,74,0.022100
41,75,0.058654
41,76,0.030572
41,77,0.015202
41,78,0.043925
41,79,0.036682
41,80,0.068226
41,81,0.103969
41,82,0.071089
41,83,0.051110
41,84,0.128064
41,85,0.091241
41,86,0.089020
41,87,0.154966
41,88,0.088923
41,89,0.000225
41,90,0.066386
41,91,0.046640
41,92,0.104580
41,93,0.043778
41,94,0.043888
41,95,0.029515
41,96,0.011210
41,97,0.000973
41,98,0.001153
41,99,0.036268
41,100,0.082055
41,101,0.067799
41,102,0.085860
41,103,0.089273
41,104,0.103966
41,105,0.134806
41,106,0.133811
41,107,0.116779
41,108,0.115351
41,109,0.154691
41,110,0.135558
41,111,0.146530
41,112,0.114778
41,113,0.073483
41,114,0.019835
41,115,0.036952
41,116,0.067580
41,117,0.031484
41,118,0.068863
41,119,0.079552
41,120,0.051995
41,121,0.108706
41,122,0.038862
41,123,0.049084
41,124,0.020131
41,125,0.031317
41,126,0.082589
41,127,0.070238
41,128,0.007139
41,129,0.030804
41,130,0.038931
41,131,0.063705
42,1,0.058623
42,2,0.077843
42,3,0.019009
42,4,0.065906
42,5,0.031531
42,6,0.057048
42,7,0.031832
42,8,0.026390
42,9,0.085887
42,10,0.055233
42,11,0.010594
42,12,0.036266
42,13,0.023434
42,14,0.016238
42,15,0.013973
42,16,0.052622
42,17,0.069768
42,18,0.049258
42,19,0.052880
42,20,0.014947
42,21,0.027678
42,22,0.018679
42,23,0.026580
42,24,0.013007
42,25,0.069475
42,26,0.024613
42,27,0.049204
42,28,0.011634
42,29,0.022564
42,30,0.012278
42,31,0.050953
42,32,0.066153
42,33,0.045191
42,34,0.059188
42,35,0.039260
42,36,0.026193
42,37,0.032804
42,38,0.057676
42,39,0.041819
42,40,0.038684
42,41,0.072607
42,42,0.000000
42,43,0.117964
42,44,0.025439
42,45,0.014273
42,46,0.010952
42,47,0.053397
42,48,0.002480
42,49,0.006150
42,50,0.015623
42,51,0.003375
42,52,0.004842
42,53,0.025360
42,54,0.007570
42,55,0.006747
42,56,0.004139
42,57,0.040736
42,58,0.057368
42,59,0.028266
42,60,0.013860
42,61,0.020614
42,62,0.052351
42,63,0.022016
42,64,0.052832
42,65,0.006409
42,66,0.038094
42,67,0.045223
42,68,0.008874
42,69,0.067527
42,70,0.024473
42,71,0.032061
42,72,0.021845
42,73,0.068353
42,74,0.004168
42,75,0.077509
42,76,0.003502
42,77,0.056421
42,78,0.043586
42,79,0.015395
42,80,0.002845
42,81,0.102516
42,82,0.100994
42,83,0.125376
42,84,0.129397
42,85,0.109846
42,86,0.119179
42,87,0.170237
42,88,0.107643
42,89,0.040715
42,90,0.071174
42,91,0.005497
42,92,0.003118
42,93,0.040078
42,94,0.004858
42,95,0.023797
42,96,0.040285
42,97,0.036219
42,98,0.023418
42,99,0.004646
42,100,0.041668
42,101,0.035411
42,102,0.045868
42,103,0.002395
42,104,0.076282
42,105,0.164630
42,106,0.177048
42,107,0.195553
42,108,0.074510
42,109,0.131108
42,110,0.098681
42,111,0.198143
42,112,0.158450
42,113,0.127791
42,114,0.032470
42,115,0.091153
42,116,0.114625
42,117,0.034464
42,118,0.070153
42,119,0.054073
42,120,0.045984
42,121,0.049897
42,122,0.004062
42,123,0.024079
42,124,0.085734
42,125,0.085001
42,126,0.099686
42,127,0.110782
42,128,0.118039
42,129,0.088624
42,130,0.060242
42,131,0.111760
43,1,0.023593
43,2,0.024487
43,3,0.022889
43,4,0.074939
43,5,0.081754
43,6,0.023611
43,7,0.095683
43,8,0.089524
43,9,0.043242
43,10,0.105539
43,11,0.165377
43,12,0.168184
43,13,0.120041
43,14,0.095219
43,15,0.063580
43,16,0.075362
43,17,0.097428
43,18,0.041457
43,19,0.127253
43,20,0.099936
43,21,0.182188
43,22,0.138319
43,23,0.097697
43,24,0.102979
43,25,0.149871
43,26,0.032641
43,27,0.062790
43,28,0.019774
43,29,0.007526
43,30,0.079293
43,31,0.155022
43,32,0.123036
43,33,0.032353
43,34,0.043982
43,35,0.127646
43,36,0.036416
43,37,0.070902
43,38,0.072341
43,39,0.008447
43,40,0.038229
43,41,0.029044
43,42,0.117964
43,43,0.000000
43,44,0.108622
43,45,0.034118
43,46,0.035385
43,47,0.034924
43,48,0.027655
43,49,0.029543
43,50,0.013445
43,51,0.004459
43,52,0.032799
43,53,0.066375
43,54,0.093542
43,55,0.022691
43,56,0.049967
43,57,0.026183
43,58,0.006101
43,59,0.064727
43,60,0.049416
43,61,0.041107
43,62,0.056656
43,63,0.043696
43,64,0.054774
43,65,0.156892
43,66,0.092154
43,67,0.023622
43,68,0.042955
43,69,0.013990
43,70,0.037904
43,71,0.052468
43,72,0.092226
43,73,0.031967
43,74,0.033039
43,75,0.142258
43,76,0.121891
43,77,0.095841
43,78,0.027591
43,79,0.025487
43,80,0.059697
43,81,0.112598
43,82,0.023651
43,83,0.018481
43,84,0.024063
43,85,0.023468
43,86,0.015844
43,87,0.022094
43,88,0.012444
43,89,0.003346
43,90,0.040297
43,91,0.051701
43,92,0.014081
43,93,0.043482
43,94,0.003902
43,95,0.048808
43,96,0.124083
43,97,0.073903
43,98,0.024134
43,99,0.010097
43,100,0.026190
43,101,0.030943
43,102,0.004079
43,103,0.024269
43,104,0.010909
43,105,0.026744
43,106,0.011592
43,107,0.013563
43,108,0.133247
43,109,0.008910
43,110,0.009610
43,111,0.018500
43,112,0.056974
43,113,0.085908
43,114,0.114132
43,115,0.085739
43,116,0.022711
43,117,0.047359
43,118,0.122051
43,119,0.125450
43,120,0.104516
43,121,0.151720
43,122,0.038988
43,123,0.090281
43,124,0.112309
43,125,0.046264
43,126,0.032389
43,127,0.034328
43,128,0.070333
43,129,0.190162
43,130,0.119473
43,131,0.081489
44,1,0.142713
44,2,0.071162
44,3,0.061554
44,4,0.101934
44,5,0.134079
44,6,0.067604
44,7,0.051741
44,8,0.065847
44,9,0.110416
44,10,0.078198
44,11,0.080775
44,12,0.162092
44,13,0.145462
44,14,0.149628
44,15,0.124770
44,16,0.070457
44,17,0.040667
44,18,0.014641
44,19,0.054950
44,20,0.028429
44,21,0.124578
44,22,0.072775
44,23,0.016744
44,24,0.040436
44,25,0.059790
44,26,0.077124
44,27,0.052850
44,28,0.030288
44,29,0.003797
44,30,0.136424
44,31,0.171712
44,32,0.144460
44,33,0.050881
44,34,0.060916
44,35,0.093480
44,36,0.114992
44,37,0.089717
44,38,0.043123
44,39,0.057973
44,40,0.012780
44,41,0.064362
44,42,0.025439
44,43,0.108622
44,44,0.000000
44,45,0.124374
44,46,0.068845
44,47,0.059537
44,48,0.075235
44,49,0.103519
44,50,0.073925
44,51,0.048318
44,52,0.060449
44,53,0.049924
44,54,0.113031
44,55,0.023811
44,56,0.139534
44,57,0.004347
44,58,0.054822
44,59,0.038701
44,60,0.018354
44,61,0.062821
44,62,0.110309
44,63,0.059946
44,64,0.098808
44,65,0.186426
44,66,0.172861
44,67,0.021409
44,68,0.002080
44,69,0.001036
44,70,0.070154
44,71,0.112398
44,72,0.157142
44,73,0.061491
44,74,0.030739
44,75,0.116017
44,76,0.140250
44,77,0.133994
44,78,0.068317
44,79,0.044107
44,80,0.019376
44,81,0.071580
44,82,0.045826
44,83,0.064622
44,84,0.000873
44,85,0.008016
44,86,0.006678
44,87,0.006295
44,88,0.023194
44,89,0.062431
44,90,0.096675
44,91,0.042036
44,92,0.057952
44,93,0.053961
44,94,0.046346
44,95,0.005377
44,96,0.036510
44,97,0.074019
44,98,0.039782
44,99,0.019258
44,100,0.078311
44,101,0.047768
44,102,0.037883
44,103,0.011363
44,104,0.043436
44,105,0.008935
44,106,0.088164
44,107,0.052727
44,108,0.131998
44,109,0.002444
44,110,0.056496
44,111,0.065517
44,112,0.026520
44,113,0.161908
44,114,0.155899
44,115,0.090452
44,116,0.014418
44,117,0.013058
44,118,0.163825
44,119,0.115494
44,120,0.089960
44,121,0.122285
44,122,0.022791
44,123,0.119241
44,124,0.117690
44,125,0.064107
44,126,0.036263
44,127,0.035482
44,128,0.082664
44,129,0.131455
44,130,0.135863
44,131,0.000814
45,1,0.166588
45,2,0.111677
45,3,0.016367
45,4,0.032427
45,5,0.012860
45,6,0.118844
45,7,0.103215
45,8,0.149478
45,9,0.155283
45,10,0.078702
45,11,0.135439
45,12,0.227872
45,13,0.237296
45,14,0.243841
45,15,0.254534
45,16,0.034180
45,17,0.074617
45,18,0.065258
45,19,0.026289
45,20,0.009288
45,21,0.053751
45,22,0.165220
45,23,0.207136
45,24,0.157548
45,25,0.189550
45,26,0.283319
45,27,0.081310
45,28,0.009498
45,29,0.047625
45,30,0.257489
45,31,0.261725
45,32,0.202562
45,33,0.041930
45,34,0.034044
45,35,0.103404
45,36,0.193346
45,37,0.188180
45,38,0.084068
45,39,0.028532
45,40,0.008834
45,41,0.053863
45,42,0.014273
45,43,0.034118
45,44,0.124374
45,45,0.000000
45,46,0.116743
45,47,0.175400
45,48,0.178072
45,49,0.064088
45,50,0.101682
45,51,0.035919
45,52,0.000884
45,53,0.022682
45,54,0.123762
45,55,0.068384
45,56,0.140119
45,57,0.003039
45,58,0.055942
45,59,0.086629
45,60,0.162847
45,61,0.195108
45,62,0.281714
45,63,0.126821
45,64,0.131729
45,65,0.243953
45,66,0.280481
45,67,0.214903
45,68,0.206011
45,69,0.171231
45,70,0.157071
45,71,0.164460
45,72,0.207698
45,73,0.124312
45,74,0.060841
45,75,0.153586
45,76,0.094274
45,77,0.066623
45,78,0.033764
45,79,0.005552
45,80,0.016526
45,81,0.002133
45,82,0.176183
45,83,0.198286
45,84,0.042996
45,85,0.023345
45,86,0.058485
45,87,0.005696
45,88,0.014265
45,89,0.099595
45,90,0.174261
45,91,0.033471
45,92,0.104098
45,93,0.135607
45,94,0.069000
45,95,0.066774
45,96,0.026019
45,97,0.029422
45,98,0.012605
45,99,0.046567
45,100,0.075093
45,101,0.051260
45,102,0.042650
45,103,0.017435
45,104,0.077001
45,105,0.003003
45,106,0.170038
45,107,0.141047
45,108,0.092161
45,109,0.027100
45,110,0.063081
45,111,0.099074
45,112,0.045258
45,113,0.161855
45,114,0.140185
45,115,0.057957
45,116,0.016004
45,117,0.023495
45,118,0.049085
45,119,0.000881
45,120,0.009911
45,121,0.056354
45,122,0.027324
45,123,0.092619
45,124,0.109410
45,125,0.040875
45,126,0.098260
45,127,0.072858
45,128,0.065513
45,129,0.021231
45,130,0.035447
45,131,0.042899
46,1,0.157370
46,2,0.110441
46,3,0.001286
46,4,0.040592
46,5,0.011748
46,6,0.110543
46,7,0.100965
46,8,0.180534
46,9,0.167386
46,10,0.055442
46,11,0.155556
46,12,0.245366
46,13,0.211425
46,14,0.229353
46,15,0.227050
46,16,0.042754
46,17,0.088806
46,18,0.064419
46,19,0.020371
46,20,0.022937
46,21,0.034414
46,22,0.155725
46,23,0.208070
46,24,0.132205
46,25,0.146172
46,26,0.232006
46,27,0.050376
46,28,0.024037
46,29,0.022756
46,30,0.212142
46,31,0.224205
46,32,0.197223
46,33,0.040460
46,34,0.037480
46,35,0.103228
46,36,0.175810
46,37,0.185857
46,38,0.116330
46,39,0.025759
46,40,0.008374
46,41,0.064847
46,42,0.010952
46,43,0.035385
46,44,0.068845
46,45,0.116743
46,46,0.000000
46,47,0.107109
46,48,0.164623
46,49,0.098197
46,50,0.162788
46,51,0.092187
46,52,0.075133
46,53,0.000655
46,54,0.110275
46,55,0.064316
46,56,0.123100
46,57,0.079019
46,58,0.131978
46,59,0.101805
46,60,0.140416
46,61,0.171617
46,62,0.235500
46,63,0.113379
46,64,0.109689
46,65,0.149608
46,66,0.213115
46,67,0.176592
46,68,0.173629
46,69,0.124631
46,70,0.133491
46,71,0.140853
46,72,0.177063
46,73,0.071093
46,74,0.009716
46,75,0.052141
46,76,0.108746
46,77,0.088880
46,78,0.052038
46,79,0.032715
46,80,0.087380
46,81,0.002176
46,82,0.166266
46,83,0.179421
46,84,0.096002
46,85,0.085279
46,86,0.136882
46,87,0.092279
46,88,0.050458
46,89,0.073239
46,90,0.122651
46,91,0.010104
46,92,0.045256
46,93,0.082847
46,94,0.004001
46,95,0.008644
46,96,0.010269
46,97,0.045485
46,98,0.013970
46,99,0.026092
46,100,0.052276
46,101,0.008361
46,102,0.009292
46,103,0.007231
46,104,0.037573
46,105,0.039081
46,106,0.157917
46,107,0.121086
46,108,0.052609
46,109,0.078323
46,110,0.108065
46,111,0.144553
46,112,0.100806
46,113,0.212505
46,114,0.074177
46,115,0.013158
46,116,0.050446
46,117,0.063857
46,118,0.137591
46,119,0.072113
46,120,0.039192
46,121,0.103379
46,122,0.024977
46,123,0.064723
46,124,0.085379
46,125,0.045724
46,126,0.002818
46,127,0.013696
46,128,0.035377
46,129,0.103624
46,130,0.001511
46,131,0.003684
47,1,0.122627
47,2,0.076634
47,3,0.043444
47,4,0.046982
47,5,0.032150
47,6,0.109831
47,7,0.032668
47,8,0.086928
47,9,0.144002
47,10,0.038646
47,11,0.078797
47,12,0.156553
47,13,0.119663
47,14,0.136059
47,15,0.136110
47,16,0.050837
47,17,0.008398
47,18,0.006795
47,19,0.026592
47,20,0.020587
47,21,0.136584
47,22,0.069796
47,23,0.136409
47,24,0.089558
47,25,0.040827
47,26,0.168470
47,27,0.035316
47,28,0.003551
47,29,0.040765
47,30,0.140009
47,31,0.178898
47,32,0.164763
47,33,0.045136
47,34,0.094034
47,35,0.079470
47,36,0.135275
47,37,0.132405
47,38,0.101669
47,39,0.048878
47,40,0.011473
47,41,0.080387
47,42,0.053397
47,43,0.034924
47,44,0.059537
47,45,0.175400
47,46,0.107109
47,47,0.000000
47,48,0.151483
47,49,0.151698
47,50,0.145050
47,51,0.120308
47,52,0.094888
47,53,0.005254
47,54,0.092223
47,55,0.084649
47,56,0.059053
47,57,0.042826
47,58,0.103801
47,59,0.075265
47,60,0.063165
47,61,0.106160
47,62,0.149043
47,63,0.067975
47,64,0.090238
47,65,0.076126
47,66,0.132691
47,67,0.068281
47,68,0.087167
47,69,0.095834
47,70,0.115510
47,71,0.148174
47,72,0.154191
47,73,0.124299
47,74,0.020459
47,75,0.032864
47,76,0.098677
47,77,0.104451
47,78,0.017848
47,79,0.027508
47,80,0.121774
47,81,0.080684
47,82,0.067229
47,83,0.080798
47,84,0.007450
47,85,0.035250
47,86,0.075226
47,87,0.021661
47,88,0.023445
47,89,0.073126
47,90,0.036964
47,91,0.053240
47,92,0.003614
47,93,0.028882
47,94,0.108765
47,95,0.087791
47,96,0.087217
47,97,0.135897
47,98,0.101244
47,99,0.048389
47,100,0.103088
47,101,0.059628
47,102,0.065110
47,103,0.043937
47,104,0.058452
47,105,0.023457
47,106,0.133290
47,107,0.064146
47,108,0.118622
47,109,0.036684
47,110,0.063474
47,111,0.118238
47,112,0.062428
47,113,0.155624
47,114,0.003092
47,115,0.015360
47,116,0.086074
47,117,0.088981
47,118,0.189086
47,119,0.174737
47,120,0.138959
47,121,0.153321
47,122,0.028181
47,123,0.068923
47,124,0.050170
47,125,0.064816
47,126,0.027485
47,127,0.060095
47,128,0.041475
47,129,0.109249
47,130,0.059305
47,131,0.061018
48,1,0.044230
48,2,0.005109
48,3,0.101944
48,4,0.092468
48,5,0.039233
48,6,0.077945
48,7,0.009666
48,8,0.021743
48,9,0.046351
48,10,0.036862
48,11,0.019688
48,12,0.061657
48,13,0.042533
48,14,0.071088
48,15,0.073624
48,16,0.040373
48,17,0.013383
48,18,0.006827
48,19,0.010012
48,20,0.048343
48,21,0.074903
48,22,0.099521
48,23,0.105859
48,24,0.083688
48,25,0.050024
48,26,0.114120
48,27,0.020952
48,28,0.009406
48,29,0.038212
48,30,0.082874
48,31,0.107243
48,32,0.083592
48,33,0.097712
48,34,0.119709
48,35,0.048418
48,36,0.123365
48,37,0.147201
48,38,0.104424
48,39,0.033981
48,40,0.004615
48,41,0.022067
48,42,0.002480
48,43,0.027655
48,44,0.075235
48,45,0.178072
48,46,0.164623
48,47,0.151483
48,48,0.000000
48,49,0.074220
48,50,0.096865
48,51,0.052669
48,52,0.074371
48,53,0.131622
48,54,0.011250
48,55,0.005774
48,56,0.133141
48,57,0.020784
48,58,0.070482
48,59,0.068233
48,60,0.102351
48,61,0.146619
48,62,0.166409
48,63,0.088455
48,64,0.000943
48,65,0.083665
48,66,0.100947
48,67,0.082353
48,68,0.103047
48,69,0.086059
48,70,0.058223
48,71,0.100686
48,72,0.115947
48,73,0.027318
48,74,0.004008
48,75,0.013505
48,76,0.019243
48,77,0.048054
48,78,0.029823
48,79,0.074776
48,80,0.085824
48,81,0.078541
48,82,0.072795
48,83,0.081754
48,84,0.017635
48,85,0.030160
48,86,0.026290
48,87,0.017236
48,88,0.029845
48,89,0.104743
48,90,0.056941
48,91,0.010669
48,92,0.032829
48,93,0.009184
48,94,0.062930
48,95,0.030132
48,96,0.066390
48,97,0.089357
48,98,0.070204
48,99,0.068102
48,100,0.155322
48,101,0.103228
48,102,0.076947
48,103,0.070752
48,104,0.073224
48,105,0.040875
48,106,0.130941
48,107,0.113367
48,108,0.065723
48,109,0.088895
48,110,0.098450
48,111,0.078089
48,112,0.007507
48,113,0.069578
48,114,0.012519
48,115,0.039359
48,116,0.010087
48,117,0.028419
48,118,0.099688
48,119,0.093414
48,120,0.111105
48,121,0.128313
48,122,0.037209
48,123,0.086103
48,124,0.072479
48,125,0.022356
48,126,0.027996
48,127,0.003655
48,128,0.027299
48,129,0.075675
48,130,0.068545
48,131,0.038041
49,1,0.082915
49,2,0.076575
49,3,0.053662
49,4,0.044615
49,5,0.029931
49,6,0.059941
49,7,0.010893
49,8,0.021730
49,9,0.063108
49,10,0.010596
49,11,0.025866
49,12,0.017241
49,13,0.000940
49,14,0.028564
49,15,0.024288
49,16,0.056009
49,17,0.072099
49,18,0.043108
49,19,0.024843
49,20,0.024938
49,21,0.017792
49,22,0.090845
49,23,0.079738
49,24,0.051326
49,25,0.060126
49,26,0.044524
49,27,0.041157
49,28,0.014449
49,29,0.038072
49,30,0.048748
49,31,0.056539
49,32,0.048390
49,33,0.020208
49,34,0.067557
49,35,0.022593
49,36,0.047731
49,37,0.072927
49,38,0.068998
49,39,0.020171
49,40,0.009180
49,41,0.069394
49,42,0.006150
49,43,0.029543
49,44,0.103519
49,45,0.064088
49,46,0.098197
49,47,0.151698
49,48,0.074220
49,49,0.000000
49,50,0.149445
49,51,0.080109
49,52,0.159530
49,53,0.177180
49,54,0.077725
49,55,0.041603
49,56,0.096762
49,57,0.021077
49,58,0.071460
49,59,0.049356
49,60,0.067638
49,61,0.091688
49,62,0.090492
49,63,0.033574
49,64,0.009255
49,65,0.021716
49,66,0.031019
49,67,0.071663
49,68,0.061073
49,69,0.016925
49,70,0.009306
49,71,0.086691
49,72,0.127902
49,73,0.037092
49,74,0.075666
49,75,0.109902
49,76,0.027685
49,77,0.019056
49,78,0.021976
49,79,0.026955
49,80,0.091708
49,81,0.048868
49,82,0.000841
49,83,0.027839
49,84,0.022870
49,85,0.042872
49,86,0.012810
49,87,0.021625
49,88,0.026005
49,89,0.030755
49,90,0.013934
49,91,0.017645
49,92,0.024350
49,93,0.015176
49,94,0.044767
49,95,0.062197
49,96,0.016718
49,97,0.000816
49,98,0.021274
49,99,0.049015
49,100,0.075480
49,101,0.024905
49,102,0.024545
49,103,0.049810
49,104,0.046926
49,105,0.051391
49,106,0.096228
49,107,0.071533
49,108,0.059479
49,109,0.025913
49,110,0.039452
49,111,0.056649
49,112,0.005337
49,113,0.062645
49,114,0.000222
49,115,0.033265
49,116,0.019082
49,117,0.020122
49,118,0.019173
49,119,0.009926
49,120,0.031525
49,121,0.012800
49,122,0.051723
49,123,0.015270
49,124,0.021126
49,125,0.018565
49,126,0.044725
49,127,0.104648
49,128,0.083594
49,129,0.020630
49,130,0.074005
49,131,0.078829
50,1,0.005122
50,2,0.005733
50,3,0.067833
50,4,0.057696
50,5,0.025024
50,6,0.030932
50,7,0.046996
50,8,0.036039
50,9,0.002186
50,10,0.081320
50,11,0.090851
50,12,0.035675
50,13,0.042524
50,14,0.024072
50,15,0.025392
50,16,0.000791
50,17,0.027881
50,18,0.009910
50,19,0.019460
50,20,0.062598
50,21,0.065384
50,22,0.056969
50,23,0.059046
50,24,0.043961
50,25,0.017624
50,26,0.058979
50,27,0.040755
50,28,0.009232
50,29,0.041931
50,30,0.019481
50,31,0.041774
50,32,0.023697
50,33,0.073199
50,34,0.127283
50,35,0.037493
50,36,0.011169
50,37,0.032489
50,38,0.037353
50,39,0.019336
50,40,0.001484
50,41,0.086598
50,42,0.015623
50,43,0.013445
50,44,0.073925
50,45,0.101682
50,46,0.162788
50,47,0.145050
50,48,0.096865
50,49,0.149445
50,50,0.000000
50,51,0.020745
50,52,0.065636
50,53,0.150530
50,54,0.057864
50,55,0.037317
50,56,0.098269
50,57,0.011594
50,58,0.034733
50,59,0.042258
50,60,0.004160
50,61,0.041224
50,62,0.047149
50,63,0.007249
50,64,0.013620
50,65,0.033441
50,66,0.007104
50,67,0.010933
50,68,0.053842
50,69,0.032975
50,70,0.036132
50,71,0.100766
50,72,0.086364
50,73,0.051010
50,74,0.020336
50,75,0.005872
50,76,0.001475
50,77,0.004836
50,78,0.056640
50,79,0.073735
50,80,0.061099
50,81,0.048195
50,82,0.004141
50,83,0.016625
50,84,0.050844
50,85,0.022335
50,86,0.074741
50,87,0.069058
50,88,0.085446
50,89,0.016138
50,90,0.033228
50,91,0.032767
50,92,0.015582
50,93,0.038135
50,94,0.057903
50,95,0.035324
50,96,0.070923
50,97,0.072730
50,98,0.081785
50,99,0.092556
50,100,0.134657
50,101,0.082877
50,102,0.062091
50,103,0.079801
50,104,0.086556
50,105,0.030930
50,106,0.106188
50,107,0.075598
50,108,0.055371
50,109,0.015254
50,110,0.015352
50,111,0.019797
50,112,0.027972
50,113,0.019462
50,114,0.014607
50,115,0.029418
50,116,0.034980
50,117,0.011794
50,118,0.035661
50,119,0.047386
50,120,0.088441
50,121,0.096853
50,122,0.050732
50,123,0.081194
50,124,0.056271
50,125,0.001487
50,126,0.018163
50,127,0.070071
50,128,0.060990
50,129,0.000361
50,130,0.111492
50,131,0.000758
51,1,0.010492
51,2,0.039270
51,3,0.046659
51,4,0.033101
51,5,0.068728
51,6,0.014274
51,7,0.066520
51,8,0.055365
51,9,0.033666
51,10,0.062311
51,11,0.088216
51,12,0.069451
51,13,0.117240
51,14,0.092801
51,15,0.098377
51,16,0.032930
51,17,0.031935
51,18,0.020607
51,19,0.003127
51,20,0.034740
51,21,0.035009
51,22,0.056658
51,23,0.045988
51,24,0.033799
51,25,0.055832
51,26,0.049048
51,27,0.032297
51,28,0.046803
51,29,0.036903
51,30,0.057953
51,31,0.024797
51,32,0.010906
51,33,0.081467
51,34,0.100826
51,35,0.025966
51,36,0.003311
51,37,0.009590
51,38,0.017207
51,39,0.015294
51,40,0.012657
51,41,0.050054
51,42,0.003375
51,43,0.004459
51,44,0.048318
51,45,0.035919
51,46,0.092187
51,47,0.120308
51,48,0.052669
51,49,0.080109
51,50,0.020745
51,51,0.000000
51,52,0.007917
51,53,0.229169
51,54,0.082627
51,55,0.058630
51,56,0.107749
51,57,0.043164
51,58,0.024195
51,59,0.021450
51,60,0.008543
51,61,0.017979
51,62,0.000543
51,63,0.015289
51,64,0.037173
51,65,0.019610
51,66,0.029061
51,67,0.019992
51,68,0.036246
51,69,0.016764
51,70,0.009711
51,71,0.053836
51,72,0.079188
51,73,0.057275
51,74,0.059496
51,75,0.079512
51,76,0.038844
51,77,0.006129
51,78,0.053214
51,79,0.089901
51,80,0.007180
51,81,0.038947
51,82,0.010471
51,83,0.007193
51,84,0.056810
51,85,0.035630
51,86,0.078534
51,87,0.065908
51,88,0.077841
51,89,0.079423
51,90,0.018505
51,91,0.053570
51,92,0.027427
51,93,0.036517
51,94,0.057976
51,95,0.035786
51,96,0.056662
51,97,0.065993
51,98,0.066679
51,99,0.073322
51,100,0.104747
51,101,0.062278
51,102,0.056397
51,103,0.075497
51,104,0.073707
51,105,0.009079
51,106,0.047494
51,107,0.030752
51,108,0.051623
51,109,0.002604
51,110,0.020475
51,111,0.025511
51,112,0.037820
51,113,0.018815
51,114,0.005829
51,115,0.011051
51,116,0.009349
51,117,0.023134
51,118,0.010401
51,119,0.008602
51,120,0.080481
51,121,0.046380
51,122,0.048831
51,123,0.066994
51,124,0.050677
51,125,0.074976
51,126,0.048600
51,127,0.021408
51,128,0.077048
51,129,0.023446
51,130,0.057205
51,131,0.063082
52,1,0.019577
52,2,0.005216
52,3,0.002835
52,4,0.002965
52,5,0.063861
52,6,0.026710
52,7,0.020113
52,8,0.009004
52,9,0.029759
52,10,0.066926
52,11,0.048222
52,12,0.061770
52,13,0.114824
52,14,0.096319
52,15,0.108148
52,16,0.023140
52,17,0.049403
52,18,0.054217
52,19,0.037150
52,20,0.001539
52,21,0.023263
52,22,0.024945
52,23,0.017081
52,24,0.023072
52,25,0.028844
52,26,0.049734
52,27,0.035205
52,28,0.021726
52,29,0.011541
52,30,0.089338
52,31,0.073602
52,32,0.046396
52,33,0.048899
52,34,0.043160
52,35,0.014494
52,36,0.021933
52,37,0.012895
52,38,0.011218
52,39,0.039939
52,40,0.034685
52,41,0.045089
52,42,0.004842
52,43,0.032799
52,44,0.060449
52,45,0.000884
52,46,0.075133
52,47,0.094888
52,48,0.074371
52,49,0.159530
52,50,0.065636
52,51,0.007917
52,52,0.000000
52,53,0.230554
52,54,0.150769
52,55,0.023335
52,56,0.048342
52,57,0.018495
52,58,0.000858
52,59,0.009635
52,60,0.024344
52,61,0.017065
52,62,0.001661
52,63,0.004371
52,64,0.012001
52,65,0.007758
52,66,0.039788
52,67,0.038366
52,68,0.060659
52,69,0.012969
52,70,0.008343
52,71,0.040204
52,72,0.053936
52,73,0.009063
52,74,0.133594
52,75,0.145192
52,76,0.102219
52,77,0.047551
52,78,0.073616
52,79,0.088768
52,80,0.080277
52,81,0.098895
52,82,0.071369
52,83,0.076626
52,84,0.149450
52,85,0.132096
52,86,0.165007
52,87,0.133211
52,88,0.142582
52,89,0.075297
52,90,0.012575
52,91,0.058847
52,92,0.013333
52,93,0.019722
52,94,0.039865
52,95,0.042316
52,96,0.041762
52,97,0.042282
52,98,0.046959
52,99,0.047880
52,100,0.067294
52,101,0.015655
52,102,0.046437
52,103,0.065877
52,104,0.065375
52,105,0.008439
52,106,0.010764
52,107,0.009835
52,108,0.047557
52,109,0.045325
52,110,0.064878
52,111,0.054884
52,112,0.074658
52,113,0.027980
52,114,0.021667
52,115,0.019809
52,116,0.026018
52,117,0.063991
52,118,0.040302
52,119,0.007913
52,120,0.039611
52,121,0.001509
52,122,0.036370
52,123,0.047156
52,124,0.023394
52,125,0.072916
52,126,0.011436
52,127,0.033794
52,128,0.108324
52,129,0.102526
52,130,0.154530
52,131,0.100003
53,1,0.044848
53,2,0.018899
53,3,0.017167
53,4,0.061463
53,5,0.097786
53,6,0.032744
53,7,0.078125
53,8,0.068747
53,9,0.025033
53,10,0.031348
53,11,0.000730
53,12,0.048326
53,13,0.073503
53,14,0.067990
53,15,0.050814
53,16,0.021771
53,17,0.028430
53,18,0.015656
53,19,0.012477
53,20,0.025833
53,21,0.033752
53,22,0.087284
53,23,0.085794
53,24,0.122586
53,25,0.140040
53,26,0.094435
53,27,0.027454
53,28,0.023210
53,29,0.005111
53,30,0.027958
53,31,0.017799
53,32,0.015008
53,33,0.045255
53,34,0.059977
53,35,0.137312
53,36,0.088629
53,37,0.052078
53,38,0.008511
53,39,0.008225
53,40,0.000974
53,41,0.039093
53,42,0.025360
53,43,0.066375
53,44,0.049924
53,45,0.022682
53,46,0.000655
53,47,0.005254
53,48,0.131622
53,49,0.177180
53,50,0.150530
53,51,0.229169
53,52,0.230554
53,53,0.000000
53,54,0.084629
53,55,0.105350
53,56,0.083118
53,57,0.145609
53,58,0.076334
53,59,0.020094
53,60,0.010194
53,61,0.054429
53,62,0.077717
53,63,0.035488
53,64,0.044456
53,65,0.135863
53,66,0.081231
53,67,0.074056
53,68,0.065531
53,69,0.012037
53,70,0.024279
53,71,0.021497
53,72,0.046859
53,73,0.083416
53,74,0.069051
53,75,0.219362
53,76,0.042207
53,77,0.013731
53,78,0.032464
53,79,0.112272
53,80,0.122516
53,81,0.069348
53,82,0.024274
53,83,0.074557
53,84,0.089479
53,85,0.087368
53,86,0.115959
53,87,0.130712
53,88,0.070842
53,89,0.161724
53,90,0.071249
53,91,0.095636
53,92,0.088281
53,93,0.029376
53,94,0.040240
53,95,0.032963
53,96,0.027583
53,97,0.026714
53,98,0.022513
53,99,0.017576
53,100,0.031060
53,101,0.058967
53,102,0.037977
53,103,0.055969
53,104,0.067336
53,105,0.026855
53,106,0.045990
53,107,0.013397
53,108,0.130906
53,109,0.120730
53,110,0.108168
53,111,0.104697
53,112,0.054499
53,113,0.043549
53,114,0.031836
53,115,0.030588
53,116,0.073482
53,117,0.033061
53,118,0.082681
53,119,0.137463
53,120,0.036133
53,121,0.023987
53,122,0.018943
53,123,0.017247
53,124,0.037054
53,125,0.099581
53,126,0.159171
53,127,0.150541
53,128,0.056796
53,129,0.006158
53,130,0.094242
53,131,0.015842
54,1,0.023366
54,2,0.022473
54,3,0.002110
54,4,0.031588
54,5,0.119939
54,6,0.033281
54,7,0.048901
54,8,0.047031
54,9,0.054844
54,10,0.008011
54,11,0.018952
54,12,0.006724
54,13,0.024499
54,14,0.032421
54,15,0.073025
54,16,0.040787
54,17,0.017100
54,18,0.016192
54,19,0.011105
54,20,0.019739
54,21,0.053305
54,22,0.196821
54,23,0.198622
54,24,0.218705
54,25,0.211917
54,26,0.201179
54,27,0.007349
54,28,0.035818
54,29,0.008248
54,30,0.046851
54,31,0.069946
54,32,0.038339
54,33,0.067450
54,34,0.029018
54,35,0.170369
54,36,0.097028
54,37,0.054997
54,38,0.001873
54,39,0.048588
54,40,0.029204
54,41,0.051032
54,42,0.007570
54,43,0.093542
54,44,0.113031
54,45,0.123762
54,46,0.110275
54,47,0.092223
54,48,0.011250
54,49,0.077725
54,50,0.057864
54,51,0.082627
54,52,0.150769
54,53,0.084629
54,54,0.000000
54,55,0.140013
54,56,0.129723
54,57,0.165046
54,58,0.068882
54,59,0.006196
54,60,0.009959
54,61,0.052457
54,62,0.102052
54,63,0.048974
54,64,0.122360
54,65,0.233010
54,66,0.154151
54,67,0.126449
54,68,0.090193
54,69,0.069444
54,70,0.105389
54,71,0.011302
54,72,0.065942
54,73,0.165543
54,74,0.035457
54,75,0.094961
54,76,0.005073
54,77,0.066421
54,78,0.085027
54,79,0.157084
54,80,0.006210
54,81,0.111336
54,82,0.054424
54,83,0.097376
54,84,0.082012
54,85,0.094210
54,86,0.094158
54,87,0.095845
54,88,0.045311
54,89,0.201269
54,90,0.085121
54,91,0.031062
54,92,0.051761
54,93,0.039411
54,94,0.003158
54,95,0.014041
54,96,0.031667
54,97,0.081509
54,98,0.087755
54,99,0.043845
54,100,0.043354
54,101,0.075101
54,102,0.055495
54,103,0.084817
54,104,0.106635
54,105,0.034567
54,106,0.000613
54,107,0.017421
54,108,0.148867
54,109,0.102546
54,110,0.066237
54,111,0.034378
54,112,0.017564
54,113,0.038745
54,114,0.016950
54,115,0.046878
54,116,0.101456
54,117,0.039778
54,118,0.013262
54,119,0.042691
54,120,0.030241
54,121,0.039233
54,122,0.007029
54,123,0.010814
54,124,0.065679
54,125,0.094391
54,126,0.143991
54,127,0.130435
54,128,0.048981
54,129,0.013285
54,130,0.024864
54,131,0.035066
55,1,0.014391
55,2,0.024648
55,3,0.000511
55,4,0.047095
55,5,0.059595
55,6,0.068259
55,7,0.014613
55,8,0.033298
55,9,0.047395
55,10,0.025740
55,11,0.017376
55,12,0.011140
55,13,0.080938
55,14,0.079881
55,15,0.105752
55,16,0.071645
55,17,0.070910
55,18,0.001272
55,19,0.030250
55,20,0.006439
55,21,0.122505
55,22,0.110796
55,23,0.117111
55,24,0.150642
55,25,0.094086
55,26,0.201483
55,27,0.049847
55,28,0.005385
55,29,0.052801
55,30,0.076853
55,31,0.090376
55,32,0.048095
55,33,0.107906
55,34,0.080485
55,35,0.044446
55,36,0.017848
55,37,0.016050
55,38,0.104265
55,39,0.082411
55,40,0.029593
55,41,0.030967
55,42,0.006747
55,43,0.022691
55,44,0.023811
55,45,0.068384
55,46,0.064316
55,47,0.084649
55,48,0.005774
55,49,0.041603
55,50,0.037317
55,51,0.058630
55,52,0.023335
55,53,0.105350
55,54,0.140013
55,55,0.000000
55,56,0.149730
55,57,0.331265
55,58,0.147441
55,59,0.118405
55,60,0.079467
55,61,0.046023
55,62,0.013576
55,63,0.063110
55,64,0.059145
55,65,0.132271
55,66,0.077097
55,67,0.065217
55,68,0.034903
55,69,0.112005
55,70,0.132326
55,71,0.062706
55,72,0.095834
55,73,0.239703
55,74,0.083459
55,75,0.092596
55,76,0.009857
55,77,0.062605
55,78,0.091993
55,79,0.108887
55,80,0.024352
55,81,0.079588
55,82,0.061964
55,83,0.116561
55,84,0.005219
55,85,0.000869
55,86,0.007690
55,87,0.003036
55,88,0.035488
55,89,0.125171
55,90,0.136108
55,91,0.027670
55,92,0.009575
55,93,0.136571
55,94,0.103664
55,95,0.085716
55,96,0.096380
55,97,0.110610
55,98,0.101451
55,99,0.023436
55,100,0.037488
55,101,0.057590
55,102,0.039789
55,103,0.059493
55,104,0.062471
55,105,0.010256
55,106,0.038459
55,107,0.064467
55,108,0.145867
55,109,0.012076
55,110,0.055779
55,111,0.058287
55,112,0.029757
55,113,0.076859
55,114,0.001414
55,115,0.024328
55,116,0.056108
55,117,0.041751
55,118,0.113435
55,119,0.042873
55,120,0.135190
55,121,0.106747
55,122,0.026286
55,123,0.033283
55,124,0.060783
55,125,0.026577
55,126,0.094851
55,127,0.100738
55,128,0.054360
55,129,0.082037
55,130,0.060705
55,131,0.082540
56,1,0.143512
56,2,0.102539
56,3,0.094189
56,4,0.034463
56,5,0.082980
56,6,0.051724
56,7,0.022216
56,8,0.065082
56,9,0.074325
56,10,0.045298
56,11,0.034834
56,12,0.002788
56,13,0.003726
56,14,0.056067
56,15,0.042386
56,16,0.004201
56,17,0.049818
56,18,0.015461
56,19,0.091834
56,20,0.070233
56,21,0.203253
56,22,0.117799
56,23,0.108154
56,24,0.065841
56,25,0.103144
56,26,0.000594
56,27,0.023560
56,28,0.051936
56,29,0.042025
56,30,0.075709
56,31,0.040205
56,32,0.001925
56,33,0.027760
56,34,0.117195
56,35,0.054969
56,36,0.099254
56,37,0.129343
56,38,0.199123
56,39,0.062068
56,40,0.029223
56,41,0.061775
56,42,0.004139
56,43,0.049967
56,44,0.139534
56,45,0.140119
56,46,0.123100
56,47,0.059053
56,48,0.133141
56,49,0.096762
56,50,0.098269
56,51,0.107749
56,52,0.048342
56,53,0.083118
56,54,0.129723
56,55,0.149730
56,56,0.000000
56,57,0.296985
56,58,0.204424
56,59,0.219199
56,60,0.113630
56,61,0.081582
56,62,0.117680
56,63,0.022199
56,64,0.088109
56,65,0.000739
56,66,0.022633
56,67,0.003289
56,68,0.091012
56,69,0.023624
56,70,0.035647
56,71,0.039191
56,72,0.044572
56,73,0.173638
56,74,0.026660
56,75,0.090896
56,76,0.040139
56,77,0.010359
56,78,0.120165
56,79,0.141040
56,80,0.060850
56,81,0.004164
56,82,0.036743
56,83,0.060606
56,84,0.066910
56,85,0.047995
56,86,0.041340
56,87,0.036770
56,88,0.066032
56,89,0.029917
56,90,0.207066
56,91,0.014228
56,92,0.055498
56,93,0.190670
56,94,0.108610
56,95,0.148247
56,96,0.179529
56,97,0.131580
56,98,0.110418
56,99,0.045185
56,100,0.018024
56,101,0.038215
56,102,0.050001
56,103,0.071053
56,104,0.037714
56,105,0.039732
56,106,0.113775
56,107,0.072196
56,108,0.144672
56,109,0.075210
56,110,0.103506
56,111,0.036104
56,112,0.005857
56,113,0.008868
56,114,0.042959
56,115,0.003029
56,116,0.096465
56,117,0.117130
56,118,0.128509
56,119,0.099938
56,120,0.105923
56,121,0.114219
56,122,0.077496
56,123,0.075045
56,124,0.052096
56,125,0.016485
56,126,0.074680
56,127,0.131439
56,128,0.046346
56,129,0.214447
56,130,0.081942
56,131,0.042889
57,1,0.040391
57,2,0.049523
57,3,0.057856
57,4,0.021558
57,5,0.089016
57,6,0.102386
57,7,0.096219
57,8,0.082025
57,9,0.083086
57,10,0.035285
57,11,0.009920
57,12,0.032842
57,13,0.000478
57,14,0.008523
57,15,0.028120
57,16,0.000922
57,17,0.002070
57,18,0.006613
57,19,0.005623
57,20,0.046988
57,21,0.135759
57,22,0.066099
57,23,0.052749
57,24,0.026347
57,25,0.000166
57,26,0.106318
57,27,0.036640
57,28,0.003723
57,29,0.037968
57,30,0.010717
57,31,0.030989
57,32,0.054745
57,33,0.029485
57,34,0.026628
57,35,0.049820
57,36,0.047483
57,37,0.035491
57,38,0.031677
57,39,0.035893
57,40,0.040657
57,41,0.002355
57,42,0.040736
57,43,0.026183
57,44,0.004347
57,45,0.003039
57,46,0.079019
57,47,0.042826
57,48,0.020784
57,49,0.021077
57,50,0.011594
57,51,0.043164
57,52,0.018495
57,53,0.145609
57,54,0.165046
57,55,0.331265
57,56,0.296985
57,57,0.000000
57,58,0.100302
57,59,0.068012
57,60,0.082557
57,61,0.018147
57,62,0.012562
57,63,0.015305
57,64,0.058250
57,65,0.054884
57,66,0.001524
57,67,0.027845
57,68,0.023773
57,69,0.034319
57,70,0.015738
57,71,0.010371
57,72,0.108793
57,73,0.046131
57,74,0.150418
57,75,0.049001
57,76,0.200850
57,77,0.144677
57,78,0.164480
57,79,0.085980
57,80,0.107899
57,81,0.148579
57,82,0.089618
57,83,0.135963
57,84,0.111728
57,85,0.080947
57,86,0.086731
57,87,0.063732
57,88,0.119598
57,89,0.054635
57,90,0.096453
57,91,0.003556
57,92,0.067234
57,93,0.167967
57,94,0.121940
57,95,0.041719
57,96,0.022294
57,97,0.089940
57,98,0.111738
57,99,0.049972
57,100,0.042586
57,101,0.050612
57,102,0.032121
57,103,0.047487
57,104,0.033869
57,105,0.044921
57,106,0.093109
57,107,0.123694
57,108,0.083995
57,109,0.160196
57,110,0.136545
57,111,0.074866
57,112,0.070791
57,113,0.105366
57,114,0.119034
57,115,0.183138
57,116,0.184589
57,117,0.112682
57,118,0.028472
57,119,0.070677
57,120,0.007069
57,121,0.018741
57,122,0.048951
57,123,0.117681
57,124,0.124153
57,125,0.078024
57,126,0.101309
57,127,0.135216
57,128,0.006827
57,129,0.023086
57,130,0.001280
57,131,0.185909
58,1,0.017781
58,2,0.026990
58,3,0.122485
58,4,0.102129
58,5,0.006410
58,6,0.003172
58,7,0.070317
58,8,0.022744
58,9,0.012572
58,10,0.053155
58,11,0.057306
58,12,0.023457
58,13,0.030783
58,14,0.019513
58,15,0.012002
58,16,0.045300
58,17,0.019915
58,18,0.038531
58,19,0.023761
58,20,0.007677
58,21,0.063871
58,22,0.014824
58,23,0.002272
58,24,0.013322
58,25,0.013188
58,26,0.147714
58,27,0.002209
58,28,0.026492
58,29,0.114547
58,30,0.030654
58,31,0.034874
58,32,0.008220
58,33,0.011338
58,34,0.064654
58,35,0.013684
58,36,0.035781
58,37,0.022625
58,38,0.069613
58,39,0.012658
58,40,0.030900
58,41,0.038932
58,42,0.057368
58,43,0.006101
58,44,0.054822
58,45,0.055942
58,46,0.131978
58,47,0.103801
58,48,0.070482
58,49,0.071460
58,50,0.034733
58,51,0.024195
58,52,0.000858
58,53,0.076334
58,54,0.068882
58,55,0.147441
58,56,0.204424
58,57,0.100302
58,58,0.000000
58,59,0.080613
58,60,0.049324
58,61,0.050636
58,62,0.030936
58,63,0.031337
58,64,0.065833
58,65,0.032322
58,66,0.048434
58,67,0.134985
58,68,0.153263
58,69,0.124155
58,70,0.062575
58,71,0.092959
58,72,0.138019
58,73,0.061994
58,74,0.069865
58,75,0.051438
58,76,0.174330
58,77,0.142355
58,78,0.168307
58,79,0.122165
58,80,0.107949
58,81,0.122200
58,82,0.043999
58,83,0.118649
58,84,0.146651
58,85,0.139545
58,86,0.096739
58,87,0.082264
58,88,0.112038
58,89,0.021598
58,90,0.031392
58,91,0.052629
58,92,0.083932
58,93,0.086416
58,94,0.116687
58,95,0.144873
58,96,0.166412
58,97,0.128556
58,98,0.114394
58,99,0.090867
58,100,0.076942
58,101,0.044092
58,102,0.070303
58,103,0.070152
58,104,0.049384
58,105,0.035461
58,106,0.095023
58,107,0.091352
58,108,0.042730
58,109,0.094581
58,110,0.081473
58,111,0.096328
58,112,0.074634
58,113,0.106383
58,114,0.009962
58,115,0.075886
58,116,0.078406
58,117,0.033886
58,118,0.035844
58,119,0.022174
58,120,0.028570
58,121,0.041214
58,122,0.062938
58,123,0.087305
58,124,0.049768
58,125,0.032889
58,126,0.072620
58,127,0.092720
58,128,0.022851
58,129,0.005031
58,130,0.066652
58,131,0.054207
59,1,0.011143
59,2,0.011128
59,3,0.066308
59,4,0.110859
59,5,0.030691
59,6,0.036216
59,7,0.013278
59,8,0.047862
59,9,0.000539
59,10,0.009063
59,11,0.039033
59,12,0.045104
59,13,0.042899
59,14,0.051166
59,15,0.075230
59,16,0.030822
59,17,0.045202
59,18,0.050418
59,19,0.025526
59,20,0.018415
59,21,0.062537
59,22,0.046951
59,23,0.076201
59,24,0.043389
59,25,0.044247
59,26,0.117091
59,27,0.007980
59,28,0.002882
59,29,0.071313
59,30,0.072658
59,31,0.068373
59,32,0.050274
59,33,0.010352
59,34,0.003035
59,35,0.023926
59,36,0.042820
59,37,0.017421
59,38,0.042351
59,39,0.002666
59,40,0.027031
59,41,0.023274
59,42,0.028266
59,43,0.064727
59,44,0.038701
59,45,0.086629
59,46,0.101805
59,47,0.075265
59,48,0.068233
59,49,0.049356
59,50,0.042258
59,51,0.021450
59,52,0.009635
59,53,0.020094
59,54,0.006196
59,55,0.118405
59,56,0.219199
59,57,0.068012
59,58,0.080613
59,59,0.000000
59,60,0.027069
59,61,0.012577
59,62,0.011039
59,63,0.024899
59,64,0.035267
59,65,0.019994
59,66,0.020238
59,67,0.088781
59,68,0.100465
59,69,0.080664
59,70,0.061853
59,71,0.091178
59,72,0.156510
59,73,0.049199
59,74,0.009900
59,75,0.010633
59,76,0.069666
59,77,0.049725
59,78,0.055229
59,79,0.012587
59,80,0.146771
59,81,0.132644
59,82,0.072513
59,83,0.029785
59,84,0.013488
59,85,0.002122
59,86,0.000618
59,87,0.015058
59,88,0.026724
59,89,0.000371
59,90,0.010099
59,91,0.027791
59,92,0.023946
59,93,0.005651
59,94,0.020507
59,95,0.102999
59,96,0.100827
59,97,0.043210
59,98,0.026323
59,99,0.039833
59,100,0.045273
59,101,0.035152
59,102,0.021016
59,103,0.020323
59,104,0.029131
59,105,0.008103
59,106,0.026819
59,107,0.055229
59,108,0.074644
59,109,0.087340
59,110,0.050092
59,111,0.065329
59,112,0.042451
59,113,0.073692
59,114,0.006929
59,115,0.007910
59,116,0.002988
59,117,0.016431
59,118,0.021135
59,119,0.010075
59,120,0.017882
59,121,0.020869
59,122,0.006294
59,123,0.016848
59,124,0.070547
59,125,0.052472
59,126,0.087256
59,127,0.074421
59,128,0.010096
59,129,0.069534
59,130,0.060747
59,131,0.101975
60,1,0.030582
60,2,0.017238
60,3,0.141129
60,4,0.056270
60,5,0.126336
60,6,0.068693
60,7,0.060799
60,8,0.054543
60,9,0.028195
60,10,0.052582
60,11,0.068167
60,12,0.059824
60,13,0.002144
60,14,0.012262
60,15,0.012069
60,16,0.005029
60,17,0.019446
60,18,0.042830
60,19,0.015112
60,20,0.002501
60,21,0.062283
60,22,0.001380
60,23,0.053955
60,24,0.000395
60,25,0.030916
60,26,0.148889
60,27,0.013846
60,28,0.051017
60,29,0.136390
60,30,0.004503
60,31,0.094013
60,32,0.113288
60,33,0.062590
60,34,0.035314
60,35,0.023936
60,36,0.094509
60,37,0.051071
60,38,0.019332
60,39,0.000894
60,40,0.006506
60,41,0.040278
60,42,0.013860
60,43,0.049416
60,44,0.018354
60,45,0.162847
60,46,0.140416
60,47,0.063165
60,48,0.102351
60,49,0.067638
60,50,0.004160
60,51,0.008543
60,52,0.024344
60,53,0.010194
60,54,0.009959
60,55,0.079467
60,56,0.113630
60,57,0.082557
60,58,0.049324
60,59,0.027069
60,60,0.000000
60,61,0.013238
60,62,0.065596
60,63,0.092362
60,64,0.055201
60,65,0.018782
60,66,0.030762
60,67,0.078916
60,68,0.147568
60,69,0.184970
60,70,0.049674
60,71,0.079861
60,72,0.045389
60,73,0.003133
60,74,0.033585
60,75,0.013112
60,76,0.086273
60,77,0.115451
60,78,0.095494
60,79,0.112393
60,80,0.070894
60,81,0.059895
60,82,0.029089
60,83,0.041917
60,84,0.016422
60,85,0.032763
60,86,0.015694
60,87,0.019873
60,88,0.021469
60,89,0.045531
60,90,0.049893
60,91,0.076065
60,92,0.099474
60,93,0.113366
60,94,0.111608
60,95,0.152274
60,96,0.177715
60,97,0.112378
60,98,0.087642
60,99,0.075087
60,100,0.086843
60,101,0.007396
60,102,0.017077
60,103,0.053776
60,104,0.034813
60,105,0.013687
60,106,0.089070
60,107,0.056468
60,108,0.064728
60,109,0.143574
60,110,0.108438
60,111,0.120176
60,112,0.094009
60,113,0.132954
60,114,0.033105
60,115,0.028769
60,116,0.018592
60,117,0.104099
60,118,0.134292
60,119,0.158090
60,120,0.142192
60,121,0.172744
60,122,0.123928
60,123,0.119830
60,124,0.039741
60,125,0.108685
60,126,0.098991
60,127,0.108828
60,128,0.030435
60,129,0.074392
60,130,0.113163
60,131,0.060795
61,1,0.040481
61,2,0.024100
61,3,0.103153
61,4,0.065831
61,5,0.061820
61,6,0.016317
61,7,0.006727
61,8,0.087314
61,9,0.093113
61,10,0.077727
61,11,0.106203
61,12,0.146966
61,13,0.130982
61,14,0.112870
61,15,0.123682
61,16,0.058336
61,17,0.015734
61,18,0.020691
61,19,0.034266
61,20,0.028155
61,21,0.076578
61,22,0.034708
61,23,0.103697
61,24,0.040896
61,25,0.007289
61,26,0.167243
61,27,0.000385
61,28,0.053800
61,29,0.100218
61,30,0.119448
61,31,0.207703
61,32,0.169663
61,33,0.015114
61,34,0.034201
61,35,0.084885
61,36,0.039944
61,37,0.001299
61,38,0.011722
61,39,0.015236
61,40,0.001731
61,41,0.017129
61,42,0.020614
61,43,0.041107
61,44,0.062821
61,45,0.195108
61,46,0.171617
61,47,0.106160
61,48,0.146619
61,49,0.091688
61,50,0.041224
61,51,0.017979
61,52,0.017065
61,53,0.054429
61,54,0.052457
61,55,0.046023
61,56,0.081582
61,57,0.018147
61,58,0.050636
61,59,0.012577
61,60,0.013238
61,61,0.000000
61,62,0.005386
61,63,0.040546
61,64,0.027587
61,65,0.075799
61,66,0.006814
61,67,0.090023
61,68,0.145919
61,69,0.206267
61,70,0.105766
61,71,0.104320
61,72,0.107790
61,73,0.066904
61,74,0.019553
61,75,0.032397
61,76,0.020000
61,77,0.027516
61,78,0.021228
61,79,0.030449
61,80,0.051795
61,81,0.023991
61,82,0.036819
61,83,0.065198
61,84,0.059574
61,85,0.019586
61,86,0.068371
61,87,0.081362
61,88,0.040038
61,89,0.037023
61,90,0.002620
61,91,0.038122
61,92,0.022167
61,93,0.038180
61,94,0.068589
61,95,0.065242
61,96,0.110652
61,97,0.082384
61,98,0.037639
61,99,0.037960
61,100,0.057750
61,101,0.023044
61,102,0.021068
61,103,0.026243
61,104,0.014320
61,105,0.036991
61,106,0.119425
61,107,0.103582
61,108,0.040675
61,109,0.150007
61,110,0.134105
61,111,0.154384
61,112,0.126430
61,113,0.153510
61,114,0.019130
61,115,0.011483
61,116,0.037268
61,117,0.088061
61,118,0.100687
61,119,0.125616
61,120,0.132055
61,121,0.183963
61,122,0.115236
61,123,0.060599
61,124,0.011929
61,125,0.020277
61,126,0.062838
61,127,0.062885
61,128,0.018372
61,129,0.050621
61,130,0.095055
61,131,0.026933
62,1,0.039965
62,2,0.009814
62,3,0.041509
62,4,0.078130
62,5,0.041507
62,6,0.087000
62,7,0.054643
62,8,0.098839
62,9,0.071038
62,10,0.053253
62,11,0.059785
62,12,0.124996
62,13,0.162959
62,14,0.179958
62,15,0.197922
62,16,0.046935
62,17,0.021541
62,18,0.007294
62,19,0.000215
62,20,0.004133
62,21,0.023254
62,22,0.142997
62,23,0.214704
62,24,0.141000
62,25,0.126915
62,26,0.279496
62,27,0.011051
62,28,0.014393
62,29,0.073241
62,30,0.181282
62,31,0.193901
62,32,0.146368
62,33,0.016937
62,34,0.031349
62,35,0.125519
62,36,0.057326
62,37,0.060311
62,38,0.029531
62,39,0.011713
62,40,0.009572
62,41,0.000757
62,42,0.052351
62,43,0.056656
62,44,0.110309
62,45,0.281714
62,46,0.235500
62,47,0.149043
62,48,0.166409
62,49,0.090492
62,50,0.047149
62,51,0.000543
62,52,0.001661
62,53,0.077717
62,54,0.102052
62,55,0.013576
62,56,0.117680
62,57,0.012562
62,58,0.030936
62,59,0.011039
62,60,0.065596
62,61,0.005386
62,62,0.000000
62,63,0.096892
62,64,0.035501
62,65,0.061738
62,66,0.029003
62,67,0.138324
62,68,0.189810
62,69,0.211290
62,70,0.130345
62,71,0.123285
62,72,0.131344
62,73,0.085211
62,74,0.085498
62,75,0.082440
62,76,0.034761
62,77,0.010790
62,78,0.029179
62,79,0.038391
62,80,0.110907
62,81,0.122492
62,82,0.045705
62,83,0.005894
62,84,0.035304
62,85,0.022302
62,86,0.007142
62,87,0.023778
62,88,0.022540
62,89,0.094359
62,90,0.057245
62,91,0.007089
62,92,0.017232
62,93,0.005221
62,94,0.012140
62,95,0.033353
62,96,0.058125
62,97,0.037265
62,98,0.001789
62,99,0.006869
62,100,0.044761
62,101,0.045543
62,102,0.091817
62,103,0.051755
62,104,0.026768
62,105,0.049157
62,106,0.157093
62,107,0.159843
62,108,0.000596
62,109,0.124552
62,110,0.136573
62,111,0.139219
62,112,0.109224
62,113,0.136277
62,114,0.058179
62,115,0.048075
62,116,0.005448
62,117,0.015964
62,118,0.029733
62,119,0.031418
62,120,0.071445
62,121,0.094145
62,122,0.053094
62,123,0.017972
62,124,0.022745
62,125,0.023707
62,126,0.057282
62,127,0.056569
62,128,0.027630
62,129,0.017185
62,130,0.088179
62,131,0.039711
63,1,0.018172
63,2,0.004768
63,3,0.023865
63,4,0.046788
63,5,0.006209
63,6,0.044803
63,7,0.028851
63,8,0.034381
63,9,0.007332
63,10,0.046669
63,11,0.052869
63,12,0.038399
63,13,0.081813
63,14,0.079511
63,15,0.098054
63,16,0.030388
63,17,0.041798
63,18,0.011642
63,19,0.000221
63,20,0.010332
63,21,0.007377
63,22,0.089741
63,23,0.099479
63,24,0.078927
63,25,0.089560
63,26,0.123177
63,27,0.023748
63,28,0.042117
63,29,0.057308
63,30,0.079978
63,31,0.080138
63,32,0.049921
63,33,0.051971
63,34,0.089335
63,35,0.105688
63,36,0.184540
63,37,0.186595
63,38,0.127920
63,39,0.022121
63,40,0.040319
63,41,0.002650
63,42,0.022016
63,43,0.043696
63,44,0.059946
63,45,0.126821
63,46,0.113379
63,47,0.067975
63,48,0.088455
63,49,0.033574
63,50,0.007249
63,51,0.015289
63,52,0.004371
63,53,0.035488
63,54,0.048974
63,55,0.063110
63,56,0.022199
63,57,0.015305
63,58,0.031337
63,59,0.024899
63,60,0.092362
63,61,0.040546
63,62,0.096892
63,63,0.000000
63,64,0.126252
63,65,0.067476
63,66,0.059643
63,67,0.054193
63,68,0.062948
63,69,0.097567
63,70,0.063387
63,71,0.069337
63,72,0.035770
63,73,0.047136
63,74,0.074315
63,75,0.076351
63,76,0.044911
63,77,0.012680
63,78,0.006026
63,79,0.001710
63,80,0.073899
63,81,0.102914
63,82,0.050904
63,83,0.002458
63,84,0.019890
63,85,0.032177
63,86,0.037496
63,87,0.059128
63,88,0.022457
63,89,0.013178
63,90,0.006072
63,91,0.021136
63,92,0.047634
63,93,0.079316
63,94,0.072632
63,95,0.078203
63,96,0.063865
63,97,0.049863
63,98,0.023007
63,99,0.028435
63,100,0.014716
63,101,0.024523
63,102,0.068948
63,103,0.030978
63,104,0.007948
63,105,0.000192
63,106,0.010009
63,107,0.025713
63,108,0.069646
63,109,0.002071
63,110,0.021175
63,111,0.012627
63,112,0.014084
63,113,0.016822
63,114,0.019548
63,115,0.035111
63,116,0.041778
63,117,0.000873
63,118,0.011583
63,119,0.016889
63,120,0.026550
63,121,0.002630
63,122,0.014690
63,123,0.014229
63,124,0.001183
63,125,0.033323
63,126,0.044639
63,127,0.066809
63,128,0.038519
63,129,0.033428
63,130,0.008117
63,131,0.085447
64,1,0.063795
64,2,0.034091
64,3,0.006644
64,4,0.015807
64,5,0.010236
64,6,0.026307
64,7,0.003318
64,8,0.005420
64,9,0.040818
64,10,0.037203
64,11,0.031781
64,12,0.054456
64,13,0.103841
64,14,0.104682
64,15,0.114330
64,16,0.039746
64,17,0.011515
64,18,0.012427
64,19,0.010545
64,20,0.041441
64,21,0.072309
64,22,0.207165
64,23,0.182238
64,24,0.197179
64,25,0.203481
64,26,0.134417
64,27,0.075439
64,28,0.013511
64,29,0.009018
64,30,0.086713
64,31,0.100175
64,32,0.056541
64,33,0.013789
64,34,0.032471
64,35,0.047608
64,36,0.044917
64,37,0.076690
64,38,0.013977
64,39,0.018073
64,40,0.015159
64,41,0.015795
64,42,0.052832
64,43,0.054774
64,44,0.098808
64,45,0.131729
64,46,0.109689
64,47,0.090238
64,48,0.000943
64,49,0.009255
64,50,0.013620
64,51,0.037173
64,52,0.012001
64,53,0.044456
64,54,0.122360
64,55,0.059145
64,56,0.088109
64,57,0.058250
64,58,0.065833
64,59,0.035267
64,60,0.055201
64,61,0.027587
64,62,0.035501
64,63,0.126252
64,64,0.000000
64,65,0.042837
64,66,0.036805
64,67,0.042383
64,68,0.023162
64,69,0.050407
64,70,0.081833
64,71,0.119684
64,72,0.118968
64,73,0.065019
64,74,0.055611
64,75,0.120231
64,76,0.143463
64,77,0.090176
64,78,0.035479
64,79,0.036341
64,80,0.085030
64,81,0.153533
64,82,0.058517
64,83,0.029069
64,84,0.007093
64,85,0.025333
64,86,0.035028
64,87,0.053704
64,88,0.001545
64,89,0.009108
64,90,0.061717
64,91,0.076136
64,92,0.069609
64,93,0.042535
64,94,0.065928
64,95,0.002049
64,96,0.021233
64,97,0.028835
64,98,0.007389
64,99,0.003856
64,100,0.072346
64,101,0.035103
64,102,0.007633
64,103,0.035372
64,104,0.075230
64,105,0.031294
64,106,0.025783
64,107,0.023029
64,108,0.158016
64,109,0.077564
64,110,0.048449
64,111,0.051825
64,112,0.078318
64,113,0.013797
64,114,0.054709
64,115,0.033527
64,116,0.061903
64,117,0.076621
64,118,0.023764
64,119,0.043651
64,120,0.010601
64,121,0.052192
64,122,0.061154
64,123,0.057092
64,124,0.056155
64,125,0.066705
64,126,0.102751
64,127,0.068953
64,128,0.005602
64,129,0.021679
64,130,0.036098
64,131,0.128044
65,1,0.033073
65,2,0.028697
65,3,0.038093
65,4,0.041577
65,5,0.084941
65,6,0.107857
65,7,0.118210
65,8,0.136521
65,9,0.015985
65,10,0.042183
65,11,0.172902
65,12,0.183983
65,13,0.204066
65,14,0.201876
65,15,0.198145
65,16,0.048509
65,17,0.079344
65,18,0.048517
65,19,0.070485
65,20,0.096233
65,21,0.072691
65,22,0.269234
65,23,0.288284
65,24,0.318298
65,25,0.359130
65,26,0.277126
65,27,0.089861
65,28,0.007607
65,29,0.020069
65,30,0.164163
65,31,0.190355
65,32,0.180959
65,33,0.055875
65,34,0.100870
65,35,0.232978
65,36,0.049676
65,37,0.007867
65,38,0.026612
65,39,0.026068
65,40,0.009718
65,41,0.078702
65,42,0.006409
65,43,0.156892
65,44,0.186426
65,45,0.243953
65,46,0.149608
65,47,0.076126
65,48,0.083665
65,49,0.021716
65,50,0.033441
65,51,0.019610
65,52,0.007758
65,53,0.135863
65,54,0.233010
65,55,0.132271
65,56,0.000739
65,57,0.054884
65,58,0.032322
65,59,0.019994
65,60,0.018782
65,61,0.075799
65,62,0.061738
65,63,0.067476
65,64,0.042837
65,65,0.000000
65,66,0.106819
65,67,0.124827
65,68,0.123089
65,69,0.043433
65,70,0.062106
65,71,0.039892
65,72,0.112446
65,73,0.012617
65,74,0.079190
65,75,0.257320
65,76,0.118792
65,77,0.151527
65,78,0.038719
65,79,0.070853
65,80,0.066565
65,81,0.122845
65,82,0.006623
65,83,0.104477
65,84,0.073717
65,85,0.075793
65,86,0.010829
65,87,0.000643
65,88,0.004983
65,89,0.130127
65,90,0.157821
65,91,0.035663
65,92,0.113020
65,93,0.175583
65,94,0.157760
65,95,0.131799
65,96,0.097007
65,97,0.084572
65,98,0.106840
65,99,0.122932
65,100,0.022718
65,101,0.022788
65,102,0.017185
65,103,0.010809
65,104,0.005961
65,105,0.038141
65,106,0.134551
65,107,0.166881
65,108,0.074517
65,109,0.018002
65,110,0.007946
65,111,0.068491
65,112,0.037872
65,113,0.158111
65,114,0.276473
65,115,0.225836
65,116,0.173160
65,117,0.066743
65,118,0.026035
65,119,0.045114
65,120,0.001224
65,121,0.009995
65,122,0.030651
65,123,0.009716
65,124,0.066237
65,125,0.005891
65,126,0.065396
65,127,0.087163
65,128,0.048383
65,129,0.002260
65,130,0.081578
65,131,0.150517
66,1,0.060961
66,2,0.002684
66,3,0.037168
66,4,0.077581
66,5,0.092747
66,6,0.104607
66,7,0.033970
66,8,0.051950
66,9,0.053665
66,10,0.025319
66,11,0.030801
66,12,0.104830
66,13,0.178414
66,14,0.207976
66,15,0.217729
66,16,0.092571
66,17,0.064260
66,18,0.081653
66,19,0.083694
66,20,0.039070
66,21,0.047745
66,22,0.129391
66,23,0.147662
66,24,0.116940
66,25,0.090431
66,26,0.250626
66,27,0.024485
66,28,0.027218
66,29,0.034935
66,30,0.217546
66,31,0.249310
66,32,0.183062
66,33,0.030706
66,34,0.032059
66,35,0.186032
66,36,0.041829
66,37,0.025016
66,38,0.060811
66,39,0.035510
66,40,0.009896
66,41,0.026165
66,42,0.038094
66,43,0.092154
66,44,0.172861
66,45,0.280481
66,46,0.213115
66,47,0.132691
66,48,0.100947
66,49,0.031019
66,50,0.007104
66,51,0.029061
66,52,0.039788
66,53,0.081231
66,54,0.154151
66,55,0.077097
66,56,0.022633
66,57,0.001524
66,58,0.048434
66,59,0.020238
66,60,0.030762
66,61,0.006814
66,62,0.029003
66,63,0.059643
66,64,0.036805
66,65,0.106819
66,66,0.000000
66,67,0.021028
66,68,0.136666
66,69,0.117953
66,70,0.098019
66,71,0.101347
66,72,0.133452
66,73,0.079935
66,74,0.121716
66,75,0.200943
66,76,0.108977
66,77,0.098304
66,78,0.013584
66,79,0.056384
66,80,0.086984
66,81,0.113792
66,82,0.016198
66,83,0.060157
66,84,0.009958
66,85,0.018232
66,86,0.013096
66,87,0.039479
66,88,0.017410
66,89,0.102553
66,90,0.086336
66,91,0.014765
66,92,0.041395
66,93,0.008162
66,94,0.021496
66,95,0.005438
66,96,0.036691
66,97,0.060542
66,98,0.030143
66,99,0.013060
66,100,0.059255
66,101,0.017745
66,102,0.026786
66,103,0.022174
66,104,0.013409
66,105,0.048210
66,106,0.194860
66,107,0.166622
66,108,0.066338
66,109,0.061253
66,110,0.093792
66,111,0.106075
66,112,0.074336
66,113,0.128226
66,114,0.157798
66,115,0.092734
66,116,0.030423
66,117,0.039739
66,118,0.078474
66,119,0.083914
66,120,0.102620
66,121,0.171230
66,122,0.080977
66,123,0.066782
66,124,0.081514
66,125,0.010747
66,126,0.092719
66,127,0.098734
66,128,0.124358
66,129,0.012236
66,130,0.039825
66,131,0.049384
67,1,0.064137
67,2,0.008427
67,3,0.062787
67,4,0.074305
67,5,0.095589
67,6,0.045199
67,7,0.017678
67,8,0.087689
67,9,0.098570
67,10,0.056879
67,11,0.081367
67,12,0.140825
67,13,0.172087
67,14,0.182141
67,15,0.196640
67,16,0.125596
67,17,0.100913
67,18,0.145097
67,19,0.152626
67,20,0.112225
67,21,0.128213
67,22,0.055044
67,23,0.098168
67,24,0.051935
67,25,0.020038
67,26,0.113593
67,27,0.016515
67,28,0.035002
67,29,0.050221
67,30,0.198222
67,31,0.274280
67,32,0.199068
67,33,0.038263
67,34,0.063236
67,35,0.144611
67,36,0.066434
67,37,0.092631
67,38,0.044368
67,39,0.020702
67,40,0.016023
67,41,0.007629
67,42,0.045223
67,43,0.023622
67,44,0.021409
67,45,0.214903
67,46,0.176592
67,47,0.068281
67,48,0.082353
67,49,0.071663
67,50,0.010933
67,51,0.019992
67,52,0.038366
67,53,0.074056
67,54,0.126449
67,55,0.065217
67,56,0.003289
67,57,0.027845
67,58,0.134985
67,59,0.088781
67,60,0.078916
67,61,0.090023
67,62,0.138324
67,63,0.054193
67,64,0.042383
67,65,0.124827
67,66,0.021028
67,67,0.000000
67,68,0.049279
67,69,0.116232
67,70,0.157137
67,71,0.130268
67,72,0.104062
67,73,0.101441
67,74,0.070574
67,75,0.083769
67,76,0.103339
67,77,0.065925
67,78,0.047916
67,79,0.005122
67,80,0.058129
67,81,0.018543
67,82,0.103605
67,83,0.118304
67,84,0.080619
67,85,0.070365
67,86,0.105829
67,87,0.065686
67,88,0.057289
67,89,0.081220
67,90,0.008904
67,91,0.074738
67,92,0.027969
67,93,0.042638
67,94,0.106910
67,95,0.074567
67,96,0.090540
67,97,0.121068
67,98,0.079657
67,99,0.014828
67,100,0.053133
67,101,0.022099
67,102,0.004073
67,103,0.002389
67,104,0.018301
67,105,0.083948
67,106,0.172715
67,107,0.098537
67,108,0.071825
67,109,0.119292
67,110,0.135959
67,111,0.121289
67,112,0.090926
67,113,0.104712
67,114,0.016308
67,115,0.006209
67,116,0.067872
67,117,0.094502
67,118,0.147847
67,119,0.162000
67,120,0.152074
67,121,0.227538
67,122,0.082450
67,123,0.085552
67,124,0.062198
67,125,0.019629
67,126,0.048313
67,127,0.038979
67,128,0.113878
67,129,0.097768
67,130,0.026753
67,131,0.098081
68,1,0.069708
68,2,0.031125
68,3,0.076375
68,4,0.050920
68,5,0.038676
68,6,0.011947
68,7,0.013722
68,8,0.082456
68,9,0.134482
68,10,0.105658
68,11,0.109688
68,12,0.155052
68,13,0.146862
68,14,0.149464
68,15,0.158774
68,16,0.090073
68,17,0.064401
68,18,0.071649
68,19,0.101934
68,20,0.099068
68,21,0.117941
68,22,0.056886
68,23,0.108892
68,24,0.060989
68,25,0.014715
68,26,0.126683
68,27,0.020065
68,28,0.027768
68,29,0.055718
68,30,0.162548
68,31,0.236330
68,32,0.206271
68,33,0.019112
68,34,0.099070
68,35,0.103172
68,36,0.107751
68,37,0.173652
68,38,0.107010
68,39,0.014751
68,40,0.046577
68,41,0.030219
68,42,0.008874
68,43,0.042955
68,44,0.002080
68,45,0.206011
68,46,0.173629
68,47,0.087167
68,48,0.103047
68,49,0.061073
68,50,0.053842
68,51,0.036246
68,52,0.060659
68,53,0.065531
68,54,0.090193
68,55,0.034903
68,56,0.091012
68,57,0.023773
68,58,0.153263
68,59,0.100465
68,60,0.147568
68,61,0.145919
68,62,0.189810
68,63,0.062948
68,64,0.023162
68,65,0.123089
68,66,0.136666
68,67,0.049279
68,68,0.000000
68,69,0.079157
68,70,0.139315
68,71,0.103862
68,72,0.090639
68,73,0.049395
68,74,0.076583
68,75,0.044197
68,76,0.046078
68,77,0.035759
68,78,0.020349
68,79,0.027846
68,80,0.042613
68,81,0.036243
68,82,0.111334
68,83,0.122858
68,84,0.090130
68,85,0.096929
68,86,0.128780
68,87,0.098941
68,88,0.072490
68,89,0.093258
68,90,0.004030
68,91,0.093224
68,92,0.048030
68,93,0.042621
68,94,0.114604
68,95,0.094360
68,96,0.111265
68,97,0.134867
68,98,0.110207
68,99,0.051278
68,100,0.057834
68,101,0.032408
68,102,0.024734
68,103,0.011415
68,104,0.013924
68,105,0.083182
68,106,0.195312
68,107,0.111946
68,108,0.059787
68,109,0.151808
68,110,0.161422
68,111,0.148561
68,112,0.117950
68,113,0.145007
68,114,0.009026
68,115,0.000306
68,116,0.069548
68,117,0.110043
68,118,0.224842
68,119,0.201731
68,120,0.186702
68,121,0.244820
68,122,0.114903
68,123,0.108368
68,124,0.060087
68,125,0.037450
68,126,0.050031
68,127,0.024887
68,128,0.081973
68,129,0.102985
68,130,0.045790
68,131,0.083681
69,1,0.036562
69,2,0.036472
69,3,0.138908
69,4,0.093683
69,5,0.091695
69,6,0.038436
69,7,0.044827
69,8,0.032054
69,9,0.080587
69,10,0.082184
69,11,0.105323
69,12,0.116122
69,13,0.051494
69,14,0.046208
69,15,0.065941
69,16,0.029456
69,17,0.048908
69,18,0.027194
69,19,0.004143
69,20,0.038824
69,21,0.057370
69,22,0.157710
69,23,0.177099
69,24,0.131852
69,25,0.095044
69,26,0.063712
69,27,0.028859
69,28,0.025719
69,29,0.061529
69,30,0.064733
69,31,0.143277
69,32,0.121572
69,33,0.032164
69,34,0.008129
69,35,0.134909
69,36,0.109051
69,37,0.159977
69,38,0.092629
69,39,0.021559
69,40,0.023672
69,41,0.098391
69,42,0.067527
69,43,0.013990
69,44,0.001036
69,45,0.171231
69,46,0.124631
69,47,0.095834
69,48,0.086059
69,49,0.016925
69,50,0.032975
69,51,0.016764
69,52,0.012969
69,53,0.012037
69,54,0.069444
69,55,0.112005
69,56,0.023624
69,57,0.034319
69,58,0.124155
69,59,0.080664
69,60,0.184970
69,61,0.206267
69,62,0.211290
69,63,0.097567
69,64,0.050407
69,65,0.043433
69,66,0.117953
69,67,0.116232
69,68,0.079157
69,69,0.000000
69,70,0.061015
69,71,0.054737
69,72,0.073970
69,73,0.031451
69,74,0.049810
69,75,0.002930
69,76,0.020803
69,77,0.026736
69,78,0.003808
69,79,0.087788
69,80,0.091463
69,81,0.000054
69,82,0.080392
69,83,0.074188
69,84,0.080010
69,85,0.093096
69,86,0.082416
69,87,0.060014
69,88,0.037590
69,89,0.037154
69,90,0.041414
69,91,0.063885
69,92,0.051383
69,93,0.051627
69,94,0.102262
69,95,0.122197
69,96,0.100392
69,97,0.121463
69,98,0.136360
69,99,0.102909
69,100,0.054332
69,101,0.068067
69,102,0.045044
69,103,0.011632
69,104,0.012163
69,105,0.071121
69,106,0.149198
69,107,0.139916
69,108,0.044681
69,109,0.158596
69,110,0.180626
69,111,0.189372
69,112,0.162945
69,113,0.171255
69,114,0.008474
69,115,0.028724
69,116,0.018579
69,117,0.079169
69,118,0.149170
69,119,0.096076
69,120,0.091199
69,121,0.126239
69,122,0.064493
69,123,0.046191
69,124,0.023816
69,125,0.008403
69,126,0.040326
69,127,0.037261
69,128,0.018525
69,129,0.054927
69,130,0.070853
69,131,0.040258
70,1,0.001013
70,2,0.023441
70,3,0.047834
70,4,0.039263
70,5,0.112948
70,6,0.016072
70,7,0.051855
70,8,0.059640
70,9,0.086955
70,10,0.074710
70,11,0.104833
70,12,0.131530
70,13,0.119790
70,14,0.125474
70,15,0.104835
70,16,0.031711
70,17,0.065230
70,18,0.061269
70,19,0.062059
70,20,0.045515
70,21,0.060728
70,22,0.212229
70,23,0.223370
70,24,0.209841
70,25,0.184351
70,26,0.109820
70,27,0.026774
70,28,0.007654
70,29,0.054944
70,30,0.083156
70,31,0.130301
70,32,0.137845
70,33,0.000066
70,34,0.034591
70,35,0.144531
70,36,0.061255
70,37,0.084261
70,38,0.072423
70,39,0.061173
70,40,0.032228
70,41,0.082594
70,42,0.024473
70,43,0.037904
70,44,0.070154
70,45,0.157071
70,46,0.133491
70,47,0.115510
70,48,0.058223
70,49,0.009306
70,50,0.036132
70,51,0.009711
70,52,0.008343
70,53,0.024279
70,54,0.105389
70,55,0.132326
70,56,0.035647
70,57,0.015738
70,58,0.062575
70,59,0.061853
70,60,0.049674
70,61,0.105766
70,62,0.130345
70,63,0.063387
70,64,0.081833
70,65,0.062106
70,66,0.098019
70,67,0.157137
70,68,0.139315
70,69,0.061015
70,70,0.000000
70,71,0.012318
70,72,0.052416
70,73,0.078974
70,74,0.018601
70,75,0.055397
70,76,0.059851
70,77,0.101236
70,78,0.029207
70,79,0.068877
70,80,0.168846
70,81,0.078888
70,82,0.008363
70,83,0.049129
70,84,0.051557
70,85,0.116673
70,86,0.087991
70,87,0.050298
70,88,0.035256
70,89,0.047230
70,90,0.030154
70,91,0.015084
70,92,0.003287
70,93,0.005287
70,94,0.019568
70,95,0.029422
70,96,0.006250
70,97,0.006958
70,98,0.016680
70,99,0.017554
70,100,0.035341
70,101,0.020024
70,102,0.002411
70,103,0.005082
70,104,0.014405
70,105,0.075586
70,106,0.126133
70,107,0.134050
70,108,0.061729
70,109,0.085369
70,110,0.130177
70,111,0.160044
70,112,0.116366
70,113,0.173411
70,114,0.110020
70,115,0.067384
70,116,0.073954
70,117,0.041966
70,118,0.034247
70,119,0.002960
70,120,0.004738
70,121,0.011165
70,122,0.019214
70,123,0.037075
70,124,0.034250
70,125,0.008847
70,126,0.008762
70,127,0.028719
70,128,0.006881
70,129,0.030450
70,130,0.034151
70,131,0.061079
71,1,0.017190
71,2,0.050190
71,3,0.088293
71,4,0.083930
71,5,0.061409
71,6,0.035545
71,7,0.030409
71,8,0.002282
71,9,0.057190
71,10,0.060072
71,11,0.077465
71,12,0.105985
71,13,0.062058
71,14,0.060879
71,15,0.027956
71,16,0.006275
71,17,0.029273
71,18,0.034881
71,19,0.005410
71,20,0.036625
71,21,0.004243
71,22,0.123518
71,23,0.146460
71,24,0.092595
71,25,0.054641
71,26,0.132507
71,27,0.029121
71,28,0.025463
71,29,0.005381
71,30,0.022562
71,31,0.116790
71,32,0.127839
71,33,0.014715
71,34,0.011980
71,35,0.101312
71,36,0.097588
71,37,0.125046
71,38,0.108097
71,39,0.007584
71,40,0.018482
71,41,0.043315
71,42,0.032061
71,43,0.052468
71,44,0.112398
71,45,0.164460
71,46,0.140853
71,47,0.148174
71,48,0.100686
71,49,0.086691
71,50,0.100766
71,51,0.053836
71,52,0.040204
71,53,0.021497
71,54,0.011302
71,55,0.062706
71,56,0.039191
71,57,0.010371
71,58,0.092959
71,59,0.091178
71,60,0.079861
71,61,0.104320
71,62,0.123285
71,63,0.069337
71,64,0.119684
71,65,0.039892
71,66,0.101347
71,67,0.130268
71,68,0.103862
71,69,0.054737
71,70,0.012318
71,71,0.000000
71,72,0.067339
71,73,0.069478
71,74,0.027499
71,75,0.031061
71,76,0.019632
71,77,0.044839
71,78,0.031299
71,79,0.023109
71,80,0.060043
71,81,0.020422
71,82,0.048648
71,83,0.044858
71,84,0.050854
71,85,0.075042
71,86,0.053991
71,87,0.058292
71,88,0.082738
71,89,0.040561
71,90,0.051789
71,91,0.001635
71,92,0.022499
71,93,0.044569
71,94,0.029204
71,95,0.058471
71,96,0.042927
71,97,0.052306
71,98,0.065859
71,99,0.060540
71,100,0.097604
71,101,0.063214
71,102,0.037119
71,103,0.034795
71,104,0.046335
71,105,0.054744
71,106,0.096185
71,107,0.054281
71,108,0.046694
71,109,0.024402
71,110,0.025676
71,111,0.055267
71,112,0.011179
71,113,0.124646
71,114,0.000125
71,115,0.028876
71,116,0.066649
71,117,0.018753
71,118,0.115183
71,119,0.105710
71,120,0.089103
71,121,0.072026
71,122,0.009648
71,123,0.045057
71,124,0.110336
71,125,0.001289
71,126,0.003699
71,127,0.019980
71,128,0.004306
71,129,0.013843
71,130,0.008630
71,131,0.035968
72,1,0.043604
72,2,0.001376
72,3,0.032422
72,4,0.053616
72,5,0.030725
72,6,0.017408
72,7,0.033087
72,8,0.054323
72,9,0.102720
72,10,0.092488
72,11,0.083826
72,12,0.125479
72,13,0.114965
72,14,0.124312
72,15,0.102745
72,16,0.074667
72,17,0.040689
72,18,0.022257
72,19,0.063646
72,20,0.073014
72,21,0.035672
72,22,0.074709
72,23,0.108045
72,24,0.043932
72,25,0.014821
72,26,0.148902
72,27,0.001551
72,28,0.047334
72,29,0.023679
72,30,0.089325
72,31,0.140194
72,32,0.151390
72,33,0.023527
72,34,0.013173
72,35,0.084297
72,36,0.099892
72,37,0.125553
72,38,0.119052
72,39,0.005895
72,40,0.034323
72,41,0.007576
72,42,0.021845
72,43,0.092226
72,44,0.157142
72,45,0.207698
72,46,0.177063
72,47,0.154191
72,48,0.115947
72,49,0.127902
72,50,0.086364
72,51,0.079188
72,52,0.053936
72,53,0.046859
72,54,0.065942
72,55,0.095834
72,56,0.044572
72,57,0.108793
72,58,0.138019
72,59,0.156510
72,60,0.045389
72,61,0.107790
72,62,0.131344
72,63,0.035770
72,64,0.118968
72,65,0.112446
72,66,0.133452
72,67,0.104062
72,68,0.090639
72,69,0.073970
72,70,0.052416
72,71,0.067339
72,72,0.000000
72,73,0.103442
72,74,0.021870
72,75,0.004048
72,76,0.071492
72,77,0.066841
72,78,0.065461
72,79,0.045619
72,80,0.086054
72,81,0.052996
72,82,0.042188
72,83,0.035360
72,84,0.000243
72,85,0.019045
72,86,0.039800
72,87,0.021528
72,88,0.057474
72,89,0.044691
72,90,0.018268
72,91,0.024025
72,92,0.005519
72,93,0.041610
72,94,0.029614
72,95,0.038614
72,96,0.034974
72,97,0.078347
72,98,0.077863
72,99,0.038278
72,100,0.089343
72,101,0.062398
72,102,0.029034
72,103,0.028523
72,104,0.061064
72,105,0.027319
72,106,0.097623
72,107,0.051381
72,108,0.086375
72,109,0.002325
72,110,0.004569
72,111,0.016844
72,112,0.028900
72,113,0.116703
72,114,0.008174
72,115,0.057834
72,116,0.108892
72,117,0.053052
72,118,0.121872
72,119,0.128123
72,120,0.073617
72,121,0.111571
72,122,0.003675
72,123,0.048109
72,124,0.071701
72,125,0.033933
72,126,0.030436
72,127,0.065154
72,128,0.008456
72,129,0.001162
72,130,0.028762
72,131,0.009892
73,1,0.062679
73,2,0.083098
73,3,0.035751
73,4,0.077835
73,5,0.029321
73,6,0.077260
73,7,0.083818
73,8,0.048983
73,9,0.141052
73,10,0.070398
73,11,0.067131
73,12,0.011950
73,13,0.012391
73,14,0.014212
73,15,0.000469
73,16,0.054200
73,17,0.074953
73,18,0.034294
73,19,0.085860
73,20,0.039661
73,21,0.020012
73,22,0.108432
73,23,0.137851
73,24,0.076571
73,25,0.058660
73,26,0.059593
73,27,0.050235
73,28,0.037342
73,29,0.005291
73,30,0.013908
73,31,0.064722
73,32,0.091819
73,33,0.031203
73,34,0.037684
73,35,0.100934
73,36,0.051791
73,37,0.063037
73,38,0.018634
73,39,0.033102
73,40,0.002103
73,41,0.001888
73,42,0.068353
73,43,0.031967
73,44,0.061491
73,45,0.124312
73,46,0.071093
73,47,0.124299
73,48,0.027318
73,49,0.037092
73,50,0.051010
73,51,0.057275
73,52,0.009063
73,53,0.083416
73,54,0.165543
73,55,0.239703
73,56,0.173638
73,57,0.046131
73,58,0.061994
73,59,0.049199
73,60,0.003133
73,61,0.066904
73,62,0.085211
73,63,0.047136
73,64,0.065019
73,65,0.012617
73,66,0.079935
73,67,0.101441
73,68,0.049395
73,69,0.031451
73,70,0.078974
73,71,0.069478
73,72,0.103442
73,73,0.000000
73,74,0.142859
73,75,0.039070
73,76,0.065434
73,77,0.080532
73,78,0.027507
73,79,0.010894
73,80,0.096171
73,81,0.042433
73,82,0.092559
73,83,0.101776
73,84,0.006308
73,85,0.002127
73,86,0.020956
73,87,0.003817
73,88,0.094266
73,89,0.082896
73,90,0.079522
73,91,0.038922
73,92,0.048123
73,93,0.119163
73,94,0.073483
73,95,0.071207
73,96,0.067582
73,97,0.118717
73,98,0.135027
73,99,0.095599
73,100,0.080807
73,101,0.098458
73,102,0.055332
73,103,0.056107
73,104,0.088978
73,105,0.017022
73,106,0.013796
73,107,0.079134
73,108,0.181114
73,109,0.140502
73,110,0.149099
73,111,0.125978
73,112,0.082924
73,113,0.005716
73,114,0.097197
73,115,0.122509
73,116,0.200678
73,117,0.105230
73,118,0.166857
73,119,0.112249
73,120,0.136758
73,121,0.101467
73,122,0.033206
73,123,0.019462
73,124,0.056534
73,125,0.026486
73,126,0.011017
73,127,0.007118
73,128,0.113429
73,129,0.091406
73,130,0.105060
73,131,0.194786
74,1,0.055018
74,2,0.087254
74,3,0.068329
74,4,0.086503
74,5,0.022930
74,6,0.024957
74,7,0.040143
74,8,0.000069
74,9,0.084571
74,10,0.010099
74,11,0.009138
74,12,0.073925
74,13,0.063191
74,14,0.038936
74,15,0.022202
74,16,0.028359
74,17,0.040088
74,18,0.008854
74,19,0.024787
74,20,0.031899
74,21,0.022231
74,22,0.095358
74,23,0.106482
74,24,0.090457
74,25,0.108819
74,26,0.117321
74,27,0.002521
74,28,0.052650
74,29,0.009825
74,30,0.026454
74,31,0.008637
74,32,0.010515
74,33,0.085770
74,34,0.023655
74,35,0.040601
74,36,0.100681
74,37,0.078639
74,38,0.018183
74,39,0.030728
74,40,0.041759
74,41,0.022100
74,42,0.004168
74,43,0.033039
74,44,0.030739
74,45,0.060841
74,46,0.009716
74,47,0.020459
74,48,0.004008
74,49,0.075666
74,50,0.020336
74,51,0.059496
74,52,0.133594
74,53,0.069051
74,54,0.035457
74,55,0.083459
74,56,0.026660
74,57,0.150418
74,58,0.069865
74,59,0.009900
74,60,0.033585
74,61,0.019553
74,62,0.085498
74,63,0.074315
74,64,0.055611
74,65,0.079190
74,66,0.121716
74,67,0.070574
74,68,0.076583
74,69,0.049810
74,70,0.018601
74,71,0.027499
74,72,0.021870
74,73,0.142859
74,74,0.000000
74,75,0.119907
74,76,0.021201
74,77,0.027265
74,78,0.031019
74,79,0.041316
74,80,0.098355
74,81,0.053087
74,82,0.093369
74,83,0.081903
74,84,0.089642
74,85,0.076788
74,86,0.002706
74,87,0.068653
74,88,0.037538
74,89,0.134017
74,90,0.078086
74,91,0.007927
74,92,0.015936
74,93,0.067767
74,94,0.035761
74,95,0.038869
74,96,0.055521
74,97,0.066765
74,98,0.083117
74,99,0.070389
74,100,0.024854
74,101,0.046825
74,102,0.032195
74,103,0.018400
74,104,0.043704
74,105,0.006299
74,106,0.000682
74,107,0.041518
74,108,0.030004
74,109,0.010400
74,110,0.005966
74,111,0.005178
74,112,0.044879
74,113,0.012385
74,114,0.041972
74,115,0.077837
74,116,0.119480
74,117,0.086140
74,118,0.006229
74,119,0.036431
74,120,0.021732
74,121,0.041199
74,122,0.022645
74,123,0.009934
74,124,0.011402
74,125,0.061869
74,126,0.087993
74,127,0.078583
74,128,0.076786
74,129,0.027646
74,130,0.059502
74,131,0.197245
75,1,0.030947
75,2,0.004412
75,3,0.047654
75,4,0.084771
75,5,0.034755
75,6,0.036543
75,7,0.071171
75,8,0.079794
75,9,0.049805
75,10,0.024155
75,11,0.106395
75,12,0.095849
75,13,0.073947
75,14,0.080744
75,15,0.086603
75,16,0.010605
75,17,0.039827
75,18,0.027314
75,19,0.021339
75,20,0.021822
75,21,0.024889
75,22,0.152030
75,23,0.183920
75,24,0.156041
75,25,0.170445
75,26,0.150288
75,27,0.013084
75,28,0.006147
75,29,0.037590
75,30,0.083555
75,31,0.110553
75,32,0.098691
75,33,0.009109
75,34,0.068417
75,35,0.128733
75,36,0.084484
75,37,0.053306
75,38,0.005665
75,39,0.039312
75,40,0.006440
75,41,0.058654
75,42,0.077509
75,43,0.142258
75,44,0.116017
75,45,0.153586
75,46,0.052141
75,47,0.032864
75,48,0.013505
75,49,0.109902
75,50,0.005872
75,51,0.079512
75,52,0.145192
75,53,0.219362
75,54,0.094961
75,55,0.092596
75,56,0.090896
75,57,0.049001
75,58,0.051438
75,59,0.010633
75,60,0.013112
75,61,0.032397
75,62,0.082440
75,63,0.076351
75,64,0.120231
75,65,0.257320
75,66,0.200943
75,67,0.083769
75,68,0.044197
75,69,0.002930
75,70,0.055397
75,71,0.031061
75,72,0.004048
75,73,0.039070
75,74,0.119907
75,75,0.000000
75,76,0.020942
75,77,0.060906
75,78,0.059625
75,79,0.022988
75,80,0.121733
75,81,0.037557
75,82,0.097830
75,83,0.113728
75,84,0.072113
75,85,0.047527
75,86,0.058184
75,87,0.056724
75,88,0.088870
75,89,0.094963
75,90,0.033712
75,91,0.057464
75,92,0.078563
75,93,0.089150
75,94,0.117338
75,95,0.085543
75,96,0.043641
75,97,0.061963
75,98,0.065844
75,99,0.091966
75,100,0.023364
75,101,0.010299
75,102,0.000755
75,103,0.004727
75,104,0.023080
75,105,0.009705
75,106,0.047039
75,107,0.049271
75,108,0.019205
75,109,0.000520
75,110,0.007207
75,111,0.011050
75,112,0.013676
75,113,0.058621
75,114,0.090449
75,115,0.034878
75,116,0.010268
75,117,0.044736
75,118,0.008963
75,119,0.043285
75,120,0.003068
75,121,0.051402
75,122,0.010876
75,123,0.023272
75,124,0.040195
75,125,0.030291
75,126,0.085170
75,127,0.106229
75,128,0.108682
75,129,0.054230
75,130,0.111133
75,131,0.072293
76,1,0.034835
76,2,0.024948
76,3,0.000351
76,4,0.031605
76,5,0.057493
76,6,0.049463
76,7,0.014106
76,8,0.002568
76,9,0.067320
76,10,0.018572
76,11,0.022351
76,12,0.048792
76,13,0.040762
76,14,0.032376
76,15,0.001058
76,16,0.022672
76,17,0.002011
76,18,0.075577
76,19,0.075044
76,20,0.128255
76,21,0.000231
76,22,0.044095
76,23,0.047390
76,24,0.072727
76,25,0.075942
76,26,0.131243
76,27,0.007661
76,28,0.035815
76,29,0.010639
76,30,0.026454
76,31,0.008686
76,32,0.023063
76,33,0.058299
76,34,0.036265
76,35,0.111404
76,36,0.079119
76,37,0.024045
76,38,0.030190
76,39,0.003377
76,40,0.041999
76,41,0.030572
76,42,0.003502
76,43,0.121891
76,44,0.140250
76,45,0.094274
76,46,0.108746
76,47,0.098677
76,48,0.019243
76,49,0.027685
76,50,0.001475
76,51,0.038844
76,52,0.102219
76,53,0.042207
76,54,0.005073
76,55,0.009857
76,56,0.040139
76,57,0.200850
76,58,0.174330
76,59,0.069666
76,60,0.086273
76,61,0.020000
76,62,0.034761
76,63,0.044911
76,64,0.143463
76,65,0.118792
76,66,0.108977
76,67,0.103339
76,68,0.046078
76,69,0.020803
76,70,0.059851
76,71,0.019632
76,72,0.071492
76,73,0.065434
76,74,0.021201
76,75,0.020942
76,76,0.000000
76,77,0.275766
76,78,0.214335
76,79,0.126613
76,80,0.035619
76,81,0.133139
76,82,0.112290
76,83,0.165518
76,84,0.295918
76,85,0.205483
76,86,0.204368
76,87,0.267385
76,88,0.094457
76,89,0.069677
76,90,0.051985
76,91,0.148331
76,92,0.021905
76,93,0.016107
76,94,0.099502
76,95,0.018965
76,96,0.004363
76,97,0.049173
76,98,0.018771
76,99,0.014391
76,100,0.013762
76,101,0.023871
76,102,0.042732
76,103,0.058243
76,104,0.009903
76,105,0.070642
76,106,0.056388
76,107,0.032008
76,108,0.142101
76,109,0.217171
76,110,0.206137
76,111,0.159806
76,112,0.147070
76,113,0.070982
76,114,0.034665
76,115,0.056695
76,116,0.082403
76,117,0.123321
76,118,0.210207
76,119,0.177920
76,120,0.066851
76,121,0.097902
76,122,0.008103
76,123,0.032249
76,124,0.026676
76,125,0.156704
76,126,0.107255
76,127,0.093469
76,128,0.025446
76,129,0.072017
76,130,0.148356
76,131,0.066424
77,1,0.008683
77,2,0.030951
77,3,0.047968
77,4,0.007378
77,5,0.070868
77,6,0.153167
77,7,0.028085
77,8,0.001197
77,9,0.071686
77,10,0.080223
77,11,0.096019
77,12,0.083343
77,13,0.042992
77,14,0.028439
77,15,0.010486
77,16,0.051649
77,17,0.022529
77,18,0.070732
77,19,0.041663
77,20,0.059689
77,21,0.073738
77,22,0.020802
77,23,0.000930
77,24,0.036691
77,25,0.066389
77,26,0.108723
77,27,0.013420
77,28,0.011084
77,29,0.001755
77,30,0.027621
77,31,0.048142
77,32,0.038031
77,33,0.009078
77,34,0.015884
77,35,0.058050
77,36,0.054484
77,37,0.016277
77,38,0.044931
77,39,0.042334
77,40,0.010543
77,41,0.015202
77,42,0.056421
77,43,0.095841
77,44,0.133994
77,45,0.066623
77,46,0.088880
77,47,0.104451
77,48,0.048054
77,49,0.019056
77,50,0.004836
77,51,0.006129
77,52,0.047551
77,53,0.013731
77,54,0.066421
77,55,0.062605
77,56,0.010359
77,57,0.144677
77,58,0.142355
77,59,0.049725
77,60,0.115451
77,61,0.027516
77,62,0.010790
77,63,0.012680
77,64,0.090176
77,65,0.151527
77,66,0.098304
77,67,0.065925
77,68,0.035759
77,69,0.026736
77,70,0.101236
77,71,0.044839
77,72,0.066841
77,73,0.080532
77,74,0.027265
77,75,0.060906
77,76,0.275766
77,77,0.000000
77,78,0.293877
77,79,0.231787
77,80,0.042465
77,81,0.138326
77,82,0.076033
77,83,0.099678
77,84,0.299179
77,85,0.230327
77,86,0.218452
77,87,0.254842
77,88,0.164621
77,89,0.018321
77,90,0.038831
77,91,0.096132
77,92,0.044541
77,93,0.006539
77,94,0.054322
77,95,0.010955
77,96,0.027626
77,97,0.005880
77,98,0.007854
77,99,0.060217
77,100,0.081708
77,101,0.057039
77,102,0.055727
77,103,0.035934
77,104,0.062820
77,105,0.133043
77,106,0.069891
77,107,0.077244
77,108,0.163581
77,109,0.192760
77,110,0.180417
77,111,0.148286
77,112,0.186931
77,113,0.057849
77,114,0.056838
77,115,0.052486
77,116,0.046143
77,117,0.106152
77,118,0.175887
77,119,0.149242
77,120,0.048367
77,121,0.015331
77,122,0.059375
77,123,0.053624
77,124,0.019808
77,125,0.130095
77,126,0.132999
77,127,0.103324
77,128,0.021720
77,129,0.067551
77,130,0.118593
77,131,0.042764
78,1,0.118489
78,2,0.087463
78,3,0.052335
78,4,0.083265
78,5,0.020998
78,6,0.027479
78,7,0.082299
78,8,0.085580
78,9,0.127345
78,10,0.037482
78,11,0.087712
78,12,0.110743
78,13,0.114326
78,14,0.072530
78,15,0.076093
78,16,0.045128
78,17,0.041346
78,18,0.030636
78,19,0.007334
78,20,0.059376
78,21,0.098797
78,22,0.053637
78,23,0.072131
78,24,0.066511
78,25,0.033489
78,26,0.027126
78,27,0.058304
78,28,0.035179
78,29,0.086643
78,30,0.010619
78,31,0.048078
78,32,0.085554
78,33,0.077785
78,34,0.014745
78,35,0.021455
78,36,0.031584
78,37,0.073730
78,38,0.029570
78,39,0.024351
78,40,0.003817
78,41,0.043925
78,42,0.043586
78,43,0.027591
78,44,0.068317
78,45,0.033764
78,46,0.052038
78,47,0.017848
78,48,0.029823
78,49,0.021976
78,50,0.056640
78,51,0.053214
78,52,0.073616
78,53,0.032464
78,54,0.085027
78,55,0.091993
78,56,0.120165
78,57,0.164480
78,58,0.168307
78,59,0.055229
78,60,0.095494
78,61,0.021228
78,62,0.029179
78,63,0.006026
78,64,0.035479
78,65,0.038719
78,66,0.013584
78,67,0.047916
78,68,0.020349
78,69,0.003808
78,70,0.029207
78,71,0.031299
78,72,0.065461
78,73,0.027507
78,74,0.031019
78,75,0.059625
78,76,0.214335
78,77,0.293877
78,78,0.000000
78,79,0.036981
78,80,0.066628
78,81,0.167111
78,82,0.146223
78,83,0.281490
78,84,0.301863
78,85,0.248244
78,86,0.321506
78,87,0.331155
78,88,0.241619
78,89,0.073995
78,90,0.061651
78,91,0.049027
78,92,0.020020
78,93,0.029033
78,94,0.072287
78,95,0.034484
78,96,0.001406
78,97,0.066008
78,98,0.028137
78,99,0.032937
78,100,0.041797
78,101,0.001101
78,102,0.010092
78,103,0.026742
78,104,0.008328
78,105,0.071831
78,106,0.035495
78,107,0.038639
78,108,0.011784
78,109,0.019931
78,110,0.017231
78,111,0.049304
78,112,0.103782
78,113,0.046042
78,114,0.066543
78,115,0.103967
78,116,0.164740
78,117,0.146357
78,118,0.140025
78,119,0.122100
78,120,0.021875
78,121,0.048038
78,122,0.097000
78,123,0.115254
78,124,0.075081
78,125,0.199191
78,126,0.171267
78,127,0.184369
78,128,0.015430
78,129,0.013035
78,130,0.097290
78,131,0.111807
79,1,0.157132
79,2,0.119225
79,3,0.069409
79,4,0.093827
79,5,0.051438
79,6,0.034356
79,7,0.153938
79,8,0.148513
79,9,0.160636
79,10,0.067538
79,11,0.151997
79,12,0.193995
79,13,0.235675
79,14,0.197555
79,15,0.202980
79,16,0.013707
79,17,0.024596
79,18,0.014164
79,19,0.008666
79,20,0.044095
79,21,0.101126
79,22,0.078908
79,23,0.072699
79,24,0.028200
79,25,0.051807
79,26,0.024625
79,27,0.078752
79,28,0.035067
79,29,0.058066
79,30,0.114227
79,31,0.164885
79,32,0.155592
79,33,0.058856
79,34,0.024367
79,35,0.009989
79,36,0.022088
79,37,0.075255
79,38,0.007560
79,39,0.039841
79,40,0.028671
79,41,0.036682
79,42,0.015395
79,43,0.025487
79,44,0.044107
79,45,0.005552
79,46,0.032715
79,47,0.027508
79,48,0.074776
79,49,0.026955
79,50,0.073735
79,51,0.089901
79,52,0.088768
79,53,0.112272
79,54,0.157084
79,55,0.108887
79,56,0.141040
79,57,0.085980
79,58,0.122165
79,59,0.012587
79,60,0.112393
79,61,0.030449
79,62,0.038391
79,63,0.001710
79,64,0.036341
79,65,0.070853
79,66,0.056384
79,67,0.005122
79,68,0.027846
79,69,0.087788
79,70,0.068877
79,71,0.023109
79,72,0.045619
79,73,0.010894
79,74,0.041316
79,75,0.022988
79,76,0.126613
79,77,0.231787
79,78,0.036981
79,79,0.000000
79,80,0.113292
79,81,0.292988
79,82,0.255958
79,83,0.374639
79,84,0.372598
79,85,0.273796
79,86,0.336357
79,87,0.384617
79,88,0.269808
79,89,0.093735
79,90,0.016087
79,91,0.067733
79,92,0.040127
79,93,0.018349
79,94,0.048537
79,95,0.058900
79,96,0.030688
79,97,0.023880
79,98,0.009635
79,99,0.071239
79,100,0.051574
79,101,0.032671
79,102,0.027470
79,103,0.004197
79,104,0.010095
79,105,0.102297
79,106,0.058320
79,107,0.008540
79,108,0.013263
79,109,0.047745
79,110,0.032730
79,111,0.071451
79,112,0.085835
79,113,0.078348
79,114,0.057012
79,115,0.087643
79,116,0.120455
79,117,0.140999
79,118,0.160715
79,119,0.109728
79,120,0.037613
79,121,0.066846
79,122,0.054214
79,123,0.111381
79,124,0.105519
79,125,0.172489
79,126,0.116153
79,127,0.102844
79,128,0.029699
79,129,0.057316
79,130,0.098300
79,131,0.037823
80,1,0.063541
80,2,0.010121
80,3,0.018986
80,4,0.068670
80,5,0.048786
80,6,0.125112
80,7,0.140442
80,8,0.125023
80,9,0.004318
80,10,0.013701
80,11,0.135012
80,12,0.188304
80,13,0.166721
80,14,0.116921
80,15,0.110048
80,16,0.084232
80,17,0.116096
80,18,0.031344
80,19,0.065501
80,20,0.032940
80,21,0.062043
80,22,0.052432
80,23,0.026784
80,24,0.033806
80,25,0.011693
80,26,0.065209
80,27,0.016284
80,28,0.017397
80,29,0.041372
80,30,0.095884
80,31,0.092836
80,32,0.115842
80,33,0.049085
80,34,0.016033
80,35,0.116280
80,36,0.073234
80,37,0.105593
80,38,0.091015
80,39,0.035331
80,40,0.004572
80,41,0.068226
80,42,0.002845
80,43,0.059697
80,44,0.019376
80,45,0.016526
80,46,0.087380
80,47,0.121774
80,48,0.085824
80,49,0.091708
80,50,0.061099
80,51,0.007180
80,52,0.080277
80,53,0.122516
80,54,0.006210
80,55,0.024352
80,56,0.060850
80,57,0.107899
80,58,0.107949
80,59,0.146771
80,60,0.070894
80,61,0.051795
80,62,0.110907
80,63,0.073899
80,64,0.085030
80,65,0.066565
80,66,0.086984
80,67,0.058129
80,68,0.042613
80,69,0.091463
80,70,0.168846
80,71,0.060043
80,72,0.086054
80,73,0.096171
80,74,0.098355
80,75,0.121733
80,76,0.035619
80,77,0.042465
80,78,0.066628
80,79,0.113292
80,80,0.000000
80,81,0.136550
80,82,0.118644
80,83,0.114173
80,84,0.118377
80,85,0.090191
80,86,0.054479
80,87,0.054386
80,88,0.001301
80,89,0.140211
80,90,0.112435
80,91,0.006093
80,92,0.015228
80,93,0.093404
80,94,0.003502
80,95,0.023297
80,96,0.001206
80,97,0.066655
80,98,0.047980
80,99,0.003820
80,100,0.003308
80,101,0.038182
80,102,0.021603
80,103,0.054789
80,104,0.042992
80,105,0.132373
80,106,0.144244
80,107,0.151650
80,108,0.010103
80,109,0.087531
80,110,0.119856
80,111,0.146606
80,112,0.085881
80,113,0.121658
80,114,0.009392
80,115,0.007651
80,116,0.018658
80,117,0.038303
80,118,0.020193
80,119,0.011435
80,120,0.041372
80,121,0.039995
80,122,0.024216
80,123,0.035474
80,124,0.049819
80,125,0.008515
80,126,0.029999
80,127,0.070664
80,128,0.036106
80,129,0.035147
80,130,0.088337
80,131,0.193261
81,1,0.165183
81,2,0.122634
81,3,0.224547
81,4,0.113751
81,5,0.026050
81,6,0.213986
81,7,0.294629
81,8,0.201009
81,9,0.085220
81,10,0.026449
81,11,0.162470
81,12,0.187586
81,13,0.271848
81,14,0.247567
81,15,0.245668
81,16,0.062609
81,17,0.121678
81,18,0.072352
81,19,0.103680
81,20,0.081519
81,21,0.077950
81,22,0.121253
81,23,0.100820
81,24,0.118095
81,25,0.173237
81,26,0.020519
81,27,0.007608
81,28,0.055704
81,29,0.125221
81,30,0.202598
81,31,0.135228
81,32,0.098252
81,33,0.023809
81,34,0.084245
81,35,0.025708
81,36,0.112010
81,37,0.077932
81,38,0.082163
81,39,0.048746
81,40,0.066425
81,41,0.103969
81,42,0.102516
81,43,0.112598
81,44,0.071580
81,45,0.002133
81,46,0.002176
81,47,0.080684
81,48,0.078541
81,49,0.048868
81,50,0.048195
81,51,0.038947
81,52,0.098895
81,53,0.069348
81,54,0.111336
81,55,0.079588
81,56,0.004164
81,57,0.148579
81,58,0.122200
81,59,0.132644
81,60,0.059895
81,61,0.023991
81,62,0.122492
81,63,0.102914
81,64,0.153533
81,65,0.122845
81,66,0.113792
81,67,0.018543
81,68,0.036243
81,69,0.000054
81,70,0.078888
81,71,0.020422
81,72,0.052996
81,73,0.042433
81,74,0.053087
81,75,0.037557
81,76,0.133139
81,77,0.138326
81,78,0.167111
81,79,0.292988
81,80,0.136550
81,81,0.000000
81,82,0.117404
81,83,0.191670
81,84,0.053906
81,85,0.030456
81,86,0.024298
81,87,0.007111
81,88,0.062480
81,89,0.144237
81,90,0.184878
81,91,0.141893
81,92,0.154004
81,93,0.233858
81,94,0.193145
81,95,0.169476
81,96,0.212279
81,97,0.171637
81,98,0.183610
81,99,0.195677
81,100,0.167296
81,101,0.187970
81,102,0.193379
81,103,0.209796
81,104,0.140692
81,105,0.019784
81,106,0.028865
81,107,0.001684
81,108,0.062353
81,109,0.106733
81,110,0.080362
81,111,0.014670
81,112,0.058819
81,113,0.009986
81,114,0.057896
81,115,0.021126
81,116,0.014215
81,117,0.069309
81,118,0.202387
81,119,0.192976
81,120,0.215342
81,121,0.191364
81,122,0.202904
81,123,0.146874
81,124,0.079027
81,125,0.163281
81,126,0.183614
81,127,0.226630
81,128,0.129311
81,129,0.062965
81,130,0.011095
81,131,0.153013
82,1,0.062244
82,2,0.054055
82,3,0.144680
82,4,0.097168
82,5,0.089293
82,6,0.008417
82,7,0.091864
82,8,0.027288
82,9,0.019620
82,10,0.008344
82,11,0.030652
82,12,0.008749
82,13,0.047123
82,14,0.009061
82,15,0.000281
82,16,0.051854
82,17,0.062058
82,18,0.063797
82,19,0.061444
82,20,0.012454
82,21,0.039410
82,22,0.118305
82,23,0.153778
82,24,0.104240
82,25,0.061951
82,26,0.164251
82,27,0.010647
82,28,0.035684
82,29,0.121682
82,30,0.002397
82,31,0.013289
82,32,0.003976
82,33,0.005296
82,34,0.023358
82,35,0.102166
82,36,0.050098
82,37,0.073774
82,38,0.092370
82,39,0.096533
82,40,0.060544
82,41,0.071089
82,42,0.100994
82,43,0.023651
82,44,0.045826
82,45,0.176183
82,46,0.166266
82,47,0.067229
82,48,0.072795
82,49,0.000841
82,50,0.004141
82,51,0.010471
82,52,0.071369
82,53,0.024274
82,54,0.054424
82,55,0.061964
82,56,0.036743
82,57,0.089618
82,58,0.043999
82,59,0.072513
82,60,0.029089
82,61,0.036819
82,62,0.045705
82,63,0.050904
82,64,0.058517
82,65,0.006623
82,66,0.016198
82,67,0.103605
82,68,0.111334
82,69,0.080392
82,70,0.008363
82,71,0.048648
82,72,0.042188
82,73,0.092559
82,74,0.093369
82,75,0.097830
82,76,0.112290
82,77,0.076033
82,78,0.146223
82,79,0.255958
82,80,0.118644
82,81,0.117404
82,82,0.000000
82,83,0.043450
82,84,0.016095
82,85,0.073311
82,86,0.085489
82,87,0.016108
82,88,0.113588
82,89,0.107514
82,90,0.014075
82,91,0.062620
82,92,0.014456
82,93,0.001183
82,94,0.031323
82,95,0.076424
82,96,0.103226
82,97,0.104369
82,98,0.120074
82,99,0.119045
82,100,0.120769
82,101,0.145740
82,102,0.111174
82,103,0.104626
82,104,0.096429
82,105,0.021573
82,106,0.101692
82,107,0.071735
82,108,0.037432
82,109,0.067382
82,110,0.062608
82,111,0.029883
82,112,0.068752
82,113,0.074914
82,114,0.012280
82,115,0.009194
82,116,0.055441
82,117,0.042897
82,118,0.136385
82,119,0.063772
82,120,0.112882
82,121,0.110373
82,122,0.117502
82,123,0.099295
82,124,0.056939
82,125,0.181136
82,126,0.213459
82,127,0.222312
82,128,0.153744
82,129,0.074321
82,130,0.033518
82,131,0.062440
83,1,0.057698
83,2,0.047692
83,3,0.163959
83,4,0.133417
83,5,0.134082
83,6,0.072529
83,7,0.103612
83,8,0.022933
83,9,0.028610
83,10,0.032408
83,11,0.092363
83,12,0.059224
83,13,0.099798
83,14,0.048561
83,15,0.017419
83,16,0.037595
83,17,0.051504
83,18,0.075474
83,19,0.066212
83,20,0.033509
83,21,0.116056
83,22,0.054068
83,23,0.083647
83,24,0.070987
83,25,0.024707
83,26,0.172753
83,27,0.014116
83,28,0.036394
83,29,0.108323
83,30,0.005395
83,31,0.044331
83,32,0.045679
83,33,0.063143
83,34,0.063064
83,35,0.164748
83,36,0.004536
83,37,0.034777
83,38,0.047537
83,39,0.055160
83,40,0.020359
83,41,0.051110
83,42,0.125376
83,43,0.018481
83,44,0.064622
83,45,0.198286
83,46,0.179421
83,47,0.080798
83,48,0.081754
83,49,0.027839
83,50,0.016625
83,51,0.007193
83,52,0.076626
83,53,0.074557
83,54,0.097376
83,55,0.116561
83,56,0.060606
83,57,0.135963
83,58,0.118649
83,59,0.029785
83,60,0.041917
83,61,0.065198
83,62,0.005894
83,63,0.002458
83,64,0.029069
83,65,0.104477
83,66,0.060157
83,67,0.118304
83,68,0.122858
83,69,0.074188
83,70,0.049129
83,71,0.044858
83,72,0.035360
83,73,0.101776
83,74,0.081903
83,75,0.113728
83,76,0.165518
83,77,0.099678
83,78,0.281490
83,79,0.374639
83,80,0.114173
83,81,0.191670
83,82,0.043450
83,83,0.000000
83,84,0.166760
83,85,0.311796
83,86,0.293948
83,87,0.201974
83,88,0.264217
83,89,0.107931
83,90,0.024712
83,91,0.002048
83,92,0.035201
83,93,0.016369
83,94,0.042428
83,95,0.109079
83,96,0.165376
83,97,0.184438
83,98,0.175456
83,99,0.172078
83,100,0.165431
83,101,0.188308
83,102,0.150644
83,103,0.149180
83,104,0.156458
83,105,0.062738
83,106,0.047289
83,107,0.018560
83,108,0.028100
83,109,0.029442
83,110,0.014880
83,111,0.046813
83,112,0.037487
83,113,0.088402
83,114,0.049117
83,115,0.018500
83,116,0.044442
83,117,0.068751
83,118,0.091243
83,119,0.021603
83,120,0.060802
83,121,0.101601
83,122,0.112458
83,123,0.206765
83,124,0.080870
83,125,0.251372
83,126,0.291373
83,127,0.262539
83,128,0.144440
83,129,0.035956
83,130,0.071769
83,131,0.012992
84,1,0.230013
84,2,0.165179
84,3,0.301318
84,4,0.237749
84,5,0.112832
84,6,0.054805
84,7,0.280879
84,8,0.164002
84,9,0.171182
84,10,0.107805
84,11,0.194004
84,12,0.222790
84,13,0.306303
84,14,0.289691
84,15,0.240290
84,16,0.093648
84,17,0.062412
84,18,0.065300
84,19,0.016682
84,20,0.094185
84,21,0.237852
84,22,0.082459
84,23,0.078384
84,24,0.031749
84,25,0.046735
84,26,0.087565
84,27,0.027585
84,28,0.089780
84,29,0.125128
84,30,0.192129
84,31,0.176830
84,32,0.143878
84,33,0.117697
84,34,0.026358
84,35,0.059005
84,36,0.036441
84,37,0.049998
84,38,0.034046
84,39,0.052627
84,40,0.062791
84,41,0.128064
84,42,0.129397
84,43,0.024063
84,44,0.000873
84,45,0.042996
84,46,0.096002
84,47,0.007450
84,48,0.017635
84,49,0.022870
84,50,0.050844
84,51,0.056810
84,52,0.149450
84,53,0.089479
84,54,0.082012
84,55,0.005219
84,56,0.066910
84,57,0.111728
84,58,0.146651
84,59,0.013488
84,60,0.016422
84,61,0.059574
84,62,0.035304
84,63,0.019890
84,64,0.007093
84,65,0.073717
84,66,0.009958
84,67,0.080619
84,68,0.090130
84,69,0.080010
84,70,0.051557
84,71,0.050854
84,72,0.000243
84,73,0.006308
84,74,0.089642
84,75,0.072113
84,76,0.295918
84,77,0.299179
84,78,0.301863
84,79,0.372598
84,80,0.118377
84,81,0.053906
84,82,0.016095
84,83,0.166760
84,84,0.000000
84,85,0.077499
84,86,0.172119
84,87,0.097804
84,88,0.217924
84,89,0.074852
84,90,0.067443
84,91,0.061896
84,92,0.158101
84,93,0.136080
84,94,0.118097
84,95,0.161143
84,96,0.209319
84,97,0.190344
84,98,0.188808
84,99,0.194818
84,100,0.182804
84,101,0.193962
84,102,0.193819
84,103,0.203429
84,104,0.206111
84,105,0.138642
84,106,0.086908
84,107,0.083422
84,108,0.102531
84,109,0.044198
84,110,0.037595
84,111,0.035493
84,112,0.046334
84,113,0.041271
84,114,0.027223
84,115,0.009731
84,116,0.029357
84,117,0.031616
84,118,0.074364
84,119,0.073331
84,120,0.073704
84,121,0.125548
84,122,0.215694
84,123,0.261135
84,124,0.065177
84,125,0.324146
84,126,0.319284
84,127,0.328968
84,128,0.115721
84,129,0.030482
84,130,0.143679
84,131,0.046255
85,1,0.218080
85,2,0.142435
85,3,0.256547
85,4,0.222335
85,5,0.025126
85,6,0.059345
85,7,0.301431
85,8,0.178903
85,9,0.147041
85,10,0.124240
85,11,0.213501
85,12,0.262049
85,13,0.305388
85,14,0.282073
85,15,0.233456
85,16,0.051590
85,17,0.040298
85,18,0.041065
85,19,0.008000
85,20,0.087643
85,21,0.169792
85,22,0.040914
85,23,0.044480
85,24,0.002741
85,25,0.005033
85,26,0.083110
85,27,0.051576
85,28,0.035517
85,29,0.063632
85,30,0.197068
85,31,0.199702
85,32,0.168019
85,33,0.081419
85,34,0.069252
85,35,0.038094
85,36,0.057608
85,37,0.029982
85,38,0.007899
85,39,0.021164
85,40,0.035081
85,41,0.091241
85,42,0.109846
85,43,0.023468
85,44,0.008016
85,45,0.023345
85,46,0.085279
85,47,0.035250
85,48,0.030160
85,49,0.042872
85,50,0.022335
85,51,0.035630
85,52,0.132096
85,53,0.087368
85,54,0.094210
85,55,0.000869
85,56,0.047995
85,57,0.080947
85,58,0.139545
85,59,0.002122
85,60,0.032763
85,61,0.019586
85,62,0.022302
85,63,0.032177
85,64,0.025333
85,65,0.075793
85,66,0.018232
85,67,0.070365
85,68,0.096929
85,69,0.093096
85,70,0.116673
85,71,0.075042
85,72,0.019045
85,73,0.002127
85,74,0.076788
85,75,0.047527
85,76,0.205483
85,77,0.230327
85,78,0.248244
85,79,0.273796
85,80,0.090191
85,81,0.030456
85,82,0.073311
85,83,0.311796
85,84,0.077499
85,85,0.000000
85,86,0.018839
85,87,0.025214
85,88,0.123667
85,89,0.107033
85,90,0.092656
85,91,0.078578
85,92,0.186490
85,93,0.143841
85,94,0.109184
85,95,0.161999
85,96,0.190641
85,97,0.152798
85,98,0.174563
85,99,0.199818
85,100,0.163971
85,101,0.165300
85,102,0.172183
85,103,0.186734
85,104,0.170660
85,105,0.142921
85,106,0.087469
85,107,0.099928
85,108,0.138062
85,109,0.061152
85,110,0.021440
85,111,0.019509
85,112,0.025201
85,113,0.070445
85,114,0.044527
85,115,0.013930
85,116,0.028226
85,117,0.048766
85,118,0.069939
85,119,0.094289
85,120,0.085804
85,121,0.126591
85,122,0.188834
85,123,0.232556
85,124,0.047627
85,125,0.252936
85,126,0.214717
85,127,0.232299
85,128,0.073323
85,129,0.041571
85,130,0.113899
85,131,0.029805
86,1,0.210293
86,2,0.134424
86,3,0.243050
86,4,0.199385
86,5,0.057668
86,6,0.048755
86,7,0.301082
86,8,0.187798
86,9,0.146813
86,10,0.087415
86,11,0.187395
86,12,0.243416
86,13,0.285326
86,14,0.257668
86,15,0.218639
86,16,0.044848
86,17,0.048716
86,18,0.039855
86,19,0.034239
86,20,0.040213
86,21,0.094200
86,22,0.054723
86,23,0.042547
86,24,0.074360
86,25,0.071179
86,26,0.123197
86,27,0.061629
86,28,0.053980
86,29,0.090196
86,30,0.192580
86,31,0.176820
86,32,0.148066
86,33,0.074440
86,34,0.061766
86,35,0.024273
86,36,0.021300
86,37,0.019368
86,38,0.020700
86,39,0.055436
86,40,0.028901
86,41,0.089020
86,42,0.119179
86,43,0.015844
86,44,0.006678
86,45,0.058485
86,46,0.136882
86,47,0.075226
86,48,0.026290
86,49,0.012810
86,50,0.074741
86,51,0.078534
86,52,0.165007
86,53,0.115959
86,54,0.094158
86,55,0.007690
86,56,0.041340
86,57,0.086731
86,58,0.096739
86,59,0.000618
86,60,0.015694
86,61,0.068371
86,62,0.007142
86,63,0.037496
86,64,0.035028
86,65,0.010829
86,66,0.013096
86,67,0.105829
86,68,0.128780
86,69,0.082416
86,70,0.087991
86,71,0.053991
86,72,0.039800
86,73,0.020956
86,74,0.002706
86,75,0.058184
86,76,0.204368
86,77,0.218452
86,78,0.321506
86,79,0.336357
86,80,0.054479
86,81,0.024298
86,82,0.085489
86,83,0.293948
86,84,0.172119
86,85,0.018839
86,86,0.000000
86,87,0.080251
86,88,0.170747
86,89,0.015513
86,90,0.103248
86,91,0.090513
86,92,0.135950
86,93,0.133395
86,94,0.121151
86,95,0.181033
86,96,0.179376
86,97,0.134721
86,98,0.164349
86,99,0.221201
86,100,0.175367
86,101,0.156535
86,102,0.130972
86,103,0.177511
86,104,0.185028
86,105,0.151291
86,106,0.075384
86,107,0.083001
86,108,0.095485
86,109,0.004653
86,110,0.070711
86,111,0.093538
86,112,0.067967
86,113,0.119238
86,114,0.102957
86,115,0.063023
86,116,0.039224
86,117,0.035774
86,118,0.012015
86,119,0.037334
86,120,0.076203
86,121,0.054262
86,122,0.169199
86,123,0.128408
86,124,0.028289
86,125,0.257911
86,126,0.242428
86,127,0.257906
86,128,0.087473
86,129,0.006425
86,130,0.106609
86,131,0.030059
87,1,0.258085
87,2,0.165822
87,3,0.311942
87,4,0.236500
87,5,0.112991
87,6,0.107076
87,7,0.360217
87,8,0.236941
87,9,0.193228
87,10,0.127676
87,11,0.208471
87,12,0.263002
87,13,0.346663
87,14,0.346031
87,15,0.303035
87,16,0.099824
87,17,0.065597
87,18,0.062326
87,19,0.023739
87,20,0.084954
87,21,0.165762
87,22,0.023174
87,23,0.034867
87,24,0.004443
87,25,0.013302
87,26,0.056804
87,27,0.043809
87,28,0.089271
87,29,0.130408
87,30,0.253848
87,31,0.186564
87,32,0.143458
87,33,0.076236
87,34,0.040415
87,35,0.034964
87,36,0.046706
87,37,0.044089
87,38,0.008832
87,39,0.071276
87,40,0.077489
87,41,0.154966
87,42,0.170237
87,43,0.022094
87,44,0.006295
87,45,0.005696
87,46,0.092279
87,47,0.021661
87,48,0.017236
87,49,0.021625
87,50,0.069058
87,51,0.065908
87,52,0.133211
87,53,0.130712
87,54,0.095845
87,55,0.003036
87,56,0.036770
87,57,0.063732
87,58,0.082264
87,59,0.015058
87,60,0.019873
87,61,0.081362
87,62,0.023778
87,63,0.059128
87,64,0.053704
87,65,0.000643
87,66,0.039479
87,67,0.065686
87,68,0.098941
87,69,0.060014
87,70,0.050298
87,71,0.058292
87,72,0.021528
87,73,0.003817
87,74,0.068653
87,75,0.056724
87,76,0.267385
87,77,0.254842
87,78,0.331155
87,79,0.384617
87,80,0.054386
87,81,0.007111
87,82,0.016108
87,83,0.201974
87,84,0.097804
87,85,0.025214
87,86,0.080251
87,87,0.000000
87,88,0.176958
87,89,0.043832
87,90,0.103143
87,91,0.070595
87,92,0.158874
87,93,0.157895
87,94,0.143179
87,95,0.182695
87,96,0.232753
87,97,0.199783
87,98,0.211436
87,99,0.245050
87,100,0.223962
87,101,0.225526
87,102,0.215699
87,103,0.253031
87,104,0.262409
87,105,0.192714
87,106,0.140818
87,107,0.152828
87,108,0.050864
87,109,0.050980
87,110,0.119555
87,111,0.156280
87,112,0.124058
87,113,0.156203
87,114,0.104145
87,115,0.054903
87,116,0.040592
87,117,0.002719
87,118,0.022591
87,119,0.047608
87,120,0.075340
87,121,0.078331
87,122,0.206008
87,123,0.151895
87,124,0.018877
87,125,0.280509
87,126,0.280498
87,127,0.279302
87,128,0.072078
87,129,0.036778
87,130,0.174012
87,131,0.046905
88,1,0.200446
88,2,0.108668
88,3,0.210815
88,4,0.154882
88,5,0.175901
88,6,0.114737
88,7,0.327304
88,8,0.214208
88,9,0.082319
88,10,0.066620
88,11,0.157163
88,12,0.246697
88,13,0.311344
88,14,0.302950
88,15,0.255109
88,16,0.031988
88,17,0.009676
88,18,0.019337
88,19,0.033593
88,20,0.096321
88,21,0.123637
88,22,0.008208
88,23,0.011005
88,24,0.021265
88,25,0.008537
88,26,0.033637
88,27,0.094491
88,28,0.064555
88,29,0.097109
88,30,0.188465
88,31,0.133553
88,32,0.111213
88,33,0.120929
88,34,0.001851
88,35,0.015433
88,36,0.025969
88,37,0.047166
88,38,0.003236
88,39,0.064338
88,40,0.062764
88,41,0.088923
88,42,0.107643
88,43,0.012444
88,44,0.023194
88,45,0.014265
88,46,0.050458
88,47,0.023445
88,48,0.029845
88,49,0.026005
88,50,0.085446
88,51,0.077841
88,52,0.142582
88,53,0.070842
88,54,0.045311
88,55,0.035488
88,56,0.066032
88,57,0.119598
88,58,0.112038
88,59,0.026724
88,60,0.021469
88,61,0.040038
88,62,0.022540
88,63,0.022457
88,64,0.001545
88,65,0.004983
88,66,0.017410
88,67,0.057289
88,68,0.072490
88,69,0.037590
88,70,0.035256
88,71,0.082738
88,72,0.057474
88,73,0.094266
88,74,0.037538
88,75,0.088870
88,76,0.094457
88,77,0.164621
88,78,0.241619
88,79,0.269808
88,80,0.001301
88,81,0.062480
88,82,0.113588
88,83,0.264217
88,84,0.217924
88,85,0.123667
88,86,0.170747
88,87,0.176958
88,88,0.000000
88,89,0.096711
88,90,0.146605
88,91,0.025223
88,92,0.147972
88,93,0.183171
88,94,0.094340
88,95,0.161390
88,96,0.192785
88,97,0.118798
88,98,0.172146
88,99,0.215610
88,100,0.158526
88,101,0.150016
88,102,0.145346
88,103,0.207361
88,104,0.198116
88,105,0.166458
88,106,0.142089
88,107,0.148827
88,108,0.002965
88,109,0.094320
88,110,0.127876
88,111,0.130630
88,112,0.093720
88,113,0.107302
88,114,0.061163
88,115,0.018543
88,116,0.032421
88,117,0.045684
88,118,0.009461
88,119,0.013204
88,120,0.039015
88,121,0.055106
88,122,0.099096
88,123,0.172499
88,124,0.057096
88,125,0.157666
88,126,0.130035
88,127,0.123927
88,128,0.042087
88,129,0.002227
88,130,0.110943
88,131,0.010085
89,1,0.080747
89,2,0.055287
89,3,0.084302
89,4,0.111506
89,5,0.007042
89,6,0.089955
89,7,0.016683
89,8,0.011163
89,9,0.032986
89,10,0.049561
89,11,0.048332
89,12,0.033253
89,13,0.102522
89,14,0.127336
89,15,0.153526
89,16,0.019542
89,17,0.014418
89,18,0.035710
89,19,0.041005
89,20,0.097960
89,21,0.107467
89,22,0.171636
89,23,0.172934
89,24,0.158220
89,25,0.208160
89,26,0.155322
89,27,0.071196
89,28,0.029590
89,29,0.014812
89,30,0.155326
89,31,0.025959
89,32,0.015094
89,33,0.062747
89,34,0.068497
89,35,0.058366
89,36,0.030617
89,37,0.040744
89,38,0.006736
89,39,0.002788
89,40,0.012797
89,41,0.000225
89,42,0.040715
89,43,0.003346
89,44,0.062431
89,45,0.099595
89,46,0.073239
89,47,0.073126
89,48,0.104743
89,49,0.030755
89,50,0.016138
89,51,0.079423
89,52,0.075297
89,53,0.161724
89,54,0.201269
89,55,0.125171
89,56,0.029917
89,57,0.054635
89,58,0.021598
89,59,0.000371
89,60,0.045531
89,61,0.037023
89,62,0.094359
89,63,0.013178
89,64,0.009108
89,65,0.130127
89,66,0.102553
89,67,0.081220
89,68,0.093258
89,69,0.037154
89,70,0.047230
89,71,0.040561
89,72,0.044691
89,73,0.082896
89,74,0.134017
89,75,0.094963
89,76,0.069677
89,77,0.018321
89,78,0.073995
89,79,0.093735
89,80,0.140211
89,81,0.144237
89,82,0.107514
89,83,0.107931
89,84,0.074852
89,85,0.107033
89,86,0.015513
89,87,0.043832
89,88,0.096711
89,89,0.000000
89,90,0.048123
89,91,0.040880
89,92,0.113754
89,93,0.122455
89,94,0.061409
89,95,0.121771
89,96,0.050816
89,97,0.019187
89,98,0.062725
89,99,0.049173
89,100,0.010375
89,101,0.077431
89,102,0.035885
89,103,0.006606
89,104,0.049790
89,105,0.013664
89,106,0.065747
89,107,0.015468
89,108,0.021144
89,109,0.022757
89,110,0.006090
89,111,0.027517
89,112,0.042049
89,113,0.009301
89,114,0.015366
89,115,0.019461
89,116,0.039630
89,117,0.039218
89,118,0.007456
89,119,0.072150
89,120,0.053557
89,121,0.009068
89,122,0.057129
89,123,0.030271
89,124,0.250233
89,125,0.015707
89,126,0.046744
89,127,0.038667
89,128,0.072502
89,129,0.055782
89,130,0.013526
89,131,0.078434
90,1,0.126364
90,2,0.024400
90,3,0.042695
90,4,0.042066
90,5,0.125708
90,6,0.162769
90,7,0.184569
90,8,0.119413
90,9,0.033122
90,10,0.006375
90,11,0.043643
90,12,0.128240
90,13,0.144311
90,14,0.166586
90,15,0.145586
90,16,0.051434
90,17,0.009339
90,18,0.019866
90,19,0.006429
90,20,0.018204
90,21,0.003702
90,22,0.002675
90,23,0.035650
90,24,0.029200
90,25,0.007275
90,26,0.056363
90,27,0.001576
90,28,0.016530
90,29,0.022114
90,30,0.127763
90,31,0.080412
90,32,0.015512
90,33,0.044986
90,34,0.005885
90,35,0.098392
90,36,0.038002
90,37,0.049533
90,38,0.022007
90,39,0.014788
90,40,0.006105
90,41,0.066386
90,42,0.071174
90,43,0.040297
90,44,0.096675
90,45,0.174261
90,46,0.122651
90,47,0.036964
90,48,0.056941
90,49,0.013934
90,50,0.033228
90,51,0.018505
90,52,0.012575
90,53,0.071249
90,54,0.085121
90,55,0.136108
90,56,0.207066
90,57,0.096453
90,58,0.031392
90,59,0.010099
90,60,0.049893
90,61,0.002620
90,62,0.057245
90,63,0.006072
90,64,0.061717
90,65,0.157821
90,66,0.086336
90,67,0.008904
90,68,0.004030
90,69,0.041414
90,70,0.030154
90,71,0.051789
90,72,0.018268
90,73,0.079522
90,74,0.078086
90,75,0.033712
90,76,0.051985
90,77,0.038831
90,78,0.061651
90,79,0.016087
90,80,0.112435
90,81,0.184878
90,82,0.014075
90,83,0.024712
90,84,0.067443
90,85,0.092656
90,86,0.103248
90,87,0.103143
90,88,0.146605
90,89,0.048123
90,90,0.000000
90,91,0.052590
90,92,0.093296
90,93,0.193666
90,94,0.134475
90,95,0.135258
90,96,0.148185
90,97,0.095855
90,98,0.154314
90,99,0.191972
90,100,0.002735
90,101,0.085855
90,102,0.094767
90,103,0.118980
90,104,0.054655
90,105,0.050318
90,106,0.129675
90,107,0.147828
90,108,0.013164
90,109,0.048013
90,110,0.060619
90,111,0.036719
90,112,0.004294
90,113,0.044795
90,114,0.158839
90,115,0.147160
90,116,0.111279
90,117,0.109404
90,118,0.019339
90,119,0.030899
90,120,0.020264
90,121,0.039833
90,122,0.088394
90,123,0.006412
90,124,0.064838
90,125,0.034246
90,126,0.006039
90,127,0.021703
90,128,0.028055
90,129,0.010749
90,130,0.021554
90,131,0.141929
91,1,0.061990
91,2,0.013576
91,3,0.056472
91,4,0.015727
91,5,0.041426
91,6,0.104473
91,7,0.102614
91,8,0.036852
91,9,0.003899
91,10,0.046652
91,11,0.056725
91,12,0.065547
91,13,0.077327
91,14,0.085963
91,15,0.077550
91,16,0.080902
91,17,0.023478
91,18,0.019978
91,19,0.038110
91,20,0.009058
91,21,0.055672
91,22,0.078819
91,23,0.057712
91,24,0.030406
91,25,0.072054
91,26,0.015762
91,27,0.009150
91,28,0.008989
91,29,0.015376
91,30,0.056909
91,31,0.059489
91,32,0.036632
91,33,0.042842
91,34,0.063675
91,35,0.058355
91,36,0.030125
91,37,0.020728
91,38,0.017782
91,39,0.014180
91,40,0.038519
91,41,0.046640
91,42,0.005497
91,43,0.051701
91,44,0.042036
91,45,0.033471
91,46,0.010104
91,47,0.053240
91,48,0.010669
91,49,0.017645
91,50,0.032767
91,51,0.053570
91,52,0.058847
91,53,0.095636
91,54,0.031062
91,55,0.027670
91,56,0.014228
91,57,0.003556
91,58,0.052629
91,59,0.027791
91,60,0.076065
91,61,0.038122
91,62,0.007089
91,63,0.021136
91,64,0.076136
91,65,0.035663
91,66,0.014765
91,67,0.074738
91,68,0.093224
91,69,0.063885
91,70,0.015084
91,71,0.001635
91,72,0.024025
91,73,0.038922
91,74,0.007927
91,75,0.057464
91,76,0.148331
91,77,0.096132
91,78,0.049027
91,79,0.067733
91,80,0.006093
91,81,0.141893
91,82,0.062620
91,83,0.002048
91,84,0.061896
91,85,0.078578
91,86,0.090513
91,87,0.070595
91,88,0.025223
91,89,0.040880
91,90,0.052590
91,91,0.000000
91,92,0.027938
91,93,0.002304
91,94,0.031870
91,95,0.000731
91,96,0.007934
91,97,0.021017
91,98,0.053253
91,99,0.087385
91,100,0.003561
91,101,0.033890
91,102,0.021867
91,103,0.054772
91,104,0.021985
91,105,0.034949
91,106,0.036980
91,107,0.033084
91,108,0.144543
91,109,0.157731
91,110,0.135016
91,111,0.143604
91,112,0.137020
91,113,0.091651
91,114,0.030839
91,115,0.022449
91,116,0.015775
91,117,0.008661
91,118,0.013398
91,119,0.037746
91,120,0.009347
91,121,0.032217
91,122,0.096064
91,123,0.052166
91,124,0.001152
91,125,0.152215
91,126,0.165430
91,127,0.151416
91,128,0.035431
91,129,0.003588
91,130,0.004534
91,131,0.086750
92,1,0.075806
92,2,0.009171
92,3,0.003469
92,4,0.035810
92,5,0.112113
92,6,0.094322
92,7,0.029510
92,8,0.010366
92,9,0.004770
92,10,0.012450
92,11,0.028228
92,12,0.039538
92,13,0.040626
92,14,0.056468
92,15,0.032847
92,16,0.071057
92,17,0.002832
92,18,0.007203
92,19,0.004654
92,20,0.045512
92,21,0.050531
92,22,0.051250
92,23,0.034512
92,24,0.007061
92,25,0.033688
92,26,0.043934
92,27,0.003142
92,28,0.007096
92,29,0.043093
92,30,0.039577
92,31,0.044346
92,32,0.025101
92,33,0.016341
92,34,0.012170
92,35,0.051619
92,36,0.000271
92,37,0.018213
92,38,0.018515
92,39,0.018879
92,40,0.045765
92,41,0.104580
92,42,0.003118
92,43,0.014081
92,44,0.057952
92,45,0.104098
92,46,0.045256
92,47,0.003614
92,48,0.032829
92,49,0.024350
92,50,0.015582
92,51,0.027427
92,52,0.013333
92,53,0.088281
92,54,0.051761
92,55,0.009575
92,56,0.055498
92,57,0.067234
92,58,0.083932
92,59,0.023946
92,60,0.099474
92,61,0.022167
92,62,0.017232
92,63,0.047634
92,64,0.069609
92,65,0.113020
92,66,0.041395
92,67,0.027969
92,68,0.048030
92,69,0.051383
92,70,0.003287
92,71,0.022499
92,72,0.005519
92,73,0.048123
92,74,0.015936
92,75,0.078563
92,76,0.021905
92,77,0.044541
92,78,0.020020
92,79,0.040127
92,80,0.015228
92,81,0.154004
92,82,0.014456
92,83,0.035201
92,84,0.158101
92,85,0.186490
92,86,0.135950
92,87,0.158874
92,88,0.147972
92,89,0.113754
92,90,0.093296
92,91,0.027938
92,92,0.000000
92,93,0.026242
92,94,0.084637
92,95,0.077010
92,96,0.004992
92,97,0.014804
92,98,0.078744
92,99,0.082551
92,100,0.069618
92,101,0.022534
92,102,0.005856
92,103,0.004037
92,104,0.050059
92,105,0.031740
92,106,0.021770
92,107,0.009903
92,108,0.080298
92,109,0.060157
92,110,0.077258
92,111,0.074436
92,112,0.086106
92,113,0.015814
92,114,0.105072
92,115,0.062388
92,116,0.003300
92,117,0.024566
92,118,0.000999
92,119,0.008044
92,120,0.008779
92,121,0.018656
92,122,0.042258
92,123,0.092803
92,124,0.060645
92,125,0.018134
92,126,0.054141
92,127,0.043227
92,128,0.045844
92,129,0.008664
92,130,0.021796
92,131,0.145887
93,1,0.058553
93,2,0.038178
93,3,0.001710
93,4,0.050230
93,5,0.197853
93,6,0.104084
93,7,0.079581
93,8,0.036373
93,9,0.037507
93,10,0.048664
93,11,0.034050
93,12,0.066779
93,13,0.081195
93,14,0.103295
93,15,0.088133
93,16,0.101110
93,17,0.078981
93,18,0.042414
93,19,0.034535
93,20,0.000581
93,21,0.065418
93,22,0.124431
93,23,0.101940
93,24,0.052813
93,25,0.118834
93,26,0.037108
93,27,0.010460
93,28,0.027113
93,29,0.058159
93,30,0.093516
93,31,0.058139
93,32,0.008660
93,33,0.044984
93,34,0.051124
93,35,0.078752
93,36,0.014152
93,37,0.041923
93,38,0.013468
93,39,0.000583
93,40,0.034672
93,41,0.043778
93,42,0.040078
93,43,0.043482
93,44,0.053961
93,45,0.135607
93,46,0.082847
93,47,0.028882
93,48,0.009184
93,49,0.015176
93,50,0.038135
93,51,0.036517
93,52,0.019722
93,53,0.029376
93,54,0.039411
93,55,0.136571
93,56,0.190670
93,57,0.167967
93,58,0.086416
93,59,0.005651
93,60,0.113366
93,61,0.038180
93,62,0.005221
93,63,0.079316
93,64,0.042535
93,65,0.175583
93,66,0.008162
93,67,0.042638
93,68,0.042621
93,69,0.051627
93,70,0.005287
93,71,0.044569
93,72,0.041610
93,73,0.119163
93,74,0.067767
93,75,0.089150
93,76,0.016107
93,77,0.006539
93,78,0.029033
93,79,0.018349
93,80,0.093404
93,81,0.233858
93,82,0.001183
93,83,0.016369
93,84,0.136080
93,85,0.143841
93,86,0.133395
93,87,0.157895
93,88,0.183171
93,89,0.122455
93,90,0.193666
93,91,0.002304
93,92,0.026242
93,93,0.000000
93,94,0.002691
93,95,0.122496
93,96,0.047865
93,97,0.046536
93,98,0.044836
93,99,0.091533
93,100,0.107077
93,101,0.016971
93,102,0.001345
93,103,0.022537
93,104,0.023994
93,105,0.016153
93,106,0.105434
93,107,0.113682
93,108,0.011245
93,109,0.068161
93,110,0.043080
93,111,0.020730
93,112,0.000976
93,113,0.079022
93,114,0.134763
93,115,0.119587
93,116,0.070267
93,117,0.035464
93,118,0.043371
93,119,0.056514
93,120,0.063423
93,121,0.094518
93,122,0.043060
93,123,0.142971
93,124,0.109051
93,125,0.064333
93,126,0.152654
93,127,0.145309
93,128,0.074386
93,129,0.021454
93,130,0.013838
93,131,0.141476
94,1,0.019253
94,2,0.058350
94,3,0.047164
94,4,0.003141
94,5,0.190649
94,6,0.057482
94,7,0.068246
94,8,0.004247
94,9,0.043336
94,10,0.017822
94,11,0.016907
94,12,0.043326
94,13,0.074082
94,14,0.073004
94,15,0.067860
94,16,0.114358
94,17,0.114195
94,18,0.085824
94,19,0.092401
94,20,0.051371
94,21,0.107562
94,22,0.160699
94,23,0.152438
94,24,0.067078
94,25,0.096522
94,26,0.036882
94,27,0.037985
94,28,0.015223
94,29,0.025956
94,30,0.057626
94,31,0.057936
94,32,0.018379
94,33,0.035614
94,34,0.027771
94,35,0.039663
94,36,0.033888
94,37,0.012790
94,38,0.014898
94,39,0.007265
94,40,0.028046
94,41,0.043888
94,42,0.004858
94,43,0.003902
94,44,0.046346
94,45,0.069000
94,46,0.004001
94,47,0.108765
94,48,0.062930
94,49,0.044767
94,50,0.057903
94,51,0.057976
94,52,0.039865
94,53,0.040240
94,54,0.003158
94,55,0.103664
94,56,0.108610
94,57,0.121940
94,58,0.116687
94,59,0.020507
94,60,0.111608
94,61,0.068589
94,62,0.012140
94,63,0.072632
94,64,0.065928
94,65,0.157760
94,66,0.021496
94,67,0.106910
94,68,0.114604
94,69,0.102262
94,70,0.019568
94,71,0.029204
94,72,0.029614
94,73,0.073483
94,74,0.035761
94,75,0.117338
94,76,0.099502
94,77,0.054322
94,78,0.072287
94,79,0.048537
94,80,0.003502
94,81,0.193145
94,82,0.031323
94,83,0.042428
94,84,0.118097
94,85,0.109184
94,86,0.121151
94,87,0.143179
94,88,0.094340
94,89,0.061409
94,90,0.134475
94,91,0.031870
94,92,0.084637
94,93,0.002691
94,94,0.000000
94,95,0.107862
94,96,0.026269
94,97,0.042644
94,98,0.040513
94,99,0.130225
94,100,0.080847
94,101,0.061415
94,102,0.034820
94,103,0.014378
94,104,0.051581
94,105,0.048950
94,106,0.027119
94,107,0.006412
94,108,0.090299
94,109,0.041125
94,110,0.049460
94,111,0.088059
94,112,0.067608
94,113,0.026884
94,114,0.093189
94,115,0.069042
94,116,0.026583
94,117,0.014693
94,118,0.052440
94,119,0.033509
94,120,0.025530
94,121,0.036156
94,122,0.006469
94,123,0.111296
94,124,0.114536
94,125,0.004583
94,126,0.073393
94,127,0.081771
94,128,0.037834
94,129,0.015273
94,130,0.023383
94,131,0.121620
95,1,0.032055
95,2,0.041486
95,3,0.005573
95,4,0.033575
95,5,0.159601
95,6,0.068296
95,7,0.028221
95,8,0.005280
95,9,0.036432
95,10,0.056530
95,11,0.005183
95,12,0.020500
95,13,0.027741
95,14,0.043361
95,15,0.029684
95,16,0.063210
95,17,0.056131
95,18,0.041867
95,19,0.028050
95,20,0.008028
95,21,0.082860
95,22,0.134880
95,23,0.108661
95,24,0.049362
95,25,0.055017
95,26,0.022538
95,27,0.027793
95,28,0.005450
95,29,0.041540
95,30,0.036005
95,31,0.016928
95,32,0.003891
95,33,0.054622
95,34,0.023936
95,35,0.014358
95,36,0.066908
95,37,0.029848
95,38,0.041103
95,39,0.004832
95,40,0.015506
95,41,0.029515
95,42,0.023797
95,43,0.048808
95,44,0.005377
95,45,0.066774
95,46,0.008644
95,47,0.087791
95,48,0.030132
95,49,0.062197
95,50,0.035324
95,51,0.035786
95,52,0.042316
95,53,0.032963
95,54,0.014041
95,55,0.085716
95,56,0.148247
95,57,0.041719
95,58,0.144873
95,59,0.102999
95,60,0.152274
95,61,0.065242
95,62,0.033353
95,63,0.078203
95,64,0.002049
95,65,0.131799
95,66,0.005438
95,67,0.074567
95,68,0.094360
95,69,0.122197
95,70,0.029422
95,71,0.058471
95,72,0.038614
95,73,0.071207
95,74,0.038869
95,75,0.085543
95,76,0.018965
95,77,0.010955
95,78,0.034484
95,79,0.058900
95,80,0.023297
95,81,0.169476
95,82,0.076424
95,83,0.109079
95,84,0.161143
95,85,0.161999
95,86,0.181033
95,87,0.182695
95,88,0.161390
95,89,0.121771
95,90,0.135258
95,91,0.000731
95,92,0.077010
95,93,0.122496
95,94,0.107862
95,95,0.000000
95,96,0.002680
95,97,0.011854
95,98,0.040806
95,99,0.069013
95,100,0.092322
95,101,0.070720
95,102,0.032773
95,103,0.005694
95,104,0.048580
95,105,0.059037
95,106,0.036182
95,107,0.011137
95,108,0.022314
95,109,0.018887
95,110,0.019209
95,111,0.046676
95,112,0.059135
95,113,0.005612
95,114,0.104621
95,115,0.061242
95,116,0.023161
95,117,0.003855
95,118,0.080323
95,119,0.018774
95,120,0.016381
95,121,0.023794
95,122,0.005986
95,123,0.142128
95,124,0.122566
95,125,0.073543
95,126,0.142333
95,127,0.150449
95,128,0.122574
95,129,0.040341
95,130,0.094001
95,131,0.128291
96,1,0.005726
96,2,0.063478
96,3,0.016535
96,4,0.055466
96,5,0.191993
96,6,0.067388
96,7,0.001338
96,8,0.032660
96,9,0.095238
96,10,0.090167
96,11,0.098404
96,12,0.025957
96,13,0.018043
96,14,0.008525
96,15,0.027672
96,16,0.144300
96,17,0.144358
96,18,0.101729
96,19,0.116877
96,20,0.098611
96,21,0.152932
96,22,0.262661
96,23,0.238207
96,24,0.190662
96,25,0.210450
96,26,0.067072
96,27,0.015905
96,28,0.020377
96,29,0.049346
96,30,0.005802
96,31,0.003105
96,32,0.025748
96,33,0.040313
96,34,0.040415
96,35,0.021437
96,36,0.036255
96,37,0.030535
96,38,0.059713
96,39,0.007029
96,40,0.016720
96,41,0.011210
96,42,0.040285
96,43,0.124083
96,44,0.036510
96,45,0.026019
96,46,0.010269
96,47,0.087217
96,48,0.066390
96,49,0.016718
96,50,0.070923
96,51,0.056662
96,52,0.041762
96,53,0.027583
96,54,0.031667
96,55,0.096380
96,56,0.179529
96,57,0.022294
96,58,0.166412
96,59,0.100827
96,60,0.177715
96,61,0.110652
96,62,0.058125
96,63,0.063865
96,64,0.021233
96,65,0.097007
96,66,0.036691
96,67,0.090540
96,68,0.111265
96,69,0.100392
96,70,0.006250
96,71,0.042927
96,72,0.034974
96,73,0.067582
96,74,0.055521
96,75,0.043641
96,76,0.004363
96,77,0.027626
96,78,0.001406
96,79,0.030688
96,80,0.001206
96,81,0.212279
96,82,0.103226
96,83,0.165376
96,84,0.209319
96,85,0.190641
96,86,0.179376
96,87,0.232753
96,88,0.192785
96,89,0.050816
96,90,0.148185
96,91,0.007934
96,92,0.004992
96,93,0.047865
96,94,0.026269
96,95,0.002680
96,96,0.000000
96,97,0.075596
96,98,0.026043
96,99,0.016781
96,100,0.144558
96,101,0.075614
96,102,0.048731
96,103,0.018917
96,104,0.066065
96,105,0.069570
96,106,0.003183
96,107,0.003978
96,108,0.053457
96,109,0.006973
96,110,0.030500
96,111,0.070625
96,112,0.085996
96,113,0.035743
96,114,0.073170
96,115,0.095684
96,116,0.039358
96,117,0.016143
96,118,0.063374
96,119,0.062348
96,120,0.060575
96,121,0.090353
96,122,0.051869
96,123,0.199409
96,124,0.156762
96,125,0.098133
96,126,0.174167
96,127,0.178846
96,128,0.127630
96,129,0.054339
96,130,0.062095
96,131,0.150181
97,1,0.087126
97,2,0.139450
97,3,0.010047
97,4,0.020793
97,5,0.185221
97,6,0.006639
97,7,0.023410
97,8,0.055261
97,9,0.141308
97,10,0.082650
97,11,0.083245
97,12,0.063868
97,13,0.081481
97,14,0.090644
97,15,0.097563
97,16,0.150018
97,17,0.170363
97,18,0.127430
97,19,0.171038
97,20,0.169226
97,21,0.200682
97,22,0.303192
97,23,0.294024
97,24,0.210949
97,25,0.224206
97,26,0.102663
97,27,0.017953
97,28,0.021822
97,29,0.008856
97,30,0.062572
97,31,0.037132
97,32,0.040873
97,33,0.007384
97,34,0.049427
97,35,0.008306
97,36,0.014931
97,37,0.027328
97,38,0.005077
97,39,0.031346
97,40,0.032163
97,41,0.000973
97,42,0.036219
97,43,0.073903
97,44,0.074019
97,45,0.029422
97,46,0.045485
97,47,0.135897
97,48,0.089357
97,49,0.000816
97,50,0.072730
97,51,0.065993
97,52,0.042282
97,53,0.026714
97,54,0.081509
97,55,0.110610
97,56,0.131580
97,57,0.089940
97,58,0.128556
97,59,0.043210
97,60,0.112378
97,61,0.082384
97,62,0.037265
97,63,0.049863
97,64,0.028835
97,65,0.084572
97,66,0.060542
97,67,0.121068
97,68,0.134867
97,69,0.121463
97,70,0.006958
97,71,0.052306
97,72,0.078347
97,73,0.118717
97,74,0.066765
97,75,0.061963
97,76,0.049173
97,77,0.005880
97,78,0.066008
97,79,0.023880
97,80,0.066655
97,81,0.171637
97,82,0.104369
97,83,0.184438
97,84,0.190344
97,85,0.152798
97,86,0.134721
97,87,0.199783
97,88,0.118798
97,89,0.019187
97,90,0.095855
97,91,0.021017
97,92,0.014804
97,93,0.046536
97,94,0.042644
97,95,0.011854
97,96,0.075596
97,97,0.000000
97,98,0.002483
97,99,0.015163
97,100,0.134631
97,101,0.039399
97,102,0.043072
97,103,0.019882
97,104,0.039843
97,105,0.094684
97,106,0.065824
97,107,0.103260
97,108,0.068338
97,109,0.055631
97,110,0.087645
97,111,0.155385
97,112,0.156782
97,113,0.143628
97,114,0.015754
97,115,0.049373
97,116,0.013041
97,117,0.022576
97,118,0.109529
97,119,0.109693
97,120,0.095708
97,121,0.102503
97,122,0.081459
97,123,0.192032
97,124,0.132627
97,125,0.088874
97,126,0.151268
97,127,0.135363
97,128,0.078784
97,129,0.058284
97,130,0.039236
97,131,0.151111
98,1,0.057220
98,2,0.123608
98,3,0.021015
98,4,0.034359
98,5,0.167388
98,6,0.037892
98,7,0.032894
98,8,0.016479
98,9,0.128374
98,10,0.071603
98,11,0.059269
98,12,0.036798
98,13,0.039064
98,14,0.042706
98,15,0.056554
98,16,0.127870
98,17,0.118434
98,18,0.099850
98,19,0.119172
98,20,0.127429
98,21,0.158396
98,22,0.236477
98,23,0.219012
98,24,0.143525
98,25,0.163209
98,26,0.098521
98,27,0.000813
98,28,0.009629
98,29,0.003462
98,30,0.033707
98,31,0.032314
98,32,0.041993
98,33,0.009489
98,34,0.020616
98,35,0.026324
98,36,0.024604
98,37,0.026833
98,38,0.021438
98,39,0.015251
98,40,0.033829
98,41,0.001153
98,42,0.023418
98,43,0.024134
98,44,0.039782
98,45,0.012605
98,46,0.013970
98,47,0.101244
98,48,0.070204
98,49,0.021274
98,50,0.081785
98,51,0.066679
98,52,0.046959
98,53,0.022513
98,54,0.087755
98,55,0.101451
98,56,0.110418
98,57,0.111738
98,58,0.114394
98,59,0.026323
98,60,0.087642
98,61,0.037639
98,62,0.001789
98,63,0.023007
98,64,0.007389
98,65,0.106840
98,66,0.030143
98,67,0.079657
98,68,0.110207
98,69,0.136360
98,70,0.016680
98,71,0.065859
98,72,0.077863
98,73,0.135027
98,74,0.083117
98,75,0.065844
98,76,0.018771
98,77,0.007854
98,78,0.028137
98,79,0.009635
98,80,0.047980
98,81,0.183610
98,82,0.120074
98,83,0.175456
98,84,0.188808
98,85,0.174563
98,86,0.164349
98,87,0.211436
98,88,0.172146
98,89,0.062725
98,90,0.154314
98,91,0.053253
98,92,0.078744
98,93,0.044836
98,94,0.040513
98,95,0.040806
98,96,0.026043
98,97,0.002483
98,98,0.000000
98,99,0.008932
98,100,0.167322
98,101,0.085782
98,102,0.072208
98,103,0.037717
98,104,0.071560
98,105,0.137028
98,106,0.083152
98,107,0.093402
98,108,0.050592
98,109,0.067746
98,110,0.084979
98,111,0.140170
98,112,0.142677
98,113,0.131507
98,114,0.077709
98,115,0.082689
98,116,0.024497
98,117,0.000583
98,118,0.060826
98,119,0.034411
98,120,0.016618
98,121,0.035030
98,122,0.036902
98,123,0.175043
98,124,0.125988
98,125,0.094581
98,126,0.159246
98,127,0.153343
98,128,0.084863
98,129,0.062499
98,130,0.075935
98,131,0.161918
99,1,0.082928
99,2,0.106023
99,3,0.005190
99,4,0.053468
99,5,0.101621
99,6,0.037257
99,7,0.013469
99,8,0.061266
99,9,0.110000
99,10,0.053697
99,11,0.043557
99,12,0.026976
99,13,0.025080
99,14,0.008849
99,15,0.019860
99,16,0.096795
99,17,0.079833
99,18,0.078192
99,19,0.102040
99,20,0.129415
99,21,0.129801
99,22,0.139107
99,23,0.126350
99,24,0.085440
99,25,0.079599
99,26,0.068348
99,27,0.020727
99,28,0.018251
99,29,0.015203
99,30,0.007988
99,31,0.007392
99,32,0.001521
99,33,0.008354
99,34,0.036202
99,35,0.054927
99,36,0.041073
99,37,0.026113
99,38,0.020615
99,39,0.019925
99,40,0.000630
99,41,0.036268
99,42,0.004646
99,43,0.010097
99,44,0.019258
99,45,0.046567
99,46,0.026092
99,47,0.048389
99,48,0.068102
99,49,0.049015
99,50,0.092556
99,51,0.073322
99,52,0.047880
99,53,0.017576
99,54,0.043845
99,55,0.023436
99,56,0.045185
99,57,0.049972
99,58,0.090867
99,59,0.039833
99,60,0.075087
99,61,0.037960
99,62,0.006869
99,63,0.028435
99,64,0.003856
99,65,0.122932
99,66,0.013060
99,67,0.014828
99,68,0.051278
99,69,0.102909
99,70,0.017554
99,71,0.060540
99,72,0.038278
99,73,0.095599
99,74,0.070389
99,75,0.091966
99,76,0.014391
99,77,0.060217
99,78,0.032937
99,79,0.071239
99,80,0.003820
99,81,0.195677
99,82,0.119045
99,83,0.172078
99,84,0.194818
99,85,0.199818
99,86,0.221201
99,87,0.245050
99,88,0.215610
99,89,0.049173
99,90,0.191972
99,91,0.087385
99,92,0.082551
99,93,0.091533
99,94,0.130225
99,95,0.069013
99,96,0.016781
99,97,0.015163
99,98,0.008932
99,99,0.000000
99,100,0.111591
99,101,0.093658
99,102,0.080274
99,103,0.055407
99,104,0.089113
99,105,0.116952
99,106,0.050767
99,107,0.038637
99,108,0.062001
99,109,0.083789
99,110,0.100049
99,111,0.113989
99,112,0.121775
99,113,0.055317
99,114,0.149150
99,115,0.148977
99,116,0.104448
99,117,0.045723
99,118,0.012750
99,119,0.047416
99,120,0.045604
99,121,0.013854
99,122,0.011627
99,123,0.130351
99,124,0.075297
99,125,0.108178
99,126,0.137012
99,127,0.126271
99,128,0.087328
99,129,0.047742
99,130,0.063001
99,131,0.156448
100,1,0.139422
100,2,0.123281
100,3,0.045854
100,4,0.057768
100,5,0.068310
100,6,0.041343
100,7,0.098356
100,8,0.146725
100,9,0.145961
100,10,0.063729
100,11,0.097680
100,12,0.109093
100,13,0.100704
100,14,0.081842
100,15,0.074671
100,16,0.086689
100,17,0.075217
100,18,0.057874
100,19,0.079932
100,20,0.096148
100,21,0.099350
100,22,0.134625
100,23,0.149050
100,24,0.101323
100,25,0.096085
100,26,0.086825
100,27,0.012876
100,28,0.031146
100,29,0.001813
100,30,0.031943
100,31,0.074060
100,32,0.101557
100,33,0.019604
100,34,0.013078
100,35,0.025106
100,36,0.023186
100,37,0.051598
100,38,0.042256
100,39,0.030889
100,40,0.006411
100,41,0.082055
100,42,0.041668
100,43,0.026190
100,44,0.078311
100,45,0.075093
100,46,0.052276
100,47,0.103088
100,48,0.155322
100,49,0.075480
100,50,0.134657
100,51,0.104747
100,52,0.067294
100,53,0.031060
100,54,0.043354
100,55,0.037488
100,56,0.018024
100,57,0.042586
100,58,0.076942
100,59,0.045273
100,60,0.086843
100,61,0.057750
100,62,0.044761
100,63,0.014716
100,64,0.072346
100,65,0.022718
100,66,0.059255
100,67,0.053133
100,68,0.057834
100,69,0.054332
100,70,0.035341
100,71,0.097604
100,72,0.089343
100,73,0.080807
100,74,0.024854
100,75,0.023364
100,76,0.013762
100,77,0.081708
100,78,0.041797
100,79,0.051574
100,80,0.003308
100,81,0.167296
100,82,0.120769
100,83,0.165431
100,84,0.182804
100,85,0.163971
100,86,0.175367
100,87,0.223962
100,88,0.158526
100,89,0.010375
100,90,0.002735
100,91,0.003561
100,92,0.069618
100,93,0.107077
100,94,0.080847
100,95,0.092322
100,96,0.144558
100,97,0.134631
100,98,0.167322
100,99,0.111591
100,100,0.000000
100,101,0.123914
100,102,0.077139
100,103,0.069956
100,104,0.081479
100,105,0.124903
100,106,0.106288
100,107,0.137106
100,108,0.091934
100,109,0.136977
100,110,0.146014
100,111,0.184116
100,112,0.145443
100,113,0.145176
100,114,0.025691
100,115,0.001792
100,116,0.021758
100,117,0.029144
100,118,0.026898
100,119,0.006669
100,120,0.005627
100,121,0.014152
100,122,0.031847
100,123,0.071462
100,124,0.067613
100,125,0.130198
100,126,0.130863
100,127,0.121816
100,128,0.108425
100,129,0.107625
100,130,0.031557
100,131,0.081830
101,1,0.154444
101,2,0.151436
101,3,0.014481
101,4,0.097746
101,5,0.082056
101,6,0.005479
101,7,0.021408
101,8,0.044284
101,9,0.176449
101,10,0.090488
101,11,0.067134
101,12,0.089040
101,13,0.077449
101,14,0.066479
101,15,0.060944
101,16,0.026914
101,17,0.004651
101,18,0.003371
101,19,0.021003
101,20,0.064935
101,21,0.085982
101,22,0.116515
101,23,0.144705
101,24,0.072057
101,25,0.065594
101,26,0.061057
101,27,0.001863
101,28,0.002175
101,29,0.004299
101,30,0.028388
101,31,0.063327
101,32,0.093573
101,33,0.048052
101,34,0.020708
101,35,0.027405
101,36,0.024292
101,37,0.043174
101,38,0.069894
101,39,0.019406
101,40,0.002815
101,41,0.067799
101,42,0.035411
101,43,0.030943
101,44,0.047768
101,45,0.051260
101,46,0.008361
101,47,0.059628
101,48,0.103228
101,49,0.024905
101,50,0.082877
101,51,0.062278
101,52,0.015655
101,53,0.058967
101,54,0.075101
101,55,0.057590
101,56,0.038215
101,57,0.050612
101,58,0.044092
101,59,0.035152
101,60,0.007396
101,61,0.023044
101,62,0.045543
101,63,0.024523
101,64,0.035103
101,65,0.022788
101,66,0.017745
101,67,0.022099
101,68,0.032408
101,69,0.068067
101,70,0.020024
101,71,0.063214
101,72,0.062398
101,73,0.098458
101,74,0.046825
101,75,0.010299
101,76,0.023871
101,77,0.057039
101,78,0.001101
101,79,0.032671
101,80,0.038182
101,81,0.187970
101,82,0.145740
101,83,0.188308
101,84,0.193962
101,85,0.165300
101,86,0.156535
101,87,0.225526
101,88,0.150016
101,89,0.077431
101,90,0.085855
101,91,0.033890
101,92,0.022534
101,93,0.016971
101,94,0.061415
101,95,0.070720
101,96,0.075614
101,97,0.039399
101,98,0.085782
101,99,0.093658
101,100,0.123914
101,101,0.000000
101,102,0.025572
101,103,0.017356
101,104,0.056472
101,105,0.141890
101,106,0.126343
101,107,0.181109
101,108,0.083726
101,109,0.150597
101,110,0.159042
101,111,0.214972
101,112,0.200055
101,113,0.166143
101,114,0.038996
101,115,0.043513
101,116,0.053927
101,117,0.074279
101,118,0.066157
101,119,0.017174
101,120,0.018587
101,121,0.062815
101,122,0.015453
101,123,0.060103
101,124,0.090537
101,125,0.102271
101,126,0.101628
101,127,0.074625
101,128,0.077175
101,129,0.067154
101,130,0.000105
101,131,0.131719
102,1,0.065649
102,2,0.077861
102,3,0.051540
102,4,0.047647
102,5,0.057927
102,6,0.046374
102,7,0.041871
102,8,0.010936
102,9,0.102496
102,10,0.038979
102,11,0.022179
102,12,0.038156
102,13,0.017297
102,14,0.002568
102,15,0.014739
102,16,0.033732
102,17,0.005999
102,18,0.019944
102,19,0.022915
102,20,0.050968
102,21,0.070055
102,22,0.066766
102,23,0.089112
102,24,0.032989
102,25,0.020595
102,26,0.033186
102,27,0.007936
102,28,0.033109
102,29,0.009993
102,30,0.047957
102,31,0.016015
102,32,0.044715
102,33,0.055011
102,34,0.043765
102,35,0.059488
102,36,0.051639
102,37,0.071320
102,38,0.079870
102,39,0.023257
102,40,0.038126
102,41,0.085860
102,42,0.045868
102,43,0.004079
102,44,0.037883
102,45,0.042650
102,46,0.009292
102,47,0.065110
102,48,0.076947
102,49,0.024545
102,50,0.062091
102,51,0.056397
102,52,0.046437
102,53,0.037977
102,54,0.055495
102,55,0.039789
102,56,0.050001
102,57,0.032121
102,58,0.070303
102,59,0.021016
102,60,0.017077
102,61,0.021068
102,62,0.091817
102,63,0.068948
102,64,0.007633
102,65,0.017185
102,66,0.026786
102,67,0.004073
102,68,0.024734
102,69,0.045044
102,70,0.002411
102,71,0.037119
102,72,0.029034
102,73,0.055332
102,74,0.032195
102,75,0.000755
102,76,0.042732
102,77,0.055727
102,78,0.010092
102,79,0.027470
102,80,0.021603
102,81,0.193379
102,82,0.111174
102,83,0.150644
102,84,0.193819
102,85,0.172183
102,86,0.130972
102,87,0.215699
102,88,0.145346
102,89,0.035885
102,90,0.094767
102,91,0.021867
102,92,0.005856
102,93,0.001345
102,94,0.034820
102,95,0.032773
102,96,0.048731
102,97,0.043072
102,98,0.072208
102,99,0.080274
102,100,0.077139
102,101,0.025572
102,102,0.000000
102,103,0.040747
102,104,0.059308
102,105,0.109734
102,106,0.079287
102,107,0.108546
102,108,0.041796
102,109,0.085439
102,110,0.086737
102,111,0.117466
102,112,0.103696
102,113,0.105236
102,114,0.002763
102,115,0.029737
102,116,0.041641
102,117,0.068056
102,118,0.083493
102,119,0.055336
102,120,0.042298
102,121,0.062170
102,122,0.017261
102,123,0.046271
102,124,0.082807
102,125,0.115828
102,126,0.124598
102,127,0.090253
102,128,0.071534
102,129,0.068624
102,130,0.001745
102,131,0.096641
103,1,0.053646
103,2,0.078412
103,3,0.053361
103,4,0.046713
103,5,0.089501
103,6,0.054403
103,7,0.058661
103,8,0.004810
103,9,0.116986
103,10,0.041866
103,11,0.047837
103,12,0.027286
103,13,0.017072
103,14,0.044791
103,15,0.049302
103,16,0.065930
103,17,0.024396
103,18,0.016185
103,19,0.036968
103,20,0.046720
103,21,0.028490
103,22,0.048777
103,23,0.059698
103,24,0.014460
103,25,0.006886
103,26,0.015544
103,27,0.007125
103,28,0.054762
103,29,0.009487
103,30,0.079296
103,31,0.018309
103,32,0.066713
103,33,0.030825
103,34,0.054382
103,35,0.060288
103,36,0.020464
103,37,0.041185
103,38,0.021437
103,39,0.011684
103,40,0.032397
103,41,0.089273
103,42,0.002395
103,43,0.024269
103,44,0.011363
103,45,0.017435
103,46,0.007231
103,47,0.043937
103,48,0.070752
103,49,0.049810
103,50,0.079801
103,51,0.075497
103,52,0.065877
103,53,0.055969
103,54,0.084817
103,55,0.059493
103,56,0.071053
103,57,0.047487
103,58,0.070152
103,59,0.020323
103,60,0.053776
103,61,0.026243
103,62,0.051755
103,63,0.030978
103,64,0.035372
103,65,0.010809
103,66,0.022174
103,67,0.002389
103,68,0.011415
103,69,0.011632
103,70,0.005082
103,71,0.034795
103,72,0.028523
103,73,0.056107
103,74,0.018400
103,75,0.004727
103,76,0.058243
103,77,0.035934
103,78,0.026742
103,79,0.004197
103,80,0.054789
103,81,0.209796
103,82,0.104626
103,83,0.149180
103,84,0.203429
103,85,0.186734
103,86,0.177511
103,87,0.253031
103,88,0.207361
103,89,0.006606
103,90,0.118980
103,91,0.054772
103,92,0.004037
103,93,0.022537
103,94,0.014378
103,95,0.005694
103,96,0.018917
103,97,0.019882
103,98,0.037717
103,99,0.055407
103,100,0.069956
103,101,0.017356
103,102,0.040747
103,103,0.000000
103,104,0.010670
103,105,0.069517
103,106,0.051494
103,107,0.037145
103,108,0.035298
103,109,0.076291
103,110,0.064977
103,111,0.096207
103,112,0.079292
103,113,0.091863
103,114,0.052278
103,115,0.055468
103,116,0.068693
103,117,0.154610
103,118,0.132975
103,119,0.105952
103,120,0.092170
103,121,0.090250
103,122,0.016420
103,123,0.053801
103,124,0.077217
103,125,0.129922
103,126,0.143029
103,127,0.088200
103,128,0.037950
103,129,0.027950
103,130,0.051128
103,131,0.083359
104,1,0.105365
104,2,0.113810
104,3,0.007945
104,4,0.065355
104,5,0.016545
104,6,0.001920
104,7,0.029328
104,8,0.074736
104,9,0.162668
104,10,0.066313
104,11,0.084503
104,12,0.079040
104,13,0.064446
104,14,0.032477
104,15,0.020209
104,16,0.008248
104,17,0.016545
104,18,0.015236
104,19,0.001039
104,20,0.041576
104,21,0.042298
104,22,0.071740
104,23,0.090660
104,24,0.047599
104,25,0.001109
104,26,0.034105
104,27,0.019821
104,28,0.015311
104,29,0.030304
104,30,0.016442
104,31,0.063083
104,32,0.096047
104,33,0.062241
104,34,0.058770
104,35,0.009022
104,36,0.000458
104,37,0.036457
104,38,0.014016
104,39,0.012005
104,40,0.010773
104,41,0.103966
104,42,0.076282
104,43,0.010909
104,44,0.043436
104,45,0.077001
104,46,0.037573
104,47,0.058452
104,48,0.073224
104,49,0.046926
104,50,0.086556
104,51,0.073707
104,52,0.065375
104,53,0.067336
104,54,0.106635
104,55,0.062471
104,56,0.037714
104,57,0.033869
104,58,0.049384
104,59,0.029131
104,60,0.034813
104,61,0.014320
104,62,0.026768
104,63,0.007948
104,64,0.075230
104,65,0.005961
104,66,0.013409
104,67,0.018301
104,68,0.013924
104,69,0.012163
104,70,0.014405
104,71,0.046335
104,72,0.061064
104,73,0.088978
104,74,0.043704
104,75,0.023080
104,76,0.009903
104,77,0.062820
104,78,0.008328
104,79,0.010095
104,80,0.042992
104,81,0.140692
104,82,0.096429
104,83,0.156458
104,84,0.206111
104,85,0.170660
104,86,0.185028
104,87,0.262409
104,88,0.198116
104,89,0.049790
104,90,0.054655
104,91,0.021985
104,92,0.050059
104,93,0.023994
104,94,0.051581
104,95,0.048580
104,96,0.066065
104,97,0.039843
104,98,0.071560
104,99,0.089113
104,100,0.081479
104,101,0.056472
104,102,0.059308
104,103,0.010670
104,104,0.000000
104,105,0.114376
104,106,0.135475
104,107,0.135580
104,108,0.071201
104,109,0.153532
104,110,0.158149
104,111,0.199125
104,112,0.160452
104,113,0.156223
104,114,0.024307
104,115,0.022243
104,116,0.057058
104,117,0.157261
104,118,0.104899
104,119,0.071616
104,120,0.055527
104,121,0.082226
104,122,0.003355
104,123,0.061870
104,124,0.058467
104,125,0.133630
104,126,0.133935
104,127,0.079255
104,128,0.021027
104,129,0.008090
104,130,0.049520
104,131,0.090938
105,1,0.050416
105,2,0.048081
105,3,0.078163
105,4,0.103161
105,5,0.015655
105,6,0.003551
105,7,0.081542
105,8,0.053127
105,9,0.078772
105,10,0.066316
105,11,0.104691
105,12,0.060260
105,13,0.053542
105,14,0.016421
105,15,0.008632
105,16,0.041445
105,17,0.066204
105,18,0.059782
105,19,0.044354
105,20,0.011236
105,21,0.063069
105,22,0.012806
105,23,0.006330
105,24,0.006261
105,25,0.045644
105,26,0.081493
105,27,0.023596
105,28,0.004979
105,29,0.083279
105,30,0.031862
105,31,0.008237
105,32,0.037527
105,33,0.043324
105,34,0.004546
105,35,0.002755
105,36,0.041927
105,37,0.067962
105,38,0.027591
105,39,0.064730
105,40,0.013874
105,41,0.134806
105,42,0.164630
105,43,0.026744
105,44,0.008935
105,45,0.003003
105,46,0.039081
105,47,0.023457
105,48,0.040875
105,49,0.051391
105,50,0.030930
105,51,0.009079
105,52,0.008439
105,53,0.026855
105,54,0.034567
105,55,0.010256
105,56,0.039732
105,57,0.044921
105,58,0.035461
105,59,0.008103
105,60,0.013687
105,61,0.036991
105,62,0.049157
105,63,0.000192
105,64,0.031294
105,65,0.038141
105,66,0.048210
105,67,0.083948
105,68,0.083182
105,69,0.071121
105,70,0.075586
105,71,0.054744
105,72,0.027319
105,73,0.017022
105,74,0.006299
105,75,0.009705
105,76,0.070642
105,77,0.133043
105,78,0.071831
105,79,0.102297
105,80,0.132373
105,81,0.019784
105,82,0.021573
105,83,0.062738
105,84,0.138642
105,85,0.142921
105,86,0.151291
105,87,0.192714
105,88,0.166458
105,89,0.013664
105,90,0.050318
105,91,0.034949
105,92,0.031740
105,93,0.016153
105,94,0.048950
105,95,0.059037
105,96,0.069570
105,97,0.094684
105,98,0.137028
105,99,0.116952
105,100,0.124903
105,101,0.141890
105,102,0.109734
105,103,0.069517
105,104,0.114376
105,105,0.000000
105,106,0.051181
105,107,0.081096
105,108,0.001682
105,109,0.049179
105,110,0.091900
105,111,0.105467
105,112,0.085385
105,113,0.047302
105,114,0.025901
105,115,0.006946
105,116,0.002783
105,117,0.059566
105,118,0.023834
105,119,0.028738
105,120,0.001737
105,121,0.019704
105,122,0.046340
105,123,0.128029
105,124,0.075831
105,125,0.104749
105,126,0.129414
105,127,0.083218
105,128,0.027809
105,129,0.041635
105,130,0.037809
105,131,0.013345
106,1,0.040701
106,2,0.005272
106,3,0.095574
106,4,0.117284
106,5,0.025696
106,6,0.044657
106,7,0.026025
106,8,0.009674
106,9,0.003388
106,10,0.008101
106,11,0.050998
106,12,0.056059
106,13,0.096078
106,14,0.132192
106,15,0.149975
106,16,0.080713
106,17,0.109451
106,18,0.112474
106,19,0.097280
106,20,0.056633
106,21,0.045522
106,22,0.113442
106,23,0.138400
106,24,0.122527
106,25,0.139086
106,26,0.199874
106,27,0.035595
106,28,0.034934
106,29,0.044167
106,30,0.166926
106,31,0.096342
106,32,0.015307
106,33,0.012970
106,34,0.077899
106,35,0.019549
106,36,0.116935
106,37,0.133924
106,38,0.037435
106,39,0.120478
106,40,0.061083
106,41,0.133811
106,42,0.177048
106,43,0.011592
106,44,0.088164
106,45,0.170038
106,46,0.157917
106,47,0.133290
106,48,0.130941
106,49,0.096228
106,50,0.106188
106,51,0.047494
106,52,0.010764
106,53,0.045990
106,54,0.000613
106,55,0.038459
106,56,0.113775
106,57,0.093109
106,58,0.095023
106,59,0.026819
106,60,0.089070
106,61,0.119425
106,62,0.157093
106,63,0.010009
106,64,0.025783
106,65,0.134551
106,66,0.194860
106,67,0.172715
106,68,0.195312
106,69,0.149198
106,70,0.126133
106,71,0.096185
106,72,0.097623
106,73,0.013796
106,74,0.000682
106,75,0.047039
106,76,0.056388
106,77,0.069891
106,78,0.035495
106,79,0.058320
106,80,0.144244
106,81,0.028865
106,82,0.101692
106,83,0.047289
106,84,0.086908
106,85,0.087469
106,86,0.075384
106,87,0.140818
106,88,0.142089
106,89,0.065747
106,90,0.129675
106,91,0.036980
106,92,0.021770
106,93,0.105434
106,94,0.027119
106,95,0.036182
106,96,0.003183
106,97,0.065824
106,98,0.083152
106,99,0.050767
106,100,0.106288
106,101,0.126343
106,102,0.079287
106,103,0.051494
106,104,0.135475
106,105,0.051181
106,106,0.000000
106,107,0.014229
106,108,0.005923
106,109,0.024644
106,110,0.017801
106,111,0.039893
106,112,0.006852
106,113,0.042154
106,114,0.062410
106,115,0.052222
106,116,0.024850
106,117,0.050095
106,118,0.068540
106,119,0.056271
106,120,0.008388
106,121,0.058112
106,122,0.029802
106,123,0.120822
106,124,0.088325
106,125,0.091253
106,126,0.120939
106,127,0.084390
106,128,0.051865
106,129,0.014191
106,130,0.051984
106,131,0.029616
107,1,0.058661
107,2,0.027969
107,3,0.137344
107,4,0.196033
107,5,0.059969
107,6,0.102624
107,7,0.006484
107,8,0.019580
107,9,0.026123
107,10,0.043673
107,11,0.050913
107,12,0.081723
107,13,0.118594
107,14,0.147049
107,15,0.140882
107,16,0.062352
107,17,0.112732
107,18,0.045875
107,19,0.041556
107,20,0.023168
107,21,0.146542
107,22,0.023133
107,23,0.060132
107,24,0.039539
107,25,0.047286
107,26,0.139809
107,27,0.020830
107,28,0.004911
107,29,0.006135
107,30,0.157759
107,31,0.107752
107,32,0.016489
107,33,0.007659
107,34,0.061034
107,35,0.040714
107,36,0.106796
107,37,0.128949
107,38,0.043495
107,39,0.131238
107,40,0.052541
107,41,0.116779
107,42,0.195553
107,43,0.013563
107,44,0.052727
107,45,0.141047
107,46,0.121086
107,47,0.064146
107,48,0.113367
107,49,0.071533
107,50,0.075598
107,51,0.030752
107,52,0.009835
107,53,0.013397
107,54,0.017421
107,55,0.064467
107,56,0.072196
107,57,0.123694
107,58,0.091352
107,59,0.055229
107,60,0.056468
107,61,0.103582
107,62,0.159843
107,63,0.025713
107,64,0.023029
107,65,0.166881
107,66,0.166622
107,67,0.098537
107,68,0.111946
107,69,0.139916
107,70,0.134050
107,71,0.054281
107,72,0.051381
107,73,0.079134
107,74,0.041518
107,75,0.049271
107,76,0.032008
107,77,0.077244
107,78,0.038639
107,79,0.008540
107,80,0.151650
107,81,0.001684
107,82,0.071735
107,83,0.018560
107,84,0.083422
107,85,0.099928
107,86,0.083001
107,87,0.152828
107,88,0.148827
107,89,0.015468
107,90,0.147828
107,91,0.033084
107,92,0.009903
107,93,0.113682
107,94,0.006412
107,95,0.011137
107,96,0.003978
107,97,0.103260
107,98,0.093402
107,99,0.038637
107,100,0.137106
107,101,0.181109
107,102,0.108546
107,103,0.037145
107,104,0.135580
107,105,0.081096
107,106,0.014229
107,107,0.000000
107,108,0.038647
107,109,0.009930
107,110,0.021244
107,111,0.026779
107,112,0.018431
107,113,0.011824
107,114,0.009665
107,115,0.005898
107,116,0.003569
107,117,0.028552
107,118,0.102772
107,119,0.110447
107,120,0.050910
107,121,0.097433
107,122,0.040185
107,123,0.123561
107,124,0.078962
107,125,0.086781
107,126,0.126584
107,127,0.096962
107,128,0.127743
107,129,0.086080
107,130,0.017830
107,131,0.059418
108,1,0.122373
108,2,0.186491
108,3,0.170679
108,4,0.179010
108,5,0.216362
108,6,0.102993
108,7,0.117841
108,8,0.073001
108,9,0.136610
108,10,0.021190
108,11,0.104290
108,12,0.080605
108,13,0.081854
108,14,0.078931
108,15,0.094468
108,16,0.042063
108,17,0.025170
108,18,0.118121
108,19,0.115043
108,20,0.181080
108,21,0.209644
108,22,0.155105
108,23,0.133277
108,24,0.130003
108,25,0.141022
108,26,0.036121
108,27,0.105584
108,28,0.039556
108,29,0.024327
108,30,0.081898
108,31,0.033271
108,32,0.097299
108,33,0.022452
108,34,0.120444
108,35,0.084283
108,36,0.009159
108,37,0.056078
108,38,0.019467
108,39,0.031085
108,40,0.001600
108,41,0.115351
108,42,0.074510
108,43,0.133247
108,44,0.131998
108,45,0.092161
108,46,0.052609
108,47,0.118622
108,48,0.065723
108,49,0.059479
108,50,0.055371
108,51,0.051623
108,52,0.047557
108,53,0.130906
108,54,0.148867
108,55,0.145867
108,56,0.144672
108,57,0.083995
108,58,0.042730
108,59,0.074644
108,60,0.064728
108,61,0.040675
108,62,0.000596
108,63,0.069646
108,64,0.158016
108,65,0.074517
108,66,0.066338
108,67,0.071825
108,68,0.059787
108,69,0.044681
108,70,0.061729
108,71,0.046694
108,72,0.086375
108,73,0.181114
108,74,0.030004
108,75,0.019205
108,76,0.142101
108,77,0.163581
108,78,0.011784
108,79,0.013263
108,80,0.010103
108,81,0.062353
108,82,0.037432
108,83,0.028100
108,84,0.102531
108,85,0.138062
108,86,0.095485
108,87,0.050864
108,88,0.002965
108,89,0.021144
108,90,0.013164
108,91,0.144543
108,92,0.080298
108,93,0.011245
108,94,0.090299
108,95,0.022314
108,96,0.053457
108,97,0.068338
108,98,0.050592
108,99,0.062001
108,100,0.091934
108,101,0.083726
108,102,0.041796
108,103,0.035298
108,104,0.071201
108,105,0.001682
108,106,0.005923
108,107,0.038647
108,108,0.000000
108,109,0.105665
108,110,0.044991
108,111,0.044538
108,112,0.009044
108,113,0.210389
108,114,0.164275
108,115,0.082934
108,116,0.104890
108,117,0.008957
108,118,0.165677
108,119,0.179683
108,120,0.188990
108,121,0.147426
108,122,0.148339
108,123,0.100609
108,124,0.021935
108,125,0.131410
108,126,0.151421
108,127,0.174012
108,128,0.200917
108,129,0.150148
108,130,0.068626
108,131,0.006882
109,1,0.078520
109,2,0.131925
109,3,0.201154
109,4,0.203418
109,5,0.030055
109,6,0.052731
109,7,0.179973
109,8,0.087322
109,9,0.093914
109,10,0.080454
109,11,0.120716
109,12,0.085416
109,13,0.073580
109,14,0.054172
109,15,0.042787
109,16,0.107263
109,17,0.141901
109,18,0.042827
109,19,0.064904
109,20,0.063788
109,21,0.092544
109,22,0.053325
109,23,0.070940
109,24,0.048917
109,25,0.078084
109,26,0.096180
109,27,0.032193
109,28,0.016927
109,29,0.024429
109,30,0.032133
109,31,0.028365
109,32,0.089250
109,33,0.027412
109,34,0.124623
109,35,0.091572
109,36,0.085654
109,37,0.100734
109,38,0.042879
109,39,0.086233
109,40,0.058584
109,41,0.154691
109,42,0.131108
109,43,0.008910
109,44,0.002444
109,45,0.027100
109,46,0.078323
109,47,0.036684
109,48,0.088895
109,49,0.025913
109,50,0.015254
109,51,0.002604
109,52,0.045325
109,53,0.120730
109,54,0.102546
109,55,0.012076
109,56,0.075210
109,57,0.160196
109,58,0.094581
109,59,0.087340
109,60,0.143574
109,61,0.150007
109,62,0.124552
109,63,0.002071
109,64,0.077564
109,65,0.018002
109,66,0.061253
109,67,0.119292
109,68,0.151808
109,69,0.158596
109,70,0.085369
109,71,0.024402
109,72,0.002325
109,73,0.140502
109,74,0.010400
109,75,0.000520
109,76,0.217171
109,77,0.192760
109,78,0.019931
109,79,0.047745
109,80,0.087531
109,81,0.106733
109,82,0.067382
109,83,0.029442
109,84,0.044198
109,85,0.061152
109,86,0.004653
109,87,0.050980
109,88,0.094320
109,89,0.022757
109,90,0.048013
109,91,0.157731
109,92,0.060157
109,93,0.068161
109,94,0.041125
109,95,0.018887
109,96,0.006973
109,97,0.055631
109,98,0.067746
109,99,0.083789
109,100,0.136977
109,101,0.150597
109,102,0.085439
109,103,0.076291
109,104,0.153532
109,105,0.049179
109,106,0.024644
109,107,0.009930
109,108,0.105665
109,109,0.000000
109,110,0.069754
109,111,0.013174
109,112,0.001135
109,113,0.213675
109,114,0.119631
109,115,0.058623
109,116,0.050004
109,117,0.009482
109,118,0.106987
109,119,0.097664
109,120,0.087188
109,121,0.064001
109,122,0.101984
109,123,0.091671
109,124,0.000849
109,125,0.207471
109,126,0.197251
109,127,0.216750
109,128,0.172550
109,129,0.047458
109,130,0.076249
109,131,0.069230
110,1,0.059016
110,2,0.109783
110,3,0.195346
110,4,0.209736
110,5,0.030113
110,6,0.047941
110,7,0.135588
110,8,0.079017
110,9,0.119074
110,10,0.147180
110,11,0.165916
110,12,0.096120
110,13,0.038087
110,14,0.006258
110,15,0.021520
110,16,0.097959
110,17,0.145659
110,18,0.071256
110,19,0.114368
110,20,0.020778
110,21,0.060477
110,22,0.076912
110,23,0.088956
110,24,0.058262
110,25,0.092377
110,26,0.117037
110,27,0.023997
110,28,0.034554
110,29,0.026958
110,30,0.036793
110,31,0.020833
110,32,0.104557
110,33,0.075985
110,34,0.136541
110,35,0.081267
110,36,0.095779
110,37,0.094829
110,38,0.041077
110,39,0.116560
110,40,0.098879
110,41,0.135558
110,42,0.098681
110,43,0.009610
110,44,0.056496
110,45,0.063081
110,46,0.108065
110,47,0.063474
110,48,0.098450
110,49,0.039452
110,50,0.015352
110,51,0.020475
110,52,0.064878
110,53,0.108168
110,54,0.066237
110,55,0.055779
110,56,0.103506
110,57,0.136545
110,58,0.081473
110,59,0.050092
110,60,0.108438
110,61,0.134105
110,62,0.136573
110,63,0.021175
110,64,0.048449
110,65,0.007946
110,66,0.093792
110,67,0.135959
110,68,0.161422
110,69,0.180626
110,70,0.130177
110,71,0.025676
110,72,0.004569
110,73,0.149099
110,74,0.005966
110,75,0.007207
110,76,0.206137
110,77,0.180417
110,78,0.017231
110,79,0.032730
110,80,0.119856
110,81,0.080362
110,82,0.062608
110,83,0.014880
110,84,0.037595
110,85,0.021440
110,86,0.070711
110,87,0.119555
110,88,0.127876
110,89,0.006090
110,90,0.060619
110,91,0.135016
110,92,0.077258
110,93,0.043080
110,94,0.049460
110,95,0.019209
110,96,0.030500
110,97,0.087645
110,98,0.084979
110,99,0.100049
110,100,0.146014
110,101,0.159042
110,102,0.086737
110,103,0.064977
110,104,0.158149
110,105,0.091900
110,106,0.017801
110,107,0.021244
110,108,0.044991
110,109,0.069754
110,110,0.000000
110,111,0.037424
110,112,0.008571
110,113,0.182678
110,114,0.112260
110,115,0.047287
110,116,0.023596
110,117,0.027806
110,118,0.052324
110,119,0.047348
110,120,0.033060
110,121,0.048142
110,122,0.069693
110,123,0.072160
110,124,0.008365
110,125,0.162247
110,126,0.162801
110,127,0.158228
110,128,0.109712
110,129,0.002569
110,130,0.077946
110,131,0.077948
111,1,0.045824
111,2,0.102544
111,3,0.198628
111,4,0.209931
111,5,0.025065
111,6,0.015301
111,7,0.141897
111,8,0.072280
111,9,0.100062
111,10,0.088966
111,11,0.122980
111,12,0.049832
111,13,0.027474
111,14,0.002167
111,15,0.016628
111,16,0.075156
111,17,0.117820
111,18,0.039386
111,19,0.043503
111,20,0.044033
111,21,0.110311
111,22,0.079226
111,23,0.103301
111,24,0.075900
111,25,0.109391
111,26,0.143825
111,27,0.023860
111,28,0.002068
111,29,0.024460
111,30,0.037600
111,31,0.021094
111,32,0.067427
111,33,0.050028
111,34,0.106946
111,35,0.029842
111,36,0.067114
111,37,0.094811
111,38,0.044567
111,39,0.130786
111,40,0.059734
111,41,0.146530
111,42,0.198143
111,43,0.018500
111,44,0.065517
111,45,0.099074
111,46,0.144553
111,47,0.118238
111,48,0.078089
111,49,0.056649
111,50,0.019797
111,51,0.025511
111,52,0.054884
111,53,0.104697
111,54,0.034378
111,55,0.058287
111,56,0.036104
111,57,0.074866
111,58,0.096328
111,59,0.065329
111,60,0.120176
111,61,0.154384
111,62,0.139219
111,63,0.012627
111,64,0.051825
111,65,0.068491
111,66,0.106075
111,67,0.121289
111,68,0.148561
111,69,0.189372
111,70,0.160044
111,71,0.055267
111,72,0.016844
111,73,0.125978
111,74,0.005178
111,75,0.011050
111,76,0.159806
111,77,0.148286
111,78,0.049304
111,79,0.071451
111,80,0.146606
111,81,0.014670
111,82,0.029883
111,83,0.046813
111,84,0.035493
111,85,0.019509
111,86,0.093538
111,87,0.156280
111,88,0.130630
111,89,0.027517
111,90,0.036719
111,91,0.143604
111,92,0.074436
111,93,0.020730
111,94,0.088059
111,95,0.046676
111,96,0.070625
111,97,0.155385
111,98,0.140170
111,99,0.113989
111,100,0.184116
111,101,0.214972
111,102,0.117466
111,103,0.096207
111,104,0.199125
111,105,0.105467
111,106,0.039893
111,107,0.026779
111,108,0.044538
111,109,0.013174
111,110,0.037424
111,111,0.000000
111,112,0.045778
111,113,0.135002
111,114,0.112359
111,115,0.038280
111,116,0.065022
111,117,0.025283
111,118,0.066750
111,119,0.053799
111,120,0.058232
111,121,0.072140
111,122,0.061816
111,123,0.092066
111,124,0.006199
111,125,0.142493
111,126,0.161391
111,127,0.152951
111,128,0.130542
111,129,0.053017
111,130,0.121768
111,131,0.062707
112,1,0.098936
112,2,0.125407
112,3,0.188486
112,4,0.189700
112,5,0.071859
112,6,0.013159
112,7,0.165756
112,8,0.084156
112,9,0.108820
112,10,0.084663
112,11,0.114495
112,12,0.086854
112,13,0.067594
112,14,0.048638
112,15,0.025866
112,16,0.020587
112,17,0.055096
112,18,0.016292
112,19,0.019065
112,20,0.032104
112,21,0.054913
112,22,0.070162
112,23,0.088867
112,24,0.043726
112,25,0.073307
112,26,0.110749
112,27,0.049804
112,28,0.030569
112,29,0.016235
112,30,0.002624
112,31,0.017166
112,32,0.084361
112,33,0.056314
112,34,0.109714
112,35,0.061840
112,36,0.040301
112,37,0.078688
112,38,0.031855
112,39,0.091106
112,40,0.025859
112,41,0.114778
112,42,0.158450
112,43,0.056974
112,44,0.026520
112,45,0.045258
112,46,0.100806
112,47,0.062428
112,48,0.007507
112,49,0.005337
112,50,0.027972
112,51,0.037820
112,52,0.074658
112,53,0.054499
112,54,0.017564
112,55,0.029757
112,56,0.005857
112,57,0.070791
112,58,0.074634
112,59,0.042451
112,60,0.094009
112,61,0.126430
112,62,0.109224
112,63,0.014084
112,64,0.078318
112,65,0.037872
112,66,0.074336
112,67,0.090926
112,68,0.117950
112,69,0.162945
112,70,0.116366
112,71,0.011179
112,72,0.028900
112,73,0.082924
112,74,0.044879
112,75,0.013676
112,76,0.147070
112,77,0.186931
112,78,0.103782
112,79,0.085835
112,80,0.085881
112,81,0.058819
112,82,0.068752
112,83,0.037487
112,84,0.046334
112,85,0.025201
112,86,0.067967
112,87,0.124058
112,88,0.093720
112,89,0.042049
112,90,0.004294
112,91,0.137020
112,92,0.086106
112,93,0.000976
112,94,0.067608
112,95,0.059135
112,96,0.085996
112,97,0.156782
112,98,0.142677
112,99,0.121775
112,100,0.145443
112,101,0.200055
112,102,0.103696
112,103,0.079292
112,104,0.160452
112,105,0.085385
112,106,0.006852
112,107,0.018431
112,108,0.009044
112,109,0.001135
112,110,0.008571
112,111,0.045778
112,112,0.000000
112,113,0.168554
112,114,0.193844
112,115,0.093889
112,116,0.090947
112,117,0.013383
112,118,0.040739
112,119,0.025819
112,120,0.053885
112,121,0.083397
112,122,0.059074
112,123,0.067799
112,124,0.011384
112,125,0.135111
112,126,0.148070
112,127,0.144300
112,128,0.128432
112,129,0.019782
112,130,0.144357
112,131,0.027445
113,1,0.057458
113,2,0.099434
113,3,0.223533
113,4,0.223317
113,5,0.000689
113,6,0.020106
113,7,0.162391
113,8,0.096742
113,9,0.061253
113,10,0.063296
113,11,0.111036
113,12,0.049358
113,13,0.034341
113,14,0.012652
113,15,0.023877
113,16,0.037790
113,17,0.026082
113,18,0.022449
113,19,0.012118
113,20,0.014898
113,21,0.095879
113,22,0.094308
113,23,0.114565
113,24,0.111163
113,25,0.115969
113,26,0.152219
113,27,0.012798
113,28,0.049456
113,29,0.067631
113,30,0.059019
113,31,0.086001
113,32,0.020409
113,33,0.024224
113,34,0.102554
113,35,0.019332
113,36,0.091053
113,37,0.096267
113,38,0.033059
113,39,0.131233
113,40,0.086024
113,41,0.073483
113,42,0.127791
113,43,0.085908
113,44,0.161908
113,45,0.161855
113,46,0.212505
113,47,0.155624
113,48,0.069578
113,49,0.062645
113,50,0.019462
113,51,0.018815
113,52,0.027980
113,53,0.043549
113,54,0.038745
113,55,0.076859
113,56,0.008868
113,57,0.105366
113,58,0.106383
113,59,0.073692
113,60,0.132954
113,61,0.153510
113,62,0.136277
113,63,0.016822
113,64,0.013797
113,65,0.158111
113,66,0.128226
113,67,0.104712
113,68,0.145007
113,69,0.171255
113,70,0.173411
113,71,0.124646
113,72,0.116703
113,73,0.005716
113,74,0.012385
113,75,0.058621
113,76,0.070982
113,77,0.057849
113,78,0.046042
113,79,0.078348
113,80,0.121658
113,81,0.009986
113,82,0.074914
113,83,0.088402
113,84,0.041271
113,85,0.070445
113,86,0.119238
113,87,0.156203
113,88,0.107302
113,89,0.009301
113,90,0.044795
113,91,0.091651
113,92,0.015814
113,93,0.079022
113,94,0.026884
113,95,0.005612
113,96,0.035743
113,97,0.143628
113,98,0.131507
113,99,0.055317
113,100,0.145176
113,101,0.166143
113,102,0.105236
113,103,0.091863
113,104,0.156223
113,105,0.047302
113,106,0.042154
113,107,0.011824
113,108,0.210389
113,109,0.213675
113,110,0.182678
113,111,0.135002
113,112,0.168554
113,113,0.000000
113,114,0.031886
113,115,0.021818
113,116,0.003662
113,117,0.052226
113,118,0.004578
113,119,0.021852
113,120,0.001894
113,121,0.057211
113,122,0.021362
113,123,0.077525
113,124,0.031012
113,125,0.080822
113,126,0.125597
113,127,0.125671
113,128,0.053429
113,129,0.066863
113,130,0.140501
113,131,0.052944
114,1,0.043221
114,2,0.031427
114,3,0.036750
114,4,0.119402
114,5,0.119439
114,6,0.091130
114,7,0.044294
114,8,0.006387
114,9,0.004625
114,10,0.005990
114,11,0.007349
114,12,0.045454
114,13,0.101630
114,14,0.105895
114,15,0.098325
114,16,0.078732
114,17,0.067137
114,18,0.074414
114,19,0.088745
114,20,0.087330
114,21,0.120585
114,22,0.087296
114,23,0.058957
114,24,0.047631
114,25,0.045065
114,26,0.041729
114,27,0.030607
114,28,0.005659
114,29,0.032869
114,30,0.089258
114,31,0.106479
114,32,0.069683
114,33,0.001041
114,34,0.032120
114,35,0.042793
114,36,0.047277
114,37,0.039255
114,38,0.007598
114,39,0.088647
114,40,0.046168
114,41,0.019835
114,42,0.032470
114,43,0.114132
114,44,0.155899
114,45,0.140185
114,46,0.074177
114,47,0.003092
114,48,0.012519
114,49,0.000222
114,50,0.014607
114,51,0.005829
114,52,0.021667
114,53,0.031836
114,54,0.016950
114,55,0.001414
114,56,0.042959
114,57,0.119034
114,58,0.009962
114,59,0.006929
114,60,0.033105
114,61,0.019130
114,62,0.058179
114,63,0.019548
114,64,0.054709
114,65,0.276473
114,66,0.157798
114,67,0.016308
114,68,0.009026
114,69,0.008474
114,70,0.110020
114,71,0.000125
114,72,0.008174
114,73,0.097197
114,74,0.041972
114,75,0.090449
114,76,0.034665
114,77,0.056838
114,78,0.066543
114,79,0.057012
114,80,0.009392
114,81,0.057896
114,82,0.012280
114,83,0.049117
114,84,0.027223
114,85,0.044527
114,86,0.102957
114,87,0.104145
114,88,0.061163
114,89,0.015366
114,90,0.158839
114,91,0.030839
114,92,0.105072
114,93,0.134763
114,94,0.093189
114,95,0.104621
114,96,0.073170
114,97,0.015754
114,98,0.077709
114,99,0.149150
114,100,0.025691
114,101,0.038996
114,102,0.002763
114,103,0.052278
114,104,0.024307
114,105,0.025901
114,106,0.062410
114,107,0.009665
114,108,0.164275
114,109,0.119631
114,110,0.112260
114,111,0.112359
114,112,0.193844
114,113,0.031886
114,114,0.000000
114,115,0.105559
114,116,0.072059
114,117,0.122590
114,118,0.013635
114,119,0.089705
114,120,0.002180
114,121,0.075460
114,122,0.025807
114,123,0.085774
114,124,0.074989
114,125,0.001999
114,126,0.064239
114,127,0.089740
114,128,0.097659
114,129,0.004447
114,130,0.038684
114,131,0.126179
115,1,0.068873
115,2,0.011477
115,3,0.005062
115,4,0.062789
115,5,0.085724
115,6,0.029918
115,7,0.044512
115,8,0.037482
115,9,0.023158
115,10,0.042684
115,11,0.045128
115,12,0.081436
115,13,0.086661
115,14,0.094675
115,15,0.082807
115,16,0.009897
115,17,0.026015
115,18,0.030531
115,19,0.045041
115,20,0.041991
115,21,0.053617
115,22,0.075597
115,23,0.056319
115,24,0.048745
115,25,0.031850
115,26,0.000851
115,27,0.023995
115,28,0.006573
115,29,0.006533
115,30,0.084811
115,31,0.113389
115,32,0.088561
115,33,0.078773
115,34,0.045658
115,35,0.051172
115,36,0.023477
115,37,0.049461
115,38,0.006749
115,39,0.073163
115,40,0.025658
115,41,0.036952
115,42,0.091153
115,43,0.085739
115,44,0.090452
115,45,0.057957
115,46,0.013158
115,47,0.015360
115,48,0.039359
115,49,0.033265
115,50,0.029418
115,51,0.011051
115,52,0.019809
115,53,0.030588
115,54,0.046878
115,55,0.024328
115,56,0.003029
115,57,0.183138
115,58,0.075886
115,59,0.007910
115,60,0.028769
115,61,0.011483
115,62,0.048075
115,63,0.035111
115,64,0.033527
115,65,0.225836
115,66,0.092734
115,67,0.006209
115,68,0.000306
115,69,0.028724
115,70,0.067384
115,71,0.028876
115,72,0.057834
115,73,0.122509
115,74,0.077837
115,75,0.034878
115,76,0.056695
115,77,0.052486
115,78,0.103967
115,79,0.087643
115,80,0.007651
115,81,0.021126
115,82,0.009194
115,83,0.018500
115,84,0.009731
115,85,0.013930
115,86,0.063023
115,87,0.054903
115,88,0.018543
115,89,0.019461
115,90,0.147160
115,91,0.022449
115,92,0.062388
115,93,0.119587
115,94,0.069042
115,95,0.061242
115,96,0.095684
115,97,0.049373
115,98,0.082689
115,99,0.148977
115,100,0.001792
115,101,0.043513
115,102,0.029737
115,103,0.055468
115,104,0.022243
115,105,0.006946
115,106,0.052222
115,107,0.005898
115,108,0.082934
115,109,0.058623
115,110,0.047287
115,111,0.038280
115,112,0.093889
115,113,0.021818
115,114,0.105559
115,115,0.000000
115,116,0.046032
115,117,0.089678
115,118,0.060409
115,119,0.095231
115,120,0.001443
115,121,0.071704
115,122,0.008362
115,123,0.108509
115,124,0.055901
115,125,0.016806
115,126,0.003215
115,127,0.003257
115,128,0.070066
115,129,0.001972
115,130,0.037862
115,131,0.111029
116,1,0.055215
116,2,0.028010
116,3,0.033756
116,4,0.114390
116,5,0.208796
116,6,0.026467
116,7,0.057586
116,8,0.049190
116,9,0.005156
116,10,0.018885
116,11,0.028065
116,12,0.091463
116,13,0.091017
116,14,0.086512
116,15,0.056075
116,16,0.047295
116,17,0.066289
116,18,0.086442
116,19,0.084348
116,20,0.096594
116,21,0.132645
116,22,0.193110
116,23,0.161440
116,24,0.147132
116,25,0.150805
116,26,0.044141
116,27,0.029646
116,28,0.071855
116,29,0.042993
116,30,0.038011
116,31,0.054334
116,32,0.059972
116,33,0.032459
116,34,0.016666
116,35,0.042483
116,36,0.000706
116,37,0.034604
116,38,0.008346
116,39,0.069088
116,40,0.007633
116,41,0.067580
116,42,0.114625
116,43,0.022711
116,44,0.014418
116,45,0.016004
116,46,0.050446
116,47,0.086074
116,48,0.010087
116,49,0.019082
116,50,0.034980
116,51,0.009349
116,52,0.026018
116,53,0.073482
116,54,0.101456
116,55,0.056108
116,56,0.096465
116,57,0.184589
116,58,0.078406
116,59,0.002988
116,60,0.018592
116,61,0.037268
116,62,0.005448
116,63,0.041778
116,64,0.061903
116,65,0.173160
116,66,0.030423
116,67,0.067872
116,68,0.069548
116,69,0.018579
116,70,0.073954
116,71,0.066649
116,72,0.108892
116,73,0.200678
116,74,0.119480
116,75,0.010268
116,76,0.082403
116,77,0.046143
116,78,0.164740
116,79,0.120455
116,80,0.018658
116,81,0.014215
116,82,0.055441
116,83,0.044442
116,84,0.029357
116,85,0.028226
116,86,0.039224
116,87,0.040592
116,88,0.032421
116,89,0.039630
116,90,0.111279
116,91,0.015775
116,92,0.003300
116,93,0.070267
116,94,0.026583
116,95,0.023161
116,96,0.039358
116,97,0.013041
116,98,0.024497
116,99,0.104448
116,100,0.021758
116,101,0.053927
116,102,0.041641
116,103,0.068693
116,104,0.057058
116,105,0.002783
116,106,0.024850
116,107,0.003569
116,108,0.104890
116,109,0.050004
116,110,0.023596
116,111,0.065022
116,112,0.090947
116,113,0.003662
116,114,0.072059
116,115,0.046032
116,116,0.000000
116,117,0.061532
116,118,0.139425
116,119,0.183272
116,120,0.085420
116,121,0.149714
116,122,0.071910
116,123,0.139744
116,124,0.072517
116,125,0.017415
116,126,0.041327
116,127,0.028248
116,128,0.111983
116,129,0.076747
116,130,0.038818
116,131,0.109250
117,1,0.078156
117,2,0.009678
117,3,0.109632
117,4,0.028810
117,5,0.195119
117,6,0.095063
117,7,0.209879
117,8,0.136248
117,9,0.027985
117,10,0.033098
117,11,0.068904
117,12,0.128925
117,13,0.193647
117,14,0.188472
117,15,0.163004
117,16,0.082983
117,17,0.079814
117,18,0.108443
117,19,0.093200
117,20,0.084966
117,21,0.093815
117,22,0.214996
117,23,0.198112
117,24,0.166635
117,25,0.186714
117,26,0.093482
117,27,0.016093
117,28,0.064805
117,29,0.042338
117,30,0.128116
117,31,0.089470
117,32,0.074101
117,33,0.027567
117,34,0.073792
117,35,0.051943
117,36,0.006873
117,37,0.013932
117,38,0.006146
117,39,0.017247
117,40,0.026752
117,41,0.031484
117,42,0.034464
117,43,0.047359
117,44,0.013058
117,45,0.023495
117,46,0.063857
117,47,0.088981
117,48,0.028419
117,49,0.020122
117,50,0.011794
117,51,0.023134
117,52,0.063991
117,53,0.033061
117,54,0.039778
117,55,0.041751
117,56,0.117130
117,57,0.112682
117,58,0.033886
117,59,0.016431
117,60,0.104099
117,61,0.088061
117,62,0.015964
117,63,0.000873
117,64,0.076621
117,65,0.066743
117,66,0.039739
117,67,0.094502
117,68,0.110043
117,69,0.079169
117,70,0.041966
117,71,0.018753
117,72,0.053052
117,73,0.105230
117,74,0.086140
117,75,0.044736
117,76,0.123321
117,77,0.106152
117,78,0.146357
117,79,0.140999
117,80,0.038303
117,81,0.069309
117,82,0.042897
117,83,0.068751
117,84,0.031616
117,85,0.048766
117,86,0.035774
117,87,0.002719
117,88,0.045684
117,89,0.039218
117,90,0.109404
117,91,0.008661
117,92,0.024566
117,93,0.035464
117,94,0.014693
117,95,0.003855
117,96,0.016143
117,97,0.022576
117,98,0.000583
117,99,0.045723
117,100,0.029144
117,101,0.074279
117,102,0.068056
117,103,0.154610
117,104,0.157261
117,105,0.059566
117,106,0.050095
117,107,0.028552
117,108,0.008957
117,109,0.009482
117,110,0.027806
117,111,0.025283
117,112,0.013383
117,113,0.052226
117,114,0.122590
117,115,0.089678
117,116,0.061532
117,117,0.000000
117,118,0.117431
117,119,0.080843
117,120,0.062374
117,121,0.084137
117,122,0.047717
117,123,0.109290
117,124,0.070846
117,125,0.014195
117,126,0.011144
117,127,0.017798
117,128,0.101016
117,129,0.110454
117,130,0.096897
117,131,0.127672
118,1,0.040991
118,2,0.035250
118,3,0.073746
118,4,0.077863
118,5,0.272762
118,6,0.053073
118,7,0.187637
118,8,0.107167
118,9,0.014102
118,10,0.078572
118,11,0.097713
118,12,0.129705
118,13,0.136095
118,14,0.121268
118,15,0.074364
118,16,0.205787
118,17,0.188042
118,18,0.165810
118,19,0.169611
118,20,0.131501
118,21,0.205437
118,22,0.355818
118,23,0.329499
118,24,0.255366
118,25,0.325546
118,26,0.164183
118,27,0.078615
118,28,0.078290
118,29,0.055981
118,30,0.046932
118,31,0.053181
118,32,0.046893
118,33,0.022557
118,34,0.074827
118,35,0.091935
118,36,0.006220
118,37,0.038595
118,38,0.044712
118,39,0.057049
118,40,0.110390
118,41,0.068863
118,42,0.070153
118,43,0.122051
118,44,0.163825
118,45,0.049085
118,46,0.137591
118,47,0.189086
118,48,0.099688
118,49,0.019173
118,50,0.035661
118,51,0.010401
118,52,0.040302
118,53,0.082681
118,54,0.013262
118,55,0.113435
118,56,0.128509
118,57,0.028472
118,58,0.035844
118,59,0.021135
118,60,0.134292
118,61,0.100687
118,62,0.029733
118,63,0.011583
118,64,0.023764
118,65,0.026035
118,66,0.078474
118,67,0.147847
118,68,0.224842
118,69,0.149170
118,70,0.034247
118,71,0.115183
118,72,0.121872
118,73,0.166857
118,74,0.006229
118,75,0.008963
118,76,0.210207
118,77,0.175887
118,78,0.140025
118,79,0.160715
118,80,0.020193
118,81,0.202387
118,82,0.136385
118,83,0.091243
118,84,0.074364
118,85,0.069939
118,86,0.012015
118,87,0.022591
118,88,0.009461
118,89,0.007456
118,90,0.019339
118,91,0.013398
118,92,0.000999
118,93,0.043371
118,94,0.052440
118,95,0.080323
118,96,0.063374
118,97,0.109529
118,98,0.060826
118,99,0.012750
118,100,0.026898
118,101,0.066157
118,102,0.083493
118,103,0.132975
118,104,0.104899
118,105,0.023834
118,106,0.068540
118,107,0.102772
118,108,0.165677
118,109,0.106987
118,110,0.052324
118,111,0.066750
118,112,0.040739
118,113,0.004578
118,114,0.013635
118,115,0.060409
118,116,0.139425
118,117,0.117431
118,118,0.000000
118,119,0.089176
118,120,0.026820
118,121,0.064723
118,122,0.062139
118,123,0.002492
118,124,0.072352
118,125,0.090204
118,126,0.012533
118,127,0.006434
118,128,0.123473
118,129,0.156909
118,130,0.172917
118,131,0.186660
119,1,0.019961
119,2,0.076924
119,3,0.045093
119,4,0.073265
119,5,0.282469
119,6,0.106318
119,7,0.139628
119,8,0.072882
119,9,0.015529
119,10,0.033314
119,11,0.073379
119,12,0.115781
119,13,0.136530
119,14,0.121040
119,15,0.086136
119,16,0.259181
119,17,0.211798
119,18,0.197998
119,19,0.179034
119,20,0.122801
119,21,0.219827
119,22,0.291616
119,23,0.244974
119,24,0.163534
119,25,0.265881
119,26,0.104324
119,27,0.083016
119,28,0.055662
119,29,0.043086
119,30,0.058210
119,31,0.084794
119,32,0.070516
119,33,0.048381
119,34,0.012023
119,35,0.082939
119,36,0.007320
119,37,0.025898
119,38,0.036393
119,39,0.042543
119,40,0.072004
119,41,0.079552
119,42,0.054073
119,43,0.125450
119,44,0.115494
119,45,0.000881
119,46,0.072113
119,47,0.174737
119,48,0.093414
119,49,0.009926
119,50,0.047386
119,51,0.008602
119,52,0.007913
119,53,0.137463
119,54,0.042691
119,55,0.042873
119,56,0.099938
119,57,0.070677
119,58,0.022174
119,59,0.010075
119,60,0.158090
119,61,0.125616
119,62,0.031418
119,63,0.016889
119,64,0.043651
119,65,0.045114
119,66,0.083914
119,67,0.162000
119,68,0.201731
119,69,0.096076
119,70,0.002960
119,71,0.105710
119,72,0.128123
119,73,0.112249
119,74,0.036431
119,75,0.043285
119,76,0.177920
119,77,0.149242
119,78,0.122100
119,79,0.109728
119,80,0.011435
119,81,0.192976
119,82,0.063772
119,83,0.021603
119,84,0.073331
119,85,0.094289
119,86,0.037334
119,87,0.047608
119,88,0.013204
119,89,0.072150
119,90,0.030899
119,91,0.037746
119,92,0.008044
119,93,0.056514
119,94,0.033509
119,95,0.018774
119,96,0.062348
119,97,0.109693
119,98,0.034411
119,99,0.047416
119,100,0.006669
119,101,0.017174
119,102,0.055336
119,103,0.105952
119,104,0.071616
119,105,0.028738
119,106,0.056271
119,107,0.110447
119,108,0.179683
119,109,0.097664
119,110,0.047348
119,111,0.053799
119,112,0.025819
119,113,0.021852
119,114,0.089705
119,115,0.095231
119,116,0.183272
119,117,0.080843
119,118,0.089176
119,119,0.000000
119,120,0.049150
119,121,0.099777
119,122,0.003084
119,123,0.043029
119,124,0.101024
119,125,0.056366
119,126,0.053629
119,127,0.073564
119,128,0.161964
119,129,0.128496
119,130,0.167576
119,131,0.111941
120,1,0.009315
120,2,0.100594
120,3,0.006523
120,4,0.108763
120,5,0.265216
120,6,0.046091
120,7,0.109117
120,8,0.036493
120,9,0.065187
120,10,0.008756
120,11,0.054529
120,12,0.092029
120,13,0.082404
120,14,0.057854
120,15,0.006901
120,16,0.262403
120,17,0.232169
120,18,0.195067
120,19,0.205211
120,20,0.121776
120,21,0.220705
120,22,0.327664
120,23,0.290157
120,24,0.234740
120,25,0.326690
120,26,0.106236
120,27,0.078071
120,28,0.068892
120,29,0.078412
120,30,0.003215
120,31,0.055020
120,32,0.043494
120,33,0.059602
120,34,0.007550
120,35,0.111010
120,36,0.015851
120,37,0.036936
120,38,0.012449
120,39,0.038882
120,40,0.066952
120,41,0.051995
120,42,0.045984
120,43,0.104516
120,44,0.089960
120,45,0.009911
120,46,0.039192
120,47,0.138959
120,48,0.111105
120,49,0.031525
120,50,0.088441
120,51,0.080481
120,52,0.039611
120,53,0.036133
120,54,0.030241
120,55,0.135190
120,56,0.105923
120,57,0.007069
120,58,0.028570
120,59,0.017882
120,60,0.142192
120,61,0.132055
120,62,0.071445
120,63,0.026550
120,64,0.010601
120,65,0.001224
120,66,0.102620
120,67,0.152074
120,68,0.186702
120,69,0.091199
120,70,0.004738
120,71,0.089103
120,72,0.073617
120,73,0.136758
120,74,0.021732
120,75,0.003068
120,76,0.066851
120,77,0.048367
120,78,0.021875
120,79,0.037613
120,80,0.041372
120,81,0.215342
120,82,0.112882
120,83,0.060802
120,84,0.073704
120,85,0.085804
120,86,0.076203
120,87,0.075340
120,88,0.039015
120,89,0.053557
120,90,0.020264
120,91,0.009347
120,92,0.008779
120,93,0.063423
120,94,0.025530
120,95,0.016381
120,96,0.060575
120,97,0.095708
120,98,0.016618
120,99,0.045604
120,100,0.005627
120,101,0.018587
120,102,0.042298
120,103,0.092170
120,104,0.055527
120,105,0.001737
120,106,0.008388
120,107,0.050910
120,108,0.188990
120,109,0.087188
120,110,0.033060
120,111,0.058232
120,112,0.053885
120,113,0.001894
120,114,0.002180
120,115,0.001443
120,116,0.085420
120,117,0.062374
120,118,0.026820
120,119,0.049150
120,120,0.000000
120,121,0.080493
120,122,0.004649
120,123,0.031557
120,124,0.103541
120,125,0.000641
120,126,0.089471
120,127,0.129779
120,128,0.125936
120,129,0.107329
120,130,0.147184
120,131,0.126018
121,1,0.028242
121,2,0.109164
121,3,0.001880
121,4,0.114854
121,5,0.321140
121,6,0.049320
121,7,0.066169
121,8,0.015631
121,9,0.084203
121,10,0.035978
121,11,0.009177
121,12,0.013912
121,13,0.040433
121,14,0.017195
121,15,0.009785
121,16,0.271409
121,17,0.228636
121,18,0.199011
121,19,0.216552
121,20,0.150364
121,21,0.202050
121,22,0.373158
121,23,0.334775
121,24,0.281324
121,25,0.370849
121,26,0.158565
121,27,0.077092
121,28,0.076498
121,29,0.111761
121,30,0.014870
121,31,0.007180
121,32,0.021292
121,33,0.039961
121,34,0.030241
121,35,0.054287
121,36,0.012178
121,37,0.033907
121,38,0.003028
121,39,0.073757
121,40,0.119498
121,41,0.108706
121,42,0.049897
121,43,0.151720
121,44,0.122285
121,45,0.056354
121,46,0.103379
121,47,0.153321
121,48,0.128313
121,49,0.012800
121,50,0.096853
121,51,0.046380
121,52,0.001509
121,53,0.023987
121,54,0.039233
121,55,0.106747
121,56,0.114219
121,57,0.018741
121,58,0.041214
121,59,0.020869
121,60,0.172744
121,61,0.183963
121,62,0.094145
121,63,0.002630
121,64,0.052192
121,65,0.009995
121,66,0.171230
121,67,0.227538
121,68,0.244820
121,69,0.126239
121,70,0.011165
121,71,0.072026
121,72,0.111571
121,73,0.101467
121,74,0.041199
121,75,0.051402
121,76,0.097902
121,77,0.015331
121,78,0.048038
121,79,0.066846
121,80,0.039995
121,81,0.191364
121,82,0.110373
121,83,0.101601
121,84,0.125548
121,85,0.126591
121,86,0.054262
121,87,0.078331
121,88,0.055106
121,89,0.009068
121,90,0.039833
121,91,0.032217
121,92,0.018656
121,93,0.094518
121,94,0.036156
121,95,0.023794
121,96,0.090353
121,97,0.102503
121,98,0.035030
121,99,0.013854
121,100,0.014152
121,101,0.062815
121,102,0.062170
121,103,0.090250
121,104,0.082226
121,105,0.019704
121,106,0.058112
121,107,0.097433
121,108,0.147426
121,109,0.064001
121,110,0.048142
121,111,0.072140
121,112,0.083397
121,113,0.057211
121,114,0.075460
121,115,0.071704
121,116,0.149714
121,117,0.084137
121,118,0.064723
121,119,0.099777
121,120,0.080493
121,121,0.000000
121,122,0.002140
121,123,0.026487
121,124,0.068548
121,125,0.061427
121,126,0.003950
121,127,0.043321
121,128,0.128824
121,129,0.141170
121,130,0.060130
121,131,0.096031
122,1,0.034837
122,2,0.074785
122,3,0.072071
122,4,0.140649
122,5,0.157849
122,6,0.057286
122,7,0.011120
122,8,0.031018
122,9,0.078612
122,10,0.033170
122,11,0.025208
122,12,0.021005
122,13,0.011715
122,14,0.010986
122,15,0.026113
122,16,0.164175
122,17,0.141281
122,18,0.082485
122,19,0.115442
122,20,0.073673
122,21,0.212354
122,22,0.245837
122,23,0.226444
122,24,0.171998
122,25,0.253169
122,26,0.058217
122,27,0.041602
122,28,0.041134
122,29,0.047448
122,30,0.021072
122,31,0.019507
122,32,0.025265
122,33,0.014227
122,34,0.027631
122,35,0.062096
122,36,0.003986
122,37,0.046832
122,38,0.020454
122,39,0.006624
122,40,0.037779
122,41,0.038862
122,42,0.004062
122,43,0.038988
122,44,0.022791
122,45,0.027324
122,46,0.024977
122,47,0.028181
122,48,0.037209
122,49,0.051723
122,50,0.050732
122,51,0.048831
122,52,0.036370
122,53,0.018943
122,54,0.007029
122,55,0.026286
122,56,0.077496
122,57,0.048951
122,58,0.062938
122,59,0.006294
122,60,0.123928
122,61,0.115236
122,62,0.053094
122,63,0.014690
122,64,0.061154
122,65,0.030651
122,66,0.080977
122,67,0.082450
122,68,0.114903
122,69,0.064493
122,70,0.019214
122,71,0.009648
122,72,0.003675
122,73,0.033206
122,74,0.022645
122,75,0.010876
122,76,0.008103
122,77,0.059375
122,78,0.097000
122,79,0.054214
122,80,0.024216
122,81,0.202904
122,82,0.117502
122,83,0.112458
122,84,0.215694
122,85,0.188834
122,86,0.169199
122,87,0.206008
122,88,0.099096
122,89,0.057129
122,90,0.088394
122,91,0.096064
122,92,0.042258
122,93,0.043060
122,94,0.006469
122,95,0.005986
122,96,0.051869
122,97,0.081459
122,98,0.036902
122,99,0.011627
122,100,0.031847
122,101,0.015453
122,102,0.017261
122,103,0.016420
122,104,0.003355
122,105,0.046340
122,106,0.029802
122,107,0.040185
122,108,0.148339
122,109,0.101984
122,110,0.069693
122,111,0.061816
122,112,0.059074
122,113,0.021362
122,114,0.025807
122,115,0.008362
122,116,0.071910
122,117,0.047717
122,118,0.062139
122,119,0.003084
122,120,0.004649
122,121,0.002140
122,122,0.000000
122,123,0.021786
122,124,0.020276
122,125,0.055762
122,126,0.104722
122,127,0.149481
122,128,0.097932
122,129,0.054795
122,130,0.010604
122,131,0.115073
123,1,0.075260
123,2,0.081539
123,3,0.093811
123,4,0.169419
123,5,0.197093
123,6,0.038913
123,7,0.070980
123,8,0.053118
123,9,0.093852
123,10,0.081457
123,11,0.094053
123,12,0.090619
123,13,0.096305
123,14,0.093762
123,15,0.089849
123,16,0.127759
123,17,0.120474
123,18,0.073927
123,19,0.075862
123,20,0.066876
123,21,0.141069
123,22,0.263735
123,23,0.251326
123,24,0.201794
123,25,0.220912
123,26,0.090297
123,27,0.048676
123,28,0.057617
123,29,0.063979
123,30,0.068019
123,31,0.057849
123,32,0.083192
123,33,0.000426
123,34,0.006840
123,35,0.074224
123,36,0.024060
123,37,0.000964
123,38,0.014150
123,39,0.055744
123,40,0.070215
123,41,0.049084
123,42,0.024079
123,43,0.090281
123,44,0.119241
123,45,0.092619
123,46,0.064723
123,47,0.068923
123,48,0.086103
123,49,0.015270
123,50,0.081194
123,51,0.066994
123,52,0.047156
123,53,0.017247
123,54,0.010814
123,55,0.033283
123,56,0.075045
123,57,0.117681
123,58,0.087305
123,59,0.016848
123,60,0.119830
123,61,0.060599
123,62,0.017972
123,63,0.014229
123,64,0.057092
123,65,0.009716
123,66,0.066782
123,67,0.085552
123,68,0.108368
123,69,0.046191
123,70,0.037075
123,71,0.045057
123,72,0.048109
123,73,0.019462
123,74,0.009934
123,75,0.023272
123,76,0.032249
123,77,0.053624
123,78,0.115254
123,79,0.111381
123,80,0.035474
123,81,0.146874
123,82,0.099295
123,83,0.206765
123,84,0.261135
123,85,0.232556
123,86,0.128408
123,87,0.151895
123,88,0.172499
123,89,0.030271
123,90,0.006412
123,91,0.052166
123,92,0.092803
123,93,0.142971
123,94,0.111296
123,95,0.142128
123,96,0.199409
123,97,0.192032
123,98,0.175043
123,99,0.130351
123,100,0.071462
123,101,0.060103
123,102,0.046271
123,103,0.053801
123,104,0.061870
123,105,0.128029
123,106,0.120822
123,107,0.123561
123,108,0.100609
123,109,0.091671
123,110,0.072160
123,111,0.092066
123,112,0.067799
123,113,0.077525
123,114,0.085774
123,115,0.108509
123,116,0.139744
123,117,0.109290
123,118,0.002492
123,119,0.043029
123,120,0.031557
123,121,0.026487
123,122,0.021786
123,123,0.000000
123,124,0.025936
123,125,0.004564
123,126,0.057395
123,127,0.102979
123,128,0.086054
123,129,0.094736
123,130,0.014381
123,131,0.121702
124,1,0.059969
124,2,0.067759
124,3,0.086407
124,4,0.097530
124,5,0.151575
124,6,0.093898
124,7,0.071891
124,8,0.056006
124,9,0.071129
124,10,0.048590
124,11,0.056080
124,12,0.039799
124,13,0.107974
124,14,0.112422
124,15,0.135468
124,16,0.085982
124,17,0.096660
124,18,0.082861
124,19,0.082938
124,20,0.084529
124,21,0.143526
124,22,0.204124
124,23,0.203011
124,24,0.157060
124,25,0.178150
124,26,0.096839
124,27,0.045245
124,28,0.025168
124,29,0.019682
124,30,0.111302
124,31,0.082644
124,32,0.048994
124,33,0.041917
124,34,0.024328
124,35,0.050289
124,36,0.026989
124,37,0.017134
124,38,0.031273
124,39,0.003866
124,40,0.041008
124,41,0.020131
124,42,0.085734
124,43,0.112309
124,44,0.117690
124,45,0.109410
124,46,0.085379
124,47,0.050170
124,48,0.072479
124,49,0.021126
124,50,0.056271
124,51,0.050677
124,52,0.023394
124,53,0.037054
124,54,0.065679
124,55,0.060783
124,56,0.052096
124,57,0.124153
124,58,0.049768
124,59,0.070547
124,60,0.039741
124,61,0.011929
124,62,0.022745
124,63,0.001183
124,64,0.056155
124,65,0.066237
124,66,0.081514
124,67,0.062198
124,68,0.060087
124,69,0.023816
124,70,0.034250
124,71,0.110336
124,72,0.071701
124,73,0.056534
124,74,0.011402
124,75,0.040195
124,76,0.026676
124,77,0.019808
124,78,0.075081
124,79,0.105519
124,80,0.049819
124,81,0.079027
124,82,0.056939
124,83,0.080870
124,84,0.065177
124,85,0.047627
124,86,0.028289
124,87,0.018877
124,88,0.057096
124,89,0.250233
124,90,0.064838
124,91,0.001152
124,92,0.060645
124,93,0.109051
124,94,0.114536
124,95,0.122566
124,96,0.156762
124,97,0.132627
124,98,0.125988
124,99,0.075297
124,100,0.067613
124,101,0.090537
124,102,0.082807
124,103,0.077217
124,104,0.058467
124,105,0.075831
124,106,0.088325
124,107,0.078962
124,108,0.021935
124,109,0.000849
124,110,0.008365
124,111,0.006199
124,112,0.011384
124,113,0.031012
124,114,0.074989
124,115,0.055901
124,116,0.072517
124,117,0.070846
124,118,0.072352
124,119,0.101024
124,120,0.103541
124,121,0.068548
124,122,0.020276
124,123,0.025936
124,124,0.000000
124,125,0.031859
124,126,0.033653
124,127,0.064011
124,128,0.043045
124,129,0.068498
124,130,0.040792
124,131,0.078910
125,1,0.077470
125,2,0.058914
125,3,0.116258
125,4,0.096782
125,5,0.057537
125,6,0.034198
125,7,0.107266
125,8,0.120862
125,9,0.117038
125,10,0.109609
125,11,0.142137
125,12,0.140314
125,13,0.159781
125,14,0.167809
125,15,0.162824
125,16,0.012183
125,17,0.006278
125,18,0.044180
125,19,0.019214
125,20,0.008636
125,21,0.078749
125,22,0.015936
125,23,0.008098
125,24,0.001383
125,25,0.007560
125,26,0.040482
125,27,0.016960
125,28,0.026306
125,29,0.001601
125,30,0.148097
125,31,0.111465
125,32,0.111343
125,33,0.020695
125,34,0.023525
125,35,0.052539
125,36,0.001396
125,37,0.071696
125,38,0.029621
125,39,0.058863
125,40,0.056661
125,41,0.031317
125,42,0.085001
125,43,0.046264
125,44,0.064107
125,45,0.040875
125,46,0.045724
125,47,0.064816
125,48,0.022356
125,49,0.018565
125,50,0.001487
125,51,0.074976
125,52,0.072916
125,53,0.099581
125,54,0.094391
125,55,0.026577
125,56,0.016485
125,57,0.078024
125,58,0.032889
125,59,0.052472
125,60,0.108685
125,61,0.020277
125,62,0.023707
125,63,0.033323
125,64,0.066705
125,65,0.005891
125,66,0.010747
125,67,0.019629
125,68,0.037450
125,69,0.008403
125,70,0.008847
125,71,0.001289
125,72,0.033933
125,73,0.026486
125,74,0.061869
125,75,0.030291
125,76,0.156704
125,77,0.130095
125,78,0.199191
125,79,0.172489
125,80,0.008515
125,81,0.163281
125,82,0.181136
125,83,0.251372
125,84,0.324146
125,85,0.252936
125,86,0.257911
125,87,0.280509
125,88,0.157666
125,89,0.015707
125,90,0.034246
125,91,0.152215
125,92,0.018134
125,93,0.064333
125,94,0.004583
125,95,0.073543
125,96,0.098133
125,97,0.088874
125,98,0.094581
125,99,0.108178
125,100,0.130198
125,101,0.102271
125,102,0.115828
125,103,0.129922
125,104,0.133630
125,105,0.104749
125,106,0.091253
125,107,0.086781
125,108,0.131410
125,109,0.207471
125,110,0.162247
125,111,0.142493
125,112,0.135111
125,113,0.080822
125,114,0.001999
125,115,0.016806
125,116,0.017415
125,117,0.014195
125,118,0.090204
125,119,0.056366
125,120,0.000641
125,121,0.061427
125,122,0.055762
125,123,0.004564
125,124,0.031859
125,125,0.000000
125,126,0.108706
125,127,0.123570
125,128,0.071639
125,129,0.167091
125,130,0.107319
125,131,0.105636
126,1,0.111572
126,2,0.078608
126,3,0.136842
126,4,0.148367
126,5,0.037479
126,6,0.006692
126,7,0.114306
126,8,0.131558
126,9,0.133060
126,10,0.116844
126,11,0.148752
126,12,0.163075
126,13,0.181213
126,14,0.196861
126,15,0.190109
126,16,0.039183
126,17,0.009446
126,18,0.023349
126,19,0.003650
126,20,0.036951
126,21,0.108048
126,22,0.084763
126,23,0.087023
126,24,0.072381
126,25,0.092926
126,26,0.029777
126,27,0.007074
126,28,0.050469
126,29,0.038424
126,30,0.191053
126,31,0.159955
126,32,0.149573
126,33,0.041728
126,34,0.114087
126,35,0.006362
126,36,0.044703
126,37,0.086781
126,38,0.049274
126,39,0.056143
126,40,0.045848
126,41,0.082589
126,42,0.099686
126,43,0.032389
126,44,0.036263
126,45,0.098260
126,46,0.002818
126,47,0.027485
126,48,0.027996
126,49,0.044725
126,50,0.018163
126,51,0.048600
126,52,0.011436
126,53,0.159171
126,54,0.143991
126,55,0.094851
126,56,0.074680
126,57,0.101309
126,58,0.072620
126,59,0.087256
126,60,0.098991
126,61,0.062838
126,62,0.057282
126,63,0.044639
126,64,0.102751
126,65,0.065396
126,66,0.092719
126,67,0.048313
126,68,0.050031
126,69,0.040326
126,70,0.008762
126,71,0.003699
126,72,0.030436
126,73,0.011017
126,74,0.087993
126,75,0.085170
126,76,0.107255
126,77,0.132999
126,78,0.171267
126,79,0.116153
126,80,0.029999
126,81,0.183614
126,82,0.213459
126,83,0.291373
126,84,0.319284
126,85,0.214717
126,86,0.242428
126,87,0.280498
126,88,0.130035
126,89,0.046744
126,90,0.006039
126,91,0.165430
126,92,0.054141
126,93,0.152654
126,94,0.073393
126,95,0.142333
126,96,0.174167
126,97,0.151268
126,98,0.159246
126,99,0.137012
126,100,0.130863
126,101,0.101628
126,102,0.124598
126,103,0.143029
126,104,0.133935
126,105,0.129414
126,106,0.120939
126,107,0.126584
126,108,0.151421
126,109,0.197251
126,110,0.162801
126,111,0.161391
126,112,0.148070
126,113,0.125597
126,114,0.064239
126,115,0.003215
126,116,0.041327
126,117,0.011144
126,118,0.012533
126,119,0.053629
126,120,0.089471
126,121,0.003950
126,122,0.104722
126,123,0.057395
126,124,0.033653
126,125,0.108706
126,126,0.000000
126,127,0.006329
126,128,0.101998
126,129,0.098437
126,130,0.186252
126,131,0.119228
127,1,0.076838
127,2,0.055886
127,3,0.111930
127,4,0.127645
127,5,0.040046
127,6,0.053356
127,7,0.056418
127,8,0.098273
127,9,0.128449
127,10,0.111148
127,11,0.138214
127,12,0.144358
127,13,0.156245
127,14,0.160180
127,15,0.172438
127,16,0.044269
127,17,0.000720
127,18,0.038649
127,19,0.002797
127,20,0.036319
127,21,0.144561
127,22,0.082561
127,23,0.073125
127,24,0.050312
127,25,0.071984
127,26,0.017013
127,27,0.006689
127,28,0.065886
127,29,0.050408
127,30,0.161419
127,31,0.164214
127,32,0.154847
127,33,0.051621
127,34,0.099968
127,35,0.001604
127,36,0.054324
127,37,0.092583
127,38,0.061304
127,39,0.042684
127,40,0.006947
127,41,0.070238
127,42,0.110782
127,43,0.034328
127,44,0.035482
127,45,0.072858
127,46,0.013696
127,47,0.060095
127,48,0.003655
127,49,0.104648
127,50,0.070071
127,51,0.021408
127,52,0.033794
127,53,0.150541
127,54,0.130435
127,55,0.100738
127,56,0.131439
127,57,0.135216
127,58,0.092720
127,59,0.074421
127,60,0.108828
127,61,0.062885
127,62,0.056569
127,63,0.066809
127,64,0.068953
127,65,0.087163
127,66,0.098734
127,67,0.038979
127,68,0.024887
127,69,0.037261
127,70,0.028719
127,71,0.019980
127,72,0.065154
127,73,0.007118
127,74,0.078583
127,75,0.106229
127,76,0.093469
127,77,0.103324
127,78,0.184369
127,79,0.102844
127,80,0.070664
127,81,0.226630
127,82,0.222312
127,83,0.262539
127,84,0.328968
127,85,0.232299
127,86,0.257906
127,87,0.279302
127,88,0.123927
127,89,0.038667
127,90,0.021703
127,91,0.151416
127,92,0.043227
127,93,0.145309
127,94,0.081771
127,95,0.150449
127,96,0.178846
127,97,0.135363
127,98,0.153343
127,99,0.126271
127,100,0.121816
127,101,0.074625
127,102,0.090253
127,103,0.088200
127,104,0.079255
127,105,0.083218
127,106,0.084390
127,107,0.096962
127,108,0.174012
127,109,0.216750
127,110,0.158228
127,111,0.152951
127,112,0.144300
127,113,0.125671
127,114,0.089740
127,115,0.003257
127,116,0.028248
127,117,0.017798
127,118,0.006434
127,119,0.073564
127,120,0.129779
127,121,0.043321
127,122,0.149481
127,123,0.102979
127,124,0.064011
127,125,0.123570
127,126,0.006329
127,127,0.000000
127,128,0.115519
127,129,0.075092
127,130,0.202593
127,131,0.136994
128,1,0.007294
128,2,0.043172
128,3,0.119170
128,4,0.144324
128,5,0.121717
128,6,0.009041
128,7,0.014838
128,8,0.008369
128,9,0.027763
128,10,0.007992
128,11,0.015685
128,12,0.008353
128,13,0.067542
128,14,0.078523
128,15,0.111918
128,16,0.070894
128,17,0.021873
128,18,0.002260
128,19,0.029593
128,20,0.028971
128,21,0.142253
128,22,0.157024
128,23,0.121488
128,24,0.118730
128,25,0.134217
128,26,0.081192
128,27,0.063962
128,28,0.083219
128,29,0.101228
128,30,0.134097
128,31,0.100536
128,32,0.038354
128,33,0.001133
128,34,0.052597
128,35,0.007896
128,36,0.043922
128,37,0.016803
128,38,0.077892
128,39,0.001414
128,40,0.042182
128,41,0.007139
128,42,0.118039
128,43,0.070333
128,44,0.082664
128,45,0.065513
128,46,0.035377
128,47,0.041475
128,48,0.027299
128,49,0.083594
128,50,0.060990
128,51,0.077048
128,52,0.108324
128,53,0.056796
128,54,0.048981
128,55,0.054360
128,56,0.046346
128,57,0.006827
128,58,0.022851
128,59,0.010096
128,60,0.030435
128,61,0.018372
128,62,0.027630
128,63,0.038519
128,64,0.005602
128,65,0.048383
128,66,0.124358
128,67,0.113878
128,68,0.081973
128,69,0.018525
128,70,0.006881
128,71,0.004306
128,72,0.008456
128,73,0.113429
128,74,0.076786
128,75,0.108682
128,76,0.025446
128,77,0.021720
128,78,0.015430
128,79,0.029699
128,80,0.036106
128,81,0.129311
128,82,0.153744
128,83,0.144440
128,84,0.115721
128,85,0.073323
128,86,0.087473
128,87,0.072078
128,88,0.042087
128,89,0.072502
128,90,0.028055
128,91,0.035431
128,92,0.045844
128,93,0.074386
128,94,0.037834
128,95,0.122574
128,96,0.127630
128,97,0.078784
128,98,0.084863
128,99,0.087328
128,100,0.108425
128,101,0.077175
128,102,0.071534
128,103,0.037950
128,104,0.021027
128,105,0.027809
128,106,0.051865
128,107,0.127743
128,108,0.200917
128,109,0.172550
128,110,0.109712
128,111,0.130542
128,112,0.128432
128,113,0.053429
128,114,0.097659
128,115,0.070066
128,116,0.111983
128,117,0.101016
128,118,0.123473
128,119,0.161964
128,120,0.125936
128,121,0.128824
128,122,0.097932
128,123,0.086054
128,124,0.043045
128,125,0.071639
128,126,0.101998
128,127,0.115519
128,128,0.000000
128,129,0.026862
128,130,0.178237
128,131,0.165000
129,1,0.089020
129,2,0.017613
129,3,0.043911
129,4,0.066458
129,5,0.242483
129,6,0.022839
129,7,0.032619
129,8,0.040415
129,9,0.004435
129,10,0.011485
129,11,0.032576
129,12,0.026133
129,13,0.017267
129,14,0.042107
129,15,0.004075
129,16,0.083025
129,17,0.043828
129,18,0.022872
129,19,0.008094
129,20,0.055278
129,21,0.005684
129,22,0.142367
129,23,0.098545
129,24,0.101790
129,25,0.080976
129,26,0.045333
129,27,0.005206
129,28,0.097222
129,29,0.082441
129,30,0.006274
129,31,0.020341
129,32,0.007598
129,33,0.040004
129,34,0.115548
129,35,0.062501
129,36,0.013323
129,37,0.023710
129,38,0.024351
129,39,0.010224
129,40,0.044586
129,41,0.030804
129,42,0.088624
129,43,0.190162
129,44,0.131455
129,45,0.021231
129,46,0.103624
129,47,0.109249
129,48,0.075675
129,49,0.020630
129,50,0.000361
129,51,0.023446
129,52,0.102526
129,53,0.006158
129,54,0.013285
129,55,0.082037
129,56,0.214447
129,57,0.023086
129,58,0.005031
129,59,0.069534
129,60,0.074392
129,61,0.050621
129,62,0.017185
129,63,0.033428
129,64,0.021679
129,65,0.002260
129,66,0.012236
129,67,0.097768
129,68,0.102985
129,69,0.054927
129,70,0.030450
129,71,0.013843
129,72,0.001162
129,73,0.091406
129,74,0.027646
129,75,0.054230
129,76,0.072017
129,77,0.067551
129,78,0.013035
129,79,0.057316
129,80,0.035147
129,81,0.062965
129,82,0.074321
129,83,0.035956
129,84,0.030482
129,85,0.041571
129,86,0.006425
129,87,0.036778
129,88,0.002227
129,89,0.055782
129,90,0.010749
129,91,0.003588
129,92,0.008664
129,93,0.021454
129,94,0.015273
129,95,0.040341
129,96,0.054339
129,97,0.058284
129,98,0.062499
129,99,0.047742
129,100,0.107625
129,101,0.067154
129,102,0.068624
129,103,0.027950
129,104,0.008090
129,105,0.041635
129,106,0.014191
129,107,0.086080
129,108,0.150148
129,109,0.047458
129,110,0.002569
129,111,0.053017
129,112,0.019782
129,113,0.066863
129,114,0.004447
129,115,0.001972
129,116,0.076747
129,117,0.110454
129,118,0.156909
129,119,0.128496
129,120,0.107329
129,121,0.141170
129,122,0.054795
129,123,0.094736
129,124,0.068498
129,125,0.167091
129,126,0.098437
129,127,0.075092
129,128,0.026862
129,129,0.000000
129,130,0.050868
129,131,0.025442
130,1,0.071488
130,2,0.043593
130,3,0.055768
130,4,0.102665
130,5,0.061184
130,6,0.006070
130,7,0.124736
130,8,0.165035
130,9,0.089800
130,10,0.089969
130,11,0.128231
130,12,0.168391
130,13,0.092946
130,14,0.088778
130,15,0.044306
130,16,0.083833
130,17,0.166704
130,18,0.093957
130,19,0.117571
130,20,0.073265
130,21,0.067742
130,22,0.090288
130,23,0.119952
130,24,0.069096
130,25,0.079568
130,26,0.029900
130,27,0.018516
130,28,0.110800
130,29,0.045833
130,30,0.000549
130,31,0.017748
130,32,0.043026
130,33,0.005681
130,34,0.009621
130,35,0.011495
130,36,0.034813
130,37,0.083435
130,38,0.121246
130,39,0.039496
130,40,0.065398
130,41,0.038931
130,42,0.060242
130,43,0.119473
130,44,0.135863
130,45,0.035447
130,46,0.001511
130,47,0.059305
130,48,0.068545
130,49,0.074005
130,50,0.111492
130,51,0.057205
130,52,0.154530
130,53,0.094242
130,54,0.024864
130,55,0.060705
130,56,0.081942
130,57,0.001280
130,58,0.066652
130,59,0.060747
130,60,0.113163
130,61,0.095055
130,62,0.088179
130,63,0.008117
130,64,0.036098
130,65,0.081578
130,66,0.039825
130,67,0.026753
130,68,0.045790
130,69,0.070853
130,70,0.034151
130,71,0.008630
130,72,0.028762
130,73,0.105060
130,74,0.059502
130,75,0.111133
130,76,0.148356
130,77,0.118593
130,78,0.097290
130,79,0.098300
130,80,0.088337
130,81,0.011095
130,82,0.033518
130,83,0.071769
130,84,0.143679
130,85,0.113899
130,86,0.106609
130,87,0.174012
130,88,0.110943
130,89,0.013526
130,90,0.021554
130,91,0.004534
130,92,0.021796
130,93,0.013838
130,94,0.023383
130,95,0.094001
130,96,0.062095
130,97,0.039236
130,98,0.075935
130,99,0.063001
130,100,0.031557
130,101,0.000105
130,102,0.001745
130,103,0.051128
130,104,0.049520
130,105,0.037809
130,106,0.051984
130,107,0.017830
130,108,0.068626
130,109,0.076249
130,110,0.077946
130,111,0.121768
130,112,0.144357
130,113,0.140501
130,114,0.038684
130,115,0.037862
130,116,0.038818
130,117,0.096897
130,118,0.172917
130,119,0.167576
130,120,0.147184
130,121,0.060130
130,122,0.010604
130,123,0.014381
130,124,0.040792
130,125,0.107319
130,126,0.186252
130,127,0.202593
130,128,0.178237
130,129,0.050868
130,130,0.000000
130,131,0.174645
131,1,0.003567
131,2,0.083255
131,3,0.039966
131,4,0.095137
131,5,0.002170
131,6,0.074131
131,7,0.156157
131,8,0.073286
131,9,0.047789
131,10,0.043899
131,11,0.063620
131,12,0.141829
131,13,0.105573
131,14,0.065944
131,15,0.050661
131,16,0.019422
131,17,0.017016
131,18,0.007530
131,19,0.014054
131,20,0.006617
131,21,0.037067
131,22,0.025603
131,23,0.024781
131,24,0.029684
131,25,0.068688
131,26,0.073010
131,27,0.048219
131,28,0.017227
131,29,0.004231
131,30,0.022327
131,31,0.099510
131,32,0.090599
131,33,0.130334
131,34,0.070792
131,35,0.123292
131,36,0.124155
131,37,0.096622
131,38,0.120164
131,39,0.083826
131,40,0.097393
131,41,0.063705
131,42,0.111760
131,43,0.081489
131,44,0.000814
131,45,0.042899
131,46,0.003684
131,47,0.061018
131,48,0.038041
131,49,0.078829
131,50,0.000758
131,51,0.063082
131,52,0.100003
131,53,0.015842
131,54,0.035066
131,55,0.082540
131,56,0.042889
131,57,0.185909
131,58,0.054207
131,59,0.101975
131,60,0.060795
131,61,0.026933
131,62,0.039711
131,63,0.085447
131,64,0.128044
131,65,0.150517
131,66,0.049384
131,67,0.098081
131,68,0.083681
131,69,0.040258
131,70,0.061079
131,71,0.035968
131,72,0.009892
131,73,0.194786
131,74,0.197245
131,75,0.072293
131,76,0.066424
131,77,0.042764
131,78,0.111807
131,79,0.037823
131,80,0.193261
131,81,0.153013
131,82,0.062440
131,83,0.012992
131,84,0.046255
131,85,0.029805
131,86,0.030059
131,87,0.046905
131,88,0.010085
131,89,0.078434
131,90,0.141929
131,91,0.086750
131,92,0.145887
131,93,0.141476
131,94,0.121620
131,95,0.128291
131,96,0.150181
131,97,0.151111
131,98,0.161918
131,99,0.156448
131,100,0.081830
131,101,0.131719
131,102,0.096641
131,103,0.083359
131,104,0.090938
131,105,0.013345
131,106,0.029616
131,107,0.059418
131,108,0.006882
131,109,0.069230
131,110,0.077948
131,111,0.062707
131,112,0.027445
131,113,0.052944
131,114,0.126179
131,115,0.111029
131,116,0.109250
131,117,0.127672
131,118,0.186660
131,119,0.111941
131,120,0.126018
131,121,0.096031
131,122,0.115073
131,123,0.121702
131,124,0.078910
131,125,0.105636
131,126,0.119228
131,127,0.136994
131,128,0.165000
131,129,0.025442
131,130,0.174645
131,131,0.000000
