residue_i,residue_j,std
1,1,0.000000
1,2,0.141469
1,3,0.087101
1,4,0.129052
1,5,0.219882
1,6,0.189755
1,7,0.126815
1,8,0.137670
1,9,0.237060
1,10,0.098609
1,11,0.068895
1,12,0.116074
1,13,0.249778
1,14,0.233384
1,15,0.197541
1,16,0.175064
1,17,0.115824
1,18,0.172621
1,19,0.119024
1,20,0.206863
1,21,0.195616
1,22,0.069786
1,23,0.141928
1,24,0.133780
1,25,0.177169
1,26,0.185696
1,27,0.191055
1,28,0.044187
1,29,0.042382
1,30,0.046567
1,31,0.165598
1,32,0.206256
1,33,0.165584
1,34,0.148957
1,35,0.123418
1,36,0.171192
1,37,0.240125
1,38,0.181232
1,39,0.178774
1,40,0.153442
1,41,0.077302
1,42,0.049754
1,43,0.031460
1,44,0.045929
1,45,0.014391
1,46,0.081138
1,47,0.051134
1,48,0.081723
1,49,0.043982
1,50,0.023086
1,51,0.086629
1,52,0.012897
1,53,0.033781
1,54,0.026017
1,55,0.001668
1,56,0.070242
1,57,0.071000
1,58,0.057670
1,59,0.055811
1,60,0.022357
1,61,0.050507
1,62,0.061419
1,63,0.048003
1,64,0.095098
1,65,0.165079
1,66,0.174787
1,67,0.112717
1,68,0.137172
1,69,0.139597
1,70,0.101175
1,71,0.110335
1,72,0.013073
1,73,0.092739
1,74,0.141254
1,75,0.024550
1,76,0.012772
1,77,0.162992
1,78,0.229835
1,79,0.217312
1,80,0.166450
1,81,0.270081
1,82,0.114783
1,83,0.018815
1,84,0.014130
1,85,0.046767
1,86,0.055358
1,87,0.178907
1,88,0.095248
1,89,0.031662
1,90,0.088219
1,91,0.111471
1,92,0.078007
1,93,0.053353
1,94,0.079443
1,95,0.021224
1,96,0.004789
1,97,0.011426
1,98,0.034511
1,99,0.066785
1,100,0.012130
1,101,0.020212
1,102,0.027093
1,103,0.076013
1,104,0.057550
1,105,0.092181
1,106,0.082192
1,107,0.024864
1,108,0.043760
1,109,0.067109
1,110,0.227180
1,111,0.240501
1,112,0.297102
1,113,0.303303
1,114,0.242727
1,115,0.120125
1,116,0.020579
1,117,0.062852
1,118,0.003892
1,119,0.010410
1,120,0.113037
1,121,0.068320
1,122,0.004603
1,123,0.043721
1,124,0.051209
1,125,0.055662
1,126,0.013806
1,127,0.020900
1,128,0.030230
1,129,0.035935
1,130,0.030787
1,131,0.087819
1,132,0.099375
1,133,0.047975
2,1,0.141469
2,2,0.000000
2,3,0.116720
2,4,0.116617
2,5,0.224106
2,6,0.210219
2,7,0.169360
2,8,0.215245
2,9,0.469668
2,10,0.158570
2,11,0.079450
2,12,0.344929
2,13,0.349256
2,14,0.287830
2,15,0.212160
2,16,0.171039
2,17,0.091288
2,18,0.045469
2,19,0.128489
2,20,0.069019
2,21,0.019900
2,22,0.106371
2,23,0.136640
2,24,0.142165
2,25,0.168005
2,26,0.164120
2,27,0.110602
2,28,0.019450
2,29,0.059661
2,30,0.095655
2,31,0.114726
2,32,0.137630
2,33,0.168600
2,34,0.204371
2,35,0.162364
2,36,0.180258
2,37,0.177155
2,38,0.169143
2,39,0.166450
2,40,0.174487
2,41,0.149544
2,42,0.119547
2,43,0.091453
2,44,0.011715
2,45,0.080498
2,46,0.007669
2,47,0.018808
2,48,0.111722
2,49,0.077831
2,50,0.001622
2,51,0.100982
2,52,0.039451
2,53,0.074094
2,54,0.056718
2,55,0.023595
2,56,0.018034
2,57,0.045666
2,58,0.045018
2,59,0.008036
2,60,0.010616
2,61,0.039925
2,62,0.092302
2,63,0.100487
2,64,0.137336
2,65,0.150979
2,66,0.152795
2,67,0.121450
2,68,0.149213
2,69,0.115477
2,70,0.096569
2,71,0.111551
2,72,0.072943
2,73,0.005728
2,74,0.047873
2,75,0.005335
2,76,0.005400
2,77,0.095563
2,78,0.017729
2,79,0.028393
2,80,0.074521
2,81,0.182336
2,82,0.133546
2,83,0.097092
2,84,0.039182
2,85,0.021573
2,86,0.061508
2,87,0.125585
2,88,0.122985
2,89,0.052097
2,90,0.006608
2,91,0.038310
2,92,0.042694
2,93,0.002221
2,94,0.040670
2,95,0.017457
2,96,0.010959
2,97,0.014493
2,98,0.021263
2,99,0.035881
2,100,0.024044
2,101,0.051268
2,102,0.043972
2,103,0.002212
2,104,0.010643
2,105,0.029031
2,106,0.051401
2,107,0.021057
2,108,0.032598
2,109,0.093822
2,110,0.220982
2,111,0.257121
2,112,0.304578
2,113,0.321706
2,114,0.245433
2,115,0.130506
2,116,0.058626
2,117,0.025166
2,118,0.058446
2,119,0.016974
2,120,0.062624
2,121,0.004337
2,122,0.027991
2,123,0.068893
2,124,0.060738
2,125,0.076558
2,126,0.011549
2,127,0.016523
2,128,0.042924
2,129,0.039222
2,130,0.014069
2,131,0.053667
2,132,0.059777
2,133,0.001576
3,1,0.087101
3,2,0.116720
3,3,0.000000
3,4,0.015951
3,5,0.188582
3,6,0.148791
3,7,0.060034
3,8,0.107049
3,9,0.116487
3,10,0.152170
3,11,0.096425
3,12,0.125323
3,13,0.270262
3,14,0.195396
3,15,0.159174
3,16,0.178372
3,17,0.100583
3,18,0.107814
3,19,0.075228
3,20,0.175245
3,21,0.139547
3,22,0.079637
3,23,0.167412
3,24,0.119641
3,25,0.182465
3,26,0.161776
3,27,0.197111
3,28,0.065680
3,29,0.010766
3,30,0.110909
3,31,0.191895
3,32,0.242741
3,33,0.147170
3,34,0.122765
3,35,0.241391
3,36,0.292653
3,37,0.335410
3,38,0.202375
3,39,0.191341
3,40,0.141703
3,41,0.013488
3,42,0.010514
3,43,0.004274
3,44,0.089347
3,45,0.071773
3,46,0.110089
3,47,0.069311
3,48,0.022912
3,49,0.028412
3,50,0.025682
3,51,0.088214
3,52,0.016393
3,53,0.066771
3,54,0.007644
3,55,0.063696
3,56,0.100022
3,57,0.081280
3,58,0.094212
3,59,0.143180
3,60,0.033094
3,61,0.068039
3,62,0.056919
3,63,0.039067
3,64,0.072847
3,65,0.171357
3,66,0.170402
3,67,0.140086
3,68,0.160197
3,69,0.156350
3,70,0.103157
3,71,0.071358
3,72,0.039592
3,73,0.169743
3,74,0.060569
3,75,0.098412
3,76,0.057751
3,77,0.204110
3,78,0.113419
3,79,0.124872
3,80,0.088489
3,81,0.387926
3,82,0.224327
3,83,0.062459
3,84,0.006364
3,85,0.029409
3,86,0.050556
3,87,0.137328
3,88,0.133168
3,89,0.035632
3,90,0.030158
3,91,0.115628
3,92,0.089744
3,93,0.046637
3,94,0.064397
3,95,0.012560
3,96,0.024222
3,97,0.019118
3,98,0.005699
3,99,0.013273
3,100,0.103174
3,101,0.088251
3,102,0.006916
3,103,0.016833
3,104,0.003120
3,105,0.111465
3,106,0.044833
3,107,0.019205
3,108,0.070270
3,109,0.149674
3,110,0.317485
3,111,0.308225
3,112,0.368772
3,113,0.354571
3,114,0.349707
3,115,0.176038
3,116,0.074962
3,117,0.049852
3,118,0.107317
3,119,0.070790
3,120,0.039463
3,121,0.007917
3,122,0.022688
3,123,0.114628
3,124,0.071644
3,125,0.077547
3,126,0.001527
3,127,0.004892
3,128,0.040128
3,129,0.074397
3,130,0.056305
3,131,0.026153
3,132,0.034917
3,133,0.038594
4,1,0.129052
4,2,0.116617
4,3,0.015951
4,4,0.000000
4,5,0.210028
4,6,0.176485
4,7,0.089301
4,8,0.146243
4,9,0.170637
4,10,0.199459
4,11,0.146971
4,12,0.123405
4,13,0.305690
4,14,0.256064
4,15,0.197336
4,16,0.205652
4,17,0.125062
4,18,0.115091
4,19,0.062579
4,20,0.192624
4,21,0.163359
4,22,0.131340
4,23,0.229070
4,24,0.153713
4,25,0.239740
4,26,0.209143
4,27,0.240449
4,28,0.105818
4,29,0.003576
4,30,0.104050
4,31,0.200610
4,32,0.266444
4,33,0.172764
4,34,0.157035
4,35,0.253120
4,36,0.323807
4,37,0.384372
4,38,0.249175
4,39,0.251793
4,40,0.212196
4,41,0.088608
4,42,0.047366
4,43,0.044162
4,44,0.071941
4,45,0.047078
4,46,0.090733
4,47,0.053937
4,48,0.091078
4,49,0.078410
4,50,0.007636
4,51,0.148970
4,52,0.048172
4,53,0.099151
4,54,0.010968
4,55,0.068334
4,56,0.113854
4,57,0.082235
4,58,0.099692
4,59,0.144461
4,60,0.030212
4,61,0.083099
4,62,0.110485
4,63,0.071965
4,64,0.139985
4,65,0.254453
4,66,0.237411
4,67,0.188738
4,68,0.227033
4,69,0.222113
4,70,0.152801
4,71,0.103761
4,72,0.055404
4,73,0.186284
4,74,0.014350
4,75,0.068960
4,76,0.016745
4,77,0.182221
4,78,0.078280
4,79,0.075376
4,80,0.106761
4,81,0.454767
4,82,0.266752
4,83,0.071961
4,84,0.015352
4,85,0.062142
4,86,0.044843
4,87,0.171354
4,88,0.145100
4,89,0.044751
4,90,0.048001
4,91,0.162758
4,92,0.105474
4,93,0.053623
4,94,0.078755
4,95,0.023997
4,96,0.016074
4,97,0.010725
4,98,0.010973
4,99,0.012605
4,100,0.084141
4,101,0.084461
4,102,0.025136
4,103,0.034967
4,104,0.000666
4,105,0.078735
4,106,0.002816
4,107,0.047130
4,108,0.074987
4,109,0.172200
4,110,0.378573
4,111,0.375035
4,112,0.450223
4,113,0.445548
4,114,0.427831
4,115,0.230493
4,116,0.095717
4,117,0.055019
4,118,0.128346
4,119,0.080794
4,120,0.042382
4,121,0.008077
4,122,0.002445
4,123,0.135298
4,124,0.101614
4,125,0.097353
4,126,0.011684
4,127,0.020581
4,128,0.049269
4,129,0.063215
4,130,0.060645
4,131,0.024588
4,132,0.040038
4,133,0.024407
5,1,0.219882
5,2,0.224106
5,3,0.188582
5,4,0.210028
5,5,0.000000
5,6,0.185736
5,7,0.252310
5,8,0.229703
5,9,0.170923
5,10,0.078024
5,11,0.074577
5,12,0.186255
5,13,0.334206
5,14,0.283431
5,15,0.264190
5,16,0.225697
5,17,0.114530
5,18,0.148328
5,19,0.052819
5,20,0.106858
5,21,0.076800
5,22,0.072134
5,23,0.166501
5,24,0.150770
5,25,0.215185
5,26,0.194985
5,27,0.240003
5,28,0.017581
5,29,0.049476
5,30,0.159291
5,31,0.240106
5,32,0.207967
5,33,0.231622
5,34,0.202868
5,35,0.265035
5,36,0.277872
5,37,0.298444
5,38,0.236344
5,39,0.227860
5,40,0.191451
5,41,0.068247
5,42,0.041602
5,43,0.015914
5,44,0.133838
5,45,0.015444
5,46,0.078147
5,47,0.029819
5,48,0.086952
5,49,0.079093
5,50,0.040774
5,51,0.123602
5,52,0.045009
5,53,0.059362
5,54,0.021774
5,55,0.067432
5,56,0.093896
5,57,0.065309
5,58,0.065325
5,59,0.056157
5,60,0.034892
5,61,0.135141
5,62,0.098538
5,63,0.089810
5,64,0.157017
5,65,0.260951
5,66,0.228387
5,67,0.138894
5,68,0.228627
5,69,0.233152
5,70,0.184415
5,71,0.144854
5,72,0.030876
5,73,0.135320
5,74,0.001049
5,75,0.092819
5,76,0.191298
5,77,0.361908
5,78,0.167073
5,79,0.155705
5,80,0.078696
5,81,0.357890
5,82,0.219971
5,83,0.089111
5,84,0.034712
5,85,0.033125
5,86,0.071743
5,87,0.165078
5,88,0.180520
5,89,0.081878
5,90,0.007622
5,91,0.097076
5,92,0.116540
5,93,0.048409
5,94,0.071503
5,95,0.039410
5,96,0.006318
5,97,0.012277
5,98,0.021814
5,99,0.054162
5,100,0.065515
5,101,0.105475
5,102,0.028690
5,103,0.004068
5,104,0.035952
5,105,0.071155
5,106,0.020077
5,107,0.061747
5,108,0.068405
5,109,0.188012
5,110,0.313054
5,111,0.312310
5,112,0.347916
5,113,0.320491
5,114,0.331256
5,115,0.175976
5,116,0.079890
5,117,0.016711
5,118,0.088305
5,119,0.033386
5,120,0.039424
5,121,0.035879
5,122,0.002688
5,123,0.083349
5,124,0.052156
5,125,0.059954
5,126,0.003813
5,127,0.022217
5,128,0.016320
5,129,0.017750
5,130,0.039195
5,131,0.017129
5,132,0.032302
5,133,0.016458
6,1,0.189755
6,2,0.210219
6,3,0.148791
6,4,0.176485
6,5,0.185736
6,6,0.000000
6,7,0.185398
6,8,0.192736
6,9,0.184535
6,10,0.222421
6,11,0.221054
6,12,0.109455
6,13,0.241960
6,14,0.229035
6,15,0.220023
6,16,0.265362
6,17,0.213907
6,18,0.173191
6,19,0.114788
6,20,0.172085
6,21,0.181711
6,22,0.108777
6,23,0.146290
6,24,0.132974
6,25,0.214523
6,26,0.225035
6,27,0.275421
6,28,0.013318
6,29,0.041690
6,30,0.154573
6,31,0.290902
6,32,0.199930
6,33,0.188503
6,34,0.166704
6,35,0.241617
6,36,0.252311
6,37,0.300761
6,38,0.237182
6,39,0.205024
6,40,0.209182
6,41,0.129916
6,42,0.068138
6,43,0.057595
6,44,0.089211
6,45,0.053242
6,46,0.019650
6,47,0.011966
6,48,0.099559
6,49,0.083440
6,50,0.046785
6,51,0.111025
6,52,0.008676
6,53,0.034661
6,54,0.075170
6,55,0.113745
6,56,0.154113
6,57,0.082395
6,58,0.078297
6,59,0.045277
6,60,0.057198
6,61,0.144521
6,62,0.151877
6,63,0.101402
6,64,0.159283
6,65,0.234058
6,66,0.249901
6,67,0.161900
6,68,0.227264
6,69,0.223477
6,70,0.200363
6,71,0.160858
6,72,0.006179
6,73,0.148320
6,74,0.100177
6,75,0.043863
6,76,0.060618
6,77,0.078052
6,78,0.164457
6,79,0.171629
6,80,0.116251
6,81,0.378633
6,82,0.277791
6,83,0.153696
6,84,0.090690
6,85,0.028849
6,86,0.137216
6,87,0.214248
6,88,0.148809
6,89,0.114163
6,90,0.009315
6,91,0.113793
6,92,0.096598
6,93,0.012062
6,94,0.014307
6,95,0.006369
6,96,0.049192
6,97,0.069434
6,98,0.015820
6,99,0.037294
6,100,0.051902
6,101,0.070555
6,102,0.018493
6,103,0.006304
6,104,0.074232
6,105,0.122791
6,106,0.143625
6,107,0.086428
6,108,0.152212
6,109,0.279285
6,110,0.372064
6,111,0.359891
6,112,0.341280
6,113,0.310446
6,114,0.341146
6,115,0.211483
6,116,0.122288
6,117,0.068592
6,118,0.086503
6,119,0.038432
6,120,0.022092
6,121,0.005542
6,122,0.006076
6,123,0.072962
6,124,0.059028
6,125,0.093012
6,126,0.040181
6,127,0.004779
6,128,0.044101
6,129,0.043833
6,130,0.012283
6,131,0.013967
6,132,0.010433
6,133,0.004651
7,1,0.126815
7,2,0.169360
7,3,0.060034
7,4,0.089301
7,5,0.252310
7,6,0.185398
7,7,0.000000
7,8,0.080890
7,9,0.041247
7,10,0.134076
7,11,0.110877
7,12,0.002550
7,13,0.199895
7,14,0.165579
7,15,0.158733
7,16,0.184504
7,17,0.146942
7,18,0.242369
7,19,0.225398
7,20,0.333366
7,21,0.268725
7,22,0.048776
7,23,0.142395
7,24,0.090403
7,25,0.180028
7,26,0.176290
7,27,0.245976
7,28,0.051769
7,29,0.057391
7,30,0.081208
7,31,0.215934
7,32,0.278454
7,33,0.146789
7,34,0.072196
7,35,0.231734
7,36,0.313893
7,37,0.363138
7,38,0.219534
7,39,0.221382
7,40,0.141248
7,41,0.008243
7,42,0.041779
7,43,0.027939
7,44,0.118296
7,45,0.068553
7,46,0.134754
7,47,0.101373
7,48,0.030855
7,49,0.004762
7,50,0.015914
7,51,0.062823
7,52,0.002850
7,53,0.023740
7,54,0.038370
7,55,0.070158
7,56,0.121607
7,57,0.070792
7,58,0.081805
7,59,0.145226
7,60,0.005063
7,61,0.082957
7,62,0.058174
7,63,0.004205
7,64,0.048901
7,65,0.167650
7,66,0.176007
7,67,0.136685
7,68,0.163245
7,69,0.163018
7,70,0.116272
7,71,0.079226
7,72,0.087069
7,73,0.225275
7,74,0.042356
7,75,0.066915
7,76,0.096611
7,77,0.248749
7,78,0.243102
7,79,0.250640
7,80,0.154625
7,81,0.453205
7,82,0.237702
7,83,0.054988
7,84,0.015129
7,85,0.083017
7,86,0.037307
7,87,0.159645
7,88,0.080123
7,89,0.058185
7,90,0.122354
7,91,0.149331
7,92,0.104249
7,93,0.062894
7,94,0.046218
7,95,0.018712
7,96,0.048237
7,97,0.020046
7,98,0.014755
7,99,0.030043
7,100,0.094255
7,101,0.071230
7,102,0.052056
7,103,0.049504
7,104,0.003332
7,105,0.073751
7,106,0.025408
7,107,0.049416
7,108,0.004554
7,109,0.179235
7,110,0.333890
7,111,0.332451
7,112,0.356751
7,113,0.349942
7,114,0.339842
7,115,0.184956
7,116,0.076445
7,117,0.034094
7,118,0.077054
7,119,0.043448
7,120,0.067120
7,121,0.011512
7,122,0.025997
7,123,0.090476
7,124,0.057951
7,125,0.053340
7,126,0.015671
7,127,0.003239
7,128,0.042036
7,129,0.049943
7,130,0.041340
7,131,0.037031
7,132,0.040355
7,133,0.050582
8,1,0.137670
8,2,0.215245
8,3,0.107049
8,4,0.146243
8,5,0.229703
8,6,0.192736
8,7,0.080890
8,8,0.000000
8,9,0.053392
8,10,0.065345
8,11,0.045148
8,12,0.027823
8,13,0.175515
8,14,0.155185
8,15,0.148498
8,16,0.155861
8,17,0.130637
8,18,0.231694
8,19,0.220687
8,20,0.290827
8,21,0.232516
8,22,0.010006
8,23,0.084536
8,24,0.076966
8,25,0.141366
8,26,0.139539
8,27,0.191550
8,28,0.003304
8,29,0.047636
8,30,0.070569
8,31,0.189287
8,32,0.252571
8,33,0.143070
8,34,0.059207
8,35,0.186653
8,36,0.244147
8,37,0.298584
8,38,0.200399
8,39,0.182190
8,40,0.093905
8,41,0.007561
8,42,0.065574
8,43,0.053220
8,44,0.125316
8,45,0.056111
8,46,0.104191
8,47,0.094320
8,48,0.001418
8,49,0.027575
8,50,0.049150
8,51,0.033449
8,52,0.013671
8,53,0.022167
8,54,0.062866
8,55,0.072618
8,56,0.101933
8,57,0.075452
8,58,0.065531
8,59,0.103337
8,60,0.015470
8,61,0.072133
8,62,0.002464
8,63,0.018255
8,64,0.017556
8,65,0.118082
8,66,0.136780
8,67,0.111885
8,68,0.111277
8,69,0.095292
8,70,0.075909
8,71,0.059488
8,72,0.045063
8,73,0.216287
8,74,0.034496
8,75,0.067309
8,76,0.174487
8,77,0.316588
8,78,0.252435
8,79,0.258897
8,80,0.185931
8,81,0.387163
8,82,0.182700
8,83,0.070242
8,84,0.008382
8,85,0.056044
8,86,0.026474
8,87,0.114744
8,88,0.049175
8,89,0.081279
8,90,0.128575
8,91,0.120336
8,92,0.102633
8,93,0.043967
8,94,0.053125
8,95,0.009944
8,96,0.030404
8,97,0.021146
8,98,0.010368
8,99,0.037403
8,100,0.061007
8,101,0.052567
8,102,0.025591
8,103,0.067331
8,104,0.025501
8,105,0.109883
8,106,0.009644
8,107,0.039252
8,108,0.026842
8,109,0.145928
8,110,0.258631
8,111,0.260840
8,112,0.280387
8,113,0.269786
8,114,0.262366
8,115,0.110236
8,116,0.029486
8,117,0.024447
8,118,0.017714
8,119,0.001099
8,120,0.086746
8,121,0.016904
8,122,0.017163
8,123,0.065094
8,124,0.051126
8,125,0.041293
8,126,0.021769
8,127,0.017625
8,128,0.032657
8,129,0.033269
8,130,0.026813
8,131,0.038967
8,132,0.058455
8,133,0.051876
9,1,0.237060
9,2,0.469668
9,3,0.116487
9,4,0.170637
9,5,0.170923
9,6,0.184535
9,7,0.041247
9,8,0.053392
9,9,0.000000
9,10,0.074302
9,11,0.049235
9,12,0.045622
9,13,0.027311
9,14,0.054653
9,15,0.040555
9,16,0.045998
9,17,0.048083
9,18,0.278438
9,19,0.250155
9,20,0.339640
9,21,0.264495
9,22,0.011069
9,23,0.015559
9,24,0.015947
9,25,0.050841
9,26,0.054570
9,27,0.118159
9,28,0.013031
9,29,0.104778
9,30,0.042608
9,31,0.040627
9,32,0.112591
9,33,0.026243
9,34,0.007992
9,35,0.005026
9,36,0.026002
9,37,0.186458
9,38,0.135813
9,39,0.095676
9,40,0.011253
9,41,0.030885
9,42,0.062880
9,43,0.046611
9,44,0.066281
9,45,0.082669
9,46,0.093650
9,47,0.092073
9,48,0.002482
9,49,0.036371
9,50,0.034613
9,51,0.009154
9,52,0.007841
9,53,0.020027
9,54,0.017095
9,55,0.019549
9,56,0.074116
9,57,0.036596
9,58,0.034263
9,59,0.009104
9,60,0.069997
9,61,0.075544
9,62,0.053254
9,63,0.076129
9,64,0.081812
9,65,0.025698
9,66,0.078392
9,67,0.082377
9,68,0.039890
9,69,0.014480
9,70,0.037524
9,71,0.006389
9,72,0.050262
9,73,0.115719
9,74,0.134909
9,75,0.078658
9,76,0.105989
9,77,0.227327
9,78,0.324739
9,79,0.364004
9,80,0.226281
9,81,0.230930
9,82,0.069326
9,83,0.063568
9,84,0.070883
9,85,0.013119
9,86,0.091149
9,87,0.133635
9,88,0.023684
9,89,0.090476
9,90,0.093119
9,91,0.038904
9,92,0.011294
9,93,0.006347
9,94,0.006578
9,95,0.035889
9,96,0.025977
9,97,0.000397
9,98,0.008823
9,99,0.058097
9,100,0.002967
9,101,0.043081
9,102,0.010087
9,103,0.067532
9,104,0.051623
9,105,0.129968
9,106,0.088042
9,107,0.087215
9,108,0.116966
9,109,0.021195
9,110,0.109277
9,111,0.172787
9,112,0.190259
9,113,0.191813
9,114,0.171283
9,115,0.077966
9,116,0.009153
9,117,0.116055
9,118,0.076057
9,119,0.039521
9,120,0.133120
9,121,0.081223
9,122,0.020589
9,123,0.027580
9,124,0.052305
9,125,0.045580
9,126,0.004123
9,127,0.020956
9,128,0.016175
9,129,0.002448
9,130,0.000697
9,131,0.107721
9,132,0.094983
9,133,0.069892
10,1,0.098609
10,2,0.158570
10,3,0.152170
10,4,0.199459
10,5,0.078024
10,6,0.222421
10,7,0.134076
10,8,0.065345
10,9,0.074302
10,10,0.000000
10,11,0.002888
10,12,0.097905
10,13,0.004261
10,14,0.024618
10,15,0.096023
10,16,0.062273
10,17,0.058741
10,18,0.258905
10,19,0.226400
10,20,0.332258
10,21,0.225409
10,22,0.103567
10,23,0.165670
10,24,0.077971
10,25,0.144101
10,26,0.107279
10,27,0.100734
10,28,0.038727
10,29,0.086184
10,30,0.000023
10,31,0.056262
10,32,0.133782
10,33,0.071812
10,34,0.044641
10,35,0.093450
10,36,0.141229
10,37,0.186579
10,38,0.151364
10,39,0.143848
10,40,0.066133
10,41,0.004205
10,42,0.041596
10,43,0.022297
10,44,0.075752
10,45,0.111558
10,46,0.028415
10,47,0.048308
10,48,0.065694
10,49,0.023172
10,50,0.029442
10,51,0.108765
10,52,0.072593
10,53,0.131676
10,54,0.097946
10,55,0.045377
10,56,0.067270
10,57,0.046960
10,58,0.008347
10,59,0.053902
10,60,0.110748
10,61,0.097759
10,62,0.011367
10,63,0.016640
10,64,0.012186
10,65,0.086320
10,66,0.116168
10,67,0.062880
10,68,0.079374
10,69,0.088784
10,70,0.048684
10,71,0.000345
10,72,0.086194
10,73,0.099552
10,74,0.016761
10,75,0.023990
10,76,0.106930
10,77,0.200435
10,78,0.278464
10,79,0.356664
10,80,0.115172
10,81,0.228787
10,82,0.049687
10,83,0.021326
10,84,0.094569
10,85,0.057518
10,86,0.019553
10,87,0.053585
10,88,0.079372
10,89,0.064607
10,90,0.034232
10,91,0.047615
10,92,0.006468
10,93,0.034013
10,94,0.000402
10,95,0.001392
10,96,0.014810
10,97,0.009091
10,98,0.029503
10,99,0.081980
10,100,0.015070
10,101,0.025365
10,102,0.069754
10,103,0.088214
10,104,0.011656
10,105,0.141306
10,106,0.110944
10,107,0.046463
10,108,0.045923
10,109,0.015850
10,110,0.078415
10,111,0.055532
10,112,0.108681
10,113,0.069465
10,114,0.149489
10,115,0.017769
10,116,0.065095
10,117,0.124829
10,118,0.096817
10,119,0.019925
10,120,0.094265
10,121,0.039627
10,122,0.045135
10,123,0.023046
10,124,0.031756
10,125,0.014712
10,126,0.041460
10,127,0.016037
10,128,0.054879
10,129,0.030941
10,130,0.073288
10,131,0.082575
10,132,0.012981
10,133,0.049532
11,1,0.068895
11,2,0.079450
11,3,0.096425
11,4,0.146971
11,5,0.074577
11,6,0.221054
11,7,0.110877
11,8,0.045148
11,9,0.049235
11,10,0.002888
11,11,0.000000
11,12,0.066010
11,13,0.054603
11,14,0.083514
11,15,0.125991
11,16,0.096112
11,17,0.058829
11,18,0.228371
11,19,0.152986
11,20,0.278675
11,21,0.203361
11,22,0.109308
11,23,0.175557
11,24,0.088946
11,25,0.157390
11,26,0.112593
11,27,0.107191
11,28,0.086502
11,29,0.059430
11,30,0.044065
11,31,0.104419
11,32,0.160231
11,33,0.116160
11,34,0.016426
11,35,0.113708
11,36,0.177667
11,37,0.188977
11,38,0.167172
11,39,0.173649
11,40,0.112137
11,41,0.043044
11,42,0.001992
11,43,0.038385
11,44,0.038467
11,45,0.085874
11,46,0.037052
11,47,0.031821
11,48,0.096586
11,49,0.047613
11,50,0.035760
11,51,0.122649
11,52,0.061467
11,53,0.122272
11,54,0.082873
11,55,0.021022
11,56,0.029001
11,57,0.015277
11,58,0.009112
11,59,0.077228
11,60,0.080216
11,61,0.091814
11,62,0.042126
11,63,0.018048
11,64,0.065134
11,65,0.121608
11,66,0.139845
11,67,0.090219
11,68,0.113383
11,69,0.128072
11,70,0.077067
11,71,0.034615
11,72,0.076655
11,73,0.069873
11,74,0.005237
11,75,0.042993
11,76,0.077741
11,77,0.159320
11,78,0.212758
11,79,0.264739
11,80,0.057092
11,81,0.265978
11,82,0.100458
11,83,0.012296
11,84,0.084802
11,85,0.061239
11,86,0.005531
11,87,0.068961
11,88,0.107341
11,89,0.033961
11,90,0.028501
11,91,0.078580
11,92,0.025673
11,93,0.003279
11,94,0.012409
11,95,0.002165
11,96,0.016660
11,97,0.008525
11,98,0.017363
11,99,0.058442
11,100,0.012545
11,101,0.042917
11,102,0.020961
11,103,0.046681
11,104,0.001185
11,105,0.120478
11,106,0.101169
11,107,0.010697
11,108,0.004928
11,109,0.040331
11,110,0.142455
11,111,0.118386
11,112,0.162227
11,113,0.131737
11,114,0.185896
11,115,0.067033
11,116,0.030747
11,117,0.077058
11,118,0.053709
11,119,0.041940
11,120,0.082991
11,121,0.023359
11,122,0.024768
11,123,0.063250
11,124,0.066701
11,125,0.013394
11,126,0.019546
11,127,0.004848
11,128,0.048618
11,129,0.047462
11,130,0.059968
11,131,0.091492
11,132,0.024346
11,133,0.058094
12,1,0.116074
12,2,0.344929
12,3,0.125323
12,4,0.123405
12,5,0.186255
12,6,0.109455
12,7,0.002550
12,8,0.027823
12,9,0.045622
12,10,0.097905
12,11,0.066010
12,12,0.000000
12,13,0.090522
12,14,0.083295
12,15,0.033990
12,16,0.065369
12,17,0.029441
12,18,0.268838
12,19,0.310996
12,20,0.367356
12,21,0.279323
12,22,0.066600
12,23,0.072293
12,24,0.093246
12,25,0.068370
12,26,0.062157
12,27,0.012924
12,28,0.014493
12,29,0.130298
12,30,0.099191
12,31,0.012546
12,32,0.074090
12,33,0.084665
12,34,0.150678
12,35,0.064501
12,36,0.020554
12,37,0.168840
12,38,0.083400
12,39,0.014529
12,40,0.079195
12,41,0.119670
12,42,0.089314
12,43,0.061445
12,44,0.079307
12,45,0.059348
12,46,0.122367
12,47,0.097101
12,48,0.101819
12,49,0.080160
12,50,0.032818
12,51,0.031247
12,52,0.017093
12,53,0.046329
12,54,0.061867
12,55,0.053995
12,56,0.086877
12,57,0.004361
12,58,0.026808
12,59,0.047827
12,60,0.079861
12,61,0.030687
12,62,0.123173
12,63,0.184644
12,64,0.211316
12,65,0.076104
12,66,0.005282
12,67,0.033824
12,68,0.069403
12,69,0.093850
12,70,0.120479
12,71,0.066552
12,72,0.046173
12,73,0.067301
12,74,0.133002
12,75,0.050672
12,76,0.081012
12,77,0.142966
12,78,0.278413
12,79,0.298912
12,80,0.159066
12,81,0.160162
12,82,0.045446
12,83,0.042492
12,84,0.065294
12,85,0.024145
12,86,0.093071
12,87,0.116321
12,88,0.022459
12,89,0.093173
12,90,0.106899
12,91,0.028946
12,92,0.009193
12,93,0.015579
12,94,0.047043
12,95,0.056164
12,96,0.032896
12,97,0.001201
12,98,0.050011
12,99,0.010412
12,100,0.031480
12,101,0.044214
12,102,0.031186
12,103,0.017555
12,104,0.005815
12,105,0.049551
12,106,0.007873
12,107,0.052172
12,108,0.140515
12,109,0.046108
12,110,0.051745
12,111,0.080754
12,112,0.049860
12,113,0.044473
12,114,0.077430
12,115,0.022651
12,116,0.030504
12,117,0.072139
12,118,0.066251
12,119,0.056136
12,120,0.111794
12,121,0.056177
12,122,0.013758
12,123,0.030029
12,124,0.006275
12,125,0.005814
12,126,0.032324
12,127,0.015135
12,128,0.006717
12,129,0.018857
12,130,0.022955
12,131,0.042416
12,132,0.048476
12,133,0.011646
13,1,0.249778
13,2,0.349256
13,3,0.270262
13,4,0.305690
13,5,0.334206
13,6,0.241960
13,7,0.199895
13,8,0.175515
13,9,0.027311
13,10,0.004261
13,11,0.054603
13,12,0.090522
13,13,0.000000
13,14,0.062767
13,15,0.148804
13,16,0.121029
13,17,0.158021
13,18,0.326774
13,19,0.399285
13,20,0.434192
13,21,0.321055
13,22,0.028997
13,23,0.048168
13,24,0.007680
13,25,0.088518
13,26,0.097657
13,27,0.202625
13,28,0.053686
13,29,0.064704
13,30,0.036315
13,31,0.185858
13,32,0.274872
13,33,0.091398
13,34,0.039313
13,35,0.068140
13,36,0.136495
13,37,0.265818
13,38,0.166255
13,39,0.136660
13,40,0.026162
13,41,0.071725
13,42,0.104817
13,43,0.059527
13,44,0.092050
13,45,0.108022
13,46,0.142253
13,47,0.117076
13,48,0.067185
13,49,0.052924
13,50,0.044333
13,51,0.013589
13,52,0.002020
13,53,0.025033
13,54,0.056371
13,55,0.074779
13,56,0.092090
13,57,0.042634
13,58,0.025623
13,59,0.064134
13,60,0.101334
13,61,0.099081
13,62,0.037332
13,63,0.090547
13,64,0.087727
13,65,0.073103
13,66,0.109489
13,67,0.107559
13,68,0.064863
13,69,0.065494
13,70,0.032037
13,71,0.046288
13,72,0.095532
13,73,0.175017
13,74,0.082981
13,75,0.040447
13,76,0.113943
13,77,0.225948
13,78,0.285747
13,79,0.319769
13,80,0.144353
13,81,0.383267
13,82,0.178753
13,83,0.067439
13,84,0.011533
13,85,0.017427
13,86,0.059315
13,87,0.119826
13,88,0.036783
13,89,0.163365
13,90,0.189243
13,91,0.085909
13,92,0.016277
13,93,0.034959
13,94,0.040702
13,95,0.060922
13,96,0.090714
13,97,0.085272
13,98,0.073847
13,99,0.013857
13,100,0.105387
13,101,0.070284
13,102,0.060783
13,103,0.032525
13,104,0.003643
13,105,0.064656
13,106,0.060125
13,107,0.014888
13,108,0.128020
13,109,0.113923
13,110,0.180185
13,111,0.201828
13,112,0.203611
13,113,0.198406
13,114,0.235601
13,115,0.088604
13,116,0.023677
13,117,0.033710
13,118,0.006463
13,119,0.009010
13,120,0.087528
13,121,0.042022
13,122,0.023508
13,123,0.060462
13,124,0.056203
13,125,0.061049
13,126,0.069018
13,127,0.042333
13,128,0.092256
13,129,0.065977
13,130,0.065285
13,131,0.006303
13,132,0.022633
13,133,0.017940
14,1,0.233384
14,2,0.287830
14,3,0.195396
14,4,0.256064
14,5,0.283431
14,6,0.229035
14,7,0.165579
14,8,0.155185
14,9,0.054653
14,10,0.024618
14,11,0.083514
14,12,0.083295
14,13,0.062767
14,14,0.000000
14,15,0.064093
14,16,0.130320
14,17,0.166067
14,18,0.282630
14,19,0.364955
14,20,0.396147
14,21,0.306808
14,22,0.013887
14,23,0.066245
14,24,0.047231
14,25,0.115390
14,26,0.102850
14,27,0.198069
14,28,0.019518
14,29,0.106480
14,30,0.001406
14,31,0.169268
14,32,0.273672
14,33,0.051493
14,34,0.056019
14,35,0.103321
14,36,0.194643
14,37,0.296976
14,38,0.207455
14,39,0.181118
14,40,0.089748
14,41,0.017068
14,42,0.098429
14,43,0.070777
14,44,0.102700
14,45,0.109160
14,46,0.131681
14,47,0.120868
14,48,0.055129
14,49,0.068881
14,50,0.068056
14,51,0.013666
14,52,0.035978
14,53,0.027095
14,54,0.088207
14,55,0.095091
14,56,0.139561
14,57,0.076025
14,58,0.053771
14,59,0.096900
14,60,0.062612
14,61,0.101219
14,62,0.014197
14,63,0.059885
14,64,0.020673
14,65,0.124754
14,66,0.153851
14,67,0.105404
14,68,0.103374
14,69,0.093204
14,70,0.068314
14,71,0.044745
14,72,0.099105
14,73,0.227609
14,74,0.033107
14,75,0.019377
14,76,0.128922
14,77,0.269105
14,78,0.265951
14,79,0.306031
14,80,0.152114
14,81,0.406735
14,82,0.213783
14,83,0.080180
14,84,0.012778
14,85,0.019679
14,86,0.055679
14,87,0.128596
14,88,0.048391
14,89,0.136899
14,90,0.181481
14,91,0.137479
14,92,0.075281
14,93,0.004868
14,94,0.005953
14,95,0.018915
14,96,0.048154
14,97,0.058267
14,98,0.029529
14,99,0.014217
14,100,0.079592
14,101,0.028979
14,102,0.057517
14,103,0.037054
14,104,0.004030
14,105,0.072503
14,106,0.006516
14,107,0.011938
14,108,0.122501
14,109,0.142433
14,110,0.242230
14,111,0.260747
14,112,0.260326
14,113,0.255374
14,114,0.271206
14,115,0.092626
14,116,0.009214
14,117,0.064014
14,118,0.016872
14,119,0.006615
14,120,0.093131
14,121,0.053778
14,122,0.032015
14,123,0.042348
14,124,0.036403
14,125,0.051235
14,126,0.056901
14,127,0.015801
14,128,0.062241
14,129,0.059069
14,130,0.073227
14,131,0.010625
14,132,0.013403
14,133,0.012583
15,1,0.197541
15,2,0.212160
15,3,0.159174
15,4,0.197336
15,5,0.264190
15,6,0.220023
15,7,0.158733
15,8,0.148498
15,9,0.040555
15,10,0.096023
15,11,0.125991
15,12,0.033990
15,13,0.148804
15,14,0.064093
15,15,0.000000
15,16,0.107633
15,17,0.146361
15,18,0.212541
15,19,0.260226
15,20,0.312005
15,21,0.243369
15,22,0.026191
15,23,0.098517
15,24,0.067660
15,25,0.142034
15,26,0.143996
15,27,0.233352
15,28,0.015816
15,29,0.069361
15,30,0.057735
15,31,0.198177
15,32,0.207627
15,33,0.077990
15,34,0.044823
15,35,0.199333
15,36,0.262106
15,37,0.317381
15,38,0.191316
15,39,0.171438
15,40,0.091305
15,41,0.026716
15,42,0.121723
15,43,0.082842
15,44,0.122259
15,45,0.074747
15,46,0.113814
15,47,0.114002
15,48,0.026591
15,49,0.053893
15,50,0.045306
15,51,0.022785
15,52,0.035014
15,53,0.035339
15,54,0.113436
15,55,0.119915
15,56,0.170475
15,57,0.124208
15,58,0.100332
15,59,0.158663
15,60,0.006389
15,61,0.085234
15,62,0.017724
15,63,0.027398
15,64,0.025862
15,65,0.155089
15,66,0.165916
15,67,0.092942
15,68,0.133371
15,69,0.146713
15,70,0.120849
15,71,0.062851
15,72,0.076576
15,73,0.229315
15,74,0.085532
15,75,0.100229
15,76,0.181232
15,77,0.315659
15,78,0.190761
15,79,0.237257
15,80,0.125911
15,81,0.411527
15,82,0.244112
15,83,0.071317
15,84,0.016892
15,85,0.069396
15,86,0.014653
15,87,0.099319
15,88,0.030887
15,89,0.139068
15,90,0.189306
15,91,0.173975
15,92,0.131171
15,93,0.056292
15,94,0.034001
15,95,0.019041
15,96,0.033061
15,97,0.039660
15,98,0.001914
15,99,0.021515
15,100,0.102225
15,101,0.058533
15,102,0.036602
15,103,0.018218
15,104,0.027458
15,105,0.059195
15,106,0.011168
15,107,0.041382
15,108,0.043960
15,109,0.232638
15,110,0.323673
15,111,0.338720
15,112,0.349079
15,113,0.344652
15,114,0.343685
15,115,0.160821
15,116,0.078556
15,117,0.028485
15,118,0.060073
15,119,0.040108
15,120,0.067606
15,121,0.032094
15,122,0.033771
15,123,0.030287
15,124,0.013444
15,125,0.001030
15,126,0.028323
15,127,0.008369
15,128,0.021760
15,129,0.020573
15,130,0.036600
15,131,0.012715
15,132,0.008036
15,133,0.022966
16,1,0.175064
16,2,0.171039
16,3,0.178372
16,4,0.205652
16,5,0.225697
16,6,0.265362
16,7,0.184504
16,8,0.155861
16,9,0.045998
16,10,0.062273
16,11,0.096112
16,12,0.065369
16,13,0.121029
16,14,0.130320
16,15,0.107633
16,16,0.000000
16,17,0.047673
16,18,0.247899
16,19,0.195828
16,20,0.291692
16,21,0.255107
16,22,0.060858
16,23,0.117393
16,24,0.094951
16,25,0.163240
16,26,0.182784
16,27,0.245842
16,28,0.018017
16,29,0.001576
16,30,0.142964
16,31,0.266280
16,32,0.145063
16,33,0.165305
16,34,0.139061
16,35,0.239024
16,36,0.255090
16,37,0.272727
16,38,0.143456
16,39,0.119161
16,40,0.047871
16,41,0.058400
16,42,0.147954
16,43,0.098432
16,44,0.126596
16,45,0.059229
16,46,0.100825
16,47,0.096851
16,48,0.025207
16,49,0.011172
16,50,0.042037
16,51,0.044718
16,52,0.032072
16,53,0.012375
16,54,0.089507
16,55,0.092371
16,56,0.197085
16,57,0.122056
16,58,0.073417
16,59,0.117864
16,60,0.025036
16,61,0.074692
16,62,0.008486
16,63,0.037654
16,64,0.019497
16,65,0.109174
16,66,0.130893
16,67,0.062133
16,68,0.137509
16,69,0.161952
16,70,0.124092
16,71,0.072182
16,72,0.079545
16,73,0.169624
16,74,0.072480
16,75,0.140062
16,76,0.168915
16,77,0.246424
16,78,0.181649
16,79,0.225343
16,80,0.003581
16,81,0.386140
16,82,0.275723
16,83,0.106547
16,84,0.028242
16,85,0.045437
16,86,0.070878
16,87,0.149973
16,88,0.080993
16,89,0.069892
16,90,0.123727
16,91,0.158642
16,92,0.122164
16,93,0.054275
16,94,0.003184
16,95,0.003179
16,96,0.061607
16,97,0.078543
16,98,0.022695
16,99,0.002097
16,100,0.131482
16,101,0.081871
16,102,0.017549
16,103,0.030089
16,104,0.055319
16,105,0.013396
16,106,0.069187
16,107,0.066676
16,108,0.002377
16,109,0.273792
16,110,0.302421
16,111,0.326589
16,112,0.302033
16,113,0.306662
16,114,0.319646
16,115,0.187246
16,116,0.103833
16,117,0.067916
16,118,0.076283
16,119,0.056866
16,120,0.034979
16,121,0.002410
16,122,0.022126
16,123,0.012584
16,124,0.031778
16,125,0.005232
16,126,0.001099
16,127,0.029910
16,128,0.011172
16,129,0.003650
16,130,0.031155
16,131,0.007005
16,132,0.033308
16,133,0.020867
17,1,0.115824
17,2,0.091288
17,3,0.100583
17,4,0.125062
17,5,0.114530
17,6,0.213907
17,7,0.146942
17,8,0.130637
17,9,0.048083
17,10,0.058741
17,11,0.058829
17,12,0.029441
17,13,0.158021
17,14,0.166067
17,15,0.146361
17,16,0.047673
17,17,0.000000
17,18,0.214421
17,19,0.105085
17,20,0.236279
17,21,0.239025
17,22,0.065785
17,23,0.123183
17,24,0.084835
17,25,0.163787
17,26,0.181593
17,27,0.223672
17,28,0.012380
17,29,0.015559
17,30,0.166913
17,31,0.284522
17,32,0.131982
17,33,0.220638
17,34,0.212022
17,35,0.260416
17,36,0.264782
17,37,0.267903
17,38,0.125529
17,39,0.106870
17,40,0.039300
17,41,0.064109
17,42,0.194064
17,43,0.148205
17,44,0.167208
17,45,0.047961
17,46,0.102615
17,47,0.069274
17,48,0.046100
17,49,0.028759
17,50,0.021113
17,51,0.085713
17,52,0.011291
17,53,0.030546
17,54,0.065771
17,55,0.081591
17,56,0.189496
17,57,0.121627
17,58,0.076372
17,59,0.107617
17,60,0.006588
17,61,0.073338
17,62,0.001825
17,63,0.039586
17,64,0.029118
17,65,0.110694
17,66,0.126382
17,67,0.058658
17,68,0.128837
17,69,0.169680
17,70,0.140008
17,71,0.082571
17,72,0.056049
17,73,0.144534
17,74,0.055469
17,75,0.171706
17,76,0.157392
17,77,0.220315
17,78,0.150590
17,79,0.190357
17,80,0.044284
17,81,0.352728
17,82,0.266698
17,83,0.099014
17,84,0.025328
17,85,0.053600
17,86,0.075214
17,87,0.176595
17,88,0.126531
17,89,0.023756
17,90,0.115609
17,91,0.173742
17,92,0.147082
17,93,0.075642
17,94,0.005887
17,95,0.008283
17,96,0.056262
17,97,0.056973
17,98,0.009240
17,99,0.003587
17,100,0.125107
17,101,0.093385
17,102,0.011045
17,103,0.019574
17,104,0.044136
17,105,0.004267
17,106,0.030296
17,107,0.050347
17,108,0.036457
17,109,0.282841
17,110,0.319019
17,111,0.324433
17,112,0.304232
17,113,0.308160
17,114,0.304848
17,115,0.185481
17,116,0.101405
17,117,0.072914
17,118,0.081770
17,119,0.073254
17,120,0.046952
17,121,0.008219
17,122,0.030921
17,123,0.003427
17,124,0.069506
17,125,0.011960
17,126,0.052121
17,127,0.069252
17,128,0.069333
17,129,0.036083
17,130,0.001054
17,131,0.021484
17,132,0.044579
17,133,0.023387
18,1,0.172621
18,2,0.045469
18,3,0.107814
18,4,0.115091
18,5,0.148328
18,6,0.173191
18,7,0.242369
18,8,0.231694
18,9,0.278438
18,10,0.258905
18,11,0.228371
18,12,0.268838
18,13,0.326774
18,14,0.282630
18,15,0.212541
18,16,0.247899
18,17,0.214421
18,18,0.000000
18,19,0.038620
18,20,0.054784
18,21,0.094327
18,22,0.259129
18,23,0.184671
18,24,0.144080
18,25,0.180052
18,26,0.209633
18,27,0.203770
18,28,0.024755
18,29,0.175631
18,30,0.214957
18,31,0.186622
18,32,0.123132
18,33,0.207877
18,34,0.297749
18,35,0.239871
18,36,0.111610
18,37,0.027374
18,38,0.048654
18,39,0.110677
18,40,0.174481
18,41,0.195642
18,42,0.154697
18,43,0.138223
18,44,0.121073
18,45,0.018101
18,46,0.059026
18,47,0.057666
18,48,0.114748
18,49,0.111256
18,50,0.000271
18,51,0.143476
18,52,0.067235
18,53,0.111873
18,54,0.052091
18,55,0.060582
18,56,0.053627
18,57,0.026770
18,58,0.020647
18,59,0.034355
18,60,0.041546
18,61,0.071835
18,62,0.172230
18,63,0.170833
18,64,0.293103
18,65,0.187059
18,66,0.146722
18,67,0.092899
18,68,0.179253
18,69,0.223008
18,70,0.205600
18,71,0.145570
18,72,0.168253
18,73,0.229445
18,74,0.132540
18,75,0.139526
18,76,0.235966
18,77,0.207851
18,78,0.241831
18,79,0.253436
18,80,0.248459
18,81,0.174741
18,82,0.247823
18,83,0.121601
18,84,0.040365
18,85,0.014003
18,86,0.077336
18,87,0.014596
18,88,0.030436
18,89,0.055323
18,90,0.044055
18,91,0.017599
18,92,0.124598
18,93,0.152607
18,94,0.074891
18,95,0.077831
18,96,0.121842
18,97,0.131062
18,98,0.050456
18,99,0.029627
18,100,0.013716
18,101,0.005668
18,102,0.017465
18,103,0.009995
18,104,0.064306
18,105,0.074168
18,106,0.040972
18,107,0.133486
18,108,0.138222
18,109,0.189485
18,110,0.301383
18,111,0.315535
18,112,0.384476
18,113,0.410220
18,114,0.313282
18,115,0.266674
18,116,0.117153
18,117,0.050975
18,118,0.117838
18,119,0.098477
18,120,0.082870
18,121,0.065569
18,122,0.055993
18,123,0.156773
18,124,0.166409
18,125,0.171360
18,126,0.022929
18,127,0.023369
18,128,0.085302
18,129,0.107582
18,130,0.094386
18,131,0.060500
18,132,0.003977
18,133,0.076521
19,1,0.119024
19,2,0.128489
19,3,0.075228
19,4,0.062579
19,5,0.052819
19,6,0.114788
19,7,0.225398
19,8,0.220687
19,9,0.250155
19,10,0.226400
19,11,0.152986
19,12,0.310996
19,13,0.399285
19,14,0.364955
19,15,0.260226
19,16,0.195828
19,17,0.105085
19,18,0.038620
19,19,0.000000
19,20,0.098215
19,21,0.014141
19,22,0.208896
19,23,0.178358
19,24,0.185516
19,25,0.211047
19,26,0.237790
19,27,0.168272
19,28,0.042137
19,29,0.183238
19,30,0.268478
19,31,0.237458
19,32,0.098738
19,33,0.294929
19,34,0.378372
19,35,0.261234
19,36,0.160782
19,37,0.011712
19,38,0.071797
19,39,0.114996
19,40,0.208838
19,41,0.233365
19,42,0.126283
19,43,0.079669
19,44,0.052811
19,45,0.058607
19,46,0.061937
19,47,0.080148
19,48,0.137698
19,49,0.156556
19,50,0.003038
19,51,0.166918
19,52,0.065114
19,53,0.110923
19,54,0.065384
19,55,0.049971
19,56,0.050917
19,57,0.077940
19,58,0.020821
19,59,0.020705
19,60,0.002377
19,61,0.045460
19,62,0.144761
19,63,0.208351
19,64,0.336227
19,65,0.204702
19,66,0.152063
19,67,0.084508
19,68,0.200373
19,69,0.222822
19,70,0.213967
19,71,0.157876
19,72,0.130177
19,73,0.122484
19,74,0.152831
19,75,0.110173
19,76,0.150906
19,77,0.138726
19,78,0.267819
19,79,0.310762
19,80,0.195397
19,81,0.103850
19,82,0.182318
19,83,0.083976
19,84,0.025348
19,85,0.002483
19,86,0.088422
19,87,0.009133
19,88,0.057961
19,89,0.044240
19,90,0.002985
19,91,0.017753
19,92,0.029116
19,93,0.049662
19,94,0.023210
19,95,0.048187
19,96,0.087555
19,97,0.105946
19,98,0.018052
19,99,0.038539
19,100,0.008134
19,101,0.002645
19,102,0.002247
19,103,0.019500
19,104,0.082922
19,105,0.051898
19,106,0.052885
19,107,0.173709
19,108,0.145787
19,109,0.163011
19,110,0.245588
19,111,0.257564
19,112,0.321090
19,113,0.369939
19,114,0.245772
19,115,0.235198
19,116,0.154182
19,117,0.071646
19,118,0.154169
19,119,0.117871
19,120,0.050985
19,121,0.073902
19,122,0.057908
19,123,0.136897
19,124,0.098969
19,125,0.132255
19,126,0.045906
19,127,0.002829
19,128,0.031122
19,129,0.036038
19,130,0.051284
19,131,0.053538
19,132,0.020223
19,133,0.050343
20,1,0.206863
20,2,0.069019
20,3,0.175245
20,4,0.192624
20,5,0.106858
20,6,0.172085
20,7,0.333366
20,8,0.290827
20,9,0.339640
20,10,0.332258
20,11,0.278675
20,12,0.367356
20,13,0.434192
20,14,0.396147
20,15,0.312005
20,16,0.291692
20,17,0.236279
20,18,0.054784
20,19,0.098215
20,20,0.000000
20,21,0.001919
20,22,0.348371
20,23,0.229466
20,24,0.173682
20,25,0.243375
20,26,0.245928
20,27,0.240106
20,28,0.002709
20,29,0.301025
20,30,0.389904
20,31,0.301241
20,32,0.161381
20,33,0.362787
20,34,0.451112
20,35,0.291808
20,36,0.153296
20,37,0.058628
20,38,0.114893
20,39,0.182989
20,40,0.280585
20,41,0.312080
20,42,0.199791
20,43,0.163928
20,44,0.131693
20,45,0.060040
20,46,0.088429
20,47,0.095318
20,48,0.160714
20,49,0.184495
20,50,0.031800
20,51,0.195849
20,52,0.076230
20,53,0.150283
20,54,0.062321
20,55,0.034769
20,56,0.019108
20,57,0.015222
20,58,0.024568
20,59,0.063342
20,60,0.087241
20,61,0.134526
20,62,0.285323
20,63,0.295898
20,64,0.418854
20,65,0.311656
20,66,0.246316
20,67,0.120173
20,68,0.265555
20,69,0.320150
20,70,0.293515
20,71,0.196206
20,72,0.206997
20,73,0.192422
20,74,0.214884
20,75,0.088442
20,76,0.222835
20,77,0.222750
20,78,0.370048
20,79,0.368155
20,80,0.322126
20,81,0.199577
20,82,0.261263
20,83,0.116389
20,84,0.016281
20,85,0.006635
20,86,0.062427
20,87,0.021271
20,88,0.066010
20,89,0.083394
20,90,0.055012
20,91,0.003969
20,92,0.104524
20,93,0.127350
20,94,0.037274
20,95,0.053258
20,96,0.128212
20,97,0.137111
20,98,0.054972
20,99,0.049247
20,100,0.020337
20,101,0.035818
20,102,0.050883
20,103,0.045162
20,104,0.001466
20,105,0.108084
20,106,0.068254
20,107,0.158088
20,108,0.176597
20,109,0.197934
20,110,0.303021
20,111,0.336052
20,112,0.411823
20,113,0.444886
20,114,0.363020
20,115,0.319796
20,116,0.162077
20,117,0.110125
20,118,0.151839
20,119,0.122634
20,120,0.087388
20,121,0.077105
20,122,0.070723
20,123,0.142890
20,124,0.141232
20,125,0.134979
20,126,0.019789
20,127,0.024374
20,128,0.108572
20,129,0.142856
20,130,0.130092
20,131,0.112290
20,132,0.030996
20,133,0.068555
21,1,0.195616
21,2,0.019900
21,3,0.139547
21,4,0.163359
21,5,0.076800
21,6,0.181711
21,7,0.268725
21,8,0.232516
21,9,0.264495
21,10,0.225409
21,11,0.203361
21,12,0.279323
21,13,0.321055
21,14,0.306808
21,15,0.243369
21,16,0.255107
21,17,0.239025
21,18,0.094327
21,19,0.014141
21,20,0.001919
21,21,0.000000
21,22,0.332421
21,23,0.184326
21,24,0.125375
21,25,0.186756
21,26,0.197570
21,27,0.225279
21,28,0.087437
21,29,0.264154
21,30,0.334947
21,31,0.246556
21,32,0.148115
21,33,0.310189
21,34,0.369025
21,35,0.276556
21,36,0.102151
21,37,0.014268
21,38,0.066573
21,39,0.103795
21,40,0.155564
21,41,0.189512
21,42,0.113978
21,43,0.120402
21,44,0.114753
21,45,0.001957
21,46,0.015606
21,47,0.040496
21,48,0.089174
21,49,0.097707
21,50,0.031583
21,51,0.141415
21,52,0.040536
21,53,0.120301
21,54,0.027314
21,55,0.037251
21,56,0.064893
21,57,0.062016
21,58,0.006515
21,59,0.007203
21,60,0.082744
21,61,0.102844
21,62,0.185390
21,63,0.155339
21,64,0.275721
21,65,0.207803
21,66,0.169521
21,67,0.080315
21,68,0.161998
21,69,0.232060
21,70,0.225525
21,71,0.112330
21,72,0.228298
21,73,0.200930
21,74,0.159866
21,75,0.078075
21,76,0.098696
21,77,0.121699
21,78,0.289978
21,79,0.247103
21,80,0.288250
21,81,0.134208
21,82,0.204495
21,83,0.109275
21,84,0.024964
21,85,0.011553
21,86,0.051960
21,87,0.005157
21,88,0.027295
21,89,0.011252
21,90,0.008187
21,91,0.020710
21,92,0.085691
21,93,0.123204
21,94,0.028238
21,95,0.032332
21,96,0.109387
21,97,0.095328
21,98,0.027710
21,99,0.029413
21,100,0.017748
21,101,0.004022
21,102,0.016323
21,103,0.010653
21,104,0.043354
21,105,0.047665
21,106,0.013885
21,107,0.055346
21,108,0.117583
21,109,0.127218
21,110,0.211876
21,111,0.262111
21,112,0.321274
21,113,0.347081
21,114,0.283054
21,115,0.264142
21,116,0.124806
21,117,0.075087
21,118,0.098227
21,119,0.082500
21,120,0.035577
21,121,0.045536
21,122,0.054742
21,123,0.095113
21,124,0.082200
21,125,0.104908
21,126,0.000222
21,127,0.012475
21,128,0.054474
21,129,0.058966
21,130,0.044597
21,131,0.055757
21,132,0.016521
21,133,0.009391
22,1,0.069786
22,2,0.106371
22,3,0.079637
22,4,0.131340
22,5,0.072134
22,6,0.108777
22,7,0.048776
22,8,0.010006
22,9,0.011069
22,10,0.103567
22,11,0.109308
22,12,0.066600
22,13,0.028997
22,14,0.013887
22,15,0.026191
22,16,0.060858
22,17,0.065785
22,18,0.259129
22,19,0.208896
22,20,0.348371
22,21,0.332421
22,22,0.000000
22,23,0.067216
22,24,0.029298
22,25,0.059110
22,26,0.019799
22,27,0.018265
22,28,0.094523
22,29,0.103146
22,30,0.045781
22,31,0.011233
22,32,0.085962
22,33,0.004208
22,34,0.031640
22,35,0.078823
22,36,0.114721
22,37,0.150516
22,38,0.111017
22,39,0.110817
22,40,0.068135
22,41,0.056078
22,42,0.004154
22,43,0.000768
22,44,0.000463
22,45,0.066972
22,46,0.039342
22,47,0.015146
22,48,0.063171
22,49,0.051890
22,50,0.032706
22,51,0.061648
22,52,0.000810
22,53,0.063849
22,54,0.007913
22,55,0.013057
22,56,0.038275
22,57,0.049576
22,58,0.056246
22,59,0.062315
22,60,0.056305
22,61,0.076635
22,62,0.055267
22,63,0.002882
22,64,0.044152
22,65,0.074101
22,66,0.090604
22,67,0.063236
22,68,0.076928
22,69,0.053919
22,70,0.008248
22,71,0.035509
22,72,0.171110
22,73,0.168861
22,74,0.003545
22,75,0.089940
22,76,0.021814
22,77,0.021576
22,78,0.103788
22,79,0.189295
22,80,0.041710
22,81,0.172590
22,82,0.114667
22,83,0.040805
22,84,0.012121
22,85,0.073189
22,86,0.030561
22,87,0.064765
22,88,0.016483
22,89,0.062606
22,90,0.057004
22,91,0.077080
22,92,0.051890
22,93,0.032017
22,94,0.012145
22,95,0.007043
22,96,0.021844
22,97,0.014693
22,98,0.007358
22,99,0.023299
22,100,0.030071
22,101,0.008487
22,102,0.008820
22,103,0.011468
22,104,0.041340
22,105,0.046193
22,106,0.048163
22,107,0.060000
22,108,0.029826
22,109,0.007915
22,110,0.080668
22,111,0.079738
22,112,0.076298
22,113,0.060511
22,114,0.103138
22,115,0.073495
22,116,0.005440
22,117,0.051090
22,118,0.040093
22,119,0.016452
22,120,0.086064
22,121,0.027050
22,122,0.046696
22,123,0.048913
22,124,0.039279
22,125,0.007765
22,126,0.012613
22,127,0.038554
22,128,0.010726
22,129,0.009994
22,130,0.017815
22,131,0.008508
22,132,0.017353
22,133,0.030111
23,1,0.141928
23,2,0.136640
23,3,0.167412
23,4,0.229070
23,5,0.166501
23,6,0.146290
23,7,0.142395
23,8,0.084536
23,9,0.015559
23,10,0.165670
23,11,0.175557
23,12,0.072293
23,13,0.048168
23,14,0.066245
23,15,0.098517
23,16,0.117393
23,17,0.123183
23,18,0.184671
23,19,0.178358
23,20,0.229466
23,21,0.184326
23,22,0.067216
23,23,0.000000
23,24,0.017594
23,25,0.062964
23,26,0.028335
23,27,0.089498
23,28,0.040405
23,29,0.085669
23,30,0.010879
23,31,0.059097
23,32,0.140815
23,33,0.059015
23,34,0.019234
23,35,0.109080
23,36,0.144065
23,37,0.175510
23,38,0.163709
23,39,0.149318
23,40,0.086201
23,41,0.037521
23,42,0.000590
23,43,0.005667
23,44,0.019671
23,45,0.074603
23,46,0.077097
23,47,0.053356
23,48,0.063073
23,49,0.017091
23,50,0.022524
23,51,0.042155
23,52,0.020810
23,53,0.004464
23,54,0.035644
23,55,0.083754
23,56,0.054822
23,57,0.057128
23,58,0.063307
23,59,0.099511
23,60,0.011395
23,61,0.013777
23,62,0.007932
23,63,0.009692
23,64,0.036184
23,65,0.119110
23,66,0.139864
23,67,0.076425
23,68,0.087208
23,69,0.083921
23,70,0.036733
23,71,0.021039
23,72,0.126809
23,73,0.147687
23,74,0.059651
23,75,0.023890
23,76,0.110063
23,77,0.153748
23,78,0.027134
23,79,0.091346
23,80,0.136091
23,81,0.235622
23,82,0.130091
23,83,0.013063
23,84,0.049883
23,85,0.060666
23,86,0.045997
23,87,0.081511
23,88,0.068108
23,89,0.094545
23,90,0.135417
23,91,0.095020
23,92,0.079307
23,93,0.031465
23,94,0.043373
23,95,0.024721
23,96,0.008947
23,97,0.002806
23,98,0.036097
23,99,0.044584
23,100,0.044772
23,101,0.018917
23,102,0.012978
23,103,0.034133
23,104,0.025008
23,105,0.077336
23,106,0.011148
23,107,0.007862
23,108,0.032965
23,109,0.041294
23,110,0.127998
23,111,0.144981
23,112,0.145432
23,113,0.123654
23,114,0.181865
23,115,0.094657
23,116,0.032452
23,117,0.015997
23,118,0.006254
23,119,0.001901
23,120,0.097751
23,121,0.005756
23,122,0.018091
23,123,0.033855
23,124,0.047760
23,125,0.008972
23,126,0.066670
23,127,0.017519
23,128,0.051484
23,129,0.017687
23,130,0.003279
23,131,0.066447
23,132,0.046931
23,133,0.064200
24,1,0.133780
24,2,0.142165
24,3,0.119641
24,4,0.153713
24,5,0.150770
24,6,0.132974
24,7,0.090403
24,8,0.076966
24,9,0.015947
24,10,0.077971
24,11,0.088946
24,12,0.093246
24,13,0.007680
24,14,0.047231
24,15,0.067660
24,16,0.094951
24,17,0.084835
24,18,0.144080
24,19,0.185516
24,20,0.173682
24,21,0.125375
24,22,0.029298
24,23,0.017594
24,24,0.000000
24,25,0.024268
24,26,0.006987
24,27,0.033888
24,28,0.024500
24,29,0.094508
24,30,0.046850
24,31,0.024634
24,32,0.102556
24,33,0.032223
24,34,0.045806
24,35,0.058607
24,36,0.106169
24,37,0.169448
24,38,0.140223
24,39,0.112288
24,40,0.047630
24,41,0.016265
24,42,0.033859
24,43,0.020436
24,44,0.026209
24,45,0.038249
24,46,0.087021
24,47,0.064520
24,48,0.014452
24,49,0.042954
24,50,0.035045
24,51,0.005685
24,52,0.009936
24,53,0.032328
24,54,0.033226
24,55,0.052486
24,56,0.052955
24,57,0.020869
24,58,0.014067
24,59,0.063586
24,60,0.018842
24,61,0.004955
24,62,0.038570
24,63,0.016526
24,64,0.003567
24,65,0.066336
24,66,0.103494
24,67,0.058668
24,68,0.035697
24,69,0.050077
24,70,0.002641
24,71,0.018085
24,72,0.072550
24,73,0.138633
24,74,0.024316
24,75,0.010012
24,76,0.150940
24,77,0.193762
24,78,0.039067
24,79,0.085919
24,80,0.181362
24,81,0.150546
24,82,0.083331
24,83,0.042001
24,84,0.007904
24,85,0.018219
24,86,0.059898
24,87,0.095641
24,88,0.043463
24,89,0.082653
24,90,0.111223
24,91,0.051768
24,92,0.033045
24,93,0.042705
24,94,0.011410
24,95,0.002309
24,96,0.017942
24,97,0.019850
24,98,0.018681
24,99,0.000237
24,100,0.059149
24,101,0.016483
24,102,0.039037
24,103,0.023660
24,104,0.010069
24,105,0.073252
24,106,0.015440
24,107,0.057649
24,108,0.045216
24,109,0.001950
24,110,0.059432
24,111,0.098430
24,112,0.091430
24,113,0.086672
24,114,0.123220
24,115,0.052863
24,116,0.011224
24,117,0.027940
24,118,0.003769
24,119,0.017666
24,120,0.089735
24,121,0.006878
24,122,0.012949
24,123,0.000121
24,124,0.015791
24,125,0.011301
24,126,0.051262
24,127,0.023840
24,128,0.002863
24,129,0.024406
24,130,0.033608
24,131,0.079891
24,132,0.076492
24,133,0.063801
25,1,0.177169
25,2,0.168005
25,3,0.182465
25,4,0.239740
25,5,0.215185
25,6,0.214523
25,7,0.180028
25,8,0.141366
25,9,0.050841
25,10,0.144101
25,11,0.157390
25,12,0.068370
25,13,0.088518
25,14,0.115390
25,15,0.142034
25,16,0.163240
25,17,0.163787
25,18,0.180052
25,19,0.211047
25,20,0.243375
25,21,0.186756
25,22,0.059110
25,23,0.062964
25,24,0.024268
25,25,0.000000
25,26,0.003132
25,27,0.097523
25,28,0.005303
25,29,0.035092
25,30,0.047723
25,31,0.132992
25,32,0.232357
25,33,0.118506
25,34,0.017532
25,35,0.149804
25,36,0.198642
25,37,0.250753
25,38,0.165661
25,39,0.133094
25,40,0.078556
25,41,0.023618
25,42,0.048821
25,43,0.024475
25,44,0.065128
25,45,0.086761
25,46,0.093918
25,47,0.085162
25,48,0.005979
25,49,0.009381
25,50,0.021495
25,51,0.042458
25,52,0.007980
25,53,0.007222
25,54,0.035767
25,55,0.051946
25,56,0.046486
25,57,0.072967
25,58,0.065072
25,59,0.106777
25,60,0.025100
25,61,0.031506
25,62,0.004923
25,63,0.000071
25,64,0.064385
25,65,0.126234
25,66,0.146926
25,67,0.098306
25,68,0.080738
25,69,0.094375
25,70,0.028653
25,71,0.008965
25,72,0.135151
25,73,0.196208
25,74,0.050552
25,75,0.032671
25,76,0.157102
25,77,0.228143
25,78,0.042785
25,79,0.083528
25,80,0.193053
25,81,0.271651
25,82,0.148854
25,83,0.021240
25,84,0.067030
25,85,0.069331
25,86,0.007014
25,87,0.079766
25,88,0.025786
25,89,0.151469
25,90,0.172149
25,91,0.095688
25,92,0.055541
25,93,0.020618
25,94,0.005419
25,95,0.016921
25,96,0.042920
25,97,0.031420
25,98,0.004829
25,99,0.008341
25,100,0.089536
25,101,0.038913
25,102,0.008910
25,103,0.007545
25,104,0.040595
25,105,0.057052
25,106,0.023525
25,107,0.009733
25,108,0.022943
25,109,0.062485
25,110,0.150468
25,111,0.179123
25,112,0.184417
25,113,0.187430
25,114,0.210000
25,115,0.087498
25,116,0.018610
25,117,0.029854
25,118,0.018055
25,119,0.047770
25,120,0.067928
25,121,0.009501
25,122,0.020775
25,123,0.043829
25,124,0.024648
25,125,0.019708
25,126,0.051138
25,127,0.027504
25,128,0.034115
25,129,0.014129
25,130,0.012744
25,131,0.065676
25,132,0.064018
25,133,0.054510
26,1,0.185696
26,2,0.164120
26,3,0.161776
26,4,0.209143
26,5,0.194985
26,6,0.225035
26,7,0.176290
26,8,0.139539
26,9,0.054570
26,10,0.107279
26,11,0.112593
26,12,0.062157
26,13,0.097657
26,14,0.102850
26,15,0.143996
26,16,0.182784
26,17,0.181593
26,18,0.209633
26,19,0.237790
26,20,0.245928
26,21,0.197570
26,22,0.019799
26,23,0.028335
26,24,0.006987
26,25,0.003132
26,26,0.000000
26,27,0.094482
26,28,0.021668
26,29,0.058985
26,30,0.040239
26,31,0.135286
26,32,0.234518
26,33,0.116264
26,34,0.020138
26,35,0.157796
26,36,0.203391
26,37,0.226812
26,38,0.140363
26,39,0.112483
26,40,0.047693
26,41,0.014585
26,42,0.087723
26,43,0.046993
26,44,0.091739
26,45,0.072562
26,46,0.114251
26,47,0.092343
26,48,0.011264
26,49,0.015056
26,50,0.005111
26,51,0.043970
26,52,0.015903
26,53,0.009255
26,54,0.067925
26,55,0.063285
26,56,0.106672
26,57,0.086992
26,58,0.072956
26,59,0.130101
26,60,0.012387
26,61,0.032371
26,62,0.008738
26,63,0.036912
26,64,0.030795
26,65,0.093664
26,66,0.108908
26,67,0.073318
26,68,0.055345
26,69,0.054434
26,70,0.051304
26,71,0.044938
26,72,0.092099
26,73,0.180212
26,74,0.008170
26,75,0.075389
26,76,0.228069
26,77,0.301179
26,78,0.073946
26,79,0.109562
26,80,0.176548
26,81,0.260881
26,82,0.138468
26,83,0.036324
26,84,0.063242
26,85,0.102701
26,86,0.001013
26,87,0.067937
26,88,0.008526
26,89,0.147871
26,90,0.167466
26,91,0.123467
26,92,0.109402
26,93,0.071275
26,94,0.025206
26,95,0.017445
26,96,0.033747
26,97,0.036290
26,98,0.013920
26,99,0.001944
26,100,0.090952
26,101,0.044189
26,102,0.008420
26,103,0.003494
26,104,0.012104
26,105,0.098025
26,106,0.035521
26,107,0.028469
26,108,0.051593
26,109,0.096051
26,110,0.151369
26,111,0.174108
26,112,0.171150
26,113,0.174535
26,114,0.172350
26,115,0.082826
26,116,0.037469
26,117,0.007331
26,118,0.034036
26,119,0.014706
26,120,0.063283
26,121,0.035376
26,122,0.016373
26,123,0.004577
26,124,0.013180
26,125,0.021180
26,126,0.007278
26,127,0.020168
26,128,0.002562
26,129,0.000222
26,130,0.023781
26,131,0.022448
26,132,0.023149
26,133,0.009482
27,1,0.191055
27,2,0.110602
27,3,0.197111
27,4,0.240449
27,5,0.240003
27,6,0.275421
27,7,0.245976
27,8,0.191550
27,9,0.118159
27,10,0.100734
27,11,0.107191
27,12,0.012924
27,13,0.202625
27,14,0.198069
27,15,0.233352
27,16,0.245842
27,17,0.223672
27,18,0.203770
27,19,0.168272
27,20,0.240106
27,21,0.225279
27,22,0.018265
27,23,0.089498
27,24,0.033888
27,25,0.097523
27,26,0.094482
27,27,0.000000
27,28,0.013952
27,29,0.016229
27,30,0.129947
27,31,0.230790
27,32,0.306368
27,33,0.213292
27,34,0.124529
27,35,0.201363
27,36,0.250437
27,37,0.251303
27,38,0.163101
27,39,0.171523
27,40,0.120525
27,41,0.031379
27,42,0.026653
27,43,0.009097
27,44,0.085601
27,45,0.043426
27,46,0.070917
27,47,0.048996
27,48,0.036859
27,49,0.052290
27,50,0.030936
27,51,0.066433
27,52,0.011586
27,53,0.002332
27,54,0.045003
27,55,0.072031
27,56,0.127490
27,57,0.098035
27,58,0.059365
27,59,0.127599
27,60,0.052293
27,61,0.084830
27,62,0.073265
27,63,0.052510
27,64,0.109650
27,65,0.134686
27,66,0.153487
27,67,0.118838
27,68,0.122582
27,69,0.119597
27,70,0.147120
27,71,0.154389
27,72,0.026055
27,73,0.162810
27,74,0.050540
27,75,0.093095
27,76,0.193687
27,77,0.281216
27,78,0.064750
27,79,0.074638
27,80,0.089962
27,81,0.328287
27,82,0.189641
27,83,0.043403
27,84,0.058002
27,85,0.127963
27,86,0.023176
27,87,0.103011
27,88,0.033829
27,89,0.121660
27,90,0.137897
27,91,0.159289
27,92,0.108890
27,93,0.049781
27,94,0.000204
27,95,0.021352
27,96,0.076536
27,97,0.092819
27,98,0.009058
27,99,0.031453
27,100,0.110910
27,101,0.074028
27,102,0.028589
27,103,0.004888
27,104,0.008189
27,105,0.049090
27,106,0.019111
27,107,0.006245
27,108,0.028120
27,109,0.152135
27,110,0.236266
27,111,0.236329
27,112,0.252037
27,113,0.257953
27,114,0.227102
27,115,0.122789
27,116,0.067058
27,117,0.027935
27,118,0.096991
27,119,0.029107
27,120,0.031900
27,121,0.026895
27,122,0.000144
27,123,0.053866
27,124,0.039662
27,125,0.056955
27,126,0.008530
27,127,0.017729
27,128,0.021072
27,129,0.047580
27,130,0.050669
27,131,0.005182
27,132,0.018380
27,133,0.001640
28,1,0.044187
28,2,0.019450
28,3,0.065680
28,4,0.105818
28,5,0.017581
28,6,0.013318
28,7,0.051769
28,8,0.003304
28,9,0.013031
28,10,0.038727
28,11,0.086502
28,12,0.014493
28,13,0.053686
28,14,0.019518
28,15,0.015816
28,16,0.018017
28,17,0.012380
28,18,0.024755
28,19,0.042137
28,20,0.002709
28,21,0.087437
28,22,0.094523
28,23,0.040405
28,24,0.024500
28,25,0.005303
28,26,0.021668
28,27,0.013952
28,28,0.000000
28,29,0.053088
28,30,0.017933
28,31,0.037832
28,32,0.017680
28,33,0.012016
28,34,0.016880
28,35,0.027162
28,36,0.030365
28,37,0.051515
28,38,0.044428
28,39,0.039978
28,40,0.066581
28,41,0.099049
28,42,0.064522
28,43,0.056127
28,44,0.108155
28,45,0.008239
28,46,0.053463
28,47,0.016309
28,48,0.014628
28,49,0.026078
28,50,0.032635
28,51,0.018461
28,52,0.012150
28,53,0.000405
28,54,0.001110
28,55,0.002307
28,56,0.022979
28,57,0.012354
28,58,0.001781
28,59,0.051124
28,60,0.029050
28,61,0.019624
28,62,0.037734
28,63,0.015498
28,64,0.042932
28,65,0.048979
28,66,0.011460
28,67,0.003493
28,68,0.007429
28,69,0.026108
28,70,0.037375
28,71,0.106578
28,72,0.146087
28,73,0.035194
28,74,0.095784
28,75,0.089034
28,76,0.053778
28,77,0.084032
28,78,0.090578
28,79,0.066788
28,80,0.000406
28,81,0.118696
28,82,0.067567
28,83,0.008232
28,84,0.006879
28,85,0.073934
28,86,0.022980
28,87,0.045441
28,88,0.016860
28,89,0.027746
28,90,0.025173
28,91,0.049271
28,92,0.089113
28,93,0.064067
28,94,0.032356
28,95,0.060551
28,96,0.046805
28,97,0.046544
28,98,0.045364
28,99,0.062202
28,100,0.086667
28,101,0.055664
28,102,0.011757
28,103,0.018694
28,104,0.024796
28,105,0.002506
28,106,0.045656
28,107,0.025770
28,108,0.069850
28,109,0.091813
28,110,0.091510
28,111,0.052740
28,112,0.042771
28,113,0.042192
28,114,0.019489
28,115,0.009408
28,116,0.017066
28,117,0.032499
28,118,0.066163
28,119,0.040672
28,120,0.018577
28,121,0.015767
28,122,0.039007
28,123,0.005200
28,124,0.050114
28,125,0.010199
28,126,0.052165
28,127,0.025493
28,128,0.057880
28,129,0.045636
28,130,0.028152
28,131,0.015392
28,132,0.037480
28,133,0.054826
29,1,0.042382
29,2,0.059661
29,3,0.010766
29,4,0.003576
29,5,0.049476
29,6,0.041690
29,7,0.057391
29,8,0.047636
29,9,0.104778
29,10,0.086184
29,11,0.059430
29,12,0.130298
29,13,0.064704
29,14,0.106480
29,15,0.069361
29,16,0.001576
29,17,0.015559
29,18,0.175631
29,19,0.183238
29,20,0.301025
29,21,0.264154
29,22,0.103146
29,23,0.085669
29,24,0.094508
29,25,0.035092
29,26,0.058985
29,27,0.016229
29,28,0.053088
29,29,0.000000
29,30,0.006752
29,31,0.063094
29,32,0.057613
29,33,0.069575
29,34,0.054270
29,35,0.044179
29,36,0.041838
29,37,0.148217
29,38,0.049367
29,39,0.012936
29,40,0.048220
29,41,0.099215
29,42,0.100157
29,43,0.067247
29,44,0.092745
29,45,0.107340
29,46,0.090301
29,47,0.069408
29,48,0.075084
29,49,0.045046
29,50,0.000716
29,51,0.040240
29,52,0.074359
29,53,0.037285
29,54,0.066555
29,55,0.049977
29,56,0.070797
29,57,0.017310
29,58,0.040750
29,59,0.085791
29,60,0.022383
29,61,0.081895
29,62,0.028550
29,63,0.067468
29,64,0.106491
29,65,0.029066
29,66,0.021169
29,67,0.002760
29,68,0.021834
29,69,0.029265
29,70,0.043684
29,71,0.021387
29,72,0.009339
29,73,0.079489
29,74,0.057607
29,75,0.065140
29,76,0.003420
29,77,0.037330
29,78,0.163463
29,79,0.207878
29,80,0.032294
29,81,0.181645
29,82,0.088584
29,83,0.013069
29,84,0.008392
29,85,0.059675
29,86,0.072898
29,87,0.119639
29,88,0.023597
29,89,0.044736
29,90,0.037790
29,91,0.128218
29,92,0.081440
29,93,0.033100
29,94,0.065548
29,95,0.040719
29,96,0.032335
29,97,0.048768
29,98,0.070277
29,99,0.029733
29,100,0.064790
29,101,0.066220
29,102,0.014917
29,103,0.034021
29,104,0.069226
29,105,0.013374
29,106,0.052067
29,107,0.069372
29,108,0.082283
29,109,0.128104
29,110,0.115418
29,111,0.111658
29,112,0.075539
29,113,0.063067
29,114,0.089909
29,115,0.048840
29,116,0.019202
29,117,0.020278
29,118,0.017376
29,119,0.020366
29,120,0.047704
29,121,0.072603
29,122,0.029736
29,123,0.007570
29,124,0.036948
29,125,0.012873
29,126,0.049170
29,127,0.076212
29,128,0.031308
29,129,0.018828
29,130,0.024430
29,131,0.013070
29,132,0.064270
29,133,0.010722
30,1,0.046567
30,2,0.095655
30,3,0.110909
30,4,0.104050
30,5,0.159291
30,6,0.154573
30,7,0.081208
30,8,0.070569
30,9,0.042608
30,10,0.000023
30,11,0.044065
30,12,0.099191
30,13,0.036315
30,14,0.001406
30,15,0.057735
30,16,0.142964
30,17,0.166913
30,18,0.214957
30,19,0.268478
30,20,0.389904
30,21,0.334947
30,22,0.045781
30,23,0.010879
30,24,0.046850
30,25,0.047723
30,26,0.040239
30,27,0.129947
30,28,0.017933
30,29,0.006752
30,30,0.000000
30,31,0.063428
30,32,0.151624
30,33,0.054386
30,34,0.046115
30,35,0.086290
30,36,0.144603
30,37,0.218925
30,38,0.098933
30,39,0.073316
30,40,0.005108
30,41,0.079484
30,42,0.125726
30,43,0.071860
30,44,0.095027
30,45,0.109609
30,46,0.088943
30,47,0.061529
30,48,0.053242
30,49,0.025056
30,50,0.002781
30,51,0.010918
30,52,0.043143
30,53,0.036241
30,54,0.080076
30,55,0.082897
30,56,0.109100
30,57,0.057339
30,58,0.052088
30,59,0.121292
30,60,0.029331
30,61,0.110586
30,62,0.010993
30,63,0.042805
30,64,0.061333
30,65,0.049405
30,66,0.092801
30,67,0.035547
30,68,0.057929
30,69,0.074455
30,70,0.055656
30,71,0.025226
30,72,0.069805
30,73,0.148935
30,74,0.025511
30,75,0.040099
30,76,0.026831
30,77,0.110779
30,78,0.165886
30,79,0.213185
30,80,0.036545
30,81,0.297154
30,82,0.170446
30,83,0.022894
30,84,0.008403
30,85,0.081660
30,86,0.059847
30,87,0.150100
30,88,0.021737
30,89,0.107702
30,90,0.111137
30,91,0.157086
30,92,0.093403
30,93,0.030036
30,94,0.053659
30,95,0.031720
30,96,0.058712
30,97,0.080052
30,98,0.084111
30,99,0.058066
30,100,0.121799
30,101,0.095293
30,102,0.006772
30,103,0.041543
30,104,0.082715
30,105,0.001482
30,106,0.025837
30,107,0.043209
30,108,0.041429
30,109,0.180478
30,110,0.199867
30,111,0.191792
30,112,0.180030
30,113,0.154891
30,114,0.193358
30,115,0.139032
30,116,0.034551
30,117,0.048875
30,118,0.039332
30,119,0.036581
30,120,0.040384
30,121,0.062858
30,122,0.015219
30,123,0.013211
30,124,0.005035
30,125,0.001257
30,126,0.004710
30,127,0.042355
30,128,0.002535
30,129,0.039195
30,130,0.037105
30,131,0.015607
30,132,0.064525
30,133,0.006822
31,1,0.165598
31,2,0.114726
31,3,0.191895
31,4,0.200610
31,5,0.240106
31,6,0.290902
31,7,0.215934
31,8,0.189287
31,9,0.040627
31,10,0.056262
31,11,0.104419
31,12,0.012546
31,13,0.185858
31,14,0.169268
31,15,0.198177
31,16,0.266280
31,17,0.284522
31,18,0.186622
31,19,0.237458
31,20,0.301241
31,21,0.246556
31,22,0.011233
31,23,0.059097
31,24,0.024634
31,25,0.132992
31,26,0.135286
31,27,0.230790
31,28,0.037832
31,29,0.063094
31,30,0.063428
31,31,0.000000
31,32,0.201631
31,33,0.219308
31,34,0.183496
31,35,0.190535
31,36,0.197203
31,37,0.233054
31,38,0.174863
31,39,0.163999
31,40,0.112918
31,41,0.026249
31,42,0.082764
31,43,0.031468
31,44,0.052014
31,45,0.065215
31,46,0.072230
31,47,0.049402
31,48,0.011374
31,49,0.019567
31,50,0.003762
31,51,0.040235
31,52,0.011813
31,53,0.028914
31,54,0.052925
31,55,0.065430
31,56,0.118762
31,57,0.077599
31,58,0.025583
31,59,0.089635
31,60,0.078012
31,61,0.144143
31,62,0.089313
31,63,0.042459
31,64,0.079081
31,65,0.155418
31,66,0.190813
31,67,0.081157
31,68,0.141627
31,69,0.189175
31,70,0.156925
31,71,0.104848
31,72,0.095178
31,73,0.199445
31,74,0.023959
31,75,0.021194
31,76,0.099535
31,77,0.182405
31,78,0.083886
31,79,0.128011
31,80,0.009593
31,81,0.348431
31,82,0.253663
31,83,0.086698
31,84,0.021360
31,85,0.072852
31,86,0.057969
31,87,0.130468
31,88,0.025643
31,89,0.119085
31,90,0.116414
31,91,0.136745
31,92,0.062937
31,93,0.004187
31,94,0.046372
31,95,0.011917
31,96,0.049351
31,97,0.089246
31,98,0.056424
31,99,0.025300
31,100,0.091121
31,101,0.090429
31,102,0.000247
31,103,0.015190
31,104,0.055630
31,105,0.002895
31,106,0.001071
31,107,0.014806
31,108,0.006534
31,109,0.222170
31,110,0.285431
31,111,0.290229
31,112,0.308354
31,113,0.281251
31,114,0.295395
31,115,0.187529
31,116,0.084420
31,117,0.036469
31,118,0.058409
31,119,0.063371
31,120,0.037761
31,121,0.033331
31,122,0.003433
31,123,0.014222
31,124,0.019649
31,125,0.012490
31,126,0.010841
31,127,0.027933
31,128,0.030876
31,129,0.055234
31,130,0.083982
31,131,0.046615
31,132,0.079940
31,133,0.006850
32,1,0.206256
32,2,0.137630
32,3,0.242741
32,4,0.266444
32,5,0.207967
32,6,0.199930
32,7,0.278454
32,8,0.252571
32,9,0.112591
32,10,0.133782
32,11,0.160231
32,12,0.074090
32,13,0.274872
32,14,0.273672
32,15,0.207627
32,16,0.145063
32,17,0.131982
32,18,0.123132
32,19,0.098738
32,20,0.161381
32,21,0.148115
32,22,0.085962
32,23,0.140815
32,24,0.102556
32,25,0.232357
32,26,0.234518
32,27,0.306368
32,28,0.017680
32,29,0.057613
32,30,0.151624
32,31,0.201631
32,32,0.000000
32,33,0.230163
32,34,0.267052
32,35,0.231343
32,36,0.238142
32,37,0.299929
32,38,0.195157
32,39,0.194624
32,40,0.163286
32,41,0.062810
32,42,0.097283
32,43,0.071394
32,44,0.125555
32,45,0.009018
32,46,0.056291
32,47,0.055241
32,48,0.068190
32,49,0.061485
32,50,0.006374
32,51,0.108385
32,52,0.003088
32,53,0.011279
32,54,0.073325
32,55,0.114620
32,56,0.171401
32,57,0.104440
32,58,0.055148
32,59,0.096057
32,60,0.023978
32,61,0.119216
32,62,0.087750
32,63,0.062821
32,64,0.169141
32,65,0.260427
32,66,0.252574
32,67,0.110561
32,68,0.239184
32,69,0.284750
32,70,0.255326
32,71,0.161211
32,72,0.034247
32,73,0.126443
32,74,0.098855
32,75,0.121818
32,76,0.113080
32,77,0.209125
32,78,0.059334
32,79,0.048196
32,80,0.061189
32,81,0.466970
32,82,0.335904
32,83,0.103880
32,84,0.016350
32,85,0.041040
32,86,0.055078
32,87,0.163723
32,88,0.097877
32,89,0.084659
32,90,0.166229
32,91,0.170013
32,92,0.112612
32,93,0.045735
32,94,0.004116
32,95,0.017615
32,96,0.091537
32,97,0.100641
32,98,0.049434
32,99,0.043824
32,100,0.145654
32,101,0.129505
32,102,0.010113
32,103,0.009343
32,104,0.051337
32,105,0.017378
32,106,0.056467
32,107,0.124192
32,108,0.060670
32,109,0.300801
32,110,0.380319
32,111,0.372869
32,112,0.395526
32,113,0.393861
32,114,0.386914
32,115,0.218148
32,116,0.123010
32,117,0.067610
32,118,0.132767
32,119,0.081765
32,120,0.038490
32,121,0.041849
32,122,0.022401
32,123,0.074083
32,124,0.028196
32,125,0.071224
32,126,0.020034
32,127,0.009743
32,128,0.046553
32,129,0.090389
32,130,0.080392
32,131,0.053005
32,132,0.046239
32,133,0.000029
33,1,0.165584
33,2,0.168600
33,3,0.147170
33,4,0.172764
33,5,0.231622
33,6,0.188503
33,7,0.146789
33,8,0.143070
33,9,0.026243
33,10,0.071812
33,11,0.116160
33,12,0.084665
33,13,0.091398
33,14,0.051493
33,15,0.077990
33,16,0.165305
33,17,0.220638
33,18,0.207877
33,19,0.294929
33,20,0.362787
33,21,0.310189
33,22,0.004208
33,23,0.059015
33,24,0.032223
33,25,0.118506
33,26,0.116264
33,27,0.213292
33,28,0.012016
33,29,0.069575
33,30,0.054386
33,31,0.219308
33,32,0.230163
33,33,0.000000
33,34,0.035920
33,35,0.141251
33,36,0.214042
33,37,0.275669
33,38,0.138710
33,39,0.123978
33,40,0.053064
33,41,0.034007
33,42,0.091570
33,43,0.056449
33,44,0.072655
33,45,0.078053
33,46,0.090727
33,47,0.056083
33,48,0.005875
33,49,0.003362
33,50,0.003238
33,51,0.018765
33,52,0.035812
33,53,0.018795
33,54,0.097296
33,55,0.101755
33,56,0.145124
33,57,0.080358
33,58,0.062843
33,59,0.103304
33,60,0.030097
33,61,0.117823
33,62,0.049886
33,63,0.029351
33,64,0.011491
33,65,0.109008
33,66,0.132768
33,67,0.065564
33,68,0.107601
33,69,0.129404
33,70,0.102775
33,71,0.064025
33,72,0.085327
33,73,0.210866
33,74,0.025352
33,75,0.083878
33,76,0.074064
33,77,0.176061
33,78,0.154600
33,79,0.209245
33,80,0.025533
33,81,0.419686
33,82,0.269391
33,83,0.099975
33,84,0.049455
33,85,0.043635
33,86,0.055197
33,87,0.152583
33,88,0.040769
33,89,0.115754
33,90,0.151607
33,91,0.160433
33,92,0.104415
33,93,0.031088
33,94,0.035340
33,95,0.033084
33,96,0.071894
33,97,0.093242
33,98,0.078172
33,99,0.035483
33,100,0.129246
33,101,0.078304
33,102,0.022582
33,103,0.028517
33,104,0.077332
33,105,0.000159
33,106,0.014245
33,107,0.010668
33,108,0.054849
33,109,0.259704
33,110,0.314455
33,111,0.326721
33,112,0.293918
33,113,0.287780
33,114,0.299819
33,115,0.182378
33,116,0.083883
33,117,0.070816
33,118,0.079701
33,119,0.057960
33,120,0.025206
33,121,0.043989
33,122,0.026859
33,123,0.026055
33,124,0.026857
33,125,0.011948
33,126,0.022920
33,127,0.015873
33,128,0.011333
33,129,0.040448
33,130,0.051485
33,131,0.013859
33,132,0.057418
33,133,0.009529
34,1,0.148957
34,2,0.204371
34,3,0.122765
34,4,0.157035
34,5,0.202868
34,6,0.166704
34,7,0.072196
34,8,0.059207
34,9,0.007992
34,10,0.044641
34,11,0.016426
34,12,0.150678
34,13,0.039313
34,14,0.056019
34,15,0.044823
34,16,0.139061
34,17,0.212022
34,18,0.297749
34,19,0.378372
34,20,0.451112
34,21,0.369025
34,22,0.031640
34,23,0.019234
34,24,0.045806
34,25,0.017532
34,26,0.020138
34,27,0.124529
34,28,0.016880
34,29,0.054270
34,30,0.046115
34,31,0.183496
34,32,0.267052
34,33,0.035920
34,34,0.000000
34,35,0.004557
34,36,0.070356
34,37,0.195747
34,38,0.088783
34,39,0.050632
34,40,0.031035
34,41,0.085210
34,42,0.102974
34,43,0.065582
34,44,0.041691
34,45,0.155573
34,46,0.107638
34,47,0.092102
34,48,0.068199
34,49,0.037905
34,50,0.025891
34,51,0.029295
34,52,0.030828
34,53,0.006958
34,54,0.061474
34,55,0.060130
34,56,0.103379
34,57,0.055592
34,58,0.020993
34,59,0.067249
34,60,0.090816
34,61,0.118386
34,62,0.010653
34,63,0.069376
34,64,0.073368
34,65,0.019816
34,66,0.060280
34,67,0.040748
34,68,0.029303
34,69,0.043136
34,70,0.009430
34,71,0.016114
34,72,0.145772
34,73,0.216399
34,74,0.073958
34,75,0.029476
34,76,0.066578
34,77,0.135028
34,78,0.210647
34,79,0.267083
34,80,0.029443
34,81,0.328058
34,82,0.181895
34,83,0.074105
34,84,0.042454
34,85,0.031337
34,86,0.040862
34,87,0.114729
34,88,0.011324
34,89,0.168122
34,90,0.162727
34,91,0.138090
34,92,0.037485
34,93,0.037084
34,94,0.084648
34,95,0.088225
34,96,0.090621
34,97,0.098220
34,98,0.097713
34,99,0.049714
34,100,0.085968
34,101,0.023095
34,102,0.077356
34,103,0.027366
34,104,0.007347
34,105,0.059127
34,106,0.041328
34,107,0.066756
34,108,0.178707
34,109,0.147975
34,110,0.177789
34,111,0.193281
34,112,0.161772
34,113,0.169375
34,114,0.185153
34,115,0.102631
34,116,0.010325
34,117,0.011132
34,118,0.019482
34,119,0.013480
34,120,0.067409
34,121,0.090711
34,122,0.045345
34,123,0.006229
34,124,0.009430
34,125,0.012930
34,126,0.006845
34,127,0.050937
34,128,0.003917
34,129,0.034100
34,130,0.042822
34,131,0.018080
34,132,0.034208
34,133,0.023216
35,1,0.123418
35,2,0.162364
35,3,0.241391
35,4,0.253120
35,5,0.265035
35,6,0.241617
35,7,0.231734
35,8,0.186653
35,9,0.005026
35,10,0.093450
35,11,0.113708
35,12,0.064501
35,13,0.068140
35,14,0.103321
35,15,0.199333
35,16,0.239024
35,17,0.260416
35,18,0.239871
35,19,0.261234
35,20,0.291808
35,21,0.276556
35,22,0.078823
35,23,0.109080
35,24,0.058607
35,25,0.149804
35,26,0.157796
35,27,0.201363
35,28,0.027162
35,29,0.044179
35,30,0.086290
35,31,0.190535
35,32,0.231343
35,33,0.141251
35,34,0.004557
35,35,0.000000
35,36,0.103713
35,37,0.206343
35,38,0.141643
35,39,0.147689
35,40,0.062878
35,41,0.018924
35,42,0.026960
35,43,0.035307
35,44,0.000870
35,45,0.036820
35,46,0.086374
35,47,0.042115
35,48,0.002224
35,49,0.017067
35,50,0.028739
35,51,0.045446
35,52,0.007528
35,53,0.033074
35,54,0.001134
35,55,0.020768
35,56,0.025373
35,57,0.009119
35,58,0.001956
35,59,0.069239
35,60,0.041100
35,61,0.083646
35,62,0.001858
35,63,0.016104
35,64,0.014095
35,65,0.099750
35,66,0.141653
35,67,0.069880
35,68,0.075363
35,69,0.124566
35,70,0.099134
35,71,0.098216
35,72,0.054811
35,73,0.078880
35,74,0.078735
35,75,0.004971
35,76,0.064775
35,77,0.099210
35,78,0.147681
35,79,0.209071
35,80,0.036772
35,81,0.314835
35,82,0.145677
35,83,0.036611
35,84,0.011059
35,85,0.016461
35,86,0.063540
35,87,0.110131
35,88,0.041634
35,89,0.067843
35,90,0.085292
35,91,0.072018
35,92,0.044722
35,93,0.004207
35,94,0.006029
35,95,0.007270
35,96,0.041769
35,97,0.064124
35,98,0.060623
35,99,0.026912
35,100,0.109550
35,101,0.083237
35,102,0.021068
35,103,0.055451
35,104,0.082731
35,105,0.026501
35,106,0.067337
35,107,0.022215
35,108,0.015747
35,109,0.120998
35,110,0.141482
35,111,0.137140
35,112,0.139314
35,113,0.127850
35,114,0.185914
35,115,0.078129
35,116,0.014605
35,117,0.008495
35,118,0.031288
35,119,0.055168
35,120,0.016073
35,121,0.027940
35,122,0.039026
35,123,0.065443
35,124,0.053303
35,125,0.065464
35,126,0.086425
35,127,0.040936
35,128,0.101145
35,129,0.106303
35,130,0.058881
35,131,0.002629
35,132,0.001687
35,133,0.002317
36,1,0.171192
36,2,0.180258
36,3,0.292653
36,4,0.323807
36,5,0.277872
36,6,0.252311
36,7,0.313893
36,8,0.244147
36,9,0.026002
36,10,0.141229
36,11,0.177667
36,12,0.020554
36,13,0.136495
36,14,0.194643
36,15,0.262106
36,16,0.255090
36,17,0.264782
36,18,0.111610
36,19,0.160782
36,20,0.153296
36,21,0.102151
36,22,0.114721
36,23,0.144065
36,24,0.106169
36,25,0.198642
36,26,0.203391
36,27,0.250437
36,28,0.030365
36,29,0.041838
36,30,0.144603
36,31,0.197203
36,32,0.238142
36,33,0.214042
36,34,0.070356
36,35,0.103713
36,36,0.000000
36,37,0.147190
36,38,0.166663
36,39,0.152606
36,40,0.096976
36,41,0.027759
36,42,0.039107
36,43,0.003314
36,44,0.045913
36,45,0.036299
36,46,0.074747
36,47,0.041200
36,48,0.026841
36,49,0.009812
36,50,0.013825
36,51,0.084706
36,52,0.021507
36,53,0.012664
36,54,0.008211
36,55,0.027549
36,56,0.020938
36,57,0.014990
36,58,0.012900
36,59,0.070514
36,60,0.067869
36,61,0.113590
36,62,0.029538
36,63,0.056794
36,64,0.059834
36,65,0.157437
36,66,0.190827
36,67,0.105148
36,68,0.135876
36,69,0.195747
36,70,0.162058
36,71,0.131164
36,72,0.026861
36,73,0.038752
36,74,0.011372
36,75,0.041330
36,76,0.091724
36,77,0.146603
36,78,0.102806
36,79,0.128457
36,80,0.028828
36,81,0.363159
36,82,0.208457
36,83,0.048743
36,84,0.001643
36,85,0.014307
36,86,0.051847
36,87,0.102452
36,88,0.084411
36,89,0.083953
36,90,0.112722
36,91,0.061077
36,92,0.037293
36,93,0.005579
36,94,0.007019
36,95,0.016120
36,96,0.043420
36,97,0.066786
36,98,0.054054
36,99,0.017381
36,100,0.116821
36,101,0.118203
36,102,0.030721
36,103,0.027435
36,104,0.062878
36,105,0.023757
36,106,0.110097
36,107,0.094072
36,108,0.059529
36,109,0.156219
36,110,0.170190
36,111,0.167599
36,112,0.204604
36,113,0.191699
36,114,0.263189
36,115,0.136249
36,116,0.084675
36,117,0.052546
36,118,0.064733
36,119,0.066644
36,120,0.031120
36,121,0.029394
36,122,0.033718
36,123,0.094339
36,124,0.112374
36,125,0.086981
36,126,0.101404
36,127,0.062910
36,128,0.139245
36,129,0.125197
36,130,0.098634
36,131,0.019333
36,132,0.001227
36,133,0.024358
37,1,0.240125
37,2,0.177155
37,3,0.335410
37,4,0.384372
37,5,0.298444
37,6,0.300761
37,7,0.363138
37,8,0.298584
37,9,0.186458
37,10,0.186579
37,11,0.188977
37,12,0.168840
37,13,0.265818
37,14,0.296976
37,15,0.317381
37,16,0.272727
37,17,0.267903
37,18,0.027374
37,19,0.011712
37,20,0.058628
37,21,0.014268
37,22,0.150516
37,23,0.175510
37,24,0.169448
37,25,0.250753
37,26,0.226812
37,27,0.251303
37,28,0.051515
37,29,0.148217
37,30,0.218925
37,31,0.233054
37,32,0.299929
37,33,0.275669
37,34,0.195747
37,35,0.206343
37,36,0.147190
37,37,0.000000
37,38,0.168523
37,39,0.177814
37,40,0.215943
37,41,0.181961
37,42,0.072223
37,43,0.056442
37,44,0.011226
37,45,0.016572
37,46,0.001595
37,47,0.001484
37,48,0.096650
37,49,0.087570
37,50,0.006920
37,51,0.132990
37,52,0.027075
37,53,0.036027
37,54,0.005108
37,55,0.057154
37,56,0.040726
37,57,0.076191
37,58,0.019026
37,59,0.009312
37,60,0.101645
37,61,0.139613
37,62,0.154806
37,63,0.188605
37,64,0.233746
37,65,0.249263
37,66,0.225263
37,67,0.197285
37,68,0.232674
37,69,0.275489
37,70,0.227064
37,71,0.203402
37,72,0.010091
37,73,0.038343
37,74,0.022459
37,75,0.010267
37,76,0.032766
37,77,0.115491
37,78,0.053368
37,79,0.057278
37,80,0.030111
37,81,0.383846
37,82,0.265892
37,83,0.068360
37,84,0.018468
37,85,0.006425
37,86,0.057927
37,87,0.111754
37,88,0.113893
37,89,0.033549
37,90,0.083199
37,91,0.068760
37,92,0.003155
37,93,0.031153
37,94,0.006869
37,95,0.007232
37,96,0.089809
37,97,0.090504
37,98,0.038906
37,99,0.032873
37,100,0.110558
37,101,0.108327
37,102,0.024334
37,103,0.004976
37,104,0.034708
37,105,0.029379
37,106,0.121279
37,107,0.126935
37,108,0.112071
37,109,0.210677
37,110,0.283021
37,111,0.303001
37,112,0.352249
37,113,0.346672
37,114,0.364771
37,115,0.222355
37,116,0.120275
37,117,0.055872
37,118,0.099611
37,119,0.062380
37,120,0.022695
37,121,0.033657
37,122,0.029800
37,123,0.137892
37,124,0.154625
37,125,0.123663
37,126,0.093970
37,127,0.066103
37,128,0.127894
37,129,0.140600
37,130,0.105844
37,131,0.041574
37,132,0.016832
37,133,0.009550
38,1,0.181232
38,2,0.169143
38,3,0.202375
38,4,0.249175
38,5,0.236344
38,6,0.237182
38,7,0.219534
38,8,0.200399
38,9,0.135813
38,10,0.151364
38,11,0.167172
38,12,0.083400
38,13,0.166255
38,14,0.207455
38,15,0.191316
38,16,0.143456
38,17,0.125529
38,18,0.048654
38,19,0.071797
38,20,0.114893
38,21,0.066573
38,22,0.111017
38,23,0.163709
38,24,0.140223
38,25,0.165661
38,26,0.140363
38,27,0.163101
38,28,0.044428
38,29,0.049367
38,30,0.098933
38,31,0.174863
38,32,0.195157
38,33,0.138710
38,34,0.088783
38,35,0.141643
38,36,0.166663
38,37,0.168523
38,38,0.000000
38,39,0.047028
38,40,0.132701
38,41,0.123377
38,42,0.064571
38,43,0.059117
38,44,0.002628
38,45,0.020933
38,46,0.037486
38,47,0.051290
38,48,0.066756
38,49,0.053592
38,50,0.010183
38,51,0.133683
38,52,0.035520
38,53,0.071174
38,54,0.004197
38,55,0.041150
38,56,0.065157
38,57,0.057769
38,58,0.039811
38,59,0.026720
38,60,0.051025
38,61,0.087908
38,62,0.107003
38,63,0.067173
38,64,0.125349
38,65,0.158196
38,66,0.130368
38,67,0.164032
38,68,0.163218
38,69,0.165822
38,70,0.117021
38,71,0.105834
38,72,0.024415
38,73,0.093852
38,74,0.032442
38,75,0.013708
38,76,0.020209
38,77,0.068161
38,78,0.030208
38,79,0.015625
38,80,0.007404
38,81,0.283654
38,82,0.225295
38,83,0.130447
38,84,0.034333
38,85,0.009651
38,86,0.060143
38,87,0.115968
38,88,0.107518
38,89,0.022692
38,90,0.021566
38,91,0.069553
38,92,0.030896
38,93,0.049448
38,94,0.002727
38,95,0.022007
38,96,0.067243
38,97,0.026803
38,98,0.032227
38,99,0.028979
38,100,0.063003
38,101,0.030148
38,102,0.028912
38,103,0.010128
38,104,0.005126
38,105,0.020744
38,106,0.062368
38,107,0.044636
38,108,0.069481
38,109,0.133636
38,110,0.243147
38,111,0.283057
38,112,0.285020
38,113,0.294084
38,114,0.276536
38,115,0.145952
38,116,0.083642
38,117,0.030842
38,118,0.028761
38,119,0.058721
38,120,0.026442
38,121,0.008558
38,122,0.037741
38,123,0.088609
38,124,0.127326
38,125,0.093619
38,126,0.045065
38,127,0.034714
38,128,0.089430
38,129,0.101832
38,130,0.084805
38,131,0.008079
38,132,0.023907
38,133,0.010128
39,1,0.178774
39,2,0.166450
39,3,0.191341
39,4,0.251793
39,5,0.227860
39,6,0.205024
39,7,0.221382
39,8,0.182190
39,9,0.095676
39,10,0.143848
39,11,0.173649
39,12,0.014529
39,13,0.136660
39,14,0.181118
39,15,0.171438
39,16,0.119161
39,17,0.106870
39,18,0.110677
39,19,0.114996
39,20,0.182989
39,21,0.103795
39,22,0.110817
39,23,0.149318
39,24,0.112288
39,25,0.133094
39,26,0.112483
39,27,0.171523
39,28,0.039978
39,29,0.012936
39,30,0.073316
39,31,0.163999
39,32,0.194624
39,33,0.123978
39,34,0.050632
39,35,0.147689
39,36,0.152606
39,37,0.177814
39,38,0.047028
39,39,0.000000
39,40,0.062616
39,41,0.062627
39,42,0.001098
39,43,0.005681
39,44,0.040717
39,45,0.066267
39,46,0.089464
39,47,0.109930
39,48,0.014886
39,49,0.007598
39,50,0.028997
39,51,0.094046
39,52,0.001279
39,53,0.039102
39,54,0.043975
39,55,0.076268
39,56,0.100617
39,57,0.087933
39,58,0.064342
39,59,0.057520
39,60,0.056720
39,61,0.099820
39,62,0.072324
39,63,0.027553
39,64,0.065352
39,65,0.124414
39,66,0.126168
39,67,0.146101
39,68,0.130838
39,69,0.131995
39,70,0.093748
39,71,0.061866
39,72,0.070855
39,73,0.158248
39,74,0.018263
39,75,0.005250
39,76,0.037662
39,77,0.133651
39,78,0.010574
39,79,0.027915
39,80,0.056614
39,81,0.288613
39,82,0.218847
39,83,0.106468
39,84,0.009468
39,85,0.034910
39,86,0.039814
39,87,0.098977
39,88,0.084246
39,89,0.020931
39,90,0.069398
39,91,0.098790
39,92,0.014906
39,93,0.032916
39,94,0.011282
39,95,0.007425
39,96,0.057806
39,97,0.037051
39,98,0.024894
39,99,0.030777
39,100,0.085167
39,101,0.050353
39,102,0.064883
39,103,0.044969
39,104,0.000967
39,105,0.012838
39,106,0.084380
39,107,0.056809
39,108,0.071037
39,109,0.093829
39,110,0.222532
39,111,0.260621
39,112,0.272532
39,113,0.277956
39,114,0.283424
39,115,0.135540
39,116,0.062386
39,117,0.026474
39,118,0.018658
39,119,0.062135
39,120,0.041668
39,121,0.009163
39,122,0.011772
39,123,0.068165
39,124,0.110473
39,125,0.062801
39,126,0.050161
39,127,0.033154
39,128,0.083779
39,129,0.085693
39,130,0.066618
39,131,0.001992
39,132,0.032432
39,133,0.037612
40,1,0.153442
40,2,0.174487
40,3,0.141703
40,4,0.212196
40,5,0.191451
40,6,0.209182
40,7,0.141248
40,8,0.093905
40,9,0.011253
40,10,0.066133
40,11,0.112137
40,12,0.079195
40,13,0.026162
40,14,0.089748
40,15,0.091305
40,16,0.047871
40,17,0.039300
40,18,0.174481
40,19,0.208838
40,20,0.280585
40,21,0.155564
40,22,0.068135
40,23,0.086201
40,24,0.047630
40,25,0.078556
40,26,0.047693
40,27,0.120525
40,28,0.066581
40,29,0.048220
40,30,0.005108
40,31,0.112918
40,32,0.163286
40,33,0.053064
40,34,0.031035
40,35,0.062878
40,36,0.096976
40,37,0.215943
40,38,0.132701
40,39,0.062616
40,40,0.000000
40,41,0.023177
40,42,0.054610
40,43,0.043842
40,44,0.066261
40,45,0.110625
40,46,0.155257
40,47,0.136084
40,48,0.025821
40,49,0.050365
40,50,0.035437
40,51,0.050523
40,52,0.003182
40,53,0.044519
40,54,0.031691
40,55,0.069654
40,56,0.118155
40,57,0.076696
40,58,0.067665
40,59,0.086936
40,60,0.030926
40,61,0.061563
40,62,0.007608
40,63,0.045155
40,64,0.013420
40,65,0.066203
40,66,0.099429
40,67,0.106235
40,68,0.079773
40,69,0.042103
40,70,0.011846
40,71,0.037520
40,72,0.135935
40,73,0.186983
40,74,0.016463
40,75,0.014442
40,76,0.107524
40,77,0.200701
40,78,0.111466
40,79,0.148902
40,80,0.146685
40,81,0.262640
40,82,0.156528
40,83,0.087611
40,84,0.005815
40,85,0.065694
40,86,0.051377
40,87,0.134062
40,88,0.088904
40,89,0.061707
40,90,0.107378
40,91,0.112770
40,92,0.024741
40,93,0.022522
40,94,0.026671
40,95,0.000175
40,96,0.017242
40,97,0.020336
40,98,0.087720
40,99,0.094648
40,100,0.046200
40,101,0.039009
40,102,0.083663
40,103,0.046653
40,104,0.002187
40,105,0.059378
40,106,0.034431
40,107,0.029418
40,108,0.012055
40,109,0.054777
40,110,0.191623
40,111,0.244678
40,112,0.253984
40,113,0.232699
40,114,0.240729
40,115,0.108816
40,116,0.050516
40,117,0.036628
40,118,0.011560
40,119,0.043351
40,120,0.051857
40,121,0.021875
40,122,0.028040
40,123,0.030341
40,124,0.060899
40,125,0.027752
40,126,0.008321
40,127,0.021505
40,128,0.017262
40,129,0.033751
40,130,0.046402
40,131,0.046724
40,132,0.061202
40,133,0.050803
41,1,0.077302
41,2,0.149544
41,3,0.013488
41,4,0.088608
41,5,0.068247
41,6,0.129916
41,7,0.008243
41,8,0.007561
41,9,0.030885
41,10,0.004205
41,11,0.043044
41,12,0.119670
41,13,0.071725
41,14,0.017068
41,15,0.026716
41,16,0.058400
41,17,0.064109
41,18,0.195642
41,19,0.233365
41,20,0.312080
41,21,0.189512
41,22,0.056078
41,23,0.037521
41,24,0.016265
41,25,0.023618
41,26,0.014585
41,27,0.031379
41,28,0.099049
41,29,0.099215
41,30,0.079484
41,31,0.026249
41,32,0.062810
41,33,0.034007
41,34,0.085210
41,35,0.018924
41,36,0.027759
41,37,0.181961
41,38,0.123377
41,39,0.062627
41,40,0.023177
41,41,0.000000
41,42,0.057499
41,43,0.050893
41,44,0.053972
41,45,0.116044
41,46,0.173150
41,47,0.167731
41,48,0.066224
41,49,0.100716
41,50,0.046449
41,51,0.044767
41,52,0.023903
41,53,0.042063
41,54,0.017306
41,55,0.041120
41,56,0.106099
41,57,0.029813
41,58,0.052141
41,59,0.092442
41,60,0.000963
41,61,0.021748
41,62,0.073487
41,63,0.138586
41,64,0.086864
41,65,0.006768
41,66,0.045974
41,67,0.044960
41,68,0.023385
41,69,0.013904
41,70,0.064836
41,71,0.085273
41,72,0.143099
41,73,0.166195
41,74,0.026764
41,75,0.040600
41,76,0.102901
41,77,0.186977
41,78,0.179467
41,79,0.213159
41,80,0.162194
41,81,0.195218
41,82,0.095106
41,83,0.067496
41,84,0.002000
41,85,0.056415
41,86,0.043155
41,87,0.128987
41,88,0.062579
41,89,0.044561
41,90,0.071477
41,91,0.042187
41,92,0.026934
41,93,0.045813
41,94,0.012192
41,95,0.029346
41,96,0.003943
41,97,0.042949
41,98,0.061380
41,99,0.098626
41,100,0.004276
41,101,0.011359
41,102,0.076826
41,103,0.058534
41,104,0.039504
41,105,0.088521
41,106,0.013792
41,107,0.002581
41,108,0.051593
41,109,0.021429
41,110,0.137768
41,111,0.195141
41,112,0.196080
41,113,0.169361
41,114,0.177391
41,115,0.059022
41,116,0.012214
41,117,0.042004
41,118,0.045536
41,119,0.021632
41,120,0.057181
41,121,0.038810
41,122,0.059238
41,123,0.019856
41,124,0.007434
41,125,0.006229
41,126,0.009674
41,127,0.031925
41,128,0.010683
41,129,0.007438
41,130,0.017134
41,131,0.068217
41,132,0.070384
41,133,0.060879
42,1,0.049754
42,2,0.119547
42,3,0.010514
42,4,0.047366
42,5,0.041602
42,6,0.068138
42,7,0.041779
42,8,0.065574
42,9,0.062880
42,10,0.041596
42,11,0.001992
42,12,0.089314
42,13,0.104817
42,14,0.098429
42,15,0.121723
42,16,0.147954
42,17,0.194064
42,18,0.154697
42,19,0.126283
42,20,0.199791
42,21,0.113978
42,22,0.004154
42,23,0.000590
42,24,0.033859
42,25,0.048821
42,26,0.087723
42,27,0.026653
42,28,0.064522
42,29,0.100157
42,30,0.125726
42,31,0.082764
42,32,0.097283
42,33,0.091570
42,34,0.102974
42,35,0.026960
42,36,0.039107
42,37,0.072223
42,38,0.064571
42,39,0.001098
42,40,0.054610
42,41,0.057499
42,42,0.000000
42,43,0.042005
42,44,0.099162
42,45,0.061676
42,46,0.155010
42,47,0.154416
42,48,0.094513
42,49,0.136583
42,50,0.044424
42,51,0.007929
42,52,0.018961
42,53,0.035744
42,54,0.007666
42,55,0.006161
42,56,0.056638
42,57,0.023615
42,58,0.010106
42,59,0.036403
42,60,0.007674
42,61,0.017385
42,62,0.045382
42,63,0.084853
42,64,0.103335
42,65,0.049643
42,66,0.002713
42,67,0.061748
42,68,0.055522
42,69,0.080559
42,70,0.125599
42,71,0.110593
42,72,0.074501
42,73,0.098761
42,74,0.055228
42,75,0.090990
42,76,0.172330
42,77,0.215254
42,78,0.126055
42,79,0.157412
42,80,0.086306
42,81,0.057320
42,82,0.001488
42,83,0.064444
42,84,0.001358
42,85,0.012556
42,86,0.031351
42,87,0.081614
42,88,0.073544
42,89,0.033823
42,90,0.051777
42,91,0.014978
42,92,0.041281
42,93,0.059699
42,94,0.020885
42,95,0.008453
42,96,0.025805
42,97,0.068975
42,98,0.069931
42,99,0.098077
42,100,0.006809
42,101,0.008210
42,102,0.017103
42,103,0.012829
42,104,0.016347
42,105,0.113473
42,106,0.068315
42,107,0.048571
42,108,0.025824
42,109,0.027241
42,110,0.044615
42,111,0.066377
42,112,0.053284
42,113,0.035430
42,114,0.048090
42,115,0.068484
42,116,0.100623
42,117,0.115465
42,118,0.129481
42,119,0.015261
42,120,0.066476
42,121,0.065627
42,122,0.059619
42,123,0.048977
42,124,0.015038
42,125,0.007985
42,126,0.015613
42,127,0.020006
42,128,0.011302
42,129,0.004651
42,130,0.005720
42,131,0.054277
42,132,0.056485
42,133,0.069142
43,1,0.031460
43,2,0.091453
43,3,0.004274
43,4,0.044162
43,5,0.015914
43,6,0.057595
43,7,0.027939
43,8,0.053220
43,9,0.046611
43,10,0.022297
43,11,0.038385
43,12,0.061445
43,13,0.059527
43,14,0.070777
43,15,0.082842
43,16,0.098432
43,17,0.148205
43,18,0.138223
43,19,0.079669
43,20,0.163928
43,21,0.120402
43,22,0.000768
43,23,0.005667
43,24,0.020436
43,25,0.024475
43,26,0.046993
43,27,0.009097
43,28,0.056127
43,29,0.067247
43,30,0.071860
43,31,0.031468
43,32,0.071394
43,33,0.056449
43,34,0.065582
43,35,0.035307
43,36,0.003314
43,37,0.056442
43,38,0.059117
43,39,0.005681
43,40,0.043842
43,41,0.050893
43,42,0.042005
43,43,0.000000
43,44,0.088035
43,45,0.044969
43,46,0.123756
43,47,0.125587
43,48,0.063577
43,49,0.107387
43,50,0.021659
43,51,0.014373
43,52,0.025036
43,53,0.022339
43,54,0.017837
43,55,0.001591
43,56,0.064350
43,57,0.006286
43,58,0.020492
43,59,0.026682
43,60,0.021204
43,61,0.004939
43,62,0.020928
43,63,0.057593
43,64,0.051763
43,65,0.034976
43,66,0.000832
43,67,0.057352
43,68,0.042243
43,69,0.054245
43,70,0.088247
43,71,0.071609
43,72,0.067706
43,73,0.093547
43,74,0.011618
43,75,0.080885
43,76,0.111847
43,77,0.125171
43,78,0.086437
43,79,0.114884
43,80,0.015208
43,81,0.039800
43,82,0.015901
43,83,0.048841
43,84,0.022480
43,85,0.002538
43,86,0.012560
43,87,0.083463
43,88,0.084055
43,89,0.062514
43,90,0.057391
43,91,0.012758
43,92,0.009883
43,93,0.043230
43,94,0.009609
43,95,0.037715
43,96,0.031003
43,97,0.067646
43,98,0.082409
43,99,0.078571
43,100,0.020155
43,101,0.002012
43,102,0.036792
43,103,0.005516
43,104,0.000786
43,105,0.085878
43,106,0.049777
43,107,0.048201
43,108,0.000425
43,109,0.009107
43,110,0.049032
43,111,0.063258
43,112,0.057698
43,113,0.047295
43,114,0.055598
43,115,0.056516
43,116,0.079319
43,117,0.086913
43,118,0.101583
43,119,0.012444
43,120,0.052053
43,121,0.049590
43,122,0.047888
43,123,0.028300
43,124,0.026807
43,125,0.007872
43,126,0.006125
43,127,0.014727
43,128,0.015812
43,129,0.019273
43,130,0.040421
43,131,0.050893
43,132,0.073338
43,133,0.080359
44,1,0.045929
44,2,0.011715
44,3,0.089347
44,4,0.071941
44,5,0.133838
44,6,0.089211
44,7,0.118296
44,8,0.125316
44,9,0.066281
44,10,0.075752
44,11,0.038467
44,12,0.079307
44,13,0.092050
44,14,0.102700
44,15,0.122259
44,16,0.126596
44,17,0.167208
44,18,0.121073
44,19,0.052811
44,20,0.131693
44,21,0.114753
44,22,0.000463
44,23,0.019671
44,24,0.026209
44,25,0.065128
44,26,0.091739
44,27,0.085601
44,28,0.108155
44,29,0.092745
44,30,0.095027
44,31,0.052014
44,32,0.125555
44,33,0.072655
44,34,0.041691
44,35,0.000870
44,36,0.045913
44,37,0.011226
44,38,0.002628
44,39,0.040717
44,40,0.066261
44,41,0.053972
44,42,0.099162
44,43,0.088035
44,44,0.000000
44,45,0.042660
44,46,0.088728
44,47,0.079286
44,48,0.016179
44,49,0.068697
44,50,0.032130
44,51,0.019976
44,52,0.008600
44,53,0.053191
44,54,0.004867
44,55,0.006116
44,56,0.054599
44,57,0.005220
44,58,0.015645
44,59,0.026077
44,60,0.070577
44,61,0.029471
44,62,0.048058
44,63,0.069338
44,64,0.055436
44,65,0.073446
44,66,0.038472
44,67,0.074031
44,68,0.064826
44,69,0.083694
44,70,0.128873
44,71,0.082503
44,72,0.047610
44,73,0.070629
44,74,0.135768
44,75,0.110660
44,76,0.086611
44,77,0.068497
44,78,0.005798
44,79,0.044097
44,80,0.032161
44,81,0.002986
44,82,0.004983
44,83,0.026551
44,84,0.023306
44,85,0.004430
44,86,0.002281
44,87,0.046881
44,88,0.041333
44,89,0.043971
44,90,0.029278
44,91,0.018815
44,92,0.006634
44,93,0.004508
44,94,0.030664
44,95,0.034477
44,96,0.049922
44,97,0.090862
44,98,0.105926
44,99,0.101357
44,100,0.017574
44,101,0.062994
44,102,0.095129
44,103,0.054454
44,104,0.025870
44,105,0.060903
44,106,0.026965
44,107,0.055491
44,108,0.030706
44,109,0.004338
44,110,0.022441
44,111,0.037722
44,112,0.026923
44,113,0.024632
44,114,0.043076
44,115,0.060882
44,116,0.083871
44,117,0.075463
44,118,0.095510
44,119,0.055383
44,120,0.050357
44,121,0.037097
44,122,0.039970
44,123,0.036592
44,124,0.017631
44,125,0.010454
44,126,0.027757
44,127,0.012737
44,128,0.059377
44,129,0.042343
44,130,0.043623
44,131,0.032708
44,132,0.040752
44,133,0.055298
45,1,0.014391
45,2,0.080498
45,3,0.071773
45,4,0.047078
45,5,0.015444
45,6,0.053242
45,7,0.068553
45,8,0.056111
45,9,0.082669
45,10,0.111558
45,11,0.085874
45,12,0.059348
45,13,0.108022
45,14,0.109160
45,15,0.074747
45,16,0.059229
45,17,0.047961
45,18,0.018101
45,19,0.058607
45,20,0.060040
45,21,0.001957
45,22,0.066972
45,23,0.074603
45,24,0.038249
45,25,0.086761
45,26,0.072562
45,27,0.043426
45,28,0.008239
45,29,0.107340
45,30,0.109609
45,31,0.065215
45,32,0.009018
45,33,0.078053
45,34,0.155573
45,35,0.036820
45,36,0.036299
45,37,0.016572
45,38,0.020933
45,39,0.066267
45,40,0.110625
45,41,0.116044
45,42,0.061676
45,43,0.044969
45,44,0.042660
45,45,0.000000
45,46,0.087361
45,47,0.092339
45,48,0.068444
45,49,0.108620
45,50,0.043230
45,51,0.070671
45,52,0.001345
45,53,0.023691
45,54,0.019759
45,55,0.020751
45,56,0.001587
45,57,0.036642
45,58,0.034094
45,59,0.026561
45,60,0.022249
45,61,0.047027
45,62,0.090948
45,63,0.085624
45,64,0.129252
45,65,0.117869
45,66,0.074138
45,67,0.064074
45,68,0.099870
45,69,0.093447
45,70,0.086808
45,71,0.058015
45,72,0.068918
45,73,0.038157
45,74,0.028605
45,75,0.003252
45,76,0.117675
45,77,0.200097
45,78,0.137800
45,79,0.146419
45,80,0.099150
45,81,0.029348
45,82,0.017557
45,83,0.088294
45,84,0.050826
45,85,0.051800
45,86,0.064060
45,87,0.042389
45,88,0.039737
45,89,0.029892
45,90,0.033765
45,91,0.047394
45,92,0.027832
45,93,0.037855
45,94,0.028515
45,95,0.014972
45,96,0.053475
45,97,0.079586
45,98,0.019425
45,99,0.058566
45,100,0.037749
45,101,0.017630
45,102,0.066280
45,103,0.071181
45,104,0.043137
45,105,0.111810
45,106,0.078593
45,107,0.063817
45,108,0.080548
45,109,0.109434
45,110,0.082647
45,111,0.087649
45,112,0.070590
45,113,0.088380
45,114,0.079015
45,115,0.150632
45,116,0.088753
45,117,0.111019
45,118,0.127249
45,119,0.058337
45,120,0.078877
45,121,0.014650
45,122,0.045807
45,123,0.046924
45,124,0.046855
45,125,0.068325
45,126,0.005763
45,127,0.010048
45,128,0.029749
45,129,0.021089
45,130,0.042615
45,131,0.012960
45,132,0.002592
45,133,0.015785
46,1,0.081138
46,2,0.007669
46,3,0.110089
46,4,0.090733
46,5,0.078147
46,6,0.019650
46,7,0.134754
46,8,0.104191
46,9,0.093650
46,10,0.028415
46,11,0.037052
46,12,0.122367
46,13,0.142253
46,14,0.131681
46,15,0.113814
46,16,0.100825
46,17,0.102615
46,18,0.059026
46,19,0.061937
46,20,0.088429
46,21,0.015606
46,22,0.039342
46,23,0.077097
46,24,0.087021
46,25,0.093918
46,26,0.114251
46,27,0.070917
46,28,0.053463
46,29,0.090301
46,30,0.088943
46,31,0.072230
46,32,0.056291
46,33,0.090727
46,34,0.107638
46,35,0.086374
46,36,0.074747
46,37,0.001595
46,38,0.037486
46,39,0.089464
46,40,0.155257
46,41,0.173150
46,42,0.155010
46,43,0.123756
46,44,0.088728
46,45,0.087361
46,46,0.000000
46,47,0.041267
46,48,0.028311
46,49,0.079307
46,50,0.027371
46,51,0.046269
46,52,0.011038
46,53,0.004811
46,54,0.008361
46,55,0.021189
46,56,0.032244
46,57,0.005705
46,58,0.036099
46,59,0.063472
46,60,0.089011
46,61,0.077197
46,62,0.103518
46,63,0.139537
46,64,0.136996
46,65,0.111378
46,66,0.082946
46,67,0.092425
46,68,0.095634
46,69,0.121124
46,70,0.125524
46,71,0.073166
46,72,0.013598
46,73,0.047941
46,74,0.036394
46,75,0.066259
46,76,0.123457
46,77,0.145488
46,78,0.142943
46,79,0.129306
46,80,0.153499
46,81,0.023795
46,82,0.055028
46,83,0.014951
46,84,0.027433
46,85,0.018800
46,86,0.010224
46,87,0.013294
46,88,0.012172
46,89,0.013928
46,90,0.022009
46,91,0.021650
46,92,0.064536
46,93,0.059478
46,94,0.069314
46,95,0.035441
46,96,0.069497
46,97,0.108817
46,98,0.088878
46,99,0.057474
46,100,0.011599
46,101,0.104477
46,102,0.113284
46,103,0.042744
46,104,0.033413
46,105,0.111468
46,106,0.039655
46,107,0.060871
46,108,0.095912
46,109,0.045013
46,110,0.032875
46,111,0.009675
46,112,0.036335
46,113,0.035162
46,114,0.056261
46,115,0.041488
46,116,0.005000
46,117,0.000416
46,118,0.017276
46,119,0.035160
46,120,0.057477
46,121,0.005110
46,122,0.030182
46,123,0.031100
46,124,0.075793
46,125,0.062984
46,126,0.008792
46,127,0.004573
46,128,0.034043
46,129,0.055795
46,130,0.045972
46,131,0.105490
46,132,0.083215
46,133,0.051132
47,1,0.051134
47,2,0.018808
47,3,0.069311
47,4,0.053937
47,5,0.029819
47,6,0.011966
47,7,0.101373
47,8,0.094320
47,9,0.092073
47,10,0.048308
47,11,0.031821
47,12,0.097101
47,13,0.117076
47,14,0.120868
47,15,0.114002
47,16,0.096851
47,17,0.069274
47,18,0.057666
47,19,0.080148
47,20,0.095318
47,21,0.040496
47,22,0.015146
47,23,0.053356
47,24,0.064520
47,25,0.085162
47,26,0.092343
47,27,0.048996
47,28,0.016309
47,29,0.069408
47,30,0.061529
47,31,0.049402
47,32,0.055241
47,33,0.056083
47,34,0.092102
47,35,0.042115
47,36,0.041200
47,37,0.001484
47,38,0.051290
47,39,0.109930
47,40,0.136084
47,41,0.167731
47,42,0.154416
47,43,0.125587
47,44,0.079286
47,45,0.092339
47,46,0.041267
47,47,0.000000
47,48,0.011414
47,49,0.033057
47,50,0.008323
47,51,0.036825
47,52,0.002914
47,53,0.009718
47,54,0.012359
47,55,0.028436
47,56,0.017564
47,57,0.010315
47,58,0.027616
47,59,0.031631
47,60,0.023768
47,61,0.070276
47,62,0.099001
47,63,0.103524
47,64,0.118484
47,65,0.125491
47,66,0.090364
47,67,0.060423
47,68,0.088024
47,69,0.090436
47,70,0.090065
47,71,0.083689
47,72,0.019682
47,73,0.038182
47,74,0.001188
47,75,0.065133
47,76,0.146293
47,77,0.117359
47,78,0.086297
47,79,0.109874
47,80,0.080947
47,81,0.016167
47,82,0.015515
47,83,0.008457
47,84,0.005032
47,85,0.011108
47,86,0.003990
47,87,0.000869
47,88,0.013129
47,89,0.002136
47,90,0.012293
47,91,0.022678
47,92,0.043274
47,93,0.012475
47,94,0.019278
47,95,0.004104
47,96,0.025767
47,97,0.050148
47,98,0.049819
47,99,0.048211
47,100,0.000702
47,101,0.051197
47,102,0.060250
47,103,0.001999
47,104,0.022464
47,105,0.051965
47,106,0.020040
47,107,0.046546
47,108,0.104880
47,109,0.032665
47,110,0.046772
47,111,0.026826
47,112,0.058521
47,113,0.060132
47,114,0.041987
47,115,0.042343
47,116,0.006916
47,117,0.000113
47,118,0.045223
47,119,0.002102
47,120,0.029930
47,121,0.007477
47,122,0.012109
47,123,0.040378
47,124,0.048924
47,125,0.077192
47,126,0.005267
47,127,0.001033
47,128,0.041966
47,129,0.078495
47,130,0.099417
47,131,0.106851
47,132,0.053292
47,133,0.139612
48,1,0.081723
48,2,0.111722
48,3,0.022912
48,4,0.091078
48,5,0.086952
48,6,0.099559
48,7,0.030855
48,8,0.001418
48,9,0.002482
48,10,0.065694
48,11,0.096586
48,12,0.101819
48,13,0.067185
48,14,0.055129
48,15,0.026591
48,16,0.025207
48,17,0.046100
48,18,0.114748
48,19,0.137698
48,20,0.160714
48,21,0.089174
48,22,0.063171
48,23,0.063073
48,24,0.014452
48,25,0.005979
48,26,0.011264
48,27,0.036859
48,28,0.014628
48,29,0.075084
48,30,0.053242
48,31,0.011374
48,32,0.068190
48,33,0.005875
48,34,0.068199
48,35,0.002224
48,36,0.026841
48,37,0.096650
48,38,0.066756
48,39,0.014886
48,40,0.025821
48,41,0.066224
48,42,0.094513
48,43,0.063577
48,44,0.016179
48,45,0.068444
48,46,0.028311
48,47,0.011414
48,48,0.000000
48,49,0.042943
48,50,0.008607
48,51,0.037765
48,52,0.021568
48,53,0.080704
48,54,0.051728
48,55,0.040156
48,56,0.014707
48,57,0.006641
48,58,0.010373
48,59,0.028554
48,60,0.035462
48,61,0.029271
48,62,0.018770
48,63,0.026963
48,64,0.025657
48,65,0.021152
48,66,0.004209
48,67,0.005350
48,68,0.007067
48,69,0.012067
48,70,0.028035
48,71,0.031425
48,72,0.053889
48,73,0.084927
48,74,0.005064
48,75,0.040672
48,76,0.132657
48,77,0.137565
48,78,0.094736
48,79,0.132679
48,80,0.120421
48,81,0.109874
48,82,0.037363
48,83,0.030963
48,84,0.014461
48,85,0.001180
48,86,0.057157
48,87,0.062701
48,88,0.006660
48,89,0.043132
48,90,0.023964
48,91,0.009949
48,92,0.022156
48,93,0.053640
48,94,0.014962
48,95,0.029409
48,96,0.009391
48,97,0.016212
48,98,0.031155
48,99,0.031875
48,100,0.013148
48,101,0.019003
48,102,0.083685
48,103,0.040096
48,104,0.005655
48,105,0.062131
48,106,0.010494
48,107,0.010055
48,108,0.025430
48,109,0.020403
48,110,0.039226
48,111,0.080625
48,112,0.045326
48,113,0.050429
48,114,0.054010
48,115,0.010330
48,116,0.020318
48,117,0.040013
48,118,0.060278
48,119,0.024893
48,120,0.064896
48,121,0.004720
48,122,0.019687
48,123,0.031540
48,124,0.032055
48,125,0.004176
48,126,0.057671
48,127,0.023844
48,128,0.036110
48,129,0.003245
48,130,0.008048
48,131,0.134790
48,132,0.134539
48,133,0.090037
49,1,0.043982
49,2,0.077831
49,3,0.028412
49,4,0.078410
49,5,0.079093
49,6,0.083440
49,7,0.004762
49,8,0.027575
49,9,0.036371
49,10,0.023172
49,11,0.047613
49,12,0.080160
49,13,0.052924
49,14,0.068881
49,15,0.053893
49,16,0.011172
49,17,0.028759
49,18,0.111256
49,19,0.156556
49,20,0.184495
49,21,0.097707
49,22,0.051890
49,23,0.017091
49,24,0.042954
49,25,0.009381
49,26,0.015056
49,27,0.052290
49,28,0.026078
49,29,0.045046
49,30,0.025056
49,31,0.019567
49,32,0.061485
49,33,0.003362
49,34,0.037905
49,35,0.017067
49,36,0.009812
49,37,0.087570
49,38,0.053592
49,39,0.007598
49,40,0.050365
49,41,0.100716
49,42,0.136583
49,43,0.107387
49,44,0.068697
49,45,0.108620
49,46,0.079307
49,47,0.033057
49,48,0.042943
49,49,0.000000
49,50,0.004369
49,51,0.035416
49,52,0.037189
49,53,0.071465
49,54,0.026742
49,55,0.044593
49,56,0.024201
49,57,0.015098
49,58,0.010664
49,59,0.031492
49,60,0.052789
49,61,0.032156
49,62,0.030460
49,63,0.020344
49,64,0.013312
49,65,0.003525
49,66,0.014584
49,67,0.012916
49,68,0.016931
49,69,0.012584
49,70,0.024022
49,71,0.016165
49,72,0.048848
49,73,0.074097
49,74,0.004407
49,75,0.057457
49,76,0.127894
49,77,0.131236
49,78,0.109971
49,79,0.130735
49,80,0.088461
49,81,0.090387
49,82,0.073085
49,83,0.018500
49,84,0.002709
49,85,0.023113
49,86,0.022941
49,87,0.081332
49,88,0.021765
49,89,0.068185
49,90,0.048443
49,91,0.040092
49,92,0.006333
49,93,0.040902
49,94,0.044818
49,95,0.062158
49,96,0.023342
49,97,0.016573
49,98,0.003939
49,99,0.033240
49,100,0.026053
49,101,0.008107
49,102,0.070343
49,103,0.033069
49,104,0.006485
49,105,0.071940
49,106,0.000072
49,107,0.016960
49,108,0.097859
49,109,0.028653
49,110,0.025276
49,111,0.066863
49,112,0.032044
49,113,0.040473
49,114,0.039073
49,115,0.012316
49,116,0.045916
49,117,0.015392
49,118,0.009527
49,119,0.009929
49,120,0.055567
49,121,0.036511
49,122,0.047275
49,123,0.001414
49,124,0.022179
49,125,0.022623
49,126,0.025018
49,127,0.000166
49,128,0.026266
49,129,0.005015
49,130,0.040704
49,131,0.014388
49,132,0.012521
49,133,0.031134
50,1,0.023086
50,2,0.001622
50,3,0.025682
50,4,0.007636
50,5,0.040774
50,6,0.046785
50,7,0.015914
50,8,0.049150
50,9,0.034613
50,10,0.029442
50,11,0.035760
50,12,0.032818
50,13,0.044333
50,14,0.068056
50,15,0.045306
50,16,0.042037
50,17,0.021113
50,18,0.000271
50,19,0.003038
50,20,0.031800
50,21,0.031583
50,22,0.032706
50,23,0.022524
50,24,0.035045
50,25,0.021495
50,26,0.005111
50,27,0.030936
50,28,0.032635
50,29,0.000716
50,30,0.002781
50,31,0.003762
50,32,0.006374
50,33,0.003238
50,34,0.025891
50,35,0.028739
50,36,0.013825
50,37,0.006920
50,38,0.010183
50,39,0.028997
50,40,0.035437
50,41,0.046449
50,42,0.044424
50,43,0.021659
50,44,0.032130
50,45,0.043230
50,46,0.027371
50,47,0.008323
50,48,0.008607
50,49,0.004369
50,50,0.000000
50,51,0.052721
50,52,0.107582
50,53,0.069481
50,54,0.061608
50,55,0.088433
50,56,0.040604
50,57,0.065797
50,58,0.035935
50,59,0.004676
50,60,0.039564
50,61,0.027876
50,62,0.011253
50,63,0.034595
50,64,0.025771
50,65,0.001892
50,66,0.012436
50,67,0.005424
50,68,0.011494
50,69,0.023831
50,70,0.044734
50,71,0.042728
50,72,0.032325
50,73,0.002158
50,74,0.017181
50,75,0.041292
50,76,0.042177
50,77,0.063726
50,78,0.058644
50,79,0.057690
50,80,0.001959
50,81,0.053762
50,82,0.049195
50,83,0.024570
50,84,0.038172
50,85,0.067177
50,86,0.017798
50,87,0.032115
50,88,0.001674
50,89,0.029600
50,90,0.044858
50,91,0.009685
50,92,0.033049
50,93,0.022787
50,94,0.004767
50,95,0.050569
50,96,0.023041
50,97,0.017477
50,98,0.026077
50,99,0.022892
50,100,0.015791
50,101,0.009433
50,102,0.040885
50,103,0.062409
50,104,0.006412
50,105,0.023237
50,106,0.027976
50,107,0.053499
50,108,0.042690
50,109,0.010289
50,110,0.000526
50,111,0.021545
50,112,0.036850
50,113,0.019878
50,114,0.015154
50,115,0.054674
50,116,0.011544
50,117,0.030428
50,118,0.040539
50,119,0.040748
50,120,0.028258
50,121,0.031723
50,122,0.066144
50,123,0.013156
50,124,0.026289
50,125,0.008255
50,126,0.000737
50,127,0.005965
50,128,0.006116
50,129,0.000388
50,130,0.026735
50,131,0.000461
50,132,0.064299
50,133,0.068388
51,1,0.086629
51,2,0.100982
51,3,0.088214
51,4,0.148970
51,5,0.123602
51,6,0.111025
51,7,0.062823
51,8,0.033449
51,9,0.009154
51,10,0.108765
51,11,0.122649
51,12,0.031247
51,13,0.013589
51,14,0.013666
51,15,0.022785
51,16,0.044718
51,17,0.085713
51,18,0.143476
51,19,0.166918
51,20,0.195849
51,21,0.141415
51,22,0.061648
51,23,0.042155
51,24,0.005685
51,25,0.042458
51,26,0.043970
51,27,0.066433
51,28,0.018461
51,29,0.040240
51,30,0.010918
51,31,0.040235
51,32,0.108385
51,33,0.018765
51,34,0.029295
51,35,0.045446
51,36,0.084706
51,37,0.132990
51,38,0.133683
51,39,0.094046
51,40,0.050523
51,41,0.044767
51,42,0.007929
51,43,0.014373
51,44,0.019976
51,45,0.070671
51,46,0.046269
51,47,0.036825
51,48,0.037765
51,49,0.035416
51,50,0.052721
51,51,0.000000
51,52,0.028796
51,53,0.072682
51,54,0.055704
51,55,0.056078
51,56,0.015674
51,57,0.031928
51,58,0.016910
51,59,0.010225
51,60,0.079242
51,61,0.113266
51,62,0.046246
51,63,0.022375
51,64,0.054736
51,65,0.081394
51,66,0.092299
51,67,0.056656
51,68,0.049378
51,69,0.039566
51,70,0.027704
51,71,0.005728
51,72,0.113450
51,73,0.117728
51,74,0.022049
51,75,0.005063
51,76,0.040248
51,77,0.077458
51,78,0.051939
51,79,0.088499
51,80,0.074314
51,81,0.179900
51,82,0.119201
51,83,0.051224
51,84,0.006651
51,85,0.034871
51,86,0.049898
51,87,0.094071
51,88,0.008464
51,89,0.070993
51,90,0.055409
51,91,0.020393
51,92,0.010614
51,93,0.012559
51,94,0.052666
51,95,0.056758
51,96,0.040303
51,97,0.031450
51,98,0.027461
51,99,0.005032
51,100,0.017921
51,101,0.003815
51,102,0.016614
51,103,0.026507
51,104,0.021109
51,105,0.033259
51,106,0.016569
51,107,0.023938
51,108,0.033364
51,109,0.021543
51,110,0.059656
51,111,0.079282
51,112,0.073834
51,113,0.075557
51,114,0.099598
51,115,0.036125
51,116,0.014159
51,117,0.016850
51,118,0.035789
51,119,0.002156
51,120,0.032547
51,121,0.028630
51,122,0.039375
51,123,0.017543
51,124,0.011017
51,125,0.031130
51,126,0.018042
51,127,0.010153
51,128,0.031104
51,129,0.006514
51,130,0.035402
51,131,0.010853
51,132,0.019474
51,133,0.015092
52,1,0.012897
52,2,0.039451
52,3,0.016393
52,4,0.048172
52,5,0.045009
52,6,0.008676
52,7,0.002850
52,8,0.013671
52,9,0.007841
52,10,0.072593
52,11,0.061467
52,12,0.017093
52,13,0.002020
52,14,0.035978
52,15,0.035014
52,16,0.032072
52,17,0.011291
52,18,0.067235
52,19,0.065114
52,20,0.076230
52,21,0.040536
52,22,0.000810
52,23,0.020810
52,24,0.009936
52,25,0.007980
52,26,0.015903
52,27,0.011586
52,28,0.012150
52,29,0.074359
52,30,0.043143
52,31,0.011813
52,32,0.003088
52,33,0.035812
52,34,0.030828
52,35,0.007528
52,36,0.021507
52,37,0.027075
52,38,0.035520
52,39,0.001279
52,40,0.003182
52,41,0.023903
52,42,0.018961
52,43,0.025036
52,44,0.008600
52,45,0.001345
52,46,0.011038
52,47,0.002914
52,48,0.021568
52,49,0.037189
52,50,0.107582
52,51,0.028796
52,52,0.000000
52,53,0.055378
52,54,0.065733
52,55,0.075122
52,56,0.054969
52,57,0.065608
52,58,0.050629
52,59,0.021974
52,60,0.074610
52,61,0.116979
52,62,0.080839
52,63,0.070905
52,64,0.042726
52,65,0.034945
52,66,0.037489
52,67,0.021312
52,68,0.010145
52,69,0.000722
52,70,0.034030
52,71,0.028851
52,72,0.001008
52,73,0.051550
52,74,0.013740
52,75,0.008049
52,76,0.037680
52,77,0.082228
52,78,0.041065
52,79,0.044119
52,80,0.003914
52,81,0.109125
52,82,0.088293
52,83,0.053256
52,84,0.012205
52,85,0.032445
52,86,0.058722
52,87,0.080066
52,88,0.023792
52,89,0.054739
52,90,0.045566
52,91,0.008043
52,92,0.010045
52,93,0.012694
52,94,0.015625
52,95,0.051845
52,96,0.021211
52,97,0.038456
52,98,0.062718
52,99,0.011457
52,100,0.004489
52,101,0.011650
52,102,0.015588
52,103,0.026997
52,104,0.011245
52,105,0.011233
52,106,0.015535
52,107,0.005910
52,108,0.019130
52,109,0.014068
52,110,0.000800
52,111,0.026392
52,112,0.024726
52,113,0.016618
52,114,0.003920
52,115,0.022844
52,116,0.027518
52,117,0.028129
52,118,0.021128
52,119,0.023306
52,120,0.002203
52,121,0.018008
52,122,0.039887
52,123,0.012224
52,124,0.005908
52,125,0.024398
52,126,0.006290
52,127,0.007266
52,128,0.008412
52,129,0.002848
52,130,0.018869
52,131,0.044372
52,132,0.058652
52,133,0.006516
53,1,0.033781
53,2,0.074094
53,3,0.066771
53,4,0.099151
53,5,0.059362
53,6,0.034661
53,7,0.023740
53,8,0.022167
53,9,0.020027
53,10,0.131676
53,11,0.122272
53,12,0.046329
53,13,0.025033
53,14,0.027095
53,15,0.035339
53,16,0.012375
53,17,0.030546
53,18,0.111873
53,19,0.110923
53,20,0.150283
53,21,0.120301
53,22,0.063849
53,23,0.004464
53,24,0.032328
53,25,0.007222
53,26,0.009255
53,27,0.002332
53,28,0.000405
53,29,0.037285
53,30,0.036241
53,31,0.028914
53,32,0.011279
53,33,0.018795
53,34,0.006958
53,35,0.033074
53,36,0.012664
53,37,0.036027
53,38,0.071174
53,39,0.039102
53,40,0.044519
53,41,0.042063
53,42,0.035744
53,43,0.022339
53,44,0.053191
53,45,0.023691
53,46,0.004811
53,47,0.009718
53,48,0.080704
53,49,0.071465
53,50,0.069481
53,51,0.072682
53,52,0.055378
53,53,0.000000
53,54,0.054945
53,55,0.057392
53,56,0.044526
53,57,0.067647
53,58,0.032316
53,59,0.054316
53,60,0.049589
53,61,0.089545
53,62,0.058736
53,63,0.024250
53,64,0.038480
53,65,0.037022
53,66,0.052407
53,67,0.035047
53,68,0.046440
53,69,0.002566
53,70,0.005850
53,71,0.036240
53,72,0.106506
53,73,0.148592
53,74,0.059681
53,75,0.022883
53,76,0.016872
53,77,0.019628
53,78,0.031925
53,79,0.065890
53,80,0.027243
53,81,0.127904
53,82,0.090016
53,83,0.046529
53,84,0.004444
53,85,0.037493
53,86,0.065400
53,87,0.057353
53,88,0.033340
53,89,0.055665
53,90,0.040737
53,91,0.019408
53,92,0.035810
53,93,0.032088
53,94,0.000751
53,95,0.030847
53,96,0.008594
53,97,0.024002
53,98,0.039319
53,99,0.004060
53,100,0.012551
53,101,0.005624
53,102,0.006493
53,103,0.024145
53,104,0.030055
53,105,0.007763
53,106,0.017617
53,107,0.032179
53,108,0.036522
53,109,0.046214
53,110,0.000302
53,111,0.013009
53,112,0.018464
53,113,0.012903
53,114,0.065799
53,115,0.006438
53,116,0.052316
53,117,0.070056
53,118,0.074692
53,119,0.062117
53,120,0.058918
53,121,0.008845
53,122,0.040488
53,123,0.000102
53,124,0.003713
53,125,0.002944
53,126,0.019814
53,127,0.020503
53,128,0.008974
53,129,0.000080
53,130,0.041335
53,131,0.030092
53,132,0.059542
53,133,0.019594
54,1,0.026017
54,2,0.056718
54,3,0.007644
54,4,0.010968
54,5,0.021774
54,6,0.075170
54,7,0.038370
54,8,0.062866
54,9,0.017095
54,10,0.097946
54,11,0.082873
54,12,0.061867
54,13,0.056371
54,14,0.088207
54,15,0.113436
54,16,0.089507
54,17,0.065771
54,18,0.052091
54,19,0.065384
54,20,0.062321
54,21,0.027314
54,22,0.007913
54,23,0.035644
54,24,0.033226
54,25,0.035767
54,26,0.067925
54,27,0.045003
54,28,0.001110
54,29,0.066555
54,30,0.080076
54,31,0.052925
54,32,0.073325
54,33,0.097296
54,34,0.061474
54,35,0.001134
54,36,0.008211
54,37,0.005108
54,38,0.004197
54,39,0.043975
54,40,0.031691
54,41,0.017306
54,42,0.007666
54,43,0.017837
54,44,0.004867
54,45,0.019759
54,46,0.008361
54,47,0.012359
54,48,0.051728
54,49,0.026742
54,50,0.061608
54,51,0.055704
54,52,0.065733
54,53,0.054945
54,54,0.000000
54,55,0.048310
54,56,0.052853
54,57,0.102836
54,58,0.068682
54,59,0.043680
54,60,0.019877
54,61,0.044705
54,62,0.003616
54,63,0.000095
54,64,0.020800
54,65,0.016799
54,66,0.012516
54,67,0.029563
54,68,0.000848
54,69,0.040097
54,70,0.037102
54,71,0.065236
54,72,0.034503
54,73,0.124243
54,74,0.163978
54,75,0.054237
54,76,0.074742
54,77,0.124055
54,78,0.009069
54,79,0.021266
54,80,0.058632
54,81,0.081917
54,82,0.048672
54,83,0.013773
54,84,0.028980
54,85,0.050347
54,86,0.056826
54,87,0.027746
54,88,0.025783
54,89,0.056891
54,90,0.030769
54,91,0.010391
54,92,0.062486
54,93,0.061623
54,94,0.022165
54,95,0.009763
54,96,0.027462
54,97,0.009227
54,98,0.026790
54,99,0.039015
54,100,0.006733
54,101,0.009060
54,102,0.016111
54,103,0.029343
54,104,0.004631
54,105,0.039818
54,106,0.013229
54,107,0.012069
54,108,0.059038
54,109,0.021095
54,110,0.013755
54,111,0.050731
54,112,0.048059
54,113,0.054488
54,114,0.006634
54,115,0.026848
54,116,0.025849
54,117,0.016166
54,118,0.047603
54,119,0.066986
54,120,0.047192
54,121,0.000547
54,122,0.029732
54,123,0.014492
54,124,0.027804
54,125,0.020096
54,126,0.000153
54,127,0.008022
54,128,0.023238
54,129,0.048157
54,130,0.011479
54,131,0.032886
54,132,0.071244
54,133,0.037325
55,1,0.001668
55,2,0.023595
55,3,0.063696
55,4,0.068334
55,5,0.067432
55,6,0.113745
55,7,0.070158
55,8,0.072618
55,9,0.019549
55,10,0.045377
55,11,0.021022
55,12,0.053995
55,13,0.074779
55,14,0.095091
55,15,0.119915
55,16,0.092371
55,17,0.081591
55,18,0.060582
55,19,0.049971
55,20,0.034769
55,21,0.037251
55,22,0.013057
55,23,0.083754
55,24,0.052486
55,25,0.051946
55,26,0.063285
55,27,0.072031
55,28,0.002307
55,29,0.049977
55,30,0.082897
55,31,0.065430
55,32,0.114620
55,33,0.101755
55,34,0.060130
55,35,0.020768
55,36,0.027549
55,37,0.057154
55,38,0.041150
55,39,0.076268
55,40,0.069654
55,41,0.041120
55,42,0.006161
55,43,0.001591
55,44,0.006116
55,45,0.020751
55,46,0.021189
55,47,0.028436
55,48,0.040156
55,49,0.044593
55,50,0.088433
55,51,0.056078
55,52,0.075122
55,53,0.057392
55,54,0.048310
55,55,0.000000
55,56,0.092603
55,57,0.167332
55,58,0.127708
55,59,0.106617
55,60,0.013399
55,61,0.045141
55,62,0.006302
55,63,0.018109
55,64,0.036874
55,65,0.059733
55,66,0.051213
55,67,0.065788
55,68,0.018826
55,69,0.056037
55,70,0.041278
55,71,0.044365
55,72,0.051850
55,73,0.047816
55,74,0.121234
55,75,0.067660
55,76,0.047808
55,77,0.107282
55,78,0.057537
55,79,0.032168
55,80,0.039011
55,81,0.015815
55,82,0.031849
55,83,0.065430
55,84,0.002073
55,85,0.001514
55,86,0.079960
55,87,0.028361
55,88,0.044408
55,89,0.131045
55,90,0.138522
55,91,0.057125
55,92,0.000380
55,93,0.034828
55,94,0.024123
55,95,0.003095
55,96,0.033273
55,97,0.041515
55,98,0.012040
55,99,0.044384
55,100,0.053178
55,101,0.017220
55,102,0.023822
55,103,0.018035
55,104,0.022360
55,105,0.009641
55,106,0.013120
55,107,0.011503
55,108,0.055672
55,109,0.013000
55,110,0.006087
55,111,0.043589
55,112,0.057909
55,113,0.082393
55,114,0.035851
55,115,0.024339
55,116,0.029671
55,117,0.020452
55,118,0.037947
55,119,0.044861
55,120,0.009456
55,121,0.032239
55,122,0.011228
55,123,0.000672
55,124,0.014197
55,125,0.014748
55,126,0.016122
55,127,0.026530
55,128,0.020041
55,129,0.008798
55,130,0.016708
55,131,0.002061
55,132,0.042290
55,133,0.019589
56,1,0.070242
56,2,0.018034
56,3,0.100022
56,4,0.113854
56,5,0.093896
56,6,0.154113
56,7,0.121607
56,8,0.101933
56,9,0.074116
56,10,0.067270
56,11,0.029001
56,12,0.086877
56,13,0.092090
56,14,0.139561
56,15,0.170475
56,16,0.197085
56,17,0.189496
56,18,0.053627
56,19,0.050917
56,20,0.019108
56,21,0.064893
56,22,0.038275
56,23,0.054822
56,24,0.052955
56,25,0.046486
56,26,0.106672
56,27,0.127490
56,28,0.022979
56,29,0.070797
56,30,0.109100
56,31,0.118762
56,32,0.171401
56,33,0.145124
56,34,0.103379
56,35,0.025373
56,36,0.020938
56,37,0.040726
56,38,0.065157
56,39,0.100617
56,40,0.118155
56,41,0.106099
56,42,0.056638
56,43,0.064350
56,44,0.054599
56,45,0.001587
56,46,0.032244
56,47,0.017564
56,48,0.014707
56,49,0.024201
56,50,0.040604
56,51,0.015674
56,52,0.054969
56,53,0.044526
56,54,0.052853
56,55,0.092603
56,56,0.000000
56,57,0.062083
56,58,0.048028
56,59,0.046890
56,60,0.007599
56,61,0.001518
56,62,0.059087
56,63,0.018594
56,64,0.107964
56,65,0.108806
56,66,0.101048
56,67,0.078002
56,68,0.042657
56,69,0.089608
56,70,0.094424
56,71,0.124502
56,72,0.038514
56,73,0.110829
56,74,0.229778
56,75,0.098352
56,76,0.139758
56,77,0.188780
56,78,0.035915
56,79,0.027152
56,80,0.144122
56,81,0.002564
56,82,0.044676
56,83,0.034404
56,84,0.049203
56,85,0.051868
56,86,0.035959
56,87,0.004859
56,88,0.012930
56,89,0.088131
56,90,0.087740
56,91,0.012761
56,92,0.066086
56,93,0.087548
56,94,0.058785
56,95,0.052305
56,96,0.073195
56,97,0.061207
56,98,0.020567
56,99,0.048867
56,100,0.002502
56,101,0.003827
56,102,0.016082
56,103,0.007870
56,104,0.012403
56,105,0.084285
56,106,0.011312
56,107,0.008479
56,108,0.045308
56,109,0.097396
56,110,0.109921
56,111,0.147099
56,112,0.136263
56,113,0.138804
56,114,0.089050
56,115,0.073325
56,116,0.025129
56,117,0.010895
56,118,0.062528
56,119,0.032879
56,120,0.002774
56,121,0.036271
56,122,0.028777
56,123,0.003229
56,124,0.071168
56,125,0.060671
56,126,0.023744
56,127,0.010346
56,128,0.053811
56,129,0.044323
56,130,0.001488
56,131,0.014461
56,132,0.077125
56,133,0.058695
57,1,0.071000
57,2,0.045666
57,3,0.081280
57,4,0.082235
57,5,0.065309
57,6,0.082395
57,7,0.070792
57,8,0.075452
57,9,0.036596
57,10,0.046960
57,11,0.015277
57,12,0.004361
57,13,0.042634
57,14,0.076025
57,15,0.124208
57,16,0.122056
57,17,0.121627
57,18,0.026770
57,19,0.077940
57,20,0.015222
57,21,0.062016
57,22,0.049576
57,23,0.057128
57,24,0.020869
57,25,0.072967
57,26,0.086992
57,27,0.098035
57,28,0.012354
57,29,0.017310
57,30,0.057339
57,31,0.077599
57,32,0.104440
57,33,0.080358
57,34,0.055592
57,35,0.009119
57,36,0.014990
57,37,0.076191
57,38,0.057769
57,39,0.087933
57,40,0.076696
57,41,0.029813
57,42,0.023615
57,43,0.006286
57,44,0.005220
57,45,0.036642
57,46,0.005705
57,47,0.010315
57,48,0.006641
57,49,0.015098
57,50,0.065797
57,51,0.031928
57,52,0.065608
57,53,0.067647
57,54,0.102836
57,55,0.167332
57,56,0.062083
57,57,0.000000
57,58,0.003523
57,59,0.028769
57,60,0.000745
57,61,0.025545
57,62,0.003203
57,63,0.037037
57,64,0.053611
57,65,0.107153
57,66,0.087289
57,67,0.057893
57,68,0.045913
57,69,0.093104
57,70,0.065914
57,71,0.076874
57,72,0.017182
57,73,0.091131
57,74,0.088740
57,75,0.037136
57,76,0.052248
57,77,0.062164
57,78,0.008124
57,79,0.011521
57,80,0.024803
57,81,0.051357
57,82,0.005528
57,83,0.042176
57,84,0.002816
57,85,0.056666
57,86,0.075870
57,87,0.036722
57,88,0.009043
57,89,0.125019
57,90,0.116178
57,91,0.002560
57,92,0.025846
57,93,0.035137
57,94,0.031038
57,95,0.016083
57,96,0.025528
57,97,0.027695
57,98,0.018093
57,99,0.028623
57,100,0.027879
57,101,0.013460
57,102,0.024863
57,103,0.009597
57,104,0.036854
57,105,0.017848
57,106,0.019222
57,107,0.000627
57,108,0.034923
57,109,0.071701
57,110,0.105960
57,111,0.109963
57,112,0.126174
57,113,0.136307
57,114,0.094492
57,115,0.066350
57,116,0.015932
57,117,0.008588
57,118,0.042457
57,119,0.009062
57,120,0.034060
57,121,0.033124
57,122,0.016568
57,123,0.009806
57,124,0.056600
57,125,0.028649
57,126,0.033288
57,127,0.001120
57,128,0.067252
57,129,0.046317
57,130,0.008512
57,131,0.060044
57,132,0.079676
57,133,0.075214
58,1,0.057670
58,2,0.045018
58,3,0.094212
58,4,0.099692
58,5,0.065325
58,6,0.078297
58,7,0.081805
58,8,0.065531
58,9,0.034263
58,10,0.008347
58,11,0.009112
58,12,0.026808
58,13,0.025623
58,14,0.053771
58,15,0.100332
58,16,0.073417
58,17,0.076372
58,18,0.020647
58,19,0.020821
58,20,0.024568
58,21,0.006515
58,22,0.056246
58,23,0.063307
58,24,0.014067
58,25,0.065072
58,26,0.072956
58,27,0.059365
58,28,0.001781
58,29,0.040750
58,30,0.052088
58,31,0.025583
58,32,0.055148
58,33,0.062843
58,34,0.020993
58,35,0.001956
58,36,0.012900
58,37,0.019026
58,38,0.039811
58,39,0.064342
58,40,0.067665
58,41,0.052141
58,42,0.010106
58,43,0.020492
58,44,0.015645
58,45,0.034094
58,46,0.036099
58,47,0.027616
58,48,0.010373
58,49,0.010664
58,50,0.035935
58,51,0.016910
58,52,0.050629
58,53,0.032316
58,54,0.068682
58,55,0.127708
58,56,0.048028
58,57,0.003523
58,58,0.000000
58,59,0.074579
58,60,0.009932
58,61,0.042693
58,62,0.027158
58,63,0.014845
58,64,0.056320
58,65,0.080319
58,66,0.075020
58,67,0.042079
58,68,0.043278
58,69,0.074587
58,70,0.059902
58,71,0.068411
58,72,0.046873
58,73,0.132648
58,74,0.052567
58,75,0.014827
58,76,0.057136
58,77,0.090774
58,78,0.024937
58,79,0.008626
58,80,0.079167
58,81,0.055916
58,82,0.020551
58,83,0.030835
58,84,0.013793
58,85,0.074404
58,86,0.040379
58,87,0.037795
58,88,0.025492
58,89,0.067446
58,90,0.048430
58,91,0.042981
58,92,0.031057
58,93,0.055109
58,94,0.017792
58,95,0.002247
58,96,0.031396
58,97,0.015981
58,98,0.000076
58,99,0.044943
58,100,0.017821
58,101,0.005305
58,102,0.016844
58,103,0.000072
58,104,0.024214
58,105,0.008155
58,106,0.003785
58,107,0.036688
58,108,0.019221
58,109,0.076287
58,110,0.108375
58,111,0.079365
58,112,0.111600
58,113,0.098035
58,114,0.088723
58,115,0.039956
58,116,0.001064
58,117,0.030188
58,118,0.028470
58,119,0.008208
58,120,0.023894
58,121,0.028819
58,122,0.006381
58,123,0.004118
58,124,0.073011
58,125,0.061483
58,126,0.076820
58,127,0.038190
58,128,0.067052
58,129,0.050393
58,130,0.003023
58,131,0.066326
58,132,0.070358
58,133,0.082267
59,1,0.055811
59,2,0.008036
59,3,0.143180
59,4,0.144461
59,5,0.056157
59,6,0.045277
59,7,0.145226
59,8,0.103337
59,9,0.009104
59,10,0.053902
59,11,0.077228
59,12,0.047827
59,13,0.064134
59,14,0.096900
59,15,0.158663
59,16,0.117864
59,17,0.107617
59,18,0.034355
59,19,0.020705
59,20,0.063342
59,21,0.007203
59,22,0.062315
59,23,0.099511
59,24,0.063586
59,25,0.106777
59,26,0.130101
59,27,0.127599
59,28,0.051124
59,29,0.085791
59,30,0.121292
59,31,0.089635
59,32,0.096057
59,33,0.103304
59,34,0.067249
59,35,0.069239
59,36,0.070514
59,37,0.009312
59,38,0.026720
59,39,0.057520
59,40,0.086936
59,41,0.092442
59,42,0.036403
59,43,0.026682
59,44,0.026077
59,45,0.026561
59,46,0.063472
59,47,0.031631
59,48,0.028554
59,49,0.031492
59,50,0.004676
59,51,0.010225
59,52,0.021974
59,53,0.054316
59,54,0.043680
59,55,0.106617
59,56,0.046890
59,57,0.028769
59,58,0.074579
59,59,0.000000
59,60,0.071153
59,61,0.069551
59,62,0.018716
59,63,0.054872
59,64,0.125582
59,65,0.112982
59,66,0.094587
59,67,0.009041
59,68,0.077213
59,69,0.123839
59,70,0.103017
59,71,0.097989
59,72,0.052467
59,73,0.172346
59,74,0.011042
59,75,0.022997
59,76,0.059029
59,77,0.124105
59,78,0.080217
59,79,0.077832
59,80,0.134408
59,81,0.051474
59,82,0.006838
59,83,0.077759
59,84,0.064127
59,85,0.023216
59,86,0.103725
59,87,0.092172
59,88,0.013969
59,89,0.104896
59,90,0.065068
59,91,0.010470
59,92,0.012556
59,93,0.004469
59,94,0.035914
59,95,0.029204
59,96,0.020423
59,97,0.039394
59,98,0.007176
59,99,0.073142
59,100,0.041233
59,101,0.018718
59,102,0.004130
59,103,0.011199
59,104,0.018619
59,105,0.035120
59,106,0.062751
59,107,0.090926
59,108,0.077396
59,109,0.072312
59,110,0.056184
59,111,0.007835
59,112,0.046297
59,113,0.025352
59,114,0.034993
59,115,0.040463
59,116,0.038976
59,117,0.034418
59,118,0.055242
59,119,0.035315
59,120,0.026128
59,121,0.004697
59,122,0.016284
59,123,0.055062
59,124,0.091798
59,125,0.064937
59,126,0.085522
59,127,0.046247
59,128,0.115104
59,129,0.104193
59,130,0.064153
59,131,0.002144
59,132,0.004782
59,133,0.035978
60,1,0.022357
60,2,0.010616
60,3,0.033094
60,4,0.030212
60,5,0.034892
60,6,0.057198
60,7,0.005063
60,8,0.015470
60,9,0.069997
60,10,0.110748
60,11,0.080216
60,12,0.079861
60,13,0.101334
60,14,0.062612
60,15,0.006389
60,16,0.025036
60,17,0.006588
60,18,0.041546
60,19,0.002377
60,20,0.087241
60,21,0.082744
60,22,0.056305
60,23,0.011395
60,24,0.018842
60,25,0.025100
60,26,0.012387
60,27,0.052293
60,28,0.029050
60,29,0.022383
60,30,0.029331
60,31,0.078012
60,32,0.023978
60,33,0.030097
60,34,0.090816
60,35,0.041100
60,36,0.067869
60,37,0.101645
60,38,0.051025
60,39,0.056720
60,40,0.030926
60,41,0.000963
60,42,0.007674
60,43,0.021204
60,44,0.070577
60,45,0.022249
60,46,0.089011
60,47,0.023768
60,48,0.035462
60,49,0.052789
60,50,0.039564
60,51,0.079242
60,52,0.074610
60,53,0.049589
60,54,0.019877
60,55,0.013399
60,56,0.007599
60,57,0.000745
60,58,0.009932
60,59,0.071153
60,60,0.000000
60,61,0.082083
60,62,0.127635
60,63,0.099251
60,64,0.060079
60,65,0.042329
60,66,0.043909
60,67,0.072132
60,68,0.053299
60,69,0.009733
60,70,0.011761
60,71,0.025339
60,72,0.064976
60,73,0.125102
60,74,0.040869
60,75,0.011763
60,76,0.071735
60,77,0.014664
60,78,0.004788
60,79,0.022347
60,80,0.028319
60,81,0.034710
60,82,0.074589
60,83,0.042140
60,84,0.045847
60,85,0.008493
60,86,0.024153
60,87,0.109889
60,88,0.041590
60,89,0.093935
60,90,0.049370
60,91,0.014912
60,92,0.033634
60,93,0.063166
60,94,0.086130
60,95,0.113510
60,96,0.098267
60,97,0.087691
60,98,0.062881
60,99,0.021520
60,100,0.053187
60,101,0.061978
60,102,0.026832
60,103,0.040295
60,104,0.020580
60,105,0.021704
60,106,0.004892
60,107,0.016009
60,108,0.027694
60,109,0.089009
60,110,0.137087
60,111,0.157959
60,112,0.128389
60,113,0.153515
60,114,0.118416
60,115,0.106336
60,116,0.045599
60,117,0.048001
60,118,0.041704
60,119,0.003997
60,120,0.029124
60,121,0.015684
60,122,0.026822
60,123,0.036948
60,124,0.017690
60,125,0.033649
60,126,0.055295
60,127,0.036903
60,128,0.012160
60,129,0.052760
60,130,0.048250
60,131,0.045091
60,132,0.030880
60,133,0.015452
61,1,0.050507
61,2,0.039925
61,3,0.068039
61,4,0.083099
61,5,0.135141
61,6,0.144521
61,7,0.082957
61,8,0.072133
61,9,0.075544
61,10,0.097759
61,11,0.091814
61,12,0.030687
61,13,0.099081
61,14,0.101219
61,15,0.085234
61,16,0.074692
61,17,0.073338
61,18,0.071835
61,19,0.045460
61,20,0.134526
61,21,0.102844
61,22,0.076635
61,23,0.013777
61,24,0.004955
61,25,0.031506
61,26,0.032371
61,27,0.084830
61,28,0.019624
61,29,0.081895
61,30,0.110586
61,31,0.144143
61,32,0.119216
61,33,0.117823
61,34,0.118386
61,35,0.083646
61,36,0.113590
61,37,0.139613
61,38,0.087908
61,39,0.099820
61,40,0.061563
61,41,0.021748
61,42,0.017385
61,43,0.004939
61,44,0.029471
61,45,0.047027
61,46,0.077197
61,47,0.070276
61,48,0.029271
61,49,0.032156
61,50,0.027876
61,51,0.113266
61,52,0.116979
61,53,0.089545
61,54,0.044705
61,55,0.045141
61,56,0.001518
61,57,0.025545
61,58,0.042693
61,59,0.069551
61,60,0.082083
61,61,0.000000
61,62,0.095846
61,63,0.086804
61,64,0.061076
61,65,0.066746
61,66,0.061621
61,67,0.048920
61,68,0.059031
61,69,0.056180
61,70,0.047899
61,71,0.028774
61,72,0.063168
61,73,0.109493
61,74,0.030949
61,75,0.000848
61,76,0.056137
61,77,0.006829
61,78,0.028777
61,79,0.015465
61,80,0.011209
61,81,0.131371
61,82,0.126516
61,83,0.067790
61,84,0.053303
61,85,0.005529
61,86,0.013922
61,87,0.115381
61,88,0.046130
61,89,0.027965
61,90,0.004804
61,91,0.033338
61,92,0.038234
61,93,0.061036
61,94,0.052675
61,95,0.054310
61,96,0.051697
61,97,0.058073
61,98,0.027204
61,99,0.015425
61,100,0.028978
61,101,0.053710
61,102,0.033862
61,103,0.071185
61,104,0.034509
61,105,0.007826
61,106,0.010280
61,107,0.000547
61,108,0.044220
61,109,0.129977
61,110,0.214691
61,111,0.229789
61,112,0.216227
61,113,0.233536
61,114,0.191632
61,115,0.111562
61,116,0.039691
61,117,0.011117
61,118,0.033639
61,119,0.019808
61,120,0.048734
61,121,0.046454
61,122,0.007729
61,123,0.034045
61,124,0.033321
61,125,0.020588
61,126,0.015017
61,127,0.015979
61,128,0.009425
61,129,0.049080
61,130,0.047350
61,131,0.009224
61,132,0.015333
61,133,0.050079
62,1,0.061419
62,2,0.092302
62,3,0.056919
62,4,0.110485
62,5,0.098538
62,6,0.151877
62,7,0.058174
62,8,0.002464
62,9,0.053254
62,10,0.011367
62,11,0.042126
62,12,0.123173
62,13,0.037332
62,14,0.014197
62,15,0.017724
62,16,0.008486
62,17,0.001825
62,18,0.172230
62,19,0.144761
62,20,0.285323
62,21,0.185390
62,22,0.055267
62,23,0.007932
62,24,0.038570
62,25,0.004923
62,26,0.008738
62,27,0.073265
62,28,0.037734
62,29,0.028550
62,30,0.010993
62,31,0.089313
62,32,0.087750
62,33,0.049886
62,34,0.010653
62,35,0.001858
62,36,0.029538
62,37,0.154806
62,38,0.107003
62,39,0.072324
62,40,0.007608
62,41,0.073487
62,42,0.045382
62,43,0.020928
62,44,0.048058
62,45,0.090948
62,46,0.103518
62,47,0.099001
62,48,0.018770
62,49,0.030460
62,50,0.011253
62,51,0.046246
62,52,0.080839
62,53,0.058736
62,54,0.003616
62,55,0.006302
62,56,0.059087
62,57,0.003203
62,58,0.027158
62,59,0.018716
62,60,0.127635
62,61,0.095846
62,62,0.000000
62,63,0.055737
62,64,0.068794
62,65,0.008728
62,66,0.031978
62,67,0.053622
62,68,0.003774
62,69,0.002149
62,70,0.039006
62,71,0.038753
62,72,0.110397
62,73,0.148246
62,74,0.048462
62,75,0.015815
62,76,0.034092
62,77,0.087949
62,78,0.148773
62,79,0.171175
62,80,0.067971
62,81,0.174453
62,82,0.105408
62,83,0.061137
62,84,0.007836
62,85,0.036083
62,86,0.010896
62,87,0.084986
62,88,0.018672
62,89,0.011802
62,90,0.034422
62,91,0.017136
62,92,0.051897
62,93,0.088236
62,94,0.081142
62,95,0.064512
62,96,0.045567
62,97,0.039708
62,98,0.003178
62,99,0.042776
62,100,0.026022
62,101,0.066740
62,102,0.034646
62,103,0.030385
62,104,0.006303
62,105,0.035052
62,106,0.001857
62,107,0.003043
62,108,0.011100
62,109,0.098816
62,110,0.187427
62,111,0.229794
62,112,0.201091
62,113,0.204100
62,114,0.180413
62,115,0.108423
62,116,0.048326
62,117,0.004290
62,118,0.006061
62,119,0.003420
62,120,0.066187
62,121,0.077351
62,122,0.061865
62,123,0.028066
62,124,0.001894
62,125,0.009804
62,126,0.023537
62,127,0.012114
62,128,0.015972
62,129,0.027819
62,130,0.048752
62,131,0.015337
62,132,0.015381
62,133,0.043011
63,1,0.048003
63,2,0.100487
63,3,0.039067
63,4,0.071965
63,5,0.089810
63,6,0.101402
63,7,0.004205
63,8,0.018255
63,9,0.076129
63,10,0.016640
63,11,0.018048
63,12,0.184644
63,13,0.090547
63,14,0.059885
63,15,0.027398
63,16,0.037654
63,17,0.039586
63,18,0.170833
63,19,0.208351
63,20,0.295898
63,21,0.155339
63,22,0.002882
63,23,0.009692
63,24,0.016526
63,25,0.000071
63,26,0.036912
63,27,0.052510
63,28,0.015498
63,29,0.067468
63,30,0.042805
63,31,0.042459
63,32,0.062821
63,33,0.029351
63,34,0.069376
63,35,0.016104
63,36,0.056794
63,37,0.188605
63,38,0.067173
63,39,0.027553
63,40,0.045155
63,41,0.138586
63,42,0.084853
63,43,0.057593
63,44,0.069338
63,45,0.085624
63,46,0.139537
63,47,0.103524
63,48,0.026963
63,49,0.020344
63,50,0.034595
63,51,0.022375
63,52,0.070905
63,53,0.024250
63,54,0.000095
63,55,0.018109
63,56,0.018594
63,57,0.037037
63,58,0.014845
63,59,0.054872
63,60,0.099251
63,61,0.086804
63,62,0.055737
63,63,0.000000
63,64,0.117705
63,65,0.036881
63,66,0.005063
63,67,0.003845
63,68,0.008458
63,69,0.034602
63,70,0.042471
63,71,0.036625
63,72,0.114547
63,73,0.204793
63,74,0.014308
63,75,0.038799
63,76,0.153272
63,77,0.241504
63,78,0.215918
63,79,0.226438
63,80,0.224531
63,81,0.175731
63,82,0.057001
63,83,0.008862
63,84,0.078585
63,85,0.120505
63,86,0.014101
63,87,0.084297
63,88,0.004685
63,89,0.064649
63,90,0.039097
63,91,0.064876
63,92,0.004452
63,93,0.019470
63,94,0.004501
63,95,0.022411
63,96,0.005603
63,97,0.019865
63,98,0.005152
63,99,0.046815
63,100,0.044575
63,101,0.065321
63,102,0.013519
63,103,0.020578
63,104,0.062689
63,105,0.050845
63,106,0.005681
63,107,0.019764
63,108,0.070976
63,109,0.041710
63,110,0.114087
63,111,0.145600
63,112,0.117360
63,113,0.101704
63,114,0.102539
63,115,0.059496
63,116,0.030164
63,117,0.001184
63,118,0.026829
63,119,0.010559
63,120,0.022320
63,121,0.052480
63,122,0.040390
63,123,0.034239
63,124,0.021798
63,125,0.036991
63,126,0.012670
63,127,0.052225
63,128,0.004164
63,129,0.011980
63,130,0.029320
63,131,0.063592
63,132,0.030304
63,133,0.069826
64,1,0.095098
64,2,0.137336
64,3,0.072847
64,4,0.139985
64,5,0.157017
64,6,0.159283
64,7,0.048901
64,8,0.017556
64,9,0.081812
64,10,0.012186
64,11,0.065134
64,12,0.211316
64,13,0.087727
64,14,0.020673
64,15,0.025862
64,16,0.019497
64,17,0.029118
64,18,0.293103
64,19,0.336227
64,20,0.418854
64,21,0.275721
64,22,0.044152
64,23,0.036184
64,24,0.003567
64,25,0.064385
64,26,0.030795
64,27,0.109650
64,28,0.042932
64,29,0.106491
64,30,0.061333
64,31,0.079081
64,32,0.169141
64,33,0.011491
64,34,0.073368
64,35,0.014095
64,36,0.059834
64,37,0.233746
64,38,0.125349
64,39,0.065352
64,40,0.013420
64,41,0.086864
64,42,0.103335
64,43,0.051763
64,44,0.055436
64,45,0.129252
64,46,0.136996
64,47,0.118484
64,48,0.025657
64,49,0.013312
64,50,0.025771
64,51,0.054736
64,52,0.042726
64,53,0.038480
64,54,0.020800
64,55,0.036874
64,56,0.107964
64,57,0.053611
64,58,0.056320
64,59,0.125582
64,60,0.060079
64,61,0.061076
64,62,0.068794
64,63,0.117705
64,64,0.000000
64,65,0.026116
64,66,0.087699
64,67,0.073342
64,68,0.054713
64,69,0.049064
64,70,0.017435
64,71,0.018158
64,72,0.125404
64,73,0.156996
64,74,0.062964
64,75,0.010768
64,76,0.100744
64,77,0.186971
64,78,0.211299
64,79,0.260553
64,80,0.219971
64,81,0.215579
64,82,0.089938
64,83,0.034990
64,84,0.019395
64,85,0.080738
64,86,0.036652
64,87,0.118160
64,88,0.005581
64,89,0.170894
64,90,0.152488
64,91,0.119441
64,92,0.017166
64,93,0.029080
64,94,0.001790
64,95,0.031587
64,96,0.030110
64,97,0.012349
64,98,0.015251
64,99,0.049746
64,100,0.039421
64,101,0.016864
64,102,0.078141
64,103,0.036054
64,104,0.018889
64,105,0.049209
64,106,0.009623
64,107,0.026719
64,108,0.096198
64,109,0.056351
64,110,0.146744
64,111,0.201236
64,112,0.181178
64,113,0.172689
64,114,0.158557
64,115,0.081599
64,116,0.064699
64,117,0.001225
64,118,0.007925
64,119,0.008366
64,120,0.044049
64,121,0.052704
64,122,0.068841
64,123,0.023302
64,124,0.006709
64,125,0.016182
64,126,0.011303
64,127,0.054586
64,128,0.011430
64,129,0.008087
64,130,0.029112
64,131,0.052305
64,132,0.021616
64,133,0.080889
65,1,0.165079
65,2,0.150979
65,3,0.171357
65,4,0.254453
65,5,0.260951
65,6,0.234058
65,7,0.167650
65,8,0.118082
65,9,0.025698
65,10,0.086320
65,11,0.121608
65,12,0.076104
65,13,0.073103
65,14,0.124754
65,15,0.155089
65,16,0.109174
65,17,0.110694
65,18,0.187059
65,19,0.204702
65,20,0.311656
65,21,0.207803
65,22,0.074101
65,23,0.119110
65,24,0.066336
65,25,0.126234
65,26,0.093664
65,27,0.134686
65,28,0.048979
65,29,0.029066
65,30,0.049405
65,31,0.155418
65,32,0.260427
65,33,0.109008
65,34,0.019816
65,35,0.099750
65,36,0.157437
65,37,0.249263
65,38,0.158196
65,39,0.124414
65,40,0.066203
65,41,0.006768
65,42,0.049643
65,43,0.034976
65,44,0.073446
65,45,0.117869
65,46,0.111378
65,47,0.125491
65,48,0.021152
65,49,0.003525
65,50,0.001892
65,51,0.081394
65,52,0.034945
65,53,0.037022
65,54,0.016799
65,55,0.059733
65,56,0.108806
65,57,0.107153
65,58,0.080319
65,59,0.112982
65,60,0.042329
65,61,0.066746
65,62,0.008728
65,63,0.036881
65,64,0.026116
65,65,0.000000
65,66,0.096645
65,67,0.186415
65,68,0.097404
65,69,0.086688
65,70,0.030512
65,71,0.022806
65,72,0.129006
65,73,0.189313
65,74,0.029288
65,75,0.002341
65,76,0.093478
65,77,0.207066
65,78,0.112050
65,79,0.122976
65,80,0.174612
65,81,0.332069
65,82,0.200769
65,83,0.071237
65,84,0.055362
65,85,0.091310
65,86,0.036197
65,87,0.135145
65,88,0.038877
65,89,0.142978
65,90,0.158174
65,91,0.115491
65,92,0.025099
65,93,0.027242
65,94,0.006548
65,95,0.039520
65,96,0.059953
65,97,0.055483
65,98,0.003539
65,99,0.012412
65,100,0.090128
65,101,0.079497
65,102,0.042789
65,103,0.012503
65,104,0.013800
65,105,0.030478
65,106,0.087458
65,107,0.056664
65,108,0.026844
65,109,0.098057
65,110,0.215738
65,111,0.267507
65,112,0.274441
65,113,0.285411
65,114,0.294806
65,115,0.148427
65,116,0.088139
65,117,0.007801
65,118,0.036543
65,119,0.061010
65,120,0.042196
65,121,0.013841
65,122,0.032967
65,123,0.061726
65,124,0.089903
65,125,0.053322
65,126,0.034502
65,127,0.008719
65,128,0.042083
65,129,0.066758
65,130,0.081553
65,131,0.026300
65,132,0.034676
65,133,0.049466
66,1,0.174787
66,2,0.152795
66,3,0.170402
66,4,0.237411
66,5,0.228387
66,6,0.249901
66,7,0.176007
66,8,0.136780
66,9,0.078392
66,10,0.116168
66,11,0.139845
66,12,0.005282
66,13,0.109489
66,14,0.153851
66,15,0.165916
66,16,0.130893
66,17,0.126382
66,18,0.146722
66,19,0.152063
66,20,0.246316
66,21,0.169521
66,22,0.090604
66,23,0.139864
66,24,0.103494
66,25,0.146926
66,26,0.108908
66,27,0.153487
66,28,0.011460
66,29,0.021169
66,30,0.092801
66,31,0.190813
66,32,0.252574
66,33,0.132768
66,34,0.060280
66,35,0.141653
66,36,0.190827
66,37,0.225263
66,38,0.130368
66,39,0.126168
66,40,0.099429
66,41,0.045974
66,42,0.002713
66,43,0.000832
66,44,0.038472
66,45,0.074138
66,46,0.082946
66,47,0.090364
66,48,0.004209
66,49,0.014584
66,50,0.012436
66,51,0.092299
66,52,0.037489
66,53,0.052407
66,54,0.012516
66,55,0.051213
66,56,0.101048
66,57,0.087289
66,58,0.075020
66,59,0.094587
66,60,0.043909
66,61,0.061621
66,62,0.031978
66,63,0.005063
66,64,0.087699
66,65,0.096645
66,66,0.000000
66,67,0.151278
66,68,0.092887
66,69,0.124259
66,70,0.065028
66,71,0.048041
66,72,0.108616
66,73,0.163695
66,74,0.031548
66,75,0.021013
66,76,0.056664
66,77,0.165039
66,78,0.082452
66,79,0.083554
66,80,0.108299
66,81,0.317523
66,82,0.206725
66,83,0.089117
66,84,0.006716
66,85,0.054771
66,86,0.027055
66,87,0.135522
66,88,0.071967
66,89,0.071270
66,90,0.108151
66,91,0.090946
66,92,0.006911
66,93,0.032165
66,94,0.010534
66,95,0.030733
66,96,0.052989
66,97,0.052570
66,98,0.005027
66,99,0.005396
66,100,0.077320
66,101,0.056758
66,102,0.013564
66,103,0.000542
66,104,0.005324
66,105,0.019304
66,106,0.071224
66,107,0.039857
66,108,0.011560
66,109,0.113627
66,110,0.231985
66,111,0.279388
66,112,0.278141
66,113,0.296435
66,114,0.290554
66,115,0.152657
66,116,0.080017
66,117,0.003014
66,118,0.048291
66,119,0.074660
66,120,0.001789
66,121,0.018436
66,122,0.009510
66,123,0.088993
66,124,0.096133
66,125,0.077211
66,126,0.029258
66,127,0.002699
66,128,0.052272
66,129,0.064259
66,130,0.072975
66,131,0.009844
66,132,0.033173
66,133,0.018778
67,1,0.112717
67,2,0.121450
67,3,0.140086
67,4,0.188738
67,5,0.138894
67,6,0.161900
67,7,0.136685
67,8,0.111885
67,9,0.082377
67,10,0.062880
67,11,0.090219
67,12,0.033824
67,13,0.107559
67,14,0.105404
67,15,0.092942
67,16,0.062133
67,17,0.058658
67,18,0.092899
67,19,0.084508
67,20,0.120173
67,21,0.080315
67,22,0.063236
67,23,0.076425
67,24,0.058668
67,25,0.098306
67,26,0.073318
67,27,0.118838
67,28,0.003493
67,29,0.002760
67,30,0.035547
67,31,0.081157
67,32,0.110561
67,33,0.065564
67,34,0.040748
67,35,0.069880
67,36,0.105148
67,37,0.197285
67,38,0.164032
67,39,0.146101
67,40,0.106235
67,41,0.044960
67,42,0.061748
67,43,0.057352
67,44,0.074031
67,45,0.064074
67,46,0.092425
67,47,0.060423
67,48,0.005350
67,49,0.012916
67,50,0.005424
67,51,0.056656
67,52,0.021312
67,53,0.035047
67,54,0.029563
67,55,0.065788
67,56,0.078002
67,57,0.057893
67,58,0.042079
67,59,0.009041
67,60,0.072132
67,61,0.048920
67,62,0.053622
67,63,0.003845
67,64,0.073342
67,65,0.186415
67,66,0.151278
67,67,0.000000
67,68,0.104755
67,69,0.129495
67,70,0.066971
67,71,0.037481
67,72,0.065121
67,73,0.058606
67,74,0.019798
67,75,0.014758
67,76,0.055143
67,77,0.123014
67,78,0.074888
67,79,0.065218
67,80,0.039808
67,81,0.216189
67,82,0.141191
67,83,0.051629
67,84,0.028868
67,85,0.008254
67,86,0.078340
67,87,0.170065
67,88,0.121588
67,89,0.020415
67,90,0.040648
67,91,0.051057
67,92,0.011578
67,93,0.008170
67,94,0.002144
67,95,0.011981
67,96,0.055035
67,97,0.048002
67,98,0.007533
67,99,0.005137
67,100,0.070901
67,101,0.052387
67,102,0.003133
67,103,0.005591
67,104,0.018108
67,105,0.046865
67,106,0.017789
67,107,0.000804
67,108,0.027026
67,109,0.070289
67,110,0.142761
67,111,0.166480
67,112,0.181923
67,113,0.183147
67,114,0.189987
67,115,0.095624
67,116,0.056860
67,117,0.031294
67,118,0.014403
67,119,0.020947
67,120,0.045779
67,121,0.047102
67,122,0.026934
67,123,0.044635
67,124,0.052923
67,125,0.054275
67,126,0.005477
67,127,0.019641
67,128,0.045956
67,129,0.042955
67,130,0.040206
67,131,0.006069
67,132,0.016926
67,133,0.018821
68,1,0.137172
68,2,0.149213
68,3,0.160197
68,4,0.227033
68,5,0.228627
68,6,0.227264
68,7,0.163245
68,8,0.111277
68,9,0.039890
68,10,0.079374
68,11,0.113383
68,12,0.069403
68,13,0.064863
68,14,0.103374
68,15,0.133371
68,16,0.137509
68,17,0.128837
68,18,0.179253
68,19,0.200373
68,20,0.265555
68,21,0.161998
68,22,0.076928
68,23,0.087208
68,24,0.035697
68,25,0.080738
68,26,0.055345
68,27,0.122582
68,28,0.007429
68,29,0.021834
68,30,0.057929
68,31,0.141627
68,32,0.239184
68,33,0.107601
68,34,0.029303
68,35,0.075363
68,36,0.135876
68,37,0.232674
68,38,0.163218
68,39,0.130838
68,40,0.079773
68,41,0.023385
68,42,0.055522
68,43,0.042243
68,44,0.064826
68,45,0.099870
68,46,0.095634
68,47,0.088024
68,48,0.007067
68,49,0.016931
68,50,0.011494
68,51,0.049378
68,52,0.010145
68,53,0.046440
68,54,0.000848
68,55,0.018826
68,56,0.042657
68,57,0.045913
68,58,0.043278
68,59,0.077213
68,60,0.053299
68,61,0.059031
68,62,0.003774
68,63,0.008458
68,64,0.054713
68,65,0.097404
68,66,0.092887
68,67,0.104755
68,68,0.000000
68,69,0.053915
68,70,0.008299
68,71,0.021830
68,72,0.118315
68,73,0.151194
68,74,0.005935
68,75,0.011105
68,76,0.112500
68,77,0.200742
68,78,0.089834
68,79,0.111438
68,80,0.171783
68,81,0.255110
68,82,0.148391
68,83,0.046890
68,84,0.047357
68,85,0.062840
68,86,0.021049
68,87,0.111280
68,88,0.045777
68,89,0.089883
68,90,0.098912
68,91,0.073457
68,92,0.003782
68,93,0.047666
68,94,0.010645
68,95,0.032555
68,96,0.046708
68,97,0.022384
68,98,0.017085
68,99,0.006311
68,100,0.075438
68,101,0.048212
68,102,0.028843
68,103,0.013261
68,104,0.005342
68,105,0.063723
68,106,0.030625
68,107,0.013090
68,108,0.044217
68,109,0.099797
68,110,0.192474
68,111,0.235715
68,112,0.227265
68,113,0.226201
68,114,0.239248
68,115,0.123690
68,116,0.064977
68,117,0.021956
68,118,0.004508
68,119,0.046344
68,120,0.037043
68,121,0.000568
68,122,0.008974
68,123,0.036761
68,124,0.070419
68,125,0.030081
68,126,0.024444
68,127,0.002837
68,128,0.060345
68,129,0.050468
68,130,0.073915
68,131,0.003740
68,132,0.027323
68,133,0.027044
69,1,0.139597
69,2,0.115477
69,3,0.156350
69,4,0.222113
69,5,0.233152
69,6,0.223477
69,7,0.163018
69,8,0.095292
69,9,0.014480
69,10,0.088784
69,11,0.128072
69,12,0.093850
69,13,0.065494
69,14,0.093204
69,15,0.146713
69,16,0.161952
69,17,0.169680
69,18,0.223008
69,19,0.222822
69,20,0.320150
69,21,0.232060
69,22,0.053919
69,23,0.083921
69,24,0.050077
69,25,0.094375
69,26,0.054434
69,27,0.119597
69,28,0.026108
69,29,0.029265
69,30,0.074455
69,31,0.189175
69,32,0.284750
69,33,0.129404
69,34,0.043136
69,35,0.124566
69,36,0.195747
69,37,0.275489
69,38,0.165822
69,39,0.131995
69,40,0.042103
69,41,0.013904
69,42,0.080559
69,43,0.054245
69,44,0.083694
69,45,0.093447
69,46,0.121124
69,47,0.090436
69,48,0.012067
69,49,0.012584
69,50,0.023831
69,51,0.039566
69,52,0.000722
69,53,0.002566
69,54,0.040097
69,55,0.056037
69,56,0.089608
69,57,0.093104
69,58,0.074587
69,59,0.123839
69,60,0.009733
69,61,0.056180
69,62,0.002149
69,63,0.034602
69,64,0.049064
69,65,0.086688
69,66,0.124259
69,67,0.129495
69,68,0.053915
69,69,0.000000
69,70,0.009240
69,71,0.014458
69,72,0.170320
69,73,0.191549
69,74,0.012173
69,75,0.014230
69,76,0.159537
69,77,0.238497
69,78,0.092546
69,79,0.126366
69,80,0.200819
69,81,0.295758
69,82,0.137238
69,83,0.019133
69,84,0.083096
69,85,0.125539
69,86,0.021888
69,87,0.080874
69,88,0.008323
69,89,0.187513
69,90,0.190229
69,91,0.143432
69,92,0.057926
69,93,0.003732
69,94,0.007174
69,95,0.019654
69,96,0.057856
69,97,0.056294
69,98,0.006297
69,99,0.013155
69,100,0.080556
69,101,0.042896
69,102,0.013031
69,103,0.026604
69,104,0.030958
69,105,0.047354
69,106,0.024661
69,107,0.002732
69,108,0.066592
69,109,0.091227
69,110,0.175651
69,111,0.208567
69,112,0.201610
69,113,0.220289
69,114,0.217389
69,115,0.108619
69,116,0.052685
69,117,0.004607
69,118,0.010813
69,119,0.074125
69,120,0.024164
69,121,0.006053
69,122,0.005483
69,123,0.042110
69,124,0.038216
69,125,0.009968
69,126,0.004778
69,127,0.043936
69,128,0.023489
69,129,0.042911
69,130,0.050648
69,131,0.018365
69,132,0.028258
69,133,0.040931
70,1,0.101175
70,2,0.096569
70,3,0.103157
70,4,0.152801
70,5,0.184415
70,6,0.200363
70,7,0.116272
70,8,0.075909
70,9,0.037524
70,10,0.048684
70,11,0.077067
70,12,0.120479
70,13,0.032037
70,14,0.068314
70,15,0.120849
70,16,0.124092
70,17,0.140008
70,18,0.205600
70,19,0.213967
70,20,0.293515
70,21,0.225525
70,22,0.008248
70,23,0.036733
70,24,0.002641
70,25,0.028653
70,26,0.051304
70,27,0.147120
70,28,0.037375
70,29,0.043684
70,30,0.055656
70,31,0.156925
70,32,0.255326
70,33,0.102775
70,34,0.009430
70,35,0.099134
70,36,0.162058
70,37,0.227064
70,38,0.117021
70,39,0.093748
70,40,0.011846
70,41,0.064836
70,42,0.125599
70,43,0.088247
70,44,0.128873
70,45,0.086808
70,46,0.125524
70,47,0.090065
70,48,0.028035
70,49,0.024022
70,50,0.044734
70,51,0.027704
70,52,0.034030
70,53,0.005850
70,54,0.037102
70,55,0.041278
70,56,0.094424
70,57,0.065914
70,58,0.059902
70,59,0.103017
70,60,0.011761
70,61,0.047899
70,62,0.039006
70,63,0.042471
70,64,0.017435
70,65,0.030512
70,66,0.065028
70,67,0.066971
70,68,0.008299
70,69,0.009240
70,70,0.000000
70,71,0.058071
70,72,0.093880
70,73,0.147762
70,74,0.076483
70,75,0.044072
70,76,0.159255
70,77,0.213930
70,78,0.127060
70,79,0.157293
70,80,0.201480
70,81,0.200206
70,82,0.090503
70,83,0.001378
70,84,0.102110
70,85,0.156097
70,86,0.032726
70,87,0.057469
70,88,0.041497
70,89,0.161868
70,90,0.144655
70,91,0.109177
70,92,0.044964
70,93,0.003731
70,94,0.005591
70,95,0.040064
70,96,0.052500
70,97,0.071875
70,98,0.020816
70,99,0.015478
70,100,0.097744
70,101,0.060994
70,102,0.019352
70,103,0.015897
70,104,0.038156
70,105,0.036590
70,106,0.011615
70,107,0.002849
70,108,0.088681
70,109,0.043982
70,110,0.113728
70,111,0.142904
70,112,0.117699
70,113,0.127928
70,114,0.119647
70,115,0.086169
70,116,0.080223
70,117,0.025776
70,118,0.029534
70,119,0.009926
70,120,0.036030
70,121,0.047215
70,122,0.045743
70,123,0.023747
70,124,0.019123
70,125,0.020278
70,126,0.045774
70,127,0.058827
70,128,0.005717
70,129,0.030977
70,130,0.072466
70,131,0.009700
70,132,0.018736
70,133,0.017344
71,1,0.110335
71,2,0.111551
71,3,0.071358
71,4,0.103761
71,5,0.144854
71,6,0.160858
71,7,0.079226
71,8,0.059488
71,9,0.006389
71,10,0.000345
71,11,0.034615
71,12,0.066552
71,13,0.046288
71,14,0.044745
71,15,0.062851
71,16,0.072182
71,17,0.082571
71,18,0.145570
71,19,0.157876
71,20,0.196206
71,21,0.112330
71,22,0.035509
71,23,0.021039
71,24,0.018085
71,25,0.008965
71,26,0.044938
71,27,0.154389
71,28,0.106578
71,29,0.021387
71,30,0.025226
71,31,0.104848
71,32,0.161211
71,33,0.064025
71,34,0.016114
71,35,0.098216
71,36,0.131164
71,37,0.203402
71,38,0.105834
71,39,0.061866
71,40,0.037520
71,41,0.085273
71,42,0.110593
71,43,0.071609
71,44,0.082503
71,45,0.058015
71,46,0.073166
71,47,0.083689
71,48,0.031425
71,49,0.016165
71,50,0.042728
71,51,0.005728
71,52,0.028851
71,53,0.036240
71,54,0.065236
71,55,0.044365
71,56,0.124502
71,57,0.076874
71,58,0.068411
71,59,0.097989
71,60,0.025339
71,61,0.028774
71,62,0.038753
71,63,0.036625
71,64,0.018158
71,65,0.022806
71,66,0.048041
71,67,0.037481
71,68,0.021830
71,69,0.014458
71,70,0.058071
71,71,0.000000
71,72,0.064360
71,73,0.225670
71,74,0.003392
71,75,0.135544
71,76,0.205745
71,77,0.287455
71,78,0.162447
71,79,0.174315
71,80,0.180800
71,81,0.179317
71,82,0.078666
71,83,0.012958
71,84,0.097709
71,85,0.147165
71,86,0.013831
71,87,0.082220
71,88,0.023980
71,89,0.112311
71,90,0.105970
71,91,0.110105
71,92,0.054148
71,93,0.021575
71,94,0.019572
71,95,0.012635
71,96,0.030641
71,97,0.037626
71,98,0.005353
71,99,0.023687
71,100,0.055763
71,101,0.037394
71,102,0.002472
71,103,0.000701
71,104,0.018171
71,105,0.060375
71,106,0.012298
71,107,0.040561
71,108,0.086817
71,109,0.045540
71,110,0.102963
71,111,0.128916
71,112,0.096064
71,113,0.099807
71,114,0.090629
71,115,0.060788
71,116,0.073759
71,117,0.020596
71,118,0.012043
71,119,0.045633
71,120,0.064747
71,121,0.063176
71,122,0.116518
71,123,0.034698
71,124,0.049841
71,125,0.062519
71,126,0.050828
71,127,0.043342
71,128,0.026194
71,129,0.015628
71,130,0.031952
71,131,0.024543
71,132,0.008298
71,133,0.005579
72,1,0.013073
72,2,0.072943
72,3,0.039592
72,4,0.055404
72,5,0.030876
72,6,0.006179
72,7,0.087069
72,8,0.045063
72,9,0.050262
72,10,0.086194
72,11,0.076655
72,12,0.046173
72,13,0.095532
72,14,0.099105
72,15,0.076576
72,16,0.079545
72,17,0.056049
72,18,0.168253
72,19,0.130177
72,20,0.206997
72,21,0.228298
72,22,0.171110
72,23,0.126809
72,24,0.072550
72,25,0.135151
72,26,0.092099
72,27,0.026055
72,28,0.146087
72,29,0.009339
72,30,0.069805
72,31,0.095178
72,32,0.034247
72,33,0.085327
72,34,0.145772
72,35,0.054811
72,36,0.026861
72,37,0.010091
72,38,0.024415
72,39,0.070855
72,40,0.135935
72,41,0.143099
72,42,0.074501
72,43,0.067706
72,44,0.047610
72,45,0.068918
72,46,0.013598
72,47,0.019682
72,48,0.053889
72,49,0.048848
72,50,0.032325
72,51,0.113450
72,52,0.001008
72,53,0.106506
72,54,0.034503
72,55,0.051850
72,56,0.038514
72,57,0.017182
72,58,0.046873
72,59,0.052467
72,60,0.064976
72,61,0.063168
72,62,0.110397
72,63,0.114547
72,64,0.125404
72,65,0.129006
72,66,0.108616
72,67,0.065121
72,68,0.118315
72,69,0.170320
72,70,0.093880
72,71,0.064360
72,72,0.000000
72,73,0.039357
72,74,0.019900
72,75,0.158737
72,76,0.226451
72,77,0.281255
72,78,0.085010
72,79,0.033836
72,80,0.204725
72,81,0.075139
72,82,0.077263
72,83,0.021914
72,84,0.043830
72,85,0.078745
72,86,0.017249
72,87,0.030306
72,88,0.018952
72,89,0.028372
72,90,0.020697
72,91,0.024157
72,92,0.058637
72,93,0.090702
72,94,0.066654
72,95,0.027601
72,96,0.057343
72,97,0.044145
72,98,0.000746
72,99,0.038560
72,100,0.002394
72,101,0.028896
72,102,0.060475
72,103,0.002423
72,104,0.018162
72,105,0.064865
72,106,0.039059
72,107,0.047387
72,108,0.098133
72,109,0.040405
72,110,0.086542
72,111,0.071930
72,112,0.138283
72,113,0.135016
72,114,0.141790
72,115,0.106049
72,116,0.003037
72,117,0.009765
72,118,0.019849
72,119,0.080713
72,120,0.047157
72,121,0.052108
72,122,0.100444
72,123,0.066874
72,124,0.078590
72,125,0.094720
72,126,0.022914
72,127,0.004576
72,128,0.046792
72,129,0.028853
72,130,0.015715
72,131,0.005438
72,132,0.023168
72,133,0.005532
73,1,0.092739
73,2,0.005728
73,3,0.169743
73,4,0.186284
73,5,0.135320
73,6,0.148320
73,7,0.225275
73,8,0.216287
73,9,0.115719
73,10,0.099552
73,11,0.069873
73,12,0.067301
73,13,0.175017
73,14,0.227609
73,15,0.229315
73,16,0.169624
73,17,0.144534
73,18,0.229445
73,19,0.122484
73,20,0.192422
73,21,0.200930
73,22,0.168861
73,23,0.147687
73,24,0.138633
73,25,0.196208
73,26,0.180212
73,27,0.162810
73,28,0.035194
73,29,0.079489
73,30,0.148935
73,31,0.199445
73,32,0.126443
73,33,0.210866
73,34,0.216399
73,35,0.078880
73,36,0.038752
73,37,0.038343
73,38,0.093852
73,39,0.158248
73,40,0.186983
73,41,0.166195
73,42,0.098761
73,43,0.093547
73,44,0.070629
73,45,0.038157
73,46,0.047941
73,47,0.038182
73,48,0.084927
73,49,0.074097
73,50,0.002158
73,51,0.117728
73,52,0.051550
73,53,0.148592
73,54,0.124243
73,55,0.047816
73,56,0.110829
73,57,0.091131
73,58,0.132648
73,59,0.172346
73,60,0.125102
73,61,0.109493
73,62,0.148246
73,63,0.204793
73,64,0.156996
73,65,0.189313
73,66,0.163695
73,67,0.058606
73,68,0.151194
73,69,0.191549
73,70,0.147762
73,71,0.225670
73,72,0.039357
73,73,0.000000
73,74,0.129438
73,75,0.167881
73,76,0.236972
73,77,0.258021
73,78,0.030154
73,79,0.016013
73,80,0.166145
73,81,0.123633
73,82,0.099238
73,83,0.075326
73,84,0.032876
73,85,0.068423
73,86,0.018254
73,87,0.026723
73,88,0.057091
73,89,0.066847
73,90,0.064528
73,91,0.065481
73,92,0.108924
73,93,0.126517
73,94,0.081022
73,95,0.046522
73,96,0.105789
73,97,0.100806
73,98,0.008834
73,99,0.022539
73,100,0.019334
73,101,0.016450
73,102,0.051380
73,103,0.022112
73,104,0.003526
73,105,0.064974
73,106,0.109628
73,107,0.076741
73,108,0.059445
73,109,0.078435
73,110,0.109346
73,111,0.113766
73,112,0.172212
73,113,0.163629
73,114,0.150173
73,115,0.109452
73,116,0.043131
73,117,0.017251
73,118,0.048509
73,119,0.070994
73,120,0.058348
73,121,0.079933
73,122,0.072468
73,123,0.112769
73,124,0.108971
73,125,0.139738
73,126,0.042364
73,127,0.020874
73,128,0.089280
73,129,0.085867
73,130,0.068404
73,131,0.028522
73,132,0.012474
73,133,0.024735
74,1,0.141254
74,2,0.047873
74,3,0.060569
74,4,0.014350
74,5,0.001049
74,6,0.100177
74,7,0.042356
74,8,0.034496
74,9,0.134909
74,10,0.016761
74,11,0.005237
74,12,0.133002
74,13,0.082981
74,14,0.033107
74,15,0.085532
74,16,0.072480
74,17,0.055469
74,18,0.132540
74,19,0.152831
74,20,0.214884
74,21,0.159866
74,22,0.003545
74,23,0.059651
74,24,0.024316
74,25,0.050552
74,26,0.008170
74,27,0.050540
74,28,0.095784
74,29,0.057607
74,30,0.025511
74,31,0.023959
74,32,0.098855
74,33,0.025352
74,34,0.073958
74,35,0.078735
74,36,0.011372
74,37,0.022459
74,38,0.032442
74,39,0.018263
74,40,0.016463
74,41,0.026764
74,42,0.055228
74,43,0.011618
74,44,0.135768
74,45,0.028605
74,46,0.036394
74,47,0.001188
74,48,0.005064
74,49,0.004407
74,50,0.017181
74,51,0.022049
74,52,0.013740
74,53,0.059681
74,54,0.163978
74,55,0.121234
74,56,0.229778
74,57,0.088740
74,58,0.052567
74,59,0.011042
74,60,0.040869
74,61,0.030949
74,62,0.048462
74,63,0.014308
74,64,0.062964
74,65,0.029288
74,66,0.031548
74,67,0.019798
74,68,0.005935
74,69,0.012173
74,70,0.076483
74,71,0.003392
74,72,0.019900
74,73,0.129438
74,74,0.000000
74,75,0.139526
74,76,0.226175
74,77,0.256225
74,78,0.071303
74,79,0.088563
74,80,0.090869
74,81,0.035715
74,82,0.034755
74,83,0.088423
74,84,0.022376
74,85,0.084321
74,86,0.061820
74,87,0.044156
74,88,0.025420
74,89,0.072961
74,90,0.071059
74,91,0.010325
74,92,0.042835
74,93,0.068795
74,94,0.024334
74,95,0.011870
74,96,0.013436
74,97,0.027435
74,98,0.022075
74,99,0.039868
74,100,0.058542
74,101,0.013875
74,102,0.027554
74,103,0.038336
74,104,0.083298
74,105,0.050366
74,106,0.050797
74,107,0.006155
74,108,0.028890
74,109,0.157801
74,110,0.162287
74,111,0.216363
74,112,0.164760
74,113,0.165311
74,114,0.113834
74,115,0.070778
74,116,0.068797
74,117,0.085770
74,118,0.033165
74,119,0.038514
74,120,0.000833
74,121,0.041288
74,122,0.076659
74,123,0.074466
74,124,0.024029
74,125,0.010686
74,126,0.088985
74,127,0.064419
74,128,0.058260
74,129,0.030888
74,130,0.008677
74,131,0.031250
74,132,0.009294
74,133,0.035506
75,1,0.024550
75,2,0.005335
75,3,0.098412
75,4,0.068960
75,5,0.092819
75,6,0.043863
75,7,0.066915
75,8,0.067309
75,9,0.078658
75,10,0.023990
75,11,0.042993
75,12,0.050672
75,13,0.040447
75,14,0.019377
75,15,0.100229
75,16,0.140062
75,17,0.171706
75,18,0.139526
75,19,0.110173
75,20,0.088442
75,21,0.078075
75,22,0.089940
75,23,0.023890
75,24,0.010012
75,25,0.032671
75,26,0.075389
75,27,0.093095
75,28,0.089034
75,29,0.065140
75,30,0.040099
75,31,0.021194
75,32,0.121818
75,33,0.083878
75,34,0.029476
75,35,0.004971
75,36,0.041330
75,37,0.010267
75,38,0.013708
75,39,0.005250
75,40,0.014442
75,41,0.040600
75,42,0.090990
75,43,0.080885
75,44,0.110660
75,45,0.003252
75,46,0.066259
75,47,0.065133
75,48,0.040672
75,49,0.057457
75,50,0.041292
75,51,0.005063
75,52,0.008049
75,53,0.022883
75,54,0.054237
75,55,0.067660
75,56,0.098352
75,57,0.037136
75,58,0.014827
75,59,0.022997
75,60,0.011763
75,61,0.000848
75,62,0.015815
75,63,0.038799
75,64,0.010768
75,65,0.002341
75,66,0.021013
75,67,0.014758
75,68,0.011105
75,69,0.014230
75,70,0.044072
75,71,0.135544
75,72,0.158737
75,73,0.167881
75,74,0.139526
75,75,0.000000
75,76,0.208024
75,77,0.213657
75,78,0.005389
75,79,0.085833
75,80,0.172925
75,81,0.026165
75,82,0.003558
75,83,0.028263
75,84,0.078452
75,85,0.063875
75,86,0.093143
75,87,0.086967
75,88,0.014010
75,89,0.005743
75,90,0.032689
75,91,0.051586
75,92,0.054822
75,93,0.056568
75,94,0.100840
75,95,0.095475
75,96,0.099655
75,97,0.110114
75,98,0.112417
75,99,0.105552
75,100,0.066225
75,101,0.094585
75,102,0.064394
75,103,0.099746
75,104,0.103792
75,105,0.142884
75,106,0.045173
75,107,0.011085
75,108,0.087758
75,109,0.045268
75,110,0.001666
75,111,0.042312
75,112,0.095434
75,113,0.110849
75,114,0.064346
75,115,0.021971
75,116,0.061877
75,117,0.051158
75,118,0.037898
75,119,0.005847
75,120,0.012243
75,121,0.053190
75,122,0.064703
75,123,0.053648
75,124,0.024853
75,125,0.034649
75,126,0.082095
75,127,0.044817
75,128,0.088069
75,129,0.088729
75,130,0.063062
75,131,0.053740
75,132,0.085300
75,133,0.075817
76,1,0.012772
76,2,0.005400
76,3,0.057751
76,4,0.016745
76,5,0.191298
76,6,0.060618
76,7,0.096611
76,8,0.174487
76,9,0.105989
76,10,0.106930
76,11,0.077741
76,12,0.081012
76,13,0.113943
76,14,0.128922
76,15,0.181232
76,16,0.168915
76,17,0.157392
76,18,0.235966
76,19,0.150906
76,20,0.222835
76,21,0.098696
76,22,0.021814
76,23,0.110063
76,24,0.150940
76,25,0.157102
76,26,0.228069
76,27,0.193687
76,28,0.053778
76,29,0.003420
76,30,0.026831
76,31,0.099535
76,32,0.113080
76,33,0.074064
76,34,0.066578
76,35,0.064775
76,36,0.091724
76,37,0.032766
76,38,0.020209
76,39,0.037662
76,40,0.107524
76,41,0.102901
76,42,0.172330
76,43,0.111847
76,44,0.086611
76,45,0.117675
76,46,0.123457
76,47,0.146293
76,48,0.132657
76,49,0.127894
76,50,0.042177
76,51,0.040248
76,52,0.037680
76,53,0.016872
76,54,0.074742
76,55,0.047808
76,56,0.139758
76,57,0.052248
76,58,0.057136
76,59,0.059029
76,60,0.071735
76,61,0.056137
76,62,0.034092
76,63,0.153272
76,64,0.100744
76,65,0.093478
76,66,0.056664
76,67,0.055143
76,68,0.112500
76,69,0.159537
76,70,0.159255
76,71,0.205745
76,72,0.226451
76,73,0.236972
76,74,0.226175
76,75,0.208024
76,76,0.000000
76,77,0.069563
76,78,0.083205
76,79,0.026764
76,80,0.022194
76,81,0.036761
76,82,0.040654
76,83,0.016255
76,84,0.087104
76,85,0.076353
76,86,0.043950
76,87,0.063565
76,88,0.002349
76,89,0.052375
76,90,0.038739
76,91,0.058480
76,92,0.050168
76,93,0.022189
76,94,0.040681
76,95,0.092367
76,96,0.078311
76,97,0.113156
76,98,0.112439
76,99,0.068305
76,100,0.042288
76,101,0.042831
76,102,0.015000
76,103,0.020706
76,104,0.076165
76,105,0.156809
76,106,0.144397
76,107,0.135093
76,108,0.039934
76,109,0.045887
76,110,0.019927
76,111,0.051680
76,112,0.049530
76,113,0.040645
76,114,0.093055
76,115,0.061096
76,116,0.134985
76,117,0.121498
76,118,0.156231
76,119,0.100428
76,120,0.086486
76,121,0.064157
76,122,0.092595
76,123,0.129499
76,124,0.089613
76,125,0.118383
76,126,0.075515
76,127,0.100604
76,128,0.120538
76,129,0.098248
76,130,0.082985
76,131,0.056128
76,132,0.071837
76,133,0.068384
77,1,0.162992
77,2,0.095563
77,3,0.204110
77,4,0.182221
77,5,0.361908
77,6,0.078052
77,7,0.248749
77,8,0.316588
77,9,0.227327
77,10,0.200435
77,11,0.159320
77,12,0.142966
77,13,0.225948
77,14,0.269105
77,15,0.315659
77,16,0.246424
77,17,0.220315
77,18,0.207851
77,19,0.138726
77,20,0.222750
77,21,0.121699
77,22,0.021576
77,23,0.153748
77,24,0.193762
77,25,0.228143
77,26,0.301179
77,27,0.281216
77,28,0.084032
77,29,0.037330
77,30,0.110779
77,31,0.182405
77,32,0.209125
77,33,0.176061
77,34,0.135028
77,35,0.099210
77,36,0.146603
77,37,0.115491
77,38,0.068161
77,39,0.133651
77,40,0.200701
77,41,0.186977
77,42,0.215254
77,43,0.125171
77,44,0.068497
77,45,0.200097
77,46,0.145488
77,47,0.117359
77,48,0.137565
77,49,0.131236
77,50,0.063726
77,51,0.077458
77,52,0.082228
77,53,0.019628
77,54,0.124055
77,55,0.107282
77,56,0.188780
77,57,0.062164
77,58,0.090774
77,59,0.124105
77,60,0.014664
77,61,0.006829
77,62,0.087949
77,63,0.241504
77,64,0.186971
77,65,0.207066
77,66,0.165039
77,67,0.123014
77,68,0.200742
77,69,0.238497
77,70,0.213930
77,71,0.287455
77,72,0.281255
77,73,0.258021
77,74,0.256225
77,75,0.213657
77,76,0.069563
77,77,0.000000
77,78,0.068475
77,79,0.078060
77,80,0.162472
77,81,0.110466
77,82,0.064187
77,83,0.034911
77,84,0.061117
77,85,0.080718
77,86,0.049696
77,87,0.077120
77,88,0.018332
77,89,0.012512
77,90,0.017729
77,91,0.051733
77,92,0.061482
77,93,0.039173
77,94,0.010804
77,95,0.032148
77,96,0.040902
77,97,0.069424
77,98,0.060419
77,99,0.026582
77,100,0.037389
77,101,0.075276
77,102,0.001783
77,103,0.034159
77,104,0.078949
77,105,0.114315
77,106,0.188860
77,107,0.170564
77,108,0.047996
77,109,0.032598
77,110,0.021491
77,111,0.010389
77,112,0.049951
77,113,0.076990
77,114,0.022311
77,115,0.092764
77,116,0.185415
77,117,0.073300
77,118,0.136099
77,119,0.125145
77,120,0.124565
77,121,0.087980
77,122,0.098909
77,123,0.159777
77,124,0.142521
77,125,0.141236
77,126,0.098026
77,127,0.141123
77,128,0.177339
77,129,0.143713
77,130,0.101877
77,131,0.033598
77,132,0.000385
77,133,0.094580
78,1,0.229835
78,2,0.017729
78,3,0.113419
78,4,0.078280
78,5,0.167073
78,6,0.164457
78,7,0.243102
78,8,0.252435
78,9,0.324739
78,10,0.278464
78,11,0.212758
78,12,0.278413
78,13,0.285747
78,14,0.265951
78,15,0.190761
78,16,0.181649
78,17,0.150590
78,18,0.241831
78,19,0.267819
78,20,0.370048
78,21,0.289978
78,22,0.103788
78,23,0.027134
78,24,0.039067
78,25,0.042785
78,26,0.073946
78,27,0.064750
78,28,0.090578
78,29,0.163463
78,30,0.165886
78,31,0.083886
78,32,0.059334
78,33,0.154600
78,34,0.210647
78,35,0.147681
78,36,0.102806
78,37,0.053368
78,38,0.030208
78,39,0.010574
78,40,0.111466
78,41,0.179467
78,42,0.126055
78,43,0.086437
78,44,0.005798
78,45,0.137800
78,46,0.142943
78,47,0.086297
78,48,0.094736
78,49,0.109971
78,50,0.058644
78,51,0.051939
78,52,0.041065
78,53,0.031925
78,54,0.009069
78,55,0.057537
78,56,0.035915
78,57,0.008124
78,58,0.024937
78,59,0.080217
78,60,0.004788
78,61,0.028777
78,62,0.148773
78,63,0.215918
78,64,0.211299
78,65,0.112050
78,66,0.082452
78,67,0.074888
78,68,0.089834
78,69,0.092546
78,70,0.127060
78,71,0.162447
78,72,0.085010
78,73,0.030154
78,74,0.071303
78,75,0.005389
78,76,0.083205
78,77,0.068475
78,78,0.000000
78,79,0.064420
78,80,0.099886
78,81,0.087467
78,82,0.033194
78,83,0.054936
78,84,0.044552
78,85,0.027847
78,86,0.077695
78,87,0.104102
78,88,0.038951
78,89,0.019279
78,90,0.050724
78,91,0.043698
78,92,0.070288
78,93,0.073791
78,94,0.003434
78,95,0.020372
78,96,0.005104
78,97,0.036205
78,98,0.025645
78,99,0.043743
78,100,0.033574
78,101,0.030027
78,102,0.090893
78,103,0.058964
78,104,0.007651
78,105,0.016159
78,106,0.036598
78,107,0.025989
78,108,0.114121
78,109,0.069507
78,110,0.079109
78,111,0.148140
78,112,0.144404
78,113,0.186273
78,114,0.015028
78,115,0.131780
78,116,0.132959
78,117,0.013409
78,118,0.048510
78,119,0.054997
78,120,0.131728
78,121,0.115186
78,122,0.101682
78,123,0.110908
78,124,0.106833
78,125,0.058521
78,126,0.058288
78,127,0.018603
78,128,0.065302
78,129,0.062181
78,130,0.025693
78,131,0.021585
78,132,0.050282
78,133,0.066015
79,1,0.217312
79,2,0.028393
79,3,0.124872
79,4,0.075376
79,5,0.155705
79,6,0.171629
79,7,0.250640
79,8,0.258897
79,9,0.364004
79,10,0.356664
79,11,0.264739
79,12,0.298912
79,13,0.319769
79,14,0.306031
79,15,0.237257
79,16,0.225343
79,17,0.190357
79,18,0.253436
79,19,0.310762
79,20,0.368155
79,21,0.247103
79,22,0.189295
79,23,0.091346
79,24,0.085919
79,25,0.083528
79,26,0.109562
79,27,0.074638
79,28,0.066788
79,29,0.207878
79,30,0.213185
79,31,0.128011
79,32,0.048196
79,33,0.209245
79,34,0.267083
79,35,0.209071
79,36,0.128457
79,37,0.057278
79,38,0.015625
79,39,0.027915
79,40,0.148902
79,41,0.213159
79,42,0.157412
79,43,0.114884
79,44,0.044097
79,45,0.146419
79,46,0.129306
79,47,0.109874
79,48,0.132679
79,49,0.130735
79,50,0.057690
79,51,0.088499
79,52,0.044119
79,53,0.065890
79,54,0.021266
79,55,0.032168
79,56,0.027152
79,57,0.011521
79,58,0.008626
79,59,0.077832
79,60,0.022347
79,61,0.015465
79,62,0.171175
79,63,0.226438
79,64,0.260553
79,65,0.122976
79,66,0.083554
79,67,0.065218
79,68,0.111438
79,69,0.126366
79,70,0.157293
79,71,0.174315
79,72,0.033836
79,73,0.016013
79,74,0.088563
79,75,0.085833
79,76,0.026764
79,77,0.078060
79,78,0.064420
79,79,0.000000
79,80,0.030423
79,81,0.062383
79,82,0.071245
79,83,0.074610
79,84,0.007429
79,85,0.006914
79,86,0.082690
79,87,0.072125
79,88,0.018793
79,89,0.069069
79,90,0.069205
79,91,0.025974
79,92,0.049469
79,93,0.063920
79,94,0.002047
79,95,0.029457
79,96,0.021331
79,97,0.038817
79,98,0.011215
79,99,0.040987
79,100,0.023408
79,101,0.002863
79,102,0.070537
79,103,0.069884
79,104,0.009250
79,105,0.015022
79,106,0.035399
79,107,0.024990
79,108,0.178284
79,109,0.115340
79,110,0.117426
79,111,0.163976
79,112,0.170371
79,113,0.211081
79,114,0.048304
79,115,0.174234
79,116,0.136264
79,117,0.020222
79,118,0.068578
79,119,0.086520
79,120,0.130374
79,121,0.135368
79,122,0.116926
79,123,0.118524
79,124,0.093616
79,125,0.063635
79,126,0.048054
79,127,0.010503
79,128,0.041790
79,129,0.043575
79,130,0.006951
79,131,0.016822
79,132,0.036367
79,133,0.051708
80,1,0.166450
80,2,0.074521
80,3,0.088489
80,4,0.106761
80,5,0.078696
80,6,0.116251
80,7,0.154625
80,8,0.185931
80,9,0.226281
80,10,0.115172
80,11,0.057092
80,12,0.159066
80,13,0.144353
80,14,0.152114
80,15,0.125911
80,16,0.003581
80,17,0.044284
80,18,0.248459
80,19,0.195397
80,20,0.322126
80,21,0.288250
80,22,0.041710
80,23,0.136091
80,24,0.181362
80,25,0.193053
80,26,0.176548
80,27,0.089962
80,28,0.000406
80,29,0.032294
80,30,0.036545
80,31,0.009593
80,32,0.061189
80,33,0.025533
80,34,0.029443
80,35,0.036772
80,36,0.028828
80,37,0.030111
80,38,0.007404
80,39,0.056614
80,40,0.146685
80,41,0.162194
80,42,0.086306
80,43,0.015208
80,44,0.032161
80,45,0.099150
80,46,0.153499
80,47,0.080947
80,48,0.120421
80,49,0.088461
80,50,0.001959
80,51,0.074314
80,52,0.003914
80,53,0.027243
80,54,0.058632
80,55,0.039011
80,56,0.144122
80,57,0.024803
80,58,0.079167
80,59,0.134408
80,60,0.028319
80,61,0.011209
80,62,0.067971
80,63,0.224531
80,64,0.219971
80,65,0.174612
80,66,0.108299
80,67,0.039808
80,68,0.171783
80,69,0.200819
80,70,0.201480
80,71,0.180800
80,72,0.204725
80,73,0.166145
80,74,0.090869
80,75,0.172925
80,76,0.022194
80,77,0.162472
80,78,0.099886
80,79,0.030423
80,80,0.000000
80,81,0.208632
80,82,0.064693
80,83,0.042241
80,84,0.044775
80,85,0.109920
80,86,0.018021
80,87,0.009038
80,88,0.038793
80,89,0.014802
80,90,0.003563
80,91,0.071298
80,92,0.002655
80,93,0.001338
80,94,0.085497
80,95,0.125924
80,96,0.148270
80,97,0.123726
80,98,0.127514
80,99,0.105577
80,100,0.064203
80,101,0.076480
80,102,0.075313
80,103,0.073174
80,104,0.089402
80,105,0.148519
80,106,0.070398
80,107,0.165441
80,108,0.237062
80,109,0.150523
80,110,0.111957
80,111,0.215075
80,112,0.097398
80,113,0.072724
80,114,0.090738
80,115,0.046556
80,116,0.016960
80,117,0.109747
80,118,0.040811
80,119,0.059655
80,120,0.102586
80,121,0.128366
80,122,0.097391
80,123,0.124455
80,124,0.096680
80,125,0.050141
80,126,0.058794
80,127,0.101890
80,128,0.119562
80,129,0.066451
80,130,0.029465
80,131,0.028085
80,132,0.070828
80,133,0.101280
81,1,0.270081
81,2,0.182336
81,3,0.387926
81,4,0.454767
81,5,0.357890
81,6,0.378633
81,7,0.453205
81,8,0.387163
81,9,0.230930
81,10,0.228787
81,11,0.265978
81,12,0.160162
81,13,0.383267
81,14,0.406735
81,15,0.411527
81,16,0.386140
81,17,0.352728
81,18,0.174741
81,19,0.103850
81,20,0.199577
81,21,0.134208
81,22,0.172590
81,23,0.235622
81,24,0.150546
81,25,0.271651
81,26,0.260881
81,27,0.328287
81,28,0.118696
81,29,0.181645
81,30,0.297154
81,31,0.348431
81,32,0.466970
81,33,0.419686
81,34,0.328058
81,35,0.314835
81,36,0.363159
81,37,0.383846
81,38,0.283654
81,39,0.288613
81,40,0.262640
81,41,0.195218
81,42,0.057320
81,43,0.039800
81,44,0.002986
81,45,0.029348
81,46,0.023795
81,47,0.016167
81,48,0.109874
81,49,0.090387
81,50,0.053762
81,51,0.179900
81,52,0.109125
81,53,0.127904
81,54,0.081917
81,55,0.015815
81,56,0.002564
81,57,0.051357
81,58,0.055916
81,59,0.051474
81,60,0.034710
81,61,0.131371
81,62,0.174453
81,63,0.175731
81,64,0.215579
81,65,0.332069
81,66,0.317523
81,67,0.216189
81,68,0.255110
81,69,0.295758
81,70,0.200206
81,71,0.179317
81,72,0.075139
81,73,0.123633
81,74,0.035715
81,75,0.026165
81,76,0.036761
81,77,0.110466
81,78,0.087467
81,79,0.062383
81,80,0.208632
81,81,0.000000
81,82,0.103681
81,83,0.124799
81,84,0.200688
81,85,0.173102
81,86,0.020284
81,87,0.143676
81,88,0.166871
81,89,0.065203
81,90,0.128230
81,91,0.142460
81,92,0.016940
81,93,0.003438
81,94,0.151838
81,95,0.014093
81,96,0.112752
81,97,0.147838
81,98,0.079237
81,99,0.037317
81,100,0.149135
81,101,0.165536
81,102,0.072131
81,103,0.049504
81,104,0.073500
81,105,0.028816
81,106,0.090302
81,107,0.107468
81,108,0.039226
81,109,0.218916
81,110,0.394929
81,111,0.476879
81,112,0.537133
81,113,0.551149
81,114,0.505869
81,115,0.346890
81,116,0.160641
81,117,0.119583
81,118,0.165577
81,119,0.074056
81,120,0.064007
81,121,0.011433
81,122,0.018570
81,123,0.157883
81,124,0.166140
81,125,0.136658
81,126,0.084179
81,127,0.036956
81,128,0.168282
81,129,0.168910
81,130,0.170960
81,131,0.049274
81,132,0.015802
81,133,0.000907
82,1,0.114783
82,2,0.133546
82,3,0.224327
82,4,0.266752
82,5,0.219971
82,6,0.277791
82,7,0.237702
82,8,0.182700
82,9,0.069326
82,10,0.049687
82,11,0.100458
82,12,0.045446
82,13,0.178753
82,14,0.213783
82,15,0.244112
82,16,0.275723
82,17,0.266698
82,18,0.247823
82,19,0.182318
82,20,0.261263
82,21,0.204495
82,22,0.114667
82,23,0.130091
82,24,0.083331
82,25,0.148854
82,26,0.138468
82,27,0.189641
82,28,0.067567
82,29,0.088584
82,30,0.170446
82,31,0.253663
82,32,0.335904
82,33,0.269391
82,34,0.181895
82,35,0.145677
82,36,0.208457
82,37,0.265892
82,38,0.225295
82,39,0.218847
82,40,0.156528
82,41,0.095106
82,42,0.001488
82,43,0.015901
82,44,0.004983
82,45,0.017557
82,46,0.055028
82,47,0.015515
82,48,0.037363
82,49,0.073085
82,50,0.049195
82,51,0.119201
82,52,0.088293
82,53,0.090016
82,54,0.048672
82,55,0.031849
82,56,0.044676
82,57,0.005528
82,58,0.020551
82,59,0.006838
82,60,0.074589
82,61,0.126516
82,62,0.105408
82,63,0.057001
82,64,0.089938
82,65,0.200769
82,66,0.206725
82,67,0.141191
82,68,0.148391
82,69,0.137238
82,70,0.090503
82,71,0.078666
82,72,0.077263
82,73,0.099238
82,74,0.034755
82,75,0.003558
82,76,0.040654
82,77,0.064187
82,78,0.033194
82,79,0.071245
82,80,0.064693
82,81,0.103681
82,82,0.000000
82,83,0.105956
82,84,0.116607
82,85,0.096362
82,86,0.086651
82,87,0.215494
82,88,0.168755
82,89,0.031308
82,90,0.036964
82,91,0.075496
82,92,0.033285
82,93,0.012829
82,94,0.062147
82,95,0.004659
82,96,0.092234
82,97,0.115614
82,98,0.095775
82,99,0.043533
82,100,0.076495
82,101,0.058746
82,102,0.032648
82,103,0.046947
82,104,0.074627
82,105,0.084766
82,106,0.041973
82,107,0.007430
82,108,0.027723
82,109,0.172520
82,110,0.260147
82,111,0.291835
82,112,0.308721
82,113,0.287604
82,114,0.321903
82,115,0.188790
82,116,0.064074
82,117,0.070478
82,118,0.067121
82,119,0.002132
82,120,0.084221
82,121,0.047288
82,122,0.031125
82,123,0.057411
82,124,0.070378
82,125,0.058869
82,126,0.042039
82,127,0.014296
82,128,0.086477
82,129,0.118078
82,130,0.101734
82,131,0.049963
82,132,0.019613
82,133,0.025745
83,1,0.018815
83,2,0.097092
83,3,0.062459
83,4,0.071961
83,5,0.089111
83,6,0.153696
83,7,0.054988
83,8,0.070242
83,9,0.063568
83,10,0.021326
83,11,0.012296
83,12,0.042492
83,13,0.067439
83,14,0.080180
83,15,0.071317
83,16,0.106547
83,17,0.099014
83,18,0.121601
83,19,0.083976
83,20,0.116389
83,21,0.109275
83,22,0.040805
83,23,0.013063
83,24,0.042001
83,25,0.021240
83,26,0.036324
83,27,0.043403
83,28,0.008232
83,29,0.013069
83,30,0.022894
83,31,0.086698
83,32,0.103880
83,33,0.099975
83,34,0.074105
83,35,0.036611
83,36,0.048743
83,37,0.068360
83,38,0.130447
83,39,0.106468
83,40,0.087611
83,41,0.067496
83,42,0.064444
83,43,0.048841
83,44,0.026551
83,45,0.088294
83,46,0.014951
83,47,0.008457
83,48,0.030963
83,49,0.018500
83,50,0.024570
83,51,0.051224
83,52,0.053256
83,53,0.046529
83,54,0.013773
83,55,0.065430
83,56,0.034404
83,57,0.042176
83,58,0.030835
83,59,0.077759
83,60,0.042140
83,61,0.067790
83,62,0.061137
83,63,0.008862
83,64,0.034990
83,65,0.071237
83,66,0.089117
83,67,0.051629
83,68,0.046890
83,69,0.019133
83,70,0.001378
83,71,0.012958
83,72,0.021914
83,73,0.075326
83,74,0.088423
83,75,0.028263
83,76,0.016255
83,77,0.034911
83,78,0.054936
83,79,0.074610
83,80,0.042241
83,81,0.124799
83,82,0.105956
83,83,0.000000
83,84,0.035353
83,85,0.020860
83,86,0.129829
83,87,0.165467
83,88,0.150469
83,89,0.140782
83,90,0.039089
83,91,0.055570
83,92,0.011405
83,93,0.007743
83,94,0.022758
83,95,0.004030
83,96,0.032558
83,97,0.031903
83,98,0.044853
83,99,0.013230
83,100,0.029551
83,101,0.022196
83,102,0.059381
83,103,0.040113
83,104,0.064190
83,105,0.103915
83,106,0.040387
83,107,0.035887
83,108,0.045145
83,109,0.033268
83,110,0.074416
83,111,0.093247
83,112,0.111583
83,113,0.068617
83,114,0.112941
83,115,0.030703
83,116,0.005951
83,117,0.003834
83,118,0.024978
83,119,0.022044
83,120,0.022032
83,121,0.021683
83,122,0.025200
83,123,0.037705
83,124,0.009718
83,125,0.017410
83,126,0.010043
83,127,0.000924
83,128,0.002436
83,129,0.002422
83,130,0.007235
83,131,0.030975
83,132,0.003534
83,133,0.018832
84,1,0.014130
84,2,0.039182
84,3,0.006364
84,4,0.015352
84,5,0.034712
84,6,0.090690
84,7,0.015129
84,8,0.008382
84,9,0.070883
84,10,0.094569
84,11,0.084802
84,12,0.065294
84,13,0.011533
84,14,0.012778
84,15,0.016892
84,16,0.028242
84,17,0.025328
84,18,0.040365
84,19,0.025348
84,20,0.016281
84,21,0.024964
84,22,0.012121
84,23,0.049883
84,24,0.007904
84,25,0.067030
84,26,0.063242
84,27,0.058002
84,28,0.006879
84,29,0.008392
84,30,0.008403
84,31,0.021360
84,32,0.016350
84,33,0.049455
84,34,0.042454
84,35,0.011059
84,36,0.001643
84,37,0.018468
84,38,0.034333
84,39,0.009468
84,40,0.005815
84,41,0.002000
84,42,0.001358
84,43,0.022480
84,44,0.023306
84,45,0.050826
84,46,0.027433
84,47,0.005032
84,48,0.014461
84,49,0.002709
84,50,0.038172
84,51,0.006651
84,52,0.012205
84,53,0.004444
84,54,0.028980
84,55,0.002073
84,56,0.049203
84,57,0.002816
84,58,0.013793
84,59,0.064127
84,60,0.045847
84,61,0.053303
84,62,0.007836
84,63,0.078585
84,64,0.019395
84,65,0.055362
84,66,0.006716
84,67,0.028868
84,68,0.047357
84,69,0.083096
84,70,0.102110
84,71,0.097709
84,72,0.043830
84,73,0.032876
84,74,0.022376
84,75,0.078452
84,76,0.087104
84,77,0.061117
84,78,0.044552
84,79,0.007429
84,80,0.044775
84,81,0.200688
84,82,0.116607
84,83,0.035353
84,84,0.000000
84,85,0.068783
84,86,0.092938
84,87,0.071106
84,88,0.176059
84,89,0.090812
84,90,0.018326
84,91,0.037769
84,92,0.003936
84,93,0.008922
84,94,0.002128
84,95,0.002925
84,96,0.025898
84,97,0.012344
84,98,0.003209
84,99,0.027266
84,100,0.024299
84,101,0.002489
84,102,0.046007
84,103,0.044422
84,104,0.004061
84,105,0.034088
84,106,0.031720
84,107,0.073533
84,108,0.020206
84,109,0.028638
84,110,0.014932
84,111,0.008639
84,112,0.040798
84,113,0.010860
84,114,0.059102
84,115,0.047407
84,116,0.060287
84,117,0.080542
84,118,0.064160
84,119,0.049800
84,120,0.047901
84,121,0.001875
84,122,0.003577
84,123,0.059474
84,124,0.028447
84,125,0.050659
84,126,0.038714
84,127,0.051439
84,128,0.077108
84,129,0.066286
84,130,0.049585
84,131,0.008089
84,132,0.049458
84,133,0.033870
85,1,0.046767
85,2,0.021573
85,3,0.029409
85,4,0.062142
85,5,0.033125
85,6,0.028849
85,7,0.083017
85,8,0.056044
85,9,0.013119
85,10,0.057518
85,11,0.061239
85,12,0.024145
85,13,0.017427
85,14,0.019679
85,15,0.069396
85,16,0.045437
85,17,0.053600
85,18,0.014003
85,19,0.002483
85,20,0.006635
85,21,0.011553
85,22,0.073189
85,23,0.060666
85,24,0.018219
85,25,0.069331
85,26,0.102701
85,27,0.127963
85,28,0.073934
85,29,0.059675
85,30,0.081660
85,31,0.072852
85,32,0.041040
85,33,0.043635
85,34,0.031337
85,35,0.016461
85,36,0.014307
85,37,0.006425
85,38,0.009651
85,39,0.034910
85,40,0.065694
85,41,0.056415
85,42,0.012556
85,43,0.002538
85,44,0.004430
85,45,0.051800
85,46,0.018800
85,47,0.011108
85,48,0.001180
85,49,0.023113
85,50,0.067177
85,51,0.034871
85,52,0.032445
85,53,0.037493
85,54,0.050347
85,55,0.001514
85,56,0.051868
85,57,0.056666
85,58,0.074404
85,59,0.023216
85,60,0.008493
85,61,0.005529
85,62,0.036083
85,63,0.120505
85,64,0.080738
85,65,0.091310
85,66,0.054771
85,67,0.008254
85,68,0.062840
85,69,0.125539
85,70,0.156097
85,71,0.147165
85,72,0.078745
85,73,0.068423
85,74,0.084321
85,75,0.063875
85,76,0.076353
85,77,0.080718
85,78,0.027847
85,79,0.006914
85,80,0.109920
85,81,0.173102
85,82,0.096362
85,83,0.020860
85,84,0.068783
85,85,0.000000
85,86,0.079954
85,87,0.056424
85,88,0.168898
85,89,0.091487
85,90,0.030423
85,91,0.009123
85,92,0.071468
85,93,0.066266
85,94,0.064361
85,95,0.029192
85,96,0.034940
85,97,0.062180
85,98,0.008306
85,99,0.023896
85,100,0.045391
85,101,0.020767
85,102,0.060657
85,103,0.047551
85,104,0.034538
85,105,0.026371
85,106,0.006202
85,107,0.010952
85,108,0.021730
85,109,0.004418
85,110,0.005590
85,111,0.017543
85,112,0.028777
85,113,0.017029
85,114,0.031255
85,115,0.023715
85,116,0.037377
85,117,0.045916
85,118,0.060790
85,119,0.049427
85,120,0.045163
85,121,0.032945
85,122,0.030094
85,123,0.036667
85,124,0.040334
85,125,0.069041
85,126,0.044789
85,127,0.029922
85,128,0.114053
85,129,0.114380
85,130,0.088295
85,131,0.057953
85,132,0.071299
85,133,0.054480
86,1,0.055358
86,2,0.061508
86,3,0.050556
86,4,0.044843
86,5,0.071743
86,6,0.137216
86,7,0.037307
86,8,0.026474
86,9,0.091149
86,10,0.019553
86,11,0.005531
86,12,0.093071
86,13,0.059315
86,14,0.055679
86,15,0.014653
86,16,0.070878
86,17,0.075214
86,18,0.077336
86,19,0.088422
86,20,0.062427
86,21,0.051960
86,22,0.030561
86,23,0.045997
86,24,0.059898
86,25,0.007014
86,26,0.001013
86,27,0.023176
86,28,0.022980
86,29,0.072898
86,30,0.059847
86,31,0.057969
86,32,0.055078
86,33,0.055197
86,34,0.040862
86,35,0.063540
86,36,0.051847
86,37,0.057927
86,38,0.060143
86,39,0.039814
86,40,0.051377
86,41,0.043155
86,42,0.031351
86,43,0.012560
86,44,0.002281
86,45,0.064060
86,46,0.010224
86,47,0.003990
86,48,0.057157
86,49,0.022941
86,50,0.017798
86,51,0.049898
86,52,0.058722
86,53,0.065400
86,54,0.056826
86,55,0.079960
86,56,0.035959
86,57,0.075870
86,58,0.040379
86,59,0.103725
86,60,0.024153
86,61,0.013922
86,62,0.010896
86,63,0.014101
86,64,0.036652
86,65,0.036197
86,66,0.027055
86,67,0.078340
86,68,0.021049
86,69,0.021888
86,70,0.032726
86,71,0.013831
86,72,0.017249
86,73,0.018254
86,74,0.061820
86,75,0.093143
86,76,0.043950
86,77,0.049696
86,78,0.077695
86,79,0.082690
86,80,0.018021
86,81,0.020284
86,82,0.086651
86,83,0.129829
86,84,0.092938
86,85,0.079954
86,86,0.000000
86,87,0.042042
86,88,0.139459
86,89,0.137686
86,90,0.039709
86,91,0.040550
86,92,0.023208
86,93,0.002939
86,94,0.039778
86,95,0.050938
86,96,0.027371
86,97,0.034380
86,98,0.008905
86,99,0.017571
86,100,0.011669
86,101,0.003082
86,102,0.048768
86,103,0.071528
86,104,0.039087
86,105,0.077139
86,106,0.033543
86,107,0.023237
86,108,0.068423
86,109,0.124398
86,110,0.142845
86,111,0.145232
86,112,0.163098
86,113,0.136964
86,114,0.128154
86,115,0.026282
86,116,0.015563
86,117,0.030309
86,118,0.037663
86,119,0.003463
86,120,0.006179
86,121,0.074910
86,122,0.050396
86,123,0.035698
86,124,0.041120
86,125,0.002503
86,126,0.009006
86,127,0.004002
86,128,0.025671
86,129,0.017830
86,130,0.022478
86,131,0.000529
86,132,0.031976
86,133,0.004588
87,1,0.178907
87,2,0.125585
87,3,0.137328
87,4,0.171354
87,5,0.165078
87,6,0.214248
87,7,0.159645
87,8,0.114744
87,9,0.133635
87,10,0.053585
87,11,0.068961
87,12,0.116321
87,13,0.119826
87,14,0.128596
87,15,0.099319
87,16,0.149973
87,17,0.176595
87,18,0.014596
87,19,0.009133
87,20,0.021271
87,21,0.005157
87,22,0.064765
87,23,0.081511
87,24,0.095641
87,25,0.079766
87,26,0.067937
87,27,0.103011
87,28,0.045441
87,29,0.119639
87,30,0.150100
87,31,0.130468
87,32,0.163723
87,33,0.152583
87,34,0.114729
87,35,0.110131
87,36,0.102452
87,37,0.111754
87,38,0.115968
87,39,0.098977
87,40,0.134062
87,41,0.128987
87,42,0.081614
87,43,0.083463
87,44,0.046881
87,45,0.042389
87,46,0.013294
87,47,0.000869
87,48,0.062701
87,49,0.081332
87,50,0.032115
87,51,0.094071
87,52,0.080066
87,53,0.057353
87,54,0.027746
87,55,0.028361
87,56,0.004859
87,57,0.036722
87,58,0.037795
87,59,0.092172
87,60,0.109889
87,61,0.115381
87,62,0.084986
87,63,0.084297
87,64,0.118160
87,65,0.135145
87,66,0.135522
87,67,0.170065
87,68,0.111280
87,69,0.080874
87,70,0.057469
87,71,0.082220
87,72,0.030306
87,73,0.026723
87,74,0.044156
87,75,0.086967
87,76,0.063565
87,77,0.077120
87,78,0.104102
87,79,0.072125
87,80,0.009038
87,81,0.143676
87,82,0.215494
87,83,0.165467
87,84,0.071106
87,85,0.056424
87,86,0.042042
87,87,0.000000
87,88,0.050273
87,89,0.025403
87,90,0.005628
87,91,0.017216
87,92,0.040343
87,93,0.085544
87,94,0.028536
87,95,0.005443
87,96,0.039979
87,97,0.058047
87,98,0.068742
87,99,0.058796
87,100,0.056144
87,101,0.058077
87,102,0.055090
87,103,0.049486
87,104,0.026995
87,105,0.092190
87,106,0.056754
87,107,0.022084
87,108,0.065289
87,109,0.223824
87,110,0.241230
87,111,0.262114
87,112,0.273053
87,113,0.261061
87,114,0.240286
87,115,0.090220
87,116,0.012926
87,117,0.033480
87,118,0.006836
87,119,0.006396
87,120,0.004716
87,121,0.069598
87,122,0.055786
87,123,0.097641
87,124,0.117100
87,125,0.076640
87,126,0.018315
87,127,0.026742
87,128,0.000062
87,129,0.019693
87,130,0.007906
87,131,0.005214
87,132,0.034148
87,133,0.026736
88,1,0.095248
88,2,0.122985
88,3,0.133168
88,4,0.145100
88,5,0.180520
88,6,0.148809
88,7,0.080123
88,8,0.049175
88,9,0.023684
88,10,0.079372
88,11,0.107341
88,12,0.022459
88,13,0.036783
88,14,0.048391
88,15,0.030887
88,16,0.080993
88,17,0.126531
88,18,0.030436
88,19,0.057961
88,20,0.066010
88,21,0.027295
88,22,0.016483
88,23,0.068108
88,24,0.043463
88,25,0.025786
88,26,0.008526
88,27,0.033829
88,28,0.016860
88,29,0.023597
88,30,0.021737
88,31,0.025643
88,32,0.097877
88,33,0.040769
88,34,0.011324
88,35,0.041634
88,36,0.084411
88,37,0.113893
88,38,0.107518
88,39,0.084246
88,40,0.088904
88,41,0.062579
88,42,0.073544
88,43,0.084055
88,44,0.041333
88,45,0.039737
88,46,0.012172
88,47,0.013129
88,48,0.006660
88,49,0.021765
88,50,0.001674
88,51,0.008464
88,52,0.023792
88,53,0.033340
88,54,0.025783
88,55,0.044408
88,56,0.012930
88,57,0.009043
88,58,0.025492
88,59,0.013969
88,60,0.041590
88,61,0.046130
88,62,0.018672
88,63,0.004685
88,64,0.005581
88,65,0.038877
88,66,0.071967
88,67,0.121588
88,68,0.045777
88,69,0.008323
88,70,0.041497
88,71,0.023980
88,72,0.018952
88,73,0.057091
88,74,0.025420
88,75,0.014010
88,76,0.002349
88,77,0.018332
88,78,0.038951
88,79,0.018793
88,80,0.038793
88,81,0.166871
88,82,0.168755
88,83,0.150469
88,84,0.176059
88,85,0.168898
88,86,0.139459
88,87,0.050273
88,88,0.000000
88,89,0.023548
88,90,0.063937
88,91,0.008258
88,92,0.004764
88,93,0.024246
88,94,0.004025
88,95,0.009169
88,96,0.011718
88,97,0.006003
88,98,0.047898
88,99,0.049474
88,100,0.034536
88,101,0.061211
88,102,0.050228
88,103,0.044791
88,104,0.057124
88,105,0.105078
88,106,0.041603
88,107,0.023599
88,108,0.071490
88,109,0.136096
88,110,0.163839
88,111,0.203634
88,112,0.187059
88,113,0.168414
88,114,0.183069
88,115,0.062905
88,116,0.020155
88,117,0.011360
88,118,0.004140
88,119,0.002348
88,120,0.044859
88,121,0.046055
88,122,0.081935
88,123,0.084095
88,124,0.084697
88,125,0.070557
88,126,0.099594
88,127,0.088536
88,128,0.042478
88,129,0.010644
88,130,0.006536
88,131,0.040305
88,132,0.028480
88,133,0.053427
89,1,0.031662
89,2,0.052097
89,3,0.035632
89,4,0.044751
89,5,0.081878
89,6,0.114163
89,7,0.058185
89,8,0.081279
89,9,0.090476
89,10,0.064607
89,11,0.033961
89,12,0.093173
89,13,0.163365
89,14,0.136899
89,15,0.139068
89,16,0.069892
89,17,0.023756
89,18,0.055323
89,19,0.044240
89,20,0.083394
89,21,0.011252
89,22,0.062606
89,23,0.094545
89,24,0.082653
89,25,0.151469
89,26,0.147871
89,27,0.121660
89,28,0.027746
89,29,0.044736
89,30,0.107702
89,31,0.119085
89,32,0.084659
89,33,0.115754
89,34,0.168122
89,35,0.067843
89,36,0.083953
89,37,0.033549
89,38,0.022692
89,39,0.020931
89,40,0.061707
89,41,0.044561
89,42,0.033823
89,43,0.062514
89,44,0.043971
89,45,0.029892
89,46,0.013928
89,47,0.002136
89,48,0.043132
89,49,0.068185
89,50,0.029600
89,51,0.070993
89,52,0.054739
89,53,0.055665
89,54,0.056891
89,55,0.131045
89,56,0.088131
89,57,0.125019
89,58,0.067446
89,59,0.104896
89,60,0.093935
89,61,0.027965
89,62,0.011802
89,63,0.064649
89,64,0.170894
89,65,0.142978
89,66,0.071270
89,67,0.020415
89,68,0.089883
89,69,0.187513
89,70,0.161868
89,71,0.112311
89,72,0.028372
89,73,0.066847
89,74,0.072961
89,75,0.005743
89,76,0.052375
89,77,0.012512
89,78,0.019279
89,79,0.069069
89,80,0.014802
89,81,0.065203
89,82,0.031308
89,83,0.140782
89,84,0.090812
89,85,0.091487
89,86,0.137686
89,87,0.025403
89,88,0.023548
89,89,0.000000
89,90,0.049160
89,91,0.116447
89,92,0.036245
89,93,0.074926
89,94,0.055136
89,95,0.022178
89,96,0.004751
89,97,0.042860
89,98,0.002753
89,99,0.011413
89,100,0.008560
89,101,0.051510
89,102,0.064886
89,103,0.078924
89,104,0.104333
89,105,0.083377
89,106,0.030185
89,107,0.062603
89,108,0.037502
89,109,0.024088
89,110,0.020270
89,111,0.042180
89,112,0.029630
89,113,0.055752
89,114,0.038729
89,115,0.064676
89,116,0.073166
89,117,0.022551
89,118,0.074729
89,119,0.057067
89,120,0.016985
89,121,0.038899
89,122,0.047925
89,123,0.031857
89,124,0.001414
89,125,0.015767
89,126,0.049236
89,127,0.028473
89,128,0.031998
89,129,0.057139
89,130,0.077969
89,131,0.024404
89,132,0.000415
89,133,0.018681
90,1,0.088219
90,2,0.006608
90,3,0.030158
90,4,0.048001
90,5,0.007622
90,6,0.009315
90,7,0.122354
90,8,0.128575
90,9,0.093119
90,10,0.034232
90,11,0.028501
90,12,0.106899
90,13,0.189243
90,14,0.181481
90,15,0.189306
90,16,0.123727
90,17,0.115609
90,18,0.044055
90,19,0.002985
90,20,0.055012
90,21,0.008187
90,22,0.057004
90,23,0.135417
90,24,0.111223
90,25,0.172149
90,26,0.167466
90,27,0.137897
90,28,0.025173
90,29,0.037790
90,30,0.111137
90,31,0.116414
90,32,0.166229
90,33,0.151607
90,34,0.162727
90,35,0.085292
90,36,0.112722
90,37,0.083199
90,38,0.021566
90,39,0.069398
90,40,0.107378
90,41,0.071477
90,42,0.051777
90,43,0.057391
90,44,0.029278
90,45,0.033765
90,46,0.022009
90,47,0.012293
90,48,0.023964
90,49,0.048443
90,50,0.044858
90,51,0.055409
90,52,0.045566
90,53,0.040737
90,54,0.030769
90,55,0.138522
90,56,0.087740
90,57,0.116178
90,58,0.048430
90,59,0.065068
90,60,0.049370
90,61,0.004804
90,62,0.034422
90,63,0.039097
90,64,0.152488
90,65,0.158174
90,66,0.108151
90,67,0.040648
90,68,0.098912
90,69,0.190229
90,70,0.144655
90,71,0.105970
90,72,0.020697
90,73,0.064528
90,74,0.071059
90,75,0.032689
90,76,0.038739
90,77,0.017729
90,78,0.050724
90,79,0.069205
90,80,0.003563
90,81,0.128230
90,82,0.036964
90,83,0.039089
90,84,0.018326
90,85,0.030423
90,86,0.039709
90,87,0.005628
90,88,0.063937
90,89,0.049160
90,90,0.000000
90,91,0.052035
90,92,0.011695
90,93,0.038893
90,94,0.003253
90,95,0.022111
90,96,0.010734
90,97,0.052012
90,98,0.009286
90,99,0.020832
90,100,0.004442
90,101,0.054735
90,102,0.078004
90,103,0.081907
90,104,0.101454
90,105,0.102754
90,106,0.027794
90,107,0.071006
90,108,0.027001
90,109,0.007551
90,110,0.055294
90,111,0.028448
90,112,0.102715
90,113,0.129639
90,114,0.105709
90,115,0.070160
90,116,0.084033
90,117,0.020295
90,118,0.085792
90,119,0.061523
90,120,0.001840
90,121,0.040457
90,122,0.029123
90,123,0.059460
90,124,0.026524
90,125,0.014477
90,126,0.003089
90,127,0.015733
90,128,0.064967
90,129,0.074650
90,130,0.084896
90,131,0.001745
90,132,0.023575
90,133,0.009145
91,1,0.111471
91,2,0.038310
91,3,0.115628
91,4,0.162758
91,5,0.097076
91,6,0.113793
91,7,0.149331
91,8,0.120336
91,9,0.038904
91,10,0.047615
91,11,0.078580
91,12,0.028946
91,13,0.085909
91,14,0.137479
91,15,0.173975
91,16,0.158642
91,17,0.173742
91,18,0.017599
91,19,0.017753
91,20,0.003969
91,21,0.020710
91,22,0.077080
91,23,0.095020
91,24,0.051768
91,25,0.095688
91,26,0.123467
91,27,0.159289
91,28,0.049271
91,29,0.128218
91,30,0.157086
91,31,0.136745
91,32,0.170013
91,33,0.160433
91,34,0.138090
91,35,0.072018
91,36,0.061077
91,37,0.068760
91,38,0.069553
91,39,0.098790
91,40,0.112770
91,41,0.042187
91,42,0.014978
91,43,0.012758
91,44,0.018815
91,45,0.047394
91,46,0.021650
91,47,0.022678
91,48,0.009949
91,49,0.040092
91,50,0.009685
91,51,0.020393
91,52,0.008043
91,53,0.019408
91,54,0.010391
91,55,0.057125
91,56,0.012761
91,57,0.002560
91,58,0.042981
91,59,0.010470
91,60,0.014912
91,61,0.033338
91,62,0.017136
91,63,0.064876
91,64,0.119441
91,65,0.115491
91,66,0.090946
91,67,0.051057
91,68,0.073457
91,69,0.143432
91,70,0.109177
91,71,0.110105
91,72,0.024157
91,73,0.065481
91,74,0.010325
91,75,0.051586
91,76,0.058480
91,77,0.051733
91,78,0.043698
91,79,0.025974
91,80,0.071298
91,81,0.142460
91,82,0.075496
91,83,0.055570
91,84,0.037769
91,85,0.009123
91,86,0.040550
91,87,0.017216
91,88,0.008258
91,89,0.116447
91,90,0.052035
91,91,0.000000
91,92,0.079198
91,93,0.040564
91,94,0.045892
91,95,0.001810
91,96,0.041212
91,97,0.107906
91,98,0.050682
91,99,0.043699
91,100,0.065758
91,101,0.027049
91,102,0.004803
91,103,0.030726
91,104,0.070958
91,105,0.046219
91,106,0.002991
91,107,0.013474
91,108,0.047000
91,109,0.124533
91,110,0.159909
91,111,0.167582
91,112,0.188697
91,113,0.189644
91,114,0.156601
91,115,0.108540
91,116,0.061279
91,117,0.009149
91,118,0.049774
91,119,0.004430
91,120,0.033587
91,121,0.018665
91,122,0.008129
91,123,0.082475
91,124,0.086305
91,125,0.061208
91,126,0.034351
91,127,0.007473
91,128,0.100724
91,129,0.099453
91,130,0.102982
91,131,0.035833
91,132,0.026554
91,133,0.020682
92,1,0.078007
92,2,0.042694
92,3,0.089744
92,4,0.105474
92,5,0.116540
92,6,0.096598
92,7,0.104249
92,8,0.102633
92,9,0.011294
92,10,0.006468
92,11,0.025673
92,12,0.009193
92,13,0.016277
92,14,0.075281
92,15,0.131171
92,16,0.122164
92,17,0.147082
92,18,0.124598
92,19,0.029116
92,20,0.104524
92,21,0.085691
92,22,0.051890
92,23,0.079307
92,24,0.033045
92,25,0.055541
92,26,0.109402
92,27,0.108890
92,28,0.089113
92,29,0.081440
92,30,0.093403
92,31,0.062937
92,32,0.112612
92,33,0.104415
92,34,0.037485
92,35,0.044722
92,36,0.037293
92,37,0.003155
92,38,0.030896
92,39,0.014906
92,40,0.024741
92,41,0.026934
92,42,0.041281
92,43,0.009883
92,44,0.006634
92,45,0.027832
92,46,0.064536
92,47,0.043274
92,48,0.022156
92,49,0.006333
92,50,0.033049
92,51,0.010614
92,52,0.010045
92,53,0.035810
92,54,0.062486
92,55,0.000380
92,56,0.066086
92,57,0.025846
92,58,0.031057
92,59,0.012556
92,60,0.033634
92,61,0.038234
92,62,0.051897
92,63,0.004452
92,64,0.017166
92,65,0.025099
92,66,0.006911
92,67,0.011578
92,68,0.003782
92,69,0.057926
92,70,0.044964
92,71,0.054148
92,72,0.058637
92,73,0.108924
92,74,0.042835
92,75,0.054822
92,76,0.050168
92,77,0.061482
92,78,0.070288
92,79,0.049469
92,80,0.002655
92,81,0.016940
92,82,0.033285
92,83,0.011405
92,84,0.003936
92,85,0.071468
92,86,0.023208
92,87,0.040343
92,88,0.004764
92,89,0.036245
92,90,0.011695
92,91,0.079198
92,92,0.000000
92,93,0.064554
92,94,0.070899
92,95,0.088543
92,96,0.034913
92,97,0.007974
92,98,0.029495
92,99,0.001714
92,100,0.035895
92,101,0.032884
92,102,0.032086
92,103,0.045255
92,104,0.050968
92,105,0.034838
92,106,0.034032
92,107,0.024786
92,108,0.004518
92,109,0.075693
92,110,0.068806
92,111,0.098666
92,112,0.112385
92,113,0.122044
92,114,0.065785
92,115,0.051448
92,116,0.051889
92,117,0.018561
92,118,0.008407
92,119,0.026311
92,120,0.021276
92,121,0.005786
92,122,0.014882
92,123,0.030772
92,124,0.020963
92,125,0.004154
92,126,0.113010
92,127,0.103987
92,128,0.066440
92,129,0.027574
92,130,0.056671
92,131,0.011180
92,132,0.015624
92,133,0.010973
93,1,0.053353
93,2,0.002221
93,3,0.046637
93,4,0.053623
93,5,0.048409
93,6,0.012062
93,7,0.062894
93,8,0.043967
93,9,0.006347
93,10,0.034013
93,11,0.003279
93,12,0.015579
93,13,0.034959
93,14,0.004868
93,15,0.056292
93,16,0.054275
93,17,0.075642
93,18,0.152607
93,19,0.049662
93,20,0.127350
93,21,0.123204
93,22,0.032017
93,23,0.031465
93,24,0.042705
93,25,0.020618
93,26,0.071275
93,27,0.049781
93,28,0.064067
93,29,0.033100
93,30,0.030036
93,31,0.004187
93,32,0.045735
93,33,0.031088
93,34,0.037084
93,35,0.004207
93,36,0.005579
93,37,0.031153
93,38,0.049448
93,39,0.032916
93,40,0.022522
93,41,0.045813
93,42,0.059699
93,43,0.043230
93,44,0.004508
93,45,0.037855
93,46,0.059478
93,47,0.012475
93,48,0.053640
93,49,0.040902
93,50,0.022787
93,51,0.012559
93,52,0.012694
93,53,0.032088
93,54,0.061623
93,55,0.034828
93,56,0.087548
93,57,0.035137
93,58,0.055109
93,59,0.004469
93,60,0.063166
93,61,0.061036
93,62,0.088236
93,63,0.019470
93,64,0.029080
93,65,0.027242
93,66,0.032165
93,67,0.008170
93,68,0.047666
93,69,0.003732
93,70,0.003731
93,71,0.021575
93,72,0.090702
93,73,0.126517
93,74,0.068795
93,75,0.056568
93,76,0.022189
93,77,0.039173
93,78,0.073791
93,79,0.063920
93,80,0.001338
93,81,0.003438
93,82,0.012829
93,83,0.007743
93,84,0.008922
93,85,0.066266
93,86,0.002939
93,87,0.085544
93,88,0.024246
93,89,0.074926
93,90,0.038893
93,91,0.040564
93,92,0.064554
93,93,0.000000
93,94,0.074100
93,95,0.121541
93,96,0.056587
93,97,0.062518
93,98,0.090826
93,99,0.044000
93,100,0.011639
93,101,0.071671
93,102,0.058168
93,103,0.027180
93,104,0.042071
93,105,0.069225
93,106,0.010712
93,107,0.015221
93,108,0.026845
93,109,0.058962
93,110,0.008345
93,111,0.027305
93,112,0.014792
93,113,0.026142
93,114,0.005782
93,115,0.022641
93,116,0.026591
93,117,0.033621
93,118,0.004007
93,119,0.031010
93,120,0.015578
93,121,0.035004
93,122,0.019901
93,123,0.018029
93,124,0.011568
93,125,0.034016
93,126,0.077110
93,127,0.054814
93,128,0.022409
93,129,0.074009
93,130,0.041550
93,131,0.039114
93,132,0.005756
93,133,0.000361
94,1,0.079443
94,2,0.040670
94,3,0.064397
94,4,0.078755
94,5,0.071503
94,6,0.014307
94,7,0.046218
94,8,0.053125
94,9,0.006578
94,10,0.000402
94,11,0.012409
94,12,0.047043
94,13,0.040702
94,14,0.005953
94,15,0.034001
94,16,0.003184
94,17,0.005887
94,18,0.074891
94,19,0.023210
94,20,0.037274
94,21,0.028238
94,22,0.012145
94,23,0.043373
94,24,0.011410
94,25,0.005419
94,26,0.025206
94,27,0.000204
94,28,0.032356
94,29,0.065548
94,30,0.053659
94,31,0.046372
94,32,0.004116
94,33,0.035340
94,34,0.084648
94,35,0.006029
94,36,0.007019
94,37,0.006869
94,38,0.002727
94,39,0.011282
94,40,0.026671
94,41,0.012192
94,42,0.020885
94,43,0.009609
94,44,0.030664
94,45,0.028515
94,46,0.069314
94,47,0.019278
94,48,0.014962
94,49,0.044818
94,50,0.004767
94,51,0.052666
94,52,0.015625
94,53,0.000751
94,54,0.022165
94,55,0.024123
94,56,0.058785
94,57,0.031038
94,58,0.017792
94,59,0.035914
94,60,0.086130
94,61,0.052675
94,62,0.081142
94,63,0.004501
94,64,0.001790
94,65,0.006548
94,66,0.010534
94,67,0.002144
94,68,0.010645
94,69,0.007174
94,70,0.005591
94,71,0.019572
94,72,0.066654
94,73,0.081022
94,74,0.024334
94,75,0.100840
94,76,0.040681
94,77,0.010804
94,78,0.003434
94,79,0.002047
94,80,0.085497
94,81,0.151838
94,82,0.062147
94,83,0.022758
94,84,0.002128
94,85,0.064361
94,86,0.039778
94,87,0.028536
94,88,0.004025
94,89,0.055136
94,90,0.003253
94,91,0.045892
94,92,0.070899
94,93,0.074100
94,94,0.000000
94,95,0.075790
94,96,0.102831
94,97,0.122359
94,98,0.094937
94,99,0.056317
94,100,0.049636
94,101,0.064749
94,102,0.033581
94,103,0.043582
94,104,0.055148
94,105,0.092602
94,106,0.026824
94,107,0.023292
94,108,0.015203
94,109,0.009180
94,110,0.005064
94,111,0.005058
94,112,0.023634
94,113,0.017138
94,114,0.006443
94,115,0.007370
94,116,0.011368
94,117,0.061025
94,118,0.023642
94,119,0.023751
94,120,0.038726
94,121,0.027926
94,122,0.022226
94,123,0.012802
94,124,0.011580
94,125,0.041019
94,126,0.064882
94,127,0.062575
94,128,0.020908
94,129,0.027912
94,130,0.015655
94,131,0.057783
94,132,0.051593
94,133,0.034436
95,1,0.021224
95,2,0.017457
95,3,0.012560
95,4,0.023997
95,5,0.039410
95,6,0.006369
95,7,0.018712
95,8,0.009944
95,9,0.035889
95,10,0.001392
95,11,0.002165
95,12,0.056164
95,13,0.060922
95,14,0.018915
95,15,0.019041
95,16,0.003179
95,17,0.008283
95,18,0.077831
95,19,0.048187
95,20,0.053258
95,21,0.032332
95,22,0.007043
95,23,0.024721
95,24,0.002309
95,25,0.016921
95,26,0.017445
95,27,0.021352
95,28,0.060551
95,29,0.040719
95,30,0.031720
95,31,0.011917
95,32,0.017615
95,33,0.033084
95,34,0.088225
95,35,0.007270
95,36,0.016120
95,37,0.007232
95,38,0.022007
95,39,0.007425
95,40,0.000175
95,41,0.029346
95,42,0.008453
95,43,0.037715
95,44,0.034477
95,45,0.014972
95,46,0.035441
95,47,0.004104
95,48,0.029409
95,49,0.062158
95,50,0.050569
95,51,0.056758
95,52,0.051845
95,53,0.030847
95,54,0.009763
95,55,0.003095
95,56,0.052305
95,57,0.016083
95,58,0.002247
95,59,0.029204
95,60,0.113510
95,61,0.054310
95,62,0.064512
95,63,0.022411
95,64,0.031587
95,65,0.039520
95,66,0.030733
95,67,0.011981
95,68,0.032555
95,69,0.019654
95,70,0.040064
95,71,0.012635
95,72,0.027601
95,73,0.046522
95,74,0.011870
95,75,0.095475
95,76,0.092367
95,77,0.032148
95,78,0.020372
95,79,0.029457
95,80,0.125924
95,81,0.014093
95,82,0.004659
95,83,0.004030
95,84,0.002925
95,85,0.029192
95,86,0.050938
95,87,0.005443
95,88,0.009169
95,89,0.022178
95,90,0.022111
95,91,0.001810
95,92,0.088543
95,93,0.121541
95,94,0.075790
95,95,0.000000
95,96,0.033570
95,97,0.110965
95,98,0.083332
95,99,0.065533
95,100,0.035707
95,101,0.072046
95,102,0.018944
95,103,0.033166
95,104,0.051341
95,105,0.081205
95,106,0.023725
95,107,0.052847
95,108,0.035873
95,109,0.024078
95,110,0.029114
95,111,0.010976
95,112,0.003231
95,113,0.006902
95,114,0.026422
95,115,0.040882
95,116,0.043795
95,117,0.125557
95,118,0.068377
95,119,0.002698
95,120,0.040491
95,121,0.016440
95,122,0.014185
95,123,0.026071
95,124,0.019062
95,125,0.026733
95,126,0.027569
95,127,0.030818
95,128,0.001862
95,129,0.030295
95,130,0.036317
95,131,0.086192
95,132,0.041237
95,133,0.066278
96,1,0.004789
96,2,0.010959
96,3,0.024222
96,4,0.016074
96,5,0.006318
96,6,0.049192
96,7,0.048237
96,8,0.030404
96,9,0.025977
96,10,0.014810
96,11,0.016660
96,12,0.032896
96,13,0.090714
96,14,0.048154
96,15,0.033061
96,16,0.061607
96,17,0.056262
96,18,0.121842
96,19,0.087555
96,20,0.128212
96,21,0.109387
96,22,0.021844
96,23,0.008947
96,24,0.017942
96,25,0.042920
96,26,0.033747
96,27,0.076536
96,28,0.046805
96,29,0.032335
96,30,0.058712
96,31,0.049351
96,32,0.091537
96,33,0.071894
96,34,0.090621
96,35,0.041769
96,36,0.043420
96,37,0.089809
96,38,0.067243
96,39,0.057806
96,40,0.017242
96,41,0.003943
96,42,0.025805
96,43,0.031003
96,44,0.049922
96,45,0.053475
96,46,0.069497
96,47,0.025767
96,48,0.009391
96,49,0.023342
96,50,0.023041
96,51,0.040303
96,52,0.021211
96,53,0.008594
96,54,0.027462
96,55,0.033273
96,56,0.073195
96,57,0.025528
96,58,0.031396
96,59,0.020423
96,60,0.098267
96,61,0.051697
96,62,0.045567
96,63,0.005603
96,64,0.030110
96,65,0.059953
96,66,0.052989
96,67,0.055035
96,68,0.046708
96,69,0.057856
96,70,0.052500
96,71,0.030641
96,72,0.057343
96,73,0.105789
96,74,0.013436
96,75,0.099655
96,76,0.078311
96,77,0.040902
96,78,0.005104
96,79,0.021331
96,80,0.148270
96,81,0.112752
96,82,0.092234
96,83,0.032558
96,84,0.025898
96,85,0.034940
96,86,0.027371
96,87,0.039979
96,88,0.011718
96,89,0.004751
96,90,0.010734
96,91,0.041212
96,92,0.034913
96,93,0.056587
96,94,0.102831
96,95,0.033570
96,96,0.000000
96,97,0.191388
96,98,0.132607
96,99,0.108325
96,100,0.103340
96,101,0.100706
96,102,0.022155
96,103,0.007840
96,104,0.042548
96,105,0.047196
96,106,0.040104
96,107,0.014956
96,108,0.056262
96,109,0.059641
96,110,0.089423
96,111,0.068147
96,112,0.061335
96,113,0.074648
96,114,0.077717
96,115,0.051205
96,116,0.008108
96,117,0.100793
96,118,0.095759
96,119,0.003914
96,120,0.071375
96,121,0.071705
96,122,0.039681
96,123,0.007090
96,124,0.000450
96,125,0.044533
96,126,0.010815
96,127,0.009900
96,128,0.038624
96,129,0.063063
96,130,0.063383
96,131,0.097007
96,132,0.049295
96,133,0.066752
97,1,0.011426
97,2,0.014493
97,3,0.019118
97,4,0.010725
97,5,0.012277
97,6,0.069434
97,7,0.020046
97,8,0.021146
97,9,0.000397
97,10,0.009091
97,11,0.008525
97,12,0.001201
97,13,0.085272
97,14,0.058267
97,15,0.039660
97,16,0.078543
97,17,0.056973
97,18,0.131062
97,19,0.105946
97,20,0.137111
97,21,0.095328
97,22,0.014693
97,23,0.002806
97,24,0.019850
97,25,0.031420
97,26,0.036290
97,27,0.092819
97,28,0.046544
97,29,0.048768
97,30,0.080052
97,31,0.089246
97,32,0.100641
97,33,0.093242
97,34,0.098220
97,35,0.064124
97,36,0.066786
97,37,0.090504
97,38,0.026803
97,39,0.037051
97,40,0.020336
97,41,0.042949
97,42,0.068975
97,43,0.067646
97,44,0.090862
97,45,0.079586
97,46,0.108817
97,47,0.050148
97,48,0.016212
97,49,0.016573
97,50,0.017477
97,51,0.031450
97,52,0.038456
97,53,0.024002
97,54,0.009227
97,55,0.041515
97,56,0.061207
97,57,0.027695
97,58,0.015981
97,59,0.039394
97,60,0.087691
97,61,0.058073
97,62,0.039708
97,63,0.019865
97,64,0.012349
97,65,0.055483
97,66,0.052570
97,67,0.048002
97,68,0.022384
97,69,0.056294
97,70,0.071875
97,71,0.037626
97,72,0.044145
97,73,0.100806
97,74,0.027435
97,75,0.110114
97,76,0.113156
97,77,0.069424
97,78,0.036205
97,79,0.038817
97,80,0.123726
97,81,0.147838
97,82,0.115614
97,83,0.031903
97,84,0.012344
97,85,0.062180
97,86,0.034380
97,87,0.058047
97,88,0.006003
97,89,0.042860
97,90,0.052012
97,91,0.107906
97,92,0.007974
97,93,0.062518
97,94,0.122359
97,95,0.110965
97,96,0.191388
97,97,0.000000
97,98,0.018179
97,99,0.059453
97,100,0.067467
97,101,0.067485
97,102,0.067055
97,103,0.028034
97,104,0.019182
97,105,0.012761
97,106,0.057475
97,107,0.010442
97,108,0.035979
97,109,0.062952
97,110,0.106409
97,111,0.072024
97,112,0.057868
97,113,0.088896
97,114,0.066190
97,115,0.008387
97,116,0.048961
97,117,0.041027
97,118,0.085591
97,119,0.015079
97,120,0.100951
97,121,0.091765
97,122,0.048005
97,123,0.003453
97,124,0.006232
97,125,0.049783
97,126,0.004081
97,127,0.010996
97,128,0.041710
97,129,0.052205
97,130,0.046776
97,131,0.078567
97,132,0.037583
97,133,0.053672
98,1,0.034511
98,2,0.021263
98,3,0.005699
98,4,0.010973
98,5,0.021814
98,6,0.015820
98,7,0.014755
98,8,0.010368
98,9,0.008823
98,10,0.029503
98,11,0.017363
98,12,0.050011
98,13,0.073847
98,14,0.029529
98,15,0.001914
98,16,0.022695
98,17,0.009240
98,18,0.050456
98,19,0.018052
98,20,0.054972
98,21,0.027710
98,22,0.007358
98,23,0.036097
98,24,0.018681
98,25,0.004829
98,26,0.013920
98,27,0.009058
98,28,0.045364
98,29,0.070277
98,30,0.084111
98,31,0.056424
98,32,0.049434
98,33,0.078172
98,34,0.097713
98,35,0.060623
98,36,0.054054
98,37,0.038906
98,38,0.032227
98,39,0.024894
98,40,0.087720
98,41,0.061380
98,42,0.069931
98,43,0.082409
98,44,0.105926
98,45,0.019425
98,46,0.088878
98,47,0.049819
98,48,0.031155
98,49,0.003939
98,50,0.026077
98,51,0.027461
98,52,0.062718
98,53,0.039319
98,54,0.026790
98,55,0.012040
98,56,0.020567
98,57,0.018093
98,58,0.000076
98,59,0.007176
98,60,0.062881
98,61,0.027204
98,62,0.003178
98,63,0.005152
98,64,0.015251
98,65,0.003539
98,66,0.005027
98,67,0.007533
98,68,0.017085
98,69,0.006297
98,70,0.020816
98,71,0.005353
98,72,0.000746
98,73,0.008834
98,74,0.022075
98,75,0.112417
98,76,0.112439
98,77,0.060419
98,78,0.025645
98,79,0.011215
98,80,0.127514
98,81,0.079237
98,82,0.095775
98,83,0.044853
98,84,0.003209
98,85,0.008306
98,86,0.008905
98,87,0.068742
98,88,0.047898
98,89,0.002753
98,90,0.009286
98,91,0.050682
98,92,0.029495
98,93,0.090826
98,94,0.094937
98,95,0.083332
98,96,0.132607
98,97,0.018179
98,98,0.000000
98,99,0.009002
98,100,0.042253
98,101,0.085140
98,102,0.011319
98,103,0.020767
98,104,0.055611
98,105,0.020638
98,106,0.035356
98,107,0.021070
98,108,0.016037
98,109,0.063794
98,110,0.068435
98,111,0.028226
98,112,0.014372
98,113,0.042717
98,114,0.032135
98,115,0.016223
98,116,0.042859
98,117,0.040242
98,118,0.073386
98,119,0.011022
98,120,0.079256
98,121,0.031605
98,122,0.019271
98,123,0.012784
98,124,0.021203
98,125,0.030098
98,126,0.002313
98,127,0.001348
98,128,0.060926
98,129,0.079129
98,130,0.062420
98,131,0.089106
98,132,0.051579
98,133,0.030881
99,1,0.066785
99,2,0.035881
99,3,0.013273
99,4,0.012605
99,5,0.054162
99,6,0.037294
99,7,0.030043
99,8,0.037403
99,9,0.058097
99,10,0.081980
99,11,0.058442
99,12,0.010412
99,13,0.013857
99,14,0.014217
99,15,0.021515
99,16,0.002097
99,17,0.003587
99,18,0.029627
99,19,0.038539
99,20,0.049247
99,21,0.029413
99,22,0.023299
99,23,0.044584
99,24,0.000237
99,25,0.008341
99,26,0.001944
99,27,0.031453
99,28,0.062202
99,29,0.029733
99,30,0.058066
99,31,0.025300
99,32,0.043824
99,33,0.035483
99,34,0.049714
99,35,0.026912
99,36,0.017381
99,37,0.032873
99,38,0.028979
99,39,0.030777
99,40,0.094648
99,41,0.098626
99,42,0.098077
99,43,0.078571
99,44,0.101357
99,45,0.058566
99,46,0.057474
99,47,0.048211
99,48,0.031875
99,49,0.033240
99,50,0.022892
99,51,0.005032
99,52,0.011457
99,53,0.004060
99,54,0.039015
99,55,0.044384
99,56,0.048867
99,57,0.028623
99,58,0.044943
99,59,0.073142
99,60,0.021520
99,61,0.015425
99,62,0.042776
99,63,0.046815
99,64,0.049746
99,65,0.012412
99,66,0.005396
99,67,0.005137
99,68,0.006311
99,69,0.013155
99,70,0.015478
99,71,0.023687
99,72,0.038560
99,73,0.022539
99,74,0.039868
99,75,0.105552
99,76,0.068305
99,77,0.026582
99,78,0.043743
99,79,0.040987
99,80,0.105577
99,81,0.037317
99,82,0.043533
99,83,0.013230
99,84,0.027266
99,85,0.023896
99,86,0.017571
99,87,0.058796
99,88,0.049474
99,89,0.011413
99,90,0.020832
99,91,0.043699
99,92,0.001714
99,93,0.044000
99,94,0.056317
99,95,0.065533
99,96,0.108325
99,97,0.059453
99,98,0.009002
99,99,0.000000
99,100,0.052049
99,101,0.082957
99,102,0.033108
99,103,0.030606
99,104,0.044796
99,105,0.020481
99,106,0.063404
99,107,0.022506
99,108,0.030173
99,109,0.043214
99,110,0.046575
99,111,0.011192
99,112,0.015813
99,113,0.003115
99,114,0.011980
99,115,0.040767
99,116,0.052378
99,117,0.009246
99,118,0.047449
99,119,0.009568
99,120,0.096165
99,121,0.064387
99,122,0.034784
99,123,0.006500
99,124,0.020524
99,125,0.026828
99,126,0.028778
99,127,0.039936
99,128,0.071170
99,129,0.075754
99,130,0.067775
99,131,0.067394
99,132,0.068253
99,133,0.018781
100,1,0.012130
100,2,0.024044
100,3,0.103174
100,4,0.084141
100,5,0.065515
100,6,0.051902
100,7,0.094255
100,8,0.061007
100,9,0.002967
100,10,0.015070
100,11,0.012545
100,12,0.031480
100,13,0.105387
100,14,0.079592
100,15,0.102225
100,16,0.131482
100,17,0.125107
100,18,0.013716
100,19,0.008134
100,20,0.020337
100,21,0.017748
100,22,0.030071
100,23,0.044772
100,24,0.059149
100,25,0.089536
100,26,0.090952
100,27,0.110910
100,28,0.086667
100,29,0.064790
100,30,0.121799
100,31,0.091121
100,32,0.145654
100,33,0.129246
100,34,0.085968
100,35,0.109550
100,36,0.116821
100,37,0.110558
100,38,0.063003
100,39,0.085167
100,40,0.046200
100,41,0.004276
100,42,0.006809
100,43,0.020155
100,44,0.017574
100,45,0.037749
100,46,0.011599
100,47,0.000702
100,48,0.013148
100,49,0.026053
100,50,0.015791
100,51,0.017921
100,52,0.004489
100,53,0.012551
100,54,0.006733
100,55,0.053178
100,56,0.002502
100,57,0.027879
100,58,0.017821
100,59,0.041233
100,60,0.053187
100,61,0.028978
100,62,0.026022
100,63,0.044575
100,64,0.039421
100,65,0.090128
100,66,0.077320
100,67,0.070901
100,68,0.075438
100,69,0.080556
100,70,0.097744
100,71,0.055763
100,72,0.002394
100,73,0.019334
100,74,0.058542
100,75,0.066225
100,76,0.042288
100,77,0.037389
100,78,0.033574
100,79,0.023408
100,80,0.064203
100,81,0.149135
100,82,0.076495
100,83,0.029551
100,84,0.024299
100,85,0.045391
100,86,0.011669
100,87,0.056144
100,88,0.034536
100,89,0.008560
100,90,0.004442
100,91,0.065758
100,92,0.035895
100,93,0.011639
100,94,0.049636
100,95,0.035707
100,96,0.103340
100,97,0.067467
100,98,0.042253
100,99,0.052049
100,100,0.000000
100,101,0.094440
100,102,0.072960
100,103,0.035715
100,104,0.034948
100,105,0.004852
100,106,0.034670
100,107,0.017601
100,108,0.037260
100,109,0.071713
100,110,0.097001
100,111,0.045381
100,112,0.055464
100,113,0.072323
100,114,0.072371
100,115,0.006870
100,116,0.031387
100,117,0.020967
100,118,0.047518
100,119,0.053639
100,120,0.062145
100,121,0.044146
100,122,0.001119
100,123,0.026339
100,124,0.061996
100,125,0.069478
100,126,0.080317
100,127,0.103067
100,128,0.111549
100,129,0.089989
100,130,0.086755
100,131,0.069446
100,132,0.057061
100,133,0.016603
101,1,0.020212
101,2,0.051268
101,3,0.088251
101,4,0.084461
101,5,0.105475
101,6,0.070555
101,7,0.071230
101,8,0.052567
101,9,0.043081
101,10,0.025365
101,11,0.042917
101,12,0.044214
101,13,0.070284
101,14,0.028979
101,15,0.058533
101,16,0.081871
101,17,0.093385
101,18,0.005668
101,19,0.002645
101,20,0.035818
101,21,0.004022
101,22,0.008487
101,23,0.018917
101,24,0.016483
101,25,0.038913
101,26,0.044189
101,27,0.074028
101,28,0.055664
101,29,0.066220
101,30,0.095293
101,31,0.090429
101,32,0.129505
101,33,0.078304
101,34,0.023095
101,35,0.083237
101,36,0.118203
101,37,0.108327
101,38,0.030148
101,39,0.050353
101,40,0.039009
101,41,0.011359
101,42,0.008210
101,43,0.002012
101,44,0.062994
101,45,0.017630
101,46,0.104477
101,47,0.051197
101,48,0.019003
101,49,0.008107
101,50,0.009433
101,51,0.003815
101,52,0.011650
101,53,0.005624
101,54,0.009060
101,55,0.017220
101,56,0.003827
101,57,0.013460
101,58,0.005305
101,59,0.018718
101,60,0.061978
101,61,0.053710
101,62,0.066740
101,63,0.065321
101,64,0.016864
101,65,0.079497
101,66,0.056758
101,67,0.052387
101,68,0.048212
101,69,0.042896
101,70,0.060994
101,71,0.037394
101,72,0.028896
101,73,0.016450
101,74,0.013875
101,75,0.094585
101,76,0.042831
101,77,0.075276
101,78,0.030027
101,79,0.002863
101,80,0.076480
101,81,0.165536
101,82,0.058746
101,83,0.022196
101,84,0.002489
101,85,0.020767
101,86,0.003082
101,87,0.058077
101,88,0.061211
101,89,0.051510
101,90,0.054735
101,91,0.027049
101,92,0.032884
101,93,0.071671
101,94,0.064749
101,95,0.072046
101,96,0.100706
101,97,0.067485
101,98,0.085140
101,99,0.082957
101,100,0.094440
101,101,0.000000
101,102,0.049313
101,103,0.089055
101,104,0.069036
101,105,0.037017
101,106,0.065574
101,107,0.010880
101,108,0.028118
101,109,0.043282
101,110,0.076303
101,111,0.024257
101,112,0.020165
101,113,0.019510
101,114,0.035396
101,115,0.039806
101,116,0.064276
101,117,0.019075
101,118,0.013394
101,119,0.030249
101,120,0.025219
101,121,0.000243
101,122,0.033870
101,123,0.064620
101,124,0.102454
101,125,0.086500
101,126,0.056246
101,127,0.075623
101,128,0.140608
101,129,0.137947
101,130,0.100955
101,131,0.074381
101,132,0.048394
101,133,0.030911
102,1,0.027093
102,2,0.043972
102,3,0.006916
102,4,0.025136
102,5,0.028690
102,6,0.018493
102,7,0.052056
102,8,0.025591
102,9,0.010087
102,10,0.069754
102,11,0.020961
102,12,0.031186
102,13,0.060783
102,14,0.057517
102,15,0.036602
102,16,0.017549
102,17,0.011045
102,18,0.017465
102,19,0.002247
102,20,0.050883
102,21,0.016323
102,22,0.008820
102,23,0.012978
102,24,0.039037
102,25,0.008910
102,26,0.008420
102,27,0.028589
102,28,0.011757
102,29,0.014917
102,30,0.006772
102,31,0.000247
102,32,0.010113
102,33,0.022582
102,34,0.077356
102,35,0.021068
102,36,0.030721
102,37,0.024334
102,38,0.028912
102,39,0.064883
102,40,0.083663
102,41,0.076826
102,42,0.017103
102,43,0.036792
102,44,0.095129
102,45,0.066280
102,46,0.113284
102,47,0.060250
102,48,0.083685
102,49,0.070343
102,50,0.040885
102,51,0.016614
102,52,0.015588
102,53,0.006493
102,54,0.016111
102,55,0.023822
102,56,0.016082
102,57,0.024863
102,58,0.016844
102,59,0.004130
102,60,0.026832
102,61,0.033862
102,62,0.034646
102,63,0.013519
102,64,0.078141
102,65,0.042789
102,66,0.013564
102,67,0.003133
102,68,0.028843
102,69,0.013031
102,70,0.019352
102,71,0.002472
102,72,0.060475
102,73,0.051380
102,74,0.027554
102,75,0.064394
102,76,0.015000
102,77,0.001783
102,78,0.090893
102,79,0.070537
102,80,0.075313
102,81,0.072131
102,82,0.032648
102,83,0.059381
102,84,0.046007
102,85,0.060657
102,86,0.048768
102,87,0.055090
102,88,0.050228
102,89,0.064886
102,90,0.078004
102,91,0.004803
102,92,0.032086
102,93,0.058168
102,94,0.033581
102,95,0.018944
102,96,0.022155
102,97,0.067055
102,98,0.011319
102,99,0.033108
102,100,0.072960
102,101,0.049313
102,102,0.000000
102,103,0.024057
102,104,0.040669
102,105,0.038970
102,106,0.080144
102,107,0.048720
102,108,0.037752
102,109,0.025400
102,110,0.011756
102,111,0.062378
102,112,0.057669
102,113,0.055697
102,114,0.061992
102,115,0.132948
102,116,0.133233
102,117,0.104626
102,118,0.095555
102,119,0.026261
102,120,0.012219
102,121,0.018481
102,122,0.029219
102,123,0.025812
102,124,0.080661
102,125,0.061960
102,126,0.061707
102,127,0.068840
102,128,0.075403
102,129,0.072115
102,130,0.030167
102,131,0.007967
102,132,0.001895
102,133,0.000013
103,1,0.076013
103,2,0.002212
103,3,0.016833
103,4,0.034967
103,5,0.004068
103,6,0.006304
103,7,0.049504
103,8,0.067331
103,9,0.067532
103,10,0.088214
103,11,0.046681
103,12,0.017555
103,13,0.032525
103,14,0.037054
103,15,0.018218
103,16,0.030089
103,17,0.019574
103,18,0.009995
103,19,0.019500
103,20,0.045162
103,21,0.010653
103,22,0.011468
103,23,0.034133
103,24,0.023660
103,25,0.007545
103,26,0.003494
103,27,0.004888
103,28,0.018694
103,29,0.034021
103,30,0.041543
103,31,0.015190
103,32,0.009343
103,33,0.028517
103,34,0.027366
103,35,0.055451
103,36,0.027435
103,37,0.004976
103,38,0.010128
103,39,0.044969
103,40,0.046653
103,41,0.058534
103,42,0.012829
103,43,0.005516
103,44,0.054454
103,45,0.071181
103,46,0.042744
103,47,0.001999
103,48,0.040096
103,49,0.033069
103,50,0.062409
103,51,0.026507
103,52,0.026997
103,53,0.024145
103,54,0.029343
103,55,0.018035
103,56,0.007870
103,57,0.009597
103,58,0.000072
103,59,0.011199
103,60,0.040295
103,61,0.071185
103,62,0.030385
103,63,0.020578
103,64,0.036054
103,65,0.012503
103,66,0.000542
103,67,0.005591
103,68,0.013261
103,69,0.026604
103,70,0.015897
103,71,0.000701
103,72,0.002423
103,73,0.022112
103,74,0.038336
103,75,0.099746
103,76,0.020706
103,77,0.034159
103,78,0.058964
103,79,0.069884
103,80,0.073174
103,81,0.049504
103,82,0.046947
103,83,0.040113
103,84,0.044422
103,85,0.047551
103,86,0.071528
103,87,0.049486
103,88,0.044791
103,89,0.078924
103,90,0.081907
103,91,0.030726
103,92,0.045255
103,93,0.027180
103,94,0.043582
103,95,0.033166
103,96,0.007840
103,97,0.028034
103,98,0.020767
103,99,0.030606
103,100,0.035715
103,101,0.089055
103,102,0.024057
103,103,0.000000
103,104,0.043406
103,105,0.046214
103,106,0.078361
103,107,0.030954
103,108,0.015101
103,109,0.005690
103,110,0.008411
103,111,0.038460
103,112,0.019316
103,113,0.044256
103,114,0.040543
103,115,0.071812
103,116,0.091963
103,117,0.052476
103,118,0.104882
103,119,0.031809
103,120,0.083921
103,121,0.056591
103,122,0.000617
103,123,0.044961
103,124,0.013428
103,125,0.019756
103,126,0.001771
103,127,0.036575
103,128,0.015663
103,129,0.006045
103,130,0.021034
103,131,0.018797
103,132,0.004642
103,133,0.060791
104,1,0.057550
104,2,0.010643
104,3,0.003120
104,4,0.000666
104,5,0.035952
104,6,0.074232
104,7,0.003332
104,8,0.025501
104,9,0.051623
104,10,0.011656
104,11,0.001185
104,12,0.005815
104,13,0.003643
104,14,0.004030
104,15,0.027458
104,16,0.055319
104,17,0.044136
104,18,0.064306
104,19,0.082922
104,20,0.001466
104,21,0.043354
104,22,0.041340
104,23,0.025008
104,24,0.010069
104,25,0.040595
104,26,0.012104
104,27,0.008189
104,28,0.024796
104,29,0.069226
104,30,0.082715
104,31,0.055630
104,32,0.051337
104,33,0.077332
104,34,0.007347
104,35,0.082731
104,36,0.062878
104,37,0.034708
104,38,0.005126
104,39,0.000967
104,40,0.002187
104,41,0.039504
104,42,0.016347
104,43,0.000786
104,44,0.025870
104,45,0.043137
104,46,0.033413
104,47,0.022464
104,48,0.005655
104,49,0.006485
104,50,0.006412
104,51,0.021109
104,52,0.011245
104,53,0.030055
104,54,0.004631
104,55,0.022360
104,56,0.012403
104,57,0.036854
104,58,0.024214
104,59,0.018619
104,60,0.020580
104,61,0.034509
104,62,0.006303
104,63,0.062689
104,64,0.018889
104,65,0.013800
104,66,0.005324
104,67,0.018108
104,68,0.005342
104,69,0.030958
104,70,0.038156
104,71,0.018171
104,72,0.018162
104,73,0.003526
104,74,0.083298
104,75,0.103792
104,76,0.076165
104,77,0.078949
104,78,0.007651
104,79,0.009250
104,80,0.089402
104,81,0.073500
104,82,0.074627
104,83,0.064190
104,84,0.004061
104,85,0.034538
104,86,0.039087
104,87,0.026995
104,88,0.057124
104,89,0.104333
104,90,0.101454
104,91,0.070958
104,92,0.050968
104,93,0.042071
104,94,0.055148
104,95,0.051341
104,96,0.042548
104,97,0.019182
104,98,0.055611
104,99,0.044796
104,100,0.034948
104,101,0.069036
104,102,0.040669
104,103,0.043406
104,104,0.000000
104,105,0.022926
104,106,0.047381
104,107,0.017535
104,108,0.005305
104,109,0.032836
104,110,0.052360
104,111,0.018669
104,112,0.041673
104,113,0.014447
104,114,0.006766
104,115,0.032880
104,116,0.037513
104,117,0.014139
104,118,0.067051
104,119,0.002960
104,120,0.041438
104,121,0.008656
104,122,0.019439
104,123,0.035151
104,124,0.001903
104,125,0.024050
104,126,0.005215
104,127,0.048067
104,128,0.038368
104,129,0.017005
104,130,0.015674
104,131,0.005579
104,132,0.002909
104,133,0.073607
105,1,0.092181
105,2,0.029031
105,3,0.111465
105,4,0.078735
105,5,0.071155
105,6,0.122791
105,7,0.073751
105,8,0.109883
105,9,0.129968
105,10,0.141306
105,11,0.120478
105,12,0.049551
105,13,0.064656
105,14,0.072503
105,15,0.059195
105,16,0.013396
105,17,0.004267
105,18,0.074168
105,19,0.051898
105,20,0.108084
105,21,0.047665
105,22,0.046193
105,23,0.077336
105,24,0.073252
105,25,0.057052
105,26,0.098025
105,27,0.049090
105,28,0.002506
105,29,0.013374
105,30,0.001482
105,31,0.002895
105,32,0.017378
105,33,0.000159
105,34,0.059127
105,35,0.026501
105,36,0.023757
105,37,0.029379
105,38,0.020744
105,39,0.012838
105,40,0.059378
105,41,0.088521
105,42,0.113473
105,43,0.085878
105,44,0.060903
105,45,0.111810
105,46,0.111468
105,47,0.051965
105,48,0.062131
105,49,0.071940
105,50,0.023237
105,51,0.033259
105,52,0.011233
105,53,0.007763
105,54,0.039818
105,55,0.009641
105,56,0.084285
105,57,0.017848
105,58,0.008155
105,59,0.035120
105,60,0.021704
105,61,0.007826
105,62,0.035052
105,63,0.050845
105,64,0.049209
105,65,0.030478
105,66,0.019304
105,67,0.046865
105,68,0.063723
105,69,0.047354
105,70,0.036590
105,71,0.060375
105,72,0.064865
105,73,0.064974
105,74,0.050366
105,75,0.142884
105,76,0.156809
105,77,0.114315
105,78,0.016159
105,79,0.015022
105,80,0.148519
105,81,0.028816
105,82,0.084766
105,83,0.103915
105,84,0.034088
105,85,0.026371
105,86,0.077139
105,87,0.092190
105,88,0.105078
105,89,0.083377
105,90,0.102754
105,91,0.046219
105,92,0.034838
105,93,0.069225
105,94,0.092602
105,95,0.081205
105,96,0.047196
105,97,0.012761
105,98,0.020638
105,99,0.020481
105,100,0.004852
105,101,0.037017
105,102,0.038970
105,103,0.046214
105,104,0.022926
105,105,0.000000
105,106,0.180450
105,107,0.138010
105,108,0.121515
105,109,0.035612
105,110,0.055996
105,111,0.026555
105,112,0.004991
105,113,0.036301
105,114,0.007319
105,115,0.049060
105,116,0.081812
105,117,0.005549
105,118,0.082961
105,119,0.042009
105,120,0.063227
105,121,0.051175
105,122,0.032589
105,123,0.098375
105,124,0.048428
105,125,0.079890
105,126,0.013772
105,127,0.009504
105,128,0.024212
105,129,0.016382
105,130,0.047586
105,131,0.025713
105,132,0.027483
105,133,0.081619
106,1,0.082192
106,2,0.051401
106,3,0.044833
106,4,0.002816
106,5,0.020077
106,6,0.143625
106,7,0.025408
106,8,0.009644
106,9,0.088042
106,10,0.110944
106,11,0.101169
106,12,0.007873
106,13,0.060125
106,14,0.006516
106,15,0.011168
106,16,0.069187
106,17,0.030296
106,18,0.040972
106,19,0.052885
106,20,0.068254
106,21,0.013885
106,22,0.048163
106,23,0.011148
106,24,0.015440
106,25,0.023525
106,26,0.035521
106,27,0.019111
106,28,0.045656
106,29,0.052067
106,30,0.025837
106,31,0.001071
106,32,0.056467
106,33,0.014245
106,34,0.041328
106,35,0.067337
106,36,0.110097
106,37,0.121279
106,38,0.062368
106,39,0.084380
106,40,0.034431
106,41,0.013792
106,42,0.068315
106,43,0.049777
106,44,0.026965
106,45,0.078593
106,46,0.039655
106,47,0.020040
106,48,0.010494
106,49,0.000072
106,50,0.027976
106,51,0.016569
106,52,0.015535
106,53,0.017617
106,54,0.013229
106,55,0.013120
106,56,0.011312
106,57,0.019222
106,58,0.003785
106,59,0.062751
106,60,0.004892
106,61,0.010280
106,62,0.001857
106,63,0.005681
106,64,0.009623
106,65,0.087458
106,66,0.071224
106,67,0.017789
106,68,0.030625
106,69,0.024661
106,70,0.011615
106,71,0.012298
106,72,0.039059
106,73,0.109628
106,74,0.050797
106,75,0.045173
106,76,0.144397
106,77,0.188860
106,78,0.036598
106,79,0.035399
106,80,0.070398
106,81,0.090302
106,82,0.041973
106,83,0.040387
106,84,0.031720
106,85,0.006202
106,86,0.033543
106,87,0.056754
106,88,0.041603
106,89,0.030185
106,90,0.027794
106,91,0.002991
106,92,0.034032
106,93,0.010712
106,94,0.026824
106,95,0.023725
106,96,0.040104
106,97,0.057475
106,98,0.035356
106,99,0.063404
106,100,0.034670
106,101,0.065574
106,102,0.080144
106,103,0.078361
106,104,0.047381
106,105,0.180450
106,106,0.000000
106,107,0.052994
106,108,0.114887
106,109,0.024803
106,110,0.016001
106,111,0.016291
106,112,0.017948
106,113,0.004452
106,114,0.028051
106,115,0.026275
106,116,0.106359
106,117,0.146461
106,118,0.004845
106,119,0.021856
106,120,0.005369
106,121,0.000460
106,122,0.020911
106,123,0.052166
106,124,0.012008
106,125,0.052533
106,126,0.042255
106,127,0.035553
106,128,0.012467
106,129,0.039854
106,130,0.010585
106,131,0.002089
106,132,0.015073
106,133,0.004846
107,1,0.024864
107,2,0.021057
107,3,0.019205
107,4,0.047130
107,5,0.061747
107,6,0.086428
107,7,0.049416
107,8,0.039252
107,9,0.087215
107,10,0.046463
107,11,0.010697
107,12,0.052172
107,13,0.014888
107,14,0.011938
107,15,0.041382
107,16,0.066676
107,17,0.050347
107,18,0.133486
107,19,0.173709
107,20,0.158088
107,21,0.055346
107,22,0.060000
107,23,0.007862
107,24,0.057649
107,25,0.009733
107,26,0.028469
107,27,0.006245
107,28,0.025770
107,29,0.069372
107,30,0.043209
107,31,0.014806
107,32,0.124192
107,33,0.010668
107,34,0.066756
107,35,0.022215
107,36,0.094072
107,37,0.126935
107,38,0.044636
107,39,0.056809
107,40,0.029418
107,41,0.002581
107,42,0.048571
107,43,0.048201
107,44,0.055491
107,45,0.063817
107,46,0.060871
107,47,0.046546
107,48,0.010055
107,49,0.016960
107,50,0.053499
107,51,0.023938
107,52,0.005910
107,53,0.032179
107,54,0.012069
107,55,0.011503
107,56,0.008479
107,57,0.000627
107,58,0.036688
107,59,0.090926
107,60,0.016009
107,61,0.000547
107,62,0.003043
107,63,0.019764
107,64,0.026719
107,65,0.056664
107,66,0.039857
107,67,0.000804
107,68,0.013090
107,69,0.002732
107,70,0.002849
107,71,0.040561
107,72,0.047387
107,73,0.076741
107,74,0.006155
107,75,0.011085
107,76,0.135093
107,77,0.170564
107,78,0.025989
107,79,0.024990
107,80,0.165441
107,81,0.107468
107,82,0.007430
107,83,0.035887
107,84,0.073533
107,85,0.010952
107,86,0.023237
107,87,0.022084
107,88,0.023599
107,89,0.062603
107,90,0.071006
107,91,0.013474
107,92,0.024786
107,93,0.015221
107,94,0.023292
107,95,0.052847
107,96,0.014956
107,97,0.010442
107,98,0.021070
107,99,0.022506
107,100,0.017601
107,101,0.010880
107,102,0.048720
107,103,0.030954
107,104,0.017535
107,105,0.138010
107,106,0.052994
107,107,0.000000
107,108,0.120344
107,109,0.025685
107,110,0.012506
107,111,0.005812
107,112,0.000659
107,113,0.008515
107,114,0.009807
107,115,0.002431
107,116,0.168525
107,117,0.220839
107,118,0.089718
107,119,0.020414
107,120,0.020867
107,121,0.006358
107,122,0.010561
107,123,0.016476
107,124,0.005292
107,125,0.034783
107,126,0.067218
107,127,0.047080
107,128,0.033042
107,129,0.050248
107,130,0.000014
107,131,0.019249
107,132,0.004684
107,133,0.012199
108,1,0.043760
108,2,0.032598
108,3,0.070270
108,4,0.074987
108,5,0.068405
108,6,0.152212
108,7,0.004554
108,8,0.026842
108,9,0.116966
108,10,0.045923
108,11,0.004928
108,12,0.140515
108,13,0.128020
108,14,0.122501
108,15,0.043960
108,16,0.002377
108,17,0.036457
108,18,0.138222
108,19,0.145787
108,20,0.176597
108,21,0.117583
108,22,0.029826
108,23,0.032965
108,24,0.045216
108,25,0.022943
108,26,0.051593
108,27,0.028120
108,28,0.069850
108,29,0.082283
108,30,0.041429
108,31,0.006534
108,32,0.060670
108,33,0.054849
108,34,0.178707
108,35,0.015747
108,36,0.059529
108,37,0.112071
108,38,0.069481
108,39,0.071037
108,40,0.012055
108,41,0.051593
108,42,0.025824
108,43,0.000425
108,44,0.030706
108,45,0.080548
108,46,0.095912
108,47,0.104880
108,48,0.025430
108,49,0.097859
108,50,0.042690
108,51,0.033364
108,52,0.019130
108,53,0.036522
108,54,0.059038
108,55,0.055672
108,56,0.045308
108,57,0.034923
108,58,0.019221
108,59,0.077396
108,60,0.027694
108,61,0.044220
108,62,0.011100
108,63,0.070976
108,64,0.096198
108,65,0.026844
108,66,0.011560
108,67,0.027026
108,68,0.044217
108,69,0.066592
108,70,0.088681
108,71,0.086817
108,72,0.098133
108,73,0.059445
108,74,0.028890
108,75,0.087758
108,76,0.039934
108,77,0.047996
108,78,0.114121
108,79,0.178284
108,80,0.237062
108,81,0.039226
108,82,0.027723
108,83,0.045145
108,84,0.020206
108,85,0.021730
108,86,0.068423
108,87,0.065289
108,88,0.071490
108,89,0.037502
108,90,0.027001
108,91,0.047000
108,92,0.004518
108,93,0.026845
108,94,0.015203
108,95,0.035873
108,96,0.056262
108,97,0.035979
108,98,0.016037
108,99,0.030173
108,100,0.037260
108,101,0.028118
108,102,0.037752
108,103,0.015101
108,104,0.005305
108,105,0.121515
108,106,0.114887
108,107,0.120344
108,108,0.000000
108,109,0.112756
108,110,0.080162
108,111,0.035465
108,112,0.040744
108,113,0.036121
108,114,0.006137
108,115,0.083830
108,116,0.165981
108,117,0.195076
108,118,0.110345
108,119,0.005469
108,120,0.004945
108,121,0.046944
108,122,0.052042
108,123,0.039037
108,124,0.043161
108,125,0.010545
108,126,0.067985
108,127,0.053036
108,128,0.049210
108,129,0.086568
108,130,0.042787
108,131,0.081782
108,132,0.069321
108,133,0.001285
109,1,0.067109
109,2,0.093822
109,3,0.149674
109,4,0.172200
109,5,0.188012
109,6,0.279285
109,7,0.179235
109,8,0.145928
109,9,0.021195
109,10,0.015850
109,11,0.040331
109,12,0.046108
109,13,0.113923
109,14,0.142433
109,15,0.232638
109,16,0.273792
109,17,0.282841
109,18,0.189485
109,19,0.163011
109,20,0.197934
109,21,0.127218
109,22,0.007915
109,23,0.041294
109,24,0.001950
109,25,0.062485
109,26,0.096051
109,27,0.152135
109,28,0.091813
109,29,0.128104
109,30,0.180478
109,31,0.222170
109,32,0.300801
109,33,0.259704
109,34,0.147975
109,35,0.120998
109,36,0.156219
109,37,0.210677
109,38,0.133636
109,39,0.093829
109,40,0.054777
109,41,0.021429
109,42,0.027241
109,43,0.009107
109,44,0.004338
109,45,0.109434
109,46,0.045013
109,47,0.032665
109,48,0.020403
109,49,0.028653
109,50,0.010289
109,51,0.021543
109,52,0.014068
109,53,0.046214
109,54,0.021095
109,55,0.013000
109,56,0.097396
109,57,0.071701
109,58,0.076287
109,59,0.072312
109,60,0.089009
109,61,0.129977
109,62,0.098816
109,63,0.041710
109,64,0.056351
109,65,0.098057
109,66,0.113627
109,67,0.070289
109,68,0.099797
109,69,0.091227
109,70,0.043982
109,71,0.045540
109,72,0.040405
109,73,0.078435
109,74,0.157801
109,75,0.045268
109,76,0.045887
109,77,0.032598
109,78,0.069507
109,79,0.115340
109,80,0.150523
109,81,0.218916
109,82,0.172520
109,83,0.033268
109,84,0.028638
109,85,0.004418
109,86,0.124398
109,87,0.223824
109,88,0.136096
109,89,0.024088
109,90,0.007551
109,91,0.124533
109,92,0.075693
109,93,0.058962
109,94,0.009180
109,95,0.024078
109,96,0.059641
109,97,0.062952
109,98,0.063794
109,99,0.043214
109,100,0.071713
109,101,0.043282
109,102,0.025400
109,103,0.005690
109,104,0.032836
109,105,0.035612
109,106,0.024803
109,107,0.025685
109,108,0.112756
109,109,0.000000
109,110,0.012267
109,111,0.026932
109,112,0.040297
109,113,0.061835
109,114,0.032595
109,115,0.022426
109,116,0.045196
109,117,0.039481
109,118,0.045545
109,119,0.053779
109,120,0.101131
109,121,0.119091
109,122,0.064191
109,123,0.019887
109,124,0.009768
109,125,0.008036
109,126,0.039368
109,127,0.013112
109,128,0.035089
109,129,0.060428
109,130,0.048083
109,131,0.032909
109,132,0.036380
109,133,0.021168
110,1,0.227180
110,2,0.220982
110,3,0.317485
110,4,0.378573
110,5,0.313054
110,6,0.372064
110,7,0.333890
110,8,0.258631
110,9,0.109277
110,10,0.078415
110,11,0.142455
110,12,0.051745
110,13,0.180185
110,14,0.242230
110,15,0.323673
110,16,0.302421
110,17,0.319019
110,18,0.301383
110,19,0.245588
110,20,0.303021
110,21,0.211876
110,22,0.080668
110,23,0.127998
110,24,0.059432
110,25,0.150468
110,26,0.151369
110,27,0.236266
110,28,0.091510
110,29,0.115418
110,30,0.199867
110,31,0.285431
110,32,0.380319
110,33,0.314455
110,34,0.177789
110,35,0.141482
110,36,0.170190
110,37,0.283021
110,38,0.243147
110,39,0.222532
110,40,0.191623
110,41,0.137768
110,42,0.044615
110,43,0.049032
110,44,0.022441
110,45,0.082647
110,46,0.032875
110,47,0.046772
110,48,0.039226
110,49,0.025276
110,50,0.000526
110,51,0.059656
110,52,0.000800
110,53,0.000302
110,54,0.013755
110,55,0.006087
110,56,0.109921
110,57,0.105960
110,58,0.108375
110,59,0.056184
110,60,0.137087
110,61,0.214691
110,62,0.187427
110,63,0.114087
110,64,0.146744
110,65,0.215738
110,66,0.231985
110,67,0.142761
110,68,0.192474
110,69,0.175651
110,70,0.113728
110,71,0.102963
110,72,0.086542
110,73,0.109346
110,74,0.162287
110,75,0.001666
110,76,0.019927
110,77,0.021491
110,78,0.079109
110,79,0.117426
110,80,0.111957
110,81,0.394929
110,82,0.260147
110,83,0.074416
110,84,0.014932
110,85,0.005590
110,86,0.142845
110,87,0.241230
110,88,0.163839
110,89,0.020270
110,90,0.055294
110,91,0.159909
110,92,0.068806
110,93,0.008345
110,94,0.005064
110,95,0.029114
110,96,0.089423
110,97,0.106409
110,98,0.068435
110,99,0.046575
110,100,0.097001
110,101,0.076303
110,102,0.011756
110,103,0.008411
110,104,0.052360
110,105,0.055996
110,106,0.016001
110,107,0.012506
110,108,0.080162
110,109,0.012267
110,110,0.000000
110,111,0.100143
110,112,0.090409
110,113,0.106413
110,114,0.201508
110,115,0.093721
110,116,0.050929
110,117,0.071130
110,118,0.050609
110,119,0.039754
110,120,0.120943
110,121,0.109218
110,122,0.048645
110,123,0.053267
110,124,0.099948
110,125,0.084996
110,126,0.091735
110,127,0.044423
110,128,0.109222
110,129,0.119473
110,130,0.086221
110,131,0.021208
110,132,0.023009
110,133,0.029441
111,1,0.240501
111,2,0.257121
111,3,0.308225
111,4,0.375035
111,5,0.312310
111,6,0.359891
111,7,0.332451
111,8,0.260840
111,9,0.172787
111,10,0.055532
111,11,0.118386
111,12,0.080754
111,13,0.201828
111,14,0.260747
111,15,0.338720
111,16,0.326589
111,17,0.324433
111,18,0.315535
111,19,0.257564
111,20,0.336052
111,21,0.262111
111,22,0.079738
111,23,0.144981
111,24,0.098430
111,25,0.179123
111,26,0.174108
111,27,0.236329
111,28,0.052740
111,29,0.111658
111,30,0.191792
111,31,0.290229
111,32,0.372869
111,33,0.326721
111,34,0.193281
111,35,0.137140
111,36,0.167599
111,37,0.303001
111,38,0.283057
111,39,0.260621
111,40,0.244678
111,41,0.195141
111,42,0.066377
111,43,0.063258
111,44,0.037722
111,45,0.087649
111,46,0.009675
111,47,0.026826
111,48,0.080625
111,49,0.066863
111,50,0.021545
111,51,0.079282
111,52,0.026392
111,53,0.013009
111,54,0.050731
111,55,0.043589
111,56,0.147099
111,57,0.109963
111,58,0.079365
111,59,0.007835
111,60,0.157959
111,61,0.229789
111,62,0.229794
111,63,0.145600
111,64,0.201236
111,65,0.267507
111,66,0.279388
111,67,0.166480
111,68,0.235715
111,69,0.208567
111,70,0.142904
111,71,0.128916
111,72,0.071930
111,73,0.113766
111,74,0.216363
111,75,0.042312
111,76,0.051680
111,77,0.010389
111,78,0.148140
111,79,0.163976
111,80,0.215075
111,81,0.476879
111,82,0.291835
111,83,0.093247
111,84,0.008639
111,85,0.017543
111,86,0.145232
111,87,0.262114
111,88,0.203634
111,89,0.042180
111,90,0.028448
111,91,0.167582
111,92,0.098666
111,93,0.027305
111,94,0.005058
111,95,0.010976
111,96,0.068147
111,97,0.072024
111,98,0.028226
111,99,0.011192
111,100,0.045381
111,101,0.024257
111,102,0.062378
111,103,0.038460
111,104,0.018669
111,105,0.026555
111,106,0.016291
111,107,0.005812
111,108,0.035465
111,109,0.026932
111,110,0.100143
111,111,0.000000
111,112,0.088351
111,113,0.086620
111,114,0.187615
111,115,0.021123
111,116,0.122086
111,117,0.133170
111,118,0.084505
111,119,0.079688
111,120,0.140747
111,121,0.145189
111,122,0.081932
111,123,0.031556
111,124,0.084935
111,125,0.084756
111,126,0.096166
111,127,0.030599
111,128,0.114440
111,129,0.133727
111,130,0.090167
111,131,0.022948
111,132,0.007877
111,133,0.039962
112,1,0.297102
112,2,0.304578
112,3,0.368772
112,4,0.450223
112,5,0.347916
112,6,0.341280
112,7,0.356751
112,8,0.280387
112,9,0.190259
112,10,0.108681
112,11,0.162227
112,12,0.049860
112,13,0.203611
112,14,0.260326
112,15,0.349079
112,16,0.302033
112,17,0.304232
112,18,0.384476
112,19,0.321090
112,20,0.411823
112,21,0.321274
112,22,0.076298
112,23,0.145432
112,24,0.091430
112,25,0.184417
112,26,0.171150
112,27,0.252037
112,28,0.042771
112,29,0.075539
112,30,0.180030
112,31,0.308354
112,32,0.395526
112,33,0.293918
112,34,0.161772
112,35,0.139314
112,36,0.204604
112,37,0.352249
112,38,0.285020
112,39,0.272532
112,40,0.253984
112,41,0.196080
112,42,0.053284
112,43,0.057698
112,44,0.026923
112,45,0.070590
112,46,0.036335
112,47,0.058521
112,48,0.045326
112,49,0.032044
112,50,0.036850
112,51,0.073834
112,52,0.024726
112,53,0.018464
112,54,0.048059
112,55,0.057909
112,56,0.136263
112,57,0.126174
112,58,0.111600
112,59,0.046297
112,60,0.128389
112,61,0.216227
112,62,0.201091
112,63,0.117360
112,64,0.181178
112,65,0.274441
112,66,0.278141
112,67,0.181923
112,68,0.227265
112,69,0.201610
112,70,0.117699
112,71,0.096064
112,72,0.138283
112,73,0.172212
112,74,0.164760
112,75,0.095434
112,76,0.049530
112,77,0.049951
112,78,0.144404
112,79,0.170371
112,80,0.097398
112,81,0.537133
112,82,0.308721
112,83,0.111583
112,84,0.040798
112,85,0.028777
112,86,0.163098
112,87,0.273053
112,88,0.187059
112,89,0.029630
112,90,0.102715
112,91,0.188697
112,92,0.112385
112,93,0.014792
112,94,0.023634
112,95,0.003231
112,96,0.061335
112,97,0.057868
112,98,0.014372
112,99,0.015813
112,100,0.055464
112,101,0.020165
112,102,0.057669
112,103,0.019316
112,104,0.041673
112,105,0.004991
112,106,0.017948
112,107,0.000659
112,108,0.040744
112,109,0.040297
112,110,0.090409
112,111,0.088351
112,112,0.000000
112,113,0.087900
112,114,0.186047
112,115,0.022857
112,116,0.111683
112,117,0.139738
112,118,0.097327
112,119,0.087699
112,120,0.131663
112,121,0.113156
112,122,0.056494
112,123,0.073000
112,124,0.105366
112,125,0.082612
112,126,0.125018
112,127,0.042025
112,128,0.124609
112,129,0.134896
112,130,0.109820
112,131,0.035176
112,132,0.018562
112,133,0.009480
113,1,0.303303
113,2,0.321706
113,3,0.354571
113,4,0.445548
113,5,0.320491
113,6,0.310446
113,7,0.349942
113,8,0.269786
113,9,0.191813
113,10,0.069465
113,11,0.131737
113,12,0.044473
113,13,0.198406
113,14,0.255374
113,15,0.344652
113,16,0.306662
113,17,0.308160
113,18,0.410220
113,19,0.369939
113,20,0.444886
113,21,0.347081
113,22,0.060511
113,23,0.123654
113,24,0.086672
113,25,0.187430
113,26,0.174535
113,27,0.257953
113,28,0.042192
113,29,0.063067
113,30,0.154891
113,31,0.281251
113,32,0.393861
113,33,0.287780
113,34,0.169375
113,35,0.127850
113,36,0.191699
113,37,0.346672
113,38,0.294084
113,39,0.277956
113,40,0.232699
113,41,0.169361
113,42,0.035430
113,43,0.047295
113,44,0.024632
113,45,0.088380
113,46,0.035162
113,47,0.060132
113,48,0.050429
113,49,0.040473
113,50,0.019878
113,51,0.075557
113,52,0.016618
113,53,0.012903
113,54,0.054488
113,55,0.082393
113,56,0.138804
113,57,0.136307
113,58,0.098035
113,59,0.025352
113,60,0.153515
113,61,0.233536
113,62,0.204100
113,63,0.101704
113,64,0.172689
113,65,0.285411
113,66,0.296435
113,67,0.183147
113,68,0.226201
113,69,0.220289
113,70,0.127928
113,71,0.099807
113,72,0.135016
113,73,0.163629
113,74,0.165311
113,75,0.110849
113,76,0.040645
113,77,0.076990
113,78,0.186273
113,79,0.211081
113,80,0.072724
113,81,0.551149
113,82,0.287604
113,83,0.068617
113,84,0.010860
113,85,0.017029
113,86,0.136964
113,87,0.261061
113,88,0.168414
113,89,0.055752
113,90,0.129639
113,91,0.189644
113,92,0.122044
113,93,0.026142
113,94,0.017138
113,95,0.006902
113,96,0.074648
113,97,0.088896
113,98,0.042717
113,99,0.003115
113,100,0.072323
113,101,0.019510
113,102,0.055697
113,103,0.044256
113,104,0.014447
113,105,0.036301
113,106,0.004452
113,107,0.008515
113,108,0.036121
113,109,0.061835
113,110,0.106413
113,111,0.086620
113,112,0.087900
113,113,0.000000
113,114,0.197214
113,115,0.065336
113,116,0.095032
113,117,0.149477
113,118,0.108323
113,119,0.103005
113,120,0.155713
113,121,0.141571
113,122,0.103097
113,123,0.021445
113,124,0.074297
113,125,0.052427
113,126,0.095846
113,127,0.026292
113,128,0.131110
113,129,0.130830
113,130,0.099729
113,131,0.030523
113,132,0.005643
113,133,0.020972
114,1,0.242727
114,2,0.245433
114,3,0.349707
114,4,0.427831
114,5,0.331256
114,6,0.341146
114,7,0.339842
114,8,0.262366
114,9,0.171283
114,10,0.149489
114,11,0.185896
114,12,0.077430
114,13,0.235601
114,14,0.271206
114,15,0.343685
114,16,0.319646
114,17,0.304848
114,18,0.313282
114,19,0.245772
114,20,0.363020
114,21,0.283054
114,22,0.103138
114,23,0.181865
114,24,0.123220
114,25,0.210000
114,26,0.172350
114,27,0.227102
114,28,0.019489
114,29,0.089909
114,30,0.193358
114,31,0.295395
114,32,0.386914
114,33,0.299819
114,34,0.185153
114,35,0.185914
114,36,0.263189
114,37,0.364771
114,38,0.276536
114,39,0.283424
114,40,0.240729
114,41,0.177391
114,42,0.048090
114,43,0.055598
114,44,0.043076
114,45,0.079015
114,46,0.056261
114,47,0.041987
114,48,0.054010
114,49,0.039073
114,50,0.015154
114,51,0.099598
114,52,0.003920
114,53,0.065799
114,54,0.006634
114,55,0.035851
114,56,0.089050
114,57,0.094492
114,58,0.088723
114,59,0.034993
114,60,0.118416
114,61,0.191632
114,62,0.180413
114,63,0.102539
114,64,0.158557
114,65,0.294806
114,66,0.290554
114,67,0.189987
114,68,0.239248
114,69,0.217389
114,70,0.119647
114,71,0.090629
114,72,0.141790
114,73,0.150173
114,74,0.113834
114,75,0.064346
114,76,0.093055
114,77,0.022311
114,78,0.015028
114,79,0.048304
114,80,0.090738
114,81,0.505869
114,82,0.321903
114,83,0.112941
114,84,0.059102
114,85,0.031255
114,86,0.128154
114,87,0.240286
114,88,0.183069
114,89,0.038729
114,90,0.105709
114,91,0.156601
114,92,0.065785
114,93,0.005782
114,94,0.006443
114,95,0.026422
114,96,0.077717
114,97,0.066190
114,98,0.032135
114,99,0.011980
114,100,0.072371
114,101,0.035396
114,102,0.061992
114,103,0.040543
114,104,0.006766
114,105,0.007319
114,106,0.028051
114,107,0.009807
114,108,0.006137
114,109,0.032595
114,110,0.201508
114,111,0.187615
114,112,0.186047
114,113,0.197214
114,114,0.000000
114,115,0.088771
114,116,0.046149
114,117,0.074099
114,118,0.017496
114,119,0.031571
114,120,0.116327
114,121,0.086008
114,122,0.042145
114,123,0.078973
114,124,0.089076
114,125,0.067240
114,126,0.118603
114,127,0.062736
114,128,0.105827
114,129,0.112829
114,130,0.098359
114,131,0.040668
114,132,0.017637
114,133,0.006201
115,1,0.120125
115,2,0.130506
115,3,0.176038
115,4,0.230493
115,5,0.175976
115,6,0.211483
115,7,0.184956
115,8,0.110236
115,9,0.077966
115,10,0.017769
115,11,0.067033
115,12,0.022651
115,13,0.088604
115,14,0.092626
115,15,0.160821
115,16,0.187246
115,17,0.185481
115,18,0.266674
115,19,0.235198
115,20,0.319796
115,21,0.264142
115,22,0.073495
115,23,0.094657
115,24,0.052863
115,25,0.087498
115,26,0.082826
115,27,0.122789
115,28,0.009408
115,29,0.048840
115,30,0.139032
115,31,0.187529
115,32,0.218148
115,33,0.182378
115,34,0.102631
115,35,0.078129
115,36,0.136249
115,37,0.222355
115,38,0.145952
115,39,0.135540
115,40,0.108816
115,41,0.059022
115,42,0.068484
115,43,0.056516
115,44,0.060882
115,45,0.150632
115,46,0.041488
115,47,0.042343
115,48,0.010330
115,49,0.012316
115,50,0.054674
115,51,0.036125
115,52,0.022844
115,53,0.006438
115,54,0.026848
115,55,0.024339
115,56,0.073325
115,57,0.066350
115,58,0.039956
115,59,0.040463
115,60,0.106336
115,61,0.111562
115,62,0.108423
115,63,0.059496
115,64,0.081599
115,65,0.148427
115,66,0.152657
115,67,0.095624
115,68,0.123690
115,69,0.108619
115,70,0.086169
115,71,0.060788
115,72,0.106049
115,73,0.109452
115,74,0.070778
115,75,0.021971
115,76,0.061096
115,77,0.092764
115,78,0.131780
115,79,0.174234
115,80,0.046556
115,81,0.346890
115,82,0.188790
115,83,0.030703
115,84,0.047407
115,85,0.023715
115,86,0.026282
115,87,0.090220
115,88,0.062905
115,89,0.064676
115,90,0.070160
115,91,0.108540
115,92,0.051448
115,93,0.022641
115,94,0.007370
115,95,0.040882
115,96,0.051205
115,97,0.008387
115,98,0.016223
115,99,0.040767
115,100,0.006870
115,101,0.039806
115,102,0.132948
115,103,0.071812
115,104,0.032880
115,105,0.049060
115,106,0.026275
115,107,0.002431
115,108,0.083830
115,109,0.022426
115,110,0.093721
115,111,0.021123
115,112,0.022857
115,113,0.065336
115,114,0.088771
115,115,0.000000
115,116,0.165823
115,117,0.166018
115,118,0.083179
115,119,0.001368
115,120,0.089997
115,121,0.096701
115,122,0.062769
115,123,0.001104
115,124,0.003531
115,125,0.052178
115,126,0.073825
115,127,0.047144
115,128,0.090884
115,129,0.083733
115,130,0.071215
115,131,0.016931
115,132,0.018915
115,133,0.007844
116,1,0.020579
116,2,0.058626
116,3,0.074962
116,4,0.095717
116,5,0.079890
116,6,0.122288
116,7,0.076445
116,8,0.029486
116,9,0.009153
116,10,0.065095
116,11,0.030747
116,12,0.030504
116,13,0.023677
116,14,0.009214
116,15,0.078556
116,16,0.103833
116,17,0.101405
116,18,0.117153
116,19,0.154182
116,20,0.162077
116,21,0.124806
116,22,0.005440
116,23,0.032452
116,24,0.011224
116,25,0.018610
116,26,0.037469
116,27,0.067058
116,28,0.017066
116,29,0.019202
116,30,0.034551
116,31,0.084420
116,32,0.123010
116,33,0.083883
116,34,0.010325
116,35,0.014605
116,36,0.084675
116,37,0.120275
116,38,0.083642
116,39,0.062386
116,40,0.050516
116,41,0.012214
116,42,0.100623
116,43,0.079319
116,44,0.083871
116,45,0.088753
116,46,0.005000
116,47,0.006916
116,48,0.020318
116,49,0.045916
116,50,0.011544
116,51,0.014159
116,52,0.027518
116,53,0.052316
116,54,0.025849
116,55,0.029671
116,56,0.025129
116,57,0.015932
116,58,0.001064
116,59,0.038976
116,60,0.045599
116,61,0.039691
116,62,0.048326
116,63,0.030164
116,64,0.064699
116,65,0.088139
116,66,0.080017
116,67,0.056860
116,68,0.064977
116,69,0.052685
116,70,0.080223
116,71,0.073759
116,72,0.003037
116,73,0.043131
116,74,0.068797
116,75,0.061877
116,76,0.134985
116,77,0.185415
116,78,0.132959
116,79,0.136264
116,80,0.016960
116,81,0.160641
116,82,0.064074
116,83,0.005951
116,84,0.060287
116,85,0.037377
116,86,0.015563
116,87,0.012926
116,88,0.020155
116,89,0.073166
116,90,0.084033
116,91,0.061279
116,92,0.051889
116,93,0.026591
116,94,0.011368
116,95,0.043795
116,96,0.008108
116,97,0.048961
116,98,0.042859
116,99,0.052378
116,100,0.031387
116,101,0.064276
116,102,0.133233
116,103,0.091963
116,104,0.037513
116,105,0.081812
116,106,0.106359
116,107,0.168525
116,108,0.165981
116,109,0.045196
116,110,0.050929
116,111,0.122086
116,112,0.111683
116,113,0.095032
116,114,0.046149
116,115,0.165823
116,116,0.000000
116,117,0.122960
116,118,0.107985
116,119,0.021772
116,120,0.047586
116,121,0.049311
116,122,0.069924
116,123,0.075680
116,124,0.067057
116,125,0.107485
116,126,0.011038
116,127,0.037000
116,128,0.041487
116,129,0.040402
116,130,0.026763
116,131,0.056234
116,132,0.023655
116,133,0.008901
117,1,0.062852
117,2,0.025166
117,3,0.049852
117,4,0.055019
117,5,0.016711
117,6,0.068592
117,7,0.034094
117,8,0.024447
117,9,0.116055
117,10,0.124829
117,11,0.077058
117,12,0.072139
117,13,0.033710
117,14,0.064014
117,15,0.028485
117,16,0.067916
117,17,0.072914
117,18,0.050975
117,19,0.071646
117,20,0.110125
117,21,0.075087
117,22,0.051090
117,23,0.015997
117,24,0.027940
117,25,0.029854
117,26,0.007331
117,27,0.027935
117,28,0.032499
117,29,0.020278
117,30,0.048875
117,31,0.036469
117,32,0.067610
117,33,0.070816
117,34,0.011132
117,35,0.008495
117,36,0.052546
117,37,0.055872
117,38,0.030842
117,39,0.026474
117,40,0.036628
117,41,0.042004
117,42,0.115465
117,43,0.086913
117,44,0.075463
117,45,0.111019
117,46,0.000416
117,47,0.000113
117,48,0.040013
117,49,0.015392
117,50,0.030428
117,51,0.016850
117,52,0.028129
117,53,0.070056
117,54,0.016166
117,55,0.020452
117,56,0.010895
117,57,0.008588
117,58,0.030188
117,59,0.034418
117,60,0.048001
117,61,0.011117
117,62,0.004290
117,63,0.001184
117,64,0.001225
117,65,0.007801
117,66,0.003014
117,67,0.031294
117,68,0.021956
117,69,0.004607
117,70,0.025776
117,71,0.020596
117,72,0.009765
117,73,0.017251
117,74,0.085770
117,75,0.051158
117,76,0.121498
117,77,0.073300
117,78,0.013409
117,79,0.020222
117,80,0.109747
117,81,0.119583
117,82,0.070478
117,83,0.003834
117,84,0.080542
117,85,0.045916
117,86,0.030309
117,87,0.033480
117,88,0.011360
117,89,0.022551
117,90,0.020295
117,91,0.009149
117,92,0.018561
117,93,0.033621
117,94,0.061025
117,95,0.125557
117,96,0.100793
117,97,0.041027
117,98,0.040242
117,99,0.009246
117,100,0.020967
117,101,0.019075
117,102,0.104626
117,103,0.052476
117,104,0.014139
117,105,0.005549
117,106,0.146461
117,107,0.220839
117,108,0.195076
117,109,0.039481
117,110,0.071130
117,111,0.133170
117,112,0.139738
117,113,0.149477
117,114,0.074099
117,115,0.166018
117,116,0.122960
117,117,0.000000
117,118,0.064325
117,119,0.003584
117,120,0.006503
117,121,0.056490
117,122,0.072686
117,123,0.105598
117,124,0.064621
117,125,0.078059
117,126,0.007856
117,127,0.005293
117,128,0.006172
117,129,0.011717
117,130,0.002946
117,131,0.097620
117,132,0.060467
117,133,0.006801
118,1,0.003892
118,2,0.058446
118,3,0.107317
118,4,0.128346
118,5,0.088305
118,6,0.086503
118,7,0.077054
118,8,0.017714
118,9,0.076057
118,10,0.096817
118,11,0.053709
118,12,0.066251
118,13,0.006463
118,14,0.016872
118,15,0.060073
118,16,0.076283
118,17,0.081770
118,18,0.117838
118,19,0.154169
118,20,0.151839
118,21,0.098227
118,22,0.040093
118,23,0.006254
118,24,0.003769
118,25,0.018055
118,26,0.034036
118,27,0.096991
118,28,0.066163
118,29,0.017376
118,30,0.039332
118,31,0.058409
118,32,0.132767
118,33,0.079701
118,34,0.019482
118,35,0.031288
118,36,0.064733
118,37,0.099611
118,38,0.028761
118,39,0.018658
118,40,0.011560
118,41,0.045536
118,42,0.129481
118,43,0.101583
118,44,0.095510
118,45,0.127249
118,46,0.017276
118,47,0.045223
118,48,0.060278
118,49,0.009527
118,50,0.040539
118,51,0.035789
118,52,0.021128
118,53,0.074692
118,54,0.047603
118,55,0.037947
118,56,0.062528
118,57,0.042457
118,58,0.028470
118,59,0.055242
118,60,0.041704
118,61,0.033639
118,62,0.006061
118,63,0.026829
118,64,0.007925
118,65,0.036543
118,66,0.048291
118,67,0.014403
118,68,0.004508
118,69,0.010813
118,70,0.029534
118,71,0.012043
118,72,0.019849
118,73,0.048509
118,74,0.033165
118,75,0.037898
118,76,0.156231
118,77,0.136099
118,78,0.048510
118,79,0.068578
118,80,0.040811
118,81,0.165577
118,82,0.067121
118,83,0.024978
118,84,0.064160
118,85,0.060790
118,86,0.037663
118,87,0.006836
118,88,0.004140
118,89,0.074729
118,90,0.085792
118,91,0.049774
118,92,0.008407
118,93,0.004007
118,94,0.023642
118,95,0.068377
118,96,0.095759
118,97,0.085591
118,98,0.073386
118,99,0.047449
118,100,0.047518
118,101,0.013394
118,102,0.095555
118,103,0.104882
118,104,0.067051
118,105,0.082961
118,106,0.004845
118,107,0.089718
118,108,0.110345
118,109,0.045545
118,110,0.050609
118,111,0.084505
118,112,0.097327
118,113,0.108323
118,114,0.017496
118,115,0.083179
118,116,0.107985
118,117,0.064325
118,118,0.000000
118,119,0.133314
118,120,0.137112
118,121,0.121382
118,122,0.131650
118,123,0.100626
118,124,0.054012
118,125,0.098528
118,126,0.004203
118,127,0.009485
118,128,0.004298
118,129,0.014183
118,130,0.016664
118,131,0.033353
118,132,0.027156
118,133,0.012620
119,1,0.010410
119,2,0.016974
119,3,0.070790
119,4,0.080794
119,5,0.033386
119,6,0.038432
119,7,0.043448
119,8,0.001099
119,9,0.039521
119,10,0.019925
119,11,0.041940
119,12,0.056136
119,13,0.009010
119,14,0.006615
119,15,0.040108
119,16,0.056866
119,17,0.073254
119,18,0.098477
119,19,0.117871
119,20,0.122634
119,21,0.082500
119,22,0.016452
119,23,0.001901
119,24,0.017666
119,25,0.047770
119,26,0.014706
119,27,0.029107
119,28,0.040672
119,29,0.020366
119,30,0.036581
119,31,0.063371
119,32,0.081765
119,33,0.057960
119,34,0.013480
119,35,0.055168
119,36,0.066644
119,37,0.062380
119,38,0.058721
119,39,0.062135
119,40,0.043351
119,41,0.021632
119,42,0.015261
119,43,0.012444
119,44,0.055383
119,45,0.058337
119,46,0.035160
119,47,0.002102
119,48,0.024893
119,49,0.009929
119,50,0.040748
119,51,0.002156
119,52,0.023306
119,53,0.062117
119,54,0.066986
119,55,0.044861
119,56,0.032879
119,57,0.009062
119,58,0.008208
119,59,0.035315
119,60,0.003997
119,61,0.019808
119,62,0.003420
119,63,0.010559
119,64,0.008366
119,65,0.061010
119,66,0.074660
119,67,0.020947
119,68,0.046344
119,69,0.074125
119,70,0.009926
119,71,0.045633
119,72,0.080713
119,73,0.070994
119,74,0.038514
119,75,0.005847
119,76,0.100428
119,77,0.125145
119,78,0.054997
119,79,0.086520
119,80,0.059655
119,81,0.074056
119,82,0.002132
119,83,0.022044
119,84,0.049800
119,85,0.049427
119,86,0.003463
119,87,0.006396
119,88,0.002348
119,89,0.057067
119,90,0.061523
119,91,0.004430
119,92,0.026311
119,93,0.031010
119,94,0.023751
119,95,0.002698
119,96,0.003914
119,97,0.015079
119,98,0.011022
119,99,0.009568
119,100,0.053639
119,101,0.030249
119,102,0.026261
119,103,0.031809
119,104,0.002960
119,105,0.042009
119,106,0.021856
119,107,0.020414
119,108,0.005469
119,109,0.053779
119,110,0.039754
119,111,0.079688
119,112,0.087699
119,113,0.103005
119,114,0.031571
119,115,0.001368
119,116,0.021772
119,117,0.003584
119,118,0.133314
119,119,0.000000
119,120,0.021205
119,121,0.018256
119,122,0.061115
119,123,0.033331
119,124,0.009460
119,125,0.053461
119,126,0.016129
119,127,0.005058
119,128,0.002576
119,129,0.031286
119,130,0.001146
119,131,0.001334
119,132,0.024835
119,133,0.025047
120,1,0.113037
120,2,0.062624
120,3,0.039463
120,4,0.042382
120,5,0.039424
120,6,0.022092
120,7,0.067120
120,8,0.086746
120,9,0.133120
120,10,0.094265
120,11,0.082991
120,12,0.111794
120,13,0.087528
120,14,0.093131
120,15,0.067606
120,16,0.034979
120,17,0.046952
120,18,0.082870
120,19,0.050985
120,20,0.087388
120,21,0.035577
120,22,0.086064
120,23,0.097751
120,24,0.089735
120,25,0.067928
120,26,0.063283
120,27,0.031900
120,28,0.018577
120,29,0.047704
120,30,0.040384
120,31,0.037761
120,32,0.038490
120,33,0.025206
120,34,0.067409
120,35,0.016073
120,36,0.031120
120,37,0.022695
120,38,0.026442
120,39,0.041668
120,40,0.051857
120,41,0.057181
120,42,0.066476
120,43,0.052053
120,44,0.050357
120,45,0.078877
120,46,0.057477
120,47,0.029930
120,48,0.064896
120,49,0.055567
120,50,0.028258
120,51,0.032547
120,52,0.002203
120,53,0.058918
120,54,0.047192
120,55,0.009456
120,56,0.002774
120,57,0.034060
120,58,0.023894
120,59,0.026128
120,60,0.029124
120,61,0.048734
120,62,0.066187
120,63,0.022320
120,64,0.044049
120,65,0.042196
120,66,0.001789
120,67,0.045779
120,68,0.037043
120,69,0.024164
120,70,0.036030
120,71,0.064747
120,72,0.047157
120,73,0.058348
120,74,0.000833
120,75,0.012243
120,76,0.086486
120,77,0.124565
120,78,0.131728
120,79,0.130374
120,80,0.102586
120,81,0.064007
120,82,0.084221
120,83,0.022032
120,84,0.047901
120,85,0.045163
120,86,0.006179
120,87,0.004716
120,88,0.044859
120,89,0.016985
120,90,0.001840
120,91,0.033587
120,92,0.021276
120,93,0.015578
120,94,0.038726
120,95,0.040491
120,96,0.071375
120,97,0.100951
120,98,0.079256
120,99,0.096165
120,100,0.062145
120,101,0.025219
120,102,0.012219
120,103,0.083921
120,104,0.041438
120,105,0.063227
120,106,0.005369
120,107,0.020867
120,108,0.004945
120,109,0.101131
120,110,0.120943
120,111,0.140747
120,112,0.131663
120,113,0.155713
120,114,0.116327
120,115,0.089997
120,116,0.047586
120,117,0.006503
120,118,0.137112
120,119,0.021205
120,120,0.000000
120,121,0.070977
120,122,0.030216
120,123,0.129547
120,124,0.063645
120,125,0.109298
120,126,0.052812
120,127,0.020269
120,128,0.051123
120,129,0.006532
120,130,0.020165
120,131,0.015396
120,132,0.021578
120,133,0.000308
121,1,0.068320
121,2,0.004337
121,3,0.007917
121,4,0.008077
121,5,0.035879
121,6,0.005542
121,7,0.011512
121,8,0.016904
121,9,0.081223
121,10,0.039627
121,11,0.023359
121,12,0.056177
121,13,0.042022
121,14,0.053778
121,15,0.032094
121,16,0.002410
121,17,0.008219
121,18,0.065569
121,19,0.073902
121,20,0.077105
121,21,0.045536
121,22,0.027050
121,23,0.005756
121,24,0.006878
121,25,0.009501
121,26,0.035376
121,27,0.026895
121,28,0.015767
121,29,0.072603
121,30,0.062858
121,31,0.033331
121,32,0.041849
121,33,0.043989
121,34,0.090711
121,35,0.027940
121,36,0.029394
121,37,0.033657
121,38,0.008558
121,39,0.009163
121,40,0.021875
121,41,0.038810
121,42,0.065627
121,43,0.049590
121,44,0.037097
121,45,0.014650
121,46,0.005110
121,47,0.007477
121,48,0.004720
121,49,0.036511
121,50,0.031723
121,51,0.028630
121,52,0.018008
121,53,0.008845
121,54,0.000547
121,55,0.032239
121,56,0.036271
121,57,0.033124
121,58,0.028819
121,59,0.004697
121,60,0.015684
121,61,0.046454
121,62,0.077351
121,63,0.052480
121,64,0.052704
121,65,0.013841
121,66,0.018436
121,67,0.047102
121,68,0.000568
121,69,0.006053
121,70,0.047215
121,71,0.063176
121,72,0.052108
121,73,0.079933
121,74,0.041288
121,75,0.053190
121,76,0.064157
121,77,0.087980
121,78,0.115186
121,79,0.135368
121,80,0.128366
121,81,0.011433
121,82,0.047288
121,83,0.021683
121,84,0.001875
121,85,0.032945
121,86,0.074910
121,87,0.069598
121,88,0.046055
121,89,0.038899
121,90,0.040457
121,91,0.018665
121,92,0.005786
121,93,0.035004
121,94,0.027926
121,95,0.016440
121,96,0.071705
121,97,0.091765
121,98,0.031605
121,99,0.064387
121,100,0.044146
121,101,0.000243
121,102,0.018481
121,103,0.056591
121,104,0.008656
121,105,0.051175
121,106,0.000460
121,107,0.006358
121,108,0.046944
121,109,0.119091
121,110,0.109218
121,111,0.145189
121,112,0.113156
121,113,0.141571
121,114,0.086008
121,115,0.096701
121,116,0.049311
121,117,0.056490
121,118,0.121382
121,119,0.018256
121,120,0.070977
121,121,0.000000
121,122,0.011667
121,123,0.041001
121,124,0.057866
121,125,0.075911
121,126,0.058564
121,127,0.034587
121,128,0.004708
121,129,0.005950
121,130,0.036881
121,131,0.065594
121,132,0.033513
121,133,0.005207
122,1,0.004603
122,2,0.027991
122,3,0.022688
122,4,0.002445
122,5,0.002688
122,6,0.006076
122,7,0.025997
122,8,0.017163
122,9,0.020589
122,10,0.045135
122,11,0.024768
122,12,0.013758
122,13,0.023508
122,14,0.032015
122,15,0.033771
122,16,0.022126
122,17,0.030921
122,18,0.055993
122,19,0.057908
122,20,0.070723
122,21,0.054742
122,22,0.046696
122,23,0.018091
122,24,0.012949
122,25,0.020775
122,26,0.016373
122,27,0.000144
122,28,0.039007
122,29,0.029736
122,30,0.015219
122,31,0.003433
122,32,0.022401
122,33,0.026859
122,34,0.045345
122,35,0.039026
122,36,0.033718
122,37,0.029800
122,38,0.037741
122,39,0.011772
122,40,0.028040
122,41,0.059238
122,42,0.059619
122,43,0.047888
122,44,0.039970
122,45,0.045807
122,46,0.030182
122,47,0.012109
122,48,0.019687
122,49,0.047275
122,50,0.066144
122,51,0.039375
122,52,0.039887
122,53,0.040488
122,54,0.029732
122,55,0.011228
122,56,0.028777
122,57,0.016568
122,58,0.006381
122,59,0.016284
122,60,0.026822
122,61,0.007729
122,62,0.061865
122,63,0.040390
122,64,0.068841
122,65,0.032967
122,66,0.009510
122,67,0.026934
122,68,0.008974
122,69,0.005483
122,70,0.045743
122,71,0.116518
122,72,0.100444
122,73,0.072468
122,74,0.076659
122,75,0.064703
122,76,0.092595
122,77,0.098909
122,78,0.101682
122,79,0.116926
122,80,0.097391
122,81,0.018570
122,82,0.031125
122,83,0.025200
122,84,0.003577
122,85,0.030094
122,86,0.050396
122,87,0.055786
122,88,0.081935
122,89,0.047925
122,90,0.029123
122,91,0.008129
122,92,0.014882
122,93,0.019901
122,94,0.022226
122,95,0.014185
122,96,0.039681
122,97,0.048005
122,98,0.019271
122,99,0.034784
122,100,0.001119
122,101,0.033870
122,102,0.029219
122,103,0.000617
122,104,0.019439
122,105,0.032589
122,106,0.020911
122,107,0.010561
122,108,0.052042
122,109,0.064191
122,110,0.048645
122,111,0.081932
122,112,0.056494
122,113,0.103097
122,114,0.042145
122,115,0.062769
122,116,0.069924
122,117,0.072686
122,118,0.131650
122,119,0.061115
122,120,0.030216
122,121,0.011667
122,122,0.000000
122,123,0.091992
122,124,0.040851
122,125,0.031095
122,126,0.056864
122,127,0.023405
122,128,0.028195
122,129,0.040518
122,130,0.001325
122,131,0.049161
122,132,0.044443
122,133,0.049586
123,1,0.043721
123,2,0.068893
123,3,0.114628
123,4,0.135298
123,5,0.083349
123,6,0.072962
123,7,0.090476
123,8,0.065094
123,9,0.027580
123,10,0.023046
123,11,0.063250
123,12,0.030029
123,13,0.060462
123,14,0.042348
123,15,0.030287
123,16,0.012584
123,17,0.003427
123,18,0.156773
123,19,0.136897
123,20,0.142890
123,21,0.095113
123,22,0.048913
123,23,0.033855
123,24,0.000121
123,25,0.043829
123,26,0.004577
123,27,0.053866
123,28,0.005200
123,29,0.007570
123,30,0.013211
123,31,0.014222
123,32,0.074083
123,33,0.026055
123,34,0.006229
123,35,0.065443
123,36,0.094339
123,37,0.137892
123,38,0.088609
123,39,0.068165
123,40,0.030341
123,41,0.019856
123,42,0.048977
123,43,0.028300
123,44,0.036592
123,45,0.046924
123,46,0.031100
123,47,0.040378
123,48,0.031540
123,49,0.001414
123,50,0.013156
123,51,0.017543
123,52,0.012224
123,53,0.000102
123,54,0.014492
123,55,0.000672
123,56,0.003229
123,57,0.009806
123,58,0.004118
123,59,0.055062
123,60,0.036948
123,61,0.034045
123,62,0.028066
123,63,0.034239
123,64,0.023302
123,65,0.061726
123,66,0.088993
123,67,0.044635
123,68,0.036761
123,69,0.042110
123,70,0.023747
123,71,0.034698
123,72,0.066874
123,73,0.112769
123,74,0.074466
123,75,0.053648
123,76,0.129499
123,77,0.159777
123,78,0.110908
123,79,0.118524
123,80,0.124455
123,81,0.157883
123,82,0.057411
123,83,0.037705
123,84,0.059474
123,85,0.036667
123,86,0.035698
123,87,0.097641
123,88,0.084095
123,89,0.031857
123,90,0.059460
123,91,0.082475
123,92,0.030772
123,93,0.018029
123,94,0.012802
123,95,0.026071
123,96,0.007090
123,97,0.003453
123,98,0.012784
123,99,0.006500
123,100,0.026339
123,101,0.064620
123,102,0.025812
123,103,0.044961
123,104,0.035151
123,105,0.098375
123,106,0.052166
123,107,0.016476
123,108,0.039037
123,109,0.019887
123,110,0.053267
123,111,0.031556
123,112,0.073000
123,113,0.021445
123,114,0.078973
123,115,0.001104
123,116,0.075680
123,117,0.105598
123,118,0.100626
123,119,0.033331
123,120,0.129547
123,121,0.041001
123,122,0.091992
123,123,0.000000
123,124,0.000378
123,125,0.023933
123,126,0.069874
123,127,0.055164
123,128,0.107171
123,129,0.097606
123,130,0.108633
123,131,0.010159
123,132,0.025594
123,133,0.048308
124,1,0.051209
124,2,0.060738
124,3,0.071644
124,4,0.101614
124,5,0.052156
124,6,0.059028
124,7,0.057951
124,8,0.051126
124,9,0.052305
124,10,0.031756
124,11,0.066701
124,12,0.006275
124,13,0.056203
124,14,0.036403
124,15,0.013444
124,16,0.031778
124,17,0.069506
124,18,0.166409
124,19,0.098969
124,20,0.141232
124,21,0.082200
124,22,0.039279
124,23,0.047760
124,24,0.015791
124,25,0.024648
124,26,0.013180
124,27,0.039662
124,28,0.050114
124,29,0.036948
124,30,0.005035
124,31,0.019649
124,32,0.028196
124,33,0.026857
124,34,0.009430
124,35,0.053303
124,36,0.112374
124,37,0.154625
124,38,0.127326
124,39,0.110473
124,40,0.060899
124,41,0.007434
124,42,0.015038
124,43,0.026807
124,44,0.017631
124,45,0.046855
124,46,0.075793
124,47,0.048924
124,48,0.032055
124,49,0.022179
124,50,0.026289
124,51,0.011017
124,52,0.005908
124,53,0.003713
124,54,0.027804
124,55,0.014197
124,56,0.071168
124,57,0.056600
124,58,0.073011
124,59,0.091798
124,60,0.017690
124,61,0.033321
124,62,0.001894
124,63,0.021798
124,64,0.006709
124,65,0.089903
124,66,0.096133
124,67,0.052923
124,68,0.070419
124,69,0.038216
124,70,0.019123
124,71,0.049841
124,72,0.078590
124,73,0.108971
124,74,0.024029
124,75,0.024853
124,76,0.089613
124,77,0.142521
124,78,0.106833
124,79,0.093616
124,80,0.096680
124,81,0.166140
124,82,0.070378
124,83,0.009718
124,84,0.028447
124,85,0.040334
124,86,0.041120
124,87,0.117100
124,88,0.084697
124,89,0.001414
124,90,0.026524
124,91,0.086305
124,92,0.020963
124,93,0.011568
124,94,0.011580
124,95,0.019062
124,96,0.000450
124,97,0.006232
124,98,0.021203
124,99,0.020524
124,100,0.061996
124,101,0.102454
124,102,0.080661
124,103,0.013428
124,104,0.001903
124,105,0.048428
124,106,0.012008
124,107,0.005292
124,108,0.043161
124,109,0.009768
124,110,0.099948
124,111,0.084935
124,112,0.105366
124,113,0.074297
124,114,0.089076
124,115,0.003531
124,116,0.067057
124,117,0.064621
124,118,0.054012
124,119,0.009460
124,120,0.063645
124,121,0.057866
124,122,0.040851
124,123,0.000378
124,124,0.000000
124,125,0.033358
124,126,0.001116
124,127,0.004787
124,128,0.116486
124,129,0.166704
124,130,0.085736
124,131,0.032140
124,132,0.013670
124,133,0.009467
125,1,0.055662
125,2,0.076558
125,3,0.077547
125,4,0.097353
125,5,0.059954
125,6,0.093012
125,7,0.053340
125,8,0.041293
125,9,0.045580
125,10,0.014712
125,11,0.013394
125,12,0.005814
125,13,0.061049
125,14,0.051235
125,15,0.001030
125,16,0.005232
125,17,0.011960
125,18,0.171360
125,19,0.132255
125,20,0.134979
125,21,0.104908
125,22,0.007765
125,23,0.008972
125,24,0.011301
125,25,0.019708
125,26,0.021180
125,27,0.056955
125,28,0.010199
125,29,0.012873
125,30,0.001257
125,31,0.012490
125,32,0.071224
125,33,0.011948
125,34,0.012930
125,35,0.065464
125,36,0.086981
125,37,0.123663
125,38,0.093619
125,39,0.062801
125,40,0.027752
125,41,0.006229
125,42,0.007985
125,43,0.007872
125,44,0.010454
125,45,0.068325
125,46,0.062984
125,47,0.077192
125,48,0.004176
125,49,0.022623
125,50,0.008255
125,51,0.031130
125,52,0.024398
125,53,0.002944
125,54,0.020096
125,55,0.014748
125,56,0.060671
125,57,0.028649
125,58,0.061483
125,59,0.064937
125,60,0.033649
125,61,0.020588
125,62,0.009804
125,63,0.036991
125,64,0.016182
125,65,0.053322
125,66,0.077211
125,67,0.054275
125,68,0.030081
125,69,0.009968
125,70,0.020278
125,71,0.062519
125,72,0.094720
125,73,0.139738
125,74,0.010686
125,75,0.034649
125,76,0.118383
125,77,0.141236
125,78,0.058521
125,79,0.063635
125,80,0.050141
125,81,0.136658
125,82,0.058869
125,83,0.017410
125,84,0.050659
125,85,0.069041
125,86,0.002503
125,87,0.076640
125,88,0.070557
125,89,0.015767
125,90,0.014477
125,91,0.061208
125,92,0.004154
125,93,0.034016
125,94,0.041019
125,95,0.026733
125,96,0.044533
125,97,0.049783
125,98,0.030098
125,99,0.026828
125,100,0.069478
125,101,0.086500
125,102,0.061960
125,103,0.019756
125,104,0.024050
125,105,0.079890
125,106,0.052533
125,107,0.034783
125,108,0.010545
125,109,0.008036
125,110,0.084996
125,111,0.084756
125,112,0.082612
125,113,0.052427
125,114,0.067240
125,115,0.052178
125,116,0.107485
125,117,0.078059
125,118,0.098528
125,119,0.053461
125,120,0.109298
125,121,0.075911
125,122,0.031095
125,123,0.023933
125,124,0.033358
125,125,0.000000
125,126,0.039051
125,127,0.018988
125,128,0.100902
125,129,0.108770
125,130,0.101759
125,131,0.017081
125,132,0.001932
125,133,0.038213
126,1,0.013806
126,2,0.011549
126,3,0.001527
126,4,0.011684
126,5,0.003813
126,6,0.040181
126,7,0.015671
126,8,0.021769
126,9,0.004123
126,10,0.041460
126,11,0.019546
126,12,0.032324
126,13,0.069018
126,14,0.056901
126,15,0.028323
126,16,0.001099
126,17,0.052121
126,18,0.022929
126,19,0.045906
126,20,0.019789
126,21,0.000222
126,22,0.012613
126,23,0.066670
126,24,0.051262
126,25,0.051138
126,26,0.007278
126,27,0.008530
126,28,0.052165
126,29,0.049170
126,30,0.004710
126,31,0.010841
126,32,0.020034
126,33,0.022920
126,34,0.006845
126,35,0.086425
126,36,0.101404
126,37,0.093970
126,38,0.045065
126,39,0.050161
126,40,0.008321
126,41,0.009674
126,42,0.015613
126,43,0.006125
126,44,0.027757
126,45,0.005763
126,46,0.008792
126,47,0.005267
126,48,0.057671
126,49,0.025018
126,50,0.000737
126,51,0.018042
126,52,0.006290
126,53,0.019814
126,54,0.000153
126,55,0.016122
126,56,0.023744
126,57,0.033288
126,58,0.076820
126,59,0.085522
126,60,0.055295
126,61,0.015017
126,62,0.023537
126,63,0.012670
126,64,0.011303
126,65,0.034502
126,66,0.029258
126,67,0.005477
126,68,0.024444
126,69,0.004778
126,70,0.045774
126,71,0.050828
126,72,0.022914
126,73,0.042364
126,74,0.088985
126,75,0.082095
126,76,0.075515
126,77,0.098026
126,78,0.058288
126,79,0.048054
126,80,0.058794
126,81,0.084179
126,82,0.042039
126,83,0.010043
126,84,0.038714
126,85,0.044789
126,86,0.009006
126,87,0.018315
126,88,0.099594
126,89,0.049236
126,90,0.003089
126,91,0.034351
126,92,0.113010
126,93,0.077110
126,94,0.064882
126,95,0.027569
126,96,0.010815
126,97,0.004081
126,98,0.002313
126,99,0.028778
126,100,0.080317
126,101,0.056246
126,102,0.061707
126,103,0.001771
126,104,0.005215
126,105,0.013772
126,106,0.042255
126,107,0.067218
126,108,0.067985
126,109,0.039368
126,110,0.091735
126,111,0.096166
126,112,0.125018
126,113,0.095846
126,114,0.118603
126,115,0.073825
126,116,0.011038
126,117,0.007856
126,118,0.004203
126,119,0.016129
126,120,0.052812
126,121,0.058564
126,122,0.056864
126,123,0.069874
126,124,0.001116
126,125,0.039051
126,126,0.000000
126,127,0.005406
126,128,0.019173
126,129,0.057379
126,130,0.005014
126,131,0.047851
126,132,0.011737
126,133,0.027838
127,1,0.020900
127,2,0.016523
127,3,0.004892
127,4,0.020581
127,5,0.022217
127,6,0.004779
127,7,0.003239
127,8,0.017625
127,9,0.020956
127,10,0.016037
127,11,0.004848
127,12,0.015135
127,13,0.042333
127,14,0.015801
127,15,0.008369
127,16,0.029910
127,17,0.069252
127,18,0.023369
127,19,0.002829
127,20,0.024374
127,21,0.012475
127,22,0.038554
127,23,0.017519
127,24,0.023840
127,25,0.027504
127,26,0.020168
127,27,0.017729
127,28,0.025493
127,29,0.076212
127,30,0.042355
127,31,0.027933
127,32,0.009743
127,33,0.015873
127,34,0.050937
127,35,0.040936
127,36,0.062910
127,37,0.066103
127,38,0.034714
127,39,0.033154
127,40,0.021505
127,41,0.031925
127,42,0.020006
127,43,0.014727
127,44,0.012737
127,45,0.010048
127,46,0.004573
127,47,0.001033
127,48,0.023844
127,49,0.000166
127,50,0.005965
127,51,0.010153
127,52,0.007266
127,53,0.020503
127,54,0.008022
127,55,0.026530
127,56,0.010346
127,57,0.001120
127,58,0.038190
127,59,0.046247
127,60,0.036903
127,61,0.015979
127,62,0.012114
127,63,0.052225
127,64,0.054586
127,65,0.008719
127,66,0.002699
127,67,0.019641
127,68,0.002837
127,69,0.043936
127,70,0.058827
127,71,0.043342
127,72,0.004576
127,73,0.020874
127,74,0.064419
127,75,0.044817
127,76,0.100604
127,77,0.141123
127,78,0.018603
127,79,0.010503
127,80,0.101890
127,81,0.036956
127,82,0.014296
127,83,0.000924
127,84,0.051439
127,85,0.029922
127,86,0.004002
127,87,0.026742
127,88,0.088536
127,89,0.028473
127,90,0.015733
127,91,0.007473
127,92,0.103987
127,93,0.054814
127,94,0.062575
127,95,0.030818
127,96,0.009900
127,97,0.010996
127,98,0.001348
127,99,0.039936
127,100,0.103067
127,101,0.075623
127,102,0.068840
127,103,0.036575
127,104,0.048067
127,105,0.009504
127,106,0.035553
127,107,0.047080
127,108,0.053036
127,109,0.013112
127,110,0.044423
127,111,0.030599
127,112,0.042025
127,113,0.026292
127,114,0.062736
127,115,0.047144
127,116,0.037000
127,117,0.005293
127,118,0.009485
127,119,0.005058
127,120,0.020269
127,121,0.034587
127,122,0.023405
127,123,0.055164
127,124,0.004787
127,125,0.018988
127,126,0.005406
127,127,0.000000
127,128,0.017838
127,129,0.063908
127,130,0.000123
127,131,0.005752
127,132,0.015236
127,133,0.015998
128,1,0.030230
128,2,0.042924
128,3,0.040128
128,4,0.049269
128,5,0.016320
128,6,0.044101
128,7,0.042036
128,8,0.032657
128,9,0.016175
128,10,0.054879
128,11,0.048618
128,12,0.006717
128,13,0.092256
128,14,0.062241
128,15,0.021760
128,16,0.011172
128,17,0.069333
128,18,0.085302
128,19,0.031122
128,20,0.108572
128,21,0.054474
128,22,0.010726
128,23,0.051484
128,24,0.002863
128,25,0.034115
128,26,0.002562
128,27,0.021072
128,28,0.057880
128,29,0.031308
128,30,0.002535
128,31,0.030876
128,32,0.046553
128,33,0.011333
128,34,0.003917
128,35,0.101145
128,36,0.139245
128,37,0.127894
128,38,0.089430
128,39,0.083779
128,40,0.017262
128,41,0.010683
128,42,0.011302
128,43,0.015812
128,44,0.059377
128,45,0.029749
128,46,0.034043
128,47,0.041966
128,48,0.036110
128,49,0.026266
128,50,0.006116
128,51,0.031104
128,52,0.008412
128,53,0.008974
128,54,0.023238
128,55,0.020041
128,56,0.053811
128,57,0.067252
128,58,0.067052
128,59,0.115104
128,60,0.012160
128,61,0.009425
128,62,0.015972
128,63,0.004164
128,64,0.011430
128,65,0.042083
128,66,0.052272
128,67,0.045956
128,68,0.060345
128,69,0.023489
128,70,0.005717
128,71,0.026194
128,72,0.046792
128,73,0.089280
128,74,0.058260
128,75,0.088069
128,76,0.120538
128,77,0.177339
128,78,0.065302
128,79,0.041790
128,80,0.119562
128,81,0.168282
128,82,0.086477
128,83,0.002436
128,84,0.077108
128,85,0.114053
128,86,0.025671
128,87,0.000062
128,88,0.042478
128,89,0.031998
128,90,0.064967
128,91,0.100724
128,92,0.066440
128,93,0.022409
128,94,0.020908
128,95,0.001862
128,96,0.038624
128,97,0.041710
128,98,0.060926
128,99,0.071170
128,100,0.111549
128,101,0.140608
128,102,0.075403
128,103,0.015663
128,104,0.038368
128,105,0.024212
128,106,0.012467
128,107,0.033042
128,108,0.049210
128,109,0.035089
128,110,0.109222
128,111,0.114440
128,112,0.124609
128,113,0.131110
128,114,0.105827
128,115,0.090884
128,116,0.041487
128,117,0.006172
128,118,0.004298
128,119,0.002576
128,120,0.051123
128,121,0.004708
128,122,0.028195
128,123,0.107171
128,124,0.116486
128,125,0.100902
128,126,0.019173
128,127,0.017838
128,128,0.000000
128,129,0.032450
128,130,0.004722
128,131,0.032772
128,132,0.046152
128,133,0.021272
129,1,0.035935
129,2,0.039222
129,3,0.074397
129,4,0.063215
129,5,0.017750
129,6,0.043833
129,7,0.049943
129,8,0.033269
129,9,0.002448
129,10,0.030941
129,11,0.047462
129,12,0.018857
129,13,0.065977
129,14,0.059069
129,15,0.020573
129,16,0.003650
129,17,0.036083
129,18,0.107582
129,19,0.036038
129,20,0.142856
129,21,0.058966
129,22,0.009994
129,23,0.017687
129,24,0.024406
129,25,0.014129
129,26,0.000222
129,27,0.047580
129,28,0.045636
129,29,0.018828
129,30,0.039195
129,31,0.055234
129,32,0.090389
129,33,0.040448
129,34,0.034100
129,35,0.106303
129,36,0.125197
129,37,0.140600
129,38,0.101832
129,39,0.085693
129,40,0.033751
129,41,0.007438
129,42,0.004651
129,43,0.019273
129,44,0.042343
129,45,0.021089
129,46,0.055795
129,47,0.078495
129,48,0.003245
129,49,0.005015
129,50,0.000388
129,51,0.006514
129,52,0.002848
129,53,0.000080
129,54,0.048157
129,55,0.008798
129,56,0.044323
129,57,0.046317
129,58,0.050393
129,59,0.104193
129,60,0.052760
129,61,0.049080
129,62,0.027819
129,63,0.011980
129,64,0.008087
129,65,0.066758
129,66,0.064259
129,67,0.042955
129,68,0.050468
129,69,0.042911
129,70,0.030977
129,71,0.015628
129,72,0.028853
129,73,0.085867
129,74,0.030888
129,75,0.088729
129,76,0.098248
129,77,0.143713
129,78,0.062181
129,79,0.043575
129,80,0.066451
129,81,0.168910
129,82,0.118078
129,83,0.002422
129,84,0.066286
129,85,0.114380
129,86,0.017830
129,87,0.019693
129,88,0.010644
129,89,0.057139
129,90,0.074650
129,91,0.099453
129,92,0.027574
129,93,0.074009
129,94,0.027912
129,95,0.030295
129,96,0.063063
129,97,0.052205
129,98,0.079129
129,99,0.075754
129,100,0.089989
129,101,0.137947
129,102,0.072115
129,103,0.006045
129,104,0.017005
129,105,0.016382
129,106,0.039854
129,107,0.050248
129,108,0.086568
129,109,0.060428
129,110,0.119473
129,111,0.133727
129,112,0.134896
129,113,0.130830
129,114,0.112829
129,115,0.083733
129,116,0.040402
129,117,0.011717
129,118,0.014183
129,119,0.031286
129,120,0.006532
129,121,0.005950
129,122,0.040518
129,123,0.097606
129,124,0.166704
129,125,0.108770
129,126,0.057379
129,127,0.063908
129,128,0.032450
129,129,0.000000
129,130,0.003074
129,131,0.022073
129,132,0.063482
129,133,0.016261
130,1,0.030787
130,2,0.014069
130,3,0.056305
130,4,0.060645
130,5,0.039195
130,6,0.012283
130,7,0.041340
130,8,0.026813
130,9,0.000697
130,10,0.073288
130,11,0.059968
130,12,0.022955
130,13,0.065285
130,14,0.073227
130,15,0.036600
130,16,0.031155
130,17,0.001054
130,18,0.094386
130,19,0.051284
130,20,0.130092
130,21,0.044597
130,22,0.017815
130,23,0.003279
130,24,0.033608
130,25,0.012744
130,26,0.023781
130,27,0.050669
130,28,0.028152
130,29,0.024430
130,30,0.037105
130,31,0.083982
130,32,0.080392
130,33,0.051485
130,34,0.042822
130,35,0.058881
130,36,0.098634
130,37,0.105844
130,38,0.084805
130,39,0.066618
130,40,0.046402
130,41,0.017134
130,42,0.005720
130,43,0.040421
130,44,0.043623
130,45,0.042615
130,46,0.045972
130,47,0.099417
130,48,0.008048
130,49,0.040704
130,50,0.026735
130,51,0.035402
130,52,0.018869
130,53,0.041335
130,54,0.011479
130,55,0.016708
130,56,0.001488
130,57,0.008512
130,58,0.003023
130,59,0.064153
130,60,0.048250
130,61,0.047350
130,62,0.048752
130,63,0.029320
130,64,0.029112
130,65,0.081553
130,66,0.072975
130,67,0.040206
130,68,0.073915
130,69,0.050648
130,70,0.072466
130,71,0.031952
130,72,0.015715
130,73,0.068404
130,74,0.008677
130,75,0.063062
130,76,0.082985
130,77,0.101877
130,78,0.025693
130,79,0.006951
130,80,0.029465
130,81,0.170960
130,82,0.101734
130,83,0.007235
130,84,0.049585
130,85,0.088295
130,86,0.022478
130,87,0.007906
130,88,0.006536
130,89,0.077969
130,90,0.084896
130,91,0.102982
130,92,0.056671
130,93,0.041550
130,94,0.015655
130,95,0.036317
130,96,0.063383
130,97,0.046776
130,98,0.062420
130,99,0.067775
130,100,0.086755
130,101,0.100955
130,102,0.030167
130,103,0.021034
130,104,0.015674
130,105,0.047586
130,106,0.010585
130,107,0.000014
130,108,0.042787
130,109,0.048083
130,110,0.086221
130,111,0.090167
130,112,0.109820
130,113,0.099729
130,114,0.098359
130,115,0.071215
130,116,0.026763
130,117,0.002946
130,118,0.016664
130,119,0.001146
130,120,0.020165
130,121,0.036881
130,122,0.001325
130,123,0.108633
130,124,0.085736
130,125,0.101759
130,126,0.005014
130,127,0.000123
130,128,0.004722
130,129,0.003074
130,130,0.000000
130,131,0.037841
130,132,0.053590
130,133,0.061118
131,1,0.087819
131,2,0.053667
131,3,0.026153
131,4,0.024588
131,5,0.017129
131,6,0.013967
131,7,0.037031
131,8,0.038967
131,9,0.107721
131,10,0.082575
131,11,0.091492
131,12,0.042416
131,13,0.006303
131,14,0.010625
131,15,0.012715
131,16,0.007005
131,17,0.021484
131,18,0.060500
131,19,0.053538
131,20,0.112290
131,21,0.055757
131,22,0.008508
131,23,0.066447
131,24,0.079891
131,25,0.065676
131,26,0.022448
131,27,0.005182
131,28,0.015392
131,29,0.013070
131,30,0.015607
131,31,0.046615
131,32,0.053005
131,33,0.013859
131,34,0.018080
131,35,0.002629
131,36,0.019333
131,37,0.041574
131,38,0.008079
131,39,0.001992
131,40,0.046724
131,41,0.068217
131,42,0.054277
131,43,0.050893
131,44,0.032708
131,45,0.012960
131,46,0.105490
131,47,0.106851
131,48,0.134790
131,49,0.014388
131,50,0.000461
131,51,0.010853
131,52,0.044372
131,53,0.030092
131,54,0.032886
131,55,0.002061
131,56,0.014461
131,57,0.060044
131,58,0.066326
131,59,0.002144
131,60,0.045091
131,61,0.009224
131,62,0.015337
131,63,0.063592
131,64,0.052305
131,65,0.026300
131,66,0.009844
131,67,0.006069
131,68,0.003740
131,69,0.018365
131,70,0.009700
131,71,0.024543
131,72,0.005438
131,73,0.028522
131,74,0.031250
131,75,0.053740
131,76,0.056128
131,77,0.033598
131,78,0.021585
131,79,0.016822
131,80,0.028085
131,81,0.049274
131,82,0.049963
131,83,0.030975
131,84,0.008089
131,85,0.057953
131,86,0.000529
131,87,0.005214
131,88,0.040305
131,89,0.024404
131,90,0.001745
131,91,0.035833
131,92,0.011180
131,93,0.039114
131,94,0.057783
131,95,0.086192
131,96,0.097007
131,97,0.078567
131,98,0.089106
131,99,0.067394
131,100,0.069446
131,101,0.074381
131,102,0.007967
131,103,0.018797
131,104,0.005579
131,105,0.025713
131,106,0.002089
131,107,0.019249
131,108,0.081782
131,109,0.032909
131,110,0.021208
131,111,0.022948
131,112,0.035176
131,113,0.030523
131,114,0.040668
131,115,0.016931
131,116,0.056234
131,117,0.097620
131,118,0.033353
131,119,0.001334
131,120,0.015396
131,121,0.065594
131,122,0.049161
131,123,0.010159
131,124,0.032140
131,125,0.017081
131,126,0.047851
131,127,0.005752
131,128,0.032772
131,129,0.022073
131,130,0.037841
131,131,0.000000
131,132,0.031857
131,133,0.181220
132,1,0.099375
132,2,0.059777
132,3,0.034917
132,4,0.040038
132,5,0.032302
132,6,0.010433
132,7,0.040355
132,8,0.058455
132,9,0.094983
132,10,0.012981
132,11,0.024346
132,12,0.048476
132,13,0.022633
132,14,0.013403
132,15,0.008036
132,16,0.033308
132,17,0.044579
132,18,0.003977
132,19,0.020223
132,20,0.030996
132,21,0.016521
132,22,0.017353
132,23,0.046931
132,24,0.076492
132,25,0.064018
132,26,0.023149
132,27,0.018380
132,28,0.037480
132,29,0.064270
132,30,0.064525
132,31,0.079940
132,32,0.046239
132,33,0.057418
132,34,0.034208
132,35,0.001687
132,36,0.001227
132,37,0.016832
132,38,0.023907
132,39,0.032432
132,40,0.061202
132,41,0.070384
132,42,0.056485
132,43,0.073338
132,44,0.040752
132,45,0.002592
132,46,0.083215
132,47,0.053292
132,48,0.134539
132,49,0.012521
132,50,0.064299
132,51,0.019474
132,52,0.058652
132,53,0.059542
132,54,0.071244
132,55,0.042290
132,56,0.077125
132,57,0.079676
132,58,0.070358
132,59,0.004782
132,60,0.030880
132,61,0.015333
132,62,0.015381
132,63,0.030304
132,64,0.021616
132,65,0.034676
132,66,0.033173
132,67,0.016926
132,68,0.027323
132,69,0.028258
132,70,0.018736
132,71,0.008298
132,72,0.023168
132,73,0.012474
132,74,0.009294
132,75,0.085300
132,76,0.071837
132,77,0.000385
132,78,0.050282
132,79,0.036367
132,80,0.070828
132,81,0.015802
132,82,0.019613
132,83,0.003534
132,84,0.049458
132,85,0.071299
132,86,0.031976
132,87,0.034148
132,88,0.028480
132,89,0.000415
132,90,0.023575
132,91,0.026554
132,92,0.015624
132,93,0.005756
132,94,0.051593
132,95,0.041237
132,96,0.049295
132,97,0.037583
132,98,0.051579
132,99,0.068253
132,100,0.057061
132,101,0.048394
132,102,0.001895
132,103,0.004642
132,104,0.002909
132,105,0.027483
132,106,0.015073
132,107,0.004684
132,108,0.069321
132,109,0.036380
132,110,0.023009
132,111,0.007877
132,112,0.018562
132,113,0.005643
132,114,0.017637
132,115,0.018915
132,116,0.023655
132,117,0.060467
132,118,0.027156
132,119,0.024835
132,120,0.021578
132,121,0.033513
132,122,0.044443
132,123,0.025594
132,124,0.013670
132,125,0.001932
132,126,0.011737
132,127,0.015236
132,128,0.046152
132,129,0.063482
132,130,0.053590
132,131,0.031857
132,132,0.000000
132,133,0.204069
133,1,0.047975
133,2,0.001576
133,3,0.038594
133,4,0.024407
133,5,0.016458
133,6,0.004651
133,7,0.050582
133,8,0.051876
133,9,0.069892
133,10,0.049532
133,11,0.058094
133,12,0.011646
133,13,0.017940
133,14,0.012583
133,15,0.022966
133,16,0.020867
133,17,0.023387
133,18,0.076521
133,19,0.050343
133,20,0.068555
133,21,0.009391
133,22,0.030111
133,23,0.064200
133,24,0.063801
133,25,0.054510
133,26,0.009482
133,27,0.001640
133,28,0.054826
133,29,0.010722
133,30,0.006822
133,31,0.006850
133,32,0.000029
133,33,0.009529
133,34,0.023216
133,35,0.002317
133,36,0.024358
133,37,0.009550
133,38,0.010128
133,39,0.037612
133,40,0.050803
133,41,0.060879
133,42,0.069142
133,43,0.080359
133,44,0.055298
133,45,0.015785
133,46,0.051132
133,47,0.139612
133,48,0.090037
133,49,0.031134
133,50,0.068388
133,51,0.015092
133,52,0.006516
133,53,0.019594
133,54,0.037325
133,55,0.019589
133,56,0.058695
133,57,0.075214
133,58,0.082267
133,59,0.035978
133,60,0.015452
133,61,0.050079
133,62,0.043011
133,63,0.069826
133,64,0.080889
133,65,0.049466
133,66,0.018778
133,67,0.018821
133,68,0.027044
133,69,0.040931
133,70,0.017344
133,71,0.005579
133,72,0.005532
133,73,0.024735
133,74,0.035506
133,75,0.075817
133,76,0.068384
133,77,0.094580
133,78,0.066015
133,79,0.051708
133,80,0.101280
133,81,0.000907
133,82,0.025745
133,83,0.018832
133,84,0.033870
133,85,0.054480
133,86,0.004588
133,87,0.026736
133,88,0.053427
133,89,0.018681
133,90,0.009145
133,91,0.020682
133,92,0.010973
133,93,0.000361
133,94,0.034436
133,95,0.066278
133,96,0.066752
133,97,0.053672
133,98,0.030881
133,99,0.018781
133,100,0.016603
133,101,0.030911
133,102,0.000013
133,103,0.060791
133,104,0.073607
133,105,0.081619
133,106,0.004846
133,107,0.012199
133,108,0.001285
133,109,0.021168
133,110,0.029441
133,111,0.039962
133,112,0.009480
133,113,0.020972
133,114,0.006201
133,115,0.007844
133,116,0.008901
133,117,0.006801
133,118,0.012620
133,119,0.025047
133,120,0.000308
133,121,0.005207
133,122,0.049586
133,123,0.048308
133,124,0.009467
133,125,0.038213
133,126,0.027838
133,127,0.015998
133,128,0.021272
133,129,0.016261
133,130,0.061118
133,131,0.181220
133,132,0.204069
133,133,0.000000
