residue_i,residue_j,std
1,1,0.000000
1,2,0.076779
1,3,0.036468
1,4,0.011693
1,5,0.038402
1,6,0.051110
1,7,0.059032
1,8,0.145961
1,9,0.093926
1,10,0.064029
1,11,0.149559
1,12,0.088711
1,13,0.107331
1,14,0.093645
1,15,0.311436
1,16,0.245871
1,17,0.103569
1,18,0.014919
1,19,0.069931
1,20,0.010637
1,21,0.025538
1,22,0.030269
1,23,0.011282
1,24,0.018707
1,25,0.014614
1,26,0.004713
1,27,0.013293
1,28,0.085961
1,29,0.160073
1,30,0.097984
1,31,0.090032
1,32,0.122341
1,33,0.038339
1,34,0.030622
1,35,0.007781
1,36,0.006141
1,37,0.007578
1,38,0.013020
1,39,0.011591
1,40,0.075927
1,41,0.097683
1,42,0.056561
1,43,0.047489
1,44,0.004914
1,45,0.149442
1,46,0.031664
1,47,0.037596
1,48,0.013445
1,49,0.008168
1,50,0.050386
1,51,0.014627
1,52,0.001931
1,53,0.095318
1,54,0.036861
1,55,0.023992
1,56,0.050669
1,57,0.082622
1,58,0.072892
1,59,0.094715
1,60,0.107721
1,61,0.090121
1,62,0.027172
1,63,0.069412
1,64,0.079395
1,65,0.079534
1,66,0.088944
1,67,0.064806
1,68,0.065771
1,69,0.016139
1,70,0.043533
1,71,0.056146
1,72,0.016613
1,73,0.038919
1,74,0.142690
1,75,0.136263
1,76,0.076018
1,77,0.088452
1,78,0.042081
1,79,0.057493
1,80,0.053978
1,81,0.051839
1,82,0.118004
1,83,0.105835
1,84,0.093414
1,85,0.063009
1,86,0.034859
1,87,0.085067
1,88,0.018513
1,89,0.022301
1,90,0.061697
1,91,0.007887
1,92,0.011630
1,93,0.090894
1,94,0.090359
1,95,0.062754
1,96,0.022001
1,97,0.019882
1,98,0.007875
1,99,0.006348
1,100,0.051660
1,101,0.110034
1,102,0.008601
1,103,0.016878
1,104,0.048708
1,105,0.016632
1,106,0.000945
1,107,0.041874
1,108,0.022800
1,109,0.340161
1,110,0.301127
1,111,0.208055
1,112,0.250673
1,113,0.038182
1,114,0.065686
1,115,0.083418
1,116,0.061204
1,117,0.071876
1,118,0.075997
1,119,0.093700
1,120,0.203208
1,121,0.161235
1,122,0.223438
1,123,0.120457
1,124,0.108307
1,125,0.115760
1,126,0.141200
1,127,0.162062
1,128,0.090784
1,129,0.057594
1,130,0.017481
1,131,0.024458
1,132,0.035076
1,133,0.075252
1,134,0.033917
1,135,0.025521
1,136,0.014354
1,137,0.013947
1,138,0.036472
1,139,0.046039
1,140,0.059979
1,141,0.046623
1,142,0.029132
1,143,0.033245
1,144,0.047596
1,145,0.071796
1,146,0.114123
1,147,0.110756
1,148,0.080891
1,149,0.073062
1,150,0.071996
1,151,0.065570
1,152,0.020058
1,153,0.077187
1,154,0.080737
1,155,0.032736
1,156,0.041189
1,157,0.018713
1,158,0.034029
1,159,0.042189
1,160,0.022683
1,161,0.028103
1,162,0.058498
1,163,0.038292
1,164,0.015057
1,165,0.020787
1,166,0.015815
1,167,0.021759
1,168,0.040125
1,169,0.035260
1,170,0.013331
1,171,0.024751
1,172,0.023994
1,173,0.021736
1,174,0.034912
1,175,0.025873
1,176,0.036339
1,177,0.005549
1,178,0.032057
1,179,0.028159
1,180,0.004169
1,181,0.024697
1,182,0.041154
1,183,0.037694
1,184,0.017855
1,185,0.056486
1,186,0.075147
1,187,0.011600
1,188,0.104059
1,189,0.102258
1,190,0.009819
1,191,0.006946
1,192,0.013809
1,193,0.034783
2,1,0.076779
2,2,0.000000
2,3,0.011468
2,4,0.021696
2,5,0.021226
2,6,0.006652
2,7,0.025177
2,8,0.197788
2,9,0.126644
2,10,0.118593
2,11,0.169996
2,12,0.132735
2,13,0.044531
2,14,0.101051
2,15,0.251809
2,16,0.201869
2,17,0.083065
2,18,0.041627
2,19,0.052157
2,20,0.027316
2,21,0.040315
2,22,0.061142
2,23,0.025165
2,24,0.033909
2,25,0.018144
2,26,0.063852
2,27,0.004286
2,28,0.093476
2,29,0.185732
2,30,0.103748
2,31,0.146458
2,32,0.119463
2,33,0.106385
2,34,0.077270
2,35,0.042045
2,36,0.054995
2,37,0.055130
2,38,0.037729
2,39,0.053256
2,40,0.131472
2,41,0.100931
2,42,0.058590
2,43,0.029707
2,44,0.037126
2,45,0.205130
2,46,0.036462
2,47,0.087166
2,48,0.022778
2,49,0.044081
2,50,0.047729
2,51,0.018821
2,52,0.039865
2,53,0.145153
2,54,0.053092
2,55,0.068448
2,56,0.093532
2,57,0.137698
2,58,0.151597
2,59,0.179024
2,60,0.146836
2,61,0.119252
2,62,0.054539
2,63,0.058901
2,64,0.046772
2,65,0.008630
2,66,0.151257
2,67,0.117783
2,68,0.114574
2,69,0.033542
2,70,0.074401
2,71,0.065260
2,72,0.027999
2,73,0.037947
2,74,0.159441
2,75,0.144337
2,76,0.092949
2,77,0.119652
2,78,0.107598
2,79,0.122979
2,80,0.117383
2,81,0.105945
2,82,0.160470
2,83,0.113983
2,84,0.118989
2,85,0.096613
2,86,0.095209
2,87,0.149650
2,88,0.067461
2,89,0.108559
2,90,0.127746
2,91,0.053637
2,92,0.033059
2,93,0.071296
2,94,0.086134
2,95,0.070588
2,96,0.044105
2,97,0.006633
2,98,0.016996
2,99,0.001133
2,100,0.103712
2,101,0.175071
2,102,0.034687
2,103,0.062405
2,104,0.107993
2,105,0.024415
2,106,0.039801
2,107,0.093594
2,108,0.057312
2,109,0.279466
2,110,0.263808
2,111,0.215713
2,112,0.213475
2,113,0.040880
2,114,0.000470
2,115,0.006116
2,116,0.011862
2,117,0.039471
2,118,0.026158
2,119,0.003723
2,120,0.093782
2,121,0.123260
2,122,0.209317
2,123,0.058777
2,124,0.041852
2,125,0.041965
2,126,0.029954
2,127,0.043685
2,128,0.033279
2,129,0.025010
2,130,0.013216
2,131,0.030080
2,132,0.027858
2,133,0.059879
2,134,0.037871
2,135,0.052758
2,136,0.044651
2,137,0.049184
2,138,0.066599
2,139,0.087499
2,140,0.098386
2,141,0.098008
2,142,0.008225
2,143,0.026287
2,144,0.046313
2,145,0.074407
2,146,0.093074
2,147,0.093646
2,148,0.052026
2,149,0.048494
2,150,0.056736
2,151,0.079823
2,152,0.031415
2,153,0.111186
2,154,0.101295
2,155,0.058290
2,156,0.075578
2,157,0.081829
2,158,0.008140
2,159,0.009778
2,160,0.033380
2,161,0.027367
2,162,0.033258
2,163,0.002628
2,164,0.001784
2,165,0.022824
2,166,0.010766
2,167,0.034863
2,168,0.025307
2,169,0.034024
2,170,0.014273
2,171,0.066209
2,172,0.016523
2,173,0.027940
2,174,0.022555
2,175,0.004347
2,176,0.031142
2,177,0.009296
2,178,0.016003
2,179,0.014361
2,180,0.021404
2,181,0.043031
2,182,0.069924
2,183,0.043528
2,184,0.021944
2,185,0.081083
2,186,0.083585
2,187,0.054764
2,188,0.122073
2,189,0.089939
2,190,0.008854
2,191,0.056044
2,192,0.058993
2,193,0.067052
3,1,0.036468
3,2,0.011468
3,3,0.000000
3,4,0.024230
3,5,0.010481
3,6,0.011344
3,7,0.017192
3,8,0.043769
3,9,0.000805
3,10,0.138850
3,11,0.165473
3,12,0.063461
3,13,0.004035
3,14,0.038025
3,15,0.063815
3,16,0.109605
3,17,0.202181
3,18,0.172413
3,19,0.153486
3,20,0.169839
3,21,0.121455
3,22,0.027301
3,23,0.031110
3,24,0.038024
3,25,0.090840
3,26,0.155692
3,27,0.043543
3,28,0.009139
3,29,0.056642
3,30,0.007315
3,31,0.038893
3,32,0.005086
3,33,0.059090
3,34,0.053077
3,35,0.047642
3,36,0.067352
3,37,0.089820
3,38,0.076254
3,39,0.056386
3,40,0.122034
3,41,0.012569
3,42,0.079043
3,43,0.104891
3,44,0.039827
3,45,0.241484
3,46,0.132056
3,47,0.005017
3,48,0.004740
3,49,0.037793
3,50,0.092292
3,51,0.012016
3,52,0.028545
3,53,0.171883
3,54,0.094961
3,55,0.115077
3,56,0.107090
3,57,0.135597
3,58,0.130399
3,59,0.144140
3,60,0.119225
3,61,0.103154
3,62,0.050770
3,63,0.033562
3,64,0.153248
3,65,0.132060
3,66,0.155696
3,67,0.171281
3,68,0.099543
3,69,0.060220
3,70,0.074998
3,71,0.054915
3,72,0.016855
3,73,0.008085
3,74,0.065838
3,75,0.067366
3,76,0.007412
3,77,0.002388
3,78,0.053801
3,79,0.054982
3,80,0.060602
3,81,0.041387
3,82,0.093842
3,83,0.050822
3,84,0.065615
3,85,0.075607
3,86,0.105334
3,87,0.138067
3,88,0.122175
3,89,0.095259
3,90,0.102430
3,91,0.099603
3,92,0.087389
3,93,0.079290
3,94,0.027080
3,95,0.060510
3,96,0.040312
3,97,0.064823
3,98,0.030271
3,99,0.034839
3,100,0.020901
3,101,0.023115
3,102,0.107040
3,103,0.029006
3,104,0.225865
3,105,0.098723
3,106,0.058343
3,107,0.010490
3,108,0.041612
3,109,0.136056
3,110,0.238041
3,111,0.144468
3,112,0.089397
3,113,0.092895
3,114,0.068972
3,115,0.070018
3,116,0.003464
3,117,0.002358
3,118,0.036735
3,119,0.064537
3,120,0.012151
3,121,0.012378
3,122,0.003956
3,123,0.013763
3,124,0.038291
3,125,0.084735
3,126,0.124229
3,127,0.090967
3,128,0.008521
3,129,0.015991
3,130,0.007411
3,131,0.010521
3,132,0.023357
3,133,0.007682
3,134,0.016864
3,135,0.118508
3,136,0.113816
3,137,0.104180
3,138,0.114736
3,139,0.152603
3,140,0.048437
3,141,0.065464
3,142,0.169237
3,143,0.100497
3,144,0.100761
3,145,0.094961
3,146,0.097684
3,147,0.040277
3,148,0.057248
3,149,0.021792
3,150,0.035935
3,151,0.103762
3,152,0.061460
3,153,0.142815
3,154,0.149445
3,155,0.072082
3,156,0.079605
3,157,0.132182
3,158,0.062420
3,159,0.134524
3,160,0.105701
3,161,0.024027
3,162,0.065332
3,163,0.041383
3,164,0.015238
3,165,0.021005
3,166,0.051171
3,167,0.021703
3,168,0.030629
3,169,0.024442
3,170,0.014224
3,171,0.128737
3,172,0.050168
3,173,0.045634
3,174,0.007393
3,175,0.029517
3,176,0.010673
3,177,0.010645
3,178,0.027820
3,179,0.015946
3,180,0.036531
3,181,0.026492
3,182,0.039112
3,183,0.033770
3,184,0.051657
3,185,0.119921
3,186,0.098602
3,187,0.104116
3,188,0.154528
3,189,0.109510
3,190,0.027305
3,191,0.029426
3,192,0.035903
3,193,0.050272
4,1,0.011693
4,2,0.021696
4,3,0.024230
4,4,0.000000
4,5,0.069052
4,6,0.002971
4,7,0.123763
4,8,0.124988
4,9,0.154058
4,10,0.088504
4,11,0.111386
4,12,0.041398
4,13,0.015174
4,14,0.114426
4,15,0.036715
4,16,0.009115
4,17,0.216733
4,18,0.131553
4,19,0.071228
4,20,0.116208
4,21,0.083113
4,22,0.041759
4,23,0.001259
4,24,0.045293
4,25,0.090197
4,26,0.125031
4,27,0.037026
4,28,0.079646
4,29,0.079092
4,30,0.095731
4,31,0.060647
4,32,0.102049
4,33,0.053617
4,34,0.059096
4,35,0.063149
4,36,0.063077
4,37,0.090097
4,38,0.106172
4,39,0.046751
4,40,0.054163
4,41,0.135483
4,42,0.187650
4,43,0.218948
4,44,0.063857
4,45,0.209665
4,46,0.112334
4,47,0.101606
4,48,0.083095
4,49,0.081465
4,50,0.084188
4,51,0.052619
4,52,0.004144
4,53,0.105709
4,54,0.101332
4,55,0.100228
4,56,0.068450
4,57,0.084372
4,58,0.050269
4,59,0.050178
4,60,0.066378
4,61,0.062194
4,62,0.021592
4,63,0.015708
4,64,0.141303
4,65,0.142808
4,66,0.105002
4,67,0.141094
4,68,0.062868
4,69,0.055346
4,70,0.034254
4,71,0.001720
4,72,0.001812
4,73,0.040916
4,74,0.025186
4,75,0.029745
4,76,0.077122
4,77,0.072076
4,78,0.009563
4,79,0.008411
4,80,0.001015
4,81,0.022128
4,82,0.010599
4,83,0.057090
4,84,0.032255
4,85,0.009953
4,86,0.062529
4,87,0.052064
4,88,0.086619
4,89,0.002376
4,90,0.020492
4,91,0.063170
4,92,0.050269
4,93,0.048536
4,94,0.020186
4,95,0.033879
4,96,0.036943
4,97,0.045602
4,98,0.006986
4,99,0.049147
4,100,0.043786
4,101,0.083731
4,102,0.164115
4,103,0.092355
4,104,0.223988
4,105,0.121228
4,106,0.012889
4,107,0.028472
4,108,0.057150
4,109,0.050630
4,110,0.191169
4,111,0.105778
4,112,0.057123
4,113,0.082076
4,114,0.079398
4,115,0.064769
4,116,0.013872
4,117,0.005386
4,118,0.025124
4,119,0.039930
4,120,0.050630
4,121,0.047496
4,122,0.099613
4,123,0.013115
4,124,0.022944
4,125,0.110542
4,126,0.149996
4,127,0.125852
4,128,0.030084
4,129,0.056585
4,130,0.057714
4,131,0.005416
4,132,0.004916
4,133,0.000366
4,134,0.013940
4,135,0.096067
4,136,0.090857
4,137,0.081735
4,138,0.084060
4,139,0.134651
4,140,0.002711
4,141,0.017869
4,142,0.193930
4,143,0.107666
4,144,0.102292
4,145,0.136478
4,146,0.142414
4,147,0.075129
4,148,0.074644
4,149,0.041670
4,150,0.070554
4,151,0.137126
4,152,0.071875
4,153,0.106539
4,154,0.132496
4,155,0.060869
4,156,0.040862
4,157,0.088191
4,158,0.079093
4,159,0.180179
4,160,0.125308
4,161,0.029445
4,162,0.108934
4,163,0.070996
4,164,0.035662
4,165,0.042103
4,166,0.106555
4,167,0.075785
4,168,0.015817
4,169,0.012564
4,170,0.006511
4,171,0.131529
4,172,0.054000
4,173,0.039154
4,174,0.019708
4,175,0.032683
4,176,0.006735
4,177,0.015619
4,178,0.032624
4,179,0.023375
4,180,0.027591
4,181,0.003865
4,182,0.008563
4,183,0.000482
4,184,0.022795
4,185,0.099130
4,186,0.090257
4,187,0.099307
4,188,0.120472
4,189,0.079446
4,190,0.006052
4,191,0.041299
4,192,0.063120
4,193,0.092966
5,1,0.038402
5,2,0.021226
5,3,0.010481
5,4,0.069052
5,5,0.000000
5,6,0.048137
5,7,0.150973
5,8,0.280155
5,9,0.301782
5,10,0.072392
5,11,0.088042
5,12,0.144881
5,13,0.045241
5,14,0.005874
5,15,0.052575
5,16,0.059944
5,17,0.215456
5,18,0.026352
5,19,0.144590
5,20,0.064831
5,21,0.059226
5,22,0.148596
5,23,0.110967
5,24,0.085686
5,25,0.014776
5,26,0.008721
5,27,0.020565
5,28,0.155614
5,29,0.165307
5,30,0.132877
5,31,0.121848
5,32,0.130690
5,33,0.023120
5,34,0.045573
5,35,0.037531
5,36,0.015760
5,37,0.041310
5,38,0.108508
5,39,0.035110
5,40,0.057111
5,41,0.136254
5,42,0.185585
5,43,0.299637
5,44,0.133692
5,45,0.190258
5,46,0.072465
5,47,0.236699
5,48,0.242439
5,49,0.212557
5,50,0.002867
5,51,0.117524
5,52,0.044752
5,53,0.019988
5,54,0.044574
5,55,0.027628
5,56,0.007217
5,57,0.029725
5,58,0.026201
5,59,0.024127
5,60,0.035016
5,61,0.001240
5,62,0.013748
5,63,0.017728
5,64,0.075262
5,65,0.094629
5,66,0.051592
5,67,0.087951
5,68,0.000053
5,69,0.013518
5,70,0.017191
5,71,0.060217
5,72,0.011135
5,73,0.070525
5,74,0.071836
5,75,0.048099
5,76,0.091014
5,77,0.113057
5,78,0.050026
5,79,0.027582
5,80,0.071004
5,81,0.070738
5,82,0.080961
5,83,0.165042
5,84,0.130226
5,85,0.067284
5,86,0.009914
5,87,0.065370
5,88,0.072257
5,89,0.186445
5,90,0.155837
5,91,0.089528
5,92,0.099724
5,93,0.088730
5,94,0.100337
5,95,0.003284
5,96,0.212824
5,97,0.118822
5,98,0.159725
5,99,0.179831
5,100,0.122438
5,101,0.106383
5,102,0.168118
5,103,0.066867
5,104,0.282172
5,105,0.110816
5,106,0.125453
5,107,0.110977
5,108,0.111149
5,109,0.099630
5,110,0.245891
5,111,0.226932
5,112,0.171601
5,113,0.097505
5,114,0.019678
5,115,0.048323
5,116,0.011538
5,117,0.067624
5,118,0.052190
5,119,0.027969
5,120,0.015953
5,121,0.033457
5,122,0.045199
5,123,0.012265
5,124,0.018583
5,125,0.057672
5,126,0.123943
5,127,0.134111
5,128,0.059578
5,129,0.098246
5,130,0.130192
5,131,0.082814
5,132,0.070161
5,133,0.114890
5,134,0.110145
5,135,0.007701
5,136,0.008674
5,137,0.012170
5,138,0.009511
5,139,0.100734
5,140,0.085234
5,141,0.029608
5,142,0.147172
5,143,0.037795
5,144,0.009144
5,145,0.027696
5,146,0.000387
5,147,0.002525
5,148,0.004518
5,149,0.099404
5,150,0.133757
5,151,0.195650
5,152,0.109610
5,153,0.110615
5,154,0.161152
5,155,0.069763
5,156,0.041772
5,157,0.088604
5,158,0.089051
5,159,0.218928
5,160,0.147193
5,161,0.010145
5,162,0.086872
5,163,0.038121
5,164,0.002027
5,165,0.048211
5,166,0.162201
5,167,0.173446
5,168,0.085351
5,169,0.047091
5,170,0.030822
5,171,0.136789
5,172,0.037016
5,173,0.010303
5,174,0.046332
5,175,0.017172
5,176,0.068990
5,177,0.045795
5,178,0.030704
5,179,0.011539
5,180,0.004387
5,181,0.034190
5,182,0.015729
5,183,0.026312
5,184,0.028705
5,185,0.071628
5,186,0.018731
5,187,0.062844
5,188,0.083477
5,189,0.051823
5,190,0.212055
5,191,0.262576
5,192,0.317136
5,193,0.348301
6,1,0.051110
6,2,0.006652
6,3,0.011344
6,4,0.002971
6,5,0.048137
6,6,0.000000
6,7,0.099598
6,8,0.088881
6,9,0.205070
6,10,0.071084
6,11,0.054809
6,12,0.096201
6,13,0.040442
6,14,0.052386
6,15,0.063965
6,16,0.055220
6,17,0.116456
6,18,0.007921
6,19,0.108308
6,20,0.041325
6,21,0.074258
6,22,0.101175
6,23,0.017164
6,24,0.021755
6,25,0.020319
6,26,0.013346
6,27,0.096868
6,28,0.020766
6,29,0.035102
6,30,0.005776
6,31,0.016071
6,32,0.026207
6,33,0.006183
6,34,0.047608
6,35,0.032550
6,36,0.015623
6,37,0.044296
6,38,0.109863
6,39,0.077752
6,40,0.121032
6,41,0.045024
6,42,0.124270
6,43,0.192124
6,44,0.111402
6,45,0.215455
6,46,0.048725
6,47,0.162392
6,48,0.145731
6,49,0.157040
6,50,0.006766
6,51,0.124143
6,52,0.107635
6,53,0.045045
6,54,0.039385
6,55,0.033886
6,56,0.014007
6,57,0.099440
6,58,0.021350
6,59,0.070419
6,60,0.051404
6,61,0.030481
6,62,0.021503
6,63,0.020104
6,64,0.081395
6,65,0.145986
6,66,0.070142
6,67,0.086047
6,68,0.053046
6,69,0.036690
6,70,0.005161
6,71,0.054088
6,72,0.011905
6,73,0.036256
6,74,0.002596
6,75,0.013093
6,76,0.031536
6,77,0.012753
6,78,0.059029
6,79,0.054905
6,80,0.050001
6,81,0.027103
6,82,0.019430
6,83,0.093785
6,84,0.090677
6,85,0.017264
6,86,0.006060
6,87,0.036751
6,88,0.057268
6,89,0.160214
6,90,0.121527
6,91,0.087772
6,92,0.108838
6,93,0.111757
6,94,0.106897
6,95,0.077802
6,96,0.192181
6,97,0.126922
6,98,0.174836
6,99,0.214920
6,100,0.107218
6,101,0.068528
6,102,0.086986
6,103,0.025077
6,104,0.190012
6,105,0.070151
6,106,0.026400
6,107,0.040755
6,108,0.042421
6,109,0.213468
6,110,0.359584
6,111,0.268082
6,112,0.224983
6,113,0.134496
6,114,0.035294
6,115,0.072881
6,116,0.058837
6,117,0.027458
6,118,0.028145
6,119,0.060007
6,120,0.085059
6,121,0.102268
6,122,0.069435
6,123,0.003547
6,124,0.017743
6,125,0.116914
6,126,0.210404
6,127,0.236887
6,128,0.071175
6,129,0.011353
6,130,0.032042
6,131,0.007588
6,132,0.029596
6,133,0.083663
6,134,0.078788
6,135,0.000178
6,136,0.005344
6,137,0.006924
6,138,0.055217
6,139,0.110253
6,140,0.085499
6,141,0.026969
6,142,0.162997
6,143,0.069516
6,144,0.028501
6,145,0.041825
6,146,0.019350
6,147,0.017464
6,148,0.021302
6,149,0.112797
6,150,0.114328
6,151,0.210510
6,152,0.145648
6,153,0.127104
6,154,0.175528
6,155,0.099182
6,156,0.056396
6,157,0.102746
6,158,0.143639
6,159,0.222056
6,160,0.179138
6,161,0.014025
6,162,0.077926
6,163,0.061726
6,164,0.025711
6,165,0.031632
6,166,0.088411
6,167,0.053372
6,168,0.002307
6,169,0.021722
6,170,0.032857
6,171,0.166793
6,172,0.027793
6,173,0.036158
6,174,0.034445
6,175,0.054011
6,176,0.008124
6,177,0.006988
6,178,0.040463
6,179,0.045959
6,180,0.069005
6,181,0.092697
6,182,0.082688
6,183,0.079189
6,184,0.039999
6,185,0.106832
6,186,0.079346
6,187,0.123005
6,188,0.171858
6,189,0.119612
6,190,0.092702
6,191,0.155576
6,192,0.215781
6,193,0.249059
7,1,0.059032
7,2,0.025177
7,3,0.017192
7,4,0.123763
7,5,0.150973
7,6,0.099598
7,7,0.000000
7,8,0.043192
7,9,0.014475
7,10,0.079992
7,11,0.083990
7,12,0.055125
7,13,0.201189
7,14,0.357914
7,15,0.380156
7,16,0.328390
7,17,0.051843
7,18,0.058497
7,19,0.149253
7,20,0.112630
7,21,0.221042
7,22,0.185944
7,23,0.009818
7,24,0.149148
7,25,0.105297
7,26,0.189171
7,27,0.047661
7,28,0.029387
7,29,0.072388
7,30,0.098647
7,31,0.084364
7,32,0.047794
7,33,0.020244
7,34,0.008337
7,35,0.069700
7,36,0.070590
7,37,0.042797
7,38,0.004379
7,39,0.009028
7,40,0.148196
7,41,0.068001
7,42,0.007962
7,43,0.049464
7,44,0.125974
7,45,0.170602
7,46,0.087613
7,47,0.122665
7,48,0.135320
7,49,0.208294
7,50,0.095513
7,51,0.090049
7,52,0.080848
7,53,0.077136
7,54,0.071760
7,55,0.047832
7,56,0.003357
7,57,0.088257
7,58,0.072330
7,59,0.105556
7,60,0.066482
7,61,0.024368
7,62,0.024187
7,63,0.091627
7,64,0.016843
7,65,0.027683
7,66,0.003254
7,67,0.044846
7,68,0.036412
7,69,0.016098
7,70,0.037155
7,71,0.120226
7,72,0.042550
7,73,0.060591
7,74,0.000476
7,75,0.032212
7,76,0.011328
7,77,0.009894
7,78,0.053809
7,79,0.068823
7,80,0.072380
7,81,0.043396
7,82,0.060321
7,83,0.169233
7,84,0.216414
7,85,0.130165
7,86,0.063041
7,87,0.053126
7,88,0.154886
7,89,0.236979
7,90,0.197404
7,91,0.210617
7,92,0.202481
7,93,0.130965
7,94,0.078148
7,95,0.068643
7,96,0.243033
7,97,0.234577
7,98,0.234275
7,99,0.260420
7,100,0.067070
7,101,0.002189
7,102,0.098973
7,103,0.016333
7,104,0.142869
7,105,0.102336
7,106,0.082061
7,107,0.120158
7,108,0.130535
7,109,0.277905
7,110,0.305893
7,111,0.317134
7,112,0.299879
7,113,0.106364
7,114,0.108586
7,115,0.050207
7,116,0.050543
7,117,0.094230
7,118,0.008128
7,119,0.030869
7,120,0.051749
7,121,0.077527
7,122,0.068385
7,123,0.091673
7,124,0.069235
7,125,0.061890
7,126,0.172186
7,127,0.196230
7,128,0.016550
7,129,0.055703
7,130,0.127947
7,131,0.129209
7,132,0.160318
7,133,0.218455
7,134,0.188601
7,135,0.157819
7,136,0.135188
7,137,0.087642
7,138,0.026909
7,139,0.008414
7,140,0.075986
7,141,0.010420
7,142,0.043747
7,143,0.105499
7,144,0.156177
7,145,0.148572
7,146,0.159315
7,147,0.109765
7,148,0.135035
7,149,0.088904
7,150,0.071305
7,151,0.183810
7,152,0.133131
7,153,0.110895
7,154,0.160844
7,155,0.108710
7,156,0.131042
7,157,0.162728
7,158,0.162093
7,159,0.181983
7,160,0.157076
7,161,0.068393
7,162,0.068623
7,163,0.090765
7,164,0.064210
7,165,0.072903
7,166,0.016395
7,167,0.013100
7,168,0.009749
7,169,0.004942
7,170,0.024782
7,171,0.108695
7,172,0.032208
7,173,0.031096
7,174,0.050811
7,175,0.039645
7,176,0.064024
7,177,0.013910
7,178,0.009613
7,179,0.018383
7,180,0.046298
7,181,0.034689
7,182,0.039331
7,183,0.067254
7,184,0.005237
7,185,0.095464
7,186,0.066930
7,187,0.129951
7,188,0.120829
7,189,0.058515
7,190,0.139432
7,191,0.182633
7,192,0.237565
7,193,0.256098
8,1,0.145961
8,2,0.197788
8,3,0.043769
8,4,0.124988
8,5,0.280155
8,6,0.088881
8,7,0.043192
8,8,0.000000
8,9,0.015557
8,10,0.200935
8,11,0.144519
8,12,0.099442
8,13,0.193190
8,14,0.391149
8,15,0.432210
8,16,0.396142
8,17,0.110566
8,18,0.155410
8,19,0.255490
8,20,0.237886
8,21,0.271059
8,22,0.108497
8,23,0.061082
8,24,0.262613
8,25,0.021364
8,26,0.086489
8,27,0.103398
8,28,0.074454
8,29,0.134721
8,30,0.137152
8,31,0.056470
8,32,0.016816
8,33,0.050405
8,34,0.007678
8,35,0.102289
8,36,0.105640
8,37,0.099176
8,38,0.048863
8,39,0.034435
8,40,0.150170
8,41,0.105861
8,42,0.049934
8,43,0.031094
8,44,0.134271
8,45,0.175582
8,46,0.099823
8,47,0.107656
8,48,0.205281
8,49,0.421411
8,50,0.240272
8,51,0.124398
8,52,0.151631
8,53,0.140213
8,54,0.022408
8,55,0.024735
8,56,0.122814
8,57,0.165222
8,58,0.164993
8,59,0.227524
8,60,0.187706
8,61,0.071278
8,62,0.000380
8,63,0.173305
8,64,0.047653
8,65,0.117886
8,66,0.079100
8,67,0.008080
8,68,0.113980
8,69,0.094581
8,70,0.132242
8,71,0.271254
8,72,0.198029
8,73,0.190214
8,74,0.072500
8,75,0.010475
8,76,0.015912
8,77,0.006546
8,78,0.060583
8,79,0.089155
8,80,0.051316
8,81,0.029804
8,82,0.027014
8,83,0.172482
8,84,0.120567
8,85,0.027371
8,86,0.027096
8,87,0.021798
8,88,0.141774
8,89,0.146370
8,90,0.075377
8,91,0.135877
8,92,0.127175
8,93,0.144443
8,94,0.086597
8,95,0.052029
8,96,0.169084
8,97,0.257563
8,98,0.193219
8,99,0.197137
8,100,0.018406
8,101,0.180167
8,102,0.124354
8,103,0.167592
8,104,0.227184
8,105,0.096033
8,106,0.065398
8,107,0.302966
8,108,0.029907
8,109,0.279787
8,110,0.221943
8,111,0.342059
8,112,0.360866
8,113,0.211322
8,114,0.129553
8,115,0.054281
8,116,0.028999
8,117,0.023794
8,118,0.060516
8,119,0.055731
8,120,0.058881
8,121,0.166991
8,122,0.103644
8,123,0.023201
8,124,0.000563
8,125,0.066663
8,126,0.211287
8,127,0.250700
8,128,0.018483
8,129,0.087478
8,130,0.189996
8,131,0.235582
8,132,0.183960
8,133,0.297203
8,134,0.294855
8,135,0.167147
8,136,0.179896
8,137,0.120635
8,138,0.056819
8,139,0.024360
8,140,0.054922
8,141,0.066903
8,142,0.093703
8,143,0.090740
8,144,0.155543
8,145,0.153417
8,146,0.246320
8,147,0.124348
8,148,0.027376
8,149,0.052012
8,150,0.020929
8,151,0.107012
8,152,0.139325
8,153,0.167889
8,154,0.152610
8,155,0.073889
8,156,0.132910
8,157,0.137863
8,158,0.002421
8,159,0.037914
8,160,0.028545
8,161,0.194249
8,162,0.049400
8,163,0.046386
8,164,0.083417
8,165,0.030002
8,166,0.004621
8,167,0.008374
8,168,0.129840
8,169,0.075735
8,170,0.026784
8,171,0.110062
8,172,0.061997
8,173,0.127967
8,174,0.115175
8,175,0.057438
8,176,0.040726
8,177,0.060572
8,178,0.064488
8,179,0.042354
8,180,0.007694
8,181,0.034714
8,182,0.015563
8,183,0.030652
8,184,0.093290
8,185,0.055252
8,186,0.035031
8,187,0.054025
8,188,0.060904
8,189,0.005472
8,190,0.205188
8,191,0.303796
8,192,0.412080
8,193,0.358758
9,1,0.093926
9,2,0.126644
9,3,0.000805
9,4,0.154058
9,5,0.301782
9,6,0.205070
9,7,0.014475
9,8,0.015557
9,9,0.000000
9,10,0.109521
9,11,0.053569
9,12,0.009797
9,13,0.195388
9,14,0.426469
9,15,0.549872
9,16,0.509275
9,17,0.244732
9,18,0.100645
9,19,0.126109
9,20,0.178019
9,21,0.265319
9,22,0.159126
9,23,0.056191
9,24,0.306762
9,25,0.012390
9,26,0.090172
9,27,0.103086
9,28,0.087993
9,29,0.121041
9,30,0.044172
9,31,0.050583
9,32,0.014205
9,33,0.078334
9,34,0.017233
9,35,0.075291
9,36,0.096683
9,37,0.107878
9,38,0.050142
9,39,0.080766
9,40,0.117041
9,41,0.058748
9,42,0.007448
9,43,0.046450
9,44,0.148972
9,45,0.159217
9,46,0.058580
9,47,0.097779
9,48,0.191354
9,49,0.314743
9,50,0.163498
9,51,0.079548
9,52,0.136969
9,53,0.061887
9,54,0.107115
9,55,0.074554
9,56,0.010979
9,57,0.031366
9,58,0.071507
9,59,0.124789
9,60,0.111038
9,61,0.011478
9,62,0.046379
9,63,0.163415
9,64,0.023838
9,65,0.015015
9,66,0.063813
9,67,0.039855
9,68,0.071945
9,69,0.054126
9,70,0.100916
9,71,0.185155
9,72,0.108678
9,73,0.123777
9,74,0.027979
9,75,0.052018
9,76,0.034871
9,77,0.014341
9,78,0.092300
9,79,0.127668
9,80,0.077210
9,81,0.036483
9,82,0.008525
9,83,0.114612
9,84,0.083346
9,85,0.073568
9,86,0.035173
9,87,0.041507
9,88,0.165379
9,89,0.174491
9,90,0.124445
9,91,0.194333
9,92,0.188119
9,93,0.198317
9,94,0.122602
9,95,0.056041
9,96,0.170064
9,97,0.224577
9,98,0.181205
9,99,0.189894
9,100,0.026700
9,101,0.142754
9,102,0.009240
9,103,0.116295
9,104,0.315581
9,105,0.113759
9,106,0.047355
9,107,0.202458
9,108,0.105810
9,109,0.207940
9,110,0.143136
9,111,0.227626
9,112,0.204486
9,113,0.204225
9,114,0.048165
9,115,0.004277
9,116,0.040175
9,117,0.099352
9,118,0.034433
9,119,0.009914
9,120,0.021091
9,121,0.087093
9,122,0.045416
9,123,0.011840
9,124,0.011600
9,125,0.008584
9,126,0.087304
9,127,0.105907
9,128,0.048676
9,129,0.083118
9,130,0.180759
9,131,0.236335
9,132,0.223162
9,133,0.307096
9,134,0.292220
9,135,0.183948
9,136,0.158330
9,137,0.094346
9,138,0.049334
9,139,0.004644
9,140,0.033277
9,141,0.044496
9,142,0.114024
9,143,0.183389
9,144,0.205602
9,145,0.211015
9,146,0.224329
9,147,0.149748
9,148,0.036430
9,149,0.049482
9,150,0.019841
9,151,0.101552
9,152,0.073173
9,153,0.167190
9,154,0.190491
9,155,0.131645
9,156,0.180854
9,157,0.213140
9,158,0.108598
9,159,0.166163
9,160,0.155411
9,161,0.010061
9,162,0.085439
9,163,0.058435
9,164,0.047271
9,165,0.091212
9,166,0.043408
9,167,0.057092
9,168,0.117537
9,169,0.085528
9,170,0.008343
9,171,0.122817
9,172,0.026403
9,173,0.105831
9,174,0.106970
9,175,0.075091
9,176,0.098873
9,177,0.087964
9,178,0.077583
9,179,0.050980
9,180,0.031082
9,181,0.037315
9,182,0.014195
9,183,0.007292
9,184,0.051247
9,185,0.075251
9,186,0.001347
9,187,0.051233
9,188,0.073814
9,189,0.016704
9,190,0.219314
9,191,0.275209
9,192,0.352511
9,193,0.348128
10,1,0.064029
10,2,0.118593
10,3,0.138850
10,4,0.088504
10,5,0.072392
10,6,0.071084
10,7,0.079992
10,8,0.200935
10,9,0.109521
10,10,0.000000
10,11,0.000236
10,12,0.069056
10,13,0.081271
10,14,0.169784
10,15,0.279141
10,16,0.242223
10,17,0.123139
10,18,0.098982
10,19,0.198176
10,20,0.135765
10,21,0.172821
10,22,0.138637
10,23,0.131354
10,24,0.235131
10,25,0.076796
10,26,0.114937
10,27,0.030669
10,28,0.116326
10,29,0.091350
10,30,0.062853
10,31,0.079791
10,32,0.084349
10,33,0.021008
10,34,0.000948
10,35,0.029007
10,36,0.044391
10,37,0.018730
10,38,0.063267
10,39,0.021077
10,40,0.112864
10,41,0.000569
10,42,0.070845
10,43,0.181984
10,44,0.144902
10,45,0.204321
10,46,0.083176
10,47,0.157384
10,48,0.259268
10,49,0.302987
10,50,0.121009
10,51,0.085263
10,52,0.000151
10,53,0.050405
10,54,0.024692
10,55,0.010102
10,56,0.008785
10,57,0.030020
10,58,0.011457
10,59,0.050560
10,60,0.062657
10,61,0.015539
10,62,0.034888
10,63,0.110858
10,64,0.015295
10,65,0.022727
10,66,0.020093
10,67,0.035858
10,68,0.028813
10,69,0.047083
10,70,0.059268
10,71,0.136744
10,72,0.072136
10,73,0.115851
10,74,0.062530
10,75,0.004843
10,76,0.047152
10,77,0.064014
10,78,0.002525
10,79,0.034769
10,80,0.039618
10,81,0.050765
10,82,0.056611
10,83,0.153977
10,84,0.121928
10,85,0.076652
10,86,0.000182
10,87,0.047267
10,88,0.137528
10,89,0.204869
10,90,0.159442
10,91,0.130871
10,92,0.161813
10,93,0.144512
10,94,0.103606
10,95,0.035470
10,96,0.219536
10,97,0.175516
10,98,0.171151
10,99,0.171231
10,100,0.046261
10,101,0.040325
10,102,0.087795
10,103,0.030819
10,104,0.297012
10,105,0.070581
10,106,0.133919
10,107,0.174412
10,108,0.177926
10,109,0.177779
10,110,0.183100
10,111,0.285090
10,112,0.245366
10,113,0.166119
10,114,0.042421
10,115,0.013012
10,116,0.034473
10,117,0.071843
10,118,0.051509
10,119,0.037748
10,120,0.009067
10,121,0.048838
10,122,0.016397
10,123,0.022267
10,124,0.058278
10,125,0.001813
10,126,0.060344
10,127,0.069102
10,128,0.090435
10,129,0.134185
10,130,0.193545
10,131,0.173680
10,132,0.148369
10,133,0.235694
10,134,0.226375
10,135,0.104196
10,136,0.076145
10,137,0.061743
10,138,0.020376
10,139,0.067082
10,140,0.032321
10,141,0.026017
10,142,0.002702
10,143,0.066914
10,144,0.102479
10,145,0.078640
10,146,0.120073
10,147,0.066556
10,148,0.029590
10,149,0.052929
10,150,0.085916
10,151,0.127051
10,152,0.078287
10,153,0.144083
10,154,0.173811
10,155,0.063015
10,156,0.117173
10,157,0.154978
10,158,0.076262
10,159,0.185009
10,160,0.121928
10,161,0.049034
10,162,0.032953
10,163,0.024889
10,164,0.005269
10,165,0.064761
10,166,0.131520
10,167,0.172928
10,168,0.159937
10,169,0.082964
10,170,0.035086
10,171,0.116872
10,172,0.023650
10,173,0.057927
10,174,0.087580
10,175,0.020790
10,176,0.086004
10,177,0.080663
10,178,0.088710
10,179,0.067340
10,180,0.036531
10,181,0.079426
10,182,0.039600
10,183,0.045503
10,184,0.071697
10,185,0.060934
10,186,0.019976
10,187,0.039902
10,188,0.044713
10,189,0.031464
10,190,0.296890
10,191,0.350009
10,192,0.410537
10,193,0.411346
11,1,0.149559
11,2,0.169996
11,3,0.165473
11,4,0.111386
11,5,0.088042
11,6,0.054809
11,7,0.083990
11,8,0.144519
11,9,0.053569
11,10,0.000236
11,11,0.000000
11,12,0.034224
11,13,0.069929
11,14,0.148299
11,15,0.240258
11,16,0.208075
11,17,0.085694
11,18,0.045710
11,19,0.099459
11,20,0.042546
11,21,0.128240
11,22,0.113783
11,23,0.118698
11,24,0.193213
11,25,0.077924
11,26,0.108554
11,27,0.027424
11,28,0.120955
11,29,0.074180
11,30,0.021573
11,31,0.066782
11,32,0.062494
11,33,0.018654
11,34,0.034448
11,35,0.063522
11,36,0.038710
11,37,0.015961
11,38,0.058360
11,39,0.030745
11,40,0.147222
11,41,0.043305
11,42,0.029390
11,43,0.138403
11,44,0.109570
11,45,0.156816
11,46,0.088328
11,47,0.137621
11,48,0.217658
11,49,0.271000
11,50,0.078059
11,51,0.053511
11,52,0.016875
11,53,0.042094
11,54,0.011465
11,55,0.018842
11,56,0.016217
11,57,0.068356
11,58,0.023196
11,59,0.095703
11,60,0.109701
11,61,0.029932
11,62,0.007310
11,63,0.083521
11,64,0.034763
11,65,0.048981
11,66,0.042754
11,67,0.044353
11,68,0.023167
11,69,0.038518
11,70,0.050968
11,71,0.142432
11,72,0.096947
11,73,0.125625
11,74,0.063551
11,75,0.008480
11,76,0.054779
11,77,0.055166
11,78,0.006416
11,79,0.031268
11,80,0.035690
11,81,0.035786
11,82,0.044300
11,83,0.157534
11,84,0.119372
11,85,0.062197
11,86,0.000575
11,87,0.044999
11,88,0.139844
11,89,0.191842
11,90,0.149032
11,91,0.124496
11,92,0.133510
11,93,0.075548
11,94,0.041955
11,95,0.018148
11,96,0.204917
11,97,0.138803
11,98,0.146677
11,99,0.174893
11,100,0.041176
11,101,0.032526
11,102,0.043025
11,103,0.051928
11,104,0.298112
11,105,0.071332
11,106,0.108265
11,107,0.150985
11,108,0.150548
11,109,0.162021
11,110,0.177009
11,111,0.260925
11,112,0.226628
11,113,0.181984
11,114,0.057038
11,115,0.023373
11,116,0.038560
11,117,0.040143
11,118,0.000130
11,119,0.000799
11,120,0.026716
11,121,0.081332
11,122,0.090630
11,123,0.000779
11,124,0.036086
11,125,0.011074
11,126,0.066984
11,127,0.088721
11,128,0.070898
11,129,0.114941
11,130,0.155972
11,131,0.156570
11,132,0.130420
11,133,0.207327
11,134,0.191688
11,135,0.082500
11,136,0.095901
11,137,0.065666
11,138,0.031119
11,139,0.030051
11,140,0.072843
11,141,0.004279
11,142,0.008665
11,143,0.047334
11,144,0.099559
11,145,0.063162
11,146,0.113290
11,147,0.060003
11,148,0.032297
11,149,0.001705
11,150,0.037722
11,151,0.097277
11,152,0.076253
11,153,0.106244
11,154,0.116571
11,155,0.024858
11,156,0.049588
11,157,0.090362
11,158,0.021057
11,159,0.140376
11,160,0.086190
11,161,0.080545
11,162,0.017030
11,163,0.025323
11,164,0.015290
11,165,0.036754
11,166,0.108373
11,167,0.140411
11,168,0.149988
11,169,0.070878
11,170,0.035494
11,171,0.097510
11,172,0.035910
11,173,0.037770
11,174,0.052326
11,175,0.014648
11,176,0.077942
11,177,0.076337
11,178,0.071576
11,179,0.064051
11,180,0.028176
11,181,0.065070
11,182,0.024710
11,183,0.030956
11,184,0.036771
11,185,0.081745
11,186,0.014919
11,187,0.035565
11,188,0.027106
11,189,0.055569
11,190,0.272777
11,191,0.334786
11,192,0.382515
11,193,0.372536
12,1,0.088711
12,2,0.132735
12,3,0.063461
12,4,0.041398
12,5,0.144881
12,6,0.096201
12,7,0.055125
12,8,0.099442
12,9,0.009797
12,10,0.069056
12,11,0.034224
12,12,0.000000
12,13,0.193847
12,14,0.188738
12,15,0.195541
12,16,0.175047
12,17,0.009781
12,18,0.017638
12,19,0.036883
12,20,0.003553
12,21,0.089800
12,22,0.089304
12,23,0.042669
12,24,0.069712
12,25,0.036803
12,26,0.042751
12,27,0.080694
12,28,0.012841
12,29,0.089053
12,30,0.089290
12,31,0.030755
12,32,0.028120
12,33,0.037238
12,34,0.008447
12,35,0.055998
12,36,0.062920
12,37,0.002231
12,38,0.026293
12,39,0.020007
12,40,0.054208
12,41,0.008685
12,42,0.002209
12,43,0.025174
12,44,0.020001
12,45,0.111226
12,46,0.044707
12,47,0.051422
12,48,0.078469
12,49,0.122955
12,50,0.020100
12,51,0.039069
12,52,0.029600
12,53,0.094356
12,54,0.008774
12,55,0.035803
12,56,0.027713
12,57,0.092293
12,58,0.093697
12,59,0.150752
12,60,0.137546
12,61,0.065275
12,62,0.034384
12,63,0.036696
12,64,0.068612
12,65,0.081726
12,66,0.055678
12,67,0.076729
12,68,0.042200
12,69,0.014851
12,70,0.030984
12,71,0.075543
12,72,0.093559
12,73,0.099243
12,74,0.044262
12,75,0.004570
12,76,0.032368
12,77,0.027441
12,78,0.002368
12,79,0.027159
12,80,0.002136
12,81,0.011762
12,82,0.021794
12,83,0.080902
12,84,0.080870
12,85,0.019372
12,86,0.050199
12,87,0.049613
12,88,0.040828
12,89,0.056860
12,90,0.030446
12,91,0.045653
12,92,0.042402
12,93,0.053416
12,94,0.076489
12,95,0.058479
12,96,0.056659
12,97,0.068923
12,98,0.065669
12,99,0.083908
12,100,0.006935
12,101,0.025662
12,102,0.014967
12,103,0.026577
12,104,0.120168
12,105,0.036257
12,106,0.022723
12,107,0.115733
12,108,0.145737
12,109,0.158678
12,110,0.167510
12,111,0.202962
12,112,0.187465
12,113,0.131977
12,114,0.051565
12,115,0.034147
12,116,0.040913
12,117,0.011691
12,118,0.055468
12,119,0.026686
12,120,0.026582
12,121,0.053094
12,122,0.135329
12,123,0.049276
12,124,0.051179
12,125,0.051054
12,126,0.103487
12,127,0.102668
12,128,0.015001
12,129,0.040899
12,130,0.071561
12,131,0.071209
12,132,0.064334
12,133,0.120074
12,134,0.108691
12,135,0.051258
12,136,0.063944
12,137,0.051508
12,138,0.030929
12,139,0.021982
12,140,0.032708
12,141,0.018123
12,142,0.041893
12,143,0.041337
12,144,0.068014
12,145,0.064336
12,146,0.070447
12,147,0.002671
12,148,0.016493
12,149,0.028699
12,150,0.050181
12,151,0.115646
12,152,0.125012
12,153,0.111277
12,154,0.081088
12,155,0.012356
12,156,0.042268
12,157,0.094259
12,158,0.038254
12,159,0.058772
12,160,0.028914
12,161,0.061608
12,162,0.018966
12,163,0.000859
12,164,0.013978
12,165,0.020662
12,166,0.034614
12,167,0.034742
12,168,0.072662
12,169,0.027370
12,170,0.017911
12,171,0.066039
12,172,0.027055
12,173,0.000427
12,174,0.042810
12,175,0.027618
12,176,0.026202
12,177,0.017548
12,178,0.020265
12,179,0.011341
12,180,0.016736
12,181,0.015446
12,182,0.015812
12,183,0.012985
12,184,0.011674
12,185,0.045353
12,186,0.015648
12,187,0.033747
12,188,0.019160
12,189,0.003628
12,190,0.111896
12,191,0.169753
12,192,0.208519
12,193,0.179473
13,1,0.107331
13,2,0.044531
13,3,0.004035
13,4,0.015174
13,5,0.045241
13,6,0.040442
13,7,0.201189
13,8,0.193190
13,9,0.195388
13,10,0.081271
13,11,0.069929
13,12,0.193847
13,13,0.000000
13,14,0.174271
13,15,0.122615
13,16,0.095501
13,17,0.078912
13,18,0.056831
13,19,0.087531
13,20,0.037012
13,21,0.001063
13,22,0.038707
13,23,0.083220
13,24,0.094594
13,25,0.019177
13,26,0.027097
13,27,0.000579
13,28,0.113725
13,29,0.052808
13,30,0.018814
13,31,0.112429
13,32,0.093081
13,33,0.038181
13,34,0.004207
13,35,0.053168
13,36,0.046719
13,37,0.010741
13,38,0.025558
13,39,0.029262
13,40,0.102555
13,41,0.147899
13,42,0.124691
13,43,0.143430
13,44,0.032015
13,45,0.054444
13,46,0.039027
13,47,0.155310
13,48,0.148657
13,49,0.180508
13,50,0.086310
13,51,0.185953
13,52,0.135317
13,53,0.011448
13,54,0.087847
13,55,0.081141
13,56,0.032408
13,57,0.088627
13,58,0.026443
13,59,0.078248
13,60,0.116676
13,61,0.076531
13,62,0.062946
13,63,0.000472
13,64,0.091179
13,65,0.162512
13,66,0.051430
13,67,0.086951
13,68,0.029075
13,69,0.015209
13,70,0.065540
13,71,0.089704
13,72,0.108126
13,73,0.121063
13,74,0.124650
13,75,0.096747
13,76,0.134812
13,77,0.133605
13,78,0.095583
13,79,0.106549
13,80,0.105619
13,81,0.079422
13,82,0.102803
13,83,0.115142
13,84,0.086332
13,85,0.029260
13,86,0.050092
13,87,0.018340
13,88,0.000071
13,89,0.046221
13,90,0.036322
13,91,0.017810
13,92,0.027979
13,93,0.072120
13,94,0.013649
13,95,0.008534
13,96,0.042089
13,97,0.038759
13,98,0.079197
13,99,0.049679
13,100,0.071923
13,101,0.121528
13,102,0.082197
13,103,0.077211
13,104,0.040227
13,105,0.004989
13,106,0.016103
13,107,0.060171
13,108,0.106389
13,109,0.166327
13,110,0.238935
13,111,0.185393
13,112,0.187751
13,113,0.054644
13,114,0.019622
13,115,0.025764
13,116,0.009176
13,117,0.064010
13,118,0.055599
13,119,0.009580
13,120,0.027489
13,121,0.022435
13,122,0.013804
13,123,0.144319
13,124,0.080157
13,125,0.091049
13,126,0.142181
13,127,0.134660
13,128,0.000993
13,129,0.059949
13,130,0.087149
13,131,0.011408
13,132,0.004941
13,133,0.056674
13,134,0.037568
13,135,0.019954
13,136,0.018104
13,137,0.047333
13,138,0.007944
13,139,0.051349
13,140,0.040112
13,141,0.002173
13,142,0.121130
13,143,0.131082
13,144,0.097861
13,145,0.060000
13,146,0.018140
13,147,0.068348
13,148,0.061140
13,149,0.061475
13,150,0.059945
13,151,0.090688
13,152,0.086277
13,153,0.086009
13,154,0.062527
13,155,0.050497
13,156,0.073726
13,157,0.024556
13,158,0.027407
13,159,0.044241
13,160,0.028643
13,161,0.082090
13,162,0.011102
13,163,0.010003
13,164,0.032839
13,165,0.022473
13,166,0.054468
13,167,0.019026
13,168,0.032418
13,169,0.014341
13,170,0.016907
13,171,0.064423
13,172,0.047480
13,173,0.040270
13,174,0.009088
13,175,0.041252
13,176,0.052656
13,177,0.020217
13,178,0.016702
13,179,0.001195
13,180,0.010049
13,181,0.017715
13,182,0.008892
13,183,0.039498
13,184,0.056705
13,185,0.001683
13,186,0.004561
13,187,0.005649
13,188,0.003221
13,189,0.057926
13,190,0.051085
13,191,0.097955
13,192,0.143203
13,193,0.126217
14,1,0.093645
14,2,0.101051
14,3,0.038025
14,4,0.114426
14,5,0.005874
14,6,0.052386
14,7,0.357914
14,8,0.391149
14,9,0.426469
14,10,0.169784
14,11,0.148299
14,12,0.188738
14,13,0.174271
14,14,0.000000
14,15,0.003663
14,16,0.038248
14,17,0.088845
14,18,0.033323
14,19,0.244711
14,20,0.175105
14,21,0.092303
14,22,0.202021
14,23,0.180038
14,24,0.154504
14,25,0.082165
14,26,0.043885
14,27,0.087238
14,28,0.165394
14,29,0.103065
14,30,0.032935
14,31,0.157838
14,32,0.150628
14,33,0.104945
14,34,0.051181
14,35,0.037951
14,36,0.033751
14,37,0.001218
14,38,0.035089
14,39,0.064697
14,40,0.031549
14,41,0.066260
14,42,0.087263
14,43,0.199089
14,44,0.128057
14,45,0.121093
14,46,0.008165
14,47,0.256092
14,48,0.271940
14,49,0.235193
14,50,0.008267
14,51,0.077367
14,52,0.003257
14,53,0.005581
14,54,0.146858
14,55,0.049331
14,56,0.001159
14,57,0.047507
14,58,0.013331
14,59,0.045673
14,60,0.084410
14,61,0.038440
14,62,0.015415
14,63,0.018781
14,64,0.000623
14,65,0.180992
14,66,0.023942
14,67,0.031057
14,68,0.020374
14,69,0.078504
14,70,0.054451
14,71,0.112570
14,72,0.114907
14,73,0.148947
14,74,0.231197
14,75,0.158117
14,76,0.181909
14,77,0.233176
14,78,0.191536
14,79,0.181497
14,80,0.201376
14,81,0.175518
14,82,0.262171
14,83,0.275256
14,84,0.268307
14,85,0.170360
14,86,0.022787
14,87,0.057701
14,88,0.139090
14,89,0.255587
14,90,0.213688
14,91,0.054015
14,92,0.015107
14,93,0.113108
14,94,0.073174
14,95,0.059100
14,96,0.139213
14,97,0.119856
14,98,0.164708
14,99,0.190893
14,100,0.218983
14,101,0.419921
14,102,0.266274
14,103,0.295687
14,104,0.015454
14,105,0.024111
14,106,0.175006
14,107,0.148426
14,108,0.218444
14,109,0.233059
14,110,0.363897
14,111,0.309130
14,112,0.340912
14,113,0.228084
14,114,0.176645
14,115,0.110907
14,116,0.044114
14,117,0.097167
14,118,0.028967
14,119,0.124879
14,120,0.117338
14,121,0.146230
14,122,0.153426
14,123,0.314755
14,124,0.182408
14,125,0.087781
14,126,0.185369
14,127,0.189234
14,128,0.049394
14,129,0.135543
14,130,0.162785
14,131,0.032538
14,132,0.034625
14,133,0.078933
14,134,0.086762
14,135,0.013176
14,136,0.040653
14,137,0.059184
14,138,0.002464
14,139,0.035520
14,140,0.075305
14,141,0.031440
14,142,0.218581
14,143,0.238444
14,144,0.174678
14,145,0.074422
14,146,0.076224
14,147,0.002158
14,148,0.183510
14,149,0.269234
14,150,0.247350
14,151,0.242738
14,152,0.232471
14,153,0.135002
14,154,0.163585
14,155,0.025971
14,156,0.055204
14,157,0.024404
14,158,0.020201
14,159,0.075619
14,160,0.020193
14,161,0.038781
14,162,0.087634
14,163,0.013608
14,164,0.078975
14,165,0.072370
14,166,0.104527
14,167,0.098692
14,168,0.054628
14,169,0.007438
14,170,0.038753
14,171,0.074409
14,172,0.012974
14,173,0.006907
14,174,0.024417
14,175,0.049317
14,176,0.061335
14,177,0.004380
14,178,0.006189
14,179,0.026142
14,180,0.023256
14,181,0.034098
14,182,0.043883
14,183,0.101095
14,184,0.090037
14,185,0.058750
14,186,0.065456
14,187,0.076999
14,188,0.041930
14,189,0.102559
14,190,0.033742
14,191,0.098635
14,192,0.151883
14,193,0.103269
15,1,0.311436
15,2,0.251809
15,3,0.063815
15,4,0.036715
15,5,0.052575
15,6,0.063965
15,7,0.380156
15,8,0.432210
15,9,0.549872
15,10,0.279141
15,11,0.240258
15,12,0.195541
15,13,0.122615
15,14,0.003663
15,15,0.000000
15,16,0.030139
15,17,0.085798
15,18,0.027964
15,19,0.295147
15,20,0.237965
15,21,0.088874
15,22,0.173489
15,23,0.210071
15,24,0.190570
15,25,0.119407
15,26,0.010954
15,27,0.132084
15,28,0.194428
15,29,0.155843
15,30,0.058335
15,31,0.175379
15,32,0.156542
15,33,0.087309
15,34,0.036539
15,35,0.018333
15,36,0.015037
15,37,0.019138
15,38,0.026700
15,39,0.076724
15,40,0.046887
15,41,0.091754
15,42,0.122434
15,43,0.263343
15,44,0.186833
15,45,0.130088
15,46,0.040636
15,47,0.301913
15,48,0.275519
15,49,0.222672
15,50,0.008705
15,51,0.090394
15,52,0.013532
15,53,0.009995
15,54,0.142708
15,55,0.028322
15,56,0.039518
15,57,0.005965
15,58,0.023904
15,59,0.013155
15,60,0.046726
15,61,0.036712
15,62,0.002891
15,63,0.004008
15,64,0.078089
15,65,0.263956
15,66,0.064363
15,67,0.073040
15,68,0.019070
15,69,0.048485
15,70,0.007703
15,71,0.053262
15,72,0.056787
15,73,0.131276
15,74,0.229399
15,75,0.178323
15,76,0.166493
15,77,0.218066
15,78,0.178280
15,79,0.168201
15,80,0.220642
15,81,0.197062
15,82,0.288442
15,83,0.293329
15,84,0.269880
15,85,0.174017
15,86,0.035566
15,87,0.100066
15,88,0.139786
15,89,0.267509
15,90,0.205156
15,91,0.064124
15,92,0.000139
15,93,0.070214
15,94,0.012244
15,95,0.026936
15,96,0.181146
15,97,0.159121
15,98,0.193691
15,99,0.218754
15,100,0.224445
15,101,0.399211
15,102,0.303861
15,103,0.329960
15,104,0.104140
15,105,0.041420
15,106,0.181508
15,107,0.195371
15,108,0.248442
15,109,0.153670
15,110,0.341849
15,111,0.295211
15,112,0.313490
15,113,0.250977
15,114,0.180547
15,115,0.099495
15,116,0.035139
15,117,0.021198
15,118,0.046854
15,119,0.137966
15,120,0.169072
15,121,0.199974
15,122,0.221281
15,123,0.339819
15,124,0.171583
15,125,0.113332
15,126,0.230344
15,127,0.238697
15,128,0.017859
15,129,0.136810
15,130,0.169320
15,131,0.028278
15,132,0.042110
15,133,0.051823
15,134,0.059726
15,135,0.032933
15,136,0.021570
15,137,0.005735
15,138,0.055578
15,139,0.088222
15,140,0.019273
15,141,0.057616
15,142,0.268925
15,143,0.244583
15,144,0.190835
15,145,0.068813
15,146,0.103872
15,147,0.052059
15,148,0.190515
15,149,0.308982
15,150,0.269878
15,151,0.264388
15,152,0.254368
15,153,0.170220
15,154,0.224201
15,155,0.093594
15,156,0.008083
15,157,0.022893
15,158,0.054263
15,159,0.115240
15,160,0.030310
15,161,0.028170
15,162,0.048273
15,163,0.001524
15,164,0.039415
15,165,0.022694
15,166,0.156655
15,167,0.178311
15,168,0.096419
15,169,0.053583
15,170,0.026720
15,171,0.060493
15,172,0.009608
15,173,0.018274
15,174,0.003528
15,175,0.037597
15,176,0.064085
15,177,0.010025
15,178,0.008898
15,179,0.010363
15,180,0.013173
15,181,0.044731
15,182,0.034953
15,183,0.076900
15,184,0.064117
15,185,0.043904
15,186,0.063788
15,187,0.049288
15,188,0.000785
15,189,0.156807
15,190,0.043305
15,191,0.148233
15,192,0.207679
15,193,0.165649
16,1,0.245871
16,2,0.201869
16,3,0.109605
16,4,0.009115
16,5,0.059944
16,6,0.055220
16,7,0.328390
16,8,0.396142
16,9,0.509275
16,10,0.242223
16,11,0.208075
16,12,0.175047
16,13,0.095501
16,14,0.038248
16,15,0.030139
16,16,0.000000
16,17,0.122730
16,18,0.054176
16,19,0.210818
16,20,0.171378
16,21,0.064367
16,22,0.174196
16,23,0.187123
16,24,0.232198
16,25,0.068325
16,26,0.040767
16,27,0.118551
16,28,0.157062
16,29,0.102187
16,30,0.026686
16,31,0.126848
16,32,0.146729
16,33,0.067886
16,34,0.025668
16,35,0.026445
16,36,0.024244
16,37,0.026271
16,38,0.030869
16,39,0.066130
16,40,0.068786
16,41,0.064222
16,42,0.117233
16,43,0.227160
16,44,0.151803
16,45,0.132718
16,46,0.070864
16,47,0.271433
16,48,0.237639
16,49,0.183065
16,50,0.067027
16,51,0.109375
16,52,0.051094
16,53,0.003945
16,54,0.151217
16,55,0.045915
16,56,0.002438
16,57,0.028431
16,58,0.027529
16,59,0.044968
16,60,0.066042
16,61,0.018550
16,62,0.014019
16,63,0.021435
16,64,0.129246
16,65,0.308346
16,66,0.095313
16,67,0.088003
16,68,0.051448
16,69,0.060912
16,70,0.001759
16,71,0.091380
16,72,0.074125
16,73,0.142706
16,74,0.218784
16,75,0.168467
16,76,0.174621
16,77,0.206100
16,78,0.136322
16,79,0.146648
16,80,0.182434
16,81,0.152201
16,82,0.281184
16,83,0.280620
16,84,0.265095
16,85,0.162653
16,86,0.046612
16,87,0.083277
16,88,0.105897
16,89,0.238941
16,90,0.170433
16,91,0.038018
16,92,0.049413
16,93,0.079694
16,94,0.015794
16,95,0.025764
16,96,0.149092
16,97,0.125525
16,98,0.159452
16,99,0.208513
16,100,0.218713
16,101,0.421216
16,102,0.326098
16,103,0.346443
16,104,0.094273
16,105,0.045693
16,106,0.115512
16,107,0.154053
16,108,0.208185
16,109,0.135341
16,110,0.340794
16,111,0.260237
16,112,0.271101
16,113,0.281153
16,114,0.151240
16,115,0.057594
16,116,0.008973
16,117,0.084985
16,118,0.041421
16,119,0.053573
16,120,0.110982
16,121,0.151695
16,122,0.172238
16,123,0.308976
16,124,0.121111
16,125,0.183837
16,126,0.337236
16,127,0.337333
16,128,0.031025
16,129,0.098012
16,130,0.127297
16,131,0.002864
16,132,0.006725
16,133,0.018392
16,134,0.043571
16,135,0.045283
16,136,0.013068
16,137,0.024626
16,138,0.061579
16,139,0.080440
16,140,0.004346
16,141,0.081534
16,142,0.262055
16,143,0.226850
16,144,0.180966
16,145,0.058826
16,146,0.101892
16,147,0.062583
16,148,0.179790
16,149,0.254259
16,150,0.223513
16,151,0.260180
16,152,0.257056
16,153,0.179818
16,154,0.240486
16,155,0.087245
16,156,0.013460
16,157,0.040691
16,158,0.064592
16,159,0.145480
16,160,0.050986
16,161,0.024237
16,162,0.010958
16,163,0.022466
16,164,0.023167
16,165,0.024187
16,166,0.131388
16,167,0.128815
16,168,0.057231
16,169,0.030840
16,170,0.014669
16,171,0.063929
16,172,0.014636
16,173,0.028367
16,174,0.010108
16,175,0.038019
16,176,0.106206
16,177,0.040158
16,178,0.041586
16,179,0.047969
16,180,0.058038
16,181,0.002457
16,182,0.008682
16,183,0.032486
16,184,0.037414
16,185,0.021269
16,186,0.037325
16,187,0.030581
16,188,0.026507
16,189,0.168819
16,190,0.039693
16,191,0.071197
16,192,0.134298
16,193,0.091291
17,1,0.103569
17,2,0.083065
17,3,0.202181
17,4,0.216733
17,5,0.215456
17,6,0.116456
17,7,0.051843
17,8,0.110566
17,9,0.244732
17,10,0.123139
17,11,0.085694
17,12,0.009781
17,13,0.078912
17,14,0.088845
17,15,0.085798
17,16,0.122730
17,17,0.000000
17,18,0.146669
17,19,0.038944
17,20,0.013676
17,21,0.013807
17,22,0.093192
17,23,0.038225
17,24,0.127196
17,25,0.046333
17,26,0.108623
17,27,0.028275
17,28,0.098945
17,29,0.087912
17,30,0.090393
17,31,0.056384
17,32,0.099239
17,33,0.076143
17,34,0.053581
17,35,0.017171
17,36,0.017817
17,37,0.011811
17,38,0.015036
17,39,0.082173
17,40,0.013244
17,41,0.120698
17,42,0.168066
17,43,0.243422
17,44,0.116620
17,45,0.042086
17,46,0.086998
17,47,0.198253
17,48,0.120878
17,49,0.089539
17,50,0.083547
17,51,0.219354
17,52,0.223904
17,53,0.057616
17,54,0.001339
17,55,0.027644
17,56,0.039009
17,57,0.018190
17,58,0.042788
17,59,0.036986
17,60,0.060403
17,61,0.140880
17,62,0.107036
17,63,0.090232
17,64,0.151301
17,65,0.138705
17,66,0.121158
17,67,0.155358
17,68,0.064960
17,69,0.039608
17,70,0.007776
17,71,0.062570
17,72,0.026806
17,73,0.091452
17,74,0.077075
17,75,0.053516
17,76,0.101375
17,77,0.115781
17,78,0.017226
17,79,0.006428
17,80,0.057519
17,81,0.060279
17,82,0.099747
17,83,0.102386
17,84,0.078322
17,85,0.049866
17,86,0.067357
17,87,0.088948
17,88,0.015623
17,89,0.047918
17,90,0.056924
17,91,0.054893
17,92,0.035577
17,93,0.019995
17,94,0.091555
17,95,0.018330
17,96,0.049007
17,97,0.072060
17,98,0.131858
17,99,0.154080
17,100,0.152477
17,101,0.191522
17,102,0.213737
17,103,0.132164
17,104,0.302304
17,105,0.145144
17,106,0.002448
17,107,0.067527
17,108,0.084255
17,109,0.086838
17,110,0.133109
17,111,0.003350
17,112,0.070253
17,113,0.013862
17,114,0.002804
17,115,0.090875
17,116,0.008793
17,117,0.006909
17,118,0.012178
17,119,0.033144
17,120,0.004150
17,121,0.011352
17,122,0.048537
17,123,0.009691
17,124,0.056625
17,125,0.129370
17,126,0.224605
17,127,0.197636
17,128,0.002546
17,129,0.056226
17,130,0.055492
17,131,0.030152
17,132,0.049563
17,133,0.035859
17,134,0.050969
17,135,0.014924
17,136,0.006981
17,137,0.028134
17,138,0.013807
17,139,0.032624
17,140,0.040490
17,141,0.003755
17,142,0.110705
17,143,0.047879
17,144,0.040635
17,145,0.074010
17,146,0.054803
17,147,0.013541
17,148,0.041749
17,149,0.021449
17,150,0.030841
17,151,0.159477
17,152,0.109589
17,153,0.124789
17,154,0.176172
17,155,0.047264
17,156,0.029822
17,157,0.134175
17,158,0.092058
17,159,0.250891
17,160,0.179134
17,161,0.047870
17,162,0.215234
17,163,0.171871
17,164,0.115143
17,165,0.106403
17,166,0.129801
17,167,0.070696
17,168,0.039084
17,169,0.031519
17,170,0.018554
17,171,0.122845
17,172,0.012565
17,173,0.045544
17,174,0.011086
17,175,0.001329
17,176,0.017095
17,177,0.032592
17,178,0.010798
17,179,0.020755
17,180,0.017538
17,181,0.018289
17,182,0.020889
17,183,0.059406
17,184,0.058619
17,185,0.060505
17,186,0.022608
17,187,0.081558
17,188,0.140398
17,189,0.124235
17,190,0.063229
17,191,0.131221
17,192,0.146878
17,193,0.127998
18,1,0.014919
18,2,0.041627
18,3,0.172413
18,4,0.131553
18,5,0.026352
18,6,0.007921
18,7,0.058497
18,8,0.155410
18,9,0.100645
18,10,0.098982
18,11,0.045710
18,12,0.017638
18,13,0.056831
18,14,0.033323
18,15,0.027964
18,16,0.054176
18,17,0.146669
18,18,0.000000
18,19,0.049073
18,20,0.044596
18,21,0.080394
18,22,0.046416
18,23,0.119012
18,24,0.130674
18,25,0.136742
18,26,0.148351
18,27,0.009925
18,28,0.127115
18,29,0.082827
18,30,0.011055
18,31,0.044151
18,32,0.006222
18,33,0.004027
18,34,0.040539
18,35,0.022770
18,36,0.035429
18,37,0.004981
18,38,0.024856
18,39,0.046397
18,40,0.131616
18,41,0.049527
18,42,0.005677
18,43,0.091979
18,44,0.053078
18,45,0.057934
18,46,0.067809
18,47,0.106599
18,48,0.120831
18,49,0.114048
18,50,0.001657
18,51,0.024749
18,52,0.121890
18,53,0.070550
18,54,0.020377
18,55,0.017461
18,56,0.046635
18,57,0.024614
18,58,0.045457
18,59,0.046012
18,60,0.057512
18,61,0.019345
18,62,0.008857
18,63,0.010206
18,64,0.000475
18,65,0.044843
18,66,0.037546
18,67,0.040982
18,68,0.010992
18,69,0.004735
18,70,0.016304
18,71,0.048359
18,72,0.049175
18,73,0.059558
18,74,0.081761
18,75,0.060595
18,76,0.047454
18,77,0.072374
18,78,0.090540
18,79,0.025714
18,80,0.108797
18,81,0.094666
18,82,0.121560
18,83,0.158284
18,84,0.140400
18,85,0.084175
18,86,0.000739
18,87,0.026733
18,88,0.086937
18,89,0.103601
18,90,0.058657
18,91,0.052813
18,92,0.088162
18,93,0.063602
18,94,0.074167
18,95,0.118774
18,96,0.103814
18,97,0.092958
18,98,0.079710
18,99,0.106436
18,100,0.035174
18,101,0.013348
18,102,0.016953
18,103,0.038344
18,104,0.088858
18,105,0.045312
18,106,0.121337
18,107,0.140632
18,108,0.188511
18,109,0.066850
18,110,0.055266
18,111,0.129224
18,112,0.126928
18,113,0.057864
18,114,0.116891
18,115,0.080705
18,116,0.088220
18,117,0.054052
18,118,0.063598
18,119,0.103707
18,120,0.035281
18,121,0.013893
18,122,0.053215
18,123,0.071377
18,124,0.095240
18,125,0.074450
18,126,0.055740
18,127,0.020106
18,128,0.093337
18,129,0.096645
18,130,0.126832
18,131,0.089874
18,132,0.068566
18,133,0.117378
18,134,0.101143
18,135,0.048976
18,136,0.048987
18,137,0.062098
18,138,0.024426
18,139,0.030967
18,140,0.054289
18,141,0.039348
18,142,0.025121
18,143,0.004085
18,144,0.035148
18,145,0.001560
18,146,0.055724
18,147,0.002771
18,148,0.007198
18,149,0.083860
18,150,0.093655
18,151,0.084612
18,152,0.080140
18,153,0.031840
18,154,0.039113
18,155,0.030081
18,156,0.010076
18,157,0.003977
18,158,0.017271
18,159,0.044093
18,160,0.008991
18,161,0.091928
18,162,0.034228
18,163,0.001596
18,164,0.018388
18,165,0.003410
18,166,0.068296
18,167,0.131073
18,168,0.148292
18,169,0.059134
18,170,0.042123
18,171,0.031678
18,172,0.010655
18,173,0.023328
18,174,0.025632
18,175,0.021715
18,176,0.105848
18,177,0.095314
18,178,0.106955
18,179,0.094169
18,180,0.066972
18,181,0.055772
18,182,0.027877
18,183,0.053131
18,184,0.044219
18,185,0.033376
18,186,0.061971
18,187,0.018896
18,188,0.001551
18,189,0.030094
18,190,0.246696
18,191,0.276060
18,192,0.307197
18,193,0.301849
19,1,0.069931
19,2,0.052157
19,3,0.153486
19,4,0.071228
19,5,0.144590
19,6,0.108308
19,7,0.149253
19,8,0.255490
19,9,0.126109
19,10,0.198176
19,11,0.099459
19,12,0.036883
19,13,0.087531
19,14,0.244711
19,15,0.295147
19,16,0.210818
19,17,0.038944
19,18,0.049073
19,19,0.000000
19,20,0.098548
19,21,0.184712
19,22,0.117544
19,23,0.185331
19,24,0.285234
19,25,0.200173
19,26,0.271825
19,27,0.035547
19,28,0.148158
19,29,0.119547
19,30,0.012416
19,31,0.103036
19,32,0.025168
19,33,0.011039
19,34,0.027590
19,35,0.050071
19,36,0.071663
19,37,0.066268
19,38,0.017538
19,39,0.001572
19,40,0.153814
19,41,0.076833
19,42,0.048431
19,43,0.013144
19,44,0.052340
19,45,0.047415
19,46,0.015587
19,47,0.092584
19,48,0.145920
19,49,0.173225
19,50,0.059644
19,51,0.006145
19,52,0.098302
19,53,0.075842
19,54,0.052115
19,55,0.072871
19,56,0.122908
19,57,0.003851
19,58,0.052810
19,59,0.058070
19,60,0.104775
19,61,0.012802
19,62,0.016067
19,63,0.104481
19,64,0.082746
19,65,0.028386
19,66,0.006949
19,67,0.020429
19,68,0.001891
19,69,0.074142
19,70,0.064761
19,71,0.178903
19,72,0.141199
19,73,0.124948
19,74,0.108990
19,75,0.057446
19,76,0.043795
19,77,0.084410
19,78,0.088837
19,79,0.014239
19,80,0.148614
19,81,0.113071
19,82,0.160141
19,83,0.230454
19,84,0.201666
19,85,0.151396
19,86,0.075364
19,87,0.133241
19,88,0.235012
19,89,0.241085
19,90,0.180440
19,91,0.193222
19,92,0.189386
19,93,0.018749
19,94,0.083477
19,95,0.092202
19,96,0.225389
19,97,0.170696
19,98,0.121097
19,99,0.152148
19,100,0.057449
19,101,0.005741
19,102,0.020668
19,103,0.016564
19,104,0.163988
19,105,0.013081
19,106,0.196868
19,107,0.248635
19,108,0.200738
19,109,0.121950
19,110,0.027785
19,111,0.173923
19,112,0.235473
19,113,0.089223
19,114,0.192828
19,115,0.142224
19,116,0.131124
19,117,0.089182
19,118,0.097113
19,119,0.139678
19,120,0.073992
19,121,0.025076
19,122,0.081085
19,123,0.120324
19,124,0.142776
19,125,0.086484
19,126,0.054644
19,127,0.026559
19,128,0.142566
19,129,0.135876
19,130,0.192377
19,131,0.193956
19,132,0.145534
19,133,0.238998
19,134,0.224925
19,135,0.177854
19,136,0.177140
19,137,0.147946
19,138,0.103401
19,139,0.044435
19,140,0.075489
19,141,0.044317
19,142,0.094826
19,143,0.064269
19,144,0.132481
19,145,0.107464
19,146,0.194280
19,147,0.080889
19,148,0.011898
19,149,0.019919
19,150,0.043281
19,151,0.049185
19,152,0.072768
19,153,0.022817
19,154,0.006344
19,155,0.057204
19,156,0.023579
19,157,0.017485
19,158,0.091947
19,159,0.016574
19,160,0.024343
19,161,0.107540
19,162,0.075725
19,163,0.016976
19,164,0.045567
19,165,0.016765
19,166,0.111385
19,167,0.177172
19,168,0.214141
19,169,0.090871
19,170,0.041636
19,171,0.018081
19,172,0.008642
19,173,0.042154
19,174,0.076439
19,175,0.085569
19,176,0.135189
19,177,0.109335
19,178,0.126612
19,179,0.098373
19,180,0.070993
19,181,0.103548
19,182,0.055126
19,183,0.081256
19,184,0.100337
19,185,0.050182
19,186,0.095795
19,187,0.067516
19,188,0.043223
19,189,0.007248
19,190,0.338690
19,191,0.369358
19,192,0.431815
19,193,0.405457
20,1,0.010637
20,2,0.027316
20,3,0.169839
20,4,0.116208
20,5,0.064831
20,6,0.041325
20,7,0.112630
20,8,0.237886
20,9,0.178019
20,10,0.135765
20,11,0.042546
20,12,0.003553
20,13,0.037012
20,14,0.175105
20,15,0.237965
20,16,0.171378
20,17,0.013676
20,18,0.044596
20,19,0.098548
20,20,0.000000
20,21,0.001554
20,22,0.060797
20,23,0.136353
20,24,0.267004
20,25,0.134885
20,26,0.170588
20,27,0.007913
20,28,0.135566
20,29,0.116299
20,30,0.032762
20,31,0.086314
20,32,0.053428
20,33,0.003674
20,34,0.030732
20,35,0.008275
20,36,0.040507
20,37,0.036163
20,38,0.042460
20,39,0.065055
20,40,0.207132
20,41,0.076719
20,42,0.017370
20,43,0.041952
20,44,0.026426
20,45,0.199055
20,46,0.164395
20,47,0.001375
20,48,0.109459
20,49,0.185342
20,50,0.035758
20,51,0.016673
20,52,0.073243
20,53,0.057715
20,54,0.017985
20,55,0.026140
20,56,0.079746
20,57,0.022844
20,58,0.060227
20,59,0.051308
20,60,0.065066
20,61,0.033351
20,62,0.035632
20,63,0.090181
20,64,0.051471
20,65,0.008499
20,66,0.007878
20,67,0.041228
20,68,0.032387
20,69,0.084923
20,70,0.068434
20,71,0.168342
20,72,0.107629
20,73,0.103952
20,74,0.056775
20,75,0.033206
20,76,0.047695
20,77,0.066835
20,78,0.045532
20,79,0.002857
20,80,0.089051
20,81,0.062384
20,82,0.097434
20,83,0.190122
20,84,0.166346
20,85,0.118922
20,86,0.026907
20,87,0.102169
20,88,0.170259
20,89,0.184680
20,90,0.146998
20,91,0.149377
20,92,0.160980
20,93,0.041477
20,94,0.003403
20,95,0.019151
20,96,0.177678
20,97,0.171765
20,98,0.114806
20,99,0.131246
20,100,0.021884
20,101,0.025125
20,102,0.021897
20,103,0.037423
20,104,0.176282
20,105,0.016419
20,106,0.109897
20,107,0.163296
20,108,0.174400
20,109,0.117137
20,110,0.042589
20,111,0.204884
20,112,0.259391
20,113,0.137737
20,114,0.140923
20,115,0.075800
20,116,0.064823
20,117,0.050156
20,118,0.077016
20,119,0.089490
20,120,0.028568
20,121,0.001928
20,122,0.069155
20,123,0.060662
20,124,0.096850
20,125,0.069029
20,126,0.032954
20,127,0.016757
20,128,0.123737
20,129,0.120864
20,130,0.164745
20,131,0.165773
20,132,0.108749
20,133,0.195621
20,134,0.205728
20,135,0.094689
20,136,0.086837
20,137,0.068882
20,138,0.014940
20,139,0.039322
20,140,0.029891
20,141,0.007464
20,142,0.007637
20,143,0.021207
20,144,0.101835
20,145,0.065582
20,146,0.144436
20,147,0.071182
20,148,0.019818
20,149,0.004242
20,150,0.032149
20,151,0.049503
20,152,0.065015
20,153,0.045060
20,154,0.058479
20,155,0.042001
20,156,0.003775
20,157,0.027423
20,158,0.042568
20,159,0.099488
20,160,0.036400
20,161,0.079992
20,162,0.036533
20,163,0.011770
20,164,0.007964
20,165,0.034348
20,166,0.078213
20,167,0.133892
20,168,0.173657
20,169,0.075504
20,170,0.000378
20,171,0.100004
20,172,0.049338
20,173,0.007662
20,174,0.048023
20,175,0.029824
20,176,0.096661
20,177,0.083414
20,178,0.125624
20,179,0.093365
20,180,0.040584
20,181,0.074578
20,182,0.034972
20,183,0.057139
20,184,0.087707
20,185,0.033400
20,186,0.093916
20,187,0.041861
20,188,0.005220
20,189,0.009025
20,190,0.327943
20,191,0.386374
20,192,0.468571
20,193,0.458858
21,1,0.025538
21,2,0.040315
21,3,0.121455
21,4,0.083113
21,5,0.059226
21,6,0.074258
21,7,0.221042
21,8,0.271059
21,9,0.265319
21,10,0.172821
21,11,0.128240
21,12,0.089800
21,13,0.001063
21,14,0.092303
21,15,0.088874
21,16,0.064367
21,17,0.013807
21,18,0.080394
21,19,0.184712
21,20,0.001554
21,21,0.000000
21,22,0.021113
21,23,0.042088
21,24,0.086780
21,25,0.058950
21,26,0.052678
21,27,0.065687
21,28,0.140263
21,29,0.132913
21,30,0.051382
21,31,0.091541
21,32,0.075249
21,33,0.040434
21,34,0.002668
21,35,0.021815
21,36,0.032191
21,37,0.013989
21,38,0.073595
21,39,0.085849
21,40,0.194558
21,41,0.006938
21,42,0.075791
21,43,0.145553
21,44,0.044841
21,45,0.310488
21,46,0.232007
21,47,0.051104
21,48,0.138949
21,49,0.243399
21,50,0.039342
21,51,0.072700
21,52,0.024642
21,53,0.054218
21,54,0.026480
21,55,0.000288
21,56,0.035452
21,57,0.022044
21,58,0.077069
21,59,0.004464
21,60,0.060952
21,61,0.013911
21,62,0.035265
21,63,0.015543
21,64,0.039805
21,65,0.125900
21,66,0.027490
21,67,0.006565
21,68,0.026314
21,69,0.061370
21,70,0.055928
21,71,0.144779
21,72,0.097872
21,73,0.116306
21,74,0.060973
21,75,0.048302
21,76,0.086014
21,77,0.073210
21,78,0.024652
21,79,0.029064
21,80,0.064923
21,81,0.045326
21,82,0.087000
21,83,0.159940
21,84,0.155602
21,85,0.093849
21,86,0.031309
21,87,0.067009
21,88,0.194610
21,89,0.240408
21,90,0.171147
21,91,0.136202
21,92,0.154903
21,93,0.084318
21,94,0.079244
21,95,0.019306
21,96,0.244670
21,97,0.134152
21,98,0.102396
21,99,0.156827
21,100,0.041132
21,101,0.034026
21,102,0.052896
21,103,0.003668
21,104,0.172079
21,105,0.076190
21,106,0.001624
21,107,0.030209
21,108,0.107144
21,109,0.163501
21,110,0.169967
21,111,0.265881
21,112,0.251566
21,113,0.161400
21,114,0.053158
21,115,0.002983
21,116,0.026976
21,117,0.005366
21,118,0.009299
21,119,0.000320
21,120,0.000654
21,121,0.002301
21,122,0.014095
21,123,0.161368
21,124,0.126204
21,125,0.064875
21,126,0.106425
21,127,0.119978
21,128,0.021772
21,129,0.058458
21,130,0.110829
21,131,0.059358
21,132,0.028805
21,133,0.131988
21,134,0.133614
21,135,0.021215
21,136,0.032788
21,137,0.035539
21,138,0.023019
21,139,0.075578
21,140,0.078680
21,141,0.016490
21,142,0.051164
21,143,0.048682
21,144,0.010065
21,145,0.041915
21,146,0.057133
21,147,0.035188
21,148,0.072489
21,149,0.021220
21,150,0.025683
21,151,0.062625
21,152,0.065863
21,153,0.078724
21,154,0.094853
21,155,0.031979
21,156,0.001009
21,157,0.033118
21,158,0.017140
21,159,0.111513
21,160,0.032166
21,161,0.123413
21,162,0.022938
21,163,0.005792
21,164,0.007131
21,165,0.030924
21,166,0.133845
21,167,0.149048
21,168,0.153860
21,169,0.072638
21,170,0.016324
21,171,0.162935
21,172,0.090760
21,173,0.016829
21,174,0.009032
21,175,0.052258
21,176,0.024890
21,177,0.057576
21,178,0.066118
21,179,0.031290
21,180,0.021124
21,181,0.011305
21,182,0.002648
21,183,0.034983
21,184,0.067724
21,185,0.013693
21,186,0.043553
21,187,0.028387
21,188,0.034630
21,189,0.031598
21,190,0.231635
21,191,0.309607
21,192,0.397199
21,193,0.405238
22,1,0.030269
22,2,0.061142
22,3,0.027301
22,4,0.041759
22,5,0.148596
22,6,0.101175
22,7,0.185944
22,8,0.108497
22,9,0.159126
22,10,0.138637
22,11,0.113783
22,12,0.089304
22,13,0.038707
22,14,0.202021
22,15,0.173489
22,16,0.174196
22,17,0.093192
22,18,0.046416
22,19,0.117544
22,20,0.060797
22,21,0.021113
22,22,0.000000
22,23,0.132980
22,24,0.027587
22,25,0.094426
22,26,0.075602
22,27,0.151454
22,28,0.020860
22,29,0.024091
22,30,0.022544
22,31,0.013119
22,32,0.021345
22,33,0.034811
22,34,0.017071
22,35,0.034449
22,36,0.006766
22,37,0.023775
22,38,0.078262
22,39,0.085480
22,40,0.224339
22,41,0.027270
22,42,0.062897
22,43,0.101543
22,44,0.058216
22,45,0.417413
22,46,0.189842
22,47,0.005885
22,48,0.059160
22,49,0.250991
22,50,0.046308
22,51,0.077593
22,52,0.067728
22,53,0.025689
22,54,0.046326
22,55,0.025554
22,56,0.049075
22,57,0.098315
22,58,0.041838
22,59,0.091122
22,60,0.107745
22,61,0.035963
22,62,0.069867
22,63,0.004291
22,64,0.118863
22,65,0.200398
22,66,0.072941
22,67,0.054744
22,68,0.071787
22,69,0.028312
22,70,0.023560
22,71,0.112848
22,72,0.059957
22,73,0.091143
22,74,0.001488
22,75,0.017314
22,76,0.032072
22,77,0.004916
22,78,0.076848
22,79,0.059659
22,80,0.062683
22,81,0.059539
22,82,0.022583
22,83,0.068908
22,84,0.058265
22,85,0.001323
22,86,0.100753
22,87,0.010759
22,88,0.133213
22,89,0.172418
22,90,0.100475
22,91,0.097006
22,92,0.103062
22,93,0.097989
22,94,0.088023
22,95,0.038491
22,96,0.174711
22,97,0.122890
22,98,0.098426
22,99,0.177723
22,100,0.031994
22,101,0.042134
22,102,0.018933
22,103,0.076701
22,104,0.192337
22,105,0.056206
22,106,0.146843
22,107,0.015663
22,108,0.031862
22,109,0.203026
22,110,0.245824
22,111,0.315290
22,112,0.271330
22,113,0.184401
22,114,0.037070
22,115,0.097836
22,116,0.090015
22,117,0.049631
22,118,0.092382
22,119,0.124812
22,120,0.082386
22,121,0.062795
22,122,0.011676
22,123,0.133130
22,124,0.059472
22,125,0.172646
22,126,0.245308
22,127,0.255721
22,128,0.104645
22,129,0.037168
22,130,0.026655
22,131,0.000080
22,132,0.019583
22,133,0.097436
22,134,0.087156
22,135,0.024722
22,136,0.024585
22,137,0.018777
22,138,0.061687
22,139,0.100930
22,140,0.072057
22,141,0.003942
22,142,0.054908
22,143,0.042143
22,144,0.023704
22,145,0.045045
22,146,0.059330
22,147,0.085687
22,148,0.059821
22,149,0.002221
22,150,0.005137
22,151,0.110866
22,152,0.110831
22,153,0.122264
22,154,0.152976
22,155,0.067074
22,156,0.068924
22,157,0.105880
22,158,0.042851
22,159,0.106980
22,160,0.052286
22,161,0.142878
22,162,0.020359
22,163,0.013601
22,164,0.015975
22,165,0.001204
22,166,0.083029
22,167,0.055338
22,168,0.067204
22,169,0.044180
22,170,0.010242
22,171,0.209020
22,172,0.073545
22,173,0.013395
22,174,0.027858
22,175,0.100081
22,176,0.042222
22,177,0.005589
22,178,0.018165
22,179,0.032909
22,180,0.065769
22,181,0.063912
22,182,0.070660
22,183,0.047821
22,184,0.010391
22,185,0.093269
22,186,0.015659
22,187,0.066416
22,188,0.096224
22,189,0.043251
22,190,0.091193
22,191,0.194364
22,192,0.293210
22,193,0.283747
23,1,0.011282
23,2,0.025165
23,3,0.031110
23,4,0.001259
23,5,0.110967
23,6,0.017164
23,7,0.009818
23,8,0.061082
23,9,0.056191
23,10,0.131354
23,11,0.118698
23,12,0.042669
23,13,0.083220
23,14,0.180038
23,15,0.210071
23,16,0.187123
23,17,0.038225
23,18,0.119012
23,19,0.185331
23,20,0.136353
23,21,0.042088
23,22,0.132980
23,23,0.000000
23,24,0.291909
23,25,0.052155
23,26,0.036788
23,27,0.040478
23,28,0.071005
23,29,0.066891
23,30,0.051411
23,31,0.001772
23,32,0.042895
23,33,0.045425
23,34,0.015452
23,35,0.003905
23,36,0.008334
23,37,0.010280
23,38,0.057750
23,39,0.034072
23,40,0.091434
23,41,0.061156
23,42,0.040588
23,43,0.044664
23,44,0.029661
23,45,0.120732
23,46,0.010155
23,47,0.071918
23,48,0.078404
23,49,0.235785
23,50,0.145414
23,51,0.044207
23,52,0.044474
23,53,0.071875
23,54,0.008113
23,55,0.005213
23,56,0.025547
23,57,0.037429
23,58,0.028242
23,59,0.072811
23,60,0.049719
23,61,0.000783
23,62,0.002116
23,63,0.070024
23,64,0.061119
23,65,0.019286
23,66,0.086622
23,67,0.031620
23,68,0.057056
23,69,0.048231
23,70,0.074920
23,71,0.134671
23,72,0.089219
23,73,0.066599
23,74,0.030368
23,75,0.008445
23,76,0.061795
23,77,0.056550
23,78,0.064748
23,79,0.087191
23,80,0.062630
23,81,0.070008
23,82,0.043317
23,83,0.065764
23,84,0.000502
23,85,0.010779
23,86,0.016179
23,87,0.018716
23,88,0.102455
23,89,0.075021
23,90,0.044332
23,91,0.091863
23,92,0.082657
23,93,0.098787
23,94,0.072121
23,95,0.002144
23,96,0.075089
23,97,0.067418
23,98,0.044453
23,99,0.068028
23,100,0.043896
23,101,0.114630
23,102,0.101767
23,103,0.157611
23,104,0.077445
23,105,0.163498
23,106,0.154520
23,107,0.034312
23,108,0.095068
23,109,0.018847
23,110,0.022719
23,111,0.195353
23,112,0.223492
23,113,0.072377
23,114,0.047394
23,115,0.046962
23,116,0.011852
23,117,0.003847
23,118,0.000021
23,119,0.010331
23,120,0.020589
23,121,0.010887
23,122,0.028260
23,123,0.016372
23,124,0.040966
23,125,0.008052
23,126,0.099083
23,127,0.133273
23,128,0.025257
23,129,0.034295
23,130,0.058443
23,131,0.123948
23,132,0.085590
23,133,0.162432
23,134,0.189991
23,135,0.079348
23,136,0.068111
23,137,0.024824
23,138,0.058129
23,139,0.043878
23,140,0.017911
23,141,0.036514
23,142,0.052064
23,143,0.039597
23,144,0.087345
23,145,0.039502
23,146,0.085719
23,147,0.089355
23,148,0.007945
23,149,0.046354
23,150,0.003635
23,151,0.030800
23,152,0.044765
23,153,0.002366
23,154,0.000474
23,155,0.020295
23,156,0.026200
23,157,0.015794
23,158,0.020726
23,159,0.014876
23,160,0.046874
23,161,0.157880
23,162,0.083183
23,163,0.048535
23,164,0.055171
23,165,0.047801
23,166,0.008146
23,167,0.040032
23,168,0.066298
23,169,0.013955
23,170,0.017714
23,171,0.057372
23,172,0.039941
23,173,0.084832
23,174,0.107088
23,175,0.042959
23,176,0.089815
23,177,0.101486
23,178,0.107983
23,179,0.086680
23,180,0.080659
23,181,0.101205
23,182,0.030969
23,183,0.023534
23,184,0.044641
23,185,0.012321
23,186,0.091768
23,187,0.051405
23,188,0.014488
23,189,0.056062
23,190,0.195341
23,191,0.240872
23,192,0.299950
23,193,0.297475
24,1,0.018707
24,2,0.033909
24,3,0.038024
24,4,0.045293
24,5,0.085686
24,6,0.021755
24,7,0.149148
24,8,0.262613
24,9,0.306762
24,10,0.235131
24,11,0.193213
24,12,0.069712
24,13,0.094594
24,14,0.154504
24,15,0.190570
24,16,0.232198
24,17,0.127196
24,18,0.130674
24,19,0.285234
24,20,0.267004
24,21,0.086780
24,22,0.027587
24,23,0.291909
24,24,0.000000
24,25,0.267926
24,26,0.149633
24,27,0.170084
24,28,0.183526
24,29,0.137672
24,30,0.031802
24,31,0.176213
24,32,0.125668
24,33,0.049197
24,34,0.029201
24,35,0.018145
24,36,0.026671
24,37,0.045807
24,38,0.044888
24,39,0.055892
24,40,0.017489
24,41,0.045521
24,42,0.008519
24,43,0.111446
24,44,0.149971
24,45,0.197811
24,46,0.168871
24,47,0.213579
24,48,0.212989
24,49,0.236429
24,50,0.112688
24,51,0.097940
24,52,0.007763
24,53,0.079822
24,54,0.015741
24,55,0.027270
24,56,0.043722
24,57,0.008333
24,58,0.006753
24,59,0.033009
24,60,0.020353
24,61,0.035787
24,62,0.037356
24,63,0.069512
24,64,0.039311
24,65,0.008156
24,66,0.048974
24,67,0.031821
24,68,0.037311
24,69,0.032185
24,70,0.075901
24,71,0.144877
24,72,0.126870
24,73,0.138404
24,74,0.228793
24,75,0.176789
24,76,0.083810
24,77,0.170661
24,78,0.173637
24,79,0.114706
24,80,0.225060
24,81,0.192968
24,82,0.277899
24,83,0.306975
24,84,0.245574
24,85,0.174638
24,86,0.131693
24,87,0.139928
24,88,0.162165
24,89,0.211545
24,90,0.172351
24,91,0.141395
24,92,0.064238
24,93,0.046643
24,94,0.012610
24,95,0.119831
24,96,0.119597
24,97,0.181078
24,98,0.172493
24,99,0.136672
24,100,0.126054
24,101,0.148963
24,102,0.062442
24,103,0.068951
24,104,0.129323
24,105,0.077806
24,106,0.109911
24,107,0.229778
24,108,0.247493
24,109,0.091109
24,110,0.002589
24,111,0.091846
24,112,0.167204
24,113,0.059383
24,114,0.276541
24,115,0.158624
24,116,0.167676
24,117,0.070550
24,118,0.096510
24,119,0.197166
24,120,0.118546
24,121,0.088327
24,122,0.027210
24,123,0.025882
24,124,0.042845
24,125,0.074718
24,126,0.009583
24,127,0.028212
24,128,0.152425
24,129,0.217700
24,130,0.230530
24,131,0.182419
24,132,0.152005
24,133,0.160347
24,134,0.189857
24,135,0.145268
24,136,0.103257
24,137,0.048564
24,138,0.034612
24,139,0.030478
24,140,0.001817
24,141,0.008982
24,142,0.009375
24,143,0.018927
24,144,0.049067
24,145,0.049967
24,146,0.130725
24,147,0.042722
24,148,0.055027
24,149,0.071878
24,150,0.099363
24,151,0.085266
24,152,0.069644
24,153,0.006203
24,154,0.006195
24,155,0.030802
24,156,0.033739
24,157,0.024272
24,158,0.031710
24,159,0.036047
24,160,0.029695
24,161,0.139945
24,162,0.044782
24,163,0.001226
24,164,0.034830
24,165,0.017319
24,166,0.107261
24,167,0.128874
24,168,0.129512
24,169,0.082212
24,170,0.022194
24,171,0.003349
24,172,0.101218
24,173,0.088454
24,174,0.146853
24,175,0.134201
24,176,0.130674
24,177,0.162342
24,178,0.176409
24,179,0.144071
24,180,0.151409
24,181,0.188954
24,182,0.122101
24,183,0.136732
24,184,0.123821
24,185,0.097752
24,186,0.143313
24,187,0.093576
24,188,0.081767
24,189,0.113356
24,190,0.245127
24,191,0.292323
24,192,0.337100
24,193,0.311108
25,1,0.014614
25,2,0.018144
25,3,0.090840
25,4,0.090197
25,5,0.014776
25,6,0.020319
25,7,0.105297
25,8,0.021364
25,9,0.012390
25,10,0.076796
25,11,0.077924
25,12,0.036803
25,13,0.019177
25,14,0.082165
25,15,0.119407
25,16,0.068325
25,17,0.046333
25,18,0.136742
25,19,0.200173
25,20,0.134885
25,21,0.058950
25,22,0.094426
25,23,0.052155
25,24,0.267926
25,25,0.000000
25,26,0.101588
25,27,0.138951
25,28,0.145264
25,29,0.117813
25,30,0.110450
25,31,0.001889
25,32,0.033788
25,33,0.015711
25,34,0.046366
25,35,0.035064
25,36,0.022550
25,37,0.056258
25,38,0.071647
25,39,0.106193
25,40,0.128919
25,41,0.139667
25,42,0.201453
25,43,0.154769
25,44,0.030724
25,45,0.071006
25,46,0.026911
25,47,0.093917
25,48,0.041691
25,49,0.197355
25,50,0.134737
25,51,0.015627
25,52,0.041211
25,53,0.071742
25,54,0.052441
25,55,0.067132
25,56,0.084838
25,57,0.192792
25,58,0.147255
25,59,0.216652
25,60,0.142899
25,61,0.132604
25,62,0.100296
25,63,0.102800
25,64,0.021514
25,65,0.091716
25,66,0.110506
25,67,0.019935
25,68,0.061237
25,69,0.023693
25,70,0.010155
25,71,0.078664
25,72,0.048587
25,73,0.004396
25,74,0.000572
25,75,0.016350
25,76,0.109591
25,77,0.091140
25,78,0.031196
25,79,0.059635
25,80,0.008584
25,81,0.053538
25,82,0.035502
25,83,0.032288
25,84,0.020633
25,85,0.023515
25,86,0.076915
25,87,0.090299
25,88,0.040606
25,89,0.010022
25,90,0.001539
25,91,0.023487
25,92,0.043743
25,93,0.049718
25,94,0.027188
25,95,0.019742
25,96,0.003141
25,97,0.078046
25,98,0.010284
25,99,0.034964
25,100,0.061264
25,101,0.146592
25,102,0.205213
25,103,0.126241
25,104,0.079388
25,105,0.160384
25,106,0.040375
25,107,0.138429
25,108,0.063995
25,109,0.093078
25,110,0.061370
25,111,0.171148
25,112,0.230284
25,113,0.110083
25,114,0.082934
25,115,0.047450
25,116,0.008591
25,117,0.013585
25,118,0.011116
25,119,0.031736
25,120,0.027827
25,121,0.014642
25,122,0.051720
25,123,0.042399
25,124,0.014276
25,125,0.003823
25,126,0.062703
25,127,0.079050
25,128,0.016376
25,129,0.003365
25,130,0.033544
25,131,0.058494
25,132,0.045721
25,133,0.119802
25,134,0.118241
25,135,0.043291
25,136,0.064118
25,137,0.016437
25,138,0.014716
25,139,0.038863
25,140,0.049313
25,141,0.146892
25,142,0.027467
25,143,0.083849
25,144,0.001540
25,145,0.031479
25,146,0.136744
25,147,0.034801
25,148,0.012889
25,149,0.011184
25,150,0.024910
25,151,0.046885
25,152,0.019616
25,153,0.050766
25,154,0.084901
25,155,0.128073
25,156,0.079242
25,157,0.117419
25,158,0.172314
25,159,0.178953
25,160,0.149398
25,161,0.226399
25,162,0.139947
25,163,0.141313
25,164,0.110840
25,165,0.069272
25,166,0.005536
25,167,0.028903
25,168,0.113749
25,169,0.002346
25,170,0.045802
25,171,0.013517
25,172,0.077102
25,173,0.085220
25,174,0.088647
25,175,0.023405
25,176,0.041336
25,177,0.119779
25,178,0.113414
25,179,0.122467
25,180,0.104941
25,181,0.073046
25,182,0.018790
25,183,0.024524
25,184,0.046472
25,185,0.001013
25,186,0.056213
25,187,0.050882
25,188,0.025928
25,189,0.068749
25,190,0.151246
25,191,0.185372
25,192,0.230114
25,193,0.210398
26,1,0.004713
26,2,0.063852
26,3,0.155692
26,4,0.125031
26,5,0.008721
26,6,0.013346
26,7,0.189171
26,8,0.086489
26,9,0.090172
26,10,0.114937
26,11,0.108554
26,12,0.042751
26,13,0.027097
26,14,0.043885
26,15,0.010954
26,16,0.040767
26,17,0.108623
26,18,0.148351
26,19,0.271825
26,20,0.170588
26,21,0.052678
26,22,0.075602
26,23,0.036788
26,24,0.149633
26,25,0.101588
26,26,0.000000
26,27,0.023035
26,28,0.029106
26,29,0.010511
26,30,0.070633
26,31,0.067993
26,32,0.012085
26,33,0.006512
26,34,0.023290
26,35,0.038754
26,36,0.033959
26,37,0.066969
26,38,0.041882
26,39,0.081372
26,40,0.107553
26,41,0.085135
26,42,0.166838
26,43,0.111269
26,44,0.011857
26,45,0.109148
26,46,0.064165
26,47,0.007760
26,48,0.063021
26,49,0.242650
26,50,0.137179
26,51,0.029634
26,52,0.094343
26,53,0.033631
26,54,0.077017
26,55,0.097739
26,56,0.082163
26,57,0.176377
26,58,0.139587
26,59,0.214046
26,60,0.168314
26,61,0.162569
26,62,0.118289
26,63,0.042071
26,64,0.105010
26,65,0.169362
26,66,0.050895
26,67,0.071834
26,68,0.084828
26,69,0.003728
26,70,0.022517
26,71,0.070389
26,72,0.064769
26,73,0.001779
26,74,0.030728
26,75,0.044674
26,76,0.072877
26,77,0.057290
26,78,0.004768
26,79,0.012616
26,80,0.025702
26,81,0.002277
26,82,0.026456
26,83,0.108509
26,84,0.073941
26,85,0.006923
26,86,0.084857
26,87,0.084411
26,88,0.048979
26,89,0.034074
26,90,0.000027
26,91,0.016595
26,92,0.047182
26,93,0.009824
26,94,0.000034
26,95,0.044799
26,96,0.092585
26,97,0.096116
26,98,0.040081
26,99,0.127635
26,100,0.008934
26,101,0.036391
26,102,0.159273
26,103,0.088897
26,104,0.056044
26,105,0.144389
26,106,0.013547
26,107,0.207106
26,108,0.039093
26,109,0.119851
26,110,0.091804
26,111,0.233961
26,112,0.307268
26,113,0.084601
26,114,0.099053
26,115,0.062025
26,116,0.023704
26,117,0.054553
26,118,0.056832
26,119,0.002874
26,120,0.026991
26,121,0.001062
26,122,0.024274
26,123,0.108575
26,124,0.012584
26,125,0.028809
26,126,0.110201
26,127,0.099553
26,128,0.037654
26,129,0.065257
26,130,0.103095
26,131,0.051608
26,132,0.061852
26,133,0.115439
26,134,0.119416
26,135,0.054805
26,136,0.070254
26,137,0.063345
26,138,0.008059
26,139,0.055401
26,140,0.030518
26,141,0.084723
26,142,0.076541
26,143,0.169094
26,144,0.085471
26,145,0.054155
26,146,0.080992
26,147,0.054116
26,148,0.045829
26,149,0.007851
26,150,0.043721
26,151,0.005165
26,152,0.003202
26,153,0.057346
26,154,0.085545
26,155,0.121867
26,156,0.139097
26,157,0.179607
26,158,0.182488
26,159,0.127732
26,160,0.100771
26,161,0.202314
26,162,0.135967
26,163,0.125283
26,164,0.106341
26,165,0.077406
26,166,0.025566
26,167,0.024052
26,168,0.077134
26,169,0.013963
26,170,0.013719
26,171,0.021977
26,172,0.085741
26,173,0.069804
26,174,0.076522
26,175,0.043382
26,176,0.036500
26,177,0.090949
26,178,0.110803
26,179,0.110791
26,180,0.073356
26,181,0.053984
26,182,0.000230
26,183,0.042271
26,184,0.060891
26,185,0.018061
26,186,0.077970
26,187,0.027757
26,188,0.001912
26,189,0.118403
26,190,0.181998
26,191,0.226057
26,192,0.269229
26,193,0.280078
27,1,0.013293
27,2,0.004286
27,3,0.043543
27,4,0.037026
27,5,0.020565
27,6,0.096868
27,7,0.047661
27,8,0.103398
27,9,0.103086
27,10,0.030669
27,11,0.027424
27,12,0.080694
27,13,0.000579
27,14,0.087238
27,15,0.132084
27,16,0.118551
27,17,0.028275
27,18,0.009925
27,19,0.035547
27,20,0.007913
27,21,0.065687
27,22,0.151454
27,23,0.040478
27,24,0.170084
27,25,0.138951
27,26,0.023035
27,27,0.000000
27,28,0.135253
27,29,0.103568
27,30,0.129598
27,31,0.076947
27,32,0.034554
27,33,0.090887
27,34,0.050705
27,35,0.053196
27,36,0.058664
27,37,0.085426
27,38,0.015618
27,39,0.028664
27,40,0.031326
27,41,0.109511
27,42,0.176451
27,43,0.222727
27,44,0.103353
27,45,0.150049
27,46,0.034045
27,47,0.166733
27,48,0.084288
27,49,0.074804
27,50,0.065566
27,51,0.061261
27,52,0.068423
27,53,0.012606
27,54,0.072253
27,55,0.119480
27,56,0.110256
27,57,0.172675
27,58,0.154556
27,59,0.207497
27,60,0.124184
27,61,0.119892
27,62,0.093942
27,63,0.055215
27,64,0.090843
27,65,0.102923
27,66,0.071427
27,67,0.071692
27,68,0.060505
27,69,0.023757
27,70,0.002523
27,71,0.062922
27,72,0.046372
27,73,0.028239
27,74,0.026798
27,75,0.011767
27,76,0.082275
27,77,0.099888
27,78,0.041077
27,79,0.053300
27,80,0.085142
27,81,0.123015
27,82,0.116389
27,83,0.048029
27,84,0.071365
27,85,0.086016
27,86,0.060639
27,87,0.139304
27,88,0.135530
27,89,0.175738
27,90,0.093110
27,91,0.087841
27,92,0.058442
27,93,0.058071
27,94,0.093744
27,95,0.040201
27,96,0.087410
27,97,0.026775
27,98,0.077595
27,99,0.032688
27,100,0.090120
27,101,0.131471
27,102,0.203437
27,103,0.199077
27,104,0.137397
27,105,0.141867
27,106,0.146677
27,107,0.069556
27,108,0.009747
27,109,0.007733
27,110,0.020656
27,111,0.078534
27,112,0.128136
27,113,0.032482
27,114,0.031374
27,115,0.008110
27,116,0.019842
27,117,0.047472
27,118,0.122566
27,119,0.090628
27,120,0.059349
27,121,0.007611
27,122,0.044645
27,123,0.101233
27,124,0.156569
27,125,0.083726
27,126,0.194362
27,127,0.191904
27,128,0.037050
27,129,0.056903
27,130,0.065052
27,131,0.017656
27,132,0.028376
27,133,0.003996
27,134,0.036828
27,135,0.028403
27,136,0.000652
27,137,0.020586
27,138,0.078958
27,139,0.058437
27,140,0.130768
27,141,0.167384
27,142,0.037305
27,143,0.069212
27,144,0.014246
27,145,0.004024
27,146,0.017860
27,147,0.057269
27,148,0.047072
27,149,0.008165
27,150,0.075906
27,151,0.042296
27,152,0.019002
27,153,0.046716
27,154,0.049022
27,155,0.000202
27,156,0.003303
27,157,0.051488
27,158,0.052132
27,159,0.114499
27,160,0.031835
27,161,0.125749
27,162,0.107448
27,163,0.125147
27,164,0.122170
27,165,0.135533
27,166,0.050275
27,167,0.056842
27,168,0.009045
27,169,0.022912
27,170,0.014044
27,171,0.064511
27,172,0.010187
27,173,0.028013
27,174,0.012393
27,175,0.017589
27,176,0.024766
27,177,0.022208
27,178,0.017946
27,179,0.017744
27,180,0.022999
27,181,0.071593
27,182,0.074906
27,183,0.047307
27,184,0.038549
27,185,0.022102
27,186,0.039975
27,187,0.056711
27,188,0.066740
27,189,0.021281
27,190,0.022575
27,191,0.026163
27,192,0.043539
27,193,0.020251
28,1,0.085961
28,2,0.093476
28,3,0.009139
28,4,0.079646
28,5,0.155614
28,6,0.020766
28,7,0.029387
28,8,0.074454
28,9,0.087993
28,10,0.116326
28,11,0.120955
28,12,0.012841
28,13,0.113725
28,14,0.165394
28,15,0.194428
28,16,0.157062
28,17,0.098945
28,18,0.127115
28,19,0.148158
28,20,0.135566
28,21,0.140263
28,22,0.020860
28,23,0.071005
28,24,0.183526
28,25,0.145264
28,26,0.029106
28,27,0.135253
28,28,0.000000
28,29,0.043578
28,30,0.087832
28,31,0.074297
28,32,0.046840
28,33,0.064349
28,34,0.038755
28,35,0.044339
28,36,0.011427
28,37,0.004094
28,38,0.030979
28,39,0.067691
28,40,0.038045
28,41,0.120599
28,42,0.160580
28,43,0.162874
28,44,0.003053
28,45,0.150873
28,46,0.010397
28,47,0.036321
28,48,0.021826
28,49,0.201509
28,50,0.195265
28,51,0.053894
28,52,0.078404
28,53,0.102301
28,54,0.000623
28,55,0.053524
28,56,0.083196
28,57,0.157011
28,58,0.120409
28,59,0.174680
28,60,0.132961
28,61,0.101142
28,62,0.061757
28,63,0.065909
28,64,0.032440
28,65,0.033813
28,66,0.005962
28,67,0.004970
28,68,0.022306
28,69,0.044844
28,70,0.072124
28,71,0.154187
28,72,0.087979
28,73,0.028922
28,74,0.038385
28,75,0.053150
28,76,0.074124
28,77,0.088351
28,78,0.079083
28,79,0.069961
28,80,0.068411
28,81,0.061480
28,82,0.070338
28,83,0.004368
28,84,0.028953
28,85,0.065326
28,86,0.033713
28,87,0.059573
28,88,0.035305
28,89,0.080044
28,90,0.011047
28,91,0.023543
28,92,0.058771
28,93,0.062966
28,94,0.015727
28,95,0.035721
28,96,0.029189
28,97,0.117900
28,98,0.066800
28,99,0.080284
28,100,0.041919
28,101,0.209954
28,102,0.236913
28,103,0.285077
28,104,0.030002
28,105,0.138400
28,106,0.142498
28,107,0.128845
28,108,0.011547
28,109,0.070281
28,110,0.021030
28,111,0.090357
28,112,0.150113
28,113,0.120704
28,114,0.028960
28,115,0.017965
28,116,0.002927
28,117,0.058039
28,118,0.171764
28,119,0.140596
28,120,0.126081
28,121,0.067226
28,122,0.058767
28,123,0.036981
28,124,0.079627
28,125,0.082158
28,126,0.180898
28,127,0.191810
28,128,0.052274
28,129,0.036215
28,130,0.009527
28,131,0.061265
28,132,0.046886
28,133,0.117721
28,134,0.132403
28,135,0.097496
28,136,0.115330
28,137,0.058395
28,138,0.012944
28,139,0.020318
28,140,0.020574
28,141,0.094819
28,142,0.057289
28,143,0.060290
28,144,0.125171
28,145,0.081149
28,146,0.075745
28,147,0.044812
28,148,0.027783
28,149,0.047828
28,150,0.021825
28,151,0.029519
28,152,0.035909
28,153,0.041475
28,154,0.053242
28,155,0.005715
28,156,0.005390
28,157,0.024313
28,158,0.048182
28,159,0.029823
28,160,0.000604
28,161,0.133261
28,162,0.035820
28,163,0.027326
28,164,0.034381
28,165,0.036638
28,166,0.034514
28,167,0.059057
28,168,0.076066
28,169,0.009770
28,170,0.041863
28,171,0.111046
28,172,0.012459
28,173,0.008719
28,174,0.004860
28,175,0.016114
28,176,0.046133
28,177,0.034401
28,178,0.036446
28,179,0.026277
28,180,0.036408
28,181,0.086368
28,182,0.081474
28,183,0.047752
28,184,0.021836
28,185,0.034198
28,186,0.023577
28,187,0.038137
28,188,0.070211
28,189,0.042360
28,190,0.103354
28,191,0.147740
28,192,0.206377
28,193,0.162047
29,1,0.160073
29,2,0.185732
29,3,0.056642
29,4,0.079092
29,5,0.165307
29,6,0.035102
29,7,0.072388
29,8,0.134721
29,9,0.121041
29,10,0.091350
29,11,0.074180
29,12,0.089053
29,13,0.052808
29,14,0.103065
29,15,0.155843
29,16,0.102187
29,17,0.087912
29,18,0.082827
29,19,0.119547
29,20,0.116299
29,21,0.132913
29,22,0.024091
29,23,0.066891
29,24,0.137672
29,25,0.117813
29,26,0.010511
29,27,0.103568
29,28,0.043578
29,29,0.000000
29,30,0.079645
29,31,0.069895
29,32,0.071950
29,33,0.112976
29,34,0.004515
29,35,0.061248
29,36,0.039389
29,37,0.038250
29,38,0.030721
29,39,0.049871
29,40,0.148541
29,41,0.204719
29,42,0.195066
29,43,0.112594
29,44,0.067595
29,45,0.111173
29,46,0.019005
29,47,0.020754
29,48,0.055685
29,49,0.224911
29,50,0.185903
29,51,0.060795
29,52,0.101794
29,53,0.119597
29,54,0.014035
29,55,0.039227
29,56,0.100047
29,57,0.179386
29,58,0.121595
29,59,0.186374
29,60,0.149904
29,61,0.114852
29,62,0.064749
29,63,0.045229
29,64,0.038452
29,65,0.074652
29,66,0.085947
29,67,0.047759
29,68,0.056656
29,69,0.046011
29,70,0.073172
29,71,0.160702
29,72,0.097084
29,73,0.020461
29,74,0.050633
29,75,0.074516
29,76,0.108927
29,77,0.120511
29,78,0.137815
29,79,0.129104
29,80,0.094508
29,81,0.092110
29,82,0.088133
29,83,0.011788
29,84,0.000749
29,85,0.040790
29,86,0.033031
29,87,0.063231
29,88,0.036918
29,89,0.055252
29,90,0.004401
29,91,0.036057
29,92,0.063019
29,93,0.096767
29,94,0.015041
29,95,0.002067
29,96,0.022856
29,97,0.115976
29,98,0.081620
29,99,0.083523
29,100,0.099627
29,101,0.293096
29,102,0.277704
29,103,0.335727
29,104,0.116172
29,105,0.050201
29,106,0.083696
29,107,0.179825
29,108,0.111099
29,109,0.064445
29,110,0.044615
29,111,0.082866
29,112,0.111215
29,113,0.241043
29,114,0.032093
29,115,0.018804
29,116,0.005964
29,117,0.036755
29,118,0.164662
29,119,0.181205
29,120,0.160842
29,121,0.123957
29,122,0.137285
29,123,0.111314
29,124,0.139529
29,125,0.072479
29,126,0.168017
29,127,0.197913
29,128,0.015437
29,129,0.013979
29,130,0.045181
29,131,0.119203
29,132,0.117473
29,133,0.168125
29,134,0.171990
29,135,0.082040
29,136,0.103263
29,137,0.045045
29,138,0.009059
29,139,0.013026
29,140,0.007279
29,141,0.060261
29,142,0.050537
29,143,0.051942
29,144,0.140852
29,145,0.116467
29,146,0.150448
29,147,0.078111
29,148,0.080498
29,149,0.099893
29,150,0.063283
29,151,0.078865
29,152,0.053618
29,153,0.034231
29,154,0.004665
29,155,0.042302
29,156,0.016125
29,157,0.027379
29,158,0.005659
29,159,0.029609
29,160,0.073161
29,161,0.135003
29,162,0.026565
29,163,0.012287
29,164,0.004934
29,165,0.010956
29,166,0.032438
29,167,0.034709
29,168,0.109564
29,169,0.035732
29,170,0.036876
29,171,0.151999
29,172,0.036021
29,173,0.001572
29,174,0.040149
29,175,0.017563
29,176,0.001765
29,177,0.015602
29,178,0.023073
29,179,0.006053
29,180,0.015382
29,181,0.057325
29,182,0.071269
29,183,0.038941
29,184,0.019228
29,185,0.055919
29,186,0.011480
29,187,0.009503
29,188,0.053096
29,189,0.041095
29,190,0.104216
29,191,0.178083
29,192,0.248301
29,193,0.224765
30,1,0.097984
30,2,0.103748
30,3,0.007315
30,4,0.095731
30,5,0.132877
30,6,0.005776
30,7,0.098647
30,8,0.137152
30,9,0.044172
30,10,0.062853
30,11,0.021573
30,12,0.089290
30,13,0.018814
30,14,0.032935
30,15,0.058335
30,16,0.026686
30,17,0.090393
30,18,0.011055
30,19,0.012416
30,20,0.032762
30,21,0.051382
30,22,0.022544
30,23,0.051411
30,24,0.031802
30,25,0.110450
30,26,0.070633
30,27,0.129598
30,28,0.087832
30,29,0.079645
30,30,0.000000
30,31,0.157032
30,32,0.155707
30,33,0.131588
30,34,0.044701
30,35,0.010736
30,36,0.023850
30,37,0.017702
30,38,0.004771
30,39,0.043599
30,40,0.115556
30,41,0.127127
30,42,0.098625
30,43,0.007667
30,44,0.047836
30,45,0.051740
30,46,0.026504
30,47,0.029893
30,48,0.014534
30,49,0.106467
30,50,0.098656
30,51,0.081039
30,52,0.132309
30,53,0.127243
30,54,0.015323
30,55,0.052082
30,56,0.076661
30,57,0.111897
30,58,0.016745
30,59,0.080056
30,60,0.063487
30,61,0.039867
30,62,0.006804
30,63,0.036382
30,64,0.047838
30,65,0.043163
30,66,0.063833
30,67,0.069921
30,68,0.037349
30,69,0.002878
30,70,0.031738
30,71,0.084479
30,72,0.003529
30,73,0.051356
30,74,0.101880
30,75,0.122294
30,76,0.125318
30,77,0.121316
30,78,0.153796
30,79,0.150316
30,80,0.141354
30,81,0.098596
30,82,0.079860
30,83,0.030639
30,84,0.021159
30,85,0.076583
30,86,0.035085
30,87,0.040363
30,88,0.082487
30,89,0.086302
30,90,0.052194
30,91,0.017036
30,92,0.011203
30,93,0.041350
30,94,0.015771
30,95,0.028151
30,96,0.011160
30,97,0.083036
30,98,0.100288
30,99,0.063795
30,100,0.093148
30,101,0.231180
30,102,0.259146
30,103,0.314649
30,104,0.105481
30,105,0.040071
30,106,0.068043
30,107,0.078258
30,108,0.030673
30,109,0.013113
30,110,0.037415
30,111,0.006327
30,112,0.008445
30,113,0.172734
30,114,0.001256
30,115,0.064280
30,116,0.023984
30,117,0.023082
30,118,0.083686
30,119,0.116281
30,120,0.121652
30,121,0.088965
30,122,0.101278
30,123,0.186974
30,124,0.184338
30,125,0.075767
30,126,0.150057
30,127,0.183231
30,128,0.047771
30,129,0.056597
30,130,0.003343
30,131,0.065961
30,132,0.090897
30,133,0.100634
30,134,0.100087
30,135,0.048406
30,136,0.066564
30,137,0.046013
30,138,0.002480
30,139,0.011668
30,140,0.036627
30,141,0.026261
30,142,0.000049
30,143,0.046889
30,144,0.073862
30,145,0.040456
30,146,0.023522
30,147,0.039834
30,148,0.106496
30,149,0.079231
30,150,0.061822
30,151,0.044555
30,152,0.037138
30,153,0.032338
30,154,0.005733
30,155,0.039514
30,156,0.024237
30,157,0.062733
30,158,0.076292
30,159,0.049417
30,160,0.060468
30,161,0.092140
30,162,0.062241
30,163,0.054739
30,164,0.026525
30,165,0.034195
30,166,0.008510
30,167,0.010692
30,168,0.062270
30,169,0.006917
30,170,0.042290
30,171,0.108045
30,172,0.058740
30,173,0.044784
30,174,0.023993
30,175,0.015228
30,176,0.001239
30,177,0.014694
30,178,0.003906
30,179,0.002494
30,180,0.038479
30,181,0.092421
30,182,0.098664
30,183,0.078065
30,184,0.039275
30,185,0.073016
30,186,0.072509
30,187,0.028780
30,188,0.045210
30,189,0.018710
30,190,0.038946
30,191,0.104340
30,192,0.157166
30,193,0.157959
31,1,0.090032
31,2,0.146458
31,3,0.038893
31,4,0.060647
31,5,0.121848
31,6,0.016071
31,7,0.084364
31,8,0.056470
31,9,0.050583
31,10,0.079791
31,11,0.066782
31,12,0.030755
31,13,0.112429
31,14,0.157838
31,15,0.175379
31,16,0.126848
31,17,0.056384
31,18,0.044151
31,19,0.103036
31,20,0.086314
31,21,0.091541
31,22,0.013119
31,23,0.001772
31,24,0.176213
31,25,0.001889
31,26,0.067993
31,27,0.076947
31,28,0.074297
31,29,0.069895
31,30,0.157032
31,31,0.000000
31,32,0.103522
31,33,0.104755
31,34,0.007535
31,35,0.043632
31,36,0.007056
31,37,0.019908
31,38,0.038250
31,39,0.021306
31,40,0.160080
31,41,0.204999
31,42,0.162118
31,43,0.103295
31,44,0.026093
31,45,0.073441
31,46,0.063732
31,47,0.002495
31,48,0.048952
31,49,0.165345
31,50,0.144696
31,51,0.061611
31,52,0.086604
31,53,0.116892
31,54,0.004511
31,55,0.038716
31,56,0.094619
31,57,0.137125
31,58,0.071280
31,59,0.143950
31,60,0.073265
31,61,0.047842
31,62,0.012432
31,63,0.085854
31,64,0.008535
31,65,0.049560
31,66,0.086947
31,67,0.029390
31,68,0.055176
31,69,0.026598
31,70,0.019249
31,71,0.107051
31,72,0.041817
31,73,0.003139
31,74,0.036025
31,75,0.064261
31,76,0.112640
31,77,0.115460
31,78,0.117365
31,79,0.111372
31,80,0.108662
31,81,0.100075
31,82,0.041937
31,83,0.023790
31,84,0.030139
31,85,0.030732
31,86,0.020787
31,87,0.041483
31,88,0.028304
31,89,0.044000
31,90,0.013278
31,91,0.014126
31,92,0.037952
31,93,0.053926
31,94,0.000303
31,95,0.001887
31,96,0.006389
31,97,0.095667
31,98,0.061745
31,99,0.009133
31,100,0.136927
31,101,0.170526
31,102,0.183526
31,103,0.222832
31,104,0.048582
31,105,0.058439
31,106,0.043024
31,107,0.154487
31,108,0.072084
31,109,0.026504
31,110,0.016302
31,111,0.039254
31,112,0.039078
31,113,0.131400
31,114,0.063196
31,115,0.003220
31,116,0.005589
31,117,0.016172
31,118,0.091866
31,119,0.097633
31,120,0.094958
31,121,0.105752
31,122,0.110740
31,123,0.113985
31,124,0.117495
31,125,0.063901
31,126,0.175449
31,127,0.211767
31,128,0.028517
31,129,0.039130
31,130,0.010342
31,131,0.082999
31,132,0.097687
31,133,0.117657
31,134,0.126659
31,135,0.078952
31,136,0.098773
31,137,0.060651
31,138,0.002597
31,139,0.003575
31,140,0.005284
31,141,0.036463
31,142,0.002408
31,143,0.019330
31,144,0.090632
31,145,0.052614
31,146,0.057485
31,147,0.013595
31,148,0.080535
31,149,0.095040
31,150,0.061156
31,151,0.004854
31,152,0.021470
31,153,0.029080
31,154,0.019746
31,155,0.006454
31,156,0.021264
31,157,0.036545
31,158,0.002933
31,159,0.020282
31,160,0.002005
31,161,0.132287
31,162,0.004999
31,163,0.039595
31,164,0.031405
31,165,0.023821
31,166,0.031185
31,167,0.011067
31,168,0.074645
31,169,0.016675
31,170,0.031540
31,171,0.088527
31,172,0.017714
31,173,0.017758
31,174,0.004896
31,175,0.016973
31,176,0.016253
31,177,0.002069
31,178,0.000514
31,179,0.008514
31,180,0.054079
31,181,0.072635
31,182,0.077952
31,183,0.062650
31,184,0.016114
31,185,0.078686
31,186,0.050684
31,187,0.025695
31,188,0.004635
31,189,0.007294
31,190,0.082016
31,191,0.158391
31,192,0.206615
31,193,0.184738
32,1,0.122341
32,2,0.119463
32,3,0.005086
32,4,0.102049
32,5,0.130690
32,6,0.026207
32,7,0.047794
32,8,0.016816
32,9,0.014205
32,10,0.084349
32,11,0.062494
32,12,0.028120
32,13,0.093081
32,14,0.150628
32,15,0.156542
32,16,0.146729
32,17,0.099239
32,18,0.006222
32,19,0.025168
32,20,0.053428
32,21,0.075249
32,22,0.021345
32,23,0.042895
32,24,0.125668
32,25,0.033788
32,26,0.012085
32,27,0.034554
32,28,0.046840
32,29,0.071950
32,30,0.155707
32,31,0.103522
32,32,0.000000
32,33,0.078480
32,34,0.025050
32,35,0.041328
32,36,0.015859
32,37,0.038240
32,38,0.035987
32,39,0.002629
32,40,0.155208
32,41,0.165694
32,42,0.127847
32,43,0.110065
32,44,0.037349
32,45,0.023532
32,46,0.077369
32,47,0.023835
32,48,0.009621
32,49,0.056283
32,50,0.053018
32,51,0.065827
32,52,0.147368
32,53,0.100197
32,54,0.018971
32,55,0.022087
32,56,0.086328
32,57,0.100135
32,58,0.031646
32,59,0.086620
32,60,0.038199
32,61,0.002523
32,62,0.037337
32,63,0.076892
32,64,0.032217
32,65,0.039810
32,66,0.096839
32,67,0.019760
32,68,0.051041
32,69,0.004552
32,70,0.047846
32,71,0.092527
32,72,0.024910
32,73,0.031996
32,74,0.002724
32,75,0.008229
32,76,0.051278
32,77,0.085095
32,78,0.100523
32,79,0.076838
32,80,0.104236
32,81,0.082820
32,82,0.013764
32,83,0.029901
32,84,0.034221
32,85,0.015945
32,86,0.008213
32,87,0.041660
32,88,0.068338
32,89,0.058203
32,90,0.029448
32,91,0.017455
32,92,0.031023
32,93,0.088838
32,94,0.067589
32,95,0.099444
32,96,0.027213
32,97,0.037623
32,98,0.012959
32,99,0.014485
32,100,0.125958
32,101,0.088322
32,102,0.052814
32,103,0.110397
32,104,0.099323
32,105,0.023561
32,106,0.050238
32,107,0.125397
32,108,0.111333
32,109,0.063590
32,110,0.094774
32,111,0.065863
32,112,0.019318
32,113,0.035528
32,114,0.045757
32,115,0.014623
32,116,0.000549
32,117,0.020203
32,118,0.063484
32,119,0.087557
32,120,0.092950
32,121,0.079160
32,122,0.062087
32,123,0.084933
32,124,0.096960
32,125,0.078711
32,126,0.188759
32,127,0.205139
32,128,0.063293
32,129,0.048857
32,130,0.007558
32,131,0.032336
32,132,0.057559
32,133,0.084650
32,134,0.080714
32,135,0.026664
32,136,0.041133
32,137,0.012449
32,138,0.042182
32,139,0.022297
32,140,0.000978
32,141,0.027855
32,142,0.052808
32,143,0.022044
32,144,0.018293
32,145,0.008347
32,146,0.000353
32,147,0.009248
32,148,0.041931
32,149,0.027947
32,150,0.031493
32,151,0.050587
32,152,0.041998
32,153,0.035975
32,154,0.089030
32,155,0.070087
32,156,0.067574
32,157,0.096562
32,158,0.095853
32,159,0.117702
32,160,0.116756
32,161,0.012385
32,162,0.082339
32,163,0.004416
32,164,0.001175
32,165,0.019741
32,166,0.055616
32,167,0.060268
32,168,0.018397
32,169,0.018005
32,170,0.058584
32,171,0.090140
32,172,0.007614
32,173,0.013065
32,174,0.005328
32,175,0.040159
32,176,0.008693
32,177,0.003326
32,178,0.025423
32,179,0.030768
32,180,0.050486
32,181,0.084677
32,182,0.090968
32,183,0.071027
32,184,0.018263
32,185,0.075025
32,186,0.048611
32,187,0.037171
32,188,0.038465
32,189,0.058603
32,190,0.051916
32,191,0.052283
32,192,0.094331
32,193,0.083409
33,1,0.038339
33,2,0.106385
33,3,0.059090
33,4,0.053617
33,5,0.023120
33,6,0.006183
33,7,0.020244
33,8,0.050405
33,9,0.078334
33,10,0.021008
33,11,0.018654
33,12,0.037238
33,13,0.038181
33,14,0.104945
33,15,0.087309
33,16,0.067886
33,17,0.076143
33,18,0.004027
33,19,0.011039
33,20,0.003674
33,21,0.040434
33,22,0.034811
33,23,0.045425
33,24,0.049197
33,25,0.015711
33,26,0.006512
33,27,0.090887
33,28,0.064349
33,29,0.112976
33,30,0.131588
33,31,0.104755
33,32,0.078480
33,33,0.000000
33,34,0.057861
33,35,0.105163
33,36,0.022788
33,37,0.010765
33,38,0.019728
33,39,0.003374
33,40,0.096896
33,41,0.067069
33,42,0.048172
33,43,0.058619
33,44,0.021402
33,45,0.020866
33,46,0.040244
33,47,0.038875
33,48,0.007648
33,49,0.020154
33,50,0.007843
33,51,0.022088
33,52,0.042665
33,53,0.056599
33,54,0.035597
33,55,0.074609
33,56,0.099336
33,57,0.131221
33,58,0.098887
33,59,0.134014
33,60,0.091549
33,61,0.115493
33,62,0.089196
33,63,0.021120
33,64,0.031163
33,65,0.060728
33,66,0.025055
33,67,0.004291
33,68,0.012365
33,69,0.003801
33,70,0.011455
33,71,0.024768
33,72,0.009412
33,73,0.025444
33,74,0.014727
33,75,0.037322
33,76,0.052125
33,77,0.058328
33,78,0.049118
33,79,0.024327
33,80,0.090624
33,81,0.089074
33,82,0.016028
33,83,0.034645
33,84,0.076737
33,85,0.021365
33,86,0.004798
33,87,0.049030
33,88,0.050754
33,89,0.030067
33,90,0.030548
33,91,0.046295
33,92,0.000884
33,93,0.014512
33,94,0.052627
33,95,0.006371
33,96,0.004264
33,97,0.041725
33,98,0.015841
33,99,0.019054
33,100,0.059625
33,101,0.061861
33,102,0.140959
33,103,0.106474
33,104,0.032072
33,105,0.031025
33,106,0.022075
33,107,0.024842
33,108,0.004659
33,109,0.022359
33,110,0.020860
33,111,0.017119
33,112,0.028963
33,113,0.070114
33,114,0.020381
33,115,0.048856
33,116,0.062700
33,117,0.055665
33,118,0.095844
33,119,0.114778
33,120,0.103342
33,121,0.056020
33,122,0.066934
33,123,0.009560
33,124,0.023603
33,125,0.020700
33,126,0.093573
33,127,0.141219
33,128,0.049006
33,129,0.025006
33,130,0.009690
33,131,0.023314
33,132,0.055156
33,133,0.026592
33,134,0.019180
33,135,0.022371
33,136,0.020841
33,137,0.016540
33,138,0.014813
33,139,0.002345
33,140,0.027955
33,141,0.052892
33,142,0.022861
33,143,0.026778
33,144,0.024980
33,145,0.011698
33,146,0.012590
33,147,0.011560
33,148,0.044808
33,149,0.037868
33,150,0.012837
33,151,0.030776
33,152,0.035646
33,153,0.000077
33,154,0.022758
33,155,0.011777
33,156,0.001600
33,157,0.018618
33,158,0.082059
33,159,0.023299
33,160,0.018135
33,161,0.042703
33,162,0.002087
33,163,0.012780
33,164,0.026000
33,165,0.011179
33,166,0.050295
33,167,0.029245
33,168,0.033748
33,169,0.008659
33,170,0.012467
33,171,0.069772
33,172,0.039184
33,173,0.058046
33,174,0.032623
33,175,0.015365
33,176,0.040800
33,177,0.037992
33,178,0.043183
33,179,0.043933
33,180,0.068097
33,181,0.073426
33,182,0.087489
33,183,0.102010
33,184,0.059391
33,185,0.104534
33,186,0.082682
33,187,0.040011
33,188,0.014078
33,189,0.043788
33,190,0.013863
33,191,0.000392
33,192,0.003652
33,193,0.016374
34,1,0.030622
34,2,0.077270
34,3,0.053077
34,4,0.059096
34,5,0.045573
34,6,0.047608
34,7,0.008337
34,8,0.007678
34,9,0.017233
34,10,0.000948
34,11,0.034448
34,12,0.008447
34,13,0.004207
34,14,0.051181
34,15,0.036539
34,16,0.025668
34,17,0.053581
34,18,0.040539
34,19,0.027590
34,20,0.030732
34,21,0.002668
34,22,0.017071
34,23,0.015452
34,24,0.029201
34,25,0.046366
34,26,0.023290
34,27,0.050705
34,28,0.038755
34,29,0.004515
34,30,0.044701
34,31,0.007535
34,32,0.025050
34,33,0.057861
34,34,0.000000
34,35,0.065292
34,36,0.038484
34,37,0.016597
34,38,0.018378
34,39,0.023235
34,40,0.065321
34,41,0.032714
34,42,0.011608
34,43,0.040423
34,44,0.009580
34,45,0.106280
34,46,0.051263
34,47,0.005881
34,48,0.007924
34,49,0.036742
34,50,0.061796
34,51,0.057523
34,52,0.059749
34,53,0.084851
34,54,0.046932
34,55,0.070723
34,56,0.080340
34,57,0.103375
34,58,0.065418
34,59,0.115342
34,60,0.042178
34,61,0.042025
34,62,0.038266
34,63,0.009728
34,64,0.062246
34,65,0.093489
34,66,0.018701
34,67,0.057615
34,68,0.001629
34,69,0.005944
34,70,0.041365
34,71,0.041681
34,72,0.034196
34,73,0.015120
34,74,0.011161
34,75,0.008769
34,76,0.037028
34,77,0.006251
34,78,0.007449
34,79,0.042906
34,80,0.002677
34,81,0.026140
34,82,0.004629
34,83,0.045178
34,84,0.065489
34,85,0.026502
34,86,0.047719
34,87,0.069515
34,88,0.055875
34,89,0.048464
34,90,0.067390
34,91,0.064623
34,92,0.020059
34,93,0.032658
34,94,0.045053
34,95,0.027551
34,96,0.006480
34,97,0.020492
34,98,0.010504
34,99,0.016743
34,100,0.018171
34,101,0.001403
34,102,0.012431
34,103,0.006004
34,104,0.012434
34,105,0.004121
34,106,0.005953
34,107,0.038783
34,108,0.050036
34,109,0.059909
34,110,0.032778
34,111,0.016433
34,112,0.026900
34,113,0.003264
34,114,0.006830
34,115,0.003487
34,116,0.024572
34,117,0.009840
34,118,0.025456
34,119,0.038187
34,120,0.015696
34,121,0.042414
34,122,0.042114
34,123,0.050272
34,124,0.037727
34,125,0.006468
34,126,0.079921
34,127,0.113824
34,128,0.061957
34,129,0.020799
34,130,0.007212
34,131,0.001475
34,132,0.025678
34,133,0.003048
34,134,0.008263
34,135,0.008802
34,136,0.036329
34,137,0.039731
34,138,0.014265
34,139,0.005737
34,140,0.006229
34,141,0.031822
34,142,0.040207
34,143,0.055015
34,144,0.021491
34,145,0.021545
34,146,0.039414
34,147,0.016789
34,148,0.036643
34,149,0.051927
34,150,0.047965
34,151,0.074902
34,152,0.072378
34,153,0.065927
34,154,0.052529
34,155,0.055925
34,156,0.038694
34,157,0.038648
34,158,0.080099
34,159,0.045488
34,160,0.026589
34,161,0.005628
34,162,0.018104
34,163,0.001946
34,164,0.016776
34,165,0.005054
34,166,0.044146
34,167,0.020403
34,168,0.018245
34,169,0.044456
34,170,0.016505
34,171,0.061900
34,172,0.046036
34,173,0.074628
34,174,0.028636
34,175,0.013760
34,176,0.020177
34,177,0.029031
34,178,0.053376
34,179,0.035613
34,180,0.059870
34,181,0.083744
34,182,0.095981
34,183,0.088479
34,184,0.053998
34,185,0.084765
34,186,0.065978
34,187,0.031307
34,188,0.035924
34,189,0.021411
34,190,0.011300
34,191,0.049163
34,192,0.044508
34,193,0.048615
35,1,0.007781
35,2,0.042045
35,3,0.047642
35,4,0.063149
35,5,0.037531
35,6,0.032550
35,7,0.069700
35,8,0.102289
35,9,0.075291
35,10,0.029007
35,11,0.063522
35,12,0.055998
35,13,0.053168
35,14,0.037951
35,15,0.018333
35,16,0.026445
35,17,0.017171
35,18,0.022770
35,19,0.050071
35,20,0.008275
35,21,0.021815
35,22,0.034449
35,23,0.003905
35,24,0.018145
35,25,0.035064
35,26,0.038754
35,27,0.053196
35,28,0.044339
35,29,0.061248
35,30,0.010736
35,31,0.043632
35,32,0.041328
35,33,0.105163
35,34,0.065292
35,35,0.000000
35,36,0.022777
35,37,0.009191
35,38,0.008938
35,39,0.051272
35,40,0.068449
35,41,0.038346
35,42,0.040808
35,43,0.004429
35,44,0.028141
35,45,0.105511
35,46,0.033066
35,47,0.007562
35,48,0.002837
35,49,0.000149
35,50,0.028411
35,51,0.046658
35,52,0.078927
35,53,0.079654
35,54,0.030557
35,55,0.038729
35,56,0.037967
35,57,0.081286
35,58,0.039653
35,59,0.070614
35,60,0.019323
35,61,0.013602
35,62,0.008932
35,63,0.034153
35,64,0.023045
35,65,0.052605
35,66,0.008351
35,67,0.021706
35,68,0.008568
35,69,0.019249
35,70,0.025307
35,71,0.027164
35,72,0.036702
35,73,0.049634
35,74,0.070212
35,75,0.089212
35,76,0.096598
35,77,0.058484
35,78,0.041563
35,79,0.085465
35,80,0.029100
35,81,0.009270
35,82,0.017914
35,83,0.058061
35,84,0.064267
35,85,0.050106
35,86,0.040776
35,87,0.064391
35,88,0.033879
35,89,0.035749
35,90,0.071024
35,91,0.061756
35,92,0.015044
35,93,0.047884
35,94,0.080732
35,95,0.022316
35,96,0.044208
35,97,0.011646
35,98,0.051617
35,99,0.021168
35,100,0.026705
35,101,0.020665
35,102,0.007492
35,103,0.023116
35,104,0.035607
35,105,0.035582
35,106,0.006352
35,107,0.029847
35,108,0.053950
35,109,0.054196
35,110,0.019747
35,111,0.027338
35,112,0.049921
35,113,0.073528
35,114,0.003363
35,115,0.000853
35,116,0.057309
35,117,0.044143
35,118,0.053134
35,119,0.026563
35,120,0.014016
35,121,0.038103
35,122,0.046812
35,123,0.071674
35,124,0.027920
35,125,0.002941
35,126,0.042533
35,127,0.061298
35,128,0.029747
35,129,0.005130
35,130,0.005664
35,131,0.024885
35,132,0.022721
35,133,0.014443
35,134,0.012059
35,135,0.019943
35,136,0.024667
35,137,0.034032
35,138,0.047911
35,139,0.035483
35,140,0.017575
35,141,0.039748
35,142,0.062679
35,143,0.076644
35,144,0.043355
35,145,0.058829
35,146,0.049760
35,147,0.045452
35,148,0.004443
35,149,0.086492
35,150,0.076043
35,151,0.042423
35,152,0.056218
35,153,0.042384
35,154,0.022980
35,155,0.005386
35,156,0.015532
35,157,0.002226
35,158,0.008334
35,159,0.016341
35,160,0.033868
35,161,0.055434
35,162,0.033348
35,163,0.053401
35,164,0.061689
35,165,0.034470
35,166,0.035318
35,167,0.007539
35,168,0.011010
35,169,0.060415
35,170,0.003004
35,171,0.038830
35,172,0.022248
35,173,0.039687
35,174,0.015788
35,175,0.004555
35,176,0.019592
35,177,0.042506
35,178,0.046901
35,179,0.040114
35,180,0.054534
35,181,0.039689
35,182,0.032853
35,183,0.023282
35,184,0.022754
35,185,0.002489
35,186,0.009538
35,187,0.046539
35,188,0.033977
35,189,0.062325
35,190,0.032971
35,191,0.076120
35,192,0.075670
35,193,0.081995
36,1,0.006141
36,2,0.054995
36,3,0.067352
36,4,0.063077
36,5,0.015760
36,6,0.015623
36,7,0.070590
36,8,0.105640
36,9,0.096683
36,10,0.044391
36,11,0.038710
36,12,0.062920
36,13,0.046719
36,14,0.033751
36,15,0.015037
36,16,0.024244
36,17,0.017817
36,18,0.035429
36,19,0.071663
36,20,0.040507
36,21,0.032191
36,22,0.006766
36,23,0.008334
36,24,0.026671
36,25,0.022550
36,26,0.033959
36,27,0.058664
36,28,0.011427
36,29,0.039389
36,30,0.023850
36,31,0.007056
36,32,0.015859
36,33,0.022788
36,34,0.038484
36,35,0.022777
36,36,0.000000
36,37,0.014680
36,38,0.038842
36,39,0.076194
36,40,0.118478
36,41,0.046460
36,42,0.006226
36,43,0.000525
36,44,0.035628
36,45,0.124540
36,46,0.050728
36,47,0.017084
36,48,0.050300
36,49,0.053206
36,50,0.003779
36,51,0.002777
36,52,0.044605
36,53,0.044349
36,54,0.051730
36,55,0.060139
36,56,0.030813
36,57,0.075842
36,58,0.005994
36,59,0.038595
36,60,0.043407
36,61,0.027683
36,62,0.005216
36,63,0.030418
36,64,0.002288
36,65,0.043606
36,66,0.019472
36,67,0.014023
36,68,0.001522
36,69,0.023219
36,70,0.027557
36,71,0.034272
36,72,0.024447
36,73,0.068968
36,74,0.074532
36,75,0.080746
36,76,0.079842
36,77,0.038614
36,78,0.005079
36,79,0.015940
36,80,0.026586
36,81,0.020866
36,82,0.060865
36,83,0.069819
36,84,0.067071
36,85,0.061852
36,86,0.037780
36,87,0.043699
36,88,0.064552
36,89,0.060730
36,90,0.063719
36,91,0.067451
36,92,0.036232
36,93,0.019318
36,94,0.040090
36,95,0.007198
36,96,0.055249
36,97,0.024048
36,98,0.039644
36,99,0.044962
36,100,0.049514
36,101,0.012238
36,102,0.006510
36,103,0.004367
36,104,0.007284
36,105,0.011885
36,106,0.015061
36,107,0.062911
36,108,0.048446
36,109,0.049571
36,110,0.038787
36,111,0.013212
36,112,0.012961
36,113,0.022329
36,114,0.008914
36,115,0.012510
36,116,0.049660
36,117,0.027994
36,118,0.040477
36,119,0.017794
36,120,0.024057
36,121,0.028421
36,122,0.048294
36,123,0.055166
36,124,0.003728
36,125,0.019660
36,126,0.089670
36,127,0.100065
36,128,0.027930
36,129,0.007494
36,130,0.014125
36,131,0.030230
36,132,0.031690
36,133,0.043709
36,134,0.035218
36,135,0.005588
36,136,0.021888
36,137,0.020616
36,138,0.047168
36,139,0.035174
36,140,0.013948
36,141,0.030602
36,142,0.080695
36,143,0.070663
36,144,0.033576
36,145,0.066012
36,146,0.056955
36,147,0.058688
36,148,0.007067
36,149,0.028827
36,150,0.013890
36,151,0.014534
36,152,0.055503
36,153,0.035322
36,154,0.032481
36,155,0.003625
36,156,0.000297
36,157,0.018429
36,158,0.000853
36,159,0.041264
36,160,0.011831
36,161,0.054785
36,162,0.033165
36,163,0.046859
36,164,0.067418
36,165,0.040918
36,166,0.014297
36,167,0.024276
36,168,0.050388
36,169,0.030256
36,170,0.004956
36,171,0.082602
36,172,0.034227
36,173,0.023106
36,174,0.009473
36,175,0.020890
36,176,0.037396
36,177,0.044661
36,178,0.028508
36,179,0.028037
36,180,0.050545
36,181,0.025025
36,182,0.021376
36,183,0.027211
36,184,0.008609
36,185,0.016067
36,186,0.021651
36,187,0.033127
36,188,0.006608
36,189,0.022834
36,190,0.060388
36,191,0.100393
36,192,0.097811
36,193,0.094505
37,1,0.007578
37,2,0.055130
37,3,0.089820
37,4,0.090097
37,5,0.041310
37,6,0.044296
37,7,0.042797
37,8,0.099176
37,9,0.107878
37,10,0.018730
37,11,0.015961
37,12,0.002231
37,13,0.010741
37,14,0.001218
37,15,0.019138
37,16,0.026271
37,17,0.011811
37,18,0.004981
37,19,0.066268
37,20,0.036163
37,21,0.013989
37,22,0.023775
37,23,0.010280
37,24,0.045807
37,25,0.056258
37,26,0.066969
37,27,0.085426
37,28,0.004094
37,29,0.038250
37,30,0.017702
37,31,0.019908
37,32,0.038240
37,33,0.010765
37,34,0.016597
37,35,0.009191
37,36,0.014680
37,37,0.000000
37,38,0.003670
37,39,0.030207
37,40,0.053945
37,41,0.002627
37,42,0.004436
37,43,0.021134
37,44,0.077767
37,45,0.130945
37,46,0.041970
37,47,0.022919
37,48,0.059741
37,49,0.057897
37,50,0.012698
37,51,0.036803
37,52,0.076325
37,53,0.051355
37,54,0.053291
37,55,0.053682
37,56,0.009861
37,57,0.083629
37,58,0.018521
37,59,0.050317
37,60,0.008432
37,61,0.032257
37,62,0.031843
37,63,0.036658
37,64,0.015446
37,65,0.042172
37,66,0.061999
37,67,0.015708
37,68,0.022499
37,69,0.027118
37,70,0.004266
37,71,0.025564
37,72,0.014406
37,73,0.023837
37,74,0.069122
37,75,0.090640
37,76,0.050873
37,77,0.048341
37,78,0.007045
37,79,0.020803
37,80,0.012197
37,81,0.017525
37,82,0.030252
37,83,0.069137
37,84,0.066148
37,85,0.082297
37,86,0.003835
37,87,0.007005
37,88,0.087741
37,89,0.079882
37,90,0.048864
37,91,0.067541
37,92,0.048450
37,93,0.067222
37,94,0.072407
37,95,0.059898
37,96,0.088669
37,97,0.027956
37,98,0.051756
37,99,0.053124
37,100,0.015422
37,101,0.045084
37,102,0.015411
37,103,0.005038
37,104,0.014283
37,105,0.052397
37,106,0.011808
37,107,0.049955
37,108,0.040534
37,109,0.010475
37,110,0.003002
37,111,0.006976
37,112,0.037582
37,113,0.024414
37,114,0.006269
37,115,0.036329
37,116,0.081210
37,117,0.084509
37,118,0.084182
37,119,0.020334
37,120,0.050186
37,121,0.034738
37,122,0.062308
37,123,0.007676
37,124,0.000742
37,125,0.007989
37,126,0.077631
37,127,0.079320
37,128,0.028194
37,129,0.013362
37,130,0.032071
37,131,0.009082
37,132,0.024416
37,133,0.039803
37,134,0.035840
37,135,0.016141
37,136,0.001884
37,137,0.015930
37,138,0.065643
37,139,0.049189
37,140,0.019895
37,141,0.032892
37,142,0.107777
37,143,0.069199
37,144,0.037966
37,145,0.057975
37,146,0.079652
37,147,0.074292
37,148,0.028004
37,149,0.080713
37,150,0.060926
37,151,0.042769
37,152,0.067148
37,153,0.035191
37,154,0.003280
37,155,0.009825
37,156,0.033357
37,157,0.024823
37,158,0.001971
37,159,0.004289
37,160,0.040209
37,161,0.046493
37,162,0.023194
37,163,0.025130
37,164,0.052833
37,165,0.041076
37,166,0.017315
37,167,0.014181
37,168,0.007427
37,169,0.039747
37,170,0.033535
37,171,0.117989
37,172,0.052088
37,173,0.044898
37,174,0.007070
37,175,0.039828
37,176,0.041073
37,177,0.024641
37,178,0.019679
37,179,0.026613
37,180,0.046573
37,181,0.029669
37,182,0.022942
37,183,0.008908
37,184,0.002474
37,185,0.024877
37,186,0.041877
37,187,0.059052
37,188,0.023498
37,189,0.009531
37,190,0.066546
37,191,0.103791
37,192,0.119595
37,193,0.114280
38,1,0.013020
38,2,0.037729
38,3,0.076254
38,4,0.106172
38,5,0.108508
38,6,0.109863
38,7,0.004379
38,8,0.048863
38,9,0.050142
38,10,0.063267
38,11,0.058360
38,12,0.026293
38,13,0.025558
38,14,0.035089
38,15,0.026700
38,16,0.030869
38,17,0.015036
38,18,0.024856
38,19,0.017538
38,20,0.042460
38,21,0.073595
38,22,0.078262
38,23,0.057750
38,24,0.044888
38,25,0.071647
38,26,0.041882
38,27,0.015618
38,28,0.030979
38,29,0.030721
38,30,0.004771
38,31,0.038250
38,32,0.035987
38,33,0.019728
38,34,0.018378
38,35,0.008938
38,36,0.038842
38,37,0.003670
38,38,0.000000
38,39,0.032685
38,40,0.054698
38,41,0.032313
38,42,0.044036
38,43,0.038876
38,44,0.059787
38,45,0.140292
38,46,0.104779
38,47,0.073239
38,48,0.001666
38,49,0.029560
38,50,0.027571
38,51,0.002765
38,52,0.063521
38,53,0.011271
38,54,0.071919
38,55,0.067300
38,56,0.030942
38,57,0.098577
38,58,0.060314
38,59,0.076157
38,60,0.014204
38,61,0.025202
38,62,0.029914
38,63,0.056163
38,64,0.028008
38,65,0.068375
38,66,0.066902
38,67,0.056495
38,68,0.060316
38,69,0.026082
38,70,0.068342
38,71,0.022092
38,72,0.003754
38,73,0.015706
38,74,0.044055
38,75,0.079991
38,76,0.063024
38,77,0.047777
38,78,0.034268
38,79,0.055378
38,80,0.029691
38,81,0.018585
38,82,0.037499
38,83,0.075470
38,84,0.079269
38,85,0.064284
38,86,0.005867
38,87,0.039340
38,88,0.093851
38,89,0.101709
38,90,0.076674
38,91,0.098837
38,92,0.071933
38,93,0.068358
38,94,0.074460
38,95,0.019412
38,96,0.079346
38,97,0.016557
38,98,0.062769
38,99,0.064430
38,100,0.034221
38,101,0.026199
38,102,0.007936
38,103,0.013558
38,104,0.048945
38,105,0.029810
38,106,0.034871
38,107,0.018694
38,108,0.030231
38,109,0.019873
38,110,0.005968
38,111,0.050595
38,112,0.063106
38,113,0.026722
38,114,0.021611
38,115,0.036383
38,116,0.050117
38,117,0.082383
38,118,0.084038
38,119,0.039568
38,120,0.050191
38,121,0.008598
38,122,0.017449
38,123,0.003164
38,124,0.005280
38,125,0.010006
38,126,0.054286
38,127,0.050884
38,128,0.014796
38,129,0.008374
38,130,0.002376
38,131,0.024801
38,132,0.013793
38,133,0.015485
38,134,0.035778
38,135,0.062238
38,136,0.017073
38,137,0.000206
38,138,0.063116
38,139,0.057485
38,140,0.058408
38,141,0.073498
38,142,0.127224
38,143,0.118346
38,144,0.058741
38,145,0.070347
38,146,0.087892
38,147,0.038533
38,148,0.017032
38,149,0.081762
38,150,0.059726
38,151,0.046107
38,152,0.045953
38,153,0.015562
38,154,0.004748
38,155,0.027298
38,156,0.032118
38,157,0.031922
38,158,0.032755
38,159,0.002895
38,160,0.033740
38,161,0.038125
38,162,0.018533
38,163,0.039331
38,164,0.048260
38,165,0.065797
38,166,0.053796
38,167,0.061063
38,168,0.028280
38,169,0.056533
38,170,0.003727
38,171,0.091281
38,172,0.064303
38,173,0.066843
38,174,0.029634
38,175,0.035518
38,176,0.033876
38,177,0.034345
38,178,0.051407
38,179,0.042706
38,180,0.071497
38,181,0.075279
38,182,0.059292
38,183,0.017176
38,184,0.005967
38,185,0.000137
38,186,0.001957
38,187,0.032898
38,188,0.006234
38,189,0.031511
38,190,0.057443
38,191,0.067799
38,192,0.067006
38,193,0.070002
39,1,0.011591
39,2,0.053256
39,3,0.056386
39,4,0.046751
39,5,0.035110
39,6,0.077752
39,7,0.009028
39,8,0.034435
39,9,0.080766
39,10,0.021077
39,11,0.030745
39,12,0.020007
39,13,0.029262
39,14,0.064697
39,15,0.076724
39,16,0.066130
39,17,0.082173
39,18,0.046397
39,19,0.001572
39,20,0.065055
39,21,0.085849
39,22,0.085480
39,23,0.034072
39,24,0.055892
39,25,0.106193
39,26,0.081372
39,27,0.028664
39,28,0.067691
39,29,0.049871
39,30,0.043599
39,31,0.021306
39,32,0.002629
39,33,0.003374
39,34,0.023235
39,35,0.051272
39,36,0.076194
39,37,0.030207
39,38,0.032685
39,39,0.000000
39,40,0.081633
39,41,0.047573
39,42,0.009393
39,43,0.036556
39,44,0.000991
39,45,0.122470
39,46,0.110667
39,47,0.022679
39,48,0.011356
39,49,0.032650
39,50,0.009726
39,51,0.033571
39,52,0.041804
39,53,0.019728
39,54,0.074053
39,55,0.058026
39,56,0.007375
39,57,0.076600
39,58,0.002263
39,59,0.047836
39,60,0.015164
39,61,0.003928
39,62,0.013518
39,63,0.036132
39,64,0.079779
39,65,0.120574
39,66,0.040329
39,67,0.091433
39,68,0.067685
39,69,0.055940
39,70,0.098439
39,71,0.019774
39,72,0.004094
39,73,0.037562
39,74,0.037541
39,75,0.051872
39,76,0.059048
39,77,0.049101
39,78,0.001943
39,79,0.013840
39,80,0.000142
39,81,0.017343
39,82,0.035251
39,83,0.070922
39,84,0.060363
39,85,0.020725
39,86,0.037542
39,87,0.034165
39,88,0.116598
39,89,0.110426
39,90,0.077919
39,91,0.063010
39,92,0.041636
39,93,0.023088
39,94,0.021190
39,95,0.010603
39,96,0.015836
39,97,0.051748
39,98,0.029929
39,99,0.000015
39,100,0.009592
39,101,0.001799
39,102,0.014542
39,103,0.009730
39,104,0.081183
39,105,0.063684
39,106,0.003188
39,107,0.049749
39,108,0.024128
39,109,0.034756
39,110,0.035942
39,111,0.048772
39,112,0.031734
39,113,0.052361
39,114,0.052511
39,115,0.086988
39,116,0.037781
39,117,0.009295
39,118,0.013816
39,119,0.038100
39,120,0.070193
39,121,0.041616
39,122,0.036284
39,123,0.014922
39,124,0.017835
39,125,0.000515
39,126,0.056483
39,127,0.070856
39,128,0.028593
39,129,0.005447
39,130,0.029912
39,131,0.017494
39,132,0.004832
39,133,0.000035
39,134,0.021239
39,135,0.094019
39,136,0.041933
39,137,0.030608
39,138,0.092006
39,139,0.090802
39,140,0.032949
39,141,0.060883
39,142,0.169382
39,143,0.114443
39,144,0.083739
39,145,0.073379
39,146,0.078789
39,147,0.034874
39,148,0.034926
39,149,0.044450
39,150,0.025124
39,151,0.078138
39,152,0.052287
39,153,0.085539
39,154,0.092029
39,155,0.019700
39,156,0.013457
39,157,0.059863
39,158,0.013159
39,159,0.106568
39,160,0.098823
39,161,0.043163
39,162,0.064322
39,163,0.049201
39,164,0.016097
39,165,0.006077
39,166,0.009963
39,167,0.025136
39,168,0.016643
39,169,0.035370
39,170,0.020104
39,171,0.149357
39,172,0.067839
39,173,0.070971
39,174,0.037723
39,175,0.063502
39,176,0.018551
39,177,0.033268
39,178,0.016424
39,179,0.019239
39,180,0.020865
39,181,0.046584
39,182,0.042066
39,183,0.011241
39,184,0.001312
39,185,0.005092
39,186,0.022685
39,187,0.046238
39,188,0.049532
39,189,0.004071
39,190,0.086837
39,191,0.120744
39,192,0.121518
39,193,0.124845
40,1,0.075927
40,2,0.131472
40,3,0.122034
40,4,0.054163
40,5,0.057111
40,6,0.121032
40,7,0.148196
40,8,0.150170
40,9,0.117041
40,10,0.112864
40,11,0.147222
40,12,0.054208
40,13,0.102555
40,14,0.031549
40,15,0.046887
40,16,0.068786
40,17,0.013244
40,18,0.131616
40,19,0.153814
40,20,0.207132
40,21,0.194558
40,22,0.224339
40,23,0.091434
40,24,0.017489
40,25,0.128919
40,26,0.107553
40,27,0.031326
40,28,0.038045
40,29,0.148541
40,30,0.115556
40,31,0.160080
40,32,0.155208
40,33,0.096896
40,34,0.065321
40,35,0.068449
40,36,0.118478
40,37,0.053945
40,38,0.054698
40,39,0.081633
40,40,0.000000
40,41,0.043139
40,42,0.038051
40,43,0.045354
40,44,0.003594
40,45,0.128539
40,46,0.123210
40,47,0.202131
40,48,0.174400
40,49,0.037072
40,50,0.040410
40,51,0.034233
40,52,0.049725
40,53,0.045527
40,54,0.113908
40,55,0.153413
40,56,0.136637
40,57,0.141567
40,58,0.108149
40,59,0.162008
40,60,0.107334
40,61,0.099439
40,62,0.075488
40,63,0.059061
40,64,0.118898
40,65,0.170966
40,66,0.134030
40,67,0.121470
40,68,0.135866
40,69,0.090716
40,70,0.096906
40,71,0.028724
40,72,0.002651
40,73,0.007559
40,74,0.039231
40,75,0.028698
40,76,0.000240
40,77,0.048133
40,78,0.130399
40,79,0.097833
40,80,0.155878
40,81,0.125765
40,82,0.051031
40,83,0.003150
40,84,0.007665
40,85,0.065536
40,86,0.098865
40,87,0.154147
40,88,0.207009
40,89,0.216236
40,90,0.200854
40,91,0.131357
40,92,0.094885
40,93,0.086997
40,94,0.086666
40,95,0.063691
40,96,0.156869
40,97,0.103661
40,98,0.087869
40,99,0.088343
40,100,0.198875
40,101,0.139894
40,102,0.092230
40,103,0.105200
40,104,0.048066
40,105,0.015795
40,106,0.078047
40,107,0.063512
40,108,0.004995
40,109,0.059854
40,110,0.016880
40,111,0.025246
40,112,0.059087
40,113,0.095539
40,114,0.055723
40,115,0.101942
40,116,0.050295
40,117,0.056087
40,118,0.104135
40,119,0.157496
40,120,0.151606
40,121,0.167646
40,122,0.204477
40,123,0.159660
40,124,0.170422
40,125,0.148337
40,126,0.290854
40,127,0.297056
40,128,0.119053
40,129,0.100496
40,130,0.081695
40,131,0.065032
40,132,0.010298
40,133,0.048287
40,134,0.070073
40,135,0.062234
40,136,0.042999
40,137,0.054651
40,138,0.081078
40,139,0.035983
40,140,0.006329
40,141,0.030454
40,142,0.085920
40,143,0.051723
40,144,0.043570
40,145,0.089627
40,146,0.145329
40,147,0.108325
40,148,0.066944
40,149,0.006496
40,150,0.045503
40,151,0.066585
40,152,0.062014
40,153,0.054725
40,154,0.053621
40,155,0.103516
40,156,0.097067
40,157,0.132875
40,158,0.123041
40,159,0.063566
40,160,0.090902
40,161,0.032199
40,162,0.010034
40,163,0.035291
40,164,0.014219
40,165,0.015762
40,166,0.095593
40,167,0.117299
40,168,0.029317
40,169,0.061975
40,170,0.089380
40,171,0.148506
40,172,0.042693
40,173,0.066053
40,174,0.062565
40,175,0.073962
40,176,0.044906
40,177,0.045034
40,178,0.075324
40,179,0.050742
40,180,0.080972
40,181,0.096885
40,182,0.092052
40,183,0.074193
40,184,0.067272
40,185,0.083030
40,186,0.102487
40,187,0.140912
40,188,0.161685
40,189,0.105905
40,190,0.048816
40,191,0.004066
40,192,0.016460
40,193,0.001204
41,1,0.097683
41,2,0.100931
41,3,0.012569
41,4,0.135483
41,5,0.136254
41,6,0.045024
41,7,0.068001
41,8,0.105861
41,9,0.058748
41,10,0.000569
41,11,0.043305
41,12,0.008685
41,13,0.147899
41,14,0.066260
41,15,0.091754
41,16,0.064222
41,17,0.120698
41,18,0.049527
41,19,0.076833
41,20,0.076719
41,21,0.006938
41,22,0.027270
41,23,0.061156
41,24,0.045521
41,25,0.139667
41,26,0.085135
41,27,0.109511
41,28,0.120599
41,29,0.204719
41,30,0.127127
41,31,0.204999
41,32,0.165694
41,33,0.067069
41,34,0.032714
41,35,0.038346
41,36,0.046460
41,37,0.002627
41,38,0.032313
41,39,0.047573
41,40,0.043139
41,41,0.000000
41,42,0.067673
41,43,0.036541
41,44,0.039420
41,45,0.041783
41,46,0.013960
41,47,0.026104
41,48,0.000421
41,49,0.154896
41,50,0.117138
41,51,0.075971
41,52,0.086801
41,53,0.050174
41,54,0.019233
41,55,0.068641
41,56,0.091523
41,57,0.099869
41,58,0.066017
41,59,0.108293
41,60,0.092395
41,61,0.031148
41,62,0.011697
41,63,0.023539
41,64,0.064722
41,65,0.119162
41,66,0.100662
41,67,0.145988
41,68,0.090603
41,69,0.074610
41,70,0.025952
41,71,0.034474
41,72,0.015041
41,73,0.047076
41,74,0.027142
41,75,0.042672
41,76,0.002482
41,77,0.035632
41,78,0.124535
41,79,0.125349
41,80,0.148936
41,81,0.098692
41,82,0.045248
41,83,0.009098
41,84,0.001362
41,85,0.040982
41,86,0.019026
41,87,0.071984
41,88,0.088381
41,89,0.084512
41,90,0.065894
41,91,0.011974
41,92,0.009594
41,93,0.006463
41,94,0.008993
41,95,0.005813
41,96,0.050947
41,97,0.031052
41,98,0.049034
41,99,0.058920
41,100,0.060768
41,101,0.114973
41,102,0.071576
41,103,0.135822
41,104,0.146803
41,105,0.072604
41,106,0.029968
41,107,0.103691
41,108,0.010324
41,109,0.037480
41,110,0.112192
41,111,0.027721
41,112,0.028373
41,113,0.163807
41,114,0.045533
41,115,0.099709
41,116,0.021170
41,117,0.034498
41,118,0.099184
41,119,0.132124
41,120,0.134221
41,121,0.146835
41,122,0.155930
41,123,0.146828
41,124,0.145821
41,125,0.136803
41,126,0.258079
41,127,0.258613
41,128,0.095218
41,129,0.052517
41,130,0.011560
41,131,0.045756
41,132,0.079468
41,133,0.053744
41,134,0.041899
41,135,0.044508
41,136,0.035353
41,137,0.003780
41,138,0.008981
41,139,0.022695
41,140,0.059254
41,141,0.016581
41,142,0.002016
41,143,0.063917
41,144,0.066037
41,145,0.034572
41,146,0.025676
41,147,0.052996
41,148,0.002555
41,149,0.000782
41,150,0.016506
41,151,0.118712
41,152,0.103905
41,153,0.096603
41,154,0.098771
41,155,0.127743
41,156,0.109672
41,157,0.159060
41,158,0.168399
41,159,0.096557
41,160,0.135671
41,161,0.010519
41,162,0.086987
41,163,0.106398
41,164,0.075459
41,165,0.052108
41,166,0.002087
41,167,0.062835
41,168,0.008914
41,169,0.021502
41,170,0.083932
41,171,0.138055
41,172,0.009315
41,173,0.035436
41,174,0.045231
41,175,0.037224
41,176,0.019845
41,177,0.029819
41,178,0.055466
41,179,0.028561
41,180,0.074417
41,181,0.112873
41,182,0.102847
41,183,0.075282
41,184,0.051399
41,185,0.147273
41,186,0.133477
41,187,0.147008
41,188,0.152913
41,189,0.080874
41,190,0.000324
41,191,0.049982
41,192,0.053848
41,193,0.077250
42,1,0.056561
42,2,0.058590
42,3,0.079043
42,4,0.187650
42,5,0.185585
42,6,0.124270
42,7,0.007962
42,8,0.049934
42,9,0.007448
42,10,0.070845
42,11,0.029390
42,12,0.002209
42,13,0.124691
42,14,0.087263
42,15,0.122434
42,16,0.117233
42,17,0.168066
42,18,0.005677
42,19,0.048431
42,20,0.017370
42,21,0.075791
42,22,0.062897
42,23,0.040588
42,24,0.008519
42,25,0.201453
42,26,0.166838
42,27,0.176451
42,28,0.160580
42,29,0.195066
42,30,0.098625
42,31,0.162118
42,32,0.127847
42,33,0.048172
42,34,0.011608
42,35,0.040808
42,36,0.006226
42,37,0.004436
42,38,0.044036
42,39,0.009393
42,40,0.038051
42,41,0.067673
42,42,0.000000
42,43,0.014358
42,44,0.000112
42,45,0.051097
42,46,0.030905
42,47,0.035362
42,48,0.033806
42,49,0.103907
42,50,0.094692
42,51,0.073930
42,52,0.133768
42,53,0.039485
42,54,0.005379
42,55,0.028864
42,56,0.053162
42,57,0.055310
42,58,0.023360
42,59,0.056234
42,60,0.047631
42,61,0.011499
42,62,0.024717
42,63,0.059111
42,64,0.060630
42,65,0.088224
42,66,0.055168
42,67,0.086896
42,68,0.015273
42,69,0.007051
42,70,0.051179
42,71,0.069472
42,72,0.016114
42,73,0.030554
42,74,0.039810
42,75,0.050216
42,76,0.018282
42,77,0.050171
42,78,0.131259
42,79,0.110826
42,80,0.133629
42,81,0.086208
42,82,0.060366
42,83,0.009121
42,84,0.037365
42,85,0.065169
42,86,0.001708
42,87,0.052561
42,88,0.079451
42,89,0.053838
42,90,0.026646
42,91,0.016785
42,92,0.000458
42,93,0.000465
42,94,0.004605
42,95,0.001919
42,96,0.014347
42,97,0.044963
42,98,0.057018
42,99,0.066761
42,100,0.009675
42,101,0.101811
42,102,0.043944
42,103,0.125366
42,104,0.134067
42,105,0.052554
42,106,0.049577
42,107,0.050029
42,108,0.031052
42,109,0.039923
42,110,0.113308
42,111,0.037000
42,112,0.024734
42,113,0.117885
42,114,0.061979
42,115,0.129628
42,116,0.060592
42,117,0.053774
42,118,0.096437
42,119,0.104885
42,120,0.103949
42,121,0.108457
42,122,0.091151
42,123,0.049573
42,124,0.074743
42,125,0.113898
42,126,0.209682
42,127,0.215545
42,128,0.094203
42,129,0.067836
42,130,0.021570
42,131,0.012563
42,132,0.029776
42,133,0.040129
42,134,0.055709
42,135,0.020136
42,136,0.028923
42,137,0.001304
42,138,0.007314
42,139,0.005552
42,140,0.049379
42,141,0.022139
42,142,0.001265
42,143,0.053311
42,144,0.053217
42,145,0.023961
42,146,0.026959
42,147,0.045586
42,148,0.031321
42,149,0.005299
42,150,0.018478
42,151,0.081143
42,152,0.100749
42,153,0.082393
42,154,0.067624
42,155,0.108709
42,156,0.077590
42,157,0.096731
42,158,0.138216
42,159,0.075803
42,160,0.110539
42,161,0.047920
42,162,0.040517
42,163,0.077070
42,164,0.035989
42,165,0.019382
42,166,0.045810
42,167,0.021070
42,168,0.003045
42,169,0.058970
42,170,0.084362
42,171,0.118686
42,172,0.061496
42,173,0.046738
42,174,0.043188
42,175,0.074385
42,176,0.028935
42,177,0.052991
42,178,0.057001
42,179,0.041346
42,180,0.091623
42,181,0.121825
42,182,0.080965
42,183,0.083923
42,184,0.044424
42,185,0.118342
42,186,0.117258
42,187,0.101454
42,188,0.118198
42,189,0.041558
42,190,0.008989
42,191,0.065812
42,192,0.097853
42,193,0.087031
43,1,0.047489
43,2,0.029707
43,3,0.104891
43,4,0.218948
43,5,0.299637
43,6,0.192124
43,7,0.049464
43,8,0.031094
43,9,0.046450
43,10,0.181984
43,11,0.138403
43,12,0.025174
43,13,0.143430
43,14,0.199089
43,15,0.263343
43,16,0.227160
43,17,0.243422
43,18,0.091979
43,19,0.013144
43,20,0.041952
43,21,0.145553
43,22,0.101543
43,23,0.044664
43,24,0.111446
43,25,0.154769
43,26,0.111269
43,27,0.222727
43,28,0.162874
43,29,0.112594
43,30,0.007667
43,31,0.103295
43,32,0.110065
43,33,0.058619
43,34,0.040423
43,35,0.004429
43,36,0.000525
43,37,0.021134
43,38,0.038876
43,39,0.036556
43,40,0.045354
43,41,0.036541
43,42,0.014358
43,43,0.000000
43,44,0.025951
43,45,0.190158
43,46,0.005547
43,47,0.056902
43,48,0.020424
43,49,0.143420
43,50,0.113348
43,51,0.077055
43,52,0.142019
43,53,0.070508
43,54,0.054109
43,55,0.003565
43,56,0.010646
43,57,0.022744
43,58,0.012159
43,59,0.033595
43,60,0.034230
43,61,0.039523
43,62,0.046398
43,63,0.136953
43,64,0.024474
43,65,0.026692
43,66,0.040848
43,67,0.039836
43,68,0.015209
43,69,0.008355
43,70,0.034764
43,71,0.085419
43,72,0.000983
43,73,0.001733
43,74,0.076451
43,75,0.102441
43,76,0.050100
43,77,0.068037
43,78,0.179054
43,79,0.164720
43,80,0.153246
43,81,0.077493
43,82,0.089781
43,83,0.007885
43,84,0.014105
43,85,0.024930
43,86,0.000784
43,87,0.013061
43,88,0.012078
43,89,0.016121
43,90,0.033336
43,91,0.087382
43,92,0.103897
43,93,0.075098
43,94,0.010084
43,95,0.009322
43,96,0.114888
43,97,0.123311
43,98,0.111202
43,99,0.145050
43,100,0.031914
43,101,0.168841
43,102,0.115094
43,103,0.221834
43,104,0.183251
43,105,0.034608
43,106,0.035960
43,107,0.099640
43,108,0.031001
43,109,0.004436
43,110,0.051499
43,111,0.038230
43,112,0.055480
43,113,0.170065
43,114,0.066643
43,115,0.146693
43,116,0.048705
43,117,0.004824
43,118,0.056336
43,119,0.102502
43,120,0.118774
43,121,0.092897
43,122,0.079977
43,123,0.058683
43,124,0.079793
43,125,0.095317
43,126,0.201749
43,127,0.209113
43,128,0.061684
43,129,0.056992
43,130,0.009683
43,131,0.060161
43,132,0.071654
43,133,0.135661
43,134,0.157140
43,135,0.078912
43,136,0.088732
43,137,0.077265
43,138,0.027296
43,139,0.011962
43,140,0.107945
43,141,0.036622
43,142,0.053893
43,143,0.131097
43,144,0.139758
43,145,0.125071
43,146,0.096522
43,147,0.047500
43,148,0.027145
43,149,0.020721
43,150,0.029580
43,151,0.057115
43,152,0.050527
43,153,0.045153
43,154,0.035212
43,155,0.083903
43,156,0.087073
43,157,0.101181
43,158,0.121803
43,159,0.125651
43,160,0.139815
43,161,0.022901
43,162,0.056304
43,163,0.082408
43,164,0.038091
43,165,0.046389
43,166,0.091216
43,167,0.017560
43,168,0.070561
43,169,0.021623
43,170,0.080590
43,171,0.170158
43,172,0.063821
43,173,0.028245
43,174,0.018302
43,175,0.050149
43,176,0.019400
43,177,0.019998
43,178,0.040972
43,179,0.039964
43,180,0.072228
43,181,0.106358
43,182,0.075388
43,183,0.063096
43,184,0.037859
43,185,0.079694
43,186,0.058334
43,187,0.055358
43,188,0.079345
43,189,0.022272
43,190,0.145538
43,191,0.195312
43,192,0.241543
43,193,0.227275
44,1,0.004914
44,2,0.037126
44,3,0.039827
44,4,0.063857
44,5,0.133692
44,6,0.111402
44,7,0.125974
44,8,0.134271
44,9,0.148972
44,10,0.144902
44,11,0.109570
44,12,0.020001
44,13,0.032015
44,14,0.128057
44,15,0.186833
44,16,0.151803
44,17,0.116620
44,18,0.053078
44,19,0.052340
44,20,0.026426
44,21,0.044841
44,22,0.058216
44,23,0.029661
44,24,0.149971
44,25,0.030724
44,26,0.011857
44,27,0.103353
44,28,0.003053
44,29,0.067595
44,30,0.047836
44,31,0.026093
44,32,0.037349
44,33,0.021402
44,34,0.009580
44,35,0.028141
44,36,0.035628
44,37,0.077767
44,38,0.059787
44,39,0.000991
44,40,0.003594
44,41,0.039420
44,42,0.000112
44,43,0.025951
44,44,0.000000
44,45,0.231324
44,46,0.073018
44,47,0.085762
44,48,0.022604
44,49,0.053564
44,50,0.034762
44,51,0.016707
44,52,0.025102
44,53,0.054650
44,54,0.051698
44,55,0.011823
44,56,0.058876
44,57,0.009544
44,58,0.035920
44,59,0.013325
44,60,0.018446
44,61,0.040517
44,62,0.042734
44,63,0.101614
44,64,0.026864
44,65,0.048449
44,66,0.097670
44,67,0.015415
44,68,0.048330
44,69,0.003954
44,70,0.004967
44,71,0.011247
44,72,0.010843
44,73,0.041069
44,74,0.021771
44,75,0.010562
44,76,0.021029
44,77,0.004198
44,78,0.026649
44,79,0.043027
44,80,0.022104
44,81,0.015563
44,82,0.015465
44,83,0.035127
44,84,0.013620
44,85,0.030630
44,86,0.001952
44,87,0.037373
44,88,0.057020
44,89,0.066408
44,90,0.100742
44,91,0.081129
44,92,0.109894
44,93,0.011204
44,94,0.049302
44,95,0.064598
44,96,0.144766
44,97,0.057521
44,98,0.040320
44,99,0.095159
44,100,0.058769
44,101,0.006628
44,102,0.022271
44,103,0.078378
44,104,0.036099
44,105,0.027194
44,106,0.052494
44,107,0.063981
44,108,0.073503
44,109,0.010005
44,110,0.011605
44,111,0.077026
44,112,0.103391
44,113,0.036816
44,114,0.038785
44,115,0.072162
44,116,0.001566
44,117,0.046092
44,118,0.036145
44,119,0.033735
44,120,0.001779
44,121,0.031319
44,122,0.016840
44,123,0.029172
44,124,0.039932
44,125,0.015793
44,126,0.038337
44,127,0.043336
44,128,0.044705
44,129,0.031444
44,130,0.038601
44,131,0.026253
44,132,0.030288
44,133,0.089002
44,134,0.122954
44,135,0.050467
44,136,0.057138
44,137,0.083809
44,138,0.002624
44,139,0.058969
44,140,0.048011
44,141,0.005802
44,142,0.081583
44,143,0.030347
44,144,0.013649
44,145,0.004858
44,146,0.060806
44,147,0.008157
44,148,0.003108
44,149,0.042717
44,150,0.034990
44,151,0.006560
44,152,0.009287
44,153,0.010269
44,154,0.024835
44,155,0.016269
44,156,0.004105
44,157,0.015463
44,158,0.007086
44,159,0.067779
44,160,0.015513
44,161,0.043119
44,162,0.027012
44,163,0.032184
44,164,0.004354
44,165,0.036684
44,166,0.118279
44,167,0.110967
44,168,0.102767
44,169,0.019994
44,170,0.022955
44,171,0.083641
44,172,0.050038
44,173,0.041319
44,174,0.006958
44,175,0.032353
44,176,0.023126
44,177,0.047527
44,178,0.038415
44,179,0.018717
44,180,0.000579
44,181,0.010494
44,182,0.015109
44,183,0.035623
44,184,0.027658
44,185,0.024469
44,186,0.054699
44,187,0.034127
44,188,0.038068
44,189,0.014709
44,190,0.191435
44,191,0.216939
44,192,0.242318
44,193,0.238342
45,1,0.149442
45,2,0.205130
45,3,0.241484
45,4,0.209665
45,5,0.190258
45,6,0.215455
45,7,0.170602
45,8,0.175582
45,9,0.159217
45,10,0.204321
45,11,0.156816
45,12,0.111226
45,13,0.054444
45,14,0.121093
45,15,0.130088
45,16,0.132718
45,17,0.042086
45,18,0.057934
45,19,0.047415
45,20,0.199055
45,21,0.310488
45,22,0.417413
45,23,0.120732
45,24,0.197811
45,25,0.071006
45,26,0.109148
45,27,0.150049
45,28,0.150873
45,29,0.111173
45,30,0.051740
45,31,0.073441
45,32,0.023532
45,33,0.020866
45,34,0.106280
45,35,0.105511
45,36,0.124540
45,37,0.130945
45,38,0.140292
45,39,0.122470
45,40,0.128539
45,41,0.041783
45,42,0.051097
45,43,0.190158
45,44,0.231324
45,45,0.000000
45,46,0.257773
45,47,0.358099
45,48,0.194466
45,49,0.018488
45,50,0.010692
45,51,0.057214
45,52,0.086229
45,53,0.021640
45,54,0.007856
45,55,0.101788
45,56,0.085134
45,57,0.085751
45,58,0.060170
45,59,0.083702
45,60,0.064732
45,61,0.082172
45,62,0.095441
45,63,0.058956
45,64,0.061194
45,65,0.005261
45,66,0.072247
45,67,0.038379
45,68,0.105272
45,69,0.066098
45,70,0.094384
45,71,0.031722
45,72,0.001164
45,73,0.068388
45,74,0.070129
45,75,0.054011
45,76,0.109541
45,77,0.102063
45,78,0.115880
45,79,0.139245
45,80,0.113693
45,81,0.095414
45,82,0.142354
45,83,0.105767
45,84,0.131872
45,85,0.075991
45,86,0.127712
45,87,0.143686
45,88,0.129136
45,89,0.177545
45,90,0.154585
45,91,0.101446
45,92,0.039449
45,93,0.036129
45,94,0.019212
45,95,0.008706
45,96,0.089606
45,97,0.109319
45,98,0.138544
45,99,0.107073
45,100,0.152443
45,101,0.247620
45,102,0.310515
45,103,0.282971
45,104,0.023059
45,105,0.166893
45,106,0.183123
45,107,0.069010
45,108,0.085547
45,109,0.145072
45,110,0.182518
45,111,0.030216
45,112,0.017990
45,113,0.215811
45,114,0.128385
45,115,0.147182
45,116,0.081695
45,117,0.070461
45,118,0.048243
45,119,0.094624
45,120,0.130013
45,121,0.033110
45,122,0.032702
45,123,0.184631
45,124,0.166283
45,125,0.016236
45,126,0.025462
45,127,0.000324
45,128,0.001434
45,129,0.059955
45,130,0.047430
45,131,0.025631
45,132,0.029202
45,133,0.026248
45,134,0.030415
45,135,0.084160
45,136,0.091608
45,137,0.076117
45,138,0.135734
45,139,0.099754
45,140,0.056054
45,141,0.032706
45,142,0.063401
45,143,0.071876
45,144,0.077722
45,145,0.120787
45,146,0.131192
45,147,0.073744
45,148,0.197561
45,149,0.168312
45,150,0.132544
45,151,0.139074
45,152,0.124431
45,153,0.108450
45,154,0.152302
45,155,0.131662
45,156,0.083355
45,157,0.078656
45,158,0.099076
45,159,0.114491
45,160,0.050552
45,161,0.163167
45,162,0.063996
45,163,0.032263
45,164,0.007369
45,165,0.000077
45,166,0.020108
45,167,0.009348
45,168,0.040279
45,169,0.008659
45,170,0.044808
45,171,0.102919
45,172,0.040106
45,173,0.002988
45,174,0.010652
45,175,0.040373
45,176,0.026247
45,177,0.059394
45,178,0.055258
45,179,0.042335
45,180,0.032325
45,181,0.039524
45,182,0.016283
45,183,0.013669
45,184,0.010814
45,185,0.026017
45,186,0.030245
45,187,0.017414
45,188,0.025730
45,189,0.048588
45,190,0.055692
45,191,0.042287
45,192,0.075071
45,193,0.070854
46,1,0.031664
46,2,0.036462
46,3,0.132056
46,4,0.112334
46,5,0.072465
46,6,0.048725
46,7,0.087613
46,8,0.099823
46,9,0.058580
46,10,0.083176
46,11,0.088328
46,12,0.044707
46,13,0.039027
46,14,0.008165
46,15,0.040636
46,16,0.070864
46,17,0.086998
46,18,0.067809
46,19,0.015587
46,20,0.164395
46,21,0.232007
46,22,0.189842
46,23,0.010155
46,24,0.168871
46,25,0.026911
46,26,0.064165
46,27,0.034045
46,28,0.010397
46,29,0.019005
46,30,0.026504
46,31,0.063732
46,32,0.077369
46,33,0.040244
46,34,0.051263
46,35,0.033066
46,36,0.050728
46,37,0.041970
46,38,0.104779
46,39,0.110667
46,40,0.123210
46,41,0.013960
46,42,0.030905
46,43,0.005547
46,44,0.073018
46,45,0.257773
46,46,0.000000
46,47,0.058579
46,48,0.060217
46,49,0.072194
46,50,0.038162
46,51,0.021213
46,52,0.013738
46,53,0.041263
46,54,0.012891
46,55,0.030211
46,56,0.009137
46,57,0.041192
46,58,0.052693
46,59,0.056550
46,60,0.026724
46,61,0.010933
46,62,0.059233
46,63,0.000797
46,64,0.088044
46,65,0.087642
46,66,0.137412
46,67,0.046270
46,68,0.116353
46,69,0.006582
46,70,0.033816
46,71,0.029787
46,72,0.019489
46,73,0.016027
46,74,0.001471
46,75,0.002260
46,76,0.017025
46,77,0.026245
46,78,0.075380
46,79,0.073102
46,80,0.079013
46,81,0.037360
46,82,0.020436
46,83,0.057712
46,84,0.013908
46,85,0.003361
46,86,0.083921
46,87,0.005505
46,88,0.005117
46,89,0.044709
46,90,0.001988
46,91,0.002797
46,92,0.005593
46,93,0.027153
46,94,0.081546
46,95,0.037807
46,96,0.037083
46,97,0.027632
46,98,0.041062
46,99,0.024461
46,100,0.044756
46,101,0.029411
46,102,0.008535
46,103,0.025270
46,104,0.096602
46,105,0.008533
46,106,0.037037
46,107,0.015009
46,108,0.048079
46,109,0.051246
46,110,0.053725
46,111,0.150390
46,112,0.176873
46,113,0.026052
46,114,0.035088
46,115,0.068596
46,116,0.041942
46,117,0.002339
46,118,0.015325
46,119,0.010541
46,120,0.006480
46,121,0.009507
46,122,0.042561
46,123,0.043382
46,124,0.030214
46,125,0.007300
46,126,0.092055
46,127,0.099515
46,128,0.053862
46,129,0.033002
46,130,0.038429
46,131,0.002480
46,132,0.028391
46,133,0.000968
46,134,0.003861
46,135,0.083576
46,136,0.085923
46,137,0.060528
46,138,0.150253
46,139,0.162399
46,140,0.034537
46,141,0.054754
46,142,0.138472
46,143,0.108577
46,144,0.112182
46,145,0.102704
46,146,0.010010
46,147,0.036014
46,148,0.073754
46,149,0.037608
46,150,0.008315
46,151,0.028936
46,152,0.011465
46,153,0.048833
46,154,0.052813
46,155,0.039325
46,156,0.001130
46,157,0.020361
46,158,0.064945
46,159,0.044521
46,160,0.007517
46,161,0.080038
46,162,0.007960
46,163,0.022346
46,164,0.012749
46,165,0.004020
46,166,0.047538
46,167,0.058779
46,168,0.015704
46,169,0.022461
46,170,0.003663
46,171,0.118750
46,172,0.049304
46,173,0.003909
46,174,0.019942
46,175,0.032890
46,176,0.044121
46,177,0.061958
46,178,0.048013
46,179,0.029106
46,180,0.016307
46,181,0.042330
46,182,0.020954
46,183,0.039395
46,184,0.039698
46,185,0.024836
46,186,0.004996
46,187,0.004520
46,188,0.065132
46,189,0.086857
46,190,0.056506
46,191,0.103841
46,192,0.162302
46,193,0.153623
47,1,0.037596
47,2,0.087166
47,3,0.005017
47,4,0.101606
47,5,0.236699
47,6,0.162392
47,7,0.122665
47,8,0.107656
47,9,0.097779
47,10,0.157384
47,11,0.137621
47,12,0.051422
47,13,0.155310
47,14,0.256092
47,15,0.301913
47,16,0.271433
47,17,0.198253
47,18,0.106599
47,19,0.092584
47,20,0.001375
47,21,0.051104
47,22,0.005885
47,23,0.071918
47,24,0.213579
47,25,0.093917
47,26,0.007760
47,27,0.166733
47,28,0.036321
47,29,0.020754
47,30,0.029893
47,31,0.002495
47,32,0.023835
47,33,0.038875
47,34,0.005881
47,35,0.007562
47,36,0.017084
47,37,0.022919
47,38,0.073239
47,39,0.022679
47,40,0.202131
47,41,0.026104
47,42,0.035362
47,43,0.056902
47,44,0.085762
47,45,0.358099
47,46,0.058579
47,47,0.000000
47,48,0.033947
47,49,0.253097
47,50,0.103444
47,51,0.077351
47,52,0.111002
47,53,0.059891
47,54,0.061407
47,55,0.051215
47,56,0.014309
47,57,0.015778
47,58,0.017943
47,59,0.040514
47,60,0.065901
47,61,0.005480
47,62,0.021171
47,63,0.068559
47,64,0.023334
47,65,0.073170
47,66,0.048212
47,67,0.002707
47,68,0.048499
47,69,0.044188
47,70,0.059159
47,71,0.131392
47,72,0.060640
47,73,0.039704
47,74,0.054020
47,75,0.093116
47,76,0.062591
47,77,0.064763
47,78,0.144795
47,79,0.161942
47,80,0.109350
47,81,0.077423
47,82,0.056482
47,83,0.047899
47,84,0.033778
47,85,0.006909
47,86,0.042813
47,87,0.039202
47,88,0.178315
47,89,0.174497
47,90,0.118160
47,91,0.166589
47,92,0.164060
47,93,0.159170
47,94,0.094726
47,95,0.015842
47,96,0.178344
47,97,0.139123
47,98,0.107365
47,99,0.165084
47,100,0.014537
47,101,0.134169
47,102,0.036871
47,103,0.132958
47,104,0.315930
47,105,0.077576
47,106,0.018465
47,107,0.091425
47,108,0.027844
47,109,0.097379
47,110,0.102081
47,111,0.177368
47,112,0.159354
47,113,0.228799
47,114,0.017509
47,115,0.097776
47,116,0.050933
47,117,0.045371
47,118,0.014244
47,119,0.072688
47,120,0.070548
47,121,0.076061
47,122,0.053303
47,123,0.009021
47,124,0.002873
47,125,0.080746
47,126,0.168826
47,127,0.185840
47,128,0.008453
47,129,0.010336
47,130,0.062912
47,131,0.127895
47,132,0.081185
47,133,0.198568
47,134,0.200848
47,135,0.081040
47,136,0.089909
47,137,0.067099
47,138,0.010455
47,139,0.054342
47,140,0.047741
47,141,0.025169
47,142,0.029816
47,143,0.076492
47,144,0.106047
47,145,0.077480
47,146,0.148406
47,147,0.130451
47,148,0.052463
47,149,0.053145
47,150,0.036809
47,151,0.060421
47,152,0.061702
47,153,0.087091
47,154,0.101111
47,155,0.021827
47,156,0.092640
47,157,0.121847
47,158,0.024872
47,159,0.118174
47,160,0.074535
47,161,0.121471
47,162,0.017429
47,163,0.015909
47,164,0.018682
47,165,0.061105
47,166,0.127301
47,167,0.098319
47,168,0.141858
47,169,0.073697
47,170,0.031380
47,171,0.155619
47,172,0.039507
47,173,0.044767
47,174,0.071083
47,175,0.019873
47,176,0.044669
47,177,0.055035
47,178,0.027735
47,179,0.012053
47,180,0.003420
47,181,0.029890
47,182,0.005024
47,183,0.011719
47,184,0.043813
47,185,0.025422
47,186,0.029290
47,187,0.019693
47,188,0.073401
47,189,0.028082
47,190,0.203889
47,191,0.287345
47,192,0.383018
47,193,0.364421
48,1,0.013445
48,2,0.022778
48,3,0.004740
48,4,0.083095
48,5,0.242439
48,6,0.145731
48,7,0.135320
48,8,0.205281
48,9,0.191354
48,10,0.259268
48,11,0.217658
48,12,0.078469
48,13,0.148657
48,14,0.271940
48,15,0.275519
48,16,0.237639
48,17,0.120878
48,18,0.120831
48,19,0.145920
48,20,0.109459
48,21,0.138949
48,22,0.059160
48,23,0.078404
48,24,0.212989
48,25,0.041691
48,26,0.063021
48,27,0.084288
48,28,0.021826
48,29,0.055685
48,30,0.014534
48,31,0.048952
48,32,0.009621
48,33,0.007648
48,34,0.007924
48,35,0.002837
48,36,0.050300
48,37,0.059741
48,38,0.001666
48,39,0.011356
48,40,0.174400
48,41,0.000421
48,42,0.033806
48,43,0.020424
48,44,0.022604
48,45,0.194466
48,46,0.060217
48,47,0.033947
48,48,0.000000
48,49,0.133629
48,50,0.058725
48,51,0.061852
48,52,0.061358
48,53,0.033976
48,54,0.066063
48,55,0.060825
48,56,0.054108
48,57,0.012446
48,58,0.047573
48,59,0.051366
48,60,0.063899
48,61,0.039576
48,62,0.027459
48,63,0.145629
48,64,0.020354
48,65,0.067503
48,66,0.029580
48,67,0.006940
48,68,0.061557
48,69,0.074949
48,70,0.062363
48,71,0.143065
48,72,0.074575
48,73,0.082142
48,74,0.046146
48,75,0.028865
48,76,0.036763
48,77,0.050276
48,78,0.024400
48,79,0.047227
48,80,0.006884
48,81,0.004041
48,82,0.063405
48,83,0.141323
48,84,0.126604
48,85,0.099148
48,86,0.021618
48,87,0.074504
48,88,0.183797
48,89,0.189820
48,90,0.142236
48,91,0.167840
48,92,0.173872
48,93,0.115495
48,94,0.053885
48,95,0.014205
48,96,0.186129
48,97,0.151398
48,98,0.087484
48,99,0.159175
48,100,0.056780
48,101,0.016676
48,102,0.033061
48,103,0.043175
48,104,0.221017
48,105,0.020424
48,106,0.065152
48,107,0.222390
48,108,0.105918
48,109,0.066817
48,110,0.026082
48,111,0.151011
48,112,0.199160
48,113,0.101910
48,114,0.047544
48,115,0.019266
48,116,0.004890
48,117,0.023534
48,118,0.011801
48,119,0.002234
48,120,0.052736
48,121,0.047487
48,122,0.080014
48,123,0.060425
48,124,0.053528
48,125,0.031941
48,126,0.149093
48,127,0.162721
48,128,0.025816
48,129,0.026219
48,130,0.099744
48,131,0.116464
48,132,0.090531
48,133,0.174495
48,134,0.178082
48,135,0.087526
48,136,0.084966
48,137,0.084213
48,138,0.016709
48,139,0.065908
48,140,0.049888
48,141,0.007114
48,142,0.007395
48,143,0.023633
48,144,0.065029
48,145,0.059813
48,146,0.120563
48,147,0.059130
48,148,0.018852
48,149,0.028326
48,150,0.039346
48,151,0.079602
48,152,0.095840
48,153,0.059559
48,154,0.076676
48,155,0.022779
48,156,0.048230
48,157,0.063571
48,158,0.011453
48,159,0.120082
48,160,0.074908
48,161,0.075679
48,162,0.000110
48,163,0.033470
48,164,0.018160
48,165,0.036575
48,166,0.090981
48,167,0.068213
48,168,0.186069
48,169,0.065316
48,170,0.015656
48,171,0.133929
48,172,0.043212
48,173,0.009333
48,174,0.048858
48,175,0.005096
48,176,0.043176
48,177,0.031625
48,178,0.023221
48,179,0.007622
48,180,0.008468
48,181,0.002591
48,182,0.018994
48,183,0.027080
48,184,0.060067
48,185,0.018586
48,186,0.058695
48,187,0.012686
48,188,0.060366
48,189,0.030417
48,190,0.218800
48,191,0.287156
48,192,0.363888
48,193,0.350775
49,1,0.008168
49,2,0.044081
49,3,0.037793
49,4,0.081465
49,5,0.212557
49,6,0.157040
49,7,0.208294
49,8,0.421411
49,9,0.314743
49,10,0.302987
49,11,0.271000
49,12,0.122955
49,13,0.180508
49,14,0.235193
49,15,0.222672
49,16,0.183065
49,17,0.089539
49,18,0.114048
49,19,0.173225
49,20,0.185342
49,21,0.243399
49,22,0.250991
49,23,0.235785
49,24,0.236429
49,25,0.197355
49,26,0.242650
49,27,0.074804
49,28,0.201509
49,29,0.224911
49,30,0.106467
49,31,0.165345
49,32,0.056283
49,33,0.020154
49,34,0.036742
49,35,0.000149
49,36,0.053206
49,37,0.057897
49,38,0.029560
49,39,0.032650
49,40,0.037072
49,41,0.154896
49,42,0.103907
49,43,0.143420
49,44,0.053564
49,45,0.018488
49,46,0.072194
49,47,0.253097
49,48,0.133629
49,49,0.000000
49,50,0.025100
49,51,0.079808
49,52,0.027049
49,53,0.009799
49,54,0.103062
49,55,0.105953
49,56,0.174217
49,57,0.118235
49,58,0.120537
49,59,0.053458
49,60,0.018062
49,61,0.090997
49,62,0.084906
49,63,0.162443
49,64,0.066861
49,65,0.008173
49,66,0.053619
49,67,0.017344
49,68,0.027981
49,69,0.054949
49,70,0.064281
49,71,0.122209
49,72,0.066693
49,73,0.117651
49,74,0.154599
49,75,0.121657
49,76,0.119903
49,77,0.160204
49,78,0.123581
49,79,0.066577
49,80,0.148660
49,81,0.120965
49,82,0.209362
49,83,0.225590
49,84,0.248515
49,85,0.202992
49,86,0.121511
49,87,0.187249
49,88,0.236532
49,89,0.292012
49,90,0.258016
49,91,0.207069
49,92,0.209004
49,93,0.035053
49,94,0.019796
49,95,0.033250
49,96,0.273779
49,97,0.185015
49,98,0.172132
49,99,0.214401
49,100,0.185553
49,101,0.187188
49,102,0.175534
49,103,0.123039
49,104,0.118547
49,105,0.071237
49,106,0.271200
49,107,0.246054
49,108,0.143489
49,109,0.080734
49,110,0.057415
49,111,0.133568
49,112,0.171947
49,113,0.017662
49,114,0.144135
49,115,0.090386
49,116,0.092686
49,117,0.091569
49,118,0.117911
49,119,0.149860
49,120,0.026346
49,121,0.024267
49,122,0.101685
49,123,0.096708
49,124,0.108733
49,125,0.044926
49,126,0.058421
49,127,0.092794
49,128,0.098999
49,129,0.131529
49,130,0.172480
49,131,0.121542
49,132,0.116436
49,133,0.154039
49,134,0.160734
49,135,0.141493
49,136,0.115621
49,137,0.136169
49,138,0.086783
49,139,0.000164
49,140,0.076657
49,141,0.039230
49,142,0.009769
49,143,0.044321
49,144,0.053935
49,145,0.085462
49,146,0.176316
49,147,0.087039
49,148,0.109336
49,149,0.128320
49,150,0.137032
49,151,0.161965
49,152,0.122521
49,153,0.052857
49,154,0.069742
49,155,0.022822
49,156,0.015387
49,157,0.003709
49,158,0.008483
49,159,0.131303
49,160,0.058958
49,161,0.020645
49,162,0.020025
49,163,0.061062
49,164,0.012178
49,165,0.049969
49,166,0.159415
49,167,0.175199
49,168,0.193497
49,169,0.077240
49,170,0.044006
49,171,0.032477
49,172,0.005439
49,173,0.004230
49,174,0.048231
49,175,0.049167
49,176,0.082387
49,177,0.050183
49,178,0.033557
49,179,0.007678
49,180,0.007681
49,181,0.032983
49,182,0.033268
49,183,0.089401
49,184,0.092440
49,185,0.061870
49,186,0.085753
49,187,0.024778
49,188,0.018593
49,189,0.020486
49,190,0.298052
49,191,0.322635
49,192,0.355749
49,193,0.343113
50,1,0.050386
50,2,0.047729
50,3,0.092292
50,4,0.084188
50,5,0.002867
50,6,0.006766
50,7,0.095513
50,8,0.240272
50,9,0.163498
50,10,0.121009
50,11,0.078059
50,12,0.020100
50,13,0.086310
50,14,0.008267
50,15,0.008705
50,16,0.067027
50,17,0.083547
50,18,0.001657
50,19,0.059644
50,20,0.035758
50,21,0.039342
50,22,0.046308
50,23,0.145414
50,24,0.112688
50,25,0.134737
50,26,0.137179
50,27,0.065566
50,28,0.195265
50,29,0.185903
50,30,0.098656
50,31,0.144696
50,32,0.053018
50,33,0.007843
50,34,0.061796
50,35,0.028411
50,36,0.003779
50,37,0.012698
50,38,0.027571
50,39,0.009726
50,40,0.040410
50,41,0.117138
50,42,0.094692
50,43,0.113348
50,44,0.034762
50,45,0.010692
50,46,0.038162
50,47,0.103444
50,48,0.058725
50,49,0.025100
50,50,0.000000
50,51,0.016766
50,52,0.138126
50,53,0.076040
50,54,0.043920
50,55,0.021641
50,56,0.079160
50,57,0.056588
50,58,0.055680
50,59,0.007429
50,60,0.022304
50,61,0.028108
50,62,0.010978
50,63,0.007971
50,64,0.009003
50,65,0.042582
50,66,0.044318
50,67,0.031715
50,68,0.031537
50,69,0.026712
50,70,0.002027
50,71,0.024109
50,72,0.022047
50,73,0.046798
50,74,0.123444
50,75,0.116341
50,76,0.104707
50,77,0.130836
50,78,0.129238
50,79,0.097152
50,80,0.143481
50,81,0.107761
50,82,0.175923
50,83,0.178891
50,84,0.184500
50,85,0.144819
50,86,0.032071
50,87,0.086043
50,88,0.070675
50,89,0.107689
50,90,0.083427
50,91,0.073934
50,92,0.104997
50,93,0.049998
50,94,0.075765
50,95,0.085131
50,96,0.096906
50,97,0.045123
50,98,0.028811
50,99,0.068868
50,100,0.077144
50,101,0.096392
50,102,0.106800
50,103,0.090052
50,104,0.050153
50,105,0.024691
50,106,0.173948
50,107,0.151368
50,108,0.137942
50,109,0.011770
50,110,0.013327
50,111,0.047638
50,112,0.085338
50,113,0.087375
50,114,0.141650
50,115,0.083460
50,116,0.092840
50,117,0.128844
50,118,0.127981
50,119,0.131060
50,120,0.059741
50,121,0.023803
50,122,0.081113
50,123,0.037734
50,124,0.052269
50,125,0.067615
50,126,0.019906
50,127,0.054496
50,128,0.076814
50,129,0.099502
50,130,0.094411
50,131,0.032391
50,132,0.063663
50,133,0.067409
50,134,0.045836
50,135,0.019782
50,136,0.000037
50,137,0.033357
50,138,0.001947
50,139,0.057442
50,140,0.002126
50,141,0.029763
50,142,0.025132
50,143,0.021109
50,144,0.022498
50,145,0.000559
50,146,0.040585
50,147,0.058316
50,148,0.120276
50,149,0.152865
50,150,0.167301
50,151,0.170067
50,152,0.135696
50,153,0.064862
50,154,0.095911
50,155,0.067073
50,156,0.030070
50,157,0.025065
50,158,0.061945
50,159,0.111276
50,160,0.077954
50,161,0.014026
50,162,0.015903
50,163,0.031258
50,164,0.002128
50,165,0.001221
50,166,0.068044
50,167,0.104370
50,168,0.120061
50,169,0.021811
50,170,0.033937
50,171,0.029501
50,172,0.014867
50,173,0.017899
50,174,0.024835
50,175,0.032526
50,176,0.068420
50,177,0.050352
50,178,0.036546
50,179,0.021879
50,180,0.016088
50,181,0.031563
50,182,0.042051
50,183,0.070683
50,184,0.064543
50,185,0.069779
50,186,0.066607
50,187,0.019935
50,188,0.012408
50,189,0.026235
50,190,0.174110
50,191,0.180671
50,192,0.188599
50,193,0.186816
51,1,0.014627
51,2,0.018821
51,3,0.012016
51,4,0.052619
51,5,0.117524
51,6,0.124143
51,7,0.090049
51,8,0.124398
51,9,0.079548
51,10,0.085263
51,11,0.053511
51,12,0.039069
51,13,0.185953
51,14,0.077367
51,15,0.090394
51,16,0.109375
51,17,0.219354
51,18,0.024749
51,19,0.006145
51,20,0.016673
51,21,0.072700
51,22,0.077593
51,23,0.044207
51,24,0.097940
51,25,0.015627
51,26,0.029634
51,27,0.061261
51,28,0.053894
51,29,0.060795
51,30,0.081039
51,31,0.061611
51,32,0.065827
51,33,0.022088
51,34,0.057523
51,35,0.046658
51,36,0.002777
51,37,0.036803
51,38,0.002765
51,39,0.033571
51,40,0.034233
51,41,0.075971
51,42,0.073930
51,43,0.077055
51,44,0.016707
51,45,0.057214
51,46,0.021213
51,47,0.077351
51,48,0.061852
51,49,0.079808
51,50,0.016766
51,51,0.000000
51,52,0.013923
51,53,0.047573
51,54,0.068673
51,55,0.025960
51,56,0.045456
51,57,0.026104
51,58,0.044523
51,59,0.022693
51,60,0.046988
51,61,0.059622
51,62,0.023838
51,63,0.044354
51,64,0.060157
51,65,0.014294
51,66,0.063316
51,67,0.057850
51,68,0.023280
51,69,0.060103
51,70,0.034700
51,71,0.024369
51,72,0.008398
51,73,0.027870
51,74,0.032001
51,75,0.038266
51,76,0.039428
51,77,0.039272
51,78,0.010400
51,79,0.003838
51,80,0.023899
51,81,0.043550
51,82,0.029745
51,83,0.055340
51,84,0.043522
51,85,0.051416
51,86,0.001441
51,87,0.008812
51,88,0.010154
51,89,0.042874
51,90,0.022736
51,91,0.059913
51,92,0.068698
51,93,0.053496
51,94,0.046292
51,95,0.002798
51,96,0.064748
51,97,0.010294
51,98,0.004840
51,99,0.024419
51,100,0.041409
51,101,0.082284
51,102,0.113661
51,103,0.035950
51,104,0.197854
51,105,0.096891
51,106,0.057549
51,107,0.076788
51,108,0.052018
51,109,0.035081
51,110,0.047440
51,111,0.040291
51,112,0.024158
51,113,0.017058
51,114,0.020149
51,115,0.010572
51,116,0.052523
51,117,0.100024
51,118,0.033730
51,119,0.024882
51,120,0.015878
51,121,0.028696
51,122,0.105298
51,123,0.003428
51,124,0.009624
51,125,0.036588
51,126,0.084931
51,127,0.092677
51,128,0.011405
51,129,0.032209
51,130,0.055209
51,131,0.002429
51,132,0.031655
51,133,0.043372
51,134,0.011250
51,135,0.029937
51,136,0.034125
51,137,0.030706
51,138,0.031041
51,139,0.034254
51,140,0.000959
51,141,0.046270
51,142,0.018590
51,143,0.052259
51,144,0.033570
51,145,0.029521
51,146,0.038022
51,147,0.036239
51,148,0.042339
51,149,0.036855
51,150,0.067933
51,151,0.123451
51,152,0.087519
51,153,0.080646
51,154,0.115200
51,155,0.085747
51,156,0.087310
51,157,0.101391
51,158,0.081792
51,159,0.135114
51,160,0.109357
51,161,0.019192
51,162,0.081734
51,163,0.013987
51,164,0.000675
51,165,0.004669
51,166,0.047230
51,167,0.044868
51,168,0.067480
51,169,0.025666
51,170,0.023626
51,171,0.074533
51,172,0.055451
51,173,0.031497
51,174,0.012243
51,175,0.006507
51,176,0.069071
51,177,0.013690
51,178,0.006473
51,179,0.024952
51,180,0.042101
51,181,0.029853
51,182,0.024742
51,183,0.002815
51,184,0.007904
51,185,0.013111
51,186,0.002153
51,187,0.026707
51,188,0.045688
51,189,0.038936
51,190,0.108778
51,191,0.141517
51,192,0.154523
51,193,0.145114
52,1,0.001931
52,2,0.039865
52,3,0.028545
52,4,0.004144
52,5,0.044752
52,6,0.107635
52,7,0.080848
52,8,0.151631
52,9,0.136969
52,10,0.000151
52,11,0.016875
52,12,0.029600
52,13,0.135317
52,14,0.003257
52,15,0.013532
52,16,0.051094
52,17,0.223904
52,18,0.121890
52,19,0.098302
52,20,0.073243
52,21,0.024642
52,22,0.067728
52,23,0.044474
52,24,0.007763
52,25,0.041211
52,26,0.094343
52,27,0.068423
52,28,0.078404
52,29,0.101794
52,30,0.132309
52,31,0.086604
52,32,0.147368
52,33,0.042665
52,34,0.059749
52,35,0.078927
52,36,0.044605
52,37,0.076325
52,38,0.063521
52,39,0.041804
52,40,0.049725
52,41,0.086801
52,42,0.133768
52,43,0.142019
52,44,0.025102
52,45,0.086229
52,46,0.013738
52,47,0.111002
52,48,0.061358
52,49,0.027049
52,50,0.138126
52,51,0.013923
52,52,0.000000
52,53,0.089655
52,54,0.038620
52,55,0.036167
52,56,0.031087
52,57,0.015991
52,58,0.035898
52,59,0.042694
52,60,0.074972
52,61,0.082072
52,62,0.053563
52,63,0.055229
52,64,0.117624
52,65,0.067653
52,66,0.071190
52,67,0.077589
52,68,0.046041
52,69,0.062661
52,70,0.012582
52,71,0.023594
52,72,0.002395
52,73,0.041673
52,74,0.036101
52,75,0.048757
52,76,0.059830
52,77,0.052912
52,78,0.022055
52,79,0.014628
52,80,0.000250
52,81,0.017676
52,82,0.026926
52,83,0.055624
52,84,0.036855
52,85,0.044238
52,86,0.018625
52,87,0.015438
52,88,0.067078
52,89,0.005344
52,90,0.008036
52,91,0.015789
52,92,0.070685
52,93,0.037462
52,94,0.015113
52,95,0.113844
52,96,0.013555
52,97,0.056631
52,98,0.006734
52,99,0.023662
52,100,0.069135
52,101,0.152263
52,102,0.188458
52,103,0.103420
52,104,0.247342
52,105,0.122596
52,106,0.003354
52,107,0.006139
52,108,0.023109
52,109,0.098096
52,110,0.023790
52,111,0.039944
52,112,0.084872
52,113,0.008482
52,114,0.080897
52,115,0.110291
52,116,0.033157
52,117,0.017506
52,118,0.041457
52,119,0.068060
52,120,0.053964
52,121,0.068544
52,122,0.216379
52,123,0.065447
52,124,0.086304
52,125,0.101682
52,126,0.150115
52,127,0.128006
52,128,0.000195
52,129,0.019823
52,130,0.018589
52,131,0.020004
52,132,0.024060
52,133,0.004739
52,134,0.005467
52,135,0.064962
52,136,0.055577
52,137,0.062990
52,138,0.048829
52,139,0.051399
52,140,0.004848
52,141,0.050135
52,142,0.065544
52,143,0.029738
52,144,0.000946
52,145,0.053035
52,146,0.106934
52,147,0.054266
52,148,0.054934
52,149,0.003280
52,150,0.024173
52,151,0.109850
52,152,0.073401
52,153,0.070938
52,154,0.102093
52,155,0.031171
52,156,0.024402
52,157,0.079355
52,158,0.069227
52,159,0.190214
52,160,0.116218
52,161,0.012421
52,162,0.138843
52,163,0.068900
52,164,0.053412
52,165,0.040011
52,166,0.087217
52,167,0.040508
52,168,0.003682
52,169,0.008938
52,170,0.017509
52,171,0.127961
52,172,0.084204
52,173,0.046770
52,174,0.017160
52,175,0.008011
52,176,0.020611
52,177,0.001872
52,178,0.019505
52,179,0.039908
52,180,0.024711
52,181,0.002076
52,182,0.006992
52,183,0.016426
52,184,0.029265
52,185,0.035519
52,186,0.038253
52,187,0.050322
52,188,0.088271
52,189,0.053604
52,190,0.036553
52,191,0.056038
52,192,0.088391
52,193,0.086125
53,1,0.095318
53,2,0.145153
53,3,0.171883
53,4,0.105709
53,5,0.019988
53,6,0.045045
53,7,0.077136
53,8,0.140213
53,9,0.061887
53,10,0.050405
53,11,0.042094
53,12,0.094356
53,13,0.011448
53,14,0.005581
53,15,0.009995
53,16,0.003945
53,17,0.057616
53,18,0.070550
53,19,0.075842
53,20,0.057715
53,21,0.054218
53,22,0.025689
53,23,0.071875
53,24,0.079822
53,25,0.071742
53,26,0.033631
53,27,0.012606
53,28,0.102301
53,29,0.119597
53,30,0.127243
53,31,0.116892
53,32,0.100197
53,33,0.056599
53,34,0.084851
53,35,0.079654
53,36,0.044349
53,37,0.051355
53,38,0.011271
53,39,0.019728
53,40,0.045527
53,41,0.050174
53,42,0.039485
53,43,0.070508
53,44,0.054650
53,45,0.021640
53,46,0.041263
53,47,0.059891
53,48,0.033976
53,49,0.009799
53,50,0.076040
53,51,0.047573
53,52,0.089655
53,53,0.000000
53,54,0.026104
53,55,0.005663
53,56,0.072916
53,57,0.054293
53,58,0.061335
53,59,0.052879
53,60,0.047407
53,61,0.038438
53,62,0.030528
53,63,0.023581
53,64,0.029485
53,65,0.028942
53,66,0.055657
53,67,0.065268
53,68,0.049715
53,69,0.064393
53,70,0.030610
53,71,0.045947
53,72,0.007661
53,73,0.031910
53,74,0.036696
53,75,0.050710
53,76,0.059314
53,77,0.055282
53,78,0.022686
53,79,0.033431
53,80,0.056804
53,81,0.044695
53,82,0.050866
53,83,0.085897
53,84,0.055213
53,85,0.049666
53,86,0.026792
53,87,0.038807
53,88,0.003139
53,89,0.037517
53,90,0.040013
53,91,0.004760
53,92,0.054566
53,93,0.149802
53,94,0.085014
53,95,0.163473
53,96,0.098207
53,97,0.014268
53,98,0.002103
53,99,0.024187
53,100,0.007728
53,101,0.089740
53,102,0.119820
53,103,0.065616
53,104,0.135842
53,105,0.077113
53,106,0.084966
53,107,0.028788
53,108,0.054640
53,109,0.024157
53,110,0.015201
53,111,0.013435
53,112,0.008488
53,113,0.031449
53,114,0.005547
53,115,0.031920
53,116,0.001619
53,117,0.016666
53,118,0.056426
53,119,0.047383
53,120,0.053461
53,121,0.059319
53,122,0.055149
53,123,0.008317
53,124,0.021851
53,125,0.019101
53,126,0.026156
53,127,0.023076
53,128,0.036741
53,129,0.044030
53,130,0.025080
53,131,0.017596
53,132,0.028470
53,133,0.010570
53,134,0.039460
53,135,0.058370
53,136,0.048820
53,137,0.014366
53,138,0.060298
53,139,0.066063
53,140,0.001074
53,141,0.008397
53,142,0.022583
53,143,0.017374
53,144,0.036605
53,145,0.058373
53,146,0.014494
53,147,0.006031
53,148,0.025490
53,149,0.003091
53,150,0.015085
53,151,0.049565
53,152,0.011687
53,153,0.041661
53,154,0.037138
53,155,0.034371
53,156,0.009670
53,157,0.029927
53,158,0.003987
53,159,0.102696
53,160,0.045570
53,161,0.003189
53,162,0.050421
53,163,0.038300
53,164,0.046147
53,165,0.052705
53,166,0.073444
53,167,0.063201
53,168,0.044005
53,169,0.015511
53,170,0.001146
53,171,0.073558
53,172,0.092827
53,173,0.050778
53,174,0.058884
53,175,0.030776
53,176,0.044389
53,177,0.033237
53,178,0.027614
53,179,0.011066
53,180,0.004650
53,181,0.048097
53,182,0.040692
53,183,0.018325
53,184,0.022831
53,185,0.006637
53,186,0.014656
53,187,0.011663
53,188,0.024027
53,189,0.025787
53,190,0.106525
53,191,0.136682
53,192,0.160076
53,193,0.133244
54,1,0.036861
54,2,0.053092
54,3,0.094961
54,4,0.101332
54,5,0.044574
54,6,0.039385
54,7,0.071760
54,8,0.022408
54,9,0.107115
54,10,0.024692
54,11,0.011465
54,12,0.008774
54,13,0.087847
54,14,0.146858
54,15,0.142708
54,16,0.151217
54,17,0.001339
54,18,0.020377
54,19,0.052115
54,20,0.017985
54,21,0.026480
54,22,0.046326
54,23,0.008113
54,24,0.015741
54,25,0.052441
54,26,0.077017
54,27,0.072253
54,28,0.000623
54,29,0.014035
54,30,0.015323
54,31,0.004511
54,32,0.018971
54,33,0.035597
54,34,0.046932
54,35,0.030557
54,36,0.051730
54,37,0.053291
54,38,0.071919
54,39,0.074053
54,40,0.113908
54,41,0.019233
54,42,0.005379
54,43,0.054109
54,44,0.051698
54,45,0.007856
54,46,0.012891
54,47,0.061407
54,48,0.066063
54,49,0.103062
54,50,0.043920
54,51,0.068673
54,52,0.038620
54,53,0.026104
54,54,0.000000
54,55,0.063170
54,56,0.010845
54,57,0.083451
54,58,0.027527
54,59,0.060169
54,60,0.027784
54,61,0.024477
54,62,0.019539
54,63,0.010012
54,64,0.050511
54,65,0.064489
54,66,0.055629
54,67,0.023203
54,68,0.049748
54,69,0.013362
54,70,0.022393
54,71,0.017149
54,72,0.024227
54,73,0.027918
54,74,0.051282
54,75,0.031763
54,76,0.021151
54,77,0.004971
54,78,0.009369
54,79,0.016633
54,80,0.000304
54,81,0.039720
54,82,0.017504
54,83,0.021247
54,84,0.002089
54,85,0.037507
54,86,0.037353
54,87,0.038092
54,88,0.101266
54,89,0.089451
54,90,0.044052
54,91,0.088103
54,92,0.112269
54,93,0.102208
54,94,0.098448
54,95,0.087319
54,96,0.015323
54,97,0.030022
54,98,0.028588
54,99,0.013934
54,100,0.002959
54,101,0.020268
54,102,0.083097
54,103,0.068859
54,104,0.018852
54,105,0.073373
54,106,0.029286
54,107,0.021204
54,108,0.016456
54,109,0.034056
54,110,0.045587
54,111,0.052961
54,112,0.060810
54,113,0.095759
54,114,0.005123
54,115,0.057280
54,116,0.074781
54,117,0.089647
54,118,0.053118
54,119,0.005619
54,120,0.001225
54,121,0.040138
54,122,0.009256
54,123,0.004743
54,124,0.027064
54,125,0.052446
54,126,0.107950
54,127,0.112236
54,128,0.028656
54,129,0.029618
54,130,0.007057
54,131,0.040519
54,132,0.035875
54,133,0.006945
54,134,0.007381
54,135,0.051441
54,136,0.032219
54,137,0.029433
54,138,0.039242
54,139,0.047935
54,140,0.009742
54,141,0.029627
54,142,0.076916
54,143,0.077172
54,144,0.047420
54,145,0.050567
54,146,0.044379
54,147,0.064260
54,148,0.052008
54,149,0.024224
54,150,0.019437
54,151,0.004471
54,152,0.025477
54,153,0.037925
54,154,0.039882
54,155,0.061023
54,156,0.078938
54,157,0.054397
54,158,0.028138
54,159,0.004603
54,160,0.008931
54,161,0.097670
54,162,0.024170
54,163,0.001218
54,164,0.018656
54,165,0.023213
54,166,0.041461
54,167,0.024493
54,168,0.052702
54,169,0.008038
54,170,0.025291
54,171,0.080662
54,172,0.039013
54,173,0.038455
54,174,0.049791
54,175,0.056943
54,176,0.052728
54,177,0.007233
54,178,0.029208
54,179,0.018509
54,180,0.001532
54,181,0.008123
54,182,0.026297
54,183,0.012171
54,184,0.019619
54,185,0.001837
54,186,0.021914
54,187,0.002316
54,188,0.014081
54,189,0.049033
54,190,0.064988
54,191,0.094771
54,192,0.130122
54,193,0.119474
55,1,0.023992
55,2,0.068448
55,3,0.115077
55,4,0.100228
55,5,0.027628
55,6,0.033886
55,7,0.047832
55,8,0.024735
55,9,0.074554
55,10,0.010102
55,11,0.018842
55,12,0.035803
55,13,0.081141
55,14,0.049331
55,15,0.028322
55,16,0.045915
55,17,0.027644
55,18,0.017461
55,19,0.072871
55,20,0.026140
55,21,0.000288
55,22,0.025554
55,23,0.005213
55,24,0.027270
55,25,0.067132
55,26,0.097739
55,27,0.119480
55,28,0.053524
55,29,0.039227
55,30,0.052082
55,31,0.038716
55,32,0.022087
55,33,0.074609
55,34,0.070723
55,35,0.038729
55,36,0.060139
55,37,0.053682
55,38,0.067300
55,39,0.058026
55,40,0.153413
55,41,0.068641
55,42,0.028864
55,43,0.003565
55,44,0.011823
55,45,0.101788
55,46,0.030211
55,47,0.051215
55,48,0.060825
55,49,0.105953
55,50,0.021641
55,51,0.025960
55,52,0.036167
55,53,0.005663
55,54,0.063170
55,55,0.000000
55,56,0.045246
55,57,0.124956
55,58,0.101363
55,59,0.126276
55,60,0.088009
55,61,0.093661
55,62,0.046459
55,63,0.026534
55,64,0.074112
55,65,0.098778
55,66,0.093999
55,67,0.062161
55,68,0.088226
55,69,0.013696
55,70,0.033673
55,71,0.027555
55,72,0.023659
55,73,0.058217
55,74,0.031345
55,75,0.001470
55,76,0.029978
55,77,0.013356
55,78,0.010529
55,79,0.020865
55,80,0.033058
55,81,0.065404
55,82,0.042452
55,83,0.024821
55,84,0.022942
55,85,0.027410
55,86,0.046826
55,87,0.049082
55,88,0.090022
55,89,0.084406
55,90,0.043829
55,91,0.054481
55,92,0.048586
55,93,0.065460
55,94,0.072686
55,95,0.070250
55,96,0.000057
55,97,0.043314
55,98,0.056273
55,99,0.018011
55,100,0.032629
55,101,0.017076
55,102,0.094568
55,103,0.076419
55,104,0.027356
55,105,0.069217
55,106,0.034381
55,107,0.066018
55,108,0.025100
55,109,0.058170
55,110,0.105075
55,111,0.122977
55,112,0.142905
55,113,0.130274
55,114,0.036480
55,115,0.062976
55,116,0.076336
55,117,0.097585
55,118,0.087194
55,119,0.047867
55,120,0.037906
55,121,0.020944
55,122,0.018328
55,123,0.019200
55,124,0.020887
55,125,0.044228
55,126,0.102115
55,127,0.113561
55,128,0.039504
55,129,0.020070
55,130,0.011200
55,131,0.008744
55,132,0.003591
55,133,0.029795
55,134,0.014185
55,135,0.050944
55,136,0.038844
55,137,0.040372
55,138,0.058527
55,139,0.064372
55,140,0.014896
55,141,0.022177
55,142,0.101090
55,143,0.065711
55,144,0.037569
55,145,0.049209
55,146,0.032816
55,147,0.033634
55,148,0.044375
55,149,0.031680
55,150,0.042272
55,151,0.055101
55,152,0.057156
55,153,0.030246
55,154,0.030856
55,155,0.006486
55,156,0.038521
55,157,0.008911
55,158,0.005668
55,159,0.021852
55,160,0.021876
55,161,0.076207
55,162,0.013869
55,163,0.005876
55,164,0.027549
55,165,0.018231
55,166,0.003679
55,167,0.009390
55,168,0.036286
55,169,0.004862
55,170,0.069643
55,171,0.136257
55,172,0.048833
55,173,0.046841
55,174,0.043661
55,175,0.080901
55,176,0.060511
55,177,0.018007
55,178,0.040637
55,179,0.027718
55,180,0.005144
55,181,0.001021
55,182,0.036283
55,183,0.018447
55,184,0.004179
55,185,0.049203
55,186,0.026332
55,187,0.036418
55,188,0.061196
55,189,0.071631
55,190,0.033044
55,191,0.111657
55,192,0.158803
55,193,0.164176
56,1,0.050669
56,2,0.093532
56,3,0.107090
56,4,0.068450
56,5,0.007217
56,6,0.014007
56,7,0.003357
56,8,0.122814
56,9,0.010979
56,10,0.008785
56,11,0.016217
56,12,0.027713
56,13,0.032408
56,14,0.001159
56,15,0.039518
56,16,0.002438
56,17,0.039009
56,18,0.046635
56,19,0.122908
56,20,0.079746
56,21,0.035452
56,22,0.049075
56,23,0.025547
56,24,0.043722
56,25,0.084838
56,26,0.082163
56,27,0.110256
56,28,0.083196
56,29,0.100047
56,30,0.076661
56,31,0.094619
56,32,0.086328
56,33,0.099336
56,34,0.080340
56,35,0.037967
56,36,0.030813
56,37,0.009861
56,38,0.030942
56,39,0.007375
56,40,0.136637
56,41,0.091523
56,42,0.053162
56,43,0.010646
56,44,0.058876
56,45,0.085134
56,46,0.009137
56,47,0.014309
56,48,0.054108
56,49,0.174217
56,50,0.079160
56,51,0.045456
56,52,0.031087
56,53,0.072916
56,54,0.010845
56,55,0.045246
56,56,0.000000
56,57,0.143450
56,58,0.126101
56,59,0.165992
56,60,0.131265
56,61,0.111516
56,62,0.071040
56,63,0.023086
56,64,0.084442
56,65,0.086198
56,66,0.122994
56,67,0.082337
56,68,0.107794
56,69,0.031950
56,70,0.009188
56,71,0.046951
56,72,0.037396
56,73,0.055695
56,74,0.002690
56,75,0.040207
56,76,0.068922
56,77,0.057396
56,78,0.074560
56,79,0.104088
56,80,0.091485
56,81,0.111371
56,82,0.068010
56,83,0.023645
56,84,0.036955
56,85,0.017529
56,86,0.048207
56,87,0.049343
56,88,0.114138
56,89,0.129339
56,90,0.095881
56,91,0.027994
56,92,0.007364
56,93,0.009921
56,94,0.039672
56,95,0.040470
56,96,0.028419
56,97,0.002951
56,98,0.008653
56,99,0.058181
56,100,0.025261
56,101,0.127650
56,102,0.181113
56,103,0.169714
56,104,0.059258
56,105,0.043890
56,106,0.040519
56,107,0.098809
56,108,0.028498
56,109,0.034076
56,110,0.064965
56,111,0.112006
56,112,0.142522
56,113,0.204119
56,114,0.051354
56,115,0.090437
56,116,0.063002
56,117,0.076975
56,118,0.108066
56,119,0.092238
56,120,0.117303
56,121,0.043255
56,122,0.013738
56,123,0.042149
56,124,0.044349
56,125,0.022044
56,126,0.083750
56,127,0.099197
56,128,0.022340
56,129,0.027807
56,130,0.035672
56,131,0.065942
56,132,0.045976
56,133,0.083533
56,134,0.075577
56,135,0.002569
56,136,0.007636
56,137,0.024160
56,138,0.071084
56,139,0.082513
56,140,0.007856
56,141,0.021321
56,142,0.049723
56,143,0.027361
56,144,0.000617
56,145,0.000913
56,146,0.001725
56,147,0.051404
56,148,0.066417
56,149,0.023986
56,150,0.021954
56,151,0.004119
56,152,0.032026
56,153,0.008792
56,154,0.013678
56,155,0.010437
56,156,0.018442
56,157,0.002891
56,158,0.017699
56,159,0.000018
56,160,0.003256
56,161,0.093587
56,162,0.036469
56,163,0.009861
56,164,0.030653
56,165,0.031917
56,166,0.026787
56,167,0.026629
56,168,0.065665
56,169,0.025184
56,170,0.103152
56,171,0.142546
56,172,0.048177
56,173,0.038005
56,174,0.029507
56,175,0.056733
56,176,0.056533
56,177,0.006676
56,178,0.026606
56,179,0.020644
56,180,0.015222
56,181,0.037065
56,182,0.056938
56,183,0.035913
56,184,0.001924
56,185,0.061491
56,186,0.036185
56,187,0.046457
56,188,0.077082
56,189,0.068839
56,190,0.050919
56,191,0.145476
56,192,0.204689
56,193,0.215786
57,1,0.082622
57,2,0.137698
57,3,0.135597
57,4,0.084372
57,5,0.029725
57,6,0.099440
57,7,0.088257
57,8,0.165222
57,9,0.031366
57,10,0.030020
57,11,0.068356
57,12,0.092293
57,13,0.088627
57,14,0.047507
57,15,0.005965
57,16,0.028431
57,17,0.018190
57,18,0.024614
57,19,0.003851
57,20,0.022844
57,21,0.022044
57,22,0.098315
57,23,0.037429
57,24,0.008333
57,25,0.192792
57,26,0.176377
57,27,0.172675
57,28,0.157011
57,29,0.179386
57,30,0.111897
57,31,0.137125
57,32,0.100135
57,33,0.131221
57,34,0.103375
57,35,0.081286
57,36,0.075842
57,37,0.083629
57,38,0.098577
57,39,0.076600
57,40,0.141567
57,41,0.099869
57,42,0.055310
57,43,0.022744
57,44,0.009544
57,45,0.085751
57,46,0.041192
57,47,0.015778
57,48,0.012446
57,49,0.118235
57,50,0.056588
57,51,0.026104
57,52,0.015991
57,53,0.054293
57,54,0.083451
57,55,0.124956
57,56,0.143450
57,57,0.000000
57,58,0.058465
57,59,0.080620
57,60,0.058857
57,61,0.047168
57,62,0.053090
57,63,0.009807
57,64,0.060789
57,65,0.100380
57,66,0.125879
57,67,0.084964
57,68,0.102148
57,69,0.044862
57,70,0.054742
57,71,0.016570
57,72,0.005987
57,73,0.035853
57,74,0.029579
57,75,0.069881
57,76,0.062895
57,77,0.084572
57,78,0.117837
57,79,0.121261
57,80,0.146796
57,81,0.154095
57,82,0.121608
57,83,0.035046
57,84,0.022745
57,85,0.061450
57,86,0.110173
57,87,0.163874
57,88,0.172718
57,89,0.168178
57,90,0.155796
57,91,0.112775
57,92,0.061870
57,93,0.040672
57,94,0.032483
57,95,0.017655
57,96,0.109297
57,97,0.089699
57,98,0.096387
57,99,0.066380
57,100,0.130790
57,101,0.205677
57,102,0.240008
57,103,0.227947
57,104,0.064260
57,105,0.067728
57,106,0.064549
57,107,0.085216
57,108,0.072508
57,109,0.052210
57,110,0.022465
57,111,0.053687
57,112,0.095898
57,113,0.182822
57,114,0.088487
57,115,0.128486
57,116,0.109697
57,117,0.094795
57,118,0.125816
57,119,0.117395
57,120,0.114784
57,121,0.048974
57,122,0.031183
57,123,0.168280
57,124,0.176282
57,125,0.068912
57,126,0.124549
57,127,0.138587
57,128,0.074191
57,129,0.091365
57,130,0.044898
57,131,0.002408
57,132,0.027789
57,133,0.044292
57,134,0.006449
57,135,0.077269
57,136,0.083504
57,137,0.098854
57,138,0.132439
57,139,0.113652
57,140,0.033018
57,141,0.057242
57,142,0.060705
57,143,0.029475
57,144,0.014655
57,145,0.027870
57,146,0.020908
57,147,0.059374
57,148,0.067026
57,149,0.029847
57,150,0.019604
57,151,0.058456
57,152,0.085136
57,153,0.053615
57,154,0.060631
57,155,0.029891
57,156,0.004073
57,157,0.021440
57,158,0.001065
57,159,0.015178
57,160,0.057288
57,161,0.080230
57,162,0.007263
57,163,0.004288
57,164,0.038557
57,165,0.030012
57,166,0.060626
57,167,0.067419
57,168,0.019845
57,169,0.007981
57,170,0.058268
57,171,0.148722
57,172,0.041325
57,173,0.047200
57,174,0.041461
57,175,0.072986
57,176,0.067562
57,177,0.007250
57,178,0.009412
57,179,0.006707
57,180,0.019049
57,181,0.038569
57,182,0.050196
57,183,0.053831
57,184,0.006592
57,185,0.084474
57,186,0.051905
57,187,0.070886
57,188,0.086287
57,189,0.048463
57,190,0.001911
57,191,0.071893
57,192,0.117360
57,193,0.138233
58,1,0.072892
58,2,0.151597
58,3,0.130399
58,4,0.050269
58,5,0.026201
58,6,0.021350
58,7,0.072330
58,8,0.164993
58,9,0.071507
58,10,0.011457
58,11,0.023196
58,12,0.093697
58,13,0.026443
58,14,0.013331
58,15,0.023904
58,16,0.027529
58,17,0.042788
58,18,0.045457
58,19,0.052810
58,20,0.060227
58,21,0.077069
58,22,0.041838
58,23,0.028242
58,24,0.006753
58,25,0.147255
58,26,0.139587
58,27,0.154556
58,28,0.120409
58,29,0.121595
58,30,0.016745
58,31,0.071280
58,32,0.031646
58,33,0.098887
58,34,0.065418
58,35,0.039653
58,36,0.005994
58,37,0.018521
58,38,0.060314
58,39,0.002263
58,40,0.108149
58,41,0.066017
58,42,0.023360
58,43,0.012159
58,44,0.035920
58,45,0.060170
58,46,0.052693
58,47,0.017943
58,48,0.047573
58,49,0.120537
58,50,0.055680
58,51,0.044523
58,52,0.035898
58,53,0.061335
58,54,0.027527
58,55,0.101363
58,56,0.126101
58,57,0.058465
58,58,0.000000
58,59,0.004165
58,60,0.040968
58,61,0.013342
58,62,0.010973
58,63,0.011502
58,64,0.015418
58,65,0.010836
58,66,0.066601
58,67,0.027044
58,68,0.065690
58,69,0.036393
58,70,0.010988
58,71,0.011717
58,72,0.008400
58,73,0.012258
58,74,0.055271
58,75,0.078772
58,76,0.064356
58,77,0.083591
58,78,0.099776
58,79,0.126670
58,80,0.132814
58,81,0.149764
58,82,0.139893
58,83,0.055473
58,84,0.017935
58,85,0.029467
58,86,0.078177
58,87,0.113472
58,88,0.109874
58,89,0.096957
58,90,0.088946
58,91,0.029761
58,92,0.054452
58,93,0.100987
58,94,0.054861
58,95,0.030131
58,96,0.053820
58,97,0.015482
58,98,0.023172
58,99,0.018349
58,100,0.068412
58,101,0.267203
58,102,0.199626
58,103,0.228291
58,104,0.135414
58,105,0.059149
58,106,0.066262
58,107,0.065519
58,108,0.039117
58,109,0.052096
58,110,0.012114
58,111,0.030348
58,112,0.063469
58,113,0.216924
58,114,0.082122
58,115,0.124731
58,116,0.067376
58,117,0.019060
58,118,0.035681
58,119,0.069786
58,120,0.105252
58,121,0.061060
58,122,0.075313
58,123,0.133893
58,124,0.094120
58,125,0.041343
58,126,0.049221
58,127,0.037243
58,128,0.022097
58,129,0.056659
58,130,0.001246
58,131,0.064762
58,132,0.020977
58,133,0.087440
58,134,0.051839
58,135,0.037354
58,136,0.042233
58,137,0.061805
58,138,0.092017
58,139,0.073380
58,140,0.036620
58,141,0.038142
58,142,0.065943
58,143,0.087353
58,144,0.096853
58,145,0.029554
58,146,0.012044
58,147,0.051064
58,148,0.083560
58,149,0.057718
58,150,0.045988
58,151,0.023493
58,152,0.020792
58,153,0.025098
58,154,0.050809
58,155,0.025935
58,156,0.024480
58,157,0.036156
58,158,0.008422
58,159,0.036323
58,160,0.068726
58,161,0.055864
58,162,0.033378
58,163,0.072793
58,164,0.044190
58,165,0.044237
58,166,0.020113
58,167,0.033538
58,168,0.058921
58,169,0.015110
58,170,0.041221
58,171,0.125885
58,172,0.055040
58,173,0.015499
58,174,0.005966
58,175,0.044952
58,176,0.009862
58,177,0.022603
58,178,0.041274
58,179,0.028315
58,180,0.007331
58,181,0.025545
58,182,0.015120
58,183,0.019069
58,184,0.008520
58,185,0.034359
58,186,0.005015
58,187,0.043784
58,188,0.059290
58,189,0.028350
58,190,0.096233
58,191,0.136567
58,192,0.176054
58,193,0.211120
59,1,0.094715
59,2,0.179024
59,3,0.144140
59,4,0.050178
59,5,0.024127
59,6,0.070419
59,7,0.105556
59,8,0.227524
59,9,0.124789
59,10,0.050560
59,11,0.095703
59,12,0.150752
59,13,0.078248
59,14,0.045673
59,15,0.013155
59,16,0.044968
59,17,0.036986
59,18,0.046012
59,19,0.058070
59,20,0.051308
59,21,0.004464
59,22,0.091122
59,23,0.072811
59,24,0.033009
59,25,0.216652
59,26,0.214046
59,27,0.207497
59,28,0.174680
59,29,0.186374
59,30,0.080056
59,31,0.143950
59,32,0.086620
59,33,0.134014
59,34,0.115342
59,35,0.070614
59,36,0.038595
59,37,0.050317
59,38,0.076157
59,39,0.047836
59,40,0.162008
59,41,0.108293
59,42,0.056234
59,43,0.033595
59,44,0.013325
59,45,0.083702
59,46,0.056550
59,47,0.040514
59,48,0.051366
59,49,0.053458
59,50,0.007429
59,51,0.022693
59,52,0.042694
59,53,0.052879
59,54,0.060169
59,55,0.126276
59,56,0.165992
59,57,0.080620
59,58,0.004165
59,59,0.000000
59,60,0.053468
59,61,0.042422
59,62,0.040538
59,63,0.023980
59,64,0.040463
59,65,0.046169
59,66,0.113028
59,67,0.080744
59,68,0.110085
59,69,0.068421
59,70,0.046282
59,71,0.005180
59,72,0.017857
59,73,0.003407
59,74,0.069523
59,75,0.075456
59,76,0.068811
59,77,0.113067
59,78,0.107041
59,79,0.125523
59,80,0.162677
59,81,0.163438
59,82,0.182565
59,83,0.110393
59,84,0.081391
59,85,0.090863
59,86,0.145171
59,87,0.189842
59,88,0.176402
59,89,0.182930
59,90,0.161803
59,91,0.097591
59,92,0.034594
59,93,0.051971
59,94,0.051787
59,95,0.008748
59,96,0.137283
59,97,0.078971
59,98,0.095005
59,99,0.048187
59,100,0.120822
59,101,0.295769
59,102,0.261138
59,103,0.278227
59,104,0.136140
59,105,0.051430
59,106,0.124217
59,107,0.056998
59,108,0.081570
59,109,0.076410
59,110,0.010671
59,111,0.001190
59,112,0.028072
59,113,0.222925
59,114,0.128917
59,115,0.149515
59,116,0.091755
59,117,0.076318
59,118,0.089177
59,119,0.130136
59,120,0.125192
59,121,0.068960
59,122,0.077929
59,123,0.181818
59,124,0.166642
59,125,0.005535
59,126,0.003639
59,127,0.005133
59,128,0.049225
59,129,0.097225
59,130,0.068501
59,131,0.004067
59,132,0.029714
59,133,0.020108
59,134,0.016963
59,135,0.094584
59,136,0.094867
59,137,0.091796
59,138,0.128630
59,139,0.101719
59,140,0.026826
59,141,0.024128
59,142,0.023100
59,143,0.049449
59,144,0.048327
59,145,0.023534
59,146,0.032610
59,147,0.075544
59,148,0.115401
59,149,0.075048
59,150,0.063814
59,151,0.044924
59,152,0.034263
59,153,0.045059
59,154,0.060727
59,155,0.032352
59,156,0.024160
59,157,0.041810
59,158,0.002232
59,159,0.013358
59,160,0.062334
59,161,0.066504
59,162,0.032657
59,163,0.075847
59,164,0.043699
59,165,0.022137
59,166,0.043687
59,167,0.088840
59,168,0.023116
59,169,0.009835
59,170,0.044465
59,171,0.135520
59,172,0.044375
59,173,0.015537
59,174,0.004101
59,175,0.060755
59,176,0.040595
59,177,0.015998
59,178,0.017208
59,179,0.010245
59,180,0.005076
59,181,0.046161
59,182,0.043431
59,183,0.032915
59,184,0.016847
59,185,0.075702
59,186,0.056060
59,187,0.067462
59,188,0.062466
59,189,0.000847
59,190,0.009172
59,191,0.051497
59,192,0.093098
59,193,0.123818
60,1,0.107721
60,2,0.146836
60,3,0.119225
60,4,0.066378
60,5,0.035016
60,6,0.051404
60,7,0.066482
60,8,0.187706
60,9,0.111038
60,10,0.062657
60,11,0.109701
60,12,0.137546
60,13,0.116676
60,14,0.084410
60,15,0.046726
60,16,0.066042
60,17,0.060403
60,18,0.057512
60,19,0.104775
60,20,0.065066
60,21,0.060952
60,22,0.107745
60,23,0.049719
60,24,0.020353
60,25,0.142899
60,26,0.168314
60,27,0.124184
60,28,0.132961
60,29,0.149904
60,30,0.063487
60,31,0.073265
60,32,0.038199
60,33,0.091549
60,34,0.042178
60,35,0.019323
60,36,0.043407
60,37,0.008432
60,38,0.014204
60,39,0.015164
60,40,0.107334
60,41,0.092395
60,42,0.047631
60,43,0.034230
60,44,0.018446
60,45,0.064732
60,46,0.026724
60,47,0.065901
60,48,0.063899
60,49,0.018062
60,50,0.022304
60,51,0.046988
60,52,0.074972
60,53,0.047407
60,54,0.027784
60,55,0.088009
60,56,0.131265
60,57,0.058857
60,58,0.040968
60,59,0.053468
60,60,0.000000
60,61,0.009231
60,62,0.004327
60,63,0.026129
60,64,0.022778
60,65,0.054066
60,66,0.143967
60,67,0.061863
60,68,0.090931
60,69,0.058689
60,70,0.023274
60,71,0.001093
60,72,0.021822
60,73,0.000511
60,74,0.027923
60,75,0.034241
60,76,0.038846
60,77,0.070175
60,78,0.089667
60,79,0.083669
60,80,0.079004
60,81,0.116031
60,82,0.115934
60,83,0.088600
60,84,0.083963
60,85,0.054732
60,86,0.077672
60,87,0.129823
60,88,0.116965
60,89,0.136211
60,90,0.102294
60,91,0.052171
60,92,0.053766
60,93,0.027884
60,94,0.050078
60,95,0.007619
60,96,0.097622
60,97,0.029142
60,98,0.053724
60,99,0.072058
60,100,0.091632
60,101,0.208663
60,102,0.157582
60,103,0.177254
60,104,0.086352
60,105,0.035455
60,106,0.122532
60,107,0.014272
60,108,0.001538
60,109,0.043220
60,110,0.004463
60,111,0.043084
60,112,0.022488
60,113,0.117052
60,114,0.057475
60,115,0.088555
60,116,0.062841
60,117,0.045875
60,118,0.054097
60,119,0.069053
60,120,0.034756
60,121,0.016280
60,122,0.018603
60,123,0.105555
60,124,0.091135
60,125,0.015475
60,126,0.001247
60,127,0.004826
60,128,0.046386
60,129,0.060139
60,130,0.037381
60,131,0.008637
60,132,0.003650
60,133,0.022505
60,134,0.020085
60,135,0.063293
60,136,0.042713
60,137,0.073593
60,138,0.094633
60,139,0.077203
60,140,0.008396
60,141,0.010977
60,142,0.037841
60,143,0.004056
60,144,0.004703
60,145,0.012558
60,146,0.031993
60,147,0.038232
60,148,0.083217
60,149,0.049505
60,150,0.052089
60,151,0.031249
60,152,0.031550
60,153,0.033955
60,154,0.036198
60,155,0.017977
60,156,0.013530
60,157,0.026745
60,158,0.022495
60,159,0.003670
60,160,0.041224
60,161,0.039687
60,162,0.013906
60,163,0.079944
60,164,0.050211
60,165,0.014409
60,166,0.065744
60,167,0.121357
60,168,0.006754
60,169,0.031118
60,170,0.034123
60,171,0.104056
60,172,0.038224
60,173,0.038098
60,174,0.013556
60,175,0.047539
60,176,0.057237
60,177,0.011317
60,178,0.010379
60,179,0.023040
60,180,0.034922
60,181,0.033484
60,182,0.055865
60,183,0.030014
60,184,0.032794
60,185,0.077570
60,186,0.069050
60,187,0.063181
60,188,0.098136
60,189,0.072010
60,190,0.026729
60,191,0.006799
60,192,0.030373
60,193,0.058602
61,1,0.090121
61,2,0.119252
61,3,0.103154
61,4,0.062194
61,5,0.001240
61,6,0.030481
61,7,0.024368
61,8,0.071278
61,9,0.011478
61,10,0.015539
61,11,0.029932
61,12,0.065275
61,13,0.076531
61,14,0.038440
61,15,0.036712
61,16,0.018550
61,17,0.140880
61,18,0.019345
61,19,0.012802
61,20,0.033351
61,21,0.013911
61,22,0.035963
61,23,0.000783
61,24,0.035787
61,25,0.132604
61,26,0.162569
61,27,0.119892
61,28,0.101142
61,29,0.114852
61,30,0.039867
61,31,0.047842
61,32,0.002523
61,33,0.115493
61,34,0.042025
61,35,0.013602
61,36,0.027683
61,37,0.032257
61,38,0.025202
61,39,0.003928
61,40,0.099439
61,41,0.031148
61,42,0.011499
61,43,0.039523
61,44,0.040517
61,45,0.082172
61,46,0.010933
61,47,0.005480
61,48,0.039576
61,49,0.090997
61,50,0.028108
61,51,0.059622
61,52,0.082072
61,53,0.038438
61,54,0.024477
61,55,0.093661
61,56,0.111516
61,57,0.047168
61,58,0.013342
61,59,0.042422
61,60,0.009231
61,61,0.000000
61,62,0.070881
61,63,0.058112
61,64,0.014432
61,65,0.079168
61,66,0.214439
61,67,0.085726
61,68,0.087555
61,69,0.053338
61,70,0.000950
61,71,0.029953
61,72,0.024783
61,73,0.062753
61,74,0.017008
61,75,0.017237
61,76,0.001171
61,77,0.010823
61,78,0.050200
61,79,0.060272
61,80,0.034068
61,81,0.061519
61,82,0.064919
61,83,0.009827
61,84,0.022432
61,85,0.011587
61,86,0.097584
61,87,0.113243
61,88,0.096629
61,89,0.078036
61,90,0.065707
61,91,0.029463
61,92,0.009889
61,93,0.088860
61,94,0.102079
61,95,0.039881
61,96,0.055002
61,97,0.018637
61,98,0.013959
61,99,0.012837
61,100,0.011536
61,101,0.135507
61,102,0.089471
61,103,0.127926
61,104,0.128573
61,105,0.005193
61,106,0.049288
61,107,0.091673
61,108,0.024782
61,109,0.013745
61,110,0.013385
61,111,0.011685
61,112,0.041268
61,113,0.099338
61,114,0.058399
61,115,0.098814
61,116,0.049508
61,117,0.025892
61,118,0.034727
61,119,0.022830
61,120,0.052666
61,121,0.030802
61,122,0.011277
61,123,0.067498
61,124,0.069463
61,125,0.028916
61,126,0.022338
61,127,0.032616
61,128,0.027409
61,129,0.035757
61,130,0.013748
61,131,0.003940
61,132,0.015309
61,133,0.062151
61,134,0.028098
61,135,0.034957
61,136,0.049898
61,137,0.071365
61,138,0.096150
61,139,0.139597
61,140,0.017883
61,141,0.039011
61,142,0.103667
61,143,0.044576
61,144,0.024699
61,145,0.014961
61,146,0.012452
61,147,0.046403
61,148,0.021266
61,149,0.021297
61,150,0.005147
61,151,0.054788
61,152,0.069968
61,153,0.088833
61,154,0.093239
61,155,0.037886
61,156,0.042734
61,157,0.053925
61,158,0.017778
61,159,0.056825
61,160,0.069236
61,161,0.049663
61,162,0.022929
61,163,0.029850
61,164,0.004213
61,165,0.011559
61,166,0.027590
61,167,0.055288
61,168,0.031723
61,169,0.050101
61,170,0.047465
61,171,0.117424
61,172,0.015339
61,173,0.010441
61,174,0.010336
61,175,0.053430
61,176,0.066385
61,177,0.014330
61,178,0.016594
61,179,0.012314
61,180,0.003168
61,181,0.014133
61,182,0.010472
61,183,0.004571
61,184,0.010104
61,185,0.056771
61,186,0.018060
61,187,0.069843
61,188,0.139554
61,189,0.092557
61,190,0.027726
61,191,0.054874
61,192,0.106675
61,193,0.148718
62,1,0.027172
62,2,0.054539
62,3,0.050770
62,4,0.021592
62,5,0.013748
62,6,0.021503
62,7,0.024187
62,8,0.000380
62,9,0.046379
62,10,0.034888
62,11,0.007310
62,12,0.034384
62,13,0.062946
62,14,0.015415
62,15,0.002891
62,16,0.014019
62,17,0.107036
62,18,0.008857
62,19,0.016067
62,20,0.035632
62,21,0.035265
62,22,0.069867
62,23,0.002116
62,24,0.037356
62,25,0.100296
62,26,0.118289
62,27,0.093942
62,28,0.061757
62,29,0.064749
62,30,0.006804
62,31,0.012432
62,32,0.037337
62,33,0.089196
62,34,0.038266
62,35,0.008932
62,36,0.005216
62,37,0.031843
62,38,0.029914
62,39,0.013518
62,40,0.075488
62,41,0.011697
62,42,0.024717
62,43,0.046398
62,44,0.042734
62,45,0.095441
62,46,0.059233
62,47,0.021171
62,48,0.027459
62,49,0.084906
62,50,0.010978
62,51,0.023838
62,52,0.053563
62,53,0.030528
62,54,0.019539
62,55,0.046459
62,56,0.071040
62,57,0.053090
62,58,0.010973
62,59,0.040538
62,60,0.004327
62,61,0.070881
62,62,0.000000
62,63,0.003543
62,64,0.016164
62,65,0.101864
62,66,0.230093
62,67,0.094015
62,68,0.088772
62,69,0.037898
62,70,0.019476
62,71,0.007795
62,72,0.019411
62,73,0.080016
62,74,0.027945
62,75,0.002303
62,76,0.032816
62,77,0.037468
62,78,0.003308
62,79,0.000110
62,80,0.000539
62,81,0.026707
62,82,0.034001
62,83,0.008263
62,84,0.005929
62,85,0.001526
62,86,0.081000
62,87,0.091301
62,88,0.065000
62,89,0.036225
62,90,0.010137
62,91,0.002487
62,92,0.002851
62,93,0.067955
62,94,0.087367
62,95,0.046116
62,96,0.036898
62,97,0.045444
62,98,0.026677
62,99,0.017150
62,100,0.021289
62,101,0.078312
62,102,0.018373
62,103,0.043055
62,104,0.084733
62,105,0.025665
62,106,0.052543
62,107,0.045167
62,108,0.019010
62,109,0.023444
62,110,0.041021
62,111,0.053529
62,112,0.062099
62,113,0.071049
62,114,0.011251
62,115,0.041077
62,116,0.004428
62,117,0.015744
62,118,0.004751
62,119,0.025947
62,120,0.016619
62,121,0.016649
62,122,0.014838
62,123,0.003646
62,124,0.002025
62,125,0.054615
62,126,0.021499
62,127,0.030461
62,128,0.009875
62,129,0.006282
62,130,0.022337
62,131,0.000791
62,132,0.010876
62,133,0.032991
62,134,0.014191
62,135,0.052633
62,136,0.053462
62,137,0.087228
62,138,0.095363
62,139,0.110691
62,140,0.059588
62,141,0.085460
62,142,0.100772
62,143,0.065072
62,144,0.054294
62,145,0.035514
62,146,0.009568
62,147,0.038977
62,148,0.013832
62,149,0.038079
62,150,0.009942
62,151,0.031811
62,152,0.044111
62,153,0.050411
62,154,0.044044
62,155,0.001901
62,156,0.006540
62,157,0.013835
62,158,0.026252
62,159,0.007737
62,160,0.010642
62,161,0.082413
62,162,0.002640
62,163,0.021707
62,164,0.003508
62,165,0.005420
62,166,0.037583
62,167,0.057221
62,168,0.024565
62,169,0.027068
62,170,0.018139
62,171,0.113142
62,172,0.049569
62,173,0.010226
62,174,0.020636
62,175,0.085723
62,176,0.071387
62,177,0.038657
62,178,0.049086
62,179,0.019625
62,180,0.003310
62,181,0.022074
62,182,0.002068
62,183,0.009452
62,184,0.005674
62,185,0.048819
62,186,0.030885
62,187,0.060383
62,188,0.110323
62,189,0.045675
62,190,0.036452
62,191,0.063079
62,192,0.103258
62,193,0.149236
63,1,0.069412
63,2,0.058901
63,3,0.033562
63,4,0.015708
63,5,0.017728
63,6,0.020104
63,7,0.091627
63,8,0.173305
63,9,0.163415
63,10,0.110858
63,11,0.083521
63,12,0.036696
63,13,0.000472
63,14,0.018781
63,15,0.004008
63,16,0.021435
63,17,0.090232
63,18,0.010206
63,19,0.104481
63,20,0.090181
63,21,0.015543
63,22,0.004291
63,23,0.070024
63,24,0.069512
63,25,0.102800
63,26,0.042071
63,27,0.055215
63,28,0.065909
63,29,0.045229
63,30,0.036382
63,31,0.085854
63,32,0.076892
63,33,0.021120
63,34,0.009728
63,35,0.034153
63,36,0.030418
63,37,0.036658
63,38,0.056163
63,39,0.036132
63,40,0.059061
63,41,0.023539
63,42,0.059111
63,43,0.136953
63,44,0.101614
63,45,0.058956
63,46,0.000797
63,47,0.068559
63,48,0.145629
63,49,0.162443
63,50,0.007971
63,51,0.044354
63,52,0.055229
63,53,0.023581
63,54,0.010012
63,55,0.026534
63,56,0.023086
63,57,0.009807
63,58,0.011502
63,59,0.023980
63,60,0.026129
63,61,0.058112
63,62,0.003543
63,63,0.000000
63,64,0.126927
63,65,0.280876
63,66,0.330594
63,67,0.085332
63,68,0.085060
63,69,0.015088
63,70,0.054337
63,71,0.078216
63,72,0.051540
63,73,0.106964
63,74,0.113114
63,75,0.089123
63,76,0.101448
63,77,0.098296
63,78,0.062571
63,79,0.079110
63,80,0.064311
63,81,0.035544
63,82,0.079235
63,83,0.084798
63,84,0.077326
63,85,0.065437
63,86,0.008799
63,87,0.009243
63,88,0.020932
63,89,0.072903
63,90,0.104169
63,91,0.055532
63,92,0.046133
63,93,0.069361
63,94,0.073871
63,95,0.027769
63,96,0.086608
63,97,0.033998
63,98,0.029616
63,99,0.017846
63,100,0.024248
63,101,0.057617
63,102,0.082298
63,103,0.039377
63,104,0.082232
63,105,0.024024
63,106,0.038545
63,107,0.090467
63,108,0.081092
63,109,0.012888
63,110,0.074351
63,111,0.101096
63,112,0.089849
63,113,0.049777
63,114,0.003928
63,115,0.037958
63,116,0.012515
63,117,0.059637
63,118,0.012281
63,119,0.026551
63,120,0.027458
63,121,0.021743
63,122,0.013095
63,123,0.059762
63,124,0.023831
63,125,0.047589
63,126,0.131622
63,127,0.155876
63,128,0.045202
63,129,0.002008
63,130,0.024282
63,131,0.008954
63,132,0.011845
63,133,0.032573
63,134,0.026075
63,135,0.017838
63,136,0.033297
63,137,0.086706
63,138,0.093705
63,139,0.068976
63,140,0.063528
63,141,0.160913
63,142,0.030719
63,143,0.039764
63,144,0.020572
63,145,0.008802
63,146,0.053188
63,147,0.015114
63,148,0.043871
63,149,0.070950
63,150,0.061928
63,151,0.073159
63,152,0.094697
63,153,0.065425
63,154,0.058904
63,155,0.011172
63,156,0.002407
63,157,0.020653
63,158,0.020800
63,159,0.038961
63,160,0.000565
63,161,0.137167
63,162,0.012757
63,163,0.060586
63,164,0.045598
63,165,0.041581
63,166,0.000462
63,167,0.004989
63,168,0.084253
63,169,0.040424
63,170,0.006774
63,171,0.123575
63,172,0.058205
63,173,0.009772
63,174,0.055433
63,175,0.137335
63,176,0.085583
63,177,0.022500
63,178,0.024321
63,179,0.008703
63,180,0.005285
63,181,0.013609
63,182,0.008836
63,183,0.006952
63,184,0.027505
63,185,0.022576
63,186,0.000080
63,187,0.030340
63,188,0.085083
63,189,0.044068
63,190,0.057139
63,191,0.104979
63,192,0.170354
63,193,0.216043
64,1,0.079395
64,2,0.046772
64,3,0.153248
64,4,0.141303
64,5,0.075262
64,6,0.081395
64,7,0.016843
64,8,0.047653
64,9,0.023838
64,10,0.015295
64,11,0.034763
64,12,0.068612
64,13,0.091179
64,14,0.000623
64,15,0.078089
64,16,0.129246
64,17,0.151301
64,18,0.000475
64,19,0.082746
64,20,0.051471
64,21,0.039805
64,22,0.118863
64,23,0.061119
64,24,0.039311
64,25,0.021514
64,26,0.105010
64,27,0.090843
64,28,0.032440
64,29,0.038452
64,30,0.047838
64,31,0.008535
64,32,0.032217
64,33,0.031163
64,34,0.062246
64,35,0.023045
64,36,0.002288
64,37,0.015446
64,38,0.028008
64,39,0.079779
64,40,0.118898
64,41,0.064722
64,42,0.060630
64,43,0.024474
64,44,0.026864
64,45,0.061194
64,46,0.088044
64,47,0.023334
64,48,0.020354
64,49,0.066861
64,50,0.009003
64,51,0.060157
64,52,0.117624
64,53,0.029485
64,54,0.050511
64,55,0.074112
64,56,0.084442
64,57,0.060789
64,58,0.015418
64,59,0.040463
64,60,0.022778
64,61,0.014432
64,62,0.016164
64,63,0.126927
64,64,0.000000
64,65,0.065504
64,66,0.177125
64,67,0.067496
64,68,0.025744
64,69,0.016266
64,70,0.039953
64,71,0.026464
64,72,0.011570
64,73,0.001307
64,74,0.005697
64,75,0.013997
64,76,0.023174
64,77,0.025913
64,78,0.003511
64,79,0.008285
64,80,0.018225
64,81,0.038204
64,82,0.049344
64,83,0.002619
64,84,0.020312
64,85,0.032438
64,86,0.062983
64,87,0.058043
64,88,0.002084
64,89,0.003980
64,90,0.011415
64,91,0.005188
64,92,0.034751
64,93,0.047022
64,94,0.053106
64,95,0.102215
64,96,0.051332
64,97,0.042963
64,98,0.002850
64,99,0.005677
64,100,0.056521
64,101,0.138599
64,102,0.117097
64,103,0.090543
64,104,0.010094
64,105,0.129141
64,106,0.046025
64,107,0.067762
64,108,0.010802
64,109,0.002674
64,110,0.017202
64,111,0.078949
64,112,0.155103
64,113,0.102480
64,114,0.036327
64,115,0.056730
64,116,0.067204
64,117,0.067986
64,118,0.002208
64,119,0.039248
64,120,0.002098
64,121,0.073608
64,122,0.027862
64,123,0.017919
64,124,0.039421
64,125,0.083471
64,126,0.130277
64,127,0.129575
64,128,0.018973
64,129,0.009583
64,130,0.021057
64,131,0.004649
64,132,0.005931
64,133,0.034347
64,134,0.018450
64,135,0.026681
64,136,0.015488
64,137,0.009364
64,138,0.049649
64,139,0.084579
64,140,0.072829
64,141,0.085232
64,142,0.012813
64,143,0.056468
64,144,0.053945
64,145,0.051983
64,146,0.037057
64,147,0.087862
64,148,0.075995
64,149,0.021864
64,150,0.048119
64,151,0.077268
64,152,0.001920
64,153,0.013580
64,154,0.065006
64,155,0.085135
64,156,0.049765
64,157,0.056053
64,158,0.054265
64,159,0.064846
64,160,0.074900
64,161,0.124245
64,162,0.082370
64,163,0.035798
64,164,0.007963
64,165,0.012131
64,166,0.014880
64,167,0.006301
64,168,0.048987
64,169,0.051161
64,170,0.044863
64,171,0.074859
64,172,0.015149
64,173,0.028025
64,174,0.027425
64,175,0.073889
64,176,0.010316
64,177,0.059119
64,178,0.093819
64,179,0.063449
64,180,0.012376
64,181,0.015578
64,182,0.009997
64,183,0.013285
64,184,0.007772
64,185,0.020310
64,186,0.022239
64,187,0.038385
64,188,0.111167
64,189,0.119358
64,190,0.071577
64,191,0.148088
64,192,0.209860
64,193,0.244059
65,1,0.079534
65,2,0.008630
65,3,0.132060
65,4,0.142808
65,5,0.094629
65,6,0.145986
65,7,0.027683
65,8,0.117886
65,9,0.015015
65,10,0.022727
65,11,0.048981
65,12,0.081726
65,13,0.162512
65,14,0.180992
65,15,0.263956
65,16,0.308346
65,17,0.138705
65,18,0.044843
65,19,0.028386
65,20,0.008499
65,21,0.125900
65,22,0.200398
65,23,0.019286
65,24,0.008156
65,25,0.091716
65,26,0.169362
65,27,0.102923
65,28,0.033813
65,29,0.074652
65,30,0.043163
65,31,0.049560
65,32,0.039810
65,33,0.060728
65,34,0.093489
65,35,0.052605
65,36,0.043606
65,37,0.042172
65,38,0.068375
65,39,0.120574
65,40,0.170966
65,41,0.119162
65,42,0.088224
65,43,0.026692
65,44,0.048449
65,45,0.005261
65,46,0.087642
65,47,0.073170
65,48,0.067503
65,49,0.008173
65,50,0.042582
65,51,0.014294
65,52,0.067653
65,53,0.028942
65,54,0.064489
65,55,0.098778
65,56,0.086198
65,57,0.100380
65,58,0.010836
65,59,0.046169
65,60,0.054066
65,61,0.079168
65,62,0.101864
65,63,0.280876
65,64,0.065504
65,65,0.000000
65,66,0.272955
65,67,0.127315
65,68,0.110855
65,69,0.031434
65,70,0.080984
65,71,0.056336
65,72,0.059490
65,73,0.034659
65,74,0.026936
65,75,0.032298
65,76,0.075896
65,77,0.076690
65,78,0.001554
65,79,0.012737
65,80,0.010298
65,81,0.011026
65,82,0.043447
65,83,0.044625
65,84,0.072689
65,85,0.077507
65,86,0.048546
65,87,0.050651
65,88,0.068201
65,89,0.062161
65,90,0.069317
65,91,0.048819
65,92,0.009707
65,93,0.032934
65,94,0.000062
65,95,0.056465
65,96,0.025645
65,97,0.014532
65,98,0.062830
65,99,0.068212
65,100,0.117541
65,101,0.186626
65,102,0.163915
65,103,0.135960
65,104,0.020467
65,105,0.145858
65,106,0.116286
65,107,0.027809
65,108,0.013018
65,109,0.080274
65,110,0.010923
65,111,0.050035
65,112,0.072627
65,113,0.176400
65,114,0.044140
65,115,0.069936
65,116,0.030361
65,117,0.035436
65,118,0.034503
65,119,0.032744
65,120,0.010237
65,121,0.118558
65,122,0.049461
65,123,0.012978
65,124,0.016769
65,125,0.018162
65,126,0.101085
65,127,0.096245
65,128,0.042125
65,129,0.045285
65,130,0.051939
65,131,0.050916
65,132,0.033670
65,133,0.040358
65,134,0.058412
65,135,0.054210
65,136,0.066363
65,137,0.079199
65,138,0.067972
65,139,0.068936
65,140,0.021204
65,141,0.044138
65,142,0.046659
65,143,0.057832
65,144,0.037751
65,145,0.063298
65,146,0.017849
65,147,0.085221
65,148,0.125833
65,149,0.087266
65,150,0.091341
65,151,0.103255
65,152,0.071535
65,153,0.081645
65,154,0.113427
65,155,0.135055
65,156,0.086121
65,157,0.075079
65,158,0.085664
65,159,0.069188
65,160,0.074406
65,161,0.176620
65,162,0.041977
65,163,0.036226
65,164,0.013042
65,165,0.021792
65,166,0.017643
65,167,0.042861
65,168,0.000223
65,169,0.041483
65,170,0.036773
65,171,0.128203
65,172,0.061770
65,173,0.064597
65,174,0.077255
65,175,0.138102
65,176,0.006797
65,177,0.111593
65,178,0.103701
65,179,0.059909
65,180,0.049634
65,181,0.000982
65,182,0.050411
65,183,0.043909
65,184,0.032353
65,185,0.094914
65,186,0.066311
65,187,0.090155
65,188,0.174793
65,189,0.144089
65,190,0.033819
65,191,0.076742
65,192,0.120394
65,193,0.163264
66,1,0.088944
66,2,0.151257
66,3,0.155696
66,4,0.105002
66,5,0.051592
66,6,0.070142
66,7,0.003254
66,8,0.079100
66,9,0.063813
66,10,0.020093
66,11,0.042754
66,12,0.055678
66,13,0.051430
66,14,0.023942
66,15,0.064363
66,16,0.095313
66,17,0.121158
66,18,0.037546
66,19,0.006949
66,20,0.007878
66,21,0.027490
66,22,0.072941
66,23,0.086622
66,24,0.048974
66,25,0.110506
66,26,0.050895
66,27,0.071427
66,28,0.005962
66,29,0.085947
66,30,0.063833
66,31,0.086947
66,32,0.096839
66,33,0.025055
66,34,0.018701
66,35,0.008351
66,36,0.019472
66,37,0.061999
66,38,0.066902
66,39,0.040329
66,40,0.134030
66,41,0.100662
66,42,0.055168
66,43,0.040848
66,44,0.097670
66,45,0.072247
66,46,0.137412
66,47,0.048212
66,48,0.029580
66,49,0.053619
66,50,0.044318
66,51,0.063316
66,52,0.071190
66,53,0.055657
66,54,0.055629
66,55,0.093999
66,56,0.122994
66,57,0.125879
66,58,0.066601
66,59,0.113028
66,60,0.143967
66,61,0.214439
66,62,0.230093
66,63,0.330594
66,64,0.177125
66,65,0.272955
66,66,0.000000
66,67,0.142253
66,68,0.012592
66,69,0.029053
66,70,0.007046
66,71,0.003584
66,72,0.054401
66,73,0.017456
66,74,0.017260
66,75,0.000946
66,76,0.007165
66,77,0.030966
66,78,0.008533
66,79,0.012324
66,80,0.050750
66,81,0.039982
66,82,0.049113
66,83,0.061043
66,84,0.037338
66,85,0.057532
66,86,0.056039
66,87,0.096363
66,88,0.041021
66,89,0.043725
66,90,0.043174
66,91,0.023738
66,92,0.017033
66,93,0.040767
66,94,0.043059
66,95,0.022689
66,96,0.021456
66,97,0.029901
66,98,0.032082
66,99,0.011362
66,100,0.060013
66,101,0.173531
66,102,0.150511
66,103,0.132359
66,104,0.012162
66,105,0.068849
66,106,0.070294
66,107,0.045223
66,108,0.027528
66,109,0.044841
66,110,0.090904
66,111,0.130559
66,112,0.129413
66,113,0.132698
66,114,0.064449
66,115,0.099797
66,116,0.072515
66,117,0.077092
66,118,0.039929
66,119,0.057574
66,120,0.073331
66,121,0.006433
66,122,0.038244
66,123,0.010792
66,124,0.001557
66,125,0.068661
66,126,0.023542
66,127,0.013673
66,128,0.070977
66,129,0.060904
66,130,0.027148
66,131,0.051874
66,132,0.033861
66,133,0.011280
66,134,0.013207
66,135,0.033884
66,136,0.015672
66,137,0.009404
66,138,0.002703
66,139,0.054182
66,140,0.060235
66,141,0.025499
66,142,0.007013
66,143,0.039812
66,144,0.035659
66,145,0.057609
66,146,0.004498
66,147,0.080968
66,148,0.056508
66,149,0.023367
66,150,0.033438
66,151,0.013069
66,152,0.017437
66,153,0.009897
66,154,0.023040
66,155,0.002282
66,156,0.019100
66,157,0.006575
66,158,0.003232
66,159,0.051215
66,160,0.021543
66,161,0.142969
66,162,0.079974
66,163,0.046220
66,164,0.045037
66,165,0.038966
66,166,0.016057
66,167,0.026164
66,168,0.022809
66,169,0.034371
66,170,0.043430
66,171,0.132552
66,172,0.106509
66,173,0.062865
66,174,0.047425
66,175,0.103157
66,176,0.068388
66,177,0.011140
66,178,0.008417
66,179,0.017808
66,180,0.007065
66,181,0.047096
66,182,0.050280
66,183,0.027850
66,184,0.000177
66,185,0.036545
66,186,0.029516
66,187,0.036131
66,188,0.020109
66,189,0.001294
66,190,0.006547
66,191,0.048402
66,192,0.068209
66,193,0.129726
67,1,0.064806
67,2,0.117783
67,3,0.171281
67,4,0.141094
67,5,0.087951
67,6,0.086047
67,7,0.044846
67,8,0.008080
67,9,0.039855
67,10,0.035858
67,11,0.044353
67,12,0.076729
67,13,0.086951
67,14,0.031057
67,15,0.073040
67,16,0.088003
67,17,0.155358
67,18,0.040982
67,19,0.020429
67,20,0.041228
67,21,0.006565
67,22,0.054744
67,23,0.031620
67,24,0.031821
67,25,0.019935
67,26,0.071834
67,27,0.071692
67,28,0.004970
67,29,0.047759
67,30,0.069921
67,31,0.029390
67,32,0.019760
67,33,0.004291
67,34,0.057615
67,35,0.021706
67,36,0.014023
67,37,0.015708
67,38,0.056495
67,39,0.091433
67,40,0.121470
67,41,0.145988
67,42,0.086896
67,43,0.039836
67,44,0.015415
67,45,0.038379
67,46,0.046270
67,47,0.002707
67,48,0.006940
67,49,0.017344
67,50,0.031715
67,51,0.057850
67,52,0.077589
67,53,0.065268
67,54,0.023203
67,55,0.062161
67,56,0.082337
67,57,0.084964
67,58,0.027044
67,59,0.080744
67,60,0.061863
67,61,0.085726
67,62,0.094015
67,63,0.085332
67,64,0.067496
67,65,0.127315
67,66,0.142253
67,67,0.000000
67,68,0.093897
67,69,0.086436
67,70,0.078185
67,71,0.052524
67,72,0.089278
67,73,0.040336
67,74,0.030649
67,75,0.042251
67,76,0.025002
67,77,0.002513
67,78,0.014392
67,79,0.029715
67,80,0.041162
67,81,0.018141
67,82,0.018260
67,83,0.032275
67,84,0.037679
67,85,0.025650
67,86,0.000983
67,87,0.020060
67,88,0.012502
67,89,0.017807
67,90,0.031316
67,91,0.025312
67,92,0.020581
67,93,0.016528
67,94,0.009657
67,95,0.039914
67,96,0.018533
67,97,0.015329
67,98,0.051319
67,99,0.005420
67,100,0.067132
67,101,0.110060
67,102,0.073085
67,103,0.061426
67,104,0.023925
67,105,0.051527
67,106,0.020372
67,107,0.101074
67,108,0.089600
67,109,0.011944
67,110,0.030499
67,111,0.036108
67,112,0.117459
67,113,0.008123
67,114,0.048909
67,115,0.018505
67,116,0.048694
67,117,0.066253
67,118,0.001663
67,119,0.010805
67,120,0.022509
67,121,0.021802
67,122,0.050919
67,123,0.055636
67,124,0.052291
67,125,0.013105
67,126,0.021743
67,127,0.030799
67,128,0.002176
67,129,0.008387
67,130,0.009315
67,131,0.005697
67,132,0.025466
67,133,0.034218
67,134,0.053629
67,135,0.045164
67,136,0.057805
67,137,0.075534
67,138,0.033741
67,139,0.006870
67,140,0.013697
67,141,0.006983
67,142,0.002273
67,143,0.044616
67,144,0.023051
67,145,0.044522
67,146,0.001676
67,147,0.025139
67,148,0.033525
67,149,0.065169
67,150,0.047886
67,151,0.037960
67,152,0.001316
67,153,0.001141
67,154,0.012534
67,155,0.087102
67,156,0.046411
67,157,0.040283
67,158,0.079965
67,159,0.008143
67,160,0.044736
67,161,0.132495
67,162,0.018454
67,163,0.034953
67,164,0.033853
67,165,0.019414
67,166,0.006411
67,167,0.029080
67,168,0.055328
67,169,0.012322
67,170,0.013428
67,171,0.055987
67,172,0.031250
67,173,0.011297
67,174,0.006426
67,175,0.003066
67,176,0.009884
67,177,0.007190
67,178,0.001691
67,179,0.008762
67,180,0.013920
67,181,0.018282
67,182,0.026621
67,183,0.003201
67,184,0.013043
67,185,0.040338
67,186,0.017511
67,187,0.067934
67,188,0.090580
67,189,0.145126
67,190,0.023439
67,191,0.059991
67,192,0.069223
67,193,0.098610
68,1,0.065771
68,2,0.114574
68,3,0.099543
68,4,0.062868
68,5,0.000053
68,6,0.053046
68,7,0.036412
68,8,0.113980
68,9,0.071945
68,10,0.028813
68,11,0.023167
68,12,0.042200
68,13,0.029075
68,14,0.020374
68,15,0.019070
68,16,0.051448
68,17,0.064960
68,18,0.010992
68,19,0.001891
68,20,0.032387
68,21,0.026314
68,22,0.071787
68,23,0.057056
68,24,0.037311
68,25,0.061237
68,26,0.084828
68,27,0.060505
68,28,0.022306
68,29,0.056656
68,30,0.037349
68,31,0.055176
68,32,0.051041
68,33,0.012365
68,34,0.001629
68,35,0.008568
68,36,0.001522
68,37,0.022499
68,38,0.060316
68,39,0.067685
68,40,0.135866
68,41,0.090603
68,42,0.015273
68,43,0.015209
68,44,0.048330
68,45,0.105272
68,46,0.116353
68,47,0.048499
68,48,0.061557
68,49,0.027981
68,50,0.031537
68,51,0.023280
68,52,0.046041
68,53,0.049715
68,54,0.049748
68,55,0.088226
68,56,0.107794
68,57,0.102148
68,58,0.065690
68,59,0.110085
68,60,0.090931
68,61,0.087555
68,62,0.088772
68,63,0.085060
68,64,0.025744
68,65,0.110855
68,66,0.012592
68,67,0.093897
68,68,0.000000
68,69,0.038454
68,70,0.003719
68,71,0.035978
68,72,0.043463
68,73,0.027757
68,74,0.016488
68,75,0.015704
68,76,0.042087
68,77,0.026610
68,78,0.031210
68,79,0.038757
68,80,0.019458
68,81,0.033452
68,82,0.039667
68,83,0.017784
68,84,0.009024
68,85,0.035757
68,86,0.120139
68,87,0.125490
68,88,0.057081
68,89,0.088995
68,90,0.100184
68,91,0.050897
68,92,0.007193
68,93,0.017940
68,94,0.006277
68,95,0.006565
68,96,0.027442
68,97,0.065353
68,98,0.085301
68,99,0.029989
68,100,0.104296
68,101,0.177323
68,102,0.102787
68,103,0.105548
68,104,0.069184
68,105,0.055493
68,106,0.087064
68,107,0.051442
68,108,0.009935
68,109,0.014767
68,110,0.019863
68,111,0.051662
68,112,0.085860
68,113,0.099997
68,114,0.051120
68,115,0.067634
68,116,0.066011
68,117,0.039789
68,118,0.023366
68,119,0.054557
68,120,0.055175
68,121,0.012703
68,122,0.026823
68,123,0.016007
68,124,0.008261
68,125,0.015015
68,126,0.006319
68,127,0.023917
68,128,0.012696
68,129,0.014008
68,130,0.007079
68,131,0.036857
68,132,0.025200
68,133,0.045133
68,134,0.048073
68,135,0.004729
68,136,0.009208
68,137,0.066525
68,138,0.002935
68,139,0.063116
68,140,0.048916
68,141,0.063068
68,142,0.039093
68,143,0.071831
68,144,0.041522
68,145,0.064504
68,146,0.045526
68,147,0.094432
68,148,0.075437
68,149,0.001584
68,150,0.022563
68,151,0.022086
68,152,0.009889
68,153,0.037356
68,154,0.024960
68,155,0.010283
68,156,0.038515
68,157,0.040388
68,158,0.015569
68,159,0.038157
68,160,0.019444
68,161,0.080027
68,162,0.007399
68,163,0.024613
68,164,0.012668
68,165,0.009001
68,166,0.030699
68,167,0.061631
68,168,0.000649
68,169,0.008557
68,170,0.118228
68,171,0.157702
68,172,0.084900
68,173,0.049325
68,174,0.028561
68,175,0.041723
68,176,0.015895
68,177,0.005258
68,178,0.002489
68,179,0.002785
68,180,0.037673
68,181,0.034451
68,182,0.023936
68,183,0.009043
68,184,0.028647
68,185,0.026818
68,186,0.014175
68,187,0.064493
68,188,0.074407
68,189,0.055405
68,190,0.024074
68,191,0.061189
68,192,0.071593
68,193,0.136517
69,1,0.016139
69,2,0.033542
69,3,0.060220
69,4,0.055346
69,5,0.013518
69,6,0.036690
69,7,0.016098
69,8,0.094581
69,9,0.054126
69,10,0.047083
69,11,0.038518
69,12,0.014851
69,13,0.015209
69,14,0.078504
69,15,0.048485
69,16,0.060912
69,17,0.039608
69,18,0.004735
69,19,0.074142
69,20,0.084923
69,21,0.061370
69,22,0.028312
69,23,0.048231
69,24,0.032185
69,25,0.023693
69,26,0.003728
69,27,0.023757
69,28,0.044844
69,29,0.046011
69,30,0.002878
69,31,0.026598
69,32,0.004552
69,33,0.003801
69,34,0.005944
69,35,0.019249
69,36,0.023219
69,37,0.027118
69,38,0.026082
69,39,0.055940
69,40,0.090716
69,41,0.074610
69,42,0.007051
69,43,0.008355
69,44,0.003954
69,45,0.066098
69,46,0.006582
69,47,0.044188
69,48,0.074949
69,49,0.054949
69,50,0.026712
69,51,0.060103
69,52,0.062661
69,53,0.064393
69,54,0.013362
69,55,0.013696
69,56,0.031950
69,57,0.044862
69,58,0.036393
69,59,0.068421
69,60,0.058689
69,61,0.053338
69,62,0.037898
69,63,0.015088
69,64,0.016266
69,65,0.031434
69,66,0.029053
69,67,0.086436
69,68,0.038454
69,69,0.000000
69,70,0.072848
69,71,0.069260
69,72,0.094092
69,73,0.056088
69,74,0.059855
69,75,0.070038
69,76,0.065925
69,77,0.065977
69,78,0.063822
69,79,0.091976
69,80,0.054224
69,81,0.078886
69,82,0.097744
69,83,0.082801
69,84,0.087297
69,85,0.084671
69,86,0.033680
69,87,0.002120
69,88,0.025758
69,89,0.024767
69,90,0.005586
69,91,0.021624
69,92,0.029638
69,93,0.038036
69,94,0.034369
69,95,0.001415
69,96,0.021744
69,97,0.000917
69,98,0.020017
69,99,0.005152
69,100,0.003088
69,101,0.015072
69,102,0.046101
69,103,0.043753
69,104,0.039939
69,105,0.008357
69,106,0.026919
69,107,0.122052
69,108,0.070403
69,109,0.037812
69,110,0.008266
69,111,0.033270
69,112,0.071548
69,113,0.036533
69,114,0.076886
69,115,0.021775
69,116,0.031745
69,117,0.032197
69,118,0.011162
69,119,0.036018
69,120,0.006462
69,121,0.013812
69,122,0.026732
69,123,0.050239
69,124,0.052868
69,125,0.031343
69,126,0.014148
69,127,0.020887
69,128,0.013012
69,129,0.037536
69,130,0.078381
69,131,0.051869
69,132,0.047716
69,133,0.058242
69,134,0.073904
69,135,0.043627
69,136,0.044036
69,137,0.062525
69,138,0.032256
69,139,0.006658
69,140,0.033735
69,141,0.059525
69,142,0.030645
69,143,0.043688
69,144,0.000718
69,145,0.004704
69,146,0.014628
69,147,0.002991
69,148,0.031155
69,149,0.011659
69,150,0.025328
69,151,0.013962
69,152,0.024979
69,153,0.051418
69,154,0.038818
69,155,0.014371
69,156,0.022319
69,157,0.028799
69,158,0.007962
69,159,0.079507
69,160,0.003342
69,161,0.061415
69,162,0.025279
69,163,0.006054
69,164,0.003667
69,165,0.005868
69,166,0.042856
69,167,0.023954
69,168,0.069635
69,169,0.021269
69,170,0.002738
69,171,0.042286
69,172,0.014380
69,173,0.024615
69,174,0.052059
69,175,0.035562
69,176,0.044594
69,177,0.012644
69,178,0.014538
69,179,0.016073
69,180,0.000222
69,181,0.022035
69,182,0.027678
69,183,0.053300
69,184,0.062999
69,185,0.003881
69,186,0.063578
69,187,0.023139
69,188,0.020360
69,189,0.034102
69,190,0.049052
69,191,0.074608
69,192,0.086172
69,193,0.085362
70,1,0.043533
70,2,0.074401
70,3,0.074998
70,4,0.034254
70,5,0.017191
70,6,0.005161
70,7,0.037155
70,8,0.132242
70,9,0.100916
70,10,0.059268
70,11,0.050968
70,12,0.030984
70,13,0.065540
70,14,0.054451
70,15,0.007703
70,16,0.001759
70,17,0.007776
70,18,0.016304
70,19,0.064761
70,20,0.068434
70,21,0.055928
70,22,0.023560
70,23,0.074920
70,24,0.075901
70,25,0.010155
70,26,0.022517
70,27,0.002523
70,28,0.072124
70,29,0.073172
70,30,0.031738
70,31,0.019249
70,32,0.047846
70,33,0.011455
70,34,0.041365
70,35,0.025307
70,36,0.027557
70,37,0.004266
70,38,0.068342
70,39,0.098439
70,40,0.096906
70,41,0.025952
70,42,0.051179
70,43,0.034764
70,44,0.004967
70,45,0.094384
70,46,0.033816
70,47,0.059159
70,48,0.062363
70,49,0.064281
70,50,0.002027
70,51,0.034700
70,52,0.012582
70,53,0.030610
70,54,0.022393
70,55,0.033673
70,56,0.009188
70,57,0.054742
70,58,0.010988
70,59,0.046282
70,60,0.023274
70,61,0.000950
70,62,0.019476
70,63,0.054337
70,64,0.039953
70,65,0.080984
70,66,0.007046
70,67,0.078185
70,68,0.003719
70,69,0.072848
70,70,0.000000
70,71,0.011623
70,72,0.037304
70,73,0.080681
70,74,0.104052
70,75,0.083462
70,76,0.093247
70,77,0.073846
70,78,0.035593
70,79,0.060552
70,80,0.036592
70,81,0.053474
70,82,0.080468
70,83,0.100185
70,84,0.074129
70,85,0.069816
70,86,0.030328
70,87,0.015378
70,88,0.015473
70,89,0.011409
70,90,0.013259
70,91,0.018032
70,92,0.008304
70,93,0.073916
70,94,0.081126
70,95,0.038143
70,96,0.016215
70,97,0.060603
70,98,0.063765
70,99,0.037693
70,100,0.036565
70,101,0.007295
70,102,0.046205
70,103,0.011398
70,104,0.024217
70,105,0.009697
70,106,0.023640
70,107,0.073299
70,108,0.075507
70,109,0.002154
70,110,0.014755
70,111,0.025952
70,112,0.038046
70,113,0.049399
70,114,0.018029
70,115,0.021005
70,116,0.063559
70,117,0.047653
70,118,0.011298
70,119,0.022445
70,120,0.048220
70,121,0.053642
70,122,0.059041
70,123,0.011140
70,124,0.001814
70,125,0.013512
70,126,0.091059
70,127,0.091384
70,128,0.017055
70,129,0.012234
70,130,0.036786
70,131,0.007307
70,132,0.002446
70,133,0.053693
70,134,0.079974
70,135,0.009658
70,136,0.015513
70,137,0.041806
70,138,0.017053
70,139,0.042552
70,140,0.049467
70,141,0.068642
70,142,0.084855
70,143,0.074188
70,144,0.063749
70,145,0.071424
70,146,0.056875
70,147,0.030281
70,148,0.016560
70,149,0.009635
70,150,0.014242
70,151,0.013325
70,152,0.034605
70,153,0.044705
70,154,0.005069
70,155,0.058359
70,156,0.013978
70,157,0.007347
70,158,0.004159
70,159,0.072284
70,160,0.018220
70,161,0.082613
70,162,0.053109
70,163,0.009729
70,164,0.007991
70,165,0.007126
70,166,0.040793
70,167,0.039078
70,168,0.037827
70,169,0.001526
70,170,0.021553
70,171,0.054588
70,172,0.008881
70,173,0.024949
70,174,0.049227
70,175,0.008220
70,176,0.019067
70,177,0.012263
70,178,0.013483
70,179,0.007122
70,180,0.012754
70,181,0.045300
70,182,0.055058
70,183,0.045385
70,184,0.040104
70,185,0.031206
70,186,0.066015
70,187,0.006514
70,188,0.103134
70,189,0.155069
70,190,0.009974
70,191,0.076483
70,192,0.096359
70,193,0.121704
71,1,0.056146
71,2,0.065260
71,3,0.054915
71,4,0.001720
71,5,0.060217
71,6,0.054088
71,7,0.120226
71,8,0.271254
71,9,0.185155
71,10,0.136744
71,11,0.142432
71,12,0.075543
71,13,0.089704
71,14,0.112570
71,15,0.053262
71,16,0.091380
71,17,0.062570
71,18,0.048359
71,19,0.178903
71,20,0.168342
71,21,0.144779
71,22,0.112848
71,23,0.134671
71,24,0.144877
71,25,0.078664
71,26,0.070389
71,27,0.062922
71,28,0.154187
71,29,0.160702
71,30,0.084479
71,31,0.107051
71,32,0.092527
71,33,0.024768
71,34,0.041681
71,35,0.027164
71,36,0.034272
71,37,0.025564
71,38,0.022092
71,39,0.019774
71,40,0.028724
71,41,0.034474
71,42,0.069472
71,43,0.085419
71,44,0.011247
71,45,0.031722
71,46,0.029787
71,47,0.131392
71,48,0.143065
71,49,0.122209
71,50,0.024109
71,51,0.024369
71,52,0.023594
71,53,0.045947
71,54,0.017149
71,55,0.027555
71,56,0.046951
71,57,0.016570
71,58,0.011717
71,59,0.005180
71,60,0.001093
71,61,0.029953
71,62,0.007795
71,63,0.078216
71,64,0.026464
71,65,0.056336
71,66,0.003584
71,67,0.052524
71,68,0.035978
71,69,0.069260
71,70,0.011623
71,71,0.000000
71,72,0.076328
71,73,0.097179
71,74,0.142245
71,75,0.134998
71,76,0.136143
71,77,0.147694
71,78,0.093274
71,79,0.101059
71,80,0.121281
71,81,0.122182
71,82,0.148352
71,83,0.146582
71,84,0.133620
71,85,0.125249
71,86,0.002544
71,87,0.057072
71,88,0.057068
71,89,0.091736
71,90,0.070708
71,91,0.061667
71,92,0.064384
71,93,0.078323
71,94,0.098580
71,95,0.033501
71,96,0.118114
71,97,0.007223
71,98,0.019078
71,99,0.047205
71,100,0.069992
71,101,0.142969
71,102,0.147290
71,103,0.122030
71,104,0.119183
71,105,0.067360
71,106,0.122314
71,107,0.146148
71,108,0.146657
71,109,0.041603
71,110,0.018184
71,111,0.085935
71,112,0.112156
71,113,0.080871
71,114,0.070487
71,115,0.039247
71,116,0.013052
71,117,0.006327
71,118,0.039024
71,119,0.068201
71,120,0.013643
71,121,0.015257
71,122,0.037297
71,123,0.076249
71,124,0.055346
71,125,0.000381
71,126,0.077268
71,127,0.079722
71,128,0.062271
71,129,0.107297
71,130,0.108582
71,131,0.071150
71,132,0.053060
71,133,0.107209
71,134,0.106972
71,135,0.025761
71,136,0.027814
71,137,0.073253
71,138,0.039165
71,139,0.087529
71,140,0.038592
71,141,0.050324
71,142,0.134688
71,143,0.081152
71,144,0.071761
71,145,0.073534
71,146,0.027380
71,147,0.012733
71,148,0.038970
71,149,0.039150
71,150,0.050632
71,151,0.055078
71,152,0.051623
71,153,0.090643
71,154,0.076161
71,155,0.002980
71,156,0.023149
71,157,0.031444
71,158,0.013561
71,159,0.128831
71,160,0.077056
71,161,0.030803
71,162,0.059412
71,163,0.028777
71,164,0.000484
71,165,0.007677
71,166,0.090621
71,167,0.114249
71,168,0.089035
71,169,0.038008
71,170,0.000786
71,171,0.032089
71,172,0.027545
71,173,0.030396
71,174,0.060036
71,175,0.037829
71,176,0.029076
71,177,0.022888
71,178,0.005636
71,179,0.001724
71,180,0.034419
71,181,0.119848
71,182,0.088149
71,183,0.090422
71,184,0.084825
71,185,0.087975
71,186,0.111034
71,187,0.096119
71,188,0.035409
71,189,0.031485
71,190,0.057938
71,191,0.117745
71,192,0.165151
71,193,0.183645
72,1,0.016613
72,2,0.027999
72,3,0.016855
72,4,0.001812
72,5,0.011135
72,6,0.011905
72,7,0.042550
72,8,0.198029
72,9,0.108678
72,10,0.072136
72,11,0.096947
72,12,0.093559
72,13,0.108126
72,14,0.114907
72,15,0.056787
72,16,0.074125
72,17,0.026806
72,18,0.049175
72,19,0.141199
72,20,0.107629
72,21,0.097872
72,22,0.059957
72,23,0.089219
72,24,0.126870
72,25,0.048587
72,26,0.064769
72,27,0.046372
72,28,0.087979
72,29,0.097084
72,30,0.003529
72,31,0.041817
72,32,0.024910
72,33,0.009412
72,34,0.034196
72,35,0.036702
72,36,0.024447
72,37,0.014406
72,38,0.003754
72,39,0.004094
72,40,0.002651
72,41,0.015041
72,42,0.016114
72,43,0.000983
72,44,0.010843
72,45,0.001164
72,46,0.019489
72,47,0.060640
72,48,0.074575
72,49,0.066693
72,50,0.022047
72,51,0.008398
72,52,0.002395
72,53,0.007661
72,54,0.024227
72,55,0.023659
72,56,0.037396
72,57,0.005987
72,58,0.008400
72,59,0.017857
72,60,0.021822
72,61,0.024783
72,62,0.019411
72,63,0.051540
72,64,0.011570
72,65,0.059490
72,66,0.054401
72,67,0.089278
72,68,0.043463
72,69,0.094092
72,70,0.037304
72,71,0.076328
72,72,0.000000
72,73,0.101017
72,74,0.141732
72,75,0.130538
72,76,0.114364
72,77,0.142747
72,78,0.086180
72,79,0.087997
72,80,0.077130
72,81,0.078663
72,82,0.110274
72,83,0.096888
72,84,0.081276
72,85,0.074340
72,86,0.008464
72,87,0.046946
72,88,0.058176
72,89,0.065459
72,90,0.068288
72,91,0.050522
72,92,0.041869
72,93,0.023759
72,94,0.034139
72,95,0.004243
72,96,0.096367
72,97,0.020929
72,98,0.044502
72,99,0.051863
72,100,0.039083
72,101,0.106290
72,102,0.072409
72,103,0.082339
72,104,0.042235
72,105,0.018344
72,106,0.051334
72,107,0.101485
72,108,0.085718
72,109,0.034134
72,110,0.012474
72,111,0.058983
72,112,0.079915
72,113,0.106332
72,114,0.065478
72,115,0.047836
72,116,0.006066
72,117,0.022799
72,118,0.022499
72,119,0.013101
72,120,0.050038
72,121,0.046116
72,122,0.077366
72,123,0.049940
72,124,0.013089
72,125,0.048593
72,126,0.121411
72,127,0.120986
72,128,0.008845
72,129,0.056700
72,130,0.044376
72,131,0.035193
72,132,0.030989
72,133,0.063948
72,134,0.106687
72,135,0.033152
72,136,0.049194
72,137,0.064443
72,138,0.013251
72,139,0.029258
72,140,0.001638
72,141,0.039118
72,142,0.075895
72,143,0.036509
72,144,0.006629
72,145,0.024959
72,146,0.020783
72,147,0.034492
72,148,0.036517
72,149,0.007446
72,150,0.034847
72,151,0.028290
72,152,0.008519
72,153,0.005002
72,154,0.003625
72,155,0.040141
72,156,0.005267
72,157,0.002514
72,158,0.004006
72,159,0.078780
72,160,0.024413
72,161,0.027807
72,162,0.043607
72,163,0.019874
72,164,0.018325
72,165,0.004603
72,166,0.065988
72,167,0.095908
72,168,0.043320
72,169,0.006488
72,170,0.007613
72,171,0.007969
72,172,0.023819
72,173,0.015883
72,174,0.037457
72,175,0.045549
72,176,0.036677
72,177,0.018030
72,178,0.015989
72,179,0.024136
72,180,0.023481
72,181,0.053316
72,182,0.024104
72,183,0.009630
72,184,0.013764
72,185,0.013342
72,186,0.052984
72,187,0.044560
72,188,0.045505
72,189,0.028185
72,190,0.020210
72,191,0.069161
72,192,0.111378
72,193,0.123488
73,1,0.038919
73,2,0.037947
73,3,0.008085
73,4,0.040916
73,5,0.070525
73,6,0.036256
73,7,0.060591
73,8,0.190214
73,9,0.123777
73,10,0.115851
73,11,0.125625
73,12,0.099243
73,13,0.121063
73,14,0.148947
73,15,0.131276
73,16,0.142706
73,17,0.091452
73,18,0.059558
73,19,0.124948
73,20,0.103952
73,21,0.116306
73,22,0.091143
73,23,0.066599
73,24,0.138404
73,25,0.004396
73,26,0.001779
73,27,0.028239
73,28,0.028922
73,29,0.020461
73,30,0.051356
73,31,0.003139
73,32,0.031996
73,33,0.025444
73,34,0.015120
73,35,0.049634
73,36,0.068968
73,37,0.023837
73,38,0.015706
73,39,0.037562
73,40,0.007559
73,41,0.047076
73,42,0.030554
73,43,0.001733
73,44,0.041069
73,45,0.068388
73,46,0.016027
73,47,0.039704
73,48,0.082142
73,49,0.117651
73,50,0.046798
73,51,0.027870
73,52,0.041673
73,53,0.031910
73,54,0.027918
73,55,0.058217
73,56,0.055695
73,57,0.035853
73,58,0.012258
73,59,0.003407
73,60,0.000511
73,61,0.062753
73,62,0.080016
73,63,0.106964
73,64,0.001307
73,65,0.034659
73,66,0.017456
73,67,0.040336
73,68,0.027757
73,69,0.056088
73,70,0.080681
73,71,0.097179
73,72,0.101017
73,73,0.000000
73,74,0.067972
73,75,0.103665
73,76,0.047999
73,77,0.042473
73,78,0.003231
73,79,0.002729
73,80,0.000701
73,81,0.033038
73,82,0.045447
73,83,0.062976
73,84,0.040394
73,85,0.053398
73,86,0.015356
73,87,0.034176
73,88,0.058602
73,89,0.065002
73,90,0.069476
73,91,0.048678
73,92,0.050875
73,93,0.028785
73,94,0.022855
73,95,0.001561
73,96,0.087795
73,97,0.006827
73,98,0.025926
73,99,0.035325
73,100,0.022547
73,101,0.101291
73,102,0.048916
73,103,0.033244
73,104,0.042820
73,105,0.011154
73,106,0.066425
73,107,0.099772
73,108,0.085092
73,109,0.046265
73,110,0.031818
73,111,0.076591
73,112,0.063633
73,113,0.084965
73,114,0.030101
73,115,0.001760
73,116,0.005304
73,117,0.038687
73,118,0.059978
73,119,0.015429
73,120,0.061743
73,121,0.070454
73,122,0.078584
73,123,0.000268
73,124,0.024690
73,125,0.029199
73,126,0.107112
73,127,0.119421
73,128,0.025139
73,129,0.026977
73,130,0.029746
73,131,0.071753
73,132,0.042128
73,133,0.076165
73,134,0.097896
73,135,0.037962
73,136,0.061284
73,137,0.059685
73,138,0.024614
73,139,0.029320
73,140,0.016065
73,141,0.033858
73,142,0.062179
73,143,0.004172
73,144,0.021723
73,145,0.047944
73,146,0.019929
73,147,0.065179
73,148,0.003282
73,149,0.023945
73,150,0.028998
73,151,0.056852
73,152,0.052473
73,153,0.020093
73,154,0.002130
73,155,0.024321
73,156,0.005674
73,157,0.013831
73,158,0.029508
73,159,0.056965
73,160,0.012057
73,161,0.034500
73,162,0.000331
73,163,0.020235
73,164,0.068438
73,165,0.050323
73,166,0.051022
73,167,0.075381
73,168,0.071547
73,169,0.030648
73,170,0.003378
73,171,0.014880
73,172,0.015382
73,173,0.045674
73,174,0.075133
73,175,0.057370
73,176,0.037399
73,177,0.031539
73,178,0.011019
73,179,0.012017
73,180,0.010279
73,181,0.048918
73,182,0.034981
73,183,0.039647
73,184,0.053321
73,185,0.050455
73,186,0.052708
73,187,0.062833
73,188,0.026565
73,189,0.013846
73,190,0.033943
73,191,0.085219
73,192,0.130200
73,193,0.129162
74,1,0.142690
74,2,0.159441
74,3,0.065838
74,4,0.025186
74,5,0.071836
74,6,0.002596
74,7,0.000476
74,8,0.072500
74,9,0.027979
74,10,0.062530
74,11,0.063551
74,12,0.044262
74,13,0.124650
74,14,0.231197
74,15,0.229399
74,16,0.218784
74,17,0.077075
74,18,0.081761
74,19,0.108990
74,20,0.056775
74,21,0.060973
74,22,0.001488
74,23,0.030368
74,24,0.228793
74,25,0.000572
74,26,0.030728
74,27,0.026798
74,28,0.038385
74,29,0.050633
74,30,0.101880
74,31,0.036025
74,32,0.002724
74,33,0.014727
74,34,0.011161
74,35,0.070212
74,36,0.074532
74,37,0.069122
74,38,0.044055
74,39,0.037541
74,40,0.039231
74,41,0.027142
74,42,0.039810
74,43,0.076451
74,44,0.021771
74,45,0.070129
74,46,0.001471
74,47,0.054020
74,48,0.046146
74,49,0.154599
74,50,0.123444
74,51,0.032001
74,52,0.036101
74,53,0.036696
74,54,0.051282
74,55,0.031345
74,56,0.002690
74,57,0.029579
74,58,0.055271
74,59,0.069523
74,60,0.027923
74,61,0.017008
74,62,0.027945
74,63,0.113114
74,64,0.005697
74,65,0.026936
74,66,0.017260
74,67,0.030649
74,68,0.016488
74,69,0.059855
74,70,0.104052
74,71,0.142245
74,72,0.141732
74,73,0.067972
74,74,0.000000
74,75,0.016210
74,76,0.020807
74,77,0.015318
74,78,0.050375
74,79,0.026744
74,80,0.049424
74,81,0.063780
74,82,0.031300
74,83,0.003361
74,84,0.035466
74,85,0.016821
74,86,0.019303
74,87,0.033065
74,88,0.061979
74,89,0.043081
74,90,0.027707
74,91,0.055330
74,92,0.044030
74,93,0.042120
74,94,0.016683
74,95,0.011550
74,96,0.042817
74,97,0.051521
74,98,0.024970
74,99,0.033903
74,100,0.010630
74,101,0.039816
74,102,0.031601
74,103,0.041835
74,104,0.036952
74,105,0.008736
74,106,0.004619
74,107,0.103049
74,108,0.069730
74,109,0.074069
74,110,0.019203
74,111,0.086990
74,112,0.112131
74,113,0.007107
74,114,0.066555
74,115,0.032083
74,116,0.007937
74,117,0.028918
74,118,0.060066
74,119,0.025305
74,120,0.064711
74,121,0.091468
74,122,0.101343
74,123,0.036458
74,124,0.048882
74,125,0.002518
74,126,0.086095
74,127,0.120712
74,128,0.033263
74,129,0.027186
74,130,0.002550
74,131,0.084458
74,132,0.059231
74,133,0.120375
74,134,0.134231
74,135,0.059922
74,136,0.086005
74,137,0.078567
74,138,0.005939
74,139,0.000179
74,140,0.017080
74,141,0.065803
74,142,0.001745
74,143,0.028458
74,144,0.041526
74,145,0.025903
74,146,0.015254
74,147,0.056490
74,148,0.031159
74,149,0.006663
74,150,0.009694
74,151,0.024673
74,152,0.047625
74,153,0.042492
74,154,0.014187
74,155,0.040269
74,156,0.020652
74,157,0.018728
74,158,0.025562
74,159,0.030025
74,160,0.023354
74,161,0.078430
74,162,0.026210
74,163,0.056144
74,164,0.074674
74,165,0.056612
74,166,0.017575
74,167,0.021729
74,168,0.076809
74,169,0.032247
74,170,0.015659
74,171,0.007255
74,172,0.057272
74,173,0.065580
74,174,0.103575
74,175,0.086865
74,176,0.052039
74,177,0.040252
74,178,0.026869
74,179,0.023545
74,180,0.024391
74,181,0.047937
74,182,0.025131
74,183,0.037052
74,184,0.036491
74,185,0.043175
74,186,0.055742
74,187,0.039122
74,188,0.023053
74,189,0.030346
74,190,0.067310
74,191,0.114427
74,192,0.160697
74,193,0.164553
75,1,0.136263
75,2,0.144337
75,3,0.067366
75,4,0.029745
75,5,0.048099
75,6,0.013093
75,7,0.032212
75,8,0.010475
75,9,0.052018
75,10,0.004843
75,11,0.008480
75,12,0.004570
75,13,0.096747
75,14,0.158117
75,15,0.178323
75,16,0.168467
75,17,0.053516
75,18,0.060595
75,19,0.057446
75,20,0.033206
75,21,0.048302
75,22,0.017314
75,23,0.008445
75,24,0.176789
75,25,0.016350
75,26,0.044674
75,27,0.011767
75,28,0.053150
75,29,0.074516
75,30,0.122294
75,31,0.064261
75,32,0.008229
75,33,0.037322
75,34,0.008769
75,35,0.089212
75,36,0.080746
75,37,0.090640
75,38,0.079991
75,39,0.051872
75,40,0.028698
75,41,0.042672
75,42,0.050216
75,43,0.102441
75,44,0.010562
75,45,0.054011
75,46,0.002260
75,47,0.093116
75,48,0.028865
75,49,0.121657
75,50,0.116341
75,51,0.038266
75,52,0.048757
75,53,0.050710
75,54,0.031763
75,55,0.001470
75,56,0.040207
75,57,0.069881
75,58,0.078772
75,59,0.075456
75,60,0.034241
75,61,0.017237
75,62,0.002303
75,63,0.089123
75,64,0.013997
75,65,0.032298
75,66,0.000946
75,67,0.042251
75,68,0.015704
75,69,0.070038
75,70,0.083462
75,71,0.134998
75,72,0.130538
75,73,0.103665
75,74,0.016210
75,75,0.000000
75,76,0.032500
75,77,0.033827
75,78,0.000064
75,79,0.018385
75,80,0.049304
75,81,0.099983
75,82,0.056031
75,83,0.028897
75,84,0.052808
75,85,0.027557
75,86,0.005082
75,87,0.043672
75,88,0.039114
75,89,0.016242
75,90,0.009095
75,91,0.027708
75,92,0.006388
75,93,0.019232
75,94,0.005849
75,95,0.021429
75,96,0.020569
75,97,0.037164
75,98,0.000626
75,99,0.010750
75,100,0.049518
75,101,0.016615
75,102,0.039220
75,103,0.029106
75,104,0.009284
75,105,0.009853
75,106,0.041065
75,107,0.068388
75,108,0.046322
75,109,0.045394
75,110,0.004921
75,111,0.039533
75,112,0.066174
75,113,0.007910
75,114,0.080098
75,115,0.059876
75,116,0.034520
75,117,0.016611
75,118,0.057594
75,119,0.041188
75,120,0.044160
75,121,0.077438
75,122,0.094309
75,123,0.008593
75,124,0.030445
75,125,0.036522
75,126,0.064691
75,127,0.072290
75,128,0.011844
75,129,0.009971
75,130,0.032270
75,131,0.046784
75,132,0.030900
75,133,0.060752
75,134,0.088836
75,135,0.028738
75,136,0.047817
75,137,0.058859
75,138,0.016913
75,139,0.051475
75,140,0.009271
75,141,0.076205
75,142,0.041059
75,143,0.064018
75,144,0.089230
75,145,0.054399
75,146,0.023287
75,147,0.035075
75,148,0.040006
75,149,0.019150
75,150,0.006578
75,151,0.018770
75,152,0.002035
75,153,0.013663
75,154,0.039528
75,155,0.037563
75,156,0.024118
75,157,0.014352
75,158,0.055608
75,159,0.044431
75,160,0.054772
75,161,0.083844
75,162,0.040616
75,163,0.063151
75,164,0.059613
75,165,0.058228
75,166,0.028852
75,167,0.002414
75,168,0.048100
75,169,0.020889
75,170,0.014439
75,171,0.004848
75,172,0.043197
75,173,0.049134
75,174,0.083122
75,175,0.072831
75,176,0.030621
75,177,0.026826
75,178,0.008585
75,179,0.008560
75,180,0.000079
75,181,0.000748
75,182,0.008674
75,183,0.007816
75,184,0.005934
75,185,0.006605
75,186,0.000208
75,187,0.006605
75,188,0.024021
75,189,0.048553
75,190,0.007448
75,191,0.053878
75,192,0.094718
75,193,0.074176
76,1,0.076018
76,2,0.092949
76,3,0.007412
76,4,0.077122
76,5,0.091014
76,6,0.031536
76,7,0.011328
76,8,0.015912
76,9,0.034871
76,10,0.047152
76,11,0.054779
76,12,0.032368
76,13,0.134812
76,14,0.181909
76,15,0.166493
76,16,0.174621
76,17,0.101375
76,18,0.047454
76,19,0.043795
76,20,0.047695
76,21,0.086014
76,22,0.032072
76,23,0.061795
76,24,0.083810
76,25,0.109591
76,26,0.072877
76,27,0.082275
76,28,0.074124
76,29,0.108927
76,30,0.125318
76,31,0.112640
76,32,0.051278
76,33,0.052125
76,34,0.037028
76,35,0.096598
76,36,0.079842
76,37,0.050873
76,38,0.063024
76,39,0.059048
76,40,0.000240
76,41,0.002482
76,42,0.018282
76,43,0.050100
76,44,0.021029
76,45,0.109541
76,46,0.017025
76,47,0.062591
76,48,0.036763
76,49,0.119903
76,50,0.104707
76,51,0.039428
76,52,0.059830
76,53,0.059314
76,54,0.021151
76,55,0.029978
76,56,0.068922
76,57,0.062895
76,58,0.064356
76,59,0.068811
76,60,0.038846
76,61,0.001171
76,62,0.032816
76,63,0.101448
76,64,0.023174
76,65,0.075896
76,66,0.007165
76,67,0.025002
76,68,0.042087
76,69,0.065925
76,70,0.093247
76,71,0.136143
76,72,0.114364
76,73,0.047999
76,74,0.020807
76,75,0.032500
76,76,0.000000
76,77,0.035372
76,78,0.077739
76,79,0.040755
76,80,0.121494
76,81,0.106374
76,82,0.087842
76,83,0.074618
76,84,0.064340
76,85,0.050450
76,86,0.032933
76,87,0.060608
76,88,0.008881
76,89,0.039039
76,90,0.033690
76,91,0.017253
76,92,0.004528
76,93,0.010235
76,94,0.022419
76,95,0.005773
76,96,0.006250
76,97,0.058857
76,98,0.028309
76,99,0.034173
76,100,0.015431
76,101,0.019644
76,102,0.072222
76,103,0.081831
76,104,0.019887
76,105,0.035978
76,106,0.072948
76,107,0.018159
76,108,0.014853
76,109,0.048525
76,110,0.047021
76,111,0.044799
76,112,0.010545
76,113,0.012752
76,114,0.001875
76,115,0.020920
76,116,0.032258
76,117,0.041061
76,118,0.084929
76,119,0.087653
76,120,0.090496
76,121,0.104688
76,122,0.098969
76,123,0.048818
76,124,0.080254
76,125,0.076579
76,126,0.121488
76,127,0.125144
76,128,0.019425
76,129,0.033777
76,130,0.061705
76,131,0.017029
76,132,0.036204
76,133,0.073363
76,134,0.097531
76,135,0.017133
76,136,0.068764
76,137,0.075337
76,138,0.006047
76,139,0.022965
76,140,0.027495
76,141,0.036548
76,142,0.022697
76,143,0.080506
76,144,0.084491
76,145,0.030256
76,146,0.009933
76,147,0.069072
76,148,0.061285
76,149,0.042102
76,150,0.025272
76,151,0.001203
76,152,0.029222
76,153,0.014767
76,154,0.027984
76,155,0.012151
76,156,0.039695
76,157,0.047491
76,158,0.028895
76,159,0.006155
76,160,0.027416
76,161,0.102603
76,162,0.028260
76,163,0.057498
76,164,0.068381
76,165,0.070223
76,166,0.012741
76,167,0.028796
76,168,0.000714
76,169,0.006198
76,170,0.045723
76,171,0.059075
76,172,0.018080
76,173,0.008930
76,174,0.036691
76,175,0.010770
76,176,0.019538
76,177,0.019823
76,178,0.049069
76,179,0.045600
76,180,0.054264
76,181,0.065217
76,182,0.068780
76,183,0.060406
76,184,0.013896
76,185,0.032536
76,186,0.019494
76,187,0.005755
76,188,0.002520
76,189,0.050163
76,190,0.001113
76,191,0.057577
76,192,0.092987
76,193,0.068666
77,1,0.088452
77,2,0.119652
77,3,0.002388
77,4,0.072076
77,5,0.113057
77,6,0.012753
77,7,0.009894
77,8,0.006546
77,9,0.014341
77,10,0.064014
77,11,0.055166
77,12,0.027441
77,13,0.133605
77,14,0.233176
77,15,0.218066
77,16,0.206100
77,17,0.115781
77,18,0.072374
77,19,0.084410
77,20,0.066835
77,21,0.073210
77,22,0.004916
77,23,0.056550
77,24,0.170661
77,25,0.091140
77,26,0.057290
77,27,0.099888
77,28,0.088351
77,29,0.120511
77,30,0.121316
77,31,0.115460
77,32,0.085095
77,33,0.058328
77,34,0.006251
77,35,0.058484
77,36,0.038614
77,37,0.048341
77,38,0.047777
77,39,0.049101
77,40,0.048133
77,41,0.035632
77,42,0.050171
77,43,0.068037
77,44,0.004198
77,45,0.102063
77,46,0.026245
77,47,0.064763
77,48,0.050276
77,49,0.160204
77,50,0.130836
77,51,0.039272
77,52,0.052912
77,53,0.055282
77,54,0.004971
77,55,0.013356
77,56,0.057396
77,57,0.084572
77,58,0.083591
77,59,0.113067
77,60,0.070175
77,61,0.010823
77,62,0.037468
77,63,0.098296
77,64,0.025913
77,65,0.076690
77,66,0.030966
77,67,0.002513
77,68,0.026610
77,69,0.065977
77,70,0.073846
77,71,0.147694
77,72,0.142747
77,73,0.042473
77,74,0.015318
77,75,0.033827
77,76,0.035372
77,77,0.000000
77,78,0.052924
77,79,0.074574
77,80,0.096809
77,81,0.118646
77,82,0.102046
77,83,0.049127
77,84,0.039863
77,85,0.047120
77,86,0.048924
77,87,0.049724
77,88,0.003579
77,89,0.025460
77,90,0.009260
77,91,0.024432
77,92,0.035132
77,93,0.002553
77,94,0.041804
77,95,0.045959
77,96,0.021867
77,97,0.119649
77,98,0.057601
77,99,0.058509
77,100,0.003727
77,101,0.020847
77,102,0.100236
77,103,0.103252
77,104,0.049248
77,105,0.030067
77,106,0.041536
77,107,0.073156
77,108,0.003142
77,109,0.081302
77,110,0.067025
77,111,0.095243
77,112,0.062794
77,113,0.036970
77,114,0.005347
77,115,0.015251
77,116,0.009149
77,117,0.007079
77,118,0.058609
77,119,0.052585
77,120,0.068152
77,121,0.065876
77,122,0.073420
77,123,0.048778
77,124,0.062531
77,125,0.041725
77,126,0.102795
77,127,0.118350
77,128,0.020941
77,129,0.020045
77,130,0.038703
77,131,0.046652
77,132,0.061568
77,133,0.109035
77,134,0.123450
77,135,0.037946
77,136,0.111460
77,137,0.102432
77,138,0.017965
77,139,0.011945
77,140,0.031192
77,141,0.045336
77,142,0.021423
77,143,0.076553
77,144,0.077961
77,145,0.041545
77,146,0.034038
77,147,0.054754
77,148,0.046216
77,149,0.040871
77,150,0.023320
77,151,0.003893
77,152,0.037932
77,153,0.019313
77,154,0.033506
77,155,0.000580
77,156,0.031253
77,157,0.029381
77,158,0.006436
77,159,0.027141
77,160,0.050614
77,161,0.126556
77,162,0.041680
77,163,0.062559
77,164,0.066883
77,165,0.053033
77,166,0.016049
77,167,0.031264
77,168,0.036234
77,169,0.006956
77,170,0.059961
77,171,0.078533
77,172,0.015460
77,173,0.021350
77,174,0.062062
77,175,0.000887
77,176,0.006655
77,177,0.017430
77,178,0.002369
77,179,0.000867
77,180,0.009250
77,181,0.015214
77,182,0.042535
77,183,0.019007
77,184,0.006882
77,185,0.032029
77,186,0.002841
77,187,0.003270
77,188,0.029187
77,189,0.085135
77,190,0.077512
77,191,0.126904
77,192,0.176307
77,193,0.172134
78,1,0.042081
78,2,0.107598
78,3,0.053801
78,4,0.009563
78,5,0.050026
78,6,0.059029
78,7,0.053809
78,8,0.060583
78,9,0.092300
78,10,0.002525
78,11,0.006416
78,12,0.002368
78,13,0.095583
78,14,0.191536
78,15,0.178280
78,16,0.136322
78,17,0.017226
78,18,0.090540
78,19,0.088837
78,20,0.045532
78,21,0.024652
78,22,0.076848
78,23,0.064748
78,24,0.173637
78,25,0.031196
78,26,0.004768
78,27,0.041077
78,28,0.079083
78,29,0.137815
78,30,0.153796
78,31,0.117365
78,32,0.100523
78,33,0.049118
78,34,0.007449
78,35,0.041563
78,36,0.005079
78,37,0.007045
78,38,0.034268
78,39,0.001943
78,40,0.130399
78,41,0.124535
78,42,0.131259
78,43,0.179054
78,44,0.026649
78,45,0.115880
78,46,0.075380
78,47,0.144795
78,48,0.024400
78,49,0.123581
78,50,0.129238
78,51,0.010400
78,52,0.022055
78,53,0.022686
78,54,0.009369
78,55,0.010529
78,56,0.074560
78,57,0.117837
78,58,0.099776
78,59,0.107041
78,60,0.089667
78,61,0.050200
78,62,0.003308
78,63,0.062571
78,64,0.003511
78,65,0.001554
78,66,0.008533
78,67,0.014392
78,68,0.031210
78,69,0.063822
78,70,0.035593
78,71,0.093274
78,72,0.086180
78,73,0.003231
78,74,0.050375
78,75,0.000064
78,76,0.077739
78,77,0.052924
78,78,0.000000
78,79,0.027636
78,80,0.062096
78,81,0.122327
78,82,0.122415
78,83,0.060271
78,84,0.053711
78,85,0.052312
78,86,0.038885
78,87,0.046560
78,88,0.022794
78,89,0.029103
78,90,0.024223
78,91,0.024363
78,92,0.022145
78,93,0.027828
78,94,0.068220
78,95,0.046378
78,96,0.034380
78,97,0.073025
78,98,0.018907
78,99,0.032227
78,100,0.047917
78,101,0.074315
78,102,0.122516
78,103,0.096853
78,104,0.009225
78,105,0.072560
78,106,0.076302
78,107,0.082859
78,108,0.038883
78,109,0.066673
78,110,0.030213
78,111,0.107177
78,112,0.104459
78,113,0.019173
78,114,0.030631
78,115,0.015522
78,116,0.030274
78,117,0.015927
78,118,0.053924
78,119,0.033849
78,120,0.019951
78,121,0.019110
78,122,0.044060
78,123,0.003850
78,124,0.013818
78,125,0.006423
78,126,0.002265
78,127,0.006293
78,128,0.019891
78,129,0.015652
78,130,0.061202
78,131,0.043998
78,132,0.025365
78,133,0.071172
78,134,0.080851
78,135,0.021411
78,136,0.080118
78,137,0.083022
78,138,0.033978
78,139,0.032183
78,140,0.024740
78,141,0.043159
78,142,0.054561
78,143,0.059662
78,144,0.098071
78,145,0.041679
78,146,0.019137
78,147,0.047857
78,148,0.049910
78,149,0.042677
78,150,0.036985
78,151,0.048257
78,152,0.031056
78,153,0.066158
78,154,0.101836
78,155,0.065542
78,156,0.021295
78,157,0.037430
78,158,0.071913
78,159,0.084905
78,160,0.117405
78,161,0.147726
78,162,0.058093
78,163,0.075985
78,164,0.041602
78,165,0.027147
78,166,0.048374
78,167,0.060285
78,168,0.032886
78,169,0.023801
78,170,0.052268
78,171,0.042109
78,172,0.032393
78,173,0.068348
78,174,0.090644
78,175,0.019019
78,176,0.049243
78,177,0.057551
78,178,0.058811
78,179,0.047255
78,180,0.031831
78,181,0.006398
78,182,0.014323
78,183,0.011035
78,184,0.000361
78,185,0.033203
78,186,0.011783
78,187,0.010971
78,188,0.039428
78,189,0.079135
78,190,0.046495
78,191,0.068361
78,192,0.126066
78,193,0.121683
79,1,0.057493
79,2,0.122979
79,3,0.054982
79,4,0.008411
79,5,0.027582
79,6,0.054905
79,7,0.068823
79,8,0.089155
79,9,0.127668
79,10,0.034769
79,11,0.031268
79,12,0.027159
79,13,0.106549
79,14,0.181497
79,15,0.168201
79,16,0.146648
79,17,0.006428
79,18,0.025714
79,19,0.014239
79,20,0.002857
79,21,0.029064
79,22,0.059659
79,23,0.087191
79,24,0.114706
79,25,0.059635
79,26,0.012616
79,27,0.053300
79,28,0.069961
79,29,0.129104
79,30,0.150316
79,31,0.111372
79,32,0.076838
79,33,0.024327
79,34,0.042906
79,35,0.085465
79,36,0.015940
79,37,0.020803
79,38,0.055378
79,39,0.013840
79,40,0.097833
79,41,0.125349
79,42,0.110826
79,43,0.164720
79,44,0.043027
79,45,0.139245
79,46,0.073102
79,47,0.161942
79,48,0.047227
79,49,0.066577
79,50,0.097152
79,51,0.003838
79,52,0.014628
79,53,0.033431
79,54,0.016633
79,55,0.020865
79,56,0.104088
79,57,0.121261
79,58,0.126670
79,59,0.125523
79,60,0.083669
79,61,0.060272
79,62,0.000110
79,63,0.079110
79,64,0.008285
79,65,0.012737
79,66,0.012324
79,67,0.029715
79,68,0.038757
79,69,0.091976
79,70,0.060552
79,71,0.101059
79,72,0.087997
79,73,0.002729
79,74,0.026744
79,75,0.018385
79,76,0.040755
79,77,0.074574
79,78,0.027636
79,79,0.000000
79,80,0.116800
79,81,0.128947
79,82,0.128233
79,83,0.079408
79,84,0.042686
79,85,0.048365
79,86,0.058469
79,87,0.074739
79,88,0.006374
79,89,0.065917
79,90,0.064644
79,91,0.013487
79,92,0.004163
79,93,0.001185
79,94,0.039188
79,95,0.003362
79,96,0.055569
79,97,0.036530
79,98,0.006528
79,99,0.033166
79,100,0.055791
79,101,0.068907
79,102,0.104615
79,103,0.074802
79,104,0.020968
79,105,0.073917
79,106,0.115855
79,107,0.027305
79,108,0.025915
79,109,0.069994
79,110,0.034600
79,111,0.077116
79,112,0.057828
79,113,0.007517
79,114,0.019008
79,115,0.028015
79,116,0.026357
79,117,0.023225
79,118,0.080133
79,119,0.066562
79,120,0.041180
79,121,0.069451
79,122,0.077864
79,123,0.004895
79,124,0.024737
79,125,0.011236
79,126,0.023158
79,127,0.026117
79,128,0.003154
79,129,0.011705
79,130,0.060335
79,131,0.020618
79,132,0.026534
79,133,0.067797
79,134,0.072172
79,135,0.007889
79,136,0.052775
79,137,0.047840
79,138,0.015884
79,139,0.034674
79,140,0.002380
79,141,0.059137
79,142,0.065282
79,143,0.055976
79,144,0.088721
79,145,0.028815
79,146,0.010154
79,147,0.041804
79,148,0.054100
79,149,0.036975
79,150,0.035095
79,151,0.051228
79,152,0.023532
79,153,0.061510
79,154,0.080991
79,155,0.028681
79,156,0.009064
79,157,0.018582
79,158,0.044858
79,159,0.084258
79,160,0.102390
79,161,0.141336
79,162,0.044513
79,163,0.069550
79,164,0.044135
79,165,0.042154
79,166,0.058220
79,167,0.084381
79,168,0.003488
79,169,0.030702
79,170,0.039528
79,171,0.050445
79,172,0.016840
79,173,0.043915
79,174,0.045729
79,175,0.004703
79,176,0.019004
79,177,0.007574
79,178,0.013551
79,179,0.019447
79,180,0.000049
79,181,0.032415
79,182,0.037473
79,183,0.048014
79,184,0.005037
79,185,0.033487
79,186,0.032398
79,187,0.040569
79,188,0.012970
79,189,0.062043
79,190,0.019562
79,191,0.003318
79,192,0.039295
79,193,0.017302
80,1,0.053978
80,2,0.117383
80,3,0.060602
80,4,0.001015
80,5,0.071004
80,6,0.050001
80,7,0.072380
80,8,0.051316
80,9,0.077210
80,10,0.039618
80,11,0.035690
80,12,0.002136
80,13,0.105619
80,14,0.201376
80,15,0.220642
80,16,0.182434
80,17,0.057519
80,18,0.108797
80,19,0.148614
80,20,0.089051
80,21,0.064923
80,22,0.062683
80,23,0.062630
80,24,0.225060
80,25,0.008584
80,26,0.025702
80,27,0.085142
80,28,0.068411
80,29,0.094508
80,30,0.141354
80,31,0.108662
80,32,0.104236
80,33,0.090624
80,34,0.002677
80,35,0.029100
80,36,0.026586
80,37,0.012197
80,38,0.029691
80,39,0.000142
80,40,0.155878
80,41,0.148936
80,42,0.133629
80,43,0.153246
80,44,0.022104
80,45,0.113693
80,46,0.079013
80,47,0.109350
80,48,0.006884
80,49,0.148660
80,50,0.143481
80,51,0.023899
80,52,0.000250
80,53,0.056804
80,54,0.000304
80,55,0.033058
80,56,0.091485
80,57,0.146796
80,58,0.132814
80,59,0.162677
80,60,0.079004
80,61,0.034068
80,62,0.000539
80,63,0.064311
80,64,0.018225
80,65,0.010298
80,66,0.050750
80,67,0.041162
80,68,0.019458
80,69,0.054224
80,70,0.036592
80,71,0.121281
80,72,0.077130
80,73,0.000701
80,74,0.049424
80,75,0.049304
80,76,0.121494
80,77,0.096809
80,78,0.062096
80,79,0.116800
80,80,0.000000
80,81,0.079619
80,82,0.109064
80,83,0.074444
80,84,0.063561
80,85,0.068312
80,86,0.065719
80,87,0.065721
80,88,0.006388
80,89,0.022275
80,90,0.003762
80,91,0.027633
80,92,0.055948
80,93,0.020784
80,94,0.045494
80,95,0.037793
80,96,0.022660
80,97,0.097927
80,98,0.035835
80,99,0.062006
80,100,0.050535
80,101,0.118269
80,102,0.142397
80,103,0.146834
80,104,0.050594
80,105,0.076147
80,106,0.057454
80,107,0.114960
80,108,0.022787
80,109,0.075889
80,110,0.026161
80,111,0.117206
80,112,0.092333
80,113,0.088223
80,114,0.065505
80,115,0.031242
80,116,0.025143
80,117,0.003170
80,118,0.048238
80,119,0.043707
80,120,0.065142
80,121,0.060273
80,122,0.060247
80,123,0.040167
80,124,0.040545
80,125,0.002252
80,126,0.044125
80,127,0.070247
80,128,0.011371
80,129,0.023313
80,130,0.007981
80,131,0.078383
80,132,0.053030
80,133,0.104318
80,134,0.110797
80,135,0.023641
80,136,0.054779
80,137,0.026863
80,138,0.000521
80,139,0.001944
80,140,0.009440
80,141,0.070641
80,142,0.049223
80,143,0.072256
80,144,0.105280
80,145,0.081533
80,146,0.082048
80,147,0.013567
80,148,0.015516
80,149,0.017836
80,150,0.006870
80,151,0.001052
80,152,0.020127
80,153,0.001958
80,154,0.029578
80,155,0.024102
80,156,0.006629
80,157,0.014820
80,158,0.021580
80,159,0.045542
80,160,0.070956
80,161,0.156996
80,162,0.071631
80,163,0.118891
80,164,0.099638
80,165,0.052416
80,166,0.035440
80,167,0.021598
80,168,0.072781
80,169,0.001728
80,170,0.008779
80,171,0.042405
80,172,0.027918
80,173,0.075978
80,174,0.108963
80,175,0.060944
80,176,0.064255
80,177,0.043133
80,178,0.033438
80,179,0.026067
80,180,0.019378
80,181,0.018652
80,182,0.026715
80,183,0.008224
80,184,0.021646
80,185,0.022098
80,186,0.001296
80,187,0.007485
80,188,0.063612
80,189,0.102988
80,190,0.134932
80,191,0.151630
80,192,0.202894
80,193,0.186675
81,1,0.051839
81,2,0.105945
81,3,0.041387
81,4,0.022128
81,5,0.070738
81,6,0.027103
81,7,0.043396
81,8,0.029804
81,9,0.036483
81,10,0.050765
81,11,0.035786
81,12,0.011762
81,13,0.079422
81,14,0.175518
81,15,0.197062
81,16,0.152201
81,17,0.060279
81,18,0.094666
81,19,0.113071
81,20,0.062384
81,21,0.045326
81,22,0.059539
81,23,0.070008
81,24,0.192968
81,25,0.053538
81,26,0.002277
81,27,0.123015
81,28,0.061480
81,29,0.092110
81,30,0.098596
81,31,0.100075
81,32,0.082820
81,33,0.089074
81,34,0.026140
81,35,0.009270
81,36,0.020866
81,37,0.017525
81,38,0.018585
81,39,0.017343
81,40,0.125765
81,41,0.098692
81,42,0.086208
81,43,0.077493
81,44,0.015563
81,45,0.095414
81,46,0.037360
81,47,0.077423
81,48,0.004041
81,49,0.120965
81,50,0.107761
81,51,0.043550
81,52,0.017676
81,53,0.044695
81,54,0.039720
81,55,0.065404
81,56,0.111371
81,57,0.154095
81,58,0.149764
81,59,0.163438
81,60,0.116031
81,61,0.061519
81,62,0.026707
81,63,0.035544
81,64,0.038204
81,65,0.011026
81,66,0.039982
81,67,0.018141
81,68,0.033452
81,69,0.078886
81,70,0.053474
81,71,0.122182
81,72,0.078663
81,73,0.033038
81,74,0.063780
81,75,0.099983
81,76,0.106374
81,77,0.118646
81,78,0.122327
81,79,0.128947
81,80,0.079619
81,81,0.000000
81,82,0.006365
81,83,0.042957
81,84,0.035680
81,85,0.070454
81,86,0.072904
81,87,0.052340
81,88,0.007000
81,89,0.005646
81,90,0.017100
81,91,0.030536
81,92,0.053807
81,93,0.033081
81,94,0.023284
81,95,0.035618
81,96,0.024684
81,97,0.083030
81,98,0.042572
81,99,0.082700
81,100,0.035503
81,101,0.117657
81,102,0.162138
81,103,0.180183
81,104,0.079042
81,105,0.045749
81,106,0.052752
81,107,0.120284
81,108,0.005510
81,109,0.052224
81,110,0.060700
81,111,0.096185
81,112,0.046779
81,113,0.082334
81,114,0.046188
81,115,0.000387
81,116,0.014923
81,117,0.000571
81,118,0.018583
81,119,0.031903
81,120,0.069928
81,121,0.094016
81,122,0.107849
81,123,0.123339
81,124,0.129644
81,125,0.000115
81,126,0.076691
81,127,0.118954
81,128,0.037628
81,129,0.055600
81,130,0.017600
81,131,0.111365
81,132,0.078017
81,133,0.116264
81,134,0.108113
81,135,0.028012
81,136,0.062693
81,137,0.045857
81,138,0.006818
81,139,0.019803
81,140,0.013977
81,141,0.048447
81,142,0.030544
81,143,0.092333
81,144,0.143638
81,145,0.081531
81,146,0.097933
81,147,0.031089
81,148,0.029186
81,149,0.004678
81,150,0.013335
81,151,0.033384
81,152,0.037769
81,153,0.009605
81,154,0.021469
81,155,0.029702
81,156,0.028105
81,157,0.007477
81,158,0.011146
81,159,0.011445
81,160,0.051352
81,161,0.152246
81,162,0.049477
81,163,0.060623
81,164,0.082607
81,165,0.057591
81,166,0.004192
81,167,0.024666
81,168,0.075763
81,169,0.018287
81,170,0.013986
81,171,0.059655
81,172,0.033922
81,173,0.065878
81,174,0.111780
81,175,0.089340
81,176,0.064985
81,177,0.069264
81,178,0.043839
81,179,0.041400
81,180,0.053116
81,181,0.028674
81,182,0.013701
81,183,0.026085
81,184,0.003908
81,185,0.023482
81,186,0.013131
81,187,0.008385
81,188,0.023801
81,189,0.068021
81,190,0.091210
81,191,0.140387
81,192,0.204114
81,193,0.205973
82,1,0.118004
82,2,0.160470
82,3,0.093842
82,4,0.010599
82,5,0.080961
82,6,0.019430
82,7,0.060321
82,8,0.027014
82,9,0.008525
82,10,0.056611
82,11,0.044300
82,12,0.021794
82,13,0.102803
82,14,0.262171
82,15,0.288442
82,16,0.281184
82,17,0.099747
82,18,0.121560
82,19,0.160141
82,20,0.097434
82,21,0.087000
82,22,0.022583
82,23,0.043317
82,24,0.277899
82,25,0.035502
82,26,0.026456
82,27,0.116389
82,28,0.070338
82,29,0.088133
82,30,0.079860
82,31,0.041937
82,32,0.013764
82,33,0.016028
82,34,0.004629
82,35,0.017914
82,36,0.060865
82,37,0.030252
82,38,0.037499
82,39,0.035251
82,40,0.051031
82,41,0.045248
82,42,0.060366
82,43,0.089781
82,44,0.015465
82,45,0.142354
82,46,0.020436
82,47,0.056482
82,48,0.063405
82,49,0.209362
82,50,0.175923
82,51,0.029745
82,52,0.026926
82,53,0.050866
82,54,0.017504
82,55,0.042452
82,56,0.068010
82,57,0.121608
82,58,0.139893
82,59,0.182565
82,60,0.115934
82,61,0.064919
82,62,0.034001
82,63,0.079235
82,64,0.049344
82,65,0.043447
82,66,0.049113
82,67,0.018260
82,68,0.039667
82,69,0.097744
82,70,0.080468
82,71,0.148352
82,72,0.110274
82,73,0.045447
82,74,0.031300
82,75,0.056031
82,76,0.087842
82,77,0.102046
82,78,0.122415
82,79,0.128233
82,80,0.109064
82,81,0.006365
82,82,0.000000
82,83,0.045013
82,84,0.062068
82,85,0.083713
82,86,0.126101
82,87,0.061452
82,88,0.005139
82,89,0.010469
82,90,0.040233
82,91,0.041814
82,92,0.068749
82,93,0.045367
82,94,0.021282
82,95,0.000107
82,96,0.070724
82,97,0.147299
82,98,0.098793
82,99,0.124568
82,100,0.040996
82,101,0.032825
82,102,0.111936
82,103,0.130867
82,104,0.073439
82,105,0.000914
82,106,0.001615
82,107,0.150241
82,108,0.027610
82,109,0.187336
82,110,0.152404
82,111,0.222334
82,112,0.195700
82,113,0.045300
82,114,0.053402
82,115,0.022994
82,116,0.015483
82,117,0.038796
82,118,0.048305
82,119,0.030557
82,120,0.070361
82,121,0.125345
82,122,0.080107
82,123,0.072083
82,124,0.066785
82,125,0.015914
82,126,0.120027
82,127,0.154801
82,128,0.066587
82,129,0.079553
82,130,0.062300
82,131,0.105759
82,132,0.059535
82,133,0.122314
82,134,0.126614
82,135,0.004788
82,136,0.055084
82,137,0.038349
82,138,0.031998
82,139,0.058503
82,140,0.057010
82,141,0.128432
82,142,0.008655
82,143,0.029717
82,144,0.074853
82,145,0.078854
82,146,0.120477
82,147,0.027100
82,148,0.027153
82,149,0.012975
82,150,0.051617
82,151,0.071490
82,152,0.080987
82,153,0.038600
82,154,0.017479
82,155,0.032796
82,156,0.046157
82,157,0.005035
82,158,0.007680
82,159,0.054548
82,160,0.081461
82,161,0.196539
82,162,0.120055
82,163,0.103679
82,164,0.135376
82,165,0.097228
82,166,0.000080
82,167,0.007752
82,168,0.097804
82,169,0.020165
82,170,0.011567
82,171,0.046492
82,172,0.013741
82,173,0.065464
82,174,0.096648
82,175,0.045721
82,176,0.034636
82,177,0.058009
82,178,0.061720
82,179,0.054706
82,180,0.053486
82,181,0.050218
82,182,0.022170
82,183,0.018122
82,184,0.044659
82,185,0.025128
82,186,0.067341
82,187,0.025468
82,188,0.034453
82,189,0.066142
82,190,0.115485
82,191,0.177321
82,192,0.243587
82,193,0.208398
83,1,0.105835
83,2,0.113983
83,3,0.050822
83,4,0.057090
83,5,0.165042
83,6,0.093785
83,7,0.169233
83,8,0.172482
83,9,0.114612
83,10,0.153977
83,11,0.157534
83,12,0.080902
83,13,0.115142
83,14,0.275256
83,15,0.293329
83,16,0.280620
83,17,0.102386
83,18,0.158284
83,19,0.230454
83,20,0.190122
83,21,0.159940
83,22,0.068908
83,23,0.065764
83,24,0.306975
83,25,0.032288
83,26,0.108509
83,27,0.048029
83,28,0.004368
83,29,0.011788
83,30,0.030639
83,31,0.023790
83,32,0.029901
83,33,0.034645
83,34,0.045178
83,35,0.058061
83,36,0.069819
83,37,0.069137
83,38,0.075470
83,39,0.070922
83,40,0.003150
83,41,0.009098
83,42,0.009121
83,43,0.007885
83,44,0.035127
83,45,0.105767
83,46,0.057712
83,47,0.047899
83,48,0.141323
83,49,0.225590
83,50,0.178891
83,51,0.055340
83,52,0.055624
83,53,0.085897
83,54,0.021247
83,55,0.024821
83,56,0.023645
83,57,0.035046
83,58,0.055473
83,59,0.110393
83,60,0.088600
83,61,0.009827
83,62,0.008263
83,63,0.084798
83,64,0.002619
83,65,0.044625
83,66,0.061043
83,67,0.032275
83,68,0.017784
83,69,0.082801
83,70,0.100185
83,71,0.146582
83,72,0.096888
83,73,0.062976
83,74,0.003361
83,75,0.028897
83,76,0.074618
83,77,0.049127
83,78,0.060271
83,79,0.079408
83,80,0.074444
83,81,0.042957
83,82,0.045013
83,83,0.000000
83,84,0.025301
83,85,0.018360
83,86,0.046857
83,87,0.063195
83,88,0.105034
83,89,0.138666
83,90,0.145364
83,91,0.114413
83,92,0.124488
83,93,0.048459
83,94,0.018614
83,95,0.006316
83,96,0.177491
83,97,0.226124
83,98,0.189199
83,99,0.197939
83,100,0.144897
83,101,0.075904
83,102,0.015529
83,103,0.036721
83,104,0.124546
83,105,0.044886
83,106,0.069853
83,107,0.176465
83,108,0.080734
83,109,0.231731
83,110,0.198756
83,111,0.230119
83,112,0.194785
83,113,0.049766
83,114,0.109789
83,115,0.031579
83,116,0.007079
83,117,0.009775
83,118,0.013184
83,119,0.021982
83,120,0.049879
83,121,0.075647
83,122,0.040691
83,123,0.006314
83,124,0.014905
83,125,0.057521
83,126,0.154214
83,127,0.175702
83,128,0.077956
83,129,0.120872
83,130,0.097111
83,131,0.105601
83,132,0.083279
83,133,0.128891
83,134,0.137283
83,135,0.037277
83,136,0.076904
83,137,0.065129
83,138,0.011674
83,139,0.023256
83,140,0.042578
83,141,0.113392
83,142,0.036532
83,143,0.045046
83,144,0.082642
83,145,0.126127
83,146,0.184176
83,147,0.079201
83,148,0.084623
83,149,0.075324
83,150,0.104723
83,151,0.109778
83,152,0.118340
83,153,0.090547
83,154,0.079991
83,155,0.082459
83,156,0.089037
83,157,0.050512
83,158,0.044984
83,159,0.020756
83,160,0.032636
83,161,0.136349
83,162,0.078465
83,163,0.039395
83,164,0.081045
83,165,0.057035
83,166,0.080604
83,167,0.072074
83,168,0.135188
83,169,0.037754
83,170,0.001473
83,171,0.043865
83,172,0.012116
83,173,0.059424
83,174,0.091875
83,175,0.029732
83,176,0.066498
83,177,0.081426
83,178,0.068815
83,179,0.049810
83,180,0.048117
83,181,0.052566
83,182,0.037952
83,183,0.044912
83,184,0.070366
83,185,0.026057
83,186,0.064962
83,187,0.047463
83,188,0.054140
83,189,0.060008
83,190,0.184256
83,191,0.259183
83,192,0.313460
83,193,0.273790
84,1,0.093414
84,2,0.118989
84,3,0.065615
84,4,0.032255
84,5,0.130226
84,6,0.090677
84,7,0.216414
84,8,0.120567
84,9,0.083346
84,10,0.121928
84,11,0.119372
84,12,0.080870
84,13,0.086332
84,14,0.268307
84,15,0.269880
84,16,0.265095
84,17,0.078322
84,18,0.140400
84,19,0.201666
84,20,0.166346
84,21,0.155602
84,22,0.058265
84,23,0.000502
84,24,0.245574
84,25,0.020633
84,26,0.073941
84,27,0.071365
84,28,0.028953
84,29,0.000749
84,30,0.021159
84,31,0.030139
84,32,0.034221
84,33,0.076737
84,34,0.065489
84,35,0.064267
84,36,0.067071
84,37,0.066148
84,38,0.079269
84,39,0.060363
84,40,0.007665
84,41,0.001362
84,42,0.037365
84,43,0.014105
84,44,0.013620
84,45,0.131872
84,46,0.013908
84,47,0.033778
84,48,0.126604
84,49,0.248515
84,50,0.184500
84,51,0.043522
84,52,0.036855
84,53,0.055213
84,54,0.002089
84,55,0.022942
84,56,0.036955
84,57,0.022745
84,58,0.017935
84,59,0.081391
84,60,0.083963
84,61,0.022432
84,62,0.005929
84,63,0.077326
84,64,0.020312
84,65,0.072689
84,66,0.037338
84,67,0.037679
84,68,0.009024
84,69,0.087297
84,70,0.074129
84,71,0.133620
84,72,0.081276
84,73,0.040394
84,74,0.035466
84,75,0.052808
84,76,0.064340
84,77,0.039863
84,78,0.053711
84,79,0.042686
84,80,0.063561
84,81,0.035680
84,82,0.062068
84,83,0.025301
84,84,0.000000
84,85,0.027420
84,86,0.083044
84,87,0.027520
84,88,0.077772
84,89,0.084312
84,90,0.106595
84,91,0.097589
84,92,0.100248
84,93,0.027881
84,94,0.010761
84,95,0.006564
84,96,0.179686
84,97,0.236882
84,98,0.192326
84,99,0.204118
84,100,0.146382
84,101,0.070950
84,102,0.003727
84,103,0.036236
84,104,0.109944
84,105,0.027281
84,106,0.056168
84,107,0.131830
84,108,0.003760
84,109,0.255225
84,110,0.228559
84,111,0.242550
84,112,0.230486
84,113,0.065517
84,114,0.080082
84,115,0.018415
84,116,0.027882
84,117,0.002673
84,118,0.004863
84,119,0.009823
84,120,0.025447
84,121,0.049244
84,122,0.012250
84,123,0.077883
84,124,0.079527
84,125,0.054471
84,126,0.147380
84,127,0.171354
84,128,0.044830
84,129,0.087972
84,130,0.078346
84,131,0.050431
84,132,0.045594
84,133,0.115703
84,134,0.104501
84,135,0.006618
84,136,0.050877
84,137,0.075746
84,138,0.004211
84,139,0.031037
84,140,0.005294
84,141,0.085635
84,142,0.016108
84,143,0.004706
84,144,0.024252
84,145,0.056904
84,146,0.115461
84,147,0.051705
84,148,0.060017
84,149,0.059522
84,150,0.081624
84,151,0.077814
84,152,0.112200
84,153,0.109911
84,154,0.091075
84,155,0.088684
84,156,0.090544
84,157,0.048471
84,158,0.042404
84,159,0.009364
84,160,0.028535
84,161,0.133504
84,162,0.099525
84,163,0.054688
84,164,0.088105
84,165,0.070613
84,166,0.069135
84,167,0.053904
84,168,0.097985
84,169,0.038904
84,170,0.029631
84,171,0.050732
84,172,0.005487
84,173,0.047237
84,174,0.035065
84,175,0.040279
84,176,0.033569
84,177,0.060284
84,178,0.059355
84,179,0.026279
84,180,0.019444
84,181,0.026658
84,182,0.014419
84,183,0.039910
84,184,0.057277
84,185,0.011874
84,186,0.048727
84,187,0.031070
84,188,0.029521
84,189,0.053955
84,190,0.148135
84,191,0.223210
84,192,0.293985
84,193,0.239375
85,1,0.063009
85,2,0.096613
85,3,0.075607
85,4,0.009953
85,5,0.067284
85,6,0.017264
85,7,0.130165
85,8,0.027371
85,9,0.073568
85,10,0.076652
85,11,0.062197
85,12,0.019372
85,13,0.029260
85,14,0.170360
85,15,0.174017
85,16,0.162653
85,17,0.049866
85,18,0.084175
85,19,0.151396
85,20,0.118922
85,21,0.093849
85,22,0.001323
85,23,0.010779
85,24,0.174638
85,25,0.023515
85,26,0.006923
85,27,0.086016
85,28,0.065326
85,29,0.040790
85,30,0.076583
85,31,0.030732
85,32,0.015945
85,33,0.021365
85,34,0.026502
85,35,0.050106
85,36,0.061852
85,37,0.082297
85,38,0.064284
85,39,0.020725
85,40,0.065536
85,41,0.040982
85,42,0.065169
85,43,0.024930
85,44,0.030630
85,45,0.075991
85,46,0.003361
85,47,0.006909
85,48,0.099148
85,49,0.202992
85,50,0.144819
85,51,0.051416
85,52,0.044238
85,53,0.049666
85,54,0.037507
85,55,0.027410
85,56,0.017529
85,57,0.061450
85,58,0.029467
85,59,0.090863
85,60,0.054732
85,61,0.011587
85,62,0.001526
85,63,0.065437
85,64,0.032438
85,65,0.077507
85,66,0.057532
85,67,0.025650
85,68,0.035757
85,69,0.084671
85,70,0.069816
85,71,0.125249
85,72,0.074340
85,73,0.053398
85,74,0.016821
85,75,0.027557
85,76,0.050450
85,77,0.047120
85,78,0.052312
85,79,0.048365
85,80,0.068312
85,81,0.070454
85,82,0.083713
85,83,0.018360
85,84,0.027420
85,85,0.000000
85,86,0.011196
85,87,0.008275
85,88,0.002474
85,89,0.007684
85,90,0.037487
85,91,0.052322
85,92,0.023496
85,93,0.013266
85,94,0.010500
85,95,0.019300
85,96,0.109348
85,97,0.185255
85,98,0.143058
85,99,0.134873
85,100,0.059863
85,101,0.017380
85,102,0.088172
85,103,0.098049
85,104,0.060340
85,105,0.043302
85,106,0.011226
85,107,0.087247
85,108,0.044152
85,109,0.179029
85,110,0.166666
85,111,0.176087
85,112,0.167246
85,113,0.103444
85,114,0.037007
85,115,0.021712
85,116,0.033700
85,117,0.008377
85,118,0.017682
85,119,0.006652
85,120,0.019096
85,121,0.033418
85,122,0.006160
85,123,0.034090
85,124,0.043577
85,125,0.025011
85,126,0.116371
85,127,0.146513
85,128,0.021869
85,129,0.040565
85,130,0.025343
85,131,0.027322
85,132,0.025360
85,133,0.097155
85,134,0.107857
85,135,0.000063
85,136,0.044296
85,137,0.051769
85,138,0.040161
85,139,0.039143
85,140,0.000757
85,141,0.063225
85,142,0.029977
85,143,0.014430
85,144,0.005970
85,145,0.019543
85,146,0.053641
85,147,0.029877
85,148,0.025243
85,149,0.005891
85,150,0.033441
85,151,0.031510
85,152,0.079464
85,153,0.080056
85,154,0.051571
85,155,0.027430
85,156,0.039255
85,157,0.022417
85,158,0.028772
85,159,0.004032
85,160,0.027472
85,161,0.130208
85,162,0.066617
85,163,0.044961
85,164,0.072599
85,165,0.050442
85,166,0.036214
85,167,0.036211
85,168,0.092322
85,169,0.038118
85,170,0.056200
85,171,0.090270
85,172,0.023195
85,173,0.010802
85,174,0.001379
85,175,0.035519
85,176,0.028698
85,177,0.039793
85,178,0.038859
85,179,0.000599
85,180,0.011763
85,181,0.000847
85,182,0.015583
85,183,0.001608
85,184,0.036245
85,185,0.025636
85,186,0.020193
85,187,0.016775
85,188,0.005778
85,189,0.007247
85,190,0.100009
85,191,0.194784
85,192,0.261561
85,193,0.217583
86,1,0.034859
86,2,0.095209
86,3,0.105334
86,4,0.062529
86,5,0.009914
86,6,0.006060
86,7,0.063041
86,8,0.027096
86,9,0.035173
86,10,0.000182
86,11,0.000575
86,12,0.050199
86,13,0.050092
86,14,0.022787
86,15,0.035566
86,16,0.046612
86,17,0.067357
86,18,0.000739
86,19,0.075364
86,20,0.026907
86,21,0.031309
86,22,0.100753
86,23,0.016179
86,24,0.131693
86,25,0.076915
86,26,0.084857
86,27,0.060639
86,28,0.033713
86,29,0.033031
86,30,0.035085
86,31,0.020787
86,32,0.008213
86,33,0.004798
86,34,0.047719
86,35,0.040776
86,36,0.037780
86,37,0.003835
86,38,0.005867
86,39,0.037542
86,40,0.098865
86,41,0.019026
86,42,0.001708
86,43,0.000784
86,44,0.001952
86,45,0.127712
86,46,0.083921
86,47,0.042813
86,48,0.021618
86,49,0.121511
86,50,0.032071
86,51,0.001441
86,52,0.018625
86,53,0.026792
86,54,0.037353
86,55,0.046826
86,56,0.048207
86,57,0.110173
86,58,0.078177
86,59,0.145171
86,60,0.077672
86,61,0.097584
86,62,0.081000
86,63,0.008799
86,64,0.062983
86,65,0.048546
86,66,0.056039
86,67,0.000983
86,68,0.120139
86,69,0.033680
86,70,0.030328
86,71,0.002544
86,72,0.008464
86,73,0.015356
86,74,0.019303
86,75,0.005082
86,76,0.032933
86,77,0.048924
86,78,0.038885
86,79,0.058469
86,80,0.065719
86,81,0.072904
86,82,0.126101
86,83,0.046857
86,84,0.083044
86,85,0.011196
86,86,0.000000
86,87,0.096647
86,88,0.125219
86,89,0.141541
86,90,0.058888
86,91,0.002246
86,92,0.007379
86,93,0.016746
86,94,0.006676
86,95,0.002989
86,96,0.008426
86,97,0.006011
86,98,0.022474
86,99,0.035777
86,100,0.020484
86,101,0.101871
86,102,0.050342
86,103,0.068732
86,104,0.114575
86,105,0.001855
86,106,0.044044
86,107,0.061667
86,108,0.037419
86,109,0.096967
86,110,0.079788
86,111,0.195125
86,112,0.240260
86,113,0.106967
86,114,0.093895
86,115,0.083879
86,116,0.058969
86,117,0.025865
86,118,0.004265
86,119,0.025015
86,120,0.030885
86,121,0.013651
86,122,0.001241
86,123,0.035094
86,124,0.012388
86,125,0.026509
86,126,0.023076
86,127,0.021207
86,128,0.027120
86,129,0.021208
86,130,0.036042
86,131,0.031019
86,132,0.062609
86,133,0.008105
86,134,0.012433
86,135,0.139772
86,136,0.090320
86,137,0.050375
86,138,0.154539
86,139,0.197662
86,140,0.052772
86,141,0.046531
86,142,0.173600
86,143,0.133999
86,144,0.107603
86,145,0.083300
86,146,0.032598
86,147,0.021504
86,148,0.075147
86,149,0.007468
86,150,0.042360
86,151,0.041036
86,152,0.045810
86,153,0.065197
86,154,0.067723
86,155,0.032994
86,156,0.002093
86,157,0.001162
86,158,0.020508
86,159,0.010845
86,160,0.003594
86,161,0.121359
86,162,0.000189
86,163,0.012137
86,164,0.017973
86,165,0.019092
86,166,0.019718
86,167,0.026461
86,168,0.012328
86,169,0.010971
86,170,0.076383
86,171,0.151392
86,172,0.075275
86,173,0.006598
86,174,0.038935
86,175,0.048618
86,176,0.011557
86,177,0.056750
86,178,0.073185
86,179,0.050943
86,180,0.018861
86,181,0.006624
86,182,0.021774
86,183,0.011953
86,184,0.003518
86,185,0.053342
86,186,0.012313
86,187,0.019444
86,188,0.067837
86,189,0.038199
86,190,0.024157
86,191,0.106714
86,192,0.171007
86,193,0.178510
87,1,0.085067
87,2,0.149650
87,3,0.138067
87,4,0.052064
87,5,0.065370
87,6,0.036751
87,7,0.053126
87,8,0.021798
87,9,0.041507
87,10,0.047267
87,11,0.044999
87,12,0.049613
87,13,0.018340
87,14,0.057701
87,15,0.100066
87,16,0.083277
87,17,0.088948
87,18,0.026733
87,19,0.133241
87,20,0.102169
87,21,0.067009
87,22,0.010759
87,23,0.018716
87,24,0.139928
87,25,0.090299
87,26,0.084411
87,27,0.139304
87,28,0.059573
87,29,0.063231
87,30,0.040363
87,31,0.041483
87,32,0.041660
87,33,0.049030
87,34,0.069515
87,35,0.064391
87,36,0.043699
87,37,0.007005
87,38,0.039340
87,39,0.034165
87,40,0.154147
87,41,0.071984
87,42,0.052561
87,43,0.013061
87,44,0.037373
87,45,0.143686
87,46,0.005505
87,47,0.039202
87,48,0.074504
87,49,0.187249
87,50,0.086043
87,51,0.008812
87,52,0.015438
87,53,0.038807
87,54,0.038092
87,55,0.049082
87,56,0.049343
87,57,0.163874
87,58,0.113472
87,59,0.189842
87,60,0.129823
87,61,0.113243
87,62,0.091301
87,63,0.009243
87,64,0.058043
87,65,0.050651
87,66,0.096363
87,67,0.020060
87,68,0.125490
87,69,0.002120
87,70,0.015378
87,71,0.057072
87,72,0.046946
87,73,0.034176
87,74,0.033065
87,75,0.043672
87,76,0.060608
87,77,0.049724
87,78,0.046560
87,79,0.074739
87,80,0.065721
87,81,0.052340
87,82,0.061452
87,83,0.063195
87,84,0.027520
87,85,0.008275
87,86,0.096647
87,87,0.000000
87,88,0.066212
87,89,0.074376
87,90,0.042495
87,91,0.020320
87,92,0.034998
87,93,0.050580
87,94,0.036851
87,95,0.028761
87,96,0.063932
87,97,0.023861
87,98,0.016108
87,99,0.089108
87,100,0.022162
87,101,0.172982
87,102,0.093830
87,103,0.122462
87,104,0.201900
87,105,0.037126
87,106,0.006189
87,107,0.160620
87,108,0.017476
87,109,0.061374
87,110,0.069043
87,111,0.154946
87,112,0.215994
87,113,0.201441
87,114,0.054162
87,115,0.080329
87,116,0.060256
87,117,0.014612
87,118,0.039065
87,119,0.079534
87,120,0.086060
87,121,0.062646
87,122,0.032789
87,123,0.003040
87,124,0.007448
87,125,0.006806
87,126,0.054215
87,127,0.045188
87,128,0.012915
87,129,0.012449
87,130,0.054154
87,131,0.072908
87,132,0.030106
87,133,0.088555
87,134,0.087443
87,135,0.063925
87,136,0.044003
87,137,0.027777
87,138,0.122029
87,139,0.182902
87,140,0.080474
87,141,0.078123
87,142,0.128900
87,143,0.089274
87,144,0.055231
87,145,0.044056
87,146,0.003082
87,147,0.034099
87,148,0.114131
87,149,0.062776
87,150,0.051869
87,151,0.009486
87,152,0.006345
87,153,0.022088
87,154,0.049561
87,155,0.018056
87,156,0.021319
87,157,0.041047
87,158,0.009613
87,159,0.059125
87,160,0.040509
87,161,0.123973
87,162,0.032323
87,163,0.020155
87,164,0.005948
87,165,0.012650
87,166,0.000957
87,167,0.002419
87,168,0.065150
87,169,0.026000
87,170,0.083280
87,171,0.176598
87,172,0.047948
87,173,0.003338
87,174,0.002321
87,175,0.028747
87,176,0.002552
87,177,0.025328
87,178,0.054129
87,179,0.023842
87,180,0.010995
87,181,0.009734
87,182,0.035632
87,183,0.025180
87,184,0.017104
87,185,0.062616
87,186,0.027690
87,187,0.040470
87,188,0.088750
87,189,0.077700
87,190,0.057124
87,191,0.147953
87,192,0.230868
87,193,0.224597
88,1,0.018513
88,2,0.067461
88,3,0.122175
88,4,0.086619
88,5,0.072257
88,6,0.057268
88,7,0.154886
88,8,0.141774
88,9,0.165379
88,10,0.137528
88,11,0.139844
88,12,0.040828
88,13,0.000071
88,14,0.139090
88,15,0.139786
88,16,0.105897
88,17,0.015623
88,18,0.086937
88,19,0.235012
88,20,0.170259
88,21,0.194610
88,22,0.133213
88,23,0.102455
88,24,0.162165
88,25,0.040606
88,26,0.048979
88,27,0.135530
88,28,0.035305
88,29,0.036918
88,30,0.082487
88,31,0.028304
88,32,0.068338
88,33,0.050754
88,34,0.055875
88,35,0.033879
88,36,0.064552
88,37,0.087741
88,38,0.093851
88,39,0.116598
88,40,0.207009
88,41,0.088381
88,42,0.079451
88,43,0.012078
88,44,0.057020
88,45,0.129136
88,46,0.005117
88,47,0.178315
88,48,0.183797
88,49,0.236532
88,50,0.070675
88,51,0.010154
88,52,0.067078
88,53,0.003139
88,54,0.101266
88,55,0.090022
88,56,0.114138
88,57,0.172718
88,58,0.109874
88,59,0.176402
88,60,0.116965
88,61,0.096629
88,62,0.065000
88,63,0.020932
88,64,0.002084
88,65,0.068201
88,66,0.041021
88,67,0.012502
88,68,0.057081
88,69,0.025758
88,70,0.015473
88,71,0.057068
88,72,0.058176
88,73,0.058602
88,74,0.061979
88,75,0.039114
88,76,0.008881
88,77,0.003579
88,78,0.022794
88,79,0.006374
88,80,0.006388
88,81,0.007000
88,82,0.005139
88,83,0.105034
88,84,0.077772
88,85,0.002474
88,86,0.125219
88,87,0.066212
88,88,0.000000
88,89,0.055946
88,90,0.075643
88,91,0.028730
88,92,0.083262
88,93,0.009779
88,94,0.011780
88,95,0.088701
88,96,0.194333
88,97,0.044152
88,98,0.019465
88,99,0.070726
88,100,0.033563
88,101,0.031246
88,102,0.096250
88,103,0.094648
88,104,0.100218
88,105,0.054278
88,106,0.103687
88,107,0.185848
88,108,0.014274
88,109,0.164309
88,110,0.150488
88,111,0.280965
88,112,0.327145
88,113,0.105271
88,114,0.049669
88,115,0.005753
88,116,0.043188
88,117,0.036612
88,118,0.022948
88,119,0.003964
88,120,0.018197
88,121,0.032279
88,122,0.079814
88,123,0.130069
88,124,0.069960
88,125,0.027056
88,126,0.072647
88,127,0.090398
88,128,0.018986
88,129,0.045588
88,130,0.071676
88,131,0.049574
88,132,0.014855
88,133,0.102070
88,134,0.096102
88,135,0.014657
88,136,0.007562
88,137,0.013737
88,138,0.057782
88,139,0.120152
88,140,0.012140
88,141,0.045110
88,142,0.127370
88,143,0.095624
88,144,0.032964
88,145,0.013058
88,146,0.097517
88,147,0.021524
88,148,0.017837
88,149,0.052893
88,150,0.076084
88,151,0.064840
88,152,0.078918
88,153,0.059245
88,154,0.079243
88,155,0.009183
88,156,0.003108
88,157,0.013074
88,158,0.006809
88,159,0.039126
88,160,0.016950
88,161,0.166948
88,162,0.032925
88,163,0.059011
88,164,0.061937
88,165,0.002298
88,166,0.069990
88,167,0.098443
88,168,0.103862
88,169,0.051681
88,170,0.001127
88,171,0.117241
88,172,0.029663
88,173,0.017306
88,174,0.012358
88,175,0.026828
88,176,0.021183
88,177,0.055602
88,178,0.078783
88,179,0.055738
88,180,0.000674
88,181,0.030338
88,182,0.015245
88,183,0.001402
88,184,0.045181
88,185,0.052424
88,186,0.001782
88,187,0.017130
88,188,0.025052
88,189,0.034038
88,190,0.149419
88,191,0.235174
88,192,0.325976
88,193,0.309713
89,1,0.022301
89,2,0.108559
89,3,0.095259
89,4,0.002376
89,5,0.186445
89,6,0.160214
89,7,0.236979
89,8,0.146370
89,9,0.174491
89,10,0.204869
89,11,0.191842
89,12,0.056860
89,13,0.046221
89,14,0.255587
89,15,0.267509
89,16,0.238941
89,17,0.047918
89,18,0.103601
89,19,0.241085
89,20,0.184680
89,21,0.240408
89,22,0.172418
89,23,0.075021
89,24,0.211545
89,25,0.010022
89,26,0.034074
89,27,0.175738
89,28,0.080044
89,29,0.055252
89,30,0.086302
89,31,0.044000
89,32,0.058203
89,33,0.030067
89,34,0.048464
89,35,0.035749
89,36,0.060730
89,37,0.079882
89,38,0.101709
89,39,0.110426
89,40,0.216236
89,41,0.084512
89,42,0.053838
89,43,0.016121
89,44,0.066408
89,45,0.177545
89,46,0.044709
89,47,0.174497
89,48,0.189820
89,49,0.292012
89,50,0.107689
89,51,0.042874
89,52,0.005344
89,53,0.037517
89,54,0.089451
89,55,0.084406
89,56,0.129339
89,57,0.168178
89,58,0.096957
89,59,0.182930
89,60,0.136211
89,61,0.078036
89,62,0.036225
89,63,0.072903
89,64,0.003980
89,65,0.062161
89,66,0.043725
89,67,0.017807
89,68,0.088995
89,69,0.024767
89,70,0.011409
89,71,0.091736
89,72,0.065459
89,73,0.065002
89,74,0.043081
89,75,0.016242
89,76,0.039039
89,77,0.025460
89,78,0.029103
89,79,0.065917
89,80,0.022275
89,81,0.005646
89,82,0.010469
89,83,0.138666
89,84,0.084312
89,85,0.007684
89,86,0.141541
89,87,0.074376
89,88,0.055946
89,89,0.000000
89,90,0.043165
89,91,0.059760
89,92,0.110977
89,93,0.054268
89,94,0.023862
89,95,0.064357
89,96,0.178307
89,97,0.042298
89,98,0.001390
89,99,0.134757
89,100,0.024937
89,101,0.056890
89,102,0.116621
89,103,0.137173
89,104,0.174986
89,105,0.000665
89,106,0.104705
89,107,0.236824
89,108,0.013474
89,109,0.208462
89,110,0.186205
89,111,0.297257
89,112,0.351980
89,113,0.139161
89,114,0.038651
89,115,0.016157
89,116,0.044561
89,117,0.006146
89,118,0.024486
89,119,0.013584
89,120,0.023352
89,121,0.013019
89,122,0.034057
89,123,0.136627
89,124,0.056168
89,125,0.030115
89,126,0.110528
89,127,0.130793
89,128,0.021324
89,129,0.061200
89,130,0.118012
89,131,0.097412
89,132,0.055433
89,133,0.164554
89,134,0.152534
89,135,0.017574
89,136,0.037413
89,137,0.061575
89,138,0.028024
89,139,0.112253
89,140,0.041063
89,141,0.027409
89,142,0.103439
89,143,0.067251
89,144,0.007520
89,145,0.008846
89,146,0.129379
89,147,0.054412
89,148,0.034858
89,149,0.061145
89,150,0.072564
89,151,0.107902
89,152,0.133067
89,153,0.107693
89,154,0.128189
89,155,0.050775
89,156,0.064134
89,157,0.072453
89,158,0.019510
89,159,0.059735
89,160,0.006101
89,161,0.171781
89,162,0.031190
89,163,0.048258
89,164,0.071842
89,165,0.016578
89,166,0.076995
89,167,0.067870
89,168,0.084906
89,169,0.021930
89,170,0.000652
89,171,0.116620
89,172,0.007609
89,173,0.052620
89,174,0.062580
89,175,0.010438
89,176,0.047832
89,177,0.065100
89,178,0.080099
89,179,0.057138
89,180,0.013826
89,181,0.039032
89,182,0.005887
89,183,0.016312
89,184,0.046272
89,185,0.043931
89,186,0.022204
89,187,0.005322
89,188,0.059924
89,189,0.041993
89,190,0.173006
89,191,0.275608
89,192,0.383583
89,193,0.362550
90,1,0.061697
90,2,0.127746
90,3,0.102430
90,4,0.020492
90,5,0.155837
90,6,0.121527
90,7,0.197404
90,8,0.075377
90,9,0.124445
90,10,0.159442
90,11,0.149032
90,12,0.030446
90,13,0.036322
90,14,0.213688
90,15,0.205156
90,16,0.170433
90,17,0.056924
90,18,0.058657
90,19,0.180440
90,20,0.146998
90,21,0.171147
90,22,0.100475
90,23,0.044332
90,24,0.172351
90,25,0.001539
90,26,0.000027
90,27,0.093110
90,28,0.011047
90,29,0.004401
90,30,0.052194
90,31,0.013278
90,32,0.029448
90,33,0.030548
90,34,0.067390
90,35,0.071024
90,36,0.063719
90,37,0.048864
90,38,0.076674
90,39,0.077919
90,40,0.200854
90,41,0.065894
90,42,0.026646
90,43,0.033336
90,44,0.100742
90,45,0.154585
90,46,0.001988
90,47,0.118160
90,48,0.142236
90,49,0.258016
90,50,0.083427
90,51,0.022736
90,52,0.008036
90,53,0.040013
90,54,0.044052
90,55,0.043829
90,56,0.095881
90,57,0.155796
90,58,0.088946
90,59,0.161803
90,60,0.102294
90,61,0.065707
90,62,0.010137
90,63,0.104169
90,64,0.011415
90,65,0.069317
90,66,0.043174
90,67,0.031316
90,68,0.100184
90,69,0.005586
90,70,0.013259
90,71,0.070708
90,72,0.068288
90,73,0.069476
90,74,0.027707
90,75,0.009095
90,76,0.033690
90,77,0.009260
90,78,0.024223
90,79,0.064644
90,80,0.003762
90,81,0.017100
90,82,0.040233
90,83,0.145364
90,84,0.106595
90,85,0.037487
90,86,0.058888
90,87,0.042495
90,88,0.075643
90,89,0.043165
90,90,0.000000
90,91,0.082287
90,92,0.117909
90,93,0.061525
90,94,0.014215
90,95,0.056914
90,96,0.149945
90,97,0.061941
90,98,0.040790
90,99,0.170197
90,100,0.065166
90,101,0.037527
90,102,0.106323
90,103,0.120478
90,104,0.201176
90,105,0.026707
90,106,0.087820
90,107,0.238555
90,108,0.028461
90,109,0.137426
90,110,0.122733
90,111,0.203808
90,112,0.268583
90,113,0.146442
90,114,0.025465
90,115,0.022457
90,116,0.004915
90,117,0.014755
90,118,0.015747
90,119,0.004140
90,120,0.023969
90,121,0.033746
90,122,0.009850
90,123,0.078006
90,124,0.038792
90,125,0.001657
90,126,0.085986
90,127,0.109594
90,128,0.037744
90,129,0.065782
90,130,0.130064
90,131,0.134438
90,132,0.108027
90,133,0.175100
90,134,0.158311
90,135,0.059710
90,136,0.075252
90,137,0.075937
90,138,0.009156
90,139,0.065390
90,140,0.055095
90,141,0.016794
90,142,0.096750
90,143,0.059353
90,144,0.006916
90,145,0.009621
90,146,0.088328
90,147,0.025467
90,148,0.021005
90,149,0.022752
90,150,0.029328
90,151,0.080621
90,152,0.107686
90,153,0.079576
90,154,0.090289
90,155,0.040088
90,156,0.029953
90,157,0.030240
90,158,0.021119
90,159,0.036778
90,160,0.015133
90,161,0.160280
90,162,0.039952
90,163,0.025925
90,164,0.064913
90,165,0.027558
90,166,0.073051
90,167,0.024416
90,168,0.085156
90,169,0.043262
90,170,0.033706
90,171,0.114642
90,172,0.013086
90,173,0.044282
90,174,0.068724
90,175,0.009093
90,176,0.029970
90,177,0.057732
90,178,0.084434
90,179,0.055908
90,180,0.028313
90,181,0.040682
90,182,0.002210
90,183,0.029605
90,184,0.047491
90,185,0.039866
90,186,0.024130
90,187,0.012148
90,188,0.039889
90,189,0.042821
90,190,0.173343
90,191,0.268213
90,192,0.359738
90,193,0.352651
91,1,0.007887
91,2,0.053637
91,3,0.099603
91,4,0.063170
91,5,0.089528
91,6,0.087772
91,7,0.210617
91,8,0.135877
91,9,0.194333
91,10,0.130871
91,11,0.124496
91,12,0.045653
91,13,0.017810
91,14,0.054015
91,15,0.064124
91,16,0.038018
91,17,0.054893
91,18,0.052813
91,19,0.193222
91,20,0.149377
91,21,0.136202
91,22,0.097006
91,23,0.091863
91,24,0.141395
91,25,0.023487
91,26,0.016595
91,27,0.087841
91,28,0.023543
91,29,0.036057
91,30,0.017036
91,31,0.014126
91,32,0.017455
91,33,0.046295
91,34,0.064623
91,35,0.061756
91,36,0.067451
91,37,0.067541
91,38,0.098837
91,39,0.063010
91,40,0.131357
91,41,0.011974
91,42,0.016785
91,43,0.087382
91,44,0.081129
91,45,0.101446
91,46,0.002797
91,47,0.166589
91,48,0.167840
91,49,0.207069
91,50,0.073934
91,51,0.059913
91,52,0.015789
91,53,0.004760
91,54,0.088103
91,55,0.054481
91,56,0.027994
91,57,0.112775
91,58,0.029761
91,59,0.097591
91,60,0.052171
91,61,0.029463
91,62,0.002487
91,63,0.055532
91,64,0.005188
91,65,0.048819
91,66,0.023738
91,67,0.025312
91,68,0.050897
91,69,0.021624
91,70,0.018032
91,71,0.061667
91,72,0.050522
91,73,0.048678
91,74,0.055330
91,75,0.027708
91,76,0.017253
91,77,0.024432
91,78,0.024363
91,79,0.013487
91,80,0.027633
91,81,0.030536
91,82,0.041814
91,83,0.114413
91,84,0.097589
91,85,0.052322
91,86,0.002246
91,87,0.020320
91,88,0.028730
91,89,0.059760
91,90,0.082287
91,91,0.000000
91,92,0.028787
91,93,0.000438
91,94,0.023794
91,95,0.076326
91,96,0.142382
91,97,0.060069
91,98,0.056061
91,99,0.129078
91,100,0.053637
91,101,0.049672
91,102,0.021095
91,103,0.026361
91,104,0.139337
91,105,0.017871
91,106,0.095818
91,107,0.145802
91,108,0.018910
91,109,0.109439
91,110,0.138591
91,111,0.182474
91,112,0.212806
91,113,0.120620
91,114,0.020064
91,115,0.032273
91,116,0.031004
91,117,0.021911
91,118,0.003374
91,119,0.018668
91,120,0.001833
91,121,0.025988
91,122,0.016403
91,123,0.076428
91,124,0.021258
91,125,0.002041
91,126,0.057846
91,127,0.079806
91,128,0.051412
91,129,0.075169
91,130,0.123640
91,131,0.105085
91,132,0.090402
91,133,0.118494
91,134,0.122254
91,135,0.033041
91,136,0.046316
91,137,0.048960
91,138,0.002739
91,139,0.066515
91,140,0.022938
91,141,0.021543
91,142,0.112479
91,143,0.072987
91,144,0.030692
91,145,0.031175
91,146,0.047189
91,147,0.005385
91,148,0.005699
91,149,0.058852
91,150,0.072656
91,151,0.087181
91,152,0.082183
91,153,0.038125
91,154,0.061338
91,155,0.005910
91,156,0.018482
91,157,0.000923
91,158,0.003048
91,159,0.047737
91,160,0.003907
91,161,0.138993
91,162,0.025152
91,163,0.006291
91,164,0.025376
91,165,0.007970
91,166,0.095819
91,167,0.070421
91,168,0.094489
91,169,0.050200
91,170,0.008991
91,171,0.122064
91,172,0.019385
91,173,0.024659
91,174,0.034944
91,175,0.021309
91,176,0.010695
91,177,0.057535
91,178,0.071347
91,179,0.058401
91,180,0.029251
91,181,0.040864
91,182,0.014122
91,183,0.062599
91,184,0.062788
91,185,0.028734
91,186,0.034565
91,187,0.002618
91,188,0.015884
91,189,0.011398
91,190,0.159014
91,191,0.238913
91,192,0.309052
91,193,0.302336
92,1,0.011630
92,2,0.033059
92,3,0.087389
92,4,0.050269
92,5,0.099724
92,6,0.108838
92,7,0.202481
92,8,0.127175
92,9,0.188119
92,10,0.161813
92,11,0.133510
92,12,0.042402
92,13,0.027979
92,14,0.015107
92,15,0.000139
92,16,0.049413
92,17,0.035577
92,18,0.088162
92,19,0.189386
92,20,0.160980
92,21,0.154903
92,22,0.103062
92,23,0.082657
92,24,0.064238
92,25,0.043743
92,26,0.047182
92,27,0.058442
92,28,0.058771
92,29,0.063019
92,30,0.011203
92,31,0.037952
92,32,0.031023
92,33,0.000884
92,34,0.020059
92,35,0.015044
92,36,0.036232
92,37,0.048450
92,38,0.071933
92,39,0.041636
92,40,0.094885
92,41,0.009594
92,42,0.000458
92,43,0.103897
92,44,0.109894
92,45,0.039449
92,46,0.005593
92,47,0.164060
92,48,0.173872
92,49,0.209004
92,50,0.104997
92,51,0.068698
92,52,0.070685
92,53,0.054566
92,54,0.112269
92,55,0.048586
92,56,0.007364
92,57,0.061870
92,58,0.054452
92,59,0.034594
92,60,0.053766
92,61,0.009889
92,62,0.002851
92,63,0.046133
92,64,0.034751
92,65,0.009707
92,66,0.017033
92,67,0.020581
92,68,0.007193
92,69,0.029638
92,70,0.008304
92,71,0.064384
92,72,0.041869
92,73,0.050875
92,74,0.044030
92,75,0.006388
92,76,0.004528
92,77,0.035132
92,78,0.022145
92,79,0.004163
92,80,0.055948
92,81,0.053807
92,82,0.068749
92,83,0.124488
92,84,0.100248
92,85,0.023496
92,86,0.007379
92,87,0.034998
92,88,0.083262
92,89,0.110977
92,90,0.117909
92,91,0.028787
92,92,0.000000
92,93,0.071753
92,94,0.120558
92,95,0.145239
92,96,0.126684
92,97,0.114975
92,98,0.105118
92,99,0.150042
92,100,0.069905
92,101,0.000422
92,102,0.041932
92,103,0.066689
92,104,0.106623
92,105,0.025795
92,106,0.101438
92,107,0.110414
92,108,0.024470
92,109,0.063844
92,110,0.105826
92,111,0.159144
92,112,0.214321
92,113,0.120886
92,114,0.051914
92,115,0.015707
92,116,0.027866
92,117,0.004026
92,118,0.031623
92,119,0.057875
92,120,0.047382
92,121,0.057816
92,122,0.001728
92,123,0.102058
92,124,0.066474
92,125,0.008073
92,126,0.020593
92,127,0.042434
92,128,0.066035
92,129,0.068924
92,130,0.123389
92,131,0.087733
92,132,0.066092
92,133,0.112115
92,134,0.123333
92,135,0.075454
92,136,0.058226
92,137,0.074168
92,138,0.047829
92,139,0.021154
92,140,0.072171
92,141,0.035850
92,142,0.014416
92,143,0.009381
92,144,0.031961
92,145,0.020302
92,146,0.083943
92,147,0.005837
92,148,0.009315
92,149,0.071802
92,150,0.073137
92,151,0.063106
92,152,0.075246
92,153,0.028922
92,154,0.030314
92,155,0.022196
92,156,0.034864
92,157,0.011234
92,158,0.015532
92,159,0.034710
92,160,0.000838
92,161,0.109836
92,162,0.029599
92,163,0.034699
92,164,0.005850
92,165,0.022270
92,166,0.110871
92,167,0.092861
92,168,0.118651
92,169,0.049398
92,170,0.014885
92,171,0.057255
92,172,0.006881
92,173,0.029109
92,174,0.040418
92,175,0.003241
92,176,0.027692
92,177,0.046018
92,178,0.084164
92,179,0.067976
92,180,0.040719
92,181,0.065293
92,182,0.040370
92,183,0.073832
92,184,0.068710
92,185,0.001556
92,186,0.062073
92,187,0.039142
92,188,0.026179
92,189,0.035410
92,190,0.211405
92,191,0.285128
92,192,0.336840
92,193,0.327181
93,1,0.090894
93,2,0.071296
93,3,0.079290
93,4,0.048536
93,5,0.088730
93,6,0.111757
93,7,0.130965
93,8,0.144443
93,9,0.198317
93,10,0.144512
93,11,0.075548
93,12,0.053416
93,13,0.072120
93,14,0.113108
93,15,0.070214
93,16,0.079694
93,17,0.019995
93,18,0.063602
93,19,0.018749
93,20,0.041477
93,21,0.084318
93,22,0.097989
93,23,0.098787
93,24,0.046643
93,25,0.049718
93,26,0.009824
93,27,0.058071
93,28,0.062966
93,29,0.096767
93,30,0.041350
93,31,0.053926
93,32,0.088838
93,33,0.014512
93,34,0.032658
93,35,0.047884
93,36,0.019318
93,37,0.067222
93,38,0.068358
93,39,0.023088
93,40,0.086997
93,41,0.006463
93,42,0.000465
93,43,0.075098
93,44,0.011204
93,45,0.036129
93,46,0.027153
93,47,0.159170
93,48,0.115495
93,49,0.035053
93,50,0.049998
93,51,0.053496
93,52,0.037462
93,53,0.149802
93,54,0.102208
93,55,0.065460
93,56,0.009921
93,57,0.040672
93,58,0.100987
93,59,0.051971
93,60,0.027884
93,61,0.088860
93,62,0.067955
93,63,0.069361
93,64,0.047022
93,65,0.032934
93,66,0.040767
93,67,0.016528
93,68,0.017940
93,69,0.038036
93,70,0.073916
93,71,0.078323
93,72,0.023759
93,73,0.028785
93,74,0.042120
93,75,0.019232
93,76,0.010235
93,77,0.002553
93,78,0.027828
93,79,0.001185
93,80,0.020784
93,81,0.033081
93,82,0.045367
93,83,0.048459
93,84,0.027881
93,85,0.013266
93,86,0.016746
93,87,0.050580
93,88,0.009779
93,89,0.054268
93,90,0.061525
93,91,0.000438
93,92,0.071753
93,93,0.000000
93,94,0.033954
93,95,0.152550
93,96,0.127654
93,97,0.032363
93,98,0.049870
93,99,0.072287
93,100,0.052016
93,101,0.079576
93,102,0.071638
93,103,0.017737
93,104,0.115264
93,105,0.027270
93,106,0.023360
93,107,0.028976
93,108,0.017498
93,109,0.095622
93,110,0.044856
93,111,0.082523
93,112,0.002211
93,113,0.084909
93,114,0.006970
93,115,0.044834
93,116,0.064457
93,117,0.057014
93,118,0.018885
93,119,0.004845
93,120,0.027241
93,121,0.007840
93,122,0.155234
93,123,0.013068
93,124,0.051872
93,125,0.056314
93,126,0.090259
93,127,0.103248
93,128,0.003260
93,129,0.014614
93,130,0.014367
93,131,0.000212
93,132,0.018074
93,133,0.032452
93,134,0.028311
93,135,0.015382
93,136,0.015668
93,137,0.003918
93,138,0.001793
93,139,0.020016
93,140,0.048977
93,141,0.002073
93,142,0.028817
93,143,0.023568
93,144,0.007525
93,145,0.020941
93,146,0.003607
93,147,0.016061
93,148,0.050449
93,149,0.027486
93,150,0.024077
93,151,0.009920
93,152,0.025590
93,153,0.017548
93,154,0.017737
93,155,0.090488
93,156,0.093983
93,157,0.059801
93,158,0.003734
93,159,0.105167
93,160,0.062297
93,161,0.053764
93,162,0.042746
93,163,0.036585
93,164,0.002128
93,165,0.019371
93,166,0.045895
93,167,0.076059
93,168,0.055251
93,169,0.025514
93,170,0.038518
93,171,0.037664
93,172,0.012180
93,173,0.022008
93,174,0.021871
93,175,0.035652
93,176,0.023721
93,177,0.022164
93,178,0.062939
93,179,0.047174
93,180,0.030329
93,181,0.060721
93,182,0.033870
93,183,0.034423
93,184,0.009385
93,185,0.013254
93,186,0.049642
93,187,0.023228
93,188,0.067070
93,189,0.110067
93,190,0.109378
93,191,0.161789
93,192,0.208819
93,193,0.212895
94,1,0.090359
94,2,0.086134
94,3,0.027080
94,4,0.020186
94,5,0.100337
94,6,0.106897
94,7,0.078148
94,8,0.086597
94,9,0.122602
94,10,0.103606
94,11,0.041955
94,12,0.076489
94,13,0.013649
94,14,0.073174
94,15,0.012244
94,16,0.015794
94,17,0.091555
94,18,0.074167
94,19,0.083477
94,20,0.003403
94,21,0.079244
94,22,0.088023
94,23,0.072121
94,24,0.012610
94,25,0.027188
94,26,0.000034
94,27,0.093744
94,28,0.015727
94,29,0.015041
94,30,0.015771
94,31,0.000303
94,32,0.067589
94,33,0.052627
94,34,0.045053
94,35,0.080732
94,36,0.040090
94,37,0.072407
94,38,0.074460
94,39,0.021190
94,40,0.086666
94,41,0.008993
94,42,0.004605
94,43,0.010084
94,44,0.049302
94,45,0.019212
94,46,0.081546
94,47,0.094726
94,48,0.053885
94,49,0.019796
94,50,0.075765
94,51,0.046292
94,52,0.015113
94,53,0.085014
94,54,0.098448
94,55,0.072686
94,56,0.039672
94,57,0.032483
94,58,0.054861
94,59,0.051787
94,60,0.050078
94,61,0.102079
94,62,0.087367
94,63,0.073871
94,64,0.053106
94,65,0.000062
94,66,0.043059
94,67,0.009657
94,68,0.006277
94,69,0.034369
94,70,0.081126
94,71,0.098580
94,72,0.034139
94,73,0.022855
94,74,0.016683
94,75,0.005849
94,76,0.022419
94,77,0.041804
94,78,0.068220
94,79,0.039188
94,80,0.045494
94,81,0.023284
94,82,0.021282
94,83,0.018614
94,84,0.010761
94,85,0.010500
94,86,0.006676
94,87,0.036851
94,88,0.011780
94,89,0.023862
94,90,0.014215
94,91,0.023794
94,92,0.120558
94,93,0.033954
94,94,0.000000
94,95,0.137526
94,96,0.068560
94,97,0.033072
94,98,0.011392
94,99,0.010229
94,100,0.011981
94,101,0.037337
94,102,0.056107
94,103,0.017766
94,104,0.138114
94,105,0.024418
94,106,0.008190
94,107,0.016106
94,108,0.008920
94,109,0.114792
94,110,0.092660
94,111,0.149458
94,112,0.112971
94,113,0.056828
94,114,0.015078
94,115,0.020641
94,116,0.058164
94,117,0.054162
94,118,0.070138
94,119,0.040326
94,120,0.024344
94,121,0.047808
94,122,0.183593
94,123,0.090021
94,124,0.124108
94,125,0.068461
94,126,0.122676
94,127,0.129057
94,128,0.019192
94,129,0.042686
94,130,0.016900
94,131,0.005734
94,132,0.020083
94,133,0.005795
94,134,0.008498
94,135,0.013282
94,136,0.008842
94,137,0.034041
94,138,0.000831
94,139,0.012163
94,140,0.022626
94,141,0.022759
94,142,0.000885
94,143,0.002282
94,144,0.011906
94,145,0.030048
94,146,0.025904
94,147,0.014334
94,148,0.023006
94,149,0.048462
94,150,0.038376
94,151,0.031631
94,152,0.046790
94,153,0.010262
94,154,0.009167
94,155,0.053583
94,156,0.041125
94,157,0.025002
94,158,0.004518
94,159,0.088018
94,160,0.050216
94,161,0.051694
94,162,0.006801
94,163,0.016731
94,164,0.044142
94,165,0.025324
94,166,0.026288
94,167,0.015660
94,168,0.008855
94,169,0.012058
94,170,0.041304
94,171,0.013053
94,172,0.004398
94,173,0.029041
94,174,0.035256
94,175,0.070362
94,176,0.014906
94,177,0.022579
94,178,0.016958
94,179,0.038224
94,180,0.010429
94,181,0.040033
94,182,0.004965
94,183,0.005724
94,184,0.018616
94,185,0.009824
94,186,0.020571
94,187,0.023724
94,188,0.044247
94,189,0.050252
94,190,0.024947
94,191,0.052403
94,192,0.088107
94,193,0.088875
95,1,0.062754
95,2,0.070588
95,3,0.060510
95,4,0.033879
95,5,0.003284
95,6,0.077802
95,7,0.068643
95,8,0.052029
95,9,0.056041
95,10,0.035470
95,11,0.018148
95,12,0.058479
95,13,0.008534
95,14,0.059100
95,15,0.026936
95,16,0.025764
95,17,0.018330
95,18,0.118774
95,19,0.092202
95,20,0.019151
95,21,0.019306
95,22,0.038491
95,23,0.002144
95,24,0.119831
95,25,0.019742
95,26,0.044799
95,27,0.040201
95,28,0.035721
95,29,0.002067
95,30,0.028151
95,31,0.001887
95,32,0.099444
95,33,0.006371
95,34,0.027551
95,35,0.022316
95,36,0.007198
95,37,0.059898
95,38,0.019412
95,39,0.010603
95,40,0.063691
95,41,0.005813
95,42,0.001919
95,43,0.009322
95,44,0.064598
95,45,0.008706
95,46,0.037807
95,47,0.015842
95,48,0.014205
95,49,0.033250
95,50,0.085131
95,51,0.002798
95,52,0.113844
95,53,0.163473
95,54,0.087319
95,55,0.070250
95,56,0.040470
95,57,0.017655
95,58,0.030131
95,59,0.008748
95,60,0.007619
95,61,0.039881
95,62,0.046116
95,63,0.027769
95,64,0.102215
95,65,0.056465
95,66,0.022689
95,67,0.039914
95,68,0.006565
95,69,0.001415
95,70,0.038143
95,71,0.033501
95,72,0.004243
95,73,0.001561
95,74,0.011550
95,75,0.021429
95,76,0.005773
95,77,0.045959
95,78,0.046378
95,79,0.003362
95,80,0.037793
95,81,0.035618
95,82,0.000107
95,83,0.006316
95,84,0.006564
95,85,0.019300
95,86,0.002989
95,87,0.028761
95,88,0.088701
95,89,0.064357
95,90,0.056914
95,91,0.076326
95,92,0.145239
95,93,0.152550
95,94,0.137526
95,95,0.000000
95,96,0.013812
95,97,0.085198
95,98,0.082321
95,99,0.034164
95,100,0.023694
95,101,0.075379
95,102,0.085642
95,103,0.044688
95,104,0.017364
95,105,0.006322
95,106,0.070057
95,107,0.070602
95,108,0.031901
95,109,0.013124
95,110,0.019050
95,111,0.045965
95,112,0.011548
95,113,0.001714
95,114,0.013488
95,115,0.007199
95,116,0.046886
95,117,0.093786
95,118,0.104333
95,119,0.048062
95,120,0.014119
95,121,0.064132
95,122,0.223938
95,123,0.003908
95,124,0.086032
95,125,0.098093
95,126,0.153262
95,127,0.136434
95,128,0.043392
95,129,0.053655
95,130,0.046209
95,131,0.046659
95,132,0.054398
95,133,0.064245
95,134,0.063715
95,135,0.049982
95,136,0.047892
95,137,0.072172
95,138,0.037226
95,139,0.001969
95,140,0.009115
95,141,0.013603
95,142,0.007822
95,143,0.023795
95,144,0.021828
95,145,0.025304
95,146,0.093177
95,147,0.066717
95,148,0.019722
95,149,0.019075
95,150,0.002704
95,151,0.036440
95,152,0.061696
95,153,0.027580
95,154,0.027210
95,155,0.034137
95,156,0.064551
95,157,0.071297
95,158,0.024458
95,159,0.057624
95,160,0.049972
95,161,0.009753
95,162,0.009421
95,163,0.035862
95,164,0.076313
95,165,0.095227
95,166,0.038026
95,167,0.069453
95,168,0.043824
95,169,0.024654
95,170,0.013652
95,171,0.014652
95,172,0.008766
95,173,0.013451
95,174,0.003236
95,175,0.048506
95,176,0.015575
95,177,0.053331
95,178,0.027668
95,179,0.029492
95,180,0.057946
95,181,0.019407
95,182,0.018363
95,183,0.026044
95,184,0.029323
95,185,0.001016
95,186,0.019259
95,187,0.009432
95,188,0.033154
95,189,0.040743
95,190,0.039710
95,191,0.002138
95,192,0.013386
95,193,0.036431
96,1,0.022001
96,2,0.044105
96,3,0.040312
96,4,0.036943
96,5,0.212824
96,6,0.192181
96,7,0.243033
96,8,0.169084
96,9,0.170064
96,10,0.219536
96,11,0.204917
96,12,0.056659
96,13,0.042089
96,14,0.139213
96,15,0.181146
96,16,0.149092
96,17,0.049007
96,18,0.103814
96,19,0.225389
96,20,0.177678
96,21,0.244670
96,22,0.174711
96,23,0.075089
96,24,0.119597
96,25,0.003141
96,26,0.092585
96,27,0.087410
96,28,0.029189
96,29,0.022856
96,30,0.011160
96,31,0.006389
96,32,0.027213
96,33,0.004264
96,34,0.006480
96,35,0.044208
96,36,0.055249
96,37,0.088669
96,38,0.079346
96,39,0.015836
96,40,0.156869
96,41,0.050947
96,42,0.014347
96,43,0.114888
96,44,0.144766
96,45,0.089606
96,46,0.037083
96,47,0.178344
96,48,0.186129
96,49,0.273779
96,50,0.096906
96,51,0.064748
96,52,0.013555
96,53,0.098207
96,54,0.015323
96,55,0.000057
96,56,0.028419
96,57,0.109297
96,58,0.053820
96,59,0.137283
96,60,0.097622
96,61,0.055002
96,62,0.036898
96,63,0.086608
96,64,0.051332
96,65,0.025645
96,66,0.021456
96,67,0.018533
96,68,0.027442
96,69,0.021744
96,70,0.016215
96,71,0.118114
96,72,0.096367
96,73,0.087795
96,74,0.042817
96,75,0.020569
96,76,0.006250
96,77,0.021867
96,78,0.034380
96,79,0.055569
96,80,0.022660
96,81,0.024684
96,82,0.070724
96,83,0.177491
96,84,0.179686
96,85,0.109348
96,86,0.008426
96,87,0.063932
96,88,0.194333
96,89,0.178307
96,90,0.149945
96,91,0.142382
96,92,0.126684
96,93,0.127654
96,94,0.068560
96,95,0.013812
96,96,0.000000
96,97,0.104952
96,98,0.073824
96,99,0.129489
96,100,0.058880
96,101,0.068959
96,102,0.080585
96,103,0.094654
96,104,0.218998
96,105,0.035576
96,106,0.127271
96,107,0.236865
96,108,0.055127
96,109,0.155415
96,110,0.168339
96,111,0.244184
96,112,0.293072
96,113,0.121862
96,114,0.088251
96,115,0.021346
96,116,0.007198
96,117,0.014246
96,118,0.007943
96,119,0.013498
96,120,0.045695
96,121,0.000056
96,122,0.015927
96,123,0.101367
96,124,0.036428
96,125,0.023837
96,126,0.098291
96,127,0.112305
96,128,0.047717
96,129,0.100769
96,130,0.177302
96,131,0.181286
96,132,0.159470
96,133,0.221116
96,134,0.222266
96,135,0.110105
96,136,0.120087
96,137,0.131733
96,138,0.035318
96,139,0.053552
96,140,0.059615
96,141,0.012455
96,142,0.024524
96,143,0.030895
96,144,0.023863
96,145,0.028453
96,146,0.127799
96,147,0.032211
96,148,0.005002
96,149,0.074443
96,150,0.077321
96,151,0.081954
96,152,0.089794
96,153,0.062616
96,154,0.080927
96,155,0.036816
96,156,0.047029
96,157,0.062590
96,158,0.002049
96,159,0.051138
96,160,0.020735
96,161,0.123846
96,162,0.017630
96,163,0.001038
96,164,0.049263
96,165,0.002066
96,166,0.114704
96,167,0.090394
96,168,0.155389
96,169,0.061183
96,170,0.002720
96,171,0.102397
96,172,0.000312
96,173,0.048908
96,174,0.096447
96,175,0.030454
96,176,0.074063
96,177,0.034884
96,178,0.063123
96,179,0.071106
96,180,0.033507
96,181,0.069826
96,182,0.051630
96,183,0.065937
96,184,0.085247
96,185,0.005934
96,186,0.085207
96,187,0.020962
96,188,0.033940
96,189,0.015364
96,190,0.183990
96,191,0.265156
96,192,0.340614
96,193,0.302443
97,1,0.019882
97,2,0.006633
97,3,0.064823
97,4,0.045602
97,5,0.118822
97,6,0.126922
97,7,0.234577
97,8,0.257563
97,9,0.224577
97,10,0.175516
97,11,0.138803
97,12,0.068923
97,13,0.038759
97,14,0.119856
97,15,0.159121
97,16,0.125525
97,17,0.072060
97,18,0.092958
97,19,0.170696
97,20,0.171765
97,21,0.134152
97,22,0.122890
97,23,0.067418
97,24,0.181078
97,25,0.078046
97,26,0.096116
97,27,0.026775
97,28,0.117900
97,29,0.115976
97,30,0.083036
97,31,0.095667
97,32,0.037623
97,33,0.041725
97,34,0.020492
97,35,0.011646
97,36,0.024048
97,37,0.027956
97,38,0.016557
97,39,0.051748
97,40,0.103661
97,41,0.031052
97,42,0.044963
97,43,0.123311
97,44,0.057521
97,45,0.109319
97,46,0.027632
97,47,0.139123
97,48,0.151398
97,49,0.185015
97,50,0.045123
97,51,0.010294
97,52,0.056631
97,53,0.014268
97,54,0.030022
97,55,0.043314
97,56,0.002951
97,57,0.089699
97,58,0.015482
97,59,0.078971
97,60,0.029142
97,61,0.018637
97,62,0.045444
97,63,0.033998
97,64,0.042963
97,65,0.014532
97,66,0.029901
97,67,0.015329
97,68,0.065353
97,69,0.000917
97,70,0.060603
97,71,0.007223
97,72,0.020929
97,73,0.006827
97,74,0.051521
97,75,0.037164
97,76,0.058857
97,77,0.119649
97,78,0.073025
97,79,0.036530
97,80,0.097927
97,81,0.083030
97,82,0.147299
97,83,0.226124
97,84,0.236882
97,85,0.185255
97,86,0.006011
97,87,0.023861
97,88,0.044152
97,89,0.042298
97,90,0.061941
97,91,0.060069
97,92,0.114975
97,93,0.032363
97,94,0.033072
97,95,0.085198
97,96,0.104952
97,97,0.000000
97,98,0.008831
97,99,0.099349
97,100,0.148362
97,101,0.063136
97,102,0.058485
97,103,0.025180
97,104,0.190270
97,105,0.037092
97,106,0.147091
97,107,0.194291
97,108,0.076652
97,109,0.114000
97,110,0.119191
97,111,0.167989
97,112,0.184670
97,113,0.064964
97,114,0.055181
97,115,0.003392
97,116,0.003998
97,117,0.056916
97,118,0.071448
97,119,0.085237
97,120,0.000923
97,121,0.011260
97,122,0.039451
97,123,0.066619
97,124,0.044969
97,125,0.027321
97,126,0.026217
97,127,0.021937
97,128,0.093056
97,129,0.148078
97,130,0.173445
97,131,0.122285
97,132,0.128257
97,133,0.152208
97,134,0.109442
97,135,0.040771
97,136,0.052335
97,137,0.071117
97,138,0.000228
97,139,0.095428
97,140,0.025010
97,141,0.007158
97,142,0.138721
97,143,0.072825
97,144,0.010337
97,145,0.008996
97,146,0.054480
97,147,0.015384
97,148,0.055933
97,149,0.146656
97,150,0.124374
97,151,0.124718
97,152,0.123500
97,153,0.064502
97,154,0.048976
97,155,0.039825
97,156,0.013055
97,157,0.009067
97,158,0.021501
97,159,0.066306
97,160,0.029282
97,161,0.037955
97,162,0.000035
97,163,0.020611
97,164,0.028805
97,165,0.000381
97,166,0.112542
97,167,0.099751
97,168,0.098045
97,169,0.017918
97,170,0.007852
97,171,0.123448
97,172,0.047861
97,173,0.019958
97,174,0.053778
97,175,0.027207
97,176,0.070779
97,177,0.071600
97,178,0.077013
97,179,0.038807
97,180,0.034449
97,181,0.089694
97,182,0.065218
97,183,0.094447
97,184,0.086342
97,185,0.048742
97,186,0.072454
97,187,0.059223
97,188,0.007262
97,189,0.009039
97,190,0.255902
97,191,0.279033
97,192,0.319173
97,193,0.332524
98,1,0.007875
98,2,0.016996
98,3,0.030271
98,4,0.006986
98,5,0.159725
98,6,0.174836
98,7,0.234275
98,8,0.193219
98,9,0.181205
98,10,0.171151
98,11,0.146677
98,12,0.065669
98,13,0.079197
98,14,0.164708
98,15,0.193691
98,16,0.159452
98,17,0.131858
98,18,0.079710
98,19,0.121097
98,20,0.114806
98,21,0.102396
98,22,0.098426
98,23,0.044453
98,24,0.172493
98,25,0.010284
98,26,0.040081
98,27,0.077595
98,28,0.066800
98,29,0.081620
98,30,0.100288
98,31,0.061745
98,32,0.012959
98,33,0.015841
98,34,0.010504
98,35,0.051617
98,36,0.039644
98,37,0.051756
98,38,0.062769
98,39,0.029929
98,40,0.087869
98,41,0.049034
98,42,0.057018
98,43,0.111202
98,44,0.040320
98,45,0.138544
98,46,0.041062
98,47,0.107365
98,48,0.087484
98,49,0.172132
98,50,0.028811
98,51,0.004840
98,52,0.006734
98,53,0.002103
98,54,0.028588
98,55,0.056273
98,56,0.008653
98,57,0.096387
98,58,0.023172
98,59,0.095005
98,60,0.053724
98,61,0.013959
98,62,0.026677
98,63,0.029616
98,64,0.002850
98,65,0.062830
98,66,0.032082
98,67,0.051319
98,68,0.085301
98,69,0.020017
98,70,0.063765
98,71,0.019078
98,72,0.044502
98,73,0.025926
98,74,0.024970
98,75,0.000626
98,76,0.028309
98,77,0.057601
98,78,0.018907
98,79,0.006528
98,80,0.035835
98,81,0.042572
98,82,0.098793
98,83,0.189199
98,84,0.192326
98,85,0.143058
98,86,0.022474
98,87,0.016108
98,88,0.019465
98,89,0.001390
98,90,0.040790
98,91,0.056061
98,92,0.105118
98,93,0.049870
98,94,0.011392
98,95,0.082321
98,96,0.073824
98,97,0.008831
98,98,0.000000
98,99,0.036646
98,100,0.151460
98,101,0.037631
98,102,0.039198
98,103,0.017704
98,104,0.237890
98,105,0.078907
98,106,0.135877
98,107,0.210672
98,108,0.051910
98,109,0.095520
98,110,0.132551
98,111,0.149322
98,112,0.162407
98,113,0.073151
98,114,0.027939
98,115,0.037635
98,116,0.009828
98,117,0.050520
98,118,0.036605
98,119,0.026042
98,120,0.025415
98,121,0.039867
98,122,0.052097
98,123,0.056367
98,124,0.031603
98,125,0.012251
98,126,0.104427
98,127,0.099002
98,128,0.031575
98,129,0.113949
98,130,0.151348
98,131,0.113991
98,132,0.097278
98,133,0.143888
98,134,0.088220
98,135,0.009522
98,136,0.023136
98,137,0.017218
98,138,0.053245
98,139,0.115086
98,140,0.003050
98,141,0.038903
98,142,0.134238
98,143,0.043025
98,144,0.008292
98,145,0.025701
98,146,0.048711
98,147,0.011752
98,148,0.034995
98,149,0.131396
98,150,0.105262
98,151,0.130279
98,152,0.132637
98,153,0.076320
98,154,0.067014
98,155,0.082329
98,156,0.055199
98,157,0.033012
98,158,0.034865
98,159,0.070006
98,160,0.039556
98,161,0.035635
98,162,0.005765
98,163,0.039363
98,164,0.013059
98,165,0.021241
98,166,0.103664
98,167,0.074914
98,168,0.089972
98,169,0.015842
98,170,0.028137
98,171,0.172112
98,172,0.075919
98,173,0.007951
98,174,0.009459
98,175,0.022723
98,176,0.022900
98,177,0.052710
98,178,0.058388
98,179,0.020881
98,180,0.004729
98,181,0.060147
98,182,0.040271
98,183,0.070879
98,184,0.068960
98,185,0.007782
98,186,0.037696
98,187,0.000413
98,188,0.060409
98,189,0.002045
98,190,0.222645
98,191,0.257474
98,192,0.296853
98,193,0.303809
99,1,0.006348
99,2,0.001133
99,3,0.034839
99,4,0.049147
99,5,0.179831
99,6,0.214920
99,7,0.260420
99,8,0.197137
99,9,0.189894
99,10,0.171231
99,11,0.174893
99,12,0.083908
99,13,0.049679
99,14,0.190893
99,15,0.218754
99,16,0.208513
99,17,0.154080
99,18,0.106436
99,19,0.152148
99,20,0.131246
99,21,0.156827
99,22,0.177723
99,23,0.068028
99,24,0.136672
99,25,0.034964
99,26,0.127635
99,27,0.032688
99,28,0.080284
99,29,0.083523
99,30,0.063795
99,31,0.009133
99,32,0.014485
99,33,0.019054
99,34,0.016743
99,35,0.021168
99,36,0.044962
99,37,0.053124
99,38,0.064430
99,39,0.000015
99,40,0.088343
99,41,0.058920
99,42,0.066761
99,43,0.145050
99,44,0.095159
99,45,0.107073
99,46,0.024461
99,47,0.165084
99,48,0.159175
99,49,0.214401
99,50,0.068868
99,51,0.024419
99,52,0.023662
99,53,0.024187
99,54,0.013934
99,55,0.018011
99,56,0.058181
99,57,0.066380
99,58,0.018349
99,59,0.048187
99,60,0.072058
99,61,0.012837
99,62,0.017150
99,63,0.017846
99,64,0.005677
99,65,0.068212
99,66,0.011362
99,67,0.005420
99,68,0.029989
99,69,0.005152
99,70,0.037693
99,71,0.047205
99,72,0.051863
99,73,0.035325
99,74,0.033903
99,75,0.010750
99,76,0.034173
99,77,0.058509
99,78,0.032227
99,79,0.033166
99,80,0.062006
99,81,0.082700
99,82,0.124568
99,83,0.197939
99,84,0.204118
99,85,0.134873
99,86,0.035777
99,87,0.089108
99,88,0.070726
99,89,0.134757
99,90,0.170197
99,91,0.129078
99,92,0.150042
99,93,0.072287
99,94,0.010229
99,95,0.034164
99,96,0.129489
99,97,0.099349
99,98,0.036646
99,99,0.000000
99,100,0.121795
99,101,0.089978
99,102,0.066658
99,103,0.021072
99,104,0.225072
99,105,0.107582
99,106,0.146239
99,107,0.165677
99,108,0.020232
99,109,0.175432
99,110,0.229451
99,111,0.186249
99,112,0.175118
99,113,0.083408
99,114,0.057113
99,115,0.007235
99,116,0.026958
99,117,0.050524
99,118,0.012228
99,119,0.004751
99,120,0.037047
99,121,0.026294
99,122,0.047472
99,123,0.094539
99,124,0.067113
99,125,0.082402
99,126,0.145258
99,127,0.135110
99,128,0.021913
99,129,0.127971
99,130,0.149253
99,131,0.086355
99,132,0.092172
99,133,0.118545
99,134,0.077289
99,135,0.018115
99,136,0.023692
99,137,0.017647
99,138,0.021501
99,139,0.062467
99,140,0.033306
99,141,0.030081
99,142,0.072029
99,143,0.013078
99,144,0.060218
99,145,0.077520
99,146,0.103305
99,147,0.077428
99,148,0.067925
99,149,0.105305
99,150,0.077447
99,151,0.128886
99,152,0.110860
99,153,0.067897
99,154,0.075801
99,155,0.071751
99,156,0.055376
99,157,0.060383
99,158,0.068521
99,159,0.093867
99,160,0.053666
99,161,0.001792
99,162,0.008529
99,163,0.033181
99,164,0.008506
99,165,0.028546
99,166,0.121121
99,167,0.089330
99,168,0.085475
99,169,0.040954
99,170,0.011238
99,171,0.160657
99,172,0.052694
99,173,0.005375
99,174,0.013528
99,175,0.057247
99,176,0.008031
99,177,0.020690
99,178,0.034024
99,179,0.024422
99,180,0.007853
99,181,0.038864
99,182,0.032012
99,183,0.056035
99,184,0.070534
99,185,0.007838
99,186,0.021259
99,187,0.018762
99,188,0.038923
99,189,0.024968
99,190,0.168316
99,191,0.230005
99,192,0.286363
99,193,0.270321
100,1,0.051660
100,2,0.103712
100,3,0.020901
100,4,0.043786
100,5,0.122438
100,6,0.107218
100,7,0.067070
100,8,0.018406
100,9,0.026700
100,10,0.046261
100,11,0.041176
100,12,0.006935
100,13,0.071923
100,14,0.218983
100,15,0.224445
100,16,0.218713
100,17,0.152477
100,18,0.035174
100,19,0.057449
100,20,0.021884
100,21,0.041132
100,22,0.031994
100,23,0.043896
100,24,0.126054
100,25,0.061264
100,26,0.008934
100,27,0.090120
100,28,0.041919
100,29,0.099627
100,30,0.093148
100,31,0.136927
100,32,0.125958
100,33,0.059625
100,34,0.018171
100,35,0.026705
100,36,0.049514
100,37,0.015422
100,38,0.034221
100,39,0.009592
100,40,0.198875
100,41,0.060768
100,42,0.009675
100,43,0.031914
100,44,0.058769
100,45,0.152443
100,46,0.044756
100,47,0.014537
100,48,0.056780
100,49,0.185553
100,50,0.077144
100,51,0.041409
100,52,0.069135
100,53,0.007728
100,54,0.002959
100,55,0.032629
100,56,0.025261
100,57,0.130790
100,58,0.068412
100,59,0.120822
100,60,0.091632
100,61,0.011536
100,62,0.021289
100,63,0.024248
100,64,0.056521
100,65,0.117541
100,66,0.060013
100,67,0.067132
100,68,0.104296
100,69,0.003088
100,70,0.036565
100,71,0.069992
100,72,0.039083
100,73,0.022547
100,74,0.010630
100,75,0.049518
100,76,0.015431
100,77,0.003727
100,78,0.047917
100,79,0.055791
100,80,0.050535
100,81,0.035503
100,82,0.040996
100,83,0.144897
100,84,0.146382
100,85,0.059863
100,86,0.020484
100,87,0.022162
100,88,0.033563
100,89,0.024937
100,90,0.065166
100,91,0.053637
100,92,0.069905
100,93,0.052016
100,94,0.011981
100,95,0.023694
100,96,0.058880
100,97,0.148362
100,98,0.151460
100,99,0.121795
100,100,0.000000
100,101,0.005070
100,102,0.032876
100,103,0.071907
100,104,0.200616
100,105,0.098751
100,106,0.040046
100,107,0.152173
100,108,0.003978
100,109,0.123373
100,110,0.175876
100,111,0.139639
100,112,0.117711
100,113,0.110936
100,114,0.030187
100,115,0.017641
100,116,0.035230
100,117,0.007714
100,118,0.067615
100,119,0.080183
100,120,0.088625
100,121,0.084249
100,122,0.069563
100,123,0.007861
100,124,0.012344
100,125,0.071935
100,126,0.150451
100,127,0.173223
100,128,0.010875
100,129,0.078481
100,130,0.105027
100,131,0.091335
100,132,0.093124
100,133,0.114834
100,134,0.067608
100,135,0.004951
100,136,0.012349
100,137,0.043307
100,138,0.086592
100,139,0.086326
100,140,0.006340
100,141,0.063299
100,142,0.080502
100,143,0.010397
100,144,0.021353
100,145,0.051436
100,146,0.048279
100,147,0.022913
100,148,0.008225
100,149,0.000875
100,150,0.020442
100,151,0.104700
100,152,0.075168
100,153,0.082163
100,154,0.098156
100,155,0.096956
100,156,0.097345
100,157,0.130552
100,158,0.115257
100,159,0.083989
100,160,0.091459
100,161,0.050430
100,162,0.003619
100,163,0.009124
100,164,0.003492
100,165,0.022835
100,166,0.010120
100,167,0.022874
100,168,0.012544
100,169,0.002412
100,170,0.060762
100,171,0.205554
100,172,0.016862
100,173,0.024010
100,174,0.026443
100,175,0.069368
100,176,0.032059
100,177,0.013228
100,178,0.003394
100,179,0.004092
100,180,0.003736
100,181,0.019724
100,182,0.000420
100,183,0.000722
100,184,0.024431
100,185,0.016804
100,186,0.004410
100,187,0.022527
100,188,0.018977
100,189,0.052248
100,190,0.120668
100,191,0.180297
100,192,0.210335
100,193,0.186603
101,1,0.110034
101,2,0.175071
101,3,0.023115
101,4,0.083731
101,5,0.106383
101,6,0.068528
101,7,0.002189
101,8,0.180167
101,9,0.142754
101,10,0.040325
101,11,0.032526
101,12,0.025662
101,13,0.121528
101,14,0.419921
101,15,0.399211
101,16,0.421216
101,17,0.191522
101,18,0.013348
101,19,0.005741
101,20,0.025125
101,21,0.034026
101,22,0.042134
101,23,0.114630
101,24,0.148963
101,25,0.146592
101,26,0.036391
101,27,0.131471
101,28,0.209954
101,29,0.293096
101,30,0.231180
101,31,0.170526
101,32,0.088322
101,33,0.061861
101,34,0.001403
101,35,0.020665
101,36,0.012238
101,37,0.045084
101,38,0.026199
101,39,0.001799
101,40,0.139894
101,41,0.114973
101,42,0.101811
101,43,0.168841
101,44,0.006628
101,45,0.247620
101,46,0.029411
101,47,0.134169
101,48,0.016676
101,49,0.187188
101,50,0.096392
101,51,0.082284
101,52,0.152263
101,53,0.089740
101,54,0.020268
101,55,0.017076
101,56,0.127650
101,57,0.205677
101,58,0.267203
101,59,0.295769
101,60,0.208663
101,61,0.135507
101,62,0.078312
101,63,0.057617
101,64,0.138599
101,65,0.186626
101,66,0.173531
101,67,0.110060
101,68,0.177323
101,69,0.015072
101,70,0.007295
101,71,0.142969
101,72,0.106290
101,73,0.101291
101,74,0.039816
101,75,0.016615
101,76,0.019644
101,77,0.020847
101,78,0.074315
101,79,0.068907
101,80,0.118269
101,81,0.117657
101,82,0.032825
101,83,0.075904
101,84,0.070950
101,85,0.017380
101,86,0.101871
101,87,0.172982
101,88,0.031246
101,89,0.056890
101,90,0.037527
101,91,0.049672
101,92,0.000422
101,93,0.079576
101,94,0.037337
101,95,0.075379
101,96,0.068959
101,97,0.063136
101,98,0.037631
101,99,0.089978
101,100,0.005070
101,101,0.000000
101,102,0.056882
101,103,0.103219
101,104,0.158088
101,105,0.120803
101,106,0.113599
101,107,0.238916
101,108,0.019518
101,109,0.193516
101,110,0.162726
101,111,0.215595
101,112,0.244792
101,113,0.071815
101,114,0.003503
101,115,0.043144
101,116,0.016645
101,117,0.084347
101,118,0.192929
101,119,0.181193
101,120,0.102250
101,121,0.136612
101,122,0.019925
101,123,0.031878
101,124,0.051058
101,125,0.089699
101,126,0.260512
101,127,0.265957
101,128,0.076794
101,129,0.010166
101,130,0.080169
101,131,0.102973
101,132,0.089147
101,133,0.139157
101,134,0.099567
101,135,0.001557
101,136,0.045876
101,137,0.032397
101,138,0.075776
101,139,0.019429
101,140,0.018300
101,141,0.151464
101,142,0.002509
101,143,0.002037
101,144,0.024168
101,145,0.080263
101,146,0.096767
101,147,0.069800
101,148,0.046566
101,149,0.005914
101,150,0.015400
101,151,0.144329
101,152,0.141995
101,153,0.171886
101,154,0.165128
101,155,0.149845
101,156,0.153673
101,157,0.145898
101,158,0.040745
101,159,0.029401
101,160,0.067569
101,161,0.064488
101,162,0.034147
101,163,0.028805
101,164,0.050556
101,165,0.063414
101,166,0.167564
101,167,0.204930
101,168,0.016210
101,169,0.012506
101,170,0.053345
101,171,0.159418
101,172,0.062742
101,173,0.063281
101,174,0.046904
101,175,0.013203
101,176,0.074035
101,177,0.011624
101,178,0.052915
101,179,0.035228
101,180,0.061502
101,181,0.052738
101,182,0.026829
101,183,0.039298
101,184,0.021094
101,185,0.082424
101,186,0.015243
101,187,0.032812
101,188,0.025564
101,189,0.037862
101,190,0.057756
101,191,0.018140
101,192,0.079157
101,193,0.055219
102,1,0.008601
102,2,0.034687
102,3,0.107040
102,4,0.164115
102,5,0.168118
102,6,0.086986
102,7,0.098973
102,8,0.124354
102,9,0.009240
102,10,0.087795
102,11,0.043025
102,12,0.014967
102,13,0.082197
102,14,0.266274
102,15,0.303861
102,16,0.326098
102,17,0.213737
102,18,0.016953
102,19,0.020668
102,20,0.021897
102,21,0.052896
102,22,0.018933
102,23,0.101767
102,24,0.062442
102,25,0.205213
102,26,0.159273
102,27,0.203437
102,28,0.236913
102,29,0.277704
102,30,0.259146
102,31,0.183526
102,32,0.052814
102,33,0.140959
102,34,0.012431
102,35,0.007492
102,36,0.006510
102,37,0.015411
102,38,0.007936
102,39,0.014542
102,40,0.092230
102,41,0.071576
102,42,0.043944
102,43,0.115094
102,44,0.022271
102,45,0.310515
102,46,0.008535
102,47,0.036871
102,48,0.033061
102,49,0.175534
102,50,0.106800
102,51,0.113661
102,52,0.188458
102,53,0.119820
102,54,0.083097
102,55,0.094568
102,56,0.181113
102,57,0.240008
102,58,0.199626
102,59,0.261138
102,60,0.157582
102,61,0.089471
102,62,0.018373
102,63,0.082298
102,64,0.117097
102,65,0.163915
102,66,0.150511
102,67,0.073085
102,68,0.102787
102,69,0.046101
102,70,0.046205
102,71,0.147290
102,72,0.072409
102,73,0.048916
102,74,0.031601
102,75,0.039220
102,76,0.072222
102,77,0.100236
102,78,0.122516
102,79,0.104615
102,80,0.142397
102,81,0.162138
102,82,0.111936
102,83,0.015529
102,84,0.003727
102,85,0.088172
102,86,0.050342
102,87,0.093830
102,88,0.096250
102,89,0.116621
102,90,0.106323
102,91,0.021095
102,92,0.041932
102,93,0.071638
102,94,0.056107
102,95,0.085642
102,96,0.080585
102,97,0.058485
102,98,0.039198
102,99,0.066658
102,100,0.032876
102,101,0.056882
102,102,0.000000
102,103,0.047549
102,104,0.090748
102,105,0.024228
102,106,0.191809
102,107,0.148465
102,108,0.076878
102,109,0.172489
102,110,0.202132
102,111,0.165752
102,112,0.177553
102,113,0.093462
102,114,0.022763
102,115,0.074394
102,116,0.067892
102,117,0.109674
102,118,0.229582
102,119,0.207058
102,120,0.096377
102,121,0.069066
102,122,0.038023
102,123,0.049848
102,124,0.063917
102,125,0.145014
102,126,0.273812
102,127,0.272411
102,128,0.128303
102,129,0.068833
102,130,0.006625
102,131,0.045984
102,132,0.042113
102,133,0.084629
102,134,0.098785
102,135,0.015768
102,136,0.046804
102,137,0.023393
102,138,0.056236
102,139,0.014859
102,140,0.001070
102,141,0.103100
102,142,0.045826
102,143,0.024336
102,144,0.031062
102,145,0.010437
102,146,0.011682
102,147,0.007936
102,148,0.010023
102,149,0.026200
102,150,0.006623
102,151,0.144373
102,152,0.184175
102,153,0.148664
102,154,0.130234
102,155,0.125135
102,156,0.077666
102,157,0.062470
102,158,0.004056
102,159,0.012407
102,160,0.010571
102,161,0.090431
102,162,0.001529
102,163,0.023096
102,164,0.054237
102,165,0.082202
102,166,0.141293
102,167,0.187273
102,168,0.019381
102,169,0.038586
102,170,0.101349
102,171,0.166869
102,172,0.025700
102,173,0.002880
102,174,0.003060
102,175,0.062310
102,176,0.103430
102,177,0.064534
102,178,0.072787
102,179,0.049942
102,180,0.098413
102,181,0.130396
102,182,0.102691
102,183,0.083014
102,184,0.032275
102,185,0.106520
102,186,0.061598
102,187,0.051979
102,188,0.038314
102,189,0.005808
102,190,0.070816
102,191,0.021432
102,192,0.111281
102,193,0.077444
103,1,0.016878
103,2,0.062405
103,3,0.029006
103,4,0.092355
103,5,0.066867
103,6,0.025077
103,7,0.016333
103,8,0.167592
103,9,0.116295
103,10,0.030819
103,11,0.051928
103,12,0.026577
103,13,0.077211
103,14,0.295687
103,15,0.329960
103,16,0.346443
103,17,0.132164
103,18,0.038344
103,19,0.016564
103,20,0.037423
103,21,0.003668
103,22,0.076701
103,23,0.157611
103,24,0.068951
103,25,0.126241
103,26,0.088897
103,27,0.199077
103,28,0.285077
103,29,0.335727
103,30,0.314649
103,31,0.222832
103,32,0.110397
103,33,0.106474
103,34,0.006004
103,35,0.023116
103,36,0.004367
103,37,0.005038
103,38,0.013558
103,39,0.009730
103,40,0.105200
103,41,0.135822
103,42,0.125366
103,43,0.221834
103,44,0.078378
103,45,0.282971
103,46,0.025270
103,47,0.132958
103,48,0.043175
103,49,0.123039
103,50,0.090052
103,51,0.035950
103,52,0.103420
103,53,0.065616
103,54,0.068859
103,55,0.076419
103,56,0.169714
103,57,0.227947
103,58,0.228291
103,59,0.278227
103,60,0.177254
103,61,0.127926
103,62,0.043055
103,63,0.039377
103,64,0.090543
103,65,0.135960
103,66,0.132359
103,67,0.061426
103,68,0.105548
103,69,0.043753
103,70,0.011398
103,71,0.122030
103,72,0.082339
103,73,0.033244
103,74,0.041835
103,75,0.029106
103,76,0.081831
103,77,0.103252
103,78,0.096853
103,79,0.074802
103,80,0.146834
103,81,0.180183
103,82,0.130867
103,83,0.036721
103,84,0.036236
103,85,0.098049
103,86,0.068732
103,87,0.122462
103,88,0.094648
103,89,0.137173
103,90,0.120478
103,91,0.026361
103,92,0.066689
103,93,0.017737
103,94,0.017766
103,95,0.044688
103,96,0.094654
103,97,0.025180
103,98,0.017704
103,99,0.021072
103,100,0.071907
103,101,0.103219
103,102,0.047549
103,103,0.000000
103,104,0.022366
103,105,0.037886
103,106,0.206912
103,107,0.114584
103,108,0.045023
103,109,0.218903
103,110,0.180409
103,111,0.190549
103,112,0.220071
103,113,0.060763
103,114,0.013992
103,115,0.003849
103,116,0.036265
103,117,0.103347
103,118,0.215229
103,119,0.179120
103,120,0.053204
103,121,0.039443
103,122,0.004003
103,123,0.093236
103,124,0.015210
103,125,0.118074
103,126,0.230846
103,127,0.221801
103,128,0.125429
103,129,0.085431
103,130,0.040237
103,131,0.014655
103,132,0.007520
103,133,0.032300
103,134,0.063345
103,135,0.000954
103,136,0.029134
103,137,0.020817
103,138,0.043019
103,139,0.000922
103,140,0.016016
103,141,0.097896
103,142,0.007554
103,143,0.008532
103,144,0.037884
103,145,0.009027
103,146,0.005556
103,147,0.013292
103,148,0.010333
103,149,0.035295
103,150,0.031928
103,151,0.080403
103,152,0.133905
103,153,0.099282
103,154,0.053903
103,155,0.055161
103,156,0.050301
103,157,0.019431
103,158,0.043651
103,159,0.070536
103,160,0.051032
103,161,0.097011
103,162,0.054738
103,163,0.046788
103,164,0.053098
103,165,0.077110
103,166,0.154486
103,167,0.204243
103,168,0.032190
103,169,0.045281
103,170,0.093076
103,171,0.124272
103,172,0.018805
103,173,0.010505
103,174,0.006384
103,175,0.061697
103,176,0.112422
103,177,0.063412
103,178,0.058915
103,179,0.039250
103,180,0.092367
103,181,0.125138
103,182,0.098943
103,183,0.076579
103,184,0.034338
103,185,0.090136
103,186,0.064672
103,187,0.022575
103,188,0.016723
103,189,0.046984
103,190,0.103702
103,191,0.054175
103,192,0.026034
103,193,0.005774
104,1,0.048708
104,2,0.107993
104,3,0.225865
104,4,0.223988
104,5,0.282172
104,6,0.190012
104,7,0.142869
104,8,0.227184
104,9,0.315581
104,10,0.297012
104,11,0.298112
104,12,0.120168
104,13,0.040227
104,14,0.015454
104,15,0.104140
104,16,0.094273
104,17,0.302304
104,18,0.088858
104,19,0.163988
104,20,0.176282
104,21,0.172079
104,22,0.192337
104,23,0.077445
104,24,0.129323
104,25,0.079388
104,26,0.056044
104,27,0.137397
104,28,0.030002
104,29,0.116172
104,30,0.105481
104,31,0.048582
104,32,0.099323
104,33,0.032072
104,34,0.012434
104,35,0.035607
104,36,0.007284
104,37,0.014283
104,38,0.048945
104,39,0.081183
104,40,0.048066
104,41,0.146803
104,42,0.134067
104,43,0.183251
104,44,0.036099
104,45,0.023059
104,46,0.096602
104,47,0.315930
104,48,0.221017
104,49,0.118547
104,50,0.050153
104,51,0.197854
104,52,0.247342
104,53,0.135842
104,54,0.018852
104,55,0.027356
104,56,0.059258
104,57,0.064260
104,58,0.135414
104,59,0.136140
104,60,0.086352
104,61,0.128573
104,62,0.084733
104,63,0.082232
104,64,0.010094
104,65,0.020467
104,66,0.012162
104,67,0.023925
104,68,0.069184
104,69,0.039939
104,70,0.024217
104,71,0.119183
104,72,0.042235
104,73,0.042820
104,74,0.036952
104,75,0.009284
104,76,0.019887
104,77,0.049248
104,78,0.009225
104,79,0.020968
104,80,0.050594
104,81,0.079042
104,82,0.073439
104,83,0.124546
104,84,0.109944
104,85,0.060340
104,86,0.114575
104,87,0.201900
104,88,0.100218
104,89,0.174986
104,90,0.201176
104,91,0.139337
104,92,0.106623
104,93,0.115264
104,94,0.138114
104,95,0.017364
104,96,0.218998
104,97,0.190270
104,98,0.237890
104,99,0.225072
104,100,0.200616
104,101,0.158088
104,102,0.090748
104,103,0.022366
104,104,0.000000
104,105,0.084656
104,106,0.029354
104,107,0.032455
104,108,0.026993
104,109,0.033143
104,110,0.101897
104,111,0.040345
104,112,0.030629
104,113,0.074786
104,114,0.018566
104,115,0.072776
104,116,0.051218
104,117,0.003017
104,118,0.033706
104,119,0.047794
104,120,0.058210
104,121,0.008905
104,122,0.068331
104,123,0.033566
104,124,0.028919
104,125,0.060970
104,126,0.109987
104,127,0.131536
104,128,0.017952
104,129,0.061927
104,130,0.065291
104,131,0.074551
104,132,0.088916
104,133,0.101088
104,134,0.125993
104,135,0.100847
104,136,0.057126
104,137,0.060260
104,138,0.064398
104,139,0.012317
104,140,0.085960
104,141,0.079087
104,142,0.053409
104,143,0.075660
104,144,0.101008
104,145,0.086675
104,146,0.085069
104,147,0.040281
104,148,0.002676
104,149,0.015522
104,150,0.057667
104,151,0.122506
104,152,0.061691
104,153,0.050123
104,154,0.082232
104,155,0.006980
104,156,0.008757
104,157,0.038691
104,158,0.075413
104,159,0.201606
104,160,0.127559
104,161,0.009764
104,162,0.129073
104,163,0.083782
104,164,0.025637
104,165,0.085507
104,166,0.248082
104,167,0.225023
104,168,0.182756
104,169,0.071345
104,170,0.035846
104,171,0.074392
104,172,0.004027
104,173,0.002056
104,174,0.029661
104,175,0.014240
104,176,0.048093
104,177,0.034341
104,178,0.001668
104,179,0.014704
104,180,0.005735
104,181,0.004934
104,182,0.015552
104,183,0.003796
104,184,0.019575
104,185,0.023232
104,186,0.009329
104,187,0.003949
104,188,0.001969
104,189,0.047979
104,190,0.233222
104,191,0.280840
104,192,0.347931
104,193,0.322804
105,1,0.016632
105,2,0.024415
105,3,0.098723
105,4,0.121228
105,5,0.110816
105,6,0.070151
105,7,0.102336
105,8,0.096033
105,9,0.113759
105,10,0.070581
105,11,0.071332
105,12,0.036257
105,13,0.004989
105,14,0.024111
105,15,0.041420
105,16,0.045693
105,17,0.145144
105,18,0.045312
105,19,0.013081
105,20,0.016419
105,21,0.076190
105,22,0.056206
105,23,0.163498
105,24,0.077806
105,25,0.160384
105,26,0.144389
105,27,0.141867
105,28,0.138400
105,29,0.050201
105,30,0.040071
105,31,0.058439
105,32,0.023561
105,33,0.031025
105,34,0.004121
105,35,0.035582
105,36,0.011885
105,37,0.052397
105,38,0.029810
105,39,0.063684
105,40,0.015795
105,41,0.072604
105,42,0.052554
105,43,0.034608
105,44,0.027194
105,45,0.166893
105,46,0.008533
105,47,0.077576
105,48,0.020424
105,49,0.071237
105,50,0.024691
105,51,0.096891
105,52,0.122596
105,53,0.077113
105,54,0.073373
105,55,0.069217
105,56,0.043890
105,57,0.067728
105,58,0.059149
105,59,0.051430
105,60,0.035455
105,61,0.005193
105,62,0.025665
105,63,0.024024
105,64,0.129141
105,65,0.145858
105,66,0.068849
105,67,0.051527
105,68,0.055493
105,69,0.008357
105,70,0.009697
105,71,0.067360
105,72,0.018344
105,73,0.011154
105,74,0.008736
105,75,0.009853
105,76,0.035978
105,77,0.030067
105,78,0.072560
105,79,0.073917
105,80,0.076147
105,81,0.045749
105,82,0.000914
105,83,0.044886
105,84,0.027281
105,85,0.043302
105,86,0.001855
105,87,0.037126
105,88,0.054278
105,89,0.000665
105,90,0.026707
105,91,0.017871
105,92,0.025795
105,93,0.027270
105,94,0.024418
105,95,0.006322
105,96,0.035576
105,97,0.037092
105,98,0.078907
105,99,0.107582
105,100,0.098751
105,101,0.120803
105,102,0.024228
105,103,0.037886
105,104,0.084656
105,105,0.000000
105,106,0.130531
105,107,0.025811
105,108,0.079870
105,109,0.001084
105,110,0.128887
105,111,0.060737
105,112,0.007589
105,113,0.042325
105,114,0.017213
105,115,0.088319
105,116,0.094740
105,117,0.163924
105,118,0.188911
105,119,0.170874
105,120,0.146286
105,121,0.062475
105,122,0.067982
105,123,0.006453
105,124,0.095215
105,125,0.174654
105,126,0.300308
105,127,0.310047
105,128,0.082879
105,129,0.035992
105,130,0.036469
105,131,0.015547
105,132,0.011383
105,133,0.021110
105,134,0.019244
105,135,0.008530
105,136,0.017747
105,137,0.021548
105,138,0.031734
105,139,0.072130
105,140,0.033515
105,141,0.021886
105,142,0.134156
105,143,0.070111
105,144,0.042239
105,145,0.028603
105,146,0.024801
105,147,0.025759
105,148,0.021024
105,149,0.019877
105,150,0.038558
105,151,0.074482
105,152,0.020211
105,153,0.021170
105,154,0.000257
105,155,0.019983
105,156,0.052624
105,157,0.011825
105,158,0.044288
105,159,0.024275
105,160,0.020265
105,161,0.071930
105,162,0.008080
105,163,0.056632
105,164,0.085092
105,165,0.070505
105,166,0.077593
105,167,0.050287
105,168,0.022086
105,169,0.028185
105,170,0.045158
105,171,0.106857
105,172,0.014385
105,173,0.041470
105,174,0.029433
105,175,0.038851
105,176,0.091414
105,177,0.062805
105,178,0.108786
105,179,0.089117
105,180,0.092911
105,181,0.094727
105,182,0.069636
105,183,0.064969
105,184,0.057636
105,185,0.043548
105,186,0.023574
105,187,0.020649
105,188,0.040125
105,189,0.031391
105,190,0.020900
105,191,0.051055
105,192,0.117296
105,193,0.095274
106,1,0.000945
106,2,0.039801
106,3,0.058343
106,4,0.012889
106,5,0.125453
106,6,0.026400
106,7,0.082061
106,8,0.065398
106,9,0.047355
106,10,0.133919
106,11,0.108265
106,12,0.022723
106,13,0.016103
106,14,0.175006
106,15,0.181508
106,16,0.115512
106,17,0.002448
106,18,0.121337
106,19,0.196868
106,20,0.109897
106,21,0.001624
106,22,0.146843
106,23,0.154520
106,24,0.109911
106,25,0.040375
106,26,0.013547
106,27,0.146677
106,28,0.142498
106,29,0.083696
106,30,0.068043
106,31,0.043024
106,32,0.050238
106,33,0.022075
106,34,0.005953
106,35,0.006352
106,36,0.015061
106,37,0.011808
106,38,0.034871
106,39,0.003188
106,40,0.078047
106,41,0.029968
106,42,0.049577
106,43,0.035960
106,44,0.052494
106,45,0.183123
106,46,0.037037
106,47,0.018465
106,48,0.065152
106,49,0.271200
106,50,0.173948
106,51,0.057549
106,52,0.003354
106,53,0.084966
106,54,0.029286
106,55,0.034381
106,56,0.040519
106,57,0.064549
106,58,0.066262
106,59,0.124217
106,60,0.122532
106,61,0.049288
106,62,0.052543
106,63,0.038545
106,64,0.046025
106,65,0.116286
106,66,0.070294
106,67,0.020372
106,68,0.087064
106,69,0.026919
106,70,0.023640
106,71,0.122314
106,72,0.051334
106,73,0.066425
106,74,0.004619
106,75,0.041065
106,76,0.072948
106,77,0.041536
106,78,0.076302
106,79,0.115855
106,80,0.057454
106,81,0.052752
106,82,0.001615
106,83,0.069853
106,84,0.056168
106,85,0.011226
106,86,0.044044
106,87,0.006189
106,88,0.103687
106,89,0.104705
106,90,0.087820
106,91,0.095818
106,92,0.101438
106,93,0.023360
106,94,0.008190
106,95,0.070057
106,96,0.127271
106,97,0.147091
106,98,0.135877
106,99,0.146239
106,100,0.040046
106,101,0.113599
106,102,0.191809
106,103,0.206912
106,104,0.029354
106,105,0.130531
106,106,0.000000
106,107,0.132508
106,108,0.159534
106,109,0.047276
106,110,0.040354
106,111,0.149931
106,112,0.183830
106,113,0.141126
106,114,0.068002
106,115,0.034199
106,116,0.032097
106,117,0.075068
106,118,0.088296
106,119,0.059078
106,120,0.062770
106,121,0.031470
106,122,0.038596
106,123,0.035954
106,124,0.005202
106,125,0.042586
106,126,0.150865
106,127,0.185284
106,128,0.004568
106,129,0.006621
106,130,0.068172
106,131,0.110810
106,132,0.085358
106,133,0.176515
106,134,0.191449
106,135,0.104086
106,136,0.103297
106,137,0.098654
106,138,0.036494
106,139,0.034490
106,140,0.018652
106,141,0.007354
106,142,0.018269
106,143,0.018525
106,144,0.068444
106,145,0.078037
106,146,0.162336
106,147,0.088826
106,148,0.012957
106,149,0.016660
106,150,0.022276
106,151,0.022165
106,152,0.044793
106,153,0.022996
106,154,0.041686
106,155,0.055313
106,156,0.037136
106,157,0.038252
106,158,0.048263
106,159,0.084506
106,160,0.083790
106,161,0.189700
106,162,0.134436
106,163,0.088590
106,164,0.097033
106,165,0.041422
106,166,0.057067
106,167,0.088299
106,168,0.151402
106,169,0.066927
106,170,0.012285
106,171,0.083985
106,172,0.016313
106,173,0.038613
106,174,0.042836
106,175,0.014921
106,176,0.026730
106,177,0.056843
106,178,0.038696
106,179,0.035642
106,180,0.010486
106,181,0.032217
106,182,0.007950
106,183,0.022889
106,184,0.036491
106,185,0.001271
106,186,0.077007
106,187,0.049085
106,188,0.001083
106,189,0.029995
106,190,0.210719
106,191,0.278857
106,192,0.367043
106,193,0.347989
107,1,0.041874
107,2,0.093594
107,3,0.010490
107,4,0.028472
107,5,0.110977
107,6,0.040755
107,7,0.120158
107,8,0.302966
107,9,0.202458
107,10,0.174412
107,11,0.150985
107,12,0.115733
107,13,0.060171
107,14,0.148426
107,15,0.195371
107,16,0.154053
107,17,0.067527
107,18,0.140632
107,19,0.248635
107,20,0.163296
107,21,0.030209
107,22,0.015663
107,23,0.034312
107,24,0.229778
107,25,0.138429
107,26,0.207106
107,27,0.069556
107,28,0.128845
107,29,0.179825
107,30,0.078258
107,31,0.154487
107,32,0.125397
107,33,0.024842
107,34,0.038783
107,35,0.029847
107,36,0.062911
107,37,0.049955
107,38,0.018694
107,39,0.049749
107,40,0.063512
107,41,0.103691
107,42,0.050029
107,43,0.099640
107,44,0.063981
107,45,0.069010
107,46,0.015009
107,47,0.091425
107,48,0.222390
107,49,0.246054
107,50,0.151368
107,51,0.076788
107,52,0.006139
107,53,0.028788
107,54,0.021204
107,55,0.066018
107,56,0.098809
107,57,0.085216
107,58,0.065519
107,59,0.056998
107,60,0.014272
107,61,0.091673
107,62,0.045167
107,63,0.090467
107,64,0.067762
107,65,0.027809
107,66,0.045223
107,67,0.101074
107,68,0.051442
107,69,0.122052
107,70,0.073299
107,71,0.146148
107,72,0.101485
107,73,0.099772
107,74,0.103049
107,75,0.068388
107,76,0.018159
107,77,0.073156
107,78,0.082859
107,79,0.027305
107,80,0.114960
107,81,0.120284
107,82,0.150241
107,83,0.176465
107,84,0.131830
107,85,0.087247
107,86,0.061667
107,87,0.160620
107,88,0.185848
107,89,0.236824
107,90,0.238555
107,91,0.145802
107,92,0.110414
107,93,0.028976
107,94,0.016106
107,95,0.070602
107,96,0.236865
107,97,0.194291
107,98,0.210672
107,99,0.165677
107,100,0.152173
107,101,0.238916
107,102,0.148465
107,103,0.114584
107,104,0.032455
107,105,0.025811
107,106,0.132508
107,107,0.000000
107,108,0.327369
107,109,0.158861
107,110,0.152896
107,111,0.211578
107,112,0.177413
107,113,0.041671
107,114,0.196043
107,115,0.108008
107,116,0.088895
107,117,0.021759
107,118,0.078275
107,119,0.135283
107,120,0.078392
107,121,0.060635
107,122,0.065920
107,123,0.135882
107,124,0.130428
107,125,0.059493
107,126,0.025689
107,127,0.054788
107,128,0.154502
107,129,0.162840
107,130,0.171679
107,131,0.146107
107,132,0.096196
107,133,0.159134
107,134,0.188831
107,135,0.123652
107,136,0.103934
107,137,0.103627
107,138,0.058094
107,139,0.008870
107,140,0.007076
107,141,0.018265
107,142,0.004813
107,143,0.000245
107,144,0.048693
107,145,0.095890
107,146,0.140772
107,147,0.095462
107,148,0.102277
107,149,0.156533
107,150,0.157819
107,151,0.025808
107,152,0.010290
107,153,0.020814
107,154,0.004702
107,155,0.078977
107,156,0.045180
107,157,0.027745
107,158,0.008161
107,159,0.018009
107,160,0.055074
107,161,0.085439
107,162,0.064044
107,163,0.068543
107,164,0.089899
107,165,0.035223
107,166,0.125938
107,167,0.217600
107,168,0.172688
107,169,0.067155
107,170,0.080097
107,171,0.052015
107,172,0.051871
107,173,0.100031
107,174,0.138773
107,175,0.089733
107,176,0.042947
107,177,0.098010
107,178,0.078523
107,179,0.055027
107,180,0.071782
107,181,0.142182
107,182,0.085760
107,183,0.123757
107,184,0.102772
107,185,0.083867
107,186,0.146899
107,187,0.112447
107,188,0.090148
107,189,0.006258
107,190,0.286384
107,191,0.321972
107,192,0.376247
107,193,0.339837
108,1,0.022800
108,2,0.057312
108,3,0.041612
108,4,0.057150
108,5,0.111149
108,6,0.042421
108,7,0.130535
108,8,0.029907
108,9,0.105810
108,10,0.177926
108,11,0.150548
108,12,0.145737
108,13,0.106389
108,14,0.218444
108,15,0.248442
108,16,0.208185
108,17,0.084255
108,18,0.188511
108,19,0.200738
108,20,0.174400
108,21,0.107144
108,22,0.031862
108,23,0.095068
108,24,0.247493
108,25,0.063995
108,26,0.039093
108,27,0.009747
108,28,0.011547
108,29,0.111099
108,30,0.030673
108,31,0.072084
108,32,0.111333
108,33,0.004659
108,34,0.050036
108,35,0.053950
108,36,0.048446
108,37,0.040534
108,38,0.030231
108,39,0.024128
108,40,0.004995
108,41,0.010324
108,42,0.031052
108,43,0.031001
108,44,0.073503
108,45,0.085547
108,46,0.048079
108,47,0.027844
108,48,0.105918
108,49,0.143489
108,50,0.137942
108,51,0.052018
108,52,0.023109
108,53,0.054640
108,54,0.016456
108,55,0.025100
108,56,0.028498
108,57,0.072508
108,58,0.039117
108,59,0.081570
108,60,0.001538
108,61,0.024782
108,62,0.019010
108,63,0.081092
108,64,0.010802
108,65,0.013018
108,66,0.027528
108,67,0.089600
108,68,0.009935
108,69,0.070403
108,70,0.075507
108,71,0.146657
108,72,0.085718
108,73,0.085092
108,74,0.069730
108,75,0.046322
108,76,0.014853
108,77,0.003142
108,78,0.038883
108,79,0.025915
108,80,0.022787
108,81,0.005510
108,82,0.027610
108,83,0.080734
108,84,0.003760
108,85,0.044152
108,86,0.037419
108,87,0.017476
108,88,0.014274
108,89,0.013474
108,90,0.028461
108,91,0.018910
108,92,0.024470
108,93,0.017498
108,94,0.008920
108,95,0.031901
108,96,0.055127
108,97,0.076652
108,98,0.051910
108,99,0.020232
108,100,0.003978
108,101,0.019518
108,102,0.076878
108,103,0.045023
108,104,0.026993
108,105,0.079870
108,106,0.159534
108,107,0.327369
108,108,0.000000
108,109,0.218311
108,110,0.140223
108,111,0.209811
108,112,0.216356
108,113,0.100430
108,114,0.081050
108,115,0.012901
108,116,0.019219
108,117,0.032268
108,118,0.015935
108,119,0.045777
108,120,0.021208
108,121,0.010743
108,122,0.132455
108,123,0.032253
108,124,0.032267
108,125,0.064159
108,126,0.050371
108,127,0.084115
108,128,0.045358
108,129,0.048173
108,130,0.087184
108,131,0.083527
108,132,0.064402
108,133,0.100822
108,134,0.128762
108,135,0.078442
108,136,0.069283
108,137,0.027484
108,138,0.006211
108,139,0.011180
108,140,0.032133
108,141,0.073130
108,142,0.023201
108,143,0.009843
108,144,0.048442
108,145,0.057028
108,146,0.026540
108,147,0.084545
108,148,0.086119
108,149,0.043438
108,150,0.064356
108,151,0.006050
108,152,0.054539
108,153,0.064066
108,154,0.028887
108,155,0.015923
108,156,0.058445
108,157,0.018886
108,158,0.016901
108,159,0.046177
108,160,0.079350
108,161,0.109831
108,162,0.078263
108,163,0.135357
108,164,0.153943
108,165,0.122543
108,166,0.021357
108,167,0.055120
108,168,0.082690
108,169,0.008643
108,170,0.021835
108,171,0.042883
108,172,0.084682
108,173,0.102144
108,174,0.099508
108,175,0.042762
108,176,0.000526
108,177,0.048391
108,178,0.051067
108,179,0.058198
108,180,0.062559
108,181,0.070491
108,182,0.055325
108,183,0.093921
108,184,0.105094
108,185,0.034756
108,186,0.089126
108,187,0.056805
108,188,0.000379
108,189,0.000639
108,190,0.142693
108,191,0.183708
108,192,0.224230
108,193,0.192338
109,1,0.340161
109,2,0.279466
109,3,0.136056
109,4,0.050630
109,5,0.099630
109,6,0.213468
109,7,0.277905
109,8,0.279787
109,9,0.207940
109,10,0.177779
109,11,0.162021
109,12,0.158678
109,13,0.166327
109,14,0.233059
109,15,0.153670
109,16,0.135341
109,17,0.086838
109,18,0.066850
109,19,0.121950
109,20,0.117137
109,21,0.163501
109,22,0.203026
109,23,0.018847
109,24,0.091109
109,25,0.093078
109,26,0.119851
109,27,0.007733
109,28,0.070281
109,29,0.064445
109,30,0.013113
109,31,0.026504
109,32,0.063590
109,33,0.022359
109,34,0.059909
109,35,0.054196
109,36,0.049571
109,37,0.010475
109,38,0.019873
109,39,0.034756
109,40,0.059854
109,41,0.037480
109,42,0.039923
109,43,0.004436
109,44,0.010005
109,45,0.145072
109,46,0.051246
109,47,0.097379
109,48,0.066817
109,49,0.080734
109,50,0.011770
109,51,0.035081
109,52,0.098096
109,53,0.024157
109,54,0.034056
109,55,0.058170
109,56,0.034076
109,57,0.052210
109,58,0.052096
109,59,0.076410
109,60,0.043220
109,61,0.013745
109,62,0.023444
109,63,0.012888
109,64,0.002674
109,65,0.080274
109,66,0.044841
109,67,0.011944
109,68,0.014767
109,69,0.037812
109,70,0.002154
109,71,0.041603
109,72,0.034134
109,73,0.046265
109,74,0.074069
109,75,0.045394
109,76,0.048525
109,77,0.081302
109,78,0.066673
109,79,0.069994
109,80,0.075889
109,81,0.052224
109,82,0.187336
109,83,0.231731
109,84,0.255225
109,85,0.179029
109,86,0.096967
109,87,0.061374
109,88,0.164309
109,89,0.208462
109,90,0.137426
109,91,0.109439
109,92,0.063844
109,93,0.095622
109,94,0.114792
109,95,0.013124
109,96,0.155415
109,97,0.114000
109,98,0.095520
109,99,0.175432
109,100,0.123373
109,101,0.193516
109,102,0.172489
109,103,0.218903
109,104,0.033143
109,105,0.001084
109,106,0.047276
109,107,0.158861
109,108,0.218311
109,109,0.000000
109,110,0.001391
109,111,0.055820
109,112,0.195813
109,113,0.145659
109,114,0.179093
109,115,0.150144
109,116,0.056869
109,117,0.016539
109,118,0.038151
109,119,0.053628
109,120,0.060301
109,121,0.081994
109,122,0.099468
109,123,0.323252
109,124,0.218482
109,125,0.099893
109,126,0.178267
109,127,0.134597
109,128,0.000466
109,129,0.027957
109,130,0.069714
109,131,0.053217
109,132,0.055648
109,133,0.043167
109,134,0.051590
109,135,0.095685
109,136,0.090370
109,137,0.033668
109,138,0.078345
109,139,0.153125
109,140,0.087169
109,141,0.029390
109,142,0.077804
109,143,0.048217
109,144,0.090316
109,145,0.103812
109,146,0.068189
109,147,0.040944
109,148,0.129634
109,149,0.193206
109,150,0.138485
109,151,0.048537
109,152,0.113813
109,153,0.002216
109,154,0.007260
109,155,0.024249
109,156,0.026040
109,157,0.010750
109,158,0.035270
109,159,0.004939
109,160,0.085149
109,161,0.003973
109,162,0.045175
109,163,0.042024
109,164,0.036600
109,165,0.039591
109,166,0.033572
109,167,0.023545
109,168,0.039960
109,169,0.016162
109,170,0.058713
109,171,0.018824
109,172,0.041637
109,173,0.027917
109,174,0.043733
109,175,0.043315
109,176,0.009535
109,177,0.030874
109,178,0.037800
109,179,0.047428
109,180,0.070993
109,181,0.022870
109,182,0.019068
109,183,0.000174
109,184,0.026983
109,185,0.026644
109,186,0.003666
109,187,0.029575
109,188,0.040952
109,189,0.091229
109,190,0.042895
109,191,0.041903
109,192,0.046300
109,193,0.061917
110,1,0.301127
110,2,0.263808
110,3,0.238041
110,4,0.191169
110,5,0.245891
110,6,0.359584
110,7,0.305893
110,8,0.221943
110,9,0.143136
110,10,0.183100
110,11,0.177009
110,12,0.167510
110,13,0.238935
110,14,0.363897
110,15,0.341849
110,16,0.340794
110,17,0.133109
110,18,0.055266
110,19,0.027785
110,20,0.042589
110,21,0.169967
110,22,0.245824
110,23,0.022719
110,24,0.002589
110,25,0.061370
110,26,0.091804
110,27,0.020656
110,28,0.021030
110,29,0.044615
110,30,0.037415
110,31,0.016302
110,32,0.094774
110,33,0.020860
110,34,0.032778
110,35,0.019747
110,36,0.038787
110,37,0.003002
110,38,0.005968
110,39,0.035942
110,40,0.016880
110,41,0.112192
110,42,0.113308
110,43,0.051499
110,44,0.011605
110,45,0.182518
110,46,0.053725
110,47,0.102081
110,48,0.026082
110,49,0.057415
110,50,0.013327
110,51,0.047440
110,52,0.023790
110,53,0.015201
110,54,0.045587
110,55,0.105075
110,56,0.064965
110,57,0.022465
110,58,0.012114
110,59,0.010671
110,60,0.004463
110,61,0.013385
110,62,0.041021
110,63,0.074351
110,64,0.017202
110,65,0.010923
110,66,0.090904
110,67,0.030499
110,68,0.019863
110,69,0.008266
110,70,0.014755
110,71,0.018184
110,72,0.012474
110,73,0.031818
110,74,0.019203
110,75,0.004921
110,76,0.047021
110,77,0.067025
110,78,0.030213
110,79,0.034600
110,80,0.026161
110,81,0.060700
110,82,0.152404
110,83,0.198756
110,84,0.228559
110,85,0.166666
110,86,0.079788
110,87,0.069043
110,88,0.150488
110,89,0.186205
110,90,0.122733
110,91,0.138591
110,92,0.105826
110,93,0.044856
110,94,0.092660
110,95,0.019050
110,96,0.168339
110,97,0.119191
110,98,0.132551
110,99,0.229451
110,100,0.175876
110,101,0.162726
110,102,0.202132
110,103,0.180409
110,104,0.101897
110,105,0.128887
110,106,0.040354
110,107,0.152896
110,108,0.140223
110,109,0.001391
110,110,0.000000
110,111,0.000703
110,112,0.147422
110,113,0.090632
110,114,0.091616
110,115,0.055532
110,116,0.034520
110,117,0.029305
110,118,0.003606
110,119,0.012197
110,120,0.038662
110,121,0.064606
110,122,0.164468
110,123,0.253931
110,124,0.161517
110,125,0.112970
110,126,0.201077
110,127,0.146050
110,128,0.001916
110,129,0.044114
110,130,0.083815
110,131,0.064378
110,132,0.085581
110,133,0.048350
110,134,0.052493
110,135,0.090583
110,136,0.085376
110,137,0.060904
110,138,0.079486
110,139,0.126878
110,140,0.135278
110,141,0.091524
110,142,0.063851
110,143,0.122062
110,144,0.126948
110,145,0.132238
110,146,0.057989
110,147,0.065809
110,148,0.110072
110,149,0.154142
110,150,0.118560
110,151,0.134174
110,152,0.148385
110,153,0.074632
110,154,0.085564
110,155,0.157257
110,156,0.123408
110,157,0.093591
110,158,0.161509
110,159,0.128737
110,160,0.062629
110,161,0.149886
110,162,0.055096
110,163,0.067994
110,164,0.035819
110,165,0.028386
110,166,0.014714
110,167,0.039377
110,168,0.012582
110,169,0.013372
110,170,0.008392
110,171,0.075545
110,172,0.023711
110,173,0.010118
110,174,0.029693
110,175,0.041202
110,176,0.019574
110,177,0.032033
110,178,0.049038
110,179,0.056995
110,180,0.073812
110,181,0.035720
110,182,0.024587
110,183,0.021654
110,184,0.003530
110,185,0.004454
110,186,0.032268
110,187,0.033706
110,188,0.073813
110,189,0.035012
110,190,0.008798
110,191,0.020336
110,192,0.043541
110,193,0.053239
111,1,0.208055
111,2,0.215713
111,3,0.144468
111,4,0.105778
111,5,0.226932
111,6,0.268082
111,7,0.317134
111,8,0.342059
111,9,0.227626
111,10,0.285090
111,11,0.260925
111,12,0.202962
111,13,0.185393
111,14,0.309130
111,15,0.295211
111,16,0.260237
111,17,0.003350
111,18,0.129224
111,19,0.173923
111,20,0.204884
111,21,0.265881
111,22,0.315290
111,23,0.195353
111,24,0.091846
111,25,0.171148
111,26,0.233961
111,27,0.078534
111,28,0.090357
111,29,0.082866
111,30,0.006327
111,31,0.039254
111,32,0.065863
111,33,0.017119
111,34,0.016433
111,35,0.027338
111,36,0.013212
111,37,0.006976
111,38,0.050595
111,39,0.048772
111,40,0.025246
111,41,0.027721
111,42,0.037000
111,43,0.038230
111,44,0.077026
111,45,0.030216
111,46,0.150390
111,47,0.177368
111,48,0.151011
111,49,0.133568
111,50,0.047638
111,51,0.040291
111,52,0.039944
111,53,0.013435
111,54,0.052961
111,55,0.122977
111,56,0.112006
111,57,0.053687
111,58,0.030348
111,59,0.001190
111,60,0.043084
111,61,0.011685
111,62,0.053529
111,63,0.101096
111,64,0.078949
111,65,0.050035
111,66,0.130559
111,67,0.036108
111,68,0.051662
111,69,0.033270
111,70,0.025952
111,71,0.085935
111,72,0.058983
111,73,0.076591
111,74,0.086990
111,75,0.039533
111,76,0.044799
111,77,0.095243
111,78,0.107177
111,79,0.077116
111,80,0.117206
111,81,0.096185
111,82,0.222334
111,83,0.230119
111,84,0.242550
111,85,0.176087
111,86,0.195125
111,87,0.154946
111,88,0.280965
111,89,0.297257
111,90,0.203808
111,91,0.182474
111,92,0.159144
111,93,0.082523
111,94,0.149458
111,95,0.045965
111,96,0.244184
111,97,0.167989
111,98,0.149322
111,99,0.186249
111,100,0.139639
111,101,0.215595
111,102,0.165752
111,103,0.190549
111,104,0.040345
111,105,0.060737
111,106,0.149931
111,107,0.211578
111,108,0.209811
111,109,0.055820
111,110,0.000703
111,111,0.000000
111,112,0.127773
111,113,0.153552
111,114,0.229495
111,115,0.180823
111,116,0.123413
111,117,0.034792
111,118,0.053433
111,119,0.149656
111,120,0.154294
111,121,0.190067
111,122,0.072605
111,123,0.319639
111,124,0.198748
111,125,0.076144
111,126,0.139212
111,127,0.097936
111,128,0.051005
111,129,0.090762
111,130,0.097252
111,131,0.089121
111,132,0.106097
111,133,0.095204
111,134,0.136136
111,135,0.209878
111,136,0.185303
111,137,0.131133
111,138,0.157855
111,139,0.191134
111,140,0.132025
111,141,0.083291
111,142,0.139883
111,143,0.145648
111,144,0.198847
111,145,0.222745
111,146,0.177350
111,147,0.125313
111,148,0.158675
111,149,0.150271
111,150,0.152158
111,151,0.091644
111,152,0.111013
111,153,0.014012
111,154,0.000714
111,155,0.027673
111,156,0.011427
111,157,0.012026
111,158,0.035649
111,159,0.034042
111,160,0.038749
111,161,0.036818
111,162,0.012847
111,163,0.005036
111,164,0.021146
111,165,0.000624
111,166,0.088807
111,167,0.068671
111,168,0.110833
111,169,0.054277
111,170,0.060663
111,171,0.023252
111,172,0.067831
111,173,0.036782
111,174,0.067100
111,175,0.081682
111,176,0.095902
111,177,0.034546
111,178,0.026475
111,179,0.012578
111,180,0.020096
111,181,0.032784
111,182,0.006019
111,183,0.030241
111,184,0.029374
111,185,0.050115
111,186,0.028244
111,187,0.030508
111,188,0.028713
111,189,0.041736
111,190,0.133925
111,191,0.121558
111,192,0.103766
111,193,0.085689
112,1,0.250673
112,2,0.213475
112,3,0.089397
112,4,0.057123
112,5,0.171601
112,6,0.224983
112,7,0.299879
112,8,0.360866
112,9,0.204486
112,10,0.245366
112,11,0.226628
112,12,0.187465
112,13,0.187751
112,14,0.340912
112,15,0.313490
112,16,0.271101
112,17,0.070253
112,18,0.126928
112,19,0.235473
112,20,0.259391
112,21,0.251566
112,22,0.271330
112,23,0.223492
112,24,0.167204
112,25,0.230284
112,26,0.307268
112,27,0.128136
112,28,0.150113
112,29,0.111215
112,30,0.008445
112,31,0.039078
112,32,0.019318
112,33,0.028963
112,34,0.026900
112,35,0.049921
112,36,0.012961
112,37,0.037582
112,38,0.063106
112,39,0.031734
112,40,0.059087
112,41,0.028373
112,42,0.024734
112,43,0.055480
112,44,0.103391
112,45,0.017990
112,46,0.176873
112,47,0.159354
112,48,0.199160
112,49,0.171947
112,50,0.085338
112,51,0.024158
112,52,0.084872
112,53,0.008488
112,54,0.060810
112,55,0.142905
112,56,0.142522
112,57,0.095898
112,58,0.063469
112,59,0.028072
112,60,0.022488
112,61,0.041268
112,62,0.062099
112,63,0.089849
112,64,0.155103
112,65,0.072627
112,66,0.129413
112,67,0.117459
112,68,0.085860
112,69,0.071548
112,70,0.038046
112,71,0.112156
112,72,0.079915
112,73,0.063633
112,74,0.112131
112,75,0.066174
112,76,0.010545
112,77,0.062794
112,78,0.104459
112,79,0.057828
112,80,0.092333
112,81,0.046779
112,82,0.195700
112,83,0.194785
112,84,0.230486
112,85,0.167246
112,86,0.240260
112,87,0.215994
112,88,0.327145
112,89,0.351980
112,90,0.268583
112,91,0.212806
112,92,0.214321
112,93,0.002211
112,94,0.112971
112,95,0.011548
112,96,0.293072
112,97,0.184670
112,98,0.162407
112,99,0.175118
112,100,0.117711
112,101,0.244792
112,102,0.177553
112,103,0.220071
112,104,0.030629
112,105,0.007589
112,106,0.183830
112,107,0.177413
112,108,0.216356
112,109,0.195813
112,110,0.147422
112,111,0.127773
112,112,0.000000
112,113,0.184153
112,114,0.218635
112,115,0.155069
112,116,0.113940
112,117,0.012130
112,118,0.065496
112,119,0.179800
112,120,0.152972
112,121,0.211249
112,122,0.118598
112,123,0.340027
112,124,0.212145
112,125,0.047810
112,126,0.107855
112,127,0.096427
112,128,0.074681
112,129,0.110195
112,130,0.101008
112,131,0.106381
112,132,0.132853
112,133,0.135945
112,134,0.167902
112,135,0.209276
112,136,0.213407
112,137,0.148680
112,138,0.137309
112,139,0.164088
112,140,0.064982
112,141,0.030875
112,142,0.166902
112,143,0.157478
112,144,0.209886
112,145,0.234916
112,146,0.217543
112,147,0.132154
112,148,0.178350
112,149,0.156117
112,150,0.165545
112,151,0.077079
112,152,0.093046
112,153,0.041709
112,154,0.007587
112,155,0.032960
112,156,0.016428
112,157,0.001602
112,158,0.068106
112,159,0.016252
112,160,0.090913
112,161,0.042840
112,162,0.056544
112,163,0.025805
112,164,0.035979
112,165,0.024779
112,166,0.096112
112,167,0.104972
112,168,0.115551
112,169,0.052400
112,170,0.104753
112,171,0.064861
112,172,0.088605
112,173,0.054513
112,174,0.094582
112,175,0.091034
112,176,0.077498
112,177,0.036940
112,178,0.051311
112,179,0.055482
112,180,0.051736
112,181,0.070265
112,182,0.030220
112,183,0.059314
112,184,0.069222
112,185,0.073851
112,186,0.071402
112,187,0.066741
112,188,0.075459
112,189,0.012376
112,190,0.166914
112,191,0.173142
112,192,0.177378
112,193,0.138205
113,1,0.038182
113,2,0.040880
113,3,0.092895
113,4,0.082076
113,5,0.097505
113,6,0.134496
113,7,0.106364
113,8,0.211322
113,9,0.204225
113,10,0.166119
113,11,0.181984
113,12,0.131977
113,13,0.054644
113,14,0.228084
113,15,0.250977
113,16,0.281153
113,17,0.013862
113,18,0.057864
113,19,0.089223
113,20,0.137737
113,21,0.161400
113,22,0.184401
113,23,0.072377
113,24,0.059383
113,25,0.110083
113,26,0.084601
113,27,0.032482
113,28,0.120704
113,29,0.241043
113,30,0.172734
113,31,0.131400
113,32,0.035528
113,33,0.070114
113,34,0.003264
113,35,0.073528
113,36,0.022329
113,37,0.024414
113,38,0.026722
113,39,0.052361
113,40,0.095539
113,41,0.163807
113,42,0.117885
113,43,0.170065
113,44,0.036816
113,45,0.215811
113,46,0.026052
113,47,0.228799
113,48,0.101910
113,49,0.017662
113,50,0.087375
113,51,0.017058
113,52,0.008482
113,53,0.031449
113,54,0.095759
113,55,0.130274
113,56,0.204119
113,57,0.182822
113,58,0.216924
113,59,0.222925
113,60,0.117052
113,61,0.099338
113,62,0.071049
113,63,0.049777
113,64,0.102480
113,65,0.176400
113,66,0.132698
113,67,0.008123
113,68,0.099997
113,69,0.036533
113,70,0.049399
113,71,0.080871
113,72,0.106332
113,73,0.084965
113,74,0.007107
113,75,0.007910
113,76,0.012752
113,77,0.036970
113,78,0.019173
113,79,0.007517
113,80,0.088223
113,81,0.082334
113,82,0.045300
113,83,0.049766
113,84,0.065517
113,85,0.103444
113,86,0.106967
113,87,0.201441
113,88,0.105271
113,89,0.139161
113,90,0.146442
113,91,0.120620
113,92,0.120886
113,93,0.084909
113,94,0.056828
113,95,0.001714
113,96,0.121862
113,97,0.064964
113,98,0.073151
113,99,0.083408
113,100,0.110936
113,101,0.071815
113,102,0.093462
113,103,0.060763
113,104,0.074786
113,105,0.042325
113,106,0.141126
113,107,0.041671
113,108,0.100430
113,109,0.145659
113,110,0.090632
113,111,0.153552
113,112,0.184153
113,113,0.000000
113,114,0.092377
113,115,0.085857
113,116,0.051606
113,117,0.134615
113,118,0.120918
113,119,0.085743
113,120,0.010936
113,121,0.081422
113,122,0.217737
113,123,0.007718
113,124,0.080698
113,125,0.066838
113,126,0.172326
113,127,0.166291
113,128,0.093494
113,129,0.062085
113,130,0.052414
113,131,0.055927
113,132,0.084935
113,133,0.026251
113,134,0.021878
113,135,0.101913
113,136,0.073682
113,137,0.090984
113,138,0.097547
113,139,0.047290
113,140,0.122639
113,141,0.169994
113,142,0.019504
113,143,0.038507
113,144,0.004993
113,145,0.019175
113,146,0.057420
113,147,0.101062
113,148,0.134067
113,149,0.005452
113,150,0.052093
113,151,0.068437
113,152,0.089074
113,153,0.152897
113,154,0.143660
113,155,0.048609
113,156,0.067611
113,157,0.096930
113,158,0.004146
113,159,0.064861
113,160,0.039598
113,161,0.001748
113,162,0.116205
113,163,0.059001
113,164,0.062674
113,165,0.112384
113,166,0.118206
113,167,0.163729
113,168,0.055697
113,169,0.009199
113,170,0.022002
113,171,0.046708
113,172,0.001666
113,173,0.025271
113,174,0.003707
113,175,0.101440
113,176,0.129715
113,177,0.049959
113,178,0.037618
113,179,0.001574
113,180,0.021728
113,181,0.041145
113,182,0.025523
113,183,0.044275
113,184,0.004834
113,185,0.028240
113,186,0.029023
113,187,0.016543
113,188,0.009832
113,189,0.000834
113,190,0.091223
113,191,0.031211
113,192,0.012639
113,193,0.027786
114,1,0.065686
114,2,0.000470
114,3,0.068972
114,4,0.079398
114,5,0.019678
114,6,0.035294
114,7,0.108586
114,8,0.129553
114,9,0.048165
114,10,0.042421
114,11,0.057038
114,12,0.051565
114,13,0.019622
114,14,0.176645
114,15,0.180547
114,16,0.151240
114,17,0.002804
114,18,0.116891
114,19,0.192828
114,20,0.140923
114,21,0.053158
114,22,0.037070
114,23,0.047394
114,24,0.276541
114,25,0.082934
114,26,0.099053
114,27,0.031374
114,28,0.028960
114,29,0.032093
114,30,0.001256
114,31,0.063196
114,32,0.045757
114,33,0.020381
114,34,0.006830
114,35,0.003363
114,36,0.008914
114,37,0.006269
114,38,0.021611
114,39,0.052511
114,40,0.055723
114,41,0.045533
114,42,0.061979
114,43,0.066643
114,44,0.038785
114,45,0.128385
114,46,0.035088
114,47,0.017509
114,48,0.047544
114,49,0.144135
114,50,0.141650
114,51,0.020149
114,52,0.080897
114,53,0.005547
114,54,0.005123
114,55,0.036480
114,56,0.051354
114,57,0.088487
114,58,0.082122
114,59,0.128917
114,60,0.057475
114,61,0.058399
114,62,0.011251
114,63,0.003928
114,64,0.036327
114,65,0.044140
114,66,0.064449
114,67,0.048909
114,68,0.051120
114,69,0.076886
114,70,0.018029
114,71,0.070487
114,72,0.065478
114,73,0.030101
114,74,0.066555
114,75,0.080098
114,76,0.001875
114,77,0.005347
114,78,0.030631
114,79,0.019008
114,80,0.065505
114,81,0.046188
114,82,0.053402
114,83,0.109789
114,84,0.080082
114,85,0.037007
114,86,0.093895
114,87,0.054162
114,88,0.049669
114,89,0.038651
114,90,0.025465
114,91,0.020064
114,92,0.051914
114,93,0.006970
114,94,0.015078
114,95,0.013488
114,96,0.088251
114,97,0.055181
114,98,0.027939
114,99,0.057113
114,100,0.030187
114,101,0.003503
114,102,0.022763
114,103,0.013992
114,104,0.018566
114,105,0.017213
114,106,0.068002
114,107,0.196043
114,108,0.081050
114,109,0.179093
114,110,0.091616
114,111,0.229495
114,112,0.218635
114,113,0.092377
114,114,0.000000
114,115,0.033075
114,116,0.006422
114,117,0.004959
114,118,0.029028
114,119,0.040543
114,120,0.031846
114,121,0.050728
114,122,0.114930
114,123,0.109977
114,124,0.063352
114,125,0.067813
114,126,0.006765
114,127,0.017323
114,128,0.065776
114,129,0.074847
114,130,0.091786
114,131,0.023869
114,132,0.007735
114,133,0.043375
114,134,0.005988
114,135,0.061316
114,136,0.053991
114,137,0.017066
114,138,0.038353
114,139,0.043962
114,140,0.086462
114,141,0.100247
114,142,0.052321
114,143,0.057521
114,144,0.027476
114,145,0.050125
114,146,0.032274
114,147,0.061019
114,148,0.106355
114,149,0.064374
114,150,0.090604
114,151,0.044968
114,152,0.057112
114,153,0.020701
114,154,0.003122
114,155,0.001407
114,156,0.013341
114,157,0.052207
114,158,0.065585
114,159,0.082320
114,160,0.073467
114,161,0.085771
114,162,0.151014
114,163,0.143526
114,164,0.119305
114,165,0.069248
114,166,0.003177
114,167,0.010127
114,168,0.041460
114,169,0.012976
114,170,0.004363
114,171,0.015754
114,172,0.041474
114,173,0.063314
114,174,0.057723
114,175,0.009402
114,176,0.027061
114,177,0.081873
114,178,0.099133
114,179,0.091725
114,180,0.080899
114,181,0.094711
114,182,0.066902
114,183,0.069281
114,184,0.097394
114,185,0.037841
114,186,0.110199
114,187,0.072665
114,188,0.060510
114,189,0.076480
114,190,0.118131
114,191,0.132781
114,192,0.193272
114,193,0.183787
115,1,0.083418
115,2,0.006116
115,3,0.070018
115,4,0.064769
115,5,0.048323
115,6,0.072881
115,7,0.050207
115,8,0.054281
115,9,0.004277
115,10,0.013012
115,11,0.023373
115,12,0.034147
115,13,0.025764
115,14,0.110907
115,15,0.099495
115,16,0.057594
115,17,0.090875
115,18,0.080705
115,19,0.142224
115,20,0.075800
115,21,0.002983
115,22,0.097836
115,23,0.046962
115,24,0.158624
115,25,0.047450
115,26,0.062025
115,27,0.008110
115,28,0.017965
115,29,0.018804
115,30,0.064280
115,31,0.003220
115,32,0.014623
115,33,0.048856
115,34,0.003487
115,35,0.000853
115,36,0.012510
115,37,0.036329
115,38,0.036383
115,39,0.086988
115,40,0.101942
115,41,0.099709
115,42,0.129628
115,43,0.146693
115,44,0.072162
115,45,0.147182
115,46,0.068596
115,47,0.097776
115,48,0.019266
115,49,0.090386
115,50,0.083460
115,51,0.010572
115,52,0.110291
115,53,0.031920
115,54,0.057280
115,55,0.062976
115,56,0.090437
115,57,0.128486
115,58,0.124731
115,59,0.149515
115,60,0.088555
115,61,0.098814
115,62,0.041077
115,63,0.037958
115,64,0.056730
115,65,0.069936
115,66,0.099797
115,67,0.018505
115,68,0.067634
115,69,0.021775
115,70,0.021005
115,71,0.039247
115,72,0.047836
115,73,0.001760
115,74,0.032083
115,75,0.059876
115,76,0.020920
115,77,0.015251
115,78,0.015522
115,79,0.028015
115,80,0.031242
115,81,0.000387
115,82,0.022994
115,83,0.031579
115,84,0.018415
115,85,0.021712
115,86,0.083879
115,87,0.080329
115,88,0.005753
115,89,0.016157
115,90,0.022457
115,91,0.032273
115,92,0.015707
115,93,0.044834
115,94,0.020641
115,95,0.007199
115,96,0.021346
115,97,0.003392
115,98,0.037635
115,99,0.007235
115,100,0.017641
115,101,0.043144
115,102,0.074394
115,103,0.003849
115,104,0.072776
115,105,0.088319
115,106,0.034199
115,107,0.108008
115,108,0.012901
115,109,0.150144
115,110,0.055532
115,111,0.180823
115,112,0.155069
115,113,0.085857
115,114,0.033075
115,115,0.000000
115,116,0.065255
115,117,0.103756
115,118,0.031522
115,119,0.033538
115,120,0.036374
115,121,0.027800
115,122,0.100182
115,123,0.113421
115,124,0.035811
115,125,0.021010
115,126,0.034444
115,127,0.051030
115,128,0.020746
115,129,0.020897
115,130,0.004498
115,131,0.010165
115,132,0.031568
115,133,0.001416
115,134,0.017397
115,135,0.054318
115,136,0.073000
115,137,0.049610
115,138,0.026352
115,139,0.009464
115,140,0.087712
115,141,0.104673
115,142,0.030267
115,143,0.057398
115,144,0.008201
115,145,0.000433
115,146,0.024043
115,147,0.039944
115,148,0.071706
115,149,0.038445
115,150,0.056904
115,151,0.015714
115,152,0.004690
115,153,0.043012
115,154,0.073573
115,155,0.095217
115,156,0.081010
115,157,0.102410
115,158,0.125238
115,159,0.148584
115,160,0.130498
115,161,0.119090
115,162,0.173975
115,163,0.156600
115,164,0.119428
115,165,0.078334
115,166,0.040497
115,167,0.050021
115,168,0.005600
115,169,0.021798
115,170,0.026605
115,171,0.001580
115,172,0.052152
115,173,0.068706
115,174,0.055669
115,175,0.031664
115,176,0.018434
115,177,0.061296
115,178,0.086223
115,179,0.102331
115,180,0.058154
115,181,0.057035
115,182,0.020618
115,183,0.007207
115,184,0.059842
115,185,0.016689
115,186,0.054978
115,187,0.018081
115,188,0.019144
115,189,0.041302
115,190,0.046855
115,191,0.046291
115,192,0.092898
115,193,0.100715
116,1,0.061204
116,2,0.011862
116,3,0.003464
116,4,0.013872
116,5,0.011538
116,6,0.058837
116,7,0.050543
116,8,0.028999
116,9,0.040175
116,10,0.034473
116,11,0.038560
116,12,0.040913
116,13,0.009176
116,14,0.044114
116,15,0.035139
116,16,0.008973
116,17,0.008793
116,18,0.088220
116,19,0.131124
116,20,0.064823
116,21,0.026976
116,22,0.090015
116,23,0.011852
116,24,0.167676
116,25,0.008591
116,26,0.023704
116,27,0.019842
116,28,0.002927
116,29,0.005964
116,30,0.023984
116,31,0.005589
116,32,0.000549
116,33,0.062700
116,34,0.024572
116,35,0.057309
116,36,0.049660
116,37,0.081210
116,38,0.050117
116,39,0.037781
116,40,0.050295
116,41,0.021170
116,42,0.060592
116,43,0.048705
116,44,0.001566
116,45,0.081695
116,46,0.041942
116,47,0.050933
116,48,0.004890
116,49,0.092686
116,50,0.092840
116,51,0.052523
116,52,0.033157
116,53,0.001619
116,54,0.074781
116,55,0.076336
116,56,0.063002
116,57,0.109697
116,58,0.067376
116,59,0.091755
116,60,0.062841
116,61,0.049508
116,62,0.004428
116,63,0.012515
116,64,0.067204
116,65,0.030361
116,66,0.072515
116,67,0.048694
116,68,0.066011
116,69,0.031745
116,70,0.063559
116,71,0.013052
116,72,0.006066
116,73,0.005304
116,74,0.007937
116,75,0.034520
116,76,0.032258
116,77,0.009149
116,78,0.030274
116,79,0.026357
116,80,0.025143
116,81,0.014923
116,82,0.015483
116,83,0.007079
116,84,0.027882
116,85,0.033700
116,86,0.058969
116,87,0.060256
116,88,0.043188
116,89,0.044561
116,90,0.004915
116,91,0.031004
116,92,0.027866
116,93,0.064457
116,94,0.058164
116,95,0.046886
116,96,0.007198
116,97,0.003998
116,98,0.009828
116,99,0.026958
116,100,0.035230
116,101,0.016645
116,102,0.067892
116,103,0.036265
116,104,0.051218
116,105,0.094740
116,106,0.032097
116,107,0.088895
116,108,0.019219
116,109,0.056869
116,110,0.034520
116,111,0.123413
116,112,0.113940
116,113,0.051606
116,114,0.006422
116,115,0.065255
116,116,0.000000
116,117,0.050544
116,118,0.021106
116,119,0.041418
116,120,0.034982
116,121,0.014837
116,122,0.062650
116,123,0.043661
116,124,0.025721
116,125,0.000306
116,126,0.018199
116,127,0.001109
116,128,0.004896
116,129,0.035098
116,130,0.032992
116,131,0.022029
116,132,0.040690
116,133,0.012324
116,134,0.013195
116,135,0.043552
116,136,0.079358
116,137,0.046503
116,138,0.037772
116,139,0.035301
116,140,0.050025
116,141,0.029838
116,142,0.051220
116,143,0.008042
116,144,0.036484
116,145,0.027531
116,146,0.006781
116,147,0.044918
116,148,0.013674
116,149,0.011457
116,150,0.023362
116,151,0.017354
116,152,0.033609
116,153,0.064379
116,154,0.078707
116,155,0.073638
116,156,0.060933
116,157,0.082621
116,158,0.078236
116,159,0.089635
116,160,0.084876
116,161,0.100420
116,162,0.085176
116,163,0.040512
116,164,0.023513
116,165,0.004011
116,166,0.020433
116,167,0.018829
116,168,0.012391
116,169,0.014034
116,170,0.006228
116,171,0.039568
116,172,0.020094
116,173,0.029074
116,174,0.032990
116,175,0.010761
116,176,0.004538
116,177,0.074039
116,178,0.088589
116,179,0.097681
116,180,0.079057
116,181,0.026712
116,182,0.010084
116,183,0.015537
116,184,0.045600
116,185,0.006443
116,186,0.056567
116,187,0.023902
116,188,0.021216
116,189,0.031494
116,190,0.060191
116,191,0.045702
116,192,0.089817
116,193,0.110797
117,1,0.071876
117,2,0.039471
117,3,0.002358
117,4,0.005386
117,5,0.067624
117,6,0.027458
117,7,0.094230
117,8,0.023794
117,9,0.099352
117,10,0.071843
117,11,0.040143
117,12,0.011691
117,13,0.064010
117,14,0.097167
117,15,0.021198
117,16,0.084985
117,17,0.006909
117,18,0.054052
117,19,0.089182
117,20,0.050156
117,21,0.005366
117,22,0.049631
117,23,0.003847
117,24,0.070550
117,25,0.013585
117,26,0.054553
117,27,0.047472
117,28,0.058039
117,29,0.036755
117,30,0.023082
117,31,0.016172
117,32,0.020203
117,33,0.055665
117,34,0.009840
117,35,0.044143
117,36,0.027994
117,37,0.084509
117,38,0.082383
117,39,0.009295
117,40,0.056087
117,41,0.034498
117,42,0.053774
117,43,0.004824
117,44,0.046092
117,45,0.070461
117,46,0.002339
117,47,0.045371
117,48,0.023534
117,49,0.091569
117,50,0.128844
117,51,0.100024
117,52,0.017506
117,53,0.016666
117,54,0.089647
117,55,0.097585
117,56,0.076975
117,57,0.094795
117,58,0.019060
117,59,0.076318
117,60,0.045875
117,61,0.025892
117,62,0.015744
117,63,0.059637
117,64,0.067986
117,65,0.035436
117,66,0.077092
117,67,0.066253
117,68,0.039789
117,69,0.032197
117,70,0.047653
117,71,0.006327
117,72,0.022799
117,73,0.038687
117,74,0.028918
117,75,0.016611
117,76,0.041061
117,77,0.007079
117,78,0.015927
117,79,0.023225
117,80,0.003170
117,81,0.000571
117,82,0.038796
117,83,0.009775
117,84,0.002673
117,85,0.008377
117,86,0.025865
117,87,0.014612
117,88,0.036612
117,89,0.006146
117,90,0.014755
117,91,0.021911
117,92,0.004026
117,93,0.057014
117,94,0.054162
117,95,0.093786
117,96,0.014246
117,97,0.056916
117,98,0.050520
117,99,0.050524
117,100,0.007714
117,101,0.084347
117,102,0.109674
117,103,0.103347
117,104,0.003017
117,105,0.163924
117,106,0.075068
117,107,0.021759
117,108,0.032268
117,109,0.016539
117,110,0.029305
117,111,0.034792
117,112,0.012130
117,113,0.134615
117,114,0.004959
117,115,0.103756
117,116,0.050544
117,117,0.000000
117,118,0.004679
117,119,0.057687
117,120,0.003084
117,121,0.040435
117,122,0.027437
117,123,0.006271
117,124,0.065680
117,125,0.041672
117,126,0.056729
117,127,0.023147
117,128,0.015740
117,129,0.044380
117,130,0.002617
117,131,0.026451
117,132,0.019724
117,133,0.052594
117,134,0.057062
117,135,0.020362
117,136,0.020391
117,137,0.018153
117,138,0.027765
117,139,0.004894
117,140,0.029144
117,141,0.016847
117,142,0.017768
117,143,0.031587
117,144,0.059594
117,145,0.025140
117,146,0.041602
117,147,0.020473
117,148,0.086559
117,149,0.033155
117,150,0.028106
117,151,0.005133
117,152,0.017389
117,153,0.043510
117,154,0.049744
117,155,0.042801
117,156,0.036343
117,157,0.043994
117,158,0.017586
117,159,0.032364
117,160,0.024446
117,161,0.084299
117,162,0.019520
117,163,0.017543
117,164,0.036696
117,165,0.066318
117,166,0.083022
117,167,0.049360
117,168,0.064679
117,169,0.057205
117,170,0.017992
117,171,0.030451
117,172,0.002399
117,173,0.031548
117,174,0.038567
117,175,0.030152
117,176,0.012225
117,177,0.057208
117,178,0.073065
117,179,0.085136
117,180,0.062423
117,181,0.019468
117,182,0.011583
117,183,0.011106
117,184,0.013460
117,185,0.024064
117,186,0.019017
117,187,0.015203
117,188,0.019276
117,189,0.006324
117,190,0.090055
117,191,0.099959
117,192,0.152795
117,193,0.160067
118,1,0.075997
118,2,0.026158
118,3,0.036735
118,4,0.025124
118,5,0.052190
118,6,0.028145
118,7,0.008128
118,8,0.060516
118,9,0.034433
118,10,0.051509
118,11,0.000130
118,12,0.055468
118,13,0.055599
118,14,0.028967
118,15,0.046854
118,16,0.041421
118,17,0.012178
118,18,0.063598
118,19,0.097113
118,20,0.077016
118,21,0.009299
118,22,0.092382
118,23,0.000021
118,24,0.096510
118,25,0.011116
118,26,0.056832
118,27,0.122566
118,28,0.171764
118,29,0.164662
118,30,0.083686
118,31,0.091866
118,32,0.063484
118,33,0.095844
118,34,0.025456
118,35,0.053134
118,36,0.040477
118,37,0.084182
118,38,0.084038
118,39,0.013816
118,40,0.104135
118,41,0.099184
118,42,0.096437
118,43,0.056336
118,44,0.036145
118,45,0.048243
118,46,0.015325
118,47,0.014244
118,48,0.011801
118,49,0.117911
118,50,0.127981
118,51,0.033730
118,52,0.041457
118,53,0.056426
118,54,0.053118
118,55,0.087194
118,56,0.108066
118,57,0.125816
118,58,0.035681
118,59,0.089177
118,60,0.054097
118,61,0.034727
118,62,0.004751
118,63,0.012281
118,64,0.002208
118,65,0.034503
118,66,0.039929
118,67,0.001663
118,68,0.023366
118,69,0.011162
118,70,0.011298
118,71,0.039024
118,72,0.022499
118,73,0.059978
118,74,0.060066
118,75,0.057594
118,76,0.084929
118,77,0.058609
118,78,0.053924
118,79,0.080133
118,80,0.048238
118,81,0.018583
118,82,0.048305
118,83,0.013184
118,84,0.004863
118,85,0.017682
118,86,0.004265
118,87,0.039065
118,88,0.022948
118,89,0.024486
118,90,0.015747
118,91,0.003374
118,92,0.031623
118,93,0.018885
118,94,0.070138
118,95,0.104333
118,96,0.007943
118,97,0.071448
118,98,0.036605
118,99,0.012228
118,100,0.067615
118,101,0.192929
118,102,0.229582
118,103,0.215229
118,104,0.033706
118,105,0.188911
118,106,0.088296
118,107,0.078275
118,108,0.015935
118,109,0.038151
118,110,0.003606
118,111,0.053433
118,112,0.065496
118,113,0.120918
118,114,0.029028
118,115,0.031522
118,116,0.021106
118,117,0.004679
118,118,0.000000
118,119,0.001885
118,120,0.015085
118,121,0.064596
118,122,0.040794
118,123,0.134171
118,124,0.203918
118,125,0.020731
118,126,0.045112
118,127,0.010530
118,128,0.019751
118,129,0.029706
118,130,0.011902
118,131,0.090617
118,132,0.094215
118,133,0.109013
118,134,0.137559
118,135,0.092798
118,136,0.049396
118,137,0.041573
118,138,0.034499
118,139,0.016468
118,140,0.035945
118,141,0.041070
118,142,0.015921
118,143,0.087907
118,144,0.145902
118,145,0.084835
118,146,0.077738
118,147,0.051283
118,148,0.103120
118,149,0.051953
118,150,0.024857
118,151,0.010277
118,152,0.019259
118,153,0.049163
118,154,0.085794
118,155,0.067435
118,156,0.052573
118,157,0.063045
118,158,0.046485
118,159,0.096661
118,160,0.058580
118,161,0.118378
118,162,0.036324
118,163,0.021960
118,164,0.017903
118,165,0.054694
118,166,0.040532
118,167,0.012344
118,168,0.072321
118,169,0.031670
118,170,0.003240
118,171,0.035061
118,172,0.030544
118,173,0.061348
118,174,0.084759
118,175,0.088309
118,176,0.057218
118,177,0.125962
118,178,0.123751
118,179,0.136351
118,180,0.111016
118,181,0.027050
118,182,0.005555
118,183,0.010814
118,184,0.015018
118,185,0.018111
118,186,0.003136
118,187,0.014693
118,188,0.007195
118,189,0.008809
118,190,0.148505
118,191,0.137049
118,192,0.183752
118,193,0.186228
119,1,0.093700
119,2,0.003723
119,3,0.064537
119,4,0.039930
119,5,0.027969
119,6,0.060007
119,7,0.030869
119,8,0.055731
119,9,0.009914
119,10,0.037748
119,11,0.000799
119,12,0.026686
119,13,0.009580
119,14,0.124879
119,15,0.137966
119,16,0.053573
119,17,0.033144
119,18,0.103707
119,19,0.139678
119,20,0.089490
119,21,0.000320
119,22,0.124812
119,23,0.010331
119,24,0.197166
119,25,0.031736
119,26,0.002874
119,27,0.090628
119,28,0.140596
119,29,0.181205
119,30,0.116281
119,31,0.097633
119,32,0.087557
119,33,0.114778
119,34,0.038187
119,35,0.026563
119,36,0.017794
119,37,0.020334
119,38,0.039568
119,39,0.038100
119,40,0.157496
119,41,0.132124
119,42,0.104885
119,43,0.102502
119,44,0.033735
119,45,0.094624
119,46,0.010541
119,47,0.072688
119,48,0.002234
119,49,0.149860
119,50,0.131060
119,51,0.024882
119,52,0.068060
119,53,0.047383
119,54,0.005619
119,55,0.047867
119,56,0.092238
119,57,0.117395
119,58,0.069786
119,59,0.130136
119,60,0.069053
119,61,0.022830
119,62,0.025947
119,63,0.026551
119,64,0.039248
119,65,0.032744
119,66,0.057574
119,67,0.010805
119,68,0.054557
119,69,0.036018
119,70,0.022445
119,71,0.068201
119,72,0.013101
119,73,0.015429
119,74,0.025305
119,75,0.041188
119,76,0.087653
119,77,0.052585
119,78,0.033849
119,79,0.066562
119,80,0.043707
119,81,0.031903
119,82,0.030557
119,83,0.021982
119,84,0.009823
119,85,0.006652
119,86,0.025015
119,87,0.079534
119,88,0.003964
119,89,0.013584
119,90,0.004140
119,91,0.018668
119,92,0.057875
119,93,0.004845
119,94,0.040326
119,95,0.048062
119,96,0.013498
119,97,0.085237
119,98,0.026042
119,99,0.004751
119,100,0.080183
119,101,0.181193
119,102,0.207058
119,103,0.179120
119,104,0.047794
119,105,0.170874
119,106,0.059078
119,107,0.135283
119,108,0.045777
119,109,0.053628
119,110,0.012197
119,111,0.149656
119,112,0.179800
119,113,0.085743
119,114,0.040543
119,115,0.033538
119,116,0.041418
119,117,0.057687
119,118,0.001885
119,119,0.000000
119,120,0.012986
119,121,0.050107
119,122,0.064620
119,123,0.121587
119,124,0.179977
119,125,0.030839
119,126,0.045228
119,127,0.041510
119,128,0.005359
119,129,0.022852
119,130,0.005807
119,131,0.096234
119,132,0.083258
119,133,0.107324
119,134,0.126244
119,135,0.084593
119,136,0.052629
119,137,0.032994
119,138,0.009979
119,139,0.003784
119,140,0.053569
119,141,0.076077
119,142,0.028225
119,143,0.075177
119,144,0.148221
119,145,0.119647
119,146,0.131184
119,147,0.008444
119,148,0.025316
119,149,0.037195
119,150,0.005144
119,151,0.013172
119,152,0.024092
119,153,0.066891
119,154,0.091287
119,155,0.094768
119,156,0.080915
119,157,0.091142
119,158,0.095625
119,159,0.121067
119,160,0.091274
119,161,0.135179
119,162,0.101825
119,163,0.020976
119,164,0.016473
119,165,0.018886
119,166,0.014206
119,167,0.033704
119,168,0.053178
119,169,0.016155
119,170,0.024126
119,171,0.048576
119,172,0.048934
119,173,0.069413
119,174,0.087306
119,175,0.054824
119,176,0.050739
119,177,0.125309
119,178,0.141305
119,179,0.152710
119,180,0.100056
119,181,0.037713
119,182,0.015995
119,183,0.017425
119,184,0.024256
119,185,0.012274
119,186,0.025735
119,187,0.001725
119,188,0.004712
119,189,0.011592
119,190,0.173332
119,191,0.176185
119,192,0.206431
119,193,0.226467
120,1,0.203208
120,2,0.093782
120,3,0.012151
120,4,0.050630
120,5,0.015953
120,6,0.085059
120,7,0.051749
120,8,0.058881
120,9,0.021091
120,10,0.009067
120,11,0.026716
120,12,0.026582
120,13,0.027489
120,14,0.117338
120,15,0.169072
120,16,0.110982
120,17,0.004150
120,18,0.035281
120,19,0.073992
120,20,0.028568
120,21,0.000654
120,22,0.082386
120,23,0.020589
120,24,0.118546
120,25,0.027827
120,26,0.026991
120,27,0.059349
120,28,0.126081
120,29,0.160842
120,30,0.121652
120,31,0.094958
120,32,0.092950
120,33,0.103342
120,34,0.015696
120,35,0.014016
120,36,0.024057
120,37,0.050186
120,38,0.050191
120,39,0.070193
120,40,0.151606
120,41,0.134221
120,42,0.103949
120,43,0.118774
120,44,0.001779
120,45,0.130013
120,46,0.006480
120,47,0.070548
120,48,0.052736
120,49,0.026346
120,50,0.059741
120,51,0.015878
120,52,0.053964
120,53,0.053461
120,54,0.001225
120,55,0.037906
120,56,0.117303
120,57,0.114784
120,58,0.105252
120,59,0.125192
120,60,0.034756
120,61,0.052666
120,62,0.016619
120,63,0.027458
120,64,0.002098
120,65,0.010237
120,66,0.073331
120,67,0.022509
120,68,0.055175
120,69,0.006462
120,70,0.048220
120,71,0.013643
120,72,0.050038
120,73,0.061743
120,74,0.064711
120,75,0.044160
120,76,0.090496
120,77,0.068152
120,78,0.019951
120,79,0.041180
120,80,0.065142
120,81,0.069928
120,82,0.070361
120,83,0.049879
120,84,0.025447
120,85,0.019096
120,86,0.030885
120,87,0.086060
120,88,0.018197
120,89,0.023352
120,90,0.023969
120,91,0.001833
120,92,0.047382
120,93,0.027241
120,94,0.024344
120,95,0.014119
120,96,0.045695
120,97,0.000923
120,98,0.025415
120,99,0.037047
120,100,0.088625
120,101,0.102250
120,102,0.096377
120,103,0.053204
120,104,0.058210
120,105,0.146286
120,106,0.062770
120,107,0.078392
120,108,0.021208
120,109,0.060301
120,110,0.038662
120,111,0.154294
120,112,0.152972
120,113,0.010936
120,114,0.031846
120,115,0.036374
120,116,0.034982
120,117,0.003084
120,118,0.015085
120,119,0.012986
120,120,0.000000
120,121,0.056728
120,122,0.084675
120,123,0.084150
120,124,0.126387
120,125,0.008835
120,126,0.036899
120,127,0.008804
120,128,0.021409
120,129,0.039190
120,130,0.023583
120,131,0.037217
120,132,0.040870
120,133,0.043690
120,134,0.060726
120,135,0.026322
120,136,0.010313
120,137,0.002977
120,138,0.003197
120,139,0.019207
120,140,0.066541
120,141,0.092233
120,142,0.026154
120,143,0.008676
120,144,0.043606
120,145,0.007422
120,146,0.033508
120,147,0.031537
120,148,0.020506
120,149,0.014599
120,150,0.015935
120,151,0.004538
120,152,0.029752
120,153,0.043667
120,154,0.053452
120,155,0.082246
120,156,0.101002
120,157,0.126841
120,158,0.106502
120,159,0.121018
120,160,0.089211
120,161,0.052779
120,162,0.087564
120,163,0.055628
120,164,0.030435
120,165,0.007780
120,166,0.032825
120,167,0.013615
120,168,0.001606
120,169,0.025915
120,170,0.022260
120,171,0.002351
120,172,0.053669
120,173,0.080912
120,174,0.086983
120,175,0.063101
120,176,0.051151
120,177,0.094851
120,178,0.116516
120,179,0.134834
120,180,0.087022
120,181,0.048738
120,182,0.006679
120,183,0.010681
120,184,0.003687
120,185,0.016491
120,186,0.018230
120,187,0.032875
120,188,0.033861
120,189,0.006796
120,190,0.046792
120,191,0.049168
120,192,0.083509
120,193,0.078400
121,1,0.161235
121,2,0.123260
121,3,0.012378
121,4,0.047496
121,5,0.033457
121,6,0.102268
121,7,0.077527
121,8,0.166991
121,9,0.087093
121,10,0.048838
121,11,0.081332
121,12,0.053094
121,13,0.022435
121,14,0.146230
121,15,0.199974
121,16,0.151695
121,17,0.011352
121,18,0.013893
121,19,0.025076
121,20,0.001928
121,21,0.002301
121,22,0.062795
121,23,0.010887
121,24,0.088327
121,25,0.014642
121,26,0.001062
121,27,0.007611
121,28,0.067226
121,29,0.123957
121,30,0.088965
121,31,0.105752
121,32,0.079160
121,33,0.056020
121,34,0.042414
121,35,0.038103
121,36,0.028421
121,37,0.034738
121,38,0.008598
121,39,0.041616
121,40,0.167646
121,41,0.146835
121,42,0.108457
121,43,0.092897
121,44,0.031319
121,45,0.033110
121,46,0.009507
121,47,0.076061
121,48,0.047487
121,49,0.024267
121,50,0.023803
121,51,0.028696
121,52,0.068544
121,53,0.059319
121,54,0.040138
121,55,0.020944
121,56,0.043255
121,57,0.048974
121,58,0.061060
121,59,0.068960
121,60,0.016280
121,61,0.030802
121,62,0.016649
121,63,0.021743
121,64,0.073608
121,65,0.118558
121,66,0.006433
121,67,0.021802
121,68,0.012703
121,69,0.013812
121,70,0.053642
121,71,0.015257
121,72,0.046116
121,73,0.070454
121,74,0.091468
121,75,0.077438
121,76,0.104688
121,77,0.065876
121,78,0.019110
121,79,0.069451
121,80,0.060273
121,81,0.094016
121,82,0.125345
121,83,0.075647
121,84,0.049244
121,85,0.033418
121,86,0.013651
121,87,0.062646
121,88,0.032279
121,89,0.013019
121,90,0.033746
121,91,0.025988
121,92,0.057816
121,93,0.007840
121,94,0.047808
121,95,0.064132
121,96,0.000056
121,97,0.011260
121,98,0.039867
121,99,0.026294
121,100,0.084249
121,101,0.136612
121,102,0.069066
121,103,0.039443
121,104,0.008905
121,105,0.062475
121,106,0.031470
121,107,0.060635
121,108,0.010743
121,109,0.081994
121,110,0.064606
121,111,0.190067
121,112,0.211249
121,113,0.081422
121,114,0.050728
121,115,0.027800
121,116,0.014837
121,117,0.040435
121,118,0.064596
121,119,0.050107
121,120,0.056728
121,121,0.000000
121,122,0.135121
121,123,0.148286
121,124,0.159772
121,125,0.133551
121,126,0.130105
121,127,0.131977
121,128,0.067542
121,129,0.004799
121,130,0.011268
121,131,0.064455
121,132,0.041200
121,133,0.048384
121,134,0.074411
121,135,0.033754
121,136,0.016884
121,137,0.026440
121,138,0.035095
121,139,0.003734
121,140,0.005358
121,141,0.004253
121,142,0.061739
121,143,0.068283
121,144,0.087814
121,145,0.093690
121,146,0.063343
121,147,0.002364
121,148,0.021063
121,149,0.005903
121,150,0.058873
121,151,0.011524
121,152,0.046250
121,153,0.054360
121,154,0.055420
121,155,0.022260
121,156,0.040704
121,157,0.099848
121,158,0.089797
121,159,0.121663
121,160,0.055435
121,161,0.013905
121,162,0.073661
121,163,0.033431
121,164,0.028820
121,165,0.006887
121,166,0.045769
121,167,0.013267
121,168,0.006817
121,169,0.013731
121,170,0.001835
121,171,0.004779
121,172,0.025238
121,173,0.055461
121,174,0.088967
121,175,0.083105
121,176,0.111954
121,177,0.122423
121,178,0.157593
121,179,0.165334
121,180,0.140532
121,181,0.050740
121,182,0.005381
121,183,0.018965
121,184,0.007664
121,185,0.010507
121,186,0.005521
121,187,0.006415
121,188,0.025506
121,189,0.004736
121,190,0.038982
121,191,0.025254
121,192,0.056547
121,193,0.049373
122,1,0.223438
122,2,0.209317
122,3,0.003956
122,4,0.099613
122,5,0.045199
122,6,0.069435
122,7,0.068385
122,8,0.103644
122,9,0.045416
122,10,0.016397
122,11,0.090630
122,12,0.135329
122,13,0.013804
122,14,0.153426
122,15,0.221281
122,16,0.172238
122,17,0.048537
122,18,0.053215
122,19,0.081085
122,20,0.069155
122,21,0.014095
122,22,0.011676
122,23,0.028260
122,24,0.027210
122,25,0.051720
122,26,0.024274
122,27,0.044645
122,28,0.058767
122,29,0.137285
122,30,0.101278
122,31,0.110740
122,32,0.062087
122,33,0.066934
122,34,0.042114
122,35,0.046812
122,36,0.048294
122,37,0.062308
122,38,0.017449
122,39,0.036284
122,40,0.204477
122,41,0.155930
122,42,0.091151
122,43,0.079977
122,44,0.016840
122,45,0.032702
122,46,0.042561
122,47,0.053303
122,48,0.080014
122,49,0.101685
122,50,0.081113
122,51,0.105298
122,52,0.216379
122,53,0.055149
122,54,0.009256
122,55,0.018328
122,56,0.013738
122,57,0.031183
122,58,0.075313
122,59,0.077929
122,60,0.018603
122,61,0.011277
122,62,0.014838
122,63,0.013095
122,64,0.027862
122,65,0.049461
122,66,0.038244
122,67,0.050919
122,68,0.026823
122,69,0.026732
122,70,0.059041
122,71,0.037297
122,72,0.077366
122,73,0.078584
122,74,0.101343
122,75,0.094309
122,76,0.098969
122,77,0.073420
122,78,0.044060
122,79,0.077864
122,80,0.060247
122,81,0.107849
122,82,0.080107
122,83,0.040691
122,84,0.012250
122,85,0.006160
122,86,0.001241
122,87,0.032789
122,88,0.079814
122,89,0.034057
122,90,0.009850
122,91,0.016403
122,92,0.001728
122,93,0.155234
122,94,0.183593
122,95,0.223938
122,96,0.015927
122,97,0.039451
122,98,0.052097
122,99,0.047472
122,100,0.069563
122,101,0.019925
122,102,0.038023
122,103,0.004003
122,104,0.068331
122,105,0.067982
122,106,0.038596
122,107,0.065920
122,108,0.132455
122,109,0.099468
122,110,0.164468
122,111,0.072605
122,112,0.118598
122,113,0.217737
122,114,0.114930
122,115,0.100182
122,116,0.062650
122,117,0.027437
122,118,0.040794
122,119,0.064620
122,120,0.084675
122,121,0.135121
122,122,0.000000
122,123,0.151450
122,124,0.150107
122,125,0.006310
122,126,0.041608
122,127,0.034663
122,128,0.013046
122,129,0.009115
122,130,0.068183
122,131,0.048246
122,132,0.028015
122,133,0.022500
122,134,0.066958
122,135,0.038656
122,136,0.025640
122,137,0.016363
122,138,0.013688
122,139,0.038182
122,140,0.005246
122,141,0.021651
122,142,0.039144
122,143,0.013616
122,144,0.054639
122,145,0.072459
122,146,0.080416
122,147,0.068082
122,148,0.125064
122,149,0.092690
122,150,0.115916
122,151,0.069815
122,152,0.069731
122,153,0.084757
122,154,0.072464
122,155,0.000907
122,156,0.039732
122,157,0.100673
122,158,0.021171
122,159,0.087017
122,160,0.060930
122,161,0.051972
122,162,0.087759
122,163,0.063572
122,164,0.061310
122,165,0.029265
122,166,0.011437
122,167,0.032263
122,168,0.011227
122,169,0.011702
122,170,0.025251
122,171,0.011790
122,172,0.005596
122,173,0.026544
122,174,0.101375
122,175,0.109612
122,176,0.112453
122,177,0.064250
122,178,0.103578
122,179,0.102119
122,180,0.119389
122,181,0.072358
122,182,0.020506
122,183,0.045750
122,184,0.046537
122,185,0.002403
122,186,0.002401
122,187,0.043027
122,188,0.002203
122,189,0.058070
122,190,0.010801
122,191,0.019305
122,192,0.008659
122,193,0.015197
123,1,0.120457
123,2,0.058777
123,3,0.013763
123,4,0.013115
123,5,0.012265
123,6,0.003547
123,7,0.091673
123,8,0.023201
123,9,0.011840
123,10,0.022267
123,11,0.000779
123,12,0.049276
123,13,0.144319
123,14,0.314755
123,15,0.339819
123,16,0.308976
123,17,0.009691
123,18,0.071377
123,19,0.120324
123,20,0.060662
123,21,0.161368
123,22,0.133130
123,23,0.016372
123,24,0.025882
123,25,0.042399
123,26,0.108575
123,27,0.101233
123,28,0.036981
123,29,0.111314
123,30,0.186974
123,31,0.113985
123,32,0.084933
123,33,0.009560
123,34,0.050272
123,35,0.071674
123,36,0.055166
123,37,0.007676
123,38,0.003164
123,39,0.014922
123,40,0.159660
123,41,0.146828
123,42,0.049573
123,43,0.058683
123,44,0.029172
123,45,0.184631
123,46,0.043382
123,47,0.009021
123,48,0.060425
123,49,0.096708
123,50,0.037734
123,51,0.003428
123,52,0.065447
123,53,0.008317
123,54,0.004743
123,55,0.019200
123,56,0.042149
123,57,0.168280
123,58,0.133893
123,59,0.181818
123,60,0.105555
123,61,0.067498
123,62,0.003646
123,63,0.059762
123,64,0.017919
123,65,0.012978
123,66,0.010792
123,67,0.055636
123,68,0.016007
123,69,0.050239
123,70,0.011140
123,71,0.076249
123,72,0.049940
123,73,0.000268
123,74,0.036458
123,75,0.008593
123,76,0.048818
123,77,0.048778
123,78,0.003850
123,79,0.004895
123,80,0.040167
123,81,0.123339
123,82,0.072083
123,83,0.006314
123,84,0.077883
123,85,0.034090
123,86,0.035094
123,87,0.003040
123,88,0.130069
123,89,0.136627
123,90,0.078006
123,91,0.076428
123,92,0.102058
123,93,0.013068
123,94,0.090021
123,95,0.003908
123,96,0.101367
123,97,0.066619
123,98,0.056367
123,99,0.094539
123,100,0.007861
123,101,0.031878
123,102,0.049848
123,103,0.093236
123,104,0.033566
123,105,0.006453
123,106,0.035954
123,107,0.135882
123,108,0.032253
123,109,0.323252
123,110,0.253931
123,111,0.319639
123,112,0.340027
123,113,0.007718
123,114,0.109977
123,115,0.113421
123,116,0.043661
123,117,0.006271
123,118,0.134171
123,119,0.121587
123,120,0.084150
123,121,0.148286
123,122,0.151450
123,123,0.000000
123,124,0.024748
123,125,0.044207
123,126,0.116649
123,127,0.114175
123,128,0.043575
123,129,0.017399
123,130,0.015532
123,131,0.041885
123,132,0.010701
123,133,0.045741
123,134,0.059829
123,135,0.029863
123,136,0.084895
123,137,0.060969
123,138,0.073226
123,139,0.082279
123,140,0.020339
123,141,0.042932
123,142,0.108470
123,143,0.087535
123,144,0.114558
123,145,0.062624
123,146,0.057645
123,147,0.006735
123,148,0.069402
123,149,0.047538
123,150,0.069711
123,151,0.107074
123,152,0.111429
123,153,0.016775
123,154,0.006324
123,155,0.050691
123,156,0.060890
123,157,0.010512
123,158,0.019103
123,159,0.056384
123,160,0.048413
123,161,0.026361
123,162,0.080563
123,163,0.065424
123,164,0.079191
123,165,0.053577
123,166,0.092143
123,167,0.063191
123,168,0.070637
123,169,0.054815
123,170,0.037032
123,171,0.049712
123,172,0.018810
123,173,0.010751
123,174,0.064265
123,175,0.038921
123,176,0.001841
123,177,0.039543
123,178,0.011745
123,179,0.004664
123,180,0.027383
123,181,0.055957
123,182,0.045839
123,183,0.052076
123,184,0.036978
123,185,0.055076
123,186,0.058555
123,187,0.074976
123,188,0.038484
123,189,0.028465
123,190,0.028785
123,191,0.012621
123,192,0.041325
123,193,0.030932
124,1,0.108307
124,2,0.041852
124,3,0.038291
124,4,0.022944
124,5,0.018583
124,6,0.017743
124,7,0.069235
124,8,0.000563
124,9,0.011600
124,10,0.058278
124,11,0.036086
124,12,0.051179
124,13,0.080157
124,14,0.182408
124,15,0.171583
124,16,0.121111
124,17,0.056625
124,18,0.095240
124,19,0.142776
124,20,0.096850
124,21,0.126204
124,22,0.059472
124,23,0.040966
124,24,0.042845
124,25,0.014276
124,26,0.012584
124,27,0.156569
124,28,0.079627
124,29,0.139529
124,30,0.184338
124,31,0.117495
124,32,0.096960
124,33,0.023603
124,34,0.037727
124,35,0.027920
124,36,0.003728
124,37,0.000742
124,38,0.005280
124,39,0.017835
124,40,0.170422
124,41,0.145821
124,42,0.074743
124,43,0.079793
124,44,0.039932
124,45,0.166283
124,46,0.030214
124,47,0.002873
124,48,0.053528
124,49,0.108733
124,50,0.052269
124,51,0.009624
124,52,0.086304
124,53,0.021851
124,54,0.027064
124,55,0.020887
124,56,0.044349
124,57,0.176282
124,58,0.094120
124,59,0.166642
124,60,0.091135
124,61,0.069463
124,62,0.002025
124,63,0.023831
124,64,0.039421
124,65,0.016769
124,66,0.001557
124,67,0.052291
124,68,0.008261
124,69,0.052868
124,70,0.001814
124,71,0.055346
124,72,0.013089
124,73,0.024690
124,74,0.048882
124,75,0.030445
124,76,0.080254
124,77,0.062531
124,78,0.013818
124,79,0.024737
124,80,0.040545
124,81,0.129644
124,82,0.066785
124,83,0.014905
124,84,0.079527
124,85,0.043577
124,86,0.012388
124,87,0.007448
124,88,0.069960
124,89,0.056168
124,90,0.038792
124,91,0.021258
124,92,0.066474
124,93,0.051872
124,94,0.124108
124,95,0.086032
124,96,0.036428
124,97,0.044969
124,98,0.031603
124,99,0.067113
124,100,0.012344
124,101,0.051058
124,102,0.063917
124,103,0.015210
124,104,0.028919
124,105,0.095215
124,106,0.005202
124,107,0.130428
124,108,0.032267
124,109,0.218482
124,110,0.161517
124,111,0.198748
124,112,0.212145
124,113,0.080698
124,114,0.063352
124,115,0.035811
124,116,0.025721
124,117,0.065680
124,118,0.203918
124,119,0.179977
124,120,0.126387
124,121,0.159772
124,122,0.150107
124,123,0.024748
124,124,0.000000
124,125,0.021805
124,126,0.070702
124,127,0.042496
124,128,0.023501
124,129,0.043907
124,130,0.040235
124,131,0.047502
124,132,0.000838
124,133,0.041020
124,134,0.078521
124,135,0.042648
124,136,0.064233
124,137,0.048136
124,138,0.061101
124,139,0.077036
124,140,0.007818
124,141,0.042638
124,142,0.076851
124,143,0.089547
124,144,0.143092
124,145,0.066862
124,146,0.035837
124,147,0.064451
124,148,0.026435
124,149,0.013707
124,150,0.010909
124,151,0.027995
124,152,0.065982
124,153,0.033505
124,154,0.062662
124,155,0.013909
124,156,0.019062
124,157,0.017209
124,158,0.023309
124,159,0.111980
124,160,0.100627
124,161,0.068774
124,162,0.141619
124,163,0.068766
124,164,0.079535
124,165,0.042301
124,166,0.069299
124,167,0.055159
124,168,0.025948
124,169,0.054315
124,170,0.043813
124,171,0.076450
124,172,0.030056
124,173,0.031641
124,174,0.066190
124,175,0.026871
124,176,0.018096
124,177,0.047652
124,178,0.005866
124,179,0.016498
124,180,0.023541
124,181,0.063860
124,182,0.042727
124,183,0.031049
124,184,0.012343
124,185,0.048579
124,186,0.034266
124,187,0.039561
124,188,0.004065
124,189,0.028586
124,190,0.017323
124,191,0.016881
124,192,0.074289
124,193,0.076025
125,1,0.115760
125,2,0.041965
125,3,0.084735
125,4,0.110542
125,5,0.057672
125,6,0.116914
125,7,0.061890
125,8,0.066663
125,9,0.008584
125,10,0.001813
125,11,0.011074
125,12,0.051054
125,13,0.091049
125,14,0.087781
125,15,0.113332
125,16,0.183837
125,17,0.129370
125,18,0.074450
125,19,0.086484
125,20,0.069029
125,21,0.064875
125,22,0.172646
125,23,0.008052
125,24,0.074718
125,25,0.003823
125,26,0.028809
125,27,0.083726
125,28,0.082158
125,29,0.072479
125,30,0.075767
125,31,0.063901
125,32,0.078711
125,33,0.020700
125,34,0.006468
125,35,0.002941
125,36,0.019660
125,37,0.007989
125,38,0.010006
125,39,0.000515
125,40,0.148337
125,41,0.136803
125,42,0.113898
125,43,0.095317
125,44,0.015793
125,45,0.016236
125,46,0.007300
125,47,0.080746
125,48,0.031941
125,49,0.044926
125,50,0.067615
125,51,0.036588
125,52,0.101682
125,53,0.019101
125,54,0.052446
125,55,0.044228
125,56,0.022044
125,57,0.068912
125,58,0.041343
125,59,0.005535
125,60,0.015475
125,61,0.028916
125,62,0.054615
125,63,0.047589
125,64,0.083471
125,65,0.018162
125,66,0.068661
125,67,0.013105
125,68,0.015015
125,69,0.031343
125,70,0.013512
125,71,0.000381
125,72,0.048593
125,73,0.029199
125,74,0.002518
125,75,0.036522
125,76,0.076579
125,77,0.041725
125,78,0.006423
125,79,0.011236
125,80,0.002252
125,81,0.000115
125,82,0.015914
125,83,0.057521
125,84,0.054471
125,85,0.025011
125,86,0.026509
125,87,0.006806
125,88,0.027056
125,89,0.030115
125,90,0.001657
125,91,0.002041
125,92,0.008073
125,93,0.056314
125,94,0.068461
125,95,0.098093
125,96,0.023837
125,97,0.027321
125,98,0.012251
125,99,0.082402
125,100,0.071935
125,101,0.089699
125,102,0.145014
125,103,0.118074
125,104,0.060970
125,105,0.174654
125,106,0.042586
125,107,0.059493
125,108,0.064159
125,109,0.099893
125,110,0.112970
125,111,0.076144
125,112,0.047810
125,113,0.066838
125,114,0.067813
125,115,0.021010
125,116,0.000306
125,117,0.041672
125,118,0.020731
125,119,0.030839
125,120,0.008835
125,121,0.133551
125,122,0.006310
125,123,0.044207
125,124,0.021805
125,125,0.000000
125,126,0.055856
125,127,0.009818
125,128,0.036453
125,129,0.086101
125,130,0.081111
125,131,0.013735
125,132,0.026807
125,133,0.006322
125,134,0.026400
125,135,0.055556
125,136,0.033847
125,137,0.037513
125,138,0.091335
125,139,0.097970
125,140,0.008142
125,141,0.007105
125,142,0.043861
125,143,0.078883
125,144,0.142587
125,145,0.085453
125,146,0.061112
125,147,0.035761
125,148,0.032094
125,149,0.042217
125,150,0.043385
125,151,0.068173
125,152,0.050185
125,153,0.123599
125,154,0.144873
125,155,0.103592
125,156,0.090926
125,157,0.105872
125,158,0.076028
125,159,0.101028
125,160,0.077685
125,161,0.040421
125,162,0.039662
125,163,0.008404
125,164,0.041327
125,165,0.066577
125,166,0.019091
125,167,0.011365
125,168,0.065386
125,169,0.005901
125,170,0.005486
125,171,0.022993
125,172,0.001962
125,173,0.001463
125,174,0.005304
125,175,0.025442
125,176,0.022441
125,177,0.083118
125,178,0.095201
125,179,0.098659
125,180,0.074800
125,181,0.019421
125,182,0.024573
125,183,0.042240
125,184,0.052378
125,185,0.015688
125,186,0.007992
125,187,0.011897
125,188,0.036393
125,189,0.010044
125,190,0.105443
125,191,0.087342
125,192,0.100033
125,193,0.129919
126,1,0.141200
126,2,0.029954
126,3,0.124229
126,4,0.149996
126,5,0.123943
126,6,0.210404
126,7,0.172186
126,8,0.211287
126,9,0.087304
126,10,0.060344
126,11,0.066984
126,12,0.103487
126,13,0.142181
126,14,0.185369
126,15,0.230344
126,16,0.337236
126,17,0.224605
126,18,0.055740
126,19,0.054644
126,20,0.032954
126,21,0.106425
126,22,0.245308
126,23,0.099083
126,24,0.009583
126,25,0.062703
126,26,0.110201
126,27,0.194362
126,28,0.180898
126,29,0.168017
126,30,0.150057
126,31,0.175449
126,32,0.188759
126,33,0.093573
126,34,0.079921
126,35,0.042533
126,36,0.089670
126,37,0.077631
126,38,0.054286
126,39,0.056483
126,40,0.290854
126,41,0.258079
126,42,0.209682
126,43,0.201749
126,44,0.038337
126,45,0.025462
126,46,0.092055
126,47,0.168826
126,48,0.149093
126,49,0.058421
126,50,0.019906
126,51,0.084931
126,52,0.150115
126,53,0.026156
126,54,0.107950
126,55,0.102115
126,56,0.083750
126,57,0.124549
126,58,0.049221
126,59,0.003639
126,60,0.001247
126,61,0.022338
126,62,0.021499
126,63,0.131622
126,64,0.130277
126,65,0.101085
126,66,0.023542
126,67,0.021743
126,68,0.006319
126,69,0.014148
126,70,0.091059
126,71,0.077268
126,72,0.121411
126,73,0.107112
126,74,0.086095
126,75,0.064691
126,76,0.121488
126,77,0.102795
126,78,0.002265
126,79,0.023158
126,80,0.044125
126,81,0.076691
126,82,0.120027
126,83,0.154214
126,84,0.147380
126,85,0.116371
126,86,0.023076
126,87,0.054215
126,88,0.072647
126,89,0.110528
126,90,0.085986
126,91,0.057846
126,92,0.020593
126,93,0.090259
126,94,0.122676
126,95,0.153262
126,96,0.098291
126,97,0.026217
126,98,0.104427
126,99,0.145258
126,100,0.150451
126,101,0.260512
126,102,0.273812
126,103,0.230846
126,104,0.109987
126,105,0.300308
126,106,0.150865
126,107,0.025689
126,108,0.050371
126,109,0.178267
126,110,0.201077
126,111,0.139212
126,112,0.107855
126,113,0.172326
126,114,0.006765
126,115,0.034444
126,116,0.018199
126,117,0.056729
126,118,0.045112
126,119,0.045228
126,120,0.036899
126,121,0.130105
126,122,0.041608
126,123,0.116649
126,124,0.070702
126,125,0.055856
126,126,0.000000
126,127,0.111720
126,128,0.149829
126,129,0.214276
126,130,0.196962
126,131,0.077003
126,132,0.084294
126,133,0.050641
126,134,0.038904
126,135,0.013047
126,136,0.013495
126,137,0.014783
126,138,0.087677
126,139,0.086199
126,140,0.043209
126,141,0.069334
126,142,0.059056
126,143,0.084855
126,144,0.137155
126,145,0.011241
126,146,0.014999
126,147,0.078512
126,148,0.166471
126,149,0.163201
126,150,0.173305
126,151,0.194146
126,152,0.164520
126,153,0.233485
126,154,0.266128
126,155,0.210783
126,156,0.150463
126,157,0.171103
126,158,0.146859
126,159,0.165229
126,160,0.139624
126,161,0.113383
126,162,0.026878
126,163,0.005941
126,164,0.077400
126,165,0.101582
126,166,0.035576
126,167,0.020055
126,168,0.036830
126,169,0.004498
126,170,0.030154
126,171,0.064149
126,172,0.030763
126,173,0.027525
126,174,0.041198
126,175,0.077448
126,176,0.027759
126,177,0.127323
126,178,0.119419
126,179,0.119004
126,180,0.095387
126,181,0.034227
126,182,0.069817
126,183,0.102082
126,184,0.102996
126,185,0.073088
126,186,0.071397
126,187,0.031465
126,188,0.036591
126,189,0.034821
126,190,0.071990
126,191,0.031748
126,192,0.061050
126,193,0.107917
127,1,0.162062
127,2,0.043685
127,3,0.090967
127,4,0.125852
127,5,0.134111
127,6,0.236887
127,7,0.196230
127,8,0.250700
127,9,0.105907
127,10,0.069102
127,11,0.088721
127,12,0.102668
127,13,0.134660
127,14,0.189234
127,15,0.238697
127,16,0.337333
127,17,0.197636
127,18,0.020106
127,19,0.026559
127,20,0.016757
127,21,0.119978
127,22,0.255721
127,23,0.133273
127,24,0.028212
127,25,0.079050
127,26,0.099553
127,27,0.191904
127,28,0.191810
127,29,0.197913
127,30,0.183231
127,31,0.211767
127,32,0.205139
127,33,0.141219
127,34,0.113824
127,35,0.061298
127,36,0.100065
127,37,0.079320
127,38,0.050884
127,39,0.070856
127,40,0.297056
127,41,0.258613
127,42,0.215545
127,43,0.209113
127,44,0.043336
127,45,0.000324
127,46,0.099515
127,47,0.185840
127,48,0.162721
127,49,0.092794
127,50,0.054496
127,51,0.092677
127,52,0.128006
127,53,0.023076
127,54,0.112236
127,55,0.113561
127,56,0.099197
127,57,0.138587
127,58,0.037243
127,59,0.005133
127,60,0.004826
127,61,0.032616
127,62,0.030461
127,63,0.155876
127,64,0.129575
127,65,0.096245
127,66,0.013673
127,67,0.030799
127,68,0.023917
127,69,0.020887
127,70,0.091384
127,71,0.079722
127,72,0.120986
127,73,0.119421
127,74,0.120712
127,75,0.072290
127,76,0.125144
127,77,0.118350
127,78,0.006293
127,79,0.026117
127,80,0.070247
127,81,0.118954
127,82,0.154801
127,83,0.175702
127,84,0.171354
127,85,0.146513
127,86,0.021207
127,87,0.045188
127,88,0.090398
127,89,0.130793
127,90,0.109594
127,91,0.079806
127,92,0.042434
127,93,0.103248
127,94,0.129057
127,95,0.136434
127,96,0.112305
127,97,0.021937
127,98,0.099002
127,99,0.135110
127,100,0.173223
127,101,0.265957
127,102,0.272411
127,103,0.221801
127,104,0.131536
127,105,0.310047
127,106,0.185284
127,107,0.054788
127,108,0.084115
127,109,0.134597
127,110,0.146050
127,111,0.097936
127,112,0.096427
127,113,0.166291
127,114,0.017323
127,115,0.051030
127,116,0.001109
127,117,0.023147
127,118,0.010530
127,119,0.041510
127,120,0.008804
127,121,0.131977
127,122,0.034663
127,123,0.114175
127,124,0.042496
127,125,0.009818
127,126,0.111720
127,127,0.000000
127,128,0.229321
127,129,0.245377
127,130,0.278496
127,131,0.119444
127,132,0.117846
127,133,0.105642
127,134,0.093004
127,135,0.032235
127,136,0.046414
127,137,0.029507
127,138,0.051779
127,139,0.067121
127,140,0.059447
127,141,0.103015
127,142,0.064174
127,143,0.094491
127,144,0.146609
127,145,0.003328
127,146,0.024134
127,147,0.076888
127,148,0.177995
127,149,0.164596
127,150,0.170164
127,151,0.190678
127,152,0.157024
127,153,0.234757
127,154,0.258508
127,155,0.198108
127,156,0.143005
127,157,0.154219
127,158,0.115279
127,159,0.141847
127,160,0.124964
127,161,0.113615
127,162,0.012876
127,163,0.005192
127,164,0.085447
127,165,0.103502
127,166,0.044071
127,167,0.034261
127,168,0.001630
127,169,0.021183
127,170,0.053392
127,171,0.089839
127,172,0.072056
127,173,0.075872
127,174,0.091833
127,175,0.121418
127,176,0.015936
127,177,0.087846
127,178,0.072953
127,179,0.086181
127,180,0.058868
127,181,0.098655
127,182,0.126735
127,183,0.135202
127,184,0.124016
127,185,0.106087
127,186,0.115300
127,187,0.066581
127,188,0.022053
127,189,0.059066
127,190,0.045689
127,191,0.000296
127,192,0.015627
127,193,0.062529
128,1,0.090784
128,2,0.033279
128,3,0.008521
128,4,0.030084
128,5,0.059578
128,6,0.071175
128,7,0.016550
128,8,0.018483
128,9,0.048676
128,10,0.090435
128,11,0.070898
128,12,0.015001
128,13,0.000993
128,14,0.049394
128,15,0.017859
128,16,0.031025
128,17,0.002546
128,18,0.093337
128,19,0.142566
128,20,0.123737
128,21,0.021772
128,22,0.104645
128,23,0.025257
128,24,0.152425
128,25,0.016376
128,26,0.037654
128,27,0.037050
128,28,0.052274
128,29,0.015437
128,30,0.047771
128,31,0.028517
128,32,0.063293
128,33,0.049006
128,34,0.061957
128,35,0.029747
128,36,0.027930
128,37,0.028194
128,38,0.014796
128,39,0.028593
128,40,0.119053
128,41,0.095218
128,42,0.094203
128,43,0.061684
128,44,0.044705
128,45,0.001434
128,46,0.053862
128,47,0.008453
128,48,0.025816
128,49,0.098999
128,50,0.076814
128,51,0.011405
128,52,0.000195
128,53,0.036741
128,54,0.028656
128,55,0.039504
128,56,0.022340
128,57,0.074191
128,58,0.022097
128,59,0.049225
128,60,0.046386
128,61,0.027409
128,62,0.009875
128,63,0.045202
128,64,0.018973
128,65,0.042125
128,66,0.070977
128,67,0.002176
128,68,0.012696
128,69,0.013012
128,70,0.017055
128,71,0.062271
128,72,0.008845
128,73,0.025139
128,74,0.033263
128,75,0.011844
128,76,0.019425
128,77,0.020941
128,78,0.019891
128,79,0.003154
128,80,0.011371
128,81,0.037628
128,82,0.066587
128,83,0.077956
128,84,0.044830
128,85,0.021869
128,86,0.027120
128,87,0.012915
128,88,0.018986
128,89,0.021324
128,90,0.037744
128,91,0.051412
128,92,0.066035
128,93,0.003260
128,94,0.019192
128,95,0.043392
128,96,0.047717
128,97,0.093056
128,98,0.031575
128,99,0.021913
128,100,0.010875
128,101,0.076794
128,102,0.128303
128,103,0.125429
128,104,0.017952
128,105,0.082879
128,106,0.004568
128,107,0.154502
128,108,0.045358
128,109,0.000466
128,110,0.001916
128,111,0.051005
128,112,0.074681
128,113,0.093494
128,114,0.065776
128,115,0.020746
128,116,0.004896
128,117,0.015740
128,118,0.019751
128,119,0.005359
128,120,0.021409
128,121,0.067542
128,122,0.013046
128,123,0.043575
128,124,0.023501
128,125,0.036453
128,126,0.149829
128,127,0.229321
128,128,0.000000
128,129,0.000827
128,130,0.026115
128,131,0.016616
128,132,0.027259
128,133,0.034418
128,134,0.058680
128,135,0.041363
128,136,0.018720
128,137,0.001819
128,138,0.005433
128,139,0.006249
128,140,0.019627
128,141,0.017619
128,142,0.004333
128,143,0.072911
128,144,0.145728
128,145,0.117476
128,146,0.111617
128,147,0.025426
128,148,0.004332
128,149,0.021464
128,150,0.018428
128,151,0.013220
128,152,0.006406
128,153,0.030830
128,154,0.029443
128,155,0.034238
128,156,0.005815
128,157,0.009129
128,158,0.000704
128,159,0.012405
128,160,0.022604
128,161,0.058614
128,162,0.005060
128,163,0.015186
128,164,0.004298
128,165,0.039714
128,166,0.031494
128,167,0.029073
128,168,0.100965
128,169,0.038229
128,170,0.035601
128,171,0.068579
128,172,0.016427
128,173,0.016569
128,174,0.036630
128,175,0.030066
128,176,0.031184
128,177,0.057628
128,178,0.038094
128,179,0.048397
128,180,0.050487
128,181,0.003956
128,182,0.017673
128,183,0.026574
128,184,0.001719
128,185,0.037629
128,186,0.005841
128,187,0.015966
128,188,0.035366
128,189,0.038855
128,190,0.189094
128,191,0.168347
128,192,0.188656
128,193,0.203542
129,1,0.057594
129,2,0.025010
129,3,0.015991
129,4,0.056585
129,5,0.098246
129,6,0.011353
129,7,0.055703
129,8,0.087478
129,9,0.083118
129,10,0.134185
129,11,0.114941
129,12,0.040899
129,13,0.059949
129,14,0.135543
129,15,0.136810
129,16,0.098012
129,17,0.056226
129,18,0.096645
129,19,0.135876
129,20,0.120864
129,21,0.058458
129,22,0.037168
129,23,0.034295
129,24,0.217700
129,25,0.003365
129,26,0.065257
129,27,0.056903
129,28,0.036215
129,29,0.013979
129,30,0.056597
129,31,0.039130
129,32,0.048857
129,33,0.025006
129,34,0.020799
129,35,0.005130
129,36,0.007494
129,37,0.013362
129,38,0.008374
129,39,0.005447
129,40,0.100496
129,41,0.052517
129,42,0.067836
129,43,0.056992
129,44,0.031444
129,45,0.059955
129,46,0.033002
129,47,0.010336
129,48,0.026219
129,49,0.131529
129,50,0.099502
129,51,0.032209
129,52,0.019823
129,53,0.044030
129,54,0.029618
129,55,0.020070
129,56,0.027807
129,57,0.091365
129,58,0.056659
129,59,0.097225
129,60,0.060139
129,61,0.035757
129,62,0.006282
129,63,0.002008
129,64,0.009583
129,65,0.045285
129,66,0.060904
129,67,0.008387
129,68,0.014008
129,69,0.037536
129,70,0.012234
129,71,0.107297
129,72,0.056700
129,73,0.026977
129,74,0.027186
129,75,0.009971
129,76,0.033777
129,77,0.020045
129,78,0.015652
129,79,0.011705
129,80,0.023313
129,81,0.055600
129,82,0.079553
129,83,0.120872
129,84,0.087972
129,85,0.040565
129,86,0.021208
129,87,0.012449
129,88,0.045588
129,89,0.061200
129,90,0.065782
129,91,0.075169
129,92,0.068924
129,93,0.014614
129,94,0.042686
129,95,0.053655
129,96,0.100769
129,97,0.148078
129,98,0.113949
129,99,0.127971
129,100,0.078481
129,101,0.010166
129,102,0.068833
129,103,0.085431
129,104,0.061927
129,105,0.035992
129,106,0.006621
129,107,0.162840
129,108,0.048173
129,109,0.027957
129,110,0.044114
129,111,0.090762
129,112,0.110195
129,113,0.062085
129,114,0.074847
129,115,0.020897
129,116,0.035098
129,117,0.044380
129,118,0.029706
129,119,0.022852
129,120,0.039190
129,121,0.004799
129,122,0.009115
129,123,0.017399
129,124,0.043907
129,125,0.086101
129,126,0.214276
129,127,0.245377
129,128,0.000827
129,129,0.000000
129,130,0.019163
129,131,0.064025
129,132,0.047465
129,133,0.075924
129,134,0.101477
129,135,0.043672
129,136,0.039083
129,137,0.038058
129,138,0.023833
129,139,0.002783
129,140,0.007809
129,141,0.029365
129,142,0.010679
129,143,0.045914
129,144,0.103186
129,145,0.108064
129,146,0.119330
129,147,0.025273
129,148,0.037395
129,149,0.033920
129,150,0.043991
129,151,0.070594
129,152,0.071278
129,153,0.029227
129,154,0.026258
129,155,0.030286
129,156,0.039883
129,157,0.023774
129,158,0.035970
129,159,0.026086
129,160,0.018388
129,161,0.058987
129,162,0.066655
129,163,0.034009
129,164,0.058517
129,165,0.022883
129,166,0.057014
129,167,0.039771
129,168,0.102402
129,169,0.030245
129,170,0.003475
129,171,0.065240
129,172,0.055281
129,173,0.061938
129,174,0.075460
129,175,0.041680
129,176,0.045646
129,177,0.062114
129,178,0.031021
129,179,0.027967
129,180,0.044553
129,181,0.038695
129,182,0.001938
129,183,0.002520
129,184,0.011928
129,185,0.015856
129,186,0.035695
129,187,0.032784
129,188,0.025536
129,189,0.024416
129,190,0.165143
129,191,0.178035
129,192,0.223475
129,193,0.239959
130,1,0.017481
130,2,0.013216
130,3,0.007411
130,4,0.057714
130,5,0.130192
130,6,0.032042
130,7,0.127947
130,8,0.189996
130,9,0.180759
130,10,0.193545
130,11,0.155972
130,12,0.071561
130,13,0.087149
130,14,0.162785
130,15,0.169320
130,16,0.127297
130,17,0.055492
130,18,0.126832
130,19,0.192377
130,20,0.164745
130,21,0.110829
130,22,0.026655
130,23,0.058443
130,24,0.230530
130,25,0.033544
130,26,0.103095
130,27,0.065052
130,28,0.009527
130,29,0.045181
130,30,0.003343
130,31,0.010342
130,32,0.007558
130,33,0.009690
130,34,0.007212
130,35,0.005664
130,36,0.014125
130,37,0.032071
130,38,0.002376
130,39,0.029912
130,40,0.081695
130,41,0.011560
130,42,0.021570
130,43,0.009683
130,44,0.038601
130,45,0.047430
130,46,0.038429
130,47,0.062912
130,48,0.099744
130,49,0.172480
130,50,0.094411
130,51,0.055209
130,52,0.018589
130,53,0.025080
130,54,0.007057
130,55,0.011200
130,56,0.035672
130,57,0.044898
130,58,0.001246
130,59,0.068501
130,60,0.037381
130,61,0.013748
130,62,0.022337
130,63,0.024282
130,64,0.021057
130,65,0.051939
130,66,0.027148
130,67,0.009315
130,68,0.007079
130,69,0.078381
130,70,0.036786
130,71,0.108582
130,72,0.044376
130,73,0.029746
130,74,0.002550
130,75,0.032270
130,76,0.061705
130,77,0.038703
130,78,0.061202
130,79,0.060335
130,80,0.007981
130,81,0.017600
130,82,0.062300
130,83,0.097111
130,84,0.078346
130,85,0.025343
130,86,0.036042
130,87,0.054154
130,88,0.071676
130,89,0.118012
130,90,0.130064
130,91,0.123640
130,92,0.123389
130,93,0.014367
130,94,0.016900
130,95,0.046209
130,96,0.177302
130,97,0.173445
130,98,0.151348
130,99,0.149253
130,100,0.105027
130,101,0.080169
130,102,0.006625
130,103,0.040237
130,104,0.065291
130,105,0.036469
130,106,0.068172
130,107,0.171679
130,108,0.087184
130,109,0.069714
130,110,0.083815
130,111,0.097252
130,112,0.101008
130,113,0.052414
130,114,0.091786
130,115,0.004498
130,116,0.032992
130,117,0.002617
130,118,0.011902
130,119,0.005807
130,120,0.023583
130,121,0.011268
130,122,0.068183
130,123,0.015532
130,124,0.040235
130,125,0.081111
130,126,0.196962
130,127,0.278496
130,128,0.026115
130,129,0.019163
130,130,0.000000
130,131,0.071847
130,132,0.051825
130,133,0.097816
130,134,0.114473
130,135,0.034296
130,136,0.072705
130,137,0.092158
130,138,0.049380
130,139,0.001009
130,140,0.040677
130,141,0.026519
130,142,0.011701
130,143,0.031435
130,144,0.073438
130,145,0.087895
130,146,0.140641
130,147,0.021264
130,148,0.060047
130,149,0.062803
130,150,0.075444
130,151,0.105469
130,152,0.105655
130,153,0.024857
130,154,0.020823
130,155,0.021466
130,156,0.043373
130,157,0.009961
130,158,0.047852
130,159,0.061552
130,160,0.004873
130,161,0.105929
130,162,0.063150
130,163,0.040138
130,164,0.071780
130,165,0.015416
130,166,0.102365
130,167,0.109256
130,168,0.136013
130,169,0.045104
130,170,0.014605
130,171,0.037734
130,172,0.011739
130,173,0.045722
130,174,0.082309
130,175,0.068191
130,176,0.068426
130,177,0.085314
130,178,0.065986
130,179,0.064348
130,180,0.077321
130,181,0.062546
130,182,0.004680
130,183,0.007267
130,184,0.007118
130,185,0.016752
130,186,0.051237
130,187,0.040939
130,188,0.030803
130,189,0.027911
130,190,0.192013
130,191,0.237841
130,192,0.297649
130,193,0.293569
131,1,0.024458
131,2,0.030080
131,3,0.010521
131,4,0.005416
131,5,0.082814
131,6,0.007588
131,7,0.129209
131,8,0.235582
131,9,0.236335
131,10,0.173680
131,11,0.156570
131,12,0.071209
131,13,0.011408
131,14,0.032538
131,15,0.028278
131,16,0.002864
131,17,0.030152
131,18,0.089874
131,19,0.193956
131,20,0.165773
131,21,0.059358
131,22,0.000080
131,23,0.123948
131,24,0.182419
131,25,0.058494
131,26,0.051608
131,27,0.017656
131,28,0.061265
131,29,0.119203
131,30,0.065961
131,31,0.082999
131,32,0.032336
131,33,0.023314
131,34,0.001475
131,35,0.024885
131,36,0.030230
131,37,0.009082
131,38,0.024801
131,39,0.017494
131,40,0.065032
131,41,0.045756
131,42,0.012563
131,43,0.060161
131,44,0.026253
131,45,0.025631
131,46,0.002480
131,47,0.127895
131,48,0.116464
131,49,0.121542
131,50,0.032391
131,51,0.002429
131,52,0.020004
131,53,0.017596
131,54,0.040519
131,55,0.008744
131,56,0.065942
131,57,0.002408
131,58,0.064762
131,59,0.004067
131,60,0.008637
131,61,0.003940
131,62,0.000791
131,63,0.008954
131,64,0.004649
131,65,0.050916
131,66,0.051874
131,67,0.005697
131,68,0.036857
131,69,0.051869
131,70,0.007307
131,71,0.071150
131,72,0.035193
131,73,0.071753
131,74,0.084458
131,75,0.046784
131,76,0.017029
131,77,0.046652
131,78,0.043998
131,79,0.020618
131,80,0.078383
131,81,0.111365
131,82,0.105759
131,83,0.105601
131,84,0.050431
131,85,0.027322
131,86,0.031019
131,87,0.072908
131,88,0.049574
131,89,0.097412
131,90,0.134438
131,91,0.105085
131,92,0.087733
131,93,0.000212
131,94,0.005734
131,95,0.046659
131,96,0.181286
131,97,0.122285
131,98,0.113991
131,99,0.086355
131,100,0.091335
131,101,0.102973
131,102,0.045984
131,103,0.014655
131,104,0.074551
131,105,0.015547
131,106,0.110810
131,107,0.146107
131,108,0.083527
131,109,0.053217
131,110,0.064378
131,111,0.089121
131,112,0.106381
131,113,0.055927
131,114,0.023869
131,115,0.010165
131,116,0.022029
131,117,0.026451
131,118,0.090617
131,119,0.096234
131,120,0.037217
131,121,0.064455
131,122,0.048246
131,123,0.041885
131,124,0.047502
131,125,0.013735
131,126,0.077003
131,127,0.119444
131,128,0.016616
131,129,0.064025
131,130,0.071847
131,131,0.000000
131,132,0.000775
131,133,0.042885
131,134,0.016053
131,135,0.003974
131,136,0.012075
131,137,0.033770
131,138,0.012951
131,139,0.043345
131,140,0.016679
131,141,0.005661
131,142,0.095194
131,143,0.021707
131,144,0.011142
131,145,0.026683
131,146,0.092455
131,147,0.010754
131,148,0.046139
131,149,0.097316
131,150,0.114981
131,151,0.073515
131,152,0.075897
131,153,0.057491
131,154,0.051431
131,155,0.009158
131,156,0.030641
131,157,0.013002
131,158,0.045699
131,159,0.064216
131,160,0.045643
131,161,0.068233
131,162,0.030189
131,163,0.027979
131,164,0.044154
131,165,0.020986
131,166,0.144765
131,167,0.156223
131,168,0.126234
131,169,0.068117
131,170,0.016979
131,171,0.048510
131,172,0.021772
131,173,0.011370
131,174,0.006719
131,175,0.003997
131,176,0.063584
131,177,0.096024
131,178,0.075601
131,179,0.044437
131,180,0.061214
131,181,0.056808
131,182,0.021334
131,183,0.032141
131,184,0.057065
131,185,0.018961
131,186,0.065165
131,187,0.034910
131,188,0.010772
131,189,0.005318
131,190,0.226067
131,191,0.261934
131,192,0.310815
131,193,0.301674
132,1,0.035076
132,2,0.027858
132,3,0.023357
132,4,0.004916
132,5,0.070161
132,6,0.029596
132,7,0.160318
132,8,0.183960
132,9,0.223162
132,10,0.148369
132,11,0.130420
132,12,0.064334
132,13,0.004941
132,14,0.034625
132,15,0.042110
132,16,0.006725
132,17,0.049563
132,18,0.068566
132,19,0.145534
132,20,0.108749
132,21,0.028805
132,22,0.019583
132,23,0.085590
132,24,0.152005
132,25,0.045721
132,26,0.061852
132,27,0.028376
132,28,0.046886
132,29,0.117473
132,30,0.090897
132,31,0.097687
132,32,0.057559
132,33,0.055156
132,34,0.025678
132,35,0.022721
132,36,0.031690
132,37,0.024416
132,38,0.013793
132,39,0.004832
132,40,0.010298
132,41,0.079468
132,42,0.029776
132,43,0.071654
132,44,0.030288
132,45,0.029202
132,46,0.028391
132,47,0.081185
132,48,0.090531
132,49,0.116436
132,50,0.063663
132,51,0.031655
132,52,0.024060
132,53,0.028470
132,54,0.035875
132,55,0.003591
132,56,0.045976
132,57,0.027789
132,58,0.020977
132,59,0.029714
132,60,0.003650
132,61,0.015309
132,62,0.010876
132,63,0.011845
132,64,0.005931
132,65,0.033670
132,66,0.033861
132,67,0.025466
132,68,0.025200
132,69,0.047716
132,70,0.002446
132,71,0.053060
132,72,0.030989
132,73,0.042128
132,74,0.059231
132,75,0.030900
132,76,0.036204
132,77,0.061568
132,78,0.025365
132,79,0.026534
132,80,0.053030
132,81,0.078017
132,82,0.059535
132,83,0.083279
132,84,0.045594
132,85,0.025360
132,86,0.062609
132,87,0.030106
132,88,0.014855
132,89,0.055433
132,90,0.108027
132,91,0.090402
132,92,0.066092
132,93,0.018074
132,94,0.020083
132,95,0.054398
132,96,0.159470
132,97,0.128257
132,98,0.097278
132,99,0.092172
132,100,0.093124
132,101,0.089147
132,102,0.042113
132,103,0.007520
132,104,0.088916
132,105,0.011383
132,106,0.085358
132,107,0.096196
132,108,0.064402
132,109,0.055648
132,110,0.085581
132,111,0.106097
132,112,0.132853
132,113,0.084935
132,114,0.007735
132,115,0.031568
132,116,0.040690
132,117,0.019724
132,118,0.094215
132,119,0.083258
132,120,0.040870
132,121,0.041200
132,122,0.028015
132,123,0.010701
132,124,0.000838
132,125,0.026807
132,126,0.084294
132,127,0.117846
132,128,0.027259
132,129,0.047465
132,130,0.051825
132,131,0.000775
132,132,0.000000
132,133,0.011440
132,134,0.020710
132,135,0.027870
132,136,0.008661
132,137,0.017120
132,138,0.019993
132,139,0.050642
132,140,0.020106
132,141,0.017453
132,142,0.088530
132,143,0.038474
132,144,0.027140
132,145,0.010905
132,146,0.057478
132,147,0.019855
132,148,0.041817
132,149,0.081721
132,150,0.105007
132,151,0.039396
132,152,0.053625
132,153,0.052531
132,154,0.026656
132,155,0.014912
132,156,0.014260
132,157,0.008932
132,158,0.017547
132,159,0.037896
132,160,0.021579
132,161,0.078824
132,162,0.060880
132,163,0.067215
132,164,0.082195
132,165,0.012942
132,166,0.124677
132,167,0.133154
132,168,0.116909
132,169,0.049669
132,170,0.010085
132,171,0.087689
132,172,0.073205
132,173,0.021642
132,174,0.016672
132,175,0.031125
132,176,0.049988
132,177,0.103395
132,178,0.089486
132,179,0.062248
132,180,0.080804
132,181,0.072199
132,182,0.046564
132,183,0.042795
132,184,0.037067
132,185,0.038912
132,186,0.064553
132,187,0.047907
132,188,0.020018
132,189,0.016795
132,190,0.179029
132,191,0.226468
132,192,0.272372
132,193,0.273862
133,1,0.075252
133,2,0.059879
133,3,0.007682
133,4,0.000366
133,5,0.114890
133,6,0.083663
133,7,0.218455
133,8,0.297203
133,9,0.307096
133,10,0.235694
133,11,0.207327
133,12,0.120074
133,13,0.056674
133,14,0.078933
133,15,0.051823
133,16,0.018392
133,17,0.035859
133,18,0.117378
133,19,0.238998
133,20,0.195621
133,21,0.131988
133,22,0.097436
133,23,0.162432
133,24,0.160347
133,25,0.119802
133,26,0.115439
133,27,0.003996
133,28,0.117721
133,29,0.168125
133,30,0.100634
133,31,0.117657
133,32,0.084650
133,33,0.026592
133,34,0.003048
133,35,0.014443
133,36,0.043709
133,37,0.039803
133,38,0.015485
133,39,0.000035
133,40,0.048287
133,41,0.053744
133,42,0.040129
133,43,0.135661
133,44,0.089002
133,45,0.026248
133,46,0.000968
133,47,0.198568
133,48,0.174495
133,49,0.154039
133,50,0.067409
133,51,0.043372
133,52,0.004739
133,53,0.010570
133,54,0.006945
133,55,0.029795
133,56,0.083533
133,57,0.044292
133,58,0.087440
133,59,0.020108
133,60,0.022505
133,61,0.062151
133,62,0.032991
133,63,0.032573
133,64,0.034347
133,65,0.040358
133,66,0.011280
133,67,0.034218
133,68,0.045133
133,69,0.058242
133,70,0.053693
133,71,0.107209
133,72,0.063948
133,73,0.076165
133,74,0.120375
133,75,0.060752
133,76,0.073363
133,77,0.109035
133,78,0.071172
133,79,0.067797
133,80,0.104318
133,81,0.116264
133,82,0.122314
133,83,0.128891
133,84,0.115703
133,85,0.097155
133,86,0.008105
133,87,0.088555
133,88,0.102070
133,89,0.164554
133,90,0.175100
133,91,0.118494
133,92,0.112115
133,93,0.032452
133,94,0.005795
133,95,0.064245
133,96,0.221116
133,97,0.152208
133,98,0.143888
133,99,0.118545
133,100,0.114834
133,101,0.139157
133,102,0.084629
133,103,0.032300
133,104,0.101088
133,105,0.021110
133,106,0.176515
133,107,0.159134
133,108,0.100822
133,109,0.043167
133,110,0.048350
133,111,0.095204
133,112,0.135945
133,113,0.026251
133,114,0.043375
133,115,0.001416
133,116,0.012324
133,117,0.052594
133,118,0.109013
133,119,0.107324
133,120,0.043690
133,121,0.048384
133,122,0.022500
133,123,0.045741
133,124,0.041020
133,125,0.006322
133,126,0.050641
133,127,0.105642
133,128,0.034418
133,129,0.075924
133,130,0.097816
133,131,0.042885
133,132,0.011440
133,133,0.000000
133,134,0.039781
133,135,0.034936
133,136,0.035950
133,137,0.046443
133,138,0.014108
133,139,0.021012
133,140,0.048651
133,141,0.024216
133,142,0.073838
133,143,0.025968
133,144,0.018545
133,145,0.012338
133,146,0.114858
133,147,0.007236
133,148,0.045340
133,149,0.058059
133,150,0.085241
133,151,0.049727
133,152,0.065133
133,153,0.062706
133,154,0.045886
133,155,0.024640
133,156,0.000971
133,157,0.009246
133,158,0.010081
133,159,0.084205
133,160,0.032625
133,161,0.076504
133,162,0.027116
133,163,0.044161
133,164,0.055655
133,165,0.016357
133,166,0.164850
133,167,0.187060
133,168,0.171401
133,169,0.074029
133,170,0.044072
133,171,0.074074
133,172,0.053809
133,173,0.001677
133,174,0.009795
133,175,0.007404
133,176,0.054552
133,177,0.110051
133,178,0.102933
133,179,0.080883
133,180,0.090184
133,181,0.093272
133,182,0.064367
133,183,0.082356
133,184,0.049698
133,185,0.055242
133,186,0.080653
133,187,0.057476
133,188,0.002682
133,189,0.028560
133,190,0.207390
133,191,0.270002
133,192,0.319713
133,193,0.300613
134,1,0.033917
134,2,0.037871
134,3,0.016864
134,4,0.013940
134,5,0.110145
134,6,0.078788
134,7,0.188601
134,8,0.294855
134,9,0.292220
134,10,0.226375
134,11,0.191688
134,12,0.108691
134,13,0.037568
134,14,0.086762
134,15,0.059726
134,16,0.043571
134,17,0.050969
134,18,0.101143
134,19,0.224925
134,20,0.205728
134,21,0.133614
134,22,0.087156
134,23,0.189991
134,24,0.189857
134,25,0.118241
134,26,0.119416
134,27,0.036828
134,28,0.132403
134,29,0.171990
134,30,0.100087
134,31,0.126659
134,32,0.080714
134,33,0.019180
134,34,0.008263
134,35,0.012059
134,36,0.035218
134,37,0.035840
134,38,0.035778
134,39,0.021239
134,40,0.070073
134,41,0.041899
134,42,0.055709
134,43,0.157140
134,44,0.122954
134,45,0.030415
134,46,0.003861
134,47,0.200848
134,48,0.178082
134,49,0.160734
134,50,0.045836
134,51,0.011250
134,52,0.005467
134,53,0.039460
134,54,0.007381
134,55,0.014185
134,56,0.075577
134,57,0.006449
134,58,0.051839
134,59,0.016963
134,60,0.020085
134,61,0.028098
134,62,0.014191
134,63,0.026075
134,64,0.018450
134,65,0.058412
134,66,0.013207
134,67,0.053629
134,68,0.048073
134,69,0.073904
134,70,0.079974
134,71,0.106972
134,72,0.106687
134,73,0.097896
134,74,0.134231
134,75,0.088836
134,76,0.097531
134,77,0.123450
134,78,0.080851
134,79,0.072172
134,80,0.110797
134,81,0.108113
134,82,0.126614
134,83,0.137283
134,84,0.104501
134,85,0.107857
134,86,0.012433
134,87,0.087443
134,88,0.096102
134,89,0.152534
134,90,0.158311
134,91,0.122254
134,92,0.123333
134,93,0.028311
134,94,0.008498
134,95,0.063715
134,96,0.222266
134,97,0.109442
134,98,0.088220
134,99,0.077289
134,100,0.067608
134,101,0.099567
134,102,0.098785
134,103,0.063345
134,104,0.125993
134,105,0.019244
134,106,0.191449
134,107,0.188831
134,108,0.128762
134,109,0.051590
134,110,0.052493
134,111,0.136136
134,112,0.167902
134,113,0.021878
134,114,0.005988
134,115,0.017397
134,116,0.013195
134,117,0.057062
134,118,0.137559
134,119,0.126244
134,120,0.060726
134,121,0.074411
134,122,0.066958
134,123,0.059829
134,124,0.078521
134,125,0.026400
134,126,0.038904
134,127,0.093004
134,128,0.058680
134,129,0.101477
134,130,0.114473
134,131,0.016053
134,132,0.020710
134,133,0.039781
134,134,0.000000
134,135,0.032073
134,136,0.030703
134,137,0.016249
134,138,0.020015
134,139,0.052624
134,140,0.021782
134,141,0.030218
134,142,0.078881
134,143,0.036984
134,144,0.026760
134,145,0.016464
134,146,0.135440
134,147,0.031473
134,148,0.060515
134,149,0.064909
134,150,0.091902
134,151,0.073197
134,152,0.069359
134,153,0.059888
134,154,0.057696
134,155,0.010462
134,156,0.005579
134,157,0.000896
134,158,0.010738
134,159,0.079313
134,160,0.026953
134,161,0.086934
134,162,0.002240
134,163,0.027058
134,164,0.026875
134,165,0.044452
134,166,0.140900
134,167,0.180981
134,168,0.163429
134,169,0.087296
134,170,0.048142
134,171,0.093330
134,172,0.030809
134,173,0.025574
134,174,0.005629
134,175,0.017264
134,176,0.044605
134,177,0.078031
134,178,0.095070
134,179,0.060858
134,180,0.065617
134,181,0.083633
134,182,0.080059
134,183,0.103234
134,184,0.085696
134,185,0.064204
134,186,0.103822
134,187,0.069391
134,188,0.019246
134,189,0.025457
134,190,0.212620
134,191,0.270011
134,192,0.306611
134,193,0.302750
135,1,0.025521
135,2,0.052758
135,3,0.118508
135,4,0.096067
135,5,0.007701
135,6,0.000178
135,7,0.157819
135,8,0.167147
135,9,0.183948
135,10,0.104196
135,11,0.082500
135,12,0.051258
135,13,0.019954
135,14,0.013176
135,15,0.032933
135,16,0.045283
135,17,0.014924
135,18,0.048976
135,19,0.177854
135,20,0.094689
135,21,0.021215
135,22,0.024722
135,23,0.079348
135,24,0.145268
135,25,0.043291
135,26,0.054805
135,27,0.028403
135,28,0.097496
135,29,0.082040
135,30,0.048406
135,31,0.078952
135,32,0.026664
135,33,0.022371
135,34,0.008802
135,35,0.019943
135,36,0.005588
135,37,0.016141
135,38,0.062238
135,39,0.094019
135,40,0.062234
135,41,0.044508
135,42,0.020136
135,43,0.078912
135,44,0.050467
135,45,0.084160
135,46,0.083576
135,47,0.081040
135,48,0.087526
135,49,0.141493
135,50,0.019782
135,51,0.029937
135,52,0.064962
135,53,0.058370
135,54,0.051441
135,55,0.050944
135,56,0.002569
135,57,0.077269
135,58,0.037354
135,59,0.094584
135,60,0.063293
135,61,0.034957
135,62,0.052633
135,63,0.017838
135,64,0.026681
135,65,0.054210
135,66,0.033884
135,67,0.045164
135,68,0.004729
135,69,0.043627
135,70,0.009658
135,71,0.025761
135,72,0.033152
135,73,0.037962
135,74,0.059922
135,75,0.028738
135,76,0.017133
135,77,0.037946
135,78,0.021411
135,79,0.007889
135,80,0.023641
135,81,0.028012
135,82,0.004788
135,83,0.037277
135,84,0.006618
135,85,0.000063
135,86,0.139772
135,87,0.063925
135,88,0.014657
135,89,0.017574
135,90,0.059710
135,91,0.033041
135,92,0.075454
135,93,0.015382
135,94,0.013282
135,95,0.049982
135,96,0.110105
135,97,0.040771
135,98,0.009522
135,99,0.018115
135,100,0.004951
135,101,0.001557
135,102,0.015768
135,103,0.000954
135,104,0.100847
135,105,0.008530
135,106,0.104086
135,107,0.123652
135,108,0.078442
135,109,0.095685
135,110,0.090583
135,111,0.209878
135,112,0.209276
135,113,0.101913
135,114,0.061316
135,115,0.054318
135,116,0.043552
135,117,0.020362
135,118,0.092798
135,119,0.084593
135,120,0.026322
135,121,0.033754
135,122,0.038656
135,123,0.029863
135,124,0.042648
135,125,0.055556
135,126,0.013047
135,127,0.032235
135,128,0.041363
135,129,0.043672
135,130,0.034296
135,131,0.003974
135,132,0.027870
135,133,0.034936
135,134,0.032073
135,135,0.000000
135,136,0.016628
135,137,0.028221
135,138,0.097477
135,139,0.132245
135,140,0.038621
135,141,0.041324
135,142,0.167034
135,143,0.141599
135,144,0.146294
135,145,0.105548
135,146,0.001983
135,147,0.071390
135,148,0.023286
135,149,0.067332
135,150,0.091003
135,151,0.050559
135,152,0.042835
135,153,0.047350
135,154,0.035747
135,155,0.032468
135,156,0.046435
135,157,0.029141
135,158,0.029436
135,159,0.003703
135,160,0.007540
135,161,0.181276
135,162,0.044018
135,163,0.085485
135,164,0.070375
135,165,0.000718
135,166,0.068419
135,167,0.110292
135,168,0.117887
135,169,0.019106
135,170,0.004980
135,171,0.123782
135,172,0.089265
135,173,0.001768
135,174,0.000239
135,175,0.048524
135,176,0.039035
135,177,0.100763
135,178,0.120705
135,179,0.072220
135,180,0.055242
135,181,0.079989
135,182,0.079865
135,183,0.086133
135,184,0.068949
135,185,0.013834
135,186,0.075700
135,187,0.042240
135,188,0.002927
135,189,0.026058
135,190,0.138406
135,191,0.199910
135,192,0.257776
135,193,0.265790
136,1,0.014354
136,2,0.044651
136,3,0.113816
136,4,0.090857
136,5,0.008674
136,6,0.005344
136,7,0.135188
136,8,0.179896
136,9,0.158330
136,10,0.076145
136,11,0.095901
136,12,0.063944
136,13,0.018104
136,14,0.040653
136,15,0.021570
136,16,0.013068
136,17,0.006981
136,18,0.048987
136,19,0.177140
136,20,0.086837
136,21,0.032788
136,22,0.024585
136,23,0.068111
136,24,0.103257
136,25,0.064118
136,26,0.070254
136,27,0.000652
136,28,0.115330
136,29,0.103263
136,30,0.066564
136,31,0.098773
136,32,0.041133
136,33,0.020841
136,34,0.036329
136,35,0.024667
136,36,0.021888
136,37,0.001884
136,38,0.017073
136,39,0.041933
136,40,0.042999
136,41,0.035353
136,42,0.028923
136,43,0.088732
136,44,0.057138
136,45,0.091608
136,46,0.085923
136,47,0.089909
136,48,0.084966
136,49,0.115621
136,50,0.000037
136,51,0.034125
136,52,0.055577
136,53,0.048820
136,54,0.032219
136,55,0.038844
136,56,0.007636
136,57,0.083504
136,58,0.042233
136,59,0.094867
136,60,0.042713
136,61,0.049898
136,62,0.053462
136,63,0.033297
136,64,0.015488
136,65,0.066363
136,66,0.015672
136,67,0.057805
136,68,0.009208
136,69,0.044036
136,70,0.015513
136,71,0.027814
136,72,0.049194
136,73,0.061284
136,74,0.086005
136,75,0.047817
136,76,0.068764
136,77,0.111460
136,78,0.080118
136,79,0.052775
136,80,0.054779
136,81,0.062693
136,82,0.055084
136,83,0.076904
136,84,0.050877
136,85,0.044296
136,86,0.090320
136,87,0.044003
136,88,0.007562
136,89,0.037413
136,90,0.075252
136,91,0.046316
136,92,0.058226
136,93,0.015668
136,94,0.008842
136,95,0.047892
136,96,0.120087
136,97,0.052335
136,98,0.023136
136,99,0.023692
136,100,0.012349
136,101,0.045876
136,102,0.046804
136,103,0.029134
136,104,0.057126
136,105,0.017747
136,106,0.103297
136,107,0.103934
136,108,0.069283
136,109,0.090370
136,110,0.085376
136,111,0.185303
136,112,0.213407
136,113,0.073682
136,114,0.053991
136,115,0.073000
136,116,0.079358
136,117,0.020391
136,118,0.049396
136,119,0.052629
136,120,0.010313
136,121,0.016884
136,122,0.025640
136,123,0.084895
136,124,0.064233
136,125,0.033847
136,126,0.013495
136,127,0.046414
136,128,0.018720
136,129,0.039083
136,130,0.072705
136,131,0.012075
136,132,0.008661
136,133,0.035950
136,134,0.030703
136,135,0.016628
136,136,0.000000
136,137,0.011332
136,138,0.106680
136,139,0.125712
136,140,0.046202
136,141,0.078973
136,142,0.211567
136,143,0.204173
136,144,0.200488
136,145,0.133334
136,146,0.019635
136,147,0.097813
136,148,0.022503
136,149,0.071174
136,150,0.097895
136,151,0.053759
136,152,0.022387
136,153,0.048087
136,154,0.061295
136,155,0.010573
136,156,0.036788
136,157,0.025807
136,158,0.021185
136,159,0.034156
136,160,0.040505
136,161,0.113525
136,162,0.024852
136,163,0.056075
136,164,0.052012
136,165,0.023968
136,166,0.040696
136,167,0.099532
136,168,0.096827
136,169,0.024164
136,170,0.017828
136,171,0.093408
136,172,0.090733
136,173,0.013499
136,174,0.009817
136,175,0.021957
136,176,0.009559
136,177,0.063326
136,178,0.084305
136,179,0.047239
136,180,0.027576
136,181,0.054580
136,182,0.078235
136,183,0.082292
136,184,0.065959
136,185,0.024619
136,186,0.060823
136,187,0.036353
136,188,0.013977
136,189,0.044191
136,190,0.093469
136,191,0.149636
136,192,0.187594
136,193,0.205804
137,1,0.013947
137,2,0.049184
137,3,0.104180
137,4,0.081735
137,5,0.012170
137,6,0.006924
137,7,0.087642
137,8,0.120635
137,9,0.094346
137,10,0.061743
137,11,0.065666
137,12,0.051508
137,13,0.047333
137,14,0.059184
137,15,0.005735
137,16,0.024626
137,17,0.028134
137,18,0.062098
137,19,0.147946
137,20,0.068882
137,21,0.035539
137,22,0.018777
137,23,0.024824
137,24,0.048564
137,25,0.016437
137,26,0.063345
137,27,0.020586
137,28,0.058395
137,29,0.045045
137,30,0.046013
137,31,0.060651
137,32,0.012449
137,33,0.016540
137,34,0.039731
137,35,0.034032
137,36,0.020616
137,37,0.015930
137,38,0.000206
137,39,0.030608
137,40,0.054651
137,41,0.003780
137,42,0.001304
137,43,0.077265
137,44,0.083809
137,45,0.076117
137,46,0.060528
137,47,0.067099
137,48,0.084213
137,49,0.136169
137,50,0.033357
137,51,0.030706
137,52,0.062990
137,53,0.014366
137,54,0.029433
137,55,0.040372
137,56,0.024160
137,57,0.098854
137,58,0.061805
137,59,0.091796
137,60,0.073593
137,61,0.071365
137,62,0.087228
137,63,0.086706
137,64,0.009364
137,65,0.079199
137,66,0.009404
137,67,0.075534
137,68,0.066525
137,69,0.062525
137,70,0.041806
137,71,0.073253
137,72,0.064443
137,73,0.059685
137,74,0.078567
137,75,0.058859
137,76,0.075337
137,77,0.102432
137,78,0.083022
137,79,0.047840
137,80,0.026863
137,81,0.045857
137,82,0.038349
137,83,0.065129
137,84,0.075746
137,85,0.051769
137,86,0.050375
137,87,0.027777
137,88,0.013737
137,89,0.061575
137,90,0.075937
137,91,0.048960
137,92,0.074168
137,93,0.003918
137,94,0.034041
137,95,0.072172
137,96,0.131733
137,97,0.071117
137,98,0.017218
137,99,0.017647
137,100,0.043307
137,101,0.032397
137,102,0.023393
137,103,0.020817
137,104,0.060260
137,105,0.021548
137,106,0.098654
137,107,0.103627
137,108,0.027484
137,109,0.033668
137,110,0.060904
137,111,0.131133
137,112,0.148680
137,113,0.090984
137,114,0.017066
137,115,0.049610
137,116,0.046503
137,117,0.018153
137,118,0.041573
137,119,0.032994
137,120,0.002977
137,121,0.026440
137,122,0.016363
137,123,0.060969
137,124,0.048136
137,125,0.037513
137,126,0.014783
137,127,0.029507
137,128,0.001819
137,129,0.038058
137,130,0.092158
137,131,0.033770
137,132,0.017120
137,133,0.046443
137,134,0.016249
137,135,0.028221
137,136,0.011332
137,137,0.000000
137,138,0.016916
137,139,0.035003
137,140,0.024117
137,141,0.047749
137,142,0.060105
137,143,0.070366
137,144,0.063466
137,145,0.041525
137,146,0.043960
137,147,0.033852
137,148,0.013745
137,149,0.024118
137,150,0.040440
137,151,0.025795
137,152,0.001080
137,153,0.019747
137,154,0.017285
137,155,0.037816
137,156,0.007836
137,157,0.023500
137,158,0.003507
137,159,0.026977
137,160,0.029172
137,161,0.058724
137,162,0.019161
137,163,0.015917
137,164,0.024985
137,165,0.005338
137,166,0.052790
137,167,0.097087
137,168,0.079189
137,169,0.024208
137,170,0.030183
137,171,0.127989
137,172,0.096854
137,173,0.015267
137,174,0.013189
137,175,0.047077
137,176,0.010078
137,177,0.057450
137,178,0.051766
137,179,0.029246
137,180,0.013905
137,181,0.012922
137,182,0.042981
137,183,0.039741
137,184,0.041568
137,185,0.002188
137,186,0.046624
137,187,0.014034
137,188,0.015474
137,189,0.010782
137,190,0.104425
137,191,0.154284
137,192,0.162329
137,193,0.167139
138,1,0.036472
138,2,0.066599
138,3,0.114736
138,4,0.084060
138,5,0.009511
138,6,0.055217
138,7,0.026909
138,8,0.056819
138,9,0.049334
138,10,0.020376
138,11,0.031119
138,12,0.030929
138,13,0.007944
138,14,0.002464
138,15,0.055578
138,16,0.061579
138,17,0.013807
138,18,0.024426
138,19,0.103401
138,20,0.014940
138,21,0.023019
138,22,0.061687
138,23,0.058129
138,24,0.034612
138,25,0.014716
138,26,0.008059
138,27,0.078958
138,28,0.012944
138,29,0.009059
138,30,0.002480
138,31,0.002597
138,32,0.042182
138,33,0.014813
138,34,0.014265
138,35,0.047911
138,36,0.047168
138,37,0.065643
138,38,0.063116
138,39,0.092006
138,40,0.081078
138,41,0.008981
138,42,0.007314
138,43,0.027296
138,44,0.002624
138,45,0.135734
138,46,0.150253
138,47,0.010455
138,48,0.016709
138,49,0.086783
138,50,0.001947
138,51,0.031041
138,52,0.048829
138,53,0.060298
138,54,0.039242
138,55,0.058527
138,56,0.071084
138,57,0.132439
138,58,0.092017
138,59,0.128630
138,60,0.094633
138,61,0.096150
138,62,0.095363
138,63,0.093705
138,64,0.049649
138,65,0.067972
138,66,0.002703
138,67,0.033741
138,68,0.002935
138,69,0.032256
138,70,0.017053
138,71,0.039165
138,72,0.013251
138,73,0.024614
138,74,0.005939
138,75,0.016913
138,76,0.006047
138,77,0.017965
138,78,0.033978
138,79,0.015884
138,80,0.000521
138,81,0.006818
138,82,0.031998
138,83,0.011674
138,84,0.004211
138,85,0.040161
138,86,0.154539
138,87,0.122029
138,88,0.057782
138,89,0.028024
138,90,0.009156
138,91,0.002739
138,92,0.047829
138,93,0.001793
138,94,0.000831
138,95,0.037226
138,96,0.035318
138,97,0.000228
138,98,0.053245
138,99,0.021501
138,100,0.086592
138,101,0.075776
138,102,0.056236
138,103,0.043019
138,104,0.064398
138,105,0.031734
138,106,0.036494
138,107,0.058094
138,108,0.006211
138,109,0.078345
138,110,0.079486
138,111,0.157855
138,112,0.137309
138,113,0.097547
138,114,0.038353
138,115,0.026352
138,116,0.037772
138,117,0.027765
138,118,0.034499
138,119,0.009979
138,120,0.003197
138,121,0.035095
138,122,0.013688
138,123,0.073226
138,124,0.061101
138,125,0.091335
138,126,0.087677
138,127,0.051779
138,128,0.005433
138,129,0.023833
138,130,0.049380
138,131,0.012951
138,132,0.019993
138,133,0.014108
138,134,0.020015
138,135,0.097477
138,136,0.106680
138,137,0.016916
138,138,0.000000
138,139,0.109828
138,140,0.051202
138,141,0.024533
138,142,0.164696
138,143,0.148079
138,144,0.146548
138,145,0.123380
138,146,0.045803
138,147,0.090084
138,148,0.086921
138,149,0.026135
138,150,0.037712
138,151,0.005672
138,152,0.011260
138,153,0.053066
138,154,0.045232
138,155,0.002098
138,156,0.007751
138,157,0.021364
138,158,0.008442
138,159,0.008897
138,160,0.019675
138,161,0.074668
138,162,0.035685
138,163,0.033454
138,164,0.015661
138,165,0.005469
138,166,0.004769
138,167,0.022815
138,168,0.013343
138,169,0.046270
138,170,0.034414
138,171,0.138997
138,172,0.118666
138,173,0.000140
138,174,0.000910
138,175,0.064068
138,176,0.019100
138,177,0.067437
138,178,0.067274
138,179,0.042358
138,180,0.002889
138,181,0.019388
138,182,0.030252
138,183,0.042817
138,184,0.043501
138,185,0.022374
138,186,0.034275
138,187,0.000176
138,188,0.037092
138,189,0.005102
138,190,0.059368
138,191,0.119814
138,192,0.143504
138,193,0.159884
139,1,0.046039
139,2,0.087499
139,3,0.152603
139,4,0.134651
139,5,0.100734
139,6,0.110253
139,7,0.008414
139,8,0.024360
139,9,0.004644
139,10,0.067082
139,11,0.030051
139,12,0.021982
139,13,0.051349
139,14,0.035520
139,15,0.088222
139,16,0.080440
139,17,0.032624
139,18,0.030967
139,19,0.044435
139,20,0.039322
139,21,0.075578
139,22,0.100930
139,23,0.043878
139,24,0.030478
139,25,0.038863
139,26,0.055401
139,27,0.058437
139,28,0.020318
139,29,0.013026
139,30,0.011668
139,31,0.003575
139,32,0.022297
139,33,0.002345
139,34,0.005737
139,35,0.035483
139,36,0.035174
139,37,0.049189
139,38,0.057485
139,39,0.090802
139,40,0.035983
139,41,0.022695
139,42,0.005552
139,43,0.011962
139,44,0.058969
139,45,0.099754
139,46,0.162399
139,47,0.054342
139,48,0.065908
139,49,0.000164
139,50,0.057442
139,51,0.034254
139,52,0.051399
139,53,0.066063
139,54,0.047935
139,55,0.064372
139,56,0.082513
139,57,0.113652
139,58,0.073380
139,59,0.101719
139,60,0.077203
139,61,0.139597
139,62,0.110691
139,63,0.068976
139,64,0.084579
139,65,0.068936
139,66,0.054182
139,67,0.006870
139,68,0.063116
139,69,0.006658
139,70,0.042552
139,71,0.087529
139,72,0.029258
139,73,0.029320
139,74,0.000179
139,75,0.051475
139,76,0.022965
139,77,0.011945
139,78,0.032183
139,79,0.034674
139,80,0.001944
139,81,0.019803
139,82,0.058503
139,83,0.023256
139,84,0.031037
139,85,0.039143
139,86,0.197662
139,87,0.182902
139,88,0.120152
139,89,0.112253
139,90,0.065390
139,91,0.066515
139,92,0.021154
139,93,0.020016
139,94,0.012163
139,95,0.001969
139,96,0.053552
139,97,0.095428
139,98,0.115086
139,99,0.062467
139,100,0.086326
139,101,0.019429
139,102,0.014859
139,103,0.000922
139,104,0.012317
139,105,0.072130
139,106,0.034490
139,107,0.008870
139,108,0.011180
139,109,0.153125
139,110,0.126878
139,111,0.191134
139,112,0.164088
139,113,0.047290
139,114,0.043962
139,115,0.009464
139,116,0.035301
139,117,0.004894
139,118,0.016468
139,119,0.003784
139,120,0.019207
139,121,0.003734
139,122,0.038182
139,123,0.082279
139,124,0.077036
139,125,0.097970
139,126,0.086199
139,127,0.067121
139,128,0.006249
139,129,0.002783
139,130,0.001009
139,131,0.043345
139,132,0.050642
139,133,0.021012
139,134,0.052624
139,135,0.132245
139,136,0.125712
139,137,0.035003
139,138,0.109828
139,139,0.000000
139,140,0.037868
139,141,0.034408
139,142,0.195865
139,143,0.216767
139,144,0.247248
139,145,0.230611
139,146,0.158264
139,147,0.156232
139,148,0.092845
139,149,0.067433
139,150,0.063032
139,151,0.015671
139,152,0.020567
139,153,0.064713
139,154,0.060062
139,155,0.005710
139,156,0.026277
139,157,0.031470
139,158,0.000430
139,159,0.016297
139,160,0.037158
139,161,0.039851
139,162,0.026255
139,163,0.028218
139,164,0.013238
139,165,0.010545
139,166,0.039476
139,167,0.022932
139,168,0.019060
139,169,0.070979
139,170,0.075480
139,171,0.090211
139,172,0.101833
139,173,0.028680
139,174,0.018471
139,175,0.062036
139,176,0.026924
139,177,0.051633
139,178,0.066466
139,179,0.048108
139,180,0.008328
139,181,0.003629
139,182,0.033586
139,183,0.037349
139,184,0.031913
139,185,0.017171
139,186,0.022542
139,187,0.022157
139,188,0.016958
139,189,0.035699
139,190,0.071407
139,191,0.010852
139,192,0.030672
139,193,0.064638
140,1,0.059979
140,2,0.098386
140,3,0.048437
140,4,0.002711
140,5,0.085234
140,6,0.085499
140,7,0.075986
140,8,0.054922
140,9,0.033277
140,10,0.032321
140,11,0.072843
140,12,0.032708
140,13,0.040112
140,14,0.075305
140,15,0.019273
140,16,0.004346
140,17,0.040490
140,18,0.054289
140,19,0.075489
140,20,0.029891
140,21,0.078680
140,22,0.072057
140,23,0.017911
140,24,0.001817
140,25,0.049313
140,26,0.030518
140,27,0.130768
140,28,0.020574
140,29,0.007279
140,30,0.036627
140,31,0.005284
140,32,0.000978
140,33,0.027955
140,34,0.006229
140,35,0.017575
140,36,0.013948
140,37,0.019895
140,38,0.058408
140,39,0.032949
140,40,0.006329
140,41,0.059254
140,42,0.049379
140,43,0.107945
140,44,0.048011
140,45,0.056054
140,46,0.034537
140,47,0.047741
140,48,0.049888
140,49,0.076657
140,50,0.002126
140,51,0.000959
140,52,0.004848
140,53,0.001074
140,54,0.009742
140,55,0.014896
140,56,0.007856
140,57,0.033018
140,58,0.036620
140,59,0.026826
140,60,0.008396
140,61,0.017883
140,62,0.059588
140,63,0.063528
140,64,0.072829
140,65,0.021204
140,66,0.060235
140,67,0.013697
140,68,0.048916
140,69,0.033735
140,70,0.049467
140,71,0.038592
140,72,0.001638
140,73,0.016065
140,74,0.017080
140,75,0.009271
140,76,0.027495
140,77,0.031192
140,78,0.024740
140,79,0.002380
140,80,0.009440
140,81,0.013977
140,82,0.057010
140,83,0.042578
140,84,0.005294
140,85,0.000757
140,86,0.052772
140,87,0.080474
140,88,0.012140
140,89,0.041063
140,90,0.055095
140,91,0.022938
140,92,0.072171
140,93,0.048977
140,94,0.022626
140,95,0.009115
140,96,0.059615
140,97,0.025010
140,98,0.003050
140,99,0.033306
140,100,0.006340
140,101,0.018300
140,102,0.001070
140,103,0.016016
140,104,0.085960
140,105,0.033515
140,106,0.018652
140,107,0.007076
140,108,0.032133
140,109,0.087169
140,110,0.135278
140,111,0.132025
140,112,0.064982
140,113,0.122639
140,114,0.086462
140,115,0.087712
140,116,0.050025
140,117,0.029144
140,118,0.035945
140,119,0.053569
140,120,0.066541
140,121,0.005358
140,122,0.005246
140,123,0.020339
140,124,0.007818
140,125,0.008142
140,126,0.043209
140,127,0.059447
140,128,0.019627
140,129,0.007809
140,130,0.040677
140,131,0.016679
140,132,0.020106
140,133,0.048651
140,134,0.021782
140,135,0.038621
140,136,0.046202
140,137,0.024117
140,138,0.051202
140,139,0.037868
140,140,0.000000
140,141,0.004913
140,142,0.000854
140,143,0.005765
140,144,0.001908
140,145,0.002831
140,146,0.024286
140,147,0.010809
140,148,0.020140
140,149,0.049307
140,150,0.025527
140,151,0.012079
140,152,0.009856
140,153,0.018329
140,154,0.031730
140,155,0.012622
140,156,0.010316
140,157,0.027298
140,158,0.041060
140,159,0.042768
140,160,0.032502
140,161,0.027451
140,162,0.033465
140,163,0.022022
140,164,0.009804
140,165,0.008815
140,166,0.009476
140,167,0.014029
140,168,0.012154
140,169,0.048354
140,170,0.002240
140,171,0.070736
140,172,0.067632
140,173,0.004757
140,174,0.002464
140,175,0.045138
140,176,0.018216
140,177,0.005764
140,178,0.008635
140,179,0.002775
140,180,0.044484
140,181,0.033714
140,182,0.000540
140,183,0.011246
140,184,0.016507
140,185,0.017362
140,186,0.012777
140,187,0.001936
140,188,0.025520
140,189,0.062903
140,190,0.063524
140,191,0.096621
140,192,0.091458
140,193,0.105869
141,1,0.046623
141,2,0.098008
141,3,0.065464
141,4,0.017869
141,5,0.029608
141,6,0.026969
141,7,0.010420
141,8,0.066903
141,9,0.044496
141,10,0.026017
141,11,0.004279
141,12,0.018123
141,13,0.002173
141,14,0.031440
141,15,0.057616
141,16,0.081534
141,17,0.003755
141,18,0.039348
141,19,0.044317
141,20,0.007464
141,21,0.016490
141,22,0.003942
141,23,0.036514
141,24,0.008982
141,25,0.146892
141,26,0.084723
141,27,0.167384
141,28,0.094819
141,29,0.060261
141,30,0.026261
141,31,0.036463
141,32,0.027855
141,33,0.052892
141,34,0.031822
141,35,0.039748
141,36,0.030602
141,37,0.032892
141,38,0.073498
141,39,0.060883
141,40,0.030454
141,41,0.016581
141,42,0.022139
141,43,0.036622
141,44,0.005802
141,45,0.032706
141,46,0.054754
141,47,0.025169
141,48,0.007114
141,49,0.039230
141,50,0.029763
141,51,0.046270
141,52,0.050135
141,53,0.008397
141,54,0.029627
141,55,0.022177
141,56,0.021321
141,57,0.057242
141,58,0.038142
141,59,0.024128
141,60,0.010977
141,61,0.039011
141,62,0.085460
141,63,0.160913
141,64,0.085232
141,65,0.044138
141,66,0.025499
141,67,0.006983
141,68,0.063068
141,69,0.059525
141,70,0.068642
141,71,0.050324
141,72,0.039118
141,73,0.033858
141,74,0.065803
141,75,0.076205
141,76,0.036548
141,77,0.045336
141,78,0.043159
141,79,0.059137
141,80,0.070641
141,81,0.048447
141,82,0.128432
141,83,0.113392
141,84,0.085635
141,85,0.063225
141,86,0.046531
141,87,0.078123
141,88,0.045110
141,89,0.027409
141,90,0.016794
141,91,0.021543
141,92,0.035850
141,93,0.002073
141,94,0.022759
141,95,0.013603
141,96,0.012455
141,97,0.007158
141,98,0.038903
141,99,0.030081
141,100,0.063299
141,101,0.151464
141,102,0.103100
141,103,0.097896
141,104,0.079087
141,105,0.021886
141,106,0.007354
141,107,0.018265
141,108,0.073130
141,109,0.029390
141,110,0.091524
141,111,0.083291
141,112,0.030875
141,113,0.169994
141,114,0.100247
141,115,0.104673
141,116,0.029838
141,117,0.016847
141,118,0.041070
141,119,0.076077
141,120,0.092233
141,121,0.004253
141,122,0.021651
141,123,0.042932
141,124,0.042638
141,125,0.007105
141,126,0.069334
141,127,0.103015
141,128,0.017619
141,129,0.029365
141,130,0.026519
141,131,0.005661
141,132,0.017453
141,133,0.024216
141,134,0.030218
141,135,0.041324
141,136,0.078973
141,137,0.047749
141,138,0.024533
141,139,0.034408
141,140,0.004913
141,141,0.000000
141,142,0.120727
141,143,0.123587
141,144,0.084182
141,145,0.005642
141,146,0.026408
141,147,0.013569
141,148,0.024826
141,149,0.007120
141,150,0.027587
141,151,0.030151
141,152,0.030830
141,153,0.005126
141,154,0.023752
141,155,0.022142
141,156,0.031693
141,157,0.053364
141,158,0.033024
141,159,0.013900
141,160,0.000308
141,161,0.077206
141,162,0.040287
141,163,0.012231
141,164,0.014933
141,165,0.008125
141,166,0.040068
141,167,0.018153
141,168,0.012819
141,169,0.049203
141,170,0.004901
141,171,0.087813
141,172,0.047441
141,173,0.011025
141,174,0.010169
141,175,0.040741
141,176,0.032701
141,177,0.005848
141,178,0.000580
141,179,0.021110
141,180,0.017083
141,181,0.039936
141,182,0.026698
141,183,0.014326
141,184,0.009376
141,185,0.034223
141,186,0.008617
141,187,0.026355
141,188,0.006155
141,189,0.069544
141,190,0.058498
141,191,0.078891
141,192,0.065338
141,193,0.071288
142,1,0.029132
142,2,0.008225
142,3,0.169237
142,4,0.193930
142,5,0.147172
142,6,0.162997
142,7,0.043747
142,8,0.093703
142,9,0.114024
142,10,0.002702
142,11,0.008665
142,12,0.041893
142,13,0.121130
142,14,0.218581
142,15,0.268925
142,16,0.262055
142,17,0.110705
142,18,0.025121
142,19,0.094826
142,20,0.007637
142,21,0.051164
142,22,0.054908
142,23,0.052064
142,24,0.009375
142,25,0.027467
142,26,0.076541
142,27,0.037305
142,28,0.057289
142,29,0.050537
142,30,0.000049
142,31,0.002408
142,32,0.052808
142,33,0.022861
142,34,0.040207
142,35,0.062679
142,36,0.080695
142,37,0.107777
142,38,0.127224
142,39,0.169382
142,40,0.085920
142,41,0.002016
142,42,0.001265
142,43,0.053893
142,44,0.081583
142,45,0.063401
142,46,0.138472
142,47,0.029816
142,48,0.007395
142,49,0.009769
142,50,0.025132
142,51,0.018590
142,52,0.065544
142,53,0.022583
142,54,0.076916
142,55,0.101090
142,56,0.049723
142,57,0.060705
142,58,0.065943
142,59,0.023100
142,60,0.037841
142,61,0.103667
142,62,0.100772
142,63,0.030719
142,64,0.012813
142,65,0.046659
142,66,0.007013
142,67,0.002273
142,68,0.039093
142,69,0.030645
142,70,0.084855
142,71,0.134688
142,72,0.075895
142,73,0.062179
142,74,0.001745
142,75,0.041059
142,76,0.022697
142,77,0.021423
142,78,0.054561
142,79,0.065282
142,80,0.049223
142,81,0.030544
142,82,0.008655
142,83,0.036532
142,84,0.016108
142,85,0.029977
142,86,0.173600
142,87,0.128900
142,88,0.127370
142,89,0.103439
142,90,0.096750
142,91,0.112479
142,92,0.014416
142,93,0.028817
142,94,0.000885
142,95,0.007822
142,96,0.024524
142,97,0.138721
142,98,0.134238
142,99,0.072029
142,100,0.080502
142,101,0.002509
142,102,0.045826
142,103,0.007554
142,104,0.053409
142,105,0.134156
142,106,0.018269
142,107,0.004813
142,108,0.023201
142,109,0.077804
142,110,0.063851
142,111,0.139883
142,112,0.166902
142,113,0.019504
142,114,0.052321
142,115,0.030267
142,116,0.051220
142,117,0.017768
142,118,0.015921
142,119,0.028225
142,120,0.026154
142,121,0.061739
142,122,0.039144
142,123,0.108470
142,124,0.076851
142,125,0.043861
142,126,0.059056
142,127,0.064174
142,128,0.004333
142,129,0.010679
142,130,0.011701
142,131,0.095194
142,132,0.088530
142,133,0.073838
142,134,0.078881
142,135,0.167034
142,136,0.211567
142,137,0.060105
142,138,0.164696
142,139,0.195865
142,140,0.000854
142,141,0.120727
142,142,0.000000
142,143,0.181754
142,144,0.311383
142,145,0.344901
142,146,0.242702
142,147,0.241111
142,148,0.093971
142,149,0.062379
142,150,0.074543
142,151,0.037650
142,152,0.037097
142,153,0.052186
142,154,0.047538
142,155,0.053713
142,156,0.072575
142,157,0.063843
142,158,0.029813
142,159,0.004139
142,160,0.008722
142,161,0.067546
142,162,0.024295
142,163,0.049110
142,164,0.023775
142,165,0.034667
142,166,0.017840
142,167,0.017719
142,168,0.008096
142,169,0.067619
142,170,0.091611
142,171,0.069378
142,172,0.039894
142,173,0.010670
142,174,0.001261
142,175,0.027935
142,176,0.053123
142,177,0.049348
142,178,0.066637
142,179,0.050948
142,180,0.013482
142,181,0.027583
142,182,0.031232
142,183,0.062220
142,184,0.032457
142,185,0.041724
142,186,0.045731
142,187,0.047182
142,188,0.018610
142,189,0.088464
142,190,0.028205
142,191,0.018253
142,192,0.050268
142,193,0.084987
143,1,0.033245
143,2,0.026287
143,3,0.100497
143,4,0.107666
143,5,0.037795
143,6,0.069516
143,7,0.105499
143,8,0.090740
143,9,0.183389
143,10,0.066914
143,11,0.047334
143,12,0.041337
143,13,0.131082
143,14,0.238444
143,15,0.244583
143,16,0.226850
143,17,0.047879
143,18,0.004085
143,19,0.064269
143,20,0.021207
143,21,0.048682
143,22,0.042143
143,23,0.039597
143,24,0.018927
143,25,0.083849
143,26,0.169094
143,27,0.069212
143,28,0.060290
143,29,0.051942
143,30,0.046889
143,31,0.019330
143,32,0.022044
143,33,0.026778
143,34,0.055015
143,35,0.076644
143,36,0.070663
143,37,0.069199
143,38,0.118346
143,39,0.114443
143,40,0.051723
143,41,0.063917
143,42,0.053311
143,43,0.131097
143,44,0.030347
143,45,0.071876
143,46,0.108577
143,47,0.076492
143,48,0.023633
143,49,0.044321
143,50,0.021109
143,51,0.052259
143,52,0.029738
143,53,0.017374
143,54,0.077172
143,55,0.065711
143,56,0.027361
143,57,0.029475
143,58,0.087353
143,59,0.049449
143,60,0.004056
143,61,0.044576
143,62,0.065072
143,63,0.039764
143,64,0.056468
143,65,0.057832
143,66,0.039812
143,67,0.044616
143,68,0.071831
143,69,0.043688
143,70,0.074188
143,71,0.081152
143,72,0.036509
143,73,0.004172
143,74,0.028458
143,75,0.064018
143,76,0.080506
143,77,0.076553
143,78,0.059662
143,79,0.055976
143,80,0.072256
143,81,0.092333
143,82,0.029717
143,83,0.045046
143,84,0.004706
143,85,0.014430
143,86,0.133999
143,87,0.089274
143,88,0.095624
143,89,0.067251
143,90,0.059353
143,91,0.072987
143,92,0.009381
143,93,0.023568
143,94,0.002282
143,95,0.023795
143,96,0.030895
143,97,0.072825
143,98,0.043025
143,99,0.013078
143,100,0.010397
143,101,0.002037
143,102,0.024336
143,103,0.008532
143,104,0.075660
143,105,0.070111
143,106,0.018525
143,107,0.000245
143,108,0.009843
143,109,0.048217
143,110,0.122062
143,111,0.145648
143,112,0.157478
143,113,0.038507
143,114,0.057521
143,115,0.057398
143,116,0.008042
143,117,0.031587
143,118,0.087907
143,119,0.075177
143,120,0.008676
143,121,0.068283
143,122,0.013616
143,123,0.087535
143,124,0.089547
143,125,0.078883
143,126,0.084855
143,127,0.094491
143,128,0.072911
143,129,0.045914
143,130,0.031435
143,131,0.021707
143,132,0.038474
143,133,0.025968
143,134,0.036984
143,135,0.141599
143,136,0.204173
143,137,0.070366
143,138,0.148079
143,139,0.216767
143,140,0.005765
143,141,0.123587
143,142,0.181754
143,143,0.000000
143,144,0.132311
143,145,0.219367
143,146,0.223144
143,147,0.205839
143,148,0.177077
143,149,0.045026
143,150,0.046012
143,151,0.033587
143,152,0.040535
143,153,0.075855
143,154,0.052278
143,155,0.037249
143,156,0.061714
143,157,0.031972
143,158,0.017581
143,159,0.026607
143,160,0.039135
143,161,0.058260
143,162,0.013898
143,163,0.015181
143,164,0.010678
143,165,0.007606
143,166,0.086682
143,167,0.059662
143,168,0.022588
143,169,0.031414
143,170,0.086417
143,171,0.139534
143,172,0.083482
143,173,0.012959
143,174,0.001006
143,175,0.061940
143,176,0.033636
143,177,0.075467
143,178,0.083977
143,179,0.063435
143,180,0.027756
143,181,0.048841
143,182,0.037120
143,183,0.057559
143,184,0.038597
143,185,0.006134
143,186,0.031460
143,187,0.028251
143,188,0.075780
143,189,0.075666
143,190,0.024473
143,191,0.092096
143,192,0.145891
143,193,0.168428
144,1,0.047596
144,2,0.046313
144,3,0.100761
144,4,0.102292
144,5,0.009144
144,6,0.028501
144,7,0.156177
144,8,0.155543
144,9,0.205602
144,10,0.102479
144,11,0.099559
144,12,0.068014
144,13,0.097861
144,14,0.174678
144,15,0.190835
144,16,0.180966
144,17,0.040635
144,18,0.035148
144,19,0.132481
144,20,0.101835
144,21,0.010065
144,22,0.023704
144,23,0.087345
144,24,0.049067
144,25,0.001540
144,26,0.085471
144,27,0.014246
144,28,0.125171
144,29,0.140852
144,30,0.073862
144,31,0.090632
144,32,0.018293
144,33,0.024980
144,34,0.021491
144,35,0.043355
144,36,0.033576
144,37,0.037966
144,38,0.058741
144,39,0.083739
144,40,0.043570
144,41,0.066037
144,42,0.053217
144,43,0.139758
144,44,0.013649
144,45,0.077722
144,46,0.112182
144,47,0.106047
144,48,0.065029
144,49,0.053935
144,50,0.022498
144,51,0.033570
144,52,0.000946
144,53,0.036605
144,54,0.047420
144,55,0.037569
144,56,0.000617
144,57,0.014655
144,58,0.096853
144,59,0.048327
144,60,0.004703
144,61,0.024699
144,62,0.054294
144,63,0.020572
144,64,0.053945
144,65,0.037751
144,66,0.035659
144,67,0.023051
144,68,0.041522
144,69,0.000718
144,70,0.063749
144,71,0.071761
144,72,0.006629
144,73,0.021723
144,74,0.041526
144,75,0.089230
144,76,0.084491
144,77,0.077961
144,78,0.098071
144,79,0.088721
144,80,0.105280
144,81,0.143638
144,82,0.074853
144,83,0.082642
144,84,0.024252
144,85,0.005970
144,86,0.107603
144,87,0.055231
144,88,0.032964
144,89,0.007520
144,90,0.006916
144,91,0.030692
144,92,0.031961
144,93,0.007525
144,94,0.011906
144,95,0.021828
144,96,0.023863
144,97,0.010337
144,98,0.008292
144,99,0.060218
144,100,0.021353
144,101,0.024168
144,102,0.031062
144,103,0.037884
144,104,0.101008
144,105,0.042239
144,106,0.068444
144,107,0.048693
144,108,0.048442
144,109,0.090316
144,110,0.126948
144,111,0.198847
144,112,0.209886
144,113,0.004993
144,114,0.027476
144,115,0.008201
144,116,0.036484
144,117,0.059594
144,118,0.145902
144,119,0.148221
144,120,0.043606
144,121,0.087814
144,122,0.054639
144,123,0.114558
144,124,0.143092
144,125,0.142587
144,126,0.137155
144,127,0.146609
144,128,0.145728
144,129,0.103186
144,130,0.073438
144,131,0.011142
144,132,0.027140
144,133,0.018545
144,134,0.026760
144,135,0.146294
144,136,0.200488
144,137,0.063466
144,138,0.146548
144,139,0.247248
144,140,0.001908
144,141,0.084182
144,142,0.311383
144,143,0.132311
144,144,0.000000
144,145,0.105289
144,146,0.176458
144,147,0.161539
144,148,0.165190
144,149,0.050681
144,150,0.054797
144,151,0.043458
144,152,0.018549
144,153,0.067159
144,154,0.074351
144,155,0.039993
144,156,0.071055
144,157,0.056133
144,158,0.045834
144,159,0.047831
144,160,0.035988
144,161,0.038524
144,162,0.028749
144,163,0.005962
144,164,0.002368
144,165,0.020706
144,166,0.091783
144,167,0.089875
144,168,0.005061
144,169,0.031031
144,170,0.055813
144,171,0.086840
144,172,0.030223
144,173,0.041621
144,174,0.046461
144,175,0.014999
144,176,0.092527
144,177,0.113784
144,178,0.108826
144,179,0.085903
144,180,0.070366
144,181,0.117840
144,182,0.063093
144,183,0.079054
144,184,0.061536
144,185,0.035023
144,186,0.075762
144,187,0.073970
144,188,0.041261
144,189,0.080958
144,190,0.062406
144,191,0.129502
144,192,0.188183
144,193,0.209667
145,1,0.071796
145,2,0.074407
145,3,0.094961
145,4,0.136478
145,5,0.027696
145,6,0.041825
145,7,0.148572
145,8,0.153417
145,9,0.211015
145,10,0.078640
145,11,0.063162
145,12,0.064336
145,13,0.060000
145,14,0.074422
145,15,0.068813
145,16,0.058826
145,17,0.074010
145,18,0.001560
145,19,0.107464
145,20,0.065582
145,21,0.041915
145,22,0.045045
145,23,0.039502
145,24,0.049967
145,25,0.031479
145,26,0.054155
145,27,0.004024
145,28,0.081149
145,29,0.116467
145,30,0.040456
145,31,0.052614
145,32,0.008347
145,33,0.011698
145,34,0.021545
145,35,0.058829
145,36,0.066012
145,37,0.057975
145,38,0.070347
145,39,0.073379
145,40,0.089627
145,41,0.034572
145,42,0.023961
145,43,0.125071
145,44,0.004858
145,45,0.120787
145,46,0.102704
145,47,0.077480
145,48,0.059813
145,49,0.085462
145,50,0.000559
145,51,0.029521
145,52,0.053035
145,53,0.058373
145,54,0.050567
145,55,0.049209
145,56,0.000913
145,57,0.027870
145,58,0.029554
145,59,0.023534
145,60,0.012558
145,61,0.014961
145,62,0.035514
145,63,0.008802
145,64,0.051983
145,65,0.063298
145,66,0.057609
145,67,0.044522
145,68,0.064504
145,69,0.004704
145,70,0.071424
145,71,0.073534
145,72,0.024959
145,73,0.047944
145,74,0.025903
145,75,0.054399
145,76,0.030256
145,77,0.041545
145,78,0.041679
145,79,0.028815
145,80,0.081533
145,81,0.081531
145,82,0.078854
145,83,0.126127
145,84,0.056904
145,85,0.019543
145,86,0.083300
145,87,0.044056
145,88,0.013058
145,89,0.008846
145,90,0.009621
145,91,0.031175
145,92,0.020302
145,93,0.020941
145,94,0.030048
145,95,0.025304
145,96,0.028453
145,97,0.008996
145,98,0.025701
145,99,0.077520
145,100,0.051436
145,101,0.080263
145,102,0.010437
145,103,0.009027
145,104,0.086675
145,105,0.028603
145,106,0.078037
145,107,0.095890
145,108,0.057028
145,109,0.103812
145,110,0.132238
145,111,0.222745
145,112,0.234916
145,113,0.019175
145,114,0.050125
145,115,0.000433
145,116,0.027531
145,117,0.025140
145,118,0.084835
145,119,0.119647
145,120,0.007422
145,121,0.093690
145,122,0.072459
145,123,0.062624
145,124,0.066862
145,125,0.085453
145,126,0.011241
145,127,0.003328
145,128,0.117476
145,129,0.108064
145,130,0.087895
145,131,0.026683
145,132,0.010905
145,133,0.012338
145,134,0.016464
145,135,0.105548
145,136,0.133334
145,137,0.041525
145,138,0.123380
145,139,0.230611
145,140,0.002831
145,141,0.005642
145,142,0.344901
145,143,0.219367
145,144,0.105289
145,145,0.000000
145,146,0.104418
145,147,0.126138
145,148,0.072740
145,149,0.099188
145,150,0.104142
145,151,0.043409
145,152,0.043911
145,153,0.043652
145,154,0.046980
145,155,0.028156
145,156,0.072733
145,157,0.073746
145,158,0.036368
145,159,0.021026
145,160,0.005835
145,161,0.077237
145,162,0.051563
145,163,0.099381
145,164,0.113331
145,165,0.064722
145,166,0.059383
145,167,0.104909
145,168,0.025693
145,169,0.029188
145,170,0.072276
145,171,0.096382
145,172,0.047202
145,173,0.010379
145,174,0.035751
145,175,0.016871
145,176,0.059542
145,177,0.073455
145,178,0.084588
145,179,0.048176
145,180,0.031774
145,181,0.104890
145,182,0.070832
145,183,0.081559
145,184,0.059245
145,185,0.042670
145,186,0.074495
145,187,0.075362
145,188,0.070118
145,189,0.137460
145,190,0.082068
145,191,0.176195
145,192,0.221658
145,193,0.229837
146,1,0.114123
146,2,0.093074
146,3,0.097684
146,4,0.142414
146,5,0.000387
146,6,0.019350
146,7,0.159315
146,8,0.246320
146,9,0.224329
146,10,0.120073
146,11,0.113290
146,12,0.070447
146,13,0.018140
146,14,0.076224
146,15,0.103872
146,16,0.101892
146,17,0.054803
146,18,0.055724
146,19,0.194280
146,20,0.144436
146,21,0.057133
146,22,0.059330
146,23,0.085719
146,24,0.130725
146,25,0.136744
146,26,0.080992
146,27,0.017860
146,28,0.075745
146,29,0.150448
146,30,0.023522
146,31,0.057485
146,32,0.000353
146,33,0.012590
146,34,0.039414
146,35,0.049760
146,36,0.056955
146,37,0.079652
146,38,0.087892
146,39,0.078789
146,40,0.145329
146,41,0.025676
146,42,0.026959
146,43,0.096522
146,44,0.060806
146,45,0.131192
146,46,0.010010
146,47,0.148406
146,48,0.120563
146,49,0.176316
146,50,0.040585
146,51,0.038022
146,52,0.106934
146,53,0.014494
146,54,0.044379
146,55,0.032816
146,56,0.001725
146,57,0.020908
146,58,0.012044
146,59,0.032610
146,60,0.031993
146,61,0.012452
146,62,0.009568
146,63,0.053188
146,64,0.037057
146,65,0.017849
146,66,0.004498
146,67,0.001676
146,68,0.045526
146,69,0.014628
146,70,0.056875
146,71,0.027380
146,72,0.020783
146,73,0.019929
146,74,0.015254
146,75,0.023287
146,76,0.009933
146,77,0.034038
146,78,0.019137
146,79,0.010154
146,80,0.082048
146,81,0.097933
146,82,0.120477
146,83,0.184176
146,84,0.115461
146,85,0.053641
146,86,0.032598
146,87,0.003082
146,88,0.097517
146,89,0.129379
146,90,0.088328
146,91,0.047189
146,92,0.083943
146,93,0.003607
146,94,0.025904
146,95,0.093177
146,96,0.127799
146,97,0.054480
146,98,0.048711
146,99,0.103305
146,100,0.048279
146,101,0.096767
146,102,0.011682
146,103,0.005556
146,104,0.085069
146,105,0.024801
146,106,0.162336
146,107,0.140772
146,108,0.026540
146,109,0.068189
146,110,0.057989
146,111,0.177350
146,112,0.217543
146,113,0.057420
146,114,0.032274
146,115,0.024043
146,116,0.006781
146,117,0.041602
146,118,0.077738
146,119,0.131184
146,120,0.033508
146,121,0.063343
146,122,0.080416
146,123,0.057645
146,124,0.035837
146,125,0.061112
146,126,0.014999
146,127,0.024134
146,128,0.111617
146,129,0.119330
146,130,0.140641
146,131,0.092455
146,132,0.057478
146,133,0.114858
146,134,0.135440
146,135,0.001983
146,136,0.019635
146,137,0.043960
146,138,0.045803
146,139,0.158264
146,140,0.024286
146,141,0.026408
146,142,0.242702
146,143,0.223144
146,144,0.176458
146,145,0.104418
146,146,0.000000
146,147,0.072437
146,148,0.007483
146,149,0.072258
146,150,0.084576
146,151,0.014789
146,152,0.031550
146,153,0.002875
146,154,0.013705
146,155,0.094887
146,156,0.088050
146,157,0.102953
146,158,0.092996
146,159,0.006182
146,160,0.070560
146,161,0.098867
146,162,0.116900
146,163,0.161315
146,164,0.154359
146,165,0.093289
146,166,0.116815
146,167,0.179316
146,168,0.110542
146,169,0.034507
146,170,0.010240
146,171,0.016502
146,172,0.017823
146,173,0.053979
146,174,0.099020
146,175,0.031148
146,176,0.077771
146,177,0.073858
146,178,0.075358
146,179,0.059057
146,180,0.042908
146,181,0.121982
146,182,0.080890
146,183,0.086688
146,184,0.056982
146,185,0.054615
146,186,0.079490
146,187,0.083960
146,188,0.030504
146,189,0.117131
146,190,0.156236
146,191,0.242337
146,192,0.303236
146,193,0.298131
147,1,0.110756
147,2,0.093646
147,3,0.040277
147,4,0.075129
147,5,0.002525
147,6,0.017464
147,7,0.109765
147,8,0.124348
147,9,0.149748
147,10,0.066556
147,11,0.060003
147,12,0.002671
147,13,0.068348
147,14,0.002158
147,15,0.052059
147,16,0.062583
147,17,0.013541
147,18,0.002771
147,19,0.080889
147,20,0.071182
147,21,0.035188
147,22,0.085687
147,23,0.089355
147,24,0.042722
147,25,0.034801
147,26,0.054116
147,27,0.057269
147,28,0.044812
147,29,0.078111
147,30,0.039834
147,31,0.013595
147,32,0.009248
147,33,0.011560
147,34,0.016789
147,35,0.045452
147,36,0.058688
147,37,0.074292
147,38,0.038533
147,39,0.034874
147,40,0.108325
147,41,0.052996
147,42,0.045586
147,43,0.047500
147,44,0.008157
147,45,0.073744
147,46,0.036014
147,47,0.130451
147,48,0.059130
147,49,0.087039
147,50,0.058316
147,51,0.036239
147,52,0.054266
147,53,0.006031
147,54,0.064260
147,55,0.033634
147,56,0.051404
147,57,0.059374
147,58,0.051064
147,59,0.075544
147,60,0.038232
147,61,0.046403
147,62,0.038977
147,63,0.015114
147,64,0.087862
147,65,0.085221
147,66,0.080968
147,67,0.025139
147,68,0.094432
147,69,0.002991
147,70,0.030281
147,71,0.012733
147,72,0.034492
147,73,0.065179
147,74,0.056490
147,75,0.035075
147,76,0.069072
147,77,0.054754
147,78,0.047857
147,79,0.041804
147,80,0.013567
147,81,0.031089
147,82,0.027100
147,83,0.079201
147,84,0.051705
147,85,0.029877
147,86,0.021504
147,87,0.034099
147,88,0.021524
147,89,0.054412
147,90,0.025467
147,91,0.005385
147,92,0.005837
147,93,0.016061
147,94,0.014334
147,95,0.066717
147,96,0.032211
147,97,0.015384
147,98,0.011752
147,99,0.077428
147,100,0.022913
147,101,0.069800
147,102,0.007936
147,103,0.013292
147,104,0.040281
147,105,0.025759
147,106,0.088826
147,107,0.095462
147,108,0.084545
147,109,0.040944
147,110,0.065809
147,111,0.125313
147,112,0.132154
147,113,0.101062
147,114,0.061019
147,115,0.039944
147,116,0.044918
147,117,0.020473
147,118,0.051283
147,119,0.008444
147,120,0.031537
147,121,0.002364
147,122,0.068082
147,123,0.006735
147,124,0.064451
147,125,0.035761
147,126,0.078512
147,127,0.076888
147,128,0.025426
147,129,0.025273
147,130,0.021264
147,131,0.010754
147,132,0.019855
147,133,0.007236
147,134,0.031473
147,135,0.071390
147,136,0.097813
147,137,0.033852
147,138,0.090084
147,139,0.156232
147,140,0.010809
147,141,0.013569
147,142,0.241111
147,143,0.205839
147,144,0.161539
147,145,0.126138
147,146,0.072437
147,147,0.000000
147,148,0.074964
147,149,0.036909
147,150,0.056092
147,151,0.010354
147,152,0.008862
147,153,0.007921
147,154,0.018057
147,155,0.017301
147,156,0.049355
147,157,0.058734
147,158,0.024863
147,159,0.014681
147,160,0.033375
147,161,0.010699
147,162,0.035756
147,163,0.086365
147,164,0.090058
147,165,0.094470
147,166,0.059262
147,167,0.099895
147,168,0.005440
147,169,0.006625
147,170,0.004574
147,171,0.000682
147,172,0.011557
147,173,0.033727
147,174,0.051102
147,175,0.024357
147,176,0.019515
147,177,0.013015
147,178,0.003193
147,179,0.001771
147,180,0.009970
147,181,0.024930
147,182,0.009354
147,183,0.006258
147,184,0.005595
147,185,0.008644
147,186,0.021700
147,187,0.026598
147,188,0.025338
147,189,0.112065
147,190,0.045653
147,191,0.005530
147,192,0.058713
147,193,0.041699
148,1,0.080891
148,2,0.052026
148,3,0.057248
148,4,0.074644
148,5,0.004518
148,6,0.021302
148,7,0.135035
148,8,0.027376
148,9,0.036430
148,10,0.029590
148,11,0.032297
148,12,0.016493
148,13,0.061140
148,14,0.183510
148,15,0.190515
148,16,0.179790
148,17,0.041749
148,18,0.007198
148,19,0.011898
148,20,0.019818
148,21,0.072489
148,22,0.059821
148,23,0.007945
148,24,0.055027
148,25,0.012889
148,26,0.045829
148,27,0.047072
148,28,0.027783
148,29,0.080498
148,30,0.106496
148,31,0.080535
148,32,0.041931
148,33,0.044808
148,34,0.036643
148,35,0.004443
148,36,0.007067
148,37,0.028004
148,38,0.017032
148,39,0.034926
148,40,0.066944
148,41,0.002555
148,42,0.031321
148,43,0.027145
148,44,0.003108
148,45,0.197561
148,46,0.073754
148,47,0.052463
148,48,0.018852
148,49,0.109336
148,50,0.120276
148,51,0.042339
148,52,0.054934
148,53,0.025490
148,54,0.052008
148,55,0.044375
148,56,0.066417
148,57,0.067026
148,58,0.083560
148,59,0.115401
148,60,0.083217
148,61,0.021266
148,62,0.013832
148,63,0.043871
148,64,0.075995
148,65,0.125833
148,66,0.056508
148,67,0.033525
148,68,0.075437
148,69,0.031155
148,70,0.016560
148,71,0.038970
148,72,0.036517
148,73,0.003282
148,74,0.031159
148,75,0.040006
148,76,0.061285
148,77,0.046216
148,78,0.049910
148,79,0.054100
148,80,0.015516
148,81,0.029186
148,82,0.027153
148,83,0.084623
148,84,0.060017
148,85,0.025243
148,86,0.075147
148,87,0.114131
148,88,0.017837
148,89,0.034858
148,90,0.021005
148,91,0.005699
148,92,0.009315
148,93,0.050449
148,94,0.023006
148,95,0.019722
148,96,0.005002
148,97,0.055933
148,98,0.034995
148,99,0.067925
148,100,0.008225
148,101,0.046566
148,102,0.010023
148,103,0.010333
148,104,0.002676
148,105,0.021024
148,106,0.012957
148,107,0.102277
148,108,0.086119
148,109,0.129634
148,110,0.110072
148,111,0.158675
148,112,0.178350
148,113,0.134067
148,114,0.106355
148,115,0.071706
148,116,0.013674
148,117,0.086559
148,118,0.103120
148,119,0.025316
148,120,0.020506
148,121,0.021063
148,122,0.125064
148,123,0.069402
148,124,0.026435
148,125,0.032094
148,126,0.166471
148,127,0.177995
148,128,0.004332
148,129,0.037395
148,130,0.060047
148,131,0.046139
148,132,0.041817
148,133,0.045340
148,134,0.060515
148,135,0.023286
148,136,0.022503
148,137,0.013745
148,138,0.086921
148,139,0.092845
148,140,0.020140
148,141,0.024826
148,142,0.093971
148,143,0.177077
148,144,0.165190
148,145,0.072740
148,146,0.007483
148,147,0.074964
148,148,0.000000
148,149,0.070972
148,150,0.080389
148,151,0.038498
148,152,0.089654
148,153,0.110743
148,154,0.094811
148,155,0.061500
148,156,0.022877
148,157,0.001774
148,158,0.002100
148,159,0.019161
148,160,0.066995
148,161,0.000686
148,162,0.192198
148,163,0.136903
148,164,0.156560
148,165,0.145494
148,166,0.037788
148,167,0.034314
148,168,0.009583
148,169,0.016821
148,170,0.000585
148,171,0.004394
148,172,0.039524
148,173,0.050241
148,174,0.098309
148,175,0.061209
148,176,0.019199
148,177,0.052594
148,178,0.035162
148,179,0.023702
148,180,0.045838
148,181,0.013957
148,182,0.010197
148,183,0.030519
148,184,0.034301
148,185,0.065293
148,186,0.086016
148,187,0.078823
148,188,0.001864
148,189,0.043001
148,190,0.011357
148,191,0.064290
148,192,0.096307
148,193,0.071866
149,1,0.073062
149,2,0.048494
149,3,0.021792
149,4,0.041670
149,5,0.099404
149,6,0.112797
149,7,0.088904
149,8,0.052012
149,9,0.049482
149,10,0.052929
149,11,0.001705
149,12,0.028699
149,13,0.061475
149,14,0.269234
149,15,0.308982
149,16,0.254259
149,17,0.021449
149,18,0.083860
149,19,0.019919
149,20,0.004242
149,21,0.021220
149,22,0.002221
149,23,0.046354
149,24,0.071878
149,25,0.011184
149,26,0.007851
149,27,0.008165
149,28,0.047828
149,29,0.099893
149,30,0.079231
149,31,0.095040
149,32,0.027947
149,33,0.037868
149,34,0.051927
149,35,0.086492
149,36,0.028827
149,37,0.080713
149,38,0.081762
149,39,0.044450
149,40,0.006496
149,41,0.000782
149,42,0.005299
149,43,0.020721
149,44,0.042717
149,45,0.168312
149,46,0.037608
149,47,0.053145
149,48,0.028326
149,49,0.128320
149,50,0.152865
149,51,0.036855
149,52,0.003280
149,53,0.003091
149,54,0.024224
149,55,0.031680
149,56,0.023986
149,57,0.029847
149,58,0.057718
149,59,0.075048
149,60,0.049505
149,61,0.021297
149,62,0.038079
149,63,0.070950
149,64,0.021864
149,65,0.087266
149,66,0.023367
149,67,0.065169
149,68,0.001584
149,69,0.011659
149,70,0.009635
149,71,0.039150
149,72,0.007446
149,73,0.023945
149,74,0.006663
149,75,0.019150
149,76,0.042102
149,77,0.040871
149,78,0.042677
149,79,0.036975
149,80,0.017836
149,81,0.004678
149,82,0.012975
149,83,0.075324
149,84,0.059522
149,85,0.005891
149,86,0.007468
149,87,0.062776
149,88,0.052893
149,89,0.061145
149,90,0.022752
149,91,0.058852
149,92,0.071802
149,93,0.027486
149,94,0.048462
149,95,0.019075
149,96,0.074443
149,97,0.146656
149,98,0.131396
149,99,0.105305
149,100,0.000875
149,101,0.005914
149,102,0.026200
149,103,0.035295
149,104,0.015522
149,105,0.019877
149,106,0.016660
149,107,0.156533
149,108,0.043438
149,109,0.193206
149,110,0.154142
149,111,0.150271
149,112,0.156117
149,113,0.005452
149,114,0.064374
149,115,0.038445
149,116,0.011457
149,117,0.033155
149,118,0.051953
149,119,0.037195
149,120,0.014599
149,121,0.005903
149,122,0.092690
149,123,0.047538
149,124,0.013707
149,125,0.042217
149,126,0.163201
149,127,0.164596
149,128,0.021464
149,129,0.033920
149,130,0.062803
149,131,0.097316
149,132,0.081721
149,133,0.058059
149,134,0.064909
149,135,0.067332
149,136,0.071174
149,137,0.024118
149,138,0.026135
149,139,0.067433
149,140,0.049307
149,141,0.007120
149,142,0.062379
149,143,0.045026
149,144,0.050681
149,145,0.099188
149,146,0.072258
149,147,0.036909
149,148,0.070972
149,149,0.000000
149,150,0.011690
149,151,0.075126
149,152,0.060093
149,153,0.089350
149,154,0.070713
149,155,0.130636
149,156,0.093545
149,157,0.055360
149,158,0.071308
149,159,0.068311
149,160,0.004936
149,161,0.070970
149,162,0.137072
149,163,0.058484
149,164,0.064607
149,165,0.060519
149,166,0.077604
149,167,0.087600
149,168,0.012653
149,169,0.019734
149,170,0.033732
149,171,0.025087
149,172,0.088382
149,173,0.062093
149,174,0.066565
149,175,0.068330
149,176,0.022606
149,177,0.010883
149,178,0.043002
149,179,0.028607
149,180,0.030961
149,181,0.036472
149,182,0.034703
149,183,0.006313
149,184,0.003819
149,185,0.005724
149,186,0.000997
149,187,0.017952
149,188,0.015816
149,189,0.012343
149,190,0.027269
149,191,0.080081
149,192,0.087883
149,193,0.090833
150,1,0.071996
150,2,0.056736
150,3,0.035935
150,4,0.070554
150,5,0.133757
150,6,0.114328
150,7,0.071305
150,8,0.020929
150,9,0.019841
150,10,0.085916
150,11,0.037722
150,12,0.050181
150,13,0.059945
150,14,0.247350
150,15,0.269878
150,16,0.223513
150,17,0.030841
150,18,0.093655
150,19,0.043281
150,20,0.032149
150,21,0.025683
150,22,0.005137
150,23,0.003635
150,24,0.099363
150,25,0.024910
150,26,0.043721
150,27,0.075906
150,28,0.021825
150,29,0.063283
150,30,0.061822
150,31,0.061156
150,32,0.031493
150,33,0.012837
150,34,0.047965
150,35,0.076043
150,36,0.013890
150,37,0.060926
150,38,0.059726
150,39,0.025124
150,40,0.045503
150,41,0.016506
150,42,0.018478
150,43,0.029580
150,44,0.034990
150,45,0.132544
150,46,0.008315
150,47,0.036809
150,48,0.039346
150,49,0.137032
150,50,0.167301
150,51,0.067933
150,52,0.024173
150,53,0.015085
150,54,0.019437
150,55,0.042272
150,56,0.021954
150,57,0.019604
150,58,0.045988
150,59,0.063814
150,60,0.052089
150,61,0.005147
150,62,0.009942
150,63,0.061928
150,64,0.048119
150,65,0.091341
150,66,0.033438
150,67,0.047886
150,68,0.022563
150,69,0.025328
150,70,0.014242
150,71,0.050632
150,72,0.034847
150,73,0.028998
150,74,0.009694
150,75,0.006578
150,76,0.025272
150,77,0.023320
150,78,0.036985
150,79,0.035095
150,80,0.006870
150,81,0.013335
150,82,0.051617
150,83,0.104723
150,84,0.081624
150,85,0.033441
150,86,0.042360
150,87,0.051869
150,88,0.076084
150,89,0.072564
150,90,0.029328
150,91,0.072656
150,92,0.073137
150,93,0.024077
150,94,0.038376
150,95,0.002704
150,96,0.077321
150,97,0.124374
150,98,0.105262
150,99,0.077447
150,100,0.020442
150,101,0.015400
150,102,0.006623
150,103,0.031928
150,104,0.057667
150,105,0.038558
150,106,0.022276
150,107,0.157819
150,108,0.064356
150,109,0.138485
150,110,0.118560
150,111,0.152158
150,112,0.165545
150,113,0.052093
150,114,0.090604
150,115,0.056904
150,116,0.023362
150,117,0.028106
150,118,0.024857
150,119,0.005144
150,120,0.015935
150,121,0.058873
150,122,0.115916
150,123,0.069711
150,124,0.010909
150,125,0.043385
150,126,0.173305
150,127,0.170164
150,128,0.018428
150,129,0.043991
150,130,0.075444
150,131,0.114981
150,132,0.105007
150,133,0.085241
150,134,0.091902
150,135,0.091003
150,136,0.097895
150,137,0.040440
150,138,0.037712
150,139,0.063032
150,140,0.025527
150,141,0.027587
150,142,0.074543
150,143,0.046012
150,144,0.054797
150,145,0.104142
150,146,0.084576
150,147,0.056092
150,148,0.080389
150,149,0.011690
150,150,0.000000
150,151,0.080456
150,152,0.096522
150,153,0.099611
150,154,0.075574
150,155,0.120735
150,156,0.069047
150,157,0.056754
150,158,0.052400
150,159,0.040851
150,160,0.000827
150,161,0.049135
150,162,0.105662
150,163,0.057638
150,164,0.039192
150,165,0.049442
150,166,0.036319
150,167,0.058137
150,168,0.061259
150,169,0.007214
150,170,0.014790
150,171,0.009967
150,172,0.106646
150,173,0.074828
150,174,0.092652
150,175,0.083524
150,176,0.010624
150,177,0.013153
150,178,0.035846
150,179,0.008896
150,180,0.011700
150,181,0.013638
150,182,0.016646
150,183,0.006719
150,184,0.003537
150,185,0.006220
150,186,0.033908
150,187,0.038389
150,188,0.022986
150,189,0.013965
150,190,0.054806
150,191,0.099419
150,192,0.108762
150,193,0.105517
151,1,0.065570
151,2,0.079823
151,3,0.103762
151,4,0.137126
151,5,0.195650
151,6,0.210510
151,7,0.183810
151,8,0.107012
151,9,0.101552
151,10,0.127051
151,11,0.097277
151,12,0.115646
151,13,0.090688
151,14,0.242738
151,15,0.264388
151,16,0.260180
151,17,0.159477
151,18,0.084612
151,19,0.049185
151,20,0.049503
151,21,0.062625
151,22,0.110866
151,23,0.030800
151,24,0.085266
151,25,0.046885
151,26,0.005165
151,27,0.042296
151,28,0.029519
151,29,0.078865
151,30,0.044555
151,31,0.004854
151,32,0.050587
151,33,0.030776
151,34,0.074902
151,35,0.042423
151,36,0.014534
151,37,0.042769
151,38,0.046107
151,39,0.078138
151,40,0.066585
151,41,0.118712
151,42,0.081143
151,43,0.057115
151,44,0.006560
151,45,0.139074
151,46,0.028936
151,47,0.060421
151,48,0.079602
151,49,0.161965
151,50,0.170067
151,51,0.123451
151,52,0.109850
151,53,0.049565
151,54,0.004471
151,55,0.055101
151,56,0.004119
151,57,0.058456
151,58,0.023493
151,59,0.044924
151,60,0.031249
151,61,0.054788
151,62,0.031811
151,63,0.073159
151,64,0.077268
151,65,0.103255
151,66,0.013069
151,67,0.037960
151,68,0.022086
151,69,0.013962
151,70,0.013325
151,71,0.055078
151,72,0.028290
151,73,0.056852
151,74,0.024673
151,75,0.018770
151,76,0.001203
151,77,0.003893
151,78,0.048257
151,79,0.051228
151,80,0.001052
151,81,0.033384
151,82,0.071490
151,83,0.109778
151,84,0.077814
151,85,0.031510
151,86,0.041036
151,87,0.009486
151,88,0.064840
151,89,0.107902
151,90,0.080621
151,91,0.087181
151,92,0.063106
151,93,0.009920
151,94,0.031631
151,95,0.036440
151,96,0.081954
151,97,0.124718
151,98,0.130279
151,99,0.128886
151,100,0.104700
151,101,0.144329
151,102,0.144373
151,103,0.080403
151,104,0.122506
151,105,0.074482
151,106,0.022165
151,107,0.025808
151,108,0.006050
151,109,0.048537
151,110,0.134174
151,111,0.091644
151,112,0.077079
151,113,0.068437
151,114,0.044968
151,115,0.015714
151,116,0.017354
151,117,0.005133
151,118,0.010277
151,119,0.013172
151,120,0.004538
151,121,0.011524
151,122,0.069815
151,123,0.107074
151,124,0.027995
151,125,0.068173
151,126,0.194146
151,127,0.190678
151,128,0.013220
151,129,0.070594
151,130,0.105469
151,131,0.073515
151,132,0.039396
151,133,0.049727
151,134,0.073197
151,135,0.050559
151,136,0.053759
151,137,0.025795
151,138,0.005672
151,139,0.015671
151,140,0.012079
151,141,0.030151
151,142,0.037650
151,143,0.033587
151,144,0.043458
151,145,0.043409
151,146,0.014789
151,147,0.010354
151,148,0.038498
151,149,0.075126
151,150,0.080456
151,151,0.000000
151,152,0.046122
151,153,0.104025
151,154,0.099331
151,155,0.119213
151,156,0.059397
151,157,0.037911
151,158,0.044551
151,159,0.021010
151,160,0.008714
151,161,0.070143
151,162,0.064032
151,163,0.049398
151,164,0.021100
151,165,0.054108
151,166,0.005144
151,167,0.018368
151,168,0.032740
151,169,0.019100
151,170,0.007130
151,171,0.003255
151,172,0.091958
151,173,0.078254
151,174,0.077646
151,175,0.039618
151,176,0.027750
151,177,0.008599
151,178,0.044828
151,179,0.034665
151,180,0.025530
151,181,0.010864
151,182,0.011136
151,183,0.027614
151,184,0.029043
151,185,0.015984
151,186,0.044060
151,187,0.020394
151,188,0.048345
151,189,0.050365
151,190,0.076082
151,191,0.103007
151,192,0.127451
151,193,0.106522
152,1,0.020058
152,2,0.031415
152,3,0.061460
152,4,0.071875
152,5,0.109610
152,6,0.145648
152,7,0.133131
152,8,0.139325
152,9,0.073173
152,10,0.078287
152,11,0.076253
152,12,0.125012
152,13,0.086277
152,14,0.232471
152,15,0.254368
152,16,0.257056
152,17,0.109589
152,18,0.080140
152,19,0.072768
152,20,0.065015
152,21,0.065863
152,22,0.110831
152,23,0.044765
152,24,0.069644
152,25,0.019616
152,26,0.003202
152,27,0.019002
152,28,0.035909
152,29,0.053618
152,30,0.037138
152,31,0.021470
152,32,0.041998
152,33,0.035646
152,34,0.072378
152,35,0.056218
152,36,0.055503
152,37,0.067148
152,38,0.045953
152,39,0.052287
152,40,0.062014
152,41,0.103905
152,42,0.100749
152,43,0.050527
152,44,0.009287
152,45,0.124431
152,46,0.011465
152,47,0.061702
152,48,0.095840
152,49,0.122521
152,50,0.135696
152,51,0.087519
152,52,0.073401
152,53,0.011687
152,54,0.025477
152,55,0.057156
152,56,0.032026
152,57,0.085136
152,58,0.020792
152,59,0.034263
152,60,0.031550
152,61,0.069968
152,62,0.044111
152,63,0.094697
152,64,0.001920
152,65,0.071535
152,66,0.017437
152,67,0.001316
152,68,0.009889
152,69,0.024979
152,70,0.034605
152,71,0.051623
152,72,0.008519
152,73,0.052473
152,74,0.047625
152,75,0.002035
152,76,0.029222
152,77,0.037932
152,78,0.031056
152,79,0.023532
152,80,0.020127
152,81,0.037769
152,82,0.080987
152,83,0.118340
152,84,0.112200
152,85,0.079464
152,86,0.045810
152,87,0.006345
152,88,0.078918
152,89,0.133067
152,90,0.107686
152,91,0.082183
152,92,0.075246
152,93,0.025590
152,94,0.046790
152,95,0.061696
152,96,0.089794
152,97,0.123500
152,98,0.132637
152,99,0.110860
152,100,0.075168
152,101,0.141995
152,102,0.184175
152,103,0.133905
152,104,0.061691
152,105,0.020211
152,106,0.044793
152,107,0.010290
152,108,0.054539
152,109,0.113813
152,110,0.148385
152,111,0.111013
152,112,0.093046
152,113,0.089074
152,114,0.057112
152,115,0.004690
152,116,0.033609
152,117,0.017389
152,118,0.019259
152,119,0.024092
152,120,0.029752
152,121,0.046250
152,122,0.069731
152,123,0.111429
152,124,0.065982
152,125,0.050185
152,126,0.164520
152,127,0.157024
152,128,0.006406
152,129,0.071278
152,130,0.105655
152,131,0.075897
152,132,0.053625
152,133,0.065133
152,134,0.069359
152,135,0.042835
152,136,0.022387
152,137,0.001080
152,138,0.011260
152,139,0.020567
152,140,0.009856
152,141,0.030830
152,142,0.037097
152,143,0.040535
152,144,0.018549
152,145,0.043911
152,146,0.031550
152,147,0.008862
152,148,0.089654
152,149,0.060093
152,150,0.096522
152,151,0.046122
152,152,0.000000
152,153,0.114743
152,154,0.124876
152,155,0.085684
152,156,0.040159
152,157,0.033297
152,158,0.039870
152,159,0.009697
152,160,0.009864
152,161,0.077171
152,162,0.082929
152,163,0.054475
152,164,0.035861
152,165,0.038584
152,166,0.010845
152,167,0.028579
152,168,0.009064
152,169,0.038373
152,170,0.007511
152,171,0.018720
152,172,0.059864
152,173,0.061398
152,174,0.041305
152,175,0.029769
152,176,0.029809
152,177,0.030778
152,178,0.023549
152,179,0.026425
152,180,0.040671
152,181,0.020318
152,182,0.035599
152,183,0.027481
152,184,0.028297
152,185,0.019110
152,186,0.047433
152,187,0.025782
152,188,0.028595
152,189,0.046634
152,190,0.096072
152,191,0.110920
152,192,0.108131
152,193,0.083702
153,1,0.077187
153,2,0.111186
153,3,0.142815
153,4,0.106539
153,5,0.110615
153,6,0.127104
153,7,0.110895
153,8,0.167889
153,9,0.167190
153,10,0.144083
153,11,0.106244
153,12,0.111277
153,13,0.086009
153,14,0.135002
153,15,0.170220
153,16,0.179818
153,17,0.124789
153,18,0.031840
153,19,0.022817
153,20,0.045060
153,21,0.078724
153,22,0.122264
153,23,0.002366
153,24,0.006203
153,25,0.050766
153,26,0.057346
153,27,0.046716
153,28,0.041475
153,29,0.034231
153,30,0.032338
153,31,0.029080
153,32,0.035975
153,33,0.000077
153,34,0.065927
153,35,0.042384
153,36,0.035322
153,37,0.035191
153,38,0.015562
153,39,0.085539
153,40,0.054725
153,41,0.096603
153,42,0.082393
153,43,0.045153
153,44,0.010269
153,45,0.108450
153,46,0.048833
153,47,0.087091
153,48,0.059559
153,49,0.052857
153,50,0.064862
153,51,0.080646
153,52,0.070938
153,53,0.041661
153,54,0.037925
153,55,0.030246
153,56,0.008792
153,57,0.053615
153,58,0.025098
153,59,0.045059
153,60,0.033955
153,61,0.088833
153,62,0.050411
153,63,0.065425
153,64,0.013580
153,65,0.081645
153,66,0.009897
153,67,0.001141
153,68,0.037356
153,69,0.051418
153,70,0.044705
153,71,0.090643
153,72,0.005002
153,73,0.020093
153,74,0.042492
153,75,0.013663
153,76,0.014767
153,77,0.019313
153,78,0.066158
153,79,0.061510
153,80,0.001958
153,81,0.009605
153,82,0.038600
153,83,0.090547
153,84,0.109911
153,85,0.080056
153,86,0.065197
153,87,0.022088
153,88,0.059245
153,89,0.107693
153,90,0.079576
153,91,0.038125
153,92,0.028922
153,93,0.017548
153,94,0.010262
153,95,0.027580
153,96,0.062616
153,97,0.064502
153,98,0.076320
153,99,0.067897
153,100,0.082163
153,101,0.171886
153,102,0.148664
153,103,0.099282
153,104,0.050123
153,105,0.021170
153,106,0.022996
153,107,0.020814
153,108,0.064066
153,109,0.002216
153,110,0.074632
153,111,0.014012
153,112,0.041709
153,113,0.152897
153,114,0.020701
153,115,0.043012
153,116,0.064379
153,117,0.043510
153,118,0.049163
153,119,0.066891
153,120,0.043667
153,121,0.054360
153,122,0.084757
153,123,0.016775
153,124,0.033505
153,125,0.123599
153,126,0.233485
153,127,0.234757
153,128,0.030830
153,129,0.029227
153,130,0.024857
153,131,0.057491
153,132,0.052531
153,133,0.062706
153,134,0.059888
153,135,0.047350
153,136,0.048087
153,137,0.019747
153,138,0.053066
153,139,0.064713
153,140,0.018329
153,141,0.005126
153,142,0.052186
153,143,0.075855
153,144,0.067159
153,145,0.043652
153,146,0.002875
153,147,0.007921
153,148,0.110743
153,149,0.089350
153,150,0.099611
153,151,0.104025
153,152,0.114743
153,153,0.000000
153,154,0.033042
153,155,0.100076
153,156,0.010386
153,157,0.012186
153,158,0.076872
153,159,0.042638
153,160,0.021068
153,161,0.039544
153,162,0.012710
153,163,0.058004
153,164,0.045537
153,165,0.042717
153,166,0.052633
153,167,0.031962
153,168,0.042063
153,169,0.042775
153,170,0.007210
153,171,0.007145
153,172,0.021882
153,173,0.041360
153,174,0.048099
153,175,0.059763
153,176,0.034744
153,177,0.079492
153,178,0.085142
153,179,0.082428
153,180,0.063039
153,181,0.011370
153,182,0.022340
153,183,0.011857
153,184,0.023395
153,185,0.022325
153,186,0.027983
153,187,0.050708
153,188,0.005674
153,189,0.019433
153,190,0.031126
153,191,0.051379
153,192,0.045431
153,193,0.055702
154,1,0.080737
154,2,0.101295
154,3,0.149445
154,4,0.132496
154,5,0.161152
154,6,0.175528
154,7,0.160844
154,8,0.152610
154,9,0.190491
154,10,0.173811
154,11,0.116571
154,12,0.081088
154,13,0.062527
154,14,0.163585
154,15,0.224201
154,16,0.240486
154,17,0.176172
154,18,0.039113
154,19,0.006344
154,20,0.058479
154,21,0.094853
154,22,0.152976
154,23,0.000474
154,24,0.006195
154,25,0.084901
154,26,0.085545
154,27,0.049022
154,28,0.053242
154,29,0.004665
154,30,0.005733
154,31,0.019746
154,32,0.089030
154,33,0.022758
154,34,0.052529
154,35,0.022980
154,36,0.032481
154,37,0.003280
154,38,0.004748
154,39,0.092029
154,40,0.053621
154,41,0.098771
154,42,0.067624
154,43,0.035212
154,44,0.024835
154,45,0.152302
154,46,0.052813
154,47,0.101111
154,48,0.076676
154,49,0.069742
154,50,0.095911
154,51,0.115200
154,52,0.102093
154,53,0.037138
154,54,0.039882
154,55,0.030856
154,56,0.013678
154,57,0.060631
154,58,0.050809
154,59,0.060727
154,60,0.036198
154,61,0.093239
154,62,0.044044
154,63,0.058904
154,64,0.065006
154,65,0.113427
154,66,0.023040
154,67,0.012534
154,68,0.024960
154,69,0.038818
154,70,0.005069
154,71,0.076161
154,72,0.003625
154,73,0.002130
154,74,0.014187
154,75,0.039528
154,76,0.027984
154,77,0.033506
154,78,0.101836
154,79,0.080991
154,80,0.029578
154,81,0.021469
154,82,0.017479
154,83,0.079991
154,84,0.091075
154,85,0.051571
154,86,0.067723
154,87,0.049561
154,88,0.079243
154,89,0.128189
154,90,0.090289
154,91,0.061338
154,92,0.030314
154,93,0.017737
154,94,0.009167
154,95,0.027210
154,96,0.080927
154,97,0.048976
154,98,0.067014
154,99,0.075801
154,100,0.098156
154,101,0.165128
154,102,0.130234
154,103,0.053903
154,104,0.082232
154,105,0.000257
154,106,0.041686
154,107,0.004702
154,108,0.028887
154,109,0.007260
154,110,0.085564
154,111,0.000714
154,112,0.007587
154,113,0.143660
154,114,0.003122
154,115,0.073573
154,116,0.078707
154,117,0.049744
154,118,0.085794
154,119,0.091287
154,120,0.053452
154,121,0.055420
154,122,0.072464
154,123,0.006324
154,124,0.062662
154,125,0.144873
154,126,0.266128
154,127,0.258508
154,128,0.029443
154,129,0.026258
154,130,0.020823
154,131,0.051431
154,132,0.026656
154,133,0.045886
154,134,0.057696
154,135,0.035747
154,136,0.061295
154,137,0.017285
154,138,0.045232
154,139,0.060062
154,140,0.031730
154,141,0.023752
154,142,0.047538
154,143,0.052278
154,144,0.074351
154,145,0.046980
154,146,0.013705
154,147,0.018057
154,148,0.094811
154,149,0.070713
154,150,0.075574
154,151,0.099331
154,152,0.124876
154,153,0.033042
154,154,0.000000
154,155,0.050897
154,156,0.011792
154,157,0.007559
154,158,0.053876
154,159,0.034441
154,160,0.031631
154,161,0.015182
154,162,0.039635
154,163,0.065910
154,164,0.059315
154,165,0.065771
154,166,0.061785
154,167,0.041803
154,168,0.028313
154,169,0.025810
154,170,0.005032
154,171,0.018091
154,172,0.039971
154,173,0.060802
154,174,0.084891
154,175,0.045199
154,176,0.036622
154,177,0.068037
154,178,0.106073
154,179,0.097824
154,180,0.060873
154,181,0.009275
154,182,0.004212
154,183,0.007798
154,184,0.029987
154,185,0.013817
154,186,0.026689
154,187,0.031288
154,188,0.014941
154,189,0.029414
154,190,0.041644
154,191,0.067192
154,192,0.082259
154,193,0.084715
155,1,0.032736
155,2,0.058290
155,3,0.072082
155,4,0.060869
155,5,0.069763
155,6,0.099182
155,7,0.108710
155,8,0.073889
155,9,0.131645
155,10,0.063015
155,11,0.024858
155,12,0.012356
155,13,0.050497
155,14,0.025971
155,15,0.093594
155,16,0.087245
155,17,0.047264
155,18,0.030081
155,19,0.057204
155,20,0.042001
155,21,0.031979
155,22,0.067074
155,23,0.020295
155,24,0.030802
155,25,0.128073
155,26,0.121867
155,27,0.000202
155,28,0.005715
155,29,0.042302
155,30,0.039514
155,31,0.006454
155,32,0.070087
155,33,0.011777
155,34,0.055925
155,35,0.005386
155,36,0.003625
155,37,0.009825
155,38,0.027298
155,39,0.019700
155,40,0.103516
155,41,0.127743
155,42,0.108709
155,43,0.083903
155,44,0.016269
155,45,0.131662
155,46,0.039325
155,47,0.021827
155,48,0.022779
155,49,0.022822
155,50,0.067073
155,51,0.085747
155,52,0.031171
155,53,0.034371
155,54,0.061023
155,55,0.006486
155,56,0.010437
155,57,0.029891
155,58,0.025935
155,59,0.032352
155,60,0.017977
155,61,0.037886
155,62,0.001901
155,63,0.011172
155,64,0.085135
155,65,0.135055
155,66,0.002282
155,67,0.087102
155,68,0.010283
155,69,0.014371
155,70,0.058359
155,71,0.002980
155,72,0.040141
155,73,0.024321
155,74,0.040269
155,75,0.037563
155,76,0.012151
155,77,0.000580
155,78,0.065542
155,79,0.028681
155,80,0.024102
155,81,0.029702
155,82,0.032796
155,83,0.082459
155,84,0.088684
155,85,0.027430
155,86,0.032994
155,87,0.018056
155,88,0.009183
155,89,0.050775
155,90,0.040088
155,91,0.005910
155,92,0.022196
155,93,0.090488
155,94,0.053583
155,95,0.034137
155,96,0.036816
155,97,0.039825
155,98,0.082329
155,99,0.071751
155,100,0.096956
155,101,0.149845
155,102,0.125135
155,103,0.055161
155,104,0.006980
155,105,0.019983
155,106,0.055313
155,107,0.078977
155,108,0.015923
155,109,0.024249
155,110,0.157257
155,111,0.027673
155,112,0.032960
155,113,0.048609
155,114,0.001407
155,115,0.095217
155,116,0.073638
155,117,0.042801
155,118,0.067435
155,119,0.094768
155,120,0.082246
155,121,0.022260
155,122,0.000907
155,123,0.050691
155,124,0.013909
155,125,0.103592
155,126,0.210783
155,127,0.198108
155,128,0.034238
155,129,0.030286
155,130,0.021466
155,131,0.009158
155,132,0.014912
155,133,0.024640
155,134,0.010462
155,135,0.032468
155,136,0.010573
155,137,0.037816
155,138,0.002098
155,139,0.005710
155,140,0.012622
155,141,0.022142
155,142,0.053713
155,143,0.037249
155,144,0.039993
155,145,0.028156
155,146,0.094887
155,147,0.017301
155,148,0.061500
155,149,0.130636
155,150,0.120735
155,151,0.119213
155,152,0.085684
155,153,0.100076
155,154,0.050897
155,155,0.000000
155,156,0.017253
155,157,0.040851
155,158,0.119884
155,159,0.006312
155,160,0.040798
155,161,0.063570
155,162,0.046947
155,163,0.000626
155,164,0.035555
155,165,0.055257
155,166,0.053807
155,167,0.033992
155,168,0.005152
155,169,0.001832
155,170,0.027653
155,171,0.039525
155,172,0.001259
155,173,0.001157
155,174,0.004480
155,175,0.023701
155,176,0.069145
155,177,0.077918
155,178,0.096619
155,179,0.088104
155,180,0.081337
155,181,0.004854
155,182,0.012582
155,183,0.002814
155,184,0.039510
155,185,0.012556
155,186,0.009947
155,187,0.005274
155,188,0.061139
155,189,0.069868
155,190,0.029034
155,191,0.058591
155,192,0.064018
155,193,0.063590
156,1,0.041189
156,2,0.075578
156,3,0.079605
156,4,0.040862
156,5,0.041772
156,6,0.056396
156,7,0.131042
156,8,0.132910
156,9,0.180854
156,10,0.117173
156,11,0.049588
156,12,0.042268
156,13,0.073726
156,14,0.055204
156,15,0.008083
156,16,0.013460
156,17,0.029822
156,18,0.010076
156,19,0.023579
156,20,0.003775
156,21,0.001009
156,22,0.068924
156,23,0.026200
156,24,0.033739
156,25,0.079242
156,26,0.139097
156,27,0.003303
156,28,0.005390
156,29,0.016125
156,30,0.024237
156,31,0.021264
156,32,0.067574
156,33,0.001600
156,34,0.038694
156,35,0.015532
156,36,0.000297
156,37,0.033357
156,38,0.032118
156,39,0.013457
156,40,0.097067
156,41,0.109672
156,42,0.077590
156,43,0.087073
156,44,0.004105
156,45,0.083355
156,46,0.001130
156,47,0.092640
156,48,0.048230
156,49,0.015387
156,50,0.030070
156,51,0.087310
156,52,0.024402
156,53,0.009670
156,54,0.078938
156,55,0.038521
156,56,0.018442
156,57,0.004073
156,58,0.024480
156,59,0.024160
156,60,0.013530
156,61,0.042734
156,62,0.006540
156,63,0.002407
156,64,0.049765
156,65,0.086121
156,66,0.019100
156,67,0.046411
156,68,0.038515
156,69,0.022319
156,70,0.013978
156,71,0.023149
156,72,0.005267
156,73,0.005674
156,74,0.020652
156,75,0.024118
156,76,0.039695
156,77,0.031253
156,78,0.021295
156,79,0.009064
156,80,0.006629
156,81,0.028105
156,82,0.046157
156,83,0.089037
156,84,0.090544
156,85,0.039255
156,86,0.002093
156,87,0.021319
156,88,0.003108
156,89,0.064134
156,90,0.029953
156,91,0.018482
156,92,0.034864
156,93,0.093983
156,94,0.041125
156,95,0.064551
156,96,0.047029
156,97,0.013055
156,98,0.055199
156,99,0.055376
156,100,0.097345
156,101,0.153673
156,102,0.077666
156,103,0.050301
156,104,0.008757
156,105,0.052624
156,106,0.037136
156,107,0.045180
156,108,0.058445
156,109,0.026040
156,110,0.123408
156,111,0.011427
156,112,0.016428
156,113,0.067611
156,114,0.013341
156,115,0.081010
156,116,0.060933
156,117,0.036343
156,118,0.052573
156,119,0.080915
156,120,0.101002
156,121,0.040704
156,122,0.039732
156,123,0.060890
156,124,0.019062
156,125,0.090926
156,126,0.150463
156,127,0.143005
156,128,0.005815
156,129,0.039883
156,130,0.043373
156,131,0.030641
156,132,0.014260
156,133,0.000971
156,134,0.005579
156,135,0.046435
156,136,0.036788
156,137,0.007836
156,138,0.007751
156,139,0.026277
156,140,0.010316
156,141,0.031693
156,142,0.072575
156,143,0.061714
156,144,0.071055
156,145,0.072733
156,146,0.088050
156,147,0.049355
156,148,0.022877
156,149,0.093545
156,150,0.069047
156,151,0.059397
156,152,0.040159
156,153,0.010386
156,154,0.011792
156,155,0.017253
156,156,0.000000
156,157,0.027846
156,158,0.074873
156,159,0.054494
156,160,0.001629
156,161,0.030814
156,162,0.022369
156,163,0.008206
156,164,0.007838
156,165,0.004477
156,166,0.080392
156,167,0.064602
156,168,0.035046
156,169,0.024021
156,170,0.020270
156,171,0.024518
156,172,0.022247
156,173,0.016749
156,174,0.022141
156,175,0.051751
156,176,0.018778
156,177,0.041594
156,178,0.044754
156,179,0.046605
156,180,0.044639
156,181,0.007554
156,182,0.011847
156,183,0.019241
156,184,0.017487
156,185,0.026710
156,186,0.006519
156,187,0.018001
156,188,0.014290
156,189,0.038789
156,190,0.005080
156,191,0.048378
156,192,0.035408
156,193,0.053103
157,1,0.018713
157,2,0.081829
157,3,0.132182
157,4,0.088191
157,5,0.088604
157,6,0.102746
157,7,0.162728
157,8,0.137863
157,9,0.213140
157,10,0.154978
157,11,0.090362
157,12,0.094259
157,13,0.024556
157,14,0.024404
157,15,0.022893
157,16,0.040691
157,17,0.134175
157,18,0.003977
157,19,0.017485
157,20,0.027423
157,21,0.033118
157,22,0.105880
157,23,0.015794
157,24,0.024272
157,25,0.117419
157,26,0.179607
157,27,0.051488
157,28,0.024313
157,29,0.027379
157,30,0.062733
157,31,0.036545
157,32,0.096562
157,33,0.018618
157,34,0.038648
157,35,0.002226
157,36,0.018429
157,37,0.024823
157,38,0.031922
157,39,0.059863
157,40,0.132875
157,41,0.159060
157,42,0.096731
157,43,0.101181
157,44,0.015463
157,45,0.078656
157,46,0.020361
157,47,0.121847
157,48,0.063571
157,49,0.003709
157,50,0.025065
157,51,0.101391
157,52,0.079355
157,53,0.029927
157,54,0.054397
157,55,0.008911
157,56,0.002891
157,57,0.021440
157,58,0.036156
157,59,0.041810
157,60,0.026745
157,61,0.053925
157,62,0.013835
157,63,0.020653
157,64,0.056053
157,65,0.075079
157,66,0.006575
157,67,0.040283
157,68,0.040388
157,69,0.028799
157,70,0.007347
157,71,0.031444
157,72,0.002514
157,73,0.013831
157,74,0.018728
157,75,0.014352
157,76,0.047491
157,77,0.029381
157,78,0.037430
157,79,0.018582
157,80,0.014820
157,81,0.007477
157,82,0.005035
157,83,0.050512
157,84,0.048471
157,85,0.022417
157,86,0.001162
157,87,0.041047
157,88,0.013074
157,89,0.072453
157,90,0.030240
157,91,0.000923
157,92,0.011234
157,93,0.059801
157,94,0.025002
157,95,0.071297
157,96,0.062590
157,97,0.009067
157,98,0.033012
157,99,0.060383
157,100,0.130552
157,101,0.145898
157,102,0.062470
157,103,0.019431
157,104,0.038691
157,105,0.011825
157,106,0.038252
157,107,0.027745
157,108,0.018886
157,109,0.010750
157,110,0.093591
157,111,0.012026
157,112,0.001602
157,113,0.096930
157,114,0.052207
157,115,0.102410
157,116,0.082621
157,117,0.043994
157,118,0.063045
157,119,0.091142
157,120,0.126841
157,121,0.099848
157,122,0.100673
157,123,0.010512
157,124,0.017209
157,125,0.105872
157,126,0.171103
157,127,0.154219
157,128,0.009129
157,129,0.023774
157,130,0.009961
157,131,0.013002
157,132,0.008932
157,133,0.009246
157,134,0.000896
157,135,0.029141
157,136,0.025807
157,137,0.023500
157,138,0.021364
157,139,0.031470
157,140,0.027298
157,141,0.053364
157,142,0.063843
157,143,0.031972
157,144,0.056133
157,145,0.073746
157,146,0.102953
157,147,0.058734
157,148,0.001774
157,149,0.055360
157,150,0.056754
157,151,0.037911
157,152,0.033297
157,153,0.012186
157,154,0.007559
157,155,0.040851
157,156,0.027846
157,157,0.000000
157,158,0.036600
157,159,0.072012
157,160,0.000553
157,161,0.014143
157,162,0.048686
157,163,0.015627
157,164,0.030047
157,165,0.012500
157,166,0.122462
157,167,0.097831
157,168,0.034425
157,169,0.018109
157,170,0.023771
157,171,0.037772
157,172,0.018488
157,173,0.033878
157,174,0.020013
157,175,0.042259
157,176,0.015159
157,177,0.046787
157,178,0.074655
157,179,0.072889
157,180,0.052737
157,181,0.002567
157,182,0.007013
157,183,0.003173
157,184,0.023257
157,185,0.024742
157,186,0.008928
157,187,0.040195
157,188,0.030216
157,189,0.043461
157,190,0.007800
157,191,0.044533
157,192,0.032261
157,193,0.061656
158,1,0.034029
158,2,0.008140
158,3,0.062420
158,4,0.079093
158,5,0.089051
158,6,0.143639
158,7,0.162093
158,8,0.002421
158,9,0.108598
158,10,0.076262
158,11,0.021057
158,12,0.038254
158,13,0.027407
158,14,0.020201
158,15,0.054263
158,16,0.064592
158,17,0.092058
158,18,0.017271
158,19,0.091947
158,20,0.042568
158,21,0.017140
158,22,0.042851
158,23,0.020726
158,24,0.031710
158,25,0.172314
158,26,0.182488
158,27,0.052132
158,28,0.048182
158,29,0.005659
158,30,0.076292
158,31,0.002933
158,32,0.095853
158,33,0.082059
158,34,0.080099
158,35,0.008334
158,36,0.000853
158,37,0.001971
158,38,0.032755
158,39,0.013159
158,40,0.123041
158,41,0.168399
158,42,0.138216
158,43,0.121803
158,44,0.007086
158,45,0.099076
158,46,0.064945
158,47,0.024872
158,48,0.011453
158,49,0.008483
158,50,0.061945
158,51,0.081792
158,52,0.069227
158,53,0.003987
158,54,0.028138
158,55,0.005668
158,56,0.017699
158,57,0.001065
158,58,0.008422
158,59,0.002232
158,60,0.022495
158,61,0.017778
158,62,0.026252
158,63,0.020800
158,64,0.054265
158,65,0.085664
158,66,0.003232
158,67,0.079965
158,68,0.015569
158,69,0.007962
158,70,0.004159
158,71,0.013561
158,72,0.004006
158,73,0.029508
158,74,0.025562
158,75,0.055608
158,76,0.028895
158,77,0.006436
158,78,0.071913
158,79,0.044858
158,80,0.021580
158,81,0.011146
158,82,0.007680
158,83,0.044984
158,84,0.042404
158,85,0.028772
158,86,0.020508
158,87,0.009613
158,88,0.006809
158,89,0.019510
158,90,0.021119
158,91,0.003048
158,92,0.015532
158,93,0.003734
158,94,0.004518
158,95,0.024458
158,96,0.002049
158,97,0.021501
158,98,0.034865
158,99,0.068521
158,100,0.115257
158,101,0.040745
158,102,0.004056
158,103,0.043651
158,104,0.075413
158,105,0.044288
158,106,0.048263
158,107,0.008161
158,108,0.016901
158,109,0.035270
158,110,0.161509
158,111,0.035649
158,112,0.068106
158,113,0.004146
158,114,0.065585
158,115,0.125238
158,116,0.078236
158,117,0.017586
158,118,0.046485
158,119,0.095625
158,120,0.106502
158,121,0.089797
158,122,0.021171
158,123,0.019103
158,124,0.023309
158,125,0.076028
158,126,0.146859
158,127,0.115279
158,128,0.000704
158,129,0.035970
158,130,0.047852
158,131,0.045699
158,132,0.017547
158,133,0.010081
158,134,0.010738
158,135,0.029436
158,136,0.021185
158,137,0.003507
158,138,0.008442
158,139,0.000430
158,140,0.041060
158,141,0.033024
158,142,0.029813
158,143,0.017581
158,144,0.045834
158,145,0.036368
158,146,0.092996
158,147,0.024863
158,148,0.002100
158,149,0.071308
158,150,0.052400
158,151,0.044551
158,152,0.039870
158,153,0.076872
158,154,0.053876
158,155,0.119884
158,156,0.074873
158,157,0.036600
158,158,0.000000
158,159,0.046183
158,160,0.048267
158,161,0.023406
158,162,0.052683
158,163,0.012240
158,164,0.035527
158,165,0.035307
158,166,0.033767
158,167,0.006784
158,168,0.042993
158,169,0.001936
158,170,0.051119
158,171,0.079328
158,172,0.012335
158,173,0.007855
158,174,0.003501
158,175,0.003316
158,176,0.063335
158,177,0.043718
158,178,0.063070
158,179,0.053441
158,180,0.040150
158,181,0.009222
158,182,0.018086
158,183,0.022153
158,184,0.034001
158,185,0.029841
158,186,0.028463
158,187,0.010730
158,188,0.073971
158,189,0.043116
158,190,0.040550
158,191,0.000402
158,192,0.000708
158,193,0.020125
159,1,0.042189
159,2,0.009778
159,3,0.134524
159,4,0.180179
159,5,0.218928
159,6,0.222056
159,7,0.181983
159,8,0.037914
159,9,0.166163
159,10,0.185009
159,11,0.140376
159,12,0.058772
159,13,0.044241
159,14,0.075619
159,15,0.115240
159,16,0.145480
159,17,0.250891
159,18,0.044093
159,19,0.016574
159,20,0.099488
159,21,0.111513
159,22,0.106980
159,23,0.014876
159,24,0.036047
159,25,0.178953
159,26,0.127732
159,27,0.114499
159,28,0.029823
159,29,0.029609
159,30,0.049417
159,31,0.020282
159,32,0.117702
159,33,0.023299
159,34,0.045488
159,35,0.016341
159,36,0.041264
159,37,0.004289
159,38,0.002895
159,39,0.106568
159,40,0.063566
159,41,0.096557
159,42,0.075803
159,43,0.125651
159,44,0.067779
159,45,0.114491
159,46,0.044521
159,47,0.118174
159,48,0.120082
159,49,0.131303
159,50,0.111276
159,51,0.135114
159,52,0.190214
159,53,0.102696
159,54,0.004603
159,55,0.021852
159,56,0.000018
159,57,0.015178
159,58,0.036323
159,59,0.013358
159,60,0.003670
159,61,0.056825
159,62,0.007737
159,63,0.038961
159,64,0.064846
159,65,0.069188
159,66,0.051215
159,67,0.008143
159,68,0.038157
159,69,0.079507
159,70,0.072284
159,71,0.128831
159,72,0.078780
159,73,0.056965
159,74,0.030025
159,75,0.044431
159,76,0.006155
159,77,0.027141
159,78,0.084905
159,79,0.084258
159,80,0.045542
159,81,0.011445
159,82,0.054548
159,83,0.020756
159,84,0.009364
159,85,0.004032
159,86,0.010845
159,87,0.059125
159,88,0.039126
159,89,0.059735
159,90,0.036778
159,91,0.047737
159,92,0.034710
159,93,0.105167
159,94,0.088018
159,95,0.057624
159,96,0.051138
159,97,0.066306
159,98,0.070006
159,99,0.093867
159,100,0.083989
159,101,0.029401
159,102,0.012407
159,103,0.070536
159,104,0.201606
159,105,0.024275
159,106,0.084506
159,107,0.018009
159,108,0.046177
159,109,0.004939
159,110,0.128737
159,111,0.034042
159,112,0.016252
159,113,0.064861
159,114,0.082320
159,115,0.148584
159,116,0.089635
159,117,0.032364
159,118,0.096661
159,119,0.121067
159,120,0.121018
159,121,0.121663
159,122,0.087017
159,123,0.056384
159,124,0.111980
159,125,0.101028
159,126,0.165229
159,127,0.141847
159,128,0.012405
159,129,0.026086
159,130,0.061552
159,131,0.064216
159,132,0.037896
159,133,0.084205
159,134,0.079313
159,135,0.003703
159,136,0.034156
159,137,0.026977
159,138,0.008897
159,139,0.016297
159,140,0.042768
159,141,0.013900
159,142,0.004139
159,143,0.026607
159,144,0.047831
159,145,0.021026
159,146,0.006182
159,147,0.014681
159,148,0.019161
159,149,0.068311
159,150,0.040851
159,151,0.021010
159,152,0.009697
159,153,0.042638
159,154,0.034441
159,155,0.006312
159,156,0.054494
159,157,0.072012
159,158,0.046183
159,159,0.000000
159,160,0.001857
159,161,0.156007
159,162,0.008309
159,163,0.031792
159,164,0.066734
159,165,0.076217
159,166,0.062793
159,167,0.032923
159,168,0.031097
159,169,0.038615
159,170,0.003170
159,171,0.097410
159,172,0.008138
159,173,0.077416
159,174,0.066346
159,175,0.026072
159,176,0.000273
159,177,0.019626
159,178,0.063608
159,179,0.084216
159,180,0.043382
159,181,0.020386
159,182,0.020452
159,183,0.007434
159,184,0.008191
159,185,0.014457
159,186,0.014595
159,187,0.004840
159,188,0.025226
159,189,0.008669
159,190,0.033615
159,191,0.096995
159,192,0.154491
159,193,0.120424
160,1,0.022683
160,2,0.033380
160,3,0.105701
160,4,0.125308
160,5,0.147193
160,6,0.179138
160,7,0.157076
160,8,0.028545
160,9,0.155411
160,10,0.121928
160,11,0.086190
160,12,0.028914
160,13,0.028643
160,14,0.020193
160,15,0.030310
160,16,0.050986
160,17,0.179134
160,18,0.008991
160,19,0.024343
160,20,0.036400
160,21,0.032166
160,22,0.052286
160,23,0.046874
160,24,0.029695
160,25,0.149398
160,26,0.100771
160,27,0.031835
160,28,0.000604
160,29,0.073161
160,30,0.060468
160,31,0.002005
160,32,0.116756
160,33,0.018135
160,34,0.026589
160,35,0.033868
160,36,0.011831
160,37,0.040209
160,38,0.033740
160,39,0.098823
160,40,0.090902
160,41,0.135671
160,42,0.110539
160,43,0.139815
160,44,0.015513
160,45,0.050552
160,46,0.007517
160,47,0.074535
160,48,0.074908
160,49,0.058958
160,50,0.077954
160,51,0.109357
160,52,0.116218
160,53,0.045570
160,54,0.008931
160,55,0.021876
160,56,0.003256
160,57,0.057288
160,58,0.068726
160,59,0.062334
160,60,0.041224
160,61,0.069236
160,62,0.010642
160,63,0.000565
160,64,0.074900
160,65,0.074406
160,66,0.021543
160,67,0.044736
160,68,0.019444
160,69,0.003342
160,70,0.018220
160,71,0.077056
160,72,0.024413
160,73,0.012057
160,74,0.023354
160,75,0.054772
160,76,0.027416
160,77,0.050614
160,78,0.117405
160,79,0.102390
160,80,0.070956
160,81,0.051352
160,82,0.081461
160,83,0.032636
160,84,0.028535
160,85,0.027472
160,86,0.003594
160,87,0.040509
160,88,0.016950
160,89,0.006101
160,90,0.015133
160,91,0.003907
160,92,0.000838
160,93,0.062297
160,94,0.050216
160,95,0.049972
160,96,0.020735
160,97,0.029282
160,98,0.039556
160,99,0.053666
160,100,0.091459
160,101,0.067569
160,102,0.010571
160,103,0.051032
160,104,0.127559
160,105,0.020265
160,106,0.083790
160,107,0.055074
160,108,0.079350
160,109,0.085149
160,110,0.062629
160,111,0.038749
160,112,0.090913
160,113,0.039598
160,114,0.073467
160,115,0.130498
160,116,0.084876
160,117,0.024446
160,118,0.058580
160,119,0.091274
160,120,0.089211
160,121,0.055435
160,122,0.060930
160,123,0.048413
160,124,0.100627
160,125,0.077685
160,126,0.139624
160,127,0.124964
160,128,0.022604
160,129,0.018388
160,130,0.004873
160,131,0.045643
160,132,0.021579
160,133,0.032625
160,134,0.026953
160,135,0.007540
160,136,0.040505
160,137,0.029172
160,138,0.019675
160,139,0.037158
160,140,0.032502
160,141,0.000308
160,142,0.008722
160,143,0.039135
160,144,0.035988
160,145,0.005835
160,146,0.070560
160,147,0.033375
160,148,0.066995
160,149,0.004936
160,150,0.000827
160,151,0.008714
160,152,0.009864
160,153,0.021068
160,154,0.031631
160,155,0.040798
160,156,0.001629
160,157,0.000553
160,158,0.048267
160,159,0.001857
160,160,0.000000
160,161,0.006259
160,162,0.038278
160,163,0.015648
160,164,0.054442
160,165,0.072946
160,166,0.082391
160,167,0.066431
160,168,0.017547
160,169,0.014083
160,170,0.005964
160,171,0.041662
160,172,0.039533
160,173,0.008983
160,174,0.010261
160,175,0.011548
160,176,0.006162
160,177,0.002087
160,178,0.042439
160,179,0.056982
160,180,0.033354
160,181,0.008231
160,182,0.011258
160,183,0.017064
160,184,0.007742
160,185,0.015302
160,186,0.020183
160,187,0.019556
160,188,0.072151
160,189,0.041049
160,190,0.051384
160,191,0.078441
160,192,0.099245
160,193,0.076107
161,1,0.028103
161,2,0.027367
161,3,0.024027
161,4,0.029445
161,5,0.010145
161,6,0.014025
161,7,0.068393
161,8,0.194249
161,9,0.010061
161,10,0.049034
161,11,0.080545
161,12,0.061608
161,13,0.082090
161,14,0.038781
161,15,0.028170
161,16,0.024237
161,17,0.047870
161,18,0.091928
161,19,0.107540
161,20,0.079992
161,21,0.123413
161,22,0.142878
161,23,0.157880
161,24,0.139945
161,25,0.226399
161,26,0.202314
161,27,0.125749
161,28,0.133261
161,29,0.135003
161,30,0.092140
161,31,0.132287
161,32,0.012385
161,33,0.042703
161,34,0.005628
161,35,0.055434
161,36,0.054785
161,37,0.046493
161,38,0.038125
161,39,0.043163
161,40,0.032199
161,41,0.010519
161,42,0.047920
161,43,0.022901
161,44,0.043119
161,45,0.163167
161,46,0.080038
161,47,0.121471
161,48,0.075679
161,49,0.020645
161,50,0.014026
161,51,0.019192
161,52,0.012421
161,53,0.003189
161,54,0.097670
161,55,0.076207
161,56,0.093587
161,57,0.080230
161,58,0.055864
161,59,0.066504
161,60,0.039687
161,61,0.049663
161,62,0.082413
161,63,0.137167
161,64,0.124245
161,65,0.176620
161,66,0.142969
161,67,0.132495
161,68,0.080027
161,69,0.061415
161,70,0.082613
161,71,0.030803
161,72,0.027807
161,73,0.034500
161,74,0.078430
161,75,0.083844
161,76,0.102603
161,77,0.126556
161,78,0.147726
161,79,0.141336
161,80,0.156996
161,81,0.152246
161,82,0.196539
161,83,0.136349
161,84,0.133504
161,85,0.130208
161,86,0.121359
161,87,0.123973
161,88,0.166948
161,89,0.171781
161,90,0.160280
161,91,0.138993
161,92,0.109836
161,93,0.053764
161,94,0.051694
161,95,0.009753
161,96,0.123846
161,97,0.037955
161,98,0.035635
161,99,0.001792
161,100,0.050430
161,101,0.064488
161,102,0.090431
161,103,0.097011
161,104,0.009764
161,105,0.071930
161,106,0.189700
161,107,0.085439
161,108,0.109831
161,109,0.003973
161,110,0.149886
161,111,0.036818
161,112,0.042840
161,113,0.001748
161,114,0.085771
161,115,0.119090
161,116,0.100420
161,117,0.084299
161,118,0.118378
161,119,0.135179
161,120,0.052779
161,121,0.013905
161,122,0.051972
161,123,0.026361
161,124,0.068774
161,125,0.040421
161,126,0.113383
161,127,0.113615
161,128,0.058614
161,129,0.058987
161,130,0.105929
161,131,0.068233
161,132,0.078824
161,133,0.076504
161,134,0.086934
161,135,0.181276
161,136,0.113525
161,137,0.058724
161,138,0.074668
161,139,0.039851
161,140,0.027451
161,141,0.077206
161,142,0.067546
161,143,0.058260
161,144,0.038524
161,145,0.077237
161,146,0.098867
161,147,0.010699
161,148,0.000686
161,149,0.070970
161,150,0.049135
161,151,0.070143
161,152,0.077171
161,153,0.039544
161,154,0.015182
161,155,0.063570
161,156,0.030814
161,157,0.014143
161,158,0.023406
161,159,0.156007
161,160,0.006259
161,161,0.000000
161,162,0.115043
161,163,0.090898
161,164,0.076057
161,165,0.131620
161,166,0.027268
161,167,0.028969
161,168,0.038562
161,169,0.023481
161,170,0.025076
161,171,0.109976
161,172,0.116711
161,173,0.065143
161,174,0.065040
161,175,0.129522
161,176,0.098830
161,177,0.047844
161,178,0.079774
161,179,0.083697
161,180,0.079989
161,181,0.073173
161,182,0.091015
161,183,0.057636
161,184,0.051059
161,185,0.043166
161,186,0.021718
161,187,0.014791
161,188,0.055676
161,189,0.052169
161,190,0.092495
161,191,0.035917
161,192,0.014322
161,193,0.024193
162,1,0.058498
162,2,0.033258
162,3,0.065332
162,4,0.108934
162,5,0.086872
162,6,0.077926
162,7,0.068623
162,8,0.049400
162,9,0.085439
162,10,0.032953
162,11,0.017030
162,12,0.018966
162,13,0.011102
162,14,0.087634
162,15,0.048273
162,16,0.010958
162,17,0.215234
162,18,0.034228
162,19,0.075725
162,20,0.036533
162,21,0.022938
162,22,0.020359
162,23,0.083183
162,24,0.044782
162,25,0.139947
162,26,0.135967
162,27,0.107448
162,28,0.035820
162,29,0.026565
162,30,0.062241
162,31,0.004999
162,32,0.082339
162,33,0.002087
162,34,0.018104
162,35,0.033348
162,36,0.033165
162,37,0.023194
162,38,0.018533
162,39,0.064322
162,40,0.010034
162,41,0.086987
162,42,0.040517
162,43,0.056304
162,44,0.027012
162,45,0.063996
162,46,0.007960
162,47,0.017429
162,48,0.000110
162,49,0.020025
162,50,0.015903
162,51,0.081734
162,52,0.138843
162,53,0.050421
162,54,0.024170
162,55,0.013869
162,56,0.036469
162,57,0.007263
162,58,0.033378
162,59,0.032657
162,60,0.013906
162,61,0.022929
162,62,0.002640
162,63,0.012757
162,64,0.082370
162,65,0.041977
162,66,0.079974
162,67,0.018454
162,68,0.007399
162,69,0.025279
162,70,0.053109
162,71,0.059412
162,72,0.043607
162,73,0.000331
162,74,0.026210
162,75,0.040616
162,76,0.028260
162,77,0.041680
162,78,0.058093
162,79,0.044513
162,80,0.071631
162,81,0.049477
162,82,0.120055
162,83,0.078465
162,84,0.099525
162,85,0.066617
162,86,0.000189
162,87,0.032323
162,88,0.032925
162,89,0.031190
162,90,0.039952
162,91,0.025152
162,92,0.029599
162,93,0.042746
162,94,0.006801
162,95,0.009421
162,96,0.017630
162,97,0.000035
162,98,0.005765
162,99,0.008529
162,100,0.003619
162,101,0.034147
162,102,0.001529
162,103,0.054738
162,104,0.129073
162,105,0.008080
162,106,0.134436
162,107,0.064044
162,108,0.078263
162,109,0.045175
162,110,0.055096
162,111,0.012847
162,112,0.056544
162,113,0.116205
162,114,0.151014
162,115,0.173975
162,116,0.085176
162,117,0.019520
162,118,0.036324
162,119,0.101825
162,120,0.087564
162,121,0.073661
162,122,0.087759
162,123,0.080563
162,124,0.141619
162,125,0.039662
162,126,0.026878
162,127,0.012876
162,128,0.005060
162,129,0.066655
162,130,0.063150
162,131,0.030189
162,132,0.060880
162,133,0.027116
162,134,0.002240
162,135,0.044018
162,136,0.024852
162,137,0.019161
162,138,0.035685
162,139,0.026255
162,140,0.033465
162,141,0.040287
162,142,0.024295
162,143,0.013898
162,144,0.028749
162,145,0.051563
162,146,0.116900
162,147,0.035756
162,148,0.192198
162,149,0.137072
162,150,0.105662
162,151,0.064032
162,152,0.082929
162,153,0.012710
162,154,0.039635
162,155,0.046947
162,156,0.022369
162,157,0.048686
162,158,0.052683
162,159,0.008309
162,160,0.038278
162,161,0.115043
162,162,0.000000
162,163,0.005492
162,164,0.019322
162,165,0.038100
162,166,0.015047
162,167,0.005002
162,168,0.009843
162,169,0.017372
162,170,0.003612
162,171,0.072967
162,172,0.036061
162,173,0.039623
162,174,0.064914
162,175,0.022474
162,176,0.020053
162,177,0.027369
162,178,0.007393
162,179,0.029349
162,180,0.006368
162,181,0.012454
162,182,0.016935
162,183,0.021443
162,184,0.030504
162,185,0.016678
162,186,0.011894
162,187,0.006756
162,188,0.042239
162,189,0.003376
162,190,0.037164
162,191,0.010938
162,192,0.050133
162,193,0.014914
163,1,0.038292
163,2,0.002628
163,3,0.041383
163,4,0.070996
163,5,0.038121
163,6,0.061726
163,7,0.090765
163,8,0.046386
163,9,0.058435
163,10,0.024889
163,11,0.025323
163,12,0.000859
163,13,0.010003
163,14,0.013608
163,15,0.001524
163,16,0.022466
163,17,0.171871
163,18,0.001596
163,19,0.016976
163,20,0.011770
163,21,0.005792
163,22,0.013601
163,23,0.048535
163,24,0.001226
163,25,0.141313
163,26,0.125283
163,27,0.125147
163,28,0.027326
163,29,0.012287
163,30,0.054739
163,31,0.039595
163,32,0.004416
163,33,0.012780
163,34,0.001946
163,35,0.053401
163,36,0.046859
163,37,0.025130
163,38,0.039331
163,39,0.049201
163,40,0.035291
163,41,0.106398
163,42,0.077070
163,43,0.082408
163,44,0.032184
163,45,0.032263
163,46,0.022346
163,47,0.015909
163,48,0.033470
163,49,0.061062
163,50,0.031258
163,51,0.013987
163,52,0.068900
163,53,0.038300
163,54,0.001218
163,55,0.005876
163,56,0.009861
163,57,0.004288
163,58,0.072793
163,59,0.075847
163,60,0.079944
163,61,0.029850
163,62,0.021707
163,63,0.060586
163,64,0.035798
163,65,0.036226
163,66,0.046220
163,67,0.034953
163,68,0.024613
163,69,0.006054
163,70,0.009729
163,71,0.028777
163,72,0.019874
163,73,0.020235
163,74,0.056144
163,75,0.063151
163,76,0.057498
163,77,0.062559
163,78,0.075985
163,79,0.069550
163,80,0.118891
163,81,0.060623
163,82,0.103679
163,83,0.039395
163,84,0.054688
163,85,0.044961
163,86,0.012137
163,87,0.020155
163,88,0.059011
163,89,0.048258
163,90,0.025925
163,91,0.006291
163,92,0.034699
163,93,0.036585
163,94,0.016731
163,95,0.035862
163,96,0.001038
163,97,0.020611
163,98,0.039363
163,99,0.033181
163,100,0.009124
163,101,0.028805
163,102,0.023096
163,103,0.046788
163,104,0.083782
163,105,0.056632
163,106,0.088590
163,107,0.068543
163,108,0.135357
163,109,0.042024
163,110,0.067994
163,111,0.005036
163,112,0.025805
163,113,0.059001
163,114,0.143526
163,115,0.156600
163,116,0.040512
163,117,0.017543
163,118,0.021960
163,119,0.020976
163,120,0.055628
163,121,0.033431
163,122,0.063572
163,123,0.065424
163,124,0.068766
163,125,0.008404
163,126,0.005941
163,127,0.005192
163,128,0.015186
163,129,0.034009
163,130,0.040138
163,131,0.027979
163,132,0.067215
163,133,0.044161
163,134,0.027058
163,135,0.085485
163,136,0.056075
163,137,0.015917
163,138,0.033454
163,139,0.028218
163,140,0.022022
163,141,0.012231
163,142,0.049110
163,143,0.015181
163,144,0.005962
163,145,0.099381
163,146,0.161315
163,147,0.086365
163,148,0.136903
163,149,0.058484
163,150,0.057638
163,151,0.049398
163,152,0.054475
163,153,0.058004
163,154,0.065910
163,155,0.000626
163,156,0.008206
163,157,0.015627
163,158,0.012240
163,159,0.031792
163,160,0.015648
163,161,0.090898
163,162,0.005492
163,163,0.000000
163,164,0.057525
163,165,0.024815
163,166,0.054592
163,167,0.000226
163,168,0.013944
163,169,0.012391
163,170,0.016908
163,171,0.103651
163,172,0.083173
163,173,0.016466
163,174,0.000796
163,175,0.053134
163,176,0.002151
163,177,0.005212
163,178,0.010602
163,179,0.033160
163,180,0.000390
163,181,0.009958
163,182,0.013536
163,183,0.017935
163,184,0.000923
163,185,0.003762
163,186,0.002317
163,187,0.001982
163,188,0.034393
163,189,0.013209
163,190,0.026292
163,191,0.025207
163,192,0.087854
163,193,0.058681
164,1,0.015057
164,2,0.001784
164,3,0.015238
164,4,0.035662
164,5,0.002027
164,6,0.025711
164,7,0.064210
164,8,0.083417
164,9,0.047271
164,10,0.005269
164,11,0.015290
164,12,0.013978
164,13,0.032839
164,14,0.078975
164,15,0.039415
164,16,0.023167
164,17,0.115143
164,18,0.018388
164,19,0.045567
164,20,0.007964
164,21,0.007131
164,22,0.015975
164,23,0.055171
164,24,0.034830
164,25,0.110840
164,26,0.106341
164,27,0.122170
164,28,0.034381
164,29,0.004934
164,30,0.026525
164,31,0.031405
164,32,0.001175
164,33,0.026000
164,34,0.016776
164,35,0.061689
164,36,0.067418
164,37,0.052833
164,38,0.048260
164,39,0.016097
164,40,0.014219
164,41,0.075459
164,42,0.035989
164,43,0.038091
164,44,0.004354
164,45,0.007369
164,46,0.012749
164,47,0.018682
164,48,0.018160
164,49,0.012178
164,50,0.002128
164,51,0.000675
164,52,0.053412
164,53,0.046147
164,54,0.018656
164,55,0.027549
164,56,0.030653
164,57,0.038557
164,58,0.044190
164,59,0.043699
164,60,0.050211
164,61,0.004213
164,62,0.003508
164,63,0.045598
164,64,0.007963
164,65,0.013042
164,66,0.045037
164,67,0.033853
164,68,0.012668
164,69,0.003667
164,70,0.007991
164,71,0.000484
164,72,0.018325
164,73,0.068438
164,74,0.074674
164,75,0.059613
164,76,0.068381
164,77,0.066883
164,78,0.041602
164,79,0.044135
164,80,0.099638
164,81,0.082607
164,82,0.135376
164,83,0.081045
164,84,0.088105
164,85,0.072599
164,86,0.017973
164,87,0.005948
164,88,0.061937
164,89,0.071842
164,90,0.064913
164,91,0.025376
164,92,0.005850
164,93,0.002128
164,94,0.044142
164,95,0.076313
164,96,0.049263
164,97,0.028805
164,98,0.013059
164,99,0.008506
164,100,0.003492
164,101,0.050556
164,102,0.054237
164,103,0.053098
164,104,0.025637
164,105,0.085092
164,106,0.097033
164,107,0.089899
164,108,0.153943
164,109,0.036600
164,110,0.035819
164,111,0.021146
164,112,0.035979
164,113,0.062674
164,114,0.119305
164,115,0.119428
164,116,0.023513
164,117,0.036696
164,118,0.017903
164,119,0.016473
164,120,0.030435
164,121,0.028820
164,122,0.061310
164,123,0.079191
164,124,0.079535
164,125,0.041327
164,126,0.077400
164,127,0.085447
164,128,0.004298
164,129,0.058517
164,130,0.071780
164,131,0.044154
164,132,0.082195
164,133,0.055655
164,134,0.026875
164,135,0.070375
164,136,0.052012
164,137,0.024985
164,138,0.015661
164,139,0.013238
164,140,0.009804
164,141,0.014933
164,142,0.023775
164,143,0.010678
164,144,0.002368
164,145,0.113331
164,146,0.154359
164,147,0.090058
164,148,0.156560
164,149,0.064607
164,150,0.039192
164,151,0.021100
164,152,0.035861
164,153,0.045537
164,154,0.059315
164,155,0.035555
164,156,0.007838
164,157,0.030047
164,158,0.035527
164,159,0.066734
164,160,0.054442
164,161,0.076057
164,162,0.019322
164,163,0.057525
164,164,0.000000
164,165,0.013012
164,166,0.052860
164,167,0.015607
164,168,0.016567
164,169,0.009250
164,170,0.017948
164,171,0.050623
164,172,0.044389
164,173,0.000824
164,174,0.029024
164,175,0.023146
164,176,0.031329
164,177,0.023205
164,178,0.012368
164,179,0.011946
164,180,0.008337
164,181,0.003826
164,182,0.004329
164,183,0.023800
164,184,0.002081
164,185,0.002629
164,186,0.008146
164,187,0.012576
164,188,0.015144
164,189,0.007378
164,190,0.036555
164,191,0.010348
164,192,0.049645
164,193,0.016946
165,1,0.020787
165,2,0.022824
165,3,0.021005
165,4,0.042103
165,5,0.048211
165,6,0.031632
165,7,0.072903
165,8,0.030002
165,9,0.091212
165,10,0.064761
165,11,0.036754
165,12,0.020662
165,13,0.022473
165,14,0.072370
165,15,0.022694
165,16,0.024187
165,17,0.106403
165,18,0.003410
165,19,0.016765
165,20,0.034348
165,21,0.030924
165,22,0.001204
165,23,0.047801
165,24,0.017319
165,25,0.069272
165,26,0.077406
165,27,0.135533
165,28,0.036638
165,29,0.010956
165,30,0.034195
165,31,0.023821
165,32,0.019741
165,33,0.011179
165,34,0.005054
165,35,0.034470
165,36,0.040918
165,37,0.041076
165,38,0.065797
165,39,0.006077
165,40,0.015762
165,41,0.052108
165,42,0.019382
165,43,0.046389
165,44,0.036684
165,45,0.000077
165,46,0.004020
165,47,0.061105
165,48,0.036575
165,49,0.049969
165,50,0.001221
165,51,0.004669
165,52,0.040011
165,53,0.052705
165,54,0.023213
165,55,0.018231
165,56,0.031917
165,57,0.030012
165,58,0.044237
165,59,0.022137
165,60,0.014409
165,61,0.011559
165,62,0.005420
165,63,0.041581
165,64,0.012131
165,65,0.021792
165,66,0.038966
165,67,0.019414
165,68,0.009001
165,69,0.005868
165,70,0.007126
165,71,0.007677
165,72,0.004603
165,73,0.050323
165,74,0.056612
165,75,0.058228
165,76,0.070223
165,77,0.053033
165,78,0.027147
165,79,0.042154
165,80,0.052416
165,81,0.057591
165,82,0.097228
165,83,0.057035
165,84,0.070613
165,85,0.050442
165,86,0.019092
165,87,0.012650
165,88,0.002298
165,89,0.016578
165,90,0.027558
165,91,0.007970
165,92,0.022270
165,93,0.019371
165,94,0.025324
165,95,0.095227
165,96,0.002066
165,97,0.000381
165,98,0.021241
165,99,0.028546
165,100,0.022835
165,101,0.063414
165,102,0.082202
165,103,0.077110
165,104,0.085507
165,105,0.070505
165,106,0.041422
165,107,0.035223
165,108,0.122543
165,109,0.039591
165,110,0.028386
165,111,0.000624
165,112,0.024779
165,113,0.112384
165,114,0.069248
165,115,0.078334
165,116,0.004011
165,117,0.066318
165,118,0.054694
165,119,0.018886
165,120,0.007780
165,121,0.006887
165,122,0.029265
165,123,0.053577
165,124,0.042301
165,125,0.066577
165,126,0.101582
165,127,0.103502
165,128,0.039714
165,129,0.022883
165,130,0.015416
165,131,0.020986
165,132,0.012942
165,133,0.016357
165,134,0.044452
165,135,0.000718
165,136,0.023968
165,137,0.005338
165,138,0.005469
165,139,0.010545
165,140,0.008815
165,141,0.008125
165,142,0.034667
165,143,0.007606
165,144,0.020706
165,145,0.064722
165,146,0.093289
165,147,0.094470
165,148,0.145494
165,149,0.060519
165,150,0.049442
165,151,0.054108
165,152,0.038584
165,153,0.042717
165,154,0.065771
165,155,0.055257
165,156,0.004477
165,157,0.012500
165,158,0.035307
165,159,0.076217
165,160,0.072946
165,161,0.131620
165,162,0.038100
165,163,0.024815
165,164,0.013012
165,165,0.000000
165,166,0.110382
165,167,0.097962
165,168,0.068904
165,169,0.073603
165,170,0.039278
165,171,0.041834
165,172,0.017492
165,173,0.029445
165,174,0.047318
165,175,0.007596
165,176,0.035871
165,177,0.055548
165,178,0.054675
165,179,0.016136
165,180,0.030250
165,181,0.035924
165,182,0.030086
165,183,0.047184
165,184,0.008903
165,185,0.000982
165,186,0.005915
165,187,0.009780
165,188,0.023456
165,189,0.004871
165,190,0.027993
165,191,0.075029
165,192,0.131949
165,193,0.109694
166,1,0.015815
166,2,0.010766
166,3,0.051171
166,4,0.106555
166,5,0.162201
166,6,0.088411
166,7,0.016395
166,8,0.004621
166,9,0.043408
166,10,0.131520
166,11,0.108373
166,12,0.034614
166,13,0.054468
166,14,0.104527
166,15,0.156655
166,16,0.131388
166,17,0.129801
166,18,0.068296
166,19,0.111385
166,20,0.078213
166,21,0.133845
166,22,0.083029
166,23,0.008146
166,24,0.107261
166,25,0.005536
166,26,0.025566
166,27,0.050275
166,28,0.034514
166,29,0.032438
166,30,0.008510
166,31,0.031185
166,32,0.055616
166,33,0.050295
166,34,0.044146
166,35,0.035318
166,36,0.014297
166,37,0.017315
166,38,0.053796
166,39,0.009963
166,40,0.095593
166,41,0.002087
166,42,0.045810
166,43,0.091216
166,44,0.118279
166,45,0.020108
166,46,0.047538
166,47,0.127301
166,48,0.090981
166,49,0.159415
166,50,0.068044
166,51,0.047230
166,52,0.087217
166,53,0.073444
166,54,0.041461
166,55,0.003679
166,56,0.026787
166,57,0.060626
166,58,0.020113
166,59,0.043687
166,60,0.065744
166,61,0.027590
166,62,0.037583
166,63,0.000462
166,64,0.014880
166,65,0.017643
166,66,0.016057
166,67,0.006411
166,68,0.030699
166,69,0.042856
166,70,0.040793
166,71,0.090621
166,72,0.065988
166,73,0.051022
166,74,0.017575
166,75,0.028852
166,76,0.012741
166,77,0.016049
166,78,0.048374
166,79,0.058220
166,80,0.035440
166,81,0.004192
166,82,0.000080
166,83,0.080604
166,84,0.069135
166,85,0.036214
166,86,0.019718
166,87,0.000957
166,88,0.069990
166,89,0.076995
166,90,0.073051
166,91,0.095819
166,92,0.110871
166,93,0.045895
166,94,0.026288
166,95,0.038026
166,96,0.114704
166,97,0.112542
166,98,0.103664
166,99,0.121121
166,100,0.010120
166,101,0.167564
166,102,0.141293
166,103,0.154486
166,104,0.248082
166,105,0.077593
166,106,0.057067
166,107,0.125938
166,108,0.021357
166,109,0.033572
166,110,0.014714
166,111,0.088807
166,112,0.096112
166,113,0.118206
166,114,0.003177
166,115,0.040497
166,116,0.020433
166,117,0.083022
166,118,0.040532
166,119,0.014206
166,120,0.032825
166,121,0.045769
166,122,0.011437
166,123,0.092143
166,124,0.069299
166,125,0.019091
166,126,0.035576
166,127,0.044071
166,128,0.031494
166,129,0.057014
166,130,0.102365
166,131,0.144765
166,132,0.124677
166,133,0.164850
166,134,0.140900
166,135,0.068419
166,136,0.040696
166,137,0.052790
166,138,0.004769
166,139,0.039476
166,140,0.009476
166,141,0.040068
166,142,0.017840
166,143,0.086682
166,144,0.091783
166,145,0.059383
166,146,0.116815
166,147,0.059262
166,148,0.037788
166,149,0.077604
166,150,0.036319
166,151,0.005144
166,152,0.010845
166,153,0.052633
166,154,0.061785
166,155,0.053807
166,156,0.080392
166,157,0.122462
166,158,0.033767
166,159,0.062793
166,160,0.082391
166,161,0.027268
166,162,0.015047
166,163,0.054592
166,164,0.052860
166,165,0.110382
166,166,0.000000
166,167,0.139418
166,168,0.052886
166,169,0.052517
166,170,0.019439
166,171,0.103022
166,172,0.031294
166,173,0.003820
166,174,0.035982
166,175,0.016710
166,176,0.046141
166,177,0.047868
166,178,0.043855
166,179,0.034049
166,180,0.016251
166,181,0.015525
166,182,0.026605
166,183,0.003908
166,184,0.017614
166,185,0.008068
166,186,0.008327
166,187,0.001718
166,188,0.036451
166,189,0.011329
166,190,0.133623
166,191,0.146267
166,192,0.196920
166,193,0.170600
167,1,0.021759
167,2,0.034863
167,3,0.021703
167,4,0.075785
167,5,0.173446
167,6,0.053372
167,7,0.013100
167,8,0.008374
167,9,0.057092
167,10,0.172928
167,11,0.140411
167,12,0.034742
167,13,0.019026
167,14,0.098692
167,15,0.178311
167,16,0.128815
167,17,0.070696
167,18,0.131073
167,19,0.177172
167,20,0.133892
167,21,0.149048
167,22,0.055338
167,23,0.040032
167,24,0.128874
167,25,0.028903
167,26,0.024052
167,27,0.056842
167,28,0.059057
167,29,0.034709
167,30,0.010692
167,31,0.011067
167,32,0.060268
167,33,0.029245
167,34,0.020403
167,35,0.007539
167,36,0.024276
167,37,0.014181
167,38,0.061063
167,39,0.025136
167,40,0.117299
167,41,0.062835
167,42,0.021070
167,43,0.017560
167,44,0.110967
167,45,0.009348
167,46,0.058779
167,47,0.098319
167,48,0.068213
167,49,0.175199
167,50,0.104370
167,51,0.044868
167,52,0.040508
167,53,0.063201
167,54,0.024493
167,55,0.009390
167,56,0.026629
167,57,0.067419
167,58,0.033538
167,59,0.088840
167,60,0.121357
167,61,0.055288
167,62,0.057221
167,63,0.004989
167,64,0.006301
167,65,0.042861
167,66,0.026164
167,67,0.029080
167,68,0.061631
167,69,0.023954
167,70,0.039078
167,71,0.114249
167,72,0.095908
167,73,0.075381
167,74,0.021729
167,75,0.002414
167,76,0.028796
167,77,0.031264
167,78,0.060285
167,79,0.084381
167,80,0.021598
167,81,0.024666
167,82,0.007752
167,83,0.072074
167,84,0.053904
167,85,0.036211
167,86,0.026461
167,87,0.002419
167,88,0.098443
167,89,0.067870
167,90,0.024416
167,91,0.070421
167,92,0.092861
167,93,0.076059
167,94,0.015660
167,95,0.069453
167,96,0.090394
167,97,0.099751
167,98,0.074914
167,99,0.089330
167,100,0.022874
167,101,0.204930
167,102,0.187273
167,103,0.204243
167,104,0.225023
167,105,0.050287
167,106,0.088299
167,107,0.217600
167,108,0.055120
167,109,0.023545
167,110,0.039377
167,111,0.068671
167,112,0.104972
167,113,0.163729
167,114,0.010127
167,115,0.050021
167,116,0.018829
167,117,0.049360
167,118,0.012344
167,119,0.033704
167,120,0.013615
167,121,0.013267
167,122,0.032263
167,123,0.063191
167,124,0.055159
167,125,0.011365
167,126,0.020055
167,127,0.034261
167,128,0.029073
167,129,0.039771
167,130,0.109256
167,131,0.156223
167,132,0.133154
167,133,0.187060
167,134,0.180981
167,135,0.110292
167,136,0.099532
167,137,0.097087
167,138,0.022815
167,139,0.022932
167,140,0.014029
167,141,0.018153
167,142,0.017719
167,143,0.059662
167,144,0.089875
167,145,0.104909
167,146,0.179316
167,147,0.099895
167,148,0.034314
167,149,0.087600
167,150,0.058137
167,151,0.018368
167,152,0.028579
167,153,0.031962
167,154,0.041803
167,155,0.033992
167,156,0.064602
167,157,0.097831
167,158,0.006784
167,159,0.032923
167,160,0.066431
167,161,0.028969
167,162,0.005002
167,163,0.000226
167,164,0.015607
167,165,0.097962
167,166,0.139418
167,167,0.000000
167,168,0.051900
167,169,0.131837
167,170,0.004215
167,171,0.089292
167,172,0.016778
167,173,0.010009
167,174,0.033939
167,175,0.038467
167,176,0.038301
167,177,0.060211
167,178,0.037092
167,179,0.028207
167,180,0.017031
167,181,0.018321
167,182,0.036114
167,183,0.031167
167,184,0.012654
167,185,0.001629
167,186,0.037763
167,187,0.031589
167,188,0.008962
167,189,0.003460
167,190,0.179925
167,191,0.227616
167,192,0.263201
167,193,0.257219
168,1,0.040125
168,2,0.025307
168,3,0.030629
168,4,0.015817
168,5,0.085351
168,6,0.002307
168,7,0.009749
168,8,0.129840
168,9,0.117537
168,10,0.159937
168,11,0.149988
168,12,0.072662
168,13,0.032418
168,14,0.054628
168,15,0.096419
168,16,0.057231
168,17,0.039084
168,18,0.148292
168,19,0.214141
168,20,0.173657
168,21,0.153860
168,22,0.067204
168,23,0.066298
168,24,0.129512
168,25,0.113749
168,26,0.077134
168,27,0.009045
168,28,0.076066
168,29,0.109564
168,30,0.062270
168,31,0.074645
168,32,0.018397
168,33,0.033748
168,34,0.018245
168,35,0.011010
168,36,0.050388
168,37,0.007427
168,38,0.028280
168,39,0.016643
168,40,0.029317
168,41,0.008914
168,42,0.003045
168,43,0.070561
168,44,0.102767
168,45,0.040279
168,46,0.015704
168,47,0.141858
168,48,0.186069
168,49,0.193497
168,50,0.120061
168,51,0.067480
168,52,0.003682
168,53,0.044005
168,54,0.052702
168,55,0.036286
168,56,0.065665
168,57,0.019845
168,58,0.058921
168,59,0.023116
168,60,0.006754
168,61,0.031723
168,62,0.024565
168,63,0.084253
168,64,0.048987
168,65,0.000223
168,66,0.022809
168,67,0.055328
168,68,0.000649
168,69,0.069635
168,70,0.037827
168,71,0.089035
168,72,0.043320
168,73,0.071547
168,74,0.076809
168,75,0.048100
168,76,0.000714
168,77,0.036234
168,78,0.032886
168,79,0.003488
168,80,0.072781
168,81,0.075763
168,82,0.097804
168,83,0.135188
168,84,0.097985
168,85,0.092322
168,86,0.012328
168,87,0.065150
168,88,0.103862
168,89,0.084906
168,90,0.085156
168,91,0.094489
168,92,0.118651
168,93,0.055251
168,94,0.008855
168,95,0.043824
168,96,0.155389
168,97,0.098045
168,98,0.089972
168,99,0.085475
168,100,0.012544
168,101,0.016210
168,102,0.019381
168,103,0.032190
168,104,0.182756
168,105,0.022086
168,106,0.151402
168,107,0.172688
168,108,0.082690
168,109,0.039960
168,110,0.012582
168,111,0.110833
168,112,0.115551
168,113,0.055697
168,114,0.041460
168,115,0.005600
168,116,0.012391
168,117,0.064679
168,118,0.072321
168,119,0.053178
168,120,0.001606
168,121,0.006817
168,122,0.011227
168,123,0.070637
168,124,0.025948
168,125,0.065386
168,126,0.036830
168,127,0.001630
168,128,0.100965
168,129,0.102402
168,130,0.136013
168,131,0.126234
168,132,0.116909
168,133,0.171401
168,134,0.163429
168,135,0.117887
168,136,0.096827
168,137,0.079189
168,138,0.013343
168,139,0.019060
168,140,0.012154
168,141,0.012819
168,142,0.008096
168,143,0.022588
168,144,0.005061
168,145,0.025693
168,146,0.110542
168,147,0.005440
168,148,0.009583
168,149,0.012653
168,150,0.061259
168,151,0.032740
168,152,0.009064
168,153,0.042063
168,154,0.028313
168,155,0.005152
168,156,0.035046
168,157,0.034425
168,158,0.042993
168,159,0.031097
168,160,0.017547
168,161,0.038562
168,162,0.009843
168,163,0.013944
168,164,0.016567
168,165,0.068904
168,166,0.052886
168,167,0.051900
168,168,0.000000
168,169,0.017433
168,170,0.008535
168,171,0.047274
168,172,0.054070
168,173,0.015994
168,174,0.039800
168,175,0.039487
168,176,0.060848
168,177,0.055418
168,178,0.041960
168,179,0.012577
168,180,0.026858
168,181,0.078803
168,182,0.083311
168,183,0.101184
168,184,0.094372
168,185,0.066507
168,186,0.107655
168,187,0.065267
168,188,0.047040
168,189,0.011838
168,190,0.282121
168,191,0.300981
168,192,0.305216
168,193,0.295188
169,1,0.035260
169,2,0.034024
169,3,0.024442
169,4,0.012564
169,5,0.047091
169,6,0.021722
169,7,0.004942
169,8,0.075735
169,9,0.085528
169,10,0.082964
169,11,0.070878
169,12,0.027370
169,13,0.014341
169,14,0.007438
169,15,0.053583
169,16,0.030840
169,17,0.031519
169,18,0.059134
169,19,0.090871
169,20,0.075504
169,21,0.072638
169,22,0.044180
169,23,0.013955
169,24,0.082212
169,25,0.002346
169,26,0.013963
169,27,0.022912
169,28,0.009770
169,29,0.035732
169,30,0.006917
169,31,0.016675
169,32,0.018005
169,33,0.008659
169,34,0.044456
169,35,0.060415
169,36,0.030256
169,37,0.039747
169,38,0.056533
169,39,0.035370
169,40,0.061975
169,41,0.021502
169,42,0.058970
169,43,0.021623
169,44,0.019994
169,45,0.008659
169,46,0.022461
169,47,0.073697
169,48,0.065316
169,49,0.077240
169,50,0.021811
169,51,0.025666
169,52,0.008938
169,53,0.015511
169,54,0.008038
169,55,0.004862
169,56,0.025184
169,57,0.007981
169,58,0.015110
169,59,0.009835
169,60,0.031118
169,61,0.050101
169,62,0.027068
169,63,0.040424
169,64,0.051161
169,65,0.041483
169,66,0.034371
169,67,0.012322
169,68,0.008557
169,69,0.021269
169,70,0.001526
169,71,0.038008
169,72,0.006488
169,73,0.030648
169,74,0.032247
169,75,0.020889
169,76,0.006198
169,77,0.006956
169,78,0.023801
169,79,0.030702
169,80,0.001728
169,81,0.018287
169,82,0.020165
169,83,0.037754
169,84,0.038904
169,85,0.038118
169,86,0.010971
169,87,0.026000
169,88,0.051681
169,89,0.021930
169,90,0.043262
169,91,0.050200
169,92,0.049398
169,93,0.025514
169,94,0.012058
169,95,0.024654
169,96,0.061183
169,97,0.017918
169,98,0.015842
169,99,0.040954
169,100,0.002412
169,101,0.012506
169,102,0.038586
169,103,0.045281
169,104,0.071345
169,105,0.028185
169,106,0.066927
169,107,0.067155
169,108,0.008643
169,109,0.016162
169,110,0.013372
169,111,0.054277
169,112,0.052400
169,113,0.009199
169,114,0.012976
169,115,0.021798
169,116,0.014034
169,117,0.057205
169,118,0.031670
169,119,0.016155
169,120,0.025915
169,121,0.013731
169,122,0.011702
169,123,0.054815
169,124,0.054315
169,125,0.005901
169,126,0.004498
169,127,0.021183
169,128,0.038229
169,129,0.030245
169,130,0.045104
169,131,0.068117
169,132,0.049669
169,133,0.074029
169,134,0.087296
169,135,0.019106
169,136,0.024164
169,137,0.024208
169,138,0.046270
169,139,0.070979
169,140,0.048354
169,141,0.049203
169,142,0.067619
169,143,0.031414
169,144,0.031031
169,145,0.029188
169,146,0.034507
169,147,0.006625
169,148,0.016821
169,149,0.019734
169,150,0.007214
169,151,0.019100
169,152,0.038373
169,153,0.042775
169,154,0.025810
169,155,0.001832
169,156,0.024021
169,157,0.018109
169,158,0.001936
169,159,0.038615
169,160,0.014083
169,161,0.023481
169,162,0.017372
169,163,0.012391
169,164,0.009250
169,165,0.073603
169,166,0.052517
169,167,0.131837
169,168,0.017433
169,169,0.000000
169,170,0.011419
169,171,0.083764
169,172,0.018086
169,173,0.017483
169,174,0.050590
169,175,0.037156
169,176,0.062833
169,177,0.042602
169,178,0.026371
169,179,0.012121
169,180,0.018157
169,181,0.039923
169,182,0.038585
169,183,0.029048
169,184,0.033736
169,185,0.024606
169,186,0.035423
169,187,0.051152
169,188,0.012320
169,189,0.020628
169,190,0.097047
169,191,0.137855
169,192,0.141135
169,193,0.121817
170,1,0.013331
170,2,0.014273
170,3,0.014224
170,4,0.006511
170,5,0.030822
170,6,0.032857
170,7,0.024782
170,8,0.026784
170,9,0.008343
170,10,0.035086
170,11,0.035494
170,12,0.017911
170,13,0.016907
170,14,0.038753
170,15,0.026720
170,16,0.014669
170,17,0.018554
170,18,0.042123
170,19,0.041636
170,20,0.000378
170,21,0.016324
170,22,0.010242
170,23,0.017714
170,24,0.022194
170,25,0.045802
170,26,0.013719
170,27,0.014044
170,28,0.041863
170,29,0.036876
170,30,0.042290
170,31,0.031540
170,32,0.058584
170,33,0.012467
170,34,0.016505
170,35,0.003004
170,36,0.004956
170,37,0.033535
170,38,0.003727
170,39,0.020104
170,40,0.089380
170,41,0.083932
170,42,0.084362
170,43,0.080590
170,44,0.022955
170,45,0.044808
170,46,0.003663
170,47,0.031380
170,48,0.015656
170,49,0.044006
170,50,0.033937
170,51,0.023626
170,52,0.017509
170,53,0.001146
170,54,0.025291
170,55,0.069643
170,56,0.103152
170,57,0.058268
170,58,0.041221
170,59,0.044465
170,60,0.034123
170,61,0.047465
170,62,0.018139
170,63,0.006774
170,64,0.044863
170,65,0.036773
170,66,0.043430
170,67,0.013428
170,68,0.118228
170,69,0.002738
170,70,0.021553
170,71,0.000786
170,72,0.007613
170,73,0.003378
170,74,0.015659
170,75,0.014439
170,76,0.045723
170,77,0.059961
170,78,0.052268
170,79,0.039528
170,80,0.008779
170,81,0.013986
170,82,0.011567
170,83,0.001473
170,84,0.029631
170,85,0.056200
170,86,0.076383
170,87,0.083280
170,88,0.001127
170,89,0.000652
170,90,0.033706
170,91,0.008991
170,92,0.014885
170,93,0.038518
170,94,0.041304
170,95,0.013652
170,96,0.002720
170,97,0.007852
170,98,0.028137
170,99,0.011238
170,100,0.060762
170,101,0.053345
170,102,0.101349
170,103,0.093076
170,104,0.035846
170,105,0.045158
170,106,0.012285
170,107,0.080097
170,108,0.021835
170,109,0.058713
170,110,0.008392
170,111,0.060663
170,112,0.104753
170,113,0.022002
170,114,0.004363
170,115,0.026605
170,116,0.006228
170,117,0.017992
170,118,0.003240
170,119,0.024126
170,120,0.022260
170,121,0.001835
170,122,0.025251
170,123,0.037032
170,124,0.043813
170,125,0.005486
170,126,0.030154
170,127,0.053392
170,128,0.035601
170,129,0.003475
170,130,0.014605
170,131,0.016979
170,132,0.010085
170,133,0.044072
170,134,0.048142
170,135,0.004980
170,136,0.017828
170,137,0.030183
170,138,0.034414
170,139,0.075480
170,140,0.002240
170,141,0.004901
170,142,0.091611
170,143,0.086417
170,144,0.055813
170,145,0.072276
170,146,0.010240
170,147,0.004574
170,148,0.000585
170,149,0.033732
170,150,0.014790
170,151,0.007130
170,152,0.007511
170,153,0.007210
170,154,0.005032
170,155,0.027653
170,156,0.020270
170,157,0.023771
170,158,0.051119
170,159,0.003170
170,160,0.005964
170,161,0.025076
170,162,0.003612
170,163,0.016908
170,164,0.017948
170,165,0.039278
170,166,0.019439
170,167,0.004215
170,168,0.008535
170,169,0.011419
170,170,0.000000
170,171,0.098138
170,172,0.077897
170,173,0.082681
170,174,0.072712
170,175,0.058537
170,176,0.063979
170,177,0.020595
170,178,0.013307
170,179,0.006723
170,180,0.014220
170,181,0.008145
170,182,0.011341
170,183,0.017867
170,184,0.003739
170,185,0.049990
170,186,0.015692
170,187,0.006446
170,188,0.058464
170,189,0.058731
170,190,0.001170
170,191,0.022151
170,192,0.015257
170,193,0.038717
171,1,0.024751
171,2,0.066209
171,3,0.128737
171,4,0.131529
171,5,0.136789
171,6,0.166793
171,7,0.108695
171,8,0.110062
171,9,0.122817
171,10,0.116872
171,11,0.097510
171,12,0.066039
171,13,0.064423
171,14,0.074409
171,15,0.060493
171,16,0.063929
171,17,0.122845
171,18,0.031678
171,19,0.018081
171,20,0.100004
171,21,0.162935
171,22,0.209020
171,23,0.057372
171,24,0.003349
171,25,0.013517
171,26,0.021977
171,27,0.064511
171,28,0.111046
171,29,0.151999
171,30,0.108045
171,31,0.088527
171,32,0.090140
171,33,0.069772
171,34,0.061900
171,35,0.038830
171,36,0.082602
171,37,0.117989
171,38,0.091281
171,39,0.149357
171,40,0.148506
171,41,0.138055
171,42,0.118686
171,43,0.170158
171,44,0.083641
171,45,0.102919
171,46,0.118750
171,47,0.155619
171,48,0.133929
171,49,0.032477
171,50,0.029501
171,51,0.074533
171,52,0.127961
171,53,0.073558
171,54,0.080662
171,55,0.136257
171,56,0.142546
171,57,0.148722
171,58,0.125885
171,59,0.135520
171,60,0.104056
171,61,0.117424
171,62,0.113142
171,63,0.123575
171,64,0.074859
171,65,0.128203
171,66,0.132552
171,67,0.055987
171,68,0.157702
171,69,0.042286
171,70,0.054588
171,71,0.032089
171,72,0.007969
171,73,0.014880
171,74,0.007255
171,75,0.004848
171,76,0.059075
171,77,0.078533
171,78,0.042109
171,79,0.050445
171,80,0.042405
171,81,0.059655
171,82,0.046492
171,83,0.043865
171,84,0.050732
171,85,0.090270
171,86,0.151392
171,87,0.176598
171,88,0.117241
171,89,0.116620
171,90,0.114642
171,91,0.122064
171,92,0.057255
171,93,0.037664
171,94,0.013053
171,95,0.014652
171,96,0.102397
171,97,0.123448
171,98,0.172112
171,99,0.160657
171,100,0.205554
171,101,0.159418
171,102,0.166869
171,103,0.124272
171,104,0.074392
171,105,0.106857
171,106,0.083985
171,107,0.052015
171,108,0.042883
171,109,0.018824
171,110,0.075545
171,111,0.023252
171,112,0.064861
171,113,0.046708
171,114,0.015754
171,115,0.001580
171,116,0.039568
171,117,0.030451
171,118,0.035061
171,119,0.048576
171,120,0.002351
171,121,0.004779
171,122,0.011790
171,123,0.049712
171,124,0.076450
171,125,0.022993
171,126,0.064149
171,127,0.089839
171,128,0.068579
171,129,0.065240
171,130,0.037734
171,131,0.048510
171,132,0.087689
171,133,0.074074
171,134,0.093330
171,135,0.123782
171,136,0.093408
171,137,0.127989
171,138,0.138997
171,139,0.090211
171,140,0.070736
171,141,0.087813
171,142,0.069378
171,143,0.139534
171,144,0.086840
171,145,0.096382
171,146,0.016502
171,147,0.000682
171,148,0.004394
171,149,0.025087
171,150,0.009967
171,151,0.003255
171,152,0.018720
171,153,0.007145
171,154,0.018091
171,155,0.039525
171,156,0.024518
171,157,0.037772
171,158,0.079328
171,159,0.097410
171,160,0.041662
171,161,0.109976
171,162,0.072967
171,163,0.103651
171,164,0.050623
171,165,0.041834
171,166,0.103022
171,167,0.089292
171,168,0.047274
171,169,0.083764
171,170,0.098138
171,171,0.000000
171,172,0.012938
171,173,0.038627
171,174,0.034412
171,175,0.011072
171,176,0.014697
171,177,0.000323
171,178,0.017234
171,179,0.028047
171,180,0.012026
171,181,0.005860
171,182,0.021825
171,183,0.055664
171,184,0.013286
171,185,0.061002
171,186,0.035161
171,187,0.000363
171,188,0.021218
171,189,0.042584
171,190,0.086795
171,191,0.074109
171,192,0.080288
171,193,0.064641
172,1,0.023994
172,2,0.016523
172,3,0.050168
172,4,0.054000
172,5,0.037016
172,6,0.027793
172,7,0.032208
172,8,0.061997
172,9,0.026403
172,10,0.023650
172,11,0.035910
172,12,0.027055
172,13,0.047480
172,14,0.012974
172,15,0.009608
172,16,0.014636
172,17,0.012565
172,18,0.010655
172,19,0.008642
172,20,0.049338
172,21,0.090760
172,22,0.073545
172,23,0.039941
172,24,0.101218
172,25,0.077102
172,26,0.085741
172,27,0.010187
172,28,0.012459
172,29,0.036021
172,30,0.058740
172,31,0.017714
172,32,0.007614
172,33,0.039184
172,34,0.046036
172,35,0.022248
172,36,0.034227
172,37,0.052088
172,38,0.064303
172,39,0.067839
172,40,0.042693
172,41,0.009315
172,42,0.061496
172,43,0.063821
172,44,0.050038
172,45,0.040106
172,46,0.049304
172,47,0.039507
172,48,0.043212
172,49,0.005439
172,50,0.014867
172,51,0.055451
172,52,0.084204
172,53,0.092827
172,54,0.039013
172,55,0.048833
172,56,0.048177
172,57,0.041325
172,58,0.055040
172,59,0.044375
172,60,0.038224
172,61,0.015339
172,62,0.049569
172,63,0.058205
172,64,0.015149
172,65,0.061770
172,66,0.106509
172,67,0.031250
172,68,0.084900
172,69,0.014380
172,70,0.008881
172,71,0.027545
172,72,0.023819
172,73,0.015382
172,74,0.057272
172,75,0.043197
172,76,0.018080
172,77,0.015460
172,78,0.032393
172,79,0.016840
172,80,0.027918
172,81,0.033922
172,82,0.013741
172,83,0.012116
172,84,0.005487
172,85,0.023195
172,86,0.075275
172,87,0.047948
172,88,0.029663
172,89,0.007609
172,90,0.013086
172,91,0.019385
172,92,0.006881
172,93,0.012180
172,94,0.004398
172,95,0.008766
172,96,0.000312
172,97,0.047861
172,98,0.075919
172,99,0.052694
172,100,0.016862
172,101,0.062742
172,102,0.025700
172,103,0.018805
172,104,0.004027
172,105,0.014385
172,106,0.016313
172,107,0.051871
172,108,0.084682
172,109,0.041637
172,110,0.023711
172,111,0.067831
172,112,0.088605
172,113,0.001666
172,114,0.041474
172,115,0.052152
172,116,0.020094
172,117,0.002399
172,118,0.030544
172,119,0.048934
172,120,0.053669
172,121,0.025238
172,122,0.005596
172,123,0.018810
172,124,0.030056
172,125,0.001962
172,126,0.030763
172,127,0.072056
172,128,0.016427
172,129,0.055281
172,130,0.011739
172,131,0.021772
172,132,0.073205
172,133,0.053809
172,134,0.030809
172,135,0.089265
172,136,0.090733
172,137,0.096854
172,138,0.118666
172,139,0.101833
172,140,0.067632
172,141,0.047441
172,142,0.039894
172,143,0.083482
172,144,0.030223
172,145,0.047202
172,146,0.017823
172,147,0.011557
172,148,0.039524
172,149,0.088382
172,150,0.106646
172,151,0.091958
172,152,0.059864
172,153,0.021882
172,154,0.039971
172,155,0.001259
172,156,0.022247
172,157,0.018488
172,158,0.012335
172,159,0.008138
172,160,0.039533
172,161,0.116711
172,162,0.036061
172,163,0.083173
172,164,0.044389
172,165,0.017492
172,166,0.031294
172,167,0.016778
172,168,0.054070
172,169,0.018086
172,170,0.077897
172,171,0.012938
172,172,0.000000
172,173,0.043304
172,174,0.012634
172,175,0.021554
172,176,0.041468
172,177,0.054506
172,178,0.050078
172,179,0.028523
172,180,0.039842
172,181,0.076275
172,182,0.061277
172,183,0.034910
172,184,0.055119
172,185,0.024858
172,186,0.053831
172,187,0.038996
172,188,0.015611
172,189,0.003901
172,190,0.016702
172,191,0.000140
172,192,0.002531
172,193,0.005556
173,1,0.021736
173,2,0.027940
173,3,0.045634
173,4,0.039154
173,5,0.010303
173,6,0.036158
173,7,0.031096
173,8,0.127967
173,9,0.105831
173,10,0.057927
173,11,0.037770
173,12,0.000427
173,13,0.040270
173,14,0.006907
173,15,0.018274
173,16,0.028367
173,17,0.045544
173,18,0.023328
173,19,0.042154
173,20,0.007662
173,21,0.016829
173,22,0.013395
173,23,0.084832
173,24,0.088454
173,25,0.085220
173,26,0.069804
173,27,0.028013
173,28,0.008719
173,29,0.001572
173,30,0.044784
173,31,0.017758
173,32,0.013065
173,33,0.058046
173,34,0.074628
173,35,0.039687
173,36,0.023106
173,37,0.044898
173,38,0.066843
173,39,0.070971
173,40,0.066053
173,41,0.035436
173,42,0.046738
173,43,0.028245
173,44,0.041319
173,45,0.002988
173,46,0.003909
173,47,0.044767
173,48,0.009333
173,49,0.004230
173,50,0.017899
173,51,0.031497
173,52,0.046770
173,53,0.050778
173,54,0.038455
173,55,0.046841
173,56,0.038005
173,57,0.047200
173,58,0.015499
173,59,0.015537
173,60,0.038098
173,61,0.010441
173,62,0.010226
173,63,0.009772
173,64,0.028025
173,65,0.064597
173,66,0.062865
173,67,0.011297
173,68,0.049325
173,69,0.024615
173,70,0.024949
173,71,0.030396
173,72,0.015883
173,73,0.045674
173,74,0.065580
173,75,0.049134
173,76,0.008930
173,77,0.021350
173,78,0.068348
173,79,0.043915
173,80,0.075978
173,81,0.065878
173,82,0.065464
173,83,0.059424
173,84,0.047237
173,85,0.010802
173,86,0.006598
173,87,0.003338
173,88,0.017306
173,89,0.052620
173,90,0.044282
173,91,0.024659
173,92,0.029109
173,93,0.022008
173,94,0.029041
173,95,0.013451
173,96,0.048908
173,97,0.019958
173,98,0.007951
173,99,0.005375
173,100,0.024010
173,101,0.063281
173,102,0.002880
173,103,0.010505
173,104,0.002056
173,105,0.041470
173,106,0.038613
173,107,0.100031
173,108,0.102144
173,109,0.027917
173,110,0.010118
173,111,0.036782
173,112,0.054513
173,113,0.025271
173,114,0.063314
173,115,0.068706
173,116,0.029074
173,117,0.031548
173,118,0.061348
173,119,0.069413
173,120,0.080912
173,121,0.055461
173,122,0.026544
173,123,0.010751
173,124,0.031641
173,125,0.001463
173,126,0.027525
173,127,0.075872
173,128,0.016569
173,129,0.061938
173,130,0.045722
173,131,0.011370
173,132,0.021642
173,133,0.001677
173,134,0.025574
173,135,0.001768
173,136,0.013499
173,137,0.015267
173,138,0.000140
173,139,0.028680
173,140,0.004757
173,141,0.011025
173,142,0.010670
173,143,0.012959
173,144,0.041621
173,145,0.010379
173,146,0.053979
173,147,0.033727
173,148,0.050241
173,149,0.062093
173,150,0.074828
173,151,0.078254
173,152,0.061398
173,153,0.041360
173,154,0.060802
173,155,0.001157
173,156,0.016749
173,157,0.033878
173,158,0.007855
173,159,0.077416
173,160,0.008983
173,161,0.065143
173,162,0.039623
173,163,0.016466
173,164,0.000824
173,165,0.029445
173,166,0.003820
173,167,0.010009
173,168,0.015994
173,169,0.017483
173,170,0.082681
173,171,0.038627
173,172,0.043304
173,173,0.000000
173,174,0.017573
173,175,0.016187
173,176,0.047778
173,177,0.050956
173,178,0.039090
173,179,0.022892
173,180,0.024464
173,181,0.035244
173,182,0.031857
173,183,0.034805
173,184,0.044897
173,185,0.008103
173,186,0.044890
173,187,0.003441
173,188,0.003335
173,189,0.040132
173,190,0.034011
173,191,0.048173
173,192,0.063759
173,193,0.076622
174,1,0.034912
174,2,0.022555
174,3,0.007393
174,4,0.019708
174,5,0.046332
174,6,0.034445
174,7,0.050811
174,8,0.115175
174,9,0.106970
174,10,0.087580
174,11,0.052326
174,12,0.042810
174,13,0.009088
174,14,0.024417
174,15,0.003528
174,16,0.010108
174,17,0.011086
174,18,0.025632
174,19,0.076439
174,20,0.048023
174,21,0.009032
174,22,0.027858
174,23,0.107088
174,24,0.146853
174,25,0.088647
174,26,0.076522
174,27,0.012393
174,28,0.004860
174,29,0.040149
174,30,0.023993
174,31,0.004896
174,32,0.005328
174,33,0.032623
174,34,0.028636
174,35,0.015788
174,36,0.009473
174,37,0.007070
174,38,0.029634
174,39,0.037723
174,40,0.062565
174,41,0.045231
174,42,0.043188
174,43,0.018302
174,44,0.006958
174,45,0.010652
174,46,0.019942
174,47,0.071083
174,48,0.048858
174,49,0.048231
174,50,0.024835
174,51,0.012243
174,52,0.017160
174,53,0.058884
174,54,0.049791
174,55,0.043661
174,56,0.029507
174,57,0.041461
174,58,0.005966
174,59,0.004101
174,60,0.013556
174,61,0.010336
174,62,0.020636
174,63,0.055433
174,64,0.027425
174,65,0.077255
174,66,0.047425
174,67,0.006426
174,68,0.028561
174,69,0.052059
174,70,0.049227
174,71,0.060036
174,72,0.037457
174,73,0.075133
174,74,0.103575
174,75,0.083122
174,76,0.036691
174,77,0.062062
174,78,0.090644
174,79,0.045729
174,80,0.108963
174,81,0.111780
174,82,0.096648
174,83,0.091875
174,84,0.035065
174,85,0.001379
174,86,0.038935
174,87,0.002321
174,88,0.012358
174,89,0.062580
174,90,0.068724
174,91,0.034944
174,92,0.040418
174,93,0.021871
174,94,0.035256
174,95,0.003236
174,96,0.096447
174,97,0.053778
174,98,0.009459
174,99,0.013528
174,100,0.026443
174,101,0.046904
174,102,0.003060
174,103,0.006384
174,104,0.029661
174,105,0.029433
174,106,0.042836
174,107,0.138773
174,108,0.099508
174,109,0.043733
174,110,0.029693
174,111,0.067100
174,112,0.094582
174,113,0.003707
174,114,0.057723
174,115,0.055669
174,116,0.032990
174,117,0.038567
174,118,0.084759
174,119,0.087306
174,120,0.086983
174,121,0.088967
174,122,0.101375
174,123,0.064265
174,124,0.066190
174,125,0.005304
174,126,0.041198
174,127,0.091833
174,128,0.036630
174,129,0.075460
174,130,0.082309
174,131,0.006719
174,132,0.016672
174,133,0.009795
174,134,0.005629
174,135,0.000239
174,136,0.009817
174,137,0.013189
174,138,0.000910
174,139,0.018471
174,140,0.002464
174,141,0.010169
174,142,0.001261
174,143,0.001006
174,144,0.046461
174,145,0.035751
174,146,0.099020
174,147,0.051102
174,148,0.098309
174,149,0.066565
174,150,0.092652
174,151,0.077646
174,152,0.041305
174,153,0.048099
174,154,0.084891
174,155,0.004480
174,156,0.022141
174,157,0.020013
174,158,0.003501
174,159,0.066346
174,160,0.010261
174,161,0.065040
174,162,0.064914
174,163,0.000796
174,164,0.029024
174,165,0.047318
174,166,0.035982
174,167,0.033939
174,168,0.039800
174,169,0.050590
174,170,0.072712
174,171,0.034412
174,172,0.012634
174,173,0.017573
174,174,0.000000
174,175,0.022664
174,176,0.043765
174,177,0.069503
174,178,0.070505
174,179,0.060309
174,180,0.066115
174,181,0.054585
174,182,0.045064
174,183,0.064634
174,184,0.064875
174,185,0.018276
174,186,0.057702
174,187,0.047935
174,188,0.033785
174,189,0.042639
174,190,0.066593
174,191,0.087762
174,192,0.119637
174,193,0.135043
175,1,0.025873
175,2,0.004347
175,3,0.029517
175,4,0.032683
175,5,0.017172
175,6,0.054011
175,7,0.039645
175,8,0.057438
175,9,0.075091
175,10,0.020790
175,11,0.014648
175,12,0.027618
175,13,0.041252
175,14,0.049317
175,15,0.037597
175,16,0.038019
175,17,0.001329
175,18,0.021715
175,19,0.085569
175,20,0.029824
175,21,0.052258
175,22,0.100081
175,23,0.042959
175,24,0.134201
175,25,0.023405
175,26,0.043382
175,27,0.017589
175,28,0.016114
175,29,0.017563
175,30,0.015228
175,31,0.016973
175,32,0.040159
175,33,0.015365
175,34,0.013760
175,35,0.004555
175,36,0.020890
175,37,0.039828
175,38,0.035518
175,39,0.063502
175,40,0.073962
175,41,0.037224
175,42,0.074385
175,43,0.050149
175,44,0.032353
175,45,0.040373
175,46,0.032890
175,47,0.019873
175,48,0.005096
175,49,0.049167
175,50,0.032526
175,51,0.006507
175,52,0.008011
175,53,0.030776
175,54,0.056943
175,55,0.080901
175,56,0.056733
175,57,0.072986
175,58,0.044952
175,59,0.060755
175,60,0.047539
175,61,0.053430
175,62,0.085723
175,63,0.137335
175,64,0.073889
175,65,0.138102
175,66,0.103157
175,67,0.003066
175,68,0.041723
175,69,0.035562
175,70,0.008220
175,71,0.037829
175,72,0.045549
175,73,0.057370
175,74,0.086865
175,75,0.072831
175,76,0.010770
175,77,0.000887
175,78,0.019019
175,79,0.004703
175,80,0.060944
175,81,0.089340
175,82,0.045721
175,83,0.029732
175,84,0.040279
175,85,0.035519
175,86,0.048618
175,87,0.028747
175,88,0.026828
175,89,0.010438
175,90,0.009093
175,91,0.021309
175,92,0.003241
175,93,0.035652
175,94,0.070362
175,95,0.048506
175,96,0.030454
175,97,0.027207
175,98,0.022723
175,99,0.057247
175,100,0.069368
175,101,0.013203
175,102,0.062310
175,103,0.061697
175,104,0.014240
175,105,0.038851
175,106,0.014921
175,107,0.089733
175,108,0.042762
175,109,0.043315
175,110,0.041202
175,111,0.081682
175,112,0.091034
175,113,0.101440
175,114,0.009402
175,115,0.031664
175,116,0.010761
175,117,0.030152
175,118,0.088309
175,119,0.054824
175,120,0.063101
175,121,0.083105
175,122,0.109612
175,123,0.038921
175,124,0.026871
175,125,0.025442
175,126,0.077448
175,127,0.121418
175,128,0.030066
175,129,0.041680
175,130,0.068191
175,131,0.003997
175,132,0.031125
175,133,0.007404
175,134,0.017264
175,135,0.048524
175,136,0.021957
175,137,0.047077
175,138,0.064068
175,139,0.062036
175,140,0.045138
175,141,0.040741
175,142,0.027935
175,143,0.061940
175,144,0.014999
175,145,0.016871
175,146,0.031148
175,147,0.024357
175,148,0.061209
175,149,0.068330
175,150,0.083524
175,151,0.039618
175,152,0.029769
175,153,0.059763
175,154,0.045199
175,155,0.023701
175,156,0.051751
175,157,0.042259
175,158,0.003316
175,159,0.026072
175,160,0.011548
175,161,0.129522
175,162,0.022474
175,163,0.053134
175,164,0.023146
175,165,0.007596
175,166,0.016710
175,167,0.038467
175,168,0.039487
175,169,0.037156
175,170,0.058537
175,171,0.011072
175,172,0.021554
175,173,0.016187
175,174,0.022664
175,175,0.000000
175,176,0.057218
175,177,0.052366
175,178,0.069972
175,179,0.039198
175,180,0.050967
175,181,0.073526
175,182,0.046501
175,183,0.032024
175,184,0.047286
175,185,0.003531
175,186,0.032905
175,187,0.020149
175,188,0.006046
175,189,0.059767
175,190,0.006069
175,191,0.048961
175,192,0.074775
175,193,0.077216
176,1,0.036339
176,2,0.031142
176,3,0.010673
176,4,0.006735
176,5,0.068990
176,6,0.008124
176,7,0.064024
176,8,0.040726
176,9,0.098873
176,10,0.086004
176,11,0.077942
176,12,0.026202
176,13,0.052656
176,14,0.061335
176,15,0.064085
176,16,0.106206
176,17,0.017095
176,18,0.105848
176,19,0.135189
176,20,0.096661
176,21,0.024890
176,22,0.042222
176,23,0.089815
176,24,0.130674
176,25,0.041336
176,26,0.036500
176,27,0.024766
176,28,0.046133
176,29,0.001765
176,30,0.001239
176,31,0.016253
176,32,0.008693
176,33,0.040800
176,34,0.020177
176,35,0.019592
176,36,0.037396
176,37,0.041073
176,38,0.033876
176,39,0.018551
176,40,0.044906
176,41,0.019845
176,42,0.028935
176,43,0.019400
176,44,0.023126
176,45,0.026247
176,46,0.044121
176,47,0.044669
176,48,0.043176
176,49,0.082387
176,50,0.068420
176,51,0.069071
176,52,0.020611
176,53,0.044389
176,54,0.052728
176,55,0.060511
176,56,0.056533
176,57,0.067562
176,58,0.009862
176,59,0.040595
176,60,0.057237
176,61,0.066385
176,62,0.071387
176,63,0.085583
176,64,0.010316
176,65,0.006797
176,66,0.068388
176,67,0.009884
176,68,0.015895
176,69,0.044594
176,70,0.019067
176,71,0.029076
176,72,0.036677
176,73,0.037399
176,74,0.052039
176,75,0.030621
176,76,0.019538
176,77,0.006655
176,78,0.049243
176,79,0.019004
176,80,0.064255
176,81,0.064985
176,82,0.034636
176,83,0.066498
176,84,0.033569
176,85,0.028698
176,86,0.011557
176,87,0.002552
176,88,0.021183
176,89,0.047832
176,90,0.029970
176,91,0.010695
176,92,0.027692
176,93,0.023721
176,94,0.014906
176,95,0.015575
176,96,0.074063
176,97,0.070779
176,98,0.022900
176,99,0.008031
176,100,0.032059
176,101,0.074035
176,102,0.103430
176,103,0.112422
176,104,0.048093
176,105,0.091414
176,106,0.026730
176,107,0.042947
176,108,0.000526
176,109,0.009535
176,110,0.019574
176,111,0.095902
176,112,0.077498
176,113,0.129715
176,114,0.027061
176,115,0.018434
176,116,0.004538
176,117,0.012225
176,118,0.057218
176,119,0.050739
176,120,0.051151
176,121,0.111954
176,122,0.112453
176,123,0.001841
176,124,0.018096
176,125,0.022441
176,126,0.027759
176,127,0.015936
176,128,0.031184
176,129,0.045646
176,130,0.068426
176,131,0.063584
176,132,0.049988
176,133,0.054552
176,134,0.044605
176,135,0.039035
176,136,0.009559
176,137,0.010078
176,138,0.019100
176,139,0.026924
176,140,0.018216
176,141,0.032701
176,142,0.053123
176,143,0.033636
176,144,0.092527
176,145,0.059542
176,146,0.077771
176,147,0.019515
176,148,0.019199
176,149,0.022606
176,150,0.010624
176,151,0.027750
176,152,0.029809
176,153,0.034744
176,154,0.036622
176,155,0.069145
176,156,0.018778
176,157,0.015159
176,158,0.063335
176,159,0.000273
176,160,0.006162
176,161,0.098830
176,162,0.020053
176,163,0.002151
176,164,0.031329
176,165,0.035871
176,166,0.046141
176,167,0.038301
176,168,0.060848
176,169,0.062833
176,170,0.063979
176,171,0.014697
176,172,0.041468
176,173,0.047778
176,174,0.043765
176,175,0.057218
176,176,0.000000
176,177,0.069693
176,178,0.090656
176,179,0.096297
176,180,0.098010
176,181,0.065334
176,182,0.034772
176,183,0.058486
176,184,0.051806
176,185,0.036707
176,186,0.054063
176,187,0.040173
176,188,0.004913
176,189,0.037283
176,190,0.131178
176,191,0.138058
176,192,0.155967
176,193,0.168067
177,1,0.005549
177,2,0.009296
177,3,0.010645
177,4,0.015619
177,5,0.045795
177,6,0.006988
177,7,0.013910
177,8,0.060572
177,9,0.087964
177,10,0.080663
177,11,0.076337
177,12,0.017548
177,13,0.020217
177,14,0.004380
177,15,0.010025
177,16,0.040158
177,17,0.032592
177,18,0.095314
177,19,0.109335
177,20,0.083414
177,21,0.057576
177,22,0.005589
177,23,0.101486
177,24,0.162342
177,25,0.119779
177,26,0.090949
177,27,0.022208
177,28,0.034401
177,29,0.015602
177,30,0.014694
177,31,0.002069
177,32,0.003326
177,33,0.037992
177,34,0.029031
177,35,0.042506
177,36,0.044661
177,37,0.024641
177,38,0.034345
177,39,0.033268
177,40,0.045034
177,41,0.029819
177,42,0.052991
177,43,0.019998
177,44,0.047527
177,45,0.059394
177,46,0.061958
177,47,0.055035
177,48,0.031625
177,49,0.050183
177,50,0.050352
177,51,0.013690
177,52,0.001872
177,53,0.033237
177,54,0.007233
177,55,0.018007
177,56,0.006676
177,57,0.007250
177,58,0.022603
177,59,0.015998
177,60,0.011317
177,61,0.014330
177,62,0.038657
177,63,0.022500
177,64,0.059119
177,65,0.111593
177,66,0.011140
177,67,0.007190
177,68,0.005258
177,69,0.012644
177,70,0.012263
177,71,0.022888
177,72,0.018030
177,73,0.031539
177,74,0.040252
177,75,0.026826
177,76,0.019823
177,77,0.017430
177,78,0.057551
177,79,0.007574
177,80,0.043133
177,81,0.069264
177,82,0.058009
177,83,0.081426
177,84,0.060284
177,85,0.039793
177,86,0.056750
177,87,0.025328
177,88,0.055602
177,89,0.065100
177,90,0.057732
177,91,0.057535
177,92,0.046018
177,93,0.022164
177,94,0.022579
177,95,0.053331
177,96,0.034884
177,97,0.071600
177,98,0.052710
177,99,0.020690
177,100,0.013228
177,101,0.011624
177,102,0.064534
177,103,0.063412
177,104,0.034341
177,105,0.062805
177,106,0.056843
177,107,0.098010
177,108,0.048391
177,109,0.030874
177,110,0.032033
177,111,0.034546
177,112,0.036940
177,113,0.049959
177,114,0.081873
177,115,0.061296
177,116,0.074039
177,117,0.057208
177,118,0.125962
177,119,0.125309
177,120,0.094851
177,121,0.122423
177,122,0.064250
177,123,0.039543
177,124,0.047652
177,125,0.083118
177,126,0.127323
177,127,0.087846
177,128,0.057628
177,129,0.062114
177,130,0.085314
177,131,0.096024
177,132,0.103395
177,133,0.110051
177,134,0.078031
177,135,0.100763
177,136,0.063326
177,137,0.057450
177,138,0.067437
177,139,0.051633
177,140,0.005764
177,141,0.005848
177,142,0.049348
177,143,0.075467
177,144,0.113784
177,145,0.073455
177,146,0.073858
177,147,0.013015
177,148,0.052594
177,149,0.010883
177,150,0.013153
177,151,0.008599
177,152,0.030778
177,153,0.079492
177,154,0.068037
177,155,0.077918
177,156,0.041594
177,157,0.046787
177,158,0.043718
177,159,0.019626
177,160,0.002087
177,161,0.047844
177,162,0.027369
177,163,0.005212
177,164,0.023205
177,165,0.055548
177,166,0.047868
177,167,0.060211
177,168,0.055418
177,169,0.042602
177,170,0.020595
177,171,0.000323
177,172,0.054506
177,173,0.050956
177,174,0.069503
177,175,0.052366
177,176,0.069693
177,177,0.000000
177,178,0.045661
177,179,0.066269
177,180,0.079237
177,181,0.063062
177,182,0.013884
177,183,0.036527
177,184,0.021449
177,185,0.013022
177,186,0.036467
177,187,0.067706
177,188,0.019320
177,189,0.015992
177,190,0.157995
177,191,0.126574
177,192,0.124532
177,193,0.137881
178,1,0.032057
178,2,0.016003
178,3,0.027820
178,4,0.032624
178,5,0.030704
178,6,0.040463
178,7,0.009613
178,8,0.064488
178,9,0.077583
178,10,0.088710
178,11,0.071576
178,12,0.020265
178,13,0.016702
178,14,0.006189
178,15,0.008898
178,16,0.041586
178,17,0.010798
178,18,0.106955
178,19,0.126612
178,20,0.125624
178,21,0.066118
178,22,0.018165
178,23,0.107983
178,24,0.176409
178,25,0.113414
178,26,0.110803
178,27,0.017946
178,28,0.036446
178,29,0.023073
178,30,0.003906
178,31,0.000514
178,32,0.025423
178,33,0.043183
178,34,0.053376
178,35,0.046901
178,36,0.028508
178,37,0.019679
178,38,0.051407
178,39,0.016424
178,40,0.075324
178,41,0.055466
178,42,0.057001
178,43,0.040972
178,44,0.038415
178,45,0.055258
178,46,0.048013
178,47,0.027735
178,48,0.023221
178,49,0.033557
178,50,0.036546
178,51,0.006473
178,52,0.019505
178,53,0.027614
178,54,0.029208
178,55,0.040637
178,56,0.026606
178,57,0.009412
178,58,0.041274
178,59,0.017208
178,60,0.010379
178,61,0.016594
178,62,0.049086
178,63,0.024321
178,64,0.093819
178,65,0.103701
178,66,0.008417
178,67,0.001691
178,68,0.002489
178,69,0.014538
178,70,0.013483
178,71,0.005636
178,72,0.015989
178,73,0.011019
178,74,0.026869
178,75,0.008585
178,76,0.049069
178,77,0.002369
178,78,0.058811
178,79,0.013551
178,80,0.033438
178,81,0.043839
178,82,0.061720
178,83,0.068815
178,84,0.059355
178,85,0.038859
178,86,0.073185
178,87,0.054129
178,88,0.078783
178,89,0.080099
178,90,0.084434
178,91,0.071347
178,92,0.084164
178,93,0.062939
178,94,0.016958
178,95,0.027668
178,96,0.063123
178,97,0.077013
178,98,0.058388
178,99,0.034024
178,100,0.003394
178,101,0.052915
178,102,0.072787
178,103,0.058915
178,104,0.001668
178,105,0.108786
178,106,0.038696
178,107,0.078523
178,108,0.051067
178,109,0.037800
178,110,0.049038
178,111,0.026475
178,112,0.051311
178,113,0.037618
178,114,0.099133
178,115,0.086223
178,116,0.088589
178,117,0.073065
178,118,0.123751
178,119,0.141305
178,120,0.116516
178,121,0.157593
178,122,0.103578
178,123,0.011745
178,124,0.005866
178,125,0.095201
178,126,0.119419
178,127,0.072953
178,128,0.038094
178,129,0.031021
178,130,0.065986
178,131,0.075601
178,132,0.089486
178,133,0.102933
178,134,0.095070
178,135,0.120705
178,136,0.084305
178,137,0.051766
178,138,0.067274
178,139,0.066466
178,140,0.008635
178,141,0.000580
178,142,0.066637
178,143,0.083977
178,144,0.108826
178,145,0.084588
178,146,0.075358
178,147,0.003193
178,148,0.035162
178,149,0.043002
178,150,0.035846
178,151,0.044828
178,152,0.023549
178,153,0.085142
178,154,0.106073
178,155,0.096619
178,156,0.044754
178,157,0.074655
178,158,0.063070
178,159,0.063608
178,160,0.042439
178,161,0.079774
178,162,0.007393
178,163,0.010602
178,164,0.012368
178,165,0.054675
178,166,0.043855
178,167,0.037092
178,168,0.041960
178,169,0.026371
178,170,0.013307
178,171,0.017234
178,172,0.050078
178,173,0.039090
178,174,0.070505
178,175,0.069972
178,176,0.090656
178,177,0.045661
178,178,0.000000
178,179,0.068934
178,180,0.093733
178,181,0.060162
178,182,0.000633
178,183,0.037767
178,184,0.026678
178,185,0.026297
178,186,0.050790
178,187,0.074281
178,188,0.014014
178,189,0.009947
178,190,0.170471
178,191,0.143959
178,192,0.157039
178,193,0.168031
179,1,0.028159
179,2,0.014361
179,3,0.015946
179,4,0.023375
179,5,0.011539
179,6,0.045959
179,7,0.018383
179,8,0.042354
179,9,0.050980
179,10,0.067340
179,11,0.064051
179,12,0.011341
179,13,0.001195
179,14,0.026142
179,15,0.010363
179,16,0.047969
179,17,0.020755
179,18,0.094169
179,19,0.098373
179,20,0.093365
179,21,0.031290
179,22,0.032909
179,23,0.086680
179,24,0.144071
179,25,0.122467
179,26,0.110791
179,27,0.017744
179,28,0.026277
179,29,0.006053
179,30,0.002494
179,31,0.008514
179,32,0.030768
179,33,0.043933
179,34,0.035613
179,35,0.040114
179,36,0.028037
179,37,0.026613
179,38,0.042706
179,39,0.019239
179,40,0.050742
179,41,0.028561
179,42,0.041346
179,43,0.039964
179,44,0.018717
179,45,0.042335
179,46,0.029106
179,47,0.012053
179,48,0.007622
179,49,0.007678
179,50,0.021879
179,51,0.024952
179,52,0.039908
179,53,0.011066
179,54,0.018509
179,55,0.027718
179,56,0.020644
179,57,0.006707
179,58,0.028315
179,59,0.010245
179,60,0.023040
179,61,0.012314
179,62,0.019625
179,63,0.008703
179,64,0.063449
179,65,0.059909
179,66,0.017808
179,67,0.008762
179,68,0.002785
179,69,0.016073
179,70,0.007122
179,71,0.001724
179,72,0.024136
179,73,0.012017
179,74,0.023545
179,75,0.008560
179,76,0.045600
179,77,0.000867
179,78,0.047255
179,79,0.019447
179,80,0.026067
179,81,0.041400
179,82,0.054706
179,83,0.049810
179,84,0.026279
179,85,0.000599
179,86,0.050943
179,87,0.023842
179,88,0.055738
179,89,0.057138
179,90,0.055908
179,91,0.058401
179,92,0.067976
179,93,0.047174
179,94,0.038224
179,95,0.029492
179,96,0.071106
179,97,0.038807
179,98,0.020881
179,99,0.024422
179,100,0.004092
179,101,0.035228
179,102,0.049942
179,103,0.039250
179,104,0.014704
179,105,0.089117
179,106,0.035642
179,107,0.055027
179,108,0.058198
179,109,0.047428
179,110,0.056995
179,111,0.012578
179,112,0.055482
179,113,0.001574
179,114,0.091725
179,115,0.102331
179,116,0.097681
179,117,0.085136
179,118,0.136351
179,119,0.152710
179,120,0.134834
179,121,0.165334
179,122,0.102119
179,123,0.004664
179,124,0.016498
179,125,0.098659
179,126,0.119004
179,127,0.086181
179,128,0.048397
179,129,0.027967
179,130,0.064348
179,131,0.044437
179,132,0.062248
179,133,0.080883
179,134,0.060858
179,135,0.072220
179,136,0.047239
179,137,0.029246
179,138,0.042358
179,139,0.048108
179,140,0.002775
179,141,0.021110
179,142,0.050948
179,143,0.063435
179,144,0.085903
179,145,0.048176
179,146,0.059057
179,147,0.001771
179,148,0.023702
179,149,0.028607
179,150,0.008896
179,151,0.034665
179,152,0.026425
179,153,0.082428
179,154,0.097824
179,155,0.088104
179,156,0.046605
179,157,0.072889
179,158,0.053441
179,159,0.084216
179,160,0.056982
179,161,0.083697
179,162,0.029349
179,163,0.033160
179,164,0.011946
179,165,0.016136
179,166,0.034049
179,167,0.028207
179,168,0.012577
179,169,0.012121
179,170,0.006723
179,171,0.028047
179,172,0.028523
179,173,0.022892
179,174,0.060309
179,175,0.039198
179,176,0.096297
179,177,0.066269
179,178,0.068934
179,179,0.000000
179,180,0.038836
179,181,0.048243
179,182,0.010839
179,183,0.031511
179,184,0.032574
179,185,0.025387
179,186,0.040342
179,187,0.049097
179,188,0.011606
179,189,0.026761
179,190,0.113520
179,191,0.099566
179,192,0.098343
179,193,0.122507
180,1,0.004169
180,2,0.021404
180,3,0.036531
180,4,0.027591
180,5,0.004387
180,6,0.069005
180,7,0.046298
180,8,0.007694
180,9,0.031082
180,10,0.036531
180,11,0.028176
180,12,0.016736
180,13,0.010049
180,14,0.023256
180,15,0.013173
180,16,0.058038
180,17,0.017538
180,18,0.066972
180,19,0.070993
180,20,0.040584
180,21,0.021124
180,22,0.065769
180,23,0.080659
180,24,0.151409
180,25,0.104941
180,26,0.073356
180,27,0.022999
180,28,0.036408
180,29,0.015382
180,30,0.038479
180,31,0.054079
180,32,0.050486
180,33,0.068097
180,34,0.059870
180,35,0.054534
180,36,0.050545
180,37,0.046573
180,38,0.071497
180,39,0.020865
180,40,0.080972
180,41,0.074417
180,42,0.091623
180,43,0.072228
180,44,0.000579
180,45,0.032325
180,46,0.016307
180,47,0.003420
180,48,0.008468
180,49,0.007681
180,50,0.016088
180,51,0.042101
180,52,0.024711
180,53,0.004650
180,54,0.001532
180,55,0.005144
180,56,0.015222
180,57,0.019049
180,58,0.007331
180,59,0.005076
180,60,0.034922
180,61,0.003168
180,62,0.003310
180,63,0.005285
180,64,0.012376
180,65,0.049634
180,66,0.007065
180,67,0.013920
180,68,0.037673
180,69,0.000222
180,70,0.012754
180,71,0.034419
180,72,0.023481
180,73,0.010279
180,74,0.024391
180,75,0.000079
180,76,0.054264
180,77,0.009250
180,78,0.031831
180,79,0.000049
180,80,0.019378
180,81,0.053116
180,82,0.053486
180,83,0.048117
180,84,0.019444
180,85,0.011763
180,86,0.018861
180,87,0.010995
180,88,0.000674
180,89,0.013826
180,90,0.028313
180,91,0.029251
180,92,0.040719
180,93,0.030329
180,94,0.010429
180,95,0.057946
180,96,0.033507
180,97,0.034449
180,98,0.004729
180,99,0.007853
180,100,0.003736
180,101,0.061502
180,102,0.098413
180,103,0.092367
180,104,0.005735
180,105,0.092911
180,106,0.010486
180,107,0.071782
180,108,0.062559
180,109,0.070993
180,110,0.073812
180,111,0.020096
180,112,0.051736
180,113,0.021728
180,114,0.080899
180,115,0.058154
180,116,0.079057
180,117,0.062423
180,118,0.111016
180,119,0.100056
180,120,0.087022
180,121,0.140532
180,122,0.119389
180,123,0.027383
180,124,0.023541
180,125,0.074800
180,126,0.095387
180,127,0.058868
180,128,0.050487
180,129,0.044553
180,130,0.077321
180,131,0.061214
180,132,0.080804
180,133,0.090184
180,134,0.065617
180,135,0.055242
180,136,0.027576
180,137,0.013905
180,138,0.002889
180,139,0.008328
180,140,0.044484
180,141,0.017083
180,142,0.013482
180,143,0.027756
180,144,0.070366
180,145,0.031774
180,146,0.042908
180,147,0.009970
180,148,0.045838
180,149,0.030961
180,150,0.011700
180,151,0.025530
180,152,0.040671
180,153,0.063039
180,154,0.060873
180,155,0.081337
180,156,0.044639
180,157,0.052737
180,158,0.040150
180,159,0.043382
180,160,0.033354
180,161,0.079989
180,162,0.006368
180,163,0.000390
180,164,0.008337
180,165,0.030250
180,166,0.016251
180,167,0.017031
180,168,0.026858
180,169,0.018157
180,170,0.014220
180,171,0.012026
180,172,0.039842
180,173,0.024464
180,174,0.066115
180,175,0.050967
180,176,0.098010
180,177,0.079237
180,178,0.093733
180,179,0.038836
180,180,0.000000
180,181,0.029771
180,182,0.014927
180,183,0.019108
180,184,0.034942
180,185,0.018245
180,186,0.049011
180,187,0.060486
180,188,0.009570
180,189,0.004747
180,190,0.109612
180,191,0.108486
180,192,0.117741
180,193,0.146911
181,1,0.024697
181,2,0.043031
181,3,0.026492
181,4,0.003865
181,5,0.034190
181,6,0.092697
181,7,0.034689
181,8,0.034714
181,9,0.037315
181,10,0.079426
181,11,0.065070
181,12,0.015446
181,13,0.017715
181,14,0.034098
181,15,0.044731
181,16,0.002457
181,17,0.018289
181,18,0.055772
181,19,0.103548
181,20,0.074578
181,21,0.011305
181,22,0.063912
181,23,0.101205
181,24,0.188954
181,25,0.073046
181,26,0.053984
181,27,0.071593
181,28,0.086368
181,29,0.057325
181,30,0.092421
181,31,0.072635
181,32,0.084677
181,33,0.073426
181,34,0.083744
181,35,0.039689
181,36,0.025025
181,37,0.029669
181,38,0.075279
181,39,0.046584
181,40,0.096885
181,41,0.112873
181,42,0.121825
181,43,0.106358
181,44,0.010494
181,45,0.039524
181,46,0.042330
181,47,0.029890
181,48,0.002591
181,49,0.032983
181,50,0.031563
181,51,0.029853
181,52,0.002076
181,53,0.048097
181,54,0.008123
181,55,0.001021
181,56,0.037065
181,57,0.038569
181,58,0.025545
181,59,0.046161
181,60,0.033484
181,61,0.014133
181,62,0.022074
181,63,0.013609
181,64,0.015578
181,65,0.000982
181,66,0.047096
181,67,0.018282
181,68,0.034451
181,69,0.022035
181,70,0.045300
181,71,0.119848
181,72,0.053316
181,73,0.048918
181,74,0.047937
181,75,0.000748
181,76,0.065217
181,77,0.015214
181,78,0.006398
181,79,0.032415
181,80,0.018652
181,81,0.028674
181,82,0.050218
181,83,0.052566
181,84,0.026658
181,85,0.000847
181,86,0.006624
181,87,0.009734
181,88,0.030338
181,89,0.039032
181,90,0.040682
181,91,0.040864
181,92,0.065293
181,93,0.060721
181,94,0.040033
181,95,0.019407
181,96,0.069826
181,97,0.089694
181,98,0.060147
181,99,0.038864
181,100,0.019724
181,101,0.052738
181,102,0.130396
181,103,0.125138
181,104,0.004934
181,105,0.094727
181,106,0.032217
181,107,0.142182
181,108,0.070491
181,109,0.022870
181,110,0.035720
181,111,0.032784
181,112,0.070265
181,113,0.041145
181,114,0.094711
181,115,0.057035
181,116,0.026712
181,117,0.019468
181,118,0.027050
181,119,0.037713
181,120,0.048738
181,121,0.050740
181,122,0.072358
181,123,0.055957
181,124,0.063860
181,125,0.019421
181,126,0.034227
181,127,0.098655
181,128,0.003956
181,129,0.038695
181,130,0.062546
181,131,0.056808
181,132,0.072199
181,133,0.093272
181,134,0.083633
181,135,0.079989
181,136,0.054580
181,137,0.012922
181,138,0.019388
181,139,0.003629
181,140,0.033714
181,141,0.039936
181,142,0.027583
181,143,0.048841
181,144,0.117840
181,145,0.104890
181,146,0.121982
181,147,0.024930
181,148,0.013957
181,149,0.036472
181,150,0.013638
181,151,0.010864
181,152,0.020318
181,153,0.011370
181,154,0.009275
181,155,0.004854
181,156,0.007554
181,157,0.002567
181,158,0.009222
181,159,0.020386
181,160,0.008231
181,161,0.073173
181,162,0.012454
181,163,0.009958
181,164,0.003826
181,165,0.035924
181,166,0.015525
181,167,0.018321
181,168,0.078803
181,169,0.039923
181,170,0.008145
181,171,0.005860
181,172,0.076275
181,173,0.035244
181,174,0.054585
181,175,0.073526
181,176,0.065334
181,177,0.063062
181,178,0.060162
181,179,0.048243
181,180,0.029771
181,181,0.000000
181,182,0.002013
181,183,0.003711
181,184,0.031742
181,185,0.020853
181,186,0.055378
181,187,0.056239
181,188,0.039126
181,189,0.012120
181,190,0.141848
181,191,0.144782
181,192,0.168310
181,193,0.169854
182,1,0.041154
182,2,0.069924
182,3,0.039112
182,4,0.008563
182,5,0.015729
182,6,0.082688
182,7,0.039331
182,8,0.015563
182,9,0.014195
182,10,0.039600
182,11,0.024710
182,12,0.015812
182,13,0.008892
182,14,0.043883
182,15,0.034953
182,16,0.008682
182,17,0.020889
182,18,0.027877
182,19,0.055126
182,20,0.034972
182,21,0.002648
182,22,0.070660
182,23,0.030969
182,24,0.122101
182,25,0.018790
182,26,0.000230
182,27,0.074906
182,28,0.081474
182,29,0.071269
182,30,0.098664
182,31,0.077952
182,32,0.090968
182,33,0.087489
182,34,0.095981
182,35,0.032853
182,36,0.021376
182,37,0.022942
182,38,0.059292
182,39,0.042066
182,40,0.092052
182,41,0.102847
182,42,0.080965
182,43,0.075388
182,44,0.015109
182,45,0.016283
182,46,0.020954
182,47,0.005024
182,48,0.018994
182,49,0.033268
182,50,0.042051
182,51,0.024742
182,52,0.006992
182,53,0.040692
182,54,0.026297
182,55,0.036283
182,56,0.056938
182,57,0.050196
182,58,0.015120
182,59,0.043431
182,60,0.055865
182,61,0.010472
182,62,0.002068
182,63,0.008836
182,64,0.009997
182,65,0.050411
182,66,0.050280
182,67,0.026621
182,68,0.023936
182,69,0.027678
182,70,0.055058
182,71,0.088149
182,72,0.024104
182,73,0.034981
182,74,0.025131
182,75,0.008674
182,76,0.068780
182,77,0.042535
182,78,0.014323
182,79,0.037473
182,80,0.026715
182,81,0.013701
182,82,0.022170
182,83,0.037952
182,84,0.014419
182,85,0.015583
182,86,0.021774
182,87,0.035632
182,88,0.015245
182,89,0.005887
182,90,0.002210
182,91,0.014122
182,92,0.040370
182,93,0.033870
182,94,0.004965
182,95,0.018363
182,96,0.051630
182,97,0.065218
182,98,0.040271
182,99,0.032012
182,100,0.000420
182,101,0.026829
182,102,0.102691
182,103,0.098943
182,104,0.015552
182,105,0.069636
182,106,0.007950
182,107,0.085760
182,108,0.055325
182,109,0.019068
182,110,0.024587
182,111,0.006019
182,112,0.030220
182,113,0.025523
182,114,0.066902
182,115,0.020618
182,116,0.010084
182,117,0.011583
182,118,0.005555
182,119,0.015995
182,120,0.006679
182,121,0.005381
182,122,0.020506
182,123,0.045839
182,124,0.042727
182,125,0.024573
182,126,0.069817
182,127,0.126735
182,128,0.017673
182,129,0.001938
182,130,0.004680
182,131,0.021334
182,132,0.046564
182,133,0.064367
182,134,0.080059
182,135,0.079865
182,136,0.078235
182,137,0.042981
182,138,0.030252
182,139,0.033586
182,140,0.000540
182,141,0.026698
182,142,0.031232
182,143,0.037120
182,144,0.063093
182,145,0.070832
182,146,0.080890
182,147,0.009354
182,148,0.010197
182,149,0.034703
182,150,0.016646
182,151,0.011136
182,152,0.035599
182,153,0.022340
182,154,0.004212
182,155,0.012582
182,156,0.011847
182,157,0.007013
182,158,0.018086
182,159,0.020452
182,160,0.011258
182,161,0.091015
182,162,0.016935
182,163,0.013536
182,164,0.004329
182,165,0.030086
182,166,0.026605
182,167,0.036114
182,168,0.083311
182,169,0.038585
182,170,0.011341
182,171,0.021825
182,172,0.061277
182,173,0.031857
182,174,0.045064
182,175,0.046501
182,176,0.034772
182,177,0.013884
182,178,0.000633
182,179,0.010839
182,180,0.014927
182,181,0.002013
182,182,0.000000
182,183,0.026147
182,184,0.039445
182,185,0.018748
182,186,0.040435
182,187,0.022935
182,188,0.012917
182,189,0.034520
182,190,0.069978
182,191,0.097150
182,192,0.106446
182,193,0.100176
183,1,0.037694
183,2,0.043528
183,3,0.033770
183,4,0.000482
183,5,0.026312
183,6,0.079189
183,7,0.067254
183,8,0.030652
183,9,0.007292
183,10,0.045503
183,11,0.030956
183,12,0.012985
183,13,0.039498
183,14,0.101095
183,15,0.076900
183,16,0.032486
183,17,0.059406
183,18,0.053131
183,19,0.081256
183,20,0.057139
183,21,0.034983
183,22,0.047821
183,23,0.023534
183,24,0.136732
183,25,0.024524
183,26,0.042271
183,27,0.047307
183,28,0.047752
183,29,0.038941
183,30,0.078065
183,31,0.062650
183,32,0.071027
183,33,0.102010
183,34,0.088479
183,35,0.023282
183,36,0.027211
183,37,0.008908
183,38,0.017176
183,39,0.011241
183,40,0.074193
183,41,0.075282
183,42,0.083923
183,43,0.063096
183,44,0.035623
183,45,0.013669
183,46,0.039395
183,47,0.011719
183,48,0.027080
183,49,0.089401
183,50,0.070683
183,51,0.002815
183,52,0.016426
183,53,0.018325
183,54,0.012171
183,55,0.018447
183,56,0.035913
183,57,0.053831
183,58,0.019069
183,59,0.032915
183,60,0.030014
183,61,0.004571
183,62,0.009452
183,63,0.006952
183,64,0.013285
183,65,0.043909
183,66,0.027850
183,67,0.003201
183,68,0.009043
183,69,0.053300
183,70,0.045385
183,71,0.090422
183,72,0.009630
183,73,0.039647
183,74,0.037052
183,75,0.007816
183,76,0.060406
183,77,0.019007
183,78,0.011035
183,79,0.048014
183,80,0.008224
183,81,0.026085
183,82,0.018122
183,83,0.044912
183,84,0.039910
183,85,0.001608
183,86,0.011953
183,87,0.025180
183,88,0.001402
183,89,0.016312
183,90,0.029605
183,91,0.062599
183,92,0.073832
183,93,0.034423
183,94,0.005724
183,95,0.026044
183,96,0.065937
183,97,0.094447
183,98,0.070879
183,99,0.056035
183,100,0.000722
183,101,0.039298
183,102,0.083014
183,103,0.076579
183,104,0.003796
183,105,0.064969
183,106,0.022889
183,107,0.123757
183,108,0.093921
183,109,0.000174
183,110,0.021654
183,111,0.030241
183,112,0.059314
183,113,0.044275
183,114,0.069281
183,115,0.007207
183,116,0.015537
183,117,0.011106
183,118,0.010814
183,119,0.017425
183,120,0.010681
183,121,0.018965
183,122,0.045750
183,123,0.052076
183,124,0.031049
183,125,0.042240
183,126,0.102082
183,127,0.135202
183,128,0.026574
183,129,0.002520
183,130,0.007267
183,131,0.032141
183,132,0.042795
183,133,0.082356
183,134,0.103234
183,135,0.086133
183,136,0.082292
183,137,0.039741
183,138,0.042817
183,139,0.037349
183,140,0.011246
183,141,0.014326
183,142,0.062220
183,143,0.057559
183,144,0.079054
183,145,0.081559
183,146,0.086688
183,147,0.006258
183,148,0.030519
183,149,0.006313
183,150,0.006719
183,151,0.027614
183,152,0.027481
183,153,0.011857
183,154,0.007798
183,155,0.002814
183,156,0.019241
183,157,0.003173
183,158,0.022153
183,159,0.007434
183,160,0.017064
183,161,0.057636
183,162,0.021443
183,163,0.017935
183,164,0.023800
183,165,0.047184
183,166,0.003908
183,167,0.031167
183,168,0.101184
183,169,0.029048
183,170,0.017867
183,171,0.055664
183,172,0.034910
183,173,0.034805
183,174,0.064634
183,175,0.032024
183,176,0.058486
183,177,0.036527
183,178,0.037767
183,179,0.031511
183,180,0.019108
183,181,0.003711
183,182,0.026147
183,183,0.000000
183,184,0.021710
183,185,0.036342
183,186,0.013494
183,187,0.011939
183,188,0.006763
183,189,0.041519
183,190,0.079382
183,191,0.115422
183,192,0.137349
183,193,0.138461
184,1,0.017855
184,2,0.021944
184,3,0.051657
184,4,0.022795
184,5,0.028705
184,6,0.039999
184,7,0.005237
184,8,0.093290
184,9,0.051247
184,10,0.071697
184,11,0.036771
184,12,0.011674
184,13,0.056705
184,14,0.090037
184,15,0.064117
184,16,0.037414
184,17,0.058619
184,18,0.044219
184,19,0.100337
184,20,0.087707
184,21,0.067724
184,22,0.010391
184,23,0.044641
184,24,0.123821
184,25,0.046472
184,26,0.060891
184,27,0.038549
184,28,0.021836
184,29,0.019228
184,30,0.039275
184,31,0.016114
184,32,0.018263
184,33,0.059391
184,34,0.053998
184,35,0.022754
184,36,0.008609
184,37,0.002474
184,38,0.005967
184,39,0.001312
184,40,0.067272
184,41,0.051399
184,42,0.044424
184,43,0.037859
184,44,0.027658
184,45,0.010814
184,46,0.039698
184,47,0.043813
184,48,0.060067
184,49,0.092440
184,50,0.064543
184,51,0.007904
184,52,0.029265
184,53,0.022831
184,54,0.019619
184,55,0.004179
184,56,0.001924
184,57,0.006592
184,58,0.008520
184,59,0.016847
184,60,0.032794
184,61,0.010104
184,62,0.005674
184,63,0.027505
184,64,0.007772
184,65,0.032353
184,66,0.000177
184,67,0.013043
184,68,0.028647
184,69,0.062999
184,70,0.040104
184,71,0.084825
184,72,0.013764
184,73,0.053321
184,74,0.036491
184,75,0.005934
184,76,0.013896
184,77,0.006882
184,78,0.000361
184,79,0.005037
184,80,0.021646
184,81,0.003908
184,82,0.044659
184,83,0.070366
184,84,0.057277
184,85,0.036245
184,86,0.003518
184,87,0.017104
184,88,0.045181
184,89,0.046272
184,90,0.047491
184,91,0.062788
184,92,0.068710
184,93,0.009385
184,94,0.018616
184,95,0.029323
184,96,0.085247
184,97,0.086342
184,98,0.068960
184,99,0.070534
184,100,0.024431
184,101,0.021094
184,102,0.032275
184,103,0.034338
184,104,0.019575
184,105,0.057636
184,106,0.036491
184,107,0.102772
184,108,0.105094
184,109,0.026983
184,110,0.003530
184,111,0.029374
184,112,0.069222
184,113,0.004834
184,114,0.097394
184,115,0.059842
184,116,0.045600
184,117,0.013460
184,118,0.015018
184,119,0.024256
184,120,0.003687
184,121,0.007664
184,122,0.046537
184,123,0.036978
184,124,0.012343
184,125,0.052378
184,126,0.102996
184,127,0.124016
184,128,0.001719
184,129,0.011928
184,130,0.007118
184,131,0.057065
184,132,0.037067
184,133,0.049698
184,134,0.085696
184,135,0.068949
184,136,0.065959
184,137,0.041568
184,138,0.043501
184,139,0.031913
184,140,0.016507
184,141,0.009376
184,142,0.032457
184,143,0.038597
184,144,0.061536
184,145,0.059245
184,146,0.056982
184,147,0.005595
184,148,0.034301
184,149,0.003819
184,150,0.003537
184,151,0.029043
184,152,0.028297
184,153,0.023395
184,154,0.029987
184,155,0.039510
184,156,0.017487
184,157,0.023257
184,158,0.034001
184,159,0.008191
184,160,0.007742
184,161,0.051059
184,162,0.030504
184,163,0.000923
184,164,0.002081
184,165,0.008903
184,166,0.017614
184,167,0.012654
184,168,0.094372
184,169,0.033736
184,170,0.003739
184,171,0.013286
184,172,0.055119
184,173,0.044897
184,174,0.064875
184,175,0.047286
184,176,0.051806
184,177,0.021449
184,178,0.026678
184,179,0.032574
184,180,0.034942
184,181,0.031742
184,182,0.039445
184,183,0.021710
184,184,0.000000
184,185,0.010938
184,186,0.013318
184,187,0.004841
184,188,0.020657
184,189,0.051884
184,190,0.074690
184,191,0.117248
184,192,0.137739
184,193,0.135447
185,1,0.056486
185,2,0.081083
185,3,0.119921
185,4,0.099130
185,5,0.071628
185,6,0.106832
185,7,0.095464
185,8,0.055252
185,9,0.075251
185,10,0.060934
185,11,0.081745
185,12,0.045353
185,13,0.001683
185,14,0.058750
185,15,0.043904
185,16,0.021269
185,17,0.060505
185,18,0.033376
185,19,0.050182
185,20,0.033400
185,21,0.013693
185,22,0.093269
185,23,0.012321
185,24,0.097752
185,25,0.001013
185,26,0.018061
185,27,0.022102
185,28,0.034198
185,29,0.055919
185,30,0.073016
185,31,0.078686
185,32,0.075025
185,33,0.104534
185,34,0.084765
185,35,0.002489
185,36,0.016067
185,37,0.024877
185,38,0.000137
185,39,0.005092
185,40,0.083030
185,41,0.147273
185,42,0.118342
185,43,0.079694
185,44,0.024469
185,45,0.026017
185,46,0.024836
185,47,0.025422
185,48,0.018586
185,49,0.061870
185,50,0.069779
185,51,0.013111
185,52,0.035519
185,53,0.006637
185,54,0.001837
185,55,0.049203
185,56,0.061491
185,57,0.084474
185,58,0.034359
185,59,0.075702
185,60,0.077570
185,61,0.056771
185,62,0.048819
185,63,0.022576
185,64,0.020310
185,65,0.094914
185,66,0.036545
185,67,0.040338
185,68,0.026818
185,69,0.003881
185,70,0.031206
185,71,0.087975
185,72,0.013342
185,73,0.050455
185,74,0.043175
185,75,0.006605
185,76,0.032536
185,77,0.032029
185,78,0.033203
185,79,0.033487
185,80,0.022098
185,81,0.023482
185,82,0.025128
185,83,0.026057
185,84,0.011874
185,85,0.025636
185,86,0.053342
185,87,0.062616
185,88,0.052424
185,89,0.043931
185,90,0.039866
185,91,0.028734
185,92,0.001556
185,93,0.013254
185,94,0.009824
185,95,0.001016
185,96,0.005934
185,97,0.048742
185,98,0.007782
185,99,0.007838
185,100,0.016804
185,101,0.082424
185,102,0.106520
185,103,0.090136
185,104,0.023232
185,105,0.043548
185,106,0.001271
185,107,0.083867
185,108,0.034756
185,109,0.026644
185,110,0.004454
185,111,0.050115
185,112,0.073851
185,113,0.028240
185,114,0.037841
185,115,0.016689
185,116,0.006443
185,117,0.024064
185,118,0.018111
185,119,0.012274
185,120,0.016491
185,121,0.010507
185,122,0.002403
185,123,0.055076
185,124,0.048579
185,125,0.015688
185,126,0.073088
185,127,0.106087
185,128,0.037629
185,129,0.015856
185,130,0.016752
185,131,0.018961
185,132,0.038912
185,133,0.055242
185,134,0.064204
185,135,0.013834
185,136,0.024619
185,137,0.002188
185,138,0.022374
185,139,0.017171
185,140,0.017362
185,141,0.034223
185,142,0.041724
185,143,0.006134
185,144,0.035023
185,145,0.042670
185,146,0.054615
185,147,0.008644
185,148,0.065293
185,149,0.005724
185,150,0.006220
185,151,0.015984
185,152,0.019110
185,153,0.022325
185,154,0.013817
185,155,0.012556
185,156,0.026710
185,157,0.024742
185,158,0.029841
185,159,0.014457
185,160,0.015302
185,161,0.043166
185,162,0.016678
185,163,0.003762
185,164,0.002629
185,165,0.000982
185,166,0.008068
185,167,0.001629
185,168,0.066507
185,169,0.024606
185,170,0.049990
185,171,0.061002
185,172,0.024858
185,173,0.008103
185,174,0.018276
185,175,0.003531
185,176,0.036707
185,177,0.013022
185,178,0.026297
185,179,0.025387
185,180,0.018245
185,181,0.020853
185,182,0.018748
185,183,0.036342
185,184,0.010938
185,185,0.000000
185,186,0.008735
185,187,0.018477
185,188,0.029414
185,189,0.042476
185,190,0.031335
185,191,0.061876
185,192,0.061397
185,193,0.075098
186,1,0.075147
186,2,0.083585
186,3,0.098602
186,4,0.090257
186,5,0.018731
186,6,0.079346
186,7,0.066930
186,8,0.035031
186,9,0.001347
186,10,0.019976
186,11,0.014919
186,12,0.015648
186,13,0.004561
186,14,0.065456
186,15,0.063788
186,16,0.037325
186,17,0.022608
186,18,0.061971
186,19,0.095795
186,20,0.093916
186,21,0.043553
186,22,0.015659
186,23,0.091768
186,24,0.143313
186,25,0.056213
186,26,0.077970
186,27,0.039975
186,28,0.023577
186,29,0.011480
186,30,0.072509
186,31,0.050684
186,32,0.048611
186,33,0.082682
186,34,0.065978
186,35,0.009538
186,36,0.021651
186,37,0.041877
186,38,0.001957
186,39,0.022685
186,40,0.102487
186,41,0.133477
186,42,0.117258
186,43,0.058334
186,44,0.054699
186,45,0.030245
186,46,0.004996
186,47,0.029290
186,48,0.058695
186,49,0.085753
186,50,0.066607
186,51,0.002153
186,52,0.038253
186,53,0.014656
186,54,0.021914
186,55,0.026332
186,56,0.036185
186,57,0.051905
186,58,0.005015
186,59,0.056060
186,60,0.069050
186,61,0.018060
186,62,0.030885
186,63,0.000080
186,64,0.022239
186,65,0.066311
186,66,0.029516
186,67,0.017511
186,68,0.014175
186,69,0.063578
186,70,0.066015
186,71,0.111034
186,72,0.052984
186,73,0.052708
186,74,0.055742
186,75,0.000208
186,76,0.019494
186,77,0.002841
186,78,0.011783
186,79,0.032398
186,80,0.001296
186,81,0.013131
186,82,0.067341
186,83,0.064962
186,84,0.048727
186,85,0.020193
186,86,0.012313
186,87,0.027690
186,88,0.001782
186,89,0.022204
186,90,0.024130
186,91,0.034565
186,92,0.062073
186,93,0.049642
186,94,0.020571
186,95,0.019259
186,96,0.085207
186,97,0.072454
186,98,0.037696
186,99,0.021259
186,100,0.004410
186,101,0.015243
186,102,0.061598
186,103,0.064672
186,104,0.009329
186,105,0.023574
186,106,0.077007
186,107,0.146899
186,108,0.089126
186,109,0.003666
186,110,0.032268
186,111,0.028244
186,112,0.071402
186,113,0.029023
186,114,0.110199
186,115,0.054978
186,116,0.056567
186,117,0.019017
186,118,0.003136
186,119,0.025735
186,120,0.018230
186,121,0.005521
186,122,0.002401
186,123,0.058555
186,124,0.034266
186,125,0.007992
186,126,0.071397
186,127,0.115300
186,128,0.005841
186,129,0.035695
186,130,0.051237
186,131,0.065165
186,132,0.064553
186,133,0.080653
186,134,0.103822
186,135,0.075700
186,136,0.060823
186,137,0.046624
186,138,0.034275
186,139,0.022542
186,140,0.012777
186,141,0.008617
186,142,0.045731
186,143,0.031460
186,144,0.075762
186,145,0.074495
186,146,0.079490
186,147,0.021700
186,148,0.086016
186,149,0.000997
186,150,0.033908
186,151,0.044060
186,152,0.047433
186,153,0.027983
186,154,0.026689
186,155,0.009947
186,156,0.006519
186,157,0.008928
186,158,0.028463
186,159,0.014595
186,160,0.020183
186,161,0.021718
186,162,0.011894
186,163,0.002317
186,164,0.008146
186,165,0.005915
186,166,0.008327
186,167,0.037763
186,168,0.107655
186,169,0.035423
186,170,0.015692
186,171,0.035161
186,172,0.053831
186,173,0.044890
186,174,0.057702
186,175,0.032905
186,176,0.054063
186,177,0.036467
186,178,0.050790
186,179,0.040342
186,180,0.049011
186,181,0.055378
186,182,0.040435
186,183,0.013494
186,184,0.013318
186,185,0.008735
186,186,0.000000
186,187,0.021963
186,188,0.078957
186,189,0.043719
186,190,0.107268
186,191,0.133434
186,192,0.116051
186,193,0.110127
187,1,0.011600
187,2,0.054764
187,3,0.104116
187,4,0.099307
187,5,0.062844
187,6,0.123005
187,7,0.129951
187,8,0.054025
187,9,0.051233
187,10,0.039902
187,11,0.035565
187,12,0.033747
187,13,0.005649
187,14,0.076999
187,15,0.049288
187,16,0.030581
187,17,0.081558
187,18,0.018896
187,19,0.067516
187,20,0.041861
187,21,0.028387
187,22,0.066416
187,23,0.051405
187,24,0.093576
187,25,0.050882
187,26,0.027757
187,27,0.056711
187,28,0.038137
187,29,0.009503
187,30,0.028780
187,31,0.025695
187,32,0.037171
187,33,0.040011
187,34,0.031307
187,35,0.046539
187,36,0.033127
187,37,0.059052
187,38,0.032898
187,39,0.046238
187,40,0.140912
187,41,0.147008
187,42,0.101454
187,43,0.055358
187,44,0.034127
187,45,0.017414
187,46,0.004520
187,47,0.019693
187,48,0.012686
187,49,0.024778
187,50,0.019935
187,51,0.026707
187,52,0.050322
187,53,0.011663
187,54,0.002316
187,55,0.036418
187,56,0.046457
187,57,0.070886
187,58,0.043784
187,59,0.067462
187,60,0.063181
187,61,0.069843
187,62,0.060383
187,63,0.030340
187,64,0.038385
187,65,0.090155
187,66,0.036131
187,67,0.067934
187,68,0.064493
187,69,0.023139
187,70,0.006514
187,71,0.096119
187,72,0.044560
187,73,0.062833
187,74,0.039122
187,75,0.006605
187,76,0.005755
187,77,0.003270
187,78,0.010971
187,79,0.040569
187,80,0.007485
187,81,0.008385
187,82,0.025468
187,83,0.047463
187,84,0.031070
187,85,0.016775
187,86,0.019444
187,87,0.040470
187,88,0.017130
187,89,0.005322
187,90,0.012148
187,91,0.002618
187,92,0.039142
187,93,0.023228
187,94,0.023724
187,95,0.009432
187,96,0.020962
187,97,0.059223
187,98,0.000413
187,99,0.018762
187,100,0.022527
187,101,0.032812
187,102,0.051979
187,103,0.022575
187,104,0.003949
187,105,0.020649
187,106,0.049085
187,107,0.112447
187,108,0.056805
187,109,0.029575
187,110,0.033706
187,111,0.030508
187,112,0.066741
187,113,0.016543
187,114,0.072665
187,115,0.018081
187,116,0.023902
187,117,0.015203
187,118,0.014693
187,119,0.001725
187,120,0.032875
187,121,0.006415
187,122,0.043027
187,123,0.074976
187,124,0.039561
187,125,0.011897
187,126,0.031465
187,127,0.066581
187,128,0.015966
187,129,0.032784
187,130,0.040939
187,131,0.034910
187,132,0.047907
187,133,0.057476
187,134,0.069391
187,135,0.042240
187,136,0.036353
187,137,0.014034
187,138,0.000176
187,139,0.022157
187,140,0.001936
187,141,0.026355
187,142,0.047182
187,143,0.028251
187,144,0.073970
187,145,0.075362
187,146,0.083960
187,147,0.026598
187,148,0.078823
187,149,0.017952
187,150,0.038389
187,151,0.020394
187,152,0.025782
187,153,0.050708
187,154,0.031288
187,155,0.005274
187,156,0.018001
187,157,0.040195
187,158,0.010730
187,159,0.004840
187,160,0.019556
187,161,0.014791
187,162,0.006756
187,163,0.001982
187,164,0.012576
187,165,0.009780
187,166,0.001718
187,167,0.031589
187,168,0.065267
187,169,0.051152
187,170,0.006446
187,171,0.000363
187,172,0.038996
187,173,0.003441
187,174,0.047935
187,175,0.020149
187,176,0.040173
187,177,0.067706
187,178,0.074281
187,179,0.049097
187,180,0.060486
187,181,0.056239
187,182,0.022935
187,183,0.011939
187,184,0.004841
187,185,0.018477
187,186,0.021963
187,187,0.000000
187,188,0.057025
187,189,0.015004
187,190,0.106990
187,191,0.097643
187,192,0.058881
187,193,0.059982
188,1,0.104059
188,2,0.122073
188,3,0.154528
188,4,0.120472
188,5,0.083477
188,6,0.171858
188,7,0.120829
188,8,0.060904
188,9,0.073814
188,10,0.044713
188,11,0.027106
188,12,0.019160
188,13,0.003221
188,14,0.041930
188,15,0.000785
188,16,0.026507
188,17,0.140398
188,18,0.001551
188,19,0.043223
188,20,0.005220
188,21,0.034630
188,22,0.096224
188,23,0.014488
188,24,0.081767
188,25,0.025928
188,26,0.001912
188,27,0.066740
188,28,0.070211
188,29,0.053096
188,30,0.045210
188,31,0.004635
188,32,0.038465
188,33,0.014078
188,34,0.035924
188,35,0.033977
188,36,0.006608
188,37,0.023498
188,38,0.006234
188,39,0.049532
188,40,0.161685
188,41,0.152913
188,42,0.118198
188,43,0.079345
188,44,0.038068
188,45,0.025730
188,46,0.065132
188,47,0.073401
188,48,0.060366
188,49,0.018593
188,50,0.012408
188,51,0.045688
188,52,0.088271
188,53,0.024027
188,54,0.014081
188,55,0.061196
188,56,0.077082
188,57,0.086287
188,58,0.059290
188,59,0.062466
188,60,0.098136
188,61,0.139554
188,62,0.110323
188,63,0.085083
188,64,0.111167
188,65,0.174793
188,66,0.020109
188,67,0.090580
188,68,0.074407
188,69,0.020360
188,70,0.103134
188,71,0.035409
188,72,0.045505
188,73,0.026565
188,74,0.023053
188,75,0.024021
188,76,0.002520
188,77,0.029187
188,78,0.039428
188,79,0.012970
188,80,0.063612
188,81,0.023801
188,82,0.034453
188,83,0.054140
188,84,0.029521
188,85,0.005778
188,86,0.067837
188,87,0.088750
188,88,0.025052
188,89,0.059924
188,90,0.039889
188,91,0.015884
188,92,0.026179
188,93,0.067070
188,94,0.044247
188,95,0.033154
188,96,0.033940
188,97,0.007262
188,98,0.060409
188,99,0.038923
188,100,0.018977
188,101,0.025564
188,102,0.038314
188,103,0.016723
188,104,0.001969
188,105,0.040125
188,106,0.001083
188,107,0.090148
188,108,0.000379
188,109,0.040952
188,110,0.073813
188,111,0.028713
188,112,0.075459
188,113,0.009832
188,114,0.060510
188,115,0.019144
188,116,0.021216
188,117,0.019276
188,118,0.007195
188,119,0.004712
188,120,0.033861
188,121,0.025506
188,122,0.002203
188,123,0.038484
188,124,0.004065
188,125,0.036393
188,126,0.036591
188,127,0.022053
188,128,0.035366
188,129,0.025536
188,130,0.030803
188,131,0.010772
188,132,0.020018
188,133,0.002682
188,134,0.019246
188,135,0.002927
188,136,0.013977
188,137,0.015474
188,138,0.037092
188,139,0.016958
188,140,0.025520
188,141,0.006155
188,142,0.018610
188,143,0.075780
188,144,0.041261
188,145,0.070118
188,146,0.030504
188,147,0.025338
188,148,0.001864
188,149,0.015816
188,150,0.022986
188,151,0.048345
188,152,0.028595
188,153,0.005674
188,154,0.014941
188,155,0.061139
188,156,0.014290
188,157,0.030216
188,158,0.073971
188,159,0.025226
188,160,0.072151
188,161,0.055676
188,162,0.042239
188,163,0.034393
188,164,0.015144
188,165,0.023456
188,166,0.036451
188,167,0.008962
188,168,0.047040
188,169,0.012320
188,170,0.058464
188,171,0.021218
188,172,0.015611
188,173,0.003335
188,174,0.033785
188,175,0.006046
188,176,0.004913
188,177,0.019320
188,178,0.014014
188,179,0.011606
188,180,0.009570
188,181,0.039126
188,182,0.012917
188,183,0.006763
188,184,0.020657
188,185,0.029414
188,186,0.078957
188,187,0.057025
188,188,0.000000
188,189,0.029387
188,190,0.008786
188,191,0.020091
188,192,0.042991
188,193,0.052676
189,1,0.102258
189,2,0.089939
189,3,0.109510
189,4,0.079446
189,5,0.051823
189,6,0.119612
189,7,0.058515
189,8,0.005472
189,9,0.016704
189,10,0.031464
189,11,0.055569
189,12,0.003628
189,13,0.057926
189,14,0.102559
189,15,0.156807
189,16,0.168819
189,17,0.124235
189,18,0.030094
189,19,0.007248
189,20,0.009025
189,21,0.031598
189,22,0.043251
189,23,0.056062
189,24,0.113356
189,25,0.068749
189,26,0.118403
189,27,0.021281
189,28,0.042360
189,29,0.041095
189,30,0.018710
189,31,0.007294
189,32,0.058603
189,33,0.043788
189,34,0.021411
189,35,0.062325
189,36,0.022834
189,37,0.009531
189,38,0.031511
189,39,0.004071
189,40,0.105905
189,41,0.080874
189,42,0.041558
189,43,0.022272
189,44,0.014709
189,45,0.048588
189,46,0.086857
189,47,0.028082
189,48,0.030417
189,49,0.020486
189,50,0.026235
189,51,0.038936
189,52,0.053604
189,53,0.025787
189,54,0.049033
189,55,0.071631
189,56,0.068839
189,57,0.048463
189,58,0.028350
189,59,0.000847
189,60,0.072010
189,61,0.092557
189,62,0.045675
189,63,0.044068
189,64,0.119358
189,65,0.144089
189,66,0.001294
189,67,0.145126
189,68,0.055405
189,69,0.034102
189,70,0.155069
189,71,0.031485
189,72,0.028185
189,73,0.013846
189,74,0.030346
189,75,0.048553
189,76,0.050163
189,77,0.085135
189,78,0.079135
189,79,0.062043
189,80,0.102988
189,81,0.068021
189,82,0.066142
189,83,0.060008
189,84,0.053955
189,85,0.007247
189,86,0.038199
189,87,0.077700
189,88,0.034038
189,89,0.041993
189,90,0.042821
189,91,0.011398
189,92,0.035410
189,93,0.110067
189,94,0.050252
189,95,0.040743
189,96,0.015364
189,97,0.009039
189,98,0.002045
189,99,0.024968
189,100,0.052248
189,101,0.037862
189,102,0.005808
189,103,0.046984
189,104,0.047979
189,105,0.031391
189,106,0.029995
189,107,0.006258
189,108,0.000639
189,109,0.091229
189,110,0.035012
189,111,0.041736
189,112,0.012376
189,113,0.000834
189,114,0.076480
189,115,0.041302
189,116,0.031494
189,117,0.006324
189,118,0.008809
189,119,0.011592
189,120,0.006796
189,121,0.004736
189,122,0.058070
189,123,0.028465
189,124,0.028586
189,125,0.010044
189,126,0.034821
189,127,0.059066
189,128,0.038855
189,129,0.024416
189,130,0.027911
189,131,0.005318
189,132,0.016795
189,133,0.028560
189,134,0.025457
189,135,0.026058
189,136,0.044191
189,137,0.010782
189,138,0.005102
189,139,0.035699
189,140,0.062903
189,141,0.069544
189,142,0.088464
189,143,0.075666
189,144,0.080958
189,145,0.137460
189,146,0.117131
189,147,0.112065
189,148,0.043001
189,149,0.012343
189,150,0.013965
189,151,0.050365
189,152,0.046634
189,153,0.019433
189,154,0.029414
189,155,0.069868
189,156,0.038789
189,157,0.043461
189,158,0.043116
189,159,0.008669
189,160,0.041049
189,161,0.052169
189,162,0.003376
189,163,0.013209
189,164,0.007378
189,165,0.004871
189,166,0.011329
189,167,0.003460
189,168,0.011838
189,169,0.020628
189,170,0.058731
189,171,0.042584
189,172,0.003901
189,173,0.040132
189,174,0.042639
189,175,0.059767
189,176,0.037283
189,177,0.015992
189,178,0.009947
189,179,0.026761
189,180,0.004747
189,181,0.012120
189,182,0.034520
189,183,0.041519
189,184,0.051884
189,185,0.042476
189,186,0.043719
189,187,0.015004
189,188,0.029387
189,189,0.000000
189,190,0.070957
189,191,0.036638
189,192,0.012681
189,193,0.005725
190,1,0.009819
190,2,0.008854
190,3,0.027305
190,4,0.006052
190,5,0.212055
190,6,0.092702
190,7,0.139432
190,8,0.205188
190,9,0.219314
190,10,0.296890
190,11,0.272777
190,12,0.111896
190,13,0.051085
190,14,0.033742
190,15,0.043305
190,16,0.039693
190,17,0.063229
190,18,0.246696
190,19,0.338690
190,20,0.327943
190,21,0.231635
190,22,0.091193
190,23,0.195341
190,24,0.245127
190,25,0.151246
190,26,0.181998
190,27,0.022575
190,28,0.103354
190,29,0.104216
190,30,0.038946
190,31,0.082016
190,32,0.051916
190,33,0.013863
190,34,0.011300
190,35,0.032971
190,36,0.060388
190,37,0.066546
190,38,0.057443
190,39,0.086837
190,40,0.048816
190,41,0.000324
190,42,0.008989
190,43,0.145538
190,44,0.191435
190,45,0.055692
190,46,0.056506
190,47,0.203889
190,48,0.218800
190,49,0.298052
190,50,0.174110
190,51,0.108778
190,52,0.036553
190,53,0.106525
190,54,0.064988
190,55,0.033044
190,56,0.050919
190,57,0.001911
190,58,0.096233
190,59,0.009172
190,60,0.026729
190,61,0.027726
190,62,0.036452
190,63,0.057139
190,64,0.071577
190,65,0.033819
190,66,0.006547
190,67,0.023439
190,68,0.024074
190,69,0.049052
190,70,0.009974
190,71,0.057938
190,72,0.020210
190,73,0.033943
190,74,0.067310
190,75,0.007448
190,76,0.001113
190,77,0.077512
190,78,0.046495
190,79,0.019562
190,80,0.134932
190,81,0.091210
190,82,0.115485
190,83,0.184256
190,84,0.148135
190,85,0.100009
190,86,0.024157
190,87,0.057124
190,88,0.149419
190,89,0.173006
190,90,0.173343
190,91,0.159014
190,92,0.211405
190,93,0.109378
190,94,0.024947
190,95,0.039710
190,96,0.183990
190,97,0.255902
190,98,0.222645
190,99,0.168316
190,100,0.120668
190,101,0.057756
190,102,0.070816
190,103,0.103702
190,104,0.233222
190,105,0.020900
190,106,0.210719
190,107,0.286384
190,108,0.142693
190,109,0.042895
190,110,0.008798
190,111,0.133925
190,112,0.166914
190,113,0.091223
190,114,0.118131
190,115,0.046855
190,116,0.060191
190,117,0.090055
190,118,0.148505
190,119,0.173332
190,120,0.046792
190,121,0.038982
190,122,0.010801
190,123,0.028785
190,124,0.017323
190,125,0.105443
190,126,0.071990
190,127,0.045689
190,128,0.189094
190,129,0.165143
190,130,0.192013
190,131,0.226067
190,132,0.179029
190,133,0.207390
190,134,0.212620
190,135,0.138406
190,136,0.093469
190,137,0.104425
190,138,0.059368
190,139,0.071407
190,140,0.063524
190,141,0.058498
190,142,0.028205
190,143,0.024473
190,144,0.062406
190,145,0.082068
190,146,0.156236
190,147,0.045653
190,148,0.011357
190,149,0.027269
190,150,0.054806
190,151,0.076082
190,152,0.096072
190,153,0.031126
190,154,0.041644
190,155,0.029034
190,156,0.005080
190,157,0.007800
190,158,0.040550
190,159,0.033615
190,160,0.051384
190,161,0.092495
190,162,0.037164
190,163,0.026292
190,164,0.036555
190,165,0.027993
190,166,0.133623
190,167,0.179925
190,168,0.282121
190,169,0.097047
190,170,0.001170
190,171,0.086795
190,172,0.016702
190,173,0.034011
190,174,0.066593
190,175,0.006069
190,176,0.131178
190,177,0.157995
190,178,0.170471
190,179,0.113520
190,180,0.109612
190,181,0.141848
190,182,0.069978
190,183,0.079382
190,184,0.074690
190,185,0.031335
190,186,0.107268
190,187,0.106990
190,188,0.008786
190,189,0.070957
190,190,0.000000
190,191,0.106220
190,192,0.290265
190,193,0.371499
191,1,0.006946
191,2,0.056044
191,3,0.029426
191,4,0.041299
191,5,0.262576
191,6,0.155576
191,7,0.182633
191,8,0.303796
191,9,0.275209
191,10,0.350009
191,11,0.334786
191,12,0.169753
191,13,0.097955
191,14,0.098635
191,15,0.148233
191,16,0.071197
191,17,0.131221
191,18,0.276060
191,19,0.369358
191,20,0.386374
191,21,0.309607
191,22,0.194364
191,23,0.240872
191,24,0.292323
191,25,0.185372
191,26,0.226057
191,27,0.026163
191,28,0.147740
191,29,0.178083
191,30,0.104340
191,31,0.158391
191,32,0.052283
191,33,0.000392
191,34,0.049163
191,35,0.076120
191,36,0.100393
191,37,0.103791
191,38,0.067799
191,39,0.120744
191,40,0.004066
191,41,0.049982
191,42,0.065812
191,43,0.195312
191,44,0.216939
191,45,0.042287
191,46,0.103841
191,47,0.287345
191,48,0.287156
191,49,0.322635
191,50,0.180671
191,51,0.141517
191,52,0.056038
191,53,0.136682
191,54,0.094771
191,55,0.111657
191,56,0.145476
191,57,0.071893
191,58,0.136567
191,59,0.051497
191,60,0.006799
191,61,0.054874
191,62,0.063079
191,63,0.104979
191,64,0.148088
191,65,0.076742
191,66,0.048402
191,67,0.059991
191,68,0.061189
191,69,0.074608
191,70,0.076483
191,71,0.117745
191,72,0.069161
191,73,0.085219
191,74,0.114427
191,75,0.053878
191,76,0.057577
191,77,0.126904
191,78,0.068361
191,79,0.003318
191,80,0.151630
191,81,0.140387
191,82,0.177321
191,83,0.259183
191,84,0.223210
191,85,0.194784
191,86,0.106714
191,87,0.147953
191,88,0.235174
191,89,0.275608
191,90,0.268213
191,91,0.238913
191,92,0.285128
191,93,0.161789
191,94,0.052403
191,95,0.002138
191,96,0.265156
191,97,0.279033
191,98,0.257474
191,99,0.230005
191,100,0.180297
191,101,0.018140
191,102,0.021432
191,103,0.054175
191,104,0.280840
191,105,0.051055
191,106,0.278857
191,107,0.321972
191,108,0.183708
191,109,0.041903
191,110,0.020336
191,111,0.121558
191,112,0.173142
191,113,0.031211
191,114,0.132781
191,115,0.046291
191,116,0.045702
191,117,0.099959
191,118,0.137049
191,119,0.176185
191,120,0.049168
191,121,0.025254
191,122,0.019305
191,123,0.012621
191,124,0.016881
191,125,0.087342
191,126,0.031748
191,127,0.000296
191,128,0.168347
191,129,0.178035
191,130,0.237841
191,131,0.261934
191,132,0.226468
191,133,0.270002
191,134,0.270011
191,135,0.199910
191,136,0.149636
191,137,0.154284
191,138,0.119814
191,139,0.010852
191,140,0.096621
191,141,0.078891
191,142,0.018253
191,143,0.092096
191,144,0.129502
191,145,0.176195
191,146,0.242337
191,147,0.005530
191,148,0.064290
191,149,0.080081
191,150,0.099419
191,151,0.103007
191,152,0.110920
191,153,0.051379
191,154,0.067192
191,155,0.058591
191,156,0.048378
191,157,0.044533
191,158,0.000402
191,159,0.096995
191,160,0.078441
191,161,0.035917
191,162,0.010938
191,163,0.025207
191,164,0.010348
191,165,0.075029
191,166,0.146267
191,167,0.227616
191,168,0.300981
191,169,0.137855
191,170,0.022151
191,171,0.074109
191,172,0.000140
191,173,0.048173
191,174,0.087762
191,175,0.048961
191,176,0.138058
191,177,0.126574
191,178,0.143959
191,179,0.099566
191,180,0.108486
191,181,0.144782
191,182,0.097150
191,183,0.115422
191,184,0.117248
191,185,0.061876
191,186,0.133434
191,187,0.097643
191,188,0.020091
191,189,0.036638
191,190,0.106220
191,191,0.000000
191,192,0.105557
191,193,0.251472
192,1,0.013809
192,2,0.058993
192,3,0.035903
192,4,0.063120
192,5,0.317136
192,6,0.215781
192,7,0.237565
192,8,0.412080
192,9,0.352511
192,10,0.410537
192,11,0.382515
192,12,0.208519
192,13,0.143203
192,14,0.151883
192,15,0.207679
192,16,0.134298
192,17,0.146878
192,18,0.307197
192,19,0.431815
192,20,0.468571
192,21,0.397199
192,22,0.293210
192,23,0.299950
192,24,0.337100
192,25,0.230114
192,26,0.269229
192,27,0.043539
192,28,0.206377
192,29,0.248301
192,30,0.157166
192,31,0.206615
192,32,0.094331
192,33,0.003652
192,34,0.044508
192,35,0.075670
192,36,0.097811
192,37,0.119595
192,38,0.067006
192,39,0.121518
192,40,0.016460
192,41,0.053848
192,42,0.097853
192,43,0.241543
192,44,0.242318
192,45,0.075071
192,46,0.162302
192,47,0.383018
192,48,0.363888
192,49,0.355749
192,50,0.188599
192,51,0.154523
192,52,0.088391
192,53,0.160076
192,54,0.130122
192,55,0.158803
192,56,0.204689
192,57,0.117360
192,58,0.176054
192,59,0.093098
192,60,0.030373
192,61,0.106675
192,62,0.103258
192,63,0.170354
192,64,0.209860
192,65,0.120394
192,66,0.068209
192,67,0.069223
192,68,0.071593
192,69,0.086172
192,70,0.096359
192,71,0.165151
192,72,0.111378
192,73,0.130200
192,74,0.160697
192,75,0.094718
192,76,0.092987
192,77,0.176307
192,78,0.126066
192,79,0.039295
192,80,0.202894
192,81,0.204114
192,82,0.243587
192,83,0.313460
192,84,0.293985
192,85,0.261561
192,86,0.171007
192,87,0.230868
192,88,0.325976
192,89,0.383583
192,90,0.359738
192,91,0.309052
192,92,0.336840
192,93,0.208819
192,94,0.088107
192,95,0.013386
192,96,0.340614
192,97,0.319173
192,98,0.296853
192,99,0.286363
192,100,0.210335
192,101,0.079157
192,102,0.111281
192,103,0.026034
192,104,0.347931
192,105,0.117296
192,106,0.367043
192,107,0.376247
192,108,0.224230
192,109,0.046300
192,110,0.043541
192,111,0.103766
192,112,0.177378
192,113,0.012639
192,114,0.193272
192,115,0.092898
192,116,0.089817
192,117,0.152795
192,118,0.183752
192,119,0.206431
192,120,0.083509
192,121,0.056547
192,122,0.008659
192,123,0.041325
192,124,0.074289
192,125,0.100033
192,126,0.061050
192,127,0.015627
192,128,0.188656
192,129,0.223475
192,130,0.297649
192,131,0.310815
192,132,0.272372
192,133,0.319713
192,134,0.306611
192,135,0.257776
192,136,0.187594
192,137,0.162329
192,138,0.143504
192,139,0.030672
192,140,0.091458
192,141,0.065338
192,142,0.050268
192,143,0.145891
192,144,0.188183
192,145,0.221658
192,146,0.303236
192,147,0.058713
192,148,0.096307
192,149,0.087883
192,150,0.108762
192,151,0.127451
192,152,0.108131
192,153,0.045431
192,154,0.082259
192,155,0.064018
192,156,0.035408
192,157,0.032261
192,158,0.000708
192,159,0.154491
192,160,0.099245
192,161,0.014322
192,162,0.050133
192,163,0.087854
192,164,0.049645
192,165,0.131949
192,166,0.196920
192,167,0.263201
192,168,0.305216
192,169,0.141135
192,170,0.015257
192,171,0.080288
192,172,0.002531
192,173,0.063759
192,174,0.119637
192,175,0.074775
192,176,0.155967
192,177,0.124532
192,178,0.157039
192,179,0.098343
192,180,0.117741
192,181,0.168310
192,182,0.106446
192,183,0.137349
192,184,0.137739
192,185,0.061397
192,186,0.116051
192,187,0.058881
192,188,0.042991
192,189,0.012681
192,190,0.290265
192,191,0.105557
192,192,0.000000
192,193,0.134303
193,1,0.034783
193,2,0.067052
193,3,0.050272
193,4,0.092966
193,5,0.348301
193,6,0.249059
193,7,0.256098
193,8,0.358758
193,9,0.348128
193,10,0.411346
193,11,0.372536
193,12,0.179473
193,13,0.126217
193,14,0.103269
193,15,0.165649
193,16,0.091291
193,17,0.127998
193,18,0.301849
193,19,0.405457
193,20,0.458858
193,21,0.405238
193,22,0.283747
193,23,0.297475
193,24,0.311108
193,25,0.210398
193,26,0.280078
193,27,0.020251
193,28,0.162047
193,29,0.224765
193,30,0.157959
193,31,0.184738
193,32,0.083409
193,33,0.016374
193,34,0.048615
193,35,0.081995
193,36,0.094505
193,37,0.114280
193,38,0.070002
193,39,0.124845
193,40,0.001204
193,41,0.077250
193,42,0.087031
193,43,0.227275
193,44,0.238342
193,45,0.070854
193,46,0.153623
193,47,0.364421
193,48,0.350775
193,49,0.343113
193,50,0.186816
193,51,0.145114
193,52,0.086125
193,53,0.133244
193,54,0.119474
193,55,0.164176
193,56,0.215786
193,57,0.138233
193,58,0.211120
193,59,0.123818
193,60,0.058602
193,61,0.148718
193,62,0.149236
193,63,0.216043
193,64,0.244059
193,65,0.163264
193,66,0.129726
193,67,0.098610
193,68,0.136517
193,69,0.085362
193,70,0.121704
193,71,0.183645
193,72,0.123488
193,73,0.129162
193,74,0.164553
193,75,0.074176
193,76,0.068666
193,77,0.172134
193,78,0.121683
193,79,0.017302
193,80,0.186675
193,81,0.205973
193,82,0.208398
193,83,0.273790
193,84,0.239375
193,85,0.217583
193,86,0.178510
193,87,0.224597
193,88,0.309713
193,89,0.362550
193,90,0.352651
193,91,0.302336
193,92,0.327181
193,93,0.212895
193,94,0.088875
193,95,0.036431
193,96,0.302443
193,97,0.332524
193,98,0.303809
193,99,0.270321
193,100,0.186603
193,101,0.055219
193,102,0.077444
193,103,0.005774
193,104,0.322804
193,105,0.095274
193,106,0.347989
193,107,0.339837
193,108,0.192338
193,109,0.061917
193,110,0.053239
193,111,0.085689
193,112,0.138205
193,113,0.027786
193,114,0.183787
193,115,0.100715
193,116,0.110797
193,117,0.160067
193,118,0.186228
193,119,0.226467
193,120,0.078400
193,121,0.049373
193,122,0.015197
193,123,0.030932
193,124,0.076025
193,125,0.129919
193,126,0.107917
193,127,0.062529
193,128,0.203542
193,129,0.239959
193,130,0.293569
193,131,0.301674
193,132,0.273862
193,133,0.300613
193,134,0.302750
193,135,0.265790
193,136,0.205804
193,137,0.167139
193,138,0.159884
193,139,0.064638
193,140,0.105869
193,141,0.071288
193,142,0.084987
193,143,0.168428
193,144,0.209667
193,145,0.229837
193,146,0.298131
193,147,0.041699
193,148,0.071866
193,149,0.090833
193,150,0.105517
193,151,0.106522
193,152,0.083702
193,153,0.055702
193,154,0.084715
193,155,0.063590
193,156,0.053103
193,157,0.061656
193,158,0.020125
193,159,0.120424
193,160,0.076107
193,161,0.024193
193,162,0.014914
193,163,0.058681
193,164,0.016946
193,165,0.109694
193,166,0.170600
193,167,0.257219
193,168,0.295188
193,169,0.121817
193,170,0.038717
193,171,0.064641
193,172,0.005556
193,173,0.076622
193,174,0.135043
193,175,0.077216
193,176,0.168067
193,177,0.137881
193,178,0.168031
193,179,0.122507
193,180,0.146911
193,181,0.169854
193,182,0.100176
193,183,0.138461
193,184,0.135447
193,185,0.075098
193,186,0.110127
193,187,0.059982
193,188,0.052676
193,189,0.005725
193,190,0.371499
193,191,0.251472
193,192,0.134303
193,193,0.000000
