residue_i,residue_j,correlation
1,1,1.000000
1,2,0.655657
1,3,0.259765
1,4,0.131125
1,5,0.137861
1,6,0.116542
1,7,0.118184
1,8,0.108179
1,9,0.124795
1,10,0.194798
1,11,0.252773
1,12,0.484771
1,13,0.440832
1,14,0.257650
1,15,0.169138
1,16,0.102389
1,17,0.217065
1,18,0.203047
1,19,0.196454
1,20,0.219108
1,21,0.196260
1,22,0.142424
1,23,0.072524
1,24,0.069084
1,25,0.052823
1,26,0.238687
1,27,0.305784
1,28,0.315475
1,29,0.343829
1,30,0.227568
1,31,0.191439
1,32,0.093065
1,33,0.016105
1,34,0.082001
1,35,0.170256
1,36,0.146484
1,37,0.110732
1,38,0.052234
1,39,0.125516
1,40,0.136458
1,41,0.057685
1,42,0.076943
1,43,0.059238
1,44,0.051787
1,45,0.052359
1,46,0.033505
1,47,0.044940
1,48,0.062273
1,49,0.125784
1,50,0.118786
1,51,0.095592
1,52,0.055079
1,53,0.063128
1,54,0.076720
1,55,0.159550
1,56,0.203824
1,57,0.233725
1,58,0.179001
1,59,0.173890
1,60,0.213406
1,61,0.143137
1,62,0.041229
1,63,0.057873
1,64,0.022730
1,65,0.017796
1,66,-0.063688
1,67,-0.044231
1,68,0.002223
1,69,-0.033367
1,70,-0.025870
1,71,-0.038785
1,72,0.022118
1,73,0.052430
1,74,0.012021
1,75,0.043067
1,76,0.045602
1,77,0.048639
1,78,0.068951
1,79,0.048979
1,80,0.072390
1,81,0.036558
1,82,0.017470
1,83,0.053736
1,84,0.042146
1,85,0.013591
1,86,0.004359
1,87,0.011011
1,88,0.017610
1,89,0.017001
1,90,0.029176
1,91,0.017821
1,92,-0.021120
1,93,-0.003695
1,94,0.020565
1,95,0.027508
1,96,0.012766
1,97,0.018779
1,98,0.047062
1,99,0.051394
1,100,0.057053
1,101,0.035451
1,102,0.032795
1,103,0.018032
1,104,0.017698
1,105,0.046211
1,106,0.057426
1,107,0.068946
1,108,0.050707
1,109,0.039116
1,110,0.004913
1,111,0.024447
1,112,0.064880
1,113,0.062981
1,114,0.082456
1,115,0.069197
1,116,0.028696
1,117,0.050053
1,118,0.052002
1,119,0.064706
1,120,0.049391
1,121,0.104065
1,122,0.055526
1,123,0.017537
1,124,-0.021020
1,125,0.002697
1,126,-0.002466
1,127,0.021677
1,128,0.043278
1,129,-0.003438
1,130,-0.005747
1,131,0.065725
1,132,0.011544
1,133,0.011844
1,134,0.015506
1,135,0.024386
1,136,0.039121
1,137,0.073282
1,138,0.051532
1,139,0.029416
1,140,0.099202
1,141,0.116849
1,142,0.070594
1,143,0.080647
1,144,0.105529
1,145,0.073351
1,146,0.049298
1,147,0.053680
1,148,-0.074887
1,149,0.006403
1,150,0.062943
1,151,0.104710
1,152,0.092160
1,153,0.050945
1,154,0.085540
1,155,0.056226
1,156,0.074109
1,157,0.083699
1,158,0.045334
1,159,0.066631
1,160,0.063544
1,161,0.048210
1,162,0.036777
1,163,0.063708
1,164,0.057194
1,165,0.057833
1,166,0.081582
1,167,0.055569
1,168,0.021075
1,169,0.019747
1,170,0.072345
1,171,0.071196
1,172,0.087507
1,173,0.077848
1,174,0.070840
1,175,0.074454
1,176,0.104072
1,177,0.047225
1,178,0.044497
1,179,0.042190
1,180,0.047931
1,181,0.049509
1,182,0.058667
1,183,0.060859
1,184,0.062757
1,185,0.074915
1,186,0.070482
1,187,0.067446
1,188,0.021421
1,189,0.033958
1,190,0.059183
1,191,-0.022494
1,192,-0.000533
2,1,0.655657
2,2,1.000000
2,3,0.553016
2,4,0.316994
2,5,0.345949
2,6,0.311872
2,7,0.269474
2,8,0.245923
2,9,0.312255
2,10,0.426409
2,11,0.519758
2,12,0.667917
2,13,0.528638
2,14,0.314747
2,15,0.231344
2,16,0.184057
2,17,0.283682
2,18,0.281208
2,19,0.267636
2,20,0.289680
2,21,0.270079
2,22,0.230927
2,23,0.169519
2,24,0.177633
2,25,0.156597
2,26,0.359779
2,27,0.419487
2,28,0.471016
2,29,0.487209
2,30,0.385620
2,31,0.289802
2,32,0.177438
2,33,0.071806
2,34,0.089651
2,35,0.219878
2,36,0.168668
2,37,0.073005
2,38,0.109614
2,39,0.171858
2,40,0.138822
2,41,0.087921
2,42,0.135510
2,43,0.146325
2,44,0.161472
2,45,0.166857
2,46,0.151719
2,47,0.170611
2,48,0.160248
2,49,0.183355
2,50,0.196286
2,51,0.180147
2,52,0.167200
2,53,0.124575
2,54,0.160878
2,55,0.274500
2,56,0.297941
2,57,0.316046
2,58,0.244198
2,59,0.269785
2,60,0.358197
2,61,0.281374
2,62,0.168993
2,63,0.190478
2,64,0.135192
2,65,0.085842
2,66,0.011621
2,67,0.028587
2,68,0.053788
2,69,-0.001693
2,70,0.002416
2,71,0.021514
2,72,0.125971
2,73,0.138811
2,74,0.096230
2,75,0.138449
2,76,0.145664
2,77,0.127322
2,78,0.150915
2,79,0.121704
2,80,0.125703
2,81,0.112718
2,82,0.083899
2,83,0.125396
2,84,0.124259
2,85,0.082716
2,86,0.049738
2,87,0.078998
2,88,0.070455
2,89,0.089338
2,90,0.073614
2,91,0.048165
2,92,0.027783
2,93,0.027666
2,94,0.053195
2,95,0.077483
2,96,0.128856
2,97,0.137816
2,98,0.125998
2,99,0.170334
2,100,0.173096
2,101,0.143486
2,102,0.128674
2,103,0.088725
2,104,0.083007
2,105,0.131233
2,106,0.145581
2,107,0.163766
2,108,0.159349
2,109,0.182926
2,110,0.146041
2,111,0.145392
2,112,0.158382
2,113,0.123768
2,114,0.132150
2,115,0.119853
2,116,0.056548
2,117,0.053274
2,118,0.066326
2,119,0.141957
2,120,0.094162
2,121,0.192527
2,122,0.086548
2,123,0.056660
2,124,0.032255
2,125,0.084319
2,126,0.054340
2,127,0.054164
2,128,0.091758
2,129,0.066835
2,130,0.029197
2,131,0.119784
2,132,0.065415
2,133,0.091426
2,134,0.092718
2,135,0.089662
2,136,0.086463
2,137,0.122248
2,138,0.064655
2,139,0.022704
2,140,0.105920
2,141,0.152242
2,142,0.098644
2,143,0.131009
2,144,0.202045
2,145,0.143791
2,146,0.135627
2,147,0.159522
2,148,-0.023010
2,149,0.069699
2,150,0.089744
2,151,0.140025
2,152,0.152201
2,153,0.108054
2,154,0.115123
2,155,0.104432
2,156,0.137523
2,157,0.168825
2,158,0.139299
2,159,0.165992
2,160,0.186900
2,161,0.147352
2,162,0.137697
2,163,0.148624
2,164,0.096767
2,165,0.140537
2,166,0.157169
2,167,0.125793
2,168,0.070044
2,169,0.081362
2,170,0.127105
2,171,0.114559
2,172,0.154351
2,173,0.122217
2,174,0.120670
2,175,0.119956
2,176,0.148616
2,177,0.139866
2,178,0.127294
2,179,0.112784
2,180,0.108485
2,181,0.107197
2,182,0.127604
2,183,0.122521
2,184,0.132806
2,185,0.129613
2,186,0.093622
2,187,0.095767
2,188,0.061823
2,189,0.079079
2,190,0.086542
2,191,0.021487
2,192,0.067844
3,1,0.259765
3,2,0.553016
3,3,1.000000
3,4,0.739399
3,5,0.615063
3,6,0.407888
3,7,0.291677
3,8,0.295125
3,9,0.452487
3,10,0.598404
3,11,0.696164
3,12,0.559655
3,13,0.383132
3,14,0.273817
3,15,0.262517
3,16,0.276165
3,17,0.303951
3,18,0.282066
3,19,0.264022
3,20,0.296055
3,21,0.299503
3,22,0.325718
3,23,0.275803
3,24,0.283893
3,25,0.263396
3,26,0.372915
3,27,0.389993
3,28,0.488409
3,29,0.456261
3,30,0.451298
3,31,0.379805
3,32,0.304472
3,33,0.126785
3,34,0.119419
3,35,0.222137
3,36,0.169950
3,37,0.018974
3,38,0.059444
3,39,0.133183
3,40,0.120606
3,41,0.122356
3,42,0.162516
3,43,0.184254
3,44,0.204546
3,45,0.196188
3,46,0.182985
3,47,0.187834
3,48,0.171917
3,49,0.170675
3,50,0.179997
3,51,0.164546
3,52,0.200938
3,53,0.081722
3,54,0.160993
3,55,0.253202
3,56,0.291609
3,57,0.294581
3,58,0.264455
3,59,0.275413
3,60,0.368969
3,61,0.259540
3,62,0.153974
3,63,0.185334
3,64,0.144250
3,65,0.052862
3,66,0.060481
3,67,0.042587
3,68,0.087274
3,69,0.026964
3,70,0.034950
3,71,0.074197
3,72,0.204710
3,73,0.195382
3,74,0.170857
3,75,0.206806
3,76,0.189878
3,77,0.149855
3,78,0.180887
3,79,0.149621
3,80,0.152057
3,81,0.141769
3,82,0.102641
3,83,0.146297
3,84,0.163825
3,85,0.125675
3,86,0.108007
3,87,0.143633
3,88,0.119572
3,89,0.129435
3,90,0.085939
3,91,0.057964
3,92,0.034905
3,93,0.028570
3,94,0.027626
3,95,0.055167
3,96,0.133263
3,97,0.161340
3,98,0.121113
3,99,0.180095
3,100,0.193952
3,101,0.168894
3,102,0.162664
3,103,0.138764
3,104,0.137997
3,105,0.179364
3,106,0.179875
3,107,0.175634
3,108,0.194229
3,109,0.225693
3,110,0.222924
3,111,0.212772
3,112,0.124757
3,113,0.123874
3,114,0.140903
3,115,0.128349
3,116,0.062573
3,117,0.041745
3,118,0.036552
3,119,0.133312
3,120,0.049631
3,121,0.151818
3,122,0.034666
3,123,-0.003397
3,124,0.034914
3,125,0.147152
3,126,0.114064
3,127,0.077411
3,128,0.105123
3,129,0.084185
3,130,0.066046
3,131,0.095438
3,132,0.053364
3,133,0.099326
3,134,0.126201
3,135,0.105092
3,136,0.100725
3,137,0.100445
3,138,0.021432
3,139,0.007907
3,140,0.097086
3,141,0.146552
3,142,0.097529
3,143,0.154467
3,144,0.226248
3,145,0.161763
3,146,0.155528
3,147,0.172349
3,148,0.007200
3,149,0.084852
3,150,0.099989
3,151,0.151453
3,152,0.204289
3,153,0.153022
3,154,0.159977
3,155,0.152828
3,156,0.191765
3,157,0.220761
3,158,0.197880
3,159,0.218225
3,160,0.247244
3,161,0.171843
3,162,0.190375
3,163,0.196724
3,164,0.118748
3,165,0.179660
3,166,0.166886
3,167,0.083882
3,168,0.025301
3,169,0.060368
3,170,0.144424
3,171,0.139950
3,172,0.194158
3,173,0.148455
3,174,0.120038
3,175,0.143642
3,176,0.182338
3,177,0.208488
3,178,0.188097
3,179,0.180135
3,180,0.167579
3,181,0.155002
3,182,0.177119
3,183,0.155229
3,184,0.155716
3,185,0.148231
3,186,0.106233
3,187,0.122068
3,188,0.063058
3,189,0.089993
3,190,0.069645
3,191,0.055311
3,192,0.077851
4,1,0.131125
4,2,0.316994
4,3,0.739399
4,4,1.000000
4,5,0.629300
4,6,0.421733
4,7,0.277787
4,8,0.263824
4,9,0.435599
4,10,0.538950
4,11,0.564325
4,12,0.321840
4,13,0.210769
4,14,0.184967
4,15,0.213977
4,16,0.262525
4,17,0.245298
4,18,0.219764
4,19,0.195548
4,20,0.213898
4,21,0.229857
4,22,0.279007
4,23,0.254133
4,24,0.262459
4,25,0.256415
4,26,0.261643
4,27,0.238674
4,28,0.306609
4,29,0.290165
4,30,0.360718
4,31,0.346997
4,32,0.289743
4,33,0.124336
4,34,0.108528
4,35,0.173421
4,36,0.136748
4,37,-0.025027
4,38,-0.027046
4,39,0.046416
4,40,0.052495
4,41,0.095530
4,42,0.124261
4,43,0.132364
4,44,0.153523
4,45,0.130246
4,46,0.125227
4,47,0.131387
4,48,0.152722
4,49,0.141710
4,50,0.142101
4,51,0.121607
4,52,0.129897
4,53,0.013213
4,54,0.108296
4,55,0.149505
4,56,0.219461
4,57,0.215529
4,58,0.206394
4,59,0.185982
4,60,0.244110
4,61,0.151047
4,62,0.087175
4,63,0.122241
4,64,0.098675
4,65,0.009055
4,66,0.025702
4,67,0.002255
4,68,0.059893
4,69,0.013925
4,70,0.018661
4,71,0.037210
4,72,0.158560
4,73,0.154031
4,74,0.156925
4,75,0.188106
4,76,0.161242
4,77,0.128764
4,78,0.133565
4,79,0.123149
4,80,0.126601
4,81,0.110979
4,82,0.073658
4,83,0.098146
4,84,0.120924
4,85,0.099442
4,86,0.087457
4,87,0.099236
4,88,0.101147
4,89,0.104235
4,90,0.070218
4,91,0.050008
4,92,0.038492
4,93,0.019866
4,94,0.021079
4,95,0.040085
4,96,0.083146
4,97,0.112701
4,98,0.067512
4,99,0.105945
4,100,0.127507
4,101,0.110937
4,102,0.105901
4,103,0.074586
4,104,0.093040
4,105,0.118838
4,106,0.123305
4,107,0.111779
4,108,0.131612
4,109,0.160089
4,110,0.180891
4,111,0.178104
4,112,0.070355
4,113,0.102795
4,114,0.102412
4,115,0.089817
4,116,0.030568
4,117,0.013110
4,118,-0.006562
4,119,0.081472
4,120,0.021002
4,121,0.124562
4,122,0.027110
4,123,-0.007659
4,124,0.035688
4,125,0.137420
4,126,0.107718
4,127,0.094659
4,128,0.117438
4,129,0.076749
4,130,0.098910
4,131,0.058371
4,132,0.011963
4,133,0.056046
4,134,0.111438
4,135,0.090821
4,136,0.087830
4,137,0.094551
4,138,0.033860
4,139,0.006632
4,140,0.058419
4,141,0.108670
4,142,0.081479
4,143,0.133392
4,144,0.170748
4,145,0.127857
4,146,0.130431
4,147,0.139102
4,148,-0.020230
4,149,0.044220
4,150,0.068411
4,151,0.105336
4,152,0.165343
4,153,0.115313
4,154,0.139416
4,155,0.136911
4,156,0.174272
4,157,0.199990
4,158,0.187503
4,159,0.201780
4,160,0.225292
4,161,0.150204
4,162,0.166871
4,163,0.171750
4,164,0.097096
4,165,0.142551
4,166,0.123894
4,167,0.029488
4,168,-0.028928
4,169,-0.004199
4,170,0.104667
4,171,0.121556
4,172,0.177311
4,173,0.135551
4,174,0.096195
4,175,0.117354
4,176,0.151755
4,177,0.171589
4,178,0.157649
4,179,0.151365
4,180,0.130478
4,181,0.125185
4,182,0.123595
4,183,0.111968
4,184,0.123584
4,185,0.103437
4,186,0.101542
4,187,0.110395
4,188,0.079491
4,189,0.099872
4,190,0.083221
4,191,0.086583
4,192,0.098927
5,1,0.137861
5,2,0.345949
5,3,0.615063
5,4,0.629300
5,5,1.000000
5,6,0.649903
5,7,0.494433
5,8,0.440784
5,9,0.616645
5,10,0.698258
5,11,0.593324
5,12,0.312110
5,13,0.190470
5,14,0.171471
5,15,0.204969
5,16,0.276983
5,17,0.278700
5,18,0.238483
5,19,0.210033
5,20,0.237653
5,21,0.253809
5,22,0.286795
5,23,0.282996
5,24,0.283903
5,25,0.277122
5,26,0.257005
5,27,0.182853
5,28,0.253133
5,29,0.269785
5,30,0.418029
5,31,0.432443
5,32,0.330904
5,33,0.172162
5,34,0.136987
5,35,0.230478
5,36,0.161925
5,37,0.003921
5,38,0.076593
5,39,0.059804
5,40,0.041249
5,41,0.100266
5,42,0.142795
5,43,0.185620
5,44,0.201252
5,45,0.196316
5,46,0.189053
5,47,0.186487
5,48,0.131069
5,49,0.124205
5,50,0.156421
5,51,0.111716
5,52,0.180007
5,53,0.053977
5,54,0.165520
5,55,0.219527
5,56,0.236779
5,57,0.138051
5,58,0.146955
5,59,0.170843
5,60,0.250974
5,61,0.205270
5,62,0.196517
5,63,0.228046
5,64,0.187952
5,65,0.084822
5,66,0.063314
5,67,0.038722
5,68,0.088558
5,69,0.062284
5,70,0.091416
5,71,0.116567
5,72,0.231133
5,73,0.232985
5,74,0.180674
5,75,0.223825
5,76,0.208596
5,77,0.151293
5,78,0.190785
5,79,0.153919
5,80,0.135988
5,81,0.155977
5,82,0.130079
5,83,0.151876
5,84,0.166475
5,85,0.156534
5,86,0.118089
5,87,0.151187
5,88,0.161123
5,89,0.161774
5,90,0.108256
5,91,0.075745
5,92,0.071314
5,93,0.026635
5,94,0.032603
5,95,0.078589
5,96,0.175895
5,97,0.208623
5,98,0.173235
5,99,0.203909
5,100,0.202523
5,101,0.198014
5,102,0.176468
5,103,0.137764
5,104,0.143798
5,105,0.181682
5,106,0.189943
5,107,0.196444
5,108,0.215492
5,109,0.256568
5,110,0.300251
5,111,0.306545
5,112,0.193607
5,113,0.076426
5,114,0.106515
5,115,0.069536
5,116,-0.010964
5,117,-0.010549
5,118,-0.010704
5,119,0.112490
5,120,0.075862
5,121,0.190445
5,122,0.063516
5,123,0.042806
5,124,0.105831
5,125,0.189753
5,126,0.151884
5,127,0.133510
5,128,0.128847
5,129,0.046856
5,130,0.061248
5,131,0.125828
5,132,0.064463
5,133,0.093670
5,134,0.139160
5,135,0.129919
5,136,0.118231
5,137,0.141284
5,138,0.042776
5,139,0.034064
5,140,0.108020
5,141,0.140773
5,142,0.092652
5,143,0.151811
5,144,0.219042
5,145,0.176548
5,146,0.184913
5,147,0.201167
5,148,0.027463
5,149,0.122039
5,150,0.145823
5,151,0.195163
5,152,0.243696
5,153,0.169695
5,154,0.174919
5,155,0.156059
5,156,0.209002
5,157,0.254919
5,158,0.228563
5,159,0.256515
5,160,0.273729
5,161,0.201272
5,162,0.215448
5,163,0.228088
5,164,0.160327
5,165,0.207057
5,166,0.158536
5,167,0.097994
5,168,0.063969
5,169,0.069562
5,170,0.160628
5,171,0.144381
5,172,0.194448
5,173,0.187914
5,174,0.137704
5,175,0.144427
5,176,0.213820
5,177,0.246510
5,178,0.215640
5,179,0.205259
5,180,0.182098
5,181,0.163052
5,182,0.174598
5,183,0.137190
5,184,0.140259
5,185,0.112379
5,186,0.081432
5,187,0.084353
5,188,0.072635
5,189,0.104663
5,190,0.098193
5,191,0.174548
5,192,0.157631
6,1,0.116542
6,2,0.311872
6,3,0.407888
6,4,0.421733
6,5,0.649903
6,6,1.000000
6,7,0.806390
6,8,0.616889
6,9,0.654466
6,10,0.601015
6,11,0.497690
6,12,0.268811
6,13,0.164539
6,14,0.126056
6,15,0.161559
6,16,0.237347
6,17,0.313328
6,18,0.289585
6,19,0.262988
6,20,0.289025
6,21,0.286120
6,22,0.279163
6,23,0.253548
6,24,0.272877
6,25,0.256309
6,26,0.190811
6,27,0.118809
6,28,0.205195
6,29,0.235120
6,30,0.343679
6,31,0.451064
6,32,0.294971
6,33,0.178155
6,34,0.164868
6,35,0.244910
6,36,0.171371
6,37,-0.041418
6,38,0.040863
6,39,0.030835
6,40,-0.000625
6,41,0.130329
6,42,0.201350
6,43,0.220827
6,44,0.241714
6,45,0.248896
6,46,0.246820
6,47,0.244545
6,48,0.153726
6,49,0.116565
6,50,0.154625
6,51,0.093471
6,52,0.175517
6,53,0.083228
6,54,0.147238
6,55,0.206071
6,56,0.184758
6,57,0.115129
6,58,0.151399
6,59,0.185054
6,60,0.227691
6,61,0.235703
6,62,0.222696
6,63,0.266845
6,64,0.200865
6,65,0.101737
6,66,0.084814
6,67,0.036824
6,68,0.101275
6,69,0.017768
6,70,0.039969
6,71,0.071624
6,72,0.193670
6,73,0.220405
6,74,0.165855
6,75,0.198855
6,76,0.219998
6,77,0.162351
6,78,0.203314
6,79,0.159609
6,80,0.140985
6,81,0.177329
6,82,0.141842
6,83,0.171161
6,84,0.185249
6,85,0.176701
6,86,0.145800
6,87,0.170903
6,88,0.193093
6,89,0.192021
6,90,0.131778
6,91,0.106108
6,92,0.131454
6,93,0.028921
6,94,0.057430
6,95,0.128991
6,96,0.221943
6,97,0.291389
6,98,0.241250
6,99,0.254172
6,100,0.230915
6,101,0.239521
6,102,0.220545
6,103,0.185334
6,104,0.211326
6,105,0.237446
6,106,0.229833
6,107,0.241433
6,108,0.291946
6,109,0.342201
6,110,0.417143
6,111,0.402075
6,112,0.304474
6,113,0.127901
6,114,0.158754
6,115,0.111073
6,116,-0.005550
6,117,-0.050700
6,118,-0.023685
6,119,0.086410
6,120,0.070406
6,121,0.195304
6,122,0.067042
6,123,0.030648
6,124,0.108033
6,125,0.193090
6,126,0.144347
6,127,0.114471
6,128,0.095825
6,129,-0.000734
6,130,-0.023663
6,131,0.184603
6,132,0.127919
6,133,0.127899
6,134,0.129063
6,135,0.126658
6,136,0.118090
6,137,0.173940
6,138,0.047841
6,139,0.042289
6,140,0.128293
6,141,0.154186
6,142,0.098585
6,143,0.170903
6,144,0.244598
6,145,0.172617
6,146,0.184917
6,147,0.216057
6,148,0.049449
6,149,0.138801
6,150,0.133873
6,151,0.194885
6,152,0.233697
6,153,0.150068
6,154,0.148461
6,155,0.142460
6,156,0.201185
6,157,0.261096
6,158,0.254676
6,159,0.293508
6,160,0.308709
6,161,0.240518
6,162,0.258280
6,163,0.267555
6,164,0.181991
6,165,0.234073
6,166,0.181640
6,167,0.100948
6,168,0.061826
6,169,0.058381
6,170,0.181092
6,171,0.171349
6,172,0.226094
6,173,0.224100
6,174,0.172396
6,175,0.159679
6,176,0.227237
6,177,0.264526
6,178,0.227135
6,179,0.206170
6,180,0.184874
6,181,0.181371
6,182,0.206204
6,183,0.158707
6,184,0.149298
6,185,0.123788
6,186,0.085747
6,187,0.100131
6,188,0.061327
6,189,0.091690
6,190,0.086240
6,191,0.224907
6,192,0.235155
7,1,0.118184
7,2,0.269474
7,3,0.291677
7,4,0.277787
7,5,0.494433
7,6,0.806390
7,7,1.000000
7,8,0.723674
7,9,0.613426
7,10,0.487011
7,11,0.375735
7,12,0.217087
7,13,0.139700
7,14,0.118798
7,15,0.152452
7,16,0.194575
7,17,0.254305
7,18,0.244670
7,19,0.225794
7,20,0.235049
7,21,0.228405
7,22,0.213994
7,23,0.197198
7,24,0.236638
7,25,0.242711
7,26,0.163067
7,27,0.087243
7,28,0.165548
7,29,0.182109
7,30,0.255593
7,31,0.443516
7,32,0.270621
7,33,0.138558
7,34,0.160578
7,35,0.252825
7,36,0.172025
7,37,-0.020818
7,38,0.058274
7,39,0.034058
7,40,0.019907
7,41,0.108601
7,42,0.173511
7,43,0.183830
7,44,0.198057
7,45,0.200904
7,46,0.202986
7,47,0.217959
7,48,0.135821
7,49,0.077059
7,50,0.126038
7,51,0.014422
7,52,0.068493
7,53,0.100047
7,54,0.106662
7,55,0.139404
7,56,0.127758
7,57,0.075227
7,58,0.137258
7,59,0.145951
7,60,0.172758
7,61,0.202471
7,62,0.187785
7,63,0.232350
7,64,0.146762
7,65,0.088585
7,66,0.032902
7,67,0.022527
7,68,0.109172
7,69,-0.026728
7,70,-0.019535
7,71,0.007871
7,72,0.148520
7,73,0.197299
7,74,0.121394
7,75,0.153048
7,76,0.164459
7,77,0.102727
7,78,0.143275
7,79,0.098238
7,80,0.082795
7,81,0.133867
7,82,0.115021
7,83,0.155972
7,84,0.167567
7,85,0.158411
7,86,0.131402
7,87,0.157858
7,88,0.188888
7,89,0.192339
7,90,0.134350
7,91,0.088293
7,92,0.097319
7,93,0.006296
7,94,0.030143
7,95,0.086954
7,96,0.156827
7,97,0.227918
7,98,0.225040
7,99,0.210926
7,100,0.159603
7,101,0.185690
7,102,0.173084
7,103,0.132206
7,104,0.160058
7,105,0.178494
7,106,0.170805
7,107,0.189968
7,108,0.243846
7,109,0.273298
7,110,0.322360
7,111,0.327938
7,112,0.308931
7,113,0.167452
7,114,0.198733
7,115,0.133462
7,116,-0.002248
7,117,-0.056483
7,118,-0.013120
7,119,0.081885
7,120,0.073261
7,121,0.191545
7,122,0.087610
7,123,0.050372
7,124,0.109430
7,125,0.186561
7,126,0.128388
7,127,0.099785
7,128,0.059235
7,129,-0.002458
7,130,-0.063262
7,131,0.164975
7,132,0.097073
7,133,0.117975
7,134,0.125858
7,135,0.116442
7,136,0.127041
7,137,0.158317
7,138,0.029956
7,139,0.011428
7,140,0.107464
7,141,0.135432
7,142,0.066381
7,143,0.135350
7,144,0.199509
7,145,0.132275
7,146,0.144064
7,147,0.173330
7,148,0.021192
7,149,0.089264
7,150,0.119522
7,151,0.193603
7,152,0.225159
7,153,0.137181
7,154,0.134579
7,155,0.120448
7,156,0.169284
7,157,0.235771
7,158,0.230501
7,159,0.276097
7,160,0.301671
7,161,0.231350
7,162,0.249617
7,163,0.260301
7,164,0.186641
7,165,0.200091
7,166,0.151590
7,167,0.097391
7,168,0.073107
7,169,0.055276
7,170,0.133150
7,171,0.108413
7,172,0.159533
7,173,0.173219
7,174,0.137523
7,175,0.117719
7,176,0.207629
7,177,0.257039
7,178,0.223092
7,179,0.201482
7,180,0.170643
7,181,0.155218
7,182,0.173056
7,183,0.125605
7,184,0.138490
7,185,0.117831
7,186,0.049051
7,187,0.043945
7,188,0.022551
7,189,0.037263
7,190,0.049925
7,191,0.214319
7,192,0.237399
8,1,0.108179
8,2,0.245923
8,3,0.295125
8,4,0.263824
8,5,0.440784
8,6,0.616889
8,7,0.723674
8,8,1.000000
8,9,0.760448
8,10,0.581356
8,11,0.412704
8,12,0.264410
8,13,0.128931
8,14,0.086779
8,15,0.155576
8,16,0.241127
8,17,0.305325
8,18,0.276447
8,19,0.269635
8,20,0.286416
8,21,0.287080
8,22,0.277249
8,23,0.276826
8,24,0.290161
8,25,0.277492
8,26,0.167868
8,27,0.084440
8,28,0.192675
8,29,0.233259
8,30,0.334601
8,31,0.546902
8,32,0.331789
8,33,0.194321
8,34,0.176855
8,35,0.315627
8,36,0.257643
8,37,0.031094
8,38,0.082816
8,39,-0.012327
8,40,0.015419
8,41,0.088707
8,42,0.118823
8,43,0.160415
8,44,0.190796
8,45,0.180626
8,46,0.161589
8,47,0.177868
8,48,0.118061
8,49,0.047901
8,50,0.088594
8,51,0.035826
8,52,0.088259
8,53,0.109747
8,54,0.144249
8,55,0.175809
8,56,0.200139
8,57,0.090055
8,58,0.152991
8,59,0.165583
8,60,0.206443
8,61,0.205417
8,62,0.160601
8,63,0.192746
8,64,0.153654
8,65,0.066771
8,66,0.033386
8,67,0.042526
8,68,0.150041
8,69,0.054074
8,70,0.067426
8,71,0.072786
8,72,0.154142
8,73,0.213735
8,74,0.141092
8,75,0.169775
8,76,0.173180
8,77,0.111372
8,78,0.167035
8,79,0.104260
8,80,0.100229
8,81,0.135918
8,82,0.124993
8,83,0.172641
8,84,0.177408
8,85,0.174582
8,86,0.168176
8,87,0.194252
8,88,0.219050
8,89,0.207285
8,90,0.145662
8,91,0.060719
8,92,0.024435
8,93,0.004331
8,94,0.011984
8,95,0.079004
8,96,0.082187
8,97,0.135934
8,98,0.190441
8,99,0.182759
8,100,0.142339
8,101,0.196323
8,102,0.176865
8,103,0.148067
8,104,0.166249
8,105,0.195551
8,106,0.194118
8,107,0.182278
8,108,0.197125
8,109,0.208415
8,110,0.244899
8,111,0.258196
8,112,0.313471
8,113,0.214660
8,114,0.233973
8,115,0.128911
8,116,-0.003961
8,117,-0.040715
8,118,-0.018466
8,119,0.085648
8,120,0.060926
8,121,0.214984
8,122,0.091210
8,123,0.055185
8,124,0.163061
8,125,0.292166
8,126,0.267883
8,127,0.206971
8,128,0.144205
8,129,0.040477
8,130,0.014683
8,131,0.219025
8,132,0.119761
8,133,0.137035
8,134,0.230166
8,135,0.209312
8,136,0.136891
8,137,0.185910
8,138,0.065943
8,139,0.022959
8,140,0.095185
8,141,0.143852
8,142,0.078003
8,143,0.127926
8,144,0.190805
8,145,0.149624
8,146,0.158215
8,147,0.178339
8,148,-0.013523
8,149,0.069183
8,150,0.146899
8,151,0.231328
8,152,0.274981
8,153,0.195774
8,154,0.191829
8,155,0.186662
8,156,0.239976
8,157,0.307301
8,158,0.303356
8,159,0.342291
8,160,0.361936
8,161,0.291840
8,162,0.307922
8,163,0.305378
8,164,0.215907
8,165,0.221128
8,166,0.145163
8,167,0.138196
8,168,0.112840
8,169,0.087212
8,170,0.129296
8,171,0.096254
8,172,0.136558
8,173,0.153792
8,174,0.099506
8,175,0.107535
8,176,0.218080
8,177,0.309476
8,178,0.257711
8,179,0.263720
8,180,0.211817
8,181,0.152074
8,182,0.182712
8,183,0.156853
8,184,0.201597
8,185,0.182927
8,186,0.113871
8,187,0.097602
8,188,0.063490
8,189,0.077003
8,190,0.081955
8,191,0.208998
8,192,0.183369
9,1,0.124795
9,2,0.312255
9,3,0.452487
9,4,0.435599
9,5,0.616645
9,6,0.654466
9,7,0.613426
9,8,0.760448
9,9,1.000000
9,10,0.805258
9,11,0.621387
9,12,0.337362
9,13,0.180675
9,14,0.106406
9,15,0.183947
9,16,0.320124
9,17,0.424345
9,18,0.387485
9,19,0.361044
9,20,0.387515
9,21,0.395569
9,22,0.413152
9,23,0.362682
9,24,0.375923
9,25,0.336155
9,26,0.228838
9,27,0.156598
9,28,0.304447
9,29,0.365705
9,30,0.533963
9,31,0.602259
9,32,0.408636
9,33,0.208494
9,34,0.211571
9,35,0.312568
9,36,0.281208
9,37,0.007281
9,38,0.065878
9,39,0.012560
9,40,0.030988
9,41,0.135553
9,42,0.160663
9,43,0.215110
9,44,0.246839
9,45,0.253413
9,46,0.233174
9,47,0.254894
9,48,0.199299
9,49,0.105131
9,50,0.128644
9,51,0.082139
9,52,0.144408
9,53,0.088737
9,54,0.190354
9,55,0.257779
9,56,0.332360
9,57,0.210225
9,58,0.242317
9,59,0.237081
9,60,0.286044
9,61,0.213915
9,62,0.241412
9,63,0.286279
9,64,0.244524
9,65,0.104452
9,66,0.041030
9,67,0.027305
9,68,0.141272
9,69,0.051362
9,70,0.070394
9,71,0.085648
9,72,0.242437
9,73,0.293433
9,74,0.210338
9,75,0.254357
9,76,0.264045
9,77,0.187151
9,78,0.249206
9,79,0.182554
9,80,0.167098
9,81,0.205893
9,82,0.173402
9,83,0.213646
9,84,0.228756
9,85,0.207759
9,86,0.171463
9,87,0.205350
9,88,0.228407
9,89,0.219193
9,90,0.165802
9,91,0.092252
9,92,0.057610
9,93,0.034453
9,94,0.062984
9,95,0.093809
9,96,0.131198
9,97,0.206223
9,98,0.235708
9,99,0.260085
9,100,0.249222
9,101,0.263572
9,102,0.239442
9,103,0.171563
9,104,0.195914
9,105,0.249473
9,106,0.262497
9,107,0.266494
9,108,0.278460
9,109,0.296736
9,110,0.335357
9,111,0.310546
9,112,0.316496
9,113,0.155428
9,114,0.173728
9,115,0.083242
9,116,-0.013861
9,117,-0.012488
9,118,-0.045566
9,119,0.100881
9,120,0.047799
9,121,0.246766
9,122,0.101210
9,123,0.053364
9,124,0.164671
9,125,0.315445
9,126,0.291176
9,127,0.232502
9,128,0.195513
9,129,0.070113
9,130,0.083092
9,131,0.233315
9,132,0.117325
9,133,0.135709
9,134,0.228865
9,135,0.199488
9,136,0.128325
9,137,0.197165
9,138,0.058649
9,139,0.034587
9,140,0.124703
9,141,0.175878
9,142,0.106557
9,143,0.170394
9,144,0.251484
9,145,0.174030
9,146,0.197726
9,147,0.221148
9,148,-0.046104
9,149,0.063703
9,150,0.117462
9,151,0.234659
9,152,0.291906
9,153,0.203640
9,154,0.213981
9,155,0.225091
9,156,0.279374
9,157,0.351014
9,158,0.356567
9,159,0.398150
9,160,0.414988
9,161,0.337137
9,162,0.346798
9,163,0.337630
9,164,0.225801
9,165,0.246123
9,166,0.178571
9,167,0.141589
9,168,0.102449
9,169,0.102825
9,170,0.195545
9,171,0.147274
9,172,0.192048
9,173,0.201377
9,174,0.141118
9,175,0.142421
9,176,0.246345
9,177,0.352757
9,178,0.294936
9,179,0.287490
9,180,0.238151
9,181,0.173893
9,182,0.210659
9,183,0.172195
9,184,0.216855
9,185,0.196700
9,186,0.135834
9,187,0.136034
9,188,0.091598
9,189,0.126277
9,190,0.111883
9,191,0.210592
9,192,0.180497
10,1,0.194798
10,2,0.426409
10,3,0.598404
10,4,0.538950
10,5,0.698258
10,6,0.601015
10,7,0.487011
10,8,0.581356
10,9,0.805258
10,10,1.000000
10,11,0.839096
10,12,0.460359
10,13,0.238755
10,14,0.124274
10,15,0.207588
10,16,0.338908
10,17,0.411086
10,18,0.362693
10,19,0.336816
10,20,0.374225
10,21,0.391717
10,22,0.423303
10,23,0.384633
10,24,0.389012
10,25,0.330644
10,26,0.287541
10,27,0.247233
10,28,0.415310
10,29,0.496447
10,30,0.654259
10,31,0.578535
10,32,0.392795
10,33,0.194091
10,34,0.180080
10,35,0.257817
10,36,0.263947
10,37,0.016556
10,38,0.060875
10,39,0.047322
10,40,0.047089
10,41,0.146310
10,42,0.169382
10,43,0.215502
10,44,0.232876
10,45,0.217471
10,46,0.197524
10,47,0.203528
10,48,0.199000
10,49,0.150877
10,50,0.160923
10,51,0.181867
10,52,0.225416
10,53,0.083382
10,54,0.229560
10,55,0.312211
10,56,0.418110
10,57,0.290923
10,58,0.284988
10,59,0.263242
10,60,0.328669
10,61,0.219177
10,62,0.194427
10,63,0.213291
10,64,0.197505
10,65,0.066805
10,66,0.076713
10,67,0.035684
10,68,0.137094
10,69,0.038413
10,70,0.063251
10,71,0.090255
10,72,0.249480
10,73,0.264956
10,74,0.230665
10,75,0.264219
10,76,0.248637
10,77,0.194338
10,78,0.232271
10,79,0.189403
10,80,0.181272
10,81,0.194842
10,82,0.155460
10,83,0.202665
10,84,0.218643
10,85,0.199093
10,86,0.167701
10,87,0.208292
10,88,0.217433
10,89,0.217597
10,90,0.148194
10,91,0.090143
10,92,0.062252
10,93,0.015445
10,94,0.040770
10,95,0.060679
10,96,0.120064
10,97,0.177550
10,98,0.160567
10,99,0.205372
10,100,0.232072
10,101,0.225439
10,102,0.211105
10,103,0.173181
10,104,0.170793
10,105,0.215132
10,106,0.231184
10,107,0.218908
10,108,0.215183
10,109,0.241149
10,110,0.286805
10,111,0.292014
10,112,0.236029
10,113,0.146079
10,114,0.170107
10,115,0.108856
10,116,0.021370
10,117,0.022885
10,118,-0.021737
10,119,0.128983
10,120,0.088923
10,121,0.267308
10,122,0.097932
10,123,0.055928
10,124,0.101553
10,125,0.236618
10,126,0.214370
10,127,0.202354
10,128,0.183797
10,129,0.057462
10,130,0.064888
10,131,0.192033
10,132,0.127622
10,133,0.137752
10,134,0.183989
10,135,0.190410
10,136,0.156037
10,137,0.190850
10,138,0.084214
10,139,0.050681
10,140,0.139850
10,141,0.203269
10,142,0.136581
10,143,0.193126
10,144,0.282142
10,145,0.216215
10,146,0.205152
10,147,0.232018
10,148,0.015778
10,149,0.126194
10,150,0.162232
10,151,0.244673
10,152,0.287872
10,153,0.191659
10,154,0.206845
10,155,0.210402
10,156,0.264140
10,157,0.323381
10,158,0.299601
10,159,0.328046
10,160,0.345743
10,161,0.260144
10,162,0.273741
10,163,0.276627
10,164,0.186060
10,165,0.239190
10,166,0.186049
10,167,0.129442
10,168,0.085500
10,169,0.072213
10,170,0.184859
10,171,0.156435
10,172,0.208350
10,173,0.194411
10,174,0.147189
10,175,0.156461
10,176,0.230995
10,177,0.291316
10,178,0.253707
10,179,0.246242
10,180,0.223958
10,181,0.176613
10,182,0.215421
10,183,0.191776
10,184,0.225067
10,185,0.209991
10,186,0.144040
10,187,0.142345
10,188,0.093460
10,189,0.129306
10,190,0.114659
10,191,0.168540
10,192,0.156023
11,1,0.252773
11,2,0.519758
11,3,0.696164
11,4,0.564325
11,5,0.593324
11,6,0.497690
11,7,0.375735
11,8,0.412704
11,9,0.621387
11,10,0.839096
11,11,1.000000
11,12,0.621124
11,13,0.380972
11,14,0.195672
11,15,0.275247
11,16,0.377405
11,17,0.455739
11,18,0.403736
11,19,0.378854
11,20,0.421818
11,21,0.432875
11,22,0.466142
11,23,0.421120
11,24,0.405051
11,25,0.329109
11,26,0.353699
11,27,0.410550
11,28,0.612769
11,29,0.668956
11,30,0.720393
11,31,0.501572
11,32,0.346574
11,33,0.170552
11,34,0.161195
11,35,0.256802
11,36,0.255142
11,37,0.030149
11,38,0.084002
11,39,0.112267
11,40,0.103816
11,41,0.157968
11,42,0.181448
11,43,0.224526
11,44,0.250759
11,45,0.239201
11,46,0.209289
11,47,0.234769
11,48,0.260894
11,49,0.209900
11,50,0.206770
11,51,0.237681
11,52,0.257347
11,53,0.097242
11,54,0.242495
11,55,0.363191
11,56,0.489175
11,57,0.436485
11,58,0.416300
11,59,0.380574
11,60,0.458020
11,61,0.289217
11,62,0.179145
11,63,0.208867
11,64,0.174424
11,65,0.075083
11,66,0.069951
11,67,0.026080
11,68,0.107438
11,69,0.033909
11,70,0.053295
11,71,0.078050
11,72,0.234085
11,73,0.238041
11,74,0.220337
11,75,0.256062
11,76,0.248233
11,77,0.209202
11,78,0.239408
11,79,0.210989
11,80,0.201198
11,81,0.202419
11,82,0.151575
11,83,0.195688
11,84,0.209629
11,85,0.177891
11,86,0.152964
11,87,0.196107
11,88,0.177839
11,89,0.183934
11,90,0.138151
11,91,0.090693
11,92,0.065879
11,93,0.039492
11,94,0.057413
11,95,0.075260
11,96,0.141567
11,97,0.202458
11,98,0.156432
11,99,0.220560
11,100,0.239745
11,101,0.224102
11,102,0.216687
11,103,0.183794
11,104,0.180934
11,105,0.229449
11,106,0.241259
11,107,0.227327
11,108,0.226592
11,109,0.269579
11,110,0.300053
11,111,0.297481
11,112,0.210140
11,113,0.142422
11,114,0.165318
11,115,0.118338
11,116,0.045355
11,117,0.042968
11,118,0.014293
11,119,0.151345
11,120,0.097852
11,121,0.263086
11,122,0.110772
11,123,0.063889
11,124,0.066377
11,125,0.195221
11,126,0.163458
11,127,0.165920
11,128,0.163221
11,129,0.077498
11,130,0.059460
11,131,0.148275
11,132,0.116742
11,133,0.156151
11,134,0.167347
11,135,0.172016
11,136,0.161767
11,137,0.194523
11,138,0.097488
11,139,0.064992
11,140,0.156780
11,141,0.221557
11,142,0.146202
11,143,0.202887
11,144,0.295886
11,145,0.212509
11,146,0.204110
11,147,0.228871
11,148,0.020677
11,149,0.128876
11,150,0.134953
11,151,0.207838
11,152,0.263082
11,153,0.190904
11,154,0.205434
11,155,0.206846
11,156,0.262976
11,157,0.297072
11,158,0.265123
11,159,0.292698
11,160,0.312979
11,161,0.234277
11,162,0.244421
11,163,0.238322
11,164,0.143766
11,165,0.214185
11,166,0.175440
11,167,0.085634
11,168,0.034529
11,169,0.046206
11,170,0.184023
11,171,0.178581
11,172,0.240896
11,173,0.211308
11,174,0.175351
11,175,0.199954
11,176,0.249894
11,177,0.282015
11,178,0.253936
11,179,0.248987
11,180,0.230567
11,181,0.197022
11,182,0.239087
11,183,0.203647
11,184,0.205991
11,185,0.190945
11,186,0.131832
11,187,0.145916
11,188,0.092051
11,189,0.130628
11,190,0.112297
11,191,0.097617
11,192,0.131671
12,1,0.484771
12,2,0.667917
12,3,0.559655
12,4,0.321840
12,5,0.312110
12,6,0.268811
12,7,0.217087
12,8,0.264410
12,9,0.337362
12,10,0.460359
12,11,0.621124
12,12,1.000000
12,13,0.744187
12,14,0.400906
12,15,0.321647
12,16,0.278820
12,17,0.358342
12,18,0.330507
12,19,0.322675
12,20,0.373281
12,21,0.358428
12,22,0.331726
12,23,0.253509
12,24,0.241439
12,25,0.194737
12,26,0.480369
12,27,0.630298
12,28,0.686423
12,29,0.676997
12,30,0.511320
12,31,0.356797
12,32,0.239734
12,33,0.096747
12,34,0.116940
12,35,0.241154
12,36,0.238082
12,37,0.115773
12,38,0.093681
12,39,0.133170
12,40,0.120419
12,41,0.111548
12,42,0.144787
12,43,0.149662
12,44,0.176698
12,45,0.180506
12,46,0.140524
12,47,0.170932
12,48,0.215457
12,49,0.212367
12,50,0.192047
12,51,0.220597
12,52,0.215754
12,53,0.150754
12,54,0.211313
12,55,0.326425
12,56,0.409600
12,57,0.461767
12,58,0.393728
12,59,0.399090
12,60,0.507335
12,61,0.348560
12,62,0.143688
12,63,0.181105
12,64,0.130401
12,65,0.096538
12,66,0.070239
12,67,0.056581
12,68,0.108889
12,69,0.028587
12,70,0.045036
12,71,0.060183
12,72,0.155303
12,73,0.156286
12,74,0.134187
12,75,0.167065
12,76,0.165945
12,77,0.143887
12,78,0.179636
12,79,0.154595
12,80,0.152035
12,81,0.127318
12,82,0.110617
12,83,0.154390
12,84,0.145613
12,85,0.114307
12,86,0.110052
12,87,0.133040
12,88,0.101221
12,89,0.098045
12,90,0.082671
12,91,0.047887
12,92,0.027017
12,93,0.047319
12,94,0.075573
12,95,0.107485
12,96,0.128086
12,97,0.141328
12,98,0.142895
12,99,0.174357
12,100,0.175973
12,101,0.157471
12,102,0.157435
12,103,0.143237
12,104,0.154541
12,105,0.186583
12,106,0.181614
12,107,0.178184
12,108,0.160528
12,109,0.184103
12,110,0.155477
12,111,0.160680
12,112,0.134242
12,113,0.158656
12,114,0.151297
12,115,0.125524
12,116,0.087582
12,117,0.096304
12,118,0.081168
12,119,0.162139
12,120,0.095508
12,121,0.208688
12,122,0.087949
12,123,0.069640
12,124,0.025394
12,125,0.117401
12,126,0.090982
12,127,0.098982
12,128,0.128399
12,129,0.086101
12,130,0.046991
12,131,0.096368
12,132,0.087154
12,133,0.139888
12,134,0.124065
12,135,0.126538
12,136,0.104493
12,137,0.133265
12,138,0.074482
12,139,0.031573
12,140,0.107542
12,141,0.176914
12,142,0.138403
12,143,0.158985
12,144,0.220919
12,145,0.158703
12,146,0.144510
12,147,0.154212
12,148,0.010903
12,149,0.106550
12,150,0.115405
12,151,0.173703
12,152,0.202786
12,153,0.157094
12,154,0.167298
12,155,0.148974
12,156,0.183302
12,157,0.189279
12,158,0.151891
12,159,0.183183
12,160,0.205662
12,161,0.157574
12,162,0.160921
12,163,0.144639
12,164,0.083920
12,165,0.146032
12,166,0.146515
12,167,0.093812
12,168,0.038927
12,169,0.069964
12,170,0.146043
12,171,0.123365
12,172,0.165142
12,173,0.137418
12,174,0.122811
12,175,0.125722
12,176,0.160741
12,177,0.182831
12,178,0.169754
12,179,0.169604
12,180,0.149010
12,181,0.130054
12,182,0.162023
12,183,0.140043
12,184,0.137567
12,185,0.141721
12,186,0.083255
12,187,0.096838
12,188,0.054011
12,189,0.072148
12,190,0.076571
12,191,0.017569
12,192,0.061382
13,1,0.440832
13,2,0.528638
13,3,0.383132
13,4,0.210769
13,5,0.190470
13,6,0.164539
13,7,0.139700
13,8,0.128931
13,9,0.180675
13,10,0.238755
13,11,0.380972
13,12,0.744187
13,13,1.000000
13,14,0.598076
13,15,0.378323
13,16,0.190735
13,17,0.214661
13,18,0.216449
13,19,0.212284
13,20,0.253832
13,21,0.215935
13,22,0.195379
13,23,0.129592
13,24,0.129056
13,25,0.144348
13,26,0.515742
13,27,0.653431
13,28,0.580467
13,29,0.548642
13,30,0.341819
13,31,0.231634
13,32,0.186807
13,33,0.038567
13,34,0.067108
13,35,0.169315
13,36,0.175104
13,37,0.099612
13,38,0.072197
13,39,0.131035
13,40,0.113518
13,41,0.085261
13,42,0.103616
13,43,0.089933
13,44,0.091194
13,45,0.111021
13,46,0.101212
13,47,0.128900
13,48,0.204072
13,49,0.236859
13,50,0.202226
13,51,0.213203
13,52,0.155152
13,53,0.145393
13,54,0.186450
13,55,0.255401
13,56,0.344827
13,57,0.447397
13,58,0.344122
13,59,0.345109
13,60,0.423599
13,61,0.296408
13,62,0.107218
13,63,0.145707
13,64,0.086146
13,65,0.094469
13,66,0.058404
13,67,0.053439
13,68,0.090392
13,69,0.015690
13,70,0.019296
13,71,0.014498
13,72,0.078824
13,73,0.060819
13,74,0.054249
13,75,0.052035
13,76,0.079357
13,77,0.055714
13,78,0.073397
13,79,0.079051
13,80,0.079570
13,81,0.061974
13,82,0.069789
13,83,0.107085
13,84,0.092723
13,85,0.069763
13,86,0.079789
13,87,0.098518
13,88,0.063977
13,89,0.070165
13,90,0.082072
13,91,0.057451
13,92,0.042137
13,93,0.067841
13,94,0.094114
13,95,0.110147
13,96,0.114810
13,97,0.109169
13,98,0.118103
13,99,0.122408
13,100,0.120615
13,101,0.081888
13,102,0.079581
13,103,0.074369
13,104,0.080191
13,105,0.093800
13,106,0.078409
13,107,0.103205
13,108,0.114597
13,109,0.127201
13,110,0.089198
13,111,0.084680
13,112,0.070641
13,113,0.126837
13,114,0.113869
13,115,0.109381
13,116,0.083716
13,117,0.076361
13,118,0.086588
13,119,0.156380
13,120,0.075895
13,121,0.149900
13,122,0.063369
13,123,0.052313
13,124,-0.013624
13,125,0.062586
13,126,0.038784
13,127,0.040783
13,128,0.083955
13,129,0.087092
13,130,0.041533
13,131,0.043176
13,132,0.075679
13,133,0.106719
13,134,0.096840
13,135,0.086589
13,136,0.094359
13,137,0.094296
13,138,0.062899
13,139,0.001814
13,140,0.063024
13,141,0.115672
13,142,0.094864
13,143,0.095437
13,144,0.123279
13,145,0.099554
13,146,0.086195
13,147,0.086677
13,148,-0.003941
13,149,0.088634
13,150,0.090438
13,151,0.120159
13,152,0.140633
13,153,0.122801
13,154,0.136767
13,155,0.108299
13,156,0.132132
13,157,0.129101
13,158,0.098913
13,159,0.126254
13,160,0.140442
13,161,0.111648
13,162,0.101404
13,163,0.084802
13,164,0.052938
13,165,0.081142
13,166,0.093908
13,167,0.052578
13,168,-0.001671
13,169,0.024461
13,170,0.086232
13,171,0.072034
13,172,0.097594
13,173,0.101271
13,174,0.100302
13,175,0.085588
13,176,0.109485
13,177,0.126820
13,178,0.125066
13,179,0.134199
13,180,0.149569
13,181,0.140055
13,182,0.151050
13,183,0.115647
13,184,0.100963
13,185,0.074797
13,186,0.040407
13,187,0.045027
13,188,0.000383
13,189,0.000907
13,190,0.027261
13,191,0.001681
13,192,0.058705
14,1,0.257650
14,2,0.314747
14,3,0.273817
14,4,0.184967
14,5,0.171471
14,6,0.126056
14,7,0.118798
14,8,0.086779
14,9,0.106406
14,10,0.124274
14,11,0.195672
14,12,0.400906
14,13,0.598076
14,14,1.000000
14,15,0.671220
14,16,0.325877
14,17,-0.004400
14,18,-0.010756
14,19,-0.018974
14,20,0.035252
14,21,0.036831
14,22,0.101372
14,23,0.107485
14,24,0.183500
14,25,0.375123
14,26,0.634793
14,27,0.497502
14,28,0.334211
14,29,0.248738
14,30,0.122044
14,31,0.172461
14,32,0.216900
14,33,0.044573
14,34,0.022830
14,35,0.089328
14,36,0.056529
14,37,0.020198
14,38,-0.010695
14,39,0.121151
14,40,0.101373
14,41,0.057885
14,42,0.080798
14,43,0.081315
14,44,0.084534
14,45,0.088854
14,46,0.091399
14,47,0.060832
14,48,0.046151
14,49,0.135596
14,50,0.146464
14,51,0.104178
14,52,0.095141
14,53,0.071910
14,54,0.094839
14,55,0.099942
14,56,0.108562
14,57,0.207070
14,58,0.109200
14,59,0.152637
14,60,0.242605
14,61,0.200975
14,62,0.123341
14,63,0.132774
14,64,0.081054
14,65,0.071045
14,66,0.073654
14,67,0.063742
14,68,0.097172
14,69,0.009480
14,70,0.033554
14,71,0.059310
14,72,0.090328
14,73,0.071275
14,74,0.077349
14,75,0.043777
14,76,0.083798
14,77,0.043853
14,78,0.043577
14,79,0.049114
14,80,0.010464
14,81,0.031099
14,82,0.021098
14,83,0.041473
14,84,0.063201
14,85,0.043961
14,86,0.040830
14,87,0.053916
14,88,0.070287
14,89,0.099303
14,90,0.078754
14,91,0.054750
14,92,0.020548
14,93,0.091033
14,94,0.109844
14,95,0.097829
14,96,0.072593
14,97,0.068303
14,98,0.074274
14,99,0.083746
14,100,0.128676
14,101,0.089222
14,102,0.070497
14,103,0.054361
14,104,0.044290
14,105,0.056259
14,106,0.064076
14,107,0.086034
14,108,0.112653
14,109,0.104290
14,110,0.045931
14,111,0.040391
14,112,-0.006878
14,113,0.079807
14,114,0.100456
14,115,0.122317
14,116,0.088889
14,117,0.090552
14,118,0.090211
14,119,0.087497
14,120,0.013318
14,121,0.020658
14,122,0.013202
14,123,-0.008714
14,124,-0.042578
14,125,-0.007787
14,126,-0.032222
14,127,-0.029531
14,128,0.041671
14,129,0.048990
14,130,0.019791
14,131,0.016719
14,132,0.029783
14,133,0.041249
14,134,0.041504
14,135,-0.007188
14,136,0.027057
14,137,-0.012732
14,138,0.013954
14,139,-0.033783
14,140,0.018120
14,141,0.066574
14,142,0.094283
14,143,0.095911
14,144,0.117795
14,145,0.121432
14,146,0.130289
14,147,0.106330
14,148,-0.030134
14,149,0.067054
14,150,0.044130
14,151,0.058137
14,152,0.054681
14,153,0.060944
14,154,0.085490
14,155,0.070272
14,156,0.079402
14,157,0.047427
14,158,0.025911
14,159,0.063036
14,160,0.076133
14,161,0.049064
14,162,0.057862
14,163,0.051181
14,164,0.021264
14,165,0.043106
14,166,0.089831
14,167,0.031849
14,168,-0.032751
14,169,-0.014153
14,170,0.052473
14,171,0.031757
14,172,0.087266
14,173,0.062264
14,174,0.064066
14,175,0.034352
14,176,0.053997
14,177,0.076957
14,178,0.088823
14,179,0.085430
14,180,0.081756
14,181,0.078250
14,182,0.078086
14,183,0.044818
14,184,0.011670
14,185,-0.044080
14,186,-0.055035
14,187,-0.055637
14,188,-0.067355
14,189,-0.066806
14,190,-0.049414
14,191,-0.033179
14,192,0.017303
15,1,0.169138
15,2,0.231344
15,3,0.262517
15,4,0.213977
15,5,0.204969
15,6,0.161559
15,7,0.152452
15,8,0.155576
15,9,0.183947
15,10,0.207588
15,11,0.275247
15,12,0.321647
15,13,0.378323
15,14,0.671220
15,15,1.000000
15,16,0.741444
15,17,0.213466
15,18,0.110935
15,19,0.077617
15,20,0.140097
15,21,0.202435
15,22,0.313124
15,23,0.416581
15,24,0.451644
15,25,0.592595
15,26,0.497755
15,27,0.424958
15,28,0.370506
15,29,0.302840
15,30,0.224848
15,31,0.248495
15,32,0.260304
15,33,0.137853
15,34,0.101163
15,35,0.134522
15,36,0.115248
15,37,-0.007093
15,38,0.029621
15,39,0.085168
15,40,0.095885
15,41,0.116411
15,42,0.147322
15,43,0.193038
15,44,0.187668
15,45,0.185462
15,46,0.180221
15,47,0.158118
15,48,0.135851
15,49,0.146118
15,50,0.148416
15,51,0.136434
15,52,0.118371
15,53,0.077635
15,54,0.119868
15,55,0.127515
15,56,0.186486
15,57,0.265227
15,58,0.228911
15,59,0.242857
15,60,0.294876
15,61,0.216987
15,62,0.169382
15,63,0.197970
15,64,0.142062
15,65,0.110625
15,66,0.110918
15,67,0.107103
15,68,0.145264
15,69,0.047326
15,70,0.080504
15,71,0.076915
15,72,0.133750
15,73,0.130620
15,74,0.134289
15,75,0.097217
15,76,0.161397
15,77,0.082715
15,78,0.140830
15,79,0.122764
15,80,0.072416
15,81,0.141361
15,82,0.111752
15,83,0.138471
15,84,0.174163
15,85,0.153835
15,86,0.138537
15,87,0.152463
15,88,0.171354
15,89,0.194151
15,90,0.164900
15,91,0.126030
15,92,0.050432
15,93,0.095238
15,94,0.107813
15,95,0.134465
15,96,0.122343
15,97,0.133260
15,98,0.143959
15,99,0.192182
15,100,0.218086
15,101,0.199459
15,102,0.186800
15,103,0.161952
15,104,0.109978
15,105,0.147339
15,106,0.173380
15,107,0.187987
15,108,0.212156
15,109,0.200689
15,110,0.146635
15,111,0.116644
15,112,0.067581
15,113,0.106440
15,114,0.169810
15,115,0.144941
15,116,0.098398
15,117,0.096415
15,118,0.078612
15,119,0.076072
15,120,0.028976
15,121,0.086172
15,122,0.035422
15,123,0.033488
15,124,0.006543
15,125,0.095478
15,126,0.073679
15,127,0.086761
15,128,0.115558
15,129,0.060973
15,130,0.029186
15,131,0.029530
15,132,0.099515
15,133,0.119766
15,134,0.129768
15,135,0.080971
15,136,0.131697
15,137,0.069120
15,138,0.024569
15,139,-0.027172
15,140,0.060034
15,141,0.090847
15,142,0.095612
15,143,0.105860
15,144,0.172208
15,145,0.182110
15,146,0.181443
15,147,0.151054
15,148,-0.019826
15,149,0.086405
15,150,0.078946
15,151,0.111551
15,152,0.109938
15,153,0.095720
15,154,0.138498
15,155,0.141934
15,156,0.166460
15,157,0.144971
15,158,0.140451
15,159,0.165357
15,160,0.176812
15,161,0.156190
15,162,0.168165
15,163,0.151460
15,164,0.099313
15,165,0.133219
15,166,0.141841
15,167,0.055504
15,168,0.002058
15,169,-0.040536
15,170,0.085974
15,171,0.084899
15,172,0.159144
15,173,0.160581
15,174,0.149427
15,175,0.117912
15,176,0.163534
15,177,0.179827
15,178,0.186650
15,179,0.191221
15,180,0.162546
15,181,0.158302
15,182,0.178228
15,183,0.122203
15,184,0.082704
15,185,0.023279
15,186,-0.002751
15,187,-0.005229
15,188,-0.030100
15,189,-0.033968
15,190,-0.019100
15,191,0.026345
15,192,0.051125
16,1,0.102389
16,2,0.184057
16,3,0.276165
16,4,0.262525
16,5,0.276983
16,6,0.237347
16,7,0.194575
16,8,0.241127
16,9,0.320124
16,10,0.338908
16,11,0.377405
16,12,0.278820
16,13,0.190735
16,14,0.325877
16,15,0.741444
16,16,1.000000
16,17,0.453902
16,18,0.242908
16,19,0.187054
16,20,0.260225
16,21,0.379155
16,22,0.519244
16,23,0.687149
16,24,0.642559
16,25,0.674669
16,26,0.372117
16,27,0.265250
16,28,0.343200
16,29,0.310698
16,30,0.329720
16,31,0.316776
16,32,0.296420
16,33,0.224829
16,34,0.157449
16,35,0.162420
16,36,0.163288
16,37,-0.012070
16,38,0.013541
16,39,0.033275
16,40,0.053784
16,41,0.207017
16,42,0.231226
16,43,0.317034
16,44,0.309723
16,45,0.321775
16,46,0.289750
16,47,0.261241
16,48,0.164787
16,49,0.106164
16,50,0.098081
16,51,0.090572
16,52,0.119123
16,53,0.062950
16,54,0.134340
16,55,0.151348
16,56,0.214033
16,57,0.224640
16,58,0.239487
16,59,0.263302
16,60,0.309216
16,61,0.198692
16,62,0.213331
16,63,0.248600
16,64,0.221310
16,65,0.128883
16,66,0.163317
16,67,0.115650
16,68,0.155290
16,69,0.058184
16,70,0.093317
16,71,0.122983
16,72,0.206651
16,73,0.223581
16,74,0.221660
16,75,0.196436
16,76,0.266501
16,77,0.176075
16,78,0.288311
16,79,0.245428
16,80,0.188759
16,81,0.287433
16,82,0.227476
16,83,0.265797
16,84,0.308002
16,85,0.258279
16,86,0.221469
16,87,0.251280
16,88,0.252702
16,89,0.259392
16,90,0.202976
16,91,0.141077
16,92,0.057333
16,93,0.070769
16,94,0.079143
16,95,0.133981
16,96,0.134254
16,97,0.198087
16,98,0.206886
16,99,0.288607
16,100,0.317035
16,101,0.315050
16,102,0.303781
16,103,0.265977
16,104,0.186998
16,105,0.242564
16,106,0.298032
16,107,0.315842
16,108,0.311806
16,109,0.291451
16,110,0.247633
16,111,0.181441
16,112,0.138075
16,113,0.091622
16,114,0.189321
16,115,0.145073
16,116,0.088261
16,117,0.083291
16,118,0.053768
16,119,0.063903
16,120,0.020828
16,121,0.131047
16,122,0.037414
16,123,0.032594
16,124,0.053553
16,125,0.192333
16,126,0.171077
16,127,0.149539
16,128,0.161900
16,129,0.063139
16,130,0.049807
16,131,0.107857
16,132,0.128239
16,133,0.167977
16,134,0.204365
16,135,0.148886
16,136,0.172786
16,137,0.120438
16,138,0.022977
16,139,0.009986
16,140,0.100402
16,141,0.114060
16,142,0.117698
16,143,0.151219
16,144,0.231339
16,145,0.212825
16,146,0.238557
16,147,0.215430
16,148,-0.011912
16,149,0.099836
16,150,0.099616
16,151,0.156071
16,152,0.191038
16,153,0.149551
16,154,0.209846
16,155,0.235677
16,156,0.274147
16,157,0.258586
16,158,0.247370
16,159,0.274692
16,160,0.290239
16,161,0.258027
16,162,0.281733
16,163,0.250452
16,164,0.169526
16,165,0.209560
16,166,0.212569
16,167,0.095153
16,168,0.039616
16,169,-0.022717
16,170,0.142806
16,171,0.167422
16,172,0.237086
16,173,0.259625
16,174,0.226739
16,175,0.213006
16,176,0.258714
16,177,0.293648
16,178,0.293477
16,179,0.286436
16,180,0.239305
16,181,0.230175
16,182,0.261655
16,183,0.194759
16,184,0.149150
16,185,0.094001
16,186,0.075277
16,187,0.072919
16,188,0.035513
16,189,0.043805
16,190,0.026384
16,191,0.050317
16,192,0.055797
17,1,0.217065
17,2,0.283682
17,3,0.303951
17,4,0.245298
17,5,0.278700
17,6,0.313328
17,7,0.254305
17,8,0.305325
17,9,0.424345
17,10,0.411086
17,11,0.455739
17,12,0.358342
17,13,0.214661
17,14,-0.004400
17,15,0.213466
17,16,0.453902
17,17,1.000000
17,18,0.855649
17,19,0.798276
17,20,0.761863
17,21,0.778644
17,22,0.662854
17,23,0.578858
17,24,0.452939
17,25,0.286925
17,26,0.203190
17,27,0.266239
17,28,0.433348
17,29,0.453988
17,30,0.450856
17,31,0.354587
17,32,0.262355
17,33,0.191980
17,34,0.227852
17,35,0.374736
17,36,0.222061
17,37,-0.008047
17,38,0.195659
17,39,0.238570
17,40,0.186190
17,41,0.272466
17,42,0.349328
17,43,0.465011
17,44,0.497910
17,45,0.527019
17,46,0.467211
17,47,0.496182
17,48,0.401294
17,49,0.295613
17,50,0.292428
17,51,0.196382
17,52,0.208605
17,53,0.189568
17,54,0.229054
17,55,0.354993
17,56,0.405319
17,57,0.415831
17,58,0.443566
17,59,0.440843
17,60,0.416307
17,61,0.338200
17,62,0.338798
17,63,0.383194
17,64,0.349446
17,65,0.203118
17,66,0.101821
17,67,0.095459
17,68,0.101414
17,69,0.041563
17,70,0.081031
17,71,0.130726
17,72,0.299989
17,73,0.363917
17,74,0.316523
17,75,0.364869
17,76,0.451920
17,77,0.369969
17,78,0.519798
17,79,0.427123
17,80,0.411937
17,81,0.447166
17,82,0.382424
17,83,0.408379
17,84,0.418893
17,85,0.366956
17,86,0.288280
17,87,0.308003
17,88,0.278945
17,89,0.239727
17,90,0.234772
17,91,0.131041
17,92,0.119691
17,93,0.089240
17,94,0.080694
17,95,0.153922
17,96,0.227151
17,97,0.345279
17,98,0.345559
17,99,0.453422
17,100,0.454931
17,101,0.469404
17,102,0.439381
17,103,0.358823
17,104,0.301249
17,105,0.413536
17,106,0.492288
17,107,0.530959
17,108,0.476342
17,109,0.475610
17,110,0.417027
17,111,0.324404
17,112,0.353311
17,113,0.071741
17,114,0.193622
17,115,0.126551
17,116,0.057394
17,117,0.012960
17,118,0.031283
17,119,0.066593
17,120,0.061688
17,121,0.202818
17,122,0.082686
17,123,0.092114
17,124,0.175307
17,125,0.278575
17,126,0.230391
17,127,0.203644
17,128,0.122267
17,129,0.058395
17,130,0.023070
17,131,0.173331
17,132,0.124586
17,133,0.174538
17,134,0.213601
17,135,0.197299
17,136,0.203637
17,137,0.250932
17,138,0.095506
17,139,0.115134
17,140,0.221592
17,141,0.220167
17,142,0.178448
17,143,0.260221
17,144,0.320489
17,145,0.203647
17,146,0.274305
17,147,0.291645
17,148,-0.005914
17,149,0.070581
17,150,0.038984
17,151,0.137327
17,152,0.198551
17,153,0.135411
17,154,0.174670
17,155,0.219201
17,156,0.261284
17,157,0.308957
17,158,0.332186
17,159,0.359550
17,160,0.361773
17,161,0.350723
17,162,0.360814
17,163,0.339009
17,164,0.244844
17,165,0.301818
17,166,0.290018
17,167,0.137595
17,168,0.060722
17,169,0.075566
17,170,0.208741
17,171,0.286060
17,172,0.332271
17,173,0.345074
17,174,0.308885
17,175,0.344794
17,176,0.352742
17,177,0.365406
17,178,0.309399
17,179,0.286465
17,180,0.251653
17,181,0.282945
17,182,0.339225
17,183,0.301269
17,184,0.265474
17,185,0.272214
17,186,0.237441
17,187,0.285077
17,188,0.218107
17,189,0.231701
17,190,0.213147
17,191,0.156373
17,192,0.193004
18,1,0.203047
18,2,0.281208
18,3,0.282066
18,4,0.219764
18,5,0.238483
18,6,0.289585
18,7,0.244670
18,8,0.276447
18,9,0.387485
18,10,0.362693
18,11,0.403736
18,12,0.330507
18,13,0.216449
18,14,-0.010756
18,15,0.110935
18,16,0.242908
18,17,0.855649
18,18,1.000000
18,19,0.951642
18,20,0.807597
18,21,0.683738
18,22,0.550767
18,23,0.413303
18,24,0.399159
18,25,0.227553
18,26,0.180309
18,27,0.270631
18,28,0.421211
18,29,0.432748
18,30,0.403866
18,31,0.306735
18,32,0.210047
18,33,0.138865
18,34,0.223103
18,35,0.426758
18,36,0.188927
18,37,-0.038026
18,38,0.228797
18,39,0.284078
18,40,0.194891
18,41,0.237670
18,42,0.316787
18,43,0.415236
18,44,0.462884
18,45,0.486146
18,46,0.428450
18,47,0.486661
18,48,0.407526
18,49,0.329050
18,50,0.324513
18,51,0.178376
18,52,0.207867
18,53,0.206269
18,54,0.242486
18,55,0.363477
18,56,0.386751
18,57,0.424451
18,58,0.441065
18,59,0.432693
18,60,0.402532
18,61,0.351818
18,62,0.310104
18,63,0.370756
18,64,0.326873
18,65,0.175593
18,66,0.024068
18,67,0.049200
18,68,0.037714
18,69,0.020712
18,70,0.052288
18,71,0.098541
18,72,0.281263
18,73,0.348311
18,74,0.299758
18,75,0.361538
18,76,0.437692
18,77,0.364237
18,78,0.482689
18,79,0.394334
18,80,0.383607
18,81,0.392794
18,82,0.337312
18,83,0.346386
18,84,0.350558
18,85,0.315903
18,86,0.239750
18,87,0.253376
18,88,0.219961
18,89,0.173918
18,90,0.183806
18,91,0.095343
18,92,0.100770
18,93,0.082549
18,94,0.078579
18,95,0.149268
18,96,0.212003
18,97,0.323797
18,98,0.327108
18,99,0.425924
18,100,0.407948
18,101,0.424971
18,102,0.390140
18,103,0.293450
18,104,0.281388
18,105,0.396588
18,106,0.445565
18,107,0.493082
18,108,0.447947
18,109,0.452302
18,110,0.391242
18,111,0.297867
18,112,0.382049
18,113,0.052328
18,114,0.162187
18,115,0.091352
18,116,0.025816
18,117,-0.000995
18,118,0.016153
18,119,0.053716
18,120,0.059340
18,121,0.193634
18,122,0.108614
18,123,0.123196
18,124,0.201556
18,125,0.248397
18,126,0.189288
18,127,0.184027
18,128,0.093890
18,129,0.056801
18,130,-0.003642
18,131,0.160040
18,132,0.082136
18,133,0.122804
18,134,0.156716
18,135,0.144069
18,136,0.157669
18,137,0.228323
18,138,0.110662
18,139,0.131464
18,140,0.209843
18,141,0.195520
18,142,0.153901
18,143,0.248802
18,144,0.279433
18,145,0.146395
18,146,0.232117
18,147,0.260019
18,148,-0.007889
18,149,0.022427
18,150,-0.016156
18,151,0.090697
18,152,0.149720
18,153,0.105775
18,154,0.130516
18,155,0.173135
18,156,0.201025
18,157,0.267058
18,158,0.305561
18,159,0.327557
18,160,0.315513
18,161,0.319448
18,162,0.303721
18,163,0.287084
18,164,0.199536
18,165,0.252967
18,166,0.248743
18,167,0.112762
18,168,0.039121
18,169,0.088012
18,170,0.192634
18,171,0.255852
18,172,0.302016
18,173,0.303124
18,174,0.255289
18,175,0.285061
18,176,0.287278
18,177,0.303963
18,178,0.242436
18,179,0.213096
18,180,0.177797
18,181,0.220425
18,182,0.261090
18,183,0.249981
18,184,0.229160
18,185,0.257670
18,186,0.220811
18,187,0.282658
18,188,0.232211
18,189,0.249826
18,190,0.239175
18,191,0.187191
18,192,0.243091
19,1,0.196454
19,2,0.267636
19,3,0.264022
19,4,0.195548
19,5,0.210033
19,6,0.262988
19,7,0.225794
19,8,0.269635
19,9,0.361044
19,10,0.336816
19,11,0.378854
19,12,0.322675
19,13,0.212284
19,14,-0.018974
19,15,0.077617
19,16,0.187054
19,17,0.798276
19,18,0.951642
19,19,1.000000
19,20,0.881517
19,21,0.719471
19,22,0.537569
19,23,0.369099
19,24,0.358088
19,25,0.195585
19,26,0.155506
19,27,0.260870
19,28,0.406150
19,29,0.418634
19,30,0.383800
19,31,0.283883
19,32,0.180291
19,33,0.104632
19,34,0.196372
19,35,0.426617
19,36,0.194515
19,37,-0.019621
19,38,0.234018
19,39,0.285702
19,40,0.190869
19,41,0.240736
19,42,0.314244
19,43,0.411813
19,44,0.450875
19,45,0.475862
19,46,0.419187
19,47,0.477042
19,48,0.395632
19,49,0.321931
19,50,0.320619
19,51,0.175334
19,52,0.216985
19,53,0.225370
19,54,0.246822
19,55,0.375267
19,56,0.371964
19,57,0.408833
19,58,0.431283
19,59,0.423700
19,60,0.389817
19,61,0.340654
19,62,0.283852
19,63,0.342340
19,64,0.305992
19,65,0.145247
19,66,0.017930
19,67,0.036928
19,68,0.032733
19,69,0.020598
19,70,0.052213
19,71,0.098968
19,72,0.276279
19,73,0.340343
19,74,0.286657
19,75,0.343860
19,76,0.421052
19,77,0.352074
19,78,0.473006
19,79,0.385603
19,80,0.379998
19,81,0.378690
19,82,0.325991
19,83,0.342376
19,84,0.343834
19,85,0.310543
19,86,0.240252
19,87,0.248208
19,88,0.212213
19,89,0.159753
19,90,0.161420
19,91,0.068511
19,92,0.067299
19,93,0.058758
19,94,0.059191
19,95,0.135367
19,96,0.180079
19,97,0.295636
19,98,0.313077
19,99,0.405929
19,100,0.385256
19,101,0.411309
19,102,0.379684
19,103,0.278749
19,104,0.266267
19,105,0.381636
19,106,0.430248
19,107,0.477775
19,108,0.434496
19,109,0.426233
19,110,0.365249
19,111,0.276215
19,112,0.385947
19,113,0.063486
19,114,0.159903
19,115,0.088713
19,116,0.016133
19,117,-0.014196
19,118,0.006339
19,119,0.046652
19,120,0.050372
19,121,0.178302
19,122,0.105251
19,123,0.119712
19,124,0.207157
19,125,0.252938
19,126,0.195330
19,127,0.175348
19,128,0.076367
19,129,0.051611
19,130,-0.008865
19,131,0.150189
19,132,0.064799
19,133,0.118400
19,134,0.166467
19,135,0.148370
19,136,0.147263
19,137,0.224152
19,138,0.104434
19,139,0.126267
19,140,0.207745
19,141,0.187209
19,142,0.141856
19,143,0.233598
19,144,0.261709
19,145,0.140422
19,146,0.214866
19,147,0.240527
19,148,-0.014353
19,149,0.015106
19,150,-0.016376
19,151,0.091633
19,152,0.149223
19,153,0.104012
19,154,0.122102
19,155,0.165421
19,156,0.195856
19,157,0.256439
19,158,0.288349
19,159,0.315347
19,160,0.307795
19,161,0.307386
19,162,0.292997
19,163,0.280824
19,164,0.192451
19,165,0.238904
19,166,0.240275
19,167,0.111737
19,168,0.046538
19,169,0.093832
19,170,0.190491
19,171,0.248074
19,172,0.292163
19,173,0.289076
19,174,0.241641
19,175,0.271290
19,176,0.280895
19,177,0.305562
19,178,0.250378
19,179,0.218147
19,180,0.179848
19,181,0.217960
19,182,0.255991
19,183,0.241233
19,184,0.223734
19,185,0.258054
19,186,0.216226
19,187,0.279286
19,188,0.227914
19,189,0.243427
19,190,0.236382
19,191,0.168364
19,192,0.252609
20,1,0.219108
20,2,0.289680
20,3,0.296055
20,4,0.213898
20,5,0.237653
20,6,0.289025
20,7,0.235049
20,8,0.286416
20,9,0.387515
20,10,0.374225
20,11,0.421818
20,12,0.373281
20,13,0.253832
20,14,0.035252
20,15,0.140097
20,16,0.260225
20,17,0.761863
20,18,0.807597
20,19,0.881517
20,20,1.000000
20,21,0.886330
20,22,0.702538
20,23,0.468089
20,24,0.386422
20,25,0.230392
20,26,0.203774
20,27,0.307139
20,28,0.456477
20,29,0.470129
20,30,0.422923
20,31,0.343809
20,32,0.234810
20,33,0.120155
20,34,0.194737
20,35,0.378635
20,36,0.252572
20,37,0.038476
20,38,0.154708
20,39,0.234087
20,40,0.199804
20,41,0.283133
20,42,0.345598
20,43,0.445542
20,44,0.465914
20,45,0.500458
20,46,0.448373
20,47,0.492626
20,48,0.417526
20,49,0.300918
20,50,0.299002
20,51,0.223219
20,52,0.273246
20,53,0.214803
20,54,0.257309
20,55,0.393727
20,56,0.412730
20,57,0.438479
20,58,0.464205
20,59,0.452617
20,60,0.426446
20,61,0.343704
20,62,0.281710
20,63,0.347083
20,64,0.317477
20,65,0.150611
20,66,0.085068
20,67,0.068377
20,68,0.078111
20,69,0.042084
20,70,0.077956
20,71,0.142604
20,72,0.311452
20,73,0.372606
20,74,0.304602
20,75,0.358469
20,76,0.439764
20,77,0.357364
20,78,0.506797
20,79,0.419707
20,80,0.411051
20,81,0.415984
20,82,0.357414
20,83,0.394762
20,84,0.404731
20,85,0.356521
20,86,0.294752
20,87,0.314306
20,88,0.269176
20,89,0.226999
20,90,0.203863
20,91,0.102242
20,92,0.065154
20,93,0.069347
20,94,0.067641
20,95,0.169126
20,96,0.180032
20,97,0.302374
20,98,0.331839
20,99,0.416987
20,100,0.406052
20,101,0.423852
20,102,0.406531
20,103,0.323500
20,104,0.290943
20,105,0.406703
20,106,0.463000
20,107,0.499643
20,108,0.453213
20,109,0.448180
20,110,0.381598
20,111,0.273119
20,112,0.318669
20,113,0.079238
20,114,0.173092
20,115,0.125429
20,116,0.050676
20,117,0.037340
20,118,0.027038
20,119,0.102058
20,120,0.058259
20,121,0.202012
20,122,0.101744
20,123,0.102981
20,124,0.205754
20,125,0.301656
20,126,0.241554
20,127,0.189976
20,128,0.103487
20,129,0.057669
20,130,0.014148
20,131,0.137517
20,132,0.086251
20,133,0.168217
20,134,0.215775
20,135,0.188144
20,136,0.173633
20,137,0.244106
20,138,0.105441
20,139,0.126853
20,140,0.226659
20,141,0.219963
20,142,0.172515
20,143,0.237154
20,144,0.287078
20,145,0.178260
20,146,0.235757
20,147,0.255350
20,148,-0.013015
20,149,0.066251
20,150,0.040622
20,151,0.145319
20,152,0.204925
20,153,0.142905
20,154,0.153520
20,155,0.192242
20,156,0.231948
20,157,0.279809
20,158,0.298200
20,159,0.343425
20,160,0.352563
20,161,0.343183
20,162,0.342181
20,163,0.327047
20,164,0.221692
20,165,0.273572
20,166,0.265347
20,167,0.127828
20,168,0.059439
20,169,0.096923
20,170,0.219142
20,171,0.260301
20,172,0.312783
20,173,0.310701
20,174,0.269351
20,175,0.290836
20,176,0.316071
20,177,0.372485
20,178,0.319765
20,179,0.283157
20,180,0.241601
20,181,0.253179
20,182,0.296940
20,183,0.261100
20,184,0.236974
20,185,0.269626
20,186,0.215423
20,187,0.273914
20,188,0.204823
20,189,0.222200
20,190,0.201242
20,191,0.122599
20,192,0.205082
21,1,0.196260
21,2,0.270079
21,3,0.299503
21,4,0.229857
21,5,0.253809
21,6,0.286120
21,7,0.228405
21,8,0.287080
21,9,0.395569
21,10,0.391717
21,11,0.432875
21,12,0.358428
21,13,0.215935
21,14,0.036831
21,15,0.202435
21,16,0.379155
21,17,0.778644
21,18,0.683738
21,19,0.719471
21,20,0.886330
21,21,1.000000
21,22,0.797153
21,23,0.574030
21,24,0.403822
21,25,0.264974
21,26,0.223952
21,27,0.287197
21,28,0.438062
21,29,0.454205
21,30,0.433412
21,31,0.353133
21,32,0.258919
21,33,0.158466
21,34,0.191606
21,35,0.311314
21,36,0.229345
21,37,0.036040
21,38,0.124116
21,39,0.193942
21,40,0.187536
21,41,0.267184
21,42,0.327939
21,43,0.447352
21,44,0.468189
21,45,0.506403
21,46,0.464017
21,47,0.493881
21,48,0.391407
21,49,0.265990
21,50,0.264931
21,51,0.246654
21,52,0.264074
21,53,0.184609
21,54,0.220227
21,55,0.345975
21,56,0.399658
21,57,0.399633
21,58,0.427683
21,59,0.421698
21,60,0.414067
21,61,0.326502
21,62,0.306332
21,63,0.362162
21,64,0.327607
21,65,0.171682
21,66,0.114393
21,67,0.093841
21,68,0.092954
21,69,0.048141
21,70,0.082752
21,71,0.138562
21,72,0.296555
21,73,0.361960
21,74,0.297585
21,75,0.348078
21,76,0.429260
21,77,0.340652
21,78,0.507958
21,79,0.415572
21,80,0.402236
21,81,0.430169
21,82,0.355771
21,83,0.400270
21,84,0.422710
21,85,0.357399
21,86,0.293858
21,87,0.320889
21,88,0.281278
21,89,0.252655
21,90,0.225522
21,91,0.125596
21,92,0.084622
21,93,0.083885
21,94,0.078841
21,95,0.180391
21,96,0.208571
21,97,0.321733
21,98,0.345153
21,99,0.436287
21,100,0.432280
21,101,0.439524
21,102,0.422446
21,103,0.343733
21,104,0.288442
21,105,0.399054
21,106,0.468215
21,107,0.512073
21,108,0.461238
21,109,0.460022
21,110,0.395694
21,111,0.306345
21,112,0.283963
21,113,0.089512
21,114,0.185414
21,115,0.127728
21,116,0.074529
21,117,0.051634
21,118,0.044365
21,119,0.090206
21,120,0.047259
21,121,0.195113
21,122,0.084810
21,123,0.079694
21,124,0.169553
21,125,0.299357
21,126,0.250128
21,127,0.195002
21,128,0.126748
21,129,0.063500
21,130,0.046867
21,131,0.123563
21,132,0.104179
21,133,0.183806
21,134,0.230271
21,135,0.205374
21,136,0.194277
21,137,0.254181
21,138,0.091105
21,139,0.127513
21,140,0.225598
21,141,0.224535
21,142,0.182120
21,143,0.251057
21,144,0.304444
21,145,0.207521
21,146,0.264735
21,147,0.270563
21,148,-0.005241
21,149,0.081717
21,150,0.065778
21,151,0.161865
21,152,0.216357
21,153,0.149162
21,154,0.161673
21,155,0.208509
21,156,0.250764
21,157,0.279215
21,158,0.295481
21,159,0.350815
21,160,0.367537
21,161,0.351893
21,162,0.360101
21,163,0.338714
21,164,0.233922
21,165,0.294681
21,166,0.281032
21,167,0.143303
21,168,0.084419
21,169,0.091498
21,170,0.227890
21,171,0.282231
21,172,0.330399
21,173,0.328692
21,174,0.300648
21,175,0.323013
21,176,0.349430
21,177,0.394748
21,178,0.330492
21,179,0.306746
21,180,0.271595
21,181,0.269073
21,182,0.330006
21,183,0.289206
21,184,0.254184
21,185,0.277966
21,186,0.231628
21,187,0.281690
21,188,0.206395
21,189,0.206535
21,190,0.182266
21,191,0.095935
21,192,0.153174
22,1,0.142424
22,2,0.230927
22,3,0.325718
22,4,0.279007
22,5,0.286795
22,6,0.279163
22,7,0.213994
22,8,0.277249
22,9,0.413152
22,10,0.423303
22,11,0.466142
22,12,0.331726
22,13,0.195379
22,14,0.101372
22,15,0.313124
22,16,0.519244
22,17,0.662854
22,18,0.550767
22,19,0.537569
22,20,0.702538
22,21,0.797153
22,22,1.000000
22,23,0.771917
22,24,0.623025
22,25,0.462101
22,26,0.314175
22,27,0.306571
22,28,0.464365
22,29,0.461176
22,30,0.463097
22,31,0.380755
22,32,0.325463
22,33,0.167675
22,34,0.163531
22,35,0.241774
22,36,0.277648
22,37,0.041986
22,38,0.032309
22,39,0.146709
22,40,0.199406
22,41,0.312614
22,42,0.362447
22,43,0.482485
22,44,0.491745
22,45,0.513028
22,46,0.476648
22,47,0.468112
22,48,0.349361
22,49,0.220526
22,50,0.215252
22,51,0.225699
22,52,0.219512
22,53,0.110293
22,54,0.195321
22,55,0.294398
22,56,0.392274
22,57,0.413023
22,58,0.420167
22,59,0.401896
22,60,0.409450
22,61,0.280384
22,62,0.325270
22,63,0.371938
22,64,0.337907
22,65,0.177534
22,66,0.178586
22,67,0.112478
22,68,0.117401
22,69,0.054867
22,70,0.091465
22,71,0.182785
22,72,0.310571
22,73,0.359189
22,74,0.331836
22,75,0.347862
22,76,0.447374
22,77,0.337288
22,78,0.505938
22,79,0.423518
22,80,0.389747
22,81,0.459264
22,82,0.373257
22,83,0.417168
22,84,0.455720
22,85,0.385668
22,86,0.343986
22,87,0.379381
22,88,0.336063
22,89,0.332580
22,90,0.278187
22,91,0.171004
22,92,0.078029
22,93,0.094613
22,94,0.094584
22,95,0.163126
22,96,0.178242
22,97,0.290168
22,98,0.306834
22,99,0.415752
22,100,0.453893
22,101,0.448716
22,102,0.446327
22,103,0.370853
22,104,0.290562
22,105,0.407511
22,106,0.490770
22,107,0.508423
22,108,0.462865
22,109,0.454884
22,110,0.391574
22,111,0.266020
22,112,0.194867
22,113,0.068634
22,114,0.191600
22,115,0.152659
22,116,0.089780
22,117,0.097468
22,118,0.033883
22,119,0.109199
22,120,0.016719
22,121,0.186062
22,122,0.076290
22,123,0.085211
22,124,0.174261
22,125,0.342694
22,126,0.288478
22,127,0.211303
22,128,0.169714
22,129,0.077891
22,130,0.093939
22,131,0.122639
22,132,0.098391
22,133,0.195942
22,134,0.279963
22,135,0.181462
22,136,0.189096
22,137,0.233030
22,138,0.081796
22,139,0.095348
22,140,0.187418
22,141,0.209009
22,142,0.181930
22,143,0.245663
22,144,0.311480
22,145,0.226626
22,146,0.286862
22,147,0.279601
22,148,-0.037694
22,149,0.080099
22,150,0.100572
22,151,0.191834
22,152,0.258809
22,153,0.182728
22,154,0.211883
22,155,0.253495
22,156,0.303813
22,157,0.306090
22,158,0.311990
22,159,0.384274
22,160,0.422213
22,161,0.395298
22,162,0.428212
22,163,0.398361
22,164,0.272021
22,165,0.298043
22,166,0.277962
22,167,0.157007
22,168,0.073484
22,169,0.072453
22,170,0.200176
22,171,0.242003
22,172,0.307043
22,173,0.315630
22,174,0.289336
22,175,0.309066
22,176,0.330870
22,177,0.445690
22,178,0.398521
22,179,0.383490
22,180,0.320019
22,181,0.263969
22,182,0.336925
22,183,0.308407
22,184,0.281611
22,185,0.275140
22,186,0.215201
22,187,0.236106
22,188,0.154949
22,189,0.163949
22,190,0.137029
22,191,0.058599
22,192,0.082414
23,1,0.072524
23,2,0.169519
23,3,0.275803
23,4,0.254133
23,5,0.282996
23,6,0.253548
23,7,0.197198
23,8,0.276826
23,9,0.362682
23,10,0.384633
23,11,0.421120
23,12,0.253509
23,13,0.129592
23,14,0.107485
23,15,0.416581
23,16,0.687149
23,17,0.578858
23,18,0.413303
23,19,0.369099
23,20,0.468089
23,21,0.574030
23,22,0.771917
23,23,1.000000
23,24,0.788171
23,25,0.614647
23,26,0.285430
23,27,0.230365
23,28,0.374669
23,29,0.367001
23,30,0.396629
23,31,0.342412
23,32,0.292432
23,33,0.200307
23,34,0.149132
23,35,0.240997
23,36,0.220897
23,37,-0.005020
23,38,0.035005
23,39,0.068923
23,40,0.118892
23,41,0.281611
23,42,0.307154
23,43,0.416408
23,44,0.413902
23,45,0.421147
23,46,0.388618
23,47,0.367102
23,48,0.259939
23,49,0.145621
23,50,0.152025
23,51,0.171086
23,52,0.159853
23,53,0.106658
23,54,0.175184
23,55,0.216889
23,56,0.305969
23,57,0.308593
23,58,0.333276
23,59,0.332263
23,60,0.342454
23,61,0.234914
23,62,0.261667
23,63,0.291722
23,64,0.274753
23,65,0.161953
23,66,0.170790
23,67,0.101938
23,68,0.117361
23,69,0.043762
23,70,0.080985
23,71,0.148996
23,72,0.235497
23,73,0.270648
23,74,0.249806
23,75,0.243906
23,76,0.319568
23,77,0.218115
23,78,0.385679
23,79,0.331284
23,80,0.304548
23,81,0.389858
23,82,0.331104
23,83,0.367650
23,84,0.409300
23,85,0.362303
23,86,0.316795
23,87,0.338264
23,88,0.320696
23,89,0.313049
23,90,0.262145
23,91,0.170900
23,92,0.064232
23,93,0.075675
23,94,0.053861
23,95,0.128735
23,96,0.154351
23,97,0.245761
23,98,0.256192
23,99,0.362674
23,100,0.378719
23,101,0.383622
23,102,0.359894
23,103,0.316660
23,104,0.227468
23,105,0.312581
23,106,0.383484
23,107,0.408927
23,108,0.389354
23,109,0.363937
23,110,0.322381
23,111,0.225615
23,112,0.219056
23,113,0.080293
23,114,0.196313
23,115,0.138030
23,116,0.052396
23,117,0.056312
23,118,0.009830
23,119,0.051039
23,120,0.014609
23,121,0.152098
23,122,0.052437
23,123,0.075243
23,124,0.146194
23,125,0.292789
23,126,0.261158
23,127,0.209045
23,128,0.181967
23,129,0.024594
23,130,0.040383
23,131,0.159107
23,132,0.145181
23,133,0.213632
23,134,0.280909
23,135,0.220128
23,136,0.228945
23,137,0.201862
23,138,0.066413
23,139,0.051832
23,140,0.132651
23,141,0.145791
23,142,0.124985
23,143,0.164391
23,144,0.249600
23,145,0.216058
23,146,0.250595
23,147,0.229674
23,148,-0.033822
23,149,0.070204
23,150,0.091060
23,151,0.161532
23,152,0.212343
23,153,0.160585
23,154,0.192640
23,155,0.234559
23,156,0.291424
23,157,0.283368
23,158,0.277634
23,159,0.326652
23,160,0.339253
23,161,0.317970
23,162,0.344315
23,163,0.306415
23,164,0.216280
23,165,0.246357
23,166,0.237601
23,167,0.114936
23,168,0.053525
23,169,-0.000625
23,170,0.131916
23,171,0.188490
23,172,0.253312
23,173,0.287000
23,174,0.266519
23,175,0.296580
23,176,0.309818
23,177,0.379249
23,178,0.374055
23,179,0.358049
23,180,0.286669
23,181,0.274885
23,182,0.338104
23,183,0.285028
23,184,0.257429
23,185,0.215134
23,186,0.166097
23,187,0.162191
23,188,0.082010
23,189,0.089347
23,190,0.067658
23,191,0.024809
23,192,0.055698
24,1,0.069084
24,2,0.177633
24,3,0.283893
24,4,0.262459
24,5,0.283903
24,6,0.272877
24,7,0.236638
24,8,0.290161
24,9,0.375923
24,10,0.389012
24,11,0.405051
24,12,0.241439
24,13,0.129056
24,14,0.183500
24,15,0.451644
24,16,0.642559
24,17,0.452939
24,18,0.399159
24,19,0.358088
24,20,0.386422
24,21,0.403822
24,22,0.623025
24,23,0.788171
24,24,1.000000
24,25,0.849345
24,26,0.385981
24,27,0.242670
24,28,0.376620
24,29,0.336742
24,30,0.348355
24,31,0.354167
24,32,0.307030
24,33,0.171508
24,34,0.128217
24,35,0.211517
24,36,0.184559
24,37,-0.046110
24,38,-0.016776
24,39,0.065909
24,40,0.125040
24,41,0.281849
24,42,0.309165
24,43,0.392321
24,44,0.390851
24,45,0.397706
24,46,0.373659
24,47,0.345971
24,48,0.219629
24,49,0.110869
24,50,0.127270
24,51,0.099194
24,52,0.145638
24,53,0.102699
24,54,0.152102
24,55,0.186041
24,56,0.230231
24,57,0.248127
24,58,0.277428
24,59,0.272948
24,60,0.310907
24,61,0.209037
24,62,0.255324
24,63,0.293265
24,64,0.286401
24,65,0.157181
24,66,0.184939
24,67,0.098111
24,68,0.143982
24,69,0.025348
24,70,0.069092
24,71,0.172048
24,72,0.282169
24,73,0.308523
24,74,0.301655
24,75,0.279931
24,76,0.351218
24,77,0.246120
24,78,0.363595
24,79,0.299721
24,80,0.239420
24,81,0.347581
24,82,0.270067
24,83,0.298738
24,84,0.347375
24,85,0.316331
24,86,0.254552
24,87,0.293784
24,88,0.297720
24,89,0.300269
24,90,0.230842
24,91,0.157099
24,92,0.081769
24,93,0.076556
24,94,0.074483
24,95,0.136511
24,96,0.130468
24,97,0.223080
24,98,0.248829
24,99,0.336840
24,100,0.369978
24,101,0.376275
24,102,0.361309
24,103,0.313611
24,104,0.244110
24,105,0.326936
24,106,0.392702
24,107,0.394704
24,108,0.374528
24,109,0.340657
24,110,0.309753
24,111,0.181055
24,112,0.209395
24,113,0.078375
24,114,0.198150
24,115,0.147821
24,116,0.051527
24,117,0.060005
24,118,-0.003140
24,119,0.020146
24,120,-0.019626
24,121,0.111106
24,122,0.037825
24,123,0.059690
24,124,0.121869
24,125,0.236252
24,126,0.212057
24,127,0.183447
24,128,0.150364
24,129,0.035603
24,130,0.036469
24,131,0.166664
24,132,0.132045
24,133,0.184985
24,134,0.197937
24,135,0.160042
24,136,0.170481
24,137,0.117772
24,138,0.039971
24,139,0.023064
24,140,0.101410
24,141,0.130783
24,142,0.121537
24,143,0.191440
24,144,0.270832
24,145,0.219453
24,146,0.268899
24,147,0.249530
24,148,-0.007116
24,149,0.071512
24,150,0.067878
24,151,0.123711
24,152,0.164924
24,153,0.130404
24,154,0.152757
24,155,0.194161
24,156,0.232880
24,157,0.234987
24,158,0.264497
24,159,0.292438
24,160,0.290236
24,161,0.281025
24,162,0.284012
24,163,0.250792
24,164,0.164016
24,165,0.209122
24,166,0.218398
24,167,0.113228
24,168,0.060830
24,169,0.017364
24,170,0.137371
24,171,0.138331
24,172,0.203045
24,173,0.222266
24,174,0.183678
24,175,0.180639
24,176,0.216136
24,177,0.290656
24,178,0.292328
24,179,0.265169
24,180,0.198535
24,181,0.189316
24,182,0.222971
24,183,0.185380
24,184,0.176204
24,185,0.148459
24,186,0.106043
24,187,0.106332
24,188,0.064909
24,189,0.080997
24,190,0.054071
24,191,0.002331
24,192,0.028148
25,1,0.052823
25,2,0.156597
25,3,0.263396
25,4,0.256415
25,5,0.277122
25,6,0.256309
25,7,0.242711
25,8,0.277492
25,9,0.336155
25,10,0.330644
25,11,0.329109
25,12,0.194737
25,13,0.144348
25,14,0.375123
25,15,0.592595
25,16,0.674669
25,17,0.286925
25,18,0.227553
25,19,0.195585
25,20,0.230392
25,21,0.264974
25,22,0.462101
25,23,0.614647
25,24,0.849345
25,25,1.000000
25,26,0.495132
25,27,0.243634
25,28,0.304507
25,29,0.246582
25,30,0.266951
25,31,0.341555
25,32,0.319695
25,33,0.175450
25,34,0.118900
25,35,0.183736
25,36,0.159911
25,37,-0.033430
25,38,-0.025523
25,39,0.068582
25,40,0.102545
25,41,0.217040
25,42,0.269169
25,43,0.327546
25,44,0.320547
25,45,0.328218
25,46,0.319956
25,47,0.274134
25,48,0.142419
25,49,0.079700
25,50,0.125532
25,51,0.077180
25,52,0.118093
25,53,0.069212
25,54,0.124093
25,55,0.125536
25,56,0.139557
25,57,0.158871
25,58,0.172022
25,59,0.183242
25,60,0.251936
25,61,0.183830
25,62,0.237131
25,63,0.267029
25,64,0.246302
25,65,0.138853
25,66,0.178997
25,67,0.118876
25,68,0.154844
25,69,0.016802
25,70,0.058598
25,71,0.147496
25,72,0.250323
25,73,0.265069
25,74,0.267719
25,75,0.232582
25,76,0.293315
25,77,0.186613
25,78,0.276584
25,79,0.227096
25,80,0.149757
25,81,0.274373
25,82,0.195331
25,83,0.224423
25,84,0.272866
25,85,0.248480
25,86,0.210760
25,87,0.240551
25,88,0.257823
25,89,0.283506
25,90,0.209856
25,91,0.150110
25,92,0.074145
25,93,0.075154
25,94,0.092559
25,95,0.142617
25,96,0.124370
25,97,0.196457
25,98,0.221153
25,99,0.286745
25,100,0.311909
25,101,0.324520
25,102,0.309248
25,103,0.265186
25,104,0.208089
25,105,0.267726
25,106,0.317604
25,107,0.319817
25,108,0.339695
25,109,0.303286
25,110,0.269480
25,111,0.179772
25,112,0.153993
25,113,0.086598
25,114,0.208533
25,115,0.172483
25,116,0.071258
25,117,0.060051
25,118,0.018957
25,119,0.022690
25,120,-0.016875
25,121,0.075891
25,122,0.014903
25,123,0.033572
25,124,0.084846
25,125,0.184003
25,126,0.159063
25,127,0.123934
25,128,0.114421
25,129,0.032869
25,130,0.023489
25,131,0.118502
25,132,0.118254
25,133,0.162897
25,134,0.180840
25,135,0.108571
25,136,0.148321
25,137,0.067467
25,138,0.007838
25,139,-0.021643
25,140,0.072279
25,141,0.118383
25,142,0.112077
25,143,0.173983
25,144,0.255239
25,145,0.229022
25,146,0.264064
25,147,0.238941
25,148,0.014331
25,149,0.097317
25,150,0.089938
25,151,0.133211
25,152,0.156000
25,153,0.117160
25,154,0.148534
25,155,0.171351
25,156,0.206895
25,157,0.206218
25,158,0.224285
25,159,0.262145
25,160,0.274794
25,161,0.244511
25,162,0.266673
25,163,0.231013
25,164,0.139924
25,165,0.186953
25,166,0.199370
25,167,0.096177
25,168,0.031044
25,169,-0.008094
25,170,0.119759
25,171,0.114809
25,172,0.193562
25,173,0.205441
25,174,0.158810
25,175,0.134938
25,176,0.194755
25,177,0.276694
25,178,0.289429
25,179,0.262648
25,180,0.212746
25,181,0.186182
25,182,0.205912
25,183,0.152298
25,184,0.142440
25,185,0.089435
25,186,0.056097
25,187,0.045360
25,188,0.026339
25,189,0.035069
25,190,0.018255
25,191,0.019124
25,192,0.043267
26,1,0.238687
26,2,0.359779
26,3,0.372915
26,4,0.261643
26,5,0.257005
26,6,0.190811
26,7,0.163067
26,8,0.167868
26,9,0.228838
26,10,0.287541
26,11,0.353699
26,12,0.480369
26,13,0.515742
26,14,0.634793
26,15,0.497755
26,16,0.372117
26,17,0.203190
26,18,0.180309
26,19,0.155506
26,20,0.203774
26,21,0.223952
26,22,0.314175
26,23,0.285430
26,24,0.385981
26,25,0.495132
26,26,1.000000
26,27,0.703792
26,28,0.526104
26,29,0.376059
26,30,0.254337
26,31,0.265285
26,32,0.296548
26,33,0.081822
26,34,0.028655
26,35,0.132208
26,36,0.066481
26,37,-0.005490
26,38,-0.027734
26,39,0.150770
26,40,0.130202
26,41,0.128905
26,42,0.161575
26,43,0.188503
26,44,0.206500
26,45,0.228764
26,46,0.214514
26,47,0.178644
26,48,0.151434
26,49,0.203876
26,50,0.193181
26,51,0.120936
26,52,0.133565
26,53,0.075919
26,54,0.120802
26,55,0.129900
26,56,0.180926
26,57,0.308508
26,58,0.254809
26,59,0.324870
26,60,0.430763
26,61,0.302930
26,62,0.192125
26,63,0.223773
26,64,0.168386
26,65,0.102837
26,66,0.111178
26,67,0.075621
26,68,0.110694
26,69,-0.021622
26,70,0.000803
26,71,0.089523
26,72,0.218574
26,73,0.218235
26,74,0.215461
26,75,0.205380
26,76,0.230298
26,77,0.170495
26,78,0.192961
26,79,0.173310
26,80,0.116452
26,81,0.150278
26,82,0.085032
26,83,0.119797
26,84,0.141153
26,85,0.102986
26,86,0.098048
26,87,0.126277
26,88,0.098515
26,89,0.130609
26,90,0.106333
26,91,0.070553
26,92,0.027598
26,93,0.092674
26,94,0.132075
26,95,0.113319
26,96,0.107873
26,97,0.123642
26,98,0.134230
26,99,0.188450
26,100,0.241767
26,101,0.225649
26,102,0.205350
26,103,0.160283
26,104,0.150955
26,105,0.192138
26,106,0.213230
26,107,0.217528
26,108,0.218068
26,109,0.201549
26,110,0.135705
26,111,0.073685
26,112,0.047597
26,113,0.070587
26,114,0.107142
26,115,0.108752
26,116,0.064724
26,117,0.065445
26,118,0.043400
26,119,0.044200
26,120,-0.035050
26,121,0.037374
26,122,0.008942
26,123,-0.007296
26,124,-0.008175
26,125,0.051361
26,126,0.024316
26,127,0.002192
26,128,0.056661
26,129,0.046275
26,130,0.013234
26,131,0.041350
26,132,0.039603
26,133,0.068209
26,134,0.075694
26,135,0.009847
26,136,0.035169
26,137,0.016253
26,138,0.012965
26,139,-0.009701
26,140,0.072067
26,141,0.127753
26,142,0.163006
26,143,0.209344
26,144,0.237794
26,145,0.187807
26,146,0.226287
26,147,0.203389
26,148,0.014964
26,149,0.084442
26,150,0.044265
26,151,0.082975
26,152,0.083377
26,153,0.058794
26,154,0.094273
26,155,0.103557
26,156,0.118579
26,157,0.094652
26,158,0.088708
26,159,0.129131
26,160,0.149334
26,161,0.113418
26,162,0.143442
26,163,0.121652
26,164,0.060499
26,165,0.116615
26,166,0.160395
26,167,0.076700
26,168,0.006044
26,169,0.019967
26,170,0.129232
26,171,0.127181
26,172,0.169632
26,173,0.149821
26,174,0.126991
26,175,0.110464
26,176,0.127598
26,177,0.158116
26,178,0.158107
26,179,0.142969
26,180,0.136769
26,181,0.124855
26,182,0.125118
26,183,0.089775
26,184,0.060321
26,185,0.029710
26,186,0.019234
26,187,0.034313
26,188,0.027530
26,189,0.043542
26,190,0.037932
26,191,0.010334
26,192,0.024811
27,1,0.305784
27,2,0.419487
27,3,0.389993
27,4,0.238674
27,5,0.182853
27,6,0.118809
27,7,0.087243
27,8,0.084440
27,9,0.156598
27,10,0.247233
27,11,0.410550
27,12,0.630298
27,13,0.653431
27,14,0.497502
27,15,0.424958
27,16,0.265250
27,17,0.266239
27,18,0.270631
27,19,0.260870
27,20,0.307139
27,21,0.287197
27,22,0.306571
27,23,0.230365
27,24,0.242670
27,25,0.243634
27,26,0.703792
27,27,1.000000
27,28,0.786759
27,29,0.609177
27,30,0.368981
27,31,0.221008
27,32,0.226527
27,33,0.068640
27,34,0.078742
27,35,0.169711
27,36,0.117015
27,37,0.071754
27,38,0.056530
27,39,0.176421
27,40,0.168354
27,41,0.109060
27,42,0.126038
27,43,0.130928
27,44,0.150672
27,45,0.166899
27,46,0.155275
27,47,0.192679
27,48,0.312085
27,49,0.338879
27,50,0.256132
27,51,0.225888
27,52,0.170807
27,53,0.104929
27,54,0.167096
27,55,0.226196
27,56,0.375073
27,57,0.581118
27,58,0.520214
27,59,0.531567
27,60,0.585778
27,61,0.372223
27,62,0.112268
27,63,0.177039
27,64,0.113501
27,65,0.113418
27,66,0.060864
27,67,0.057123
27,68,0.062290
27,69,-0.009480
27,70,-0.000868
27,71,0.031433
27,72,0.137905
27,73,0.135795
27,74,0.125110
27,75,0.137249
27,76,0.162174
27,77,0.131409
27,78,0.152300
27,79,0.146262
27,80,0.120452
27,81,0.110750
27,82,0.079733
27,83,0.111093
27,84,0.110301
27,85,0.078790
27,86,0.096575
27,87,0.109133
27,88,0.062868
27,89,0.070570
27,90,0.098560
27,91,0.072259
27,92,0.032458
27,93,0.071434
27,94,0.102250
27,95,0.116976
27,96,0.134128
27,97,0.145527
27,98,0.126157
27,99,0.171819
27,100,0.175466
27,101,0.147362
27,102,0.139317
27,103,0.131627
27,104,0.099895
27,105,0.143864
27,106,0.152858
27,107,0.168865
27,108,0.158465
27,109,0.178834
27,110,0.110926
27,111,0.074020
27,112,0.061660
27,113,0.111277
27,114,0.088066
27,115,0.095322
27,116,0.088915
27,117,0.096910
27,118,0.098760
27,119,0.125662
27,120,0.054567
27,121,0.115088
27,122,0.058279
27,123,0.043349
27,124,-0.019611
27,125,0.023155
27,126,-0.011021
27,127,-0.000431
27,128,0.062994
27,129,0.055160
27,130,0.010648
27,131,-0.010129
27,132,0.035715
27,133,0.091641
27,134,0.046215
27,135,0.019469
27,136,0.072562
27,137,0.076114
27,138,0.053901
27,139,0.014130
27,140,0.084629
27,141,0.132250
27,142,0.134188
27,143,0.150137
27,144,0.170723
27,145,0.124806
27,146,0.125261
27,147,0.128615
27,148,0.013056
27,149,0.078327
27,150,0.067519
27,151,0.093384
27,152,0.102346
27,153,0.082566
27,154,0.107756
27,155,0.097505
27,156,0.110992
27,157,0.096998
27,158,0.069728
27,159,0.096374
27,160,0.107836
27,161,0.084729
27,162,0.095126
27,163,0.090884
27,164,0.043480
27,165,0.080269
27,166,0.115424
27,167,0.028351
27,168,-0.041836
27,169,0.014368
27,170,0.107712
27,171,0.111263
27,172,0.149463
27,173,0.133636
27,174,0.133647
27,175,0.121723
27,176,0.131108
27,177,0.131323
27,178,0.126520
27,179,0.110017
27,180,0.114102
27,181,0.124130
27,182,0.135855
27,183,0.109862
27,184,0.072986
27,185,0.064495
27,186,0.037230
27,187,0.054428
27,188,0.026364
27,189,0.038827
27,190,0.038153
27,191,-0.002465
27,192,0.047330
28,1,0.315475
28,2,0.471016
28,3,0.488409
28,4,0.306609
28,5,0.253133
28,6,0.205195
28,7,0.165548
28,8,0.192675
28,9,0.304447
28,10,0.415310
28,11,0.612769
28,12,0.686423
28,13,0.580467
28,14,0.334211
28,15,0.370506
28,16,0.343200
28,17,0.433348
28,18,0.421211
28,19,0.406150
28,20,0.456477
28,21,0.438062
28,22,0.464365
28,23,0.374669
28,24,0.376620
28,25,0.304507
28,26,0.526104
28,27,0.786759
28,28,1.000000
28,29,0.836811
28,30,0.582127
28,31,0.322608
28,32,0.252346
28,33,0.101695
28,34,0.134835
28,35,0.234464
28,36,0.212212
28,37,0.098953
28,38,0.101650
28,39,0.168402
28,40,0.209698
28,41,0.158060
28,42,0.183277
28,43,0.217675
28,44,0.239173
28,45,0.247232
28,46,0.216395
28,47,0.279579
28,48,0.376519
28,49,0.327462
28,50,0.261095
28,51,0.269002
28,52,0.214255
28,53,0.120002
28,54,0.190959
28,55,0.315690
28,56,0.521871
28,57,0.659106
28,58,0.647706
28,59,0.617416
28,60,0.657032
28,61,0.383575
28,62,0.125715
28,63,0.197131
28,64,0.150691
28,65,0.106516
28,66,0.065892
28,67,0.048089
28,68,0.089716
28,69,0.030116
28,70,0.038781
28,71,0.065272
28,72,0.189506
28,73,0.199483
28,74,0.173636
28,75,0.209368
28,76,0.228658
28,77,0.198073
28,78,0.244094
28,79,0.217663
28,80,0.199982
28,81,0.187225
28,82,0.150462
28,83,0.190553
28,84,0.191505
28,85,0.154907
28,86,0.155405
28,87,0.183902
28,88,0.138214
28,89,0.137009
28,90,0.133628
28,91,0.086429
28,92,0.033862
28,93,0.052713
28,94,0.070035
28,95,0.109928
28,96,0.145929
28,97,0.190804
28,98,0.166212
28,99,0.226506
28,100,0.223803
28,101,0.203303
28,102,0.199830
28,103,0.194961
28,104,0.165443
28,105,0.219553
28,106,0.234914
28,107,0.239612
28,108,0.213891
28,109,0.246852
28,110,0.208911
28,111,0.181511
28,112,0.150670
28,113,0.136223
28,114,0.150168
28,115,0.128393
28,116,0.103448
28,117,0.114531
28,118,0.107555
28,119,0.175124
28,120,0.101487
28,121,0.198945
28,122,0.119386
28,123,0.074502
28,124,0.026588
28,125,0.113082
28,126,0.081719
28,127,0.089422
28,128,0.110440
28,129,0.088761
28,130,0.026181
28,131,0.072951
28,132,0.088645
28,133,0.152938
28,134,0.118078
28,135,0.099737
28,136,0.124616
28,137,0.152050
28,138,0.089234
28,139,0.058288
28,140,0.141662
28,141,0.185004
28,142,0.149311
28,143,0.183364
28,144,0.233509
28,145,0.149595
28,146,0.144890
28,147,0.171343
28,148,-0.005731
28,149,0.096154
28,150,0.115300
28,151,0.156635
28,152,0.188723
28,153,0.149189
28,154,0.159073
28,155,0.144123
28,156,0.176311
28,157,0.177021
28,158,0.154845
28,159,0.184269
28,160,0.201170
28,161,0.164089
28,162,0.186308
28,163,0.180757
28,164,0.115459
28,165,0.147531
28,166,0.159077
28,167,0.078381
28,168,0.008664
28,169,0.046544
28,170,0.136591
28,171,0.148841
28,172,0.197791
28,173,0.168646
28,174,0.161502
28,175,0.170169
28,176,0.189000
28,177,0.209481
28,178,0.200289
28,179,0.189422
28,180,0.167463
28,181,0.168575
28,182,0.207485
28,183,0.176682
28,184,0.150402
28,185,0.148516
28,186,0.085735
28,187,0.108387
28,188,0.048684
28,189,0.073035
28,190,0.069798
28,191,0.012315
28,192,0.067333
29,1,0.343829
29,2,0.487209
29,3,0.456261
29,4,0.290165
29,5,0.269785
29,6,0.235120
29,7,0.182109
29,8,0.233259
29,9,0.365705
29,10,0.496447
29,11,0.668956
29,12,0.676997
29,13,0.548642
29,14,0.248738
29,15,0.302840
29,16,0.310698
29,17,0.453988
29,18,0.432748
29,19,0.418634
29,20,0.470129
29,21,0.454205
29,22,0.461176
29,23,0.367001
29,24,0.336742
29,25,0.246582
29,26,0.376059
29,27,0.609177
29,28,0.836811
29,29,1.000000
29,30,0.745802
29,31,0.374796
29,32,0.241672
29,33,0.099401
29,34,0.132785
29,35,0.221452
29,36,0.270476
29,37,0.119113
29,38,0.107404
29,39,0.127264
29,40,0.190533
29,41,0.161210
29,42,0.185229
29,43,0.203267
29,44,0.219236
29,45,0.215422
29,46,0.183521
29,47,0.238432
29,48,0.365546
29,49,0.294588
29,50,0.264755
29,51,0.361212
29,52,0.303236
29,53,0.135763
29,54,0.237963
29,55,0.405822
29,56,0.655296
29,57,0.681235
29,58,0.588227
29,59,0.497102
29,60,0.530544
29,61,0.311764
29,62,0.115823
29,63,0.156096
29,64,0.133480
29,65,0.082467
29,66,0.080944
29,67,0.048201
29,68,0.122584
29,69,0.050127
29,70,0.058528
29,71,0.075981
29,72,0.192982
29,73,0.195531
29,74,0.192833
29,75,0.212374
29,76,0.229087
29,77,0.192250
29,78,0.226573
29,79,0.203825
29,80,0.180672
29,81,0.172590
29,82,0.146335
29,83,0.197494
29,84,0.190924
29,85,0.166887
29,86,0.163175
29,87,0.194453
29,88,0.169977
29,89,0.162652
29,90,0.154585
29,91,0.107797
29,92,0.052989
29,93,0.063996
29,94,0.081465
29,95,0.104889
29,96,0.112531
29,97,0.154190
29,98,0.142979
29,99,0.183395
29,100,0.194388
29,101,0.180972
29,102,0.186212
29,103,0.190609
29,104,0.160978
29,105,0.210798
29,106,0.220595
29,107,0.206917
29,108,0.188075
29,109,0.222722
29,110,0.204661
29,111,0.209105
29,112,0.153461
29,113,0.131415
29,114,0.152133
29,115,0.126353
29,116,0.099415
29,117,0.122488
29,118,0.098475
29,119,0.197210
29,120,0.132857
29,121,0.257950
29,122,0.140752
29,123,0.112760
29,124,0.049109
29,125,0.146214
29,126,0.122913
29,127,0.139499
29,128,0.126977
29,129,0.099488
29,130,0.047731
29,131,0.093964
29,132,0.116846
29,133,0.162248
29,134,0.138443
29,135,0.125499
29,136,0.149918
29,137,0.195751
29,138,0.123246
29,139,0.078379
29,140,0.152743
29,141,0.224994
29,142,0.171022
29,143,0.187661
29,144,0.248625
29,145,0.182379
29,146,0.167214
29,147,0.182097
29,148,0.014138
29,149,0.125319
29,150,0.156540
29,151,0.200603
29,152,0.223463
29,153,0.175046
29,154,0.175422
29,155,0.157357
29,156,0.193948
29,157,0.208289
29,158,0.186660
29,159,0.207502
29,160,0.230527
29,161,0.191470
29,162,0.207942
29,163,0.192443
29,164,0.123748
29,165,0.159774
29,166,0.135139
29,167,0.078734
29,168,0.017405
29,169,0.039422
29,170,0.131717
29,171,0.132332
29,172,0.190127
29,173,0.155425
29,174,0.142972
29,175,0.157070
29,176,0.193594
29,177,0.228565
29,178,0.206240
29,179,0.212387
29,180,0.189761
29,181,0.170542
29,182,0.201801
29,183,0.168772
29,184,0.159934
29,185,0.166634
29,186,0.097067
29,187,0.107972
29,188,0.062953
29,189,0.089365
29,190,0.093542
29,191,0.029821
29,192,0.074854
30,1,0.227568
30,2,0.385620
30,3,0.451298
30,4,0.360718
30,5,0.418029
30,6,0.343679
30,7,0.255593
30,8,0.334601
30,9,0.533963
30,10,0.654259
30,11,0.720393
30,12,0.511320
30,13,0.341819
30,14,0.122044
30,15,0.224848
30,16,0.329720
30,17,0.450856
30,18,0.403866
30,19,0.383800
30,20,0.422923
30,21,0.433412
30,22,0.463097
30,23,0.396629
30,24,0.348355
30,25,0.266951
30,26,0.254337
30,27,0.368981
30,28,0.582127
30,29,0.745802
30,30,1.000000
30,31,0.468671
30,32,0.287300
30,33,0.162734
30,34,0.155714
30,35,0.212312
30,36,0.338690
30,37,0.116246
30,38,0.117006
30,39,0.069957
30,40,0.099909
30,41,0.144582
30,42,0.171428
30,43,0.218845
30,44,0.228246
30,45,0.222053
30,46,0.191262
30,47,0.237726
30,48,0.310755
30,49,0.233806
30,50,0.224511
30,51,0.352873
30,52,0.293449
30,53,0.073034
30,54,0.261874
30,55,0.416662
30,56,0.691329
30,57,0.543020
30,58,0.485457
30,59,0.377532
30,60,0.388317
30,61,0.216453
30,62,0.140564
30,63,0.167493
30,64,0.185947
30,65,0.076097
30,66,0.081816
30,67,0.041375
30,68,0.108624
30,69,0.062065
30,70,0.070765
30,71,0.086728
30,72,0.204141
30,73,0.213306
30,74,0.202076
30,75,0.227647
30,76,0.240004
30,77,0.205186
30,78,0.243703
30,79,0.208707
30,80,0.205958
30,81,0.191728
30,82,0.178397
30,83,0.225288
30,84,0.220540
30,85,0.185443
30,86,0.170179
30,87,0.205577
30,88,0.194603
30,89,0.184322
30,90,0.162518
30,91,0.118895
30,92,0.055108
30,93,0.060392
30,94,0.071715
30,95,0.095352
30,96,0.114802
30,97,0.167672
30,98,0.158283
30,99,0.192453
30,100,0.215118
30,101,0.207739
30,102,0.209636
30,103,0.199587
30,104,0.151877
30,105,0.209880
30,106,0.241015
30,107,0.219595
30,108,0.197524
30,109,0.233397
30,110,0.283560
30,111,0.278077
30,112,0.180270
30,113,0.115964
30,114,0.123760
30,115,0.091492
30,116,0.042330
30,117,0.077718
30,118,0.029413
30,119,0.171927
30,120,0.115008
30,121,0.266456
30,122,0.124367
30,123,0.105275
30,124,0.092040
30,125,0.210410
30,126,0.189808
30,127,0.178028
30,128,0.157939
30,129,0.073370
30,130,0.082496
30,131,0.119105
30,132,0.120081
30,133,0.173133
30,134,0.183974
30,135,0.175886
30,136,0.164164
30,137,0.209715
30,138,0.108842
30,139,0.087142
30,140,0.156755
30,141,0.206264
30,142,0.142778
30,143,0.171874
30,144,0.244491
30,145,0.184035
30,146,0.181060
30,147,0.186913
30,148,0.003422
30,149,0.118157
30,150,0.175721
30,151,0.232493
30,152,0.276321
30,153,0.215017
30,154,0.206780
30,155,0.206809
30,156,0.247990
30,157,0.277004
30,158,0.254977
30,159,0.271508
30,160,0.296470
30,161,0.240848
30,162,0.254991
30,163,0.246664
30,164,0.172031
30,165,0.194508
30,166,0.139752
30,167,0.091257
30,168,0.038102
30,169,0.047537
30,170,0.129780
30,171,0.133777
30,172,0.183929
30,173,0.165982
30,174,0.140870
30,175,0.164549
30,176,0.213609
30,177,0.288012
30,178,0.260289
30,179,0.256037
30,180,0.225735
30,181,0.181151
30,182,0.217819
30,183,0.184338
30,184,0.197351
30,185,0.184550
30,186,0.122486
30,187,0.124712
30,188,0.094590
30,189,0.119433
30,190,0.111211
30,191,0.078814
30,192,0.095770
31,1,0.191439
31,2,0.289802
31,3,0.379805
31,4,0.346997
31,5,0.432443
31,6,0.451064
31,7,0.443516
31,8,0.546902
31,9,0.602259
31,10,0.578535
31,11,0.501572
31,12,0.356797
31,13,0.231634
31,14,0.172461
31,15,0.248495
31,16,0.316776
31,17,0.354587
31,18,0.306735
31,19,0.283883
31,20,0.343809
31,21,0.353133
31,22,0.380755
31,23,0.342412
31,24,0.354167
31,25,0.341555
31,26,0.265285
31,27,0.221008
31,28,0.322608
31,29,0.374796
31,30,0.468671
31,31,1.000000
31,32,0.705062
31,33,0.366478
31,34,0.355318
31,35,0.418312
31,36,0.337684
31,37,0.011090
31,38,0.004789
31,39,0.094479
31,40,0.068776
31,41,0.149344
31,42,0.164973
31,43,0.185684
31,44,0.189627
31,45,0.191857
31,46,0.181436
31,47,0.206191
31,48,0.174108
31,49,0.096672
31,50,0.146207
31,51,0.179126
31,52,0.196846
31,53,0.134690
31,54,0.253689
31,55,0.291774
31,56,0.357273
31,57,0.244979
31,58,0.239143
31,59,0.225438
31,60,0.274589
31,61,0.218407
31,62,0.235551
31,63,0.235611
31,64,0.173374
31,65,0.098813
31,66,0.073328
31,67,0.069200
31,68,0.106925
31,69,-0.051248
31,70,-0.001208
31,71,0.057715
31,72,0.198558
31,73,0.237113
31,74,0.191596
31,75,0.216701
31,76,0.213990
31,77,0.144044
31,78,0.186580
31,79,0.129508
31,80,0.096571
31,81,0.148949
31,82,0.111188
31,83,0.164445
31,84,0.182490
31,85,0.168599
31,86,0.138381
31,87,0.170414
31,88,0.219653
31,89,0.260607
31,90,0.203776
31,91,0.150805
31,92,0.079075
31,93,0.072192
31,94,0.072873
31,95,0.095452
31,96,0.123739
31,97,0.158448
31,98,0.179269
31,99,0.214400
31,100,0.201799
31,101,0.205193
31,102,0.188619
31,103,0.163080
31,104,0.178882
31,105,0.211641
31,106,0.209216
31,107,0.203483
31,108,0.217884
31,109,0.239054
31,110,0.237692
31,111,0.215185
31,112,0.124270
31,113,0.097638
31,114,0.257195
31,115,0.162418
31,116,0.076254
31,117,0.059061
31,118,0.009683
31,119,0.099597
31,120,0.064970
31,121,0.227208
31,122,0.111243
31,123,0.038951
31,124,0.133519
31,125,0.269449
31,126,0.241209
31,127,0.212720
31,128,0.170360
31,129,0.010745
31,130,0.024089
31,131,0.162248
31,132,0.125900
31,133,0.159279
31,134,0.180761
31,135,0.155101
31,136,0.179730
31,137,0.176971
31,138,0.056102
31,139,-0.005192
31,140,0.117617
31,141,0.190855
31,142,0.130233
31,143,0.170851
31,144,0.261735
31,145,0.212357
31,146,0.212873
31,147,0.231745
31,148,-0.001219
31,149,0.119960
31,150,0.106395
31,151,0.178270
31,152,0.219340
31,153,0.151743
31,154,0.163091
31,155,0.171072
31,156,0.219412
31,157,0.275399
31,158,0.285399
31,159,0.313607
31,160,0.326692
31,161,0.270545
31,162,0.275140
31,163,0.235669
31,164,0.123033
31,165,0.178839
31,166,0.161736
31,167,0.047216
31,168,-0.005111
31,169,-0.022964
31,170,0.126747
31,171,0.088643
31,172,0.170723
31,173,0.148796
31,174,0.107758
31,175,0.128054
31,176,0.195625
31,177,0.305700
31,178,0.270231
31,179,0.261238
31,180,0.227134
31,181,0.183905
31,182,0.218193
31,183,0.154194
31,184,0.156060
31,185,0.112148
31,186,0.069693
31,187,0.057196
31,188,0.004391
31,189,0.035659
31,190,0.044670
31,191,0.158193
31,192,0.146017
32,1,0.093065
32,2,0.177438
32,3,0.304472
32,4,0.289743
32,5,0.330904
32,6,0.294971
32,7,0.270621
32,8,0.331789
32,9,0.408636
32,10,0.392795
32,11,0.346574
32,12,0.239734
32,13,0.186807
32,14,0.216900
32,15,0.260304
32,16,0.296420
32,17,0.262355
32,18,0.210047
32,19,0.180291
32,20,0.234810
32,21,0.258919
32,22,0.325463
32,23,0.292432
32,24,0.307030
32,25,0.319695
32,26,0.296548
32,27,0.226527
32,28,0.252346
32,29,0.241672
32,30,0.287300
32,31,0.705062
32,32,1.000000
32,33,0.516473
32,34,0.399033
32,35,0.324758
32,36,0.168942
32,37,-0.013247
32,38,-0.018827
32,39,0.166679
32,40,0.105552
32,41,0.156164
32,42,0.181252
32,43,0.200033
32,44,0.220892
32,45,0.223546
32,46,0.204238
32,47,0.172874
32,48,0.094505
32,49,0.089297
32,50,0.142074
32,51,0.093544
32,52,0.172714
32,53,0.066717
32,54,0.177684
32,55,0.184965
32,56,0.195669
32,57,0.179628
32,58,0.116258
32,59,0.145699
32,60,0.224581
32,61,0.184521
32,62,0.254182
32,63,0.226031
32,64,0.189629
32,65,0.121055
32,66,0.117780
32,67,0.076823
32,68,0.053161
32,69,-0.082104
32,70,-0.022363
32,71,0.092827
32,72,0.227269
32,73,0.241700
32,74,0.235627
32,75,0.233389
32,76,0.246445
32,77,0.165670
32,78,0.214716
32,79,0.154773
32,80,0.112779
32,81,0.159301
32,82,0.115729
32,83,0.145897
32,84,0.186648
32,85,0.161119
32,86,0.125903
32,87,0.165058
32,88,0.195028
32,89,0.242979
32,90,0.186072
32,91,0.120364
32,92,0.064637
32,93,0.095756
32,94,0.094025
32,95,0.063584
32,96,0.125487
32,97,0.160526
32,98,0.145532
32,99,0.200108
32,100,0.260984
32,101,0.241893
32,102,0.213241
32,103,0.165586
32,104,0.146061
32,105,0.190241
32,106,0.225858
32,107,0.229802
32,108,0.232711
32,109,0.232050
32,110,0.182962
32,111,0.102642
32,112,0.044930
32,113,0.037234
32,114,0.193576
32,115,0.144418
32,116,0.085172
32,117,0.068166
32,118,-0.005585
32,119,0.045365
32,120,-0.031179
32,121,0.104625
32,122,0.028508
32,123,-0.038273
32,124,0.071143
32,125,0.196013
32,126,0.173813
32,127,0.130685
32,128,0.122746
32,129,0.024224
32,130,0.043537
32,131,0.126091
32,132,0.058520
32,133,0.085137
32,134,0.119744
32,135,0.060058
32,136,0.101621
32,137,0.065766
32,138,-0.014874
32,139,-0.065955
32,140,0.061293
32,141,0.135430
32,142,0.131060
32,143,0.187921
32,144,0.237236
32,145,0.181140
32,146,0.228275
32,147,0.227316
32,148,-0.042078
32,149,0.065062
32,150,0.033841
32,151,0.080969
32,152,0.129311
32,153,0.104109
32,154,0.127513
32,155,0.149567
32,156,0.171907
32,157,0.192689
32,158,0.203668
32,159,0.234729
32,160,0.242793
32,161,0.206573
32,162,0.207110
32,163,0.171563
32,164,0.082300
32,165,0.121129
32,166,0.163139
32,167,0.055275
32,168,-0.010312
32,169,-0.006436
32,170,0.112263
32,171,0.074580
32,172,0.143394
32,173,0.112908
32,174,0.075799
32,175,0.081471
32,176,0.118946
32,177,0.221854
32,178,0.203984
32,179,0.207292
32,180,0.165640
32,181,0.133587
32,182,0.152270
32,183,0.108674
32,184,0.113639
32,185,0.075574
32,186,0.042887
32,187,0.030494
32,188,-0.007773
32,189,0.015275
32,190,-0.001018
32,191,0.033696
32,192,-0.005218
33,1,0.016105
33,2,0.071806
33,3,0.126785
33,4,0.124336
33,5,0.172162
33,6,0.178155
33,7,0.138558
33,8,0.194321
33,9,0.208494
33,10,0.194091
33,11,0.170552
33,12,0.096747
33,13,0.038567
33,14,0.044573
33,15,0.137853
33,16,0.224829
33,17,0.191980
33,18,0.138865
33,19,0.104632
33,20,0.120155
33,21,0.158466
33,22,0.167675
33,23,0.200307
33,24,0.171508
33,25,0.175450
33,26,0.081822
33,27,0.068640
33,28,0.101695
33,29,0.099401
33,30,0.162734
33,31,0.366478
33,32,0.516473
33,33,1.000000
33,34,0.745231
33,35,0.320401
33,36,0.076065
33,37,-0.006441
33,38,0.147112
33,39,0.116388
33,40,0.085215
33,41,0.103273
33,42,0.101773
33,43,0.110968
33,44,0.129842
33,45,0.123463
33,46,0.111476
33,47,0.104287
33,48,0.091587
33,49,0.117264
33,50,0.127208
33,51,0.071411
33,52,0.094693
33,53,-0.039989
33,54,0.072357
33,55,0.088885
33,56,0.107534
33,57,0.080706
33,58,0.034516
33,59,0.056371
33,60,0.079515
33,61,0.091202
33,62,0.140911
33,63,0.116016
33,64,0.147849
33,65,0.118249
33,66,0.175807
33,67,0.136384
33,68,0.064235
33,69,0.026471
33,70,0.060319
33,71,0.073392
33,72,0.095522
33,73,0.104241
33,74,0.127103
33,75,0.127900
33,76,0.114808
33,77,0.085767
33,78,0.104473
33,79,0.072182
33,80,0.056688
33,81,0.097321
33,82,0.086120
33,83,0.085216
33,84,0.090380
33,85,0.089804
33,86,0.060585
33,87,0.087630
33,88,0.144628
33,89,0.140293
33,90,0.104257
33,91,0.090687
33,92,0.095522
33,93,0.073239
33,94,0.063963
33,95,0.096755
33,96,0.157901
33,97,0.176344
33,98,0.101862
33,99,0.135364
33,100,0.131311
33,101,0.138432
33,102,0.137749
33,103,0.181392
33,104,0.139818
33,105,0.131396
33,106,0.145112
33,107,0.150026
33,108,0.126847
33,109,0.156430
33,110,0.164039
33,111,0.164654
33,112,0.037262
33,113,0.063824
33,114,0.173719
33,115,0.148039
33,116,0.115725
33,117,0.053343
33,118,0.032941
33,119,0.063224
33,120,0.039718
33,121,0.107427
33,122,0.020241
33,123,-0.051413
33,124,0.029217
33,125,0.112710
33,126,0.123707
33,127,0.101327
33,128,0.084675
33,129,-0.034506
33,130,-0.022394
33,131,0.146957
33,132,0.134814
33,133,0.100756
33,134,0.087571
33,135,0.078564
33,136,0.083093
33,137,0.052201
33,138,-0.026887
33,139,-0.032997
33,140,0.052605
33,141,0.074839
33,142,0.066971
33,143,0.076874
33,144,0.128454
33,145,0.105156
33,146,0.126449
33,147,0.116538
33,148,0.079551
33,149,0.100032
33,150,0.043903
33,151,0.031188
33,152,0.069447
33,153,0.092405
33,154,0.092813
33,155,0.109461
33,156,0.093015
33,157,0.136436
33,158,0.166719
33,159,0.125984
33,160,0.102977
33,161,0.100481
33,162,0.100126
33,163,0.070132
33,164,0.033700
33,165,0.089959
33,166,0.091425
33,167,0.040170
33,168,0.004057
33,169,-0.029692
33,170,0.037196
33,171,0.016950
33,172,0.091601
33,173,0.073689
33,174,0.049158
33,175,0.055494
33,176,0.076213
33,177,0.115115
33,178,0.121656
33,179,0.119449
33,180,0.103207
33,181,0.113198
33,182,0.120714
33,183,0.124144
33,184,0.104959
33,185,0.050377
33,186,0.046768
33,187,0.030194
33,188,0.003636
33,189,0.009936
33,190,-0.009523
33,191,0.043699
33,192,-0.015421
34,1,0.082001
34,2,0.089651
34,3,0.119419
34,4,0.108528
34,5,0.136987
34,6,0.164868
34,7,0.160578
34,8,0.176855
34,9,0.211571
34,10,0.180080
34,11,0.161195
34,12,0.116940
34,13,0.067108
34,14,0.022830
34,15,0.101163
34,16,0.157449
34,17,0.227852
34,18,0.223103
34,19,0.196372
34,20,0.194737
34,21,0.191606
34,22,0.163531
34,23,0.149132
34,24,0.128217
34,25,0.118900
34,26,0.028655
34,27,0.078742
34,28,0.134835
34,29,0.132785
34,30,0.155714
34,31,0.355318
34,32,0.399033
34,33,0.745231
34,34,1.000000
34,35,0.494826
34,36,0.181025
34,37,0.072256
34,38,0.185756
34,39,0.201378
34,40,0.111953
34,41,0.096365
34,42,0.136501
34,43,0.137120
34,44,0.146305
34,45,0.153467
34,46,0.144696
34,47,0.186356
34,48,0.179327
34,49,0.157950
34,50,0.131413
34,51,0.019727
34,52,0.051815
34,53,0.038185
34,54,0.111472
34,55,0.166808
34,56,0.111724
34,57,0.098093
34,58,0.108523
34,59,0.113468
34,60,0.100343
34,61,0.132922
34,62,0.153003
34,63,0.173712
34,64,0.165689
34,65,0.141497
34,66,0.109245
34,67,0.123874
34,68,0.044061
34,69,-0.001299
34,70,0.040973
34,71,0.050055
34,72,0.068695
34,73,0.096991
34,74,0.087217
34,75,0.105426
34,76,0.131670
34,77,0.092686
34,78,0.129508
34,79,0.102583
34,80,0.098977
34,81,0.131591
34,82,0.142028
34,83,0.150286
34,84,0.144136
34,85,0.144124
34,86,0.117065
34,87,0.129089
34,88,0.182331
34,89,0.185929
34,90,0.175161
34,91,0.154535
34,92,0.142214
34,93,0.100707
34,94,0.092918
34,95,0.120776
34,96,0.170426
34,97,0.203541
34,98,0.159805
34,99,0.166001
34,100,0.114905
34,101,0.143652
34,102,0.163202
34,103,0.189784
34,104,0.129896
34,105,0.142137
34,106,0.145845
34,107,0.161143
34,108,0.161262
34,109,0.207893
34,110,0.189905
34,111,0.189952
34,112,0.094292
34,113,0.088066
34,114,0.179505
34,115,0.188647
34,116,0.147657
34,117,0.095439
34,118,0.069235
34,119,0.111626
34,120,0.083769
34,121,0.145640
34,122,0.086776
34,123,-0.001628
34,124,0.062995
34,125,0.135502
34,126,0.132841
34,127,0.125729
34,128,0.081637
34,129,0.039560
34,130,-0.004486
34,131,0.129015
34,132,0.110586
34,133,0.121017
34,134,0.071792
34,135,0.066282
34,136,0.115068
34,137,0.106492
34,138,0.022848
34,139,-0.009545
34,140,0.064313
34,141,0.109237
34,142,0.067347
34,143,0.048202
34,144,0.095063
34,145,0.049654
34,146,0.070220
34,147,0.079747
34,148,0.023681
34,149,0.058909
34,150,0.020896
34,151,0.024822
34,152,0.076874
34,153,0.092531
34,154,0.081779
34,155,0.080890
34,156,0.055302
34,157,0.132646
34,158,0.172343
34,159,0.126603
34,160,0.112883
34,161,0.113702
34,162,0.109376
34,163,0.085041
34,164,0.054154
34,165,0.088720
34,166,0.086205
34,167,0.016507
34,168,-0.011426
34,169,-0.010730
34,170,0.030710
34,171,0.020742
34,172,0.100354
34,173,0.093133
34,174,0.068281
34,175,0.078006
34,176,0.101207
34,177,0.146506
34,178,0.153065
34,179,0.127852
34,180,0.103348
34,181,0.112095
34,182,0.115699
34,183,0.108052
34,184,0.080877
34,185,0.060098
34,186,0.057586
34,187,0.048852
34,188,0.017880
34,189,0.031943
34,190,0.030588
34,191,0.097765
34,192,0.094813
35,1,0.170256
35,2,0.219878
35,3,0.222137
35,4,0.173421
35,5,0.230478
35,6,0.244910
35,7,0.252825
35,8,0.315627
35,9,0.312568
35,10,0.257817
35,11,0.256802
35,12,0.241154
35,13,0.169315
35,14,0.089328
35,15,0.134522
35,16,0.162420
35,17,0.374736
35,18,0.426758
35,19,0.426617
35,20,0.378635
35,21,0.311314
35,22,0.241774
35,23,0.240997
35,24,0.211517
35,25,0.183736
35,26,0.132208
35,27,0.169711
35,28,0.234464
35,29,0.221452
35,30,0.212312
35,31,0.418312
35,32,0.324758
35,33,0.320401
35,34,0.494826
35,35,1.000000
35,36,0.423016
35,37,0.143014
35,38,0.297685
35,39,0.353951
35,40,0.170800
35,41,0.110418
35,42,0.173939
35,43,0.202033
35,44,0.216695
35,45,0.224123
35,46,0.208085
35,47,0.255652
35,48,0.217687
35,49,0.242122
35,50,0.305049
35,51,0.078605
35,52,0.163597
35,53,0.274571
35,54,0.260105
35,55,0.384120
35,56,0.165607
35,57,0.174739
35,58,0.195387
35,59,0.219461
35,60,0.225516
35,61,0.247751
35,62,0.179430
35,63,0.215090
35,64,0.155398
35,65,0.092267
35,66,-0.054194
35,67,0.005764
35,68,-0.047444
35,69,-0.005793
35,70,0.041061
35,71,0.045582
35,72,0.115147
35,73,0.173317
35,74,0.074462
35,75,0.155895
35,76,0.204997
35,77,0.153107
35,78,0.207837
35,79,0.144504
35,80,0.145282
35,81,0.161903
35,82,0.143246
35,83,0.157664
35,84,0.158827
35,85,0.150974
35,86,0.120360
35,87,0.135144
35,88,0.136183
35,89,0.115868
35,90,0.137654
35,91,0.094858
35,92,0.046313
35,93,0.031979
35,94,0.067608
35,95,0.086685
35,96,0.154298
35,97,0.179735
35,98,0.182121
35,99,0.227955
35,100,0.179520
35,101,0.220497
35,102,0.197994
35,103,0.141426
35,104,0.166755
35,105,0.224474
35,106,0.210495
35,107,0.225850
35,108,0.239430
35,109,0.268912
35,110,0.238172
35,111,0.230606
35,112,0.360955
35,113,0.090000
35,114,0.238361
35,115,0.143209
35,116,0.021941
35,117,0.013428
35,118,0.060291
35,119,0.084162
35,120,0.061937
35,121,0.164889
35,122,0.138323
35,123,0.097838
35,124,0.188064
35,125,0.237816
35,126,0.156752
35,127,0.099449
35,128,0.068510
35,129,-0.024522
35,130,-0.074643
35,131,0.156491
35,132,0.040389
35,133,0.092986
35,134,0.147962
35,135,0.114240
35,136,0.125755
35,137,0.155589
35,138,0.079451
35,139,0.014340
35,140,0.101609
35,141,0.151744
35,142,0.084130
35,143,0.089727
35,144,0.143534
35,145,0.063295
35,146,0.097545
35,147,0.121043
35,148,-0.021201
35,149,0.019489
35,150,-0.004489
35,151,0.071802
35,152,0.135678
35,153,0.092930
35,154,0.103847
35,155,0.102720
35,156,0.140384
35,157,0.199074
35,158,0.198624
35,159,0.235369
35,160,0.257494
35,161,0.224466
35,162,0.226183
35,163,0.214051
35,164,0.166545
35,165,0.135495
35,166,0.101103
35,167,0.047234
35,168,0.007858
35,169,0.064828
35,170,0.083691
35,171,0.092964
35,172,0.168483
35,173,0.156586
35,174,0.112932
35,175,0.129536
35,176,0.191587
35,177,0.247571
35,178,0.231524
35,179,0.208692
35,180,0.153894
35,181,0.176072
35,182,0.176479
35,183,0.137306
35,184,0.112852
35,185,0.105129
35,186,0.088456
35,187,0.089347
35,188,0.065602
35,189,0.080060
35,190,0.099434
35,191,0.168286
35,192,0.271231
36,1,0.146484
36,2,0.168668
36,3,0.169950
36,4,0.136748
36,5,0.161925
36,6,0.171371
36,7,0.172025
36,8,0.257643
36,9,0.281208
36,10,0.263947
36,11,0.255142
36,12,0.238082
36,13,0.175104
36,14,0.056529
36,15,0.115248
36,16,0.163288
36,17,0.222061
36,18,0.188927
36,19,0.194515
36,20,0.252572
36,21,0.229345
36,22,0.277648
36,23,0.220897
36,24,0.184559
36,25,0.159911
36,26,0.066481
36,27,0.117015
36,28,0.212212
36,29,0.270476
36,30,0.338690
36,31,0.337684
36,32,0.168942
36,33,0.076065
36,34,0.181025
36,35,0.423016
36,36,1.000000
36,37,0.394828
36,38,0.151808
36,39,0.127041
36,40,0.063583
36,41,0.072704
36,42,0.092074
36,43,0.095701
36,44,0.079225
36,45,0.075212
36,46,0.065273
36,47,0.084695
36,48,0.133942
36,49,0.103755
36,50,0.129127
36,51,0.232381
36,52,0.160561
36,53,0.127425
36,54,0.273909
36,55,0.339670
36,56,0.319861
36,57,0.233132
36,58,0.243361
36,59,0.157082
36,60,0.130943
36,61,0.050691
36,62,0.025126
36,63,0.069882
36,64,0.057871
36,65,0.008873
36,66,0.001798
36,67,0.020847
36,68,0.024080
36,69,0.046954
36,70,0.062755
36,71,0.003495
36,72,0.011030
36,73,0.046462
36,74,0.002384
36,75,0.033830
36,76,0.087334
36,77,0.031808
36,78,0.086130
36,79,0.067400
36,80,0.061799
36,81,0.069897
36,82,0.077216
36,83,0.119113
36,84,0.100517
36,85,0.100870
36,86,0.137079
36,87,0.136846
36,88,0.128064
36,89,0.138039
36,90,0.113109
36,91,0.086964
36,92,-0.003740
36,93,-0.004018
36,94,0.014018
36,95,0.054023
36,96,0.010379
36,97,0.006060
36,98,0.071746
36,99,0.055747
36,100,0.037471
36,101,0.064743
36,102,0.092167
36,103,0.075545
36,104,0.054503
36,105,0.094870
36,106,0.103659
36,107,0.047772
36,108,0.073278
36,109,0.088990
36,110,0.127304
36,111,0.151755
36,112,0.131160
36,113,0.141909
36,114,0.208868
36,115,0.172064
36,116,0.069056
36,117,0.092931
36,118,0.042100
36,119,0.174508
36,120,0.072809
36,121,0.162569
36,122,0.118426
36,123,0.109951
36,124,0.117141
36,125,0.236911
36,126,0.185583
36,127,0.113679
36,128,0.105373
36,129,0.005826
36,130,0.059351
36,131,0.060594
36,132,0.052732
36,133,0.168955
36,134,0.215969
36,135,0.156769
36,136,0.122825
36,137,0.167913
36,138,0.087939
36,139,0.054089
36,140,0.077506
36,141,0.129540
36,142,0.065881
36,143,-0.008246
36,144,0.043160
36,145,0.033896
36,146,0.006728
36,147,0.003792
36,148,-0.019860
36,149,0.066669
36,150,0.128776
36,151,0.172035
36,152,0.234863
36,153,0.168797
36,154,0.184471
36,155,0.152982
36,156,0.204324
36,157,0.195027
36,158,0.156878
36,159,0.226069
36,160,0.263214
36,161,0.210237
36,162,0.253149
36,163,0.215737
36,164,0.118421
36,165,0.089666
36,166,0.023111
36,167,0.016535
36,168,-0.018487
36,169,0.015069
36,170,0.004474
36,171,-0.020460
36,172,0.058639
36,173,0.058854
36,174,0.029721
36,175,0.068346
36,176,0.163150
36,177,0.275986
36,178,0.256571
36,179,0.275757
36,180,0.227251
36,181,0.140246
36,182,0.159037
36,183,0.117483
36,184,0.124397
36,185,0.117211
36,186,0.060336
36,187,0.027382
36,188,0.007541
36,189,0.004484
36,190,0.024381
36,191,0.074795
36,192,0.127470
37,1,0.110732
37,2,0.073005
37,3,0.018974
37,4,-0.025027
37,5,0.003921
37,6,-0.041418
37,7,-0.020818
37,8,0.031094
37,9,0.007281
37,10,0.016556
37,11,0.030149
37,12,0.115773
37,13,0.099612
37,14,0.020198
37,15,-0.007093
37,16,-0.012070
37,17,-0.008047
37,18,-0.038026
37,19,-0.019621
37,20,0.038476
37,21,0.036040
37,22,0.041986
37,23,-0.005020
37,24,-0.046110
37,25,-0.033430
37,26,-0.005490
37,27,0.071754
37,28,0.098953
37,29,0.119113
37,30,0.116246
37,31,0.011090
37,32,-0.013247
37,33,-0.006441
37,34,0.072256
37,35,0.143014
37,36,0.394828
37,37,1.000000
37,38,0.363088
37,39,0.153201
37,40,0.215921
37,41,0.037548
37,42,-0.001194
37,43,-0.002382
37,44,-0.024452
37,45,-0.039100
37,46,-0.055997
37,47,-0.053237
37,48,-0.009333
37,49,-0.026240
37,50,-0.030968
37,51,0.099631
37,52,0.129435
37,53,0.041586
37,54,0.108537
37,55,0.188622
37,56,0.121246
37,57,0.049348
37,58,0.060259
37,59,0.038132
37,60,0.044087
37,61,0.006735
37,62,-0.089726
37,63,-0.044189
37,64,-0.020637
37,65,-0.000085
37,66,-0.013418
37,67,0.003198
37,68,0.035794
37,69,0.066407
37,70,0.096491
37,71,0.098103
37,72,-0.015452
37,73,-0.008403
37,74,-0.046662
37,75,-0.003099
37,76,0.006752
37,77,-0.015340
37,78,0.023392
37,79,0.018212
37,80,0.028731
37,81,-0.003033
37,82,0.028375
37,83,0.094026
37,84,0.067983
37,85,0.053757
37,86,0.113758
37,87,0.122043
37,88,0.075786
37,89,0.062248
37,90,0.055814
37,91,0.047644
37,92,-0.042774
37,93,-0.018219
37,94,0.016971
37,95,0.035904
37,96,-0.016075
37,97,-0.057176
37,98,0.003833
37,99,-0.058380
37,100,-0.069731
37,101,-0.032337
37,102,0.041151
37,103,0.068984
37,104,0.017769
37,105,0.029964
37,106,0.014974
37,107,-0.053440
37,108,-0.054633
37,109,-0.028039
37,110,-0.037466
37,111,0.074841
37,112,0.020152
37,113,0.135045
37,114,0.056656
37,115,0.086389
37,116,0.066129
37,117,0.133304
37,118,0.107440
37,119,0.181872
37,120,0.072364
37,121,0.113644
37,122,0.130847
37,123,0.099028
37,124,0.038745
37,125,0.086650
37,126,0.044628
37,127,0.006375
37,128,0.040117
37,129,0.008726
37,130,0.083035
37,131,-0.040456
37,132,0.029428
37,133,0.110303
37,134,0.082561
37,135,0.078466
37,136,0.026765
37,137,0.054739
37,138,0.056021
37,139,0.064452
37,140,0.023386
37,141,0.081073
37,142,0.079768
37,143,0.001162
37,144,0.002273
37,145,-0.012762
37,146,-0.030390
37,147,-0.030059
37,148,-0.023934
37,149,0.081345
37,150,0.223192
37,151,0.227111
37,152,0.238247
37,153,0.166699
37,154,0.137782
37,155,0.060683
37,156,0.099414
37,157,0.086097
37,158,-0.010918
37,159,0.062003
37,160,0.132219
37,161,0.081800
37,162,0.150029
37,163,0.161705
37,164,0.167189
37,165,0.098229
37,166,0.041276
37,167,0.169688
37,168,0.202941
37,169,0.201656
37,170,-0.035406
37,171,-0.040533
37,172,-0.035838
37,173,-0.025403
37,174,-0.028699
37,175,-0.027559
37,176,0.055420
37,177,0.130308
37,178,0.110513
37,179,0.128556
37,180,0.091136
37,181,0.006559
37,182,-0.015247
37,183,-0.023636
37,184,0.011233
37,185,0.072805
37,186,0.046741
37,187,0.023493
37,188,0.041223
37,189,0.028745
37,190,0.052276
37,191,-0.090108
37,192,-0.057447
38,1,0.052234
38,2,0.109614
38,3,0.059444
38,4,-0.027046
38,5,0.076593
38,6,0.040863
38,7,0.058274
38,8,0.082816
38,9,0.065878
38,10,0.060875
38,11,0.084002
38,12,0.093681
38,13,0.072197
38,14,-0.010695
38,15,0.029621
38,16,0.013541
38,17,0.195659
38,18,0.228797
38,19,0.234018
38,20,0.154708
38,21,0.124116
38,22,0.032309
38,23,0.035005
38,24,-0.016776
38,25,-0.025523
38,26,-0.027734
38,27,0.056530
38,28,0.101650
38,29,0.107404
38,30,0.117006
38,31,0.004789
38,32,-0.018827
38,33,0.147112
38,34,0.185756
38,35,0.297685
38,36,0.151808
38,37,0.363088
38,38,1.000000
38,39,0.561969
38,40,0.316562
38,41,0.043581
38,42,-0.002306
38,43,0.056334
38,44,0.076632
38,45,0.093162
38,46,0.078552
38,47,0.137586
38,48,0.135558
38,49,0.172961
38,50,0.217953
38,51,0.102035
38,52,0.081047
38,53,0.145786
38,54,0.187411
38,55,0.223196
38,56,0.138503
38,57,0.094079
38,58,0.108707
38,59,0.099359
38,60,0.089089
38,61,0.165534
38,62,0.106520
38,63,0.128133
38,64,0.118866
38,65,0.076287
38,66,-0.038312
38,67,0.037035
38,68,0.012529
38,69,0.110525
38,70,0.128262
38,71,0.078420
38,72,0.054697
38,73,0.066991
38,74,0.015747
38,75,0.071717
38,76,0.068890
38,77,0.054493
38,78,0.072438
38,79,0.061078
38,80,0.059420
38,81,0.046054
38,82,0.074193
38,83,0.080802
38,84,0.070461
38,85,0.088653
38,86,0.070037
38,87,0.077564
38,88,0.091134
38,89,0.022507
38,90,0.054097
38,91,0.035781
38,92,0.063962
38,93,0.056913
38,94,0.056807
38,95,0.074483
38,96,0.143660
38,97,0.144493
38,98,0.128749
38,99,0.163445
38,100,0.112208
38,101,0.125417
38,102,0.134082
38,103,0.120151
38,104,0.052870
38,105,0.080289
38,106,0.086461
38,107,0.116208
38,108,0.117483
38,109,0.138876
38,110,0.123030
38,111,0.213090
38,112,0.287415
38,113,0.177403
38,114,0.135022
38,115,0.083890
38,116,0.050788
38,117,0.045373
38,118,0.102993
38,119,0.101989
38,120,0.124105
38,121,0.130353
38,122,0.125643
38,123,0.134945
38,124,0.107260
38,125,0.088974
38,126,0.061474
38,127,0.062264
38,128,0.017378
38,129,-0.026889
38,130,-0.006629
38,131,0.112363
38,132,0.100767
38,133,0.094145
38,134,0.083031
38,135,0.144526
38,136,0.090471
38,137,0.104652
38,138,0.055248
38,139,0.031718
38,140,0.019624
38,141,0.030354
38,142,0.017162
38,143,0.021693
38,144,0.025194
38,145,-0.021059
38,146,0.021092
38,147,0.026496
38,148,-0.045898
38,149,-0.002272
38,150,0.058159
38,151,0.106966
38,152,0.114685
38,153,0.065659
38,154,0.055780
38,155,0.068086
38,156,0.081824
38,157,0.114059
38,158,0.062160
38,159,0.073630
38,160,0.085660
38,161,0.087986
38,162,0.122257
38,163,0.143213
38,164,0.160235
38,165,0.127434
38,166,0.104707
38,167,0.220021
38,168,0.231727
38,169,0.224991
38,170,0.015862
38,171,0.031660
38,172,0.047152
38,173,0.047510
38,174,0.043516
38,175,0.062147
38,176,0.084119
38,177,0.101466
38,178,0.054051
38,179,0.066307
38,180,0.060505
38,181,0.058473
38,182,0.078234
38,183,0.100662
38,184,0.102819
38,185,0.105922
38,186,0.077783
38,187,0.058788
38,188,0.060230
38,189,0.030011
38,190,0.064383
38,191,0.011858
38,192,0.073263
39,1,0.125516
39,2,0.171858
39,3,0.133183
39,4,0.046416
39,5,0.059804
39,6,0.030835
39,7,0.034058
39,8,-0.012327
39,9,0.012560
39,10,0.047322
39,11,0.112267
39,12,0.133170
39,13,0.131035
39,14,0.121151
39,15,0.085168
39,16,0.033275
39,17,0.238570
39,18,0.284078
39,19,0.285702
39,20,0.234087
39,21,0.193942
39,22,0.146709
39,23,0.068923
39,24,0.065909
39,25,0.068582
39,26,0.150770
39,27,0.176421
39,28,0.168402
39,29,0.127264
39,30,0.069957
39,31,0.094479
39,32,0.166679
39,33,0.116388
39,34,0.201378
39,35,0.353951
39,36,0.127041
39,37,0.153201
39,38,0.561969
39,39,1.000000
39,40,0.571593
39,41,0.232934
39,42,0.172471
39,43,0.187539
39,44,0.196382
39,45,0.214708
39,46,0.207519
39,47,0.214588
39,48,0.142608
39,49,0.219591
39,50,0.287480
39,51,0.062858
39,52,0.078468
39,53,0.124126
39,54,0.152769
39,55,0.212638
39,56,0.084810
39,57,0.142861
39,58,0.100848
39,59,0.130440
39,60,0.144181
39,61,0.234974
39,62,0.238841
39,63,0.209448
39,64,0.155702
39,65,0.103716
39,66,0.002632
39,67,0.044699
39,68,-0.060129
39,69,-0.063780
39,70,-0.020073
39,71,0.065675
39,72,0.106199
39,73,0.111654
39,74,0.099028
39,75,0.120715
39,76,0.179820
39,77,0.141435
39,78,0.166333
39,79,0.135679
39,80,0.124194
39,81,0.130355
39,82,0.102530
39,83,0.107317
39,84,0.115983
39,85,0.118510
39,86,0.082794
39,87,0.100332
39,88,0.091463
39,89,0.091902
39,90,0.140955
39,91,0.090934
39,92,0.081373
39,93,0.091908
39,94,0.074149
39,95,0.035371
39,96,0.147214
39,97,0.189243
39,98,0.142777
39,99,0.209798
39,100,0.223458
39,101,0.214605
39,102,0.191197
39,103,0.123894
39,104,0.063544
39,105,0.135506
39,106,0.165060
39,107,0.214964
39,108,0.242250
39,109,0.227868
39,110,0.136840
39,111,0.110399
39,112,0.179277
39,113,0.045524
39,114,0.150900
39,115,0.115978
39,116,0.109560
39,117,0.063439
39,118,0.110216
39,119,0.052066
39,120,0.034119
39,121,0.029707
39,122,0.058692
39,123,0.051227
39,124,0.070510
39,125,0.042392
39,126,-0.008005
39,127,0.009472
39,128,-0.025979
39,129,0.053446
39,130,-0.000921
39,131,0.049582
39,132,0.037862
39,133,0.043268
39,134,0.010416
39,135,0.013050
39,136,0.075525
39,137,0.026055
39,138,-0.000429
39,139,-0.049580
39,140,0.021123
39,141,0.046783
39,142,0.022226
39,143,0.083089
39,144,0.110656
39,145,0.013397
39,146,0.076348
39,147,0.090646
39,148,-0.033889
39,149,-0.033265
39,150,-0.085007
39,151,-0.025259
39,152,-0.000485
39,153,-0.014922
39,154,0.008546
39,155,0.029752
39,156,0.020534
39,157,0.054564
39,158,0.048524
39,159,0.048421
39,160,0.056170
39,161,0.075833
39,162,0.077847
39,163,0.072919
39,164,0.071742
39,165,0.087526
39,166,0.119375
39,167,0.069358
39,168,0.025109
39,169,0.078109
39,170,0.022419
39,171,0.073556
39,172,0.127384
39,173,0.076177
39,174,0.064769
39,175,0.096893
39,176,0.079391
39,177,0.090832
39,178,0.061858
39,179,0.054558
39,180,0.060616
39,181,0.078553
39,182,0.102397
39,183,0.115664
39,184,0.072758
39,185,0.064230
39,186,0.040799
39,187,0.054113
39,188,0.031300
39,189,0.024679
39,190,0.037439
39,191,-0.060324
39,192,0.048894
40,1,0.136458
40,2,0.138822
40,3,0.120606
40,4,0.052495
40,5,0.041249
40,6,-0.000625
40,7,0.019907
40,8,0.015419
40,9,0.030988
40,10,0.047089
40,11,0.103816
40,12,0.120419
40,13,0.113518
40,14,0.101373
40,15,0.095885
40,16,0.053784
40,17,0.186190
40,18,0.194891
40,19,0.190869
40,20,0.199804
40,21,0.187536
40,22,0.199406
40,23,0.118892
40,24,0.125040
40,25,0.102545
40,26,0.130202
40,27,0.168354
40,28,0.209698
40,29,0.190533
40,30,0.099909
40,31,0.068776
40,32,0.105552
40,33,0.085215
40,34,0.111953
40,35,0.170800
40,36,0.063583
40,37,0.215921
40,38,0.316562
40,39,0.571593
40,40,1.000000
40,41,0.355747
40,42,0.189148
40,43,0.219361
40,44,0.216218
40,45,0.197198
40,46,0.189006
40,47,0.205370
40,48,0.175084
40,49,0.078750
40,50,0.153966
40,51,0.075910
40,52,0.086661
40,53,0.058687
40,54,0.063136
40,55,0.138709
40,56,0.137528
40,57,0.175213
40,58,0.133691
40,59,0.157204
40,60,0.157300
40,61,0.190779
40,62,0.148868
40,63,0.131512
40,64,0.102190
40,65,0.110277
40,66,0.044946
40,67,0.024529
40,68,0.047301
40,69,0.059990
40,70,0.086046
40,71,0.154082
40,72,0.126944
40,73,0.125592
40,74,0.133339
40,75,0.140942
40,76,0.165730
40,77,0.119724
40,78,0.169849
40,79,0.133021
40,80,0.130383
40,81,0.160940
40,82,0.106257
40,83,0.130056
40,84,0.152497
40,85,0.164418
40,86,0.106870
40,87,0.134412
40,88,0.141363
40,89,0.159464
40,90,0.155931
40,91,0.100026
40,92,0.057027
40,93,0.087753
40,94,0.067784
40,95,0.073847
40,96,0.125230
40,97,0.181531
40,98,0.134327
40,99,0.157957
40,100,0.166943
40,101,0.153794
40,102,0.139607
40,103,0.109916
40,104,0.063713
40,105,0.130397
40,106,0.155158
40,107,0.197431
40,108,0.199694
40,109,0.213740
40,110,0.136216
40,111,0.132199
40,112,0.102936
40,113,0.005016
40,114,0.106744
40,115,0.080099
40,116,0.076355
40,117,0.073387
40,118,0.081760
40,119,0.063990
40,120,0.057858
40,121,0.087427
40,122,0.099238
40,123,0.098082
40,124,0.098559
40,125,0.072359
40,126,0.051453
40,127,0.067596
40,128,0.033241
40,129,0.070825
40,130,0.026763
40,131,0.063520
40,132,0.079394
40,133,0.078438
40,134,0.062314
40,135,0.053091
40,136,0.069784
40,137,0.021427
40,138,0.001674
40,139,-0.005452
40,140,0.032577
40,141,0.049345
40,142,0.034722
40,143,0.107022
40,144,0.132817
40,145,0.049826
40,146,0.096369
40,147,0.103209
40,148,-0.036334
40,149,-0.024527
40,150,-0.014333
40,151,0.040151
40,152,0.042392
40,153,0.018903
40,154,0.019106
40,155,0.036153
40,156,0.038115
40,157,0.079982
40,158,0.098763
40,159,0.102753
40,160,0.095129
40,161,0.123762
40,162,0.126046
40,163,0.116840
40,164,0.116681
40,165,0.137479
40,166,0.174481
40,167,0.170234
40,168,0.148490
40,169,0.159947
40,170,0.059755
40,171,0.076380
40,172,0.114833
40,173,0.062611
40,174,0.048671
40,175,0.065812
40,176,0.064945
40,177,0.114899
40,178,0.082468
40,179,0.067031
40,180,0.071939
40,181,0.058399
40,182,0.067319
40,183,0.128706
40,184,0.111896
40,185,0.105117
40,186,0.056685
40,187,0.047583
40,188,0.021882
40,189,0.025550
40,190,0.009638
40,191,-0.143906
40,192,-0.112063
41,1,0.057685
41,2,0.087921
41,3,0.122356
41,4,0.095530
41,5,0.100266
41,6,0.130329
41,7,0.108601
41,8,0.088707
41,9,0.135553
41,10,0.146310
41,11,0.157968
41,12,0.111548
41,13,0.085261
41,14,0.057885
41,15,0.116411
41,16,0.207017
41,17,0.272466
41,18,0.237670
41,19,0.240736
41,20,0.283133
41,21,0.267184
41,22,0.312614
41,23,0.281611
41,24,0.281849
41,25,0.217040
41,26,0.128905
41,27,0.109060
41,28,0.158060
41,29,0.161210
41,30,0.144582
41,31,0.149344
41,32,0.156164
41,33,0.103273
41,34,0.096365
41,35,0.110418
41,36,0.072704
41,37,0.037548
41,38,0.043581
41,39,0.232934
41,40,0.355747
41,41,1.000000
41,42,0.628461
41,43,0.533794
41,44,0.420792
41,45,0.368269
41,46,0.332989
41,47,0.273219
41,48,0.154855
41,49,0.058780
41,50,0.082808
41,51,0.066418
41,52,0.132611
41,53,0.047389
41,54,0.079562
41,55,0.165146
41,56,0.130526
41,57,0.123276
41,58,0.120939
41,59,0.136034
41,60,0.129353
41,61,0.101095
41,62,0.187714
41,63,0.180193
41,64,0.150677
41,65,0.106531
41,66,0.173337
41,67,0.108780
41,68,0.087154
41,69,0.048229
41,70,0.073640
41,71,0.177596
41,72,0.234378
41,73,0.224798
41,74,0.238807
41,75,0.191508
41,76,0.276330
41,77,0.198647
41,78,0.291601
41,79,0.268305
41,80,0.237754
41,81,0.345886
41,82,0.272460
41,83,0.293033
41,84,0.363441
41,85,0.336239
41,86,0.283207
41,87,0.300958
41,88,0.293189
41,89,0.266341
41,90,0.201060
41,91,0.121751
41,92,0.101504
41,93,0.077955
41,94,0.050407
41,95,0.068089
41,96,0.073207
41,97,0.157577
41,98,0.190839
41,99,0.228526
41,100,0.264595
41,101,0.281138
41,102,0.262228
41,103,0.225897
41,104,0.146914
41,105,0.221257
41,106,0.293959
41,107,0.303780
41,108,0.276151
41,109,0.259763
41,110,0.235332
41,111,0.142453
41,112,0.089424
41,113,0.081704
41,114,0.108560
41,115,0.105994
41,116,0.085775
41,117,0.076076
41,118,0.031948
41,119,0.062485
41,120,0.022097
41,121,0.099507
41,122,0.053114
41,123,0.039236
41,124,0.133635
41,125,0.189018
41,126,0.158039
41,127,0.122934
41,128,0.083802
41,129,0.049347
41,130,0.014237
41,131,0.121838
41,132,0.112488
41,133,0.130708
41,134,0.140789
41,135,0.098096
41,136,0.087230
41,137,0.069364
41,138,0.005005
41,139,0.001852
41,140,0.057651
41,141,0.099521
41,142,0.077380
41,143,0.114568
41,144,0.155377
41,145,0.107505
41,146,0.171403
41,147,0.155981
41,148,0.023106
41,149,0.059774
41,150,0.055822
41,151,0.105442
41,152,0.115001
41,153,0.063848
41,154,0.073003
41,155,0.109183
41,156,0.133953
41,157,0.138515
41,158,0.134240
41,159,0.166449
41,160,0.180133
41,161,0.169262
41,162,0.181873
41,163,0.177500
41,164,0.126280
41,165,0.172595
41,166,0.182504
41,167,0.091683
41,168,0.052715
41,169,0.004445
41,170,0.046717
41,171,0.073168
41,172,0.133531
41,173,0.138114
41,174,0.129516
41,175,0.126743
41,176,0.131459
41,177,0.200348
41,178,0.199019
41,179,0.175426
41,180,0.135573
41,181,0.139945
41,182,0.169472
41,183,0.151000
41,184,0.094981
41,185,0.072324
41,186,0.018450
41,187,0.010646
41,188,-0.012661
41,189,-0.004030
41,190,-0.034477
41,191,-0.036893
41,192,-0.003774
42,1,0.076943
42,2,0.135510
42,3,0.162516
42,4,0.124261
42,5,0.142795
42,6,0.201350
42,7,0.173511
42,8,0.118823
42,9,0.160663
42,10,0.169382
42,11,0.181448
42,12,0.144787
42,13,0.103616
42,14,0.080798
42,15,0.147322
42,16,0.231226
42,17,0.349328
42,18,0.316787
42,19,0.314244
42,20,0.345598
42,21,0.327939
42,22,0.362447
42,23,0.307154
42,24,0.309165
42,25,0.269169
42,26,0.161575
42,27,0.126038
42,28,0.183277
42,29,0.185229
42,30,0.171428
42,31,0.164973
42,32,0.181252
42,33,0.101773
42,34,0.136501
42,35,0.173939
42,36,0.092074
42,37,-0.001194
42,38,-0.002306
42,39,0.172471
42,40,0.189148
42,41,0.628461
42,42,1.000000
42,43,0.765738
42,44,0.557707
42,45,0.530249
42,46,0.531974
42,47,0.438564
42,48,0.223149
42,49,0.121021
42,50,0.135759
42,51,0.089063
42,52,0.161547
42,53,0.075164
42,54,0.112192
42,55,0.183096
42,56,0.130610
42,57,0.139254
42,58,0.154093
42,59,0.155726
42,60,0.160086
42,61,0.138427
42,62,0.281549
42,63,0.301953
42,64,0.256403
42,65,0.177699
42,66,0.204411
42,67,0.163851
42,68,0.119784
42,69,-0.013068
42,70,0.015420
42,71,0.140702
42,72,0.284907
42,73,0.287743
42,74,0.276297
42,75,0.245907
42,76,0.356105
42,77,0.249633
42,78,0.381539
42,79,0.326479
42,80,0.292996
42,81,0.404180
42,82,0.325554
42,83,0.360104
42,84,0.436947
42,85,0.398327
42,86,0.344616
42,87,0.355303
42,88,0.338341
42,89,0.309584
42,90,0.254920
42,91,0.177994
42,92,0.163114
42,93,0.105852
42,94,0.079471
42,95,0.136108
42,96,0.172142
42,97,0.243299
42,98,0.301541
42,99,0.355038
42,100,0.371239
42,101,0.405258
42,102,0.387593
42,103,0.330820
42,104,0.204807
42,105,0.301297
42,106,0.403588
42,107,0.427947
42,108,0.444981
42,109,0.384914
42,110,0.331479
42,111,0.192626
42,112,0.128386
42,113,0.077190
42,114,0.135459
42,115,0.139998
42,116,0.109186
42,117,0.069543
42,118,0.058732
42,119,0.072249
42,120,0.015259
42,121,0.089034
42,122,0.038386
42,123,0.034303
42,124,0.144483
42,125,0.193444
42,126,0.134848
42,127,0.099469
42,128,0.029943
42,129,0.014901
42,130,-0.030325
42,131,0.103308
42,132,0.103105
42,133,0.152073
42,134,0.141579
42,135,0.078387
42,136,0.114604
42,137,0.104239
42,138,0.008940
42,139,-0.006335
42,140,0.085153
42,141,0.127022
42,142,0.101534
42,143,0.148352
42,144,0.209021
42,145,0.151957
42,146,0.214473
42,147,0.207981
42,148,0.035391
42,149,0.068806
42,150,0.064844
42,151,0.107098
42,152,0.128432
42,153,0.053909
42,154,0.081669
42,155,0.084553
42,156,0.114512
42,157,0.132517
42,158,0.122563
42,159,0.160685
42,160,0.201834
42,161,0.189332
42,162,0.225895
42,163,0.218613
42,164,0.164188
42,165,0.195837
42,166,0.210584
42,167,0.091141
42,168,0.045563
42,169,-0.000256
42,170,0.061897
42,171,0.098254
42,172,0.176952
42,173,0.201643
42,174,0.178319
42,175,0.173304
42,176,0.179907
42,177,0.252114
42,178,0.234212
42,179,0.202198
42,180,0.158588
42,181,0.158792
42,182,0.208065
42,183,0.169618
42,184,0.102817
42,185,0.080306
42,186,0.036989
42,187,0.033348
42,188,0.024516
42,189,0.012793
42,190,-0.011013
42,191,0.039779
42,192,0.116561
43,1,0.059238
43,2,0.146325
43,3,0.184254
43,4,0.132364
43,5,0.185620
43,6,0.220827
43,7,0.183830
43,8,0.160415
43,9,0.215110
43,10,0.215502
43,11,0.224526
43,12,0.149662
43,13,0.089933
43,14,0.081315
43,15,0.193038
43,16,0.317034
43,17,0.465011
43,18,0.415236
43,19,0.411813
43,20,0.445542
43,21,0.447352
43,22,0.482485
43,23,0.416408
43,24,0.392321
43,25,0.327546
43,26,0.188503
43,27,0.130928
43,28,0.217675
43,29,0.203267
43,30,0.218845
43,31,0.185684
43,32,0.200033
43,33,0.110968
43,34,0.137120
43,35,0.202033
43,36,0.095701
43,37,-0.002382
43,38,0.056334
43,39,0.187539
43,40,0.219361
43,41,0.533794
43,42,0.765738
43,43,1.000000
43,44,0.809894
43,45,0.740365
43,46,0.697304
43,47,0.575061
43,48,0.268473
43,49,0.144401
43,50,0.158504
43,51,0.094106
43,52,0.171582
43,53,0.100635
43,54,0.132955
43,55,0.216443
43,56,0.154933
43,57,0.170940
43,58,0.205536
43,59,0.234974
43,60,0.236906
43,61,0.219444
43,62,0.381338
43,63,0.418730
43,64,0.362861
43,65,0.279979
43,66,0.239565
43,67,0.202101
43,68,0.140730
43,69,0.021282
43,70,0.068886
43,71,0.221139
43,72,0.337309
43,73,0.350542
43,74,0.341212
43,75,0.310322
43,76,0.458840
43,77,0.319615
43,78,0.523727
43,79,0.431244
43,80,0.401908
43,81,0.518540
43,82,0.435111
43,83,0.454694
43,84,0.535292
43,85,0.478230
43,86,0.403972
43,87,0.421180
43,88,0.400551
43,89,0.370046
43,90,0.304405
43,91,0.214362
43,92,0.152301
43,93,0.127555
43,94,0.098805
43,95,0.193340
43,96,0.257432
43,97,0.350589
43,98,0.422102
43,99,0.500805
43,100,0.519240
43,101,0.556721
43,102,0.523078
43,103,0.449981
43,104,0.261718
43,105,0.399891
43,106,0.549118
43,107,0.601975
43,108,0.575202
43,109,0.506493
43,110,0.404148
43,111,0.262468
43,112,0.204035
43,113,0.069832
43,114,0.121945
43,115,0.112263
43,116,0.072509
43,117,0.039504
43,118,0.048950
43,119,0.058413
43,120,0.011002
43,121,0.096338
43,122,0.059732
43,123,0.083173
43,124,0.192244
43,125,0.237323
43,126,0.181580
43,127,0.144515
43,128,0.053458
43,129,0.050750
43,130,0.018788
43,131,0.153503
43,132,0.113279
43,133,0.153859
43,134,0.178749
43,135,0.117941
43,136,0.135288
43,137,0.140142
43,138,0.043598
43,139,0.028163
43,140,0.112474
43,141,0.129588
43,142,0.105415
43,143,0.176129
43,144,0.249024
43,145,0.185847
43,146,0.275595
43,147,0.282207
43,148,0.033692
43,149,0.077570
43,150,0.060015
43,151,0.120603
43,152,0.143603
43,153,0.072103
43,154,0.097823
43,155,0.120915
43,156,0.156989
43,157,0.174171
43,158,0.179989
43,159,0.215506
43,160,0.259732
43,161,0.245648
43,162,0.290850
43,163,0.281958
43,164,0.211305
43,165,0.239476
43,166,0.284513
43,167,0.171027
43,168,0.112617
43,169,0.084058
43,170,0.122811
43,171,0.171636
43,172,0.231607
43,173,0.278737
43,174,0.270495
43,175,0.240360
43,176,0.243849
43,177,0.307022
43,178,0.287388
43,179,0.249110
43,180,0.196415
43,181,0.220584
43,182,0.273868
43,183,0.239221
43,184,0.167499
43,185,0.139246
43,186,0.095170
43,187,0.104487
43,188,0.087721
43,189,0.070763
43,190,0.050084
43,191,0.028836
43,192,0.091003
44,1,0.051787
44,2,0.161472
44,3,0.204546
44,4,0.153523
44,5,0.201252
44,6,0.241714
44,7,0.198057
44,8,0.190796
44,9,0.246839
44,10,0.232876
44,11,0.250759
44,12,0.176698
44,13,0.091194
44,14,0.084534
44,15,0.187668
44,16,0.309723
44,17,0.497910
44,18,0.462884
44,19,0.450875
44,20,0.465914
44,21,0.468189
44,22,0.491745
44,23,0.413902
44,24,0.390851
44,25,0.320547
44,26,0.206500
44,27,0.150672
44,28,0.239173
44,29,0.219236
44,30,0.228246
44,31,0.189627
44,32,0.220892
44,33,0.129842
44,34,0.146305
44,35,0.216695
44,36,0.079225
44,37,-0.024452
44,38,0.076632
44,39,0.196382
44,40,0.216218
44,41,0.420792
44,42,0.557707
44,43,0.809894
44,44,1.000000
44,45,0.797773
44,46,0.690307
44,47,0.587083
44,48,0.284993
44,49,0.163691
44,50,0.186388
44,51,0.096655
44,52,0.176972
44,53,0.096397
44,54,0.131186
44,55,0.231646
44,56,0.164183
44,57,0.196820
44,58,0.227040
44,59,0.282771
44,60,0.285858
44,61,0.273920
44,62,0.397182
44,63,0.441641
44,64,0.392982
44,65,0.300790
44,66,0.243308
44,67,0.208108
44,68,0.134035
44,69,0.034744
44,70,0.082158
44,71,0.243325
44,72,0.347948
44,73,0.363037
44,74,0.375624
44,75,0.355669
44,76,0.506109
44,77,0.364358
44,78,0.557629
44,79,0.449917
44,80,0.400135
44,81,0.482341
44,82,0.414858
44,83,0.406347
44,84,0.482233
44,85,0.431358
44,86,0.346115
44,87,0.366558
44,88,0.347134
44,89,0.326119
44,90,0.274119
44,91,0.182876
44,92,0.126260
44,93,0.132098
44,94,0.113569
44,95,0.204364
44,96,0.295877
44,97,0.382569
44,98,0.429949
44,99,0.528013
44,100,0.547667
44,101,0.575715
44,102,0.541413
44,103,0.453312
44,104,0.280424
44,105,0.425369
44,106,0.574809
44,107,0.639104
44,108,0.583417
44,109,0.538321
44,110,0.418892
44,111,0.302364
44,112,0.264854
44,113,0.033528
44,114,0.089265
44,115,0.075643
44,116,0.028110
44,117,0.007858
44,118,0.005629
44,119,0.020197
44,120,-0.003018
44,121,0.108657
44,122,0.069835
44,123,0.077887
44,124,0.169850
44,125,0.220839
44,126,0.162066
44,127,0.149847
44,128,0.080570
44,129,0.078063
44,130,0.029629
44,131,0.152921
44,132,0.101529
44,133,0.130640
44,134,0.154568
44,135,0.112798
44,136,0.111936
44,137,0.135264
44,138,0.038705
44,139,0.035147
44,140,0.124705
44,141,0.126100
44,142,0.114807
44,143,0.210756
44,144,0.279558
44,145,0.203603
44,146,0.292873
44,147,0.309061
44,148,0.021295
44,149,0.059459
44,150,0.024619
44,151,0.096234
44,152,0.121810
44,153,0.066105
44,154,0.089746
44,155,0.120124
44,156,0.157438
44,157,0.179999
44,158,0.204387
44,159,0.235993
44,160,0.263654
44,161,0.251459
44,162,0.281237
44,163,0.282572
44,164,0.213262
44,165,0.242522
44,166,0.297258
44,167,0.189177
44,168,0.119730
44,169,0.107047
44,170,0.141610
44,171,0.188186
44,172,0.249970
44,173,0.268815
44,174,0.265960
44,175,0.239721
44,176,0.241652
44,177,0.286108
44,178,0.257906
44,179,0.218106
44,180,0.174815
44,181,0.206451
44,182,0.250289
44,183,0.228725
44,184,0.160017
44,185,0.137086
44,186,0.098913
44,187,0.125658
44,188,0.098069
44,189,0.091052
44,190,0.060495
44,191,0.001786
44,192,0.051695
45,1,0.052359
45,2,0.166857
45,3,0.196188
45,4,0.130246
45,5,0.196316
45,6,0.248896
45,7,0.200904
45,8,0.180626
45,9,0.253413
45,10,0.217471
45,11,0.239201
45,12,0.180506
45,13,0.111021
45,14,0.088854
45,15,0.185462
45,16,0.321775
45,17,0.527019
45,18,0.486146
45,19,0.475862
45,20,0.500458
45,21,0.506403
45,22,0.513028
45,23,0.421147
45,24,0.397706
45,25,0.328218
45,26,0.228764
45,27,0.166899
45,28,0.247232
45,29,0.215422
45,30,0.222053
45,31,0.191857
45,32,0.223546
45,33,0.123463
45,34,0.153467
45,35,0.224123
45,36,0.075212
45,37,-0.039100
45,38,0.093162
45,39,0.214708
45,40,0.197198
45,41,0.368269
45,42,0.530249
45,43,0.740365
45,44,0.797773
45,45,1.000000
45,46,0.857305
45,47,0.681386
45,48,0.323795
45,49,0.186904
45,50,0.204081
45,51,0.098606
45,52,0.175200
45,53,0.118453
45,54,0.156167
45,55,0.245132
45,56,0.157825
45,57,0.195040
45,58,0.219416
45,59,0.287691
45,60,0.298883
45,61,0.300391
45,62,0.479183
45,63,0.538639
45,64,0.485082
45,65,0.369834
45,66,0.275159
45,67,0.243111
45,68,0.163741
45,69,0.043814
45,70,0.093196
45,71,0.254245
45,72,0.370466
45,73,0.388847
45,74,0.372416
45,75,0.344500
45,76,0.522178
45,77,0.368700
45,78,0.596750
45,79,0.488917
45,80,0.416417
45,81,0.522653
45,82,0.468147
45,83,0.435125
45,84,0.503624
45,85,0.450554
45,86,0.366777
45,87,0.379364
45,88,0.362675
45,89,0.359131
45,90,0.319934
45,91,0.220921
45,92,0.174808
45,93,0.166598
45,94,0.153039
45,95,0.258245
45,96,0.361764
45,97,0.473033
45,98,0.546841
45,99,0.645588
45,100,0.647399
45,101,0.673816
45,102,0.613988
45,103,0.512367
45,104,0.316920
45,105,0.464351
45,106,0.627061
45,107,0.769317
45,108,0.734032
45,109,0.629806
45,110,0.482432
45,111,0.324281
45,112,0.272286
45,113,0.020379
45,114,0.115202
45,115,0.102321
45,116,0.067569
45,117,0.029048
45,118,0.027495
45,119,0.021930
45,120,-0.012259
45,121,0.087196
45,122,0.047210
45,123,0.067414
45,124,0.178820
45,125,0.230355
45,126,0.171837
45,127,0.149579
45,128,0.063289
45,129,0.077605
45,130,0.034820
45,131,0.162445
45,132,0.108477
45,133,0.145784
45,134,0.152176
45,135,0.122356
45,136,0.143055
45,137,0.145668
45,138,0.044594
45,139,0.041764
45,140,0.129038
45,141,0.128444
45,142,0.137897
45,143,0.216155
45,144,0.292382
45,145,0.218711
45,146,0.318329
45,147,0.333908
45,148,0.027619
45,149,0.082124
45,150,0.015160
45,151,0.066066
45,152,0.092769
45,153,0.050882
45,154,0.087156
45,155,0.123515
45,156,0.155889
45,157,0.175104
45,158,0.203452
45,159,0.236971
45,160,0.259295
45,161,0.255352
45,162,0.289453
45,163,0.278185
45,164,0.209839
45,165,0.256681
45,166,0.316958
45,167,0.197247
45,168,0.123539
45,169,0.123284
45,170,0.172024
45,171,0.220063
45,172,0.264051
45,173,0.320412
45,174,0.303329
45,175,0.274897
45,176,0.269392
45,177,0.303506
45,178,0.268526
45,179,0.227191
45,180,0.183363
45,181,0.220070
45,182,0.275069
45,183,0.236208
45,184,0.169822
45,185,0.143756
45,186,0.120750
45,187,0.140165
45,188,0.121273
45,189,0.103432
45,190,0.080805
45,191,0.021908
45,192,0.083510
46,1,0.033505
46,2,0.151719
46,3,0.182985
46,4,0.125227
46,5,0.189053
46,6,0.246820
46,7,0.202986
46,8,0.161589
46,9,0.233174
46,10,0.197524
46,11,0.209289
46,12,0.140524
46,13,0.101212
46,14,0.091399
46,15,0.180221
46,16,0.289750
46,17,0.467211
46,18,0.428450
46,19,0.419187
46,20,0.448373
46,21,0.464017
46,22,0.476648
46,23,0.388618
46,24,0.373659
46,25,0.319956
46,26,0.214514
46,27,0.155275
46,28,0.216395
46,29,0.183521
46,30,0.191262
46,31,0.181436
46,32,0.204238
46,33,0.111476
46,34,0.144696
46,35,0.208085
46,36,0.065273
46,37,-0.055997
46,38,0.078552
46,39,0.207519
46,40,0.189006
46,41,0.332989
46,42,0.531974
46,43,0.697304
46,44,0.690307
46,45,0.857305
46,46,1.000000
46,47,0.791787
46,48,0.343075
46,49,0.200101
46,50,0.219875
46,51,0.116534
46,52,0.149591
46,53,0.103553
46,54,0.139309
46,55,0.208130
46,56,0.145126
46,57,0.177123
46,58,0.213401
46,59,0.267708
46,60,0.263092
46,61,0.288109
46,62,0.460817
46,63,0.521317
46,64,0.455455
46,65,0.347017
46,66,0.249330
46,67,0.224223
46,68,0.162324
46,69,0.038618
46,70,0.083252
46,71,0.228271
46,72,0.352738
46,73,0.366090
46,74,0.332897
46,75,0.308836
46,76,0.457260
46,77,0.317315
46,78,0.516704
46,79,0.434550
46,80,0.355819
46,81,0.490989
46,82,0.412719
46,83,0.391713
46,84,0.460166
46,85,0.426932
46,86,0.344847
46,87,0.340597
46,88,0.338975
46,89,0.333027
46,90,0.311752
46,91,0.232552
46,92,0.207216
46,93,0.175488
46,94,0.163299
46,95,0.262631
46,96,0.366890
46,97,0.479779
46,98,0.527967
46,99,0.618554
46,100,0.603875
46,101,0.622295
46,102,0.566473
46,103,0.477152
46,104,0.287551
46,105,0.418514
46,106,0.569251
46,107,0.693085
46,108,0.737247
46,109,0.631503
46,110,0.492023
46,111,0.322369
46,112,0.252614
46,113,0.029622
46,114,0.124610
46,115,0.100448
46,116,0.068806
46,117,0.017324
46,118,0.032159
46,119,0.026021
46,120,0.011099
46,121,0.089258
46,122,0.048564
46,123,0.082395
46,124,0.180352
46,125,0.219544
46,126,0.165169
46,127,0.151084
46,128,0.053687
46,129,0.060458
46,130,0.032201
46,131,0.118479
46,132,0.101764
46,133,0.145429
46,134,0.140399
46,135,0.109620
46,136,0.142796
46,137,0.160495
46,138,0.049057
46,139,0.045226
46,140,0.123425
46,141,0.128230
46,142,0.129083
46,143,0.212439
46,144,0.277276
46,145,0.200342
46,146,0.294775
46,147,0.308100
46,148,0.009407
46,149,0.057892
46,150,0.011754
46,151,0.066358
46,152,0.080490
46,153,0.027927
46,154,0.063056
46,155,0.107072
46,156,0.128731
46,157,0.153330
46,158,0.188412
46,159,0.215810
46,160,0.242908
46,161,0.240256
46,162,0.276378
46,163,0.265586
46,164,0.195397
46,165,0.232087
46,166,0.289217
46,167,0.177859
46,168,0.108123
46,169,0.100945
46,170,0.161356
46,171,0.198737
46,172,0.245535
46,173,0.292599
46,174,0.270700
46,175,0.246766
46,176,0.244083
46,177,0.297546
46,178,0.252965
46,179,0.205434
46,180,0.171629
46,181,0.205601
46,182,0.251967
46,183,0.211165
46,184,0.153973
46,185,0.130200
46,186,0.105068
46,187,0.115722
46,188,0.113805
46,189,0.094571
46,190,0.077448
46,191,0.060773
46,192,0.121452
47,1,0.044940
47,2,0.170611
47,3,0.187834
47,4,0.131387
47,5,0.186487
47,6,0.244545
47,7,0.217959
47,8,0.177868
47,9,0.254894
47,10,0.203528
47,11,0.234769
47,12,0.170932
47,13,0.128900
47,14,0.060832
47,15,0.158118
47,16,0.261241
47,17,0.496182
47,18,0.486661
47,19,0.477042
47,20,0.492626
47,21,0.493881
47,22,0.468112
47,23,0.367102
47,24,0.345971
47,25,0.274134
47,26,0.178644
47,27,0.192679
47,28,0.279579
47,29,0.238432
47,30,0.237726
47,31,0.206191
47,32,0.172874
47,33,0.104287
47,34,0.186356
47,35,0.255652
47,36,0.084695
47,37,-0.053237
47,38,0.137586
47,39,0.214588
47,40,0.205370
47,41,0.273219
47,42,0.438564
47,43,0.575061
47,44,0.587083
47,45,0.681386
47,46,0.791787
47,47,1.000000
47,48,0.524336
47,49,0.273637
47,50,0.280945
47,51,0.148363
47,52,0.163669
47,53,0.154075
47,54,0.186691
47,55,0.267806
47,56,0.238623
47,57,0.275796
47,58,0.355562
47,59,0.388861
47,60,0.346808
47,61,0.352719
47,62,0.437009
47,63,0.512246
47,64,0.420300
47,65,0.331167
47,66,0.179784
47,67,0.183165
47,68,0.118781
47,69,0.041057
47,70,0.077289
47,71,0.164006
47,72,0.310994
47,73,0.338961
47,74,0.281238
47,75,0.292179
47,76,0.412276
47,77,0.293997
47,78,0.451801
47,79,0.371598
47,80,0.309072
47,81,0.408691
47,82,0.345644
47,83,0.338746
47,84,0.389674
47,85,0.361892
47,86,0.281987
47,87,0.274413
47,88,0.273286
47,89,0.273605
47,90,0.287010
47,91,0.219217
47,92,0.215168
47,93,0.161178
47,94,0.147124
47,95,0.268451
47,96,0.393435
47,97,0.493664
47,98,0.508552
47,99,0.604214
47,100,0.541052
47,101,0.554723
47,102,0.500640
47,103,0.418921
47,104,0.248705
47,105,0.369332
47,106,0.497902
47,107,0.642851
47,108,0.647077
47,109,0.630828
47,110,0.498889
47,111,0.363468
47,112,0.290994
47,113,0.051226
47,114,0.130533
47,115,0.092181
47,116,0.069832
47,117,0.030603
47,118,0.048304
47,119,0.050773
47,120,0.061780
47,121,0.135538
47,122,0.087680
47,123,0.119004
47,124,0.195285
47,125,0.219677
47,126,0.166913
47,127,0.162450
47,128,0.060276
47,129,0.064835
47,130,0.033548
47,131,0.091736
47,132,0.114943
47,133,0.156760
47,134,0.120437
47,135,0.110507
47,136,0.157663
47,137,0.205931
47,138,0.074649
47,139,0.073833
47,140,0.133297
47,141,0.135394
47,142,0.106036
47,143,0.181936
47,144,0.245773
47,145,0.151942
47,146,0.245679
47,147,0.270236
47,148,-0.000972
47,149,0.025035
47,150,-0.009905
47,151,0.055251
47,152,0.074216
47,153,0.033341
47,154,0.054302
47,155,0.104061
47,156,0.111954
47,157,0.153445
47,158,0.208219
47,159,0.228832
47,160,0.245470
47,161,0.241829
47,162,0.263744
47,163,0.250187
47,164,0.189149
47,165,0.228210
47,166,0.273476
47,167,0.152652
47,168,0.080603
47,169,0.099936
47,170,0.156710
47,171,0.195285
47,172,0.240812
47,173,0.279705
47,174,0.249341
47,175,0.246230
47,176,0.231875
47,177,0.288765
47,178,0.229701
47,179,0.177278
47,180,0.150563
47,181,0.195777
47,182,0.241808
47,183,0.209787
47,184,0.162115
47,185,0.138346
47,186,0.115220
47,187,0.139350
47,188,0.118190
47,189,0.106818
47,190,0.108145
47,191,0.099275
47,192,0.171184
48,1,0.062273
48,2,0.160248
48,3,0.171917
48,4,0.152722
48,5,0.131069
48,6,0.153726
48,7,0.135821
48,8,0.118061
48,9,0.199299
48,10,0.199000
48,11,0.260894
48,12,0.215457
48,13,0.204072
48,14,0.046151
48,15,0.135851
48,16,0.164787
48,17,0.401294
48,18,0.407526
48,19,0.395632
48,20,0.417526
48,21,0.391407
48,22,0.349361
48,23,0.259939
48,24,0.219629
48,25,0.142419
48,26,0.151434
48,27,0.312085
48,28,0.376519
48,29,0.365546
48,30,0.310755
48,31,0.174108
48,32,0.094505
48,33,0.091587
48,34,0.179327
48,35,0.217687
48,36,0.133942
48,37,-0.009333
48,38,0.135558
48,39,0.142608
48,40,0.175084
48,41,0.154855
48,42,0.223149
48,43,0.268473
48,44,0.284993
48,45,0.323795
48,46,0.343075
48,47,0.524336
48,48,1.000000
48,49,0.580871
48,50,0.465801
48,51,0.348442
48,52,0.217352
48,53,0.158127
48,54,0.216868
48,55,0.306161
48,56,0.431227
48,57,0.513675
48,58,0.579037
48,59,0.483594
48,60,0.367316
48,61,0.242443
48,62,0.169746
48,63,0.224967
48,64,0.189752
48,65,0.167466
48,66,0.076967
48,67,0.108485
48,68,0.085970
48,69,0.068734
48,70,0.080359
48,71,0.082083
48,72,0.193057
48,73,0.211488
48,74,0.179062
48,75,0.200270
48,76,0.227305
48,77,0.185132
48,78,0.220691
48,79,0.195114
48,80,0.186767
48,81,0.196530
48,82,0.194323
48,83,0.199665
48,84,0.213129
48,85,0.200915
48,86,0.171334
48,87,0.184012
48,88,0.167824
48,89,0.136584
48,90,0.148534
48,91,0.128553
48,92,0.135919
48,93,0.058501
48,94,0.053926
48,95,0.148934
48,96,0.170863
48,97,0.212253
48,98,0.203624
48,99,0.276887
48,100,0.237107
48,101,0.235570
48,102,0.234866
48,103,0.244486
48,104,0.138588
48,105,0.204653
48,106,0.261569
48,107,0.306701
48,108,0.286975
48,109,0.329584
48,110,0.297572
48,111,0.235042
48,112,0.223951
48,113,0.117366
48,114,0.099705
48,115,0.091901
48,116,0.065380
48,117,0.066516
48,118,0.071466
48,119,0.130557
48,120,0.120402
48,121,0.180446
48,122,0.124010
48,123,0.154135
48,124,0.164324
48,125,0.170808
48,126,0.124513
48,127,0.142155
48,128,0.085403
48,129,0.037986
48,130,0.018618
48,131,0.052825
48,132,0.110700
48,133,0.139628
48,134,0.092155
48,135,0.102662
48,136,0.144567
48,137,0.180464
48,138,0.081813
48,139,0.073511
48,140,0.096955
48,141,0.128642
48,142,0.096173
48,143,0.106365
48,144,0.143263
48,145,0.090877
48,146,0.148711
48,147,0.157935
48,148,0.002129
48,149,0.042968
48,150,0.039793
48,151,0.066812
48,152,0.089133
48,153,0.083898
48,154,0.082492
48,155,0.094406
48,156,0.096977
48,157,0.156810
48,158,0.193744
48,159,0.166632
48,160,0.170488
48,161,0.185645
48,162,0.178724
48,163,0.163201
48,164,0.121354
48,165,0.144817
48,166,0.160006
48,167,0.063286
48,168,0.019913
48,169,0.017588
48,170,0.088729
48,171,0.100219
48,172,0.154447
48,173,0.161797
48,174,0.158462
48,175,0.153041
48,176,0.152181
48,177,0.211747
48,178,0.179396
48,179,0.135395
48,180,0.130454
48,181,0.166946
48,182,0.180013
48,183,0.126784
48,184,0.111683
48,185,0.096826
48,186,0.060582
48,187,0.076608
48,188,0.048251
48,189,0.040553
48,190,0.051444
48,191,0.114116
48,192,0.205985
49,1,0.125784
49,2,0.183355
49,3,0.170675
49,4,0.141710
49,5,0.124205
49,6,0.116565
49,7,0.077059
49,8,0.047901
49,9,0.105131
49,10,0.150877
49,11,0.209900
49,12,0.212367
49,13,0.236859
49,14,0.135596
49,15,0.146118
49,16,0.106164
49,17,0.295613
49,18,0.329050
49,19,0.321931
49,20,0.300918
49,21,0.265990
49,22,0.220526
49,23,0.145621
49,24,0.110869
49,25,0.079700
49,26,0.203876
49,27,0.338879
49,28,0.327462
49,29,0.294588
49,30,0.233806
49,31,0.096672
49,32,0.089297
49,33,0.117264
49,34,0.157950
49,35,0.242122
49,36,0.103755
49,37,-0.026240
49,38,0.172961
49,39,0.219591
49,40,0.078750
49,41,0.058780
49,42,0.121021
49,43,0.144401
49,44,0.163691
49,45,0.186904
49,46,0.200101
49,47,0.273637
49,48,0.580871
49,49,1.000000
49,50,0.766141
49,51,0.379018
49,52,0.113170
49,53,0.106859
49,54,0.128327
49,55,0.231372
49,56,0.332691
49,57,0.497076
49,58,0.405529
49,59,0.376902
49,60,0.301664
49,61,0.223773
49,62,0.085594
49,63,0.128175
49,64,0.110859
49,65,0.079709
49,66,0.019189
49,67,0.063031
49,68,0.023787
49,69,0.041549
49,70,0.063847
49,71,0.044106
49,72,0.102470
49,73,0.115888
49,74,0.123410
49,75,0.155959
49,76,0.151755
49,77,0.156161
49,78,0.144784
49,79,0.135326
49,80,0.141688
49,81,0.114825
49,82,0.097329
49,83,0.111089
49,84,0.113815
49,85,0.095411
49,86,0.102775
49,87,0.101942
49,88,0.072964
49,89,0.022602
49,90,0.045808
49,91,0.039192
49,92,0.077550
49,93,0.040536
49,94,0.066886
49,95,0.092446
49,96,0.127204
49,97,0.147124
49,98,0.079699
49,99,0.169229
49,100,0.162479
49,101,0.127358
49,102,0.126318
49,103,0.116124
49,104,0.087654
49,105,0.127100
49,106,0.153140
49,107,0.175935
49,108,0.165338
49,109,0.194260
49,110,0.189502
49,111,0.163616
49,112,0.153230
49,113,0.116931
49,114,0.081255
49,115,0.074207
49,116,0.044067
49,117,0.034427
49,118,0.071503
49,119,0.082952
49,120,0.083602
49,121,0.082954
49,122,0.045680
49,123,0.079369
49,124,0.049579
49,125,0.044850
49,126,0.007312
49,127,0.037628
49,128,0.030371
49,129,-0.018734
49,130,-0.029602
49,131,-0.010521
49,132,0.038515
49,133,0.042786
49,134,0.024813
49,135,0.027194
49,136,0.106497
49,137,0.112486
49,138,0.068281
49,139,0.076520
49,140,0.080596
49,141,0.090210
49,142,0.097811
49,143,0.092287
49,144,0.080703
49,145,0.039908
49,146,0.090807
49,147,0.092115
49,148,-0.006349
49,149,0.019940
49,150,0.017341
49,151,0.017391
49,152,0.037318
49,153,0.055083
49,154,0.062321
49,155,0.063361
49,156,0.065472
49,157,0.097401
49,158,0.099308
49,159,0.082610
49,160,0.084940
49,161,0.105318
49,162,0.096774
49,163,0.097909
49,164,0.087574
49,165,0.070984
49,166,0.084319
49,167,0.052413
49,168,0.005108
49,169,0.000246
49,170,0.041517
49,171,0.076063
49,172,0.113220
49,173,0.110534
49,174,0.111814
49,175,0.112263
49,176,0.098649
49,177,0.098206
49,178,0.082047
49,179,0.071861
49,180,0.091936
49,181,0.126020
49,182,0.132715
49,183,0.115122
49,184,0.098688
49,185,0.091491
49,186,0.062535
49,187,0.090487
49,188,0.057443
49,189,0.053694
49,190,0.059917
49,191,0.157889
49,192,0.224752
50,1,0.118786
50,2,0.196286
50,3,0.179997
50,4,0.142101
50,5,0.156421
50,6,0.154625
50,7,0.126038
50,8,0.088594
50,9,0.128644
50,10,0.160923
50,11,0.206770
50,12,0.192047
50,13,0.202226
50,14,0.146464
50,15,0.148416
50,16,0.098081
50,17,0.292428
50,18,0.324513
50,19,0.320619
50,20,0.299002
50,21,0.264931
50,22,0.215252
50,23,0.152025
50,24,0.127270
50,25,0.125532
50,26,0.193181
50,27,0.256132
50,28,0.261095
50,29,0.264755
50,30,0.224511
50,31,0.146207
50,32,0.142074
50,33,0.127208
50,34,0.131413
50,35,0.305049
50,36,0.129127
50,37,-0.030968
50,38,0.217953
50,39,0.287480
50,40,0.153966
50,41,0.082808
50,42,0.135759
50,43,0.158504
50,44,0.186388
50,45,0.204081
50,46,0.219875
50,47,0.280945
50,48,0.465801
50,49,0.766141
50,50,1.000000
50,51,0.435342
50,52,0.204990
50,53,0.165901
50,54,0.190383
50,55,0.295618
50,56,0.328814
50,57,0.412220
50,58,0.307113
50,59,0.290697
50,60,0.248978
50,61,0.259841
50,62,0.146080
50,63,0.177546
50,64,0.139201
50,65,0.086798
50,66,0.019912
50,67,0.051554
50,68,0.016807
50,69,0.046165
50,70,0.073030
50,71,0.054164
50,72,0.120791
50,73,0.132633
50,74,0.138411
50,75,0.170274
50,76,0.178627
50,77,0.170101
50,78,0.165654
50,79,0.148059
50,80,0.136993
50,81,0.125392
50,82,0.097692
50,83,0.111787
50,84,0.121369
50,85,0.110314
50,86,0.094285
50,87,0.104653
50,88,0.088425
50,89,0.064118
50,90,0.087441
50,91,0.073079
50,92,0.079351
50,93,0.049499
50,94,0.064034
50,95,0.093720
50,96,0.155222
50,97,0.178693
50,98,0.116132
50,99,0.189335
50,100,0.192110
50,101,0.173395
50,102,0.171186
50,103,0.156352
50,104,0.103167
50,105,0.159257
50,106,0.187118
50,107,0.209555
50,108,0.204835
50,109,0.248899
50,110,0.251158
50,111,0.257250
50,112,0.243639
50,113,0.122521
50,114,0.147318
50,115,0.131600
50,116,0.052249
50,117,0.022986
50,118,0.068353
50,119,0.092585
50,120,0.098621
50,121,0.075368
50,122,0.041300
50,123,0.087339
50,124,0.087846
50,125,0.065695
50,126,-0.000114
50,127,0.023913
50,128,0.010023
50,129,-0.016683
50,130,-0.063581
50,131,0.002555
50,132,0.050078
50,133,0.062403
50,134,0.046956
50,135,0.023272
50,136,0.104562
50,137,0.093584
50,138,0.049621
50,139,0.043331
50,140,0.075486
50,141,0.081840
50,142,0.098602
50,143,0.120747
50,144,0.122258
50,145,0.061428
50,146,0.123877
50,147,0.127344
50,148,0.033877
50,149,0.047414
50,150,0.035093
50,151,0.027519
50,152,0.044077
50,153,0.042319
50,154,0.048787
50,155,0.065316
50,156,0.074282
50,157,0.118782
50,158,0.124495
50,159,0.113240
50,160,0.112423
50,161,0.122001
50,162,0.115628
50,163,0.113417
50,164,0.094755
50,165,0.082853
50,166,0.131687
50,167,0.080731
50,168,0.022653
50,169,0.020897
50,170,0.073543
50,171,0.099985
50,172,0.155727
50,173,0.127619
50,174,0.123557
50,175,0.124377
50,176,0.109975
50,177,0.122418
50,178,0.105087
50,179,0.099770
50,180,0.109094
50,181,0.153016
50,182,0.145605
50,183,0.125904
50,184,0.101786
50,185,0.079620
50,186,0.053131
50,187,0.070458
50,188,0.061350
50,189,0.045675
50,190,0.057049
50,191,0.120341
50,192,0.207232
51,1,0.095592
51,2,0.180147
51,3,0.164546
51,4,0.121607
51,5,0.111716
51,6,0.093471
51,7,0.014422
51,8,0.035826
51,9,0.082139
51,10,0.181867
51,11,0.237681
51,12,0.220597
51,13,0.213203
51,14,0.104178
51,15,0.136434
51,16,0.090572
51,17,0.196382
51,18,0.178376
51,19,0.175334
51,20,0.223219
51,21,0.246654
51,22,0.225699
51,23,0.171086
51,24,0.099194
51,25,0.077180
51,26,0.120936
51,27,0.225888
51,28,0.269002
51,29,0.361212
51,30,0.352873
51,31,0.179126
51,32,0.093544
51,33,0.071411
51,34,0.019727
51,35,0.078605
51,36,0.232381
51,37,0.099631
51,38,0.102035
51,39,0.062858
51,40,0.075910
51,41,0.066418
51,42,0.089063
51,43,0.094106
51,44,0.096655
51,45,0.098606
51,46,0.116534
51,47,0.148363
51,48,0.348442
51,49,0.379018
51,50,0.435342
51,51,1.000000
51,52,0.597394
51,53,0.122682
51,54,0.263758
51,55,0.381645
51,56,0.558402
51,57,0.444855
51,58,0.321267
51,59,0.215728
51,60,0.176168
51,61,0.139668
51,62,0.075436
51,63,0.090059
51,64,0.104384
51,65,0.079850
51,66,0.111091
51,67,0.093552
51,68,0.050899
51,69,0.096351
51,70,0.107752
51,71,0.076345
51,72,0.083182
51,73,0.071944
51,74,0.077680
51,75,0.096564
51,76,0.107982
51,77,0.079375
51,78,0.099446
51,79,0.099739
51,80,0.095347
51,81,0.068277
51,82,0.058667
51,83,0.070884
51,84,0.071943
51,85,0.065798
51,86,0.079315
51,87,0.082071
51,88,0.071344
51,89,0.070883
51,90,0.054048
51,91,0.057652
51,92,0.081254
51,93,0.050460
51,94,0.074078
51,95,0.131724
51,96,0.124121
51,97,0.099059
51,98,0.095144
51,99,0.107780
51,100,0.098155
51,101,0.081768
51,102,0.101417
51,103,0.143480
51,104,0.067302
51,105,0.104940
51,106,0.120189
51,107,0.108562
51,108,0.100898
51,109,0.152994
51,110,0.195033
51,111,0.245755
51,112,0.046358
51,113,0.074655
51,114,0.121859
51,115,0.129349
51,116,0.114393
51,117,0.100337
51,118,0.067989
51,119,0.141270
51,120,0.106725
51,121,0.097059
51,122,0.049168
51,123,0.081135
51,124,0.056801
51,125,0.108283
51,126,0.105789
51,127,0.069840
51,128,0.040585
51,129,0.005104
51,130,0.073706
51,131,-0.004718
51,132,0.122837
51,133,0.165823
51,134,0.129479
51,135,0.128278
51,136,0.097370
51,137,0.120708
51,138,0.077553
51,139,0.077599
51,140,0.051536
51,141,0.070042
51,142,0.100966
51,143,0.076290
51,144,0.073450
51,145,0.104990
51,146,0.119436
51,147,0.087129
51,148,0.087167
51,149,0.132595
51,150,0.117304
51,151,0.097553
51,152,0.098321
51,153,0.057488
51,154,0.037589
51,155,0.042374
51,156,0.067279
51,157,0.062569
51,158,0.063059
51,159,0.097038
51,160,0.110847
51,161,0.107806
51,162,0.102032
51,163,0.091930
51,164,0.041781
51,165,0.067730
51,166,0.050200
51,167,0.019770
51,168,-0.014269
51,169,-0.023997
51,170,0.037082
51,171,0.040063
51,172,0.064659
51,173,0.052126
51,174,0.072525
51,175,0.086269
51,176,0.084654
51,177,0.137185
51,178,0.133289
51,179,0.162160
51,180,0.135693
51,181,0.103988
51,182,0.141515
51,183,0.130726
51,184,0.113870
51,185,0.092940
51,186,0.068959
51,187,0.062992
51,188,0.053358
51,189,0.024294
51,190,0.024874
51,191,0.011864
51,192,0.036473
52,1,0.055079
52,2,0.167200
52,3,0.200938
52,4,0.129897
52,5,0.180007
52,6,0.175517
52,7,0.068493
52,8,0.088259
52,9,0.144408
52,10,0.225416
52,11,0.257347
52,12,0.215754
52,13,0.155152
52,14,0.095141
52,15,0.118371
52,16,0.119123
52,17,0.208605
52,18,0.207867
52,19,0.216985
52,20,0.273246
52,21,0.264074
52,22,0.219512
52,23,0.159853
52,24,0.145638
52,25,0.118093
52,26,0.133565
52,27,0.170807
52,28,0.214255
52,29,0.303236
52,30,0.293449
52,31,0.196846
52,32,0.172714
52,33,0.094693
52,34,0.051815
52,35,0.163597
52,36,0.160561
52,37,0.129435
52,38,0.081047
52,39,0.078468
52,40,0.086661
52,41,0.132611
52,42,0.161547
52,43,0.171582
52,44,0.176972
52,45,0.175200
52,46,0.149591
52,47,0.163669
52,48,0.217352
52,49,0.113170
52,50,0.204990
52,51,0.597394
52,52,1.000000
52,53,0.319147
52,54,0.369741
52,55,0.600097
52,56,0.391759
52,57,0.255316
52,58,0.157124
52,59,0.141982
52,60,0.162331
52,61,0.153481
52,62,0.136105
52,63,0.152743
52,64,0.149119
52,65,0.075693
52,66,0.158850
52,67,0.083634
52,68,0.096595
52,69,0.136075
52,70,0.165474
52,71,0.192322
52,72,0.228628
52,73,0.206476
52,74,0.182598
52,75,0.214035
52,76,0.227911
52,77,0.173301
52,78,0.207335
52,79,0.179930
52,80,0.140001
52,81,0.111895
52,82,0.086804
52,83,0.087112
52,84,0.102754
52,85,0.085617
52,86,0.063248
52,87,0.098216
52,88,0.084845
52,89,0.069382
52,90,0.053433
52,91,0.057714
52,92,0.079144
52,93,0.024256
52,94,0.063728
52,95,0.117726
52,96,0.099303
52,97,0.093486
52,98,0.145544
52,99,0.153300
52,100,0.186585
52,101,0.200568
52,102,0.221919
52,103,0.231588
52,104,0.162741
52,105,0.211663
52,106,0.221614
52,107,0.206815
52,108,0.175906
52,109,0.212154
52,110,0.256007
52,111,0.253126
52,112,0.119731
52,113,0.032136
52,114,0.061041
52,115,0.108261
52,116,0.075849
52,117,0.096142
52,118,0.050836
52,119,0.105921
52,120,0.039147
52,121,0.081207
52,122,0.044188
52,123,0.001749
52,124,0.068542
52,125,0.136075
52,126,0.115297
52,127,0.047370
52,128,0.029144
52,129,-0.008406
52,130,0.006836
52,131,0.089314
52,132,0.095474
52,133,0.115383
52,134,0.113241
52,135,0.097550
52,136,0.015245
52,137,0.034967
52,138,0.014713
52,139,0.051536
52,140,0.047314
52,141,0.083579
52,142,0.134726
52,143,0.135715
52,144,0.157186
52,145,0.168497
52,146,0.197642
52,147,0.161688
52,148,0.137904
52,149,0.167779
52,150,0.118342
52,151,0.106392
52,152,0.124664
52,153,0.081646
52,154,0.064551
52,155,0.053022
52,156,0.080874
52,157,0.086012
52,158,0.086304
52,159,0.117853
52,160,0.130385
52,161,0.110904
52,162,0.092594
52,163,0.084681
52,164,0.028965
52,165,0.089008
52,166,0.069581
52,167,0.025898
52,168,0.016067
52,169,0.014413
52,170,0.091365
52,171,0.073007
52,172,0.077268
52,173,0.037284
52,174,0.040886
52,175,0.056743
52,176,0.086952
52,177,0.111765
52,178,0.133489
52,179,0.131304
52,180,0.096460
52,181,0.083188
52,182,0.092401
52,183,0.048234
52,184,0.004074
52,185,-0.000155
52,186,0.010978
52,187,0.028904
52,188,0.034576
52,189,0.043033
52,190,0.004906
52,191,-0.067792
52,192,-0.008734
53,1,0.063128
53,2,0.124575
53,3,0.081722
53,4,0.013213
53,5,0.053977
53,6,0.083228
53,7,0.100047
53,8,0.109747
53,9,0.088737
53,10,0.083382
53,11,0.097242
53,12,0.150754
53,13,0.145393
53,14,0.071910
53,15,0.077635
53,16,0.062950
53,17,0.189568
53,18,0.206269
53,19,0.225370
53,20,0.214803
53,21,0.184609
53,22,0.110293
53,23,0.106658
53,24,0.102699
53,25,0.069212
53,26,0.075919
53,27,0.104929
53,28,0.120002
53,29,0.135763
53,30,0.073034
53,31,0.134690
53,32,0.066717
53,33,-0.039989
53,34,0.038185
53,35,0.274571
53,36,0.127425
53,37,0.041586
53,38,0.145786
53,39,0.124126
53,40,0.058687
53,41,0.047389
53,42,0.075164
53,43,0.100635
53,44,0.096397
53,45,0.118453
53,46,0.103553
53,47,0.154075
53,48,0.158127
53,49,0.106859
53,50,0.165901
53,51,0.122682
53,52,0.319147
53,53,1.000000
53,54,0.531807
53,55,0.472263
53,56,0.113589
53,57,0.086169
53,58,0.094662
53,59,0.130126
53,60,0.145698
53,61,0.157688
53,62,0.109571
53,63,0.143158
53,64,0.093847
53,65,0.041762
53,66,-0.008896
53,67,0.009768
53,68,0.022445
53,69,0.001594
53,70,0.023976
53,71,0.035762
53,72,0.090702
53,73,0.105094
53,74,0.052934
53,75,0.071186
53,76,0.091175
53,77,0.059477
53,78,0.107157
53,79,0.098890
53,80,0.076402
53,81,0.085996
53,82,0.073576
53,83,0.092569
53,84,0.086537
53,85,0.067968
53,86,0.037770
53,87,0.036565
53,88,0.048914
53,89,0.036634
53,90,0.023516
53,91,-0.010442
53,92,-0.011786
53,93,-0.020194
53,94,0.028064
53,95,0.074139
53,96,0.057611
53,97,0.064212
53,98,0.133668
53,99,0.147514
53,100,0.110076
53,101,0.117886
53,102,0.123123
53,103,0.107065
53,104,0.056153
53,105,0.104162
53,106,0.101017
53,107,0.135511
53,108,0.150768
53,109,0.133724
53,110,0.092188
53,111,0.093747
53,112,0.201746
53,113,0.010955
53,114,0.083241
53,115,0.044523
53,116,0.004331
53,117,0.009663
53,118,0.026552
53,119,0.018296
53,120,0.010352
53,121,0.073760
53,122,0.093444
53,123,0.057591
53,124,0.060977
53,125,0.078344
53,126,0.028275
53,127,0.013515
53,128,0.003923
53,129,-0.051999
53,130,-0.105589
53,131,0.070394
53,132,0.046939
53,133,0.051880
53,134,0.061461
53,135,0.087747
53,136,0.059216
53,137,0.036300
53,138,0.027715
53,139,0.011695
53,140,0.026594
53,141,0.051070
53,142,0.060075
53,143,0.055647
53,144,0.091380
53,145,0.100235
53,146,0.112800
53,147,0.097554
53,148,0.007974
53,149,0.025879
53,150,-0.006917
53,151,0.016796
53,152,0.021466
53,153,-0.000348
53,154,-0.001325
53,155,0.034615
53,156,0.061663
53,157,0.084436
53,158,0.091284
53,159,0.110833
53,160,0.112042
53,161,0.104612
53,162,0.067734
53,163,0.055806
53,164,0.035322
53,165,0.056696
53,166,0.075845
53,167,0.032842
53,168,0.043600
53,169,0.050372
53,170,0.084525
53,171,0.075136
53,172,0.049510
53,173,0.050241
53,174,0.049941
53,175,0.048960
53,176,0.065229
53,177,0.059579
53,178,0.064257
53,179,0.067789
53,180,0.053863
53,181,0.047157
53,182,0.076726
53,183,0.048614
53,184,0.025005
53,185,0.022501
53,186,0.016771
53,187,0.033614
53,188,0.006894
53,189,0.010712
53,190,0.015175
53,191,-0.025050
53,192,0.100743
54,1,0.076720
54,2,0.160878
54,3,0.160993
54,4,0.108296
54,5,0.165520
54,6,0.147238
54,7,0.106662
54,8,0.144249
54,9,0.190354
54,10,0.229560
54,11,0.242495
54,12,0.211313
54,13,0.186450
54,14,0.094839
54,15,0.119868
54,16,0.134340
54,17,0.229054
54,18,0.242486
54,19,0.246822
54,20,0.257309
54,21,0.220227
54,22,0.195321
54,23,0.175184
54,24,0.152102
54,25,0.124093
54,26,0.120802
54,27,0.167096
54,28,0.190959
54,29,0.237963
54,30,0.261874
54,31,0.253689
54,32,0.177684
54,33,0.072357
54,34,0.111472
54,35,0.260105
54,36,0.273909
54,37,0.108537
54,38,0.187411
54,39,0.152769
54,40,0.063136
54,41,0.079562
54,42,0.112192
54,43,0.132955
54,44,0.131186
54,45,0.156167
54,46,0.139309
54,47,0.186691
54,48,0.216868
54,49,0.128327
54,50,0.190383
54,51,0.263758
54,52,0.369741
54,53,0.531807
54,54,1.000000
54,55,0.710780
54,56,0.291373
54,57,0.239169
54,58,0.217787
54,59,0.200873
54,60,0.206006
54,61,0.167348
54,62,0.122560
54,63,0.161076
54,64,0.124395
54,65,0.038244
54,66,0.035649
54,67,0.023125
54,68,0.006650
54,69,0.033016
54,70,0.065236
54,71,0.078788
54,72,0.115191
54,73,0.126700
54,74,0.079540
54,75,0.093044
54,76,0.131750
54,77,0.089931
54,78,0.129880
54,79,0.104612
54,80,0.083585
54,81,0.090734
54,82,0.088588
54,83,0.107219
54,84,0.103112
54,85,0.085755
54,86,0.071571
54,87,0.093952
54,88,0.095945
54,89,0.079554
54,90,0.066758
54,91,0.045163
54,92,0.029027
54,93,0.003526
54,94,0.041840
54,95,0.076289
54,96,0.102344
54,97,0.096265
54,98,0.155844
54,99,0.162273
54,100,0.143174
54,101,0.170629
54,102,0.176853
54,103,0.150899
54,104,0.099694
54,105,0.143717
54,106,0.151623
54,107,0.169933
54,108,0.151723
54,109,0.177187
54,110,0.176229
54,111,0.191098
54,112,0.189915
54,113,0.020410
54,114,0.154409
54,115,0.117958
54,116,0.045175
54,117,0.047452
54,118,0.012214
54,119,0.086879
54,120,0.063153
54,121,0.123185
54,122,0.087456
54,123,0.096408
54,124,0.083140
54,125,0.127241
54,126,0.090575
54,127,0.087029
54,128,0.051502
54,129,-0.024902
54,130,-0.014843
54,131,0.154352
54,132,0.094340
54,133,0.127888
54,134,0.118480
54,135,0.102014
54,136,0.072386
54,137,0.088078
54,138,0.038195
54,139,0.002145
54,140,0.040335
54,141,0.068841
54,142,0.057011
54,143,0.040772
54,144,0.084810
54,145,0.057937
54,146,0.078743
54,147,0.068142
54,148,-0.002721
54,149,0.032138
54,150,0.016831
54,151,0.063950
54,152,0.101494
54,153,0.067926
54,154,0.086165
54,155,0.107492
54,156,0.140887
54,157,0.149585
54,158,0.114002
54,159,0.121449
54,160,0.134183
54,161,0.095422
54,162,0.104816
54,163,0.095819
54,164,0.044136
54,165,0.064407
54,166,0.070641
54,167,0.018100
54,168,0.000560
54,169,0.047513
54,170,0.081165
54,171,0.062191
54,172,0.077469
54,173,0.074189
54,174,0.067396
54,175,0.078691
54,176,0.112830
54,177,0.147820
54,178,0.152703
54,179,0.140166
54,180,0.114059
54,181,0.109858
54,182,0.156129
54,183,0.122023
54,184,0.108711
54,185,0.075209
54,186,0.049936
54,187,0.057674
54,188,0.033827
54,189,0.029038
54,190,0.034366
54,191,-0.015695
54,192,0.047777
55,1,0.159550
55,2,0.274500
55,3,0.253202
55,4,0.149505
55,5,0.219527
55,6,0.206071
55,7,0.139404
55,8,0.175809
55,9,0.257779
55,10,0.312211
55,11,0.363191
55,12,0.326425
55,13,0.255401
55,14,0.099942
55,15,0.127515
55,16,0.151348
55,17,0.354993
55,18,0.363477
55,19,0.375267
55,20,0.393727
55,21,0.345975
55,22,0.294398
55,23,0.216889
55,24,0.186041
55,25,0.125536
55,26,0.129900
55,27,0.226196
55,28,0.315690
55,29,0.405822
55,30,0.416662
55,31,0.291774
55,32,0.184965
55,33,0.088885
55,34,0.166808
55,35,0.384120
55,36,0.339670
55,37,0.188622
55,38,0.223196
55,39,0.212638
55,40,0.138709
55,41,0.165146
55,42,0.183096
55,43,0.216443
55,44,0.231646
55,45,0.245132
55,46,0.208130
55,47,0.267806
55,48,0.306161
55,49,0.231372
55,50,0.295618
55,51,0.381645
55,52,0.600097
55,53,0.472263
55,54,0.710780
55,55,1.000000
55,56,0.466973
55,57,0.340776
55,58,0.280935
55,59,0.261201
55,60,0.268268
55,61,0.232855
55,62,0.175796
55,63,0.221965
55,64,0.187267
55,65,0.084317
55,66,0.077629
55,67,0.033850
55,68,0.028859
55,69,0.112256
55,70,0.151138
55,71,0.161036
55,72,0.197767
55,73,0.191187
55,74,0.143127
55,75,0.186379
55,76,0.245206
55,77,0.201267
55,78,0.250227
55,79,0.222798
55,80,0.195107
55,81,0.171426
55,82,0.166860
55,83,0.184499
55,84,0.178635
55,85,0.156746
55,86,0.114397
55,87,0.153371
55,88,0.138612
55,89,0.111964
55,90,0.109011
55,91,0.082174
55,92,0.067323
55,93,0.034736
55,94,0.078834
55,95,0.122581
55,96,0.138889
55,97,0.153077
55,98,0.202429
55,99,0.225371
55,100,0.227604
55,101,0.255370
55,102,0.270253
55,103,0.243508
55,104,0.191886
55,105,0.260062
55,106,0.265040
55,107,0.266417
55,108,0.232363
55,109,0.284768
55,110,0.309424
55,111,0.319816
55,112,0.288894
55,113,0.056453
55,114,0.131017
55,115,0.127614
55,116,0.042697
55,117,0.067993
55,118,0.033832
55,119,0.129973
55,120,0.065082
55,121,0.154129
55,122,0.108035
55,123,0.086889
55,124,0.105966
55,125,0.176576
55,126,0.116758
55,127,0.082121
55,128,0.073920
55,129,0.004902
55,130,0.000580
55,131,0.175533
55,132,0.105064
55,133,0.145497
55,134,0.143409
55,135,0.129771
55,136,0.101658
55,137,0.131362
55,138,0.077553
55,139,0.069809
55,140,0.074680
55,141,0.122038
55,142,0.119192
55,143,0.100863
55,144,0.140609
55,145,0.086571
55,146,0.124079
55,147,0.118301
55,148,0.061078
55,149,0.109833
55,150,0.070906
55,151,0.100052
55,152,0.148372
55,153,0.107797
55,154,0.104329
55,155,0.117417
55,156,0.153215
55,157,0.161223
55,158,0.152406
55,159,0.177868
55,160,0.187474
55,161,0.163327
55,162,0.152692
55,163,0.137431
55,164,0.083516
55,165,0.126026
55,166,0.097203
55,167,0.055799
55,168,0.025313
55,169,0.062271
55,170,0.106060
55,171,0.087648
55,172,0.123498
55,173,0.093300
55,174,0.083811
55,175,0.111704
55,176,0.161648
55,177,0.185976
55,178,0.198460
55,179,0.182877
55,180,0.150535
55,181,0.141530
55,182,0.178534
55,183,0.142156
55,184,0.093844
55,185,0.088265
55,186,0.065866
55,187,0.091060
55,188,0.063070
55,189,0.069863
55,190,0.059580
55,191,-0.030510
55,192,0.098117
56,1,0.203824
56,2,0.297941
56,3,0.291609
56,4,0.219461
56,5,0.236779
56,6,0.184758
56,7,0.127758
56,8,0.200139
56,9,0.332360
56,10,0.418110
56,11,0.489175
56,12,0.409600
56,13,0.344827
56,14,0.108562
56,15,0.186486
56,16,0.214033
56,17,0.405319
56,18,0.386751
56,19,0.371964
56,20,0.412730
56,21,0.399658
56,22,0.392274
56,23,0.305969
56,24,0.230231
56,25,0.139557
56,26,0.180926
56,27,0.375073
56,28,0.521871
56,29,0.655296
56,30,0.691329
56,31,0.357273
56,32,0.195669
56,33,0.107534
56,34,0.111724
56,35,0.165607
56,36,0.319861
56,37,0.121246
56,38,0.138503
56,39,0.084810
56,40,0.137528
56,41,0.130526
56,42,0.130610
56,43,0.154933
56,44,0.164183
56,45,0.157825
56,46,0.145126
56,47,0.238623
56,48,0.431227
56,49,0.332691
56,50,0.328814
56,51,0.558402
56,52,0.391759
56,53,0.113589
56,54,0.291373
56,55,0.466973
56,56,1.000000
56,57,0.736199
56,58,0.597251
56,59,0.438514
56,60,0.373797
56,61,0.197976
56,62,0.079013
56,63,0.104305
56,64,0.120120
56,65,0.049877
56,66,0.057079
56,67,0.045010
56,68,0.089308
56,69,0.085067
56,70,0.091442
56,71,0.064899
56,72,0.148698
56,73,0.155626
56,74,0.138454
56,75,0.166192
56,76,0.174629
56,77,0.149928
56,78,0.175143
56,79,0.162958
56,80,0.158523
56,81,0.130884
56,82,0.124318
56,83,0.172042
56,84,0.157674
56,85,0.141168
56,86,0.138075
56,87,0.161697
56,88,0.140494
56,89,0.124952
56,90,0.124530
56,91,0.093179
56,92,0.049360
56,93,0.053607
56,94,0.055271
56,95,0.097582
56,96,0.088824
56,97,0.113800
56,98,0.111243
56,99,0.139508
56,100,0.149311
56,101,0.141662
56,102,0.137663
56,103,0.144149
56,104,0.086850
56,105,0.143639
56,106,0.167578
56,107,0.163843
56,108,0.135118
56,109,0.164243
56,110,0.204409
56,111,0.212007
56,112,0.127608
56,113,0.093593
56,114,0.104536
56,115,0.088304
56,116,0.063069
56,117,0.083461
56,118,0.044024
56,119,0.164578
56,120,0.131387
56,121,0.219500
56,122,0.106215
56,123,0.105515
56,124,0.109516
56,125,0.179042
56,126,0.164850
56,127,0.165674
56,128,0.127459
56,129,0.066690
56,130,0.079306
56,131,0.084566
56,132,0.125332
56,133,0.169537
56,134,0.168327
56,135,0.168372
56,136,0.142924
56,137,0.194652
56,138,0.099894
56,139,0.075113
56,140,0.107263
56,141,0.142390
56,142,0.103726
56,143,0.103442
56,144,0.133296
56,145,0.100708
56,146,0.117037
56,147,0.119210
56,148,0.001302
56,149,0.094562
56,150,0.140985
56,151,0.179115
56,152,0.205984
56,153,0.154807
56,154,0.130267
56,155,0.134793
56,156,0.163480
56,157,0.179567
56,158,0.173039
56,159,0.183983
56,160,0.200926
56,161,0.190440
56,162,0.189865
56,163,0.170188
56,164,0.115868
56,165,0.140767
56,166,0.104427
56,167,0.072109
56,168,0.034761
56,169,0.022914
56,170,0.076022
56,171,0.069618
56,172,0.119538
56,173,0.097703
56,174,0.103292
56,175,0.130163
56,176,0.149981
56,177,0.217433
56,178,0.207361
56,179,0.206753
56,180,0.183282
56,181,0.152753
56,182,0.184126
56,183,0.162967
56,184,0.175430
56,185,0.166477
56,186,0.096624
56,187,0.095004
56,188,0.058287
56,189,0.070618
56,190,0.076402
56,191,0.056703
56,192,0.077523
57,1,0.233725
57,2,0.316046
57,3,0.294581
57,4,0.215529
57,5,0.138051
57,6,0.115129
57,7,0.075227
57,8,0.090055
57,9,0.210225
57,10,0.290923
57,11,0.436485
57,12,0.461767
57,13,0.447397
57,14,0.207070
57,15,0.265227
57,16,0.224640
57,17,0.415831
57,18,0.424451
57,19,0.408833
57,20,0.438479
57,21,0.399633
57,22,0.413023
57,23,0.308593
57,24,0.248127
57,25,0.158871
57,26,0.308508
57,27,0.581118
57,28,0.659106
57,29,0.681235
57,30,0.543020
57,31,0.244979
57,32,0.179628
57,33,0.080706
57,34,0.098093
57,35,0.174739
57,36,0.233132
57,37,0.049348
57,38,0.094079
57,39,0.142861
57,40,0.175213
57,41,0.123276
57,42,0.139254
57,43,0.170940
57,44,0.196820
57,45,0.195040
57,46,0.177123
57,47,0.275796
57,48,0.513675
57,49,0.497076
57,50,0.412220
57,51,0.444855
57,52,0.255316
57,53,0.086169
57,54,0.239169
57,55,0.340776
57,56,0.736199
57,57,1.000000
57,58,0.770478
57,59,0.560120
57,60,0.478553
57,61,0.247951
57,62,0.070297
57,63,0.120003
57,64,0.116439
57,65,0.077538
57,66,0.028928
57,67,0.033785
57,68,0.042790
57,69,-0.005261
57,70,0.002105
57,71,0.012122
57,72,0.137506
57,73,0.152122
57,74,0.148622
57,75,0.167284
57,76,0.193077
57,77,0.163617
57,78,0.182544
57,79,0.169231
57,80,0.165844
57,81,0.143414
57,82,0.131241
57,83,0.158533
57,84,0.153892
57,85,0.129710
57,86,0.140963
57,87,0.160638
57,88,0.113474
57,89,0.089145
57,90,0.121466
57,91,0.086450
57,92,0.039630
57,93,0.050852
57,94,0.073066
57,95,0.100002
57,96,0.101215
57,97,0.139873
57,98,0.106108
57,99,0.154461
57,100,0.158005
57,101,0.141573
57,102,0.133051
57,103,0.123173
57,104,0.097805
57,105,0.148971
57,106,0.170623
57,107,0.192337
57,108,0.169019
57,109,0.186213
57,110,0.171941
57,111,0.134889
57,112,0.111677
57,113,0.106110
57,114,0.105888
57,115,0.100002
57,116,0.082035
57,117,0.087697
57,118,0.053263
57,119,0.163782
57,120,0.122703
57,121,0.176213
57,122,0.082058
57,123,0.098059
57,124,0.041450
57,125,0.084581
57,126,0.059056
57,127,0.088467
57,128,0.095480
57,129,0.056138
57,130,0.045840
57,131,0.010508
57,132,0.054921
57,133,0.112649
57,134,0.098119
57,135,0.077930
57,136,0.112604
57,137,0.155436
57,138,0.084747
57,139,0.045713
57,140,0.095588
57,141,0.139201
57,142,0.110567
57,143,0.131185
57,144,0.149358
57,145,0.099875
57,146,0.119333
57,147,0.129732
57,148,-0.035418
57,149,0.042241
57,150,0.070377
57,151,0.121962
57,152,0.141735
57,153,0.112006
57,154,0.111239
57,155,0.105410
57,156,0.122035
57,157,0.125476
57,158,0.116950
57,159,0.133813
57,160,0.147891
57,161,0.139017
57,162,0.152007
57,163,0.138953
57,164,0.088260
57,165,0.100745
57,166,0.093914
57,167,0.029118
57,168,-0.040897
57,169,-0.003591
57,170,0.070038
57,171,0.083330
57,172,0.124385
57,173,0.108781
57,174,0.117232
57,175,0.135859
57,176,0.130548
57,177,0.167789
57,178,0.160073
57,179,0.144017
57,180,0.152616
57,181,0.151289
57,182,0.169099
57,183,0.149234
57,184,0.150429
57,185,0.151688
57,186,0.085352
57,187,0.105432
57,188,0.055169
57,189,0.070512
57,190,0.077809
57,191,0.069260
57,192,0.115952
58,1,0.179001
58,2,0.244198
58,3,0.264455
58,4,0.206394
58,5,0.146955
58,6,0.151399
58,7,0.137258
58,8,0.152991
58,9,0.242317
58,10,0.284988
58,11,0.416300
58,12,0.393728
58,13,0.344122
58,14,0.109200
58,15,0.228911
58,16,0.239487
58,17,0.443566
58,18,0.441065
58,19,0.431283
58,20,0.464205
58,21,0.427683
58,22,0.420167
58,23,0.333276
58,24,0.277428
58,25,0.172022
58,26,0.254809
58,27,0.520214
58,28,0.647706
58,29,0.588227
58,30,0.485457
58,31,0.239143
58,32,0.116258
58,33,0.034516
58,34,0.108523
58,35,0.195387
58,36,0.243361
58,37,0.060259
58,38,0.108707
58,39,0.100848
58,40,0.133691
58,41,0.120939
58,42,0.154093
58,43,0.205536
58,44,0.227040
58,45,0.219416
58,46,0.213401
58,47,0.355562
58,48,0.579037
58,49,0.405529
58,50,0.307113
58,51,0.321267
58,52,0.157124
58,53,0.094662
58,54,0.217787
58,55,0.280935
58,56,0.597251
58,57,0.770478
58,58,1.000000
58,59,0.741179
58,60,0.565469
58,61,0.289228
58,62,0.064585
58,63,0.139371
58,64,0.116653
58,65,0.080893
58,66,0.000107
58,67,0.030788
58,68,0.049252
58,69,0.012333
58,70,0.004398
58,71,-0.010194
58,72,0.103085
58,73,0.145189
58,74,0.091416
58,75,0.133054
58,76,0.146423
58,77,0.119916
58,78,0.170020
58,79,0.141951
58,80,0.158797
58,81,0.159858
58,82,0.144286
58,83,0.178975
58,84,0.179428
58,85,0.153969
58,86,0.162258
58,87,0.164959
58,88,0.120177
58,89,0.097295
58,90,0.124854
58,91,0.082428
58,92,0.037394
58,93,0.013781
58,94,0.019465
58,95,0.095773
58,96,0.100459
58,97,0.147180
58,98,0.145368
58,99,0.190763
58,100,0.143321
58,101,0.143096
58,102,0.136084
58,103,0.136721
58,104,0.088825
58,105,0.139215
58,106,0.169603
58,107,0.197998
58,108,0.179923
58,109,0.225048
58,110,0.215876
58,111,0.183053
58,112,0.149847
58,113,0.154832
58,114,0.116065
58,115,0.087685
58,116,0.047240
58,117,0.061622
58,118,0.036728
58,119,0.162241
58,120,0.126203
58,121,0.201087
58,122,0.108819
58,123,0.123320
58,124,0.080994
58,125,0.130818
58,126,0.094623
58,127,0.106647
58,128,0.107729
58,129,0.016586
58,130,0.001925
58,131,0.041827
58,132,0.089798
58,133,0.152625
58,134,0.124227
58,135,0.125422
58,136,0.142391
58,137,0.184375
58,138,0.099807
58,139,0.071563
58,140,0.109621
58,141,0.135388
58,142,0.082183
58,143,0.102138
58,144,0.126957
58,145,0.067145
58,146,0.073082
58,147,0.103707
58,148,-0.041221
58,149,0.029081
58,150,0.063336
58,151,0.121686
58,152,0.160025
58,153,0.123573
58,154,0.124236
58,155,0.119182
58,156,0.139528
58,157,0.159202
58,158,0.159955
58,159,0.174008
58,160,0.178014
58,161,0.160372
58,162,0.175722
58,163,0.167936
58,164,0.108356
58,165,0.109433
58,166,0.094948
58,167,0.005206
58,168,-0.045392
58,169,-0.020462
58,170,0.070612
58,171,0.099108
58,172,0.142858
58,173,0.139298
58,174,0.142987
58,175,0.163038
58,176,0.166283
58,177,0.197768
58,178,0.183202
58,179,0.159583
58,180,0.159661
58,181,0.172654
58,182,0.202623
58,183,0.160742
58,184,0.148951
58,185,0.141689
58,186,0.080547
58,187,0.101135
58,188,0.053783
58,189,0.063653
58,190,0.081212
58,191,0.127503
58,192,0.177702
59,1,0.173890
59,2,0.269785
59,3,0.275413
59,4,0.185982
59,5,0.170843
59,6,0.185054
59,7,0.145951
59,8,0.165583
59,9,0.237081
59,10,0.263242
59,11,0.380574
59,12,0.399090
59,13,0.345109
59,14,0.152637
59,15,0.242857
59,16,0.263302
59,17,0.440843
59,18,0.432693
59,19,0.423700
59,20,0.452617
59,21,0.421698
59,22,0.401896
59,23,0.332263
59,24,0.272948
59,25,0.183242
59,26,0.324870
59,27,0.531567
59,28,0.617416
59,29,0.497102
59,30,0.377532
59,31,0.225438
59,32,0.145699
59,33,0.056371
59,34,0.113468
59,35,0.219461
59,36,0.157082
59,37,0.038132
59,38,0.099359
59,39,0.130440
59,40,0.157204
59,41,0.136034
59,42,0.155726
59,43,0.234974
59,44,0.282771
59,45,0.287691
59,46,0.267708
59,47,0.388861
59,48,0.483594
59,49,0.376902
59,50,0.290697
59,51,0.215728
59,52,0.141982
59,53,0.130126
59,54,0.200873
59,55,0.261201
59,56,0.438514
59,57,0.560120
59,58,0.741179
59,59,1.000000
59,60,0.821177
59,61,0.486212
59,62,0.128084
59,63,0.219086
59,64,0.137518
59,65,0.128949
59,66,0.044013
59,67,0.056620
59,68,0.070075
59,69,0.066285
59,70,0.076324
59,71,0.083523
59,72,0.156409
59,73,0.180818
59,74,0.141092
59,75,0.177164
59,76,0.208521
59,77,0.166741
59,78,0.245277
59,79,0.201220
59,80,0.204217
59,81,0.193315
59,82,0.180316
59,83,0.204125
59,84,0.206145
59,85,0.175495
59,86,0.166330
59,87,0.174391
59,88,0.122989
59,89,0.112567
59,90,0.125238
59,91,0.079950
59,92,0.021304
59,93,0.017557
59,94,0.030601
59,95,0.130426
59,96,0.177677
59,97,0.227558
59,98,0.197568
59,99,0.271594
59,100,0.218697
59,101,0.214040
59,102,0.186017
59,103,0.154611
59,104,0.134605
59,105,0.207323
59,106,0.235517
59,107,0.270278
59,108,0.252681
59,109,0.286494
59,110,0.232155
59,111,0.193124
59,112,0.203925
59,113,0.091990
59,114,0.085908
59,115,0.060096
59,116,0.019582
59,117,0.035059
59,118,0.031405
59,119,0.123283
59,120,0.086119
59,121,0.172270
59,122,0.111194
59,123,0.109957
59,124,0.087206
59,125,0.117562
59,126,0.088040
59,127,0.083580
59,128,0.086261
59,129,0.023383
59,130,-0.016824
59,131,0.059953
59,132,0.072244
59,133,0.118778
59,134,0.118039
59,135,0.098435
59,136,0.108309
59,137,0.164902
59,138,0.092769
59,139,0.098890
59,140,0.134861
59,141,0.131336
59,142,0.099156
59,143,0.143487
59,144,0.167604
59,145,0.081318
59,146,0.113528
59,147,0.141609
59,148,-0.016816
59,149,0.019432
59,150,0.032807
59,151,0.084385
59,152,0.135616
59,153,0.123525
59,154,0.131376
59,155,0.126239
59,156,0.141685
59,157,0.182359
59,158,0.184151
59,159,0.179493
59,160,0.181688
59,161,0.162515
59,162,0.164681
59,163,0.160697
59,164,0.110848
59,165,0.123966
59,166,0.144562
59,167,0.055589
59,168,0.008642
59,169,0.049414
59,170,0.121452
59,171,0.153758
59,172,0.186316
59,173,0.164249
59,174,0.163445
59,175,0.194243
59,176,0.192689
59,177,0.184274
59,178,0.176965
59,179,0.160003
59,180,0.144933
59,181,0.174786
59,182,0.206762
59,183,0.181405
59,184,0.161357
59,185,0.146462
59,186,0.115641
59,187,0.143464
59,188,0.094910
59,189,0.104805
59,190,0.097994
59,191,0.093700
59,192,0.111078
60,1,0.213406
60,2,0.358197
60,3,0.368969
60,4,0.244110
60,5,0.250974
60,6,0.227691
60,7,0.172758
60,8,0.206443
60,9,0.286044
60,10,0.328669
60,11,0.458020
60,12,0.507335
60,13,0.423599
60,14,0.242605
60,15,0.294876
60,16,0.309216
60,17,0.416307
60,18,0.402532
60,19,0.389817
60,20,0.426446
60,21,0.414067
60,22,0.409450
60,23,0.342454
60,24,0.310907
60,25,0.251936
60,26,0.430763
60,27,0.585778
60,28,0.657032
60,29,0.530544
60,30,0.388317
60,31,0.274589
60,32,0.224581
60,33,0.079515
60,34,0.100343
60,35,0.225516
60,36,0.130943
60,37,0.044087
60,38,0.089089
60,39,0.144181
60,40,0.157300
60,41,0.129353
60,42,0.160086
60,43,0.236906
60,44,0.285858
60,45,0.298883
60,46,0.263092
60,47,0.346808
60,48,0.367316
60,49,0.301664
60,50,0.248978
60,51,0.176168
60,52,0.162331
60,53,0.145698
60,54,0.206006
60,55,0.268268
60,56,0.373797
60,57,0.478553
60,58,0.565469
60,59,0.821177
60,60,1.000000
60,61,0.629291
60,62,0.163706
60,63,0.263119
60,64,0.170424
60,65,0.151637
60,66,0.087326
60,67,0.078482
60,68,0.072122
60,69,0.057771
60,70,0.081656
60,71,0.119680
60,72,0.199885
60,73,0.203001
60,74,0.187473
60,75,0.210833
60,76,0.232950
60,77,0.183119
60,78,0.258729
60,79,0.212601
60,80,0.193198
60,81,0.197493
60,82,0.158309
60,83,0.183500
60,84,0.198560
60,85,0.153023
60,86,0.139810
60,87,0.165702
60,88,0.122787
60,89,0.143730
60,90,0.132079
60,91,0.079602
60,92,0.023320
60,93,0.036753
60,94,0.060224
60,95,0.149579
60,96,0.217260
60,97,0.266626
60,98,0.236605
60,99,0.306451
60,100,0.265893
60,101,0.255237
60,102,0.223852
60,103,0.185236
60,104,0.178062
60,105,0.247193
60,106,0.265165
60,107,0.289370
60,108,0.272773
60,109,0.314089
60,110,0.237990
60,111,0.208866
60,112,0.185201
60,113,0.080836
60,114,0.097979
60,115,0.064852
60,116,0.035717
60,117,0.049273
60,118,0.050353
60,119,0.131746
60,120,0.084255
60,121,0.189039
60,122,0.113163
60,123,0.087327
60,124,0.068935
60,125,0.116291
60,126,0.078305
60,127,0.067967
60,128,0.086261
60,129,0.042510
60,130,0.003286
60,131,0.085475
60,132,0.076833
60,133,0.115236
60,134,0.119019
60,135,0.087682
60,136,0.096280
60,137,0.148080
60,138,0.079748
60,139,0.082496
60,140,0.144266
60,141,0.160654
60,142,0.137062
60,143,0.187982
60,144,0.225607
60,145,0.126079
60,146,0.162811
60,147,0.192785
60,148,0.021636
60,149,0.066645
60,150,0.055601
60,151,0.108188
60,152,0.156029
60,153,0.126976
60,154,0.153567
60,155,0.150897
60,156,0.174323
60,157,0.192979
60,158,0.175130
60,159,0.185257
60,160,0.195181
60,161,0.154986
60,162,0.173113
60,163,0.153191
60,164,0.094942
60,165,0.137105
60,166,0.170446
60,167,0.072595
60,168,0.016809
60,169,0.060979
60,170,0.151083
60,171,0.175582
60,172,0.210068
60,173,0.194861
60,174,0.191720
60,175,0.188027
60,176,0.200965
60,177,0.191088
60,178,0.176843
60,179,0.177416
60,180,0.161995
60,181,0.180046
60,182,0.219895
60,183,0.184662
60,184,0.159637
60,185,0.148218
60,186,0.113639
60,187,0.146442
60,188,0.092152
60,189,0.109631
60,190,0.093482
60,191,0.054262
60,192,0.062126
61,1,0.143137
61,2,0.281374
61,3,0.259540
61,4,0.151047
61,5,0.205270
61,6,0.235703
61,7,0.202471
61,8,0.205417
61,9,0.213915
61,10,0.219177
61,11,0.289217
61,12,0.348560
61,13,0.296408
61,14,0.200975
61,15,0.216987
61,16,0.198692
61,17,0.338200
61,18,0.351818
61,19,0.340654
61,20,0.343704
61,21,0.326502
61,22,0.280384
61,23,0.234914
61,24,0.209037
61,25,0.183830
61,26,0.302930
61,27,0.372223
61,28,0.383575
61,29,0.311764
61,30,0.216453
61,31,0.218407
61,32,0.184521
61,33,0.091202
61,34,0.132922
61,35,0.247751
61,36,0.050691
61,37,0.006735
61,38,0.165534
61,39,0.234974
61,40,0.190779
61,41,0.101095
61,42,0.138427
61,43,0.219444
61,44,0.273920
61,45,0.300391
61,46,0.288109
61,47,0.352719
61,48,0.242443
61,49,0.223773
61,50,0.259841
61,51,0.139668
61,52,0.153481
61,53,0.157688
61,54,0.167348
61,55,0.232855
61,56,0.197976
61,57,0.247951
61,58,0.289228
61,59,0.486212
61,60,0.629291
61,61,1.000000
61,62,0.307933
61,63,0.355486
61,64,0.199885
61,65,0.185552
61,66,0.095213
61,67,0.113133
61,68,0.085187
61,69,0.068600
61,70,0.119223
61,71,0.170368
61,72,0.197259
61,73,0.208766
61,74,0.176394
61,75,0.188696
61,76,0.226719
61,77,0.174153
61,78,0.246668
61,79,0.197735
61,80,0.149276
61,81,0.189642
61,82,0.141975
61,83,0.148961
61,84,0.170825
61,85,0.135206
61,86,0.099672
61,87,0.111810
61,88,0.111947
61,89,0.157644
61,90,0.165544
61,91,0.116366
61,92,0.086270
61,93,0.085869
61,94,0.108279
61,95,0.177348
61,96,0.277770
61,97,0.308788
61,98,0.321321
61,99,0.398913
61,100,0.344543
61,101,0.339014
61,102,0.279569
61,103,0.235334
61,104,0.189432
61,105,0.266907
61,106,0.286781
61,107,0.325379
61,108,0.308103
61,109,0.353108
61,110,0.264832
61,111,0.262821
61,112,0.241618
61,113,0.080765
61,114,0.119750
61,115,0.071716
61,116,0.049482
61,117,0.022850
61,118,0.075049
61,119,0.094740
61,120,0.099488
61,121,0.143965
61,122,0.086063
61,123,0.090883
61,124,0.095910
61,125,0.123071
61,126,0.073089
61,127,0.062259
61,128,0.038893
61,129,0.059935
61,130,-0.007330
61,131,0.045241
61,132,0.061538
61,133,0.082830
61,134,0.087373
61,135,0.059716
61,136,0.088110
61,137,0.123215
61,138,0.067316
61,139,0.051167
61,140,0.094388
61,141,0.111654
61,142,0.119887
61,143,0.177878
61,144,0.204163
61,145,0.103886
61,146,0.180325
61,147,0.192170
61,148,0.045281
61,149,0.053811
61,150,-0.003865
61,151,0.031850
61,152,0.054805
61,153,0.042842
61,154,0.060961
61,155,0.075036
61,156,0.084562
61,157,0.135628
61,158,0.154277
61,159,0.153215
61,160,0.148049
61,161,0.125321
61,162,0.133560
61,163,0.107437
61,164,0.060514
61,165,0.137845
61,166,0.188486
61,167,0.098389
61,168,0.048713
61,169,0.081986
61,170,0.156443
61,171,0.169811
61,172,0.194706
61,173,0.177514
61,174,0.167493
61,175,0.157467
61,176,0.173331
61,177,0.166495
61,178,0.136316
61,179,0.142622
61,180,0.119228
61,181,0.156614
61,182,0.176811
61,183,0.168576
61,184,0.127215
61,185,0.116494
61,186,0.126298
61,187,0.165793
61,188,0.150907
61,189,0.143304
61,190,0.140561
61,191,0.062323
61,192,0.035117
62,1,0.041229
62,2,0.168993
62,3,0.153974
62,4,0.087175
62,5,0.196517
62,6,0.222696
62,7,0.187785
62,8,0.160601
62,9,0.241412
62,10,0.194427
62,11,0.179145
62,12,0.143688
62,13,0.107218
62,14,0.123341
62,15,0.169382
62,16,0.213331
62,17,0.338798
62,18,0.310104
62,19,0.283852
62,20,0.281710
62,21,0.306332
62,22,0.325270
62,23,0.261667
62,24,0.255324
62,25,0.237131
62,26,0.192125
62,27,0.112268
62,28,0.125715
62,29,0.115823
62,30,0.140564
62,31,0.235551
62,32,0.254182
62,33,0.140911
62,34,0.153003
62,35,0.179430
62,36,0.025126
62,37,-0.089726
62,38,0.106520
62,39,0.238841
62,40,0.148868
62,41,0.187714
62,42,0.281549
62,43,0.381338
62,44,0.397182
62,45,0.479183
62,46,0.460817
62,47,0.437009
62,48,0.169746
62,49,0.085594
62,50,0.146080
62,51,0.075436
62,52,0.136105
62,53,0.109571
62,54,0.122560
62,55,0.175796
62,56,0.079013
62,57,0.070297
62,58,0.064585
62,59,0.128084
62,60,0.163706
62,61,0.307933
62,62,1.000000
62,63,0.770636
62,64,0.573196
62,65,0.398674
62,66,0.250706
62,67,0.230837
62,68,0.098340
62,69,-0.034129
62,70,0.037281
62,71,0.196232
62,72,0.283228
62,73,0.285405
62,74,0.273560
62,75,0.225970
62,76,0.353514
62,77,0.223063
62,78,0.359488
62,79,0.276797
62,80,0.200600
62,81,0.287998
62,82,0.222201
62,83,0.208193
62,84,0.263838
62,85,0.229448
62,86,0.145593
62,87,0.158635
62,88,0.201122
62,89,0.263978
62,90,0.225301
62,91,0.151633
62,92,0.134364
62,93,0.154842
62,94,0.178643
62,95,0.206797
62,96,0.332654
62,97,0.373121
62,98,0.496066
62,99,0.622346
62,100,0.586186
62,101,0.524847
62,102,0.450432
62,103,0.341991
62,104,0.204492
62,105,0.303451
62,106,0.414434
62,107,0.531811
62,108,0.509612
62,109,0.458831
62,110,0.323508
62,111,0.231810
62,112,0.175050
62,113,-0.021587
62,114,0.097709
62,115,0.046360
62,116,0.054294
62,117,0.007764
62,118,0.002652
62,119,-0.029429
62,120,-0.070122
62,121,0.041161
62,122,0.006746
62,123,0.021766
62,124,0.130833
62,125,0.179279
62,126,0.133363
62,127,0.116985
62,128,0.045566
62,129,0.061152
62,130,0.042971
62,131,0.152028
62,132,0.097183
62,133,0.091732
62,134,0.093231
62,135,0.048018
62,136,0.066105
62,137,0.081939
62,138,-0.001848
62,139,-0.019063
62,140,0.088233
62,141,0.106047
62,142,0.122995
62,143,0.205962
62,144,0.288983
62,145,0.225376
62,146,0.340339
62,147,0.334620
62,148,0.052962
62,149,0.096455
62,150,-0.051539
62,151,0.000624
62,152,0.021204
62,153,0.005621
62,154,0.045515
62,155,0.086522
62,156,0.099857
62,157,0.112780
62,158,0.151281
62,159,0.178495
62,160,0.179294
62,161,0.184591
62,162,0.202444
62,163,0.169679
62,164,0.093371
62,165,0.184939
62,166,0.272115
62,167,0.146539
62,168,0.079958
62,169,0.080784
62,170,0.168322
62,171,0.168463
62,172,0.206427
62,173,0.215792
62,174,0.183240
62,175,0.166636
62,176,0.184279
62,177,0.221878
62,178,0.160097
62,179,0.145948
62,180,0.118519
62,181,0.126630
62,182,0.165960
62,183,0.139089
62,184,0.099263
62,185,0.069310
62,186,0.046097
62,187,0.057604
62,188,0.034754
62,189,0.019054
62,190,0.021757
62,191,0.002895
62,192,0.036710
63,1,0.057873
63,2,0.190478
63,3,0.185334
63,4,0.122241
63,5,0.228046
63,6,0.266845
63,7,0.232350
63,8,0.192746
63,9,0.286279
63,10,0.213291
63,11,0.208867
63,12,0.181105
63,13,0.145707
63,14,0.132774
63,15,0.197970
63,16,0.248600
63,17,0.383194
63,18,0.370756
63,19,0.342340
63,20,0.347083
63,21,0.362162
63,22,0.371938
63,23,0.291722
63,24,0.293265
63,25,0.267029
63,26,0.223773
63,27,0.177039
63,28,0.197131
63,29,0.156096
63,30,0.167493
63,31,0.235611
63,32,0.226031
63,33,0.116016
63,34,0.173712
63,35,0.215090
63,36,0.069882
63,37,-0.044189
63,38,0.128133
63,39,0.209448
63,40,0.131512
63,41,0.180193
63,42,0.301953
63,43,0.418730
63,44,0.441641
63,45,0.538639
63,46,0.521317
63,47,0.512246
63,48,0.224967
63,49,0.128175
63,50,0.177546
63,51,0.090059
63,52,0.152743
63,53,0.143158
63,54,0.161076
63,55,0.221965
63,56,0.104305
63,57,0.120003
63,58,0.139371
63,59,0.219086
63,60,0.263119
63,61,0.355486
63,62,0.770636
63,63,1.000000
63,64,0.729928
63,65,0.524795
63,66,0.256908
63,67,0.254467
63,68,0.123476
63,69,-0.009597
63,70,0.044290
63,71,0.174543
63,72,0.299952
63,73,0.326114
63,74,0.269801
63,75,0.260285
63,76,0.389289
63,77,0.255491
63,78,0.410546
63,79,0.334898
63,80,0.252592
63,81,0.333472
63,82,0.276114
63,83,0.272327
63,84,0.326435
63,85,0.279891
63,86,0.203939
63,87,0.210941
63,88,0.233178
63,89,0.279162
63,90,0.244478
63,91,0.181479
63,92,0.183986
63,93,0.196843
63,94,0.218820
63,95,0.337234
63,96,0.469717
63,97,0.507453
63,98,0.650787
63,99,0.726794
63,100,0.619488
63,101,0.561284
63,102,0.495167
63,103,0.388303
63,104,0.241335
63,105,0.344247
63,106,0.458701
63,107,0.597592
63,108,0.586381
63,109,0.550760
63,110,0.397395
63,111,0.294102
63,112,0.221294
63,113,0.026522
63,114,0.104785
63,115,0.066716
63,116,0.079851
63,117,0.046696
63,118,0.054846
63,119,0.044441
63,120,-0.004266
63,121,0.091710
63,122,0.063292
63,123,0.072917
63,124,0.152387
63,125,0.210368
63,126,0.156595
63,127,0.129295
63,128,0.060026
63,129,0.078259
63,130,0.048925
63,131,0.145007
63,132,0.107658
63,133,0.134738
63,134,0.117179
63,135,0.073614
63,136,0.100127
63,137,0.120933
63,138,0.039902
63,139,0.038924
63,140,0.113908
63,141,0.117561
63,142,0.148905
63,143,0.229236
63,144,0.301384
63,145,0.223375
63,146,0.337516
63,147,0.342627
63,148,0.041648
63,149,0.073669
63,150,-0.017832
63,151,0.039925
63,152,0.067385
63,153,0.047491
63,154,0.082974
63,155,0.105767
63,156,0.129033
63,157,0.147835
63,158,0.190741
63,159,0.226962
63,160,0.229699
63,161,0.238443
63,162,0.259054
63,163,0.221573
63,164,0.126423
63,165,0.219748
63,166,0.294481
63,167,0.163094
63,168,0.079815
63,169,0.118043
63,170,0.213352
63,171,0.218054
63,172,0.242558
63,173,0.280581
63,174,0.236143
63,175,0.209781
63,176,0.232626
63,177,0.273691
63,178,0.203879
63,179,0.178525
63,180,0.151588
63,181,0.168546
63,182,0.205415
63,183,0.162204
63,184,0.117596
63,185,0.101568
63,186,0.097430
63,187,0.118680
63,188,0.113684
63,189,0.094109
63,190,0.101744
63,191,0.086835
63,192,0.106451
64,1,0.022730
64,2,0.135192
64,3,0.144250
64,4,0.098675
64,5,0.187952
64,6,0.200865
64,7,0.146762
64,8,0.153654
64,9,0.244524
64,10,0.197505
64,11,0.174424
64,12,0.130401
64,13,0.086146
64,14,0.081054
64,15,0.142062
64,16,0.221310
64,17,0.349446
64,18,0.326873
64,19,0.305992
64,20,0.317477
64,21,0.327607
64,22,0.337907
64,23,0.274753
64,24,0.286401
64,25,0.246302
64,26,0.168386
64,27,0.113501
64,28,0.150691
64,29,0.133480
64,30,0.185947
64,31,0.173374
64,32,0.189629
64,33,0.147849
64,34,0.165689
64,35,0.155398
64,36,0.057871
64,37,-0.020637
64,38,0.118866
64,39,0.155702
64,40,0.102190
64,41,0.150677
64,42,0.256403
64,43,0.362861
64,44,0.392982
64,45,0.485082
64,46,0.455455
64,47,0.420300
64,48,0.189752
64,49,0.110859
64,50,0.139201
64,51,0.104384
64,52,0.149119
64,53,0.093847
64,54,0.124395
64,55,0.187267
64,56,0.120120
64,57,0.116439
64,58,0.116653
64,59,0.137518
64,60,0.170424
64,61,0.199885
64,62,0.573196
64,63,0.729928
64,64,1.000000
64,65,0.586253
64,66,0.389563
64,67,0.349721
64,68,0.178314
64,69,0.007275
64,70,0.058151
64,71,0.198209
64,72,0.299705
64,73,0.317852
64,74,0.301503
64,75,0.265311
64,76,0.383919
64,77,0.262210
64,78,0.378141
64,79,0.323550
64,80,0.249754
64,81,0.310079
64,82,0.272879
64,83,0.274182
64,84,0.321971
64,85,0.292407
64,86,0.221320
64,87,0.217691
64,88,0.252850
64,89,0.269653
64,90,0.230157
64,91,0.180185
64,92,0.177565
64,93,0.196481
64,94,0.217854
64,95,0.356085
64,96,0.443923
64,97,0.439535
64,98,0.547649
64,99,0.589221
64,100,0.585787
64,101,0.511503
64,102,0.470109
64,103,0.402525
64,104,0.227038
64,105,0.318394
64,106,0.453555
64,107,0.564396
64,108,0.511156
64,109,0.471945
64,110,0.352183
64,111,0.254997
64,112,0.156996
64,113,0.018632
64,114,0.071820
64,115,0.055720
64,116,0.047558
64,117,0.027654
64,118,0.007154
64,119,0.024660
64,120,-0.007496
64,121,0.084584
64,122,0.023629
64,123,0.036135
64,124,0.108789
64,125,0.186761
64,126,0.158133
64,127,0.132797
64,128,0.088746
64,129,0.089558
64,130,0.087108
64,131,0.151283
64,132,0.114009
64,133,0.115583
64,134,0.118659
64,135,0.095568
64,136,0.105820
64,137,0.110505
64,138,0.043370
64,139,0.049455
64,140,0.099578
64,141,0.112788
64,142,0.171357
64,143,0.218389
64,144,0.282939
64,145,0.227680
64,146,0.321938
64,147,0.319625
64,148,0.070350
64,149,0.133747
64,150,0.042984
64,151,0.071870
64,152,0.091300
64,153,0.073221
64,154,0.107269
64,155,0.126410
64,156,0.154378
64,157,0.149199
64,158,0.181303
64,159,0.221813
64,160,0.229639
64,161,0.223220
64,162,0.251564
64,163,0.229127
64,164,0.160373
64,165,0.226045
64,166,0.274553
64,167,0.194692
64,168,0.116353
64,169,0.128271
64,170,0.152572
64,171,0.148769
64,172,0.180244
64,173,0.211652
64,174,0.185694
64,175,0.172045
64,176,0.195576
64,177,0.237629
64,178,0.181565
64,179,0.163864
64,180,0.143786
64,181,0.132066
64,182,0.162186
64,183,0.138499
64,184,0.125403
64,185,0.122585
64,186,0.098488
64,187,0.090174
64,188,0.079636
64,189,0.053041
64,190,0.065544
64,191,0.072949
64,192,0.080978
65,1,0.017796
65,2,0.085842
65,3,0.052862
65,4,0.009055
65,5,0.084822
65,6,0.101737
65,7,0.088585
65,8,0.066771
65,9,0.104452
65,10,0.066805
65,11,0.075083
65,12,0.096538
65,13,0.094469
65,14,0.071045
65,15,0.110625
65,16,0.128883
65,17,0.203118
65,18,0.175593
65,19,0.145247
65,20,0.150611
65,21,0.171682
65,22,0.177534
65,23,0.161953
65,24,0.157181
65,25,0.138853
65,26,0.102837
65,27,0.113418
65,28,0.106516
65,29,0.082467
65,30,0.076097
65,31,0.098813
65,32,0.121055
65,33,0.118249
65,34,0.141497
65,35,0.092267
65,36,0.008873
65,37,-0.000085
65,38,0.076287
65,39,0.103716
65,40,0.110277
65,41,0.106531
65,42,0.177699
65,43,0.279979
65,44,0.300790
65,45,0.369834
65,46,0.347017
65,47,0.331167
65,48,0.167466
65,49,0.079709
65,50,0.086798
65,51,0.079850
65,52,0.075693
65,53,0.041762
65,54,0.038244
65,55,0.084317
65,56,0.049877
65,57,0.077538
65,58,0.080893
65,59,0.128949
65,60,0.151637
65,61,0.185552
65,62,0.398674
65,63,0.524795
65,64,0.586253
65,65,1.000000
65,66,0.455645
65,67,0.528067
65,68,0.221408
65,69,0.041440
65,70,0.060559
65,71,0.138759
65,72,0.172210
65,73,0.173871
65,74,0.162047
65,75,0.124496
65,76,0.217516
65,77,0.118788
65,78,0.232157
65,79,0.192957
65,80,0.154244
65,81,0.207133
65,82,0.196330
65,83,0.206950
65,84,0.236168
65,85,0.205981
65,86,0.169763
65,87,0.178929
65,88,0.187407
65,89,0.237315
65,90,0.194984
65,91,0.186685
65,92,0.143545
65,93,0.167852
65,94,0.169628
65,95,0.329299
65,96,0.437028
65,97,0.389279
65,98,0.448327
65,99,0.461779
65,100,0.415748
65,101,0.354393
65,102,0.319570
65,103,0.310982
65,104,0.155895
65,105,0.208721
65,106,0.294451
65,107,0.402669
65,108,0.385988
65,109,0.353694
65,110,0.207781
65,111,0.178288
65,112,0.060783
65,113,0.022944
65,114,0.059613
65,115,0.044839
65,116,0.056538
65,117,0.045219
65,118,0.025352
65,119,0.045259
65,120,0.009352
65,121,0.073498
65,122,0.056109
65,123,0.062142
65,124,0.069721
65,125,0.126591
65,126,0.104802
65,127,0.094001
65,128,0.077290
65,129,0.042117
65,130,0.040917
65,131,0.085126
65,132,0.110083
65,133,0.126677
65,134,0.094288
65,135,0.077807
65,136,0.113607
65,137,0.112233
65,138,0.056832
65,139,0.034559
65,140,0.079466
65,141,0.100930
65,142,0.126016
65,143,0.120926
65,144,0.196204
65,145,0.178918
65,146,0.220956
65,147,0.214126
65,148,0.121964
65,149,0.120662
65,150,-0.007205
65,151,0.009181
65,152,0.033466
65,153,0.040713
65,154,0.072539
65,155,0.069319
65,156,0.081954
65,157,0.076964
65,158,0.105401
65,159,0.132948
65,160,0.129682
65,161,0.136118
65,162,0.165334
65,163,0.129399
65,164,0.075326
65,165,0.127019
65,166,0.192964
65,167,0.148771
65,168,0.085944
65,169,0.093857
65,170,0.116625
65,171,0.103824
65,172,0.141713
65,173,0.180070
65,174,0.188823
65,175,0.143283
65,176,0.154764
65,177,0.177194
65,178,0.156884
65,179,0.134160
65,180,0.126293
65,181,0.124198
65,182,0.159255
65,183,0.126493
65,184,0.103402
65,185,0.075801
65,186,0.068906
65,187,0.051459
65,188,0.045734
65,189,0.012507
65,190,0.033454
65,191,0.037902
65,192,0.022242
66,1,-0.063688
66,2,0.011621
66,3,0.060481
66,4,0.025702
66,5,0.063314
66,6,0.084814
66,7,0.032902
66,8,0.033386
66,9,0.041030
66,10,0.076713
66,11,0.069951
66,12,0.070239
66,13,0.058404
66,14,0.073654
66,15,0.110918
66,16,0.163317
66,17,0.101821
66,18,0.024068
66,19,0.017930
66,20,0.085068
66,21,0.114393
66,22,0.178586
66,23,0.170790
66,24,0.184939
66,25,0.178997
66,26,0.111178
66,27,0.060864
66,28,0.065892
66,29,0.080944
66,30,0.081816
66,31,0.073328
66,32,0.117780
66,33,0.175807
66,34,0.109245
66,35,-0.054194
66,36,0.001798
66,37,-0.013418
66,38,-0.038312
66,39,0.002632
66,40,0.044946
66,41,0.173337
66,42,0.204411
66,43,0.239565
66,44,0.243308
66,45,0.275159
66,46,0.249330
66,47,0.179784
66,48,0.076967
66,49,0.019189
66,50,0.019912
66,51,0.111091
66,52,0.158850
66,53,-0.008896
66,54,0.035649
66,55,0.077629
66,56,0.057079
66,57,0.028928
66,58,0.000107
66,59,0.044013
66,60,0.087326
66,61,0.095213
66,62,0.250706
66,63,0.256908
66,64,0.389563
66,65,0.455645
66,66,1.000000
66,67,0.706571
66,68,0.423310
66,69,0.196652
66,70,0.219380
66,71,0.329106
66,72,0.239896
66,73,0.155993
66,74,0.300002
66,75,0.160180
66,76,0.230226
66,77,0.141225
66,78,0.163118
66,79,0.147112
66,80,0.089088
66,81,0.152264
66,82,0.144745
66,83,0.151826
66,84,0.188111
66,85,0.181945
66,86,0.171458
66,87,0.183804
66,88,0.184342
66,89,0.209392
66,90,0.134726
66,91,0.128450
66,92,0.113853
66,93,0.092946
66,94,0.116551
66,95,0.249705
66,96,0.269762
66,97,0.257983
66,98,0.256582
66,99,0.255761
66,100,0.320474
66,101,0.305249
66,102,0.327852
66,103,0.392941
66,104,0.201688
66,105,0.219672
66,106,0.300116
66,107,0.280510
66,108,0.247372
66,109,0.227157
66,110,0.161942
66,111,0.138175
66,112,-0.059025
66,113,-0.009960
66,114,0.028991
66,115,0.079560
66,116,0.078274
66,117,0.085358
66,118,0.010066
66,119,0.035556
66,120,-0.004653
66,121,0.027069
66,122,-0.034038
66,123,-0.029107
66,124,0.025898
66,125,0.072913
66,126,0.083625
66,127,0.068712
66,128,0.040309
66,129,-0.013735
66,130,0.014302
66,131,0.075049
66,132,0.121805
66,133,0.103495
66,134,0.077271
66,135,0.047591
66,136,0.042758
66,137,0.004830
66,138,-0.049253
66,139,-0.008864
66,140,0.029854
66,141,0.053041
66,142,0.145314
66,143,0.130466
66,144,0.193614
66,145,0.238673
66,146,0.295769
66,147,0.230037
66,148,0.372793
66,149,0.383764
66,150,0.091401
66,151,0.028234
66,152,0.027173
66,153,0.045551
66,154,0.055750
66,155,0.040380
66,156,0.055964
66,157,0.045867
66,158,0.053311
66,159,0.058680
66,160,0.069010
66,161,0.074797
66,162,0.119077
66,163,0.089828
66,164,0.030368
66,165,0.109487
66,166,0.146562
66,167,0.110257
66,168,0.071853
66,169,-0.026051
66,170,0.019008
66,171,0.004882
66,172,0.055816
66,173,0.077534
66,174,0.098120
66,175,0.059849
66,176,0.061301
66,177,0.092617
66,178,0.119156
66,179,0.117533
66,180,0.097416
66,181,0.076129
66,182,0.106332
66,183,0.089719
66,184,0.049020
66,185,-0.001556
66,186,-0.014269
66,187,-0.050776
66,188,-0.066536
66,189,-0.080301
66,190,-0.088806
66,191,-0.100635
66,192,-0.092118
67,1,-0.044231
67,2,0.028587
67,3,0.042587
67,4,0.002255
67,5,0.038722
67,6,0.036824
67,7,0.022527
67,8,0.042526
67,9,0.027305
67,10,0.035684
67,11,0.026080
67,12,0.056581
67,13,0.053439
67,14,0.063742
67,15,0.107103
67,16,0.115650
67,17,0.095459
67,18,0.049200
67,19,0.036928
67,20,0.068377
67,21,0.093841
67,22,0.112478
67,23,0.101938
67,24,0.098111
67,25,0.118876
67,26,0.075621
67,27,0.057123
67,28,0.048089
67,29,0.048201
67,30,0.041375
67,31,0.069200
67,32,0.076823
67,33,0.136384
67,34,0.123874
67,35,0.005764
67,36,0.020847
67,37,0.003198
67,38,0.037035
67,39,0.044699
67,40,0.024529
67,41,0.108780
67,42,0.163851
67,43,0.202101
67,44,0.208108
67,45,0.243111
67,46,0.224223
67,47,0.183165
67,48,0.108485
67,49,0.063031
67,50,0.051554
67,51,0.093552
67,52,0.083634
67,53,0.009768
67,54,0.023125
67,55,0.033850
67,56,0.045010
67,57,0.033785
67,58,0.030788
67,59,0.056620
67,60,0.078482
67,61,0.113133
67,62,0.230837
67,63,0.254467
67,64,0.349721
67,65,0.528067
67,66,0.706571
67,67,1.000000
67,68,0.460034
67,69,0.196012
67,70,0.184455
67,71,0.224670
67,72,0.141730
67,73,0.085737
67,74,0.182023
67,75,0.087799
67,76,0.145983
67,77,0.080235
67,78,0.118549
67,79,0.103113
67,80,0.072853
67,81,0.116006
67,82,0.119513
67,83,0.135353
67,84,0.155091
67,85,0.154478
67,86,0.157584
67,87,0.151180
67,88,0.147897
67,89,0.174963
67,90,0.134296
67,91,0.136541
67,92,0.107399
67,93,0.114138
67,94,0.109793
67,95,0.246826
67,96,0.267437
67,97,0.242606
67,98,0.252425
67,99,0.266931
67,100,0.277333
67,101,0.254648
67,102,0.282033
67,103,0.325800
67,104,0.116326
67,105,0.141740
67,106,0.217570
67,107,0.243132
67,108,0.227532
67,109,0.203904
67,110,0.100782
67,111,0.090469
67,112,-0.048375
67,113,0.038099
67,114,0.072345
67,115,0.087275
67,116,0.101203
67,117,0.080550
67,118,0.049609
67,119,0.076721
67,120,0.021369
67,121,0.041007
67,122,-0.002700
67,123,0.013399
67,124,0.026242
67,125,0.082105
67,126,0.081327
67,127,0.082692
67,128,0.072367
67,129,0.035102
67,130,0.032044
67,131,0.031247
67,132,0.096410
67,133,0.088369
67,134,0.074017
67,135,0.051338
67,136,0.081967
67,137,0.048010
67,138,0.005102
67,139,-0.006816
67,140,0.032337
67,141,0.076045
67,142,0.118302
67,143,0.085968
67,144,0.141533
67,145,0.189578
67,146,0.218147
67,147,0.172608
67,148,0.281243
67,149,0.270923
67,150,0.080015
67,151,0.042377
67,152,0.044024
67,153,0.072099
67,154,0.103791
67,155,0.093024
67,156,0.090648
67,157,0.088000
67,158,0.090595
67,159,0.075904
67,160,0.085696
67,161,0.074856
67,162,0.121940
67,163,0.098609
67,164,0.059678
67,165,0.098184
67,166,0.125698
67,167,0.096796
67,168,0.056124
67,169,-0.024555
67,170,-0.001401
67,171,0.003863
67,172,0.059724
67,173,0.075605
67,174,0.088884
67,175,0.066705
67,176,0.073293
67,177,0.104255
67,178,0.109387
67,179,0.103335
67,180,0.093231
67,181,0.075062
67,182,0.107799
67,183,0.085729
67,184,0.060040
67,185,0.018058
67,186,-0.006494
67,187,-0.029375
67,188,-0.051712
67,189,-0.082019
67,190,-0.063773
67,191,0.003519
67,192,-0.000563
68,1,0.002223
68,2,0.053788
68,3,0.087274
68,4,0.059893
68,5,0.088558
68,6,0.101275
68,7,0.109172
68,8,0.150041
68,9,0.141272
68,10,0.137094
68,11,0.107438
68,12,0.108889
68,13,0.090392
68,14,0.097172
68,15,0.145264
68,16,0.155290
68,17,0.101414
68,18,0.037714
68,19,0.032733
68,20,0.078111
68,21,0.092954
68,22,0.117401
68,23,0.117361
68,24,0.143982
68,25,0.154844
68,26,0.110694
68,27,0.062290
68,28,0.089716
68,29,0.122584
68,30,0.108624
68,31,0.106925
68,32,0.053161
68,33,0.064235
68,34,0.044061
68,35,-0.047444
68,36,0.024080
68,37,0.035794
68,38,0.012529
68,39,-0.060129
68,40,0.047301
68,41,0.087154
68,42,0.119784
68,43,0.140730
68,44,0.134035
68,45,0.163741
68,46,0.162324
68,47,0.118781
68,48,0.085970
68,49,0.023787
68,50,0.016807
68,51,0.050899
68,52,0.096595
68,53,0.022445
68,54,0.006650
68,55,0.028859
68,56,0.089308
68,57,0.042790
68,58,0.049252
68,59,0.070075
68,60,0.072122
68,61,0.085187
68,62,0.098340
68,63,0.123476
68,64,0.178314
68,65,0.221408
68,66,0.423310
68,67,0.460034
68,68,1.000000
68,69,0.515086
68,70,0.467241
68,71,0.340029
68,72,0.231732
68,73,0.162847
68,74,0.260361
68,75,0.164514
68,76,0.143145
68,77,0.088663
68,78,0.099763
68,79,0.084522
68,80,0.061785
68,81,0.108437
68,82,0.144155
68,83,0.165081
68,84,0.165049
68,85,0.188933
68,86,0.181627
68,87,0.161859
68,88,0.175040
68,89,0.172318
68,90,0.121301
68,91,0.090693
68,92,0.110199
68,93,0.092177
68,94,0.067330
68,95,0.136474
68,96,0.090323
68,97,0.094387
68,98,0.129637
68,99,0.137685
68,100,0.179618
68,101,0.199429
68,102,0.234441
68,103,0.255286
68,104,0.105541
68,105,0.122281
68,106,0.167289
68,107,0.155903
68,108,0.144566
68,109,0.132255
68,110,0.088283
68,111,0.060244
68,112,0.028227
68,113,0.098510
68,114,0.086483
68,115,0.095858
68,116,0.094881
68,117,0.079494
68,118,0.079081
68,119,0.094338
68,120,0.083448
68,121,0.095948
68,122,0.073295
68,123,0.052191
68,124,0.051798
68,125,0.101839
68,126,0.107125
68,127,0.118105
68,128,0.091470
68,129,0.085520
68,130,0.091668
68,131,0.093784
68,132,0.125582
68,133,0.108311
68,134,0.095006
68,135,0.116813
68,136,0.093195
68,137,0.038043
68,138,0.009244
68,139,0.007203
68,140,0.000263
68,141,0.037028
68,142,0.086280
68,143,0.075094
68,144,0.114799
68,145,0.157861
68,146,0.171854
68,147,0.152712
68,148,0.129089
68,149,0.201182
68,150,0.156896
68,151,0.146892
68,152,0.148293
68,153,0.153932
68,154,0.169019
68,155,0.139247
68,156,0.132130
68,157,0.165345
68,158,0.167476
68,159,0.139309
68,160,0.143025
68,161,0.126968
68,162,0.142217
68,163,0.146302
68,164,0.124988
68,165,0.138593
68,166,0.131697
68,167,0.199665
68,168,0.186437
68,169,0.062297
68,170,0.015623
68,171,-0.018623
68,172,0.026179
68,173,0.041285
68,174,0.041666
68,175,0.028274
68,176,0.044260
68,177,0.076920
68,178,0.054619
68,179,0.068628
68,180,0.073771
68,181,0.067800
68,182,0.081440
68,183,0.076694
68,184,0.076645
68,185,0.027264
68,186,-0.026034
68,187,-0.046534
68,188,-0.068502
68,189,-0.070336
68,190,-0.070873
68,191,-0.014607
68,192,-0.032417
69,1,-0.033367
69,2,-0.001693
69,3,0.026964
69,4,0.013925
69,5,0.062284
69,6,0.017768
69,7,-0.026728
69,8,0.054074
69,9,0.051362
69,10,0.038413
69,11,0.033909
69,12,0.028587
69,13,0.015690
69,14,0.009480
69,15,0.047326
69,16,0.058184
69,17,0.041563
69,18,0.020712
69,19,0.020598
69,20,0.042084
69,21,0.048141
69,22,0.054867
69,23,0.043762
69,24,0.025348
69,25,0.016802
69,26,-0.021622
69,27,-0.009480
69,28,0.030116
69,29,0.050127
69,30,0.062065
69,31,-0.051248
69,32,-0.082104
69,33,0.026471
69,34,-0.001299
69,35,-0.005793
69,36,0.046954
69,37,0.066407
69,38,0.110525
69,39,-0.063780
69,40,0.059990
69,41,0.048229
69,42,-0.013068
69,43,0.021282
69,44,0.034744
69,45,0.043814
69,46,0.038618
69,47,0.041057
69,48,0.068734
69,49,0.041549
69,50,0.046165
69,51,0.096351
69,52,0.136075
69,53,0.001594
69,54,0.033016
69,55,0.112256
69,56,0.085067
69,57,-0.005261
69,58,0.012333
69,59,0.066285
69,60,0.057771
69,61,0.068600
69,62,-0.034129
69,63,-0.009597
69,64,0.007275
69,65,0.041440
69,66,0.196652
69,67,0.196012
69,68,0.515086
69,69,1.000000
69,70,0.896805
69,71,0.509241
69,72,0.129948
69,73,0.061892
69,74,0.119246
69,75,0.102499
69,76,0.062942
69,77,0.057962
69,78,0.068860
69,79,0.052943
69,80,0.040246
69,81,0.060777
69,82,0.114457
69,83,0.077312
69,84,0.061568
69,85,0.087904
69,86,0.082089
69,87,0.072505
69,88,0.050160
69,89,0.001199
69,90,-0.010770
69,91,-0.033311
69,92,0.065917
69,93,0.047489
69,94,0.018136
69,95,0.068287
69,96,0.013637
69,97,0.042371
69,98,0.051984
69,99,0.035446
69,100,0.040055
69,101,0.062467
69,102,0.072860
69,103,0.102985
69,104,0.041009
69,105,0.066375
69,106,0.058698
69,107,0.054789
69,108,0.033325
69,109,0.071152
69,110,0.129736
69,111,0.158561
69,112,0.131944
69,113,0.115644
69,114,0.032557
69,115,0.052877
69,116,0.038448
69,117,0.075903
69,118,0.082692
69,119,0.129624
69,120,0.140807
69,121,0.095293
69,122,0.112031
69,123,0.141270
69,124,0.180518
69,125,0.179049
69,126,0.201307
69,127,0.185263
69,128,0.174207
69,129,0.146000
69,130,0.207074
69,131,0.118321
69,132,0.113487
69,133,0.081866
69,134,0.150903
69,135,0.166261
69,136,0.032099
69,137,0.051870
69,138,0.055030
69,139,0.134302
69,140,0.010537
69,141,-0.035349
69,142,0.011478
69,143,-0.017994
69,144,-0.038537
69,145,0.001379
69,146,0.035237
69,147,0.027617
69,148,0.063803
69,149,0.103025
69,150,0.106242
69,151,0.069793
69,152,0.119249
69,153,0.174457
69,154,0.180476
69,155,0.188030
69,156,0.137337
69,157,0.191414
69,158,0.227991
69,159,0.147259
69,160,0.121230
69,161,0.138312
69,162,0.119539
69,163,0.120137
69,164,0.101831
69,165,0.086191
69,166,0.025493
69,167,0.145367
69,168,0.141807
69,169,0.070538
69,170,0.006883
69,171,-0.057380
69,172,-0.009776
69,173,-0.019247
69,174,-0.020353
69,175,-0.011843
69,176,-0.012435
69,177,0.037848
69,178,-0.004086
69,179,0.039425
69,180,0.034606
69,181,0.026709
69,182,0.054900
69,183,0.075735
69,184,0.050864
69,185,0.000357
69,186,-0.060417
69,187,-0.043000
69,188,-0.069847
69,189,-0.049352
69,190,-0.076574
69,191,-0.055122
69,192,-0.121968
70,1,-0.025870
70,2,0.002416
70,3,0.034950
70,4,0.018661
70,5,0.091416
70,6,0.039969
70,7,-0.019535
70,8,0.067426
70,9,0.070394
70,10,0.063251
70,11,0.053295
70,12,0.045036
70,13,0.019296
70,14,0.033554
70,15,0.080504
70,16,0.093317
70,17,0.081031
70,18,0.052288
70,19,0.052213
70,20,0.077956
70,21,0.082752
70,22,0.091465
70,23,0.080985
70,24,0.069092
70,25,0.058598
70,26,0.000803
70,27,-0.000868
70,28,0.038781
70,29,0.058528
70,30,0.070765
70,31,-0.001208
70,32,-0.022363
70,33,0.060319
70,34,0.040973
70,35,0.041061
70,36,0.062755
70,37,0.096491
70,38,0.128262
70,39,-0.020073
70,40,0.086046
70,41,0.073640
70,42,0.015420
70,43,0.068886
70,44,0.082158
70,45,0.093196
70,46,0.083252
70,47,0.077289
70,48,0.080359
70,49,0.063847
70,50,0.073030
70,51,0.107752
70,52,0.165474
70,53,0.023976
70,54,0.065236
70,55,0.151138
70,56,0.091442
70,57,0.002105
70,58,0.004398
70,59,0.076324
70,60,0.081656
70,61,0.119223
70,62,0.037281
70,63,0.044290
70,64,0.058151
70,65,0.060559
70,66,0.219380
70,67,0.184455
70,68,0.467241
70,69,0.896805
70,70,1.000000
70,71,0.688053
70,72,0.194704
70,73,0.116610
70,74,0.180694
70,75,0.142648
70,76,0.123654
70,77,0.090726
70,78,0.125281
70,79,0.095052
70,80,0.061976
70,81,0.107592
70,82,0.139395
70,83,0.105015
70,84,0.101047
70,85,0.121792
70,86,0.104043
70,87,0.095937
70,88,0.084395
70,89,0.048818
70,90,0.034607
70,91,-0.002280
70,92,0.082908
70,93,0.084874
70,94,0.055832
70,95,0.098097
70,96,0.057113
70,97,0.079752
70,98,0.091225
70,99,0.080811
70,100,0.104450
70,101,0.129322
70,102,0.133378
70,103,0.163033
70,104,0.080351
70,105,0.123889
70,106,0.129715
70,107,0.115413
70,108,0.081330
70,109,0.118891
70,110,0.165883
70,111,0.187569
70,112,0.133388
70,113,0.096979
70,114,0.037827
70,115,0.053024
70,116,0.047091
70,117,0.084712
70,118,0.091385
70,119,0.127444
70,120,0.145296
70,121,0.103112
70,122,0.127932
70,123,0.163166
70,124,0.221558
70,125,0.207324
70,126,0.225870
70,127,0.212042
70,128,0.169728
70,129,0.164662
70,130,0.233401
70,131,0.118531
70,132,0.108249
70,133,0.085124
70,134,0.162514
70,135,0.163764
70,136,0.041450
70,137,0.057381
70,138,0.070529
70,139,0.136452
70,140,0.035167
70,141,-0.017819
70,142,0.052523
70,143,0.026652
70,144,0.010271
70,145,0.046057
70,146,0.103853
70,147,0.092250
70,148,0.069864
70,149,0.125109
70,150,0.102064
70,151,0.062201
70,152,0.112333
70,153,0.172069
70,154,0.179818
70,155,0.193217
70,156,0.143335
70,157,0.192369
70,158,0.234928
70,159,0.155477
70,160,0.130707
70,161,0.158665
70,162,0.146827
70,163,0.141642
70,164,0.124993
70,165,0.110214
70,166,0.060264
70,167,0.162702
70,168,0.152989
70,169,0.085070
70,170,0.020654
70,171,-0.048005
70,172,-0.001558
70,173,-0.010102
70,174,-0.005843
70,175,0.003511
70,176,0.003233
70,177,0.063231
70,178,0.016871
70,179,0.067969
70,180,0.043932
70,181,0.044533
70,182,0.071999
70,183,0.084824
70,184,0.044888
70,185,-0.009836
70,186,-0.061153
70,187,-0.037997
70,188,-0.059252
70,189,-0.035337
70,190,-0.068892
70,191,-0.063183
70,192,-0.143328
71,1,-0.038785
71,2,0.021514
71,3,0.074197
71,4,0.037210
71,5,0.116567
71,6,0.071624
71,7,0.007871
71,8,0.072786
71,9,0.085648
71,10,0.090255
71,11,0.078050
71,12,0.060183
71,13,0.014498
71,14,0.059310
71,15,0.076915
71,16,0.122983
71,17,0.130726
71,18,0.098541
71,19,0.098968
71,20,0.142604
71,21,0.138562
71,22,0.182785
71,23,0.148996
71,24,0.172048
71,25,0.147496
71,26,0.089523
71,27,0.031433
71,28,0.065272
71,29,0.075981
71,30,0.086728
71,31,0.057715
71,32,0.092827
71,33,0.073392
71,34,0.050055
71,35,0.045582
71,36,0.003495
71,37,0.098103
71,38,0.078420
71,39,0.065675
71,40,0.154082
71,41,0.177596
71,42,0.140702
71,43,0.221139
71,44,0.243325
71,45,0.254245
71,46,0.228271
71,47,0.164006
71,48,0.082083
71,49,0.044106
71,50,0.054164
71,51,0.076345
71,52,0.192322
71,53,0.035762
71,54,0.078788
71,55,0.161036
71,56,0.064899
71,57,0.012122
71,58,-0.010194
71,59,0.083523
71,60,0.119680
71,61,0.170368
71,62,0.196232
71,63,0.174543
71,64,0.198209
71,65,0.138759
71,66,0.329106
71,67,0.224670
71,68,0.340029
71,69,0.509241
71,70,0.688053
71,71,1.000000
71,72,0.443300
71,73,0.325575
71,74,0.440818
71,75,0.303325
71,76,0.326818
71,77,0.243536
71,78,0.281734
71,79,0.232408
71,80,0.162588
71,81,0.213297
71,82,0.215287
71,83,0.186014
71,84,0.217924
71,85,0.219974
71,86,0.186609
71,87,0.199627
71,88,0.172980
71,89,0.162071
71,90,0.134035
71,91,0.084718
71,92,0.086189
71,93,0.119431
71,94,0.109826
71,95,0.140579
71,96,0.100143
71,97,0.144170
71,98,0.172935
71,99,0.180382
71,100,0.273327
71,101,0.302348
71,102,0.307616
71,103,0.306914
71,104,0.194999
71,105,0.271906
71,106,0.336296
71,107,0.279298
71,108,0.208928
71,109,0.221196
71,110,0.192888
71,111,0.148741
71,112,0.099588
71,113,0.003771
71,114,-0.005571
71,115,0.020866
71,116,0.035805
71,117,0.077700
71,118,0.055792
71,119,0.066090
71,120,0.059674
71,121,0.088122
71,122,0.118187
71,123,0.150327
71,124,0.229864
71,125,0.195463
71,126,0.185040
71,127,0.180146
71,128,0.122367
71,129,0.156837
71,130,0.156114
71,131,0.093311
71,132,0.033376
71,133,0.022969
71,134,0.101164
71,135,0.054280
71,136,-0.012223
71,137,0.019102
71,138,0.052240
71,139,0.072510
71,140,0.037614
71,141,0.049952
71,142,0.133828
71,143,0.151392
71,144,0.153138
71,145,0.158555
71,146,0.259927
71,147,0.256353
71,148,0.067251
71,149,0.138925
71,150,0.087394
71,151,0.071981
71,152,0.098712
71,153,0.118361
71,154,0.129950
71,155,0.147928
71,156,0.122876
71,157,0.151559
71,158,0.177484
71,159,0.135664
71,160,0.130960
71,161,0.154375
71,162,0.169679
71,163,0.162525
71,164,0.145997
71,165,0.141814
71,166,0.140437
71,167,0.200899
71,168,0.183070
71,169,0.137833
71,170,0.038312
71,171,-0.022619
71,172,0.014552
71,173,-0.001370
71,174,0.008762
71,175,0.006758
71,176,0.017617
71,177,0.078823
71,178,0.043335
71,179,0.078668
71,180,0.022970
71,181,0.005469
71,182,0.019334
71,183,0.029470
71,184,-0.003779
71,185,-0.017304
71,186,-0.060204
71,187,-0.032893
71,188,-0.025792
71,189,0.007725
71,190,-0.029548
71,191,-0.117780
71,192,-0.177259
72,1,0.022118
72,2,0.125971
72,3,0.204710
72,4,0.158560
72,5,0.231133
72,6,0.193670
72,7,0.148520
72,8,0.154142
72,9,0.242437
72,10,0.249480
72,11,0.234085
72,12,0.155303
72,13,0.078824
72,14,0.090328
72,15,0.133750
72,16,0.206651
72,17,0.299989
72,18,0.281263
72,19,0.276279
72,20,0.311452
72,21,0.296555
72,22,0.310571
72,23,0.235497
72,24,0.282169
72,25,0.250323
72,26,0.218574
72,27,0.137905
72,28,0.189506
72,29,0.192982
72,30,0.204141
72,31,0.198558
72,32,0.227269
72,33,0.095522
72,34,0.068695
72,35,0.115147
72,36,0.011030
72,37,-0.015452
72,38,0.054697
72,39,0.106199
72,40,0.126944
72,41,0.234378
72,42,0.284907
72,43,0.337309
72,44,0.347948
72,45,0.370466
72,46,0.352738
72,47,0.310994
72,48,0.193057
72,49,0.102470
72,50,0.120791
72,51,0.083182
72,52,0.228628
72,53,0.090702
72,54,0.115191
72,55,0.197767
72,56,0.148698
72,57,0.137506
72,58,0.103085
72,59,0.156409
72,60,0.199885
72,61,0.197259
72,62,0.283228
72,63,0.299952
72,64,0.299705
72,65,0.172210
72,66,0.239896
72,67,0.141730
72,68,0.231732
72,69,0.129948
72,70,0.194704
72,71,0.443300
72,72,1.000000
72,73,0.842404
72,74,0.723954
72,75,0.691138
72,76,0.520447
72,77,0.422556
72,78,0.432972
72,79,0.351605
72,80,0.254543
72,81,0.315618
72,82,0.240106
72,83,0.245204
72,84,0.293656
72,85,0.281756
72,86,0.208489
72,87,0.239065
72,88,0.249631
72,89,0.231600
72,90,0.183883
72,91,0.143940
72,92,0.135064
72,93,0.129569
72,94,0.111815
72,95,0.150600
72,96,0.140792
72,97,0.218616
72,98,0.254419
72,99,0.313260
72,100,0.384357
72,101,0.404374
72,102,0.400340
72,103,0.370902
72,104,0.234553
72,105,0.320533
72,106,0.410013
72,107,0.395696
72,108,0.329261
72,109,0.323074
72,110,0.287294
72,111,0.179258
72,112,0.139613
72,113,0.002957
72,114,0.036913
72,115,0.037074
72,116,0.022939
72,117,0.028504
72,118,0.010771
72,119,0.020162
72,120,-0.015021
72,121,0.080384
72,122,0.060084
72,123,0.066033
72,124,0.145095
72,125,0.177585
72,126,0.142279
72,127,0.132767
72,128,0.086455
72,129,0.074555
72,130,0.068915
72,131,0.118947
72,132,0.052626
72,133,0.060532
72,134,0.054381
72,135,0.036072
72,136,0.028181
72,137,0.051067
72,138,0.019738
72,139,0.018745
72,140,0.079754
72,141,0.119071
72,142,0.174323
72,143,0.238612
72,144,0.262580
72,145,0.241216
72,146,0.356218
72,147,0.308420
72,148,0.052221
72,149,0.118765
72,150,0.087797
72,151,0.091166
72,152,0.095219
72,153,0.059468
72,154,0.073142
72,155,0.095958
72,156,0.114047
72,157,0.130663
72,158,0.134931
72,159,0.165391
72,160,0.182049
72,161,0.190066
72,162,0.205441
72,163,0.196739
72,164,0.130803
72,165,0.185954
72,166,0.246950
72,167,0.211290
72,168,0.199438
72,169,0.160229
72,170,0.164088
72,171,0.100253
72,172,0.146599
72,173,0.132875
72,174,0.085649
72,175,0.064282
72,176,0.096983
72,177,0.169587
72,178,0.131076
72,179,0.114572
72,180,0.079990
72,181,0.075574
72,182,0.066864
72,183,0.026501
72,184,-0.003755
72,185,0.022357
72,186,-0.021734
72,187,-0.003020
72,188,0.014093
72,189,0.064676
72,190,0.019187
72,191,-0.013674
72,192,-0.013101
73,1,0.052430
73,2,0.138811
73,3,0.195382
73,4,0.154031
73,5,0.232985
73,6,0.220405
73,7,0.197299
73,8,0.213735
73,9,0.293433
73,10,0.264956
73,11,0.238041
73,12,0.156286
73,13,0.060819
73,14,0.071275
73,15,0.130620
73,16,0.223581
73,17,0.363917
73,18,0.348311
73,19,0.340343
73,20,0.372606
73,21,0.361960
73,22,0.359189
73,23,0.270648
73,24,0.308523
73,25,0.265069
73,26,0.218235
73,27,0.135795
73,28,0.199483
73,29,0.195531
73,30,0.213306
73,31,0.237113
73,32,0.241700
73,33,0.104241
73,34,0.096991
73,35,0.173317
73,36,0.046462
73,37,-0.008403
73,38,0.066991
73,39,0.111654
73,40,0.125592
73,41,0.224798
73,42,0.287743
73,43,0.350542
73,44,0.363037
73,45,0.388847
73,46,0.366090
73,47,0.338961
73,48,0.211488
73,49,0.115888
73,50,0.132633
73,51,0.071944
73,52,0.206476
73,53,0.105094
73,54,0.126700
73,55,0.191187
73,56,0.155626
73,57,0.152122
73,58,0.145189
73,59,0.180818
73,60,0.203001
73,61,0.208766
73,62,0.285405
73,63,0.326114
73,64,0.317852
73,65,0.173871
73,66,0.155993
73,67,0.085737
73,68,0.162847
73,69,0.061892
73,70,0.116610
73,71,0.325575
73,72,0.842404
73,73,1.000000
73,74,0.610964
73,75,0.698012
73,76,0.544179
73,77,0.445875
73,78,0.496922
73,79,0.387808
73,80,0.300806
73,81,0.350674
73,82,0.275299
73,83,0.297497
73,84,0.328111
73,85,0.309026
73,86,0.238528
73,87,0.262139
73,88,0.272409
73,89,0.241547
73,90,0.197359
73,91,0.154402
73,92,0.123523
73,93,0.118735
73,94,0.108625
73,95,0.146309
73,96,0.134765
73,97,0.211854
73,98,0.278963
73,99,0.346159
73,100,0.396459
73,101,0.417826
73,102,0.403794
73,103,0.361433
73,104,0.241150
73,105,0.349082
73,106,0.431799
73,107,0.423438
73,108,0.355459
73,109,0.335851
73,110,0.304264
73,111,0.183191
73,112,0.173493
73,113,0.036146
73,114,0.077311
73,115,0.055907
73,116,0.029094
73,117,0.032283
73,118,0.022898
73,119,0.027092
73,120,-0.014788
73,121,0.100411
73,122,0.058987
73,123,0.066092
73,124,0.162049
73,125,0.199499
73,126,0.155494
73,127,0.138090
73,128,0.091396
73,129,0.073174
73,130,0.045049
73,131,0.147722
73,132,0.050612
73,133,0.064088
73,134,0.063700
73,135,0.040237
73,136,0.033096
73,137,0.060167
73,138,0.018979
73,139,0.016712
73,140,0.096622
73,141,0.132425
73,142,0.162878
73,143,0.239945
73,144,0.261317
73,145,0.214921
73,146,0.314725
73,147,0.276614
73,148,-0.013635
73,149,0.063558
73,150,0.080252
73,151,0.119073
73,152,0.135032
73,153,0.083243
73,154,0.079178
73,155,0.102805
73,156,0.129827
73,157,0.152408
73,158,0.154882
73,159,0.199453
73,160,0.227355
73,161,0.223807
73,162,0.237978
73,163,0.237433
73,164,0.172695
73,165,0.215564
73,166,0.262485
73,167,0.220349
73,168,0.214137
73,169,0.210155
73,170,0.225554
73,171,0.153256
73,172,0.177666
73,173,0.183695
73,174,0.113547
73,175,0.089224
73,176,0.132889
73,177,0.210171
73,178,0.171484
73,179,0.144875
73,180,0.100292
73,181,0.090630
73,182,0.088658
73,183,0.043794
73,184,0.028691
73,185,0.056197
73,186,0.008318
73,187,0.035127
73,188,0.062046
73,189,0.104360
73,190,0.062908
73,191,0.048229
73,192,0.038129
74,1,0.012021
74,2,0.096230
74,3,0.170857
74,4,0.156925
74,5,0.180674
74,6,0.165855
74,7,0.121394
74,8,0.141092
74,9,0.210338
74,10,0.230665
74,11,0.220337
74,12,0.134187
74,13,0.054249
74,14,0.077349
74,15,0.134289
74,16,0.221660
74,17,0.316523
74,18,0.299758
74,19,0.286657
74,20,0.304602
74,21,0.297585
74,22,0.331836
74,23,0.249806
74,24,0.301655
74,25,0.267719
74,26,0.215461
74,27,0.125110
74,28,0.173636
74,29,0.192833
74,30,0.202076
74,31,0.191596
74,32,0.235627
74,33,0.127103
74,34,0.087217
74,35,0.074462
74,36,0.002384
74,37,-0.046662
74,38,0.015747
74,39,0.099028
74,40,0.133339
74,41,0.238807
74,42,0.276297
74,43,0.341212
74,44,0.375624
74,45,0.372416
74,46,0.332897
74,47,0.281238
74,48,0.179062
74,49,0.123410
74,50,0.138411
74,51,0.077680
74,52,0.182598
74,53,0.052934
74,54,0.079540
74,55,0.143127
74,56,0.138454
74,57,0.148622
74,58,0.091416
74,59,0.141092
74,60,0.187473
74,61,0.176394
74,62,0.273560
74,63,0.269801
74,64,0.301503
74,65,0.162047
74,66,0.300002
74,67,0.182023
74,68,0.260361
74,69,0.119246
74,70,0.180694
74,71,0.440818
74,72,0.723954
74,73,0.610964
74,74,1.000000
74,75,0.779771
74,76,0.644010
74,77,0.541339
74,78,0.467721
74,79,0.385463
74,80,0.286331
74,81,0.318474
74,82,0.238937
74,83,0.253043
74,84,0.286972
74,85,0.272491
74,86,0.231230
74,87,0.252679
74,88,0.232080
74,89,0.223223
74,90,0.162279
74,91,0.110854
74,92,0.114839
74,93,0.113832
74,94,0.118365
74,95,0.162511
74,96,0.130088
74,97,0.212494
74,98,0.209760
74,99,0.277999
74,100,0.382300
74,101,0.395251
74,102,0.404300
74,103,0.384601
74,104,0.268365
74,105,0.348583
74,106,0.442309
74,107,0.402797
74,108,0.310957
74,109,0.301939
74,110,0.255758
74,111,0.148369
74,112,0.101781
74,113,-0.021761
74,114,0.033529
74,115,0.044285
74,116,0.038151
74,117,0.040801
74,118,-0.004386
74,119,0.011094
74,120,-0.028480
74,121,0.066064
74,122,0.040914
74,123,0.059295
74,124,0.121346
74,125,0.142812
74,126,0.108930
74,127,0.125818
74,128,0.072675
74,129,0.089441
74,130,0.061621
74,131,0.111999
74,132,0.031683
74,133,0.022670
74,134,0.042908
74,135,0.011053
74,136,0.014491
74,137,0.022216
74,138,0.016024
74,139,0.031546
74,140,0.074905
74,141,0.118521
74,142,0.198714
74,143,0.274546
74,144,0.288176
74,145,0.240495
74,146,0.398203
74,147,0.363469
74,148,0.073634
74,149,0.135192
74,150,0.050683
74,151,0.055313
74,152,0.074708
74,153,0.053347
74,154,0.087341
74,155,0.113433
74,156,0.126862
74,157,0.147322
74,158,0.174739
74,159,0.190306
74,160,0.185639
74,161,0.202802
74,162,0.201415
74,163,0.188207
74,164,0.118732
74,165,0.186240
74,166,0.252177
74,167,0.210799
74,168,0.161799
74,169,0.115872
74,170,0.119617
74,171,0.076383
74,172,0.129257
74,173,0.114273
74,174,0.071379
74,175,0.055870
74,176,0.057809
74,177,0.132093
74,178,0.099052
74,179,0.099277
74,180,0.066555
74,181,0.067719
74,182,0.044987
74,183,0.037540
74,184,0.043075
74,185,0.072611
74,186,0.016128
74,187,0.041575
74,188,0.034469
74,189,0.085996
74,190,0.032915
74,191,-0.025083
74,192,-0.027362
75,1,0.043067
75,2,0.138449
75,3,0.206806
75,4,0.188106
75,5,0.223825
75,6,0.198855
75,7,0.153048
75,8,0.169775
75,9,0.254357
75,10,0.264219
75,11,0.256062
75,12,0.167065
75,13,0.052035
75,14,0.043777
75,15,0.097217
75,16,0.196436
75,17,0.364869
75,18,0.361538
75,19,0.343860
75,20,0.358469
75,21,0.348078
75,22,0.347862
75,23,0.243906
75,24,0.279931
75,25,0.232582
75,26,0.205380
75,27,0.137249
75,28,0.209368
75,29,0.212374
75,30,0.227647
75,31,0.216701
75,32,0.233389
75,33,0.127900
75,34,0.105426
75,35,0.155895
75,36,0.033830
75,37,-0.003099
75,38,0.071717
75,39,0.120715
75,40,0.140942
75,41,0.191508
75,42,0.245907
75,43,0.310322
75,44,0.355669
75,45,0.344500
75,46,0.308836
75,47,0.292179
75,48,0.200270
75,49,0.155959
75,50,0.170274
75,51,0.096564
75,52,0.214035
75,53,0.071186
75,54,0.093044
75,55,0.186379
75,56,0.166192
75,57,0.167284
75,58,0.133054
75,59,0.177164
75,60,0.210833
75,61,0.188696
75,62,0.225970
75,63,0.260285
75,64,0.265311
75,65,0.124496
75,66,0.160180
75,67,0.087799
75,68,0.164514
75,69,0.102499
75,70,0.142648
75,71,0.303325
75,72,0.691138
75,73,0.698012
75,74,0.779771
75,75,1.000000
75,76,0.644905
75,77,0.625272
75,78,0.541779
75,79,0.437378
75,80,0.361189
75,81,0.342098
75,82,0.248852
75,83,0.262212
75,84,0.271261
75,85,0.259541
75,86,0.202885
75,87,0.230060
75,88,0.205946
75,89,0.163901
75,90,0.125321
75,91,0.100650
75,92,0.121815
75,93,0.097010
75,94,0.099123
75,95,0.135624
75,96,0.131550
75,97,0.218164
75,98,0.207734
75,99,0.277925
75,100,0.342265
75,101,0.348409
75,102,0.359502
75,103,0.330432
75,104,0.288841
75,105,0.367309
75,106,0.412664
75,107,0.382346
75,108,0.295794
75,109,0.308965
75,110,0.294211
75,111,0.194903
75,112,0.146819
75,113,0.005919
75,114,0.040222
75,115,0.049318
75,116,0.041664
75,117,0.046367
75,118,0.039125
75,119,0.034632
75,120,0.012685
75,121,0.089615
75,122,0.053352
75,123,0.067929
75,124,0.146154
75,125,0.165121
75,126,0.123681
75,127,0.112776
75,128,0.070582
75,129,0.089438
75,130,0.068001
75,131,0.105007
75,132,0.028217
75,133,0.028637
75,134,0.031877
75,135,0.011834
75,136,0.006392
75,137,0.052131
75,138,0.032157
75,139,0.072628
75,140,0.122258
75,141,0.132754
75,142,0.183376
75,143,0.272650
75,144,0.263707
75,145,0.179958
75,146,0.305460
75,147,0.271807
75,148,0.021679
75,149,0.078018
75,150,0.056094
75,151,0.064986
75,152,0.094433
75,153,0.053751
75,154,0.073022
75,155,0.104116
75,156,0.114917
75,157,0.146921
75,158,0.167225
75,159,0.196962
75,160,0.207006
75,161,0.209882
75,162,0.204152
75,163,0.207016
75,164,0.153399
75,165,0.203562
75,166,0.247740
75,167,0.216012
75,168,0.186119
75,169,0.194005
75,170,0.198733
75,171,0.159276
75,172,0.177469
75,173,0.169641
75,174,0.092468
75,175,0.088185
75,176,0.103312
75,177,0.160462
75,178,0.113730
75,179,0.087662
75,180,0.061628
75,181,0.064194
75,182,0.055982
75,183,0.050799
75,184,0.051815
75,185,0.108023
75,186,0.063891
75,187,0.110803
75,188,0.113985
75,189,0.180581
75,190,0.114427
75,191,0.049434
75,192,0.019006
76,1,0.045602
76,2,0.145664
76,3,0.189878
76,4,0.161242
76,5,0.208596
76,6,0.219998
76,7,0.164459
76,8,0.173180
76,9,0.264045
76,10,0.248637
76,11,0.248233
76,12,0.165945
76,13,0.079357
76,14,0.083798
76,15,0.161397
76,16,0.266501
76,17,0.451920
76,18,0.437692
76,19,0.421052
76,20,0.439764
76,21,0.429260
76,22,0.447374
76,23,0.319568
76,24,0.351218
76,25,0.293315
76,26,0.230298
76,27,0.162174
76,28,0.228658
76,29,0.229087
76,30,0.240004
76,31,0.213990
76,32,0.246445
76,33,0.114808
76,34,0.131670
76,35,0.204997
76,36,0.087334
76,37,0.006752
76,38,0.068890
76,39,0.179820
76,40,0.165730
76,41,0.276330
76,42,0.356105
76,43,0.458840
76,44,0.506109
76,45,0.522178
76,46,0.457260
76,47,0.412276
76,48,0.227305
76,49,0.151755
76,50,0.178627
76,51,0.107982
76,52,0.227911
76,53,0.091175
76,54,0.131750
76,55,0.245206
76,56,0.174629
76,57,0.193077
76,58,0.146423
76,59,0.208521
76,60,0.232950
76,61,0.226719
76,62,0.353514
76,63,0.389289
76,64,0.383919
76,65,0.217516
76,66,0.230226
76,67,0.145983
76,68,0.143145
76,69,0.062942
76,70,0.123654
76,71,0.326818
76,72,0.520447
76,73,0.544179
76,74,0.644010
76,75,0.644905
76,76,1.000000
76,77,0.759842
76,78,0.708062
76,79,0.617574
76,80,0.464230
76,81,0.467232
76,82,0.366139
76,83,0.365986
76,84,0.396152
76,85,0.348427
76,86,0.296521
76,87,0.323820
76,88,0.283061
76,89,0.270648
76,90,0.223241
76,91,0.164505
76,92,0.131450
76,93,0.143291
76,94,0.168978
76,95,0.201180
76,96,0.204551
76,97,0.290484
76,98,0.328446
76,99,0.417764
76,100,0.520328
76,101,0.532783
76,102,0.523915
76,103,0.442350
76,104,0.349918
76,105,0.470772
76,106,0.578777
76,107,0.588182
76,108,0.463742
76,109,0.424916
76,110,0.360443
76,111,0.224776
76,112,0.211009
76,113,-0.010728
76,114,0.069851
76,115,0.069961
76,116,0.055980
76,117,0.075348
76,118,0.039017
76,119,0.056158
76,120,-0.017806
76,121,0.104509
76,122,0.066211
76,123,0.077584
76,124,0.167847
76,125,0.208730
76,126,0.141081
76,127,0.121738
76,128,0.075396
76,129,0.106423
76,130,0.059489
76,131,0.132374
76,132,0.036108
76,133,0.065435
76,134,0.086067
76,135,0.025067
76,136,0.041035
76,137,0.074236
76,138,0.043282
76,139,0.075916
76,140,0.117567
76,141,0.154321
76,142,0.211351
76,143,0.311889
76,144,0.331336
76,145,0.201066
76,146,0.350302
76,147,0.367030
76,148,0.030363
76,149,0.095541
76,150,0.042322
76,151,0.097964
76,152,0.132355
76,153,0.082819
76,154,0.115618
76,155,0.147504
76,156,0.171961
76,157,0.183059
76,158,0.198587
76,159,0.238974
76,160,0.264283
76,161,0.270037
76,162,0.273268
76,163,0.255854
76,164,0.195997
76,165,0.251470
76,166,0.296103
76,167,0.222869
76,168,0.155809
76,169,0.154793
76,170,0.165276
76,171,0.162615
76,172,0.214293
76,173,0.220034
76,174,0.167483
76,175,0.143316
76,176,0.154865
76,177,0.222736
76,178,0.191111
76,179,0.158658
76,180,0.122332
76,181,0.140193
76,182,0.130850
76,183,0.111404
76,184,0.095116
76,185,0.126430
76,186,0.104485
76,187,0.131196
76,188,0.137169
76,189,0.169031
76,190,0.113942
76,191,0.003413
76,192,0.029838
77,1,0.048639
77,2,0.127322
77,3,0.149855
77,4,0.128764
77,5,0.151293
77,6,0.162351
77,7,0.102727
77,8,0.111372
77,9,0.187151
77,10,0.194338
77,11,0.209202
77,12,0.143887
77,13,0.055714
77,14,0.043853
77,15,0.082715
77,16,0.176075
77,17,0.369969
77,18,0.364237
77,19,0.352074
77,20,0.357364
77,21,0.340652
77,22,0.337288
77,23,0.218115
77,24,0.246120
77,25,0.186613
77,26,0.170495
77,27,0.131409
77,28,0.198073
77,29,0.192250
77,30,0.205186
77,31,0.144044
77,32,0.165670
77,33,0.085767
77,34,0.092686
77,35,0.153107
77,36,0.031808
77,37,-0.015340
77,38,0.054493
77,39,0.141435
77,40,0.119724
77,41,0.198647
77,42,0.249633
77,43,0.319615
77,44,0.364358
77,45,0.368700
77,46,0.317315
77,47,0.293997
77,48,0.185132
77,49,0.156161
77,50,0.170101
77,51,0.079375
77,52,0.173301
77,53,0.059477
77,54,0.089931
77,55,0.201267
77,56,0.149928
77,57,0.163617
77,58,0.119916
77,59,0.166741
77,60,0.183119
77,61,0.174153
77,62,0.223063
77,63,0.255491
77,64,0.262210
77,65,0.118788
77,66,0.141225
77,67,0.080235
77,68,0.088663
77,69,0.057962
77,70,0.090726
77,71,0.243536
77,72,0.422556
77,73,0.445875
77,74,0.541339
77,75,0.625272
77,76,0.759842
77,77,1.000000
77,78,0.632268
77,79,0.605497
77,80,0.507010
77,81,0.423277
77,82,0.321450
77,83,0.311758
77,84,0.319206
77,85,0.279130
77,86,0.229341
77,87,0.263480
77,88,0.190102
77,89,0.158486
77,90,0.126308
77,91,0.101302
77,92,0.105466
77,93,0.100521
77,94,0.116971
77,95,0.124941
77,96,0.129667
77,97,0.212578
77,98,0.211156
77,99,0.277688
77,100,0.357417
77,101,0.358468
77,102,0.356106
77,103,0.303434
77,104,0.270040
77,105,0.349815
77,106,0.421017
77,107,0.424501
77,108,0.309137
77,109,0.303699
77,110,0.274179
77,111,0.170101
77,112,0.168323
77,113,-0.037880
77,114,0.028897
77,115,0.040963
77,116,0.045436
77,117,0.064299
77,118,0.042351
77,119,0.035884
77,120,-0.016513
77,121,0.082191
77,122,0.052791
77,123,0.063776
77,124,0.124061
77,125,0.141076
77,126,0.078656
77,127,0.067882
77,128,0.038638
77,129,0.087719
77,130,0.028777
77,131,0.111560
77,132,0.007630
77,133,0.013850
77,134,0.021544
77,135,-0.007556
77,136,0.013657
77,137,0.054748
77,138,0.055962
77,139,0.104716
77,140,0.124968
77,141,0.137493
77,142,0.185127
77,143,0.271489
77,144,0.257554
77,145,0.118263
77,146,0.250466
77,147,0.267136
77,148,0.028362
77,149,0.068282
77,150,0.029493
77,151,0.060954
77,152,0.092055
77,153,0.055940
77,154,0.078125
77,155,0.109376
77,156,0.126101
77,157,0.142444
77,158,0.156497
77,159,0.177762
77,160,0.196381
77,161,0.194666
77,162,0.196658
77,163,0.192976
77,164,0.158254
77,165,0.191621
77,166,0.221090
77,167,0.179327
77,168,0.129128
77,169,0.127265
77,170,0.125262
77,171,0.151019
77,172,0.177167
77,173,0.154735
77,174,0.112870
77,175,0.104020
77,176,0.103561
77,177,0.143887
77,178,0.116003
77,179,0.075806
77,180,0.055947
77,181,0.087882
77,182,0.084703
77,183,0.098698
77,184,0.087064
77,185,0.145696
77,186,0.121044
77,187,0.166702
77,188,0.160125
77,189,0.218691
77,190,0.146726
77,191,0.026960
77,192,0.040161
78,1,0.068951
78,2,0.150915
78,3,0.180887
78,4,0.133565
78,5,0.190785
78,6,0.203314
78,7,0.143275
78,8,0.167035
78,9,0.249206
78,10,0.232271
78,11,0.239408
78,12,0.179636
78,13,0.073397
78,14,0.043577
78,15,0.140830
78,16,0.288311
78,17,0.519798
78,18,0.482689
78,19,0.473006
78,20,0.506797
78,21,0.507958
78,22,0.505938
78,23,0.385679
78,24,0.363595
78,25,0.276584
78,26,0.192961
78,27,0.152300
78,28,0.244094
78,29,0.226573
78,30,0.243703
78,31,0.186580
78,32,0.214716
78,33,0.104473
78,34,0.129508
78,35,0.207837
78,36,0.086130
78,37,0.023392
78,38,0.072438
78,39,0.166333
78,40,0.169849
78,41,0.291601
78,42,0.381539
78,43,0.523727
78,44,0.557629
78,45,0.596750
78,46,0.516704
78,47,0.451801
78,48,0.220691
78,49,0.144784
78,50,0.165654
78,51,0.099446
78,52,0.207335
78,53,0.107157
78,54,0.129880
78,55,0.250227
78,56,0.175143
78,57,0.182544
78,58,0.170020
78,59,0.245277
78,60,0.258729
78,61,0.246668
78,62,0.359488
78,63,0.410546
78,64,0.378141
78,65,0.232157
78,66,0.163118
78,67,0.118549
78,68,0.099763
78,69,0.068860
78,70,0.125281
78,71,0.281734
78,72,0.432972
78,73,0.496922
78,74,0.467721
78,75,0.541779
78,76,0.708062
78,77,0.632268
78,78,1.000000
78,79,0.796285
78,80,0.681365
78,81,0.650042
78,82,0.524344
78,83,0.524833
78,84,0.521151
78,85,0.446745
78,86,0.385175
78,87,0.411252
78,88,0.333774
78,89,0.298856
78,90,0.242918
78,91,0.167296
78,92,0.126051
78,93,0.136662
78,94,0.128520
78,95,0.188216
78,96,0.219481
78,97,0.332687
78,98,0.390162
78,99,0.479993
78,100,0.551436
78,101,0.554661
78,102,0.522966
78,103,0.411302
78,104,0.320261
78,105,0.460000
78,106,0.585638
78,107,0.654671
78,108,0.497452
78,109,0.459943
78,110,0.381158
78,111,0.242368
78,112,0.228316
78,113,0.002132
78,114,0.069049
78,115,0.068999
78,116,0.057780
78,117,0.063472
78,118,0.049137
78,119,0.053735
78,120,-0.024197
78,121,0.078944
78,122,0.041151
78,123,0.068679
78,124,0.182456
78,125,0.238002
78,126,0.187680
78,127,0.138501
78,128,0.073572
78,129,0.109761
78,130,0.058091
78,131,0.178724
78,132,0.064817
78,133,0.087420
78,134,0.134745
78,135,0.085451
78,136,0.085734
78,137,0.093102
78,138,0.043536
78,139,0.090346
78,140,0.133591
78,141,0.122094
78,142,0.152225
78,143,0.243500
78,144,0.271946
78,145,0.157542
78,146,0.271487
78,147,0.284683
78,148,-0.009751
78,149,0.057615
78,150,0.058092
78,151,0.108713
78,152,0.151726
78,153,0.092957
78,154,0.111744
78,155,0.151090
78,156,0.179228
78,157,0.189772
78,158,0.204672
78,159,0.260518
78,160,0.284347
78,161,0.288689
78,162,0.299893
78,163,0.288238
78,164,0.242565
78,165,0.282675
78,166,0.313564
78,167,0.247286
78,168,0.185773
78,169,0.190367
78,170,0.196542
78,171,0.242155
78,172,0.263510
78,173,0.291109
78,174,0.253596
78,175,0.216559
78,176,0.228490
78,177,0.274329
78,178,0.235643
78,179,0.206664
78,180,0.154528
78,181,0.166216
78,182,0.217633
78,183,0.234694
78,184,0.198606
78,185,0.215644
78,186,0.194190
78,187,0.229855
78,188,0.194516
78,189,0.213345
78,190,0.142622
78,191,0.025041
78,192,0.025005
79,1,0.048979
79,2,0.121704
79,3,0.149621
79,4,0.123149
79,5,0.153919
79,6,0.159609
79,7,0.098238
79,8,0.104260
79,9,0.182554
79,10,0.189403
79,11,0.210989
79,12,0.154595
79,13,0.079051
79,14,0.049114
79,15,0.122764
79,16,0.245428
79,17,0.427123
79,18,0.394334
79,19,0.385603
79,20,0.419707
79,21,0.415572
79,22,0.423518
79,23,0.331284
79,24,0.299721
79,25,0.227096
79,26,0.173310
79,27,0.146262
79,28,0.217663
79,29,0.203825
79,30,0.208707
79,31,0.129508
79,32,0.154773
79,33,0.072182
79,34,0.102583
79,35,0.144504
79,36,0.067400
79,37,0.018212
79,38,0.061078
79,39,0.135679
79,40,0.133021
79,41,0.268305
79,42,0.326479
79,43,0.431244
79,44,0.449917
79,45,0.488917
79,46,0.434550
79,47,0.371598
79,48,0.195114
79,49,0.135326
79,50,0.148059
79,51,0.099739
79,52,0.179930
79,53,0.098890
79,54,0.104612
79,55,0.222798
79,56,0.162958
79,57,0.169231
79,58,0.141951
79,59,0.201220
79,60,0.212601
79,61,0.197735
79,62,0.276797
79,63,0.334898
79,64,0.323550
79,65,0.192957
79,66,0.147112
79,67,0.103113
79,68,0.084522
79,69,0.052943
79,70,0.095052
79,71,0.232408
79,72,0.351605
79,73,0.387808
79,74,0.385463
79,75,0.437378
79,76,0.617574
79,77,0.605497
79,78,0.796285
79,79,1.000000
79,80,0.745557
79,81,0.680172
79,82,0.540591
79,83,0.504337
79,84,0.489997
79,85,0.413669
79,86,0.359482
79,87,0.382697
79,88,0.299760
79,89,0.255013
79,90,0.205689
79,91,0.144419
79,92,0.122909
79,93,0.157453
79,94,0.142750
79,95,0.180502
79,96,0.173815
79,97,0.294939
79,98,0.328962
79,99,0.381591
79,100,0.447317
79,101,0.446689
79,102,0.416355
79,103,0.328230
79,104,0.246470
79,105,0.355061
79,106,0.465010
79,107,0.531961
79,108,0.431777
79,109,0.385228
79,110,0.319249
79,111,0.190669
79,112,0.172998
79,113,-0.005803
79,114,0.042972
79,115,0.061516
79,116,0.054636
79,117,0.066179
79,118,0.045747
79,119,0.065892
79,120,0.001164
79,121,0.088302
79,122,0.031165
79,123,0.063363
79,124,0.152180
79,125,0.204334
79,126,0.154060
79,127,0.123014
79,128,0.076774
79,129,0.099654
79,130,0.046871
79,131,0.146873
79,132,0.055333
79,133,0.070536
79,134,0.111128
79,135,0.076643
79,136,0.093944
79,137,0.098172
79,138,0.073192
79,139,0.118242
79,140,0.125399
79,141,0.126215
79,142,0.177120
79,143,0.212224
79,144,0.229060
79,145,0.134845
79,146,0.234069
79,147,0.242506
79,148,-0.009098
79,149,0.069684
79,150,0.078561
79,151,0.116847
79,152,0.144827
79,153,0.089456
79,154,0.110684
79,155,0.150225
79,156,0.176121
79,157,0.173145
79,158,0.184208
79,159,0.238052
79,160,0.259283
79,161,0.264408
79,162,0.261080
79,163,0.254370
79,164,0.214238
79,165,0.246594
79,166,0.260828
79,167,0.208147
79,168,0.148315
79,169,0.124995
79,170,0.126198
79,171,0.186657
79,172,0.219175
79,173,0.243840
79,174,0.214892
79,175,0.200613
79,176,0.195501
79,177,0.232768
79,178,0.203891
79,179,0.173149
79,180,0.134048
79,181,0.152770
79,182,0.178043
79,183,0.215365
79,184,0.183466
79,185,0.209105
79,186,0.164484
79,187,0.191618
79,188,0.146179
79,189,0.163164
79,190,0.102535
79,191,0.017772
79,192,0.038318
80,1,0.072390
80,2,0.125703
80,3,0.152057
80,4,0.126601
80,5,0.135988
80,6,0.140985
80,7,0.082795
80,8,0.100229
80,9,0.167098
80,10,0.181272
80,11,0.201198
80,12,0.152035
80,13,0.079570
80,14,0.010464
80,15,0.072416
80,16,0.188759
80,17,0.411937
80,18,0.383607
80,19,0.379998
80,20,0.411051
80,21,0.402236
80,22,0.389747
80,23,0.304548
80,24,0.239420
80,25,0.149757
80,26,0.116452
80,27,0.120452
80,28,0.199982
80,29,0.180672
80,30,0.205958
80,31,0.096571
80,32,0.112779
80,33,0.056688
80,34,0.098977
80,35,0.145282
80,36,0.061799
80,37,0.028731
80,38,0.059420
80,39,0.124194
80,40,0.130383
80,41,0.237754
80,42,0.292996
80,43,0.401908
80,44,0.400135
80,45,0.416417
80,46,0.355819
80,47,0.309072
80,48,0.186767
80,49,0.141688
80,50,0.136993
80,51,0.095347
80,52,0.140001
80,53,0.076402
80,54,0.083585
80,55,0.195107
80,56,0.158523
80,57,0.165844
80,58,0.158797
80,59,0.204217
80,60,0.193198
80,61,0.149276
80,62,0.200600
80,63,0.252592
80,64,0.249754
80,65,0.154244
80,66,0.089088
80,67,0.072853
80,68,0.061785
80,69,0.040246
80,70,0.061976
80,71,0.162588
80,72,0.254543
80,73,0.300806
80,74,0.286331
80,75,0.361189
80,76,0.464230
80,77,0.507010
80,78,0.681365
80,79,0.745557
80,80,1.000000
80,81,0.637415
80,82,0.590335
80,83,0.585026
80,84,0.521532
80,85,0.449589
80,86,0.409268
80,87,0.410814
80,88,0.297756
80,89,0.229168
80,90,0.184244
80,91,0.124807
80,92,0.095469
80,93,0.107504
80,94,0.078956
80,95,0.109793
80,96,0.113761
80,97,0.228648
80,98,0.242213
80,99,0.297355
80,100,0.334440
80,101,0.334537
80,102,0.310844
80,103,0.226725
80,104,0.177466
80,105,0.282952
80,106,0.369173
80,107,0.424730
80,108,0.340086
80,109,0.299637
80,110,0.241269
80,111,0.140927
80,112,0.146812
80,113,0.009583
80,114,0.035529
80,115,0.058980
80,116,0.051934
80,117,0.054605
80,118,0.040358
80,119,0.063260
80,120,-0.005657
80,121,0.077363
80,122,0.029307
80,123,0.063093
80,124,0.147739
80,125,0.182310
80,126,0.141422
80,127,0.099496
80,128,0.045473
80,129,0.093827
80,130,0.033587
80,131,0.136951
80,132,0.038219
80,133,0.064378
80,134,0.108642
80,135,0.089944
80,136,0.110488
80,137,0.109085
80,138,0.074860
80,139,0.119748
80,140,0.129665
80,141,0.108417
80,142,0.122710
80,143,0.136668
80,144,0.153450
80,145,0.083833
80,146,0.146776
80,147,0.148323
80,148,-0.027710
80,149,0.031823
80,150,0.055979
80,151,0.109882
80,152,0.136289
80,153,0.087288
80,154,0.088862
80,155,0.125042
80,156,0.150884
80,157,0.154207
80,158,0.155980
80,159,0.207753
80,160,0.226171
80,161,0.220179
80,162,0.215728
80,163,0.224040
80,164,0.204420
80,165,0.215283
80,166,0.225073
80,167,0.187799
80,168,0.139807
80,169,0.110149
80,170,0.076395
80,171,0.176585
80,172,0.204721
80,173,0.224646
80,174,0.224036
80,175,0.233124
80,176,0.213189
80,177,0.212087
80,178,0.188464
80,179,0.148786
80,180,0.116649
80,181,0.138701
80,182,0.206722
80,183,0.277534
80,184,0.237367
80,185,0.285651
80,186,0.233400
80,187,0.279689
80,188,0.177142
80,189,0.175200
80,190,0.124700
80,191,0.031519
80,192,0.055872
81,1,0.036558
81,2,0.112718
81,3,0.141769
81,4,0.110979
81,5,0.155977
81,6,0.177329
81,7,0.133867
81,8,0.135918
81,9,0.205893
81,10,0.194842
81,11,0.202419
81,12,0.127318
81,13,0.061974
81,14,0.031099
81,15,0.141361
81,16,0.287433
81,17,0.447166
81,18,0.392794
81,19,0.378690
81,20,0.415984
81,21,0.430169
81,22,0.459264
81,23,0.389858
81,24,0.347581
81,25,0.274373
81,26,0.150278
81,27,0.110750
81,28,0.187225
81,29,0.172590
81,30,0.191728
81,31,0.148949
81,32,0.159301
81,33,0.097321
81,34,0.131591
81,35,0.161903
81,36,0.069897
81,37,-0.003033
81,38,0.046054
81,39,0.130355
81,40,0.160940
81,41,0.345886
81,42,0.404180
81,43,0.518540
81,44,0.482341
81,45,0.522653
81,46,0.490989
81,47,0.408691
81,48,0.196530
81,49,0.114825
81,50,0.125392
81,51,0.068277
81,52,0.111895
81,53,0.085996
81,54,0.090734
81,55,0.171426
81,56,0.130884
81,57,0.143414
81,58,0.159858
81,59,0.193315
81,60,0.197493
81,61,0.189642
81,62,0.287998
81,63,0.333472
81,64,0.310079
81,65,0.207133
81,66,0.152264
81,67,0.116006
81,68,0.108437
81,69,0.060777
81,70,0.107592
81,71,0.213297
81,72,0.315618
81,73,0.350674
81,74,0.318474
81,75,0.342098
81,76,0.467232
81,77,0.423277
81,78,0.650042
81,79,0.680172
81,80,0.637415
81,81,1.000000
81,82,0.720693
81,83,0.655218
81,84,0.658198
81,85,0.559011
81,86,0.478538
81,87,0.469814
81,88,0.392075
81,89,0.333668
81,90,0.279443
81,91,0.203171
81,92,0.152191
81,93,0.160046
81,94,0.126318
81,95,0.172330
81,96,0.181290
81,97,0.303501
81,98,0.322655
81,99,0.376369
81,100,0.406916
81,101,0.415962
81,102,0.377403
81,103,0.303162
81,104,0.202500
81,105,0.313157
81,106,0.424308
81,107,0.483230
81,108,0.444839
81,109,0.404290
81,110,0.333142
81,111,0.212082
81,112,0.175686
81,113,0.031695
81,114,0.077009
81,115,0.068354
81,116,0.035500
81,117,0.023553
81,118,0.028234
81,119,0.039434
81,120,-0.005401
81,121,0.081750
81,122,0.037495
81,123,0.063427
81,124,0.176371
81,125,0.232537
81,126,0.182866
81,127,0.139324
81,128,0.076539
81,129,0.080690
81,130,0.048034
81,131,0.157299
81,132,0.108721
81,133,0.154037
81,134,0.181875
81,135,0.131780
81,136,0.171672
81,137,0.140683
81,138,0.059247
81,139,0.062476
81,140,0.099111
81,141,0.118659
81,142,0.124390
81,143,0.167790
81,144,0.225161
81,145,0.151562
81,146,0.222987
81,147,0.232975
81,148,-0.011940
81,149,0.067317
81,150,0.078934
81,151,0.130817
81,152,0.165392
81,153,0.097626
81,154,0.112181
81,155,0.151901
81,156,0.182349
81,157,0.184361
81,158,0.186478
81,159,0.235746
81,160,0.277210
81,161,0.264938
81,162,0.285243
81,163,0.285056
81,164,0.227915
81,165,0.258118
81,166,0.265602
81,167,0.182076
81,168,0.130773
81,169,0.080352
81,170,0.107043
81,171,0.166658
81,172,0.215387
81,173,0.262486
81,174,0.255283
81,175,0.246951
81,176,0.235570
81,177,0.294746
81,178,0.260206
81,179,0.233186
81,180,0.185177
81,181,0.213564
81,182,0.277474
81,183,0.295087
81,184,0.263018
81,185,0.269222
81,186,0.193898
81,187,0.193076
81,188,0.122739
81,189,0.118409
81,190,0.079698
81,191,0.027965
81,192,0.056502
82,1,0.017470
82,2,0.083899
82,3,0.102641
82,4,0.073658
82,5,0.130079
82,6,0.141842
82,7,0.115021
82,8,0.124993
82,9,0.173402
82,10,0.155460
82,11,0.151575
82,12,0.110617
82,13,0.069789
82,14,0.021098
82,15,0.111752
82,16,0.227476
82,17,0.382424
82,18,0.337312
82,19,0.325991
82,20,0.357414
82,21,0.355771
82,22,0.373257
82,23,0.331104
82,24,0.270067
82,25,0.195331
82,26,0.085032
82,27,0.079733
82,28,0.150462
82,29,0.146335
82,30,0.178397
82,31,0.111188
82,32,0.115729
82,33,0.086120
82,34,0.142028
82,35,0.143246
82,36,0.077216
82,37,0.028375
82,38,0.074193
82,39,0.102530
82,40,0.106257
82,41,0.272460
82,42,0.325554
82,43,0.435111
82,44,0.414858
82,45,0.468147
82,46,0.412719
82,47,0.345644
82,48,0.194323
82,49,0.097329
82,50,0.097692
82,51,0.058667
82,52,0.086804
82,53,0.073576
82,54,0.088588
82,55,0.166860
82,56,0.124318
82,57,0.131241
82,58,0.144286
82,59,0.180316
82,60,0.158309
82,61,0.141975
82,62,0.222201
82,63,0.276114
82,64,0.272879
82,65,0.196330
82,66,0.144745
82,67,0.119513
82,68,0.144155
82,69,0.114457
82,70,0.139395
82,71,0.215287
82,72,0.240106
82,73,0.275299
82,74,0.238937
82,75,0.248852
82,76,0.366139
82,77,0.321450
82,78,0.524344
82,79,0.540591
82,80,0.590335
82,81,0.720693
82,82,1.000000
82,83,0.795679
82,84,0.711172
82,85,0.685588
82,86,0.609943
82,87,0.541439
82,88,0.459309
82,89,0.361265
82,90,0.327525
82,91,0.230806
82,92,0.191400
82,93,0.188512
82,94,0.127052
82,95,0.167268
82,96,0.153890
82,97,0.265512
82,98,0.295862
82,99,0.320895
82,100,0.326146
82,101,0.342806
82,102,0.308261
82,103,0.257983
82,104,0.150165
82,105,0.245147
82,106,0.338982
82,107,0.405820
82,108,0.383322
82,109,0.339234
82,110,0.280115
82,111,0.168705
82,112,0.169408
82,113,0.040618
82,114,0.058552
82,115,0.063017
82,116,0.031648
82,117,0.016197
82,118,0.019286
82,119,0.047672
82,120,0.029025
82,121,0.088217
82,122,0.035340
82,123,0.081128
82,124,0.170470
82,125,0.219582
82,126,0.189307
82,127,0.159194
82,128,0.090114
82,129,0.117370
82,130,0.068082
82,131,0.164550
82,132,0.114402
82,133,0.158250
82,134,0.174130
82,135,0.162784
82,136,0.230542
82,137,0.137423
82,138,0.069076
82,139,0.069122
82,140,0.088582
82,141,0.084548
82,142,0.084202
82,143,0.089753
82,144,0.145291
82,145,0.114289
82,146,0.159326
82,147,0.170126
82,148,-0.018191
82,149,0.058745
82,150,0.085163
82,151,0.110801
82,152,0.148009
82,153,0.104916
82,154,0.117860
82,155,0.137719
82,156,0.148450
82,157,0.178827
82,158,0.184814
82,159,0.208676
82,160,0.247677
82,161,0.234953
82,162,0.258919
82,163,0.264398
82,164,0.217838
82,165,0.226148
82,166,0.220878
82,167,0.188164
82,168,0.136083
82,169,0.095187
82,170,0.075544
82,171,0.096967
82,172,0.155474
82,173,0.208018
82,174,0.225276
82,175,0.205247
82,176,0.195743
82,177,0.245666
82,178,0.229813
82,179,0.198705
82,180,0.167116
82,181,0.201541
82,182,0.262868
82,183,0.307471
82,184,0.293385
82,185,0.276650
82,186,0.186729
82,187,0.176685
82,188,0.103055
82,189,0.082816
82,190,0.064552
82,191,0.069249
82,192,0.058972
83,1,0.053736
83,2,0.125396
83,3,0.146297
83,4,0.098146
83,5,0.151876
83,6,0.171161
83,7,0.155972
83,8,0.172641
83,9,0.213646
83,10,0.202665
83,11,0.195688
83,12,0.154390
83,13,0.107085
83,14,0.041473
83,15,0.138471
83,16,0.265797
83,17,0.408379
83,18,0.346386
83,19,0.342376
83,20,0.394762
83,21,0.400270
83,22,0.417168
83,23,0.367650
83,24,0.298738
83,25,0.224423
83,26,0.119797
83,27,0.111093
83,28,0.190553
83,29,0.197494
83,30,0.225288
83,31,0.164445
83,32,0.145897
83,33,0.085216
83,34,0.150286
83,35,0.157664
83,36,0.119113
83,37,0.094026
83,38,0.080802
83,39,0.107317
83,40,0.130056
83,41,0.293033
83,42,0.360104
83,43,0.454694
83,44,0.406347
83,45,0.435125
83,46,0.391713
83,47,0.338746
83,48,0.199665
83,49,0.111089
83,50,0.111787
83,51,0.070884
83,52,0.087112
83,53,0.092569
83,54,0.107219
83,55,0.184499
83,56,0.172042
83,57,0.158533
83,58,0.178975
83,59,0.204125
83,60,0.183500
83,61,0.148961
83,62,0.208193
83,63,0.272327
83,64,0.274182
83,65,0.206950
83,66,0.151826
83,67,0.135353
83,68,0.165081
83,69,0.077312
83,70,0.105015
83,71,0.186014
83,72,0.245204
83,73,0.297497
83,74,0.253043
83,75,0.262212
83,76,0.365986
83,77,0.311758
83,78,0.524833
83,79,0.504337
83,80,0.585026
83,81,0.655218
83,82,0.795679
83,83,1.000000
83,84,0.834186
83,85,0.739183
83,86,0.715491
83,87,0.685060
83,88,0.542927
83,89,0.455301
83,90,0.383965
83,91,0.282425
83,92,0.166533
83,93,0.154730
83,94,0.112262
83,95,0.156871
83,96,0.153815
83,97,0.242986
83,98,0.286398
83,99,0.307582
83,100,0.310462
83,101,0.328035
83,102,0.309617
83,103,0.251477
83,104,0.149505
83,105,0.246039
83,106,0.337365
83,107,0.388353
83,108,0.369200
83,109,0.317329
83,110,0.242816
83,111,0.151338
83,112,0.143157
83,113,0.073271
83,114,0.076748
83,115,0.097635
83,116,0.048837
83,117,0.030779
83,118,0.023888
83,119,0.082825
83,120,0.019898
83,121,0.110809
83,122,0.044477
83,123,0.076307
83,124,0.136978
83,125,0.218330
83,126,0.181357
83,127,0.135394
83,128,0.078300
83,129,0.101971
83,130,0.061429
83,131,0.178105
83,132,0.111514
83,133,0.169210
83,134,0.198149
83,135,0.166175
83,136,0.239282
83,137,0.160322
83,138,0.068127
83,139,0.074903
83,140,0.109348
83,141,0.110987
83,142,0.095466
83,143,0.095440
83,144,0.169644
83,145,0.145593
83,146,0.168444
83,147,0.165433
83,148,-0.039138
83,149,0.063454
83,150,0.116719
83,151,0.161776
83,152,0.195226
83,153,0.148933
83,154,0.158326
83,155,0.167686
83,156,0.187876
83,157,0.210098
83,158,0.196085
83,159,0.230840
83,160,0.282124
83,161,0.250819
83,162,0.284753
83,163,0.294544
83,164,0.252477
83,165,0.261154
83,166,0.257516
83,167,0.225383
83,168,0.180227
83,169,0.132432
83,170,0.091549
83,171,0.135361
83,172,0.198783
83,173,0.253691
83,174,0.260338
83,175,0.242369
83,176,0.240530
83,177,0.284791
83,178,0.276811
83,179,0.247950
83,180,0.206403
83,181,0.227978
83,182,0.318301
83,183,0.362460
83,184,0.353168
83,185,0.349383
83,186,0.238862
83,187,0.211172
83,188,0.114975
83,189,0.079142
83,190,0.065811
83,191,0.050444
83,192,0.063749
84,1,0.042146
84,2,0.124259
84,3,0.163825
84,4,0.120924
84,5,0.166475
84,6,0.185249
84,7,0.167567
84,8,0.177408
84,9,0.228756
84,10,0.218643
84,11,0.209629
84,12,0.145613
84,13,0.092723
84,14,0.063201
84,15,0.174163
84,16,0.308002
84,17,0.418893
84,18,0.350558
84,19,0.343834
84,20,0.404731
84,21,0.422710
84,22,0.455720
84,23,0.409300
84,24,0.347375
84,25,0.272866
84,26,0.141153
84,27,0.110301
84,28,0.191505
84,29,0.190924
84,30,0.220540
84,31,0.182490
84,32,0.186648
84,33,0.090380
84,34,0.144136
84,35,0.158827
84,36,0.100517
84,37,0.067983
84,38,0.070461
84,39,0.115983
84,40,0.152497
84,41,0.363441
84,42,0.436947
84,43,0.535292
84,44,0.482233
84,45,0.503624
84,46,0.460166
84,47,0.389674
84,48,0.213129
84,49,0.113815
84,50,0.121369
84,51,0.071943
84,52,0.102754
84,53,0.086537
84,54,0.103112
84,55,0.178635
84,56,0.157674
84,57,0.153892
84,58,0.179428
84,59,0.206145
84,60,0.198560
84,61,0.170825
84,62,0.263838
84,63,0.326435
84,64,0.321971
84,65,0.236168
84,66,0.188111
84,67,0.155091
84,68,0.165049
84,69,0.061568
84,70,0.101047
84,71,0.217924
84,72,0.293656
84,73,0.328111
84,74,0.286972
84,75,0.271261
84,76,0.396152
84,77,0.319206
84,78,0.521151
84,79,0.489997
84,80,0.521532
84,81,0.658198
84,82,0.711172
84,83,0.834186
84,84,1.000000
84,85,0.844052
84,86,0.709216
84,87,0.709998
84,88,0.619335
84,89,0.535567
84,90,0.437938
84,91,0.326795
84,92,0.202899
84,93,0.183530
84,94,0.122555
84,95,0.190059
84,96,0.187188
84,97,0.274949
84,98,0.337089
84,99,0.369083
84,100,0.386451
84,101,0.398672
84,102,0.377918
84,103,0.319580
84,104,0.175657
84,105,0.285199
84,106,0.399024
84,107,0.444769
84,108,0.429401
84,109,0.374413
84,110,0.294434
84,111,0.191262
84,112,0.157689
84,113,0.089582
84,114,0.115731
84,115,0.131368
84,116,0.083878
84,117,0.053201
84,118,0.040311
84,119,0.074749
84,120,0.021097
84,121,0.111966
84,122,0.047335
84,123,0.077738
84,124,0.174422
84,125,0.258513
84,126,0.211296
84,127,0.165259
84,128,0.102915
84,129,0.114969
84,130,0.083795
84,131,0.190681
84,132,0.145594
84,133,0.207563
84,134,0.229748
84,135,0.177937
84,136,0.230040
84,137,0.142724
84,138,0.050442
84,139,0.041098
84,140,0.094539
84,141,0.115501
84,142,0.105343
84,143,0.124566
84,144,0.213330
84,145,0.181285
84,146,0.218553
84,147,0.219259
84,148,-0.024553
84,149,0.064199
84,150,0.114890
84,151,0.157066
84,152,0.187261
84,153,0.143818
84,154,0.162389
84,155,0.182726
84,156,0.205426
84,157,0.218947
84,158,0.214082
84,159,0.259329
84,160,0.300817
84,161,0.275996
84,162,0.311596
84,163,0.309691
84,164,0.243661
84,165,0.264407
84,166,0.276256
84,167,0.209667
84,168,0.153046
84,169,0.099250
84,170,0.104525
84,171,0.146465
84,172,0.220365
84,173,0.262071
84,174,0.268676
84,175,0.243248
84,176,0.240911
84,177,0.319030
84,178,0.311232
84,179,0.281205
84,180,0.222743
84,181,0.238383
84,182,0.310967
84,183,0.312784
84,184,0.273809
84,185,0.270122
84,186,0.190465
84,187,0.160684
84,188,0.102698
84,189,0.062394
84,190,0.044696
84,191,0.030137
84,192,0.051279
85,1,0.013591
85,2,0.082716
85,3,0.125675
85,4,0.099442
85,5,0.156534
85,6,0.176701
85,7,0.158411
85,8,0.174582
85,9,0.207759
85,10,0.199093
85,11,0.177891
85,12,0.114307
85,13,0.069763
85,14,0.043961
85,15,0.153835
85,16,0.258279
85,17,0.366956
85,18,0.315903
85,19,0.310543
85,20,0.356521
85,21,0.357399
85,22,0.385668
85,23,0.362303
85,24,0.316331
85,25,0.248480
85,26,0.102986
85,27,0.078790
85,28,0.154907
85,29,0.166887
85,30,0.185443
85,31,0.168599
85,32,0.161119
85,33,0.089804
85,34,0.144124
85,35,0.150974
85,36,0.100870
85,37,0.053757
85,38,0.088653
85,39,0.118510
85,40,0.164418
85,41,0.336239
85,42,0.398327
85,43,0.478230
85,44,0.431358
85,45,0.450554
85,46,0.426932
85,47,0.361892
85,48,0.200915
85,49,0.095411
85,50,0.110314
85,51,0.065798
85,52,0.085617
85,53,0.067968
85,54,0.085755
85,55,0.156746
85,56,0.141168
85,57,0.129710
85,58,0.153969
85,59,0.175495
85,60,0.153023
85,61,0.135206
85,62,0.229448
85,63,0.279891
85,64,0.292407
85,65,0.205981
85,66,0.181945
85,67,0.154478
85,68,0.188933
85,69,0.087904
85,70,0.121792
85,71,0.219974
85,72,0.281756
85,73,0.309026
85,74,0.272491
85,75,0.259541
85,76,0.348427
85,77,0.279130
85,78,0.446745
85,79,0.413669
85,80,0.449589
85,81,0.559011
85,82,0.685588
85,83,0.739183
85,84,0.844052
85,85,1.000000
85,86,0.799849
85,87,0.720082
85,88,0.698304
85,89,0.547703
85,90,0.462460
85,91,0.351695
85,92,0.258973
85,93,0.200787
85,94,0.126466
85,95,0.173104
85,96,0.162531
85,97,0.255494
85,98,0.294314
85,99,0.329114
85,100,0.339647
85,101,0.358915
85,102,0.336286
85,103,0.287610
85,104,0.166869
85,105,0.256221
85,106,0.352708
85,107,0.389075
85,108,0.389756
85,109,0.350604
85,110,0.287430
85,111,0.186705
85,112,0.148477
85,113,0.075291
85,114,0.100940
85,115,0.117079
85,116,0.060648
85,117,0.030492
85,118,0.013700
85,119,0.067796
85,120,0.020246
85,121,0.107646
85,122,0.052148
85,123,0.084244
85,124,0.169979
85,125,0.236853
85,126,0.197643
85,127,0.169055
85,128,0.100417
85,129,0.102369
85,130,0.084954
85,131,0.192127
85,132,0.163798
85,133,0.210558
85,134,0.197856
85,135,0.189747
85,136,0.261458
85,137,0.147836
85,138,0.074378
85,139,0.058946
85,140,0.094341
85,141,0.105158
85,142,0.080302
85,143,0.104345
85,144,0.186227
85,145,0.155471
85,146,0.185807
85,147,0.196239
85,148,-0.002872
85,149,0.076224
85,150,0.120780
85,151,0.146347
85,152,0.163466
85,153,0.118973
85,154,0.127017
85,155,0.134492
85,156,0.154804
85,157,0.185430
85,158,0.190464
85,159,0.224963
85,160,0.262255
85,161,0.241744
85,162,0.280465
85,163,0.273241
85,164,0.221081
85,165,0.242714
85,166,0.235454
85,167,0.201208
85,168,0.151000
85,169,0.098858
85,170,0.072041
85,171,0.098196
85,172,0.177996
85,173,0.211641
85,174,0.215157
85,175,0.204709
85,176,0.206090
85,177,0.283781
85,178,0.269216
85,179,0.243554
85,180,0.187452
85,181,0.189674
85,182,0.255805
85,183,0.267348
85,184,0.245919
85,185,0.236405
85,186,0.146040
85,187,0.108076
85,188,0.069080
85,189,0.044676
85,190,0.038625
85,191,0.053703
85,192,0.070573
86,1,0.004359
86,2,0.049738
86,3,0.108007
86,4,0.087457
86,5,0.118089
86,6,0.145800
86,7,0.131402
86,8,0.168176
86,9,0.171463
86,10,0.167701
86,11,0.152964
86,12,0.110052
86,13,0.079789
86,14,0.040830
86,15,0.138537
86,16,0.221469
86,17,0.288280
86,18,0.239750
86,19,0.240252
86,20,0.294752
86,21,0.293858
86,22,0.343986
86,23,0.316795
86,24,0.254552
86,25,0.210760
86,26,0.098048
86,27,0.096575
86,28,0.155405
86,29,0.163175
86,30,0.170179
86,31,0.138381
86,32,0.125903
86,33,0.060585
86,34,0.117065
86,35,0.120360
86,36,0.137079
86,37,0.113758
86,38,0.070037
86,39,0.082794
86,40,0.106870
86,41,0.283207
86,42,0.344616
86,43,0.403972
86,44,0.346115
86,45,0.366777
86,46,0.344847
86,47,0.281987
86,48,0.171334
86,49,0.102775
86,50,0.094285
86,51,0.079315
86,52,0.063248
86,53,0.037770
86,54,0.071571
86,55,0.114397
86,56,0.138075
86,57,0.140963
86,58,0.162258
86,59,0.166330
86,60,0.139810
86,61,0.099672
86,62,0.145593
86,63,0.203939
86,64,0.221320
86,65,0.169763
86,66,0.171458
86,67,0.157584
86,68,0.181627
86,69,0.082089
86,70,0.104043
86,71,0.186609
86,72,0.208489
86,73,0.238528
86,74,0.231230
86,75,0.202885
86,76,0.296521
86,77,0.229341
86,78,0.385175
86,79,0.359482
86,80,0.409268
86,81,0.478538
86,82,0.609943
86,83,0.715491
86,84,0.709216
86,85,0.799849
86,86,1.000000
86,87,0.832924
86,88,0.663544
86,89,0.509694
86,90,0.416869
86,91,0.302609
86,92,0.179819
86,93,0.132367
86,94,0.089388
86,95,0.124819
86,96,0.105238
86,97,0.168230
86,98,0.228428
86,99,0.243731
86,100,0.248169
86,101,0.269687
86,102,0.264989
86,103,0.231028
86,104,0.132579
86,105,0.205882
86,106,0.285423
86,107,0.303155
86,108,0.313303
86,109,0.256794
86,110,0.195192
86,111,0.111858
86,112,0.083311
86,113,0.110015
86,114,0.098817
86,115,0.117099
86,116,0.072116
86,117,0.065017
86,118,0.026746
86,119,0.096957
86,120,0.004251
86,121,0.109288
86,122,0.058896
86,123,0.089870
86,124,0.133692
86,125,0.210292
86,126,0.172053
86,127,0.140111
86,128,0.095299
86,129,0.082265
86,130,0.056712
86,131,0.169425
86,132,0.123044
86,133,0.188470
86,134,0.203072
86,135,0.181951
86,136,0.237839
86,137,0.159802
86,138,0.083004
86,139,0.060064
86,140,0.077562
86,141,0.121112
86,142,0.080024
86,143,0.060019
86,144,0.128181
86,145,0.113417
86,146,0.124201
86,147,0.135976
86,148,-0.024756
86,149,0.065081
86,150,0.145428
86,151,0.185824
86,152,0.209308
86,153,0.152849
86,154,0.164545
86,155,0.146943
86,156,0.168813
86,157,0.189393
86,158,0.169153
86,159,0.204512
86,160,0.260352
86,161,0.212012
86,162,0.269796
86,163,0.272141
86,164,0.237916
86,165,0.221551
86,166,0.200837
86,167,0.196835
86,168,0.151650
86,169,0.091981
86,170,0.008994
86,171,0.050243
86,172,0.120819
86,173,0.175099
86,174,0.186529
86,175,0.173986
86,176,0.184118
86,177,0.270596
86,178,0.267498
86,179,0.261796
86,180,0.212612
86,181,0.186381
86,182,0.253516
86,183,0.280758
86,184,0.290215
86,185,0.269144
86,186,0.159602
86,187,0.100369
86,188,0.041604
86,189,0.006719
86,190,0.015849
86,191,0.068409
86,192,0.088202
87,1,0.011011
87,2,0.078998
87,3,0.143633
87,4,0.099236
87,5,0.151187
87,6,0.170903
87,7,0.157858
87,8,0.194252
87,9,0.205350
87,10,0.208292
87,11,0.196107
87,12,0.133040
87,13,0.098518
87,14,0.053916
87,15,0.152463
87,16,0.251280
87,17,0.308003
87,18,0.253376
87,19,0.248208
87,20,0.314306
87,21,0.320889
87,22,0.379381
87,23,0.338264
87,24,0.293784
87,25,0.240551
87,26,0.126277
87,27,0.109133
87,28,0.183902
87,29,0.194453
87,30,0.205577
87,31,0.170414
87,32,0.165058
87,33,0.087630
87,34,0.129089
87,35,0.135144
87,36,0.136846
87,37,0.122043
87,38,0.077564
87,39,0.100332
87,40,0.134412
87,41,0.300958
87,42,0.355303
87,43,0.421180
87,44,0.366558
87,45,0.379364
87,46,0.340597
87,47,0.274413
87,48,0.184012
87,49,0.101942
87,50,0.104653
87,51,0.082071
87,52,0.098216
87,53,0.036565
87,54,0.093952
87,55,0.153371
87,56,0.161697
87,57,0.160638
87,58,0.164959
87,59,0.174391
87,60,0.165702
87,61,0.111810
87,62,0.158635
87,63,0.210941
87,64,0.217691
87,65,0.178929
87,66,0.183804
87,67,0.151180
87,68,0.161859
87,69,0.072505
87,70,0.095937
87,71,0.199627
87,72,0.239065
87,73,0.262139
87,74,0.252679
87,75,0.230060
87,76,0.323820
87,77,0.263480
87,78,0.411252
87,79,0.382697
87,80,0.410814
87,81,0.469814
87,82,0.541439
87,83,0.685060
87,84,0.709998
87,85,0.720082
87,86,0.832924
87,87,1.000000
87,88,0.662738
87,89,0.531839
87,90,0.410831
87,91,0.306177
87,92,0.173192
87,93,0.122273
87,94,0.078604
87,95,0.120418
87,96,0.103193
87,97,0.171878
87,98,0.225995
87,99,0.241173
87,100,0.249589
87,101,0.273169
87,102,0.276929
87,103,0.242683
87,104,0.142589
87,105,0.226404
87,106,0.309802
87,107,0.316036
87,108,0.321043
87,109,0.272782
87,110,0.219432
87,111,0.143181
87,112,0.102168
87,113,0.099685
87,114,0.101346
87,115,0.123249
87,116,0.074734
87,117,0.066336
87,118,0.016715
87,119,0.099448
87,120,0.000652
87,121,0.119999
87,122,0.062589
87,123,0.077124
87,124,0.138565
87,125,0.218183
87,126,0.171731
87,127,0.129726
87,128,0.099924
87,129,0.081649
87,130,0.063069
87,131,0.199941
87,132,0.139664
87,133,0.200641
87,134,0.205005
87,135,0.173271
87,136,0.197680
87,137,0.157996
87,138,0.070668
87,139,0.044977
87,140,0.092208
87,141,0.137919
87,142,0.089505
87,143,0.085243
87,144,0.151564
87,145,0.128400
87,146,0.142382
87,147,0.144004
87,148,-0.004764
87,149,0.088243
87,150,0.156958
87,151,0.206700
87,152,0.224829
87,153,0.161975
87,154,0.168704
87,155,0.153772
87,156,0.187501
87,157,0.198802
87,158,0.171700
87,159,0.206854
87,160,0.265822
87,161,0.213560
87,162,0.280150
87,163,0.278148
87,164,0.236951
87,165,0.228957
87,166,0.199774
87,167,0.202339
87,168,0.159323
87,169,0.104433
87,170,0.038481
87,171,0.071761
87,172,0.141038
87,173,0.185847
87,174,0.186470
87,175,0.178072
87,176,0.196440
87,177,0.288087
87,178,0.284639
87,179,0.277383
87,180,0.219845
87,181,0.191128
87,182,0.251108
87,183,0.263890
87,184,0.258159
87,185,0.241739
87,186,0.132992
87,187,0.086288
87,188,0.041454
87,189,0.008025
87,190,0.007621
87,191,0.048495
87,192,0.073748
88,1,0.017610
88,2,0.070455
88,3,0.119572
88,4,0.101147
88,5,0.161123
88,6,0.193093
88,7,0.188888
88,8,0.219050
88,9,0.228407
88,10,0.217433
88,11,0.177839
88,12,0.101221
88,13,0.063977
88,14,0.070287
88,15,0.171354
88,16,0.252702
88,17,0.278945
88,18,0.219961
88,19,0.212213
88,20,0.269176
88,21,0.281278
88,22,0.336063
88,23,0.320696
88,24,0.297720
88,25,0.257823
88,26,0.098515
88,27,0.062868
88,28,0.138214
88,29,0.169977
88,30,0.194603
88,31,0.219653
88,32,0.195028
88,33,0.144628
88,34,0.182331
88,35,0.136183
88,36,0.128064
88,37,0.075786
88,38,0.091134
88,39,0.091463
88,40,0.141363
88,41,0.293189
88,42,0.338341
88,43,0.400551
88,44,0.347134
88,45,0.362675
88,46,0.338975
88,47,0.273286
88,48,0.167824
88,49,0.072964
88,50,0.088425
88,51,0.071344
88,52,0.084845
88,53,0.048914
88,54,0.095945
88,55,0.138612
88,56,0.140494
88,57,0.113474
88,58,0.120177
88,59,0.122989
88,60,0.122787
88,61,0.111947
88,62,0.201122
88,63,0.233178
88,64,0.252850
88,65,0.187407
88,66,0.184342
88,67,0.147897
88,68,0.175040
88,69,0.050160
88,70,0.084395
88,71,0.172980
88,72,0.249631
88,73,0.272409
88,74,0.232080
88,75,0.205946
88,76,0.283061
88,77,0.190102
88,78,0.333774
88,79,0.299760
88,80,0.297756
88,81,0.392075
88,82,0.459309
88,83,0.542927
88,84,0.619335
88,85,0.698304
88,86,0.663544
88,87,0.662738
88,88,1.000000
88,89,0.767150
88,90,0.536345
88,91,0.402541
88,92,0.249525
88,93,0.177038
88,94,0.111998
88,95,0.153550
88,96,0.128082
88,97,0.194926
88,98,0.246608
88,99,0.266407
88,100,0.273910
88,101,0.295855
88,102,0.290005
88,103,0.268855
88,104,0.142976
88,105,0.219848
88,106,0.299727
88,107,0.309069
88,108,0.330944
88,109,0.299940
88,110,0.249139
88,111,0.180909
88,112,0.098999
88,113,0.105371
88,114,0.130506
88,115,0.137464
88,116,0.067579
88,117,0.055522
88,118,0.000693
88,119,0.065473
88,120,-0.007009
88,121,0.103833
88,122,0.067724
88,123,0.062489
88,124,0.135970
88,125,0.211099
88,126,0.180924
88,127,0.138534
88,128,0.085847
88,129,0.077547
88,130,0.062541
88,131,0.228084
88,132,0.216884
88,133,0.235469
88,134,0.188163
88,135,0.187690
88,136,0.262859
88,137,0.160171
88,138,0.071057
88,139,0.030081
88,140,0.083335
88,141,0.108860
88,142,0.076601
88,143,0.089660
88,144,0.171105
88,145,0.143585
88,146,0.155522
88,147,0.166306
88,148,-0.002925
88,149,0.081686
88,150,0.126127
88,151,0.160816
88,152,0.176420
88,153,0.127410
88,154,0.125129
88,155,0.126309
88,156,0.150495
88,157,0.160293
88,158,0.143032
88,159,0.178778
88,160,0.232698
88,161,0.196942
88,162,0.242043
88,163,0.235338
88,164,0.189527
88,165,0.193749
88,166,0.181137
88,167,0.165560
88,168,0.127620
88,169,0.067058
88,170,0.035970
88,171,0.048763
88,172,0.127092
88,173,0.159606
88,174,0.164166
88,175,0.142006
88,176,0.177909
88,177,0.267746
88,178,0.271810
88,179,0.262664
88,180,0.211738
88,181,0.186189
88,182,0.215048
88,183,0.196027
88,184,0.201567
88,185,0.175332
88,186,0.100843
88,187,0.039796
88,188,0.014334
88,189,-0.018525
88,190,-0.003940
88,191,0.033558
88,192,0.046678
89,1,0.017001
89,2,0.089338
89,3,0.129435
89,4,0.104235
89,5,0.161774
89,6,0.192021
89,7,0.192339
89,8,0.207285
89,9,0.219193
89,10,0.217597
89,11,0.183934
89,12,0.098045
89,13,0.070165
89,14,0.099303
89,15,0.194151
89,16,0.259392
89,17,0.239727
89,18,0.173918
89,19,0.159753
89,20,0.226999
89,21,0.252655
89,22,0.332580
89,23,0.313049
89,24,0.300269
89,25,0.283506
89,26,0.130609
89,27,0.070570
89,28,0.137009
89,29,0.162652
89,30,0.184322
89,31,0.260607
89,32,0.242979
89,33,0.140293
89,34,0.185929
89,35,0.115868
89,36,0.138039
89,37,0.062248
89,38,0.022507
89,39,0.091902
89,40,0.159464
89,41,0.266341
89,42,0.309584
89,43,0.370046
89,44,0.326119
89,45,0.359131
89,46,0.333027
89,47,0.273605
89,48,0.136584
89,49,0.022602
89,50,0.064118
89,51,0.070883
89,52,0.069382
89,53,0.036634
89,54,0.079554
89,55,0.111964
89,56,0.124952
89,57,0.089145
89,58,0.097295
89,59,0.112567
89,60,0.143730
89,61,0.157644
89,62,0.263978
89,63,0.279162
89,64,0.269653
89,65,0.237315
89,66,0.209392
89,67,0.174963
89,68,0.172318
89,69,0.001199
89,70,0.048818
89,71,0.162071
89,72,0.231600
89,73,0.241547
89,74,0.223223
89,75,0.163901
89,76,0.270648
89,77,0.158486
89,78,0.298856
89,79,0.255013
89,80,0.229168
89,81,0.333668
89,82,0.361265
89,83,0.455301
89,84,0.535567
89,85,0.547703
89,86,0.509694
89,87,0.531839
89,88,0.767150
89,89,1.000000
89,90,0.708401
89,91,0.521663
89,92,0.293110
89,93,0.232711
89,94,0.148264
89,95,0.182082
89,96,0.168677
89,97,0.225358
89,98,0.294721
89,99,0.307805
89,100,0.312328
89,101,0.322496
89,102,0.304989
89,103,0.284049
89,104,0.146311
89,105,0.224799
89,106,0.306679
89,107,0.321828
89,108,0.347704
89,109,0.330974
89,110,0.247213
89,111,0.206922
89,112,0.050086
89,113,0.086220
89,114,0.153776
89,115,0.150229
89,116,0.089867
89,117,0.081485
89,118,0.021961
89,119,0.068425
89,120,-0.011160
89,121,0.097976
89,122,0.071312
89,123,0.050722
89,124,0.131500
89,125,0.219601
89,126,0.178385
89,127,0.132597
89,128,0.066746
89,129,0.087837
89,130,0.037720
89,131,0.221959
89,132,0.233671
89,133,0.244430
89,134,0.206709
89,135,0.171322
89,136,0.325354
89,137,0.166545
89,138,0.071466
89,139,0.018160
89,140,0.077255
89,141,0.122728
89,142,0.110789
89,143,0.129990
89,144,0.207837
89,145,0.160264
89,146,0.192606
89,147,0.204156
89,148,0.019924
89,149,0.086608
89,150,0.103695
89,151,0.131353
89,152,0.157479
89,153,0.115179
89,154,0.146654
89,155,0.138966
89,156,0.164313
89,157,0.168622
89,158,0.153288
89,159,0.190263
89,160,0.247228
89,161,0.195662
89,162,0.258335
89,163,0.234876
89,164,0.158474
89,165,0.182049
89,166,0.202750
89,167,0.140131
89,168,0.098519
89,169,0.049239
89,170,0.068761
89,171,0.077756
89,172,0.156569
89,173,0.181080
89,174,0.176539
89,175,0.154352
89,176,0.189257
89,177,0.291457
89,178,0.292578
89,179,0.298828
89,180,0.242412
89,181,0.203930
89,182,0.229661
89,183,0.181532
89,184,0.183519
89,185,0.141513
89,186,0.077243
89,187,0.039659
89,188,0.015413
89,189,-0.011592
89,190,0.002173
89,191,-0.002675
89,192,0.003945
90,1,0.029176
90,2,0.073614
90,3,0.085939
90,4,0.070218
90,5,0.108256
90,6,0.131778
90,7,0.134350
90,8,0.145662
90,9,0.165802
90,10,0.148194
90,11,0.138151
90,12,0.082671
90,13,0.082072
90,14,0.078754
90,15,0.164900
90,16,0.202976
90,17,0.234772
90,18,0.183806
90,19,0.161420
90,20,0.203863
90,21,0.225522
90,22,0.278187
90,23,0.262145
90,24,0.230842
90,25,0.209856
90,26,0.106333
90,27,0.098560
90,28,0.133628
90,29,0.154585
90,30,0.162518
90,31,0.203776
90,32,0.186072
90,33,0.104257
90,34,0.175161
90,35,0.137654
90,36,0.113109
90,37,0.055814
90,38,0.054097
90,39,0.140955
90,40,0.155931
90,41,0.201060
90,42,0.254920
90,43,0.304405
90,44,0.274119
90,45,0.319934
90,46,0.311752
90,47,0.287010
90,48,0.148534
90,49,0.045808
90,50,0.087441
90,51,0.054048
90,52,0.053433
90,53,0.023516
90,54,0.066758
90,55,0.109011
90,56,0.124530
90,57,0.121466
90,58,0.124854
90,59,0.125238
90,60,0.132079
90,61,0.165544
90,62,0.225301
90,63,0.244478
90,64,0.230157
90,65,0.194984
90,66,0.134726
90,67,0.134296
90,68,0.121301
90,69,-0.010770
90,70,0.034607
90,71,0.134035
90,72,0.183883
90,73,0.197359
90,74,0.162279
90,75,0.125321
90,76,0.223241
90,77,0.126308
90,78,0.242918
90,79,0.205689
90,80,0.184244
90,81,0.279443
90,82,0.327525
90,83,0.383965
90,84,0.437938
90,85,0.462460
90,86,0.416869
90,87,0.410831
90,88,0.536345
90,89,0.708401
90,90,1.000000
90,91,0.773662
90,92,0.474265
90,93,0.353107
90,94,0.212553
90,95,0.207210
90,96,0.189198
90,97,0.241916
90,98,0.276474
90,99,0.281078
90,100,0.277089
90,101,0.294850
90,102,0.274564
90,103,0.246490
90,104,0.127724
90,105,0.196435
90,106,0.260366
90,107,0.295753
90,108,0.327581
90,109,0.352794
90,110,0.286174
90,111,0.224486
90,112,0.085044
90,113,0.079778
90,114,0.150259
90,115,0.144419
90,116,0.087408
90,117,0.065987
90,118,0.034671
90,119,0.069529
90,120,0.017962
90,121,0.081201
90,122,0.057347
90,123,0.063557
90,124,0.098859
90,125,0.161518
90,126,0.120279
90,127,0.106741
90,128,0.059376
90,129,0.102751
90,130,0.039985
90,131,0.143439
90,132,0.165361
90,133,0.179855
90,134,0.140179
90,135,0.126794
90,136,0.317548
90,137,0.155206
90,138,0.081962
90,139,0.006594
90,140,0.057605
90,141,0.099925
90,142,0.118143
90,143,0.132511
90,144,0.178815
90,145,0.126823
90,146,0.167453
90,147,0.175843
90,148,0.011825
90,149,0.042419
90,150,0.078798
90,151,0.090757
90,152,0.110515
90,153,0.073778
90,154,0.087775
90,155,0.081851
90,156,0.104064
90,157,0.122012
90,158,0.113306
90,159,0.141756
90,160,0.186346
90,161,0.165156
90,162,0.216448
90,163,0.186143
90,164,0.141329
90,165,0.154342
90,166,0.159827
90,167,0.115111
90,168,0.063827
90,169,0.042885
90,170,0.052574
90,171,0.069357
90,172,0.144421
90,173,0.151035
90,174,0.157862
90,175,0.142312
90,176,0.164470
90,177,0.237551
90,178,0.224369
90,179,0.222208
90,180,0.183494
90,181,0.170698
90,182,0.187966
90,183,0.131324
90,184,0.128774
90,185,0.097274
90,186,0.054156
90,187,0.041052
90,188,0.024879
90,189,0.007070
90,190,0.020355
90,191,0.039250
90,192,0.035278
91,1,0.017821
91,2,0.048165
91,3,0.057964
91,4,0.050008
91,5,0.075745
91,6,0.106108
91,7,0.088293
91,8,0.060719
91,9,0.092252
91,10,0.090143
91,11,0.090693
91,12,0.047887
91,13,0.057451
91,14,0.054750
91,15,0.126030
91,16,0.141077
91,17,0.131041
91,18,0.095343
91,19,0.068511
91,20,0.102242
91,21,0.125596
91,22,0.171004
91,23,0.170900
91,24,0.157099
91,25,0.150110
91,26,0.070553
91,27,0.072259
91,28,0.086429
91,29,0.107797
91,30,0.118895
91,31,0.150805
91,32,0.120364
91,33,0.090687
91,34,0.154535
91,35,0.094858
91,36,0.086964
91,37,0.047644
91,38,0.035781
91,39,0.090934
91,40,0.100026
91,41,0.121751
91,42,0.177994
91,43,0.214362
91,44,0.182876
91,45,0.220921
91,46,0.232552
91,47,0.219217
91,48,0.128553
91,49,0.039192
91,50,0.073079
91,51,0.057652
91,52,0.057714
91,53,-0.010442
91,54,0.045163
91,55,0.082174
91,56,0.093179
91,57,0.086450
91,58,0.082428
91,59,0.079950
91,60,0.079602
91,61,0.116366
91,62,0.151633
91,63,0.181479
91,64,0.180185
91,65,0.186685
91,66,0.128450
91,67,0.136541
91,68,0.090693
91,69,-0.033311
91,70,-0.002280
91,71,0.084718
91,72,0.143940
91,73,0.154402
91,74,0.110854
91,75,0.100650
91,76,0.164505
91,77,0.101302
91,78,0.167296
91,79,0.144419
91,80,0.124807
91,81,0.203171
91,82,0.230806
91,83,0.282425
91,84,0.326795
91,85,0.351695
91,86,0.302609
91,87,0.306177
91,88,0.402541
91,89,0.521663
91,90,0.773662
91,91,1.000000
91,92,0.569503
91,93,0.351947
91,94,0.235037
91,95,0.224406
91,96,0.186202
91,97,0.189650
91,98,0.197486
91,99,0.206480
91,100,0.202779
91,101,0.222537
91,102,0.213523
91,103,0.218015
91,104,0.100782
91,105,0.145574
91,106,0.191538
91,107,0.211193
91,108,0.224474
91,109,0.258606
91,110,0.232346
91,111,0.191896
91,112,0.026658
91,113,0.064150
91,114,0.102945
91,115,0.117599
91,116,0.068600
91,117,0.039053
91,118,0.035225
91,119,0.038141
91,120,0.017649
91,121,0.041111
91,122,0.051889
91,123,0.061567
91,124,0.089309
91,125,0.115115
91,126,0.068831
91,127,0.066214
91,128,0.027650
91,129,0.068527
91,130,0.018526
91,131,0.083747
91,132,0.139784
91,133,0.170168
91,134,0.105025
91,135,0.062802
91,136,0.288723
91,137,0.155395
91,138,0.120891
91,139,0.040631
91,140,0.067795
91,141,0.090989
91,142,0.098485
91,143,0.097422
91,144,0.123483
91,145,0.099575
91,146,0.122138
91,147,0.118248
91,148,0.066293
91,149,0.055663
91,150,0.068526
91,151,0.055913
91,152,0.051895
91,153,0.014276
91,154,0.038455
91,155,0.020226
91,156,0.042221
91,157,0.050262
91,158,0.035790
91,159,0.056699
91,160,0.091572
91,161,0.092693
91,162,0.144290
91,163,0.110975
91,164,0.080836
91,165,0.096240
91,166,0.109617
91,167,0.058624
91,168,0.028409
91,169,0.005267
91,170,0.040903
91,171,0.043005
91,172,0.116240
91,173,0.123034
91,174,0.131192
91,175,0.100649
91,176,0.110268
91,177,0.178674
91,178,0.174722
91,179,0.164830
91,180,0.125782
91,181,0.126739
91,182,0.131757
91,183,0.077058
91,184,0.074230
91,185,0.051388
91,186,0.031164
91,187,0.018640
91,188,0.018100
91,189,0.007712
91,190,0.014819
91,191,0.044289
91,192,0.031866
92,1,-0.021120
92,2,0.027783
92,3,0.034905
92,4,0.038492
92,5,0.071314
92,6,0.131454
92,7,0.097319
92,8,0.024435
92,9,0.057610
92,10,0.062252
92,11,0.065879
92,12,0.027017
92,13,0.042137
92,14,0.020548
92,15,0.050432
92,16,0.057333
92,17,0.119691
92,18,0.100770
92,19,0.067299
92,20,0.065154
92,21,0.084622
92,22,0.078029
92,23,0.064232
92,24,0.081769
92,25,0.074145
92,26,0.027598
92,27,0.032458
92,28,0.033862
92,29,0.052989
92,30,0.055108
92,31,0.079075
92,32,0.064637
92,33,0.095522
92,34,0.142214
92,35,0.046313
92,36,-0.003740
92,37,-0.042774
92,38,0.063962
92,39,0.081373
92,40,0.057027
92,41,0.101504
92,42,0.163114
92,43,0.152301
92,44,0.126260
92,45,0.174808
92,46,0.207216
92,47,0.215168
92,48,0.135919
92,49,0.077550
92,50,0.079351
92,51,0.081254
92,52,0.079144
92,53,-0.011786
92,54,0.029027
92,55,0.067323
92,56,0.049360
92,57,0.039630
92,58,0.037394
92,59,0.021304
92,60,0.023320
92,61,0.086270
92,62,0.134364
92,63,0.183986
92,64,0.177565
92,65,0.143545
92,66,0.113853
92,67,0.107399
92,68,0.110199
92,69,0.065917
92,70,0.082908
92,71,0.086189
92,72,0.135064
92,73,0.123523
92,74,0.114839
92,75,0.121815
92,76,0.131450
92,77,0.105466
92,78,0.126051
92,79,0.122909
92,80,0.095469
92,81,0.152191
92,82,0.191400
92,83,0.166533
92,84,0.202899
92,85,0.258973
92,86,0.179819
92,87,0.173192
92,88,0.249525
92,89,0.293110
92,90,0.474265
92,91,0.569503
92,92,1.000000
92,93,0.606304
92,94,0.353750
92,95,0.271180
92,96,0.235734
92,97,0.260254
92,98,0.216352
92,99,0.199544
92,100,0.177296
92,101,0.170585
92,102,0.157520
92,103,0.171381
92,104,0.117992
92,105,0.122176
92,106,0.131451
92,107,0.177086
92,108,0.195937
92,109,0.264792
92,110,0.299020
92,111,0.300199
92,112,0.094612
92,113,0.060152
92,114,0.086734
92,115,0.116019
92,116,0.112623
92,117,0.037856
92,118,0.070471
92,119,0.038232
92,120,0.062820
92,121,0.046024
92,122,0.019806
92,123,0.045812
92,124,0.081759
92,125,0.087406
92,126,0.076715
92,127,0.082909
92,128,0.033606
92,129,0.026061
92,130,0.036092
92,131,0.035379
92,132,0.148259
92,133,0.147835
92,134,0.043065
92,135,0.088363
92,136,0.217021
92,137,0.125364
92,138,0.080441
92,139,0.049236
92,140,0.065035
92,141,0.059458
92,142,0.140474
92,143,0.149158
92,144,0.107153
92,145,0.083400
92,146,0.129594
92,147,0.105891
92,148,0.068358
92,149,0.063043
92,150,0.049079
92,151,0.030408
92,152,0.007666
92,153,-0.005366
92,154,-0.001042
92,155,-0.005083
92,156,-0.009839
92,157,0.044630
92,158,0.082205
92,159,0.044291
92,160,0.048052
92,161,0.074559
92,162,0.087312
92,163,0.066024
92,164,0.044949
92,165,0.105158
92,166,0.083679
92,167,0.044089
92,168,0.014833
92,169,0.010783
92,170,0.075795
92,171,0.072411
92,172,0.104131
92,173,0.123372
92,174,0.127245
92,175,0.089589
92,176,0.076033
92,177,0.094810
92,178,0.066556
92,179,0.051108
92,180,0.054156
92,181,0.082442
92,182,0.093534
92,183,0.057321
92,184,0.052990
92,185,0.028322
92,186,0.017001
92,187,0.030310
92,188,0.031448
92,189,0.037673
92,190,0.026720
92,191,0.114243
92,192,0.054906
93,1,-0.003695
93,2,0.027666
93,3,0.028570
93,4,0.019866
93,5,0.026635
93,6,0.028921
93,7,0.006296
93,8,0.004331
93,9,0.034453
93,10,0.015445
93,11,0.039492
93,12,0.047319
93,13,0.067841
93,14,0.091033
93,15,0.095238
93,16,0.070769
93,17,0.089240
93,18,0.082549
93,19,0.058758
93,20,0.069347
93,21,0.083885
93,22,0.094613
93,23,0.075675
93,24,0.076556
93,25,0.075154
93,26,0.092674
93,27,0.071434
93,28,0.052713
93,29,0.063996
93,30,0.060392
93,31,0.072192
93,32,0.095756
93,33,0.073239
93,34,0.100707
93,35,0.031979
93,36,-0.004018
93,37,-0.018219
93,38,0.056913
93,39,0.091908
93,40,0.087753
93,41,0.077955
93,42,0.105852
93,43,0.127555
93,44,0.132098
93,45,0.166598
93,46,0.175488
93,47,0.161178
93,48,0.058501
93,49,0.040536
93,50,0.049499
93,51,0.050460
93,52,0.024256
93,53,-0.020194
93,54,0.003526
93,55,0.034736
93,56,0.053607
93,57,0.050852
93,58,0.013781
93,59,0.017557
93,60,0.036753
93,61,0.085869
93,62,0.154842
93,63,0.196843
93,64,0.196481
93,65,0.167852
93,66,0.092946
93,67,0.114138
93,68,0.092177
93,69,0.047489
93,70,0.084874
93,71,0.119431
93,72,0.129569
93,73,0.118735
93,74,0.113832
93,75,0.097010
93,76,0.143291
93,77,0.100521
93,78,0.136662
93,79,0.157453
93,80,0.107504
93,81,0.160046
93,82,0.188512
93,83,0.154730
93,84,0.183530
93,85,0.200787
93,86,0.132367
93,87,0.122273
93,88,0.177038
93,89,0.232711
93,90,0.353107
93,91,0.351947
93,92,0.606304
93,93,1.000000
93,94,0.615465
93,95,0.387764
93,96,0.262458
93,97,0.269931
93,98,0.245255
93,99,0.201828
93,100,0.191385
93,101,0.173990
93,102,0.140633
93,103,0.126857
93,104,0.067433
93,105,0.086185
93,106,0.107510
93,107,0.183041
93,108,0.203761
93,109,0.241001
93,110,0.176169
93,111,0.149695
93,112,0.053646
93,113,-0.001354
93,114,0.030843
93,115,0.044091
93,116,0.053591
93,117,0.040615
93,118,0.040180
93,119,0.019137
93,120,0.018866
93,121,0.033718
93,122,0.060667
93,123,0.050016
93,124,0.048766
93,125,0.097274
93,126,0.100288
93,127,0.100768
93,128,0.069738
93,129,0.102132
93,130,0.096897
93,131,0.025306
93,132,0.062417
93,133,0.085677
93,134,0.069736
93,135,0.084017
93,136,0.188040
93,137,0.135818
93,138,0.164777
93,139,0.071317
93,140,0.050639
93,141,0.082794
93,142,0.219780
93,143,0.167412
93,144,0.115240
93,145,0.100588
93,146,0.146466
93,147,0.121009
93,148,-0.027443
93,149,0.018502
93,150,0.017282
93,151,0.016440
93,152,0.002546
93,153,0.016304
93,154,0.035947
93,155,0.041581
93,156,0.044691
93,157,0.066862
93,158,0.097286
93,159,0.093181
93,160,0.089775
93,161,0.126886
93,162,0.123013
93,163,0.083683
93,164,0.043454
93,165,0.099626
93,166,0.097001
93,167,0.062882
93,168,0.023335
93,169,0.036113
93,170,0.064785
93,171,0.046858
93,172,0.070225
93,173,0.069266
93,174,0.086520
93,175,0.072094
93,176,0.067396
93,177,0.105748
93,178,0.090803
93,179,0.085509
93,180,0.067434
93,181,0.084818
93,182,0.078258
93,183,0.046738
93,184,0.043806
93,185,0.029257
93,186,0.009095
93,187,0.007198
93,188,0.002140
93,189,0.007383
93,190,0.000472
93,191,0.015529
93,192,-0.036018
94,1,0.020565
94,2,0.053195
94,3,0.027626
94,4,0.021079
94,5,0.032603
94,6,0.057430
94,7,0.030143
94,8,0.011984
94,9,0.062984
94,10,0.040770
94,11,0.057413
94,12,0.075573
94,13,0.094114
94,14,0.109844
94,15,0.107813
94,16,0.079143
94,17,0.080694
94,18,0.078579
94,19,0.059191
94,20,0.067641
94,21,0.078841
94,22,0.094584
94,23,0.053861
94,24,0.074483
94,25,0.092559
94,26,0.132075
94,27,0.102250
94,28,0.070035
94,29,0.081465
94,30,0.071715
94,31,0.072873
94,32,0.094025
94,33,0.063963
94,34,0.092918
94,35,0.067608
94,36,0.014018
94,37,0.016971
94,38,0.056807
94,39,0.074149
94,40,0.067784
94,41,0.050407
94,42,0.079471
94,43,0.098805
94,44,0.113569
94,45,0.153039
94,46,0.163299
94,47,0.147124
94,48,0.053926
94,49,0.066886
94,50,0.064034
94,51,0.074078
94,52,0.063728
94,53,0.028064
94,54,0.041840
94,55,0.078834
94,56,0.055271
94,57,0.073066
94,58,0.019465
94,59,0.030601
94,60,0.060224
94,61,0.108279
94,62,0.178643
94,63,0.218820
94,64,0.217854
94,65,0.169628
94,66,0.116551
94,67,0.109793
94,68,0.067330
94,69,0.018136
94,70,0.055832
94,71,0.109826
94,72,0.111815
94,73,0.108625
94,74,0.118365
94,75,0.099123
94,76,0.168978
94,77,0.116971
94,78,0.128520
94,79,0.142750
94,80,0.078956
94,81,0.126318
94,82,0.127052
94,83,0.112262
94,84,0.122555
94,85,0.126466
94,86,0.089388
94,87,0.078604
94,88,0.111998
94,89,0.148264
94,90,0.212553
94,91,0.235037
94,92,0.353750
94,93,0.615465
94,94,1.000000
94,95,0.595147
94,96,0.321521
94,97,0.294975
94,98,0.264487
94,99,0.217512
94,100,0.198746
94,101,0.182721
94,102,0.169477
94,103,0.135632
94,104,0.106854
94,105,0.124906
94,106,0.142728
94,107,0.192009
94,108,0.212414
94,109,0.247217
94,110,0.180675
94,111,0.115441
94,112,0.042244
94,113,-0.011674
94,114,0.016985
94,115,0.031108
94,116,0.053174
94,117,0.050878
94,118,0.036640
94,119,0.010875
94,120,-0.001986
94,121,0.029290
94,122,0.072772
94,123,0.060616
94,124,0.035926
94,125,0.066643
94,126,0.055770
94,127,0.048908
94,128,0.030227
94,129,0.048690
94,130,0.032753
94,131,0.008175
94,132,0.020496
94,133,0.020403
94,134,0.033832
94,135,0.018534
94,136,0.069720
94,137,0.097471
94,138,0.150656
94,139,0.106504
94,140,0.072200
94,141,0.116938
94,142,0.296598
94,143,0.217576
94,144,0.170780
94,145,0.165713
94,146,0.198090
94,147,0.164368
94,148,0.004638
94,149,0.052132
94,150,0.021520
94,151,0.033791
94,152,0.013835
94,153,0.006068
94,154,0.029972
94,155,0.033286
94,156,0.037470
94,157,0.043291
94,158,0.075047
94,159,0.094427
94,160,0.085139
94,161,0.118578
94,162,0.118244
94,163,0.080617
94,164,0.045384
94,165,0.098197
94,166,0.090497
94,167,0.057524
94,168,0.022030
94,169,0.046991
94,170,0.078064
94,171,0.059347
94,172,0.076984
94,173,0.066413
94,174,0.078293
94,175,0.046824
94,176,0.045115
94,177,0.086687
94,178,0.074009
94,179,0.064862
94,180,0.057434
94,181,0.074949
94,182,0.056894
94,183,0.030225
94,184,0.031354
94,185,0.044926
94,186,0.045925
94,187,0.038554
94,188,0.051310
94,189,0.048187
94,190,0.057799
94,191,0.021156
94,192,0.008896
95,1,0.027508
95,2,0.077483
95,3,0.055167
95,4,0.040085
95,5,0.078589
95,6,0.128991
95,7,0.086954
95,8,0.079004
95,9,0.093809
95,10,0.060679
95,11,0.075260
95,12,0.107485
95,13,0.110147
95,14,0.097829
95,15,0.134465
95,16,0.133981
95,17,0.153922
95,18,0.149268
95,19,0.135367
95,20,0.169126
95,21,0.180391
95,22,0.163126
95,23,0.128735
95,24,0.136511
95,25,0.142617
95,26,0.113319
95,27,0.116976
95,28,0.109928
95,29,0.104889
95,30,0.095352
95,31,0.095452
95,32,0.063584
95,33,0.096755
95,34,0.120776
95,35,0.086685
95,36,0.054023
95,37,0.035904
95,38,0.074483
95,39,0.035371
95,40,0.073847
95,41,0.068089
95,42,0.136108
95,43,0.193340
95,44,0.204364
95,45,0.258245
95,46,0.262631
95,47,0.268451
95,48,0.148934
95,49,0.092446
95,50,0.093720
95,51,0.131724
95,52,0.117726
95,53,0.074139
95,54,0.076289
95,55,0.122581
95,56,0.097582
95,57,0.100002
95,58,0.095773
95,59,0.130426
95,60,0.149579
95,61,0.177348
95,62,0.206797
95,63,0.337234
95,64,0.356085
95,65,0.329299
95,66,0.249705
95,67,0.246826
95,68,0.136474
95,69,0.068287
95,70,0.098097
95,71,0.140579
95,72,0.150600
95,73,0.146309
95,74,0.162511
95,75,0.135624
95,76,0.201180
95,77,0.124941
95,78,0.188216
95,79,0.180502
95,80,0.109793
95,81,0.172330
95,82,0.167268
95,83,0.156871
95,84,0.190059
95,85,0.173104
95,86,0.124819
95,87,0.120418
95,88,0.153550
95,89,0.182082
95,90,0.207210
95,91,0.224406
95,92,0.271180
95,93,0.387764
95,94,0.595147
95,95,1.000000
95,96,0.573275
95,97,0.470197
95,98,0.448952
95,99,0.362181
95,100,0.279723
95,101,0.261665
95,102,0.261742
95,103,0.258893
95,104,0.147446
95,105,0.186118
95,106,0.228489
95,107,0.302278
95,108,0.339841
95,109,0.387324
95,110,0.276956
95,111,0.211015
95,112,0.078877
95,113,0.025467
95,114,0.037779
95,115,0.046689
95,116,0.054415
95,117,0.057700
95,118,0.048084
95,119,0.048287
95,120,0.050878
95,121,0.092360
95,122,0.089836
95,123,0.095371
95,124,0.056698
95,125,0.109419
95,126,0.088690
95,127,0.083210
95,128,0.036147
95,129,0.031801
95,130,0.028369
95,131,0.012454
95,132,0.071377
95,133,0.082271
95,134,0.061084
95,135,0.052244
95,136,0.089132
95,137,0.120506
95,138,0.129824
95,139,0.118247
95,140,0.086600
95,141,0.121698
95,142,0.245134
95,143,0.196315
95,144,0.185715
95,145,0.193498
95,146,0.243469
95,147,0.216594
95,148,0.085217
95,149,0.114806
95,150,0.062456
95,151,0.067966
95,152,0.058411
95,153,0.045862
95,154,0.060987
95,155,0.055257
95,156,0.068904
95,157,0.075760
95,158,0.098437
95,159,0.124202
95,160,0.128355
95,161,0.146565
95,162,0.164064
95,163,0.141344
95,164,0.091405
95,165,0.151165
95,166,0.146267
95,167,0.093496
95,168,0.049792
95,169,0.049821
95,170,0.113220
95,171,0.099993
95,172,0.123112
95,173,0.145032
95,174,0.142279
95,175,0.110644
95,176,0.120247
95,177,0.145751
95,178,0.124878
95,179,0.121418
95,180,0.099524
95,181,0.105894
95,182,0.103808
95,183,0.062907
95,184,0.031045
95,185,0.032994
95,186,0.051319
95,187,0.044778
95,188,0.066270
95,189,0.063318
95,190,0.065137
95,191,0.062491
95,192,0.058276
96,1,0.012766
96,2,0.128856
96,3,0.133263
96,4,0.083146
96,5,0.175895
96,6,0.221943
96,7,0.156827
96,8,0.082187
96,9,0.131198
96,10,0.120064
96,11,0.141567
96,12,0.128086
96,13,0.114810
96,14,0.072593
96,15,0.122343
96,16,0.134254
96,17,0.227151
96,18,0.212003
96,19,0.180079
96,20,0.180032
96,21,0.208571
96,22,0.178242
96,23,0.154351
96,24,0.130468
96,25,0.124370
96,26,0.107873
96,27,0.134128
96,28,0.145929
96,29,0.112531
96,30,0.114802
96,31,0.123739
96,32,0.125487
96,33,0.157901
96,34,0.170426
96,35,0.154298
96,36,0.010379
96,37,-0.016075
96,38,0.143660
96,39,0.147214
96,40,0.125230
96,41,0.073207
96,42,0.172142
96,43,0.257432
96,44,0.295877
96,45,0.361764
96,46,0.366890
96,47,0.393435
96,48,0.170863
96,49,0.127204
96,50,0.155222
96,51,0.124121
96,52,0.099303
96,53,0.057611
96,54,0.102344
96,55,0.138889
96,56,0.088824
96,57,0.101215
96,58,0.100459
96,59,0.177677
96,60,0.217260
96,61,0.277770
96,62,0.332654
96,63,0.469717
96,64,0.443923
96,65,0.437028
96,66,0.269762
96,67,0.267437
96,68,0.090323
96,69,0.013637
96,70,0.057113
96,71,0.100143
96,72,0.140792
96,73,0.134765
96,74,0.130088
96,75,0.131550
96,76,0.204551
96,77,0.129667
96,78,0.219481
96,79,0.173815
96,80,0.113761
96,81,0.181290
96,82,0.153890
96,83,0.153815
96,84,0.187188
96,85,0.162531
96,86,0.105238
96,87,0.103193
96,88,0.128082
96,89,0.168677
96,90,0.189198
96,91,0.186202
96,92,0.235734
96,93,0.262458
96,94,0.321521
96,95,0.573275
96,96,1.000000
96,97,0.742849
96,98,0.540291
96,99,0.496064
96,100,0.388821
96,101,0.342753
96,102,0.313320
96,103,0.299936
96,104,0.180454
96,105,0.229838
96,106,0.286741
96,107,0.403073
96,108,0.451190
96,109,0.516363
96,110,0.387348
96,111,0.347030
96,112,0.144564
96,113,-0.002955
96,114,0.046326
96,115,0.039189
96,116,0.040579
96,117,0.000020
96,118,0.033028
96,119,0.035384
96,120,0.067949
96,121,0.074941
96,122,0.076856
96,123,0.081256
96,124,0.068871
96,125,0.080680
96,126,0.049532
96,127,0.049847
96,128,0.002374
96,129,0.016731
96,130,0.023567
96,131,0.009406
96,132,0.082432
96,133,0.078517
96,134,0.041588
96,135,0.042904
96,136,0.114143
96,137,0.161357
96,138,0.099597
96,139,0.080418
96,140,0.105816
96,141,0.113532
96,142,0.151506
96,143,0.167395
96,144,0.209941
96,145,0.172403
96,146,0.203504
96,147,0.195302
96,148,0.114245
96,149,0.107478
96,150,0.011147
96,151,0.018175
96,152,0.021988
96,153,-0.003201
96,154,0.001070
96,155,0.000797
96,156,0.017526
96,157,0.049752
96,158,0.070968
96,159,0.100525
96,160,0.104702
96,161,0.111770
96,162,0.153205
96,163,0.127356
96,164,0.090289
96,165,0.169874
96,166,0.177672
96,167,0.098041
96,168,0.043490
96,169,0.077127
96,170,0.128936
96,171,0.160412
96,172,0.208665
96,173,0.231850
96,174,0.213791
96,175,0.193517
96,176,0.185258
96,177,0.166748
96,178,0.147583
96,179,0.127550
96,180,0.116359
96,181,0.175247
96,182,0.183515
96,183,0.149800
96,184,0.087250
96,185,0.064649
96,186,0.066084
96,187,0.088717
96,188,0.086276
96,189,0.072321
96,190,0.076681
96,191,0.076532
96,192,0.076669
97,1,0.018779
97,2,0.137816
97,3,0.161340
97,4,0.112701
97,5,0.208623
97,6,0.291389
97,7,0.227918
97,8,0.135934
97,9,0.206223
97,10,0.177550
97,11,0.202458
97,12,0.141328
97,13,0.109169
97,14,0.068303
97,15,0.133260
97,16,0.198087
97,17,0.345279
97,18,0.323797
97,19,0.295636
97,20,0.302374
97,21,0.321733
97,22,0.290168
97,23,0.245761
97,24,0.223080
97,25,0.196457
97,26,0.123642
97,27,0.145527
97,28,0.190804
97,29,0.154190
97,30,0.167672
97,31,0.158448
97,32,0.160526
97,33,0.176344
97,34,0.203541
97,35,0.179735
97,36,0.006060
97,37,-0.057176
97,38,0.144493
97,39,0.189243
97,40,0.181531
97,41,0.157577
97,42,0.243299
97,43,0.350589
97,44,0.382569
97,45,0.473033
97,46,0.479779
97,47,0.493664
97,48,0.212253
97,49,0.147124
97,50,0.178693
97,51,0.099059
97,52,0.093486
97,53,0.064212
97,54,0.096265
97,55,0.153077
97,56,0.113800
97,57,0.139873
97,58,0.147180
97,59,0.227558
97,60,0.266626
97,61,0.308788
97,62,0.373121
97,63,0.507453
97,64,0.439535
97,65,0.389279
97,66,0.257983
97,67,0.242606
97,68,0.094387
97,69,0.042371
97,70,0.079752
97,71,0.144170
97,72,0.218616
97,73,0.211854
97,74,0.212494
97,75,0.218164
97,76,0.290484
97,77,0.212578
97,78,0.332687
97,79,0.294939
97,80,0.228648
97,81,0.303501
97,82,0.265512
97,83,0.242986
97,84,0.274949
97,85,0.255494
97,86,0.168230
97,87,0.171878
97,88,0.194926
97,89,0.225358
97,90,0.241916
97,91,0.189650
97,92,0.260254
97,93,0.269931
97,94,0.294975
97,95,0.470197
97,96,0.742849
97,97,1.000000
97,98,0.690240
97,99,0.601124
97,100,0.476245
97,101,0.432391
97,102,0.386788
97,103,0.343864
97,104,0.235312
97,105,0.306393
97,106,0.371927
97,107,0.518380
97,108,0.604190
97,109,0.656199
97,110,0.485469
97,111,0.399635
97,112,0.223988
97,113,-0.014809
97,114,0.075270
97,115,0.061279
97,116,0.057783
97,117,0.016672
97,118,0.050864
97,119,0.059175
97,120,0.097514
97,121,0.112864
97,122,0.072152
97,123,0.091025
97,124,0.126402
97,125,0.135570
97,126,0.095048
97,127,0.115042
97,128,0.032580
97,129,0.043739
97,130,0.010324
97,131,0.045726
97,132,0.101583
97,133,0.111000
97,134,0.066206
97,135,0.075760
97,136,0.141237
97,137,0.151162
97,138,0.062073
97,139,0.067461
97,140,0.110181
97,141,0.088578
97,142,0.111438
97,143,0.171514
97,144,0.226113
97,145,0.161292
97,146,0.221910
97,147,0.233555
97,148,0.101694
97,149,0.095100
97,150,0.005350
97,151,0.033133
97,152,0.061285
97,153,0.033473
97,154,0.038339
97,155,0.060727
97,156,0.073637
97,157,0.124498
97,158,0.158926
97,159,0.180640
97,160,0.173531
97,161,0.186456
97,162,0.213355
97,163,0.192108
97,164,0.129432
97,165,0.215089
97,166,0.211216
97,167,0.101775
97,168,0.042101
97,169,0.083083
97,170,0.167103
97,171,0.194598
97,172,0.240839
97,173,0.263560
97,174,0.236155
97,175,0.220340
97,176,0.213634
97,177,0.220756
97,178,0.170109
97,179,0.133398
97,180,0.129628
97,181,0.196454
97,182,0.215584
97,183,0.192850
97,184,0.132879
97,185,0.120595
97,186,0.098936
97,187,0.127204
97,188,0.105672
97,189,0.101916
97,190,0.096074
97,191,0.072441
97,192,0.087180
98,1,0.047062
98,2,0.125998
98,3,0.121113
98,4,0.067512
98,5,0.173235
98,6,0.241250
98,7,0.225040
98,8,0.190441
98,9,0.235708
98,10,0.160567
98,11,0.156432
98,12,0.142895
98,13,0.118103
98,14,0.074274
98,15,0.143959
98,16,0.206886
98,17,0.345559
98,18,0.327108
98,19,0.313077
98,20,0.331839
98,21,0.345153
98,22,0.306834
98,23,0.256192
98,24,0.248829
98,25,0.221153
98,26,0.134230
98,27,0.126157
98,28,0.166212
98,29,0.142979
98,30,0.158283
98,31,0.179269
98,32,0.145532
98,33,0.101862
98,34,0.159805
98,35,0.182121
98,36,0.071746
98,37,0.003833
98,38,0.128749
98,39,0.142777
98,40,0.134327
98,41,0.190839
98,42,0.301541
98,43,0.422102
98,44,0.429949
98,45,0.546841
98,46,0.527967
98,47,0.508552
98,48,0.203624
98,49,0.079699
98,50,0.116132
98,51,0.095144
98,52,0.145544
98,53,0.133668
98,54,0.155844
98,55,0.202429
98,56,0.111243
98,57,0.106108
98,58,0.145368
98,59,0.197568
98,60,0.236605
98,61,0.321321
98,62,0.496066
98,63,0.650787
98,64,0.547649
98,65,0.448327
98,66,0.256582
98,67,0.252425
98,68,0.129637
98,69,0.051984
98,70,0.091225
98,71,0.172935
98,72,0.254419
98,73,0.278963
98,74,0.209760
98,75,0.207734
98,76,0.328446
98,77,0.211156
98,78,0.390162
98,79,0.328962
98,80,0.242213
98,81,0.322655
98,82,0.295862
98,83,0.286398
98,84,0.337089
98,85,0.294314
98,86,0.228428
98,87,0.225995
98,88,0.246608
98,89,0.294721
98,90,0.276474
98,91,0.197486
98,92,0.216352
98,93,0.245255
98,94,0.264487
98,95,0.448952
98,96,0.540291
98,97,0.690240
98,98,1.000000
98,99,0.781482
98,100,0.570052
98,101,0.537821
98,102,0.473930
98,103,0.390035
98,104,0.228114
98,105,0.328222
98,106,0.443928
98,107,0.622571
98,108,0.655746
98,109,0.614218
98,110,0.462513
98,111,0.355550
98,112,0.223928
98,113,0.026312
98,114,0.100101
98,115,0.065425
98,116,0.067229
98,117,0.032310
98,118,0.054883
98,119,0.043368
98,120,0.048300
98,121,0.106522
98,122,0.070965
98,123,0.084016
98,124,0.163154
98,125,0.222126
98,126,0.184770
98,127,0.156875
98,128,0.059947
98,129,0.073972
98,130,0.055138
98,131,0.117185
98,132,0.110499
98,133,0.142232
98,134,0.134057
98,135,0.122748
98,136,0.125050
98,137,0.130911
98,138,0.056689
98,139,0.050821
98,140,0.090898
98,141,0.082340
98,142,0.121387
98,143,0.165396
98,144,0.217591
98,145,0.173463
98,146,0.242190
98,147,0.249755
98,148,0.063652
98,149,0.069300
98,150,0.015858
98,151,0.066252
98,152,0.096988
98,153,0.057787
98,154,0.084006
98,155,0.105279
98,156,0.131437
98,157,0.149075
98,158,0.181706
98,159,0.218215
98,160,0.222607
98,161,0.220172
98,162,0.256135
98,163,0.231367
98,164,0.152931
98,165,0.210729
98,166,0.246464
98,167,0.145626
98,168,0.086037
98,169,0.107467
98,170,0.174915
98,171,0.190382
98,172,0.212199
98,173,0.256680
98,174,0.232144
98,175,0.189939
98,176,0.226788
98,177,0.261699
98,178,0.211699
98,179,0.190161
98,180,0.158892
98,181,0.174178
98,182,0.213056
98,183,0.165397
98,184,0.115172
98,185,0.092568
98,186,0.089369
98,187,0.107232
98,188,0.117805
98,189,0.096429
98,190,0.107795
98,191,0.072191
98,192,0.089986
99,1,0.051394
99,2,0.170334
99,3,0.180095
99,4,0.105945
99,5,0.203909
99,6,0.254172
99,7,0.210926
99,8,0.182759
99,9,0.260085
99,10,0.205372
99,11,0.220560
99,12,0.174357
99,13,0.122408
99,14,0.083746
99,15,0.192182
99,16,0.288607
99,17,0.453422
99,18,0.425924
99,19,0.405929
99,20,0.416987
99,21,0.436287
99,22,0.415752
99,23,0.362674
99,24,0.336840
99,25,0.286745
99,26,0.188450
99,27,0.171819
99,28,0.226506
99,29,0.183395
99,30,0.192453
99,31,0.214400
99,32,0.200108
99,33,0.135364
99,34,0.166001
99,35,0.227955
99,36,0.055747
99,37,-0.058380
99,38,0.163445
99,39,0.209798
99,40,0.157957
99,41,0.228526
99,42,0.355038
99,43,0.500805
99,44,0.528013
99,45,0.645588
99,46,0.618554
99,47,0.604214
99,48,0.276887
99,49,0.169229
99,50,0.189335
99,51,0.107780
99,52,0.153300
99,53,0.147514
99,54,0.162273
99,55,0.225371
99,56,0.139508
99,57,0.154461
99,58,0.190763
99,59,0.271594
99,60,0.306451
99,61,0.398913
99,62,0.622346
99,63,0.726794
99,64,0.589221
99,65,0.461779
99,66,0.255761
99,67,0.266931
99,68,0.137685
99,69,0.035446
99,70,0.080811
99,71,0.180382
99,72,0.313260
99,73,0.346159
99,74,0.277999
99,75,0.277925
99,76,0.417764
99,77,0.277688
99,78,0.479993
99,79,0.381591
99,80,0.297355
99,81,0.376369
99,82,0.320895
99,83,0.307582
99,84,0.369083
99,85,0.329114
99,86,0.243731
99,87,0.241173
99,88,0.266407
99,89,0.307805
99,90,0.281078
99,91,0.206480
99,92,0.199544
99,93,0.201828
99,94,0.217512
99,95,0.362181
99,96,0.496064
99,97,0.601124
99,98,0.781482
99,99,1.000000
99,100,0.785953
99,101,0.685128
99,102,0.587487
99,103,0.473540
99,104,0.286501
99,105,0.421706
99,106,0.558499
99,107,0.745886
99,108,0.709409
99,109,0.637425
99,110,0.480815
99,111,0.351656
99,112,0.260052
99,113,0.004013
99,114,0.109849
99,115,0.053627
99,116,0.052375
99,117,0.015168
99,118,0.051910
99,119,0.043451
99,120,0.022162
99,121,0.109342
99,122,0.058321
99,123,0.077634
99,124,0.158505
99,125,0.207930
99,126,0.152201
99,127,0.145618
99,128,0.057968
99,129,0.052254
99,130,0.039055
99,131,0.151390
99,132,0.129387
99,133,0.143604
99,134,0.128843
99,135,0.120720
99,136,0.145371
99,137,0.149142
99,138,0.051856
99,139,0.059948
99,140,0.127295
99,141,0.105616
99,142,0.124061
99,143,0.205547
99,144,0.272267
99,145,0.191504
99,146,0.301259
99,147,0.305002
99,148,0.050258
99,149,0.062524
99,150,-0.009820
99,151,0.051877
99,152,0.073334
99,153,0.051049
99,154,0.094797
99,155,0.129196
99,156,0.146152
99,157,0.167707
99,158,0.195585
99,159,0.222874
99,160,0.230703
99,161,0.234594
99,162,0.259101
99,163,0.239881
99,164,0.159476
99,165,0.235730
99,166,0.294856
99,167,0.183077
99,168,0.113844
99,169,0.142309
99,170,0.221477
99,171,0.247910
99,172,0.265465
99,173,0.318895
99,174,0.285553
99,175,0.241698
99,176,0.255818
99,177,0.273632
99,178,0.216593
99,179,0.190373
99,180,0.161561
99,181,0.193842
99,182,0.250014
99,183,0.215516
99,184,0.159331
99,185,0.130402
99,186,0.130426
99,187,0.152055
99,188,0.146330
99,189,0.114029
99,190,0.115684
99,191,0.080113
99,192,0.111776
100,1,0.057053
100,2,0.173096
100,3,0.193952
100,4,0.127507
100,5,0.202523
100,6,0.230915
100,7,0.159603
100,8,0.142339
100,9,0.249222
100,10,0.232072
100,11,0.239745
100,12,0.175973
100,13,0.120615
100,14,0.128676
100,15,0.218086
100,16,0.317035
100,17,0.454931
100,18,0.407948
100,19,0.385256
100,20,0.406052
100,21,0.432280
100,22,0.453893
100,23,0.378719
100,24,0.369978
100,25,0.311909
100,26,0.241767
100,27,0.175466
100,28,0.223803
100,29,0.194388
100,30,0.215118
100,31,0.201799
100,32,0.260984
100,33,0.131311
100,34,0.114905
100,35,0.179520
100,36,0.037471
100,37,-0.069731
100,38,0.112208
100,39,0.223458
100,40,0.166943
100,41,0.264595
100,42,0.371239
100,43,0.519240
100,44,0.547667
100,45,0.647399
100,46,0.603875
100,47,0.541052
100,48,0.237107
100,49,0.162479
100,50,0.192110
100,51,0.098155
100,52,0.186585
100,53,0.110076
100,54,0.143174
100,55,0.227604
100,56,0.149311
100,57,0.158005
100,58,0.143321
100,59,0.218697
100,60,0.265893
100,61,0.344543
100,62,0.586186
100,63,0.619488
100,64,0.585787
100,65,0.415748
100,66,0.320474
100,67,0.277333
100,68,0.179618
100,69,0.040055
100,70,0.104450
100,71,0.273327
100,72,0.384357
100,73,0.396459
100,74,0.382300
100,75,0.342265
100,76,0.520328
100,77,0.357417
100,78,0.551436
100,79,0.447317
100,80,0.334440
100,81,0.406916
100,82,0.326146
100,83,0.310462
100,84,0.386451
100,85,0.339647
100,86,0.248169
100,87,0.249589
100,88,0.273910
100,89,0.312328
100,90,0.277089
100,91,0.202779
100,92,0.177296
100,93,0.191385
100,94,0.198746
100,95,0.279723
100,96,0.388821
100,97,0.476245
100,98,0.570052
100,99,0.785953
100,100,1.000000
100,101,0.823508
100,102,0.712427
100,103,0.586233
100,104,0.308948
100,105,0.460076
100,106,0.649246
100,107,0.784678
100,108,0.635115
100,109,0.561174
100,110,0.442005
100,111,0.298215
100,112,0.213419
100,113,-0.019861
100,114,0.084365
100,115,0.047697
100,116,0.036685
100,117,0.025003
100,118,0.021772
100,119,0.022162
100,120,-0.029397
100,121,0.070586
100,122,0.020762
100,123,0.041079
100,124,0.131619
100,125,0.190558
100,126,0.131868
100,127,0.130359
100,128,0.072915
100,129,0.061504
100,130,0.049146
100,131,0.169895
100,132,0.119640
100,133,0.100475
100,134,0.104185
100,135,0.082967
100,136,0.097048
100,137,0.095918
100,138,0.008105
100,139,0.022658
100,140,0.107903
100,141,0.103263
100,142,0.158275
100,143,0.247409
100,144,0.303480
100,145,0.211627
100,146,0.337583
100,147,0.347736
100,148,0.040933
100,149,0.096647
100,150,-0.003287
100,151,0.047148
100,152,0.069504
100,153,0.041331
100,154,0.087447
100,155,0.132413
100,156,0.154264
100,157,0.152947
100,158,0.172971
100,159,0.204825
100,160,0.219688
100,161,0.228717
100,162,0.249463
100,163,0.229298
100,164,0.160991
100,165,0.241191
100,166,0.327294
100,167,0.236228
100,168,0.152697
100,169,0.164041
100,170,0.224349
100,171,0.238975
100,172,0.248297
100,173,0.292343
100,174,0.265760
100,175,0.220069
100,176,0.217626
100,177,0.234139
100,178,0.190143
100,179,0.168789
100,180,0.137838
100,181,0.159399
100,182,0.200910
100,183,0.187077
100,184,0.145131
100,185,0.123297
100,186,0.122779
100,187,0.137656
100,188,0.137112
100,189,0.116440
100,190,0.095256
100,191,0.015030
100,192,0.038893
101,1,0.035451
101,2,0.143486
101,3,0.168894
101,4,0.110937
101,5,0.198014
101,6,0.239521
101,7,0.185690
101,8,0.196323
101,9,0.263572
101,10,0.225439
101,11,0.224102
101,12,0.157471
101,13,0.081888
101,14,0.089222
101,15,0.199459
101,16,0.315050
101,17,0.469404
101,18,0.424971
101,19,0.411309
101,20,0.423852
101,21,0.439524
101,22,0.448716
101,23,0.383622
101,24,0.376275
101,25,0.324520
101,26,0.225649
101,27,0.147362
101,28,0.203303
101,29,0.180972
101,30,0.207739
101,31,0.205193
101,32,0.241893
101,33,0.138432
101,34,0.143652
101,35,0.220497
101,36,0.064743
101,37,-0.032337
101,38,0.125417
101,39,0.214605
101,40,0.153794
101,41,0.281138
101,42,0.405258
101,43,0.556721
101,44,0.575715
101,45,0.673816
101,46,0.622295
101,47,0.554723
101,48,0.235570
101,49,0.127358
101,50,0.173395
101,51,0.081768
101,52,0.200568
101,53,0.117886
101,54,0.170629
101,55,0.255370
101,56,0.141662
101,57,0.141573
101,58,0.143096
101,59,0.214040
101,60,0.255237
101,61,0.339014
101,62,0.524847
101,63,0.561284
101,64,0.511503
101,65,0.354393
101,66,0.305249
101,67,0.254648
101,68,0.199429
101,69,0.062467
101,70,0.129322
101,71,0.302348
101,72,0.404374
101,73,0.417826
101,74,0.395251
101,75,0.348409
101,76,0.532783
101,77,0.358468
101,78,0.554661
101,79,0.446689
101,80,0.334537
101,81,0.415962
101,82,0.342806
101,83,0.328035
101,84,0.398672
101,85,0.358915
101,86,0.269687
101,87,0.273169
101,88,0.295855
101,89,0.322496
101,90,0.294850
101,91,0.222537
101,92,0.170585
101,93,0.173990
101,94,0.182721
101,95,0.261665
101,96,0.342753
101,97,0.432391
101,98,0.537821
101,99,0.685128
101,100,0.823508
101,101,1.000000
101,102,0.863013
101,103,0.699771
101,104,0.371562
101,105,0.522364
101,106,0.721773
101,107,0.774698
101,108,0.615172
101,109,0.549885
101,110,0.444361
101,111,0.299959
101,112,0.253092
101,113,0.005158
101,114,0.090196
101,115,0.062308
101,116,0.039668
101,117,0.017096
101,118,0.026401
101,119,0.018311
101,120,-0.021301
101,121,0.059752
101,122,0.028527
101,123,0.048863
101,124,0.168661
101,125,0.230404
101,126,0.171252
101,127,0.140044
101,128,0.064813
101,129,0.058047
101,130,0.027568
101,131,0.144166
101,132,0.103471
101,133,0.121070
101,134,0.157387
101,135,0.089913
101,136,0.096844
101,137,0.112765
101,138,0.025188
101,139,0.022763
101,140,0.103796
101,141,0.101264
101,142,0.145721
101,143,0.225759
101,144,0.290743
101,145,0.210097
101,146,0.322436
101,147,0.331549
101,148,0.049388
101,149,0.087965
101,150,0.017646
101,151,0.069964
101,152,0.083501
101,153,0.041708
101,154,0.073551
101,155,0.113601
101,156,0.139721
101,157,0.152381
101,158,0.175765
101,159,0.211143
101,160,0.225942
101,161,0.234318
101,162,0.262048
101,163,0.237269
101,164,0.173909
101,165,0.248209
101,166,0.316393
101,167,0.218205
101,168,0.141953
101,169,0.154670
101,170,0.213865
101,171,0.238429
101,172,0.247434
101,173,0.293971
101,174,0.269262
101,175,0.221421
101,176,0.219056
101,177,0.268960
101,178,0.241132
101,179,0.219556
101,180,0.166343
101,181,0.186281
101,182,0.222796
101,183,0.180329
101,184,0.136035
101,185,0.112472
101,186,0.125793
101,187,0.137429
101,188,0.149450
101,189,0.124162
101,190,0.109388
101,191,0.022043
101,192,0.058138
102,1,0.032795
102,2,0.128674
102,3,0.162664
102,4,0.105901
102,5,0.176468
102,6,0.220545
102,7,0.173084
102,8,0.176865
102,9,0.239442
102,10,0.211105
102,11,0.216687
102,12,0.157435
102,13,0.079581
102,14,0.070497
102,15,0.186800
102,16,0.303781
102,17,0.439381
102,18,0.390140
102,19,0.379684
102,20,0.406531
102,21,0.422446
102,22,0.446327
102,23,0.359894
102,24,0.361309
102,25,0.309248
102,26,0.205350
102,27,0.139317
102,28,0.199830
102,29,0.186212
102,30,0.209636
102,31,0.188619
102,32,0.213241
102,33,0.137749
102,34,0.163202
102,35,0.197994
102,36,0.092167
102,37,0.041151
102,38,0.134082
102,39,0.191197
102,40,0.139607
102,41,0.262228
102,42,0.387593
102,43,0.523078
102,44,0.541413
102,45,0.613988
102,46,0.566473
102,47,0.500640
102,48,0.234866
102,49,0.126318
102,50,0.171186
102,51,0.101417
102,52,0.221919
102,53,0.123123
102,54,0.176853
102,55,0.270253
102,56,0.137663
102,57,0.133051
102,58,0.136084
102,59,0.186017
102,60,0.223852
102,61,0.279569
102,62,0.450432
102,63,0.495167
102,64,0.470109
102,65,0.319570
102,66,0.327852
102,67,0.282033
102,68,0.234441
102,69,0.072860
102,70,0.133378
102,71,0.307616
102,72,0.400340
102,73,0.403794
102,74,0.404300
102,75,0.359502
102,76,0.523915
102,77,0.356106
102,78,0.522966
102,79,0.416355
102,80,0.310844
102,81,0.377403
102,82,0.308261
102,83,0.309617
102,84,0.377918
102,85,0.336286
102,86,0.264989
102,87,0.276929
102,88,0.290005
102,89,0.304989
102,90,0.274564
102,91,0.213523
102,92,0.157520
102,93,0.140633
102,94,0.169477
102,95,0.261742
102,96,0.313320
102,97,0.386788
102,98,0.473930
102,99,0.587487
102,100,0.712427
102,101,0.863013
102,102,1.000000
102,103,0.837516
102,104,0.418559
102,105,0.566368
102,106,0.758809
102,107,0.713938
102,108,0.551663
102,109,0.513312
102,110,0.432436
102,111,0.315330
102,112,0.229659
102,113,0.029690
102,114,0.111829
102,115,0.104360
102,116,0.076927
102,117,0.065395
102,118,0.059041
102,119,0.061121
102,120,0.012095
102,121,0.079847
102,122,0.056231
102,123,0.069830
102,124,0.149753
102,125,0.216086
102,126,0.161357
102,127,0.132028
102,128,0.049837
102,129,0.068032
102,130,0.044087
102,131,0.121957
102,132,0.112126
102,133,0.130439
102,134,0.139342
102,135,0.078858
102,136,0.087211
102,137,0.107571
102,138,0.029835
102,139,0.037589
102,140,0.099158
102,141,0.114437
102,142,0.150518
102,143,0.210960
102,144,0.277419
102,145,0.190947
102,146,0.293686
102,147,0.308825
102,148,0.088486
102,149,0.125154
102,150,0.067515
102,151,0.099071
102,152,0.113720
102,153,0.062739
102,154,0.092289
102,155,0.122647
102,156,0.142704
102,157,0.154094
102,158,0.163980
102,159,0.196195
102,160,0.215404
102,161,0.210834
102,162,0.250655
102,163,0.231741
102,164,0.166081
102,165,0.237975
102,166,0.286535
102,167,0.194066
102,168,0.132226
102,169,0.140737
102,170,0.201788
102,171,0.228065
102,172,0.226692
102,173,0.267435
102,174,0.240143
102,175,0.192940
102,176,0.202684
102,177,0.258643
102,178,0.226009
102,179,0.204977
102,180,0.157469
102,181,0.165366
102,182,0.191845
102,183,0.161507
102,184,0.112769
102,185,0.100843
102,186,0.119894
102,187,0.136174
102,188,0.150162
102,189,0.133848
102,190,0.109596
102,191,0.024822
102,192,0.065708
103,1,0.018032
103,2,0.088725
103,3,0.138764
103,4,0.074586
103,5,0.137764
103,6,0.185334
103,7,0.132206
103,8,0.148067
103,9,0.171563
103,10,0.173181
103,11,0.183794
103,12,0.143237
103,13,0.074369
103,14,0.054361
103,15,0.161952
103,16,0.265977
103,17,0.358823
103,18,0.293450
103,19,0.278749
103,20,0.323500
103,21,0.343733
103,22,0.370853
103,23,0.316660
103,24,0.313611
103,25,0.265186
103,26,0.160283
103,27,0.131627
103,28,0.194961
103,29,0.190609
103,30,0.199587
103,31,0.163080
103,32,0.165586
103,33,0.181392
103,34,0.189784
103,35,0.141426
103,36,0.075545
103,37,0.068984
103,38,0.120151
103,39,0.123894
103,40,0.109916
103,41,0.225897
103,42,0.330820
103,43,0.449981
103,44,0.453312
103,45,0.512367
103,46,0.477152
103,47,0.418921
103,48,0.244486
103,49,0.116124
103,50,0.156352
103,51,0.143480
103,52,0.231588
103,53,0.107065
103,54,0.150899
103,55,0.243508
103,56,0.144149
103,57,0.123173
103,58,0.136721
103,59,0.154611
103,60,0.185236
103,61,0.235334
103,62,0.341991
103,63,0.388303
103,64,0.402525
103,65,0.310982
103,66,0.392941
103,67,0.325800
103,68,0.255286
103,69,0.102985
103,70,0.163033
103,71,0.306914
103,72,0.370902
103,73,0.361433
103,74,0.384601
103,75,0.330432
103,76,0.442350
103,77,0.303434
103,78,0.411302
103,79,0.328230
103,80,0.226725
103,81,0.303162
103,82,0.257983
103,83,0.251477
103,84,0.319580
103,85,0.287610
103,86,0.231028
103,87,0.242683
103,88,0.268855
103,89,0.284049
103,90,0.246490
103,91,0.218015
103,92,0.171381
103,93,0.126857
103,94,0.135632
103,95,0.258893
103,96,0.299936
103,97,0.343864
103,98,0.390035
103,99,0.473540
103,100,0.586233
103,101,0.699771
103,102,0.837516
103,103,1.000000
103,104,0.433503
103,105,0.530416
103,106,0.686429
103,107,0.585316
103,108,0.444562
103,109,0.433519
103,110,0.375545
103,111,0.312638
103,112,0.155725
103,113,0.069449
103,114,0.120662
103,115,0.126007
103,116,0.102512
103,117,0.099860
103,118,0.096697
103,119,0.095623
103,120,0.064947
103,121,0.092153
103,122,0.073887
103,123,0.076784
103,124,0.132927
103,125,0.182216
103,126,0.153484
103,127,0.138026
103,128,0.051778
103,129,0.039042
103,130,0.032148
103,131,0.098170
103,132,0.147179
103,133,0.163933
103,134,0.112068
103,135,0.087960
103,136,0.105144
103,137,0.104508
103,138,0.038258
103,139,0.041362
103,140,0.088426
103,141,0.112044
103,142,0.154378
103,143,0.181897
103,144,0.251914
103,145,0.205063
103,146,0.281490
103,147,0.277329
103,148,0.151439
103,149,0.189357
103,150,0.121269
103,151,0.098749
103,152,0.097906
103,153,0.049657
103,154,0.063742
103,155,0.077590
103,156,0.094354
103,157,0.099485
103,158,0.109399
103,159,0.131054
103,160,0.147969
103,161,0.149739
103,162,0.203292
103,163,0.181207
103,164,0.115803
103,165,0.204240
103,166,0.242447
103,167,0.160743
103,168,0.105809
103,169,0.096705
103,170,0.158518
103,171,0.170156
103,172,0.176599
103,173,0.215079
103,174,0.201162
103,175,0.153991
103,176,0.160379
103,177,0.212254
103,178,0.187909
103,179,0.165979
103,180,0.128210
103,181,0.157917
103,182,0.165722
103,183,0.125732
103,184,0.072742
103,185,0.064444
103,186,0.072520
103,187,0.089282
103,188,0.098786
103,189,0.084726
103,190,0.070251
103,191,-0.001902
103,192,0.026058
104,1,0.017698
104,2,0.083007
104,3,0.137997
104,4,0.093040
104,5,0.143798
104,6,0.211326
104,7,0.160058
104,8,0.166249
104,9,0.195914
104,10,0.170793
104,11,0.180934
104,12,0.154541
104,13,0.080191
104,14,0.044290
104,15,0.109978
104,16,0.186998
104,17,0.301249
104,18,0.281388
104,19,0.266267
104,20,0.290943
104,21,0.288442
104,22,0.290562
104,23,0.227468
104,24,0.244110
104,25,0.208089
104,26,0.150955
104,27,0.099895
104,28,0.165443
104,29,0.160978
104,30,0.151877
104,31,0.178882
104,32,0.146061
104,33,0.139818
104,34,0.129896
104,35,0.166755
104,36,0.054503
104,37,0.017769
104,38,0.052870
104,39,0.063544
104,40,0.063713
104,41,0.146914
104,42,0.204807
104,43,0.261718
104,44,0.280424
104,45,0.316920
104,46,0.287551
104,47,0.248705
104,48,0.138588
104,49,0.087654
104,50,0.103167
104,51,0.067302
104,52,0.162741
104,53,0.056153
104,54,0.099694
104,55,0.191886
104,56,0.086850
104,57,0.097805
104,58,0.088825
104,59,0.134605
104,60,0.178062
104,61,0.189432
104,62,0.204492
104,63,0.241335
104,64,0.227038
104,65,0.155895
104,66,0.201688
104,67,0.116326
104,68,0.105541
104,69,0.041009
104,70,0.080351
104,71,0.194999
104,72,0.234553
104,73,0.241150
104,74,0.268365
104,75,0.288841
104,76,0.349918
104,77,0.270040
104,78,0.320261
104,79,0.246470
104,80,0.177466
104,81,0.202500
104,82,0.150165
104,83,0.149505
104,84,0.175657
104,85,0.166869
104,86,0.132579
104,87,0.142589
104,88,0.142976
104,89,0.146311
104,90,0.127724
104,91,0.100782
104,92,0.117992
104,93,0.067433
104,94,0.106854
104,95,0.147446
104,96,0.180454
104,97,0.235312
104,98,0.228114
104,99,0.286501
104,100,0.308948
104,101,0.371562
104,102,0.418559
104,103,0.433503
104,104,1.000000
104,105,0.805495
104,106,0.537045
104,107,0.349562
104,108,0.309926
104,109,0.314875
104,110,0.288868
104,111,0.221349
104,112,0.158378
104,113,-0.008866
104,114,0.088059
104,115,0.064637
104,116,0.043473
104,117,0.030081
104,118,0.042059
104,119,0.022122
104,120,0.006023
104,121,0.050555
104,122,0.049872
104,123,0.030782
104,124,0.074451
104,125,0.114631
104,126,0.081587
104,127,0.056484
104,128,-0.002266
104,129,0.009729
104,130,-0.016134
104,131,0.031622
104,132,0.074801
104,133,0.113889
104,134,0.071785
104,135,0.040151
104,136,0.030323
104,137,0.075202
104,138,0.049812
104,139,0.039734
104,140,0.106481
104,141,0.131508
104,142,0.126068
104,143,0.167574
104,144,0.224331
104,145,0.148252
104,146,0.182433
104,147,0.196449
104,148,0.078990
104,149,0.130088
104,150,0.046166
104,151,0.064731
104,152,0.084015
104,153,0.041051
104,154,0.025256
104,155,0.031375
104,156,0.042715
104,157,0.073817
104,158,0.102717
104,159,0.116096
104,160,0.132484
104,161,0.120225
104,162,0.167047
104,163,0.148872
104,164,0.092831
104,165,0.144850
104,166,0.127486
104,167,0.082503
104,168,0.051399
104,169,0.074722
104,170,0.127309
104,171,0.141995
104,172,0.150747
104,173,0.182431
104,174,0.135556
104,175,0.110425
104,176,0.121634
104,177,0.153173
104,178,0.134636
104,179,0.111513
104,180,0.101000
104,181,0.138771
104,182,0.128435
104,183,0.089939
104,184,0.067681
104,185,0.081069
104,186,0.066532
104,187,0.109147
104,188,0.103384
104,189,0.122593
104,190,0.089137
104,191,0.050392
104,192,0.059103
105,1,0.046211
105,2,0.131233
105,3,0.179364
105,4,0.118838
105,5,0.181682
105,6,0.237446
105,7,0.178494
105,8,0.195551
105,9,0.249473
105,10,0.215132
105,11,0.229449
105,12,0.186583
105,13,0.093800
105,14,0.056259
105,15,0.147339
105,16,0.242564
105,17,0.413536
105,18,0.396588
105,19,0.381636
105,20,0.406703
105,21,0.399054
105,22,0.407511
105,23,0.312581
105,24,0.326936
105,25,0.267726
105,26,0.192138
105,27,0.143864
105,28,0.219553
105,29,0.210798
105,30,0.209880
105,31,0.211641
105,32,0.190241
105,33,0.131396
105,34,0.142137
105,35,0.224474
105,36,0.094870
105,37,0.029964
105,38,0.080289
105,39,0.135506
105,40,0.130397
105,41,0.221257
105,42,0.301297
105,43,0.399891
105,44,0.425369
105,45,0.464351
105,46,0.418514
105,47,0.369332
105,48,0.204653
105,49,0.127100
105,50,0.159257
105,51,0.104940
105,52,0.211663
105,53,0.104162
105,54,0.143717
105,55,0.260062
105,56,0.143639
105,57,0.148971
105,58,0.139215
105,59,0.207323
105,60,0.247193
105,61,0.266907
105,62,0.303451
105,63,0.344247
105,64,0.318394
105,65,0.208721
105,66,0.219672
105,67,0.141740
105,68,0.122281
105,69,0.066375
105,70,0.123889
105,71,0.271906
105,72,0.320533
105,73,0.349082
105,74,0.348583
105,75,0.367309
105,76,0.470772
105,77,0.349815
105,78,0.460000
105,79,0.355061
105,80,0.282952
105,81,0.313157
105,82,0.245147
105,83,0.246039
105,84,0.285199
105,85,0.256221
105,86,0.205882
105,87,0.226404
105,88,0.219848
105,89,0.224799
105,90,0.196435
105,91,0.145574
105,92,0.122176
105,93,0.086185
105,94,0.124906
105,95,0.186118
105,96,0.229838
105,97,0.306393
105,98,0.328222
105,99,0.421706
105,100,0.460076
105,101,0.522364
105,102,0.566368
105,103,0.530416
105,104,0.805495
105,105,1.000000
105,106,0.776216
105,107,0.517592
105,108,0.431466
105,109,0.425682
105,110,0.377670
105,111,0.281180
105,112,0.223638
105,113,-0.024473
105,114,0.089451
105,115,0.071565
105,116,0.039794
105,117,0.034897
105,118,0.035750
105,119,0.036327
105,120,0.006695
105,121,0.081739
105,122,0.070818
105,123,0.063976
105,124,0.128388
105,125,0.168817
105,126,0.120862
105,127,0.095395
105,128,0.027320
105,129,0.042881
105,130,0.008739
105,131,0.104695
105,132,0.075480
105,133,0.091356
105,134,0.094308
105,135,0.051105
105,136,0.038725
105,137,0.106027
105,138,0.062452
105,139,0.060185
105,140,0.131449
105,141,0.154630
105,142,0.152031
105,143,0.204010
105,144,0.268000
105,145,0.181275
105,146,0.242271
105,147,0.245664
105,148,0.054171
105,149,0.100252
105,150,0.034562
105,151,0.085685
105,152,0.122981
105,153,0.062359
105,154,0.066361
105,155,0.088670
105,156,0.111986
105,157,0.130141
105,158,0.147739
105,159,0.178987
105,160,0.202552
105,161,0.186993
105,162,0.225632
105,163,0.212300
105,164,0.148869
105,165,0.198365
105,166,0.212074
105,167,0.133480
105,168,0.098530
105,169,0.115135
105,170,0.164953
105,171,0.182159
105,172,0.204710
105,173,0.241265
105,174,0.193559
105,175,0.147630
105,176,0.162737
105,177,0.209860
105,178,0.183952
105,179,0.163035
105,180,0.131051
105,181,0.144997
105,182,0.168324
105,183,0.127319
105,184,0.092392
105,185,0.100086
105,186,0.083688
105,187,0.125667
105,188,0.109078
105,189,0.124389
105,190,0.091961
105,191,0.030821
105,192,0.061786
106,1,0.057426
106,2,0.145581
106,3,0.179875
106,4,0.123305
106,5,0.189943
106,6,0.229833
106,7,0.170805
106,8,0.194118
106,9,0.262497
106,10,0.231184
106,11,0.241259
106,12,0.181614
106,13,0.078409
106,14,0.064076
106,15,0.173380
106,16,0.298032
106,17,0.492288
106,18,0.445565
106,19,0.430248
106,20,0.463000
106,21,0.468215
106,22,0.490770
106,23,0.383484
106,24,0.392702
106,25,0.317604
106,26,0.213230
106,27,0.152858
106,28,0.234914
106,29,0.220595
106,30,0.241015
106,31,0.209216
106,32,0.225858
106,33,0.145112
106,34,0.145845
106,35,0.210495
106,36,0.103659
106,37,0.014974
106,38,0.086461
106,39,0.165060
106,40,0.155158
106,41,0.293959
106,42,0.403588
106,43,0.549118
106,44,0.574809
106,45,0.627061
106,46,0.569251
106,47,0.497902
106,48,0.261569
106,49,0.153140
106,50,0.187118
106,51,0.120189
106,52,0.221614
106,53,0.101017
106,54,0.151623
106,55,0.265040
106,56,0.167578
106,57,0.170623
106,58,0.169603
106,59,0.235517
106,60,0.265165
106,61,0.286781
106,62,0.414434
106,63,0.458701
106,64,0.453555
106,65,0.294451
106,66,0.300116
106,67,0.217570
106,68,0.167289
106,69,0.058698
106,70,0.129715
106,71,0.336296
106,72,0.410013
106,73,0.431799
106,74,0.442309
106,75,0.412664
106,76,0.578777
106,77,0.421017
106,78,0.585638
106,79,0.465010
106,80,0.369173
106,81,0.424308
106,82,0.338982
106,83,0.337365
106,84,0.399024
106,85,0.352708
106,86,0.285423
106,87,0.309802
106,88,0.299727
106,89,0.306679
106,90,0.260366
106,91,0.191538
106,92,0.131451
106,93,0.107510
106,94,0.142728
106,95,0.228489
106,96,0.286741
106,97,0.371927
106,98,0.443928
106,99,0.558499
106,100,0.649246
106,101,0.721773
106,102,0.758809
106,103,0.686429
106,104,0.537045
106,105,0.776216
106,106,1.000000
106,107,0.730595
106,108,0.550194
106,109,0.516267
106,110,0.433783
106,111,0.298102
106,112,0.241185
106,113,-0.008107
106,114,0.091635
106,115,0.082132
106,116,0.055186
106,117,0.048960
106,118,0.025165
106,119,0.043813
106,120,-0.001714
106,121,0.091332
106,122,0.047510
106,123,0.066842
106,124,0.164324
106,125,0.212195
106,126,0.155019
106,127,0.135277
106,128,0.069772
106,129,0.067218
106,130,0.029656
106,131,0.153398
106,132,0.092671
106,133,0.089209
106,134,0.109898
106,135,0.061844
106,136,0.069593
106,137,0.104653
106,138,0.043150
106,139,0.052893
106,140,0.118580
106,141,0.135794
106,142,0.168471
106,143,0.246340
106,144,0.304029
106,145,0.220582
106,146,0.320532
106,147,0.323996
106,148,0.068441
106,149,0.101043
106,150,0.049444
106,151,0.100021
106,152,0.131488
106,153,0.069018
106,154,0.083614
106,155,0.123071
106,156,0.147789
106,157,0.153369
106,158,0.178559
106,159,0.207752
106,160,0.232134
106,161,0.224389
106,162,0.262180
106,163,0.251923
106,164,0.188154
106,165,0.253956
106,166,0.303744
106,167,0.201507
106,168,0.135066
106,169,0.139132
106,170,0.189787
106,171,0.206681
106,172,0.237090
106,173,0.272590
106,174,0.237944
106,175,0.182333
106,176,0.195665
106,177,0.251870
106,178,0.216555
106,179,0.197792
106,180,0.157781
106,181,0.165617
106,182,0.200267
106,183,0.156576
106,184,0.111890
106,185,0.107139
106,186,0.108056
106,187,0.129810
106,188,0.128794
106,189,0.128319
106,190,0.099040
106,191,0.010742
106,192,0.043848
107,1,0.068946
107,2,0.163766
107,3,0.175634
107,4,0.111779
107,5,0.196444
107,6,0.241433
107,7,0.189968
107,8,0.182278
107,9,0.266494
107,10,0.218908
107,11,0.227327
107,12,0.178184
107,13,0.103205
107,14,0.086034
107,15,0.187987
107,16,0.315842
107,17,0.530959
107,18,0.493082
107,19,0.477775
107,20,0.499643
107,21,0.512073
107,22,0.508423
107,23,0.408927
107,24,0.394704
107,25,0.319817
107,26,0.217528
107,27,0.168865
107,28,0.239612
107,29,0.206917
107,30,0.219595
107,31,0.203483
107,32,0.229802
107,33,0.150026
107,34,0.161143
107,35,0.225850
107,36,0.047772
107,37,-0.053440
107,38,0.116208
107,39,0.214964
107,40,0.197431
107,41,0.303780
107,42,0.427947
107,43,0.601975
107,44,0.639104
107,45,0.769317
107,46,0.693085
107,47,0.642851
107,48,0.306701
107,49,0.175935
107,50,0.209555
107,51,0.108562
107,52,0.206815
107,53,0.135511
107,54,0.169933
107,55,0.266417
107,56,0.163843
107,57,0.192337
107,58,0.197998
107,59,0.270278
107,60,0.289370
107,61,0.325379
107,62,0.531811
107,63,0.597592
107,64,0.564396
107,65,0.402669
107,66,0.280510
107,67,0.243132
107,68,0.155903
107,69,0.054789
107,70,0.115413
107,71,0.279298
107,72,0.395696
107,73,0.423438
107,74,0.402797
107,75,0.382346
107,76,0.588182
107,77,0.424501
107,78,0.654671
107,79,0.531961
107,80,0.424730
107,81,0.483230
107,82,0.405820
107,83,0.388353
107,84,0.444769
107,85,0.389075
107,86,0.303155
107,87,0.316036
107,88,0.309069
107,89,0.321828
107,90,0.295753
107,91,0.211193
107,92,0.177086
107,93,0.183041
107,94,0.192009
107,95,0.302278
107,96,0.403073
107,97,0.518380
107,98,0.622571
107,99,0.745886
107,100,0.784678
107,101,0.774698
107,102,0.713938
107,103,0.585316
107,104,0.349562
107,105,0.517592
107,106,0.730595
107,107,1.000000
107,108,0.721745
107,109,0.642100
107,110,0.508495
107,111,0.349922
107,112,0.275371
107,113,-0.000081
107,114,0.119460
107,115,0.100145
107,116,0.081700
107,117,0.054802
107,118,0.048959
107,119,0.032365
107,120,-0.012428
107,121,0.085479
107,122,0.044601
107,123,0.068611
107,124,0.176547
107,125,0.226080
107,126,0.163776
107,127,0.148606
107,128,0.070966
107,129,0.087575
107,130,0.044190
107,131,0.173459
107,132,0.109332
107,133,0.106642
107,134,0.121583
107,135,0.094639
107,136,0.108941
107,137,0.134563
107,138,0.048381
107,139,0.065051
107,140,0.127816
107,141,0.120384
107,142,0.158930
107,143,0.252772
107,144,0.308878
107,145,0.216250
107,146,0.339902
107,147,0.350015
107,148,0.045166
107,149,0.082387
107,150,0.015306
107,151,0.070237
107,152,0.100982
107,153,0.062847
107,154,0.102624
107,155,0.146408
107,156,0.169313
107,157,0.183546
107,158,0.216272
107,159,0.246556
107,160,0.259806
107,161,0.261855
107,162,0.286547
107,163,0.270948
107,164,0.207612
107,165,0.275884
107,166,0.337037
107,167,0.227628
107,168,0.150444
107,169,0.159711
107,170,0.212371
107,171,0.244498
107,172,0.269517
107,173,0.320994
107,174,0.296136
107,175,0.254419
107,176,0.240194
107,177,0.268569
107,178,0.223678
107,179,0.190907
107,180,0.159516
107,181,0.189579
107,182,0.241707
107,183,0.222596
107,184,0.167528
107,185,0.150046
107,186,0.148992
107,187,0.170789
107,188,0.166352
107,189,0.145276
107,190,0.127524
107,191,0.036961
107,192,0.073143
108,1,0.050707
108,2,0.159349
108,3,0.194229
108,4,0.131612
108,5,0.215492
108,6,0.291946
108,7,0.243846
108,8,0.197125
108,9,0.278460
108,10,0.215183
108,11,0.226592
108,12,0.160528
108,13,0.114597
108,14,0.112653
108,15,0.212156
108,16,0.311806
108,17,0.476342
108,18,0.447947
108,19,0.434496
108,20,0.453213
108,21,0.461238
108,22,0.462865
108,23,0.389354
108,24,0.374528
108,25,0.339695
108,26,0.218068
108,27,0.158465
108,28,0.213891
108,29,0.188075
108,30,0.197524
108,31,0.217884
108,32,0.232711
108,33,0.126847
108,34,0.161262
108,35,0.239430
108,36,0.073278
108,37,-0.054633
108,38,0.117483
108,39,0.242250
108,40,0.199694
108,41,0.276151
108,42,0.444981
108,43,0.575202
108,44,0.583417
108,45,0.734032
108,46,0.737247
108,47,0.647077
108,48,0.286975
108,49,0.165338
108,50,0.204835
108,51,0.100898
108,52,0.175906
108,53,0.150768
108,54,0.151723
108,55,0.232363
108,56,0.135118
108,57,0.169019
108,58,0.179923
108,59,0.252681
108,60,0.272773
108,61,0.308103
108,62,0.509612
108,63,0.586381
108,64,0.511156
108,65,0.385988
108,66,0.247372
108,67,0.227532
108,68,0.144566
108,69,0.033325
108,70,0.081330
108,71,0.208928
108,72,0.329261
108,73,0.355459
108,74,0.310957
108,75,0.295794
108,76,0.463742
108,77,0.309137
108,78,0.497452
108,79,0.431777
108,80,0.340086
108,81,0.444839
108,82,0.383322
108,83,0.369200
108,84,0.429401
108,85,0.389756
108,86,0.313303
108,87,0.321043
108,88,0.330944
108,89,0.347704
108,90,0.327581
108,91,0.224474
108,92,0.195937
108,93,0.203761
108,94,0.212414
108,95,0.339841
108,96,0.451190
108,97,0.604190
108,98,0.655746
108,99,0.709409
108,100,0.635115
108,101,0.615172
108,102,0.551663
108,103,0.444562
108,104,0.309926
108,105,0.431466
108,106,0.550194
108,107,0.721745
108,108,1.000000
108,109,0.791995
108,110,0.579399
108,111,0.384765
108,112,0.289087
108,113,0.021126
108,114,0.143761
108,115,0.118220
108,116,0.090779
108,117,0.048210
108,118,0.063508
108,119,0.053115
108,120,0.023783
108,121,0.095363
108,122,0.056182
108,123,0.076760
108,124,0.165248
108,125,0.218236
108,126,0.155310
108,127,0.138058
108,128,0.050505
108,129,0.069795
108,130,0.030560
108,131,0.118171
108,132,0.095746
108,133,0.135281
108,134,0.129242
108,135,0.106216
108,136,0.156032
108,137,0.162060
108,138,0.060638
108,139,0.066483
108,140,0.154666
108,141,0.145886
108,142,0.155397
108,143,0.230090
108,144,0.300967
108,145,0.226390
108,146,0.309765
108,147,0.320809
108,148,0.023722
108,149,0.070803
108,150,0.006985
108,151,0.075145
108,152,0.099039
108,153,0.059276
108,154,0.100778
108,155,0.136982
108,156,0.157983
108,157,0.181144
108,158,0.212751
108,159,0.244448
108,160,0.265248
108,161,0.257592
108,162,0.289775
108,163,0.277234
108,164,0.207301
108,165,0.253240
108,166,0.289664
108,167,0.165564
108,168,0.087789
108,169,0.095398
108,170,0.178681
108,171,0.216643
108,172,0.282759
108,173,0.314484
108,174,0.289015
108,175,0.270522
108,176,0.282739
108,177,0.315477
108,178,0.258173
108,179,0.226110
108,180,0.197681
108,181,0.222059
108,182,0.267958
108,183,0.217045
108,184,0.150677
108,185,0.121031
108,186,0.090843
108,187,0.113359
108,188,0.106410
108,189,0.085285
108,190,0.072988
108,191,0.041888
108,192,0.130958
109,1,0.039116
109,2,0.182926
109,3,0.225693
109,4,0.160089
109,5,0.256568
109,6,0.342201
109,7,0.273298
109,8,0.208415
109,9,0.296736
109,10,0.241149
109,11,0.269579
109,12,0.184103
109,13,0.127201
109,14,0.104290
109,15,0.200689
109,16,0.291451
109,17,0.475610
109,18,0.452302
109,19,0.426233
109,20,0.448180
109,21,0.460022
109,22,0.454884
109,23,0.363937
109,24,0.340657
109,25,0.303286
109,26,0.201549
109,27,0.178834
109,28,0.246852
109,29,0.222722
109,30,0.233397
109,31,0.239054
109,32,0.232050
109,33,0.156430
109,34,0.207893
109,35,0.268912
109,36,0.088990
109,37,-0.028039
109,38,0.138876
109,39,0.227868
109,40,0.213740
109,41,0.259763
109,42,0.384914
109,43,0.506493
109,44,0.538321
109,45,0.629806
109,46,0.631503
109,47,0.630828
109,48,0.329584
109,49,0.194260
109,50,0.248899
109,51,0.152994
109,52,0.212154
109,53,0.133724
109,54,0.177187
109,55,0.284768
109,56,0.164243
109,57,0.186213
109,58,0.225048
109,59,0.286494
109,60,0.314089
109,61,0.353108
109,62,0.458831
109,63,0.550760
109,64,0.471945
109,65,0.353694
109,66,0.227157
109,67,0.203904
109,68,0.132255
109,69,0.071152
109,70,0.118891
109,71,0.221196
109,72,0.323074
109,73,0.335851
109,74,0.301939
109,75,0.308965
109,76,0.424916
109,77,0.303699
109,78,0.459943
109,79,0.385228
109,80,0.299637
109,81,0.404290
109,82,0.339234
109,83,0.317329
109,84,0.374413
109,85,0.350604
109,86,0.256794
109,87,0.272782
109,88,0.299940
109,89,0.330974
109,90,0.352794
109,91,0.258606
109,92,0.264792
109,93,0.241001
109,94,0.247217
109,95,0.387324
109,96,0.516363
109,97,0.656199
109,98,0.614218
109,99,0.637425
109,100,0.561174
109,101,0.549885
109,102,0.513312
109,103,0.433519
109,104,0.314875
109,105,0.425682
109,106,0.516267
109,107,0.642100
109,108,0.791995
109,109,1.000000
109,110,0.756480
109,111,0.526954
109,112,0.342193
109,113,0.051790
109,114,0.166380
109,115,0.141002
109,116,0.098310
109,117,0.055020
109,118,0.062964
109,119,0.085165
109,120,0.079368
109,121,0.130610
109,122,0.077156
109,123,0.107044
109,124,0.179341
109,125,0.220250
109,126,0.153164
109,127,0.130235
109,128,0.054022
109,129,0.062554
109,130,0.028465
109,131,0.094012
109,132,0.111161
109,133,0.152959
109,134,0.127475
109,135,0.114036
109,136,0.169085
109,137,0.172515
109,138,0.058671
109,139,0.082146
109,140,0.155733
109,141,0.151498
109,142,0.157936
109,143,0.236351
109,144,0.294057
109,145,0.200418
109,146,0.299501
109,147,0.316562
109,148,0.055752
109,149,0.089096
109,150,0.030520
109,151,0.082951
109,152,0.109772
109,153,0.071820
109,154,0.090278
109,155,0.114377
109,156,0.131267
109,157,0.178048
109,158,0.219107
109,159,0.247291
109,160,0.266016
109,161,0.252448
109,162,0.278075
109,163,0.271074
109,164,0.203029
109,165,0.254115
109,166,0.264717
109,167,0.125743
109,168,0.054422
109,169,0.082477
109,170,0.185003
109,171,0.217353
109,172,0.284303
109,173,0.305956
109,174,0.269995
109,175,0.252630
109,176,0.275603
109,177,0.316405
109,178,0.257809
109,179,0.228790
109,180,0.190164
109,181,0.228613
109,182,0.262309
109,183,0.204791
109,184,0.122880
109,185,0.099608
109,186,0.076736
109,187,0.114273
109,188,0.108913
109,189,0.101184
109,190,0.081660
109,191,0.068536
109,192,0.134305
110,1,0.004913
110,2,0.146041
110,3,0.222924
110,4,0.180891
110,5,0.300251
110,6,0.417143
110,7,0.322360
110,8,0.244899
110,9,0.335357
110,10,0.286805
110,11,0.300053
110,12,0.155477
110,13,0.089198
110,14,0.045931
110,15,0.146635
110,16,0.247633
110,17,0.417027
110,18,0.391242
110,19,0.365249
110,20,0.381598
110,21,0.395694
110,22,0.391574
110,23,0.322381
110,24,0.309753
110,25,0.269480
110,26,0.135705
110,27,0.110926
110,28,0.208911
110,29,0.204661
110,30,0.283560
110,31,0.237692
110,32,0.182962
110,33,0.164039
110,34,0.189905
110,35,0.238172
110,36,0.127304
110,37,-0.037466
110,38,0.123030
110,39,0.136840
110,40,0.136216
110,41,0.235332
110,42,0.331479
110,43,0.404148
110,44,0.418892
110,45,0.482432
110,46,0.492023
110,47,0.498889
110,48,0.297572
110,49,0.189502
110,50,0.251158
110,51,0.195033
110,52,0.256007
110,53,0.092188
110,54,0.176229
110,55,0.309424
110,56,0.204409
110,57,0.171941
110,58,0.215876
110,59,0.232155
110,60,0.237990
110,61,0.264832
110,62,0.323508
110,63,0.397395
110,64,0.352183
110,65,0.207781
110,66,0.161942
110,67,0.100782
110,68,0.088283
110,69,0.129736
110,70,0.165883
110,71,0.192888
110,72,0.287294
110,73,0.304264
110,74,0.255758
110,75,0.294211
110,76,0.360443
110,77,0.274179
110,78,0.381158
110,79,0.319249
110,80,0.241269
110,81,0.333142
110,82,0.280115
110,83,0.242816
110,84,0.294434
110,85,0.287430
110,86,0.195192
110,87,0.219432
110,88,0.249139
110,89,0.247213
110,90,0.286174
110,91,0.232346
110,92,0.299020
110,93,0.176169
110,94,0.180675
110,95,0.276956
110,96,0.387348
110,97,0.485469
110,98,0.462513
110,99,0.480815
110,100,0.442005
110,101,0.444361
110,102,0.432436
110,103,0.375545
110,104,0.288868
110,105,0.377670
110,106,0.433783
110,107,0.508495
110,108,0.579399
110,109,0.756480
110,110,1.000000
110,111,0.740392
110,112,0.385508
110,113,0.097991
110,114,0.166393
110,115,0.152838
110,116,0.088751
110,117,0.040241
110,118,0.061319
110,119,0.112952
110,120,0.106300
110,121,0.135713
110,122,0.055409
110,123,0.099305
110,124,0.180507
110,125,0.227159
110,126,0.167397
110,127,0.130280
110,128,0.062946
110,129,0.023146
110,130,0.041327
110,131,0.092923
110,132,0.122557
110,133,0.150017
110,134,0.127360
110,135,0.125716
110,136,0.137408
110,137,0.159757
110,138,0.054216
110,139,0.087716
110,140,0.123522
110,141,0.109437
110,142,0.116802
110,143,0.191579
110,144,0.218909
110,145,0.127848
110,146,0.222446
110,147,0.234951
110,148,0.082180
110,149,0.112113
110,150,0.082138
110,151,0.104599
110,152,0.135597
110,153,0.086163
110,154,0.081765
110,155,0.104821
110,156,0.120808
110,157,0.166197
110,158,0.208646
110,159,0.225795
110,160,0.243062
110,161,0.230801
110,162,0.252206
110,163,0.240985
110,164,0.176373
110,165,0.217158
110,166,0.180964
110,167,0.083650
110,168,0.030661
110,169,0.058269
110,170,0.165589
110,171,0.195305
110,172,0.255923
110,173,0.274756
110,174,0.226576
110,175,0.210445
110,176,0.243227
110,177,0.286937
110,178,0.242003
110,179,0.230252
110,180,0.177625
110,181,0.190098
110,182,0.225403
110,183,0.163588
110,184,0.085051
110,185,0.053196
110,186,0.043908
110,187,0.092641
110,188,0.090477
110,189,0.091538
110,190,0.057480
110,191,0.111989
110,192,0.170725
111,1,0.024447
111,2,0.145392
111,3,0.212772
111,4,0.178104
111,5,0.306545
111,6,0.402075
111,7,0.327938
111,8,0.258196
111,9,0.310546
111,10,0.292014
111,11,0.297481
111,12,0.160680
111,13,0.084680
111,14,0.040391
111,15,0.116644
111,16,0.181441
111,17,0.324404
111,18,0.297867
111,19,0.276215
111,20,0.273119
111,21,0.306345
111,22,0.266020
111,23,0.225615
111,24,0.181055
111,25,0.179772
111,26,0.073685
111,27,0.074020
111,28,0.181511
111,29,0.209105
111,30,0.278077
111,31,0.215185
111,32,0.102642
111,33,0.164654
111,34,0.189952
111,35,0.230606
111,36,0.151755
111,37,0.074841
111,38,0.213090
111,39,0.110399
111,40,0.132199
111,41,0.142453
111,42,0.192626
111,43,0.262468
111,44,0.302364
111,45,0.324281
111,46,0.322369
111,47,0.363468
111,48,0.235042
111,49,0.163616
111,50,0.257250
111,51,0.245755
111,52,0.253126
111,53,0.093747
111,54,0.191098
111,55,0.319816
111,56,0.212007
111,57,0.134889
111,58,0.183053
111,59,0.193124
111,60,0.208866
111,61,0.262821
111,62,0.231810
111,63,0.294102
111,64,0.254997
111,65,0.178288
111,66,0.138175
111,67,0.090469
111,68,0.060244
111,69,0.158561
111,70,0.187569
111,71,0.148741
111,72,0.179258
111,73,0.183191
111,74,0.148369
111,75,0.194903
111,76,0.224776
111,77,0.170101
111,78,0.242368
111,79,0.190669
111,80,0.140927
111,81,0.212082
111,82,0.168705
111,83,0.151338
111,84,0.191262
111,85,0.186705
111,86,0.111858
111,87,0.143181
111,88,0.180909
111,89,0.206922
111,90,0.224486
111,91,0.191896
111,92,0.300199
111,93,0.149695
111,94,0.115441
111,95,0.211015
111,96,0.347030
111,97,0.399635
111,98,0.355550
111,99,0.351656
111,100,0.298215
111,101,0.299959
111,102,0.315330
111,103,0.312638
111,104,0.221349
111,105,0.281180
111,106,0.298102
111,107,0.349922
111,108,0.384765
111,109,0.526954
111,110,0.740392
111,111,1.000000
111,112,0.427072
111,113,0.132632
111,114,0.152257
111,115,0.136252
111,116,0.053195
111,117,0.001129
111,118,0.050507
111,119,0.138243
111,120,0.155639
111,121,0.169595
111,122,0.096875
111,123,0.109254
111,124,0.136009
111,125,0.175428
111,126,0.130282
111,127,0.106302
111,128,0.052959
111,129,0.019479
111,130,0.034921
111,131,0.065904
111,132,0.145832
111,133,0.167515
111,134,0.124142
111,135,0.136055
111,136,0.145709
111,137,0.187504
111,138,0.084239
111,139,0.115961
111,140,0.138017
111,141,0.120230
111,142,0.103380
111,143,0.138840
111,144,0.178959
111,145,0.114423
111,146,0.159527
111,147,0.172358
111,148,0.122620
111,149,0.146724
111,150,0.108014
111,151,0.127540
111,152,0.156169
111,153,0.098732
111,154,0.096159
111,155,0.096009
111,156,0.124461
111,157,0.176166
111,158,0.183249
111,159,0.191782
111,160,0.219761
111,161,0.171914
111,162,0.220217
111,163,0.211691
111,164,0.151821
111,165,0.194507
111,166,0.154086
111,167,0.084597
111,168,0.056591
111,169,0.056503
111,170,0.139655
111,171,0.171987
111,172,0.237496
111,173,0.241345
111,174,0.210493
111,175,0.218909
111,176,0.247793
111,177,0.247963
111,178,0.199041
111,179,0.213492
111,180,0.175592
111,181,0.176772
111,182,0.215138
111,183,0.164039
111,184,0.090197
111,185,0.052501
111,186,0.027556
111,187,0.075417
111,188,0.057418
111,189,0.062853
111,190,0.054053
111,191,0.114997
111,192,0.151997
112,1,0.064880
112,2,0.158382
112,3,0.124757
112,4,0.070355
112,5,0.193607
112,6,0.304474
112,7,0.308931
112,8,0.313471
112,9,0.316496
112,10,0.236029
112,11,0.210140
112,12,0.134242
112,13,0.070641
112,14,-0.006878
112,15,0.067581
112,16,0.138075
112,17,0.353311
112,18,0.382049
112,19,0.385947
112,20,0.318669
112,21,0.283963
112,22,0.194867
112,23,0.219056
112,24,0.209395
112,25,0.153993
112,26,0.047597
112,27,0.061660
112,28,0.150670
112,29,0.153461
112,30,0.180270
112,31,0.124270
112,32,0.044930
112,33,0.037262
112,34,0.094292
112,35,0.360955
112,36,0.131160
112,37,0.020152
112,38,0.287415
112,39,0.179277
112,40,0.102936
112,41,0.089424
112,42,0.128386
112,43,0.204035
112,44,0.264854
112,45,0.272286
112,46,0.252614
112,47,0.290994
112,48,0.223951
112,49,0.153230
112,50,0.243639
112,51,0.046358
112,52,0.119731
112,53,0.201746
112,54,0.189915
112,55,0.288894
112,56,0.127608
112,57,0.111677
112,58,0.149847
112,59,0.203925
112,60,0.185201
112,61,0.241618
112,62,0.175050
112,63,0.221294
112,64,0.156996
112,65,0.060783
112,66,-0.059025
112,67,-0.048375
112,68,0.028227
112,69,0.131944
112,70,0.133388
112,71,0.099588
112,72,0.139613
112,73,0.173493
112,74,0.101781
112,75,0.146819
112,76,0.211009
112,77,0.168323
112,78,0.228316
112,79,0.172998
112,80,0.146812
112,81,0.175686
112,82,0.169408
112,83,0.143157
112,84,0.157689
112,85,0.148477
112,86,0.083311
112,87,0.102168
112,88,0.098999
112,89,0.050086
112,90,0.085044
112,91,0.026658
112,92,0.094612
112,93,0.053646
112,94,0.042244
112,95,0.078877
112,96,0.144564
112,97,0.223988
112,98,0.223928
112,99,0.260052
112,100,0.213419
112,101,0.253092
112,102,0.229659
112,103,0.155725
112,104,0.158378
112,105,0.223638
112,106,0.241185
112,107,0.275371
112,108,0.289087
112,109,0.342193
112,110,0.385508
112,111,0.427072
112,112,1.000000
112,113,0.210650
112,114,0.143919
112,115,0.067391
112,116,-0.049048
112,117,-0.058939
112,118,0.002626
112,119,0.007633
112,120,0.069974
112,121,0.147984
112,122,0.111519
112,123,0.143319
112,124,0.202166
112,125,0.182781
112,126,0.137307
112,127,0.129124
112,128,0.092254
112,129,0.035944
112,130,-0.030846
112,131,0.179582
112,132,0.069889
112,133,0.069381
112,134,0.104892
112,135,0.129160
112,136,0.069878
112,137,0.127014
112,138,0.047984
112,139,0.050939
112,140,0.073209
112,141,0.053383
112,142,0.019444
112,143,0.101752
112,144,0.119768
112,145,0.029895
112,146,0.102643
112,147,0.126234
112,148,-0.083051
112,149,-0.075073
112,150,-0.029305
112,151,0.067210
112,152,0.088388
112,153,0.048651
112,154,0.042983
112,155,0.101312
112,156,0.124078
112,157,0.181393
112,158,0.197637
112,159,0.202612
112,160,0.189351
112,161,0.187799
112,162,0.162553
112,163,0.168762
112,164,0.146893
112,165,0.143033
112,166,0.143878
112,167,0.154919
112,168,0.132698
112,169,0.158107
112,170,0.140921
112,171,0.120373
112,172,0.138339
112,173,0.148839
112,174,0.118514
112,175,0.116867
112,176,0.134763
112,177,0.151930
112,178,0.109156
112,179,0.094640
112,180,0.066778
112,181,0.110997
112,182,0.128008
112,183,0.111808
112,184,0.085218
112,185,0.077278
112,186,0.069771
112,187,0.110089
112,188,0.087480
112,189,0.087829
112,190,0.096698
112,191,0.056645
112,192,0.132902
113,1,0.062981
113,2,0.123768
113,3,0.123874
113,4,0.102795
113,5,0.076426
113,6,0.127901
113,7,0.167452
113,8,0.214660
113,9,0.155428
113,10,0.146079
113,11,0.142422
113,12,0.158656
113,13,0.126837
113,14,0.079807
113,15,0.106440
113,16,0.091622
113,17,0.071741
113,18,0.052328
113,19,0.063486
113,20,0.079238
113,21,0.089512
113,22,0.068634
113,23,0.080293
113,24,0.078375
113,25,0.086598
113,26,0.070587
113,27,0.111277
113,28,0.136223
113,29,0.131415
113,30,0.115964
113,31,0.097638
113,32,0.037234
113,33,0.063824
113,34,0.088066
113,35,0.090000
113,36,0.141909
113,37,0.135045
113,38,0.177403
113,39,0.045524
113,40,0.005016
113,41,0.081704
113,42,0.077190
113,43,0.069832
113,44,0.033528
113,45,0.020379
113,46,0.029622
113,47,0.051226
113,48,0.117366
113,49,0.116931
113,50,0.122521
113,51,0.074655
113,52,0.032136
113,53,0.010955
113,54,0.020410
113,55,0.056453
113,56,0.093593
113,57,0.106110
113,58,0.154832
113,59,0.091990
113,60,0.080836
113,61,0.080765
113,62,-0.021587
113,63,0.026522
113,64,0.018632
113,65,0.022944
113,66,-0.009960
113,67,0.038099
113,68,0.098510
113,69,0.115644
113,70,0.096979
113,71,0.003771
113,72,0.002957
113,73,0.036146
113,74,-0.021761
113,75,0.005919
113,76,-0.010728
113,77,-0.037880
113,78,0.002132
113,79,-0.005803
113,80,0.009583
113,81,0.031695
113,82,0.040618
113,83,0.073271
113,84,0.089582
113,85,0.075291
113,86,0.110015
113,87,0.099685
113,88,0.105371
113,89,0.086220
113,90,0.079778
113,91,0.064150
113,92,0.060152
113,93,-0.001354
113,94,-0.011674
113,95,0.025467
113,96,-0.002955
113,97,-0.014809
113,98,0.026312
113,99,0.004013
113,100,-0.019861
113,101,0.005158
113,102,0.029690
113,103,0.069449
113,104,-0.008866
113,105,-0.024473
113,106,-0.008107
113,107,-0.000081
113,108,0.021126
113,109,0.051790
113,110,0.097991
113,111,0.132632
113,112,0.210650
113,113,1.000000
113,114,0.414416
113,115,0.389312
113,116,0.274274
113,117,0.227726
113,118,0.271183
113,119,0.234057
113,120,0.191023
113,121,0.172378
113,122,0.114863
113,123,0.145675
113,124,0.124376
113,125,0.191506
113,126,0.173579
113,127,0.137180
113,128,0.178172
113,129,0.094070
113,130,0.113485
113,131,0.059900
113,132,0.129987
113,133,0.167441
113,134,0.175434
113,135,0.142200
113,136,0.085062
113,137,0.104768
113,138,0.067973
113,139,0.030134
113,140,0.049609
113,141,0.099172
113,142,0.038289
113,143,-0.009589
113,144,0.019116
113,145,0.024900
113,146,-0.002955
113,147,-0.004543
113,148,-0.058450
113,149,0.023369
113,150,0.154017
113,151,0.162833
113,152,0.189760
113,153,0.153660
113,154,0.142777
113,155,0.122036
113,156,0.133503
113,157,0.155575
113,158,0.124553
113,159,0.142688
113,160,0.175481
113,161,0.133636
113,162,0.138875
113,163,0.127026
113,164,0.097181
113,165,0.092516
113,166,0.023869
113,167,0.010656
113,168,-0.033150
113,169,-0.041951
113,170,-0.032671
113,171,-0.012135
113,172,0.037884
113,173,0.047203
113,174,0.033716
113,175,0.053785
113,176,0.111491
113,177,0.164917
113,178,0.154474
113,179,0.146149
113,180,0.132407
113,181,0.124881
113,182,0.116415
113,183,0.054453
113,184,0.025951
113,185,0.012693
113,186,-0.029281
113,187,-0.019287
113,188,-0.072061
113,189,-0.088429
113,190,-0.080305
113,191,0.045591
113,192,0.093482
114,1,0.082456
114,2,0.132150
114,3,0.140903
114,4,0.102412
114,5,0.106515
114,6,0.158754
114,7,0.198733
114,8,0.233973
114,9,0.173728
114,10,0.170107
114,11,0.165318
114,12,0.151297
114,13,0.113869
114,14,0.100456
114,15,0.169810
114,16,0.189321
114,17,0.193622
114,18,0.162187
114,19,0.159903
114,20,0.173092
114,21,0.185414
114,22,0.191600
114,23,0.196313
114,24,0.198150
114,25,0.208533
114,26,0.107142
114,27,0.088066
114,28,0.150168
114,29,0.152133
114,30,0.123760
114,31,0.257195
114,32,0.193576
114,33,0.173719
114,34,0.179505
114,35,0.238361
114,36,0.208868
114,37,0.056656
114,38,0.135022
114,39,0.150900
114,40,0.106744
114,41,0.108560
114,42,0.135459
114,43,0.121945
114,44,0.089265
114,45,0.115202
114,46,0.124610
114,47,0.130533
114,48,0.099705
114,49,0.081255
114,50,0.147318
114,51,0.121859
114,52,0.061041
114,53,0.083241
114,54,0.154409
114,55,0.131017
114,56,0.104536
114,57,0.105888
114,58,0.116065
114,59,0.085908
114,60,0.097979
114,61,0.119750
114,62,0.097709
114,63,0.104785
114,64,0.071820
114,65,0.059613
114,66,0.028991
114,67,0.072345
114,68,0.086483
114,69,0.032557
114,70,0.037827
114,71,-0.005571
114,72,0.036913
114,73,0.077311
114,74,0.033529
114,75,0.040222
114,76,0.069851
114,77,0.028897
114,78,0.069049
114,79,0.042972
114,80,0.035529
114,81,0.077009
114,82,0.058552
114,83,0.076748
114,84,0.115731
114,85,0.100940
114,86,0.098817
114,87,0.101346
114,88,0.130506
114,89,0.153776
114,90,0.150259
114,91,0.102945
114,92,0.086734
114,93,0.030843
114,94,0.016985
114,95,0.037779
114,96,0.046326
114,97,0.075270
114,98,0.100101
114,99,0.109849
114,100,0.084365
114,101,0.090196
114,102,0.111829
114,103,0.120662
114,104,0.088059
114,105,0.089451
114,106,0.091635
114,107,0.119460
114,108,0.143761
114,109,0.166380
114,110,0.166393
114,111,0.152257
114,112,0.143919
114,113,0.414416
114,114,1.000000
114,115,0.760816
114,116,0.539329
114,117,0.374497
114,118,0.405185
114,119,0.251295
114,120,0.189145
114,121,0.151335
114,122,0.080959
114,123,0.110838
114,124,0.138280
114,125,0.212923
114,126,0.217548
114,127,0.174133
114,128,0.107553
114,129,0.083920
114,130,0.064800
114,131,0.139416
114,132,0.144664
114,133,0.178887
114,134,0.186517
114,135,0.153901
114,136,0.137397
114,137,0.114650
114,138,0.020744
114,139,-0.012735
114,140,0.078120
114,141,0.123136
114,142,0.072323
114,143,0.084839
114,144,0.130766
114,145,0.080049
114,146,0.083351
114,147,0.078331
114,148,-0.028329
114,149,0.045153
114,150,0.093122
114,151,0.136071
114,152,0.193850
114,153,0.152153
114,154,0.156784
114,155,0.133803
114,156,0.146599
114,157,0.197526
114,158,0.181065
114,159,0.192976
114,160,0.212741
114,161,0.186927
114,162,0.228147
114,163,0.193873
114,164,0.124397
114,165,0.117031
114,166,0.071032
114,167,-0.019476
114,168,-0.075617
114,169,-0.085570
114,170,-0.001865
114,171,0.000732
114,172,0.075474
114,173,0.079960
114,174,0.052128
114,175,0.077715
114,176,0.137422
114,177,0.256575
114,178,0.216921
114,179,0.201670
114,180,0.178360
114,181,0.156281
114,182,0.166321
114,183,0.102586
114,184,0.095233
114,185,0.068610
114,186,0.010095
114,187,0.008769
114,188,-0.041324
114,189,-0.043428
114,190,-0.027424
114,191,0.097050
114,192,0.099188
115,1,0.069197
115,2,0.119853
115,3,0.128349
115,4,0.089817
115,5,0.069536
115,6,0.111073
115,7,0.133462
115,8,0.128911
115,9,0.083242
115,10,0.108856
115,11,0.118338
115,12,0.125524
115,13,0.109381
115,14,0.122317
115,15,0.144941
115,16,0.145073
115,17,0.126551
115,18,0.091352
115,19,0.088713
115,20,0.125429
115,21,0.127728
115,22,0.152659
115,23,0.138030
115,24,0.147821
115,25,0.172483
115,26,0.108752
115,27,0.095322
115,28,0.128393
115,29,0.126353
115,30,0.091492
115,31,0.162418
115,32,0.144418
115,33,0.148039
115,34,0.188647
115,35,0.143209
115,36,0.172064
115,37,0.086389
115,38,0.083890
115,39,0.115978
115,40,0.080099
115,41,0.105994
115,42,0.139998
115,43,0.112263
115,44,0.075643
115,45,0.102321
115,46,0.100448
115,47,0.092181
115,48,0.091901
115,49,0.074207
115,50,0.131600
115,51,0.129349
115,52,0.108261
115,53,0.044523
115,54,0.117958
115,55,0.127614
115,56,0.088304
115,57,0.100002
115,58,0.087685
115,59,0.060096
115,60,0.064852
115,61,0.071716
115,62,0.046360
115,63,0.066716
115,64,0.055720
115,65,0.044839
115,66,0.079560
115,67,0.087275
115,68,0.095858
115,69,0.052877
115,70,0.053024
115,71,0.020866
115,72,0.037074
115,73,0.055907
115,74,0.044285
115,75,0.049318
115,76,0.069961
115,77,0.040963
115,78,0.068999
115,79,0.061516
115,80,0.058980
115,81,0.068354
115,82,0.063017
115,83,0.097635
115,84,0.131368
115,85,0.117079
115,86,0.117099
115,87,0.123249
115,88,0.137464
115,89,0.150229
115,90,0.144419
115,91,0.117599
115,92,0.116019
115,93,0.044091
115,94,0.031108
115,95,0.046689
115,96,0.039189
115,97,0.061279
115,98,0.065425
115,99,0.053627
115,100,0.047697
115,101,0.062308
115,102,0.104360
115,103,0.126007
115,104,0.064637
115,105,0.071565
115,106,0.082132
115,107,0.100145
115,108,0.118220
115,109,0.141002
115,110,0.152838
115,111,0.136252
115,112,0.067391
115,113,0.389312
115,114,0.760816
115,115,1.000000
115,116,0.749447
115,117,0.533653
115,118,0.503899
115,119,0.324002
115,120,0.226676
115,121,0.143603
115,122,0.068251
115,123,0.085592
115,124,0.098620
115,125,0.157989
115,126,0.137153
115,127,0.067779
115,128,0.056912
115,129,0.056987
115,130,0.061205
115,131,0.102906
115,132,0.146939
115,133,0.201318
115,134,0.152938
115,135,0.122383
115,136,0.107501
115,137,0.084004
115,138,0.020616
115,139,0.005989
115,140,0.082274
115,141,0.137131
115,142,0.115145
115,143,0.082731
115,144,0.106309
115,145,0.078283
115,146,0.062230
115,147,0.050334
115,148,0.009278
115,149,0.104811
115,150,0.128727
115,151,0.137086
115,152,0.187316
115,153,0.149597
115,154,0.150309
115,155,0.109544
115,156,0.114348
115,157,0.158295
115,158,0.126971
115,159,0.130818
115,160,0.170250
115,161,0.130464
115,162,0.164138
115,163,0.146910
115,164,0.091976
115,165,0.107394
115,166,0.063380
115,167,-0.032297
115,168,-0.089953
115,169,-0.080874
115,170,-0.011472
115,171,-0.004694
115,172,0.087778
115,173,0.065996
115,174,0.041322
115,175,0.077189
115,176,0.122083
115,177,0.198159
115,178,0.185392
115,179,0.153278
115,180,0.152423
115,181,0.141014
115,182,0.127718
115,183,0.061097
115,184,0.042854
115,185,0.027993
115,186,-0.030675
115,187,-0.037759
115,188,-0.071253
115,189,-0.070531
115,190,-0.074324
115,191,0.040231
115,192,0.095334
116,1,0.028696
116,2,0.056548
116,3,0.062573
116,4,0.030568
116,5,-0.010964
116,6,-0.005550
116,7,-0.002248
116,8,-0.003961
116,9,-0.013861
116,10,0.021370
116,11,0.045355
116,12,0.087582
116,13,0.083716
116,14,0.088889
116,15,0.098398
116,16,0.088261
116,17,0.057394
116,18,0.025816
116,19,0.016133
116,20,0.050676
116,21,0.074529
116,22,0.089780
116,23,0.052396
116,24,0.051527
116,25,0.071258
116,26,0.064724
116,27,0.088915
116,28,0.103448
116,29,0.099415
116,30,0.042330
116,31,0.076254
116,32,0.085172
116,33,0.115725
116,34,0.147657
116,35,0.021941
116,36,0.069056
116,37,0.066129
116,38,0.050788
116,39,0.109560
116,40,0.076355
116,41,0.085775
116,42,0.109186
116,43,0.072509
116,44,0.028110
116,45,0.067569
116,46,0.068806
116,47,0.069832
116,48,0.065380
116,49,0.044067
116,50,0.052249
116,51,0.114393
116,52,0.075849
116,53,0.004331
116,54,0.045175
116,55,0.042697
116,56,0.063069
116,57,0.082035
116,58,0.047240
116,59,0.019582
116,60,0.035717
116,61,0.049482
116,62,0.054294
116,63,0.079851
116,64,0.047558
116,65,0.056538
116,66,0.078274
116,67,0.101203
116,68,0.094881
116,69,0.038448
116,70,0.047091
116,71,0.035805
116,72,0.022939
116,73,0.029094
116,74,0.038151
116,75,0.041664
116,76,0.055980
116,77,0.045436
116,78,0.057780
116,79,0.054636
116,80,0.051934
116,81,0.035500
116,82,0.031648
116,83,0.048837
116,84,0.083878
116,85,0.060648
116,86,0.072116
116,87,0.074734
116,88,0.067579
116,89,0.089867
116,90,0.087408
116,91,0.068600
116,92,0.112623
116,93,0.053591
116,94,0.053174
116,95,0.054415
116,96,0.040579
116,97,0.057783
116,98,0.067229
116,99,0.052375
116,100,0.036685
116,101,0.039668
116,102,0.076927
116,103,0.102512
116,104,0.043473
116,105,0.039794
116,106,0.055186
116,107,0.081700
116,108,0.090779
116,109,0.098310
116,110,0.088751
116,111,0.053195
116,112,-0.049048
116,113,0.274274
116,114,0.539329
116,115,0.749447
116,116,1.000000
116,117,0.745424
116,118,0.654585
116,119,0.333103
116,120,0.223034
116,121,0.108162
116,122,0.069206
116,123,0.070384
116,124,0.045937
116,125,0.091880
116,126,0.100282
116,127,0.067791
116,128,0.036025
116,129,0.090183
116,130,0.107013
116,131,0.015518
116,132,0.103619
116,133,0.160133
116,134,0.088223
116,135,0.065911
116,136,0.030036
116,137,0.047612
116,138,0.004153
116,139,-0.000664
116,140,0.059472
116,141,0.116807
116,142,0.113804
116,143,0.087454
116,144,0.088533
116,145,0.072255
116,146,0.044302
116,147,0.033854
116,148,-0.000260
116,149,0.084708
116,150,0.114994
116,151,0.103777
116,152,0.128130
116,153,0.109181
116,154,0.115881
116,155,0.084054
116,156,0.061052
116,157,0.090836
116,158,0.075849
116,159,0.067555
116,160,0.097878
116,161,0.070804
116,162,0.103157
116,163,0.090516
116,164,0.056250
116,165,0.083078
116,166,0.042751
116,167,-0.053160
116,168,-0.093744
116,169,-0.082101
116,170,-0.031385
116,171,0.003525
116,172,0.068239
116,173,0.030757
116,174,0.021617
116,175,0.041019
116,176,0.052976
116,177,0.114588
116,178,0.079309
116,179,0.063284
116,180,0.077518
116,181,0.067424
116,182,0.053842
116,183,0.004561
116,184,-0.007321
116,185,-0.009715
116,186,-0.048857
116,187,-0.037499
116,188,-0.051062
116,189,-0.052702
116,190,-0.063348
116,191,0.024203
116,192,0.053254
117,1,0.050053
117,2,0.053274
117,3,0.041745
117,4,0.013110
117,5,-0.010549
117,6,-0.050700
117,7,-0.056483
117,8,-0.040715
117,9,-0.012488
117,10,0.022885
117,11,0.042968
117,12,0.096304
117,13,0.076361
117,14,0.090552
117,15,0.096415
117,16,0.083291
117,17,0.012960
117,18,-0.000995
117,19,-0.014196
117,20,0.037340
117,21,0.051634
117,22,0.097468
117,23,0.056312
117,24,0.060005
117,25,0.060051
117,26,0.065445
117,27,0.096910
117,28,0.114531
117,29,0.122488
117,30,0.077718
117,31,0.059061
117,32,0.068166
117,33,0.053343
117,34,0.095439
117,35,0.013428
117,36,0.092931
117,37,0.133304
117,38,0.045373
117,39,0.063439
117,40,0.073387
117,41,0.076076
117,42,0.069543
117,43,0.039504
117,44,0.007858
117,45,0.029048
117,46,0.017324
117,47,0.030603
117,48,0.066516
117,49,0.034427
117,50,0.022986
117,51,0.100337
117,52,0.096142
117,53,0.009663
117,54,0.047452
117,55,0.067993
117,56,0.083461
117,57,0.087697
117,58,0.061622
117,59,0.035059
117,60,0.049273
117,61,0.022850
117,62,0.007764
117,63,0.046696
117,64,0.027654
117,65,0.045219
117,66,0.085358
117,67,0.080550
117,68,0.079494
117,69,0.075903
117,70,0.084712
117,71,0.077700
117,72,0.028504
117,73,0.032283
117,74,0.040801
117,75,0.046367
117,76,0.075348
117,77,0.064299
117,78,0.063472
117,79,0.066179
117,80,0.054605
117,81,0.023553
117,82,0.016197
117,83,0.030779
117,84,0.053201
117,85,0.030492
117,86,0.065017
117,87,0.066336
117,88,0.055522
117,89,0.081485
117,90,0.065987
117,91,0.039053
117,92,0.037856
117,93,0.040615
117,94,0.050878
117,95,0.057700
117,96,0.000020
117,97,0.016672
117,98,0.032310
117,99,0.015168
117,100,0.025003
117,101,0.017096
117,102,0.065395
117,103,0.099860
117,104,0.030081
117,105,0.034897
117,106,0.048960
117,107,0.054802
117,108,0.048210
117,109,0.055020
117,110,0.040241
117,111,0.001129
117,112,-0.058939
117,113,0.227726
117,114,0.374497
117,115,0.533653
117,116,0.745424
117,117,1.000000
117,118,0.625066
117,119,0.361897
117,120,0.214381
117,121,0.134948
117,122,0.116754
117,123,0.115528
117,124,0.049105
117,125,0.082423
117,126,0.085183
117,127,0.092548
117,128,0.076757
117,129,0.070053
117,130,0.096160
117,131,0.007227
117,132,0.055925
117,133,0.098422
117,134,0.050827
117,135,0.025731
117,136,-0.006755
117,137,0.020436
117,138,0.030645
117,139,0.054919
117,140,0.064292
117,141,0.122039
117,142,0.121482
117,143,0.072212
117,144,0.071591
117,145,0.050398
117,146,0.036551
117,147,0.041597
117,148,0.010319
117,149,0.096086
117,150,0.128781
117,151,0.107342
117,152,0.128842
117,153,0.126773
117,154,0.124494
117,155,0.089858
117,156,0.067764
117,157,0.065027
117,158,0.050299
117,159,0.050382
117,160,0.082923
117,161,0.068544
117,162,0.096373
117,163,0.070258
117,164,0.044267
117,165,0.056632
117,166,0.045323
117,167,-0.021006
117,168,-0.070962
117,169,-0.048839
117,170,-0.030262
117,171,-0.014132
117,172,0.029062
117,173,-0.003476
117,174,-0.003949
117,175,0.000494
117,176,0.022259
117,177,0.084669
117,178,0.065998
117,179,0.048969
117,180,0.047867
117,181,0.029015
117,182,0.000269
117,183,-0.024187
117,184,-0.049597
117,185,-0.044224
117,186,-0.064025
117,187,-0.051307
117,188,-0.046876
117,189,-0.038207
117,190,-0.055496
117,191,-0.048149
117,192,-0.018703
118,1,0.052002
118,2,0.066326
118,3,0.036552
118,4,-0.006562
118,5,-0.010704
118,6,-0.023685
118,7,-0.013120
118,8,-0.018466
118,9,-0.045566
118,10,-0.021737
118,11,0.014293
118,12,0.081168
118,13,0.086588
118,14,0.090211
118,15,0.078612
118,16,0.053768
118,17,0.031283
118,18,0.016153
118,19,0.006339
118,20,0.027038
118,21,0.044365
118,22,0.033883
118,23,0.009830
118,24,-0.003140
118,25,0.018957
118,26,0.043400
118,27,0.098760
118,28,0.107555
118,29,0.098475
118,30,0.029413
118,31,0.009683
118,32,-0.005585
118,33,0.032941
118,34,0.069235
118,35,0.060291
118,36,0.042100
118,37,0.107440
118,38,0.102993
118,39,0.110216
118,40,0.081760
118,41,0.031948
118,42,0.058732
118,43,0.048950
118,44,0.005629
118,45,0.027495
118,46,0.032159
118,47,0.048304
118,48,0.071466
118,49,0.071503
118,50,0.068353
118,51,0.067989
118,52,0.050836
118,53,0.026552
118,54,0.012214
118,55,0.033832
118,56,0.044024
118,57,0.053263
118,58,0.036728
118,59,0.031405
118,60,0.050353
118,61,0.075049
118,62,0.002652
118,63,0.054846
118,64,0.007154
118,65,0.025352
118,66,0.010066
118,67,0.049609
118,68,0.079081
118,69,0.082692
118,70,0.091385
118,71,0.055792
118,72,0.010771
118,73,0.022898
118,74,-0.004386
118,75,0.039125
118,76,0.039017
118,77,0.042351
118,78,0.049137
118,79,0.045747
118,80,0.040358
118,81,0.028234
118,82,0.019286
118,83,0.023888
118,84,0.040311
118,85,0.013700
118,86,0.026746
118,87,0.016715
118,88,0.000693
118,89,0.021961
118,90,0.034671
118,91,0.035225
118,92,0.070471
118,93,0.040180
118,94,0.036640
118,95,0.048084
118,96,0.033028
118,97,0.050864
118,98,0.054883
118,99,0.051910
118,100,0.021772
118,101,0.026401
118,102,0.059041
118,103,0.096697
118,104,0.042059
118,105,0.035750
118,106,0.025165
118,107,0.048959
118,108,0.063508
118,109,0.062964
118,110,0.061319
118,111,0.050507
118,112,0.002626
118,113,0.271183
118,114,0.405185
118,115,0.503899
118,116,0.654585
118,117,0.625066
118,118,1.000000
118,119,0.483516
118,120,0.355585
118,121,0.187705
118,122,0.131165
118,123,0.156636
118,124,0.107563
118,125,0.098783
118,126,0.082208
118,127,0.076690
118,128,0.045279
118,129,0.071802
118,130,0.048132
118,131,-0.046170
118,132,0.054647
118,133,0.112862
118,134,0.066821
118,135,0.042574
118,136,0.014588
118,137,0.051919
118,138,0.044408
118,139,0.042090
118,140,0.066364
118,141,0.103168
118,142,0.103794
118,143,0.062786
118,144,0.044744
118,145,0.032706
118,146,0.022879
118,147,0.041750
118,148,-0.000187
118,149,0.067179
118,150,0.121244
118,151,0.107835
118,152,0.135003
118,153,0.113635
118,154,0.134314
118,155,0.090301
118,156,0.071359
118,157,0.111867
118,158,0.094455
118,159,0.080133
118,160,0.097820
118,161,0.093898
118,162,0.111452
118,163,0.099409
118,164,0.086979
118,165,0.082466
118,166,0.050754
118,167,-0.011141
118,168,-0.044965
118,169,-0.019712
118,170,0.008019
118,171,0.032577
118,172,0.051286
118,173,0.031935
118,174,0.032165
118,175,0.032320
118,176,0.043294
118,177,0.105173
118,178,0.060197
118,179,0.044331
118,180,0.044047
118,181,0.064602
118,182,0.037098
118,183,-0.006648
118,184,-0.048657
118,185,-0.041271
118,186,-0.043772
118,187,-0.014706
118,188,-0.008974
118,189,-0.009867
118,190,-0.021371
118,191,0.026204
118,192,0.055829
119,1,0.064706
119,2,0.141957
119,3,0.133312
119,4,0.081472
119,5,0.112490
119,6,0.086410
119,7,0.081885
119,8,0.085648
119,9,0.100881
119,10,0.128983
119,11,0.151345
119,12,0.162139
119,13,0.156380
119,14,0.087497
119,15,0.076072
119,16,0.063903
119,17,0.066593
119,18,0.053716
119,19,0.046652
119,20,0.102058
119,21,0.090206
119,22,0.109199
119,23,0.051039
119,24,0.020146
119,25,0.022690
119,26,0.044200
119,27,0.125662
119,28,0.175124
119,29,0.197210
119,30,0.171927
119,31,0.099597
119,32,0.045365
119,33,0.063224
119,34,0.111626
119,35,0.084162
119,36,0.174508
119,37,0.181872
119,38,0.101989
119,39,0.052066
119,40,0.063990
119,41,0.062485
119,42,0.072249
119,43,0.058413
119,44,0.020197
119,45,0.021930
119,46,0.026021
119,47,0.050773
119,48,0.130557
119,49,0.082952
119,50,0.092585
119,51,0.141270
119,52,0.105921
119,53,0.018296
119,54,0.086879
119,55,0.129973
119,56,0.164578
119,57,0.163782
119,58,0.162241
119,59,0.123283
119,60,0.131746
119,61,0.094740
119,62,-0.029429
119,63,0.044441
119,64,0.024660
119,65,0.045259
119,66,0.035556
119,67,0.076721
119,68,0.094338
119,69,0.129624
119,70,0.127444
119,71,0.066090
119,72,0.020162
119,73,0.027092
119,74,0.011094
119,75,0.034632
119,76,0.056158
119,77,0.035884
119,78,0.053735
119,79,0.065892
119,80,0.063260
119,81,0.039434
119,82,0.047672
119,83,0.082825
119,84,0.074749
119,85,0.067796
119,86,0.096957
119,87,0.099448
119,88,0.065473
119,89,0.068425
119,90,0.069529
119,91,0.038141
119,92,0.038232
119,93,0.019137
119,94,0.010875
119,95,0.048287
119,96,0.035384
119,97,0.059175
119,98,0.043368
119,99,0.043451
119,100,0.022162
119,101,0.018311
119,102,0.061121
119,103,0.095623
119,104,0.022122
119,105,0.036327
119,106,0.043813
119,107,0.032365
119,108,0.053115
119,109,0.085165
119,110,0.112952
119,111,0.138243
119,112,0.007633
119,113,0.234057
119,114,0.251295
119,115,0.324002
119,116,0.333103
119,117,0.361897
119,118,0.483516
119,119,1.000000
119,120,0.625631
119,121,0.463208
119,122,0.209667
119,123,0.220475
119,124,0.109721
119,125,0.169191
119,126,0.115927
119,127,0.113263
119,128,0.156745
119,129,0.090772
119,130,0.102813
119,131,0.003195
119,132,0.064051
119,133,0.122958
119,134,0.093254
119,135,0.050205
119,136,0.057823
119,137,0.098890
119,138,0.068652
119,139,0.050025
119,140,0.074152
119,141,0.139088
119,142,0.080333
119,143,0.041509
119,144,0.064109
119,145,0.040201
119,146,0.026820
119,147,0.062073
119,148,0.002587
119,149,0.087910
119,150,0.193013
119,151,0.217130
119,152,0.279587
119,153,0.246164
119,154,0.332571
119,155,0.283391
119,156,0.246134
119,157,0.293200
119,158,0.240647
119,159,0.199695
119,160,0.212047
119,161,0.169166
119,162,0.180910
119,163,0.176898
119,164,0.147126
119,165,0.119232
119,166,0.053077
119,167,0.020725
119,168,-0.011607
119,169,0.000772
119,170,-0.013281
119,171,-0.010757
119,172,0.034701
119,173,0.015149
119,174,0.005569
119,175,0.036589
119,176,0.069278
119,177,0.150588
119,178,0.152932
119,179,0.133134
119,180,0.139878
119,181,0.131767
119,182,0.097363
119,183,0.038244
119,184,0.026365
119,185,0.025788
119,186,-0.002901
119,187,0.015907
119,188,-0.000756
119,189,-0.011224
119,190,-0.022958
119,191,0.048571
119,192,0.078336
120,1,0.049391
120,2,0.094162
120,3,0.049631
120,4,0.021002
120,5,0.075862
120,6,0.070406
120,7,0.073261
120,8,0.060926
120,9,0.047799
120,10,0.088923
120,11,0.097852
120,12,0.095508
120,13,0.075895
120,14,0.013318
120,15,0.028976
120,16,0.020828
120,17,0.061688
120,18,0.059340
120,19,0.050372
120,20,0.058259
120,21,0.047259
120,22,0.016719
120,23,0.014609
120,24,-0.019626
120,25,-0.016875
120,26,-0.035050
120,27,0.054567
120,28,0.101487
120,29,0.132857
120,30,0.115008
120,31,0.064970
120,32,-0.031179
120,33,0.039718
120,34,0.083769
120,35,0.061937
120,36,0.072809
120,37,0.072364
120,38,0.124105
120,39,0.034119
120,40,0.057858
120,41,0.022097
120,42,0.015259
120,43,0.011002
120,44,-0.003018
120,45,-0.012259
120,46,0.011099
120,47,0.061780
120,48,0.120402
120,49,0.083602
120,50,0.098621
120,51,0.106725
120,52,0.039147
120,53,0.010352
120,54,0.063153
120,55,0.065082
120,56,0.131387
120,57,0.122703
120,58,0.126203
120,59,0.086119
120,60,0.084255
120,61,0.099488
120,62,-0.070122
120,63,-0.004266
120,64,-0.007496
120,65,0.009352
120,66,-0.004653
120,67,0.021369
120,68,0.083448
120,69,0.140807
120,70,0.145296
120,71,0.059674
120,72,-0.015021
120,73,-0.014788
120,74,-0.028480
120,75,0.012685
120,76,-0.017806
120,77,-0.016513
120,78,-0.024197
120,79,0.001164
120,80,-0.005657
120,81,-0.005401
120,82,0.029025
120,83,0.019898
120,84,0.021097
120,85,0.020246
120,86,0.004251
120,87,0.000652
120,88,-0.007009
120,89,-0.011160
120,90,0.017962
120,91,0.017649
120,92,0.062820
120,93,0.018866
120,94,-0.001986
120,95,0.050878
120,96,0.067949
120,97,0.097514
120,98,0.048300
120,99,0.022162
120,100,-0.029397
120,101,-0.021301
120,102,0.012095
120,103,0.064947
120,104,0.006023
120,105,0.006695
120,106,-0.001714
120,107,-0.012428
120,108,0.023783
120,109,0.079368
120,110,0.106300
120,111,0.155639
120,112,0.069974
120,113,0.191023
120,114,0.189145
120,115,0.226676
120,116,0.223034
120,117,0.214381
120,118,0.355585
120,119,0.625631
120,120,1.000000
120,121,0.557536
120,122,0.343193
120,123,0.369554
120,124,0.189659
120,125,0.129160
120,126,0.102926
120,127,0.146863
120,128,0.106919
120,129,0.070597
120,130,0.064325
120,131,-0.030755
120,132,0.062717
120,133,0.081689
120,134,0.024476
120,135,0.028719
120,136,0.075410
120,137,0.108131
120,138,0.101567
120,139,0.066811
120,140,0.063463
120,141,0.097381
120,142,0.024464
120,143,-0.005042
120,144,0.023389
120,145,0.024880
120,146,0.007804
120,147,0.041101
120,148,0.028556
120,149,0.074791
120,150,0.158565
120,151,0.159908
120,152,0.176668
120,153,0.128592
120,154,0.188795
120,155,0.166593
120,156,0.137261
120,157,0.206751
120,158,0.177133
120,159,0.136810
120,160,0.120581
120,161,0.109983
120,162,0.096925
120,163,0.110899
120,164,0.115559
120,165,0.106384
120,166,0.034629
120,167,0.008778
120,168,-0.001447
120,169,-0.009058
120,170,-0.009027
120,171,-0.035544
120,172,0.004976
120,173,-0.020587
120,174,-0.015457
120,175,0.025132
120,176,0.020585
120,177,0.066677
120,178,0.042934
120,179,0.027869
120,180,0.040731
120,181,0.074213
120,182,0.051049
120,183,0.004507
120,184,-0.011087
120,185,-0.011177
120,186,-0.032031
120,187,-0.005199
120,188,-0.008858
120,189,-0.007493
120,190,-0.002454
120,191,0.077556
120,192,0.068547
121,1,0.104065
121,2,0.192527
121,3,0.151818
121,4,0.124562
121,5,0.190445
121,6,0.195304
121,7,0.191545
121,8,0.214984
121,9,0.246766
121,10,0.267308
121,11,0.263086
121,12,0.208688
121,13,0.149900
121,14,0.020658
121,15,0.086172
121,16,0.131047
121,17,0.202818
121,18,0.193634
121,19,0.178302
121,20,0.202012
121,21,0.195113
121,22,0.186062
121,23,0.152098
121,24,0.111106
121,25,0.075891
121,26,0.037374
121,27,0.115088
121,28,0.198945
121,29,0.257950
121,30,0.266456
121,31,0.227208
121,32,0.104625
121,33,0.107427
121,34,0.145640
121,35,0.164889
121,36,0.162569
121,37,0.113644
121,38,0.130353
121,39,0.029707
121,40,0.087427
121,41,0.099507
121,42,0.089034
121,43,0.096338
121,44,0.108657
121,45,0.087196
121,46,0.089258
121,47,0.135538
121,48,0.180446
121,49,0.082954
121,50,0.075368
121,51,0.097059
121,52,0.081207
121,53,0.073760
121,54,0.123185
121,55,0.154129
121,56,0.219500
121,57,0.176213
121,58,0.201087
121,59,0.172270
121,60,0.189039
121,61,0.143965
121,62,0.041161
121,63,0.091710
121,64,0.084584
121,65,0.073498
121,66,0.027069
121,67,0.041007
121,68,0.095948
121,69,0.095293
121,70,0.103112
121,71,0.088122
121,72,0.080384
121,73,0.100411
121,74,0.066064
121,75,0.089615
121,76,0.104509
121,77,0.082191
121,78,0.078944
121,79,0.088302
121,80,0.077363
121,81,0.081750
121,82,0.088217
121,83,0.110809
121,84,0.111966
121,85,0.107646
121,86,0.109288
121,87,0.119999
121,88,0.103833
121,89,0.097976
121,90,0.081201
121,91,0.041111
121,92,0.046024
121,93,0.033718
121,94,0.029290
121,95,0.092360
121,96,0.074941
121,97,0.112864
121,98,0.106522
121,99,0.109342
121,100,0.070586
121,101,0.059752
121,102,0.079847
121,103,0.092153
121,104,0.050555
121,105,0.081739
121,106,0.091332
121,107,0.085479
121,108,0.095363
121,109,0.130610
121,110,0.135713
121,111,0.169595
121,112,0.147984
121,113,0.172378
121,114,0.151335
121,115,0.143603
121,116,0.108162
121,117,0.134948
121,118,0.187705
121,119,0.463208
121,120,0.557536
121,121,1.000000
121,122,0.441501
121,123,0.353458
121,124,0.176960
121,125,0.259337
121,126,0.167321
121,127,0.215759
121,128,0.256874
121,129,0.080805
121,130,0.057518
121,131,0.088458
121,132,0.117193
121,133,0.127000
121,134,0.086891
121,135,0.108304
121,136,0.116517
121,137,0.199841
121,138,0.158247
121,139,0.087046
121,140,0.115534
121,141,0.202369
121,142,0.106530
121,143,0.077139
121,144,0.136330
121,145,0.089040
121,146,0.097469
121,147,0.139586
121,148,0.001280
121,149,0.077264
121,150,0.176590
121,151,0.262051
121,152,0.303103
121,153,0.179770
121,154,0.264956
121,155,0.263412
121,156,0.280431
121,157,0.375837
121,158,0.323200
121,159,0.293776
121,160,0.306975
121,161,0.240317
121,162,0.221525
121,163,0.230486
121,164,0.187727
121,165,0.176512
121,166,0.109746
121,167,0.095115
121,168,0.086577
121,169,0.071342
121,170,0.067301
121,171,0.032500
121,172,0.067363
121,173,0.065315
121,174,0.044369
121,175,0.060162
121,176,0.123026
121,177,0.177890
121,178,0.134966
121,179,0.112478
121,180,0.121365
121,181,0.092853
121,182,0.117164
121,183,0.081092
121,184,0.084930
121,185,0.076905
121,186,0.043411
121,187,0.055137
121,188,0.049780
121,189,0.043233
121,190,0.048935
121,191,0.088606
121,192,0.076959
122,1,0.055526
122,2,0.086548
122,3,0.034666
122,4,0.027110
122,5,0.063516
122,6,0.067042
122,7,0.087610
122,8,0.091210
122,9,0.101210
122,10,0.097932
122,11,0.110772
122,12,0.087949
122,13,0.063369
122,14,0.013202
122,15,0.035422
122,16,0.037414
122,17,0.082686
122,18,0.108614
122,19,0.105251
122,20,0.101744
122,21,0.084810
122,22,0.076290
122,23,0.052437
122,24,0.037825
122,25,0.014903
122,26,0.008942
122,27,0.058279
122,28,0.119386
122,29,0.140752
122,30,0.124367
122,31,0.111243
122,32,0.028508
122,33,0.020241
122,34,0.086776
122,35,0.138323
122,36,0.118426
122,37,0.130847
122,38,0.125643
122,39,0.058692
122,40,0.099238
122,41,0.053114
122,42,0.038386
122,43,0.059732
122,44,0.069835
122,45,0.047210
122,46,0.048564
122,47,0.087680
122,48,0.124010
122,49,0.045680
122,50,0.041300
122,51,0.049168
122,52,0.044188
122,53,0.093444
122,54,0.087456
122,55,0.108035
122,56,0.106215
122,57,0.082058
122,58,0.108819
122,59,0.111194
122,60,0.113163
122,61,0.086063
122,62,0.006746
122,63,0.063292
122,64,0.023629
122,65,0.056109
122,66,-0.034038
122,67,-0.002700
122,68,0.073295
122,69,0.112031
122,70,0.127932
122,71,0.118187
122,72,0.060084
122,73,0.058987
122,74,0.040914
122,75,0.053352
122,76,0.066211
122,77,0.052791
122,78,0.041151
122,79,0.031165
122,80,0.029307
122,81,0.037495
122,82,0.035340
122,83,0.044477
122,84,0.047335
122,85,0.052148
122,86,0.058896
122,87,0.062589
122,88,0.067724
122,89,0.071312
122,90,0.057347
122,91,0.051889
122,92,0.019806
122,93,0.060667
122,94,0.072772
122,95,0.089836
122,96,0.076856
122,97,0.072152
122,98,0.070965
122,99,0.058321
122,100,0.020762
122,101,0.028527
122,102,0.056231
122,103,0.073887
122,104,0.049872
122,105,0.070818
122,106,0.047510
122,107,0.044601
122,108,0.056182
122,109,0.077156
122,110,0.055409
122,111,0.096875
122,112,0.111519
122,113,0.114863
122,114,0.080959
122,115,0.068251
122,116,0.069206
122,117,0.116754
122,118,0.131165
122,119,0.209667
122,120,0.343193
122,121,0.441501
122,122,1.000000
122,123,0.580228
122,124,0.292405
122,125,0.247558
122,126,0.155170
122,127,0.182134
122,128,0.152241
122,129,0.113997
122,130,0.083089
122,131,0.041920
122,132,0.050361
122,133,0.071498
122,134,0.051584
122,135,0.055936
122,136,0.091746
122,137,0.204250
122,138,0.264617
122,139,0.162594
122,140,0.153195
122,141,0.243369
122,142,0.119492
122,143,0.047251
122,144,0.083284
122,145,0.072994
122,146,0.053109
122,147,0.068601
122,148,-0.039666
122,149,0.056408
122,150,0.149328
122,151,0.182177
122,152,0.176187
122,153,0.082324
122,154,0.115027
122,155,0.089700
122,156,0.088042
122,157,0.144654
122,158,0.124496
122,159,0.116143
122,160,0.138339
122,161,0.144902
122,162,0.125384
122,163,0.099536
122,164,0.082341
122,165,0.085433
122,166,0.051257
122,167,0.041765
122,168,0.044016
122,169,0.025998
122,170,0.009404
122,171,-0.014349
122,172,0.034318
122,173,0.014467
122,174,0.017723
122,175,0.044203
122,176,0.077045
122,177,0.127830
122,178,0.067082
122,179,0.071415
122,180,0.038580
122,181,0.037575
122,182,0.058171
122,183,0.019895
122,184,-0.000989
122,185,0.003232
122,186,-0.021028
122,187,-0.006064
122,188,-0.001745
122,189,0.007832
122,190,0.014166
122,191,0.020377
122,192,0.027586
123,1,0.017537
123,2,0.056660
123,3,-0.003397
123,4,-0.007659
123,5,0.042806
123,6,0.030648
123,7,0.050372
123,8,0.055185
123,9,0.053364
123,10,0.055928
123,11,0.063889
123,12,0.069640
123,13,0.052313
123,14,-0.008714
123,15,0.033488
123,16,0.032594
123,17,0.092114
123,18,0.123196
123,19,0.119712
123,20,0.102981
123,21,0.079694
123,22,0.085211
123,23,0.075243
123,24,0.059690
123,25,0.033572
123,26,-0.007296
123,27,0.043349
123,28,0.074502
123,29,0.112760
123,30,0.105275
123,31,0.038951
123,32,-0.038273
123,33,-0.051413
123,34,-0.001628
123,35,0.097838
123,36,0.109951
123,37,0.099028
123,38,0.134945
123,39,0.051227
123,40,0.098082
123,41,0.039236
123,42,0.034303
123,43,0.083173
123,44,0.077887
123,45,0.067414
123,46,0.082395
123,47,0.119004
123,48,0.154135
123,49,0.079369
123,50,0.087339
123,51,0.081135
123,52,0.001749
123,53,0.057591
123,54,0.096408
123,55,0.086889
123,56,0.105515
123,57,0.098059
123,58,0.123320
123,59,0.109957
123,60,0.087327
123,61,0.090883
123,62,0.021766
123,63,0.072917
123,64,0.036135
123,65,0.062142
123,66,-0.029107
123,67,0.013399
123,68,0.052191
123,69,0.141270
123,70,0.163166
123,71,0.150327
123,72,0.066033
123,73,0.066092
123,74,0.059295
123,75,0.067929
123,76,0.077584
123,77,0.063776
123,78,0.068679
123,79,0.063363
123,80,0.063093
123,81,0.063427
123,82,0.081128
123,83,0.076307
123,84,0.077738
123,85,0.084244
123,86,0.089870
123,87,0.077124
123,88,0.062489
123,89,0.050722
123,90,0.063557
123,91,0.061567
123,92,0.045812
123,93,0.050016
123,94,0.060616
123,95,0.095371
123,96,0.081256
123,97,0.091025
123,98,0.084016
123,99,0.077634
123,100,0.041079
123,101,0.048863
123,102,0.069830
123,103,0.076784
123,104,0.030782
123,105,0.063976
123,106,0.066842
123,107,0.068611
123,108,0.076760
123,109,0.107044
123,110,0.099305
123,111,0.109254
123,112,0.143319
123,113,0.145675
123,114,0.110838
123,115,0.085592
123,116,0.070384
123,117,0.115528
123,118,0.156636
123,119,0.220475
123,120,0.369554
123,121,0.353458
123,122,0.580228
123,123,1.000000
123,124,0.563945
123,125,0.352176
123,126,0.239424
123,127,0.306092
123,128,0.201814
123,129,0.146518
123,130,0.122997
123,131,0.022347
123,132,0.064689
123,133,0.110362
123,134,0.123827
123,135,0.115180
123,136,0.114276
123,137,0.177264
123,138,0.239114
123,139,0.178875
123,140,0.125317
123,141,0.138874
123,142,0.046367
123,143,0.021890
123,144,0.031676
123,145,0.020232
123,146,0.045576
123,147,0.066677
123,148,-0.056713
123,149,0.006675
123,150,0.076327
123,151,0.112117
123,152,0.123828
123,153,0.073845
123,154,0.121281
123,155,0.124846
123,156,0.113935
123,157,0.167904
123,158,0.201479
123,159,0.178941
123,160,0.182213
123,161,0.231803
123,162,0.196643
123,163,0.156142
123,164,0.117156
123,165,0.086013
123,166,0.062059
123,167,0.074181
123,168,0.055038
123,169,0.072786
123,170,0.026194
123,171,-0.011669
123,172,0.004665
123,173,0.010778
123,174,0.002521
123,175,0.024679
123,176,0.034457
123,177,0.178918
123,178,0.079178
123,179,0.085676
123,180,0.037088
123,181,0.034573
123,182,0.035449
123,183,-0.004772
123,184,-0.002935
123,185,0.022230
123,186,-0.042450
123,187,-0.016180
123,188,-0.021048
123,189,0.000860
123,190,0.001856
123,191,0.028699
123,192,0.034659
124,1,-0.021020
124,2,0.032255
124,3,0.034914
124,4,0.035688
124,5,0.105831
124,6,0.108033
124,7,0.109430
124,8,0.163061
124,9,0.164671
124,10,0.101553
124,11,0.066377
124,12,0.025394
124,13,-0.013624
124,14,-0.042578
124,15,0.006543
124,16,0.053553
124,17,0.175307
124,18,0.201556
124,19,0.207157
124,20,0.205754
124,21,0.169553
124,22,0.174261
124,23,0.146194
124,24,0.121869
124,25,0.084846
124,26,-0.008175
124,27,-0.019611
124,28,0.026588
124,29,0.049109
124,30,0.092040
124,31,0.133519
124,32,0.071143
124,33,0.029217
124,34,0.062995
124,35,0.188064
124,36,0.117141
124,37,0.038745
124,38,0.107260
124,39,0.070510
124,40,0.098559
124,41,0.133635
124,42,0.144483
124,43,0.192244
124,44,0.169850
124,45,0.178820
124,46,0.180352
124,47,0.195285
124,48,0.164324
124,49,0.049579
124,50,0.087846
124,51,0.056801
124,52,0.068542
124,53,0.060977
124,54,0.083140
124,55,0.105966
124,56,0.109516
124,57,0.041450
124,58,0.080994
124,59,0.087206
124,60,0.068935
124,61,0.095910
124,62,0.130833
124,63,0.152387
124,64,0.108789
124,65,0.069721
124,66,0.025898
124,67,0.026242
124,68,0.051798
124,69,0.180518
124,70,0.221558
124,71,0.229864
124,72,0.145095
124,73,0.162049
124,74,0.121346
124,75,0.146154
124,76,0.167847
124,77,0.124061
124,78,0.182456
124,79,0.152180
124,80,0.147739
124,81,0.176371
124,82,0.170470
124,83,0.136978
124,84,0.174422
124,85,0.169979
124,86,0.133692
124,87,0.138565
124,88,0.135970
124,89,0.131500
124,90,0.098859
124,91,0.089309
124,92,0.081759
124,93,0.048766
124,94,0.035926
124,95,0.056698
124,96,0.068871
124,97,0.126402
124,98,0.163154
124,99,0.158505
124,100,0.131619
124,101,0.168661
124,102,0.149753
124,103,0.132927
124,104,0.074451
124,105,0.128388
124,106,0.164324
124,107,0.176547
124,108,0.165248
124,109,0.179341
124,110,0.180507
124,111,0.136009
124,112,0.202166
124,113,0.124376
124,114,0.138280
124,115,0.098620
124,116,0.045937
124,117,0.049105
124,118,0.107563
124,119,0.109721
124,120,0.189659
124,121,0.176960
124,122,0.292405
124,123,0.563945
124,124,1.000000
124,125,0.705160
124,126,0.522913
124,127,0.401913
124,128,0.174310
124,129,0.161838
124,130,0.170890
124,131,0.187596
124,132,0.136383
124,133,0.256228
124,134,0.368298
124,135,0.319659
124,136,0.111619
124,137,0.162089
124,138,0.054562
124,139,0.070040
124,140,0.086236
124,141,0.059270
124,142,-0.004978
124,143,0.016170
124,144,0.041449
124,145,0.011232
124,146,0.080656
124,147,0.087546
124,148,-0.048963
124,149,0.016331
124,150,0.055881
124,151,0.084100
124,152,0.111879
124,153,0.091190
124,154,0.093227
124,155,0.119411
124,156,0.128240
124,157,0.176913
124,158,0.241961
124,159,0.269522
124,160,0.288410
124,161,0.371080
124,162,0.339667
124,163,0.260528
124,164,0.168510
124,165,0.140998
124,166,0.086403
124,167,0.089138
124,168,0.056466
124,169,0.066724
124,170,0.052326
124,171,0.006102
124,172,0.039474
124,173,0.059027
124,174,0.019791
124,175,0.045987
124,176,0.097612
124,177,0.374172
124,178,0.243390
124,179,0.246967
124,180,0.130461
124,181,0.115765
124,182,0.118008
124,183,0.080309
124,184,0.073386
124,185,0.061167
124,186,0.003212
124,187,0.013806
124,188,-0.009142
124,189,0.025154
124,190,0.019227
124,191,0.040506
124,192,0.019291
125,1,0.002697
125,2,0.084319
125,3,0.147152
125,4,0.137420
125,5,0.189753
125,6,0.193090
125,7,0.186561
125,8,0.292166
125,9,0.315445
125,10,0.236618
125,11,0.195221
125,12,0.117401
125,13,0.062586
125,14,-0.007787
125,15,0.095478
125,16,0.192333
125,17,0.278575
125,18,0.248397
125,19,0.252938
125,20,0.301656
125,21,0.299357
125,22,0.342694
125,23,0.292789
125,24,0.236252
125,25,0.184003
125,26,0.051361
125,27,0.023155
125,28,0.113082
125,29,0.146214
125,30,0.210410
125,31,0.269449
125,32,0.196013
125,33,0.112710
125,34,0.135502
125,35,0.237816
125,36,0.236911
125,37,0.086650
125,38,0.088974
125,39,0.042392
125,40,0.072359
125,41,0.189018
125,42,0.193444
125,43,0.237323
125,44,0.220839
125,45,0.230355
125,46,0.219544
125,47,0.219677
125,48,0.170808
125,49,0.044850
125,50,0.065695
125,51,0.108283
125,52,0.136075
125,53,0.078344
125,54,0.127241
125,55,0.176576
125,56,0.179042
125,57,0.084581
125,58,0.130818
125,59,0.117562
125,60,0.116291
125,61,0.123071
125,62,0.179279
125,63,0.210368
125,64,0.186761
125,65,0.126591
125,66,0.072913
125,67,0.082105
125,68,0.101839
125,69,0.179049
125,70,0.207324
125,71,0.195463
125,72,0.177585
125,73,0.199499
125,74,0.142812
125,75,0.165121
125,76,0.208730
125,77,0.141076
125,78,0.238002
125,79,0.204334
125,80,0.182310
125,81,0.232537
125,82,0.219582
125,83,0.218330
125,84,0.258513
125,85,0.236853
125,86,0.210292
125,87,0.218183
125,88,0.211099
125,89,0.219601
125,90,0.161518
125,91,0.115115
125,92,0.087406
125,93,0.097274
125,94,0.066643
125,95,0.109419
125,96,0.080680
125,97,0.135570
125,98,0.222126
125,99,0.207930
125,100,0.190558
125,101,0.230404
125,102,0.216086
125,103,0.182216
125,104,0.114631
125,105,0.168817
125,106,0.212195
125,107,0.226080
125,108,0.218236
125,109,0.220250
125,110,0.227159
125,111,0.175428
125,112,0.182781
125,113,0.191506
125,114,0.212923
125,115,0.157989
125,116,0.091880
125,117,0.082423
125,118,0.098783
125,119,0.169191
125,120,0.129160
125,121,0.259337
125,122,0.247558
125,123,0.352176
125,124,0.705160
125,125,1.000000
125,126,0.797956
125,127,0.524832
125,128,0.359057
125,129,0.226214
125,130,0.288346
125,131,0.274248
125,132,0.182722
125,133,0.320132
125,134,0.485985
125,135,0.403737
125,136,0.167702
125,137,0.186084
125,138,0.051685
125,139,0.052943
125,140,0.077761
125,141,0.091758
125,142,0.055925
125,143,0.041367
125,144,0.089151
125,145,0.075451
125,146,0.122679
125,147,0.116350
125,148,-0.058572
125,149,0.039401
125,150,0.122723
125,151,0.163465
125,152,0.242575
125,153,0.205394
125,154,0.237472
125,155,0.275439
125,156,0.305012
125,157,0.344890
125,158,0.388963
125,159,0.443674
125,160,0.485935
125,161,0.504035
125,162,0.473468
125,163,0.386119
125,164,0.241314
125,165,0.204151
125,166,0.123085
125,167,0.107927
125,168,0.055702
125,169,0.041923
125,170,0.093515
125,171,0.041528
125,172,0.092240
125,173,0.124021
125,174,0.080879
125,175,0.116493
125,176,0.222985
125,177,0.529727
125,178,0.419605
125,179,0.416309
125,180,0.265884
125,181,0.180365
125,182,0.218410
125,183,0.169770
125,184,0.173483
125,185,0.141559
125,186,0.076166
125,187,0.072688
125,188,0.017729
125,189,0.023996
125,190,0.023586
125,191,0.060664
125,192,0.032963
126,1,-0.002466
126,2,0.054340
126,3,0.114064
126,4,0.107718
126,5,0.151884
126,6,0.144347
126,7,0.128388
126,8,0.267883
126,9,0.291176
126,10,0.214370
126,11,0.163458
126,12,0.090982
126,13,0.038784
126,14,-0.032222
126,15,0.073679
126,16,0.171077
126,17,0.230391
126,18,0.189288
126,19,0.195330
126,20,0.241554
126,21,0.250128
126,22,0.288478
126,23,0.261158
126,24,0.212057
126,25,0.159063
126,26,0.024316
126,27,-0.011021
126,28,0.081719
126,29,0.122913
126,30,0.189808
126,31,0.241209
126,32,0.173813
126,33,0.123707
126,34,0.132841
126,35,0.156752
126,36,0.185583
126,37,0.044628
126,38,0.061474
126,39,-0.008005
126,40,0.051453
126,41,0.158039
126,42,0.134848
126,43,0.181580
126,44,0.162066
126,45,0.171837
126,46,0.165169
126,47,0.166913
126,48,0.124513
126,49,0.007312
126,50,-0.000114
126,51,0.105789
126,52,0.115297
126,53,0.028275
126,54,0.090575
126,55,0.116758
126,56,0.164850
126,57,0.059056
126,58,0.094623
126,59,0.088040
126,60,0.078305
126,61,0.073089
126,62,0.133363
126,63,0.156595
126,64,0.158133
126,65,0.104802
126,66,0.083625
126,67,0.081327
126,68,0.107125
126,69,0.201307
126,70,0.225870
126,71,0.185040
126,72,0.142279
126,73,0.155494
126,74,0.108930
126,75,0.123681
126,76,0.141081
126,77,0.078656
126,78,0.187680
126,79,0.154060
126,80,0.141422
126,81,0.182866
126,82,0.189307
126,83,0.181357
126,84,0.211296
126,85,0.197643
126,86,0.172053
126,87,0.171731
126,88,0.180924
126,89,0.178385
126,90,0.120279
126,91,0.068831
126,92,0.076715
126,93,0.100288
126,94,0.055770
126,95,0.088690
126,96,0.049532
126,97,0.095048
126,98,0.184770
126,99,0.152201
126,100,0.131868
126,101,0.171252
126,102,0.161357
126,103,0.153484
126,104,0.081587
126,105,0.120862
126,106,0.155019
126,107,0.163776
126,108,0.155310
126,109,0.153164
126,110,0.167397
126,111,0.130282
126,112,0.137307
126,113,0.173579
126,114,0.217548
126,115,0.137153
126,116,0.100282
126,117,0.085183
126,118,0.082208
126,119,0.115927
126,120,0.102926
126,121,0.167321
126,122,0.155170
126,123,0.239424
126,124,0.522913
126,125,0.797956
126,126,1.000000
126,127,0.705254
126,128,0.331344
126,129,0.274035
126,130,0.391500
126,131,0.279541
126,132,0.169721
126,133,0.289517
126,134,0.511918
126,135,0.422819
126,136,0.160926
126,137,0.164365
126,138,0.042380
126,139,0.049003
126,140,0.053447
126,141,0.056796
126,142,0.025957
126,143,0.011696
126,144,0.049249
126,145,0.069493
126,146,0.101614
126,147,0.085387
126,148,-0.061454
126,149,0.027317
126,150,0.112714
126,151,0.120172
126,152,0.186771
126,153,0.181168
126,154,0.182819
126,155,0.231918
126,156,0.244951
126,157,0.283096
126,158,0.354045
126,159,0.384663
126,160,0.402877
126,161,0.430148
126,162,0.409305
126,163,0.326700
126,164,0.201176
126,165,0.192416
126,166,0.106702
126,167,0.116570
126,168,0.080138
126,169,0.047222
126,170,0.084684
126,171,0.020793
126,172,0.049021
126,173,0.074147
126,174,0.026137
126,175,0.065208
126,176,0.156732
126,177,0.479317
126,178,0.399733
126,179,0.385723
126,180,0.229793
126,181,0.133268
126,182,0.185449
126,183,0.164426
126,184,0.189385
126,185,0.150931
126,186,0.085486
126,187,0.070881
126,188,-0.000837
126,189,0.007065
126,190,-0.004624
126,191,0.049053
126,192,-0.034352
127,1,0.021677
127,2,0.054164
127,3,0.077411
127,4,0.094659
127,5,0.133510
127,6,0.114471
127,7,0.099785
127,8,0.206971
127,9,0.232502
127,10,0.202354
127,11,0.165920
127,12,0.098982
127,13,0.040783
127,14,-0.029531
127,15,0.086761
127,16,0.149539
127,17,0.203644
127,18,0.184027
127,19,0.175348
127,20,0.189976
127,21,0.195002
127,22,0.211303
127,23,0.209045
127,24,0.183447
127,25,0.123934
127,26,0.002192
127,27,-0.000431
127,28,0.089422
127,29,0.139499
127,30,0.178028
127,31,0.212720
127,32,0.130685
127,33,0.101327
127,34,0.125729
127,35,0.099449
127,36,0.113679
127,37,0.006375
127,38,0.062264
127,39,0.009472
127,40,0.067596
127,41,0.122934
127,42,0.099469
127,43,0.144515
127,44,0.149847
127,45,0.149579
127,46,0.151084
127,47,0.162450
127,48,0.142155
127,49,0.037628
127,50,0.023913
127,51,0.069840
127,52,0.047370
127,53,0.013515
127,54,0.087029
127,55,0.082121
127,56,0.165674
127,57,0.088467
127,58,0.106647
127,59,0.083580
127,60,0.067967
127,61,0.062259
127,62,0.116985
127,63,0.129295
127,64,0.132797
127,65,0.094001
127,66,0.068712
127,67,0.082692
127,68,0.118105
127,69,0.185263
127,70,0.212042
127,71,0.180146
127,72,0.132767
127,73,0.138090
127,74,0.125818
127,75,0.112776
127,76,0.121738
127,77,0.067882
127,78,0.138501
127,79,0.123014
127,80,0.099496
127,81,0.139324
127,82,0.159194
127,83,0.135394
127,84,0.165259
127,85,0.169055
127,86,0.140111
127,87,0.129726
127,88,0.138534
127,89,0.132597
127,90,0.106741
127,91,0.066214
127,92,0.082909
127,93,0.100768
127,94,0.048908
127,95,0.083210
127,96,0.049847
127,97,0.115042
127,98,0.156875
127,99,0.145618
127,100,0.130359
127,101,0.140044
127,102,0.132028
127,103,0.138026
127,104,0.056484
127,105,0.095395
127,106,0.135277
127,107,0.148606
127,108,0.138058
127,109,0.130235
127,110,0.130280
127,111,0.106302
127,112,0.129124
127,113,0.137180
127,114,0.174133
127,115,0.067779
127,116,0.067791
127,117,0.092548
127,118,0.076690
127,119,0.113263
127,120,0.146863
127,121,0.215759
127,122,0.182134
127,123,0.306092
127,124,0.401913
127,125,0.524832
127,126,0.705254
127,127,1.000000
127,128,0.544672
127,129,0.344393
127,130,0.352025
127,131,0.227440
127,132,0.160910
127,133,0.204024
127,134,0.299878
127,135,0.309891
127,136,0.151378
127,137,0.137990
127,138,0.081396
127,139,0.060946
127,140,0.050954
127,141,0.053119
127,142,0.010570
127,143,0.019073
127,144,0.059453
127,145,0.055389
127,146,0.102165
127,147,0.111367
127,148,-0.041960
127,149,0.010285
127,150,0.067488
127,151,0.085170
127,152,0.132965
127,153,0.148536
127,154,0.169501
127,155,0.215312
127,156,0.211460
127,157,0.256130
127,158,0.338784
127,159,0.290329
127,160,0.255551
127,161,0.310382
127,162,0.279935
127,163,0.218875
127,164,0.142325
127,165,0.163220
127,166,0.118856
127,167,0.126312
127,168,0.094903
127,169,0.043530
127,170,0.056298
127,171,0.009083
127,172,0.026741
127,173,0.047129
127,174,0.022186
127,175,0.039993
127,176,0.074788
127,177,0.297655
127,178,0.213133
127,179,0.180831
127,180,0.113380
127,181,0.062657
127,182,0.078996
127,183,0.098713
127,184,0.116995
127,185,0.092698
127,186,0.013439
127,187,0.023825
127,188,-0.029929
127,189,-0.012561
127,190,-0.022444
127,191,0.050528
127,192,-0.011817
128,1,0.043278
128,2,0.091758
128,3,0.105123
128,4,0.117438
128,5,0.128847
128,6,0.095825
128,7,0.059235
128,8,0.144205
128,9,0.195513
128,10,0.183797
128,11,0.163221
128,12,0.128399
128,13,0.083955
128,14,0.041671
128,15,0.115558
128,16,0.161900
128,17,0.122267
128,18,0.093890
128,19,0.076367
128,20,0.103487
128,21,0.126748
128,22,0.169714
128,23,0.181967
128,24,0.150364
128,25,0.114421
128,26,0.056661
128,27,0.062994
128,28,0.110440
128,29,0.126977
128,30,0.157939
128,31,0.170360
128,32,0.122746
128,33,0.084675
128,34,0.081637
128,35,0.068510
128,36,0.105373
128,37,0.040117
128,38,0.017378
128,39,-0.025979
128,40,0.033241
128,41,0.083802
128,42,0.029943
128,43,0.053458
128,44,0.080570
128,45,0.063289
128,46,0.053687
128,47,0.060276
128,48,0.085403
128,49,0.030371
128,50,0.010023
128,51,0.040585
128,52,0.029144
128,53,0.003923
128,54,0.051502
128,55,0.073920
128,56,0.127459
128,57,0.095480
128,58,0.107729
128,59,0.086261
128,60,0.086261
128,61,0.038893
128,62,0.045566
128,63,0.060026
128,64,0.088746
128,65,0.077290
128,66,0.040309
128,67,0.072367
128,68,0.091470
128,69,0.174207
128,70,0.169728
128,71,0.122367
128,72,0.086455
128,73,0.091396
128,74,0.072675
128,75,0.070582
128,76,0.075396
128,77,0.038638
128,78,0.073572
128,79,0.076774
128,80,0.045473
128,81,0.076539
128,82,0.090114
128,83,0.078300
128,84,0.102915
128,85,0.100417
128,86,0.095299
128,87,0.099924
128,88,0.085847
128,89,0.066746
128,90,0.059376
128,91,0.027650
128,92,0.033606
128,93,0.069738
128,94,0.030227
128,95,0.036147
128,96,0.002374
128,97,0.032580
128,98,0.059947
128,99,0.057968
128,100,0.072915
128,101,0.064813
128,102,0.049837
128,103,0.051778
128,104,-0.002266
128,105,0.027320
128,106,0.069772
128,107,0.070966
128,108,0.050505
128,109,0.054022
128,110,0.062946
128,111,0.052959
128,112,0.092254
128,113,0.178172
128,114,0.107553
128,115,0.056912
128,116,0.036025
128,117,0.076757
128,118,0.045279
128,119,0.156745
128,120,0.106919
128,121,0.256874
128,122,0.152241
128,123,0.201814
128,124,0.174310
128,125,0.359057
128,126,0.331344
128,127,0.544672
128,128,1.000000
128,129,0.303241
128,130,0.250272
128,131,0.147048
128,132,0.118409
128,133,0.125687
128,134,0.171037
128,135,0.197024
128,136,0.095877
128,137,0.093595
128,138,0.089525
128,139,0.045683
128,140,0.039002
128,141,0.070459
128,142,0.041624
128,143,0.021738
128,144,0.060917
128,145,0.055281
128,146,0.080512
128,147,0.097451
128,148,-0.078145
128,149,-0.007459
128,150,0.079165
128,151,0.119696
128,152,0.166795
128,153,0.164304
128,154,0.227553
128,155,0.260289
128,156,0.254784
128,157,0.266426
128,158,0.285063
128,159,0.242391
128,160,0.220386
128,161,0.213332
128,162,0.186057
128,163,0.158304
128,164,0.097126
128,165,0.096314
128,166,0.081094
128,167,0.093382
128,168,0.061670
128,169,0.028772
128,170,0.049982
128,171,-0.011305
128,172,0.033273
128,173,0.039303
128,174,0.021888
128,175,0.039028
128,176,0.069655
128,177,0.150829
128,178,0.113024
128,179,0.131737
128,180,0.103880
128,181,0.058498
128,182,0.086412
128,183,0.059443
128,184,0.056379
128,185,0.025525
128,186,-0.010224
128,187,0.007616
128,188,-0.054303
128,189,-0.032326
128,190,-0.035530
128,191,0.010888
128,192,-0.028662
129,1,-0.003438
129,2,0.066835
129,3,0.084185
129,4,0.076749
129,5,0.046856
129,6,-0.000734
129,7,-0.002458
129,8,0.040477
129,9,0.070113
129,10,0.057462
129,11,0.077498
129,12,0.086101
129,13,0.087092
129,14,0.048990
129,15,0.060973
129,16,0.063139
129,17,0.058395
129,18,0.056801
129,19,0.051611
129,20,0.057669
129,21,0.063500
129,22,0.077891
129,23,0.024594
129,24,0.035603
129,25,0.032869
129,26,0.046275
129,27,0.055160
129,28,0.088761
129,29,0.099488
129,30,0.073370
129,31,0.010745
129,32,0.024224
129,33,-0.034506
129,34,0.039560
129,35,-0.024522
129,36,0.005826
129,37,0.008726
129,38,-0.026889
129,39,0.053446
129,40,0.070825
129,41,0.049347
129,42,0.014901
129,43,0.050750
129,44,0.078063
129,45,0.077605
129,46,0.060458
129,47,0.064835
129,48,0.037986
129,49,-0.018734
129,50,-0.016683
129,51,0.005104
129,52,-0.008406
129,53,-0.051999
129,54,-0.024902
129,55,0.004902
129,56,0.066690
129,57,0.056138
129,58,0.016586
129,59,0.023383
129,60,0.042510
129,61,0.059935
129,62,0.061152
129,63,0.078259
129,64,0.089558
129,65,0.042117
129,66,-0.013735
129,67,0.035102
129,68,0.085520
129,69,0.146000
129,70,0.164662
129,71,0.156837
129,72,0.074555
129,73,0.073174
129,74,0.089441
129,75,0.089438
129,76,0.106423
129,77,0.087719
129,78,0.109761
129,79,0.099654
129,80,0.093827
129,81,0.080690
129,82,0.117370
129,83,0.101971
129,84,0.114969
129,85,0.102369
129,86,0.082265
129,87,0.081649
129,88,0.077547
129,89,0.087837
129,90,0.102751
129,91,0.068527
129,92,0.026061
129,93,0.102132
129,94,0.048690
129,95,0.031801
129,96,0.016731
129,97,0.043739
129,98,0.073972
129,99,0.052254
129,100,0.061504
129,101,0.058047
129,102,0.068032
129,103,0.039042
129,104,0.009729
129,105,0.042881
129,106,0.067218
129,107,0.087575
129,108,0.069795
129,109,0.062554
129,110,0.023146
129,111,0.019479
129,112,0.035944
129,113,0.094070
129,114,0.083920
129,115,0.056987
129,116,0.090183
129,117,0.070053
129,118,0.071802
129,119,0.090772
129,120,0.070597
129,121,0.080805
129,122,0.113997
129,123,0.146518
129,124,0.161838
129,125,0.226214
129,126,0.274035
129,127,0.344393
129,128,0.303241
129,129,1.000000
129,130,0.641298
129,131,0.105583
129,132,0.044409
129,133,0.090183
129,134,0.151306
129,135,0.104406
129,136,0.032605
129,137,0.034071
129,138,0.041935
129,139,0.028946
129,140,-0.003531
129,141,0.002851
129,142,0.007168
129,143,0.016741
129,144,0.036582
129,145,0.020050
129,146,0.053294
129,147,0.088426
129,148,-0.111985
129,149,-0.025791
129,150,0.034950
129,151,0.034819
129,152,0.069963
129,153,0.107335
129,154,0.089781
129,155,0.114061
129,156,0.087355
129,157,0.093614
129,158,0.134841
129,159,0.111260
129,160,0.134149
129,161,0.158948
129,162,0.138098
129,163,0.115626
129,164,0.077277
129,165,0.095308
129,166,0.075232
129,167,0.085216
129,168,0.051374
129,169,0.043175
129,170,0.016190
129,171,-0.024702
129,172,0.022251
129,173,0.025988
129,174,-0.008437
129,175,0.018626
129,176,0.036263
129,177,0.143020
129,178,0.106305
129,179,0.112232
129,180,0.070628
129,181,0.020204
129,182,0.001310
129,183,0.004633
129,184,0.012047
129,185,0.020574
129,186,-0.010630
129,187,0.017492
129,188,-0.003710
129,189,0.005386
129,190,-0.008220
129,191,0.005713
129,192,-0.072188
130,1,-0.005747
130,2,0.029197
130,3,0.066046
130,4,0.098910
130,5,0.061248
130,6,-0.023663
130,7,-0.063262
130,8,0.014683
130,9,0.083092
130,10,0.064888
130,11,0.059460
130,12,0.046991
130,13,0.041533
130,14,0.019791
130,15,0.029186
130,16,0.049807
130,17,0.023070
130,18,-0.003642
130,19,-0.008865
130,20,0.014148
130,21,0.046867
130,22,0.093939
130,23,0.040383
130,24,0.036469
130,25,0.023489
130,26,0.013234
130,27,0.010648
130,28,0.026181
130,29,0.047731
130,30,0.082496
130,31,0.024089
130,32,0.043537
130,33,-0.022394
130,34,-0.004486
130,35,-0.074643
130,36,0.059351
130,37,0.083035
130,38,-0.006629
130,39,-0.000921
130,40,0.026763
130,41,0.014237
130,42,-0.030325
130,43,0.018788
130,44,0.029629
130,45,0.034820
130,46,0.032201
130,47,0.033548
130,48,0.018618
130,49,-0.029602
130,50,-0.063581
130,51,0.073706
130,52,0.006836
130,53,-0.105589
130,54,-0.014843
130,55,0.000580
130,56,0.079306
130,57,0.045840
130,58,0.001925
130,59,-0.016824
130,60,0.003286
130,61,-0.007330
130,62,0.042971
130,63,0.048925
130,64,0.087108
130,65,0.040917
130,66,0.014302
130,67,0.032044
130,68,0.091668
130,69,0.207074
130,70,0.233401
130,71,0.156114
130,72,0.068915
130,73,0.045049
130,74,0.061621
130,75,0.068001
130,76,0.059489
130,77,0.028777
130,78,0.058091
130,79,0.046871
130,80,0.033587
130,81,0.048034
130,82,0.068082
130,83,0.061429
130,84,0.083795
130,85,0.084954
130,86,0.056712
130,87,0.063069
130,88,0.062541
130,89,0.037720
130,90,0.039985
130,91,0.018526
130,92,0.036092
130,93,0.096897
130,94,0.032753
130,95,0.028369
130,96,0.023567
130,97,0.010324
130,98,0.055138
130,99,0.039055
130,100,0.049146
130,101,0.027568
130,102,0.044087
130,103,0.032148
130,104,-0.016134
130,105,0.008739
130,106,0.029656
130,107,0.044190
130,108,0.030560
130,109,0.028465
130,110,0.041327
130,111,0.034921
130,112,-0.030846
130,113,0.113485
130,114,0.064800
130,115,0.061205
130,116,0.107013
130,117,0.096160
130,118,0.048132
130,119,0.102813
130,120,0.064325
130,121,0.057518
130,122,0.083089
130,123,0.122997
130,124,0.170890
130,125,0.288346
130,126,0.391500
130,127,0.352025
130,128,0.250272
130,129,0.641298
130,130,1.000000
130,131,0.109393
130,132,0.048693
130,133,0.156108
130,134,0.226794
130,135,0.180894
130,136,0.026268
130,137,0.040016
130,138,0.028245
130,139,0.030261
130,140,-0.005577
130,141,-0.021835
130,142,-0.016129
130,143,-0.004734
130,144,-0.000372
130,145,0.003749
130,146,0.016424
130,147,0.023869
130,148,-0.118022
130,149,0.010489
130,150,0.097780
130,151,0.066699
130,152,0.090482
130,153,0.130326
130,154,0.110106
130,155,0.138916
130,156,0.120444
130,157,0.111371
130,158,0.131866
130,159,0.129170
130,160,0.160204
130,161,0.173456
130,162,0.174462
130,163,0.142468
130,164,0.090808
130,165,0.115488
130,166,0.045048
130,167,0.106162
130,168,0.080677
130,169,0.075360
130,170,-0.006331
130,171,-0.038230
130,172,-0.011257
130,173,-0.004790
130,174,-0.018907
130,175,0.014804
130,176,0.028975
130,177,0.162669
130,178,0.120093
130,179,0.119995
130,180,0.082705
130,181,0.012599
130,182,0.001969
130,183,0.011968
130,184,0.040686
130,185,0.021679
130,186,-0.016681
130,187,-0.002565
130,188,-0.029733
130,189,-0.033015
130,190,-0.046089
130,191,-0.019607
130,192,-0.122676
131,1,0.065725
131,2,0.119784
131,3,0.095438
131,4,0.058371
131,5,0.125828
131,6,0.184603
131,7,0.164975
131,8,0.219025
131,9,0.233315
131,10,0.192033
131,11,0.148275
131,12,0.096368
131,13,0.043176
131,14,0.016719
131,15,0.029530
131,16,0.107857
131,17,0.173331
131,18,0.160040
131,19,0.150189
131,20,0.137517
131,21,0.123563
131,22,0.122639
131,23,0.159107
131,24,0.166664
131,25,0.118502
131,26,0.041350
131,27,-0.010129
131,28,0.072951
131,29,0.093964
131,30,0.119105
131,31,0.162248
131,32,0.126091
131,33,0.146957
131,34,0.129015
131,35,0.156491
131,36,0.060594
131,37,-0.040456
131,38,0.112363
131,39,0.049582
131,40,0.063520
131,41,0.121838
131,42,0.103308
131,43,0.153503
131,44,0.152921
131,45,0.162445
131,46,0.118479
131,47,0.091736
131,48,0.052825
131,49,-0.010521
131,50,0.002555
131,51,-0.004718
131,52,0.089314
131,53,0.070394
131,54,0.154352
131,55,0.175533
131,56,0.084566
131,57,0.010508
131,58,0.041827
131,59,0.059953
131,60,0.085475
131,61,0.045241
131,62,0.152028
131,63,0.145007
131,64,0.151283
131,65,0.085126
131,66,0.075049
131,67,0.031247
131,68,0.093784
131,69,0.118321
131,70,0.118531
131,71,0.093311
131,72,0.118947
131,73,0.147722
131,74,0.111999
131,75,0.105007
131,76,0.132374
131,77,0.111560
131,78,0.178724
131,79,0.146873
131,80,0.136951
131,81,0.157299
131,82,0.164550
131,83,0.178105
131,84,0.190681
131,85,0.192127
131,86,0.169425
131,87,0.199941
131,88,0.228084
131,89,0.221959
131,90,0.143439
131,91,0.083747
131,92,0.035379
131,93,0.025306
131,94,0.008175
131,95,0.012454
131,96,0.009406
131,97,0.045726
131,98,0.117185
131,99,0.151390
131,100,0.169895
131,101,0.144166
131,102,0.121957
131,103,0.098170
131,104,0.031622
131,105,0.104695
131,106,0.153398
131,107,0.173459
131,108,0.118171
131,109,0.094012
131,110,0.092923
131,111,0.065904
131,112,0.179582
131,113,0.059900
131,114,0.139416
131,115,0.102906
131,116,0.015518
131,117,0.007227
131,118,-0.046170
131,119,0.003195
131,120,-0.030755
131,121,0.088458
131,122,0.041920
131,123,0.022347
131,124,0.187596
131,125,0.274248
131,126,0.279541
131,127,0.227440
131,128,0.147048
131,129,0.105583
131,130,0.109393
131,131,1.000000
131,132,0.527775
131,133,0.297011
131,134,0.270795
131,135,0.340402
131,136,0.110190
131,137,0.044407
131,138,-0.022799
131,139,-0.011052
131,140,0.011833
131,141,0.014920
131,142,0.003494
131,143,0.016362
131,144,0.053473
131,145,0.027307
131,146,0.055713
131,147,0.053362
131,148,-0.116216
131,149,-0.011207
131,150,-0.001522
131,151,0.061337
131,152,0.090623
131,153,0.096265
131,154,0.106878
131,155,0.152368
131,156,0.172462
131,157,0.153963
131,158,0.151601
131,159,0.165676
131,160,0.169386
131,161,0.176880
131,162,0.155777
131,163,0.142852
131,164,0.083557
131,165,0.101549
131,166,0.106660
131,167,0.137277
131,168,0.125065
131,169,0.083768
131,170,0.057619
131,171,0.008481
131,172,0.039296
131,173,0.035623
131,174,0.027392
131,175,0.033176
131,176,0.067062
131,177,0.155250
131,178,0.133315
131,179,0.153019
131,180,0.128795
131,181,0.105326
131,182,0.154176
131,183,0.183967
131,184,0.211580
131,185,0.156217
131,186,0.090809
131,187,0.057995
131,188,-0.036561
131,189,-0.051287
131,190,-0.052325
131,191,-0.071712
131,192,-0.054698
132,1,0.011544
132,2,0.065415
132,3,0.053364
132,4,0.011963
132,5,0.064463
132,6,0.127919
132,7,0.097073
132,8,0.119761
132,9,0.117325
132,10,0.127622
132,11,0.116742
132,12,0.087154
132,13,0.075679
132,14,0.029783
132,15,0.099515
132,16,0.128239
132,17,0.124586
132,18,0.082136
132,19,0.064799
132,20,0.086251
132,21,0.104179
132,22,0.098391
132,23,0.145181
132,24,0.132045
132,25,0.118254
132,26,0.039603
132,27,0.035715
132,28,0.088645
132,29,0.116846
132,30,0.120081
132,31,0.125900
132,32,0.058520
132,33,0.134814
132,34,0.110586
132,35,0.040389
132,36,0.052732
132,37,0.029428
132,38,0.100767
132,39,0.037862
132,40,0.079394
132,41,0.112488
132,42,0.103105
132,43,0.113279
132,44,0.101529
132,45,0.108477
132,46,0.101764
132,47,0.114943
132,48,0.110700
132,49,0.038515
132,50,0.050078
132,51,0.122837
132,52,0.095474
132,53,0.046939
132,54,0.094340
132,55,0.105064
132,56,0.125332
132,57,0.054921
132,58,0.089798
132,59,0.072244
132,60,0.076833
132,61,0.061538
132,62,0.097183
132,63,0.107658
132,64,0.114009
132,65,0.110083
132,66,0.121805
132,67,0.096410
132,68,0.125582
132,69,0.113487
132,70,0.108249
132,71,0.033376
132,72,0.052626
132,73,0.050612
132,74,0.031683
132,75,0.028217
132,76,0.036108
132,77,0.007630
132,78,0.064817
132,79,0.055333
132,80,0.038219
132,81,0.108721
132,82,0.114402
132,83,0.111514
132,84,0.145594
132,85,0.163798
132,86,0.123044
132,87,0.139664
132,88,0.216884
132,89,0.233671
132,90,0.165361
132,91,0.139784
132,92,0.148259
132,93,0.062417
132,94,0.020496
132,95,0.071377
132,96,0.082432
132,97,0.101583
132,98,0.110499
132,99,0.129387
132,100,0.119640
132,101,0.103471
132,102,0.112126
132,103,0.147179
132,104,0.074801
132,105,0.075480
132,106,0.092671
132,107,0.109332
132,108,0.095746
132,109,0.111161
132,110,0.122557
132,111,0.145832
132,112,0.069889
132,113,0.129987
132,114,0.144664
132,115,0.146939
132,116,0.103619
132,117,0.055925
132,118,0.054647
132,119,0.064051
132,120,0.062717
132,121,0.117193
132,122,0.050361
132,123,0.064689
132,124,0.136383
132,125,0.182722
132,126,0.169721
132,127,0.160910
132,128,0.118409
132,129,0.044409
132,130,0.048693
132,131,0.527775
132,132,1.000000
132,133,0.631344
132,134,0.278727
132,135,0.449663
132,136,0.211863
132,137,0.127891
132,138,0.025432
132,139,0.034902
132,140,0.045626
132,141,0.042358
132,142,0.027582
132,143,0.023332
132,144,0.066290
132,145,0.050611
132,146,0.034562
132,147,0.025445
132,148,0.044301
132,149,0.068255
132,150,0.049215
132,151,0.038998
132,152,0.042855
132,153,0.052814
132,154,0.043479
132,155,0.074384
132,156,0.066285
132,157,0.081588
132,158,0.117972
132,159,0.102823
132,160,0.101411
132,161,0.109085
132,162,0.104259
132,163,0.097351
132,164,0.050225
132,165,0.073229
132,166,0.068427
132,167,0.048721
132,168,0.038076
132,169,-0.000979
132,170,0.067597
132,171,0.015150
132,172,0.052749
132,173,0.075013
132,174,0.055896
132,175,0.050958
132,176,0.088246
132,177,0.125505
132,178,0.077143
132,179,0.122902
132,180,0.166012
132,181,0.162080
132,182,0.189419
132,183,0.162902
132,184,0.154284
132,185,0.086559
132,186,0.027048
132,187,0.023175
132,188,-0.039192
132,189,-0.041196
132,190,-0.046541
132,191,0.006454
132,192,-0.014312
133,1,0.011844
133,2,0.091426
133,3,0.099326
133,4,0.056046
133,5,0.093670
133,6,0.127899
133,7,0.117975
133,8,0.137035
133,9,0.135709
133,10,0.137752
133,11,0.156151
133,12,0.139888
133,13,0.106719
133,14,0.041249
133,15,0.119766
133,16,0.167977
133,17,0.174538
133,18,0.122804
133,19,0.118400
133,20,0.168217
133,21,0.183806
133,22,0.195942
133,23,0.213632
133,24,0.184985
133,25,0.162897
133,26,0.068209
133,27,0.091641
133,28,0.152938
133,29,0.162248
133,30,0.173133
133,31,0.159279
133,32,0.085137
133,33,0.100756
133,34,0.121017
133,35,0.092986
133,36,0.168955
133,37,0.110303
133,38,0.094145
133,39,0.043268
133,40,0.078438
133,41,0.130708
133,42,0.152073
133,43,0.153859
133,44,0.130640
133,45,0.145784
133,46,0.145429
133,47,0.156760
133,48,0.139628
133,49,0.042786
133,50,0.062403
133,51,0.165823
133,52,0.115383
133,53,0.051880
133,54,0.127888
133,55,0.145497
133,56,0.169537
133,57,0.112649
133,58,0.152625
133,59,0.118778
133,60,0.115236
133,61,0.082830
133,62,0.091732
133,63,0.134738
133,64,0.115583
133,65,0.126677
133,66,0.103495
133,67,0.088369
133,68,0.108311
133,69,0.081866
133,70,0.085124
133,71,0.022969
133,72,0.060532
133,73,0.064088
133,74,0.022670
133,75,0.028637
133,76,0.065435
133,77,0.013850
133,78,0.087420
133,79,0.070536
133,80,0.064378
133,81,0.154037
133,82,0.158250
133,83,0.169210
133,84,0.207563
133,85,0.210558
133,86,0.188470
133,87,0.200641
133,88,0.235469
133,89,0.244430
133,90,0.179855
133,91,0.170168
133,92,0.147835
133,93,0.085677
133,94,0.020403
133,95,0.082271
133,96,0.078517
133,97,0.111000
133,98,0.142232
133,99,0.143604
133,100,0.100475
133,101,0.121070
133,102,0.130439
133,103,0.163933
133,104,0.113889
133,105,0.091356
133,106,0.089209
133,107,0.106642
133,108,0.135281
133,109,0.152959
133,110,0.150017
133,111,0.167515
133,112,0.069381
133,113,0.167441
133,114,0.178887
133,115,0.201318
133,116,0.160133
133,117,0.098422
133,118,0.112862
133,119,0.122958
133,120,0.081689
133,121,0.127000
133,122,0.071498
133,123,0.110362
133,124,0.256228
133,125,0.320132
133,126,0.289517
133,127,0.204024
133,128,0.125687
133,129,0.090183
133,130,0.156108
133,131,0.297011
133,132,0.631344
133,133,1.000000
133,134,0.526920
133,135,0.536767
133,136,0.280651
133,137,0.170551
133,138,0.041977
133,139,0.037571
133,140,0.073129
133,141,0.079257
133,142,0.039413
133,143,0.012315
133,144,0.064704
133,145,0.062519
133,146,0.025548
133,147,0.024834
133,148,0.031292
133,149,0.111432
133,150,0.115730
133,151,0.099563
133,152,0.129922
133,153,0.104408
133,154,0.098461
133,155,0.118796
133,156,0.137038
133,157,0.141948
133,158,0.147866
133,159,0.186462
133,160,0.209584
133,161,0.198408
133,162,0.223879
133,163,0.188378
133,164,0.104135
133,165,0.104388
133,166,0.051529
133,167,0.021199
133,168,0.004363
133,169,-0.018991
133,170,0.050856
133,171,0.009483
133,172,0.060674
133,173,0.092439
133,174,0.086549
133,175,0.108127
133,176,0.161269
133,177,0.307139
133,178,0.267614
133,179,0.296804
133,180,0.270527
133,181,0.251684
133,182,0.287355
133,183,0.203499
133,184,0.185186
133,185,0.127348
133,186,0.043678
133,187,0.027559
133,188,-0.033300
133,189,-0.039645
133,190,-0.052816
133,191,0.017431
133,192,0.029253
134,1,0.015506
134,2,0.092718
134,3,0.126201
134,4,0.111438
134,5,0.139160
134,6,0.129063
134,7,0.125858
134,8,0.230166
134,9,0.228865
134,10,0.183989
134,11,0.167347
134,12,0.124065
134,13,0.096840
134,14,0.041504
134,15,0.129768
134,16,0.204365
134,17,0.213601
134,18,0.156716
134,19,0.166467
134,20,0.215775
134,21,0.230271
134,22,0.279963
134,23,0.280909
134,24,0.197937
134,25,0.180840
134,26,0.075694
134,27,0.046215
134,28,0.118078
134,29,0.138443
134,30,0.183974
134,31,0.180761
134,32,0.119744
134,33,0.087571
134,34,0.071792
134,35,0.147962
134,36,0.215969
134,37,0.082561
134,38,0.083031
134,39,0.010416
134,40,0.062314
134,41,0.140789
134,42,0.141579
134,43,0.178749
134,44,0.154568
134,45,0.152176
134,46,0.140399
134,47,0.120437
134,48,0.092155
134,49,0.024813
134,50,0.046956
134,51,0.129479
134,52,0.113241
134,53,0.061461
134,54,0.118480
134,55,0.143409
134,56,0.168327
134,57,0.098119
134,58,0.124227
134,59,0.118039
134,60,0.119019
134,61,0.087373
134,62,0.093231
134,63,0.117179
134,64,0.118659
134,65,0.094288
134,66,0.077271
134,67,0.074017
134,68,0.095006
134,69,0.150903
134,70,0.162514
134,71,0.101164
134,72,0.054381
134,73,0.063700
134,74,0.042908
134,75,0.031877
134,76,0.086067
134,77,0.021544
134,78,0.134745
134,79,0.111128
134,80,0.108642
134,81,0.181875
134,82,0.174130
134,83,0.198149
134,84,0.229748
134,85,0.197856
134,86,0.203072
134,87,0.205005
134,88,0.188163
134,89,0.206709
134,90,0.140179
134,91,0.105025
134,92,0.043065
134,93,0.069736
134,94,0.033832
134,95,0.061084
134,96,0.041588
134,97,0.066206
134,98,0.134057
134,99,0.128843
134,100,0.104185
134,101,0.157387
134,102,0.139342
134,103,0.112068
134,104,0.071785
134,105,0.094308
134,106,0.109898
134,107,0.121583
134,108,0.129242
134,109,0.127475
134,110,0.127360
134,111,0.124142
134,112,0.104892
134,113,0.175434
134,114,0.186517
134,115,0.152938
134,116,0.088223
134,117,0.050827
134,118,0.066821
134,119,0.093254
134,120,0.024476
134,121,0.086891
134,122,0.051584
134,123,0.123827
134,124,0.368298
134,125,0.485985
134,126,0.511918
134,127,0.299878
134,128,0.171037
134,129,0.151306
134,130,0.226794
134,131,0.270795
134,132,0.278727
134,133,0.526920
134,134,1.000000
134,135,0.645134
134,136,0.267864
134,137,0.218879
134,138,0.054176
134,139,0.058732
134,140,0.074937
134,141,0.050050
134,142,0.013334
134,143,-0.021699
134,144,0.040672
134,145,0.087519
134,146,0.055826
134,147,0.048092
134,148,-0.069351
134,149,0.035272
134,150,0.095532
134,151,0.128182
134,152,0.200441
134,153,0.175042
134,154,0.177855
134,155,0.208965
134,156,0.254277
134,157,0.248312
134,158,0.236893
134,159,0.313475
134,160,0.356154
134,161,0.340847
134,162,0.376253
134,163,0.320167
134,164,0.197751
134,165,0.156325
134,166,0.068117
134,167,0.087201
134,168,0.038148
134,169,0.009794
134,170,0.056757
134,171,0.029551
134,172,0.073985
134,173,0.105136
134,174,0.113311
134,175,0.158120
134,176,0.217965
134,177,0.485055
134,178,0.488280
134,179,0.577897
134,180,0.402763
134,181,0.293409
134,182,0.374405
134,183,0.282456
134,184,0.274739
134,185,0.196807
134,186,0.123747
134,187,0.083454
134,188,0.000559
134,189,-0.024459
134,190,-0.031550
134,191,0.017676
134,192,0.005940
135,1,0.024386
135,2,0.089662
135,3,0.105092
135,4,0.090821
135,5,0.129919
135,6,0.126658
135,7,0.116442
135,8,0.209312
135,9,0.199488
135,10,0.190410
135,11,0.172016
135,12,0.126538
135,13,0.086589
135,14,-0.007188
135,15,0.080971
135,16,0.148886
135,17,0.197299
135,18,0.144069
135,19,0.148370
135,20,0.188144
135,21,0.205374
135,22,0.181462
135,23,0.220128
135,24,0.160042
135,25,0.108571
135,26,0.009847
135,27,0.019469
135,28,0.099737
135,29,0.125499
135,30,0.175886
135,31,0.155101
135,32,0.060058
135,33,0.078564
135,34,0.066282
135,35,0.114240
135,36,0.156769
135,37,0.078466
135,38,0.144526
135,39,0.013050
135,40,0.053091
135,41,0.098096
135,42,0.078387
135,43,0.117941
135,44,0.112798
135,45,0.122356
135,46,0.109620
135,47,0.110507
135,48,0.102662
135,49,0.027194
135,50,0.023272
135,51,0.128278
135,52,0.097550
135,53,0.087747
135,54,0.102014
135,55,0.129771
135,56,0.168372
135,57,0.077930
135,58,0.125422
135,59,0.098435
135,60,0.087682
135,61,0.059716
135,62,0.048018
135,63,0.073614
135,64,0.095568
135,65,0.077807
135,66,0.047591
135,67,0.051338
135,68,0.116813
135,69,0.166261
135,70,0.163764
135,71,0.054280
135,72,0.036072
135,73,0.040237
135,74,0.011053
135,75,0.011834
135,76,0.025067
135,77,-0.007556
135,78,0.085451
135,79,0.076643
135,80,0.089944
135,81,0.131780
135,82,0.162784
135,83,0.166175
135,84,0.177937
135,85,0.189747
135,86,0.181951
135,87,0.173271
135,88,0.187690
135,89,0.171322
135,90,0.126794
135,91,0.062802
135,92,0.088363
135,93,0.084017
135,94,0.018534
135,95,0.052244
135,96,0.042904
135,97,0.075760
135,98,0.122748
135,99,0.120720
135,100,0.082967
135,101,0.089913
135,102,0.078858
135,103,0.087960
135,104,0.040151
135,105,0.051105
135,106,0.061844
135,107,0.094639
135,108,0.106216
135,109,0.114036
135,110,0.125716
135,111,0.136055
135,112,0.129160
135,113,0.142200
135,114,0.153901
135,115,0.122383
135,116,0.065911
135,117,0.025731
135,118,0.042574
135,119,0.050205
135,120,0.028719
135,121,0.108304
135,122,0.055936
135,123,0.115180
135,124,0.319659
135,125,0.403737
135,126,0.422819
135,127,0.309891
135,128,0.197024
135,129,0.104406
135,130,0.180894
135,131,0.340402
135,132,0.449663
135,133,0.536767
135,134,0.645134
135,135,1.000000
135,136,0.471671
135,137,0.265736
135,138,0.116424
135,139,0.107138
135,140,0.082523
135,141,0.034786
135,142,0.015610
135,143,-0.018722
135,144,0.021186
135,145,0.037648
135,146,0.011611
135,147,0.007800
135,148,-0.065332
135,149,0.037980
135,150,0.077245
135,151,0.082301
135,152,0.129239
135,153,0.106074
135,154,0.103669
135,155,0.145932
135,156,0.168785
135,157,0.182321
135,158,0.213648
135,159,0.233198
135,160,0.250247
135,161,0.256794
135,162,0.279375
135,163,0.227259
135,164,0.147791
135,165,0.140232
135,166,0.070983
135,167,0.108475
135,168,0.096920
135,169,0.043627
135,170,0.047569
135,171,0.020636
135,172,0.046750
135,173,0.082376
135,174,0.093782
135,175,0.142355
135,176,0.179378
135,177,0.309022
135,178,0.257843
135,179,0.322428
135,180,0.266646
135,181,0.218453
135,182,0.315014
135,183,0.258822
135,184,0.248830
135,185,0.174637
135,186,0.099815
135,187,0.067943
135,188,-0.021553
135,189,-0.028520
135,190,-0.035854
135,191,0.014099
135,192,0.009100
136,1,0.039121
136,2,0.086463
136,3,0.100725
136,4,0.087830
136,5,0.118231
136,6,0.118090
136,7,0.127041
136,8,0.136891
136,9,0.128325
136,10,0.156037
136,11,0.161767
136,12,0.104493
136,13,0.094359
136,14,0.027057
136,15,0.131697
136,16,0.172786
136,17,0.203637
136,18,0.157669
136,19,0.147263
136,20,0.173633
136,21,0.194277
136,22,0.189096
136,23,0.228945
136,24,0.170481
136,25,0.148321
136,26,0.035169
136,27,0.072562
136,28,0.124616
136,29,0.149918
136,30,0.164164
136,31,0.179730
136,32,0.101621
136,33,0.083093
136,34,0.115068
136,35,0.125755
136,36,0.122825
136,37,0.026765
136,38,0.090471
136,39,0.075525
136,40,0.069784
136,41,0.087230
136,42,0.114604
136,43,0.135288
136,44,0.111936
136,45,0.143055
136,46,0.142796
136,47,0.157663
136,48,0.144567
136,49,0.106497
136,50,0.104562
136,51,0.097370
136,52,0.015245
136,53,0.059216
136,54,0.072386
136,55,0.101658
136,56,0.142924
136,57,0.112604
136,58,0.142391
136,59,0.108309
136,60,0.096280
136,61,0.088110
136,62,0.066105
136,63,0.100127
136,64,0.105820
136,65,0.113607
136,66,0.042758
136,67,0.081967
136,68,0.093195
136,69,0.032099
136,70,0.041450
136,71,-0.012223
136,72,0.028181
136,73,0.033096
136,74,0.014491
136,75,0.006392
136,76,0.041035
136,77,0.013657
136,78,0.085734
136,79,0.093944
136,80,0.110488
136,81,0.171672
136,82,0.230542
136,83,0.239282
136,84,0.230040
136,85,0.261458
136,86,0.237839
136,87,0.197680
136,88,0.262859
136,89,0.325354
136,90,0.317548
136,91,0.288723
136,92,0.217021
136,93,0.188040
136,94,0.069720
136,95,0.089132
136,96,0.114143
136,97,0.141237
136,98,0.125050
136,99,0.145371
136,100,0.097048
136,101,0.096844
136,102,0.087211
136,103,0.105144
136,104,0.030323
136,105,0.038725
136,106,0.069593
136,107,0.108941
136,108,0.156032
136,109,0.169085
136,110,0.137408
136,111,0.145709
136,112,0.069878
136,113,0.085062
136,114,0.137397
136,115,0.107501
136,116,0.030036
136,117,-0.006755
136,118,0.014588
136,119,0.057823
136,120,0.075410
136,121,0.116517
136,122,0.091746
136,123,0.114276
136,124,0.111619
136,125,0.167702
136,126,0.160926
136,127,0.151378
136,128,0.095877
136,129,0.032605
136,130,0.026268
136,131,0.110190
136,132,0.211863
136,133,0.280651
136,134,0.267864
136,135,0.471671
136,136,1.000000
136,137,0.370976
136,138,0.277287
136,139,0.186894
136,140,0.136155
136,141,0.108041
136,142,0.056177
136,143,0.040477
136,144,0.058826
136,145,0.071435
136,146,0.048123
136,147,0.043659
136,148,-0.018778
136,149,0.040380
136,150,0.059458
136,151,0.072723
136,152,0.105413
136,153,0.082499
136,154,0.097007
136,155,0.105961
136,156,0.132989
136,157,0.156924
136,158,0.152539
136,159,0.156410
136,160,0.170970
136,161,0.158440
136,162,0.195106
136,163,0.155483
136,164,0.100015
136,165,0.091921
136,166,0.055887
136,167,0.026339
136,168,0.026862
136,169,-0.019099
136,170,0.015212
136,171,0.046815
136,172,0.085874
136,173,0.134078
136,174,0.159238
136,175,0.199567
136,176,0.187457
136,177,0.225199
136,178,0.219075
136,179,0.238606
136,180,0.231279
136,181,0.202630
136,182,0.281545
136,183,0.233455
136,184,0.249824
136,185,0.202371
136,186,0.127388
136,187,0.096430
136,188,0.022846
136,189,0.007091
136,190,0.021791
136,191,0.109199
136,192,0.085760
137,1,0.073282
137,2,0.122248
137,3,0.100445
137,4,0.094551
137,5,0.141284
137,6,0.173940
137,7,0.158317
137,8,0.185910
137,9,0.197165
137,10,0.190850
137,11,0.194523
137,12,0.133265
137,13,0.094296
137,14,-0.012732
137,15,0.069120
137,16,0.120438
137,17,0.250932
137,18,0.228323
137,19,0.224152
137,20,0.244106
137,21,0.254181
137,22,0.233030
137,23,0.201862
137,24,0.117772
137,25,0.067467
137,26,0.016253
137,27,0.076114
137,28,0.152050
137,29,0.195751
137,30,0.209715
137,31,0.176971
137,32,0.065766
137,33,0.052201
137,34,0.106492
137,35,0.155589
137,36,0.167913
137,37,0.054739
137,38,0.104652
137,39,0.026055
137,40,0.021427
137,41,0.069364
137,42,0.104239
137,43,0.140142
137,44,0.135264
137,45,0.145668
137,46,0.160495
137,47,0.205931
137,48,0.180464
137,49,0.112486
137,50,0.093584
137,51,0.120708
137,52,0.034967
137,53,0.036300
137,54,0.088078
137,55,0.131362
137,56,0.194652
137,57,0.155436
137,58,0.184375
137,59,0.164902
137,60,0.148080
137,61,0.123215
137,62,0.081939
137,63,0.120933
137,64,0.110505
137,65,0.112233
137,66,0.004830
137,67,0.048010
137,68,0.038043
137,69,0.051870
137,70,0.057381
137,71,0.019102
137,72,0.051067
137,73,0.060167
137,74,0.022216
137,75,0.052131
137,76,0.074236
137,77,0.054748
137,78,0.093102
137,79,0.098172
137,80,0.109085
137,81,0.140683
137,82,0.137423
137,83,0.160322
137,84,0.142724
137,85,0.147836
137,86,0.159802
137,87,0.157996
137,88,0.160171
137,89,0.166545
137,90,0.155206
137,91,0.155395
137,92,0.125364
137,93,0.135818
137,94,0.097471
137,95,0.120506
137,96,0.161357
137,97,0.151162
137,98,0.130911
137,99,0.149142
137,100,0.095918
137,101,0.112765
137,102,0.107571
137,103,0.104508
137,104,0.075202
137,105,0.106027
137,106,0.104653
137,107,0.134563
137,108,0.162060
137,109,0.172515
137,110,0.159757
137,111,0.187504
137,112,0.127014
137,113,0.104768
137,114,0.114650
137,115,0.084004
137,116,0.047612
137,117,0.020436
137,118,0.051919
137,119,0.098890
137,120,0.108131
137,121,0.199841
137,122,0.204250
137,123,0.177264
137,124,0.162089
137,125,0.186084
137,126,0.164365
137,127,0.137990
137,128,0.093595
137,129,0.034071
137,130,0.040016
137,131,0.044407
137,132,0.127891
137,133,0.170551
137,134,0.218879
137,135,0.265736
137,136,0.370976
137,137,1.000000
137,138,0.594530
137,139,0.388051
137,140,0.392605
137,141,0.356434
137,142,0.217957
137,143,0.129760
137,144,0.127436
137,145,0.108391
137,146,0.073891
137,147,0.059796
137,148,-0.039752
137,149,0.044225
137,150,0.087670
137,151,0.116415
137,152,0.129189
137,153,0.075297
137,154,0.086683
137,155,0.084021
137,156,0.104035
137,157,0.134431
137,158,0.118876
137,159,0.136447
137,160,0.170420
137,161,0.143800
137,162,0.175943
137,163,0.166097
137,164,0.126360
137,165,0.125968
137,166,0.068168
137,167,0.036479
137,168,0.033129
137,169,0.052148
137,170,0.075177
137,171,0.103093
137,172,0.155492
137,173,0.188068
137,174,0.185310
137,175,0.261631
137,176,0.284315
137,177,0.269905
137,178,0.218515
137,179,0.227520
137,180,0.193782
137,181,0.176928
137,182,0.238184
137,183,0.165145
137,184,0.198262
137,185,0.184523
137,186,0.109070
137,187,0.104453
137,188,0.073601
137,189,0.070264
137,190,0.075077
137,191,0.142989
137,192,0.124076
138,1,0.051532
138,2,0.064655
138,3,0.021432
138,4,0.033860
138,5,0.042776
138,6,0.047841
138,7,0.029956
138,8,0.065943
138,9,0.058649
138,10,0.084214
138,11,0.097488
138,12,0.074482
138,13,0.062899
138,14,0.013954
138,15,0.024569
138,16,0.022977
138,17,0.095506
138,18,0.110662
138,19,0.104434
138,20,0.105441
138,21,0.091105
138,22,0.081796
138,23,0.066413
138,24,0.039971
138,25,0.007838
138,26,0.012965
138,27,0.053901
138,28,0.089234
138,29,0.123246
138,30,0.108842
138,31,0.056102
138,32,-0.014874
138,33,-0.026887
138,34,0.022848
138,35,0.079451
138,36,0.087939
138,37,0.056021
138,38,0.055248
138,39,-0.000429
138,40,0.001674
138,41,0.005005
138,42,0.008940
138,43,0.043598
138,44,0.038705
138,45,0.044594
138,46,0.049057
138,47,0.074649
138,48,0.081813
138,49,0.068281
138,50,0.049621
138,51,0.077553
138,52,0.014713
138,53,0.027715
138,54,0.038195
138,55,0.077553
138,56,0.099894
138,57,0.084747
138,58,0.099807
138,59,0.092769
138,60,0.079748
138,61,0.067316
138,62,-0.001848
138,63,0.039902
138,64,0.043370
138,65,0.056832
138,66,-0.049253
138,67,0.005102
138,68,0.009244
138,69,0.055030
138,70,0.070529
138,71,0.052240
138,72,0.019738
138,73,0.018979
138,74,0.016024
138,75,0.032157
138,76,0.043282
138,77,0.055962
138,78,0.043536
138,79,0.073192
138,80,0.074860
138,81,0.059247
138,82,0.069076
138,83,0.068127
138,84,0.050442
138,85,0.074378
138,86,0.083004
138,87,0.070668
138,88,0.071057
138,89,0.071466
138,90,0.081962
138,91,0.120891
138,92,0.080441
138,93,0.164777
138,94,0.150656
138,95,0.129824
138,96,0.099597
138,97,0.062073
138,98,0.056689
138,99,0.051856
138,100,0.008105
138,101,0.025188
138,102,0.029835
138,103,0.038258
138,104,0.049812
138,105,0.062452
138,106,0.043150
138,107,0.048381
138,108,0.060638
138,109,0.058671
138,110,0.054216
138,111,0.084239
138,112,0.047984
138,113,0.067973
138,114,0.020744
138,115,0.020616
138,116,0.004153
138,117,0.030645
138,118,0.044408
138,119,0.068652
138,120,0.101567
138,121,0.158247
138,122,0.264617
138,123,0.239114
138,124,0.054562
138,125,0.051685
138,126,0.042380
138,127,0.081396
138,128,0.089525
138,129,0.041935
138,130,0.028245
138,131,-0.022799
138,132,0.025432
138,133,0.041977
138,134,0.054176
138,135,0.116424
138,136,0.277287
138,137,0.594530
138,138,1.000000
138,139,0.603535
138,140,0.362867
138,141,0.350377
138,142,0.291742
138,143,0.155460
138,144,0.090290
138,145,0.080028
138,146,0.058637
138,147,0.035548
138,148,-0.039885
138,149,0.024443
138,150,0.045770
138,151,0.056357
138,152,0.054149
138,153,0.023165
138,154,0.044973
138,155,0.033560
138,156,0.033852
138,157,0.063293
138,158,0.056949
138,159,0.056732
138,160,0.063879
138,161,0.065659
138,162,0.051421
138,163,0.040976
138,164,0.049395
138,165,0.047516
138,166,0.031051
138,167,0.011334
138,168,0.022136
138,169,0.044671
138,170,0.020376
138,171,0.042097
138,172,0.068071
138,173,0.075493
138,174,0.086540
138,175,0.133799
138,176,0.109813
138,177,0.049260
138,178,0.025182
138,179,0.049175
138,180,0.037930
138,181,0.031234
138,182,0.055240
138,183,0.044128
138,184,0.062132
138,185,0.086710
138,186,0.058535
138,187,0.055792
138,188,0.046995
138,189,0.057019
138,190,0.049866
138,191,0.046540
138,192,0.039185
139,1,0.029416
139,2,0.022704
139,3,0.007907
139,4,0.006632
139,5,0.034064
139,6,0.042289
139,7,0.011428
139,8,0.022959
139,9,0.034587
139,10,0.050681
139,11,0.064992
139,12,0.031573
139,13,0.001814
139,14,-0.033783
139,15,-0.027172
139,16,0.009986
139,17,0.115134
139,18,0.131464
139,19,0.126267
139,20,0.126853
139,21,0.127513
139,22,0.095348
139,23,0.051832
139,24,0.023064
139,25,-0.021643
139,26,-0.009701
139,27,0.014130
139,28,0.058288
139,29,0.078379
139,30,0.087142
139,31,-0.005192
139,32,-0.065955
139,33,-0.032997
139,34,-0.009545
139,35,0.014340
139,36,0.054089
139,37,0.064452
139,38,0.031718
139,39,-0.049580
139,40,-0.005452
139,41,0.001852
139,42,-0.006335
139,43,0.028163
139,44,0.035147
139,45,0.041764
139,46,0.045226
139,47,0.073833
139,48,0.073511
139,49,0.076520
139,50,0.043331
139,51,0.077599
139,52,0.051536
139,53,0.011695
139,54,0.002145
139,55,0.069809
139,56,0.075113
139,57,0.045713
139,58,0.071563
139,59,0.098890
139,60,0.082496
139,61,0.051167
139,62,-0.019063
139,63,0.038924
139,64,0.049455
139,65,0.034559
139,66,-0.008864
139,67,-0.006816
139,68,0.007203
139,69,0.134302
139,70,0.136452
139,71,0.072510
139,72,0.018745
139,73,0.016712
139,74,0.031546
139,75,0.072628
139,76,0.075916
139,77,0.104716
139,78,0.090346
139,79,0.118242
139,80,0.119748
139,81,0.062476
139,82,0.069122
139,83,0.074903
139,84,0.041098
139,85,0.058946
139,86,0.060064
139,87,0.044977
139,88,0.030081
139,89,0.018160
139,90,0.006594
139,91,0.040631
139,92,0.049236
139,93,0.071317
139,94,0.106504
139,95,0.118247
139,96,0.080418
139,97,0.067461
139,98,0.050821
139,99,0.059948
139,100,0.022658
139,101,0.022763
139,102,0.037589
139,103,0.041362
139,104,0.039734
139,105,0.060185
139,106,0.052893
139,107,0.065051
139,108,0.066483
139,109,0.082146
139,110,0.087716
139,111,0.115961
139,112,0.050939
139,113,0.030134
139,114,-0.012735
139,115,0.005989
139,116,-0.000664
139,117,0.054919
139,118,0.042090
139,119,0.050025
139,120,0.066811
139,121,0.087046
139,122,0.162594
139,123,0.178875
139,124,0.070040
139,125,0.052943
139,126,0.049003
139,127,0.060946
139,128,0.045683
139,129,0.028946
139,130,0.030261
139,131,-0.011052
139,132,0.034902
139,133,0.037571
139,134,0.058732
139,135,0.107138
139,136,0.186894
139,137,0.388051
139,138,0.603535
139,139,1.000000
139,140,0.595528
139,141,0.330016
139,142,0.328281
139,143,0.230610
139,144,0.110557
139,145,0.077935
139,146,0.082064
139,147,0.053318
139,148,-0.007191
139,149,0.044605
139,150,0.040971
139,151,0.030367
139,152,0.031658
139,153,0.038419
139,154,0.043370
139,155,0.036783
139,156,0.023455
139,157,0.048207
139,158,0.053573
139,159,0.051724
139,160,0.041320
139,161,0.061906
139,162,0.029363
139,163,0.018743
139,164,0.033467
139,165,0.048550
139,166,0.031748
139,167,0.014826
139,168,0.029705
139,169,0.034736
139,170,0.049337
139,171,0.099679
139,172,0.144121
139,173,0.104860
139,174,0.100533
139,175,0.180092
139,176,0.136554
139,177,0.049936
139,178,0.001670
139,179,0.025129
139,180,0.004691
139,181,0.016742
139,182,0.050859
139,183,0.063829
139,184,0.047701
139,185,0.101643
139,186,0.076508
139,187,0.097855
139,188,0.089503
139,189,0.091022
139,190,0.064866
139,191,0.006990
139,192,0.006096
140,1,0.099202
140,2,0.105920
140,3,0.097086
140,4,0.058419
140,5,0.108020
140,6,0.128293
140,7,0.107464
140,8,0.095185
140,9,0.124703
140,10,0.139850
140,11,0.156780
140,12,0.107542
140,13,0.063024
140,14,0.018120
140,15,0.060034
140,16,0.100402
140,17,0.221592
140,18,0.209843
140,19,0.207745
140,20,0.226659
140,21,0.225598
140,22,0.187418
140,23,0.132651
140,24,0.101410
140,25,0.072279
140,26,0.072067
140,27,0.084629
140,28,0.141662
140,29,0.152743
140,30,0.156755
140,31,0.117617
140,32,0.061293
140,33,0.052605
140,34,0.064313
140,35,0.101609
140,36,0.077506
140,37,0.023386
140,38,0.019624
140,39,0.021123
140,40,0.032577
140,41,0.057651
140,42,0.085153
140,43,0.112474
140,44,0.124705
140,45,0.129038
140,46,0.123425
140,47,0.133297
140,48,0.096955
140,49,0.080596
140,50,0.075486
140,51,0.051536
140,52,0.047314
140,53,0.026594
140,54,0.040335
140,55,0.074680
140,56,0.107263
140,57,0.095588
140,58,0.109621
140,59,0.134861
140,60,0.144266
140,61,0.094388
140,62,0.088233
140,63,0.113908
140,64,0.099578
140,65,0.079466
140,66,0.029854
140,67,0.032337
140,68,0.000263
140,69,0.010537
140,70,0.035167
140,71,0.037614
140,72,0.079754
140,73,0.096622
140,74,0.074905
140,75,0.122258
140,76,0.117567
140,77,0.124968
140,78,0.133591
140,79,0.125399
140,80,0.129665
140,81,0.099111
140,82,0.088582
140,83,0.109348
140,84,0.094539
140,85,0.094341
140,86,0.077562
140,87,0.092208
140,88,0.083335
140,89,0.077255
140,90,0.057605
140,91,0.067795
140,92,0.065035
140,93,0.050639
140,94,0.072200
140,95,0.086600
140,96,0.105816
140,97,0.110181
140,98,0.090898
140,99,0.127295
140,100,0.107903
140,101,0.103796
140,102,0.099158
140,103,0.088426
140,104,0.106481
140,105,0.131449
140,106,0.118580
140,107,0.127816
140,108,0.154666
140,109,0.155733
140,110,0.123522
140,111,0.138017
140,112,0.073209
140,113,0.049609
140,114,0.078120
140,115,0.082274
140,116,0.059472
140,117,0.064292
140,118,0.066364
140,119,0.074152
140,120,0.063463
140,121,0.115534
140,122,0.153195
140,123,0.125317
140,124,0.086236
140,125,0.077761
140,126,0.053447
140,127,0.050954
140,128,0.039002
140,129,-0.003531
140,130,-0.005577
140,131,0.011833
140,132,0.045626
140,133,0.073129
140,134,0.074937
140,135,0.082523
140,136,0.136155
140,137,0.392605
140,138,0.362867
140,139,0.595528
140,140,1.000000
140,141,0.594722
140,142,0.386735
140,143,0.366117
140,144,0.308804
140,145,0.213125
140,146,0.158695
140,147,0.132955
140,148,0.012205
140,149,0.075669
140,150,0.060553
140,151,0.090927
140,152,0.088546
140,153,0.055074
140,154,0.068985
140,155,0.052810
140,156,0.053302
140,157,0.078285
140,158,0.066005
140,159,0.059107
140,160,0.073357
140,161,0.062331
140,162,0.066388
140,163,0.058128
140,164,0.039421
140,165,0.076011
140,166,0.073805
140,167,0.005871
140,168,-0.026836
140,169,0.022248
140,170,0.114055
140,171,0.178720
140,172,0.260168
140,173,0.196236
140,174,0.169315
140,175,0.240017
140,176,0.227110
140,177,0.144223
140,178,0.102304
140,179,0.094659
140,180,0.067045
140,181,0.090436
140,182,0.110809
140,183,0.082818
140,184,0.063617
140,185,0.086774
140,186,0.051238
140,187,0.078371
140,188,0.067515
140,189,0.085804
140,190,0.060380
140,191,0.059580
140,192,0.058576
141,1,0.116849
141,2,0.152242
141,3,0.146552
141,4,0.108670
141,5,0.140773
141,6,0.154186
141,7,0.135432
141,8,0.143852
141,9,0.175878
141,10,0.203269
141,11,0.221557
141,12,0.176914
141,13,0.115672
141,14,0.066574
141,15,0.090847
141,16,0.114060
141,17,0.220167
141,18,0.195520
141,19,0.187209
141,20,0.219963
141,21,0.224535
141,22,0.209009
141,23,0.145791
141,24,0.130783
141,25,0.118383
141,26,0.127753
141,27,0.132250
141,28,0.185004
141,29,0.224994
141,30,0.206264
141,31,0.190855
141,32,0.135430
141,33,0.074839
141,34,0.109237
141,35,0.151744
141,36,0.129540
141,37,0.081073
141,38,0.030354
141,39,0.046783
141,40,0.049345
141,41,0.099521
141,42,0.127022
141,43,0.129588
141,44,0.126100
141,45,0.128444
141,46,0.128230
141,47,0.135394
141,48,0.128642
141,49,0.090210
141,50,0.081840
141,51,0.070042
141,52,0.083579
141,53,0.051070
141,54,0.068841
141,55,0.122038
141,56,0.142390
141,57,0.139201
141,58,0.135388
141,59,0.131336
141,60,0.160654
141,61,0.111654
141,62,0.106047
141,63,0.117561
141,64,0.112788
141,65,0.100930
141,66,0.053041
141,67,0.076045
141,68,0.037028
141,69,-0.035349
141,70,-0.017819
141,71,0.049952
141,72,0.119071
141,73,0.132425
141,74,0.118521
141,75,0.132754
141,76,0.154321
141,77,0.137493
141,78,0.122094
141,79,0.126215
141,80,0.108417
141,81,0.118659
141,82,0.084548
141,83,0.110987
141,84,0.115501
141,85,0.105158
141,86,0.121112
141,87,0.137919
141,88,0.108860
141,89,0.122728
141,90,0.099925
141,91,0.090989
141,92,0.059458
141,93,0.082794
141,94,0.116938
141,95,0.121698
141,96,0.113532
141,97,0.088578
141,98,0.082340
141,99,0.105616
141,100,0.103263
141,101,0.101264
141,102,0.114437
141,103,0.112044
141,104,0.131508
141,105,0.154630
141,106,0.135794
141,107,0.120384
141,108,0.145886
141,109,0.151498
141,110,0.109437
141,111,0.120230
141,112,0.053383
141,113,0.099172
141,114,0.123136
141,115,0.137131
141,116,0.116807
141,117,0.122039
141,118,0.103168
141,119,0.139088
141,120,0.097381
141,121,0.202369
141,122,0.243369
141,123,0.138874
141,124,0.059270
141,125,0.091758
141,126,0.056796
141,127,0.053119
141,128,0.070459
141,129,0.002851
141,130,-0.021835
141,131,0.014920
141,132,0.042358
141,133,0.079257
141,134,0.050050
141,135,0.034786
141,136,0.108041
141,137,0.356434
141,138,0.350377
141,139,0.330016
141,140,0.594722
141,141,1.000000
141,142,0.627107
141,143,0.433352
141,144,0.449367
141,145,0.341936
141,146,0.239640
141,147,0.210321
141,148,0.015082
141,149,0.123042
141,150,0.160344
141,151,0.210001
141,152,0.173797
141,153,0.084052
141,154,0.112934
141,155,0.085614
141,156,0.103877
141,157,0.120705
141,158,0.078348
141,159,0.088932
141,160,0.137626
141,161,0.082984
141,162,0.122888
141,163,0.121051
141,164,0.092717
141,165,0.153525
141,166,0.112823
141,167,0.024876
141,168,-0.030353
141,169,-0.001954
141,170,0.074776
141,171,0.097016
141,172,0.180649
141,173,0.132690
141,174,0.085268
141,175,0.125252
141,176,0.169855
141,177,0.156897
141,178,0.125695
141,179,0.110820
141,180,0.099025
141,181,0.095054
141,182,0.089888
141,183,0.059002
141,184,0.063901
141,185,0.085851
141,186,0.044038
141,187,0.056286
141,188,0.037834
141,189,0.056634
141,190,0.041925
141,191,0.078993
141,192,0.097690
142,1,0.070594
142,2,0.098644
142,3,0.097529
142,4,0.081479
142,5,0.092652
142,6,0.098585
142,7,0.066381
142,8,0.078003
142,9,0.106557
142,10,0.136581
142,11,0.146202
142,12,0.138403
142,13,0.094864
142,14,0.094283
142,15,0.095612
142,16,0.117698
142,17,0.178448
142,18,0.153901
142,19,0.141856
142,20,0.172515
142,21,0.182120
142,22,0.181930
142,23,0.124985
142,24,0.121537
142,25,0.112077
142,26,0.163006
142,27,0.134188
142,28,0.149311
142,29,0.171022
142,30,0.142778
142,31,0.130233
142,32,0.131060
142,33,0.066971
142,34,0.067347
142,35,0.084130
142,36,0.065881
142,37,0.079768
142,38,0.017162
142,39,0.022226
142,40,0.034722
142,41,0.077380
142,42,0.101534
142,43,0.105415
142,44,0.114807
142,45,0.137897
142,46,0.129083
142,47,0.106036
142,48,0.096173
142,49,0.097811
142,50,0.098602
142,51,0.100966
142,52,0.134726
142,53,0.060075
142,54,0.057011
142,55,0.119192
142,56,0.103726
142,57,0.110567
142,58,0.082183
142,59,0.099156
142,60,0.137062
142,61,0.119887
142,62,0.122995
142,63,0.148905
142,64,0.171357
142,65,0.126016
142,66,0.145314
142,67,0.118302
142,68,0.086280
142,69,0.011478
142,70,0.052523
142,71,0.133828
142,72,0.174323
142,73,0.162878
142,74,0.198714
142,75,0.183376
142,76,0.211351
142,77,0.185127
142,78,0.152225
142,79,0.177120
142,80,0.122710
142,81,0.124390
142,82,0.084202
142,83,0.095466
142,84,0.105343
142,85,0.080302
142,86,0.080024
142,87,0.089505
142,88,0.076601
142,89,0.110789
142,90,0.118143
142,91,0.098485
142,92,0.140474
142,93,0.219780
142,94,0.296598
142,95,0.245134
142,96,0.151506
142,97,0.111438
142,98,0.121387
142,99,0.124061
142,100,0.158275
142,101,0.145721
142,102,0.150518
142,103,0.154378
142,104,0.126068
142,105,0.152031
142,106,0.168471
142,107,0.158930
142,108,0.155397
142,109,0.157936
142,110,0.116802
142,111,0.103380
142,112,0.019444
142,113,0.038289
142,114,0.072323
142,115,0.115145
142,116,0.113804
142,117,0.121482
142,118,0.103794
142,119,0.080333
142,120,0.024464
142,121,0.106530
142,122,0.119492
142,123,0.046367
142,124,-0.004978
142,125,0.055925
142,126,0.025957
142,127,0.010570
142,128,0.041624
142,129,0.007168
142,130,-0.016129
142,131,0.003494
142,132,0.027582
142,133,0.039413
142,134,0.013334
142,135,0.015610
142,136,0.056177
142,137,0.217957
142,138,0.291742
142,139,0.328281
142,140,0.386735
142,141,0.627107
142,142,1.000000
142,143,0.648633
142,144,0.467831
142,145,0.414636
142,146,0.391198
142,147,0.291713
142,148,0.056088
142,149,0.138397
142,150,0.123504
142,151,0.131973
142,152,0.106197
142,153,0.065702
142,154,0.097922
142,155,0.085202
142,156,0.093231
142,157,0.098998
142,158,0.077863
142,159,0.093805
142,160,0.110921
142,161,0.098156
142,162,0.108601
142,163,0.101765
142,164,0.076102
142,165,0.137120
142,166,0.150772
142,167,0.075257
142,168,0.005145
142,169,0.006537
142,170,0.097664
142,171,0.107499
142,172,0.173930
142,173,0.135877
142,174,0.102320
142,175,0.101429
142,176,0.122482
142,177,0.105924
142,178,0.068361
142,179,0.064193
142,180,0.057923
142,181,0.074549
142,182,0.037703
142,183,0.009629
142,184,0.002903
142,185,0.029135
142,186,0.023331
142,187,0.026897
142,188,0.049106
142,189,0.069961
142,190,0.052037
142,191,0.041497
142,192,0.042205
143,1,0.080647
143,2,0.131009
143,3,0.154467
143,4,0.133392
143,5,0.151811
143,6,0.170903
143,7,0.135350
143,8,0.127926
143,9,0.170394
143,10,0.193126
143,11,0.202887
143,12,0.158985
143,13,0.095437
143,14,0.095911
143,15,0.105860
143,16,0.151219
143,17,0.260221
143,18,0.248802
143,19,0.233598
143,20,0.237154
143,21,0.251057
143,22,0.245663
143,23,0.164391
143,24,0.191440
143,25,0.173983
143,26,0.209344
143,27,0.150137
143,28,0.183364
143,29,0.187661
143,30,0.171874
143,31,0.170851
143,32,0.187921
143,33,0.076874
143,34,0.048202
143,35,0.089727
143,36,-0.008246
143,37,0.001162
143,38,0.021693
143,39,0.083089
143,40,0.107022
143,41,0.114568
143,42,0.148352
143,43,0.176129
143,44,0.210756
143,45,0.216155
143,46,0.212439
143,47,0.181936
143,48,0.106365
143,49,0.092287
143,50,0.120747
143,51,0.076290
143,52,0.135715
143,53,0.055647
143,54,0.040772
143,55,0.100863
143,56,0.103442
143,57,0.131185
143,58,0.102138
143,59,0.143487
143,60,0.187982
143,61,0.177878
143,62,0.205962
143,63,0.229236
143,64,0.218389
143,65,0.120926
143,66,0.130466
143,67,0.085968
143,68,0.075094
143,69,-0.017994
143,70,0.026652
143,71,0.151392
143,72,0.238612
143,73,0.239945
143,74,0.274546
143,75,0.272650
143,76,0.311889
143,77,0.271489
143,78,0.243500
143,79,0.212224
143,80,0.136668
143,81,0.167790
143,82,0.089753
143,83,0.095440
143,84,0.124566
143,85,0.104345
143,86,0.060019
143,87,0.085243
143,88,0.089660
143,89,0.129990
143,90,0.132511
143,91,0.097422
143,92,0.149158
143,93,0.167412
143,94,0.217576
143,95,0.196315
143,96,0.167395
143,97,0.171514
143,98,0.165396
143,99,0.205547
143,100,0.247409
143,101,0.225759
143,102,0.210960
143,103,0.181897
143,104,0.167574
143,105,0.204010
143,106,0.246340
143,107,0.252772
143,108,0.230090
143,109,0.236351
143,110,0.191579
143,111,0.138840
143,112,0.101752
143,113,-0.009589
143,114,0.084839
143,115,0.082731
143,116,0.087454
143,117,0.072212
143,118,0.062786
143,119,0.041509
143,120,-0.005042
143,121,0.077139
143,122,0.047251
143,123,0.021890
143,124,0.016170
143,125,0.041367
143,126,0.011696
143,127,0.019073
143,128,0.021738
143,129,0.016741
143,130,-0.004734
143,131,0.016362
143,132,0.023332
143,133,0.012315
143,134,-0.021699
143,135,-0.018722
143,136,0.040477
143,137,0.129760
143,138,0.155460
143,139,0.230610
143,140,0.366117
143,141,0.433352
143,142,0.648633
143,143,1.000000
143,144,0.709681
143,145,0.462716
143,146,0.536060
143,147,0.490260
143,148,0.051740
143,149,0.104429
143,150,0.080699
143,151,0.108920
143,152,0.087643
143,153,0.049053
143,154,0.087787
143,155,0.081945
143,156,0.084856
143,157,0.108377
143,158,0.122157
143,159,0.115618
143,160,0.121447
143,161,0.120992
143,162,0.127282
143,163,0.128721
143,164,0.106611
143,165,0.166523
143,166,0.203228
143,167,0.122955
143,168,0.045190
143,169,0.068087
143,170,0.178361
143,171,0.176734
143,172,0.251177
143,173,0.185657
143,174,0.105528
143,175,0.105915
143,176,0.102464
143,177,0.075677
143,178,0.026016
143,179,0.022430
143,180,0.037298
143,181,0.072528
143,182,0.029683
143,183,0.012412
143,184,0.016822
143,185,0.057925
143,186,0.055252
143,187,0.082380
143,188,0.122910
143,189,0.152532
143,190,0.123754
143,191,0.052561
143,192,0.037931
144,1,0.105529
144,2,0.202045
144,3,0.226248
144,4,0.170748
144,5,0.219042
144,6,0.244598
144,7,0.199509
144,8,0.190805
144,9,0.251484
144,10,0.282142
144,11,0.295886
144,12,0.220919
144,13,0.123279
144,14,0.117795
144,15,0.172208
144,16,0.231339
144,17,0.320489
144,18,0.279433
144,19,0.261709
144,20,0.287078
144,21,0.304444
144,22,0.311480
144,23,0.249600
144,24,0.270832
144,25,0.255239
144,26,0.237794
144,27,0.170723
144,28,0.233509
144,29,0.248625
144,30,0.244491
144,31,0.261735
144,32,0.237236
144,33,0.128454
144,34,0.095063
144,35,0.143534
144,36,0.043160
144,37,0.002273
144,38,0.025194
144,39,0.110656
144,40,0.132817
144,41,0.155377
144,42,0.209021
144,43,0.249024
144,44,0.279558
144,45,0.292382
144,46,0.277276
144,47,0.245773
144,48,0.143263
144,49,0.080703
144,50,0.122258
144,51,0.073450
144,52,0.157186
144,53,0.091380
144,54,0.084810
144,55,0.140609
144,56,0.133296
144,57,0.149358
144,58,0.126957
144,59,0.167604
144,60,0.225607
144,61,0.204163
144,62,0.288983
144,63,0.301384
144,64,0.282939
144,65,0.196204
144,66,0.193614
144,67,0.141533
144,68,0.114799
144,69,-0.038537
144,70,0.010271
144,71,0.153138
144,72,0.262580
144,73,0.261317
144,74,0.288176
144,75,0.263707
144,76,0.331336
144,77,0.257554
144,78,0.271946
144,79,0.229060
144,80,0.153450
144,81,0.225161
144,82,0.145291
144,83,0.169644
144,84,0.213330
144,85,0.186227
144,86,0.128181
144,87,0.151564
144,88,0.171105
144,89,0.207837
144,90,0.178815
144,91,0.123483
144,92,0.107153
144,93,0.115240
144,94,0.170780
144,95,0.185715
144,96,0.209941
144,97,0.226113
144,98,0.217591
144,99,0.272267
144,100,0.303480
144,101,0.290743
144,102,0.277419
144,103,0.251914
144,104,0.224331
144,105,0.268000
144,106,0.304029
144,107,0.308878
144,108,0.300967
144,109,0.294057
144,110,0.218909
144,111,0.178959
144,112,0.119768
144,113,0.019116
144,114,0.130766
144,115,0.106309
144,116,0.088533
144,117,0.071591
144,118,0.044744
144,119,0.064109
144,120,0.023389
144,121,0.136330
144,122,0.083284
144,123,0.031676
144,124,0.041449
144,125,0.089151
144,126,0.049249
144,127,0.059453
144,128,0.060917
144,129,0.036582
144,130,-0.000372
144,131,0.053473
144,132,0.066290
144,133,0.064704
144,134,0.040672
144,135,0.021186
144,136,0.058826
144,137,0.127436
144,138,0.090290
144,139,0.110557
144,140,0.308804
144,141,0.449367
144,142,0.467831
144,143,0.709681
144,144,1.000000
144,145,0.687335
144,146,0.568871
144,147,0.598468
144,148,0.098020
144,149,0.212911
144,150,0.178893
144,151,0.193128
144,152,0.146492
144,153,0.060706
144,154,0.095389
144,155,0.094948
144,156,0.110978
144,157,0.135706
144,158,0.146935
144,159,0.167086
144,160,0.184601
144,161,0.168453
144,162,0.202085
144,163,0.199434
144,164,0.156193
144,165,0.274650
144,166,0.286461
144,167,0.160314
144,168,0.064057
144,169,0.046015
144,170,0.179299
144,171,0.171075
144,172,0.260076
144,173,0.208359
144,174,0.131816
144,175,0.112784
144,176,0.137352
144,177,0.149651
144,178,0.122824
144,179,0.104464
144,180,0.108532
144,181,0.144973
144,182,0.119239
144,183,0.067396
144,184,0.059716
144,185,0.074050
144,186,0.042342
144,187,0.061209
144,188,0.062506
144,189,0.091656
144,190,0.074191
144,191,0.042553
144,192,0.046932
145,1,0.073351
145,2,0.143791
145,3,0.161763
145,4,0.127857
145,5,0.176548
145,6,0.172617
145,7,0.132275
145,8,0.149624
145,9,0.174030
145,10,0.216215
145,11,0.212509
145,12,0.158703
145,13,0.099554
145,14,0.121432
145,15,0.182110
145,16,0.212825
145,17,0.203647
145,18,0.146395
145,19,0.140422
145,20,0.178260
145,21,0.207521
145,22,0.226626
145,23,0.216058
145,24,0.219453
145,25,0.229022
145,26,0.187807
145,27,0.124806
145,28,0.149595
145,29,0.182379
145,30,0.184035
145,31,0.212357
145,32,0.181140
145,33,0.105156
145,34,0.049654
145,35,0.063295
145,36,0.033896
145,37,-0.012762
145,38,-0.021059
145,39,0.013397
145,40,0.049826
145,41,0.107505
145,42,0.151957
145,43,0.185847
145,44,0.203603
145,45,0.218711
145,46,0.200342
145,47,0.151942
145,48,0.090877
145,49,0.039908
145,50,0.061428
145,51,0.104990
145,52,0.168497
145,53,0.100235
145,54,0.057937
145,55,0.086571
145,56,0.100708
145,57,0.099875
145,58,0.067145
145,59,0.081318
145,60,0.126079
145,61,0.103886
145,62,0.225376
145,63,0.223375
145,64,0.227680
145,65,0.178918
145,66,0.238673
145,67,0.189578
145,68,0.157861
145,69,0.001379
145,70,0.046057
145,71,0.158555
145,72,0.241216
145,73,0.214921
145,74,0.240495
145,75,0.179958
145,76,0.201066
145,77,0.118263
145,78,0.157542
145,79,0.134845
145,80,0.083833
145,81,0.151562
145,82,0.114289
145,83,0.145593
145,84,0.181285
145,85,0.155471
145,86,0.113417
145,87,0.128400
145,88,0.143585
145,89,0.160264
145,90,0.126823
145,91,0.099575
145,92,0.083400
145,93,0.100588
145,94,0.165713
145,95,0.193498
145,96,0.172403
145,97,0.161292
145,98,0.173463
145,99,0.191504
145,100,0.211627
145,101,0.210097
145,102,0.190947
145,103,0.205063
145,104,0.148252
145,105,0.181275
145,106,0.220582
145,107,0.216250
145,108,0.226390
145,109,0.200418
145,110,0.127848
145,111,0.114423
145,112,0.029895
145,113,0.024900
145,114,0.080049
145,115,0.078283
145,116,0.072255
145,117,0.050398
145,118,0.032706
145,119,0.040201
145,120,0.024880
145,121,0.089040
145,122,0.072994
145,123,0.020232
145,124,0.011232
145,125,0.075451
145,126,0.069493
145,127,0.055389
145,128,0.055281
145,129,0.020050
145,130,0.003749
145,131,0.027307
145,132,0.050611
145,133,0.062519
145,134,0.087519
145,135,0.037648
145,136,0.071435
145,137,0.108391
145,138,0.080028
145,139,0.077935
145,140,0.213125
145,141,0.341936
145,142,0.414636
145,143,0.462716
145,144,0.687335
145,145,1.000000
145,146,0.697436
145,147,0.520529
145,148,0.120417
145,149,0.235776
145,150,0.231612
145,151,0.210086
145,152,0.142400
145,153,0.065650
145,154,0.077286
145,155,0.067646
145,156,0.087590
145,157,0.089932
145,158,0.098382
145,159,0.125713
145,160,0.135449
145,161,0.134934
145,162,0.150477
145,163,0.151610
145,164,0.119751
145,165,0.234039
145,166,0.240291
145,167,0.117913
145,168,0.040463
145,169,-0.022711
145,170,0.092268
145,171,0.101414
145,172,0.172116
145,173,0.159610
145,174,0.115277
145,175,0.100901
145,176,0.113315
145,177,0.125998
145,178,0.136463
145,179,0.126602
145,180,0.121042
145,181,0.147013
145,182,0.129511
145,183,0.060289
145,184,0.047570
145,185,0.037100
145,186,0.024002
145,187,0.001995
145,188,0.008264
145,189,-0.008033
145,190,0.001019
145,191,0.031987
145,192,0.035243
146,1,0.049298
146,2,0.135627
146,3,0.155528
146,4,0.130431
146,5,0.184913
146,6,0.184917
146,7,0.144064
146,8,0.158215
146,9,0.197726
146,10,0.205152
146,11,0.204110
146,12,0.144510
146,13,0.086195
146,14,0.130289
146,15,0.181443
146,16,0.238557
146,17,0.274305
146,18,0.232117
146,19,0.214866
146,20,0.235757
146,21,0.264735
146,22,0.286862
146,23,0.250595
146,24,0.268899
146,25,0.264064
146,26,0.226287
146,27,0.125261
146,28,0.144890
146,29,0.167214
146,30,0.181060
146,31,0.212873
146,32,0.228275
146,33,0.126449
146,34,0.070220
146,35,0.097545
146,36,0.006728
146,37,-0.030390
146,38,0.021092
146,39,0.076348
146,40,0.096369
146,41,0.171403
146,42,0.214473
146,43,0.275595
146,44,0.292873
146,45,0.318329
146,46,0.294775
146,47,0.245679
146,48,0.148711
146,49,0.090807
146,50,0.123877
146,51,0.119436
146,52,0.197642
146,53,0.112800
146,54,0.078743
146,55,0.124079
146,56,0.117037
146,57,0.119333
146,58,0.073082
146,59,0.113528
146,60,0.162811
146,61,0.180325
146,62,0.340339
146,63,0.337516
146,64,0.321938
146,65,0.220956
146,66,0.295769
146,67,0.218147
146,68,0.171854
146,69,0.035237
146,70,0.103853
146,71,0.259927
146,72,0.356218
146,73,0.314725
146,74,0.398203
146,75,0.305460
146,76,0.350302
146,77,0.250466
146,78,0.271487
146,79,0.234069
146,80,0.146776
146,81,0.222987
146,82,0.159326
146,83,0.168444
146,84,0.218553
146,85,0.185807
146,86,0.124201
146,87,0.142382
146,88,0.155522
146,89,0.192606
146,90,0.167453
146,91,0.122138
146,92,0.129594
146,93,0.146466
146,94,0.198090
146,95,0.243469
146,96,0.203504
146,97,0.221910
146,98,0.242190
146,99,0.301259
146,100,0.337583
146,101,0.322436
146,102,0.293686
146,103,0.281490
146,104,0.182433
146,105,0.242271
146,106,0.320532
146,107,0.339902
146,108,0.309765
146,109,0.299501
146,110,0.222446
146,111,0.159527
146,112,0.102643
146,113,-0.002955
146,114,0.083351
146,115,0.062230
146,116,0.044302
146,117,0.036551
146,118,0.022879
146,119,0.026820
146,120,0.007804
146,121,0.097469
146,122,0.053109
146,123,0.045576
146,124,0.080656
146,125,0.122679
146,126,0.101614
146,127,0.102165
146,128,0.080512
146,129,0.053294
146,130,0.016424
146,131,0.055713
146,132,0.034562
146,133,0.025548
146,134,0.055826
146,135,0.011611
146,136,0.048123
146,137,0.073891
146,138,0.058637
146,139,0.082064
146,140,0.158695
146,141,0.239640
146,142,0.391198
146,143,0.536060
146,144,0.568871
146,145,0.697436
146,146,1.000000
146,147,0.745103
146,148,0.106220
146,149,0.177420
146,150,0.120668
146,151,0.128599
146,152,0.116450
146,153,0.073019
146,154,0.098086
146,155,0.104410
146,156,0.121490
146,157,0.140822
146,158,0.167790
146,159,0.181255
146,160,0.193281
146,161,0.195815
146,162,0.213533
146,163,0.209126
146,164,0.161650
146,165,0.228102
146,166,0.280012
146,167,0.168578
146,168,0.072755
146,169,0.005687
146,170,0.114655
146,171,0.096641
146,172,0.173384
146,173,0.169343
146,174,0.127693
146,175,0.103036
146,176,0.112304
146,177,0.148371
146,178,0.118615
146,179,0.113442
146,180,0.104687
146,181,0.124021
146,182,0.100030
146,183,0.044890
146,184,0.029035
146,185,0.022393
146,186,0.018952
146,187,0.019829
146,188,0.045760
146,189,0.047588
146,190,0.027200
146,191,0.023250
146,192,0.009113
147,1,0.053680
147,2,0.159522
147,3,0.172349
147,4,0.139102
147,5,0.201167
147,6,0.216057
147,7,0.173330
147,8,0.178339
147,9,0.221148
147,10,0.232018
147,11,0.228871
147,12,0.154212
147,13,0.086677
147,14,0.106330
147,15,0.151054
147,16,0.215430
147,17,0.291645
147,18,0.260019
147,19,0.240527
147,20,0.255350
147,21,0.270563
147,22,0.279601
147,23,0.229674
147,24,0.249530
147,25,0.238941
147,26,0.203389
147,27,0.128615
147,28,0.171343
147,29,0.182097
147,30,0.186913
147,31,0.231745
147,32,0.227316
147,33,0.116538
147,34,0.079747
147,35,0.121043
147,36,0.003792
147,37,-0.030059
147,38,0.026496
147,39,0.090646
147,40,0.103209
147,41,0.155981
147,42,0.207981
147,43,0.282207
147,44,0.309061
147,45,0.333908
147,46,0.308100
147,47,0.270236
147,48,0.157935
147,49,0.092115
147,50,0.127344
147,51,0.087129
147,52,0.161688
147,53,0.097554
147,54,0.068142
147,55,0.118301
147,56,0.119210
147,57,0.129732
147,58,0.103707
147,59,0.141609
147,60,0.192785
147,61,0.192170
147,62,0.334620
147,63,0.342627
147,64,0.319625
147,65,0.214126
147,66,0.230037
147,67,0.172608
147,68,0.152712
147,69,0.027617
147,70,0.092250
147,71,0.256353
147,72,0.308420
147,73,0.276614
147,74,0.363469
147,75,0.271807
147,76,0.367030
147,77,0.267136
147,78,0.284683
147,79,0.242506
147,80,0.148323
147,81,0.232975
147,82,0.170126
147,83,0.165433
147,84,0.219259
147,85,0.196239
147,86,0.135976
147,87,0.144004
147,88,0.166306
147,89,0.204156
147,90,0.175843
147,91,0.118248
147,92,0.105891
147,93,0.121009
147,94,0.164368
147,95,0.216594
147,96,0.195302
147,97,0.233555
147,98,0.249755
147,99,0.305002
147,100,0.347736
147,101,0.331549
147,102,0.308825
147,103,0.277329
147,104,0.196449
147,105,0.245664
147,106,0.323996
147,107,0.350015
147,108,0.320809
147,109,0.316562
147,110,0.234951
147,111,0.172358
147,112,0.126234
147,113,-0.004543
147,114,0.078331
147,115,0.050334
147,116,0.033854
147,117,0.041597
147,118,0.041750
147,119,0.062073
147,120,0.041101
147,121,0.139586
147,122,0.068601
147,123,0.066677
147,124,0.087546
147,125,0.116350
147,126,0.085387
147,127,0.111367
147,128,0.097451
147,129,0.088426
147,130,0.023869
147,131,0.053362
147,132,0.025445
147,133,0.024834
147,134,0.048092
147,135,0.007800
147,136,0.043659
147,137,0.059796
147,138,0.035548
147,139,0.053318
147,140,0.132955
147,141,0.210321
147,142,0.291713
147,143,0.490260
147,144,0.598468
147,145,0.520529
147,146,0.745103
147,147,1.000000
147,148,0.108226
147,149,0.236927
147,150,0.171786
147,151,0.173016
147,152,0.161990
147,153,0.100726
147,154,0.124675
147,155,0.130035
147,156,0.153014
147,157,0.174828
147,158,0.190556
147,159,0.198715
147,160,0.210979
147,161,0.194747
147,162,0.212225
147,163,0.222790
147,164,0.190726
147,165,0.247420
147,166,0.289678
147,167,0.197177
147,168,0.104444
147,169,0.063365
147,170,0.148559
147,171,0.114449
147,172,0.177037
147,173,0.155368
147,174,0.130658
147,175,0.092419
147,176,0.088237
147,177,0.128249
147,178,0.096893
147,179,0.097416
147,180,0.088364
147,181,0.110420
147,182,0.091893
147,183,0.037674
147,184,0.027852
147,185,0.036356
147,186,0.024021
147,187,0.029981
147,188,0.048659
147,189,0.055530
147,190,0.045343
147,191,0.027882
147,192,0.042136
148,1,-0.074887
148,2,-0.023010
148,3,0.007200
148,4,-0.020230
148,5,0.027463
148,6,0.049449
148,7,0.021192
148,8,-0.013523
148,9,-0.046104
148,10,0.015778
148,11,0.020677
148,12,0.010903
148,13,-0.003941
148,14,-0.030134
148,15,-0.019826
148,16,-0.011912
148,17,-0.005914
148,18,-0.007889
148,19,-0.014353
148,20,-0.013015
148,21,-0.005241
148,22,-0.037694
148,23,-0.033822
148,24,-0.007116
148,25,0.014331
148,26,0.014964
148,27,0.013056
148,28,-0.005731
148,29,0.014138
148,30,0.003422
148,31,-0.001219
148,32,-0.042078
148,33,0.079551
148,34,0.023681
148,35,-0.021201
148,36,-0.019860
148,37,-0.023934
148,38,-0.045898
148,39,-0.033889
148,40,-0.036334
148,41,0.023106
148,42,0.035391
148,43,0.033692
148,44,0.021295
148,45,0.027619
148,46,0.009407
148,47,-0.000972
148,48,0.002129
148,49,-0.006349
148,50,0.033877
148,51,0.087167
148,52,0.137904
148,53,0.007974
148,54,-0.002721
148,55,0.061078
148,56,0.001302
148,57,-0.035418
148,58,-0.041221
148,59,-0.016816
148,60,0.021636
148,61,0.045281
148,62,0.052962
148,63,0.041648
148,64,0.070350
148,65,0.121964
148,66,0.372793
148,67,0.281243
148,68,0.129089
148,69,0.063803
148,70,0.069864
148,71,0.067251
148,72,0.052221
148,73,-0.013635
148,74,0.073634
148,75,0.021679
148,76,0.030363
148,77,0.028362
148,78,-0.009751
148,79,-0.009098
148,80,-0.027710
148,81,-0.011940
148,82,-0.018191
148,83,-0.039138
148,84,-0.024553
148,85,-0.002872
148,86,-0.024756
148,87,-0.004764
148,88,-0.002925
148,89,0.019924
148,90,0.011825
148,91,0.066293
148,92,0.068358
148,93,-0.027443
148,94,0.004638
148,95,0.085217
148,96,0.114245
148,97,0.101694
148,98,0.063652
148,99,0.050258
148,100,0.040933
148,101,0.049388
148,102,0.088486
148,103,0.151439
148,104,0.078990
148,105,0.054171
148,106,0.068441
148,107,0.045166
148,108,0.023722
148,109,0.055752
148,110,0.082180
148,111,0.122620
148,112,-0.083051
148,113,-0.058450
148,114,-0.028329
148,115,0.009278
148,116,-0.000260
148,117,0.010319
148,118,-0.000187
148,119,0.002587
148,120,0.028556
148,121,0.001280
148,122,-0.039666
148,123,-0.056713
148,124,-0.048963
148,125,-0.058572
148,126,-0.061454
148,127,-0.041960
148,128,-0.078145
148,129,-0.111985
148,130,-0.118022
148,131,-0.116216
148,132,0.044301
148,133,0.031292
148,134,-0.069351
148,135,-0.065332
148,136,-0.018778
148,137,-0.039752
148,138,-0.039885
148,139,-0.007191
148,140,0.012205
148,141,0.015082
148,142,0.056088
148,143,0.051740
148,144,0.098020
148,145,0.120417
148,146,0.106220
148,147,0.108226
148,148,1.000000
148,149,0.584127
148,150,0.175077
148,151,-0.018835
148,152,-0.044607
148,153,-0.046589
148,154,-0.044073
148,155,-0.037055
148,156,-0.054592
148,157,-0.056875
148,158,-0.030707
148,159,-0.047832
148,160,-0.076043
148,161,-0.053171
148,162,-0.052668
148,163,-0.087019
148,164,-0.111212
148,165,-0.004481
148,166,-0.013304
148,167,-0.087548
148,168,-0.095516
148,169,-0.112534
148,170,0.024484
148,171,0.024723
148,172,0.028246
148,173,0.043668
148,174,0.042994
148,175,-0.008769
148,176,0.012394
148,177,-0.027997
148,178,-0.017106
148,179,-0.034165
148,180,0.010561
148,181,0.020864
148,182,0.027548
148,183,0.010542
148,184,-0.055016
148,185,-0.089292
148,186,-0.038452
148,187,-0.014598
148,188,0.023562
148,189,0.033854
148,190,0.016920
148,191,0.025486
148,192,0.039385
149,1,0.006403
149,2,0.069699
149,3,0.084852
149,4,0.044220
149,5,0.122039
149,6,0.138801
149,7,0.089264
149,8,0.069183
149,9,0.063703
149,10,0.126194
149,11,0.128876
149,12,0.106550
149,13,0.088634
149,14,0.067054
149,15,0.086405
149,16,0.099836
149,17,0.070581
149,18,0.022427
149,19,0.015106
149,20,0.066251
149,21,0.081717
149,22,0.080099
149,23,0.070204
149,24,0.071512
149,25,0.097317
149,26,0.084442
149,27,0.078327
149,28,0.096154
149,29,0.125319
149,30,0.118157
149,31,0.119960
149,32,0.065062
149,33,0.100032
149,34,0.058909
149,35,0.019489
149,36,0.066669
149,37,0.081345
149,38,-0.002272
149,39,-0.033265
149,40,-0.024527
149,41,0.059774
149,42,0.068806
149,43,0.077570
149,44,0.059459
149,45,0.082124
149,46,0.057892
149,47,0.025035
149,48,0.042968
149,49,0.019940
149,50,0.047414
149,51,0.132595
149,52,0.167779
149,53,0.025879
149,54,0.032138
149,55,0.109833
149,56,0.094562
149,57,0.042241
149,58,0.029081
149,59,0.019432
149,60,0.066645
149,61,0.053811
149,62,0.096455
149,63,0.073669
149,64,0.133747
149,65,0.120662
149,66,0.383764
149,67,0.270923
149,68,0.201182
149,69,0.103025
149,70,0.125109
149,71,0.138925
149,72,0.118765
149,73,0.063558
149,74,0.135192
149,75,0.078018
149,76,0.095541
149,77,0.068282
149,78,0.057615
149,79,0.069684
149,80,0.031823
149,81,0.067317
149,82,0.058745
149,83,0.063454
149,84,0.064199
149,85,0.076224
149,86,0.065081
149,87,0.088243
149,88,0.081686
149,89,0.086608
149,90,0.042419
149,91,0.055663
149,92,0.063043
149,93,0.018502
149,94,0.052132
149,95,0.114806
149,96,0.107478
149,97,0.095100
149,98,0.069300
149,99,0.062524
149,100,0.096647
149,101,0.087965
149,102,0.125154
149,103,0.189357
149,104,0.130088
149,105,0.100252
149,106,0.101043
149,107,0.082387
149,108,0.070803
149,109,0.089096
149,110,0.112113
149,111,0.146724
149,112,-0.075073
149,113,0.023369
149,114,0.045153
149,115,0.104811
149,116,0.084708
149,117,0.096086
149,118,0.067179
149,119,0.087910
149,120,0.074791
149,121,0.077264
149,122,0.056408
149,123,0.006675
149,124,0.016331
149,125,0.039401
149,126,0.027317
149,127,0.010285
149,128,-0.007459
149,129,-0.025791
149,130,0.010489
149,131,-0.011207
149,132,0.068255
149,133,0.111432
149,134,0.035272
149,135,0.037980
149,136,0.040380
149,137,0.044225
149,138,0.024443
149,139,0.044605
149,140,0.075669
149,141,0.123042
149,142,0.138397
149,143,0.104429
149,144,0.212911
149,145,0.235776
149,146,0.177420
149,147,0.236927
149,148,0.584127
149,149,1.000000
149,150,0.513189
149,151,0.232541
149,152,0.177150
149,153,0.120630
149,154,0.067679
149,155,0.021551
149,156,0.049295
149,157,0.050146
149,158,0.027327
149,159,0.067001
149,160,0.095730
149,161,0.076880
149,162,0.126232
149,163,0.113753
149,164,0.096058
149,165,0.152298
149,166,0.047335
149,167,0.027711
149,168,0.012921
149,169,-0.051581
149,170,0.013096
149,171,0.005647
149,172,0.053903
149,173,0.058583
149,174,0.054013
149,175,0.034558
149,176,0.083114
149,177,0.101309
149,178,0.100006
149,179,0.088292
149,180,0.116919
149,181,0.099518
149,182,0.105582
149,183,0.053873
149,184,0.018210
149,185,-0.002025
149,186,-0.039582
149,187,-0.033348
149,188,-0.059295
149,189,-0.046399
149,190,-0.055630
149,191,-0.000184
149,192,0.026601
150,1,0.062943
150,2,0.089744
150,3,0.099989
150,4,0.068411
150,5,0.145823
150,6,0.133873
150,7,0.119522
150,8,0.146899
150,9,0.117462
150,10,0.162232
150,11,0.134953
150,12,0.115405
150,13,0.090438
150,14,0.044130
150,15,0.078946
150,16,0.099616
150,17,0.038984
150,18,-0.016156
150,19,-0.016376
150,20,0.040622
150,21,0.065778
150,22,0.100572
150,23,0.091060
150,24,0.067878
150,25,0.089938
150,26,0.044265
150,27,0.067519
150,28,0.115300
150,29,0.156540
150,30,0.175721
150,31,0.106395
150,32,0.033841
150,33,0.043903
150,34,0.020896
150,35,-0.004489
150,36,0.128776
150,37,0.223192
150,38,0.058159
150,39,-0.085007
150,40,-0.014333
150,41,0.055822
150,42,0.064844
150,43,0.060015
150,44,0.024619
150,45,0.015160
150,46,0.011754
150,47,-0.009905
150,48,0.039793
150,49,0.017341
150,50,0.035093
150,51,0.117304
150,52,0.118342
150,53,-0.006917
150,54,0.016831
150,55,0.070906
150,56,0.140985
150,57,0.070377
150,58,0.063336
150,59,0.032807
150,60,0.055601
150,61,-0.003865
150,62,-0.051539
150,63,-0.017832
150,64,0.042984
150,65,-0.007205
150,66,0.091401
150,67,0.080015
150,68,0.156896
150,69,0.106242
150,70,0.102064
150,71,0.087394
150,72,0.087797
150,73,0.080252
150,74,0.050683
150,75,0.056094
150,76,0.042322
150,77,0.029493
150,78,0.058092
150,79,0.078561
150,80,0.055979
150,81,0.078934
150,82,0.085163
150,83,0.116719
150,84,0.114890
150,85,0.120780
150,86,0.145428
150,87,0.156958
150,88,0.126127
150,89,0.103695
150,90,0.078798
150,91,0.068526
150,92,0.049079
150,93,0.017282
150,94,0.021520
150,95,0.062456
150,96,0.011147
150,97,0.005350
150,98,0.015858
150,99,-0.009820
150,100,-0.003287
150,101,0.017646
150,102,0.067515
150,103,0.121269
150,104,0.046166
150,105,0.034562
150,106,0.049444
150,107,0.015306
150,108,0.006985
150,109,0.030520
150,110,0.082138
150,111,0.108014
150,112,-0.029305
150,113,0.154017
150,114,0.093122
150,115,0.128727
150,116,0.114994
150,117,0.128781
150,118,0.121244
150,119,0.193013
150,120,0.158565
150,121,0.176590
150,122,0.149328
150,123,0.076327
150,124,0.055881
150,125,0.122723
150,126,0.112714
150,127,0.067488
150,128,0.079165
150,129,0.034950
150,130,0.097780
150,131,-0.001522
150,132,0.049215
150,133,0.115730
150,134,0.095532
150,135,0.077245
150,136,0.059458
150,137,0.087670
150,138,0.045770
150,139,0.040971
150,140,0.060553
150,141,0.160344
150,142,0.123504
150,143,0.080699
150,144,0.178893
150,145,0.231612
150,146,0.120668
150,147,0.171786
150,148,0.175077
150,149,0.513189
150,150,1.000000
150,151,0.688014
150,152,0.522968
150,153,0.344516
150,154,0.220133
150,155,0.109450
150,156,0.154676
150,157,0.192612
150,158,0.103924
150,159,0.152954
150,160,0.225787
150,161,0.157697
150,162,0.241164
150,163,0.287302
150,164,0.330116
150,165,0.292853
150,166,0.102888
150,167,0.137273
150,168,0.131583
150,169,0.082385
150,170,-0.005894
150,171,0.012316
150,172,0.052260
150,173,0.047778
150,174,0.035484
150,175,0.023722
150,176,0.109643
150,177,0.170557
150,178,0.151558
150,179,0.146868
150,180,0.144619
150,181,0.091419
150,182,0.097649
150,183,0.044250
150,184,0.064800
150,185,0.072592
150,186,0.015553
150,187,0.003137
150,188,-0.027523
150,189,-0.047631
150,190,-0.050477
150,191,0.026372
150,192,0.032201
151,1,0.104710
151,2,0.140025
151,3,0.151453
151,4,0.105336
151,5,0.195163
151,6,0.194885
151,7,0.193603
151,8,0.231328
151,9,0.234659
151,10,0.244673
151,11,0.207838
151,12,0.173703
151,13,0.120159
151,14,0.058137
151,15,0.111551
151,16,0.156071
151,17,0.137327
151,18,0.090697
151,19,0.091633
151,20,0.145319
151,21,0.161865
151,22,0.191834
151,23,0.161532
151,24,0.123711
151,25,0.133211
151,26,0.082975
151,27,0.093384
151,28,0.156635
151,29,0.200603
151,30,0.232493
151,31,0.178270
151,32,0.080969
151,33,0.031188
151,34,0.024822
151,35,0.071802
151,36,0.172035
151,37,0.227111
151,38,0.106966
151,39,-0.025259
151,40,0.040151
151,41,0.105442
151,42,0.107098
151,43,0.120603
151,44,0.096234
151,45,0.066066
151,46,0.066358
151,47,0.055251
151,48,0.066812
151,49,0.017391
151,50,0.027519
151,51,0.097553
151,52,0.106392
151,53,0.016796
151,54,0.063950
151,55,0.100052
151,56,0.179115
151,57,0.121962
151,58,0.121686
151,59,0.084385
151,60,0.108188
151,61,0.031850
151,62,0.000624
151,63,0.039925
151,64,0.071870
151,65,0.009181
151,66,0.028234
151,67,0.042377
151,68,0.146892
151,69,0.069793
151,70,0.062201
151,71,0.071981
151,72,0.091166
151,73,0.119073
151,74,0.055313
151,75,0.064986
151,76,0.097964
151,77,0.060954
151,78,0.108713
151,79,0.116847
151,80,0.109882
151,81,0.130817
151,82,0.110801
151,83,0.161776
151,84,0.157066
151,85,0.146347
151,86,0.185824
151,87,0.206700
151,88,0.160816
151,89,0.131353
151,90,0.090757
151,91,0.055913
151,92,0.030408
151,93,0.016440
151,94,0.033791
151,95,0.067966
151,96,0.018175
151,97,0.033133
151,98,0.066252
151,99,0.051877
151,100,0.047148
151,101,0.069964
151,102,0.099071
151,103,0.098749
151,104,0.064731
151,105,0.085685
151,106,0.100021
151,107,0.070237
151,108,0.075145
151,109,0.082951
151,110,0.104599
151,111,0.127540
151,112,0.067210
151,113,0.162833
151,114,0.136071
151,115,0.137086
151,116,0.103777
151,117,0.107342
151,118,0.107835
151,119,0.217130
151,120,0.159908
151,121,0.262051
151,122,0.182177
151,123,0.112117
151,124,0.084100
151,125,0.163465
151,126,0.120172
151,127,0.085170
151,128,0.119696
151,129,0.034819
151,130,0.066699
151,131,0.061337
151,132,0.038998
151,133,0.099563
151,134,0.128182
151,135,0.082301
151,136,0.072723
151,137,0.116415
151,138,0.056357
151,139,0.030367
151,140,0.090927
151,141,0.210001
151,142,0.131973
151,143,0.108920
151,144,0.193128
151,145,0.210086
151,146,0.128599
151,147,0.173016
151,148,-0.018835
151,149,0.232541
151,150,0.688014
151,151,1.000000
151,152,0.777465
151,153,0.464165
151,154,0.361353
151,155,0.220633
151,156,0.299390
151,157,0.338155
151,158,0.179088
151,159,0.242464
151,160,0.345844
151,161,0.223919
151,162,0.326398
151,163,0.399873
151,164,0.421966
151,165,0.334256
151,166,0.167932
151,167,0.186932
151,168,0.176205
151,169,0.119983
151,170,0.007810
151,171,0.034838
151,172,0.080480
151,173,0.075573
151,174,0.055581
151,175,0.052204
151,176,0.166216
151,177,0.234472
151,178,0.211464
151,179,0.206353
151,180,0.207492
151,181,0.139342
151,182,0.131150
151,183,0.083319
151,184,0.115693
151,185,0.127656
151,186,0.034117
151,187,0.018312
151,188,-0.023833
151,189,-0.037778
151,190,-0.024369
151,191,0.047702
151,192,0.082994
152,1,0.092160
152,2,0.152201
152,3,0.204289
152,4,0.165343
152,5,0.243696
152,6,0.233697
152,7,0.225159
152,8,0.274981
152,9,0.291906
152,10,0.287872
152,11,0.263082
152,12,0.202786
152,13,0.140633
152,14,0.054681
152,15,0.109938
152,16,0.191038
152,17,0.198551
152,18,0.149720
152,19,0.149223
152,20,0.204925
152,21,0.216357
152,22,0.258809
152,23,0.212343
152,24,0.164924
152,25,0.156000
152,26,0.083377
152,27,0.102346
152,28,0.188723
152,29,0.223463
152,30,0.276321
152,31,0.219340
152,32,0.129311
152,33,0.069447
152,34,0.076874
152,35,0.135678
152,36,0.234863
152,37,0.238247
152,38,0.114685
152,39,-0.000485
152,40,0.042392
152,41,0.115001
152,42,0.128432
152,43,0.143603
152,44,0.121810
152,45,0.092769
152,46,0.080490
152,47,0.074216
152,48,0.089133
152,49,0.037318
152,50,0.044077
152,51,0.098321
152,52,0.124664
152,53,0.021466
152,54,0.101494
152,55,0.148372
152,56,0.205984
152,57,0.141735
152,58,0.160025
152,59,0.135616
152,60,0.156029
152,61,0.054805
152,62,0.021204
152,63,0.067385
152,64,0.091300
152,65,0.033466
152,66,0.027173
152,67,0.044024
152,68,0.148293
152,69,0.119249
152,70,0.112333
152,71,0.098712
152,72,0.095219
152,73,0.135032
152,74,0.074708
152,75,0.094433
152,76,0.132355
152,77,0.092055
152,78,0.151726
152,79,0.144827
152,80,0.136289
152,81,0.165392
152,82,0.148009
152,83,0.195226
152,84,0.187261
152,85,0.163466
152,86,0.209308
152,87,0.224829
152,88,0.176420
152,89,0.157479
152,90,0.110515
152,91,0.051895
152,92,0.007666
152,93,0.002546
152,94,0.013835
152,95,0.058411
152,96,0.021988
152,97,0.061285
152,98,0.096988
152,99,0.073334
152,100,0.069504
152,101,0.083501
152,102,0.113720
152,103,0.097906
152,104,0.084015
152,105,0.122981
152,106,0.131488
152,107,0.100982
152,108,0.099039
152,109,0.109772
152,110,0.135597
152,111,0.156169
152,112,0.088388
152,113,0.189760
152,114,0.193850
152,115,0.187316
152,116,0.128130
152,117,0.128842
152,118,0.135003
152,119,0.279587
152,120,0.176668
152,121,0.303103
152,122,0.176187
152,123,0.123828
152,124,0.111879
152,125,0.242575
152,126,0.186771
152,127,0.132965
152,128,0.166795
152,129,0.069963
152,130,0.090482
152,131,0.090623
152,132,0.042855
152,133,0.129922
152,134,0.200441
152,135,0.129239
152,136,0.105413
152,137,0.129189
152,138,0.054149
152,139,0.031658
152,140,0.088546
152,141,0.173797
152,142,0.106197
152,143,0.087643
152,144,0.146492
152,145,0.142400
152,146,0.116450
152,147,0.161990
152,148,-0.044607
152,149,0.177150
152,150,0.522968
152,151,0.777465
152,152,1.000000
152,153,0.690129
152,154,0.581941
152,155,0.395960
152,156,0.494647
152,157,0.545072
152,158,0.328319
152,159,0.395040
152,160,0.498389
152,161,0.340331
152,162,0.421160
152,163,0.484791
152,164,0.450417
152,165,0.308748
152,166,0.159716
152,167,0.183568
152,168,0.162717
152,169,0.124813
152,170,0.037238
152,171,0.022388
152,172,0.080827
152,173,0.086260
152,174,0.062872
152,175,0.081972
152,176,0.208267
152,177,0.318987
152,178,0.292791
152,179,0.292545
152,180,0.275979
152,181,0.179967
152,182,0.176562
152,183,0.114425
152,184,0.150235
152,185,0.145048
152,186,0.055405
152,187,0.042743
152,188,-0.001936
152,189,-0.005799
152,190,-0.011539
152,191,0.062086
152,192,0.083099
153,1,0.050945
153,2,0.108054
153,3,0.153022
153,4,0.115313
153,5,0.169695
153,6,0.150068
153,7,0.137181
153,8,0.195774
153,9,0.203640
153,10,0.191659
153,11,0.190904
153,12,0.157094
153,13,0.122801
153,14,0.060944
153,15,0.095720
153,16,0.149551
153,17,0.135411
153,18,0.105775
153,19,0.104012
153,20,0.142905
153,21,0.149162
153,22,0.182728
153,23,0.160585
153,24,0.130404
153,25,0.117160
153,26,0.058794
153,27,0.082566
153,28,0.149189
153,29,0.175046
153,30,0.215017
153,31,0.151743
153,32,0.104109
153,33,0.092405
153,34,0.092531
153,35,0.092930
153,36,0.168797
153,37,0.166699
153,38,0.065659
153,39,-0.014922
153,40,0.018903
153,41,0.063848
153,42,0.053909
153,43,0.072103
153,44,0.066105
153,45,0.050882
153,46,0.027927
153,47,0.033341
153,48,0.083898
153,49,0.055083
153,50,0.042319
153,51,0.057488
153,52,0.081646
153,53,-0.000348
153,54,0.067926
153,55,0.107797
153,56,0.154807
153,57,0.112006
153,58,0.123573
153,59,0.123525
153,60,0.126976
153,61,0.042842
153,62,0.005621
153,63,0.047491
153,64,0.073221
153,65,0.040713
153,66,0.045551
153,67,0.072099
153,68,0.153932
153,69,0.174457
153,70,0.172069
153,71,0.118361
153,72,0.059468
153,73,0.083243
153,74,0.053347
153,75,0.053751
153,76,0.082819
153,77,0.055940
153,78,0.092957
153,79,0.089456
153,80,0.087288
153,81,0.097626
153,82,0.104916
153,83,0.148933
153,84,0.143818
153,85,0.118973
153,86,0.152849
153,87,0.161975
153,88,0.127410
153,89,0.115179
153,90,0.073778
153,91,0.014276
153,92,-0.005366
153,93,0.016304
153,94,0.006068
153,95,0.045862
153,96,-0.003201
153,97,0.033473
153,98,0.057787
153,99,0.051049
153,100,0.041331
153,101,0.041708
153,102,0.062739
153,103,0.049657
153,104,0.041051
153,105,0.062359
153,106,0.069018
153,107,0.062847
153,108,0.059276
153,109,0.071820
153,110,0.086163
153,111,0.098732
153,112,0.048651
153,113,0.153660
153,114,0.152153
153,115,0.149597
153,116,0.109181
153,117,0.126773
153,118,0.113635
153,119,0.246164
153,120,0.128592
153,121,0.179770
153,122,0.082324
153,123,0.073845
153,124,0.091190
153,125,0.205394
153,126,0.181168
153,127,0.148536
153,128,0.164304
153,129,0.107335
153,130,0.130326
153,131,0.096265
153,132,0.052814
153,133,0.104408
153,134,0.175042
153,135,0.106074
153,136,0.082499
153,137,0.075297
153,138,0.023165
153,139,0.038419
153,140,0.055074
153,141,0.084052
153,142,0.065702
153,143,0.049053
153,144,0.060706
153,145,0.065650
153,146,0.073019
153,147,0.100726
153,148,-0.046589
153,149,0.120630
153,150,0.344516
153,151,0.464165
153,152,0.690129
153,153,1.000000
153,154,0.648329
153,155,0.441453
153,156,0.488027
153,157,0.518561
153,158,0.369841
153,159,0.356499
153,160,0.382726
153,161,0.295523
153,162,0.325808
153,163,0.340998
153,164,0.300916
153,165,0.210707
153,166,0.096270
153,167,0.118244
153,168,0.097935
153,169,0.072986
153,170,0.025551
153,171,0.009674
153,172,0.035732
153,173,0.033894
153,174,0.015257
153,175,0.048690
153,176,0.125956
153,177,0.252086
153,178,0.228787
153,179,0.232887
153,180,0.214601
153,181,0.140166
153,182,0.118693
153,183,0.083014
153,184,0.104517
153,185,0.099264
153,186,0.032860
153,187,0.030688
153,188,0.001155
153,189,-0.003305
153,190,-0.007145
153,191,0.017868
153,192,0.020605
154,1,0.085540
154,2,0.115123
154,3,0.159977
154,4,0.139416
154,5,0.174919
154,6,0.148461
154,7,0.134579
154,8,0.191829
154,9,0.213981
154,10,0.206845
154,11,0.205434
154,12,0.167298
154,13,0.136767
154,14,0.085490
154,15,0.138498
154,16,0.209846
154,17,0.174670
154,18,0.130516
154,19,0.122102
154,20,0.153520
154,21,0.161673
154,22,0.211883
154,23,0.192640
154,24,0.152757
154,25,0.148534
154,26,0.094273
154,27,0.107756
154,28,0.159073
154,29,0.175422
154,30,0.206780
154,31,0.163091
154,32,0.127513
154,33,0.092813
154,34,0.081779
154,35,0.103847
154,36,0.184471
154,37,0.137782
154,38,0.055780
154,39,0.008546
154,40,0.019106
154,41,0.073003
154,42,0.081669
154,43,0.097823
154,44,0.089746
154,45,0.087156
154,46,0.063056
154,47,0.054302
154,48,0.082492
154,49,0.062321
154,50,0.048787
154,51,0.037589
154,52,0.064551
154,53,-0.001325
154,54,0.086165
154,55,0.104329
154,56,0.130267
154,57,0.111239
154,58,0.124236
154,59,0.131376
154,60,0.153567
154,61,0.060961
154,62,0.045515
154,63,0.082974
154,64,0.107269
154,65,0.072539
154,66,0.055750
154,67,0.103791
154,68,0.169019
154,69,0.180476
154,70,0.179818
154,71,0.129950
154,72,0.073142
154,73,0.079178
154,74,0.087341
154,75,0.073022
154,76,0.115618
154,77,0.078125
154,78,0.111744
154,79,0.110684
154,80,0.088862
154,81,0.112181
154,82,0.117860
154,83,0.158326
154,84,0.162389
154,85,0.127017
154,86,0.164545
154,87,0.168704
154,88,0.125129
154,89,0.146654
154,90,0.087775
154,91,0.038455
154,92,-0.001042
154,93,0.035947
154,94,0.029972
154,95,0.060987
154,96,0.001070
154,97,0.038339
154,98,0.084006
154,99,0.094797
154,100,0.087447
154,101,0.073551
154,102,0.092289
154,103,0.063742
154,104,0.025256
154,105,0.066361
154,106,0.083614
154,107,0.102624
154,108,0.100778
154,109,0.090278
154,110,0.081765
154,111,0.096159
154,112,0.042983
154,113,0.142777
154,114,0.156784
154,115,0.150309
154,116,0.115881
154,117,0.124494
154,118,0.134314
154,119,0.332571
154,120,0.188795
154,121,0.264956
154,122,0.115027
154,123,0.121281
154,124,0.093227
154,125,0.237472
154,126,0.182819
154,127,0.169501
154,128,0.227553
154,129,0.089781
154,130,0.110106
154,131,0.106878
154,132,0.043479
154,133,0.098461
154,134,0.177855
154,135,0.103669
154,136,0.097007
154,137,0.086683
154,138,0.044973
154,139,0.043370
154,140,0.068985
154,141,0.112934
154,142,0.097922
154,143,0.087787
154,144,0.095389
154,145,0.077286
154,146,0.098086
154,147,0.124675
154,148,-0.044073
154,149,0.067679
154,150,0.220133
154,151,0.361353
154,152,0.581941
154,153,0.648329
154,154,1.000000
154,155,0.808573
154,156,0.795523
154,157,0.723188
154,158,0.523592
154,159,0.457343
154,160,0.451319
154,161,0.358154
154,162,0.373014
154,163,0.360951
154,164,0.270885
154,165,0.147287
154,166,0.096216
154,167,0.076324
154,168,0.046731
154,169,0.021466
154,170,0.017769
154,171,-0.008072
154,172,0.039838
154,173,0.052878
154,174,0.027024
154,175,0.067660
154,176,0.126726
154,177,0.253910
154,178,0.227116
154,179,0.227333
154,180,0.227655
154,181,0.162468
154,182,0.159269
154,183,0.094427
154,184,0.100315
154,185,0.087532
154,186,0.020754
154,187,0.019218
154,188,-0.019940
154,189,-0.027430
154,190,-0.034091
154,191,0.006811
154,192,0.036089
155,1,0.056226
155,2,0.104432
155,3,0.152828
155,4,0.136911
155,5,0.156059
155,6,0.142460
155,7,0.120448
155,8,0.186662
155,9,0.225091
155,10,0.210402
155,11,0.206846
155,12,0.148974
155,13,0.108299
155,14,0.070272
155,15,0.141934
155,16,0.235677
155,17,0.219201
155,18,0.173135
155,19,0.165421
155,20,0.192242
155,21,0.208509
155,22,0.253495
155,23,0.234559
155,24,0.194161
155,25,0.171351
155,26,0.103557
155,27,0.097505
155,28,0.144123
155,29,0.157357
155,30,0.206809
155,31,0.171072
155,32,0.149567
155,33,0.109461
155,34,0.080890
155,35,0.102720
155,36,0.152982
155,37,0.060683
155,38,0.068086
155,39,0.029752
155,40,0.036153
155,41,0.109183
155,42,0.084553
155,43,0.120915
155,44,0.120124
155,45,0.123515
155,46,0.107072
155,47,0.104061
155,48,0.094406
155,49,0.063361
155,50,0.065316
155,51,0.042374
155,52,0.053022
155,53,0.034615
155,54,0.107492
155,55,0.117417
155,56,0.134793
155,57,0.105410
155,58,0.119182
155,59,0.126239
155,60,0.150897
155,61,0.075036
155,62,0.086522
155,63,0.105767
155,64,0.126410
155,65,0.069319
155,66,0.040380
155,67,0.093024
155,68,0.139247
155,69,0.188030
155,70,0.193217
155,71,0.147928
155,72,0.095958
155,73,0.102805
155,74,0.113433
155,75,0.104116
155,76,0.147504
155,77,0.109376
155,78,0.151090
155,79,0.150225
155,80,0.125042
155,81,0.151901
155,82,0.137719
155,83,0.167686
155,84,0.182726
155,85,0.134492
155,86,0.146943
155,87,0.153772
155,88,0.126309
155,89,0.138966
155,90,0.081851
155,91,0.020226
155,92,-0.005083
155,93,0.041581
155,94,0.033286
155,95,0.055257
155,96,0.000797
155,97,0.060727
155,98,0.105279
155,99,0.129196
155,100,0.132413
155,101,0.113601
155,102,0.122647
155,103,0.077590
155,104,0.031375
155,105,0.088670
155,106,0.123071
155,107,0.146408
155,108,0.136982
155,109,0.114377
155,110,0.104821
155,111,0.096009
155,112,0.101312
155,113,0.122036
155,114,0.133803
155,115,0.109544
155,116,0.084054
155,117,0.089858
155,118,0.090301
155,119,0.283391
155,120,0.166593
155,121,0.263412
155,122,0.089700
155,123,0.124846
155,124,0.119411
155,125,0.275439
155,126,0.231918
155,127,0.215312
155,128,0.260289
155,129,0.114061
155,130,0.138916
155,131,0.152368
155,132,0.074384
155,133,0.118796
155,134,0.208965
155,135,0.145932
155,136,0.105961
155,137,0.084021
155,138,0.033560
155,139,0.036783
155,140,0.052810
155,141,0.085614
155,142,0.085202
155,143,0.081945
155,144,0.094948
155,145,0.067646
155,146,0.104410
155,147,0.130035
155,148,-0.037055
155,149,0.021551
155,150,0.109450
155,151,0.220633
155,152,0.395960
155,153,0.441453
155,154,0.808573
155,155,1.000000
155,156,0.889574
155,157,0.743069
155,158,0.640587
155,159,0.563219
155,160,0.489847
155,161,0.419295
155,162,0.382018
155,163,0.349273
155,164,0.224030
155,165,0.120096
155,166,0.094985
155,167,0.064514
155,168,0.019751
155,169,0.001132
155,170,0.022342
155,171,0.006029
155,172,0.042691
155,173,0.052999
155,174,0.033305
155,175,0.077607
155,176,0.110991
155,177,0.228644
155,178,0.198273
155,179,0.203621
155,180,0.195160
155,181,0.137975
155,182,0.163975
155,183,0.123455
155,184,0.113200
155,185,0.086439
155,186,0.037060
155,187,0.037756
155,188,-0.000997
155,189,-0.005167
155,190,-0.023498
155,191,-0.019345
155,192,0.012731
156,1,0.074109
156,2,0.137523
156,3,0.191765
156,4,0.174272
156,5,0.209002
156,6,0.201185
156,7,0.169284
156,8,0.239976
156,9,0.279374
156,10,0.264140
156,11,0.262976
156,12,0.183302
156,13,0.132132
156,14,0.079402
156,15,0.166460
156,16,0.274147
156,17,0.261284
156,18,0.201025
156,19,0.195856
156,20,0.231948
156,21,0.250764
156,22,0.303813
156,23,0.291424
156,24,0.232880
156,25,0.206895
156,26,0.118579
156,27,0.110992
156,28,0.176311
156,29,0.193948
156,30,0.247990
156,31,0.219412
156,32,0.171907
156,33,0.093015
156,34,0.055302
156,35,0.140384
156,36,0.204324
156,37,0.099414
156,38,0.081824
156,39,0.020534
156,40,0.038115
156,41,0.133953
156,42,0.114512
156,43,0.156989
156,44,0.157438
156,45,0.155889
156,46,0.128731
156,47,0.111954
156,48,0.096977
156,49,0.065472
156,50,0.074282
156,51,0.067279
156,52,0.080874
156,53,0.061663
156,54,0.140887
156,55,0.153215
156,56,0.163480
156,57,0.122035
156,58,0.139528
156,59,0.141685
156,60,0.174323
156,61,0.084562
156,62,0.099857
156,63,0.129033
156,64,0.154378
156,65,0.081954
156,66,0.055964
156,67,0.090648
156,68,0.132130
156,69,0.137337
156,70,0.143335
156,71,0.122876
156,72,0.114047
156,73,0.129827
156,74,0.126862
156,75,0.114917
156,76,0.171961
156,77,0.126101
156,78,0.179228
156,79,0.176121
156,80,0.150884
156,81,0.182349
156,82,0.148450
156,83,0.187876
156,84,0.205426
156,85,0.154804
156,86,0.168813
156,87,0.187501
156,88,0.150495
156,89,0.164313
156,90,0.104064
156,91,0.042221
156,92,-0.009839
156,93,0.044691
156,94,0.037470
156,95,0.068904
156,96,0.017526
156,97,0.073637
156,98,0.131437
156,99,0.146152
156,100,0.154264
156,101,0.139721
156,102,0.142704
156,103,0.094354
156,104,0.042715
156,105,0.111986
156,106,0.147789
156,107,0.169313
156,108,0.157983
156,109,0.131267
156,110,0.120808
156,111,0.124461
156,112,0.124078
156,113,0.133503
156,114,0.146599
156,115,0.114348
156,116,0.061052
156,117,0.067764
156,118,0.071359
156,119,0.246134
156,120,0.137261
156,121,0.280431
156,122,0.088042
156,123,0.113935
156,124,0.128240
156,125,0.305012
156,126,0.244951
156,127,0.211460
156,128,0.254784
156,129,0.087355
156,130,0.120444
156,131,0.172462
156,132,0.066285
156,133,0.137038
156,134,0.254277
156,135,0.168785
156,136,0.132989
156,137,0.104035
156,138,0.033852
156,139,0.023455
156,140,0.053302
156,141,0.103877
156,142,0.093231
156,143,0.084856
156,144,0.110978
156,145,0.087590
156,146,0.121490
156,147,0.153014
156,148,-0.054592
156,149,0.049295
156,150,0.154676
156,151,0.299390
156,152,0.494647
156,153,0.488027
156,154,0.795523
156,155,0.889574
156,156,1.000000
156,157,0.809037
156,158,0.603701
156,159,0.641989
156,160,0.601093
156,161,0.489522
156,162,0.452417
156,163,0.432252
156,164,0.292824
156,165,0.159174
156,166,0.121280
156,167,0.103033
156,168,0.057416
156,169,0.031744
156,170,0.034328
156,171,0.015915
156,172,0.065531
156,173,0.082404
156,174,0.057683
156,175,0.103436
156,176,0.165248
156,177,0.305259
156,178,0.275785
156,179,0.277532
156,180,0.262408
156,181,0.175084
156,182,0.200750
156,183,0.141646
156,184,0.135918
156,185,0.112386
156,186,0.044485
156,187,0.035127
156,188,-0.008379
156,189,-0.013112
156,190,-0.020944
156,191,-0.001937
156,192,0.039158
157,1,0.083699
157,2,0.168825
157,3,0.220761
157,4,0.199990
157,5,0.254919
157,6,0.261096
157,7,0.235771
157,8,0.307301
157,9,0.351014
157,10,0.323381
157,11,0.297072
157,12,0.189279
157,13,0.129101
157,14,0.047427
157,15,0.144971
157,16,0.258586
157,17,0.308957
157,18,0.267058
157,19,0.256439
157,20,0.279809
157,21,0.279215
157,22,0.306090
157,23,0.283368
157,24,0.234987
157,25,0.206218
157,26,0.094652
157,27,0.096998
157,28,0.177021
157,29,0.208289
157,30,0.277004
157,31,0.275399
157,32,0.192689
157,33,0.136436
157,34,0.132646
157,35,0.199074
157,36,0.195027
157,37,0.086097
157,38,0.114059
157,39,0.054564
157,40,0.079982
157,41,0.138515
157,42,0.132517
157,43,0.174171
157,44,0.179999
157,45,0.175104
157,46,0.153330
157,47,0.153445
157,48,0.156810
157,49,0.097401
157,50,0.118782
157,51,0.062569
157,52,0.086012
157,53,0.084436
157,54,0.149585
157,55,0.161223
157,56,0.179567
157,57,0.125476
157,58,0.159202
157,59,0.182359
157,60,0.192979
157,61,0.135628
157,62,0.112780
157,63,0.147835
157,64,0.149199
157,65,0.076964
157,66,0.045867
157,67,0.088000
157,68,0.165345
157,69,0.191414
157,70,0.192369
157,71,0.151559
157,72,0.130663
157,73,0.152408
157,74,0.147322
157,75,0.146921
157,76,0.183059
157,77,0.142444
157,78,0.189772
157,79,0.173145
157,80,0.154207
157,81,0.184361
157,82,0.178827
157,83,0.210098
157,84,0.218947
157,85,0.185430
157,86,0.189393
157,87,0.198802
157,88,0.160293
157,89,0.168622
157,90,0.122012
157,91,0.050262
157,92,0.044630
157,93,0.066862
157,94,0.043291
157,95,0.075760
157,96,0.049752
157,97,0.124498
157,98,0.149075
157,99,0.167707
157,100,0.152947
157,101,0.152381
157,102,0.154094
157,103,0.099485
157,104,0.073817
157,105,0.130141
157,106,0.153369
157,107,0.183546
157,108,0.181144
157,109,0.178048
157,110,0.166197
157,111,0.176166
157,112,0.181393
157,113,0.155575
157,114,0.197526
157,115,0.158295
157,116,0.090836
157,117,0.065027
157,118,0.111867
157,119,0.293200
157,120,0.206751
157,121,0.375837
157,122,0.144654
157,123,0.167904
157,124,0.176913
157,125,0.344890
157,126,0.283096
157,127,0.256130
157,128,0.266426
157,129,0.093614
157,130,0.111371
157,131,0.153963
157,132,0.081588
157,133,0.141948
157,134,0.248312
157,135,0.182321
157,136,0.156924
157,137,0.134431
157,138,0.063293
157,139,0.048207
157,140,0.078285
157,141,0.120705
157,142,0.098998
157,143,0.108377
157,144,0.135706
157,145,0.089932
157,146,0.140822
157,147,0.174828
157,148,-0.056875
157,149,0.050146
157,150,0.192612
157,151,0.338155
157,152,0.545072
157,153,0.518561
157,154,0.723188
157,155,0.743069
157,156,0.809037
157,157,1.000000
157,158,0.814679
157,159,0.718675
157,160,0.681543
157,161,0.536986
157,162,0.473887
157,163,0.477687
157,164,0.363222
157,165,0.221992
157,166,0.154091
157,167,0.143318
157,168,0.105872
157,169,0.065172
157,170,0.062606
157,171,0.031186
157,172,0.080192
157,173,0.092281
157,174,0.062412
157,175,0.104268
157,176,0.166736
157,177,0.315482
157,178,0.266344
157,179,0.264317
157,180,0.258110
157,181,0.180169
157,182,0.199124
157,183,0.151968
157,184,0.162409
157,185,0.133203
157,186,0.061983
157,187,0.062367
157,188,0.012455
157,189,0.007146
157,190,-0.005869
157,191,0.045374
157,192,0.060642
158,1,0.045334
158,2,0.139299
158,3,0.197880
158,4,0.187503
158,5,0.228563
158,6,0.254676
158,7,0.230501
158,8,0.303356
158,9,0.356567
158,10,0.299601
158,11,0.265123
158,12,0.151891
158,13,0.098913
158,14,0.025911
158,15,0.140451
158,16,0.247370
158,17,0.332186
158,18,0.305561
158,19,0.288349
158,20,0.298200
158,21,0.295481
158,22,0.311990
158,23,0.277634
158,24,0.264497
158,25,0.224285
158,26,0.088708
158,27,0.069728
158,28,0.154845
158,29,0.186660
158,30,0.254977
158,31,0.285399
158,32,0.203668
158,33,0.166719
158,34,0.172343
158,35,0.198624
158,36,0.156878
158,37,-0.010918
158,38,0.062160
158,39,0.048524
158,40,0.098763
158,41,0.134240
158,42,0.122563
158,43,0.179989
158,44,0.204387
158,45,0.203452
158,46,0.188412
158,47,0.208219
158,48,0.193744
158,49,0.099308
158,50,0.124495
158,51,0.063059
158,52,0.086304
158,53,0.091284
158,54,0.114002
158,55,0.152406
158,56,0.173039
158,57,0.116950
158,58,0.159955
158,59,0.184151
158,60,0.175130
158,61,0.154277
158,62,0.151281
158,63,0.190741
158,64,0.181303
158,65,0.105401
158,66,0.053311
158,67,0.090595
158,68,0.167476
158,69,0.227991
158,70,0.234928
158,71,0.177484
158,72,0.134931
158,73,0.154882
158,74,0.174739
158,75,0.167225
158,76,0.198587
158,77,0.156497
158,78,0.204672
158,79,0.184208
158,80,0.155980
158,81,0.186478
158,82,0.184814
158,83,0.196085
158,84,0.214082
158,85,0.190464
158,86,0.169153
158,87,0.171700
158,88,0.143032
158,89,0.153288
158,90,0.113306
158,91,0.035790
158,92,0.082205
158,93,0.097286
158,94,0.075047
158,95,0.098437
158,96,0.070968
158,97,0.158926
158,98,0.181706
158,99,0.195585
158,100,0.172971
158,101,0.175765
158,102,0.163980
158,103,0.109399
158,104,0.102717
158,105,0.147739
158,106,0.178559
158,107,0.216272
158,108,0.212751
158,109,0.219107
158,110,0.208646
158,111,0.183249
158,112,0.197637
158,113,0.124553
158,114,0.181065
158,115,0.126971
158,116,0.075849
158,117,0.050299
158,118,0.094455
158,119,0.240647
158,120,0.177133
158,121,0.323200
158,122,0.124496
158,123,0.201479
158,124,0.241961
158,125,0.388963
158,126,0.354045
158,127,0.338784
158,128,0.285063
158,129,0.134841
158,130,0.131866
158,131,0.151601
158,132,0.117972
158,133,0.147866
158,134,0.236893
158,135,0.213648
158,136,0.152539
158,137,0.118876
158,138,0.056949
158,139,0.053573
158,140,0.066005
158,141,0.078348
158,142,0.077863
158,143,0.122157
158,144,0.146935
158,145,0.098382
158,146,0.167790
158,147,0.190556
158,148,-0.030707
158,149,0.027327
158,150,0.103924
158,151,0.179088
158,152,0.328319
158,153,0.369841
158,154,0.523592
158,155,0.640587
158,156,0.603701
158,157,0.814679
158,158,1.000000
158,159,0.810219
158,160,0.674001
158,161,0.613568
158,162,0.493891
158,163,0.454086
158,164,0.315643
158,165,0.212734
158,166,0.158955
158,167,0.124156
158,168,0.066743
158,169,0.036187
158,170,0.089419
158,171,0.044102
158,172,0.084006
158,173,0.080898
158,174,0.054603
158,175,0.098531
158,176,0.122975
158,177,0.278841
158,178,0.206359
158,179,0.205156
158,180,0.195347
158,181,0.146275
158,182,0.163364
158,183,0.145500
158,184,0.158486
158,185,0.121779
158,186,0.071260
158,187,0.088034
158,188,0.042798
158,189,0.040483
158,190,0.024851
158,191,0.062478
158,192,0.051334
159,1,0.066631
159,2,0.165992
159,3,0.218225
159,4,0.201780
159,5,0.256515
159,6,0.293508
159,7,0.276097
159,8,0.342291
159,9,0.398150
159,10,0.328046
159,11,0.292698
159,12,0.183183
159,13,0.126254
159,14,0.063036
159,15,0.165357
159,16,0.274692
159,17,0.359550
159,18,0.327557
159,19,0.315347
159,20,0.343425
159,21,0.350815
159,22,0.384274
159,23,0.326652
159,24,0.292438
159,25,0.262145
159,26,0.129131
159,27,0.096374
159,28,0.184269
159,29,0.207502
159,30,0.271508
159,31,0.313607
159,32,0.234729
159,33,0.125984
159,34,0.126603
159,35,0.235369
159,36,0.226069
159,37,0.062003
159,38,0.073630
159,39,0.048421
159,40,0.102753
159,41,0.166449
159,42,0.160685
159,43,0.215506
159,44,0.235993
159,45,0.236971
159,46,0.215810
159,47,0.228832
159,48,0.166632
159,49,0.082610
159,50,0.113240
159,51,0.097038
159,52,0.117853
159,53,0.110833
159,54,0.121449
159,55,0.177868
159,56,0.183983
159,57,0.133813
159,58,0.174008
159,59,0.179493
159,60,0.185257
159,61,0.153215
159,62,0.178495
159,63,0.226962
159,64,0.221813
159,65,0.132948
159,66,0.058680
159,67,0.075904
159,68,0.139309
159,69,0.147259
159,70,0.155477
159,71,0.135664
159,72,0.165391
159,73,0.199453
159,74,0.190306
159,75,0.196962
159,76,0.238974
159,77,0.177762
159,78,0.260518
159,79,0.238052
159,80,0.207753
159,81,0.235746
159,82,0.208676
159,83,0.230840
159,84,0.259329
159,85,0.224963
159,86,0.204512
159,87,0.206854
159,88,0.178778
159,89,0.190263
159,90,0.141756
159,91,0.056699
159,92,0.044291
159,93,0.093181
159,94,0.094427
159,95,0.124202
159,96,0.100525
159,97,0.180640
159,98,0.218215
159,99,0.222874
159,100,0.204825
159,101,0.211143
159,102,0.196195
159,103,0.131054
159,104,0.116096
159,105,0.178987
159,106,0.207752
159,107,0.246556
159,108,0.244448
159,109,0.247291
159,110,0.225795
159,111,0.191782
159,112,0.202612
159,113,0.142688
159,114,0.192976
159,115,0.130818
159,116,0.067555
159,117,0.050382
159,118,0.080133
159,119,0.199695
159,120,0.136810
159,121,0.293776
159,122,0.116143
159,123,0.178941
159,124,0.269522
159,125,0.443674
159,126,0.384663
159,127,0.290329
159,128,0.242391
159,129,0.111260
159,130,0.129170
159,131,0.165676
159,132,0.102823
159,133,0.186462
159,134,0.313475
159,135,0.233198
159,136,0.156410
159,137,0.136447
159,138,0.056732
159,139,0.051724
159,140,0.059107
159,141,0.088932
159,142,0.093805
159,143,0.115618
159,144,0.167086
159,145,0.125713
159,146,0.181255
159,147,0.198715
159,148,-0.047832
159,149,0.067001
159,150,0.152954
159,151,0.242464
159,152,0.395040
159,153,0.356499
159,154,0.457343
159,155,0.563219
159,156,0.641989
159,157,0.718675
159,158,0.810219
159,159,1.000000
159,160,0.860334
159,161,0.779959
159,162,0.638317
159,163,0.588460
159,164,0.400723
159,165,0.270598
159,166,0.187429
159,167,0.164169
159,168,0.093077
159,169,0.062040
159,170,0.096212
159,171,0.042350
159,172,0.096600
159,173,0.101868
159,174,0.070231
159,175,0.121794
159,176,0.186681
159,177,0.393922
159,178,0.314210
159,179,0.320561
159,180,0.283326
159,181,0.191941
159,182,0.212582
159,183,0.182336
159,184,0.200265
159,185,0.172031
159,186,0.102407
159,187,0.103807
159,188,0.045733
159,189,0.039403
159,190,0.027247
159,191,0.074337
159,192,0.080908
160,1,0.063544
160,2,0.186900
160,3,0.247244
160,4,0.225292
160,5,0.273729
160,6,0.308709
160,7,0.301671
160,8,0.361936
160,9,0.414988
160,10,0.345743
160,11,0.312979
160,12,0.205662
160,13,0.140442
160,14,0.076133
160,15,0.176812
160,16,0.290239
160,17,0.361773
160,18,0.315513
160,19,0.307795
160,20,0.352563
160,21,0.367537
160,22,0.422213
160,23,0.339253
160,24,0.290236
160,25,0.274794
160,26,0.149334
160,27,0.107836
160,28,0.201170
160,29,0.230527
160,30,0.296470
160,31,0.326692
160,32,0.242793
160,33,0.102977
160,34,0.112883
160,35,0.257494
160,36,0.263214
160,37,0.132219
160,38,0.085660
160,39,0.056170
160,40,0.095129
160,41,0.180133
160,42,0.201834
160,43,0.259732
160,44,0.263654
160,45,0.259295
160,46,0.242908
160,47,0.245470
160,48,0.170488
160,49,0.084940
160,50,0.112423
160,51,0.110847
160,52,0.130385
160,53,0.112042
160,54,0.134183
160,55,0.187474
160,56,0.200926
160,57,0.147891
160,58,0.178014
160,59,0.181688
160,60,0.195181
160,61,0.148049
160,62,0.179294
160,63,0.229699
160,64,0.229639
160,65,0.129682
160,66,0.069010
160,67,0.085696
160,68,0.143025
160,69,0.121230
160,70,0.130707
160,71,0.130960
160,72,0.182049
160,73,0.227355
160,74,0.185639
160,75,0.207006
160,76,0.264283
160,77,0.196381
160,78,0.284347
160,79,0.259283
160,80,0.226171
160,81,0.277210
160,82,0.247677
160,83,0.282124
160,84,0.300817
160,85,0.262255
160,86,0.260352
160,87,0.265822
160,88,0.232698
160,89,0.247228
160,90,0.186346
160,91,0.091572
160,92,0.048052
160,93,0.089775
160,94,0.085139
160,95,0.128355
160,96,0.104702
160,97,0.173531
160,98,0.222607
160,99,0.230703
160,100,0.219688
160,101,0.225942
160,102,0.215404
160,103,0.147969
160,104,0.132484
160,105,0.202552
160,106,0.232134
160,107,0.259806
160,108,0.265248
160,109,0.266016
160,110,0.243062
160,111,0.219761
160,112,0.189351
160,113,0.175481
160,114,0.212741
160,115,0.170250
160,116,0.097878
160,117,0.082923
160,118,0.097820
160,119,0.212047
160,120,0.120581
160,121,0.306975
160,122,0.138339
160,123,0.182213
160,124,0.288410
160,125,0.485935
160,126,0.402877
160,127,0.255551
160,128,0.220386
160,129,0.134149
160,130,0.160204
160,131,0.169386
160,132,0.101411
160,133,0.209584
160,134,0.356154
160,135,0.250247
160,136,0.170970
160,137,0.170420
160,138,0.063879
160,139,0.041320
160,140,0.073357
160,141,0.137626
160,142,0.110921
160,143,0.121447
160,144,0.184601
160,145,0.135449
160,146,0.193281
160,147,0.210979
160,148,-0.076043
160,149,0.095730
160,150,0.225787
160,151,0.345844
160,152,0.498389
160,153,0.382726
160,154,0.451319
160,155,0.489847
160,156,0.601093
160,157,0.681543
160,158,0.674001
160,159,0.860334
160,160,1.000000
160,161,0.755524
160,162,0.724407
160,163,0.722042
160,164,0.520064
160,165,0.348704
160,166,0.221172
160,167,0.209604
160,168,0.132350
160,169,0.093203
160,170,0.092859
160,171,0.040765
160,172,0.117167
160,173,0.130894
160,174,0.097432
160,175,0.139874
160,176,0.245630
160,177,0.491002
160,178,0.406522
160,179,0.404222
160,180,0.347964
160,181,0.219537
160,182,0.242757
160,183,0.190959
160,184,0.218777
160,185,0.191499
160,186,0.093352
160,187,0.094101
160,188,0.031576
160,189,0.026261
160,190,0.015788
160,191,0.093795
160,192,0.118559
161,1,0.048210
161,2,0.147352
161,3,0.171843
161,4,0.150204
161,5,0.201272
161,6,0.240518
161,7,0.231350
161,8,0.291840
161,9,0.337137
161,10,0.260144
161,11,0.234277
161,12,0.157574
161,13,0.111648
161,14,0.049064
161,15,0.156190
161,16,0.258027
161,17,0.350723
161,18,0.319448
161,19,0.307386
161,20,0.343183
161,21,0.351893
161,22,0.395298
161,23,0.317970
161,24,0.281025
161,25,0.244511
161,26,0.113418
161,27,0.084729
161,28,0.164089
161,29,0.191470
161,30,0.240848
161,31,0.270545
161,32,0.206573
161,33,0.100481
161,34,0.113702
161,35,0.224466
161,36,0.210237
161,37,0.081800
161,38,0.087986
161,39,0.075833
161,40,0.123762
161,41,0.169262
161,42,0.189332
161,43,0.245648
161,44,0.251459
161,45,0.255352
161,46,0.240256
161,47,0.241829
161,48,0.185645
161,49,0.105318
161,50,0.122001
161,51,0.107806
161,52,0.110904
161,53,0.104612
161,54,0.095422
161,55,0.163327
161,56,0.190440
161,57,0.139017
161,58,0.160372
161,59,0.162515
161,60,0.154986
161,61,0.125321
161,62,0.184591
161,63,0.238443
161,64,0.223220
161,65,0.136118
161,66,0.074797
161,67,0.074856
161,68,0.126968
161,69,0.138312
161,70,0.158665
161,71,0.154375
161,72,0.190066
161,73,0.223807
161,74,0.202802
161,75,0.209882
161,76,0.270037
161,77,0.194666
161,78,0.288689
161,79,0.264408
161,80,0.220179
161,81,0.264938
161,82,0.234953
161,83,0.250819
161,84,0.275996
161,85,0.241744
161,86,0.212012
161,87,0.213560
161,88,0.196942
161,89,0.195662
161,90,0.165156
161,91,0.092693
161,92,0.074559
161,93,0.126886
161,94,0.118578
161,95,0.146565
161,96,0.111770
161,97,0.186456
161,98,0.220172
161,99,0.234594
161,100,0.228717
161,101,0.234318
161,102,0.210834
161,103,0.149739
161,104,0.120225
161,105,0.186993
161,106,0.224389
161,107,0.261855
161,108,0.257592
161,109,0.252448
161,110,0.230801
161,111,0.171914
161,112,0.187799
161,113,0.133636
161,114,0.186927
161,115,0.130464
161,116,0.070804
161,117,0.068544
161,118,0.093898
161,119,0.169166
161,120,0.109983
161,121,0.240317
161,122,0.144902
161,123,0.231803
161,124,0.371080
161,125,0.504035
161,126,0.430148
161,127,0.310382
161,128,0.213332
161,129,0.158948
161,130,0.173456
161,131,0.176880
161,132,0.109085
161,133,0.198408
161,134,0.340847
161,135,0.256794
161,136,0.158440
161,137,0.143800
161,138,0.065659
161,139,0.061906
161,140,0.062331
161,141,0.082984
161,142,0.098156
161,143,0.120992
161,144,0.168453
161,145,0.134934
161,146,0.195815
161,147,0.194747
161,148,-0.053171
161,149,0.076880
161,150,0.157697
161,151,0.223919
161,152,0.340331
161,153,0.295523
161,154,0.358154
161,155,0.419295
161,156,0.489522
161,157,0.536986
161,158,0.613568
161,159,0.779959
161,160,0.755524
161,161,1.000000
161,162,0.755595
161,163,0.643532
161,164,0.441388
161,165,0.340050
161,166,0.222314
161,167,0.199526
161,168,0.116808
161,169,0.070023
161,170,0.089306
161,171,0.031206
161,172,0.112461
161,173,0.112416
161,174,0.091472
161,175,0.136265
161,176,0.194801
161,177,0.444234
161,178,0.346678
161,179,0.339421
161,180,0.282156
161,181,0.185157
161,182,0.200641
161,183,0.161383
161,184,0.187226
161,185,0.163856
161,186,0.077370
161,187,0.081820
161,188,0.025087
161,189,0.024111
161,190,0.010235
161,191,0.076009
161,192,0.081698
162,1,0.036777
162,2,0.137697
162,3,0.190375
162,4,0.166871
162,5,0.215448
162,6,0.258280
162,7,0.249617
162,8,0.307922
162,9,0.346798
162,10,0.273741
162,11,0.244421
162,12,0.160921
162,13,0.101404
162,14,0.057862
162,15,0.168165
162,16,0.281733
162,17,0.360814
162,18,0.303721
162,19,0.292997
162,20,0.342181
162,21,0.360101
162,22,0.428212
162,23,0.344315
162,24,0.284012
162,25,0.266673
162,26,0.143442
162,27,0.095126
162,28,0.186308
162,29,0.207942
162,30,0.254991
162,31,0.275140
162,32,0.207110
162,33,0.100126
162,34,0.109376
162,35,0.226183
162,36,0.253149
162,37,0.150029
162,38,0.122257
162,39,0.077847
162,40,0.126046
162,41,0.181873
162,42,0.225895
162,43,0.290850
162,44,0.281237
162,45,0.289453
162,46,0.276378
162,47,0.263744
162,48,0.178724
162,49,0.096774
162,50,0.115628
162,51,0.102032
162,52,0.092594
162,53,0.067734
162,54,0.104816
162,55,0.152692
162,56,0.189865
162,57,0.152007
162,58,0.175722
162,59,0.164681
162,60,0.173113
162,61,0.133560
162,62,0.202444
162,63,0.259054
162,64,0.251564
162,65,0.165334
162,66,0.119077
162,67,0.121940
162,68,0.142217
162,69,0.119539
162,70,0.146827
162,71,0.169679
162,72,0.205441
162,73,0.237978
162,74,0.201415
162,75,0.204152
162,76,0.273268
162,77,0.196658
162,78,0.299893
162,79,0.261080
162,80,0.215728
162,81,0.285243
162,82,0.258919
162,83,0.284753
162,84,0.311596
162,85,0.280465
162,86,0.269796
162,87,0.280150
162,88,0.242043
162,89,0.258335
162,90,0.216448
162,91,0.144290
162,92,0.087312
162,93,0.123013
162,94,0.118244
162,95,0.164064
162,96,0.153205
162,97,0.213355
162,98,0.256135
162,99,0.259101
162,100,0.249463
162,101,0.262048
162,102,0.250655
162,103,0.203292
162,104,0.167047
162,105,0.225632
162,106,0.262180
162,107,0.286547
162,108,0.289775
162,109,0.278075
162,110,0.252206
162,111,0.220217
162,112,0.162553
162,113,0.138875
162,114,0.228147
162,115,0.164138
162,116,0.103157
162,117,0.096373
162,118,0.111452
162,119,0.180910
162,120,0.096925
162,121,0.221525
162,122,0.125384
162,123,0.196643
162,124,0.339667
162,125,0.473468
162,126,0.409305
162,127,0.279935
162,128,0.186057
162,129,0.138098
162,130,0.174462
162,131,0.155777
162,132,0.104259
162,133,0.223879
162,134,0.376253
162,135,0.279375
162,136,0.195106
162,137,0.175943
162,138,0.051421
162,139,0.029363
162,140,0.066388
162,141,0.122888
162,142,0.108601
162,143,0.127282
162,144,0.202085
162,145,0.150477
162,146,0.213533
162,147,0.212225
162,148,-0.052668
162,149,0.126232
162,150,0.241164
162,151,0.326398
162,152,0.421160
162,153,0.325808
162,154,0.373014
162,155,0.382018
162,156,0.452417
162,157,0.473887
162,158,0.493891
162,159,0.638317
162,160,0.724407
162,161,0.755595
162,162,1.000000
162,163,0.849714
162,164,0.586886
162,165,0.426968
162,166,0.248483
162,167,0.241412
162,168,0.155338
162,169,0.100931
162,170,0.080907
162,171,0.049318
162,172,0.148004
162,173,0.165043
162,174,0.129541
162,175,0.156942
162,176,0.252758
162,177,0.559235
162,178,0.443025
162,179,0.425410
162,180,0.356704
162,181,0.233975
162,182,0.254310
162,183,0.189048
162,184,0.218110
162,185,0.195599
162,186,0.082752
162,187,0.074386
162,188,0.019474
162,189,0.026863
162,190,0.022807
162,191,0.102124
162,192,0.105129
163,1,0.063708
163,2,0.148624
163,3,0.196724
163,4,0.171750
163,5,0.228088
163,6,0.267555
163,7,0.260301
163,8,0.305378
163,9,0.337630
163,10,0.276627
163,11,0.238322
163,12,0.144639
163,13,0.084802
163,14,0.051181
163,15,0.151460
163,16,0.250452
163,17,0.339009
163,18,0.287084
163,19,0.280824
163,20,0.327047
163,21,0.338714
163,22,0.398361
163,23,0.306415
163,24,0.250792
163,25,0.231013
163,26,0.121652
163,27,0.090884
163,28,0.180757
163,29,0.192443
163,30,0.246664
163,31,0.235669
163,32,0.171563
163,33,0.070132
163,34,0.085041
163,35,0.214051
163,36,0.215737
163,37,0.161705
163,38,0.143213
163,39,0.072919
163,40,0.116840
163,41,0.177500
163,42,0.218613
163,43,0.281958
163,44,0.282572
163,45,0.278185
163,46,0.265586
163,47,0.250187
163,48,0.163201
163,49,0.097909
163,50,0.113417
163,51,0.091930
163,52,0.084681
163,53,0.055806
163,54,0.095819
163,55,0.137431
163,56,0.170188
163,57,0.138953
163,58,0.167936
163,59,0.160697
163,60,0.153191
163,61,0.107437
163,62,0.169679
163,63,0.221573
163,64,0.229127
163,65,0.129399
163,66,0.089828
163,67,0.098609
163,68,0.146302
163,69,0.120137
163,70,0.141642
163,71,0.162525
163,72,0.196739
163,73,0.237433
163,74,0.188207
163,75,0.207016
163,76,0.255854
163,77,0.192976
163,78,0.288238
163,79,0.254370
163,80,0.224040
163,81,0.285056
163,82,0.264398
163,83,0.294544
163,84,0.309691
163,85,0.273241
163,86,0.272141
163,87,0.278148
163,88,0.235338
163,89,0.234876
163,90,0.186143
163,91,0.110975
163,92,0.066024
163,93,0.083683
163,94,0.080617
163,95,0.141344
163,96,0.127356
163,97,0.192108
163,98,0.231367
163,99,0.239881
163,100,0.229298
163,101,0.237269
163,102,0.231741
163,103,0.181207
163,104,0.148872
163,105,0.212300
163,106,0.251923
163,107,0.270948
163,108,0.277234
163,109,0.271074
163,110,0.240985
163,111,0.211691
163,112,0.168762
163,113,0.127026
163,114,0.193873
163,115,0.146910
163,116,0.090516
163,117,0.070258
163,118,0.099409
163,119,0.176898
163,120,0.110899
163,121,0.230486
163,122,0.099536
163,123,0.156142
163,124,0.260528
163,125,0.386119
163,126,0.326700
163,127,0.218875
163,128,0.158304
163,129,0.115626
163,130,0.142468
163,131,0.142852
163,132,0.097351
163,133,0.188378
163,134,0.320167
163,135,0.227259
163,136,0.155483
163,137,0.166097
163,138,0.040976
163,139,0.018743
163,140,0.058128
163,141,0.121051
163,142,0.101765
163,143,0.128721
163,144,0.199434
163,145,0.151610
163,146,0.209126
163,147,0.222790
163,148,-0.087019
163,149,0.113753
163,150,0.287302
163,151,0.399873
163,152,0.484791
163,153,0.340998
163,154,0.360951
163,155,0.349273
163,156,0.432252
163,157,0.477687
163,158,0.454086
163,159,0.588460
163,160,0.722042
163,161,0.643532
163,162,0.849714
163,163,1.000000
163,164,0.794037
163,165,0.483509
163,166,0.280561
163,167,0.293951
163,168,0.199871
163,169,0.128539
163,170,0.072106
163,171,0.035868
163,172,0.135351
163,173,0.147153
163,174,0.108509
163,175,0.143225
163,176,0.255674
163,177,0.507019
163,178,0.407492
163,179,0.382918
163,180,0.345083
163,181,0.223131
163,182,0.232125
163,183,0.172355
163,184,0.203649
163,185,0.194559
163,186,0.090015
163,187,0.073056
163,188,0.018440
163,189,0.020046
163,190,0.011306
163,191,0.115880
163,192,0.126670
164,1,0.057194
164,2,0.096767
164,3,0.118748
164,4,0.097096
164,5,0.160327
164,6,0.181991
164,7,0.186641
164,8,0.215907
164,9,0.225801
164,10,0.186060
164,11,0.143766
164,12,0.083920
164,13,0.052938
164,14,0.021264
164,15,0.099313
164,16,0.169526
164,17,0.244844
164,18,0.199536
164,19,0.192451
164,20,0.221692
164,21,0.233922
164,22,0.272021
164,23,0.216280
164,24,0.164016
164,25,0.139924
164,26,0.060499
164,27,0.043480
164,28,0.115459
164,29,0.123748
164,30,0.172031
164,31,0.123033
164,32,0.082300
164,33,0.033700
164,34,0.054154
164,35,0.166545
164,36,0.118421
164,37,0.167189
164,38,0.160235
164,39,0.071742
164,40,0.116681
164,41,0.126280
164,42,0.164188
164,43,0.211305
164,44,0.213262
164,45,0.209839
164,46,0.195397
164,47,0.189149
164,48,0.121354
164,49,0.087574
164,50,0.094755
164,51,0.041781
164,52,0.028965
164,53,0.035322
164,54,0.044136
164,55,0.083516
164,56,0.115868
164,57,0.088260
164,58,0.108356
164,59,0.110848
164,60,0.094942
164,61,0.060514
164,62,0.093371
164,63,0.126423
164,64,0.160373
164,65,0.075326
164,66,0.030368
164,67,0.059678
164,68,0.124988
164,69,0.101831
164,70,0.124993
164,71,0.145997
164,72,0.130803
164,73,0.172695
164,74,0.118732
164,75,0.153399
164,76,0.195997
164,77,0.158254
164,78,0.242565
164,79,0.214238
164,80,0.204420
164,81,0.227915
164,82,0.217838
164,83,0.252477
164,84,0.243661
164,85,0.221081
164,86,0.237916
164,87,0.236951
164,88,0.189527
164,89,0.158474
164,90,0.141329
164,91,0.080836
164,92,0.044949
164,93,0.043454
164,94,0.045384
164,95,0.091405
164,96,0.090289
164,97,0.129432
164,98,0.152931
164,99,0.159476
164,100,0.160991
164,101,0.173909
164,102,0.166081
164,103,0.115803
164,104,0.092831
164,105,0.148869
164,106,0.188154
164,107,0.207612
164,108,0.207301
164,109,0.203029
164,110,0.176373
164,111,0.151821
164,112,0.146893
164,113,0.097181
164,114,0.124397
164,115,0.091976
164,116,0.056250
164,117,0.044267
164,118,0.086979
164,119,0.147126
164,120,0.115559
164,121,0.187727
164,122,0.082341
164,123,0.117156
164,124,0.168510
164,125,0.241314
164,126,0.201176
164,127,0.142325
164,128,0.097126
164,129,0.077277
164,130,0.090808
164,131,0.083557
164,132,0.050225
164,133,0.104135
164,134,0.197751
164,135,0.147791
164,136,0.100015
164,137,0.126360
164,138,0.049395
164,139,0.033467
164,140,0.039421
164,141,0.092717
164,142,0.076102
164,143,0.106611
164,144,0.156193
164,145,0.119751
164,146,0.161650
164,147,0.190726
164,148,-0.111212
164,149,0.096058
164,150,0.330116
164,151,0.421966
164,152,0.450417
164,153,0.300916
164,154,0.270885
164,155,0.224030
164,156,0.292824
164,157,0.363222
164,158,0.315643
164,159,0.400723
164,160,0.520064
164,161,0.441388
164,162,0.586886
164,163,0.794037
164,164,1.000000
164,165,0.552723
164,166,0.286475
164,167,0.347129
164,168,0.266687
164,169,0.173512
164,170,0.025886
164,171,0.011770
164,172,0.094642
164,173,0.105250
164,174,0.068437
164,175,0.115280
164,176,0.219774
164,177,0.338196
164,178,0.259207
164,179,0.243293
164,180,0.231602
164,181,0.150976
164,182,0.156044
164,183,0.128365
164,184,0.160021
164,185,0.164926
164,186,0.082031
164,187,0.062440
164,188,0.018612
164,189,0.000145
164,190,-0.002418
164,191,0.084021
164,192,0.092527
165,1,0.057833
165,2,0.140537
165,3,0.179660
165,4,0.142551
165,5,0.207057
165,6,0.234073
165,7,0.200091
165,8,0.221128
165,9,0.246123
165,10,0.239190
165,11,0.214185
165,12,0.146032
165,13,0.081142
165,14,0.043106
165,15,0.133219
165,16,0.209560
165,17,0.301818
165,18,0.252967
165,19,0.238904
165,20,0.273572
165,21,0.294681
165,22,0.298043
165,23,0.246357
165,24,0.209122
165,25,0.186953
165,26,0.116615
165,27,0.080269
165,28,0.147531
165,29,0.159774
165,30,0.194508
165,31,0.178839
165,32,0.121129
165,33,0.089959
165,34,0.088720
165,35,0.135495
165,36,0.089666
165,37,0.098229
165,38,0.127434
165,39,0.087526
165,40,0.137479
165,41,0.172595
165,42,0.195837
165,43,0.239476
165,44,0.242522
165,45,0.256681
165,46,0.232087
165,47,0.228210
165,48,0.144817
165,49,0.070984
165,50,0.082853
165,51,0.067730
165,52,0.089008
165,53,0.056696
165,54,0.064407
165,55,0.126026
165,56,0.140767
165,57,0.100745
165,58,0.109433
165,59,0.123966
165,60,0.137105
165,61,0.137845
165,62,0.184939
165,63,0.219748
165,64,0.226045
165,65,0.127019
165,66,0.109487
165,67,0.098184
165,68,0.138593
165,69,0.086191
165,70,0.110214
165,71,0.141814
165,72,0.185954
165,73,0.215564
165,74,0.186240
165,75,0.203562
165,76,0.251470
165,77,0.191621
165,78,0.282675
165,79,0.246594
165,80,0.215283
165,81,0.258118
165,82,0.226148
165,83,0.261154
165,84,0.264407
165,85,0.242714
165,86,0.221551
165,87,0.228957
165,88,0.193749
165,89,0.182049
165,90,0.154342
165,91,0.096240
165,92,0.105158
165,93,0.099626
165,94,0.098197
165,95,0.151165
165,96,0.169874
165,97,0.215089
165,98,0.210729
165,99,0.235730
165,100,0.241191
165,101,0.248209
165,102,0.237975
165,103,0.204240
165,104,0.144850
165,105,0.198365
165,106,0.253956
165,107,0.275884
165,108,0.253240
165,109,0.254115
165,110,0.217158
165,111,0.194507
165,112,0.143033
165,113,0.092516
165,114,0.117031
165,115,0.107394
165,116,0.083078
165,117,0.056632
165,118,0.082466
165,119,0.119232
165,120,0.106384
165,121,0.176512
165,122,0.085433
165,123,0.086013
165,124,0.140998
165,125,0.204151
165,126,0.192416
165,127,0.163220
165,128,0.096314
165,129,0.095308
165,130,0.115488
165,131,0.101549
165,132,0.073229
165,133,0.104388
165,134,0.156325
165,135,0.140232
165,136,0.091921
165,137,0.125968
165,138,0.047516
165,139,0.048550
165,140,0.076011
165,141,0.153525
165,142,0.137120
165,143,0.166523
165,144,0.274650
165,145,0.234039
165,146,0.228102
165,147,0.247420
165,148,-0.004481
165,149,0.152298
165,150,0.292853
165,151,0.334256
165,152,0.308748
165,153,0.210707
165,154,0.147287
165,155,0.120096
165,156,0.159174
165,157,0.221992
165,158,0.212734
165,159,0.270598
165,160,0.348704
165,161,0.340050
165,162,0.426968
165,163,0.483509
165,164,0.552723
165,165,1.000000
165,166,0.595625
165,167,0.416755
165,168,0.298649
165,169,0.207308
165,170,0.159457
165,171,0.174296
165,172,0.239852
165,173,0.214874
165,174,0.145912
165,175,0.158732
165,176,0.207540
165,177,0.270785
165,178,0.206752
165,179,0.204762
165,180,0.182105
165,181,0.152647
165,182,0.179268
165,183,0.174299
165,184,0.192959
165,185,0.198730
165,186,0.135622
165,187,0.129185
165,188,0.081245
165,189,0.056314
165,190,0.056883
165,191,0.098206
165,192,0.094501
166,1,0.081582
166,2,0.157169
166,3,0.166886
166,4,0.123894
166,5,0.158536
166,6,0.181640
166,7,0.151590
166,8,0.145163
166,9,0.178571
166,10,0.186049
166,11,0.175440
166,12,0.146515
166,13,0.093908
166,14,0.089831
166,15,0.141841
166,16,0.212569
166,17,0.290018
166,18,0.248743
166,19,0.240275
166,20,0.265347
166,21,0.281032
166,22,0.277962
166,23,0.237601
166,24,0.218398
166,25,0.199370
166,26,0.160395
166,27,0.115424
166,28,0.159077
166,29,0.135139
166,30,0.139752
166,31,0.161736
166,32,0.163139
166,33,0.091425
166,34,0.086205
166,35,0.101103
166,36,0.023111
166,37,0.041276
166,38,0.104707
166,39,0.119375
166,40,0.174481
166,41,0.182504
166,42,0.210584
166,43,0.284513
166,44,0.297258
166,45,0.316958
166,46,0.289217
166,47,0.273476
166,48,0.160006
166,49,0.084319
166,50,0.131687
166,51,0.050200
166,52,0.069581
166,53,0.075845
166,54,0.070641
166,55,0.097203
166,56,0.104427
166,57,0.093914
166,58,0.094948
166,59,0.144562
166,60,0.170446
166,61,0.188486
166,62,0.272115
166,63,0.294481
166,64,0.274553
166,65,0.192964
166,66,0.146562
166,67,0.125698
166,68,0.131697
166,69,0.025493
166,70,0.060264
166,71,0.140437
166,72,0.246950
166,73,0.262485
166,74,0.252177
166,75,0.247740
166,76,0.296103
166,77,0.221090
166,78,0.313564
166,79,0.260828
166,80,0.225073
166,81,0.265602
166,82,0.220878
166,83,0.257516
166,84,0.276256
166,85,0.235454
166,86,0.200837
166,87,0.199774
166,88,0.181137
166,89,0.202750
166,90,0.159827
166,91,0.109617
166,92,0.083679
166,93,0.097001
166,94,0.090497
166,95,0.146267
166,96,0.177672
166,97,0.211216
166,98,0.246464
166,99,0.294856
166,100,0.327294
166,101,0.316393
166,102,0.286535
166,103,0.242447
166,104,0.127486
166,105,0.212074
166,106,0.303744
166,107,0.337037
166,108,0.289664
166,109,0.264717
166,110,0.180964
166,111,0.154086
166,112,0.143878
166,113,0.023869
166,114,0.071032
166,115,0.063380
166,116,0.042751
166,117,0.045323
166,118,0.050754
166,119,0.053077
166,120,0.034629
166,121,0.109746
166,122,0.051257
166,123,0.062059
166,124,0.086403
166,125,0.123085
166,126,0.106702
166,127,0.118856
166,128,0.081094
166,129,0.075232
166,130,0.045048
166,131,0.106660
166,132,0.068427
166,133,0.051529
166,134,0.068117
166,135,0.070983
166,136,0.055887
166,137,0.068168
166,138,0.031051
166,139,0.031748
166,140,0.073805
166,141,0.112823
166,142,0.150772
166,143,0.203228
166,144,0.286461
166,145,0.240291
166,146,0.280012
166,147,0.289678
166,148,-0.013304
166,149,0.047335
166,150,0.102888
166,151,0.167932
166,152,0.159716
166,153,0.096270
166,154,0.096216
166,155,0.094985
166,156,0.121280
166,157,0.154091
166,158,0.158955
166,159,0.187429
166,160,0.221172
166,161,0.222314
166,162,0.248483
166,163,0.280561
166,164,0.286475
166,165,0.595625
166,166,1.000000
166,167,0.603301
166,168,0.400049
166,169,0.280979
166,170,0.265102
166,171,0.241550
166,172,0.303448
166,173,0.271129
166,174,0.206892
166,175,0.153247
166,176,0.156472
166,177,0.176071
166,178,0.135624
166,179,0.123888
166,180,0.098450
166,181,0.114026
166,182,0.139001
166,183,0.156713
166,184,0.156952
166,185,0.149547
166,186,0.117878
166,187,0.100340
166,188,0.067141
166,189,0.037457
166,190,0.050316
166,191,0.017415
166,192,0.024908
167,1,0.055569
167,2,0.125793
167,3,0.083882
167,4,0.029488
167,5,0.097994
167,6,0.100948
167,7,0.097391
167,8,0.138196
167,9,0.141589
167,10,0.129442
167,11,0.085634
167,12,0.093812
167,13,0.052578
167,14,0.031849
167,15,0.055504
167,16,0.095153
167,17,0.137595
167,18,0.112762
167,19,0.111737
167,20,0.127828
167,21,0.143303
167,22,0.157007
167,23,0.114936
167,24,0.113228
167,25,0.096177
167,26,0.076700
167,27,0.028351
167,28,0.078381
167,29,0.078734
167,30,0.091257
167,31,0.047216
167,32,0.055275
167,33,0.040170
167,34,0.016507
167,35,0.047234
167,36,0.016535
167,37,0.169688
167,38,0.220021
167,39,0.069358
167,40,0.170234
167,41,0.091683
167,42,0.091141
167,43,0.171027
167,44,0.189177
167,45,0.197247
167,46,0.177859
167,47,0.152652
167,48,0.063286
167,49,0.052413
167,50,0.080731
167,51,0.019770
167,52,0.025898
167,53,0.032842
167,54,0.018100
167,55,0.055799
167,56,0.072109
167,57,0.029118
167,58,0.005206
167,59,0.055589
167,60,0.072595
167,61,0.098389
167,62,0.146539
167,63,0.163094
167,64,0.194692
167,65,0.148771
167,66,0.110257
167,67,0.096796
167,68,0.199665
167,69,0.145367
167,70,0.162702
167,71,0.200899
167,72,0.211290
167,73,0.220349
167,74,0.210799
167,75,0.216012
167,76,0.222869
167,77,0.179327
167,78,0.247286
167,79,0.208147
167,80,0.187799
167,81,0.182076
167,82,0.188164
167,83,0.225383
167,84,0.209667
167,85,0.201208
167,86,0.196835
167,87,0.202339
167,88,0.165560
167,89,0.140131
167,90,0.115111
167,91,0.058624
167,92,0.044089
167,93,0.062882
167,94,0.057524
167,95,0.093496
167,96,0.098041
167,97,0.101775
167,98,0.145626
167,99,0.183077
167,100,0.236228
167,101,0.218205
167,102,0.194066
167,103,0.160743
167,104,0.082503
167,105,0.133480
167,106,0.201507
167,107,0.227628
167,108,0.165564
167,109,0.125743
167,110,0.083650
167,111,0.084597
167,112,0.154919
167,113,0.010656
167,114,-0.019476
167,115,-0.032297
167,116,-0.053160
167,117,-0.021006
167,118,-0.011141
167,119,0.020725
167,120,0.008778
167,121,0.095115
167,122,0.041765
167,123,0.074181
167,124,0.089138
167,125,0.107927
167,126,0.116570
167,127,0.126312
167,128,0.093382
167,129,0.085216
167,130,0.106162
167,131,0.137277
167,132,0.048721
167,133,0.021199
167,134,0.087201
167,135,0.108475
167,136,0.026339
167,137,0.036479
167,138,0.011334
167,139,0.014826
167,140,0.005871
167,141,0.024876
167,142,0.075257
167,143,0.122955
167,144,0.160314
167,145,0.117913
167,146,0.168578
167,147,0.197177
167,148,-0.087548
167,149,0.027711
167,150,0.137273
167,151,0.186932
167,152,0.183568
167,153,0.118244
167,154,0.076324
167,155,0.064514
167,156,0.103033
167,157,0.143318
167,158,0.124156
167,159,0.164169
167,160,0.209604
167,161,0.199526
167,162,0.241412
167,163,0.293951
167,164,0.347129
167,165,0.416755
167,166,0.603301
167,167,1.000000
167,168,0.821981
167,169,0.557815
167,170,0.242060
167,171,0.124043
167,172,0.148843
167,173,0.125639
167,174,0.108151
167,175,0.046289
167,176,0.069253
167,177,0.106119
167,178,0.079559
167,179,0.087555
167,180,0.054719
167,181,0.024836
167,182,0.040664
167,183,0.110920
167,184,0.149756
167,185,0.155798
167,186,0.087718
167,187,0.050934
167,188,0.026904
167,189,0.013629
167,190,0.024687
167,191,-0.026313
167,192,-0.063103
168,1,0.021075
168,2,0.070044
168,3,0.025301
168,4,-0.028928
168,5,0.063969
168,6,0.061826
168,7,0.073107
168,8,0.112840
168,9,0.102449
168,10,0.085500
168,11,0.034529
168,12,0.038927
168,13,-0.001671
168,14,-0.032751
168,15,0.002058
168,16,0.039616
168,17,0.060722
168,18,0.039121
168,19,0.046538
168,20,0.059439
168,21,0.084419
168,22,0.073484
168,23,0.053525
168,24,0.060830
168,25,0.031044
168,26,0.006044
168,27,-0.041836
168,28,0.008664
168,29,0.017405
168,30,0.038102
168,31,-0.005111
168,32,-0.010312
168,33,0.004057
168,34,-0.011426
168,35,0.007858
168,36,-0.018487
168,37,0.202941
168,38,0.231727
168,39,0.025109
168,40,0.148490
168,41,0.052715
168,42,0.045563
168,43,0.112617
168,44,0.119730
168,45,0.123539
168,46,0.108123
168,47,0.080603
168,48,0.019913
168,49,0.005108
168,50,0.022653
168,51,-0.014269
168,52,0.016067
168,53,0.043600
168,54,0.000560
168,55,0.025313
168,56,0.034761
168,57,-0.040897
168,58,-0.045392
168,59,0.008642
168,60,0.016809
168,61,0.048713
168,62,0.079958
168,63,0.079815
168,64,0.116353
168,65,0.085944
168,66,0.071853
168,67,0.056124
168,68,0.186437
168,69,0.141807
168,70,0.152989
168,71,0.183070
168,72,0.199438
168,73,0.214137
168,74,0.161799
168,75,0.186119
168,76,0.155809
168,77,0.129128
168,78,0.185773
168,79,0.148315
168,80,0.139807
168,81,0.130773
168,82,0.136083
168,83,0.180227
168,84,0.153046
168,85,0.151000
168,86,0.151650
168,87,0.159323
168,88,0.127620
168,89,0.098519
168,90,0.063827
168,91,0.028409
168,92,0.014833
168,93,0.023335
168,94,0.022030
168,95,0.049792
168,96,0.043490
168,97,0.042101
168,98,0.086037
168,99,0.113844
168,100,0.152697
168,101,0.141953
168,102,0.132226
168,103,0.105809
168,104,0.051399
168,105,0.098530
168,106,0.135066
168,107,0.150444
168,108,0.087789
168,109,0.054422
168,110,0.030661
168,111,0.056591
168,112,0.132698
168,113,-0.033150
168,114,-0.075617
168,115,-0.089953
168,116,-0.093744
168,117,-0.070962
168,118,-0.044965
168,119,-0.011607
168,120,-0.001447
168,121,0.086577
168,122,0.044016
168,123,0.055038
168,124,0.056466
168,125,0.055702
168,126,0.080138
168,127,0.094903
168,128,0.061670
168,129,0.051374
168,130,0.080677
168,131,0.125065
168,132,0.038076
168,133,0.004363
168,134,0.038148
168,135,0.096920
168,136,0.026862
168,137,0.033129
168,138,0.022136
168,139,0.029705
168,140,-0.026836
168,141,-0.030353
168,142,0.005145
168,143,0.045190
168,144,0.064057
168,145,0.040463
168,146,0.072755
168,147,0.104444
168,148,-0.095516
168,149,0.012921
168,150,0.131583
168,151,0.176205
168,152,0.162717
168,153,0.097935
168,154,0.046731
168,155,0.019751
168,156,0.057416
168,157,0.105872
168,158,0.066743
168,159,0.093077
168,160,0.132350
168,161,0.116808
168,162,0.155338
168,163,0.199871
168,164,0.266687
168,165,0.298649
168,166,0.400049
168,167,0.821981
168,168,1.000000
168,169,0.618346
168,170,0.223078
168,171,0.066197
168,172,0.038808
168,173,0.040681
168,174,0.041209
168,175,-0.004664
168,176,0.009596
168,177,0.046049
168,178,0.029546
168,179,0.035875
168,180,0.005527
168,181,-0.030021
168,182,-0.017335
168,183,0.060883
168,184,0.107499
168,185,0.131436
168,186,0.074340
168,187,0.030848
168,188,0.025647
168,189,0.008387
168,190,0.030432
168,191,-0.053647
168,192,-0.092890
169,1,0.019747
169,2,0.081362
169,3,0.060368
169,4,-0.004199
169,5,0.069562
169,6,0.058381
169,7,0.055276
169,8,0.087212
169,9,0.102825
169,10,0.072213
169,11,0.046206
169,12,0.069964
169,13,0.024461
169,14,-0.014153
169,15,-0.040536
169,16,-0.022717
169,17,0.075566
169,18,0.088012
169,19,0.093832
169,20,0.096923
169,21,0.091498
169,22,0.072453
169,23,-0.000625
169,24,0.017364
169,25,-0.008094
169,26,0.019967
169,27,0.014368
169,28,0.046544
169,29,0.039422
169,30,0.047537
169,31,-0.022964
169,32,-0.006436
169,33,-0.029692
169,34,-0.010730
169,35,0.064828
169,36,0.015069
169,37,0.201656
169,38,0.224991
169,39,0.078109
169,40,0.159947
169,41,0.004445
169,42,-0.000256
169,43,0.084058
169,44,0.107047
169,45,0.123284
169,46,0.100945
169,47,0.099936
169,48,0.017588
169,49,0.000246
169,50,0.020897
169,51,-0.023997
169,52,0.014413
169,53,0.050372
169,54,0.047513
169,55,0.062271
169,56,0.022914
169,57,-0.003591
169,58,-0.020462
169,59,0.049414
169,60,0.060979
169,61,0.081986
169,62,0.080784
169,63,0.118043
169,64,0.128271
169,65,0.093857
169,66,-0.026051
169,67,-0.024555
169,68,0.062297
169,69,0.070538
169,70,0.085070
169,71,0.137833
169,72,0.160229
169,73,0.210155
169,74,0.115872
169,75,0.194005
169,76,0.154793
169,77,0.127265
169,78,0.190367
169,79,0.124995
169,80,0.110149
169,81,0.080352
169,82,0.095187
169,83,0.132432
169,84,0.099250
169,85,0.098858
169,86,0.091981
169,87,0.104433
169,88,0.067058
169,89,0.049239
169,90,0.042885
169,91,0.005267
169,92,0.010783
169,93,0.036113
169,94,0.046991
169,95,0.049821
169,96,0.077127
169,97,0.083083
169,98,0.107467
169,99,0.142309
169,100,0.164041
169,101,0.154670
169,102,0.140737
169,103,0.096705
169,104,0.074722
169,105,0.115135
169,106,0.139132
169,107,0.159711
169,108,0.095398
169,109,0.082477
169,110,0.058269
169,111,0.056503
169,112,0.158107
169,113,-0.041951
169,114,-0.085570
169,115,-0.080874
169,116,-0.082101
169,117,-0.048839
169,118,-0.019712
169,119,0.000772
169,120,-0.009058
169,121,0.071342
169,122,0.025998
169,123,0.072786
169,124,0.066724
169,125,0.041923
169,126,0.047222
169,127,0.043530
169,128,0.028772
169,129,0.043175
169,130,0.075360
169,131,0.083768
169,132,-0.000979
169,133,-0.018991
169,134,0.009794
169,135,0.043627
169,136,-0.019099
169,137,0.052148
169,138,0.044671
169,139,0.034736
169,140,0.022248
169,141,-0.001954
169,142,0.006537
169,143,0.068087
169,144,0.046015
169,145,-0.022711
169,146,0.005687
169,147,0.063365
169,148,-0.112534
169,149,-0.051581
169,150,0.082385
169,151,0.119983
169,152,0.124813
169,153,0.072986
169,154,0.021466
169,155,0.001132
169,156,0.031744
169,157,0.065172
169,158,0.036187
169,159,0.062040
169,160,0.093203
169,161,0.070023
169,162,0.100931
169,163,0.128539
169,164,0.173512
169,165,0.207308
169,166,0.280979
169,167,0.557815
169,168,0.618346
169,169,1.000000
169,170,0.561704
169,171,0.331869
169,172,0.135736
169,173,0.157575
169,174,0.123465
169,175,0.033999
169,176,0.041901
169,177,0.055613
169,178,0.013772
169,179,-0.004225
169,180,-0.022758
169,181,-0.045890
169,182,-0.032157
169,183,0.054445
169,184,0.119549
169,185,0.183919
169,186,0.176462
169,187,0.168761
169,188,0.217231
169,189,0.231151
169,190,0.226753
169,191,0.036821
169,192,-0.076389
170,1,0.072345
170,2,0.127105
170,3,0.144424
170,4,0.104667
170,5,0.160628
170,6,0.181092
170,7,0.133150
170,8,0.129296
170,9,0.195545
170,10,0.184859
170,11,0.184023
170,12,0.146043
170,13,0.086232
170,14,0.052473
170,15,0.085974
170,16,0.142806
170,17,0.208741
170,18,0.192634
170,19,0.190491
170,20,0.219142
170,21,0.227890
170,22,0.200176
170,23,0.131916
170,24,0.137371
170,25,0.119759
170,26,0.129232
170,27,0.107712
170,28,0.136591
170,29,0.131717
170,30,0.129780
170,31,0.126747
170,32,0.112263
170,33,0.037196
170,34,0.030710
170,35,0.083691
170,36,0.004474
170,37,-0.035406
170,38,0.015862
170,39,0.022419
170,40,0.059755
170,41,0.046717
170,42,0.061897
170,43,0.122811
170,44,0.141610
170,45,0.172024
170,46,0.161356
170,47,0.156710
170,48,0.088729
170,49,0.041517
170,50,0.073543
170,51,0.037082
170,52,0.091365
170,53,0.084525
170,54,0.081165
170,55,0.106060
170,56,0.076022
170,57,0.070038
170,58,0.070612
170,59,0.121452
170,60,0.151083
170,61,0.156443
170,62,0.168322
170,63,0.213352
170,64,0.152572
170,65,0.116625
170,66,0.019008
170,67,-0.001401
170,68,0.015623
170,69,0.006883
170,70,0.020654
170,71,0.038312
170,72,0.164088
170,73,0.225554
170,74,0.119617
170,75,0.198733
170,76,0.165276
170,77,0.125262
170,78,0.196542
170,79,0.126198
170,80,0.076395
170,81,0.107043
170,82,0.075544
170,83,0.091549
170,84,0.104525
170,85,0.072041
170,86,0.008994
170,87,0.038481
170,88,0.035970
170,89,0.068761
170,90,0.052574
170,91,0.040903
170,92,0.075795
170,93,0.064785
170,94,0.078064
170,95,0.113220
170,96,0.128936
170,97,0.167103
170,98,0.174915
170,99,0.221477
170,100,0.224349
170,101,0.213865
170,102,0.201788
170,103,0.158518
170,104,0.127309
170,105,0.164953
170,106,0.189787
170,107,0.212371
170,108,0.178681
170,109,0.185003
170,110,0.165589
170,111,0.139655
170,112,0.140921
170,113,-0.032671
170,114,-0.001865
170,115,-0.011472
170,116,-0.031385
170,117,-0.030262
170,118,0.008019
170,119,-0.013281
170,120,-0.009027
170,121,0.067301
170,122,0.009404
170,123,0.026194
170,124,0.052326
170,125,0.093515
170,126,0.084684
170,127,0.056298
170,128,0.049982
170,129,0.016190
170,130,-0.006331
170,131,0.057619
170,132,0.067597
170,133,0.050856
170,134,0.056757
170,135,0.047569
170,136,0.015212
170,137,0.075177
170,138,0.020376
170,139,0.049337
170,140,0.114055
170,141,0.074776
170,142,0.097664
170,143,0.178361
170,144,0.179299
170,145,0.092268
170,146,0.114655
170,147,0.148559
170,148,0.024484
170,149,0.013096
170,150,-0.005894
170,151,0.007810
170,152,0.037238
170,153,0.025551
170,154,0.017769
170,155,0.022342
170,156,0.034328
170,157,0.062606
170,158,0.089419
170,159,0.096212
170,160,0.092859
170,161,0.089306
170,162,0.080907
170,163,0.072106
170,164,0.025886
170,165,0.159457
170,166,0.265102
170,167,0.242060
170,168,0.223078
170,169,0.561704
170,170,1.000000
170,171,0.602843
170,172,0.421782
170,173,0.394741
170,174,0.289346
170,175,0.124875
170,176,0.173752
170,177,0.142376
170,178,0.086899
170,179,0.074883
170,180,0.031439
170,181,0.040850
170,182,0.070008
170,183,0.086594
170,184,0.099170
170,185,0.140604
170,186,0.185071
170,187,0.220437
170,188,0.289632
170,189,0.323573
170,190,0.282123
170,191,0.180391
170,192,0.035763
171,1,0.071196
171,2,0.114559
171,3,0.139950
171,4,0.121556
171,5,0.144381
171,6,0.171349
171,7,0.108413
171,8,0.096254
171,9,0.147274
171,10,0.156435
171,11,0.178581
171,12,0.123365
171,13,0.072034
171,14,0.031757
171,15,0.084899
171,16,0.167422
171,17,0.286060
171,18,0.255852
171,19,0.248074
171,20,0.260301
171,21,0.282231
171,22,0.242003
171,23,0.188490
171,24,0.138331
171,25,0.114809
171,26,0.127181
171,27,0.111263
171,28,0.148841
171,29,0.132332
171,30,0.133777
171,31,0.088643
171,32,0.074580
171,33,0.016950
171,34,0.020742
171,35,0.092964
171,36,-0.020460
171,37,-0.040533
171,38,0.031660
171,39,0.073556
171,40,0.076380
171,41,0.073168
171,42,0.098254
171,43,0.171636
171,44,0.188186
171,45,0.220063
171,46,0.198737
171,47,0.195285
171,48,0.100219
171,49,0.076063
171,50,0.099985
171,51,0.040063
171,52,0.073007
171,53,0.075136
171,54,0.062191
171,55,0.087648
171,56,0.069618
171,57,0.083330
171,58,0.099108
171,59,0.153758
171,60,0.175582
171,61,0.169811
171,62,0.168463
171,63,0.218054
171,64,0.148769
171,65,0.103824
171,66,0.004882
171,67,0.003863
171,68,-0.018623
171,69,-0.057380
171,70,-0.048005
171,71,-0.022619
171,72,0.100253
171,73,0.153256
171,74,0.076383
171,75,0.159276
171,76,0.162615
171,77,0.151019
171,78,0.242155
171,79,0.186657
171,80,0.176585
171,81,0.166658
171,82,0.096967
171,83,0.135361
171,84,0.146465
171,85,0.098196
171,86,0.050243
171,87,0.071761
171,88,0.048763
171,89,0.077756
171,90,0.069357
171,91,0.043005
171,92,0.072411
171,93,0.046858
171,94,0.059347
171,95,0.099993
171,96,0.160412
171,97,0.194598
171,98,0.190382
171,99,0.247910
171,100,0.238975
171,101,0.238429
171,102,0.228065
171,103,0.170156
171,104,0.141995
171,105,0.182159
171,106,0.206681
171,107,0.244498
171,108,0.216643
171,109,0.217353
171,110,0.195305
171,111,0.171987
171,112,0.120373
171,113,-0.012135
171,114,0.000732
171,115,-0.004694
171,116,0.003525
171,117,-0.014132
171,118,0.032577
171,119,-0.010757
171,120,-0.035544
171,121,0.032500
171,122,-0.014349
171,123,-0.011669
171,124,0.006102
171,125,0.041528
171,126,0.020793
171,127,0.009083
171,128,-0.011305
171,129,-0.024702
171,130,-0.038230
171,131,0.008481
171,132,0.015150
171,133,0.009483
171,134,0.029551
171,135,0.020636
171,136,0.046815
171,137,0.103093
171,138,0.042097
171,139,0.099679
171,140,0.178720
171,141,0.097016
171,142,0.107499
171,143,0.176734
171,144,0.171075
171,145,0.101414
171,146,0.096641
171,147,0.114449
171,148,0.024723
171,149,0.005647
171,150,0.012316
171,151,0.034838
171,152,0.022388
171,153,0.009674
171,154,-0.008072
171,155,0.006029
171,156,0.015915
171,157,0.031186
171,158,0.044102
171,159,0.042350
171,160,0.040765
171,161,0.031206
171,162,0.049318
171,163,0.035868
171,164,0.011770
171,165,0.174296
171,166,0.241550
171,167,0.124043
171,168,0.066197
171,169,0.331869
171,170,0.602843
171,171,1.000000
171,172,0.641063
171,173,0.563591
171,174,0.528938
171,175,0.367856
171,176,0.306391
171,177,0.139080
171,178,0.087628
171,179,0.049503
171,180,0.041003
171,181,0.099068
171,182,0.176151
171,183,0.209248
171,184,0.174977
171,185,0.196990
171,186,0.275980
171,187,0.331514
171,188,0.360241
171,189,0.371892
171,190,0.324143
171,191,0.164106
171,192,0.094746
172,1,0.087507
172,2,0.154351
172,3,0.194158
172,4,0.177311
172,5,0.194448
172,6,0.226094
172,7,0.159533
172,8,0.136558
172,9,0.192048
172,10,0.208350
172,11,0.240896
172,12,0.165142
172,13,0.097594
172,14,0.087266
172,15,0.159144
172,16,0.237086
172,17,0.332271
172,18,0.302016
172,19,0.292163
172,20,0.312783
172,21,0.330399
172,22,0.307043
172,23,0.253312
172,24,0.203045
172,25,0.193562
172,26,0.169632
172,27,0.149463
172,28,0.197791
172,29,0.190127
172,30,0.183929
172,31,0.170723
172,32,0.143394
172,33,0.091601
172,34,0.100354
172,35,0.168483
172,36,0.058639
172,37,-0.035838
172,38,0.047152
172,39,0.127384
172,40,0.114833
172,41,0.133531
172,42,0.176952
172,43,0.231607
172,44,0.249970
172,45,0.264051
172,46,0.245535
172,47,0.240812
172,48,0.154447
172,49,0.113220
172,50,0.155727
172,51,0.064659
172,52,0.077268
172,53,0.049510
172,54,0.077469
172,55,0.123498
172,56,0.119538
172,57,0.124385
172,58,0.142858
172,59,0.186316
172,60,0.210068
172,61,0.194706
172,62,0.206427
172,63,0.242558
172,64,0.180244
172,65,0.141713
172,66,0.055816
172,67,0.059724
172,68,0.026179
172,69,-0.009776
172,70,-0.001558
172,71,0.014552
172,72,0.146599
172,73,0.177666
172,74,0.129257
172,75,0.177469
172,76,0.214293
172,77,0.177167
172,78,0.263510
172,79,0.219175
172,80,0.204721
172,81,0.215387
172,82,0.155474
172,83,0.198783
172,84,0.220365
172,85,0.177996
172,86,0.120819
172,87,0.141038
172,88,0.127092
172,89,0.156569
172,90,0.144421
172,91,0.116240
172,92,0.104131
172,93,0.070225
172,94,0.076984
172,95,0.123112
172,96,0.208665
172,97,0.240839
172,98,0.212199
172,99,0.265465
172,100,0.248297
172,101,0.247434
172,102,0.226692
172,103,0.176599
172,104,0.150747
172,105,0.204710
172,106,0.237090
172,107,0.269517
172,108,0.282759
172,109,0.284303
172,110,0.255923
172,111,0.237496
172,112,0.138339
172,113,0.037884
172,114,0.075474
172,115,0.087778
172,116,0.068239
172,117,0.029062
172,118,0.051286
172,119,0.034701
172,120,0.004976
172,121,0.067363
172,122,0.034318
172,123,0.004665
172,124,0.039474
172,125,0.092240
172,126,0.049021
172,127,0.026741
172,128,0.033273
172,129,0.022251
172,130,-0.011257
172,131,0.039296
172,132,0.052749
172,133,0.060674
172,134,0.073985
172,135,0.046750
172,136,0.085874
172,137,0.155492
172,138,0.068071
172,139,0.144121
172,140,0.260168
172,141,0.180649
172,142,0.173930
172,143,0.251177
172,144,0.260076
172,145,0.172116
172,146,0.173384
172,147,0.177037
172,148,0.028246
172,149,0.053903
172,150,0.052260
172,151,0.080480
172,152,0.080827
172,153,0.035732
172,154,0.039838
172,155,0.042691
172,156,0.065531
172,157,0.080192
172,158,0.084006
172,159,0.096600
172,160,0.117167
172,161,0.112461
172,162,0.148004
172,163,0.135351
172,164,0.094642
172,165,0.239852
172,166,0.303448
172,167,0.148843
172,168,0.038808
172,169,0.135736
172,170,0.421782
172,171,0.641063
172,172,1.000000
172,173,0.684284
172,174,0.513726
172,175,0.452579
172,176,0.433855
172,177,0.246860
172,178,0.189022
172,179,0.157795
172,180,0.142741
172,181,0.186970
172,182,0.248791
172,183,0.216618
172,184,0.158954
172,185,0.140308
172,186,0.154015
172,187,0.182106
172,188,0.173204
172,189,0.162556
172,190,0.139922
172,191,0.121128
172,192,0.127999
173,1,0.077848
173,2,0.122217
173,3,0.148455
173,4,0.135551
173,5,0.187914
173,6,0.224100
173,7,0.173219
173,8,0.153792
173,9,0.201377
173,10,0.194411
173,11,0.211308
173,12,0.137418
173,13,0.101271
173,14,0.062264
173,15,0.160581
173,16,0.259625
173,17,0.345074
173,18,0.303124
173,19,0.289076
173,20,0.310701
173,21,0.328692
173,22,0.315630
173,23,0.287000
173,24,0.222266
173,25,0.205441
173,26,0.149821
173,27,0.133636
173,28,0.168646
173,29,0.155425
173,30,0.165982
173,31,0.148796
173,32,0.112908
173,33,0.073689
173,34,0.093133
173,35,0.156586
173,36,0.058854
173,37,-0.025403
173,38,0.047510
173,39,0.076177
173,40,0.062611
173,41,0.138114
173,42,0.201643
173,43,0.278737
173,44,0.268815
173,45,0.320412
173,46,0.292599
173,47,0.279705
173,48,0.161797
173,49,0.110534
173,50,0.127619
173,51,0.052126
173,52,0.037284
173,53,0.050241
173,54,0.074189
173,55,0.093300
173,56,0.097703
173,57,0.108781
173,58,0.139298
173,59,0.164249
173,60,0.194861
173,61,0.177514
173,62,0.215792
173,63,0.280581
173,64,0.211652
173,65,0.180070
173,66,0.077534
173,67,0.075605
173,68,0.041285
173,69,-0.019247
173,70,-0.010102
173,71,-0.001370
173,72,0.132875
173,73,0.183695
173,74,0.114273
173,75,0.169641
173,76,0.220034
173,77,0.154735
173,78,0.291109
173,79,0.243840
173,80,0.224646
173,81,0.262486
173,82,0.208018
173,83,0.253691
173,84,0.262071
173,85,0.211641
173,86,0.175099
173,87,0.185847
173,88,0.159606
173,89,0.181080
173,90,0.151035
173,91,0.123034
173,92,0.123372
173,93,0.069266
173,94,0.066413
173,95,0.145032
173,96,0.231850
173,97,0.263560
173,98,0.256680
173,99,0.318895
173,100,0.292343
173,101,0.293971
173,102,0.267435
173,103,0.215079
173,104,0.182431
173,105,0.241265
173,106,0.272590
173,107,0.320994
173,108,0.314484
173,109,0.305956
173,110,0.274756
173,111,0.241345
173,112,0.148839
173,113,0.047203
173,114,0.079960
173,115,0.065996
173,116,0.030757
173,117,-0.003476
173,118,0.031935
173,119,0.015149
173,120,-0.020587
173,121,0.065315
173,122,0.014467
173,123,0.010778
173,124,0.059027
173,125,0.124021
173,126,0.074147
173,127,0.047129
173,128,0.039303
173,129,0.025988
173,130,-0.004790
173,131,0.035623
173,132,0.075013
173,133,0.092439
173,134,0.105136
173,135,0.082376
173,136,0.134078
173,137,0.188068
173,138,0.075493
173,139,0.104860
173,140,0.196236
173,141,0.132690
173,142,0.135877
173,143,0.185657
173,144,0.208359
173,145,0.159610
173,146,0.169343
173,147,0.155368
173,148,0.043668
173,149,0.058583
173,150,0.047778
173,151,0.075573
173,152,0.086260
173,153,0.033894
173,154,0.052878
173,155,0.052999
173,156,0.082404
173,157,0.092281
173,158,0.080898
173,159,0.101868
173,160,0.130894
173,161,0.112416
173,162,0.165043
173,163,0.147153
173,164,0.105250
173,165,0.214874
173,166,0.271129
173,167,0.125639
173,168,0.040681
173,169,0.157575
173,170,0.394741
173,171,0.563591
173,172,0.684284
173,173,1.000000
173,174,0.697835
173,175,0.457993
173,176,0.480640
173,177,0.289002
173,178,0.226804
173,179,0.202378
173,180,0.199425
173,181,0.244079
173,182,0.328662
173,183,0.300627
173,184,0.227652
173,185,0.186210
173,186,0.218032
173,187,0.230426
173,188,0.221821
173,189,0.207940
173,190,0.196295
173,191,0.176199
173,192,0.158287
174,1,0.070840
174,2,0.120670
174,3,0.120038
174,4,0.096195
174,5,0.137704
174,6,0.172396
174,7,0.137523
174,8,0.099506
174,9,0.141118
174,10,0.147189
174,11,0.175351
174,12,0.122811
174,13,0.100302
174,14,0.064066
174,15,0.149427
174,16,0.226739
174,17,0.308885
174,18,0.255289
174,19,0.241641
174,20,0.269351
174,21,0.300648
174,22,0.289336
174,23,0.266519
174,24,0.183678
174,25,0.158810
174,26,0.126991
174,27,0.133647
174,28,0.161502
174,29,0.142972
174,30,0.140870
174,31,0.107758
174,32,0.075799
174,33,0.049158
174,34,0.068281
174,35,0.112932
174,36,0.029721
174,37,-0.028699
174,38,0.043516
174,39,0.064769
174,40,0.048671
174,41,0.129516
174,42,0.178319
174,43,0.270495
174,44,0.265960
174,45,0.303329
174,46,0.270700
174,47,0.249341
174,48,0.158462
174,49,0.111814
174,50,0.123557
174,51,0.072525
174,52,0.040886
174,53,0.049941
174,54,0.067396
174,55,0.083811
174,56,0.103292
174,57,0.117232
174,58,0.142987
174,59,0.163445
174,60,0.191720
174,61,0.167493
174,62,0.183240
174,63,0.236143
174,64,0.185694
174,65,0.188823
174,66,0.098120
174,67,0.088884
174,68,0.041666
174,69,-0.020353
174,70,-0.005843
174,71,0.008762
174,72,0.085649
174,73,0.113547
174,74,0.071379
174,75,0.092468
174,76,0.167483
174,77,0.112870
174,78,0.253596
174,79,0.214892
174,80,0.224036
174,81,0.255283
174,82,0.225276
174,83,0.260338
174,84,0.268676
174,85,0.215157
174,86,0.186529
174,87,0.186470
174,88,0.164166
174,89,0.176539
174,90,0.157862
174,91,0.131192
174,92,0.127245
174,93,0.086520
174,94,0.078293
174,95,0.142279
174,96,0.213791
174,97,0.236155
174,98,0.232144
174,99,0.285553
174,100,0.265760
174,101,0.269262
174,102,0.240143
174,103,0.201162
174,104,0.135556
174,105,0.193559
174,106,0.237944
174,107,0.296136
174,108,0.289015
174,109,0.269995
174,110,0.226576
174,111,0.210493
174,112,0.118514
174,113,0.033716
174,114,0.052128
174,115,0.041322
174,116,0.021617
174,117,-0.003949
174,118,0.032165
174,119,0.005569
174,120,-0.015457
174,121,0.044369
174,122,0.017723
174,123,0.002521
174,124,0.019791
174,125,0.080879
174,126,0.026137
174,127,0.022186
174,128,0.021888
174,129,-0.008437
174,130,-0.018907
174,131,0.027392
174,132,0.055896
174,133,0.086549
174,134,0.113311
174,135,0.093782
174,136,0.159238
174,137,0.185310
174,138,0.086540
174,139,0.100533
174,140,0.169315
174,141,0.085268
174,142,0.102320
174,143,0.105528
174,144,0.131816
174,145,0.115277
174,146,0.127693
174,147,0.130658
174,148,0.042994
174,149,0.054013
174,150,0.035484
174,151,0.055581
174,152,0.062872
174,153,0.015257
174,154,0.027024
174,155,0.033305
174,156,0.057683
174,157,0.062412
174,158,0.054603
174,159,0.070231
174,160,0.097432
174,161,0.091472
174,162,0.129541
174,163,0.108509
174,164,0.068437
174,165,0.145912
174,166,0.206892
174,167,0.108151
174,168,0.041209
174,169,0.123465
174,170,0.289346
174,171,0.528938
174,172,0.513726
174,173,0.697835
174,174,1.000000
174,175,0.625818
174,176,0.483432
174,177,0.254428
174,178,0.211193
174,179,0.194279
174,180,0.204870
174,181,0.276010
174,182,0.392664
174,183,0.367532
174,184,0.270596
174,185,0.182493
174,186,0.227627
174,187,0.216145
174,188,0.162348
174,189,0.134863
174,190,0.123613
174,191,0.114421
174,192,0.110425
175,1,0.074454
175,2,0.119956
175,3,0.143642
175,4,0.117354
175,5,0.144427
175,6,0.159679
175,7,0.117719
175,8,0.107535
175,9,0.142421
175,10,0.156461
175,11,0.199954
175,12,0.125722
175,13,0.085588
175,14,0.034352
175,15,0.117912
175,16,0.213006
175,17,0.344794
175,18,0.285061
175,19,0.271290
175,20,0.290836
175,21,0.323013
175,22,0.309066
175,23,0.296580
175,24,0.180639
175,25,0.134938
175,26,0.110464
175,27,0.121723
175,28,0.170169
175,29,0.157070
175,30,0.164549
175,31,0.128054
175,32,0.081471
175,33,0.055494
175,34,0.078006
175,35,0.129536
175,36,0.068346
175,37,-0.027559
175,38,0.062147
175,39,0.096893
175,40,0.065812
175,41,0.126743
175,42,0.173304
175,43,0.240360
175,44,0.239721
175,45,0.274897
175,46,0.246766
175,47,0.246230
175,48,0.153041
175,49,0.112263
175,50,0.124377
175,51,0.086269
175,52,0.056743
175,53,0.048960
175,54,0.078691
175,55,0.111704
175,56,0.130163
175,57,0.135859
175,58,0.163038
175,59,0.194243
175,60,0.188027
175,61,0.157467
175,62,0.166636
175,63,0.209781
175,64,0.172045
175,65,0.143283
175,66,0.059849
175,67,0.066705
175,68,0.028274
175,69,-0.011843
175,70,0.003511
175,71,0.006758
175,72,0.064282
175,73,0.089224
175,74,0.055870
175,75,0.088185
175,76,0.143316
175,77,0.104020
175,78,0.216559
175,79,0.200613
175,80,0.233124
175,81,0.246951
175,82,0.205247
175,83,0.242369
175,84,0.243248
175,85,0.204709
175,86,0.173986
175,87,0.178072
175,88,0.142006
175,89,0.154352
175,90,0.142312
175,91,0.100649
175,92,0.089589
175,93,0.072094
175,94,0.046824
175,95,0.110644
175,96,0.193517
175,97,0.220340
175,98,0.189939
175,99,0.241698
175,100,0.220069
175,101,0.221421
175,102,0.192940
175,103,0.153991
175,104,0.110425
175,105,0.147630
175,106,0.182333
175,107,0.254419
175,108,0.270522
175,109,0.252630
175,110,0.210445
175,111,0.218909
175,112,0.116867
175,113,0.053785
175,114,0.077715
175,115,0.077189
175,116,0.041019
175,117,0.000494
175,118,0.032320
175,119,0.036589
175,120,0.025132
175,121,0.060162
175,122,0.044203
175,123,0.024679
175,124,0.045987
175,125,0.116493
175,126,0.065208
175,127,0.039993
175,128,0.039028
175,129,0.018626
175,130,0.014804
175,131,0.033176
175,132,0.050958
175,133,0.108127
175,134,0.158120
175,135,0.142355
175,136,0.199567
175,137,0.261631
175,138,0.133799
175,139,0.180092
175,140,0.240017
175,141,0.125252
175,142,0.101429
175,143,0.105915
175,144,0.112784
175,145,0.100901
175,146,0.103036
175,147,0.092419
175,148,-0.008769
175,149,0.034558
175,150,0.023722
175,151,0.052204
175,152,0.081972
175,153,0.048690
175,154,0.067660
175,155,0.077607
175,156,0.103436
175,157,0.104268
175,158,0.098531
175,159,0.121794
175,160,0.139874
175,161,0.136265
175,162,0.156942
175,163,0.143225
175,164,0.115280
175,165,0.158732
175,166,0.153247
175,167,0.046289
175,168,-0.004664
175,169,0.033999
175,170,0.124875
175,171,0.367856
175,172,0.452579
175,173,0.457993
175,174,0.625818
175,175,1.000000
175,176,0.675784
175,177,0.309357
175,178,0.229108
175,179,0.218330
175,180,0.202138
175,181,0.255235
175,182,0.389442
175,183,0.331326
175,184,0.228295
175,185,0.159368
175,186,0.182144
175,187,0.183511
175,188,0.103668
175,189,0.081247
175,190,0.066686
175,191,0.073259
175,192,0.093425
176,1,0.104072
176,2,0.148616
176,3,0.182338
176,4,0.151755
176,5,0.213820
176,6,0.227237
176,7,0.207629
176,8,0.218080
176,9,0.246345
176,10,0.230995
176,11,0.249894
176,12,0.160741
176,13,0.109485
176,14,0.053997
176,15,0.163534
176,16,0.258714
176,17,0.352742
176,18,0.287278
176,19,0.280895
176,20,0.316071
176,21,0.349430
176,22,0.330870
176,23,0.309818
176,24,0.216136
176,25,0.194755
176,26,0.127598
176,27,0.131108
176,28,0.189000
176,29,0.193594
176,30,0.213609
176,31,0.195625
176,32,0.118946
176,33,0.076213
176,34,0.101207
176,35,0.191587
176,36,0.163150
176,37,0.055420
176,38,0.084119
176,39,0.079391
176,40,0.064945
176,41,0.131459
176,42,0.179907
176,43,0.243849
176,44,0.241652
176,45,0.269392
176,46,0.244083
176,47,0.231875
176,48,0.152181
176,49,0.098649
176,50,0.109975
176,51,0.084654
176,52,0.086952
176,53,0.065229
176,54,0.112830
176,55,0.161648
176,56,0.149981
176,57,0.130548
176,58,0.166283
176,59,0.192689
176,60,0.200965
176,61,0.173331
176,62,0.184279
176,63,0.232626
176,64,0.195576
176,65,0.154764
176,66,0.061301
176,67,0.073293
176,68,0.044260
176,69,-0.012435
176,70,0.003233
176,71,0.017617
176,72,0.096983
176,73,0.132889
176,74,0.057809
176,75,0.103312
176,76,0.154865
176,77,0.103561
176,78,0.228490
176,79,0.195501
176,80,0.213189
176,81,0.235570
176,82,0.195743
176,83,0.240530
176,84,0.240911
176,85,0.206090
176,86,0.184118
176,87,0.196440
176,88,0.177909
176,89,0.189257
176,90,0.164470
176,91,0.110268
176,92,0.076033
176,93,0.067396
176,94,0.045115
176,95,0.120247
176,96,0.185258
176,97,0.213634
176,98,0.226788
176,99,0.255818
176,100,0.217626
176,101,0.219056
176,102,0.202684
176,103,0.160379
176,104,0.121634
176,105,0.162737
176,106,0.195665
176,107,0.240194
176,108,0.282739
176,109,0.275603
176,110,0.243227
176,111,0.247793
176,112,0.134763
176,113,0.111491
176,114,0.137422
176,115,0.122083
176,116,0.052976
176,117,0.022259
176,118,0.043294
176,119,0.069278
176,120,0.020585
176,121,0.123026
176,122,0.077045
176,123,0.034457
176,124,0.097612
176,125,0.222985
176,126,0.156732
176,127,0.074788
176,128,0.069655
176,129,0.036263
176,130,0.028975
176,131,0.067062
176,132,0.088246
176,133,0.161269
176,134,0.217965
176,135,0.179378
176,136,0.187457
176,137,0.284315
176,138,0.109813
176,139,0.136554
176,140,0.227110
176,141,0.169855
176,142,0.122482
176,143,0.102464
176,144,0.137352
176,145,0.113315
176,146,0.112304
176,147,0.088237
176,148,0.012394
176,149,0.083114
176,150,0.109643
176,151,0.166216
176,152,0.208267
176,153,0.125956
176,154,0.126726
176,155,0.110991
176,156,0.165248
176,157,0.166736
176,158,0.122975
176,159,0.186681
176,160,0.245630
176,161,0.194801
176,162,0.252758
176,163,0.255674
176,164,0.219774
176,165,0.207540
176,166,0.156472
176,167,0.069253
176,168,0.009596
176,169,0.041901
176,170,0.173752
176,171,0.306391
176,172,0.433855
176,173,0.480640
176,174,0.483432
176,175,0.675784
176,176,1.000000
176,177,0.456038
176,178,0.364033
176,179,0.316543
176,180,0.296396
176,181,0.282915
176,182,0.372422
176,183,0.267365
176,184,0.199992
176,185,0.151640
176,186,0.144522
176,187,0.141772
176,188,0.098540
176,189,0.091389
176,190,0.079357
176,191,0.124981
176,192,0.130011
177,1,0.047225
177,2,0.139866
177,3,0.208488
177,4,0.171589
177,5,0.246510
177,6,0.264526
177,7,0.257039
177,8,0.309476
177,9,0.352757
177,10,0.291316
177,11,0.282015
177,12,0.182831
177,13,0.126820
177,14,0.076957
177,15,0.179827
177,16,0.293648
177,17,0.365406
177,18,0.303963
177,19,0.305562
177,20,0.372485
177,21,0.394748
177,22,0.445690
177,23,0.379249
177,24,0.290656
177,25,0.276694
177,26,0.158116
177,27,0.131323
177,28,0.209481
177,29,0.228565
177,30,0.288012
177,31,0.305700
177,32,0.221854
177,33,0.115115
177,34,0.146506
177,35,0.247571
177,36,0.275986
177,37,0.130308
177,38,0.101466
177,39,0.090832
177,40,0.114899
177,41,0.200348
177,42,0.252114
177,43,0.307022
177,44,0.286108
177,45,0.303506
177,46,0.297546
177,47,0.288765
177,48,0.211747
177,49,0.098206
177,50,0.122418
177,51,0.137185
177,52,0.111765
177,53,0.059579
177,54,0.147820
177,55,0.185976
177,56,0.217433
177,57,0.167789
177,58,0.197768
177,59,0.184274
177,60,0.191088
177,61,0.166495
177,62,0.221878
177,63,0.273691
177,64,0.237629
177,65,0.177194
177,66,0.092617
177,67,0.104255
177,68,0.076920
177,69,0.037848
177,70,0.063231
177,71,0.078823
177,72,0.169587
177,73,0.210171
177,74,0.132093
177,75,0.160462
177,76,0.222736
177,77,0.143887
177,78,0.274329
177,79,0.232768
177,80,0.212087
177,81,0.294746
177,82,0.245666
177,83,0.284791
177,84,0.319030
177,85,0.283781
177,86,0.270596
177,87,0.288087
177,88,0.267746
177,89,0.291457
177,90,0.237551
177,91,0.178674
177,92,0.094810
177,93,0.105748
177,94,0.086687
177,95,0.145751
177,96,0.166748
177,97,0.220756
177,98,0.261699
177,99,0.273632
177,100,0.234139
177,101,0.268960
177,102,0.258643
177,103,0.212254
177,104,0.153173
177,105,0.209860
177,106,0.251870
177,107,0.268569
177,108,0.315477
177,109,0.316405
177,110,0.286937
177,111,0.247963
177,112,0.151930
177,113,0.164917
177,114,0.256575
177,115,0.198159
177,116,0.114588
177,117,0.084669
177,118,0.105173
177,119,0.150588
177,120,0.066677
177,121,0.177890
177,122,0.127830
177,123,0.178918
177,124,0.374172
177,125,0.529727
177,126,0.479317
177,127,0.297655
177,128,0.150829
177,129,0.143020
177,130,0.162669
177,131,0.155250
177,132,0.125505
177,133,0.307139
177,134,0.485055
177,135,0.309022
177,136,0.225199
177,137,0.269905
177,138,0.049260
177,139,0.049936
177,140,0.144223
177,141,0.156897
177,142,0.105924
177,143,0.075677
177,144,0.149651
177,145,0.125998
177,146,0.148371
177,147,0.128249
177,148,-0.027997
177,149,0.101309
177,150,0.170557
177,151,0.234472
177,152,0.318987
177,153,0.252086
177,154,0.253910
177,155,0.228644
177,156,0.305259
177,157,0.315482
177,158,0.278841
177,159,0.393922
177,160,0.491002
177,161,0.444234
177,162,0.559235
177,163,0.507019
177,164,0.338196
177,165,0.270785
177,166,0.176071
177,167,0.106119
177,168,0.046049
177,169,0.055613
177,170,0.142376
177,171,0.139080
177,172,0.246860
177,173,0.289002
177,174,0.254428
177,175,0.309357
177,176,0.456038
177,177,1.000000
177,178,0.737827
177,179,0.611279
177,180,0.515045
177,181,0.378199
177,182,0.367606
177,183,0.249126
177,184,0.249804
177,185,0.216687
177,186,0.127465
177,187,0.110813
177,188,0.058978
177,189,0.056968
177,190,0.052290
177,191,0.131479
177,192,0.130865
178,1,0.044497
178,2,0.127294
178,3,0.188097
178,4,0.157649
178,5,0.215640
178,6,0.227135
178,7,0.223092
178,8,0.257711
178,9,0.294936
178,10,0.253707
178,11,0.253936
178,12,0.169754
178,13,0.125066
178,14,0.088823
178,15,0.186650
178,16,0.293477
178,17,0.309399
178,18,0.242436
178,19,0.250378
178,20,0.319765
178,21,0.330492
178,22,0.398521
178,23,0.374055
178,24,0.292328
178,25,0.289429
178,26,0.158107
178,27,0.126520
178,28,0.200289
178,29,0.206240
178,30,0.260289
178,31,0.270231
178,32,0.203984
178,33,0.121656
178,34,0.153065
178,35,0.231524
178,36,0.256571
178,37,0.110513
178,38,0.054051
178,39,0.061858
178,40,0.082468
178,41,0.199019
178,42,0.234212
178,43,0.287388
178,44,0.257906
178,45,0.268526
178,46,0.252965
178,47,0.229701
178,48,0.179396
178,49,0.082047
178,50,0.105087
178,51,0.133289
178,52,0.133489
178,53,0.064257
178,54,0.152703
178,55,0.198460
178,56,0.207361
178,57,0.160073
178,58,0.183202
178,59,0.176965
178,60,0.176843
178,61,0.136316
178,62,0.160097
178,63,0.203879
178,64,0.181565
178,65,0.156884
178,66,0.119156
178,67,0.109387
178,68,0.054619
178,69,-0.004086
178,70,0.016871
178,71,0.043335
178,72,0.131076
178,73,0.171484
178,74,0.099052
178,75,0.113730
178,76,0.191111
178,77,0.116003
178,78,0.235643
178,79,0.203891
178,80,0.188464
178,81,0.260206
178,82,0.229813
178,83,0.276811
178,84,0.311232
178,85,0.269216
178,86,0.267498
178,87,0.284639
178,88,0.271810
178,89,0.292578
178,90,0.224369
178,91,0.174722
178,92,0.066556
178,93,0.090803
178,94,0.074009
178,95,0.124878
178,96,0.147583
178,97,0.170109
178,98,0.211699
178,99,0.216593
178,100,0.190143
178,101,0.241132
178,102,0.226009
178,103,0.187909
178,104,0.134636
178,105,0.183952
178,106,0.216555
178,107,0.223678
178,108,0.258173
178,109,0.257809
178,110,0.242003
178,111,0.199041
178,112,0.109156
178,113,0.154474
178,114,0.216921
178,115,0.185392
178,116,0.079309
178,117,0.065998
178,118,0.060197
178,119,0.152932
178,120,0.042934
178,121,0.134966
178,122,0.067082
178,123,0.079178
178,124,0.243390
178,125,0.419605
178,126,0.399733
178,127,0.213133
178,128,0.113024
178,129,0.106305
178,130,0.120093
178,131,0.133315
178,132,0.077143
178,133,0.267614
178,134,0.488280
178,135,0.257843
178,136,0.219075
178,137,0.218515
178,138,0.025182
178,139,0.001670
178,140,0.102304
178,141,0.125695
178,142,0.068361
178,143,0.026016
178,144,0.122824
178,145,0.136463
178,146,0.118615
178,147,0.096893
178,148,-0.017106
178,149,0.100006
178,150,0.151558
178,151,0.211464
178,152,0.292791
178,153,0.228787
178,154,0.227116
178,155,0.198273
178,156,0.275785
178,157,0.266344
178,158,0.206359
178,159,0.314210
178,160,0.406522
178,161,0.346678
178,162,0.443025
178,163,0.407492
178,164,0.259207
178,165,0.206752
178,166,0.135624
178,167,0.079559
178,168,0.029546
178,169,0.013772
178,170,0.086899
178,171,0.087628
178,172,0.189022
178,173,0.226804
178,174,0.211193
178,175,0.229108
178,176,0.364033
178,177,0.737827
178,178,1.000000
178,179,0.762864
178,180,0.548713
178,181,0.443517
178,182,0.401995
178,183,0.258845
178,184,0.239250
178,185,0.181866
178,186,0.102105
178,187,0.083040
178,188,0.016181
178,189,0.011184
178,190,0.014429
178,191,0.093404
178,192,0.121245
179,1,0.042190
179,2,0.112784
179,3,0.180135
179,4,0.151365
179,5,0.205259
179,6,0.206170
179,7,0.201482
179,8,0.263720
179,9,0.287490
179,10,0.246242
179,11,0.248987
179,12,0.169604
179,13,0.134199
179,14,0.085430
179,15,0.191221
179,16,0.286436
179,17,0.286465
179,18,0.213096
179,19,0.218147
179,20,0.283157
179,21,0.306746
179,22,0.383490
179,23,0.358049
179,24,0.265169
179,25,0.262648
179,26,0.142969
179,27,0.110017
179,28,0.189422
179,29,0.212387
179,30,0.256037
179,31,0.261238
179,32,0.207292
179,33,0.119449
179,34,0.127852
179,35,0.208692
179,36,0.275757
179,37,0.128556
179,38,0.066307
179,39,0.054558
179,40,0.067031
179,41,0.175426
179,42,0.202198
179,43,0.249110
179,44,0.218106
179,45,0.227191
179,46,0.205434
179,47,0.177278
179,48,0.135395
179,49,0.071861
179,50,0.099770
179,51,0.162160
179,52,0.131304
179,53,0.067789
179,54,0.140166
179,55,0.182877
179,56,0.206753
179,57,0.144017
179,58,0.159583
179,59,0.160003
179,60,0.177416
179,61,0.142622
179,62,0.145948
179,63,0.178525
179,64,0.163864
179,65,0.134160
179,66,0.117533
179,67,0.103335
179,68,0.068628
179,69,0.039425
179,70,0.067969
179,71,0.078668
179,72,0.114572
179,73,0.144875
179,74,0.099277
179,75,0.087662
179,76,0.158658
179,77,0.075806
179,78,0.206664
179,79,0.173149
179,80,0.148786
179,81,0.233186
179,82,0.198705
179,83,0.247950
179,84,0.281205
179,85,0.243554
179,86,0.261796
179,87,0.277383
179,88,0.262664
179,89,0.298828
179,90,0.222208
179,91,0.164830
179,92,0.051108
179,93,0.085509
179,94,0.064862
179,95,0.121418
179,96,0.127550
179,97,0.133398
179,98,0.190161
179,99,0.190373
179,100,0.168789
179,101,0.219556
179,102,0.204977
179,103,0.165979
179,104,0.111513
179,105,0.163035
179,106,0.197792
179,107,0.190907
179,108,0.226110
179,109,0.228790
179,110,0.230252
179,111,0.213492
179,112,0.094640
179,113,0.146149
179,114,0.201670
179,115,0.153278
179,116,0.063284
179,117,0.048969
179,118,0.044331
179,119,0.133134
179,120,0.027869
179,121,0.112478
179,122,0.071415
179,123,0.085676
179,124,0.246967
179,125,0.416309
179,126,0.385723
179,127,0.180831
179,128,0.131737
179,129,0.112232
179,130,0.119995
179,131,0.153019
179,132,0.122902
179,133,0.296804
179,134,0.577897
179,135,0.322428
179,136,0.238606
179,137,0.227520
179,138,0.049175
179,139,0.025129
179,140,0.094659
179,141,0.110820
179,142,0.064193
179,143,0.022430
179,144,0.104464
179,145,0.126602
179,146,0.113442
179,147,0.097416
179,148,-0.034165
179,149,0.088292
179,150,0.146868
179,151,0.206353
179,152,0.292545
179,153,0.232887
179,154,0.227333
179,155,0.203621
179,156,0.277532
179,157,0.264317
179,158,0.205156
179,159,0.320561
179,160,0.404222
179,161,0.339421
179,162,0.425410
179,163,0.382918
179,164,0.243293
179,165,0.204762
179,166,0.123888
179,167,0.087555
179,168,0.035875
179,169,-0.004225
179,170,0.074883
179,171,0.049503
179,172,0.157795
179,173,0.202378
179,174,0.194279
179,175,0.218330
179,176,0.316543
179,177,0.611279
179,178,0.762864
179,179,1.000000
179,180,0.650127
179,181,0.461891
179,182,0.467908
179,183,0.306787
179,184,0.260812
179,185,0.181711
179,186,0.114427
179,187,0.085352
179,188,0.014734
179,189,-0.005360
179,190,0.003275
179,191,0.081455
179,192,0.092216
180,1,0.047931
180,2,0.108485
180,3,0.167579
180,4,0.130478
180,5,0.182098
180,6,0.184874
180,7,0.170643
180,8,0.211817
180,9,0.238151
180,10,0.223958
180,11,0.230567
180,12,0.149010
180,13,0.149569
180,14,0.081756
180,15,0.162546
180,16,0.239305
180,17,0.251653
180,18,0.177797
180,19,0.179848
180,20,0.241601
180,21,0.271595
180,22,0.320019
180,23,0.286669
180,24,0.198535
180,25,0.212746
180,26,0.136769
180,27,0.114102
180,28,0.167463
180,29,0.189761
180,30,0.225735
180,31,0.227134
180,32,0.165640
180,33,0.103207
180,34,0.103348
180,35,0.153894
180,36,0.227251
180,37,0.091136
180,38,0.060505
180,39,0.060616
180,40,0.071939
180,41,0.135573
180,42,0.158588
180,43,0.196415
180,44,0.174815
180,45,0.183363
180,46,0.171629
180,47,0.150563
180,48,0.130454
180,49,0.091936
180,50,0.109094
180,51,0.135693
180,52,0.096460
180,53,0.053863
180,54,0.114059
180,55,0.150535
180,56,0.183282
180,57,0.152616
180,58,0.159661
180,59,0.144933
180,60,0.161995
180,61,0.119228
180,62,0.118519
180,63,0.151588
180,64,0.143786
180,65,0.126293
180,66,0.097416
180,67,0.093231
180,68,0.073771
180,69,0.034606
180,70,0.043932
180,71,0.022970
180,72,0.079990
180,73,0.100292
180,74,0.066555
180,75,0.061628
180,76,0.122332
180,77,0.055947
180,78,0.154528
180,79,0.134048
180,80,0.116649
180,81,0.185177
180,82,0.167116
180,83,0.206403
180,84,0.222743
180,85,0.187452
180,86,0.212612
180,87,0.219845
180,88,0.211738
180,89,0.242412
180,90,0.183494
180,91,0.125782
180,92,0.054156
180,93,0.067434
180,94,0.057434
180,95,0.099524
180,96,0.116359
180,97,0.129628
180,98,0.158892
180,99,0.161561
180,100,0.137838
180,101,0.166343
180,102,0.157469
180,103,0.128210
180,104,0.101000
180,105,0.131051
180,106,0.157781
180,107,0.159516
180,108,0.197681
180,109,0.190164
180,110,0.177625
180,111,0.175592
180,112,0.066778
180,113,0.132407
180,114,0.178360
180,115,0.152423
180,116,0.077518
180,117,0.047867
180,118,0.044047
180,119,0.139878
180,120,0.040731
180,121,0.121365
180,122,0.038580
180,123,0.037088
180,124,0.130461
180,125,0.265884
180,126,0.229793
180,127,0.113380
180,128,0.103880
180,129,0.070628
180,130,0.082705
180,131,0.128795
180,132,0.166012
180,133,0.270527
180,134,0.402763
180,135,0.266646
180,136,0.231279
180,137,0.193782
180,138,0.037930
180,139,0.004691
180,140,0.067045
180,141,0.099025
180,142,0.057923
180,143,0.037298
180,144,0.108532
180,145,0.121042
180,146,0.104687
180,147,0.088364
180,148,0.010561
180,149,0.116919
180,150,0.144619
180,151,0.207492
180,152,0.275979
180,153,0.214601
180,154,0.227655
180,155,0.195160
180,156,0.262408
180,157,0.258110
180,158,0.195347
180,159,0.283326
180,160,0.347964
180,161,0.282156
180,162,0.356704
180,163,0.345083
180,164,0.231602
180,165,0.182105
180,166,0.098450
180,167,0.054719
180,168,0.005527
180,169,-0.022758
180,170,0.031439
180,171,0.041003
180,172,0.142741
180,173,0.199425
180,174,0.204870
180,175,0.202138
180,176,0.296396
180,177,0.515045
180,178,0.548713
180,179,0.650127
180,180,1.000000
180,181,0.690989
180,182,0.530753
180,183,0.322698
180,184,0.251575
180,185,0.174410
180,186,0.094221
180,187,0.083353
180,188,0.004806
180,189,-0.013941
180,190,-0.002147
180,191,0.073302
180,192,0.100759
181,1,0.049509
181,2,0.107197
181,3,0.155002
181,4,0.125185
181,5,0.163052
181,6,0.181371
181,7,0.155218
181,8,0.152074
181,9,0.173893
181,10,0.176613
181,11,0.197022
181,12,0.130054
181,13,0.140055
181,14,0.078250
181,15,0.158302
181,16,0.230175
181,17,0.282945
181,18,0.220425
181,19,0.217960
181,20,0.253179
181,21,0.269073
181,22,0.263969
181,23,0.274885
181,24,0.189316
181,25,0.186182
181,26,0.124855
181,27,0.124130
181,28,0.168575
181,29,0.170542
181,30,0.181151
181,31,0.183905
181,32,0.133587
181,33,0.113198
181,34,0.112095
181,35,0.176072
181,36,0.140246
181,37,0.006559
181,38,0.058473
181,39,0.078553
181,40,0.058399
181,41,0.139945
181,42,0.158792
181,43,0.220584
181,44,0.206451
181,45,0.220070
181,46,0.205601
181,47,0.195777
181,48,0.166946
181,49,0.126020
181,50,0.153016
181,51,0.103988
181,52,0.083188
181,53,0.047157
181,54,0.109858
181,55,0.141530
181,56,0.152753
181,57,0.151289
181,58,0.172654
181,59,0.174786
181,60,0.180046
181,61,0.156614
181,62,0.126630
181,63,0.168546
181,64,0.132066
181,65,0.124198
181,66,0.076129
181,67,0.075062
181,68,0.067800
181,69,0.026709
181,70,0.044533
181,71,0.005469
181,72,0.075574
181,73,0.090630
181,74,0.067719
181,75,0.064194
181,76,0.140193
181,77,0.087882
181,78,0.166216
181,79,0.152770
181,80,0.138701
181,81,0.213564
181,82,0.201541
181,83,0.227978
181,84,0.238383
181,85,0.189674
181,86,0.186381
181,87,0.191128
181,88,0.186189
181,89,0.203930
181,90,0.170698
181,91,0.126739
181,92,0.082442
181,93,0.084818
181,94,0.074949
181,95,0.105894
181,96,0.175247
181,97,0.196454
181,98,0.174178
181,99,0.193842
181,100,0.159399
181,101,0.186281
181,102,0.165366
181,103,0.157917
181,104,0.138771
181,105,0.144997
181,106,0.165617
181,107,0.189579
181,108,0.222059
181,109,0.228613
181,110,0.190098
181,111,0.176772
181,112,0.110997
181,113,0.124881
181,114,0.156281
181,115,0.141014
181,116,0.067424
181,117,0.029015
181,118,0.064602
181,119,0.131767
181,120,0.074213
181,121,0.092853
181,122,0.037575
181,123,0.034573
181,124,0.115765
181,125,0.180365
181,126,0.133268
181,127,0.062657
181,128,0.058498
181,129,0.020204
181,130,0.012599
181,131,0.105326
181,132,0.162080
181,133,0.251684
181,134,0.293409
181,135,0.218453
181,136,0.202630
181,137,0.176928
181,138,0.031234
181,139,0.016742
181,140,0.090436
181,141,0.095054
181,142,0.074549
181,143,0.072528
181,144,0.144973
181,145,0.147013
181,146,0.124021
181,147,0.110420
181,148,0.020864
181,149,0.099518
181,150,0.091419
181,151,0.139342
181,152,0.179967
181,153,0.140166
181,154,0.162468
181,155,0.137975
181,156,0.175084
181,157,0.180169
181,158,0.146275
181,159,0.191941
181,160,0.219537
181,161,0.185157
181,162,0.233975
181,163,0.223131
181,164,0.150976
181,165,0.152647
181,166,0.114026
181,167,0.024836
181,168,-0.030021
181,169,-0.045890
181,170,0.040850
181,171,0.099068
181,172,0.186970
181,173,0.244079
181,174,0.276010
181,175,0.255235
181,176,0.282915
181,177,0.378199
181,178,0.443517
181,179,0.461891
181,180,0.690989
181,181,1.000000
181,182,0.690498
181,183,0.387356
181,184,0.272239
181,185,0.179616
181,186,0.118858
181,187,0.105747
181,188,0.028758
181,189,0.016333
181,190,0.020676
181,191,0.076813
181,192,0.127166
182,1,0.058667
182,2,0.127604
182,3,0.177119
182,4,0.123595
182,5,0.174598
182,6,0.206204
182,7,0.173056
182,8,0.182712
182,9,0.210659
182,10,0.215421
182,11,0.239087
182,12,0.162023
182,13,0.151050
182,14,0.078086
182,15,0.178228
182,16,0.261655
182,17,0.339225
182,18,0.261090
182,19,0.255991
182,20,0.296940
182,21,0.330006
182,22,0.336925
182,23,0.338104
182,24,0.222971
182,25,0.205912
182,26,0.125118
182,27,0.135855
182,28,0.207485
182,29,0.201801
182,30,0.217819
182,31,0.218193
182,32,0.152270
182,33,0.120714
182,34,0.115699
182,35,0.176479
182,36,0.159037
182,37,-0.015247
182,38,0.078234
182,39,0.102397
182,40,0.067319
182,41,0.169472
182,42,0.208065
182,43,0.273868
182,44,0.250289
182,45,0.275069
182,46,0.251967
182,47,0.241808
182,48,0.180013
182,49,0.132715
182,50,0.145605
182,51,0.141515
182,52,0.092401
182,53,0.076726
182,54,0.156129
182,55,0.178534
182,56,0.184126
182,57,0.169099
182,58,0.202623
182,59,0.206762
182,60,0.219895
182,61,0.176811
182,62,0.165960
182,63,0.205415
182,64,0.162186
182,65,0.159255
182,66,0.106332
182,67,0.107799
182,68,0.081440
182,69,0.054900
182,70,0.071999
182,71,0.019334
182,72,0.066864
182,73,0.088658
182,74,0.044987
182,75,0.055982
182,76,0.130850
182,77,0.084703
182,78,0.217633
182,79,0.178043
182,80,0.206722
182,81,0.277474
182,82,0.262868
182,83,0.318301
182,84,0.310967
182,85,0.255805
182,86,0.253516
182,87,0.251108
182,88,0.215048
182,89,0.229661
182,90,0.187966
182,91,0.131757
182,92,0.093534
182,93,0.078258
182,94,0.056894
182,95,0.103808
182,96,0.183515
182,97,0.215584
182,98,0.213056
182,99,0.250014
182,100,0.200910
182,101,0.222796
182,102,0.191845
182,103,0.165722
182,104,0.128435
182,105,0.168324
182,106,0.200267
182,107,0.241707
182,108,0.267958
182,109,0.262309
182,110,0.225403
182,111,0.215138
182,112,0.128008
182,113,0.116415
182,114,0.166321
182,115,0.127718
182,116,0.053842
182,117,0.000269
182,118,0.037098
182,119,0.097363
182,120,0.051049
182,121,0.117164
182,122,0.058171
182,123,0.035449
182,124,0.118008
182,125,0.218410
182,126,0.185449
182,127,0.078996
182,128,0.086412
182,129,0.001310
182,130,0.001969
182,131,0.154176
182,132,0.189419
182,133,0.287355
182,134,0.374405
182,135,0.315014
182,136,0.281545
182,137,0.238184
182,138,0.055240
182,139,0.050859
182,140,0.110809
182,141,0.089888
182,142,0.037703
182,143,0.029683
182,144,0.119239
182,145,0.129511
182,146,0.100030
182,147,0.091893
182,148,0.027548
182,149,0.105582
182,150,0.097649
182,151,0.131150
182,152,0.176562
182,153,0.118693
182,154,0.159269
182,155,0.163975
182,156,0.200750
182,157,0.199124
182,158,0.163364
182,159,0.212582
182,160,0.242757
182,161,0.200641
182,162,0.254310
182,163,0.232125
182,164,0.156044
182,165,0.179268
182,166,0.139001
182,167,0.040664
182,168,-0.017335
182,169,-0.032157
182,170,0.070008
182,171,0.176151
182,172,0.248791
182,173,0.328662
182,174,0.392664
182,175,0.389442
182,176,0.372422
182,177,0.367606
182,178,0.401995
182,179,0.467908
182,180,0.530753
182,181,0.690498
182,182,1.000000
182,183,0.660167
182,184,0.459751
182,185,0.292656
182,186,0.237454
182,187,0.208109
182,188,0.066387
182,189,0.021446
182,190,0.035209
182,191,0.083039
182,192,0.115262
183,1,0.060859
183,2,0.122521
183,3,0.155229
183,4,0.111968
183,5,0.137190
183,6,0.158707
183,7,0.125605
183,8,0.156853
183,9,0.172195
183,10,0.191776
183,11,0.203647
183,12,0.140043
183,13,0.115647
183,14,0.044818
183,15,0.122203
183,16,0.194759
183,17,0.301269
183,18,0.249981
183,19,0.241233
183,20,0.261100
183,21,0.289206
183,22,0.308407
183,23,0.285028
183,24,0.185380
183,25,0.152298
183,26,0.089775
183,27,0.109862
183,28,0.176682
183,29,0.168772
183,30,0.184338
183,31,0.154194
183,32,0.108674
183,33,0.124144
183,34,0.108052
183,35,0.137306
183,36,0.117483
183,37,-0.023636
183,38,0.100662
183,39,0.115664
183,40,0.128706
183,41,0.151000
183,42,0.169618
183,43,0.239221
183,44,0.228725
183,45,0.236208
183,46,0.211165
183,47,0.209787
183,48,0.126784
183,49,0.115122
183,50,0.125904
183,51,0.130726
183,52,0.048234
183,53,0.048614
183,54,0.122023
183,55,0.142156
183,56,0.162967
183,57,0.149234
183,58,0.160742
183,59,0.181405
183,60,0.184662
183,61,0.168576
183,62,0.139089
183,63,0.162204
183,64,0.138499
183,65,0.126493
183,66,0.089719
183,67,0.085729
183,68,0.076694
183,69,0.075735
183,70,0.084824
183,71,0.029470
183,72,0.026501
183,73,0.043794
183,74,0.037540
183,75,0.050799
183,76,0.111404
183,77,0.098698
183,78,0.234694
183,79,0.215365
183,80,0.277534
183,81,0.295087
183,82,0.307471
183,83,0.362460
183,84,0.312784
183,85,0.267348
183,86,0.280758
183,87,0.263890
183,88,0.196027
183,89,0.181532
183,90,0.131324
183,91,0.077058
183,92,0.057321
183,93,0.046738
183,94,0.030225
183,95,0.062907
183,96,0.149800
183,97,0.192850
183,98,0.165397
183,99,0.215516
183,100,0.187077
183,101,0.180329
183,102,0.161507
183,103,0.125732
183,104,0.089939
183,105,0.127319
183,106,0.156576
183,107,0.222596
183,108,0.217045
183,109,0.204791
183,110,0.163588
183,111,0.164039
183,112,0.111808
183,113,0.054453
183,114,0.102586
183,115,0.061097
183,116,0.004561
183,117,-0.024187
183,118,-0.006648
183,119,0.038244
183,120,0.004507
183,121,0.081092
183,122,0.019895
183,123,-0.004772
183,124,0.080309
183,125,0.169770
183,126,0.164426
183,127,0.098713
183,128,0.059443
183,129,0.004633
183,130,0.011968
183,131,0.183967
183,132,0.162902
183,133,0.203499
183,134,0.282456
183,135,0.258822
183,136,0.233455
183,137,0.165145
183,138,0.044128
183,139,0.063829
183,140,0.082818
183,141,0.059002
183,142,0.009629
183,143,0.012412
183,144,0.067396
183,145,0.060289
183,146,0.044890
183,147,0.037674
183,148,0.010542
183,149,0.053873
183,150,0.044250
183,151,0.083319
183,152,0.114425
183,153,0.083014
183,154,0.094427
183,155,0.123455
183,156,0.141646
183,157,0.151968
183,158,0.145500
183,159,0.182336
183,160,0.190959
183,161,0.161383
183,162,0.189048
183,163,0.172355
183,164,0.128365
183,165,0.174299
183,166,0.156713
183,167,0.110920
183,168,0.060883
183,169,0.054445
183,170,0.086594
183,171,0.209248
183,172,0.216618
183,173,0.300627
183,174,0.367532
183,175,0.331326
183,176,0.267365
183,177,0.249126
183,178,0.258845
183,179,0.306787
183,180,0.322698
183,181,0.387356
183,182,0.660167
183,183,1.000000
183,184,0.743931
183,185,0.513864
183,186,0.474923
183,187,0.410039
183,188,0.205343
183,189,0.134957
183,190,0.130822
183,191,0.062372
183,192,0.035407
184,1,0.062757
184,2,0.132806
184,3,0.155716
184,4,0.123584
184,5,0.140259
184,6,0.149298
184,7,0.138490
184,8,0.201597
184,9,0.216855
184,10,0.225067
184,11,0.205991
184,12,0.137567
184,13,0.100963
184,14,0.011670
184,15,0.082704
184,16,0.149150
184,17,0.265474
184,18,0.229160
184,19,0.223734
184,20,0.236974
184,21,0.254184
184,22,0.281611
184,23,0.257429
184,24,0.176204
184,25,0.142440
184,26,0.060321
184,27,0.072986
184,28,0.150402
184,29,0.159934
184,30,0.197351
184,31,0.156060
184,32,0.113639
184,33,0.104959
184,34,0.080877
184,35,0.112852
184,36,0.124397
184,37,0.011233
184,38,0.102819
184,39,0.072758
184,40,0.111896
184,41,0.094981
184,42,0.102817
184,43,0.167499
184,44,0.160017
184,45,0.169822
184,46,0.153973
184,47,0.162115
184,48,0.111683
184,49,0.098688
184,50,0.101786
184,51,0.113870
184,52,0.004074
184,53,0.025005
184,54,0.108711
184,55,0.093844
184,56,0.175430
184,57,0.150429
184,58,0.148951
184,59,0.161357
184,60,0.159637
184,61,0.127215
184,62,0.099263
184,63,0.117596
184,64,0.125403
184,65,0.103402
184,66,0.049020
184,67,0.060040
184,68,0.076645
184,69,0.050864
184,70,0.044888
184,71,-0.003779
184,72,-0.003755
184,73,0.028691
184,74,0.043075
184,75,0.051815
184,76,0.095116
184,77,0.087064
184,78,0.198606
184,79,0.183466
184,80,0.237367
184,81,0.263018
184,82,0.293385
184,83,0.353168
184,84,0.273809
184,85,0.245919
184,86,0.290215
184,87,0.258159
184,88,0.201567
184,89,0.183519
184,90,0.128774
184,91,0.074230
184,92,0.052990
184,93,0.043806
184,94,0.031354
184,95,0.031045
184,96,0.087250
184,97,0.132879
184,98,0.115172
184,99,0.159331
184,100,0.145131
184,101,0.136035
184,102,0.112769
184,103,0.072742
184,104,0.067681
184,105,0.092392
184,106,0.111890
184,107,0.167528
184,108,0.150677
184,109,0.122880
184,110,0.085051
184,111,0.090197
184,112,0.085218
184,113,0.025951
184,114,0.095233
184,115,0.042854
184,116,-0.007321
184,117,-0.049597
184,118,-0.048657
184,119,0.026365
184,120,-0.011087
184,121,0.084930
184,122,-0.000989
184,123,-0.002935
184,124,0.073386
184,125,0.173483
184,126,0.189385
184,127,0.116995
184,128,0.056379
184,129,0.012047
184,130,0.040686
184,131,0.211580
184,132,0.154284
184,133,0.185186
184,134,0.274739
184,135,0.248830
184,136,0.249824
184,137,0.198262
184,138,0.062132
184,139,0.047701
184,140,0.063617
184,141,0.063901
184,142,0.002903
184,143,0.016822
184,144,0.059716
184,145,0.047570
184,146,0.029035
184,147,0.027852
184,148,-0.055016
184,149,0.018210
184,150,0.064800
184,151,0.115693
184,152,0.150235
184,153,0.104517
184,154,0.100315
184,155,0.113200
184,156,0.135918
184,157,0.162409
184,158,0.158486
184,159,0.200265
184,160,0.218777
184,161,0.187226
184,162,0.218110
184,163,0.203649
184,164,0.160021
184,165,0.192959
184,166,0.156952
184,167,0.149756
184,168,0.107499
184,169,0.119549
184,170,0.099170
184,171,0.174977
184,172,0.158954
184,173,0.227652
184,174,0.270596
184,175,0.228295
184,176,0.199992
184,177,0.249804
184,178,0.239250
184,179,0.260812
184,180,0.251575
184,181,0.272239
184,182,0.459751
184,183,0.743931
184,184,1.000000
184,185,0.785225
184,186,0.638537
184,187,0.513161
184,188,0.300027
184,189,0.229763
184,190,0.224378
184,191,0.136054
184,192,0.024287
185,1,0.074915
185,2,0.129613
185,3,0.148231
185,4,0.103437
185,5,0.112379
185,6,0.123788
185,7,0.117831
185,8,0.182927
185,9,0.196700
185,10,0.209991
185,11,0.190945
185,12,0.141721
185,13,0.074797
185,14,-0.044080
185,15,0.023279
185,16,0.094001
185,17,0.272214
185,18,0.257670
185,19,0.258054
185,20,0.269626
185,21,0.277966
185,22,0.275140
185,23,0.215134
185,24,0.148459
185,25,0.089435
185,26,0.029710
185,27,0.064495
185,28,0.148516
185,29,0.166634
185,30,0.184550
185,31,0.112148
185,32,0.075574
185,33,0.050377
185,34,0.060098
185,35,0.105129
185,36,0.117211
185,37,0.072805
185,38,0.105922
185,39,0.064230
185,40,0.105117
185,41,0.072324
185,42,0.080306
185,43,0.139246
185,44,0.137086
185,45,0.143756
185,46,0.130200
185,47,0.138346
185,48,0.096826
185,49,0.091491
185,50,0.079620
185,51,0.092940
185,52,-0.000155
185,53,0.022501
185,54,0.075209
185,55,0.088265
185,56,0.166477
185,57,0.151688
185,58,0.141689
185,59,0.146462
185,60,0.148218
185,61,0.116494
185,62,0.069310
185,63,0.101568
185,64,0.122585
185,65,0.075801
185,66,-0.001556
185,67,0.018058
185,68,0.027264
185,69,0.000357
185,70,-0.009836
185,71,-0.017304
185,72,0.022357
185,73,0.056197
185,74,0.072611
185,75,0.108023
185,76,0.126430
185,77,0.145696
185,78,0.215644
185,79,0.209105
185,80,0.285651
185,81,0.269222
185,82,0.276650
185,83,0.349383
185,84,0.270122
185,85,0.236405
185,86,0.269144
185,87,0.241739
185,88,0.175332
185,89,0.141513
185,90,0.097274
185,91,0.051388
185,92,0.028322
185,93,0.029257
185,94,0.044926
185,95,0.032994
185,96,0.064649
185,97,0.120595
185,98,0.092568
185,99,0.130402
185,100,0.123297
185,101,0.112472
185,102,0.100843
185,103,0.064444
185,104,0.081069
185,105,0.100086
185,106,0.107139
185,107,0.150046
185,108,0.121031
185,109,0.099608
185,110,0.053196
185,111,0.052501
185,112,0.077278
185,113,0.012693
185,114,0.068610
185,115,0.027993
185,116,-0.009715
185,117,-0.044224
185,118,-0.041271
185,119,0.025788
185,120,-0.011177
185,121,0.076905
185,122,0.003232
185,123,0.022230
185,124,0.061167
185,125,0.141559
185,126,0.150931
185,127,0.092698
185,128,0.025525
185,129,0.020574
185,130,0.021679
185,131,0.156217
185,132,0.086559
185,133,0.127348
185,134,0.196807
185,135,0.174637
185,136,0.202371
185,137,0.184523
185,138,0.086710
185,139,0.101643
185,140,0.086774
185,141,0.085851
185,142,0.029135
185,143,0.057925
185,144,0.074050
185,145,0.037100
185,146,0.022393
185,147,0.036356
185,148,-0.089292
185,149,-0.002025
185,150,0.072592
185,151,0.127656
185,152,0.145048
185,153,0.099264
185,154,0.087532
185,155,0.086439
185,156,0.112386
185,157,0.133203
185,158,0.121779
185,159,0.172031
185,160,0.191499
185,161,0.163856
185,162,0.195599
185,163,0.194559
185,164,0.164926
185,165,0.198730
185,166,0.149547
185,167,0.155798
185,168,0.131436
185,169,0.183919
185,170,0.140604
185,171,0.196990
185,172,0.140308
185,173,0.186210
185,174,0.182493
185,175,0.159368
185,176,0.151640
185,177,0.216687
185,178,0.181866
185,179,0.181711
185,180,0.174410
185,181,0.179616
185,182,0.292656
185,183,0.513864
185,184,0.785225
185,185,1.000000
185,186,0.707962
185,187,0.632486
185,188,0.416358
185,189,0.343489
185,190,0.327770
185,191,0.143927
185,192,0.022456
186,1,0.070482
186,2,0.093622
186,3,0.106233
186,4,0.101542
186,5,0.081432
186,6,0.085747
186,7,0.049051
186,8,0.113871
186,9,0.135834
186,10,0.144040
186,11,0.131832
186,12,0.083255
186,13,0.040407
186,14,-0.055035
186,15,-0.002751
186,16,0.075277
186,17,0.237441
186,18,0.220811
186,19,0.216226
186,20,0.215423
186,21,0.231628
186,22,0.215201
186,23,0.166097
186,24,0.106043
186,25,0.056097
186,26,0.019234
186,27,0.037230
186,28,0.085735
186,29,0.097067
186,30,0.122486
186,31,0.069693
186,32,0.042887
186,33,0.046768
186,34,0.057586
186,35,0.088456
186,36,0.060336
186,37,0.046741
186,38,0.077783
186,39,0.040799
186,40,0.056685
186,41,0.018450
186,42,0.036989
186,43,0.095170
186,44,0.098913
186,45,0.120750
186,46,0.105068
186,47,0.115220
186,48,0.060582
186,49,0.062535
186,50,0.053131
186,51,0.068959
186,52,0.010978
186,53,0.016771
186,54,0.049936
186,55,0.065866
186,56,0.096624
186,57,0.085352
186,58,0.080547
186,59,0.115641
186,60,0.113639
186,61,0.126298
186,62,0.046097
186,63,0.097430
186,64,0.098488
186,65,0.068906
186,66,-0.014269
186,67,-0.006494
186,68,-0.026034
186,69,-0.060417
186,70,-0.061153
186,71,-0.060204
186,72,-0.021734
186,73,0.008318
186,74,0.016128
186,75,0.063891
186,76,0.104485
186,77,0.121044
186,78,0.194190
186,79,0.164484
186,80,0.233400
186,81,0.193898
186,82,0.186729
186,83,0.238862
186,84,0.190465
186,85,0.146040
186,86,0.159602
186,87,0.132992
186,88,0.100843
186,89,0.077243
186,90,0.054156
186,91,0.031164
186,92,0.017001
186,93,0.009095
186,94,0.045925
186,95,0.051319
186,96,0.066084
186,97,0.098936
186,98,0.089369
186,99,0.130426
186,100,0.122779
186,101,0.125793
186,102,0.119894
186,103,0.072520
186,104,0.066532
186,105,0.083688
186,106,0.108056
186,107,0.148992
186,108,0.090843
186,109,0.076736
186,110,0.043908
186,111,0.027556
186,112,0.069771
186,113,-0.029281
186,114,0.010095
186,115,-0.030675
186,116,-0.048857
186,117,-0.064025
186,118,-0.043772
186,119,-0.002901
186,120,-0.032031
186,121,0.043411
186,122,-0.021028
186,123,-0.042450
186,124,0.003212
186,125,0.076166
186,126,0.085486
186,127,0.013439
186,128,-0.010224
186,129,-0.010630
186,130,-0.016681
186,131,0.090809
186,132,0.027048
186,133,0.043678
186,134,0.123747
186,135,0.099815
186,136,0.127388
186,137,0.109070
186,138,0.058535
186,139,0.076508
186,140,0.051238
186,141,0.044038
186,142,0.023331
186,143,0.055252
186,144,0.042342
186,145,0.024002
186,146,0.018952
186,147,0.024021
186,148,-0.038452
186,149,-0.039582
186,150,0.015553
186,151,0.034117
186,152,0.055405
186,153,0.032860
186,154,0.020754
186,155,0.037060
186,156,0.044485
186,157,0.061983
186,158,0.071260
186,159,0.102407
186,160,0.093352
186,161,0.077370
186,162,0.082752
186,163,0.090015
186,164,0.082031
186,165,0.135622
186,166,0.117878
186,167,0.087718
186,168,0.074340
186,169,0.176462
186,170,0.185071
186,171,0.275980
186,172,0.154015
186,173,0.218032
186,174,0.227627
186,175,0.182144
186,176,0.144522
186,177,0.127465
186,178,0.102105
186,179,0.114427
186,180,0.094221
186,181,0.118858
186,182,0.237454
186,183,0.474923
186,184,0.638537
186,185,0.707962
186,186,1.000000
186,187,0.802910
186,188,0.656401
186,189,0.508791
186,190,0.499497
186,191,0.171566
186,192,0.004943
187,1,0.067446
187,2,0.095767
187,3,0.122068
187,4,0.110395
187,5,0.084353
187,6,0.100131
187,7,0.043945
187,8,0.097602
187,9,0.136034
187,10,0.142345
187,11,0.145916
187,12,0.096838
187,13,0.045027
187,14,-0.055637
187,15,-0.005229
187,16,0.072919
187,17,0.285077
187,18,0.282658
187,19,0.279286
187,20,0.273914
187,21,0.281690
187,22,0.236106
187,23,0.162191
187,24,0.106332
187,25,0.045360
187,26,0.034313
187,27,0.054428
187,28,0.108387
187,29,0.107972
187,30,0.124712
187,31,0.057196
187,32,0.030494
187,33,0.030194
187,34,0.048852
187,35,0.089347
187,36,0.027382
187,37,0.023493
187,38,0.058788
187,39,0.054113
187,40,0.047583
187,41,0.010646
187,42,0.033348
187,43,0.104487
187,44,0.125658
187,45,0.140165
187,46,0.115722
187,47,0.139350
187,48,0.076608
187,49,0.090487
187,50,0.070458
187,51,0.062992
187,52,0.028904
187,53,0.033614
187,54,0.057674
187,55,0.091060
187,56,0.095004
187,57,0.105432
187,58,0.101135
187,59,0.143464
187,60,0.146442
187,61,0.165793
187,62,0.057604
187,63,0.118680
187,64,0.090174
187,65,0.051459
187,66,-0.050776
187,67,-0.029375
187,68,-0.046534
187,69,-0.043000
187,70,-0.037997
187,71,-0.032893
187,72,-0.003020
187,73,0.035127
187,74,0.041575
187,75,0.110803
187,76,0.131196
187,77,0.166702
187,78,0.229855
187,79,0.191618
187,80,0.279689
187,81,0.193076
187,82,0.176685
187,83,0.211172
187,84,0.160684
187,85,0.108076
187,86,0.100369
187,87,0.086288
187,88,0.039796
187,89,0.039659
187,90,0.041052
187,91,0.018640
187,92,0.030310
187,93,0.007198
187,94,0.038554
187,95,0.044778
187,96,0.088717
187,97,0.127204
187,98,0.107232
187,99,0.152055
187,100,0.137656
187,101,0.137429
187,102,0.136174
187,103,0.089282
187,104,0.109147
187,105,0.125667
187,106,0.129810
187,107,0.170789
187,108,0.113359
187,109,0.114273
187,110,0.092641
187,111,0.075417
187,112,0.110089
187,113,-0.019287
187,114,0.008769
187,115,-0.037759
187,116,-0.037499
187,117,-0.051307
187,118,-0.014706
187,119,0.015907
187,120,-0.005199
187,121,0.055137
187,122,-0.006064
187,123,-0.016180
187,124,0.013806
187,125,0.072688
187,126,0.070881
187,127,0.023825
187,128,0.007616
187,129,0.017492
187,130,-0.002565
187,131,0.057995
187,132,0.023175
187,133,0.027559
187,134,0.083454
187,135,0.067943
187,136,0.096430
187,137,0.104453
187,138,0.055792
187,139,0.097855
187,140,0.078371
187,141,0.056286
187,142,0.026897
187,143,0.082380
187,144,0.061209
187,145,0.001995
187,146,0.019829
187,147,0.029981
187,148,-0.014598
187,149,-0.033348
187,150,0.003137
187,151,0.018312
187,152,0.042743
187,153,0.030688
187,154,0.019218
187,155,0.037756
187,156,0.035127
187,157,0.062367
187,158,0.088034
187,159,0.103807
187,160,0.094101
187,161,0.081820
187,162,0.074386
187,163,0.073056
187,164,0.062440
187,165,0.129185
187,166,0.100340
187,167,0.050934
187,168,0.030848
187,169,0.168761
187,170,0.220437
187,171,0.331514
187,172,0.182106
187,173,0.230426
187,174,0.216145
187,175,0.183511
187,176,0.141772
187,177,0.110813
187,178,0.083040
187,179,0.085352
187,180,0.083353
187,181,0.105747
187,182,0.208109
187,183,0.410039
187,184,0.513161
187,185,0.632486
187,186,0.802910
187,187,1.000000
187,188,0.711461
187,189,0.618822
187,190,0.555816
187,191,0.188233
187,192,0.021157
188,1,0.021421
188,2,0.061823
188,3,0.063058
188,4,0.079491
188,5,0.072635
188,6,0.061327
188,7,0.022551
188,8,0.063490
188,9,0.091598
188,10,0.093460
188,11,0.092051
188,12,0.054011
188,13,0.000383
188,14,-0.067355
188,15,-0.030100
188,16,0.035513
188,17,0.218107
188,18,0.232211
188,19,0.227914
188,20,0.204823
188,21,0.206395
188,22,0.154949
188,23,0.082010
188,24,0.064909
188,25,0.026339
188,26,0.027530
188,27,0.026364
188,28,0.048684
188,29,0.062953
188,30,0.094590
188,31,0.004391
188,32,-0.007773
188,33,0.003636
188,34,0.017880
188,35,0.065602
188,36,0.007541
188,37,0.041223
188,38,0.060230
188,39,0.031300
188,40,0.021882
188,41,-0.012661
188,42,0.024516
188,43,0.087721
188,44,0.098069
188,45,0.121273
188,46,0.113805
188,47,0.118190
188,48,0.048251
188,49,0.057443
188,50,0.061350
188,51,0.053358
188,52,0.034576
188,53,0.006894
188,54,0.033827
188,55,0.063070
188,56,0.058287
188,57,0.055169
188,58,0.053783
188,59,0.094910
188,60,0.092152
188,61,0.150907
188,62,0.034754
188,63,0.113684
188,64,0.079636
188,65,0.045734
188,66,-0.066536
188,67,-0.051712
188,68,-0.068502
188,69,-0.069847
188,70,-0.059252
188,71,-0.025792
188,72,0.014093
188,73,0.062046
188,74,0.034469
188,75,0.113985
188,76,0.137169
188,77,0.160125
188,78,0.194516
188,79,0.146179
188,80,0.177142
188,81,0.122739
188,82,0.103055
188,83,0.114975
188,84,0.102698
188,85,0.069080
188,86,0.041604
188,87,0.041454
188,88,0.014334
188,89,0.015413
188,90,0.024879
188,91,0.018100
188,92,0.031448
188,93,0.002140
188,94,0.051310
188,95,0.066270
188,96,0.086276
188,97,0.105672
188,98,0.117805
188,99,0.146330
188,100,0.137112
188,101,0.149450
188,102,0.150162
188,103,0.098786
188,104,0.103384
188,105,0.109078
188,106,0.128794
188,107,0.166352
188,108,0.106410
188,109,0.108913
188,110,0.090477
188,111,0.057418
188,112,0.087480
188,113,-0.072061
188,114,-0.041324
188,115,-0.071253
188,116,-0.051062
188,117,-0.046876
188,118,-0.008974
188,119,-0.000756
188,120,-0.008858
188,121,0.049780
188,122,-0.001745
188,123,-0.021048
188,124,-0.009142
188,125,0.017729
188,126,-0.000837
188,127,-0.029929
188,128,-0.054303
188,129,-0.003710
188,130,-0.029733
188,131,-0.036561
188,132,-0.039192
188,133,-0.033300
188,134,0.000559
188,135,-0.021553
188,136,0.022846
188,137,0.073601
188,138,0.046995
188,139,0.089503
188,140,0.067515
188,141,0.037834
188,142,0.049106
188,143,0.122910
188,144,0.062506
188,145,0.008264
188,146,0.045760
188,147,0.048659
188,148,0.023562
188,149,-0.059295
188,150,-0.027523
188,151,-0.023833
188,152,-0.001936
188,153,0.001155
188,154,-0.019940
188,155,-0.000997
188,156,-0.008379
188,157,0.012455
188,158,0.042798
188,159,0.045733
188,160,0.031576
188,161,0.025087
188,162,0.019474
188,163,0.018440
188,164,0.018612
188,165,0.081245
188,166,0.067141
188,167,0.026904
188,168,0.025647
188,169,0.217231
188,170,0.289632
188,171,0.360241
188,172,0.173204
188,173,0.221821
188,174,0.162348
188,175,0.103668
188,176,0.098540
188,177,0.058978
188,178,0.016181
188,179,0.014734
188,180,0.004806
188,181,0.028758
188,182,0.066387
188,183,0.205343
188,184,0.300027
188,185,0.416358
188,186,0.656401
188,187,0.711461
188,188,1.000000
188,189,0.841344
188,190,0.786995
188,191,0.321707
188,192,0.067432
189,1,0.033958
189,2,0.079079
189,3,0.089993
189,4,0.099872
189,5,0.104663
189,6,0.091690
189,7,0.037263
189,8,0.077003
189,9,0.126277
189,10,0.129306
189,11,0.130628
189,12,0.072148
189,13,0.000907
189,14,-0.066806
189,15,-0.033968
189,16,0.043805
189,17,0.231701
189,18,0.249826
189,19,0.243427
189,20,0.222200
189,21,0.206535
189,22,0.163949
189,23,0.089347
189,24,0.080997
189,25,0.035069
189,26,0.043542
189,27,0.038827
189,28,0.073035
189,29,0.089365
189,30,0.119433
189,31,0.035659
189,32,0.015275
189,33,0.009936
189,34,0.031943
189,35,0.080060
189,36,0.004484
189,37,0.028745
189,38,0.030011
189,39,0.024679
189,40,0.025550
189,41,-0.004030
189,42,0.012793
189,43,0.070763
189,44,0.091052
189,45,0.103432
189,46,0.094571
189,47,0.106818
189,48,0.040553
189,49,0.053694
189,50,0.045675
189,51,0.024294
189,52,0.043033
189,53,0.010712
189,54,0.029038
189,55,0.069863
189,56,0.070618
189,57,0.070512
189,58,0.063653
189,59,0.104805
189,60,0.109631
189,61,0.143304
189,62,0.019054
189,63,0.094109
189,64,0.053041
189,65,0.012507
189,66,-0.080301
189,67,-0.082019
189,68,-0.070336
189,69,-0.049352
189,70,-0.035337
189,71,0.007725
189,72,0.064676
189,73,0.104360
189,74,0.085996
189,75,0.180581
189,76,0.169031
189,77,0.218691
189,78,0.213345
189,79,0.163164
189,80,0.175200
189,81,0.118409
189,82,0.082816
189,83,0.079142
189,84,0.062394
189,85,0.044676
189,86,0.006719
189,87,0.008025
189,88,-0.018525
189,89,-0.011592
189,90,0.007070
189,91,0.007712
189,92,0.037673
189,93,0.007383
189,94,0.048187
189,95,0.063318
189,96,0.072321
189,97,0.101916
189,98,0.096429
189,99,0.114029
189,100,0.116440
189,101,0.124162
189,102,0.133848
189,103,0.084726
189,104,0.122593
189,105,0.124389
189,106,0.128319
189,107,0.145276
189,108,0.085285
189,109,0.101184
189,110,0.091538
189,111,0.062853
189,112,0.087829
189,113,-0.088429
189,114,-0.043428
189,115,-0.070531
189,116,-0.052702
189,117,-0.038207
189,118,-0.009867
189,119,-0.011224
189,120,-0.007493
189,121,0.043233
189,122,0.007832
189,123,0.000860
189,124,0.025154
189,125,0.023996
189,126,0.007065
189,127,-0.012561
189,128,-0.032326
189,129,0.005386
189,130,-0.033015
189,131,-0.051287
189,132,-0.041196
189,133,-0.039645
189,134,-0.024459
189,135,-0.028520
189,136,0.007091
189,137,0.070264
189,138,0.057019
189,139,0.091022
189,140,0.085804
189,141,0.056634
189,142,0.069961
189,143,0.152532
189,144,0.091656
189,145,-0.008033
189,146,0.047588
189,147,0.055530
189,148,0.033854
189,149,-0.046399
189,150,-0.047631
189,151,-0.037778
189,152,-0.005799
189,153,-0.003305
189,154,-0.027430
189,155,-0.005167
189,156,-0.013112
189,157,0.007146
189,158,0.040483
189,159,0.039403
189,160,0.026261
189,161,0.024111
189,162,0.026863
189,163,0.020046
189,164,0.000145
189,165,0.056314
189,166,0.037457
189,167,0.013629
189,168,0.008387
189,169,0.231151
189,170,0.323573
189,171,0.371892
189,172,0.162556
189,173,0.207940
189,174,0.134863
189,175,0.081247
189,176,0.091389
189,177,0.056968
189,178,0.011184
189,179,-0.005360
189,180,-0.013941
189,181,0.016333
189,182,0.021446
189,183,0.134957
189,184,0.229763
189,185,0.343489
189,186,0.508791
189,187,0.618822
189,188,0.841344
189,189,1.000000
189,190,0.836737
189,191,0.350173
189,192,0.065282
190,1,0.059183
190,2,0.086542
190,3,0.069645
190,4,0.083221
190,5,0.098193
190,6,0.086240
190,7,0.049925
190,8,0.081955
190,9,0.111883
190,10,0.114659
190,11,0.112297
190,12,0.076571
190,13,0.027261
190,14,-0.049414
190,15,-0.019100
190,16,0.026384
190,17,0.213147
190,18,0.239175
190,19,0.236382
190,20,0.201242
190,21,0.182266
190,22,0.137029
190,23,0.067658
190,24,0.054071
190,25,0.018255
190,26,0.037932
190,27,0.038153
190,28,0.069798
190,29,0.093542
190,30,0.111211
190,31,0.044670
190,32,-0.001018
190,33,-0.009523
190,34,0.030588
190,35,0.099434
190,36,0.024381
190,37,0.052276
190,38,0.064383
190,39,0.037439
190,40,0.009638
190,41,-0.034477
190,42,-0.011013
190,43,0.050084
190,44,0.060495
190,45,0.080805
190,46,0.077448
190,47,0.108145
190,48,0.051444
190,49,0.059917
190,50,0.057049
190,51,0.024874
190,52,0.004906
190,53,0.015175
190,54,0.034366
190,55,0.059580
190,56,0.076402
190,57,0.077809
190,58,0.081212
190,59,0.097994
190,60,0.093482
190,61,0.140561
190,62,0.021757
190,63,0.101744
190,64,0.065544
190,65,0.033454
190,66,-0.088806
190,67,-0.063773
190,68,-0.070873
190,69,-0.076574
190,70,-0.068892
190,71,-0.029548
190,72,0.019187
190,73,0.062908
190,74,0.032915
190,75,0.114427
190,76,0.113942
190,77,0.146726
190,78,0.142622
190,79,0.102535
190,80,0.124700
190,81,0.079698
190,82,0.064552
190,83,0.065811
190,84,0.044696
190,85,0.038625
190,86,0.015849
190,87,0.007621
190,88,-0.003940
190,89,0.002173
190,90,0.020355
190,91,0.014819
190,92,0.026720
190,93,0.000472
190,94,0.057799
190,95,0.065137
190,96,0.076681
190,97,0.096074
190,98,0.107795
190,99,0.115684
190,100,0.095256
190,101,0.109388
190,102,0.109596
190,103,0.070251
190,104,0.089137
190,105,0.091961
190,106,0.099040
190,107,0.127524
190,108,0.072988
190,109,0.081660
190,110,0.057480
190,111,0.054053
190,112,0.096698
190,113,-0.080305
190,114,-0.027424
190,115,-0.074324
190,116,-0.063348
190,117,-0.055496
190,118,-0.021371
190,119,-0.022958
190,120,-0.002454
190,121,0.048935
190,122,0.014166
190,123,0.001856
190,124,0.019227
190,125,0.023586
190,126,-0.004624
190,127,-0.022444
190,128,-0.035530
190,129,-0.008220
190,130,-0.046089
190,131,-0.052325
190,132,-0.046541
190,133,-0.052816
190,134,-0.031550
190,135,-0.035854
190,136,0.021791
190,137,0.075077
190,138,0.049866
190,139,0.064866
190,140,0.060380
190,141,0.041925
190,142,0.052037
190,143,0.123754
190,144,0.074191
190,145,0.001019
190,146,0.027200
190,147,0.045343
190,148,0.016920
190,149,-0.055630
190,150,-0.050477
190,151,-0.024369
190,152,-0.011539
190,153,-0.007145
190,154,-0.034091
190,155,-0.023498
190,156,-0.020944
190,157,-0.005869
190,158,0.024851
190,159,0.027247
190,160,0.015788
190,161,0.010235
190,162,0.022807
190,163,0.011306
190,164,-0.002418
190,165,0.056883
190,166,0.050316
190,167,0.024687
190,168,0.030432
190,169,0.226753
190,170,0.282123
190,171,0.324143
190,172,0.139922
190,173,0.196295
190,174,0.123613
190,175,0.066686
190,176,0.079357
190,177,0.052290
190,178,0.014429
190,179,0.003275
190,180,-0.002147
190,181,0.020676
190,182,0.035209
190,183,0.130822
190,184,0.224378
190,185,0.327770
190,186,0.499497
190,187,0.555816
190,188,0.786995
190,189,0.836737
190,190,1.000000
190,191,0.413431
190,192,0.173867
191,1,-0.022494
191,2,0.021487
191,3,0.055311
191,4,0.086583
191,5,0.174548
191,6,0.224907
191,7,0.214319
191,8,0.208998
191,9,0.210592
191,10,0.168540
191,11,0.097617
191,12,0.017569
191,13,0.001681
191,14,-0.033179
191,15,0.026345
191,16,0.050317
191,17,0.156373
191,18,0.187191
191,19,0.168364
191,20,0.122599
191,21,0.095935
191,22,0.058599
191,23,0.024809
191,24,0.002331
191,25,0.019124
191,26,0.010334
191,27,-0.002465
191,28,0.012315
191,29,0.029821
191,30,0.078814
191,31,0.158193
191,32,0.033696
191,33,0.043699
191,34,0.097765
191,35,0.168286
191,36,0.074795
191,37,-0.090108
191,38,0.011858
191,39,-0.060324
191,40,-0.143906
191,41,-0.036893
191,42,0.039779
191,43,0.028836
191,44,0.001786
191,45,0.021908
191,46,0.060773
191,47,0.099275
191,48,0.114116
191,49,0.157889
191,50,0.120341
191,51,0.011864
191,52,-0.067792
191,53,-0.025050
191,54,-0.015695
191,55,-0.030510
191,56,0.056703
191,57,0.069260
191,58,0.127503
191,59,0.093700
191,60,0.054262
191,61,0.062323
191,62,0.002895
191,63,0.086835
191,64,0.072949
191,65,0.037902
191,66,-0.100635
191,67,0.003519
191,68,-0.014607
191,69,-0.055122
191,70,-0.063183
191,71,-0.117780
191,72,-0.013674
191,73,0.048229
191,74,-0.025083
191,75,0.049434
191,76,0.003413
191,77,0.026960
191,78,0.025041
191,79,0.017772
191,80,0.031519
191,81,0.027965
191,82,0.069249
191,83,0.050444
191,84,0.030137
191,85,0.053703
191,86,0.068409
191,87,0.048495
191,88,0.033558
191,89,-0.002675
191,90,0.039250
191,91,0.044289
191,92,0.114243
191,93,0.015529
191,94,0.021156
191,95,0.062491
191,96,0.076532
191,97,0.072441
191,98,0.072191
191,99,0.080113
191,100,0.015030
191,101,0.022043
191,102,0.024822
191,103,-0.001902
191,104,0.050392
191,105,0.030821
191,106,0.010742
191,107,0.036961
191,108,0.041888
191,109,0.068536
191,110,0.111989
191,111,0.114997
191,112,0.056645
191,113,0.045591
191,114,0.097050
191,115,0.040231
191,116,0.024203
191,117,-0.048149
191,118,0.026204
191,119,0.048571
191,120,0.077556
191,121,0.088606
191,122,0.020377
191,123,0.028699
191,124,0.040506
191,125,0.060664
191,126,0.049053
191,127,0.050528
191,128,0.010888
191,129,0.005713
191,130,-0.019607
191,131,-0.071712
191,132,0.006454
191,133,0.017431
191,134,0.017676
191,135,0.014099
191,136,0.109199
191,137,0.142989
191,138,0.046540
191,139,0.006990
191,140,0.059580
191,141,0.078993
191,142,0.041497
191,143,0.052561
191,144,0.042553
191,145,0.031987
191,146,0.023250
191,147,0.027882
191,148,0.025486
191,149,-0.000184
191,150,0.026372
191,151,0.047702
191,152,0.062086
191,153,0.017868
191,154,0.006811
191,155,-0.019345
191,156,-0.001937
191,157,0.045374
191,158,0.062478
191,159,0.074337
191,160,0.093795
191,161,0.076009
191,162,0.102124
191,163,0.115880
191,164,0.084021
191,165,0.098206
191,166,0.017415
191,167,-0.026313
191,168,-0.053647
191,169,0.036821
191,170,0.180391
191,171,0.164106
191,172,0.121128
191,173,0.176199
191,174,0.114421
191,175,0.073259
191,176,0.124981
191,177,0.131479
191,178,0.093404
191,179,0.081455
191,180,0.073302
191,181,0.076813
191,182,0.083039
191,183,0.062372
191,184,0.136054
191,185,0.143927
191,186,0.171566
191,187,0.188233
191,188,0.321707
191,189,0.350173
191,190,0.413431
191,191,1.000000
191,192,0.661495
192,1,-0.000533
192,2,0.067844
192,3,0.077851
192,4,0.098927
192,5,0.157631
192,6,0.235155
192,7,0.237399
192,8,0.183369
192,9,0.180497
192,10,0.156023
192,11,0.131671
192,12,0.061382
192,13,0.058705
192,14,0.017303
192,15,0.051125
192,16,0.055797
192,17,0.193004
192,18,0.243091
192,19,0.252609
192,20,0.205082
192,21,0.153174
192,22,0.082414
192,23,0.055698
192,24,0.028148
192,25,0.043267
192,26,0.024811
192,27,0.047330
192,28,0.067333
192,29,0.074854
192,30,0.095770
192,31,0.146017
192,32,-0.005218
192,33,-0.015421
192,34,0.094813
192,35,0.271231
192,36,0.127470
192,37,-0.057447
192,38,0.073263
192,39,0.048894
192,40,-0.112063
192,41,-0.003774
192,42,0.116561
192,43,0.091003
192,44,0.051695
192,45,0.083510
192,46,0.121452
192,47,0.171184
192,48,0.205985
192,49,0.224752
192,50,0.207232
192,51,0.036473
192,52,-0.008734
192,53,0.100743
192,54,0.047777
192,55,0.098117
192,56,0.077523
192,57,0.115952
192,58,0.177702
192,59,0.111078
192,60,0.062126
192,61,0.035117
192,62,0.036710
192,63,0.106451
192,64,0.080978
192,65,0.022242
192,66,-0.092118
192,67,-0.000563
192,68,-0.032417
192,69,-0.121968
192,70,-0.143328
192,71,-0.177259
192,72,-0.013101
192,73,0.038129
192,74,-0.027362
192,75,0.019006
192,76,0.029838
192,77,0.040161
192,78,0.025005
192,79,0.038318
192,80,0.055872
192,81,0.056502
192,82,0.058972
192,83,0.063749
192,84,0.051279
192,85,0.070573
192,86,0.088202
192,87,0.073748
192,88,0.046678
192,89,0.003945
192,90,0.035278
192,91,0.031866
192,92,0.054906
192,93,-0.036018
192,94,0.008896
192,95,0.058276
192,96,0.076669
192,97,0.087180
192,98,0.089986
192,99,0.111776
192,100,0.038893
192,101,0.058138
192,102,0.065708
192,103,0.026058
192,104,0.059103
192,105,0.061786
192,106,0.043848
192,107,0.073143
192,108,0.130958
192,109,0.134305
192,110,0.170725
192,111,0.151997
192,112,0.132902
192,113,0.093482
192,114,0.099188
192,115,0.095334
192,116,0.053254
192,117,-0.018703
192,118,0.055829
192,119,0.078336
192,120,0.068547
192,121,0.076959
192,122,0.027586
192,123,0.034659
192,124,0.019291
192,125,0.032963
192,126,-0.034352
192,127,-0.011817
192,128,-0.028662
192,129,-0.072188
192,130,-0.122676
192,131,-0.054698
192,132,-0.014312
192,133,0.029253
192,134,0.005940
192,135,0.009100
192,136,0.085760
192,137,0.124076
192,138,0.039185
192,139,0.006096
192,140,0.058576
192,141,0.097690
192,142,0.042205
192,143,0.037931
192,144,0.046932
192,145,0.035243
192,146,0.009113
192,147,0.042136
192,148,0.039385
192,149,0.026601
192,150,0.032201
192,151,0.082994
192,152,0.083099
192,153,0.020605
192,154,0.036089
192,155,0.012731
192,156,0.039158
192,157,0.060642
192,158,0.051334
192,159,0.080908
192,160,0.118559
192,161,0.081698
192,162,0.105129
192,163,0.126670
192,164,0.092527
192,165,0.094501
192,166,0.024908
192,167,-0.063103
192,168,-0.092890
192,169,-0.076389
192,170,0.035763
192,171,0.094746
192,172,0.127999
192,173,0.158287
192,174,0.110425
192,175,0.093425
192,176,0.130011
192,177,0.130865
192,178,0.121245
192,179,0.092216
192,180,0.100759
192,181,0.127166
192,182,0.115262
192,183,0.035407
192,184,0.024287
192,185,0.022456
192,186,0.004943
192,187,0.021157
192,188,0.067432
192,189,0.065282
192,190,0.173867
192,191,0.661495
192,192,1.000000
