residue_i,residue_j,std
1,1,0.000000
1,2,0.173099
1,3,0.094265
1,4,0.095762
1,5,0.123365
1,6,0.136984
1,7,0.119584
1,8,0.127244
1,9,0.061441
1,10,0.207313
1,11,0.203606
1,12,0.080631
1,13,0.052545
1,14,0.161411
1,15,0.229645
1,16,0.176582
1,17,0.137564
1,18,0.204624
1,19,0.185396
1,20,0.091416
1,21,0.079139
1,22,0.161036
1,23,0.145596
1,24,0.162275
1,25,0.191600
1,26,0.183400
1,27,0.151319
1,28,0.186723
1,29,0.056603
1,30,0.065132
1,31,0.058953
1,32,0.103281
1,33,0.176384
1,34,0.021880
1,35,0.123200
1,36,0.103574
1,37,0.227885
1,38,0.120143
1,39,0.141177
1,40,0.039895
1,41,0.085522
1,42,0.087707
1,43,0.046760
1,44,0.055760
1,45,0.147540
1,46,0.118603
1,47,0.110025
1,48,0.179329
1,49,0.142445
1,50,0.166403
1,51,0.170926
1,52,0.119370
1,53,0.192746
1,54,0.162837
1,55,0.167189
1,56,0.070703
1,57,0.114062
1,58,0.122678
1,59,0.115458
1,60,0.075683
1,61,0.093785
1,62,0.095501
1,63,0.106415
1,64,0.123138
1,65,0.185193
1,66,0.188661
1,67,0.148912
1,68,0.140365
1,69,0.157990
1,70,0.158374
1,71,0.132294
1,72,0.171365
1,73,0.203261
1,74,0.195703
1,75,0.185871
1,76,0.042904
1,77,0.024637
1,78,0.044249
1,79,0.105513
1,80,0.121353
1,81,0.032115
1,82,0.065356
1,83,0.011094
1,84,0.030244
1,85,0.003297
1,86,0.063291
1,87,0.032966
1,88,0.097853
1,89,0.005466
1,90,0.028426
1,91,0.045126
1,92,0.074443
1,93,0.027336
1,94,0.022703
1,95,0.028476
1,96,0.080586
1,97,0.093387
1,98,0.060755
1,99,0.119452
1,100,0.129116
1,101,0.035990
1,102,0.037402
1,103,0.122124
1,104,0.135812
1,105,0.205764
1,106,0.181557
1,107,0.135347
1,108,0.070478
1,109,0.082215
1,110,0.052534
1,111,0.091027
1,112,0.078511
1,113,0.148376
1,114,0.186597
1,115,0.127306
1,116,0.156750
1,117,0.195068
1,118,0.135377
1,119,0.231324
1,120,0.238698
1,121,0.248636
1,122,0.182477
1,123,0.137141
1,124,0.106254
1,125,0.107954
1,126,0.239427
1,127,0.266959
1,128,0.270211
1,129,0.209447
1,130,0.218021
1,131,0.232803
1,132,0.070541
2,1,0.173099
2,2,0.000000
2,3,0.081772
2,4,0.092617
2,5,0.037797
2,6,0.003900
2,7,0.047789
2,8,0.044680
2,9,0.011219
2,10,0.167127
2,11,0.141404
2,12,0.138783
2,13,0.070470
2,14,0.045062
2,15,0.115110
2,16,0.085888
2,17,0.030331
2,18,0.174724
2,19,0.145779
2,20,0.016569
2,21,0.022193
2,22,0.160022
2,23,0.148481
2,24,0.147895
2,25,0.191240
2,26,0.188193
2,27,0.133170
2,28,0.193381
2,29,0.022705
2,30,0.116123
2,31,0.052631
2,32,0.067759
2,33,0.109614
2,34,0.048944
2,35,0.057317
2,36,0.008223
2,37,0.158457
2,38,0.036603
2,39,0.057135
2,40,0.046775
2,41,0.010741
2,42,0.073766
2,43,0.047122
2,44,0.019736
2,45,0.145404
2,46,0.112595
2,47,0.102396
2,48,0.165797
2,49,0.115058
2,50,0.149868
2,51,0.152425
2,52,0.099984
2,53,0.165820
2,54,0.107935
2,55,0.143817
2,56,0.091209
2,57,0.166842
2,58,0.138964
2,59,0.066727
2,60,0.006153
2,61,0.048399
2,62,0.054291
2,63,0.032300
2,64,0.065360
2,65,0.132401
2,66,0.125454
2,67,0.075878
2,68,0.103420
2,69,0.117809
2,70,0.128697
2,71,0.116757
2,72,0.145228
2,73,0.203485
2,74,0.156517
2,75,0.105734
2,76,0.068624
2,77,0.051288
2,78,0.094290
2,79,0.020801
2,80,0.017707
2,81,0.061262
2,82,0.102984
2,83,0.042154
2,84,0.036926
2,85,0.056173
2,86,0.105865
2,87,0.000432
2,88,0.104735
2,89,0.088768
2,90,0.027619
2,91,0.030466
2,92,0.052977
2,93,0.000036
2,94,0.065226
2,95,0.075476
2,96,0.074019
2,97,0.115010
2,98,0.125100
2,99,0.194554
2,100,0.192961
2,101,0.099827
2,102,0.113750
2,103,0.149262
2,104,0.148032
2,105,0.178030
2,106,0.155936
2,107,0.104344
2,108,0.025713
2,109,0.042500
2,110,0.013713
2,111,0.014199
2,112,0.046262
2,113,0.124488
2,114,0.153707
2,115,0.119205
2,116,0.175513
2,117,0.205020
2,118,0.206035
2,119,0.244900
2,120,0.227584
2,121,0.244316
2,122,0.158664
2,123,0.141558
2,124,0.160373
2,125,0.155989
2,126,0.218585
2,127,0.214356
2,128,0.234433
2,129,0.180622
2,130,0.224033
2,131,0.259571
2,132,0.136866
3,1,0.094265
3,2,0.081772
3,3,0.000000
3,4,0.009563
3,5,0.024202
3,6,0.037081
3,7,0.013962
3,8,0.010523
3,9,0.046447
3,10,0.255359
3,11,0.208861
3,12,0.195575
3,13,0.022289
3,14,0.077356
3,15,0.143500
3,16,0.148210
3,17,0.074129
3,18,0.257057
3,19,0.231903
3,20,0.155304
3,21,0.131404
3,22,0.174559
3,23,0.202239
3,24,0.146312
3,25,0.208985
3,26,0.190191
3,27,0.095957
3,28,0.184739
3,29,0.019513
3,30,0.116949
3,31,0.024845
3,32,0.168422
3,33,0.105357
3,34,0.038764
3,35,0.138909
3,36,0.100607
3,37,0.234780
3,38,0.064210
3,39,0.060761
3,40,0.110204
3,41,0.080463
3,42,0.033416
3,43,0.076953
3,44,0.065340
3,45,0.031846
3,46,0.016059
3,47,0.044712
3,48,0.132606
3,49,0.087519
3,50,0.156095
3,51,0.173051
3,52,0.164095
3,53,0.220138
3,54,0.153945
3,55,0.225289
3,56,0.129942
3,57,0.207623
3,58,0.152367
3,59,0.030338
3,60,0.077736
3,61,0.019816
3,62,0.039793
3,63,0.077459
3,64,0.026609
3,65,0.056990
3,66,0.032550
3,67,0.030539
3,68,0.033423
3,69,0.059963
3,70,0.125555
3,71,0.113903
3,72,0.122005
3,73,0.283060
3,74,0.309253
3,75,0.153763
3,76,0.131121
3,77,0.110130
3,78,0.143883
3,79,0.043946
3,80,0.005006
3,81,0.087247
3,82,0.160794
3,83,0.087834
3,84,0.129570
3,85,0.137530
3,86,0.152576
3,87,0.041749
3,88,0.052072
3,89,0.070208
3,90,0.010306
3,91,0.030636
3,92,0.105955
3,93,0.047395
3,94,0.099623
3,95,0.136130
3,96,0.110749
3,97,0.067749
3,98,0.115506
3,99,0.242152
3,100,0.209266
3,101,0.033184
3,102,0.069529
3,103,0.191843
3,104,0.222936
3,105,0.294392
3,106,0.260557
3,107,0.210038
3,108,0.103038
3,109,0.116560
3,110,0.065851
3,111,0.002879
3,112,0.061766
3,113,0.116289
3,114,0.154506
3,115,0.193231
3,116,0.244295
3,117,0.259929
3,118,0.238340
3,119,0.319457
3,120,0.296774
3,121,0.306927
3,122,0.175714
3,123,0.130871
3,124,0.087895
3,125,0.092715
3,126,0.214042
3,127,0.276138
3,128,0.339138
3,129,0.293542
3,130,0.346339
3,131,0.357943
3,132,0.259640
4,1,0.095762
4,2,0.092617
4,3,0.009563
4,4,0.000000
4,5,0.031197
4,6,0.052043
4,7,0.049227
4,8,0.019702
4,9,0.051060
4,10,0.276967
4,11,0.246055
4,12,0.213534
4,13,0.050925
4,14,0.077953
4,15,0.160916
4,16,0.158344
4,17,0.090632
4,18,0.271778
4,19,0.239135
4,20,0.173040
4,21,0.126385
4,22,0.167922
4,23,0.202817
4,24,0.132759
4,25,0.199275
4,26,0.176586
4,27,0.103716
4,28,0.198131
4,29,0.031776
4,30,0.118097
4,31,0.046025
4,32,0.182383
4,33,0.115986
4,34,0.045720
4,35,0.181260
4,36,0.146113
4,37,0.259189
4,38,0.054713
4,39,0.046397
4,40,0.131253
4,41,0.098556
4,42,0.002803
4,43,0.095064
4,44,0.118930
4,45,0.033108
4,46,0.032608
4,47,0.016089
4,48,0.096849
4,49,0.047963
4,50,0.139093
4,51,0.139811
4,52,0.160756
4,53,0.216267
4,54,0.143263
4,55,0.212908
4,56,0.088795
4,57,0.166992
4,58,0.116838
4,59,0.073619
4,60,0.094278
4,61,0.061246
4,62,0.087864
4,63,0.116743
4,64,0.061318
4,65,0.052511
4,66,0.000438
4,67,0.041866
4,68,0.008638
4,69,0.041534
4,70,0.116142
4,71,0.107292
4,72,0.100079
4,73,0.294961
4,74,0.357443
4,75,0.178446
4,76,0.126753
4,77,0.110878
4,78,0.147851
4,79,0.039179
4,80,0.029796
4,81,0.097202
4,82,0.168386
4,83,0.085857
4,84,0.157366
4,85,0.167385
4,86,0.153526
4,87,0.045704
4,88,0.018042
4,89,0.035184
4,90,0.008908
4,91,0.015570
4,92,0.105894
4,93,0.044569
4,94,0.102805
4,95,0.131678
4,96,0.117386
4,97,0.039838
4,98,0.097801
4,99,0.216105
4,100,0.151336
4,101,0.029702
4,102,0.019872
4,103,0.153608
4,104,0.198369
4,105,0.305274
4,106,0.279404
4,107,0.248200
4,108,0.141156
4,109,0.150867
4,110,0.094630
4,111,0.032776
4,112,0.086017
4,113,0.138115
4,114,0.138664
4,115,0.202577
4,116,0.259626
4,117,0.268628
4,118,0.226820
4,119,0.330966
4,120,0.321842
4,121,0.331554
4,122,0.175742
4,123,0.127082
4,124,0.055984
4,125,0.046608
4,126,0.181850
4,127,0.264807
4,128,0.336815
4,129,0.317704
4,130,0.375983
4,131,0.382747
4,132,0.279764
5,1,0.123365
5,2,0.037797
5,3,0.024202
5,4,0.031197
5,5,0.000000
5,6,0.052336
5,7,0.088587
5,8,0.066195
5,9,0.006184
5,10,0.317542
5,11,0.296506
5,12,0.220002
5,13,0.084833
5,14,0.102162
5,15,0.166948
5,16,0.172294
5,17,0.111399
5,18,0.338376
5,19,0.285652
5,20,0.199361
5,21,0.139411
5,22,0.190107
5,23,0.233110
5,24,0.154313
5,25,0.197099
5,26,0.204967
5,27,0.153547
5,28,0.218631
5,29,0.062179
5,30,0.129307
5,31,0.082927
5,32,0.202496
5,33,0.137523
5,34,0.071213
5,35,0.229719
5,36,0.162747
5,37,0.280523
5,38,0.039293
5,39,0.024535
5,40,0.162090
5,41,0.127553
5,42,0.020754
5,43,0.134745
5,44,0.160957
5,45,0.098241
5,46,0.086927
5,47,0.035971
5,48,0.070412
5,49,0.010895
5,50,0.102051
5,51,0.111178
5,52,0.133223
5,53,0.201082
5,54,0.127587
5,55,0.184184
5,56,0.070493
5,57,0.126426
5,58,0.080444
5,59,0.127457
5,60,0.117923
5,61,0.112415
5,62,0.150917
5,63,0.143660
5,64,0.080495
5,65,0.061404
5,66,0.010262
5,67,0.056008
5,68,0.001169
5,69,0.040023
5,70,0.142482
5,71,0.114630
5,72,0.078226
5,73,0.298497
5,74,0.402185
5,75,0.238620
5,76,0.079774
5,77,0.094622
5,78,0.122173
5,79,0.019924
5,80,0.052536
5,81,0.099920
5,82,0.177162
5,83,0.071303
5,84,0.179672
5,85,0.202084
5,86,0.161736
5,87,0.079822
5,88,0.040889
5,89,0.017451
5,90,0.033558
5,91,0.002232
5,92,0.123165
5,93,0.062157
5,94,0.068179
5,95,0.092910
5,96,0.091145
5,97,0.032315
5,98,0.037863
5,99,0.160428
5,100,0.076455
5,101,0.098128
5,102,0.026930
5,103,0.110128
5,104,0.150058
5,105,0.286886
5,106,0.273521
5,107,0.275209
5,108,0.175206
5,109,0.184323
5,110,0.130812
5,111,0.066561
5,112,0.117103
5,113,0.182715
5,114,0.142995
5,115,0.212740
5,116,0.266018
5,117,0.260027
5,118,0.189210
5,119,0.314104
5,120,0.299388
5,121,0.298359
5,122,0.149969
5,123,0.116149
5,124,0.036939
5,125,0.010757
5,126,0.148254
5,127,0.234306
5,128,0.307776
5,129,0.331293
5,130,0.397430
5,131,0.380029
5,132,0.274099
6,1,0.136984
6,2,0.003900
6,3,0.037081
6,4,0.052043
6,5,0.052336
6,6,0.000000
6,7,0.067411
6,8,0.074596
6,9,0.062440
6,10,0.278718
6,11,0.267930
6,12,0.206960
6,13,0.083859
6,14,0.116901
6,15,0.128580
6,16,0.121746
6,17,0.069026
6,18,0.360913
6,19,0.282806
6,20,0.193796
6,21,0.111437
6,22,0.182668
6,23,0.243494
6,24,0.131583
6,25,0.204558
6,26,0.211237
6,27,0.150989
6,28,0.202379
6,29,0.089102
6,30,0.136772
6,31,0.102087
6,32,0.233453
6,33,0.122713
6,34,0.088769
6,35,0.205632
6,36,0.134204
6,37,0.277616
6,38,0.050828
6,39,0.034176
6,40,0.136338
6,41,0.103147
6,42,0.006353
6,43,0.117926
6,44,0.184747
6,45,0.096635
6,46,0.075267
6,47,0.028939
6,48,0.059032
6,49,0.014280
6,50,0.095501
6,51,0.099843
6,52,0.121550
6,53,0.178078
6,54,0.126189
6,55,0.190192
6,56,0.092954
6,57,0.152306
6,58,0.079013
6,59,0.115762
6,60,0.122706
6,61,0.109904
6,62,0.130946
6,63,0.118579
6,64,0.079760
6,65,0.082267
6,66,0.011928
6,67,0.039876
6,68,0.025959
6,69,0.043715
6,70,0.160797
6,71,0.136228
6,72,0.081784
6,73,0.299118
6,74,0.387190
6,75,0.225091
6,76,0.073268
6,77,0.080331
6,78,0.081310
6,79,0.009674
6,80,0.042758
6,81,0.086652
6,82,0.181336
6,83,0.060666
6,84,0.176171
6,85,0.202172
6,86,0.161605
6,87,0.099417
6,88,0.045609
6,89,0.017529
6,90,0.032676
6,91,0.039783
6,92,0.092222
6,93,0.076557
6,94,0.054961
6,95,0.093329
6,96,0.080930
6,97,0.039533
6,98,0.021458
6,99,0.136442
6,100,0.064415
6,101,0.095660
6,102,0.030121
6,103,0.105095
6,104,0.156143
6,105,0.280111
6,106,0.256557
6,107,0.291270
6,108,0.217380
6,109,0.214551
6,110,0.154437
6,111,0.095674
6,112,0.146827
6,113,0.189707
6,114,0.125959
6,115,0.206054
6,116,0.251659
6,117,0.251402
6,118,0.172701
6,119,0.294634
6,120,0.278465
6,121,0.286670
6,122,0.139005
6,123,0.096172
6,124,0.029939
6,125,0.013198
6,126,0.147818
6,127,0.229975
6,128,0.298391
6,129,0.357176
6,130,0.437315
6,131,0.401784
6,132,0.248870
7,1,0.119584
7,2,0.047789
7,3,0.013962
7,4,0.049227
7,5,0.088587
7,6,0.067411
7,7,0.000000
7,8,0.013037
7,9,0.002079
7,10,0.234141
7,11,0.217649
7,12,0.235547
7,13,0.076976
7,14,0.083632
7,15,0.131567
7,16,0.152731
7,17,0.096672
7,18,0.296184
7,19,0.248753
7,20,0.177532
7,21,0.121949
7,22,0.160128
7,23,0.239281
7,24,0.148397
7,25,0.226803
7,26,0.209362
7,27,0.107476
7,28,0.158502
7,29,0.063824
7,30,0.132395
7,31,0.045739
7,32,0.221287
7,33,0.122160
7,34,0.060205
7,35,0.146782
7,36,0.106239
7,37,0.256794
7,38,0.086944
7,39,0.083367
7,40,0.105169
7,41,0.072498
7,42,0.017504
7,43,0.095793
7,44,0.146564
7,45,0.025170
7,46,0.010702
7,47,0.032572
7,48,0.119466
7,49,0.075981
7,50,0.165615
7,51,0.157145
7,52,0.170152
7,53,0.206786
7,54,0.160356
7,55,0.236834
7,56,0.129153
7,57,0.203072
7,58,0.123431
7,59,0.073761
7,60,0.098299
7,61,0.053311
7,62,0.071865
7,63,0.104761
7,64,0.071661
7,65,0.062808
7,66,0.027277
7,67,0.055384
7,68,0.029322
7,69,0.071459
7,70,0.148111
7,71,0.136277
7,72,0.126963
7,73,0.300738
7,74,0.329500
7,75,0.172207
7,76,0.120468
7,77,0.106795
7,78,0.115338
7,79,0.020686
7,80,0.006157
7,81,0.070793
7,82,0.172843
7,83,0.069394
7,84,0.150419
7,85,0.172516
7,86,0.157819
7,87,0.066398
7,88,0.017458
7,89,0.035192
7,90,0.022672
7,91,0.050974
7,92,0.108325
7,93,0.058941
7,94,0.096133
7,95,0.131711
7,96,0.119557
7,97,0.037212
7,98,0.079994
7,99,0.218027
7,100,0.181184
7,101,0.013848
7,102,0.033803
7,103,0.184041
7,104,0.242917
7,105,0.320158
7,106,0.274140
7,107,0.257537
7,108,0.177408
7,109,0.180486
7,110,0.128145
7,111,0.046291
7,112,0.103405
7,113,0.132219
7,114,0.134053
7,115,0.201697
7,116,0.264208
7,117,0.276128
7,118,0.220945
7,119,0.329743
7,120,0.305027
7,121,0.323209
7,122,0.169597
7,123,0.124067
7,124,0.065198
7,125,0.040009
7,126,0.197235
7,127,0.286748
7,128,0.362374
7,129,0.357998
7,130,0.419651
7,131,0.411325
7,132,0.278105
8,1,0.127244
8,2,0.044680
8,3,0.010523
8,4,0.019702
8,5,0.066195
8,6,0.074596
8,7,0.013037
8,8,0.000000
8,9,0.001434
8,10,0.222588
8,11,0.191770
8,12,0.236009
8,13,0.039351
8,14,0.102019
8,15,0.161250
8,16,0.174023
8,17,0.110599
8,18,0.266059
8,19,0.232693
8,20,0.133929
8,21,0.095274
8,22,0.165332
8,23,0.222037
8,24,0.149777
8,25,0.226117
8,26,0.209185
8,27,0.123474
8,28,0.155272
8,29,0.032691
8,30,0.121747
8,31,0.033462
8,32,0.208369
8,33,0.143632
8,34,0.038249
8,35,0.102197
8,36,0.056539
8,37,0.236078
8,38,0.109455
8,39,0.103363
8,40,0.070309
8,41,0.028048
8,42,0.072131
8,43,0.041541
8,44,0.063691
8,45,0.055379
8,46,0.054300
8,47,0.075976
8,48,0.160297
8,49,0.097001
8,50,0.177188
8,51,0.163038
8,52,0.150938
8,53,0.188917
8,54,0.138295
8,55,0.210383
8,56,0.124949
8,57,0.197673
8,58,0.117130
8,59,0.040814
8,60,0.079661
8,61,0.013978
8,62,0.017200
8,63,0.053128
8,64,0.021727
8,65,0.087854
8,66,0.097646
8,67,0.004171
8,68,0.079083
8,69,0.104988
8,70,0.142443
8,71,0.124520
8,72,0.129401
8,73,0.259508
8,74,0.251944
8,75,0.137987
8,76,0.113661
8,77,0.092350
8,78,0.112000
8,79,0.001017
8,80,0.037410
8,81,0.040886
8,82,0.135720
8,83,0.045868
8,84,0.095643
8,85,0.115756
8,86,0.122605
8,87,0.037386
8,88,0.066805
8,89,0.075724
8,90,0.000550
8,91,0.046253
8,92,0.094500
8,93,0.046952
8,94,0.091317
8,95,0.129635
8,96,0.109920
8,97,0.069555
8,98,0.100390
8,99,0.226583
8,100,0.218090
8,101,0.048273
8,102,0.068849
8,103,0.190304
8,104,0.242612
8,105,0.296299
8,106,0.249300
8,107,0.211519
8,108,0.128820
8,109,0.138303
8,110,0.098593
8,111,0.037822
8,112,0.099330
8,113,0.115244
8,114,0.124057
8,115,0.166236
8,116,0.221237
8,117,0.252957
8,118,0.211647
8,119,0.342362
8,120,0.314338
8,121,0.316624
8,122,0.188884
8,123,0.155404
8,124,0.111693
8,125,0.101766
8,126,0.235800
8,127,0.301500
8,128,0.359185
8,129,0.315083
8,130,0.376975
8,131,0.384800
8,132,0.260196
9,1,0.061441
9,2,0.011219
9,3,0.046447
9,4,0.051060
9,5,0.006184
9,6,0.062440
9,7,0.002079
9,8,0.001434
9,9,0.000000
9,10,0.265768
9,11,0.214224
9,12,0.110513
9,13,0.053643
9,14,0.079992
9,15,0.183223
9,16,0.191465
9,17,0.125972
9,18,0.221695
9,19,0.176989
9,20,0.024480
9,21,0.039472
9,22,0.177732
9,23,0.174470
9,24,0.138419
9,25,0.189448
9,26,0.196964
9,27,0.180937
9,28,0.205500
9,29,0.093093
9,30,0.040253
9,31,0.057708
9,32,0.192350
9,33,0.227856
9,34,0.016142
9,35,0.092609
9,36,0.046430
9,37,0.232645
9,38,0.105208
9,39,0.101173
9,40,0.009219
9,41,0.061578
9,42,0.140548
9,43,0.044906
9,44,0.062658
9,45,0.161336
9,46,0.112358
9,47,0.065570
9,48,0.155849
9,49,0.070662
9,50,0.099242
9,51,0.135535
9,52,0.088429
9,53,0.150765
9,54,0.091114
9,55,0.127894
9,56,0.096729
9,57,0.166538
9,58,0.092661
9,59,0.007286
9,60,0.038812
9,61,0.025246
9,62,0.036685
9,63,0.031715
9,64,0.070167
9,65,0.158884
9,66,0.198669
9,67,0.106581
9,68,0.132787
9,69,0.163949
9,70,0.154281
9,71,0.125648
9,72,0.153686
9,73,0.207288
9,74,0.170953
9,75,0.148538
9,76,0.012330
9,77,0.046389
9,78,0.078310
9,79,0.046406
9,80,0.056034
9,81,0.006104
9,82,0.046152
9,83,0.022964
9,84,0.023891
9,85,0.013635
9,86,0.037396
9,87,0.051741
9,88,0.147616
9,89,0.129782
9,90,0.043560
9,91,0.057464
9,92,0.053795
9,93,0.026505
9,94,0.056958
9,95,0.085859
9,96,0.048290
9,97,0.043186
9,98,0.080013
9,99,0.163454
9,100,0.158971
9,101,0.065569
9,102,0.084920
9,103,0.113697
9,104,0.119860
9,105,0.194550
9,106,0.177133
9,107,0.133988
9,108,0.044620
9,109,0.062390
9,110,0.055745
9,111,0.071898
9,112,0.105276
9,113,0.109410
9,114,0.112537
9,115,0.127038
9,116,0.120094
9,117,0.153785
9,118,0.154981
9,119,0.312633
9,120,0.288207
9,121,0.271626
9,122,0.205807
9,123,0.171293
9,124,0.178784
9,125,0.167133
9,126,0.229150
9,127,0.238022
9,128,0.265553
9,129,0.211677
9,130,0.278978
9,131,0.275809
9,132,0.147251
10,1,0.207313
10,2,0.167127
10,3,0.255359
10,4,0.276967
10,5,0.317542
10,6,0.278718
10,7,0.234141
10,8,0.222588
10,9,0.265768
10,10,0.000000
10,11,0.134203
10,12,0.091828
10,13,0.044123
10,14,0.119996
10,15,0.185351
10,16,0.231691
10,17,0.271062
10,18,0.327466
10,19,0.272951
10,20,0.181079
10,21,0.127630
10,22,0.159894
10,23,0.149379
10,24,0.060124
10,25,0.111772
10,26,0.108216
10,27,0.110580
10,28,0.213978
10,29,0.089444
10,30,0.046043
10,31,0.081001
10,32,0.196231
10,33,0.123201
10,34,0.081762
10,35,0.162559
10,36,0.164552
10,37,0.198875
10,38,0.104584
10,39,0.093052
10,40,0.020926
10,41,0.014547
10,42,0.147593
10,43,0.036072
10,44,0.115343
10,45,0.033364
10,46,0.018143
10,47,0.034325
10,48,0.131641
10,49,0.044217
10,50,0.090406
10,51,0.088479
10,52,0.034399
10,53,0.186235
10,54,0.061574
10,55,0.102165
10,56,0.016343
10,57,0.171976
10,58,0.106540
10,59,0.013244
10,60,0.058207
10,61,0.025448
10,62,0.067193
10,63,0.067149
10,64,0.055610
10,65,0.062036
10,66,0.079491
10,67,0.038061
10,68,0.066004
10,69,0.087169
10,70,0.093451
10,71,0.052856
10,72,0.045244
10,73,0.260801
10,74,0.335751
10,75,0.272885
10,76,0.012255
10,77,0.039599
10,78,0.068640
10,79,0.073209
10,80,0.039729
10,81,0.051238
10,82,0.021627
10,83,0.133472
10,84,0.085604
10,85,0.031151
10,86,0.036015
10,87,0.076125
10,88,0.116506
10,89,0.126684
10,90,0.068540
10,91,0.066798
10,92,0.006647
10,93,0.012652
10,94,0.047044
10,95,0.081840
10,96,0.094230
10,97,0.011546
10,98,0.014704
10,99,0.101028
10,100,0.088719
10,101,0.015439
10,102,0.019794
10,103,0.109338
10,104,0.161546
10,105,0.208125
10,106,0.175288
10,107,0.216047
10,108,0.234335
10,109,0.219550
10,110,0.182271
10,111,0.152141
10,112,0.156221
10,113,0.195484
10,114,0.101526
10,115,0.129330
10,116,0.172864
10,117,0.212064
10,118,0.145692
10,119,0.253386
10,120,0.251390
10,121,0.199471
10,122,0.158500
10,123,0.182708
10,124,0.141582
10,125,0.136514
10,126,0.205037
10,127,0.190655
10,128,0.184590
10,129,0.284549
10,130,0.299816
10,131,0.339767
10,132,0.194525
11,1,0.203606
11,2,0.141404
11,3,0.208861
11,4,0.246055
11,5,0.296506
11,6,0.267930
11,7,0.217649
11,8,0.191770
11,9,0.214224
11,10,0.134203
11,11,0.000000
11,12,0.023738
11,13,0.016128
11,14,0.082792
11,15,0.186335
11,16,0.246746
11,17,0.274700
11,18,0.355175
11,19,0.266190
11,20,0.173727
11,21,0.093382
11,22,0.158676
11,23,0.159304
11,24,0.099120
11,25,0.148942
11,26,0.150875
11,27,0.151370
11,28,0.266033
11,29,0.102327
11,30,0.051047
11,31,0.107409
11,32,0.227783
11,33,0.153419
11,34,0.106503
11,35,0.197047
11,36,0.181163
11,37,0.204962
11,38,0.071940
11,39,0.042441
11,40,0.086524
11,41,0.057528
11,42,0.091431
11,43,0.018960
11,44,0.113336
11,45,0.049242
11,46,0.002476
11,47,0.024521
11,48,0.101668
11,49,0.001381
11,50,0.067265
11,51,0.063844
11,52,0.032484
11,53,0.163602
11,54,0.058109
11,55,0.107934
11,56,0.005467
11,57,0.139355
11,58,0.069026
11,59,0.065020
11,60,0.100565
11,61,0.086840
11,62,0.098720
11,63,0.090280
11,64,0.051266
11,65,0.062171
11,66,0.035664
11,67,0.033674
11,68,0.054667
11,69,0.073193
11,70,0.116864
11,71,0.080462
11,72,0.041561
11,73,0.293223
11,74,0.359881
11,75,0.254419
11,76,0.052454
11,77,0.083530
11,78,0.123189
11,79,0.037138
11,80,0.038777
11,81,0.030443
11,82,0.067183
11,83,0.046353
11,84,0.014754
11,85,0.045335
11,86,0.020453
11,87,0.037076
11,88,0.073345
11,89,0.079921
11,90,0.036487
11,91,0.033560
11,92,0.067375
11,93,0.005450
11,94,0.062454
11,95,0.085488
11,96,0.077131
11,97,0.027044
11,98,0.008779
11,99,0.115848
11,100,0.074769
11,101,0.008095
11,102,0.007483
11,103,0.098762
11,104,0.151760
11,105,0.206340
11,106,0.204315
11,107,0.236456
11,108,0.204720
11,109,0.216004
11,110,0.169136
11,111,0.140585
11,112,0.162313
11,113,0.208362
11,114,0.137995
11,115,0.161790
11,116,0.203104
11,117,0.233019
11,118,0.168101
11,119,0.258056
11,120,0.258500
11,121,0.192148
11,122,0.137318
11,123,0.142274
11,124,0.068541
11,125,0.064454
11,126,0.178659
11,127,0.229317
11,128,0.250552
11,129,0.322904
11,130,0.334646
11,131,0.343048
11,132,0.204857
12,1,0.080631
12,2,0.138783
12,3,0.195575
12,4,0.213534
12,5,0.220002
12,6,0.206960
12,7,0.235547
12,8,0.236009
12,9,0.110513
12,10,0.091828
12,11,0.023738
12,12,0.000000
12,13,0.224061
12,14,0.224244
12,15,0.157480
12,16,0.109996
12,17,0.152308
12,18,0.115658
12,19,0.115700
12,20,0.145400
12,21,0.047557
12,22,0.065549
12,23,0.006046
12,24,0.037430
12,25,0.010195
12,26,0.031381
12,27,0.092051
12,28,0.037150
12,29,0.157865
12,30,0.115603
12,31,0.153840
12,32,0.016611
12,33,0.040488
12,34,0.075742
12,35,0.060123
12,36,0.040195
12,37,0.096839
12,38,0.014540
12,39,0.016465
12,40,0.045712
12,41,0.043594
12,42,0.095773
12,43,0.051757
12,44,0.114450
12,45,0.139408
12,46,0.031997
12,47,0.016301
12,48,0.003007
12,49,0.029822
12,50,0.056009
12,51,0.030638
12,52,0.021072
12,53,0.090499
12,54,0.058412
12,55,0.026661
12,56,0.013920
12,57,0.040347
12,58,0.026522
12,59,0.014688
12,60,0.015722
12,61,0.033424
12,62,0.055420
12,63,0.005977
12,64,0.034584
12,65,0.025779
12,66,0.131252
12,67,0.000954
12,68,0.034024
12,69,0.022144
12,70,0.015520
12,71,0.011926
12,72,0.011085
12,73,0.052598
12,74,0.086355
12,75,0.000662
12,76,0.010608
12,77,0.042442
12,78,0.026365
12,79,0.005752
12,80,0.033970
12,81,0.043951
12,82,0.048525
12,83,0.027442
12,84,0.055547
12,85,0.082791
12,86,0.017130
12,87,0.103184
12,88,0.103486
12,89,0.102829
12,90,0.088695
12,91,0.050272
12,92,0.021491
12,93,0.000563
12,94,0.081231
12,95,0.083534
12,96,0.013561
12,97,0.084037
12,98,0.120814
12,99,0.082847
12,100,0.041944
12,101,0.085993
12,102,0.084545
12,103,0.032910
12,104,0.015689
12,105,0.015583
12,106,0.019166
12,107,0.030863
12,108,0.137500
12,109,0.131352
12,110,0.095201
12,111,0.046794
12,112,0.032583
12,113,0.044285
12,114,0.052741
12,115,0.020227
12,116,0.052532
12,117,0.016191
12,118,0.057727
12,119,0.113507
12,120,0.084668
12,121,0.055456
12,122,0.010914
12,123,0.026700
12,124,0.103517
12,125,0.103761
12,126,0.043482
12,127,0.037729
12,128,0.066549
12,129,0.010192
12,130,0.037357
12,131,0.006112
12,132,0.043500
13,1,0.052545
13,2,0.070470
13,3,0.022289
13,4,0.050925
13,5,0.084833
13,6,0.083859
13,7,0.076976
13,8,0.039351
13,9,0.053643
13,10,0.044123
13,11,0.016128
13,12,0.224061
13,13,0.000000
13,14,0.012324
13,15,0.005788
13,16,0.015548
13,17,0.071869
13,18,0.044344
13,19,0.004032
13,20,0.041526
13,21,0.000006
13,22,0.065370
13,23,0.107246
13,24,0.100373
13,25,0.120759
13,26,0.107474
13,27,0.010320
13,28,0.074186
13,29,0.084207
13,30,0.018529
13,31,0.034036
13,32,0.071851
13,33,0.096062
13,34,0.021029
13,35,0.044413
13,36,0.037681
13,37,0.144349
13,38,0.097241
13,39,0.095327
13,40,0.046338
13,41,0.060385
13,42,0.075645
13,43,0.018642
13,44,0.034433
13,45,0.063990
13,46,0.003421
13,47,0.039042
13,48,0.069391
13,49,0.062641
13,50,0.091908
13,51,0.127351
13,52,0.107177
13,53,0.136323
13,54,0.128889
13,55,0.124108
13,56,0.119413
13,57,0.172774
13,58,0.156153
13,59,0.108564
13,60,0.042229
13,61,0.127220
13,62,0.128128
13,63,0.038765
13,64,0.059398
13,65,0.043807
13,66,0.125101
13,67,0.125309
13,68,0.063365
13,69,0.053659
13,70,0.094065
13,71,0.099995
13,72,0.099906
13,73,0.019771
13,74,0.023260
13,75,0.006221
13,76,0.051071
13,77,0.031451
13,78,0.028223
13,79,0.029051
13,80,0.096009
13,81,0.051179
13,82,0.042533
13,83,0.023512
13,84,0.014458
13,85,0.004189
13,86,0.043074
13,87,0.039303
13,88,0.073357
13,89,0.091850
13,90,0.041466
13,91,0.040853
13,92,0.044536
13,93,0.010303
13,94,0.117104
13,95,0.105248
13,96,0.082826
13,97,0.146320
13,98,0.156126
13,99,0.201386
13,100,0.218911
13,101,0.110531
13,102,0.130760
13,103,0.159906
13,104,0.189626
13,105,0.183755
13,106,0.170332
13,107,0.108291
13,108,0.012179
13,109,0.019728
13,110,0.025259
13,111,0.007174
13,112,0.033079
13,113,0.022414
13,114,0.091656
13,115,0.097432
13,116,0.114844
13,117,0.162362
13,118,0.172195
13,119,0.268493
13,120,0.235985
13,121,0.232589
13,122,0.079106
13,123,0.065376
13,124,0.131222
13,125,0.116828
13,126,0.152519
13,127,0.179852
13,128,0.206090
13,129,0.150215
13,130,0.221095
13,131,0.234686
13,132,0.180546
14,1,0.161411
14,2,0.045062
14,3,0.077356
14,4,0.077953
14,5,0.102162
14,6,0.116901
14,7,0.083632
14,8,0.102019
14,9,0.079992
14,10,0.119996
14,11,0.082792
14,12,0.224244
14,13,0.012324
14,14,0.000000
14,15,0.091191
14,16,0.171782
14,17,0.123067
14,18,0.152075
14,19,0.142019
14,20,0.057141
14,21,0.044570
14,22,0.094793
14,23,0.184560
14,24,0.137664
14,25,0.193324
14,26,0.153270
14,27,0.059598
14,28,0.001095
14,29,0.004418
14,30,0.069619
14,31,0.047850
14,32,0.242116
14,33,0.152428
14,34,0.004959
14,35,0.026881
14,36,0.031044
14,37,0.196855
14,38,0.134791
14,39,0.111878
14,40,0.002060
14,41,0.049629
14,42,0.064678
14,43,0.057115
14,44,0.094519
14,45,0.014515
14,46,0.018057
14,47,0.052520
14,48,0.108834
14,49,0.068262
14,50,0.137105
14,51,0.138609
14,52,0.116997
14,53,0.135745
14,54,0.096738
14,55,0.153757
14,56,0.113147
14,57,0.193865
14,58,0.130857
14,59,0.012523
14,60,0.005024
14,61,0.079358
14,62,0.078976
14,63,0.010985
14,64,0.019917
14,65,0.081635
14,66,0.121863
14,67,0.103182
14,68,0.018230
14,69,0.100359
14,70,0.136014
14,71,0.120412
14,72,0.114987
14,73,0.144446
14,74,0.129121
14,75,0.102831
14,76,0.046047
14,77,0.026596
14,78,0.002450
14,79,0.100487
14,80,0.135611
14,81,0.084745
14,82,0.026982
14,83,0.027351
14,84,0.019412
14,85,0.032121
14,86,0.033367
14,87,0.002815
14,88,0.065527
14,89,0.082107
14,90,0.000103
14,91,0.041210
14,92,0.050916
14,93,0.005999
14,94,0.082313
14,95,0.115199
14,96,0.109438
14,97,0.099588
14,98,0.101659
14,99,0.211646
14,100,0.227300
14,101,0.059272
14,102,0.066776
14,103,0.163074
14,104,0.235591
14,105,0.284341
14,106,0.257798
14,107,0.229491
14,108,0.175372
14,109,0.185944
14,110,0.144790
14,111,0.114408
14,112,0.143782
14,113,0.127071
14,114,0.140878
14,115,0.178800
14,116,0.224397
14,117,0.263991
14,118,0.201475
14,119,0.325564
14,120,0.299428
14,121,0.285805
14,122,0.128050
14,123,0.126097
14,124,0.118207
14,125,0.091612
14,126,0.194094
14,127,0.251115
14,128,0.263859
14,129,0.258411
14,130,0.331519
14,131,0.330650
14,132,0.201232
15,1,0.229645
15,2,0.115110
15,3,0.143500
15,4,0.160916
15,5,0.166948
15,6,0.128580
15,7,0.131567
15,8,0.161250
15,9,0.183223
15,10,0.185351
15,11,0.186335
15,12,0.157480
15,13,0.005788
15,14,0.091191
15,15,0.000000
15,16,0.120408
15,17,0.125458
15,18,0.300205
15,19,0.224752
15,20,0.167000
15,21,0.085844
15,22,0.131308
15,23,0.236788
15,24,0.158023
15,25,0.228975
15,26,0.216992
15,27,0.149952
15,28,0.101684
15,29,0.084495
15,30,0.104806
15,31,0.072434
15,32,0.258411
15,33,0.090548
15,34,0.057437
15,35,0.123893
15,36,0.120398
15,37,0.269984
15,38,0.129139
15,39,0.115606
15,40,0.021995
15,41,0.000953
15,42,0.027826
15,43,0.109576
15,44,0.188147
15,45,0.061565
15,46,0.029271
15,47,0.025687
15,48,0.097715
15,49,0.053482
15,50,0.133454
15,51,0.154289
15,52,0.138994
15,53,0.156572
15,54,0.119688
15,55,0.185245
15,56,0.105240
15,57,0.197534
15,58,0.136040
15,59,0.030421
15,60,0.047291
15,61,0.008357
15,62,0.007140
15,63,0.013826
15,64,0.007703
15,65,0.112970
15,66,0.075184
15,67,0.113639
15,68,0.018079
15,69,0.093847
15,70,0.196920
15,71,0.178487
15,72,0.138055
15,73,0.268188
15,74,0.309130
15,75,0.209498
15,76,0.023743
15,77,0.045587
15,78,0.018054
15,79,0.057833
15,80,0.054022
15,81,0.023265
15,82,0.087178
15,83,0.026016
15,84,0.073441
15,85,0.107630
15,86,0.084103
15,87,0.053744
15,88,0.012957
15,89,0.052917
15,90,0.002987
15,91,0.084172
15,92,0.049345
15,93,0.043537
15,94,0.078676
15,95,0.115906
15,96,0.119255
15,97,0.020332
15,98,0.044323
15,99,0.166938
15,100,0.142738
15,101,0.019287
15,102,0.013649
15,103,0.135199
15,104,0.213980
15,105,0.284752
15,106,0.243506
15,107,0.271369
15,108,0.255746
15,109,0.253878
15,110,0.177924
15,111,0.119182
15,112,0.159971
15,113,0.175636
15,114,0.129235
15,115,0.200380
15,116,0.258566
15,117,0.272753
15,118,0.190806
15,119,0.305145
15,120,0.301520
15,121,0.288896
15,122,0.130102
15,123,0.117821
15,124,0.086644
15,125,0.051630
15,126,0.162726
15,127,0.231917
15,128,0.279318
15,129,0.338371
15,130,0.404091
15,131,0.383572
15,132,0.240473
16,1,0.176582
16,2,0.085888
16,3,0.148210
16,4,0.158344
16,5,0.172294
16,6,0.121746
16,7,0.152731
16,8,0.174023
16,9,0.191465
16,10,0.231691
16,11,0.246746
16,12,0.109996
16,13,0.015548
16,14,0.171782
16,15,0.120408
16,16,0.000000
16,17,0.079018
16,18,0.365806
16,19,0.292356
16,20,0.197983
16,21,0.089671
16,22,0.145612
16,23,0.228389
16,24,0.144378
16,25,0.208215
16,26,0.219825
16,27,0.172097
16,28,0.143895
16,29,0.115814
16,30,0.148601
16,31,0.141176
16,32,0.221458
16,33,0.083450
16,34,0.062424
16,35,0.206609
16,36,0.170828
16,37,0.308114
16,38,0.136611
16,39,0.119630
16,40,0.036116
16,41,0.000263
16,42,0.050927
16,43,0.079772
16,44,0.176664
16,45,0.056277
16,46,0.001729
16,47,0.025023
16,48,0.091729
16,49,0.056851
16,50,0.120186
16,51,0.122520
16,52,0.146147
16,53,0.144618
16,54,0.113511
16,55,0.177612
16,56,0.100288
16,57,0.152668
16,58,0.083225
16,59,0.085027
16,60,0.063380
16,61,0.056169
16,62,0.060271
16,63,0.038948
16,64,0.029831
16,65,0.137553
16,66,0.088427
16,67,0.001727
16,68,0.065967
16,69,0.099105
16,70,0.193439
16,71,0.164392
16,72,0.098718
16,73,0.270652
16,74,0.321028
16,75,0.208736
16,76,0.019206
16,77,0.098588
16,78,0.055494
16,79,0.092393
16,80,0.027163
16,81,0.015963
16,82,0.149715
16,83,0.023894
16,84,0.127055
16,85,0.159787
16,86,0.134807
16,87,0.103635
16,88,0.039905
16,89,0.034447
16,90,0.049248
16,91,0.062737
16,92,0.026330
16,93,0.038463
16,94,0.056064
16,95,0.105821
16,96,0.125874
16,97,0.000548
16,98,0.043209
16,99,0.177360
16,100,0.125783
16,101,0.047695
16,102,0.005768
16,103,0.115047
16,104,0.194107
16,105,0.306820
16,106,0.268703
16,107,0.299920
16,108,0.296789
16,109,0.286490
16,110,0.216388
16,111,0.139624
16,112,0.185732
16,113,0.186794
16,114,0.136505
16,115,0.210762
16,116,0.256054
16,117,0.278213
16,118,0.184227
16,119,0.304634
16,120,0.291330
16,121,0.283002
16,122,0.128044
16,123,0.114058
16,124,0.041065
16,125,0.004133
16,126,0.151068
16,127,0.218885
16,128,0.280206
16,129,0.336806
16,130,0.416357
16,131,0.376105
16,132,0.212144
17,1,0.137564
17,2,0.030331
17,3,0.074129
17,4,0.090632
17,5,0.111399
17,6,0.069026
17,7,0.096672
17,8,0.110599
17,9,0.125972
17,10,0.271062
17,11,0.274700
17,12,0.152308
17,13,0.071869
17,14,0.123067
17,15,0.125458
17,16,0.079018
17,17,0.000000
17,18,0.338688
17,19,0.257950
17,20,0.190742
17,21,0.097406
17,22,0.140447
17,23,0.204735
17,24,0.128390
17,25,0.190082
17,26,0.196436
17,27,0.167394
17,28,0.158900
17,29,0.126418
17,30,0.122168
17,31,0.175776
17,32,0.203040
17,33,0.094008
17,34,0.074376
17,35,0.243814
17,36,0.172396
17,37,0.287825
17,38,0.101694
17,39,0.081558
17,40,0.081004
17,41,0.051548
17,42,0.005454
17,43,0.114928
17,44,0.200748
17,45,0.090851
17,46,0.021777
17,47,0.001527
17,48,0.073533
17,49,0.036012
17,50,0.103026
17,51,0.100815
17,52,0.142443
17,53,0.149965
17,54,0.121760
17,55,0.189373
17,56,0.096045
17,57,0.140279
17,58,0.046511
17,59,0.135415
17,60,0.098893
17,61,0.109483
17,62,0.126923
17,63,0.088852
17,64,0.074618
17,65,0.091487
17,66,0.043094
17,67,0.008478
17,68,0.063851
17,69,0.062176
17,70,0.149140
17,71,0.114644
17,72,0.051108
17,73,0.264786
17,74,0.336409
17,75,0.181049
17,76,0.084996
17,77,0.086630
17,78,0.068337
17,79,0.035577
17,80,0.011234
17,81,0.065668
17,82,0.187987
17,83,0.076554
17,84,0.205174
17,85,0.223255
17,86,0.196304
17,87,0.135955
17,88,0.076203
17,89,0.065780
17,90,0.067635
17,91,0.039949
17,92,0.068499
17,93,0.067436
17,94,0.041948
17,95,0.100189
17,96,0.119701
17,97,0.023621
17,98,0.040709
17,99,0.164915
17,100,0.084704
17,101,0.078847
17,102,0.014818
17,103,0.099376
17,104,0.150298
17,105,0.280068
17,106,0.249892
17,107,0.293193
17,108,0.254577
17,109,0.252486
17,110,0.193512
17,111,0.094406
17,112,0.138105
17,113,0.165545
17,114,0.130295
17,115,0.213723
17,116,0.270509
17,117,0.287480
17,118,0.176708
17,119,0.262099
17,120,0.236269
17,121,0.252828
17,122,0.112448
17,123,0.086429
17,124,0.009748
17,125,0.050048
17,126,0.133314
17,127,0.228818
17,128,0.300817
17,129,0.351265
17,130,0.428962
17,131,0.357561
17,132,0.174279
18,1,0.204624
18,2,0.174724
18,3,0.257057
18,4,0.271778
18,5,0.338376
18,6,0.360913
18,7,0.296184
18,8,0.266059
18,9,0.221695
18,10,0.327466
18,11,0.355175
18,12,0.115658
18,13,0.044344
18,14,0.152075
18,15,0.300205
18,16,0.365806
18,17,0.338688
18,18,0.000000
18,19,0.177586
18,20,0.042427
18,21,0.124491
18,22,0.121451
18,23,0.155071
18,24,0.105641
18,25,0.169923
18,26,0.158734
18,27,0.231902
18,28,0.280252
18,29,0.159761
18,30,0.161652
18,31,0.039899
18,32,0.228469
18,33,0.175377
18,34,0.150736
18,35,0.117496
18,36,0.039484
18,37,0.230470
18,38,0.075830
18,39,0.080353
18,40,0.080083
18,41,0.054065
18,42,0.075780
18,43,0.050725
18,44,0.013949
18,45,0.028932
18,46,0.047432
18,47,0.057214
18,48,0.131713
18,49,0.025665
18,50,0.113106
18,51,0.045255
18,52,0.016822
18,53,0.110271
18,54,0.024645
18,55,0.100726
18,56,0.025527
18,57,0.036945
18,58,0.070031
18,59,0.155981
18,60,0.152693
18,61,0.120641
18,62,0.107906
18,63,0.086446
18,64,0.024789
18,65,0.093901
18,66,0.103789
18,67,0.100717
18,68,0.163846
18,69,0.098600
18,70,0.106848
18,71,0.024981
18,72,0.082969
18,73,0.149541
18,74,0.258742
18,75,0.067856
18,76,0.246489
18,77,0.169012
18,78,0.225183
18,79,0.056252
18,80,0.001619
18,81,0.037354
18,82,0.110433
18,83,0.004653
18,84,0.058368
18,85,0.086292
18,86,0.100734
18,87,0.066025
18,88,0.079981
18,89,0.043605
18,90,0.059055
18,91,0.015046
18,92,0.076840
18,93,0.061760
18,94,0.001021
18,95,0.080649
18,96,0.071440
18,97,0.006462
18,98,0.064790
18,99,0.108627
18,100,0.091556
18,101,0.001739
18,102,0.035510
18,103,0.053296
18,104,0.086645
18,105,0.142096
18,106,0.154486
18,107,0.145213
18,108,0.110507
18,109,0.132291
18,110,0.138407
18,111,0.053875
18,112,0.081484
18,113,0.143954
18,114,0.133822
18,115,0.159695
18,116,0.194712
18,117,0.191901
18,118,0.091583
18,119,0.243316
18,120,0.234618
18,121,0.194526
18,122,0.163601
18,123,0.138334
18,124,0.094347
18,125,0.087479
18,126,0.192159
18,127,0.205574
18,128,0.271436
18,129,0.295941
18,130,0.275384
18,131,0.205456
18,132,0.064064
19,1,0.185396
19,2,0.145779
19,3,0.231903
19,4,0.239135
19,5,0.285652
19,6,0.282806
19,7,0.248753
19,8,0.232693
19,9,0.176989
19,10,0.272951
19,11,0.266190
19,12,0.115700
19,13,0.004032
19,14,0.142019
19,15,0.224752
19,16,0.292356
19,17,0.257950
19,18,0.177586
19,19,0.000000
19,20,0.001106
19,21,0.161540
19,22,0.005667
19,23,0.117537
19,24,0.104092
19,25,0.145196
19,26,0.114890
19,27,0.166831
19,28,0.167941
19,29,0.074674
19,30,0.146695
19,31,0.026363
19,32,0.217776
19,33,0.135311
19,34,0.119914
19,35,0.022543
19,36,0.042929
19,37,0.108774
19,38,0.037770
19,39,0.047409
19,40,0.079350
19,41,0.065461
19,42,0.010829
19,43,0.113473
19,44,0.021355
19,45,0.000291
19,46,0.049681
19,47,0.074757
19,48,0.162397
19,49,0.086851
19,50,0.162313
19,51,0.093787
19,52,0.051022
19,53,0.078446
19,54,0.028270
19,55,0.102350
19,56,0.027696
19,57,0.067986
19,58,0.018388
19,59,0.009914
19,60,0.076950
19,61,0.032223
19,62,0.018547
19,63,0.019426
19,64,0.025793
19,65,0.081517
19,66,0.090178
19,67,0.040091
19,68,0.141028
19,69,0.105729
19,70,0.098328
19,71,0.003126
19,72,0.046942
19,73,0.129335
19,74,0.208436
19,75,0.103970
19,76,0.116686
19,77,0.121046
19,78,0.148914
19,79,0.065697
19,80,0.082926
19,81,0.060582
19,82,0.017272
19,83,0.090702
19,84,0.050409
19,85,0.021929
19,86,0.010571
19,87,0.020836
19,88,0.110207
19,89,0.106381
19,90,0.007600
19,91,0.044338
19,92,0.017159
19,93,0.026053
19,94,0.013836
19,95,0.048290
19,96,0.044405
19,97,0.039190
19,98,0.046087
19,99,0.055100
19,100,0.067664
19,101,0.009049
19,102,0.058117
19,103,0.013884
19,104,0.081445
19,105,0.121511
19,106,0.134587
19,107,0.117422
19,108,0.110651
19,109,0.119626
19,110,0.111435
19,111,0.081200
19,112,0.106583
19,113,0.093595
19,114,0.085273
19,115,0.116630
19,116,0.178553
19,117,0.165090
19,118,0.046268
19,119,0.245182
19,120,0.227808
19,121,0.199594
19,122,0.172560
19,123,0.133602
19,124,0.134510
19,125,0.106826
19,126,0.157340
19,127,0.183376
19,128,0.224123
19,129,0.239343
19,130,0.246170
19,131,0.220949
19,132,0.152565
20,1,0.091416
20,2,0.016569
20,3,0.155304
20,4,0.173040
20,5,0.199361
20,6,0.193796
20,7,0.177532
20,8,0.133929
20,9,0.024480
20,10,0.181079
20,11,0.173727
20,12,0.145400
20,13,0.041526
20,14,0.057141
20,15,0.167000
20,16,0.197983
20,17,0.190742
20,18,0.042427
20,19,0.001106
20,20,0.000000
20,21,0.065056
20,22,0.061866
20,23,0.027468
20,24,0.033355
20,25,0.029519
20,26,0.016896
20,27,0.018110
20,28,0.097691
20,29,0.074313
20,30,0.010363
20,31,0.059514
20,32,0.166059
20,33,0.085116
20,34,0.102325
20,35,0.010824
20,36,0.004447
20,37,0.053994
20,38,0.028155
20,39,0.015959
20,40,0.171527
20,41,0.110098
20,42,0.021787
20,43,0.103241
20,44,0.003632
20,45,0.000081
20,46,0.031733
20,47,0.082153
20,48,0.045749
20,49,0.018860
20,50,0.080650
20,51,0.033894
20,52,0.064952
20,53,0.063986
20,54,0.036305
20,55,0.089084
20,56,0.068083
20,57,0.017029
20,58,0.061528
20,59,0.092630
20,60,0.047802
20,61,0.049050
20,62,0.070681
20,63,0.097415
20,64,0.052226
20,65,0.004005
20,66,0.002745
20,67,0.079325
20,68,0.100232
20,69,0.024791
20,70,0.020149
20,71,0.086415
20,72,0.155064
20,73,0.044656
20,74,0.148968
20,75,0.011419
20,76,0.200976
20,77,0.042055
20,78,0.116349
20,79,0.133490
20,80,0.130674
20,81,0.103543
20,82,0.038248
20,83,0.038740
20,84,0.025187
20,85,0.003511
20,86,0.035595
20,87,0.019445
20,88,0.071310
20,89,0.075344
20,90,0.010623
20,91,0.003420
20,92,0.053220
20,93,0.005207
20,94,0.042110
20,95,0.039384
20,96,0.068644
20,97,0.042605
20,98,0.039949
20,99,0.117571
20,100,0.097808
20,101,0.022856
20,102,0.017407
20,103,0.126187
20,104,0.109468
20,105,0.178527
20,106,0.186784
20,107,0.128581
20,108,0.052029
20,109,0.073094
20,110,0.091133
20,111,0.007068
20,112,0.002089
20,113,0.025977
20,114,0.079497
20,115,0.146167
20,116,0.181239
20,117,0.171589
20,118,0.117507
20,119,0.130918
20,120,0.123208
20,121,0.117470
20,122,0.100002
20,123,0.084096
20,124,0.024330
20,125,0.014616
20,126,0.125773
20,127,0.167043
20,128,0.213048
20,129,0.145722
20,130,0.154040
20,131,0.108700
20,132,0.032505
21,1,0.079139
21,2,0.022193
21,3,0.131404
21,4,0.126385
21,5,0.139411
21,6,0.111437
21,7,0.121949
21,8,0.095274
21,9,0.039472
21,10,0.127630
21,11,0.093382
21,12,0.047557
21,13,0.000006
21,14,0.044570
21,15,0.085844
21,16,0.089671
21,17,0.097406
21,18,0.124491
21,19,0.161540
21,20,0.065056
21,21,0.000000
21,22,0.071531
21,23,0.033806
21,24,0.017287
21,25,0.015820
21,26,0.002118
21,27,0.016938
21,28,0.099889
21,29,0.045185
21,30,0.052688
21,31,0.034126
21,32,0.076984
21,33,0.071580
21,34,0.016017
21,35,0.009894
21,36,0.019999
21,37,0.003122
21,38,0.032142
21,39,0.048299
21,40,0.145021
21,41,0.093992
21,42,0.078404
21,43,0.115277
21,44,0.004894
21,45,0.047003
21,46,0.016983
21,47,0.044571
21,48,0.048714
21,49,0.011830
21,50,0.048551
21,51,0.029262
21,52,0.003443
21,53,0.003298
21,54,0.001376
21,55,0.001136
21,56,0.061013
21,57,0.034594
21,58,0.014890
21,59,0.028849
21,60,0.000563
21,61,0.018884
21,62,0.025019
21,63,0.035584
21,64,0.001647
21,65,0.008041
21,66,0.011974
21,67,0.050093
21,68,0.079678
21,69,0.020677
21,70,0.008728
21,71,0.013397
21,72,0.034257
21,73,0.077392
21,74,0.097158
21,75,0.077155
21,76,0.035973
21,77,0.069888
21,78,0.015116
21,79,0.124806
21,80,0.156711
21,81,0.157697
21,82,0.168356
21,83,0.153242
21,84,0.119246
21,85,0.119446
21,86,0.092210
21,87,0.096980
21,88,0.121136
21,89,0.147404
21,90,0.116052
21,91,0.072011
21,92,0.020241
21,93,0.041409
21,94,0.058241
21,95,0.018562
21,96,0.049638
21,97,0.039695
21,98,0.037894
21,99,0.063375
21,100,0.030072
21,101,0.023294
21,102,0.010762
21,103,0.042850
21,104,0.033443
21,105,0.099591
21,106,0.133472
21,107,0.110949
21,108,0.044835
21,109,0.046587
21,110,0.084813
21,111,0.049238
21,112,0.046618
21,113,0.038069
21,114,0.044955
21,115,0.086585
21,116,0.079129
21,117,0.049415
21,118,0.049949
21,119,0.083812
21,120,0.087702
21,121,0.071021
21,122,0.096941
21,123,0.093667
21,124,0.052817
21,125,0.046497
21,126,0.067765
21,127,0.057075
21,128,0.084198
21,129,0.036964
21,130,0.044831
21,131,0.059804
21,132,0.059849
22,1,0.161036
22,2,0.160022
22,3,0.174559
22,4,0.167922
22,5,0.190107
22,6,0.182668
22,7,0.160128
22,8,0.165332
22,9,0.177732
22,10,0.159894
22,11,0.158676
22,12,0.065549
22,13,0.065370
22,14,0.094793
22,15,0.131308
22,16,0.145612
22,17,0.140447
22,18,0.121451
22,19,0.005667
22,20,0.061866
22,21,0.071531
22,22,0.000000
22,23,0.090394
22,24,0.140109
22,25,0.137303
22,26,0.129932
22,27,0.146491
22,28,0.103621
22,29,0.101486
22,30,0.024563
22,31,0.030391
22,32,0.113092
22,33,0.075934
22,34,0.002870
22,35,0.091719
22,36,0.047106
22,37,0.059736
22,38,0.060187
22,39,0.066591
22,40,0.025640
22,41,0.028190
22,42,0.004224
22,43,0.033568
22,44,0.007260
22,45,0.034243
22,46,0.101395
22,47,0.108689
22,48,0.153324
22,49,0.073661
22,50,0.065870
22,51,0.059267
22,52,0.022949
22,53,0.011351
22,54,0.053510
22,55,0.075464
22,56,0.084406
22,57,0.086071
22,58,0.036252
22,59,0.030019
22,60,0.012066
22,61,0.011395
22,62,0.023519
22,63,0.048709
22,64,0.103720
22,65,0.105449
22,66,0.117932
22,67,0.090388
22,68,0.170460
22,69,0.170123
22,70,0.125904
22,71,0.081432
22,72,0.079596
22,73,0.149494
22,74,0.089710
22,75,0.103795
22,76,0.011817
22,77,0.023838
22,78,0.019470
22,79,0.052210
22,80,0.091761
22,81,0.096257
22,82,0.103241
22,83,0.154569
22,84,0.119275
22,85,0.097636
22,86,0.043458
22,87,0.019020
22,88,0.052493
22,89,0.080999
22,90,0.071132
22,91,0.041445
22,92,0.012583
22,93,0.029587
22,94,0.045297
22,95,0.050054
22,96,0.070235
22,97,0.072523
22,98,0.074921
22,99,0.089797
22,100,0.071846
22,101,0.062612
22,102,0.068396
22,103,0.077898
22,104,0.060071
22,105,0.046650
22,106,0.054380
22,107,0.028381
22,108,0.022587
22,109,0.038673
22,110,0.064652
22,111,0.061609
22,112,0.063051
22,113,0.109289
22,114,0.046510
22,115,0.063007
22,116,0.097591
22,117,0.085641
22,118,0.032931
22,119,0.115620
22,120,0.130485
22,121,0.110513
22,122,0.144898
22,123,0.168870
22,124,0.166779
22,125,0.113109
22,126,0.095390
22,127,0.071508
22,128,0.062918
22,129,0.059443
22,130,0.047128
22,131,0.059881
22,132,0.060337
23,1,0.145596
23,2,0.148481
23,3,0.202239
23,4,0.202817
23,5,0.233110
23,6,0.243494
23,7,0.239281
23,8,0.222037
23,9,0.174470
23,10,0.149379
23,11,0.159304
23,12,0.006046
23,13,0.107246
23,14,0.184560
23,15,0.236788
23,16,0.228389
23,17,0.204735
23,18,0.155071
23,19,0.117537
23,20,0.027468
23,21,0.033806
23,22,0.090394
23,23,0.000000
23,24,0.083562
23,25,0.121178
23,26,0.142853
23,27,0.207377
23,28,0.048981
23,29,0.054298
23,30,0.034545
23,31,0.047930
23,32,0.181278
23,33,0.165831
23,34,0.040944
23,35,0.069635
23,36,0.078371
23,37,0.125283
23,38,0.124836
23,39,0.097202
23,40,0.017501
23,41,0.070990
23,42,0.031168
23,43,0.008432
23,44,0.025412
23,45,0.075285
23,46,0.068552
23,47,0.044783
23,48,0.104666
23,49,0.041069
23,50,0.010608
23,51,0.069297
23,52,0.017090
23,53,0.048982
23,54,0.056326
23,55,0.096482
23,56,0.084657
23,57,0.093217
23,58,0.043175
23,59,0.017112
23,60,0.021620
23,61,0.020820
23,62,0.011797
23,63,0.046993
23,64,0.087792
23,65,0.122588
23,66,0.140931
23,67,0.089396
23,68,0.103688
23,69,0.148404
23,70,0.149333
23,71,0.096467
23,72,0.048998
23,73,0.100438
23,74,0.053605
23,75,0.081524
23,76,0.032150
23,77,0.007269
23,78,0.005387
23,79,0.114796
23,80,0.132915
23,81,0.117457
23,82,0.053127
23,83,0.138266
23,84,0.124417
23,85,0.103746
23,86,0.054430
23,87,0.024849
23,88,0.096436
23,89,0.105039
23,90,0.033974
23,91,0.030883
23,92,0.043487
23,93,0.053661
23,94,0.018160
23,95,0.068385
23,96,0.082918
23,97,0.016385
23,98,0.031453
23,99,0.092529
23,100,0.076666
23,101,0.023396
23,102,0.068933
23,103,0.079341
23,104,0.103204
23,105,0.113523
23,106,0.108506
23,107,0.064732
23,108,0.073408
23,109,0.067912
23,110,0.096033
23,111,0.099675
23,112,0.088163
23,113,0.066714
23,114,0.047709
23,115,0.065843
23,116,0.117800
23,117,0.132738
23,118,0.076455
23,119,0.194983
23,120,0.210097
23,121,0.214882
23,122,0.150778
23,123,0.190594
23,124,0.141833
23,125,0.101621
23,126,0.128869
23,127,0.137422
23,128,0.141811
23,129,0.135110
23,130,0.121001
23,131,0.151353
23,132,0.104857
24,1,0.162275
24,2,0.147895
24,3,0.146312
24,4,0.132759
24,5,0.154313
24,6,0.131583
24,7,0.148397
24,8,0.149777
24,9,0.138419
24,10,0.060124
24,11,0.099120
24,12,0.037430
24,13,0.100373
24,14,0.137664
24,15,0.158023
24,16,0.144378
24,17,0.128390
24,18,0.105641
24,19,0.104092
24,20,0.033355
24,21,0.017287
24,22,0.140109
24,23,0.083562
24,24,0.000000
24,25,0.070529
24,26,0.101704
24,27,0.139707
24,28,0.055183
24,29,0.065000
24,30,0.015667
24,31,0.030168
24,32,0.165214
24,33,0.156032
24,34,0.038657
24,35,0.123670
24,36,0.116550
24,37,0.142593
24,38,0.100113
24,39,0.067378
24,40,0.003963
24,41,0.043941
24,42,0.037964
24,43,0.002774
24,44,0.000204
24,45,0.060896
24,46,0.074916
24,47,0.050705
24,48,0.111134
24,49,0.066540
24,50,0.050051
24,51,0.082503
24,52,0.060285
24,53,0.073853
24,54,0.078044
24,55,0.095264
24,56,0.106584
24,57,0.105941
24,58,0.057408
24,59,0.059156
24,60,0.046516
24,61,0.022201
24,62,0.057022
24,63,0.062379
24,64,0.102644
24,65,0.116370
24,66,0.148445
24,67,0.030110
24,68,0.044843
24,69,0.122414
24,70,0.131045
24,71,0.093243
24,72,0.050584
24,73,0.072868
24,74,0.034789
24,75,0.068273
24,76,0.050863
24,77,0.026760
24,78,0.000296
24,79,0.098790
24,80,0.134543
24,81,0.108097
24,82,0.060734
24,83,0.128158
24,84,0.115796
24,85,0.115880
24,86,0.046922
24,87,0.032443
24,88,0.086391
24,89,0.110390
24,90,0.056554
24,91,0.035759
24,92,0.041514
24,93,0.083343
24,94,0.037475
24,95,0.099529
24,96,0.108243
24,97,0.060147
24,98,0.074694
24,99,0.170834
24,100,0.134538
24,101,0.049327
24,102,0.119474
24,103,0.134100
24,104,0.098005
24,105,0.096395
24,106,0.091987
24,107,0.069595
24,108,0.041985
24,109,0.047067
24,110,0.064625
24,111,0.072272
24,112,0.074222
24,113,0.074232
24,114,0.085258
24,115,0.083034
24,116,0.117146
24,117,0.145436
24,118,0.112270
24,119,0.177985
24,120,0.179910
24,121,0.188547
24,122,0.125175
24,123,0.162087
24,124,0.146308
24,125,0.127786
24,126,0.134030
24,127,0.148837
24,128,0.172165
24,129,0.142438
24,130,0.129359
24,131,0.140028
24,132,0.095661
25,1,0.191600
25,2,0.191240
25,3,0.208985
25,4,0.199275
25,5,0.197099
25,6,0.204558
25,7,0.226803
25,8,0.226117
25,9,0.189448
25,10,0.111772
25,11,0.148942
25,12,0.010195
25,13,0.120759
25,14,0.193324
25,15,0.228975
25,16,0.208215
25,17,0.190082
25,18,0.169923
25,19,0.145196
25,20,0.029519
25,21,0.015820
25,22,0.137303
25,23,0.121178
25,24,0.070529
25,25,0.000000
25,26,0.067638
25,27,0.162092
25,28,0.087812
25,29,0.050770
25,30,0.000571
25,31,0.049960
25,32,0.187181
25,33,0.162033
25,34,0.008517
25,35,0.069769
25,36,0.099488
25,37,0.175996
25,38,0.135155
25,39,0.115578
25,40,0.041792
25,41,0.080752
25,42,0.074425
25,43,0.002579
25,44,0.000156
25,45,0.055812
25,46,0.046348
25,47,0.039995
25,48,0.097244
25,49,0.065850
25,50,0.062200
25,51,0.086703
25,52,0.073073
25,53,0.077260
25,54,0.070077
25,55,0.105079
25,56,0.076463
25,57,0.063861
25,58,0.040603
25,59,0.038039
25,60,0.009252
25,61,0.019634
25,62,0.043656
25,63,0.060706
25,64,0.118063
25,65,0.137876
25,66,0.181825
25,67,0.022427
25,68,0.033093
25,69,0.145744
25,70,0.087568
25,71,0.075243
25,72,0.051552
25,73,0.077984
25,74,0.045832
25,75,0.133828
25,76,0.095217
25,77,0.006495
25,78,0.001054
25,79,0.071676
25,80,0.109824
25,81,0.089278
25,82,0.036473
25,83,0.110039
25,84,0.111230
25,85,0.096287
25,86,0.027280
25,87,0.012291
25,88,0.078111
25,89,0.076074
25,90,0.017557
25,91,0.014259
25,92,0.002603
25,93,0.036465
25,94,0.011636
25,95,0.083262
25,96,0.083538
25,97,0.065782
25,98,0.065496
25,99,0.117554
25,100,0.113950
25,101,0.056608
25,102,0.082734
25,103,0.126490
25,104,0.138942
25,105,0.090689
25,106,0.081632
25,107,0.074591
25,108,0.062032
25,109,0.076165
25,110,0.092506
25,111,0.091220
25,112,0.090183
25,113,0.096636
25,114,0.087103
25,115,0.100452
25,116,0.118285
25,117,0.123900
25,118,0.086666
25,119,0.214320
25,120,0.231249
25,121,0.230285
25,122,0.156179
25,123,0.185913
25,124,0.183491
25,125,0.132311
25,126,0.190526
25,127,0.189792
25,128,0.187482
25,129,0.184851
25,130,0.168913
25,131,0.210706
25,132,0.152239
26,1,0.183400
26,2,0.188193
26,3,0.190191
26,4,0.176586
26,5,0.204967
26,6,0.211237
26,7,0.209362
26,8,0.209185
26,9,0.196964
26,10,0.108216
26,11,0.150875
26,12,0.031381
26,13,0.107474
26,14,0.153270
26,15,0.216992
26,16,0.219825
26,17,0.196436
26,18,0.158734
26,19,0.114890
26,20,0.016896
26,21,0.002118
26,22,0.129932
26,23,0.142853
26,24,0.101704
26,25,0.067638
26,26,0.000000
26,27,0.107758
26,28,0.051656
26,29,0.042251
26,30,0.010006
26,31,0.041802
26,32,0.198453
26,33,0.146893
26,34,0.010213
26,35,0.105880
26,36,0.129706
26,37,0.174366
26,38,0.151926
26,39,0.127550
26,40,0.050996
26,41,0.102019
26,42,0.072163
26,43,0.013915
26,44,0.019660
26,45,0.040138
26,46,0.075709
26,47,0.041147
26,48,0.146082
26,49,0.075584
26,50,0.068351
26,51,0.088146
26,52,0.081645
26,53,0.088232
26,54,0.081424
26,55,0.126523
26,56,0.062865
26,57,0.048039
26,58,0.015809
26,59,0.018637
26,60,0.011357
26,61,0.027770
26,62,0.052433
26,63,0.068694
26,64,0.115728
26,65,0.127723
26,66,0.184301
26,67,0.060218
26,68,0.090018
26,69,0.177492
26,70,0.084148
26,71,0.069809
26,72,0.057063
26,73,0.083990
26,74,0.022656
26,75,0.132514
26,76,0.098118
26,77,0.001458
26,78,0.007462
26,79,0.069787
26,80,0.103813
26,81,0.062881
26,82,0.019273
26,83,0.092666
26,84,0.082426
26,85,0.066747
26,86,0.000058
26,87,0.003295
26,88,0.072509
26,89,0.069157
26,90,0.000334
26,91,0.008731
26,92,0.011233
26,93,0.020461
26,94,0.012557
26,95,0.064983
26,96,0.061644
26,97,0.036841
26,98,0.046511
26,99,0.092353
26,100,0.103146
26,101,0.062999
26,102,0.079645
26,103,0.120826
26,104,0.108980
26,105,0.116113
26,106,0.106570
26,107,0.072248
26,108,0.068689
26,109,0.089742
26,110,0.112423
26,111,0.088482
26,112,0.089276
26,113,0.082201
26,114,0.053140
26,115,0.082578
26,116,0.114887
26,117,0.118770
26,118,0.079687
26,119,0.185895
26,120,0.189462
26,121,0.185045
26,122,0.162083
26,123,0.194341
26,124,0.136935
26,125,0.101486
26,126,0.175050
26,127,0.181827
26,128,0.183285
26,129,0.161151
26,130,0.153537
26,131,0.200485
26,132,0.106758
27,1,0.151319
27,2,0.133170
27,3,0.095957
27,4,0.103716
27,5,0.153547
27,6,0.150989
27,7,0.107476
27,8,0.123474
27,9,0.180937
27,10,0.110580
27,11,0.151370
27,12,0.092051
27,13,0.010320
27,14,0.059598
27,15,0.149952
27,16,0.172097
27,17,0.167394
27,18,0.231902
27,19,0.166831
27,20,0.018110
27,21,0.016938
27,22,0.146491
27,23,0.207377
27,24,0.139707
27,25,0.162092
27,26,0.107758
27,27,0.000000
27,28,0.086507
27,29,0.032369
27,30,0.005005
27,31,0.073562
27,32,0.182455
27,33,0.132042
27,34,0.028777
27,35,0.136823
27,36,0.179194
27,37,0.180875
27,38,0.050759
27,39,0.080193
27,40,0.068429
27,41,0.086659
27,42,0.137624
27,43,0.068147
27,44,0.009279
27,45,0.058788
27,46,0.050032
27,47,0.021944
27,48,0.085428
27,49,0.025719
27,50,0.053700
27,51,0.032563
27,52,0.053911
27,53,0.110051
27,54,0.096058
27,55,0.133330
27,56,0.045994
27,57,0.077807
27,58,0.040227
27,59,0.051977
27,60,0.005556
27,61,0.015770
27,62,0.001846
27,63,0.009699
27,64,0.066298
27,65,0.137465
27,66,0.098180
27,67,0.058509
27,68,0.083985
27,69,0.111894
27,70,0.104058
27,71,0.100122
27,72,0.117970
27,73,0.208814
27,74,0.143097
27,75,0.154307
27,76,0.070787
27,77,0.036452
27,78,0.016299
27,79,0.024191
27,80,0.024556
27,81,0.007850
27,82,0.018973
27,83,0.064354
27,84,0.044704
27,85,0.014986
27,86,0.023669
27,87,0.013757
27,88,0.096125
27,89,0.086251
27,90,0.002874
27,91,0.044317
27,92,0.016902
27,93,0.025932
27,94,0.018968
27,95,0.065006
27,96,0.034456
27,97,0.004429
27,98,0.054391
27,99,0.084190
27,100,0.069176
27,101,0.055683
27,102,0.057924
27,103,0.095992
27,104,0.102545
27,105,0.094515
27,106,0.069293
27,107,0.092952
27,108,0.096497
27,109,0.109364
27,110,0.104084
27,111,0.103781
27,112,0.096786
27,113,0.112734
27,114,0.009315
27,115,0.030254
27,116,0.064303
27,117,0.088713
27,118,0.073263
27,119,0.142920
27,120,0.131423
27,121,0.137155
27,122,0.132192
27,123,0.150648
27,124,0.107807
27,125,0.093288
27,126,0.174288
27,127,0.152952
27,128,0.162095
27,129,0.163943
27,130,0.177083
27,131,0.222068
27,132,0.089289
28,1,0.186723
28,2,0.193381
28,3,0.184739
28,4,0.198131
28,5,0.218631
28,6,0.202379
28,7,0.158502
28,8,0.155272
28,9,0.205500
28,10,0.213978
28,11,0.266033
28,12,0.037150
28,13,0.074186
28,14,0.001095
28,15,0.101684
28,16,0.143895
28,17,0.158900
28,18,0.280252
28,19,0.167941
28,20,0.097691
28,21,0.099889
28,22,0.103621
28,23,0.048981
28,24,0.055183
28,25,0.087812
28,26,0.051656
28,27,0.086507
28,28,0.000000
28,29,0.106604
28,30,0.032097
28,31,0.063871
28,32,0.046801
28,33,0.036176
28,34,0.169669
28,35,0.001848
28,36,0.024432
28,37,0.104501
28,38,0.031328
28,39,0.127458
28,40,0.057961
28,41,0.014239
28,42,0.090803
28,43,0.018611
28,44,0.025625
28,45,0.005613
28,46,0.068653
28,47,0.036099
28,48,0.157431
28,49,0.066648
28,50,0.132983
28,51,0.058970
28,52,0.091920
28,53,0.097395
28,54,0.002968
28,55,0.012024
28,56,0.023126
28,57,0.052795
28,58,0.050320
28,59,0.040888
28,60,0.021659
28,61,0.031982
28,62,0.028382
28,63,0.003943
28,64,0.032829
28,65,0.087425
28,66,0.145125
28,67,0.091648
28,68,0.098979
28,69,0.078867
28,70,0.014163
28,71,0.047941
28,72,0.027613
28,73,0.223734
28,74,0.293372
28,75,0.294454
28,76,0.044432
28,77,0.000011
28,78,0.062320
28,79,0.003602
28,80,0.003772
28,81,0.034540
28,82,0.109789
28,83,0.139731
28,84,0.113258
28,85,0.032499
28,86,0.042786
28,87,0.104370
28,88,0.055773
28,89,0.022566
28,90,0.082770
28,91,0.086222
28,92,0.078588
28,93,0.039145
28,94,0.029650
28,95,0.049096
28,96,0.061027
28,97,0.027872
28,98,0.026569
28,99,0.053263
28,100,0.035762
28,101,0.043550
28,102,0.007282
28,103,0.067939
28,104,0.059043
28,105,0.081327
28,106,0.092644
28,107,0.135570
28,108,0.095636
28,109,0.108250
28,110,0.071973
28,111,0.095768
28,112,0.099740
28,113,0.187652
28,114,0.141113
28,115,0.153136
28,116,0.171924
28,117,0.157864
28,118,0.043646
28,119,0.079730
28,120,0.134704
28,121,0.085598
28,122,0.187096
28,123,0.190248
28,124,0.138478
28,125,0.151183
28,126,0.168763
28,127,0.146879
28,128,0.153478
28,129,0.117476
28,130,0.116912
28,131,0.090529
28,132,0.040527
29,1,0.056603
29,2,0.022705
29,3,0.019513
29,4,0.031776
29,5,0.062179
29,6,0.089102
29,7,0.063824
29,8,0.032691
29,9,0.093093
29,10,0.089444
29,11,0.102327
29,12,0.157865
29,13,0.084207
29,14,0.004418
29,15,0.084495
29,16,0.115814
29,17,0.126418
29,18,0.159761
29,19,0.074674
29,20,0.074313
29,21,0.045185
29,22,0.101486
29,23,0.054298
29,24,0.065000
29,25,0.050770
29,26,0.042251
29,27,0.032369
29,28,0.106604
29,29,0.000000
29,30,0.112472
29,31,0.020363
29,32,0.124518
29,33,0.040142
29,34,0.128005
29,35,0.018312
29,36,0.027656
29,37,0.046026
29,38,0.070753
29,39,0.048283
29,40,0.149142
29,41,0.160431
29,42,0.026560
29,43,0.036222
29,44,0.075917
29,45,0.026252
29,46,0.035669
29,47,0.027544
29,48,0.015001
29,49,0.015838
29,50,0.041293
29,51,0.051381
29,52,0.006478
29,53,0.014391
29,54,0.018189
29,55,0.027844
29,56,0.042575
29,57,0.085330
29,58,0.108786
29,59,0.028638
29,60,0.108352
29,61,0.114440
29,62,0.114870
29,63,0.134294
29,64,0.137594
29,65,0.121459
29,66,0.124061
29,67,0.033308
29,68,0.024023
29,69,0.121538
29,70,0.140023
29,71,0.148644
29,72,0.149269
29,73,0.051738
29,74,0.054621
29,75,0.132152
29,76,0.188715
29,77,0.203035
29,78,0.188395
29,79,0.013239
29,80,0.063306
29,81,0.086201
29,82,0.106894
29,83,0.104968
29,84,0.107954
29,85,0.131241
29,86,0.116388
29,87,0.111243
29,88,0.059802
29,89,0.074389
29,90,0.094641
29,91,0.041737
29,92,0.031600
29,93,0.008748
29,94,0.012880
29,95,0.011384
29,96,0.000379
29,97,0.010274
29,98,0.007982
29,99,0.019663
29,100,0.019912
29,101,0.014208
29,102,0.051126
29,103,0.004765
29,104,0.028110
29,105,0.015439
29,106,0.029620
29,107,0.034837
29,108,0.006600
29,109,0.010259
29,110,0.000638
29,111,0.038416
29,112,0.033928
29,113,0.036526
29,114,0.016886
29,115,0.010690
29,116,0.017485
29,117,0.010931
29,118,0.028355
29,119,0.015276
29,120,0.018599
29,121,0.003364
29,122,0.033052
29,123,0.085331
29,124,0.109401
29,125,0.065220
29,126,0.009105
29,127,0.020726
29,128,0.053493
29,129,0.110180
29,130,0.100208
29,131,0.067080
29,132,0.007043
30,1,0.065132
30,2,0.116123
30,3,0.116949
30,4,0.118097
30,5,0.129307
30,6,0.136772
30,7,0.132395
30,8,0.121747
30,9,0.040253
30,10,0.046043
30,11,0.051047
30,12,0.115603
30,13,0.018529
30,14,0.069619
30,15,0.104806
30,16,0.148601
30,17,0.122168
30,18,0.161652
30,19,0.146695
30,20,0.010363
30,21,0.052688
30,22,0.024563
30,23,0.034545
30,24,0.015667
30,25,0.000571
30,26,0.010006
30,27,0.005005
30,28,0.032097
30,29,0.112472
30,30,0.000000
30,31,0.071730
30,32,0.166216
30,33,0.040950
30,34,0.071091
30,35,0.079472
30,36,0.077127
30,37,0.047905
30,38,0.032577
30,39,0.016314
30,40,0.040037
30,41,0.052320
30,42,0.036929
30,43,0.033267
30,44,0.005019
30,45,0.040015
30,46,0.047247
30,47,0.062548
30,48,0.051746
30,49,0.014751
30,50,0.011128
30,51,0.008181
30,52,0.018711
30,53,0.008496
30,54,0.006010
30,55,0.030246
30,56,0.021726
30,57,0.023110
30,58,0.020689
30,59,0.057064
30,60,0.013476
30,61,0.025861
30,62,0.000366
30,63,0.013606
30,64,0.012599
30,65,0.005812
30,66,0.058655
30,67,0.037415
30,68,0.013035
30,69,0.014513
30,70,0.003276
30,71,0.023812
30,72,0.001381
30,73,0.008375
30,74,0.059133
30,75,0.031763
30,76,0.043558
30,77,0.114939
30,78,0.116951
30,79,0.041595
30,80,0.058923
30,81,0.058626
30,82,0.036546
30,83,0.001947
30,84,0.020412
30,85,0.024523
30,86,0.020855
30,87,0.052102
30,88,0.028016
30,89,0.026639
30,90,0.049020
30,91,0.046090
30,92,0.028797
30,93,0.014586
30,94,0.003771
30,95,0.004503
30,96,0.001583
30,97,0.042228
30,98,0.002475
30,99,0.001105
30,100,0.051122
30,101,0.009143
30,102,0.015280
30,103,0.033741
30,104,0.046159
30,105,0.005083
30,106,0.015760
30,107,0.044164
30,108,0.028224
30,109,0.017522
30,110,0.008302
30,111,0.037595
30,112,0.016393
30,113,0.008717
30,114,0.015985
30,115,0.000889
30,116,0.002108
30,117,0.034839
30,118,0.010620
30,119,0.051047
30,120,0.046735
30,121,0.025405
30,122,0.021998
30,123,0.030853
30,124,0.031665
30,125,0.020493
30,126,0.026451
30,127,0.027312
30,128,0.044395
30,129,0.065225
30,130,0.035374
30,131,0.091502
30,132,0.086464
31,1,0.058953
31,2,0.052631
31,3,0.024845
31,4,0.046025
31,5,0.082927
31,6,0.102087
31,7,0.045739
31,8,0.033462
31,9,0.057708
31,10,0.081001
31,11,0.107409
31,12,0.153840
31,13,0.034036
31,14,0.047850
31,15,0.072434
31,16,0.141176
31,17,0.175776
31,18,0.039899
31,19,0.026363
31,20,0.059514
31,21,0.034126
31,22,0.030391
31,23,0.047930
31,24,0.030168
31,25,0.049960
31,26,0.041802
31,27,0.073562
31,28,0.063871
31,29,0.020363
31,30,0.071730
31,31,0.000000
31,32,0.066667
31,33,0.154305
31,34,0.053605
31,35,0.187362
31,36,0.245084
31,37,0.162237
31,38,0.100731
31,39,0.114620
31,40,0.074733
31,41,0.070152
31,42,0.148784
31,43,0.061886
31,44,0.020017
31,45,0.010740
31,46,0.061223
31,47,0.001757
31,48,0.007529
31,49,0.001242
31,50,0.016237
31,51,0.004890
31,52,0.026885
31,53,0.044435
31,54,0.002077
31,55,0.001564
31,56,0.046496
31,57,0.031562
31,58,0.017975
31,59,0.083011
31,60,0.098992
31,61,0.060129
31,62,0.046274
31,63,0.085419
31,64,0.079832
31,65,0.002190
31,66,0.081764
31,67,0.031220
31,68,0.036530
31,69,0.037755
31,70,0.025181
31,71,0.019414
31,72,0.014133
31,73,0.037318
31,74,0.048942
31,75,0.060765
31,76,0.001978
31,77,0.013647
31,78,0.024220
31,79,0.148719
31,80,0.081048
31,81,0.055436
31,82,0.050137
31,83,0.024330
31,84,0.064654
31,85,0.029276
31,86,0.050528
31,87,0.009147
31,88,0.007992
31,89,0.001568
31,90,0.024790
31,91,0.060113
31,92,0.049896
31,93,0.024923
31,94,0.020533
31,95,0.046379
31,96,0.068088
31,97,0.016367
31,98,0.023501
31,99,0.054276
31,100,0.009320
31,101,0.014022
31,102,0.017574
31,103,0.029788
31,104,0.049422
31,105,0.129972
31,106,0.145782
31,107,0.171923
31,108,0.154681
31,109,0.147510
31,110,0.116864
31,111,0.106356
31,112,0.054720
31,113,0.079655
31,114,0.047773
31,115,0.063968
31,116,0.088636
31,117,0.125040
31,118,0.056867
31,119,0.081661
31,120,0.048261
31,121,0.057607
31,122,0.016489
31,123,0.071408
31,124,0.079616
31,125,0.036532
31,126,0.039198
31,127,0.043324
31,128,0.051889
31,129,0.083141
31,130,0.119976
31,131,0.012270
31,132,0.094631
32,1,0.103281
32,2,0.067759
32,3,0.168422
32,4,0.182383
32,5,0.202496
32,6,0.233453
32,7,0.221287
32,8,0.208369
32,9,0.192350
32,10,0.196231
32,11,0.227783
32,12,0.016611
32,13,0.071851
32,14,0.242116
32,15,0.258411
32,16,0.221458
32,17,0.203040
32,18,0.228469
32,19,0.217776
32,20,0.166059
32,21,0.076984
32,22,0.113092
32,23,0.181278
32,24,0.165214
32,25,0.187181
32,26,0.198453
32,27,0.182455
32,28,0.046801
32,29,0.124518
32,30,0.166216
32,31,0.066667
32,32,0.000000
32,33,0.139800
32,34,0.034618
32,35,0.201238
32,36,0.166421
32,37,0.241978
32,38,0.175949
32,39,0.145599
32,40,0.071615
32,41,0.130984
32,42,0.091259
32,43,0.009010
32,44,0.170483
32,45,0.044740
32,46,0.028010
32,47,0.009865
32,48,0.073738
32,49,0.027069
32,50,0.052453
32,51,0.088896
32,52,0.098949
32,53,0.077540
32,54,0.074041
32,55,0.112989
32,56,0.102247
32,57,0.083006
32,58,0.024882
32,59,0.123785
32,60,0.005301
32,61,0.015676
32,62,0.000231
32,63,0.063951
32,64,0.082402
32,65,0.210955
32,66,0.207920
32,67,0.093045
32,68,0.132281
32,69,0.185687
32,70,0.218585
32,71,0.165456
32,72,0.080453
32,73,0.165302
32,74,0.199522
32,75,0.159782
32,76,0.034985
32,77,0.002603
32,78,0.047961
32,79,0.188736
32,80,0.112768
32,81,0.051301
32,82,0.097158
32,83,0.006113
32,84,0.095223
32,85,0.109545
32,86,0.097173
32,87,0.072517
32,88,0.081170
32,89,0.117709
32,90,0.094343
32,91,0.003308
32,92,0.006276
32,93,0.021202
32,94,0.023041
32,95,0.079312
32,96,0.169810
32,97,0.004370
32,98,0.009143
32,99,0.131472
32,100,0.065324
32,101,0.069432
32,102,0.010863
32,103,0.048120
32,104,0.104145
32,105,0.260575
32,106,0.247020
32,107,0.273335
32,108,0.289942
32,109,0.304782
32,110,0.286505
32,111,0.176374
32,112,0.188797
32,113,0.232424
32,114,0.130523
32,115,0.159317
32,116,0.213665
32,117,0.238404
32,118,0.121800
32,119,0.209793
32,120,0.185069
32,121,0.184598
32,122,0.108206
32,123,0.112188
32,124,0.030991
32,125,0.027486
32,126,0.119691
32,127,0.169434
32,128,0.209984
32,129,0.235826
32,130,0.251350
32,131,0.225598
32,132,0.064868
33,1,0.176384
33,2,0.109614
33,3,0.105357
33,4,0.115986
33,5,0.137523
33,6,0.122713
33,7,0.122160
33,8,0.143632
33,9,0.227856
33,10,0.123201
33,11,0.153419
33,12,0.040488
33,13,0.096062
33,14,0.152428
33,15,0.090548
33,16,0.083450
33,17,0.094008
33,18,0.175377
33,19,0.135311
33,20,0.085116
33,21,0.071580
33,22,0.075934
33,23,0.165831
33,24,0.156032
33,25,0.162033
33,26,0.146893
33,27,0.132042
33,28,0.036176
33,29,0.040142
33,30,0.040950
33,31,0.154305
33,32,0.139800
33,33,0.000000
33,34,0.072393
33,35,0.149119
33,36,0.139051
33,37,0.216817
33,38,0.156350
33,39,0.137105
33,40,0.108193
33,41,0.132954
33,42,0.095449
33,43,0.006171
33,44,0.131302
33,45,0.055700
33,46,0.006575
33,47,0.000808
33,48,0.087607
33,49,0.048042
33,50,0.105194
33,51,0.105830
33,52,0.087835
33,53,0.053504
33,54,0.045772
33,55,0.080256
33,56,0.081027
33,57,0.145222
33,58,0.096843
33,59,0.018018
33,60,0.065429
33,61,0.095013
33,62,0.082982
33,63,0.083033
33,64,0.065260
33,65,0.154051
33,66,0.186676
33,67,0.012499
33,68,0.053843
33,69,0.146092
33,70,0.175041
33,71,0.124153
33,72,0.128037
33,73,0.191819
33,74,0.179831
33,75,0.226353
33,76,0.115756
33,77,0.067976
33,78,0.105691
33,79,0.135703
33,80,0.150983
33,81,0.127572
33,82,0.026856
33,83,0.111757
33,84,0.032959
33,85,0.007338
33,86,0.014889
33,87,0.001711
33,88,0.006802
33,89,0.032302
33,90,0.073066
33,91,0.087852
33,92,0.045575
33,93,0.033472
33,94,0.078823
33,95,0.085751
33,96,0.091372
33,97,0.012618
33,98,0.027616
33,99,0.115449
33,100,0.089269
33,101,0.015244
33,102,0.008376
33,103,0.051018
33,104,0.094272
33,105,0.190329
33,106,0.168334
33,107,0.215982
33,108,0.267746
33,109,0.250548
33,110,0.214647
33,111,0.191761
33,112,0.188351
33,113,0.185569
33,114,0.129868
33,115,0.160029
33,116,0.190573
33,117,0.196258
33,118,0.098290
33,119,0.176668
33,120,0.203223
33,121,0.182040
33,122,0.112410
33,123,0.125289
33,124,0.070824
33,125,0.048534
33,126,0.103169
33,127,0.133840
33,128,0.126939
33,129,0.168103
33,130,0.231790
33,131,0.209092
33,132,0.098755
34,1,0.021880
34,2,0.048944
34,3,0.038764
34,4,0.045720
34,5,0.071213
34,6,0.088769
34,7,0.060205
34,8,0.038249
34,9,0.016142
34,10,0.081762
34,11,0.106503
34,12,0.075742
34,13,0.021029
34,14,0.004959
34,15,0.057437
34,16,0.062424
34,17,0.074376
34,18,0.150736
34,19,0.119914
34,20,0.102325
34,21,0.016017
34,22,0.002870
34,23,0.040944
34,24,0.038657
34,25,0.008517
34,26,0.010213
34,27,0.028777
34,28,0.169669
34,29,0.128005
34,30,0.071091
34,31,0.053605
34,32,0.034618
34,33,0.072393
34,34,0.000000
34,35,0.120554
34,36,0.098239
34,37,0.009503
34,38,0.053149
34,39,0.028621
34,40,0.062140
34,41,0.089282
34,42,0.034643
34,43,0.009037
34,44,0.012486
34,45,0.009136
34,46,0.041780
34,47,0.041705
34,48,0.016380
34,49,0.022852
34,50,0.012255
34,51,0.056402
34,52,0.032893
34,53,0.007372
34,54,0.023725
34,55,0.008051
34,56,0.032644
34,57,0.069763
34,58,0.068198
34,59,0.066728
34,60,0.123359
34,61,0.162225
34,62,0.138805
34,63,0.047189
34,64,0.041045
34,65,0.038016
34,66,0.108161
34,67,0.123092
34,68,0.115165
34,69,0.027630
34,70,0.028516
34,71,0.042786
34,72,0.053071
34,73,0.059353
34,74,0.104903
34,75,0.039823
34,76,0.124472
34,77,0.195844
34,78,0.208940
34,79,0.123204
34,80,0.178871
34,81,0.194900
34,82,0.170204
34,83,0.162579
34,84,0.139682
34,85,0.143256
34,86,0.131749
34,87,0.110662
34,88,0.046643
34,89,0.070127
34,90,0.120678
34,91,0.031441
34,92,0.039570
34,93,0.105862
34,94,0.085970
34,95,0.041025
34,96,0.044513
34,97,0.070122
34,98,0.036958
34,99,0.034264
34,100,0.035443
34,101,0.034717
34,102,0.037941
34,103,0.022792
34,104,0.052659
34,105,0.036757
34,106,0.044295
34,107,0.032958
34,108,0.039118
34,109,0.032188
34,110,0.058976
34,111,0.118477
34,112,0.099068
34,113,0.056645
34,114,0.063069
34,115,0.045802
34,116,0.019927
34,117,0.030293
34,118,0.061173
34,119,0.053893
34,120,0.044581
34,121,0.031413
34,122,0.019724
34,123,0.053590
34,124,0.118799
34,125,0.087080
34,126,0.016976
34,127,0.004333
34,128,0.002228
34,129,0.037794
34,130,0.004536
34,131,0.002773
34,132,0.020057
35,1,0.123200
35,2,0.057317
35,3,0.138909
35,4,0.181260
35,5,0.229719
35,6,0.205632
35,7,0.146782
35,8,0.102197
35,9,0.092609
35,10,0.162559
35,11,0.197047
35,12,0.060123
35,13,0.044413
35,14,0.026881
35,15,0.123893
35,16,0.206609
35,17,0.243814
35,18,0.117496
35,19,0.022543
35,20,0.010824
35,21,0.009894
35,22,0.091719
35,23,0.069635
35,24,0.123670
35,25,0.069769
35,26,0.105880
35,27,0.136823
35,28,0.001848
35,29,0.018312
35,30,0.079472
35,31,0.187362
35,32,0.201238
35,33,0.149119
35,34,0.120554
35,35,0.000000
35,36,0.041260
35,37,0.069270
35,38,0.034558
35,39,0.063765
35,40,0.050746
35,41,0.050544
35,42,0.089308
35,43,0.003184
35,44,0.051212
35,45,0.011760
35,46,0.019345
35,47,0.006542
35,48,0.043607
35,49,0.044483
35,50,0.002016
35,51,0.001817
35,52,0.021726
35,53,0.076564
35,54,0.027955
35,55,0.034058
35,56,0.035849
35,57,0.023455
35,58,0.006286
35,59,0.027833
35,60,0.038144
35,61,0.027738
35,62,0.001842
35,63,0.021847
35,64,0.013611
35,65,0.068703
35,66,0.079308
35,67,0.050078
35,68,0.001400
35,69,0.043459
35,70,0.064275
35,71,0.030764
35,72,0.017021
35,73,0.091384
35,74,0.145746
35,75,0.132837
35,76,0.045114
35,77,0.001013
35,78,0.014361
35,79,0.051312
35,80,0.015683
35,81,0.010325
35,82,0.016519
35,83,0.035415
35,84,0.029719
35,85,0.014270
35,86,0.032324
35,87,0.021287
35,88,0.020767
35,89,0.053430
35,90,0.000354
35,91,0.017756
35,92,0.020726
35,93,0.008376
35,94,0.048588
35,95,0.057007
35,96,0.081695
35,97,0.033060
35,98,0.054829
35,99,0.089844
35,100,0.017047
35,101,0.021093
35,102,0.049068
35,103,0.046737
35,104,0.027641
35,105,0.071262
35,106,0.093831
35,107,0.108285
35,108,0.114407
35,109,0.132110
35,110,0.142686
35,111,0.072361
35,112,0.078858
35,113,0.133409
35,114,0.105646
35,115,0.097677
35,116,0.089643
35,117,0.096497
35,118,0.073096
35,119,0.077451
35,120,0.073858
35,121,0.046397
35,122,0.049286
35,123,0.066023
35,124,0.060473
35,125,0.070040
35,126,0.064225
35,127,0.099262
35,128,0.124726
35,129,0.139627
35,130,0.142603
35,131,0.103626
35,132,0.011496
36,1,0.103574
36,2,0.008223
36,3,0.100607
36,4,0.146113
36,5,0.162747
36,6,0.134204
36,7,0.106239
36,8,0.056539
36,9,0.046430
36,10,0.164552
36,11,0.181163
36,12,0.040195
36,13,0.037681
36,14,0.031044
36,15,0.120398
36,16,0.170828
36,17,0.172396
36,18,0.039484
36,19,0.042929
36,20,0.004447
36,21,0.019999
36,22,0.047106
36,23,0.078371
36,24,0.116550
36,25,0.099488
36,26,0.129706
36,27,0.179194
36,28,0.024432
36,29,0.027656
36,30,0.077127
36,31,0.245084
36,32,0.166421
36,33,0.139051
36,34,0.098239
36,35,0.041260
36,36,0.000000
36,37,0.093379
36,38,0.105324
36,39,0.107821
36,40,0.074648
36,41,0.083996
36,42,0.077855
36,43,0.018169
36,44,0.075751
36,45,0.018383
36,46,0.016593
36,47,0.004741
36,48,0.028407
36,49,0.005265
36,50,0.012363
36,51,0.028450
36,52,0.067306
36,53,0.112792
36,54,0.087648
36,55,0.066981
36,56,0.004234
36,57,0.019750
36,58,0.016503
36,59,0.014571
36,60,0.028244
36,61,0.041595
36,62,0.020081
36,63,0.003611
36,64,0.047288
36,65,0.055757
36,66,0.130903
36,67,0.058850
36,68,0.050883
36,69,0.085824
36,70,0.125024
36,71,0.093229
36,72,0.005532
36,73,0.045003
36,74,0.068541
36,75,0.052452
36,76,0.010192
36,77,0.006117
36,78,0.004881
36,79,0.056758
36,80,0.000970
36,81,0.014049
36,82,0.068475
36,83,0.030320
36,84,0.020146
36,85,0.034720
36,86,0.069794
36,87,0.031049
36,88,0.024740
36,89,0.026607
36,90,0.024058
36,91,0.025338
36,92,0.001514
36,93,0.040161
36,94,0.060990
36,95,0.090831
36,96,0.127178
36,97,0.105599
36,98,0.096587
36,99,0.156200
36,100,0.094923
36,101,0.042728
36,102,0.101266
36,103,0.115249
36,104,0.095185
36,105,0.108048
36,106,0.092547
36,107,0.073950
36,108,0.077126
36,109,0.086046
36,110,0.121768
36,111,0.040199
36,112,0.050398
36,113,0.089157
36,114,0.098471
36,115,0.100749
36,116,0.102274
36,117,0.139180
36,118,0.126737
36,119,0.111463
36,120,0.104871
36,121,0.117585
36,122,0.050242
36,123,0.051749
36,124,0.012181
36,125,0.029490
36,126,0.069243
36,127,0.128843
36,128,0.170956
36,129,0.171088
36,130,0.191924
36,131,0.124380
36,132,0.021694
37,1,0.227885
37,2,0.158457
37,3,0.234780
37,4,0.259189
37,5,0.280523
37,6,0.277616
37,7,0.256794
37,8,0.236078
37,9,0.232645
37,10,0.198875
37,11,0.204962
37,12,0.096839
37,13,0.144349
37,14,0.196855
37,15,0.269984
37,16,0.308114
37,17,0.287825
37,18,0.230470
37,19,0.108774
37,20,0.053994
37,21,0.003122
37,22,0.059736
37,23,0.125283
37,24,0.142593
37,25,0.175996
37,26,0.174366
37,27,0.180875
37,28,0.104501
37,29,0.046026
37,30,0.047905
37,31,0.162237
37,32,0.241978
37,33,0.216817
37,34,0.009503
37,35,0.069270
37,36,0.093379
37,37,0.000000
37,38,0.163822
37,39,0.162868
37,40,0.115417
37,41,0.132760
37,42,0.142410
37,43,0.004372
37,44,0.005200
37,45,0.080378
37,46,0.095558
37,47,0.053517
37,48,0.116234
37,49,0.062900
37,50,0.086742
37,51,0.070946
37,52,0.074804
37,53,0.120579
37,54,0.081834
37,55,0.087915
37,56,0.058673
37,57,0.136263
37,58,0.072809
37,59,0.000484
37,60,0.003077
37,61,0.057422
37,62,0.112406
37,63,0.052360
37,64,0.094822
37,65,0.087563
37,66,0.186852
37,67,0.029337
37,68,0.017372
37,69,0.144236
37,70,0.137101
37,71,0.125649
37,72,0.132389
37,73,0.180956
37,74,0.197356
37,75,0.177257
37,76,0.070404
37,77,0.003653
37,78,0.002949
37,79,0.098389
37,80,0.043219
37,81,0.014801
37,82,0.034365
37,83,0.023831
37,84,0.057228
37,85,0.044030
37,86,0.027253
37,87,0.000102
37,88,0.109592
37,89,0.090815
37,90,0.002165
37,91,0.064478
37,92,0.019753
37,93,0.004481
37,94,0.048713
37,95,0.112722
37,96,0.140116
37,97,0.107764
37,98,0.086671
37,99,0.194376
37,100,0.200045
37,101,0.096137
37,102,0.108902
37,103,0.142384
37,104,0.173342
37,105,0.191030
37,106,0.180055
37,107,0.170935
37,108,0.151527
37,109,0.166745
37,110,0.150967
37,111,0.104617
37,112,0.113273
37,113,0.147119
37,114,0.138264
37,115,0.162008
37,116,0.164626
37,117,0.187701
37,118,0.155459
37,119,0.230320
37,120,0.228350
37,121,0.203751
37,122,0.198329
37,123,0.164368
37,124,0.104115
37,125,0.099250
37,126,0.161138
37,127,0.214192
37,128,0.249980
37,129,0.213041
37,130,0.217052
37,131,0.192836
37,132,0.099840
38,1,0.120143
38,2,0.036603
38,3,0.064210
38,4,0.054713
38,5,0.039293
38,6,0.050828
38,7,0.086944
38,8,0.109455
38,9,0.105208
38,10,0.104584
38,11,0.071940
38,12,0.014540
38,13,0.097241
38,14,0.134791
38,15,0.129139
38,16,0.136611
38,17,0.101694
38,18,0.075830
38,19,0.037770
38,20,0.028155
38,21,0.032142
38,22,0.060187
38,23,0.124836
38,24,0.100113
38,25,0.135155
38,26,0.151926
38,27,0.050759
38,28,0.031328
38,29,0.070753
38,30,0.032577
38,31,0.100731
38,32,0.175949
38,33,0.156350
38,34,0.053149
38,35,0.034558
38,36,0.105324
38,37,0.163822
38,38,0.000000
38,39,0.039765
38,40,0.080155
38,41,0.087161
38,42,0.126742
38,43,0.058889
38,44,0.024709
38,45,0.053681
38,46,0.001332
38,47,0.014786
38,48,0.021189
38,49,0.005362
38,50,0.019399
38,51,0.048659
38,52,0.037043
38,53,0.073876
38,54,0.068187
38,55,0.080660
38,56,0.061508
38,57,0.113570
38,58,0.072702
38,59,0.012516
38,60,0.006836
38,61,0.028490
38,62,0.035821
38,63,0.006680
38,64,0.048575
38,65,0.090438
38,66,0.018842
38,67,0.034149
38,68,0.042363
38,69,0.052730
38,70,0.140345
38,71,0.175224
38,72,0.139507
38,73,0.100471
38,74,0.076014
38,75,0.085429
38,76,0.034824
38,77,0.031337
38,78,0.010445
38,79,0.029438
38,80,0.039937
38,81,0.015377
38,82,0.060799
38,83,0.003764
38,84,0.025926
38,85,0.019127
38,86,0.039879
38,87,0.005557
38,88,0.056831
38,89,0.058330
38,90,0.030116
38,91,0.008523
38,92,0.001600
38,93,0.020367
38,94,0.050780
38,95,0.112604
38,96,0.069786
38,97,0.047594
38,98,0.088646
38,99,0.132262
38,100,0.094971
38,101,0.006871
38,102,0.009327
38,103,0.054353
38,104,0.103324
38,105,0.129347
38,106,0.116847
38,107,0.091443
38,108,0.059659
38,109,0.075725
38,110,0.034909
38,111,0.057015
38,112,0.035342
38,113,0.025497
38,114,0.069815
38,115,0.071725
38,116,0.075051
38,117,0.077849
38,118,0.088648
38,119,0.219176
38,120,0.177131
38,121,0.178926
38,122,0.053845
38,123,0.093368
38,124,0.094774
38,125,0.054805
38,126,0.082334
38,127,0.113955
38,128,0.134712
38,129,0.127192
38,130,0.183696
38,131,0.226722
38,132,0.177054
39,1,0.141177
39,2,0.057135
39,3,0.060761
39,4,0.046397
39,5,0.024535
39,6,0.034176
39,7,0.083367
39,8,0.103363
39,9,0.101173
39,10,0.093052
39,11,0.042441
39,12,0.016465
39,13,0.095327
39,14,0.111878
39,15,0.115606
39,16,0.119630
39,17,0.081558
39,18,0.080353
39,19,0.047409
39,20,0.015959
39,21,0.048299
39,22,0.066591
39,23,0.097202
39,24,0.067378
39,25,0.115578
39,26,0.127550
39,27,0.080193
39,28,0.127458
39,29,0.048283
39,30,0.016314
39,31,0.114620
39,32,0.145599
39,33,0.137105
39,34,0.028621
39,35,0.063765
39,36,0.107821
39,37,0.162868
39,38,0.039765
39,39,0.000000
39,40,0.070168
39,41,0.068001
39,42,0.165463
39,43,0.095998
39,44,0.002925
39,45,0.039731
39,46,0.022216
39,47,0.017282
39,48,0.011324
39,49,0.017206
39,50,0.006070
39,51,0.047640
39,52,0.037544
39,53,0.083557
39,54,0.066445
39,55,0.088251
39,56,0.036791
39,57,0.082387
39,58,0.056688
39,59,0.039789
39,60,0.004914
39,61,0.032675
39,62,0.063407
39,63,0.003270
39,64,0.058212
39,65,0.077920
39,66,0.084341
39,67,0.016604
39,68,0.028002
39,69,0.064181
39,70,0.119700
39,71,0.138802
39,72,0.080802
39,73,0.060216
39,74,0.037251
39,75,0.024445
39,76,0.014818
39,77,0.068172
39,78,0.048396
39,79,0.014671
39,80,0.027631
39,81,0.053088
39,82,0.094110
39,83,0.021505
39,84,0.012616
39,85,0.003438
39,86,0.046289
39,87,0.003498
39,88,0.054963
39,89,0.095112
39,90,0.001188
39,91,0.030758
39,92,0.004742
39,93,0.000486
39,94,0.067514
39,95,0.113926
39,96,0.057677
39,97,0.087257
39,98,0.108847
39,99,0.113242
39,100,0.102434
39,101,0.071850
39,102,0.037543
39,103,0.065380
39,104,0.125976
39,105,0.128601
39,106,0.095375
39,107,0.103301
39,108,0.054782
39,109,0.064388
39,110,0.034495
39,111,0.046597
39,112,0.056121
39,113,0.028190
39,114,0.021034
39,115,0.028352
39,116,0.036813
39,117,0.062020
39,118,0.070483
39,119,0.231714
39,120,0.199574
39,121,0.212582
39,122,0.066775
39,123,0.105598
39,124,0.087166
39,125,0.082036
39,126,0.108851
39,127,0.126658
39,128,0.161921
39,129,0.189851
39,130,0.242119
39,131,0.264660
39,132,0.170780
40,1,0.039895
40,2,0.046775
40,3,0.110204
40,4,0.131253
40,5,0.162090
40,6,0.136338
40,7,0.105169
40,8,0.070309
40,9,0.009219
40,10,0.020926
40,11,0.086524
40,12,0.045712
40,13,0.046338
40,14,0.002060
40,15,0.021995
40,16,0.036116
40,17,0.081004
40,18,0.080083
40,19,0.079350
40,20,0.171527
40,21,0.145021
40,22,0.025640
40,23,0.017501
40,24,0.003963
40,25,0.041792
40,26,0.050996
40,27,0.068429
40,28,0.057961
40,29,0.149142
40,30,0.040037
40,31,0.074733
40,32,0.071615
40,33,0.108193
40,34,0.062140
40,35,0.050746
40,36,0.074648
40,37,0.115417
40,38,0.080155
40,39,0.070168
40,40,0.000000
40,41,0.026284
40,42,0.125097
40,43,0.092517
40,44,0.051174
40,45,0.141437
40,46,0.034387
40,47,0.015139
40,48,0.001588
40,49,0.013370
40,50,0.041269
40,51,0.022394
40,52,0.018833
40,53,0.033092
40,54,0.006141
40,55,0.013641
40,56,0.002101
40,57,0.024372
40,58,0.021484
40,59,0.036088
40,60,0.036751
40,61,0.079853
40,62,0.072136
40,63,0.001950
40,64,0.018384
40,65,0.002338
40,66,0.067366
40,67,0.017105
40,68,0.066274
40,69,0.040786
40,70,0.045230
40,71,0.083358
40,72,0.041902
40,73,0.077098
40,74,0.162934
40,75,0.034350
40,76,0.001493
40,77,0.058133
40,78,0.026890
40,79,0.040152
40,80,0.009606
40,81,0.030584
40,82,0.074501
40,83,0.042341
40,84,0.010613
40,85,0.015234
40,86,0.011511
40,87,0.011232
40,88,0.004670
40,89,0.069195
40,90,0.001587
40,91,0.019431
40,92,0.003498
40,93,0.003389
40,94,0.056692
40,95,0.069861
40,96,0.016532
40,97,0.081736
40,98,0.109841
40,99,0.075920
40,100,0.056649
40,101,0.100120
40,102,0.069387
40,103,0.010275
40,104,0.044489
40,105,0.016517
40,106,0.018506
40,107,0.003418
40,108,0.074096
40,109,0.061200
40,110,0.080457
40,111,0.017651
40,112,0.034996
40,113,0.059985
40,114,0.010353
40,115,0.007000
40,116,0.020345
40,117,0.011792
40,118,0.041271
40,119,0.160502
40,120,0.093069
40,121,0.119024
40,122,0.025806
40,123,0.017948
40,124,0.099899
40,125,0.062537
40,126,0.016899
40,127,0.019272
40,128,0.054074
40,129,0.029599
40,130,0.112814
40,131,0.125409
40,132,0.097028
41,1,0.085522
41,2,0.010741
41,3,0.080463
41,4,0.098556
41,5,0.127553
41,6,0.103147
41,7,0.072498
41,8,0.028048
41,9,0.061578
41,10,0.014547
41,11,0.057528
41,12,0.043594
41,13,0.060385
41,14,0.049629
41,15,0.000953
41,16,0.000263
41,17,0.051548
41,18,0.054065
41,19,0.065461
41,20,0.110098
41,21,0.093992
41,22,0.028190
41,23,0.070990
41,24,0.043941
41,25,0.080752
41,26,0.102019
41,27,0.086659
41,28,0.014239
41,29,0.160431
41,30,0.052320
41,31,0.070152
41,32,0.130984
41,33,0.132954
41,34,0.089282
41,35,0.050544
41,36,0.083996
41,37,0.132760
41,38,0.087161
41,39,0.068001
41,40,0.026284
41,41,0.000000
41,42,0.101364
41,43,0.048724
41,44,0.001430
41,45,0.125393
41,46,0.050837
41,47,0.019468
41,48,0.020533
41,49,0.002012
41,50,0.002644
41,51,0.045450
41,52,0.015646
41,53,0.087320
41,54,0.036013
41,55,0.047154
41,56,0.036075
41,57,0.062401
41,58,0.045655
41,59,0.040621
41,60,0.048733
41,61,0.082040
41,62,0.068805
41,63,0.013192
41,64,0.023338
41,65,0.034583
41,66,0.053517
41,67,0.035269
41,68,0.063943
41,69,0.039838
41,70,0.087897
41,71,0.137283
41,72,0.080669
41,73,0.025668
41,74,0.088686
41,75,0.020409
41,76,0.017992
41,77,0.016599
41,78,0.019520
41,79,0.003575
41,80,0.011301
41,81,0.005479
41,82,0.042054
41,83,0.003268
41,84,0.006915
41,85,0.000539
41,86,0.006855
41,87,0.011961
41,88,0.026176
41,89,0.039026
41,90,0.000652
41,91,0.027156
41,92,0.006541
41,93,0.036172
41,94,0.079369
41,95,0.099140
41,96,0.065110
41,97,0.077925
41,98,0.105070
41,99,0.128022
41,100,0.106990
41,101,0.102279
41,102,0.085612
41,103,0.055390
41,104,0.110675
41,105,0.090452
41,106,0.085014
41,107,0.081408
41,108,0.009914
41,109,0.004368
41,110,0.042216
41,111,0.003841
41,112,0.020929
41,113,0.033629
41,114,0.028587
41,115,0.051010
41,116,0.051097
41,117,0.040498
41,118,0.091050
41,119,0.172455
41,120,0.078899
41,121,0.103780
41,122,0.024800
41,123,0.015111
41,124,0.118439
41,125,0.071621
41,126,0.034687
41,127,0.055278
41,128,0.070245
41,129,0.071241
41,130,0.141103
41,131,0.146335
41,132,0.111832
42,1,0.087707
42,2,0.073766
42,3,0.033416
42,4,0.002803
42,5,0.020754
42,6,0.006353
42,7,0.017504
42,8,0.072131
42,9,0.140548
42,10,0.147593
42,11,0.091431
42,12,0.095773
42,13,0.075645
42,14,0.064678
42,15,0.027826
42,16,0.050927
42,17,0.005454
42,18,0.075780
42,19,0.010829
42,20,0.021787
42,21,0.078404
42,22,0.004224
42,23,0.031168
42,24,0.037964
42,25,0.074425
42,26,0.072163
42,27,0.137624
42,28,0.090803
42,29,0.026560
42,30,0.036929
42,31,0.148784
42,32,0.091259
42,33,0.095449
42,34,0.034643
42,35,0.089308
42,36,0.077855
42,37,0.142410
42,38,0.126742
42,39,0.165463
42,40,0.125097
42,41,0.101364
42,42,0.000000
42,43,0.020235
42,44,0.136746
42,45,0.137235
42,46,0.153162
42,47,0.080199
42,48,0.068637
42,49,0.049073
42,50,0.053671
42,51,0.045642
42,52,0.028347
42,53,0.026479
42,54,0.015404
42,55,0.023907
42,56,0.002648
42,57,0.046248
42,58,0.033242
42,59,0.017885
42,60,0.012767
42,61,0.023814
42,62,0.038891
42,63,0.042940
42,64,0.075786
42,65,0.078759
42,66,0.176327
42,67,0.089146
42,68,0.053074
42,69,0.082570
42,70,0.061312
42,71,0.054603
42,72,0.052931
42,73,0.007677
42,74,0.003801
42,75,0.033540
42,76,0.019662
42,77,0.050577
42,78,0.036954
42,79,0.071355
42,80,0.040134
42,81,0.035868
42,82,0.005815
42,83,0.009415
42,84,0.017652
42,85,0.020294
42,86,0.001152
42,87,0.035862
42,88,0.019350
42,89,0.048782
42,90,0.017847
42,91,0.001122
42,92,0.053265
42,93,0.042001
42,94,0.020625
42,95,0.013004
42,96,0.008913
42,97,0.040538
42,98,0.037269
42,99,0.072352
42,100,0.096725
42,101,0.099822
42,102,0.047256
42,103,0.059641
42,104,0.079191
42,105,0.096026
42,106,0.084447
42,107,0.062825
42,108,0.000745
42,109,0.014166
42,110,0.036552
42,111,0.001949
42,112,0.019562
42,113,0.005056
42,114,0.036540
42,115,0.054239
42,116,0.081019
42,117,0.091443
42,118,0.070170
42,119,0.104995
42,120,0.067175
42,121,0.055283
42,122,0.064219
42,123,0.046776
42,124,0.078440
42,125,0.066853
42,126,0.085751
42,127,0.089556
42,128,0.103949
42,129,0.138907
42,130,0.152757
42,131,0.054893
42,132,0.015873
43,1,0.046760
43,2,0.047122
43,3,0.076953
43,4,0.095064
43,5,0.134745
43,6,0.117926
43,7,0.095793
43,8,0.041541
43,9,0.044906
43,10,0.036072
43,11,0.018960
43,12,0.051757
43,13,0.018642
43,14,0.057115
43,15,0.109576
43,16,0.079772
43,17,0.114928
43,18,0.050725
43,19,0.113473
43,20,0.103241
43,21,0.115277
43,22,0.033568
43,23,0.008432
43,24,0.002774
43,25,0.002579
43,26,0.013915
43,27,0.068147
43,28,0.018611
43,29,0.036222
43,30,0.033267
43,31,0.061886
43,32,0.009010
43,33,0.006171
43,34,0.009037
43,35,0.003184
43,36,0.018169
43,37,0.004372
43,38,0.058889
43,39,0.095998
43,40,0.092517
43,41,0.048724
43,42,0.020235
43,43,0.000000
43,44,0.208765
43,45,0.107767
43,46,0.074848
43,47,0.041093
43,48,0.002838
43,49,0.007221
43,50,0.011913
43,51,0.027039
43,52,0.019770
43,53,0.029194
43,54,0.012657
43,55,0.019232
43,56,0.019202
43,57,0.003350
43,58,0.002494
43,59,0.077855
43,60,0.033628
43,61,0.028020
43,62,0.033635
43,63,0.021600
43,64,0.006411
43,65,0.016501
43,66,0.067269
43,67,0.035604
43,68,0.004719
43,69,0.008773
43,70,0.022302
43,71,0.007587
43,72,0.006845
43,73,0.058025
43,74,0.062891
43,75,0.013155
43,76,0.023154
43,77,0.037494
43,78,0.032189
43,79,0.005076
43,80,0.028241
43,81,0.015503
43,82,0.008003
43,83,0.030141
43,84,0.024479
43,85,0.023732
43,86,0.001464
43,87,0.022858
43,88,0.009962
43,89,0.015624
43,90,0.033126
43,91,0.001669
43,92,0.055420
43,93,0.104749
43,94,0.035333
43,95,0.038188
43,96,0.073612
43,97,0.058765
43,98,0.011335
43,99,0.002538
43,100,0.022891
43,101,0.002143
43,102,0.023337
43,103,0.002996
43,104,0.025452
43,105,0.001141
43,106,0.038508
43,107,0.010836
43,108,0.102899
43,109,0.088942
43,110,0.077064
43,111,0.092401
43,112,0.112491
43,113,0.093514
43,114,0.006803
43,115,0.019327
43,116,0.019395
43,117,0.006007
43,118,0.014319
43,119,0.064856
43,120,0.009981
43,121,0.010608
43,122,0.000074
43,123,0.010116
43,124,0.001238
43,125,0.016677
43,126,0.005431
43,127,0.005743
43,128,0.014018
43,129,0.042547
43,130,0.039653
43,131,0.022049
43,132,0.004110
44,1,0.055760
44,2,0.019736
44,3,0.065340
44,4,0.118930
44,5,0.160957
44,6,0.184747
44,7,0.146564
44,8,0.063691
44,9,0.062658
44,10,0.115343
44,11,0.113336
44,12,0.114450
44,13,0.034433
44,14,0.094519
44,15,0.188147
44,16,0.176664
44,17,0.200748
44,18,0.013949
44,19,0.021355
44,20,0.003632
44,21,0.004894
44,22,0.007260
44,23,0.025412
44,24,0.000204
44,25,0.000156
44,26,0.019660
44,27,0.009279
44,28,0.025625
44,29,0.075917
44,30,0.005019
44,31,0.020017
44,32,0.170483
44,33,0.131302
44,34,0.012486
44,35,0.051212
44,36,0.075751
44,37,0.005200
44,38,0.024709
44,39,0.002925
44,40,0.051174
44,41,0.001430
44,42,0.136746
44,43,0.208765
44,44,0.000000
44,45,0.011224
44,46,0.008356
44,47,0.016907
44,48,0.021527
44,49,0.012908
44,50,0.012299
44,51,0.016460
44,52,0.015668
44,53,0.017794
44,54,0.002096
44,55,0.042605
44,56,0.005346
44,57,0.014320
44,58,0.003687
44,59,0.013437
44,60,0.016513
44,61,0.013064
44,62,0.013181
44,63,0.017683
44,64,0.026931
44,65,0.017701
44,66,0.006861
44,67,0.040951
44,68,0.062697
44,69,0.049210
44,70,0.049078
44,71,0.044244
44,72,0.033865
44,73,0.022277
44,74,0.012604
44,75,0.024764
44,76,0.038455
44,77,0.013541
44,78,0.022574
44,79,0.085969
44,80,0.123172
44,81,0.075110
44,82,0.006207
44,83,0.019133
44,84,0.012946
44,85,0.021497
44,86,0.014106
44,87,0.074885
44,88,0.087154
44,89,0.131151
44,90,0.094094
44,91,0.043363
44,92,0.060169
44,93,0.110727
44,94,0.002217
44,95,0.044553
44,96,0.130892
44,97,0.052920
44,98,0.030259
44,99,0.046517
44,100,0.014758
44,101,0.087984
44,102,0.032639
44,103,0.017197
44,104,0.017390
44,105,0.075138
44,106,0.091162
44,107,0.045061
44,108,0.029993
44,109,0.053828
44,110,0.051456
44,111,0.019981
44,112,0.018626
44,113,0.029284
44,114,0.041907
44,115,0.052981
44,116,0.087429
44,117,0.075180
44,118,0.041404
44,119,0.116183
44,120,0.118736
44,121,0.134279
44,122,0.046829
44,123,0.037367
44,124,0.062956
44,125,0.048939
44,126,0.012963
44,127,0.053425
44,128,0.066202
44,129,0.026919
44,130,0.025967
44,131,0.049293
44,132,0.039314
45,1,0.147540
45,2,0.145404
45,3,0.031846
45,4,0.033108
45,5,0.098241
45,6,0.096635
45,7,0.025170
45,8,0.055379
45,9,0.161336
45,10,0.033364
45,11,0.049242
45,12,0.139408
45,13,0.063990
45,14,0.014515
45,15,0.061565
45,16,0.056277
45,17,0.090851
45,18,0.028932
45,19,0.000291
45,20,0.000081
45,21,0.047003
45,22,0.034243
45,23,0.075285
45,24,0.060896
45,25,0.055812
45,26,0.040138
45,27,0.058788
45,28,0.005613
45,29,0.026252
45,30,0.040015
45,31,0.010740
45,32,0.044740
45,33,0.055700
45,34,0.009136
45,35,0.011760
45,36,0.018383
45,37,0.080378
45,38,0.053681
45,39,0.039731
45,40,0.141437
45,41,0.125393
45,42,0.137235
45,43,0.107767
45,44,0.011224
45,45,0.000000
45,46,0.024198
45,47,0.049309
45,48,0.028298
45,49,0.030922
45,50,0.053902
45,51,0.011873
45,52,0.036347
45,53,0.014441
45,54,0.017499
45,55,0.003440
45,56,0.017316
45,57,0.014267
45,58,0.015936
45,59,0.016802
45,60,0.049731
45,61,0.058887
45,62,0.102604
45,63,0.132736
45,64,0.126978
45,65,0.094328
45,66,0.140039
45,67,0.045209
45,68,0.073166
45,69,0.079456
45,70,0.100208
45,71,0.079321
45,72,0.076804
45,73,0.008316
45,74,0.029711
45,75,0.031444
45,76,0.026125
45,77,0.030715
45,78,0.015598
45,79,0.015675
45,80,0.050837
45,81,0.049466
45,82,0.081524
45,83,0.028531
45,84,0.003351
45,85,0.010261
45,86,0.028987
45,87,0.045615
45,88,0.040012
45,89,0.087941
45,90,0.019109
45,91,0.022638
45,92,0.002274
45,93,0.085287
45,94,0.026445
45,95,0.004844
45,96,0.070412
45,97,0.010531
45,98,0.038297
45,99,0.038382
45,100,0.089215
45,101,0.093348
45,102,0.105762
45,103,0.051349
45,104,0.069359
45,105,0.019086
45,106,0.002940
45,107,0.024815
45,108,0.050531
45,109,0.044380
45,110,0.031255
45,111,0.024338
45,112,0.011640
45,113,0.026897
45,114,0.001507
45,115,0.013991
45,116,0.013600
45,117,0.006036
45,118,0.043495
45,119,0.006692
45,120,0.044881
45,121,0.073844
45,122,0.045811
45,123,0.032639
45,124,0.097005
45,125,0.089398
45,126,0.033320
45,127,0.004070
45,128,0.038090
45,129,0.050948
45,130,0.048386
45,131,0.013207
45,132,0.043897
46,1,0.118603
46,2,0.112595
46,3,0.016059
46,4,0.032608
46,5,0.086927
46,6,0.075267
46,7,0.010702
46,8,0.054300
46,9,0.112358
46,10,0.018143
46,11,0.002476
46,12,0.031997
46,13,0.003421
46,14,0.018057
46,15,0.029271
46,16,0.001729
46,17,0.021777
46,18,0.047432
46,19,0.049681
46,20,0.031733
46,21,0.016983
46,22,0.101395
46,23,0.068552
46,24,0.074916
46,25,0.046348
46,26,0.075709
46,27,0.050032
46,28,0.068653
46,29,0.035669
46,30,0.047247
46,31,0.061223
46,32,0.028010
46,33,0.006575
46,34,0.041780
46,35,0.019345
46,36,0.016593
46,37,0.095558
46,38,0.001332
46,39,0.022216
46,40,0.034387
46,41,0.050837
46,42,0.153162
46,43,0.074848
46,44,0.008356
46,45,0.024198
46,46,0.000000
46,47,0.057452
46,48,0.044052
46,49,0.019712
46,50,0.041188
46,51,0.000805
46,52,0.023049
46,53,0.031362
46,54,0.002874
46,55,0.021731
46,56,0.002827
46,57,0.000617
46,58,0.030351
46,59,0.034520
46,60,0.037933
46,61,0.023564
46,62,0.041293
46,63,0.034694
46,64,0.063262
46,65,0.096528
46,66,0.047987
46,67,0.038911
46,68,0.009235
46,69,0.014615
46,70,0.104678
46,71,0.062803
46,72,0.018022
46,73,0.019361
46,74,0.006037
46,75,0.012628
46,76,0.005944
46,77,0.011485
46,78,0.024864
46,79,0.042859
46,80,0.043412
46,81,0.022471
46,82,0.068800
46,83,0.015720
46,84,0.034148
46,85,0.031230
46,86,0.046076
46,87,0.000864
46,88,0.004279
46,89,0.050007
46,90,0.033680
46,91,0.006994
46,92,0.022023
46,93,0.049865
46,94,0.007675
46,95,0.012460
46,96,0.040420
46,97,0.037376
46,98,0.004719
46,99,0.030639
46,100,0.055525
46,101,0.044096
46,102,0.075996
46,103,0.073773
46,104,0.081358
46,105,0.065073
46,106,0.032312
46,107,0.058938
46,108,0.082915
46,109,0.067326
46,110,0.056509
46,111,0.061728
46,112,0.101063
46,113,0.072681
46,114,0.003946
46,115,0.004832
46,116,0.014423
46,117,0.017074
46,118,0.067194
46,119,0.062911
46,120,0.011772
46,121,0.012173
46,122,0.009700
46,123,0.007608
46,124,0.089928
46,125,0.065651
46,126,0.037943
46,127,0.019772
46,128,0.039088
46,129,0.093264
46,130,0.112353
46,131,0.082381
46,132,0.050185
47,1,0.110025
47,2,0.102396
47,3,0.044712
47,4,0.016089
47,5,0.035971
47,6,0.028939
47,7,0.032572
47,8,0.075976
47,9,0.065570
47,10,0.034325
47,11,0.024521
47,12,0.016301
47,13,0.039042
47,14,0.052520
47,15,0.025687
47,16,0.025023
47,17,0.001527
47,18,0.057214
47,19,0.074757
47,20,0.082153
47,21,0.044571
47,22,0.108689
47,23,0.044783
47,24,0.050705
47,25,0.039995
47,26,0.041147
47,27,0.021944
47,28,0.036099
47,29,0.027544
47,30,0.062548
47,31,0.001757
47,32,0.009865
47,33,0.000808
47,34,0.041705
47,35,0.006542
47,36,0.004741
47,37,0.053517
47,38,0.014786
47,39,0.017282
47,40,0.015139
47,41,0.019468
47,42,0.080199
47,43,0.041093
47,44,0.016907
47,45,0.049309
47,46,0.057452
47,47,0.000000
47,48,0.056827
47,49,0.054241
47,50,0.034152
47,51,0.021520
47,52,0.044053
47,53,0.005785
47,54,0.036901
47,55,0.026718
47,56,0.009415
47,57,0.025861
47,58,0.013849
47,59,0.000569
47,60,0.011403
47,61,0.030580
47,62,0.062861
47,63,0.059435
47,64,0.057787
47,65,0.061406
47,66,0.039616
47,67,0.064250
47,68,0.016495
47,69,0.012847
47,70,0.081530
47,71,0.039773
47,72,0.033172
47,73,0.021934
47,74,0.045111
47,75,0.021822
47,76,0.019401
47,77,0.026768
47,78,0.015964
47,79,0.044141
47,80,0.010245
47,81,0.005823
47,82,0.036090
47,83,0.002679
47,84,0.030437
47,85,0.023901
47,86,0.020325
47,87,0.010526
47,88,0.006078
47,89,0.039728
47,90,0.028194
47,91,0.006309
47,92,0.007653
47,93,0.003108
47,94,0.011880
47,95,0.019495
47,96,0.018569
47,97,0.002585
47,98,0.049423
47,99,0.026059
47,100,0.024595
47,101,0.035087
47,102,0.052078
47,103,0.042808
47,104,0.051173
47,105,0.046112
47,106,0.034023
47,107,0.040229
47,108,0.057591
47,109,0.030548
47,110,0.042840
47,111,0.061189
47,112,0.087825
47,113,0.065606
47,114,0.011461
47,115,0.021093
47,116,0.008442
47,117,0.000603
47,118,0.051604
47,119,0.087581
47,120,0.045291
47,121,0.019643
47,122,0.004836
47,123,0.015890
47,124,0.058369
47,125,0.047729
47,126,0.029133
47,127,0.009304
47,128,0.020376
47,129,0.055876
47,130,0.091346
47,131,0.064416
47,132,0.039399
48,1,0.179329
48,2,0.165797
48,3,0.132606
48,4,0.096849
48,5,0.070412
48,6,0.059032
48,7,0.119466
48,8,0.160297
48,9,0.155849
48,10,0.131641
48,11,0.101668
48,12,0.003007
48,13,0.069391
48,14,0.108834
48,15,0.097715
48,16,0.091729
48,17,0.073533
48,18,0.131713
48,19,0.162397
48,20,0.045749
48,21,0.048714
48,22,0.153324
48,23,0.104666
48,24,0.111134
48,25,0.097244
48,26,0.146082
48,27,0.085428
48,28,0.157431
48,29,0.015001
48,30,0.051746
48,31,0.007529
48,32,0.073738
48,33,0.087607
48,34,0.016380
48,35,0.043607
48,36,0.028407
48,37,0.116234
48,38,0.021189
48,39,0.011324
48,40,0.001588
48,41,0.020533
48,42,0.068637
48,43,0.002838
48,44,0.021527
48,45,0.028298
48,46,0.044052
48,47,0.056827
48,48,0.000000
48,49,0.033480
48,50,0.010367
48,51,0.015029
48,52,0.016652
48,53,0.074616
48,54,0.018991
48,55,0.016560
48,56,0.026267
48,57,0.102681
48,58,0.102108
48,59,0.034641
48,60,0.019379
48,61,0.050034
48,62,0.081022
48,63,0.045722
48,64,0.088018
48,65,0.126997
48,66,0.087344
48,67,0.016065
48,68,0.042433
48,69,0.083176
48,70,0.136636
48,71,0.127752
48,72,0.084614
48,73,0.097366
48,74,0.120012
48,75,0.111948
48,76,0.054822
48,77,0.001851
48,78,0.017894
48,79,0.078248
48,80,0.037800
48,81,0.027797
48,82,0.029699
48,83,0.031593
48,84,0.027967
48,85,0.034547
48,86,0.009698
48,87,0.041515
48,88,0.049947
48,89,0.058142
48,90,0.027340
48,91,0.010679
48,92,0.017466
48,93,0.029808
48,94,0.051379
48,95,0.048886
48,96,0.033374
48,97,0.051256
48,98,0.063345
48,99,0.091547
48,100,0.068231
48,101,0.025714
48,102,0.051058
48,103,0.089577
48,104,0.093319
48,105,0.114202
48,106,0.105609
48,107,0.137843
48,108,0.146116
48,109,0.130219
48,110,0.131075
48,111,0.139721
48,112,0.178664
48,113,0.171192
48,114,0.108299
48,115,0.060145
48,116,0.086055
48,117,0.087419
48,118,0.073604
48,119,0.188471
48,120,0.158243
48,121,0.144927
48,122,0.096409
48,123,0.095035
48,124,0.143656
48,125,0.116806
48,126,0.096416
48,127,0.087645
48,128,0.066784
48,129,0.135577
48,130,0.172814
48,131,0.185576
48,132,0.158984
49,1,0.142445
49,2,0.115058
49,3,0.087519
49,4,0.047963
49,5,0.010895
49,6,0.014280
49,7,0.075981
49,8,0.097001
49,9,0.070662
49,10,0.044217
49,11,0.001381
49,12,0.029822
49,13,0.062641
49,14,0.068262
49,15,0.053482
49,16,0.056851
49,17,0.036012
49,18,0.025665
49,19,0.086851
49,20,0.018860
49,21,0.011830
49,22,0.073661
49,23,0.041069
49,24,0.066540
49,25,0.065850
49,26,0.075584
49,27,0.025719
49,28,0.066648
49,29,0.015838
49,30,0.014751
49,31,0.001242
49,32,0.027069
49,33,0.048042
49,34,0.022852
49,35,0.044483
49,36,0.005265
49,37,0.062900
49,38,0.005362
49,39,0.017206
49,40,0.013370
49,41,0.002012
49,42,0.049073
49,43,0.007221
49,44,0.012908
49,45,0.030922
49,46,0.019712
49,47,0.054241
49,48,0.033480
49,49,0.000000
49,50,0.046813
49,51,0.012389
49,52,0.036193
49,53,0.047229
49,54,0.023040
49,55,0.002865
49,56,0.006273
49,57,0.023255
49,58,0.042913
49,59,0.022194
49,60,0.029785
49,61,0.008414
49,62,0.061040
49,63,0.031767
49,64,0.060875
49,65,0.049646
49,66,0.039005
49,67,0.045699
49,68,0.010066
49,69,0.029269
49,70,0.079761
49,71,0.089520
49,72,0.024885
49,73,0.037023
49,74,0.017084
49,75,0.008542
49,76,0.016594
49,77,0.010783
49,78,0.021466
49,79,0.045304
49,80,0.015375
49,81,0.020346
49,82,0.015556
49,83,0.009160
49,84,0.025367
49,85,0.027185
49,86,0.016424
49,87,0.019643
49,88,0.057881
49,89,0.053956
49,90,0.029467
49,91,0.024583
49,92,0.024920
49,93,0.026560
49,94,0.026479
49,95,0.003139
49,96,0.013258
49,97,0.088291
49,98,0.067745
49,99,0.079167
49,100,0.091400
49,101,0.057918
49,102,0.076316
49,103,0.109909
49,104,0.087197
49,105,0.054996
49,106,0.042096
49,107,0.037314
49,108,0.038329
49,109,0.031994
49,110,0.068141
49,111,0.061773
49,112,0.088930
49,113,0.065198
49,114,0.050617
49,115,0.017351
49,116,0.033652
49,117,0.023149
49,118,0.066582
49,119,0.122447
49,120,0.106849
49,121,0.103177
49,122,0.050402
49,123,0.041133
49,124,0.129425
49,125,0.095464
49,126,0.075319
49,127,0.073848
49,128,0.066175
49,129,0.090330
49,130,0.104815
49,131,0.092051
49,132,0.097792
50,1,0.166403
50,2,0.149868
50,3,0.156095
50,4,0.139093
50,5,0.102051
50,6,0.095501
50,7,0.165615
50,8,0.177188
50,9,0.099242
50,10,0.090406
50,11,0.067265
50,12,0.056009
50,13,0.091908
50,14,0.137105
50,15,0.133454
50,16,0.120186
50,17,0.103026
50,18,0.113106
50,19,0.162313
50,20,0.080650
50,21,0.048551
50,22,0.065870
50,23,0.010608
50,24,0.050051
50,25,0.062200
50,26,0.068351
50,27,0.053700
50,28,0.132983
50,29,0.041293
50,30,0.011128
50,31,0.016237
50,32,0.052453
50,33,0.105194
50,34,0.012255
50,35,0.002016
50,36,0.012363
50,37,0.086742
50,38,0.019399
50,39,0.006070
50,40,0.041269
50,41,0.002644
50,42,0.053671
50,43,0.011913
50,44,0.012299
50,45,0.053902
50,46,0.041188
50,47,0.034152
50,48,0.010367
50,49,0.046813
50,50,0.000000
50,51,0.043056
50,52,0.007352
50,53,0.015465
50,54,0.005695
50,55,0.020941
50,56,0.013803
50,57,0.012133
50,58,0.001141
50,59,0.034419
50,60,0.014400
50,61,0.018622
50,62,0.043350
50,63,0.023439
50,64,0.060549
50,65,0.079513
50,66,0.051674
50,67,0.011434
50,68,0.034472
50,69,0.038739
50,70,0.077068
50,71,0.065294
50,72,0.013040
50,73,0.009589
50,74,0.042751
50,75,0.027455
50,76,0.006330
50,77,0.019702
50,78,0.001716
50,79,0.129946
50,80,0.076829
50,81,0.076437
50,82,0.016888
50,83,0.003129
50,84,0.007445
50,85,0.003943
50,86,0.003233
50,87,0.009528
50,88,0.023646
50,89,0.028313
50,90,0.035481
50,91,0.032612
50,92,0.036626
50,93,0.023999
50,94,0.008188
50,95,0.005381
50,96,0.054661
50,97,0.077592
50,98,0.027659
50,99,0.071265
50,100,0.072774
50,101,0.008840
50,102,0.027664
50,103,0.084444
50,104,0.087419
50,105,0.120702
50,106,0.133227
50,107,0.112092
50,108,0.101717
50,109,0.096971
50,110,0.121498
50,111,0.083661
50,112,0.117215
50,113,0.106927
50,114,0.090105
50,115,0.062901
50,116,0.077372
50,117,0.064096
50,118,0.080578
50,119,0.150685
50,120,0.139700
50,121,0.113689
50,122,0.069576
50,123,0.045385
50,124,0.124159
50,125,0.085708
50,126,0.074696
50,127,0.097021
50,128,0.082265
50,129,0.141802
50,130,0.135911
50,131,0.104469
50,132,0.097610
51,1,0.170926
51,2,0.152425
51,3,0.173051
51,4,0.139811
51,5,0.111178
51,6,0.099843
51,7,0.157145
51,8,0.163038
51,9,0.135535
51,10,0.088479
51,11,0.063844
51,12,0.030638
51,13,0.127351
51,14,0.138609
51,15,0.154289
51,16,0.122520
51,17,0.100815
51,18,0.045255
51,19,0.093787
51,20,0.033894
51,21,0.029262
51,22,0.059267
51,23,0.069297
51,24,0.082503
51,25,0.086703
51,26,0.088146
51,27,0.032563
51,28,0.058970
51,29,0.051381
51,30,0.008181
51,31,0.004890
51,32,0.088896
51,33,0.105830
51,34,0.056402
51,35,0.001817
51,36,0.028450
51,37,0.070946
51,38,0.048659
51,39,0.047640
51,40,0.022394
51,41,0.045450
51,42,0.045642
51,43,0.027039
51,44,0.016460
51,45,0.011873
51,46,0.000805
51,47,0.021520
51,48,0.015029
51,49,0.012389
51,50,0.043056
51,51,0.000000
51,52,0.033179
51,53,0.094672
51,54,0.028630
51,55,0.036655
51,56,0.033382
51,57,0.051941
51,58,0.066106
51,59,0.060707
51,60,0.001827
51,61,0.043183
51,62,0.091550
51,63,0.063827
51,64,0.093550
51,65,0.099525
51,66,0.104267
51,67,0.025472
51,68,0.008072
51,69,0.083096
51,70,0.106703
51,71,0.100247
51,72,0.072023
51,73,0.022965
51,74,0.004602
51,75,0.036975
51,76,0.072984
51,77,0.032222
51,78,0.049803
51,79,0.077695
51,80,0.087429
51,81,0.072871
51,82,0.029748
51,83,0.075740
51,84,0.086156
51,85,0.090227
51,86,0.041560
51,87,0.068253
51,88,0.097458
51,89,0.096374
51,90,0.027262
51,91,0.007687
51,92,0.035595
51,93,0.049253
51,94,0.017820
51,95,0.030349
51,96,0.052955
51,97,0.093450
51,98,0.060894
51,99,0.049176
51,100,0.087786
51,101,0.065828
51,102,0.054807
51,103,0.084055
51,104,0.093359
51,105,0.092853
51,106,0.092178
51,107,0.051833
51,108,0.085740
51,109,0.066904
51,110,0.107452
51,111,0.129078
51,112,0.127046
51,113,0.123655
51,114,0.065777
51,115,0.022889
51,116,0.041846
51,117,0.036092
51,118,0.100993
51,119,0.149714
51,120,0.161588
51,121,0.149577
51,122,0.106903
51,123,0.134881
51,124,0.154165
51,125,0.136255
51,126,0.122529
51,127,0.122529
51,128,0.102923
51,129,0.103910
51,130,0.103686
51,131,0.124922
51,132,0.101722
52,1,0.119370
52,2,0.099984
52,3,0.164095
52,4,0.160756
52,5,0.133223
52,6,0.121550
52,7,0.170152
52,8,0.150938
52,9,0.088429
52,10,0.034399
52,11,0.032484
52,12,0.021072
52,13,0.107177
52,14,0.116997
52,15,0.138994
52,16,0.146147
52,17,0.142443
52,18,0.016822
52,19,0.051022
52,20,0.064952
52,21,0.003443
52,22,0.022949
52,23,0.017090
52,24,0.060285
52,25,0.073073
52,26,0.081645
52,27,0.053911
52,28,0.091920
52,29,0.006478
52,30,0.018711
52,31,0.026885
52,32,0.098949
52,33,0.087835
52,34,0.032893
52,35,0.021726
52,36,0.067306
52,37,0.074804
52,38,0.037043
52,39,0.037544
52,40,0.018833
52,41,0.015646
52,42,0.028347
52,43,0.019770
52,44,0.015668
52,45,0.036347
52,46,0.023049
52,47,0.044053
52,48,0.016652
52,49,0.036193
52,50,0.007352
52,51,0.033179
52,52,0.000000
52,53,0.072338
52,54,0.070629
52,55,0.072372
52,56,0.016534
52,57,0.021009
52,58,0.006117
52,59,0.019456
52,60,0.000617
52,61,0.041859
52,62,0.065038
52,63,0.048892
52,64,0.052425
52,65,0.040419
52,66,0.043550
52,67,0.033676
52,68,0.009481
52,69,0.047228
52,70,0.078243
52,71,0.079443
52,72,0.021369
52,73,0.030990
52,74,0.007538
52,75,0.002698
52,76,0.016630
52,77,0.008517
52,78,0.035572
52,79,0.090485
52,80,0.070302
52,81,0.057999
52,82,0.019629
52,83,0.023158
52,84,0.000116
52,85,0.011814
52,86,0.015256
52,87,0.020452
52,88,0.012741
52,89,0.028234
52,90,0.040720
52,91,0.012100
52,92,0.020705
52,93,0.057787
52,94,0.016547
52,95,0.006923
52,96,0.070314
52,97,0.128610
52,98,0.077599
52,99,0.115263
52,100,0.112328
52,101,0.035707
52,102,0.066477
52,103,0.118476
52,104,0.120243
52,105,0.147134
52,106,0.155621
52,107,0.115771
52,108,0.098171
52,109,0.094943
52,110,0.126594
52,111,0.098561
52,112,0.104753
52,113,0.099060
52,114,0.106816
52,115,0.092348
52,116,0.083782
52,117,0.069044
52,118,0.113163
52,119,0.141203
52,120,0.134952
52,121,0.119441
52,122,0.078984
52,123,0.060294
52,124,0.089030
52,125,0.059720
52,126,0.087368
52,127,0.149197
52,128,0.160973
52,129,0.146893
52,130,0.126799
52,131,0.086713
52,132,0.040993
53,1,0.192746
53,2,0.165820
53,3,0.220138
53,4,0.216267
53,5,0.201082
53,6,0.178078
53,7,0.206786
53,8,0.188917
53,9,0.150765
53,10,0.186235
53,11,0.163602
53,12,0.090499
53,13,0.136323
53,14,0.135745
53,15,0.156572
53,16,0.144618
53,17,0.149965
53,18,0.110271
53,19,0.078446
53,20,0.063986
53,21,0.003298
53,22,0.011351
53,23,0.048982
53,24,0.073853
53,25,0.077260
53,26,0.088232
53,27,0.110051
53,28,0.097395
53,29,0.014391
53,30,0.008496
53,31,0.044435
53,32,0.077540
53,33,0.053504
53,34,0.007372
53,35,0.076564
53,36,0.112792
53,37,0.120579
53,38,0.073876
53,39,0.083557
53,40,0.033092
53,41,0.087320
53,42,0.026479
53,43,0.029194
53,44,0.017794
53,45,0.014441
53,46,0.031362
53,47,0.005785
53,48,0.074616
53,49,0.047229
53,50,0.015465
53,51,0.094672
53,52,0.072338
53,53,0.000000
53,54,0.021639
53,55,0.041466
53,56,0.001554
53,57,0.014618
53,58,0.011886
53,59,0.094809
53,60,0.005915
53,61,0.024825
53,62,0.052427
53,63,0.064403
53,64,0.095799
53,65,0.115439
53,66,0.142814
53,67,0.063163
53,68,0.068815
53,69,0.133060
53,70,0.119473
53,71,0.111031
53,72,0.076493
53,73,0.041487
53,74,0.025048
53,75,0.063233
53,76,0.078228
53,77,0.018271
53,78,0.069320
53,79,0.155541
53,80,0.123855
53,81,0.082644
53,82,0.036104
53,83,0.078633
53,84,0.064231
53,85,0.051603
53,86,0.003956
53,87,0.009777
53,88,0.026714
53,89,0.065634
53,90,0.009610
53,91,0.035940
53,92,0.044216
53,93,0.059306
53,94,0.047237
53,95,0.059022
53,96,0.100563
53,97,0.116028
53,98,0.082715
53,99,0.103702
53,100,0.095227
53,101,0.065919
53,102,0.052972
53,103,0.089181
53,104,0.086213
53,105,0.125038
53,106,0.140345
53,107,0.090592
53,108,0.120911
53,109,0.104133
53,110,0.122202
53,111,0.093981
53,112,0.103374
53,113,0.081700
53,114,0.106333
53,115,0.111334
53,116,0.127325
53,117,0.104178
53,118,0.082240
53,119,0.134414
53,120,0.169072
53,121,0.142468
53,122,0.130027
53,123,0.150777
53,124,0.068681
53,125,0.045463
53,126,0.046701
53,127,0.072904
53,128,0.072316
53,129,0.105959
53,130,0.105294
53,131,0.102789
53,132,0.057715
54,1,0.162837
54,2,0.107935
54,3,0.153945
54,4,0.143263
54,5,0.127587
54,6,0.126189
54,7,0.160356
54,8,0.138295
54,9,0.091114
54,10,0.061574
54,11,0.058109
54,12,0.058412
54,13,0.128889
54,14,0.096738
54,15,0.119688
54,16,0.113511
54,17,0.121760
54,18,0.024645
54,19,0.028270
54,20,0.036305
54,21,0.001376
54,22,0.053510
54,23,0.056326
54,24,0.078044
54,25,0.070077
54,26,0.081424
54,27,0.096058
54,28,0.002968
54,29,0.018189
54,30,0.006010
54,31,0.002077
54,32,0.074041
54,33,0.045772
54,34,0.023725
54,35,0.027955
54,36,0.087648
54,37,0.081834
54,38,0.068187
54,39,0.066445
54,40,0.006141
54,41,0.036013
54,42,0.015404
54,43,0.012657
54,44,0.002096
54,45,0.017499
54,46,0.002874
54,47,0.036901
54,48,0.018991
54,49,0.023040
54,50,0.005695
54,51,0.028630
54,52,0.070629
54,53,0.021639
54,54,0.000000
54,55,0.051191
54,56,0.016789
54,57,0.027504
54,58,0.052635
54,59,0.112197
54,60,0.040369
54,61,0.053373
54,62,0.063552
54,63,0.079126
54,64,0.065304
54,65,0.060991
54,66,0.105219
54,67,0.034535
54,68,0.045801
54,69,0.098323
54,70,0.070678
54,71,0.060770
54,72,0.032140
54,73,0.032636
54,74,0.062016
54,75,0.008289
54,76,0.056605
54,77,0.019245
54,78,0.063778
54,79,0.105063
54,80,0.092005
54,81,0.061074
54,82,0.004873
54,83,0.041643
54,84,0.018239
54,85,0.015745
54,86,0.013330
54,87,0.023805
54,88,0.013060
54,89,0.042503
54,90,0.035132
54,91,0.013229
54,92,0.001556
54,93,0.058986
54,94,0.018942
54,95,0.002081
54,96,0.063441
54,97,0.130024
54,98,0.097529
54,99,0.100830
54,100,0.118817
54,101,0.104820
54,102,0.097695
54,103,0.121077
54,104,0.122430
54,105,0.127848
54,106,0.112663
54,107,0.060164
54,108,0.082931
54,109,0.090788
54,110,0.123965
54,111,0.073176
54,112,0.084824
54,113,0.062508
54,114,0.070848
54,115,0.078391
54,116,0.103444
54,117,0.092444
54,118,0.088949
54,119,0.100067
54,120,0.109414
54,121,0.096380
54,122,0.057843
54,123,0.075977
54,124,0.066521
54,125,0.023511
54,126,0.014469
54,127,0.033673
54,128,0.045752
54,129,0.042899
54,130,0.052267
54,131,0.027392
54,132,0.020111
55,1,0.167189
55,2,0.143817
55,3,0.225289
55,4,0.212908
55,5,0.184184
55,6,0.190192
55,7,0.236834
55,8,0.210383
55,9,0.127894
55,10,0.102165
55,11,0.107934
55,12,0.026661
55,13,0.124108
55,14,0.153757
55,15,0.185245
55,16,0.177612
55,17,0.189373
55,18,0.100726
55,19,0.102350
55,20,0.089084
55,21,0.001136
55,22,0.075464
55,23,0.096482
55,24,0.095264
55,25,0.105079
55,26,0.126523
55,27,0.133330
55,28,0.012024
55,29,0.027844
55,30,0.030246
55,31,0.001564
55,32,0.112989
55,33,0.080256
55,34,0.008051
55,35,0.034058
55,36,0.066981
55,37,0.087915
55,38,0.080660
55,39,0.088251
55,40,0.013641
55,41,0.047154
55,42,0.023907
55,43,0.019232
55,44,0.042605
55,45,0.003440
55,46,0.021731
55,47,0.026718
55,48,0.016560
55,49,0.002865
55,50,0.020941
55,51,0.036655
55,52,0.072372
55,53,0.041466
55,54,0.051191
55,55,0.000000
55,56,0.048109
55,57,0.002979
55,58,0.011893
55,59,0.088284
55,60,0.045625
55,61,0.071155
55,62,0.079819
55,63,0.126161
55,64,0.097262
55,65,0.088529
55,66,0.119798
55,67,0.029936
55,68,0.042573
55,69,0.112557
55,70,0.130520
55,71,0.099155
55,72,0.041844
55,73,0.004867
55,74,0.001207
55,75,0.033393
55,76,0.054706
55,77,0.003373
55,78,0.062222
55,79,0.149230
55,80,0.125256
55,81,0.050243
55,82,0.063176
55,83,0.008089
55,84,0.022758
55,85,0.049436
55,86,0.066015
55,87,0.087473
55,88,0.083683
55,89,0.045330
55,90,0.111674
55,91,0.037666
55,92,0.001856
55,93,0.044971
55,94,0.011034
55,95,0.037501
55,96,0.088927
55,97,0.110348
55,98,0.074922
55,99,0.105748
55,100,0.116603
55,101,0.036494
55,102,0.057801
55,103,0.087610
55,104,0.138352
55,105,0.195844
55,106,0.183797
55,107,0.138310
55,108,0.158346
55,109,0.171323
55,110,0.184546
55,111,0.113539
55,112,0.129914
55,113,0.130715
55,114,0.097641
55,115,0.077093
55,116,0.121762
55,117,0.115888
55,118,0.092328
55,119,0.158131
55,120,0.156587
55,121,0.114191
55,122,0.043668
55,123,0.038451
55,124,0.021378
55,125,0.015652
55,126,0.017141
55,127,0.009854
55,128,0.011236
55,129,0.025822
55,130,0.051380
55,131,0.035639
55,132,0.013382
56,1,0.070703
56,2,0.091209
56,3,0.129942
56,4,0.088795
56,5,0.070493
56,6,0.092954
56,7,0.129153
56,8,0.124949
56,9,0.096729
56,10,0.016343
56,11,0.005467
56,12,0.013920
56,13,0.119413
56,14,0.113147
56,15,0.105240
56,16,0.100288
56,17,0.096045
56,18,0.025527
56,19,0.027696
56,20,0.068083
56,21,0.061013
56,22,0.084406
56,23,0.084657
56,24,0.106584
56,25,0.076463
56,26,0.062865
56,27,0.045994
56,28,0.023126
56,29,0.042575
56,30,0.021726
56,31,0.046496
56,32,0.102247
56,33,0.081027
56,34,0.032644
56,35,0.035849
56,36,0.004234
56,37,0.058673
56,38,0.061508
56,39,0.036791
56,40,0.002101
56,41,0.036075
56,42,0.002648
56,43,0.019202
56,44,0.005346
56,45,0.017316
56,46,0.002827
56,47,0.009415
56,48,0.026267
56,49,0.006273
56,50,0.013803
56,51,0.033382
56,52,0.016534
56,53,0.001554
56,54,0.016789
56,55,0.048109
56,56,0.000000
56,57,0.036093
56,58,0.008611
56,59,0.074938
56,60,0.018959
56,61,0.057595
56,62,0.055839
56,63,0.073423
56,64,0.058413
56,65,0.046307
56,66,0.112435
56,67,0.047996
56,68,0.020486
56,69,0.108231
56,70,0.090830
56,71,0.055428
56,72,0.054021
56,73,0.083643
56,74,0.136686
56,75,0.002537
56,76,0.070492
56,77,0.084424
56,78,0.126799
56,79,0.040240
56,80,0.071756
56,81,0.039256
56,82,0.017538
56,83,0.025018
56,84,0.024860
56,85,0.016032
56,86,0.008801
56,87,0.019178
56,88,0.021479
56,89,0.016163
56,90,0.081025
56,91,0.080121
56,92,0.073190
56,93,0.029994
56,94,0.028076
56,95,0.049433
56,96,0.003301
56,97,0.048969
56,98,0.004849
56,99,0.004541
56,100,0.049671
56,101,0.023632
56,102,0.023179
56,103,0.041810
56,104,0.071240
56,105,0.085338
56,106,0.071198
56,107,0.027391
56,108,0.025682
56,109,0.043943
56,110,0.067389
56,111,0.044340
56,112,0.034782
56,113,0.040014
56,114,0.056690
56,115,0.041999
56,116,0.065542
56,117,0.062513
56,118,0.055436
56,119,0.121884
56,120,0.087140
56,121,0.076514
56,122,0.034312
56,123,0.049949
56,124,0.075762
56,125,0.036272
56,126,0.059992
56,127,0.057107
56,128,0.041761
56,129,0.004102
56,130,0.022358
56,131,0.029395
56,132,0.007671
57,1,0.114062
57,2,0.166842
57,3,0.207623
57,4,0.166992
57,5,0.126426
57,6,0.152306
57,7,0.203072
57,8,0.197673
57,9,0.166538
57,10,0.171976
57,11,0.139355
57,12,0.040347
57,13,0.172774
57,14,0.193865
57,15,0.197534
57,16,0.152668
57,17,0.140279
57,18,0.036945
57,19,0.067986
57,20,0.017029
57,21,0.034594
57,22,0.086071
57,23,0.093217
57,24,0.105941
57,25,0.063861
57,26,0.048039
57,27,0.077807
57,28,0.052795
57,29,0.085330
57,30,0.023110
57,31,0.031562
57,32,0.083006
57,33,0.145222
57,34,0.069763
57,35,0.023455
57,36,0.019750
57,37,0.136263
57,38,0.113570
57,39,0.082387
57,40,0.024372
57,41,0.062401
57,42,0.046248
57,43,0.003350
57,44,0.014320
57,45,0.014267
57,46,0.000617
57,47,0.025861
57,48,0.102681
57,49,0.023255
57,50,0.012133
57,51,0.051941
57,52,0.021009
57,53,0.014618
57,54,0.027504
57,55,0.002979
57,56,0.036093
57,57,0.000000
57,58,0.075167
57,59,0.042973
57,60,0.055794
57,61,0.117494
57,62,0.103593
57,63,0.096406
57,64,0.107367
57,65,0.111251
57,66,0.179263
57,67,0.022826
57,68,0.069123
57,69,0.144622
57,70,0.088355
57,71,0.037064
57,72,0.062154
57,73,0.036722
57,74,0.081437
57,75,0.106604
57,76,0.112044
57,77,0.118529
57,78,0.108269
57,79,0.142026
57,80,0.143248
57,81,0.095047
57,82,0.031307
57,83,0.100377
57,84,0.126520
57,85,0.081764
57,86,0.087059
57,87,0.047183
57,88,0.043966
57,89,0.045708
57,90,0.067257
57,91,0.047562
57,92,0.080068
57,93,0.005390
57,94,0.001031
57,95,0.055181
57,96,0.011310
57,97,0.059070
57,98,0.022141
57,99,0.016608
57,100,0.058718
57,101,0.019532
57,102,0.023137
57,103,0.057549
57,104,0.054783
57,105,0.084387
57,106,0.095105
57,107,0.063311
57,108,0.062828
57,109,0.073259
57,110,0.118144
57,111,0.116144
57,112,0.101109
57,113,0.123888
57,114,0.115698
57,115,0.086783
57,116,0.084058
57,117,0.087933
57,118,0.050590
57,119,0.137975
57,120,0.135707
57,121,0.093442
57,122,0.093068
57,123,0.118088
57,124,0.119073
57,125,0.084460
57,126,0.089831
57,127,0.078575
57,128,0.046129
57,129,0.012342
57,130,0.006227
57,131,0.041763
57,132,0.056320
58,1,0.122678
58,2,0.138964
58,3,0.152367
58,4,0.116838
58,5,0.080444
58,6,0.079013
58,7,0.123431
58,8,0.117130
58,9,0.092661
58,10,0.106540
58,11,0.069026
58,12,0.026522
58,13,0.156153
58,14,0.130857
58,15,0.136040
58,16,0.083225
58,17,0.046511
58,18,0.070031
58,19,0.018388
58,20,0.061528
58,21,0.014890
58,22,0.036252
58,23,0.043175
58,24,0.057408
58,25,0.040603
58,26,0.015809
58,27,0.040227
58,28,0.050320
58,29,0.108786
58,30,0.020689
58,31,0.017975
58,32,0.024882
58,33,0.096843
58,34,0.068198
58,35,0.006286
58,36,0.016503
58,37,0.072809
58,38,0.072702
58,39,0.056688
58,40,0.021484
58,41,0.045655
58,42,0.033242
58,43,0.002494
58,44,0.003687
58,45,0.015936
58,46,0.030351
58,47,0.013849
58,48,0.102108
58,49,0.042913
58,50,0.001141
58,51,0.066106
58,52,0.006117
58,53,0.011886
58,54,0.052635
58,55,0.011893
58,56,0.008611
58,57,0.075167
58,58,0.000000
58,59,0.016608
58,60,0.085843
58,61,0.137590
58,62,0.106092
58,63,0.074600
58,64,0.082486
58,65,0.070313
58,66,0.146934
58,67,0.056054
58,68,0.010518
58,69,0.110870
58,70,0.040891
58,71,0.003766
58,72,0.028259
58,73,0.060224
58,74,0.172452
58,75,0.052231
58,76,0.070491
58,77,0.080718
58,78,0.056129
58,79,0.083133
58,80,0.118943
58,81,0.093659
58,82,0.049837
58,83,0.086300
58,84,0.122620
58,85,0.085130
58,86,0.060431
58,87,0.037619
58,88,0.048670
58,89,0.059655
58,90,0.003603
58,91,0.024776
58,92,0.061240
58,93,0.024843
58,94,0.038080
58,95,0.029710
58,96,0.003982
58,97,0.101536
58,98,0.088169
58,99,0.024230
58,100,0.037899
58,101,0.034117
58,102,0.019935
58,103,0.029129
58,104,0.010838
58,105,0.022116
58,106,0.036808
58,107,0.003592
58,108,0.012763
58,109,0.009747
58,110,0.074300
58,111,0.083218
58,112,0.066035
58,113,0.083840
58,114,0.108418
58,115,0.074518
58,116,0.044505
58,117,0.034643
58,118,0.064039
58,119,0.134285
58,120,0.120387
58,121,0.088229
58,122,0.051475
58,123,0.069219
58,124,0.126139
58,125,0.111467
58,126,0.087093
58,127,0.066294
58,128,0.024766
58,129,0.025623
58,130,0.025736
58,131,0.052798
58,132,0.102358
59,1,0.115458
59,2,0.066727
59,3,0.030338
59,4,0.073619
59,5,0.127457
59,6,0.115762
59,7,0.073761
59,8,0.040814
59,9,0.007286
59,10,0.013244
59,11,0.065020
59,12,0.014688
59,13,0.108564
59,14,0.012523
59,15,0.030421
59,16,0.085027
59,17,0.135415
59,18,0.155981
59,19,0.009914
59,20,0.092630
59,21,0.028849
59,22,0.030019
59,23,0.017112
59,24,0.059156
59,25,0.038039
59,26,0.018637
59,27,0.051977
59,28,0.040888
59,29,0.028638
59,30,0.057064
59,31,0.083011
59,32,0.123785
59,33,0.018018
59,34,0.066728
59,35,0.027833
59,36,0.014571
59,37,0.000484
59,38,0.012516
59,39,0.039789
59,40,0.036088
59,41,0.040621
59,42,0.017885
59,43,0.077855
59,44,0.013437
59,45,0.016802
59,46,0.034520
59,47,0.000569
59,48,0.034641
59,49,0.022194
59,50,0.034419
59,51,0.060707
59,52,0.019456
59,53,0.094809
59,54,0.112197
59,55,0.088284
59,56,0.074938
59,57,0.042973
59,58,0.016608
59,59,0.000000
59,60,0.071879
59,61,0.150823
59,62,0.155958
59,63,0.163416
59,64,0.105222
59,65,0.031359
59,66,0.070641
59,67,0.059755
59,68,0.046352
59,69,0.049267
59,70,0.007855
59,71,0.012731
59,72,0.029563
59,73,0.107226
59,74,0.280907
59,75,0.069007
59,76,0.020582
59,77,0.089727
59,78,0.099300
59,79,0.014534
59,80,0.097299
59,81,0.082573
59,82,0.020391
59,83,0.015568
59,84,0.030517
59,85,0.015249
59,86,0.018248
59,87,0.040667
59,88,0.022297
59,89,0.064779
59,90,0.036015
59,91,0.068000
59,92,0.052051
59,93,0.017961
59,94,0.040288
59,95,0.036447
59,96,0.022314
59,97,0.127453
59,98,0.102559
59,99,0.008667
59,100,0.026919
59,101,0.070349
59,102,0.070638
59,103,0.025656
59,104,0.009629
59,105,0.082969
59,106,0.065767
59,107,0.082999
59,108,0.083131
59,109,0.051100
59,110,0.035593
59,111,0.002953
59,112,0.036149
59,113,0.015064
59,114,0.044936
59,115,0.034015
59,116,0.024076
59,117,0.032737
59,118,0.004630
59,119,0.003060
59,120,0.002356
59,121,0.089884
59,122,0.124482
59,123,0.083994
59,124,0.039251
59,125,0.002115
59,126,0.086424
59,127,0.098433
59,128,0.101946
59,129,0.167096
59,130,0.179318
59,131,0.131504
59,132,0.077501
60,1,0.075683
60,2,0.006153
60,3,0.077736
60,4,0.094278
60,5,0.117923
60,6,0.122706
60,7,0.098299
60,8,0.079661
60,9,0.038812
60,10,0.058207
60,11,0.100565
60,12,0.015722
60,13,0.042229
60,14,0.005024
60,15,0.047291
60,16,0.063380
60,17,0.098893
60,18,0.152693
60,19,0.076950
60,20,0.047802
60,21,0.000563
60,22,0.012066
60,23,0.021620
60,24,0.046516
60,25,0.009252
60,26,0.011357
60,27,0.005556
60,28,0.021659
60,29,0.108352
60,30,0.013476
60,31,0.098992
60,32,0.005301
60,33,0.065429
60,34,0.123359
60,35,0.038144
60,36,0.028244
60,37,0.003077
60,38,0.006836
60,39,0.004914
60,40,0.036751
60,41,0.048733
60,42,0.012767
60,43,0.033628
60,44,0.016513
60,45,0.049731
60,46,0.037933
60,47,0.011403
60,48,0.019379
60,49,0.029785
60,50,0.014400
60,51,0.001827
60,52,0.000617
60,53,0.005915
60,54,0.040369
60,55,0.045625
60,56,0.018959
60,57,0.055794
60,58,0.085843
60,59,0.071879
60,60,0.000000
60,61,0.111872
60,62,0.168071
60,63,0.139854
60,64,0.101612
60,65,0.063395
60,66,0.011940
60,67,0.090288
60,68,0.058333
60,69,0.020299
60,70,0.032168
60,71,0.049882
60,72,0.062594
60,73,0.045682
60,74,0.130174
60,75,0.008998
60,76,0.059752
60,77,0.100345
60,78,0.120721
60,79,0.027955
60,80,0.045496
60,81,0.030660
60,82,0.006595
60,83,0.033472
60,84,0.032658
60,85,0.034333
60,86,0.008215
60,87,0.022244
60,88,0.019571
60,89,0.035260
60,90,0.054806
60,91,0.030065
60,92,0.022989
60,93,0.052899
60,94,0.095707
60,95,0.008671
60,96,0.027391
60,97,0.140668
60,98,0.118746
60,99,0.072841
60,100,0.067130
60,101,0.098142
60,102,0.086247
60,103,0.059101
60,104,0.041802
60,105,0.020251
60,106,0.051443
60,107,0.044321
60,108,0.009066
60,109,0.007013
60,110,0.021987
60,111,0.045439
60,112,0.036957
60,113,0.079067
60,114,0.033341
60,115,0.003762
60,116,0.013318
60,117,0.023290
60,118,0.038897
60,119,0.073400
60,120,0.097205
60,121,0.087099
60,122,0.097376
60,123,0.083366
60,124,0.072827
60,125,0.001301
60,126,0.039842
60,127,0.024302
60,128,0.012368
60,129,0.045758
60,130,0.042329
60,131,0.024464
60,132,0.037034
61,1,0.093785
61,2,0.048399
61,3,0.019816
61,4,0.061246
61,5,0.112415
61,6,0.109904
61,7,0.053311
61,8,0.013978
61,9,0.025246
61,10,0.025448
61,11,0.086840
61,12,0.033424
61,13,0.127220
61,14,0.079358
61,15,0.008357
61,16,0.056169
61,17,0.109483
61,18,0.120641
61,19,0.032223
61,20,0.049050
61,21,0.018884
61,22,0.011395
61,23,0.020820
61,24,0.022201
61,25,0.019634
61,26,0.027770
61,27,0.015770
61,28,0.031982
61,29,0.114440
61,30,0.025861
61,31,0.060129
61,32,0.015676
61,33,0.095013
61,34,0.162225
61,35,0.027738
61,36,0.041595
61,37,0.057422
61,38,0.028490
61,39,0.032675
61,40,0.079853
61,41,0.082040
61,42,0.023814
61,43,0.028020
61,44,0.013064
61,45,0.058887
61,46,0.023564
61,47,0.030580
61,48,0.050034
61,49,0.008414
61,50,0.018622
61,51,0.043183
61,52,0.041859
61,53,0.024825
61,54,0.053373
61,55,0.071155
61,56,0.057595
61,57,0.117494
61,58,0.137590
61,59,0.150823
61,60,0.111872
61,61,0.000000
61,62,0.096553
61,63,0.121022
61,64,0.113468
61,65,0.100466
61,66,0.041455
61,67,0.084376
61,68,0.047052
61,69,0.027913
61,70,0.040643
61,71,0.084914
61,72,0.103133
61,73,0.031176
61,74,0.119582
61,75,0.026075
61,76,0.095180
61,77,0.097417
61,78,0.130158
61,79,0.016128
61,80,0.110830
61,81,0.051295
61,82,0.039718
61,83,0.080270
61,84,0.086532
61,85,0.082921
61,86,0.046982
61,87,0.065697
61,88,0.049469
61,89,0.053577
61,90,0.089805
61,91,0.060021
61,92,0.038765
61,93,0.077051
61,94,0.099027
61,95,0.016600
61,96,0.039532
61,97,0.090056
61,98,0.074214
61,99,0.040901
61,100,0.043999
61,101,0.062523
61,102,0.058312
61,103,0.057688
61,104,0.052099
61,105,0.016787
61,106,0.009181
61,107,0.003044
61,108,0.031035
61,109,0.039193
61,110,0.029641
61,111,0.069473
61,112,0.061741
61,113,0.068277
61,114,0.034007
61,115,0.012253
61,116,0.003140
61,117,0.021564
61,118,0.011400
61,119,0.052348
61,120,0.078185
61,121,0.061621
61,122,0.054326
61,123,0.051112
61,124,0.093582
61,125,0.047750
61,126,0.017772
61,127,0.015454
61,128,0.036451
61,129,0.019438
61,130,0.014029
61,131,0.029099
61,132,0.060127
62,1,0.095501
62,2,0.054291
62,3,0.039793
62,4,0.087864
62,5,0.150917
62,6,0.130946
62,7,0.071865
62,8,0.017200
62,9,0.036685
62,10,0.067193
62,11,0.098720
62,12,0.055420
62,13,0.128128
62,14,0.078976
62,15,0.007140
62,16,0.060271
62,17,0.126923
62,18,0.107906
62,19,0.018547
62,20,0.070681
62,21,0.025019
62,22,0.023519
62,23,0.011797
62,24,0.057022
62,25,0.043656
62,26,0.052433
62,27,0.001846
62,28,0.028382
62,29,0.114870
62,30,0.000366
62,31,0.046274
62,32,0.000231
62,33,0.082982
62,34,0.138805
62,35,0.001842
62,36,0.020081
62,37,0.112406
62,38,0.035821
62,39,0.063407
62,40,0.072136
62,41,0.068805
62,42,0.038891
62,43,0.033635
62,44,0.013181
62,45,0.102604
62,46,0.041293
62,47,0.062861
62,48,0.081022
62,49,0.061040
62,50,0.043350
62,51,0.091550
62,52,0.065038
62,53,0.052427
62,54,0.063552
62,55,0.079819
62,56,0.055839
62,57,0.103593
62,58,0.106092
62,59,0.155958
62,60,0.168071
62,61,0.096553
62,62,0.000000
62,63,0.056657
62,64,0.081679
62,65,0.094653
62,66,0.045263
62,67,0.070913
62,68,0.062858
62,69,0.016803
62,70,0.053183
62,71,0.110926
62,72,0.084301
62,73,0.082007
62,74,0.148042
62,75,0.013171
62,76,0.079584
62,77,0.067749
62,78,0.104694
62,79,0.013668
62,80,0.110880
62,81,0.040602
62,82,0.029792
62,83,0.052590
62,84,0.048901
62,85,0.053035
62,86,0.021336
62,87,0.047448
62,88,0.005974
62,89,0.022412
62,90,0.079638
62,91,0.042175
62,92,0.004957
62,93,0.063377
62,94,0.097732
62,95,0.018483
62,96,0.054245
62,97,0.089123
62,98,0.017076
62,99,0.038128
62,100,0.079811
62,101,0.103724
62,102,0.093099
62,103,0.082325
62,104,0.066836
62,105,0.019716
62,106,0.004464
62,107,0.010112
62,108,0.021494
62,109,0.020755
62,110,0.006160
62,111,0.042037
62,112,0.028309
62,113,0.028579
62,114,0.031534
62,115,0.000603
62,116,0.024598
62,117,0.012330
62,118,0.024811
62,119,0.056867
62,120,0.084449
62,121,0.054297
62,122,0.029490
62,123,0.010402
62,124,0.098658
62,125,0.054309
62,126,0.054789
62,127,0.056044
62,128,0.055002
62,129,0.001070
62,130,0.004679
62,131,0.007351
62,132,0.021464
63,1,0.106415
63,2,0.032300
63,3,0.077459
63,4,0.116743
63,5,0.143660
63,6,0.118579
63,7,0.104761
63,8,0.053128
63,9,0.031715
63,10,0.067149
63,11,0.090280
63,12,0.005977
63,13,0.038765
63,14,0.010985
63,15,0.013826
63,16,0.038948
63,17,0.088852
63,18,0.086446
63,19,0.019426
63,20,0.097415
63,21,0.035584
63,22,0.048709
63,23,0.046993
63,24,0.062379
63,25,0.060706
63,26,0.068694
63,27,0.009699
63,28,0.003943
63,29,0.134294
63,30,0.013606
63,31,0.085419
63,32,0.063951
63,33,0.083033
63,34,0.047189
63,35,0.021847
63,36,0.003611
63,37,0.052360
63,38,0.006680
63,39,0.003270
63,40,0.001950
63,41,0.013192
63,42,0.042940
63,43,0.021600
63,44,0.017683
63,45,0.132736
63,46,0.034694
63,47,0.059435
63,48,0.045722
63,49,0.031767
63,50,0.023439
63,51,0.063827
63,52,0.048892
63,53,0.064403
63,54,0.079126
63,55,0.126161
63,56,0.073423
63,57,0.096406
63,58,0.074600
63,59,0.163416
63,60,0.139854
63,61,0.121022
63,62,0.056657
63,63,0.000000
63,64,0.003462
63,65,0.063184
63,66,0.006277
63,67,0.039205
63,68,0.047000
63,69,0.003180
63,70,0.050739
63,71,0.081890
63,72,0.032979
63,73,0.107660
63,74,0.189294
63,75,0.012978
63,76,0.049614
63,77,0.062737
63,78,0.086705
63,79,0.022446
63,80,0.084764
63,81,0.008191
63,82,0.014446
63,83,0.042175
63,84,0.082163
63,85,0.093802
63,86,0.054198
63,87,0.071515
63,88,0.083887
63,89,0.105129
63,90,0.104303
63,91,0.074183
63,92,0.045354
63,93,0.073477
63,94,0.077218
63,95,0.041358
63,96,0.010509
63,97,0.055833
63,98,0.037865
63,99,0.026217
63,100,0.071296
63,101,0.104075
63,102,0.070639
63,103,0.062239
63,104,0.039096
63,105,0.007427
63,106,0.007478
63,107,0.002477
63,108,0.013271
63,109,0.026651
63,110,0.055295
63,111,0.001273
63,112,0.017259
63,113,0.035376
63,114,0.008021
63,115,0.042099
63,116,0.033991
63,117,0.025718
63,118,0.006828
63,119,0.024220
63,120,0.034200
63,121,0.009877
63,122,0.021713
63,123,0.044837
63,124,0.104540
63,125,0.075255
63,126,0.065328
63,127,0.080514
63,128,0.107047
63,129,0.036464
63,130,0.060427
63,131,0.088458
63,132,0.076717
64,1,0.123138
64,2,0.065360
64,3,0.026609
64,4,0.061318
64,5,0.080495
64,6,0.079760
64,7,0.071661
64,8,0.021727
64,9,0.070167
64,10,0.055610
64,11,0.051266
64,12,0.034584
64,13,0.059398
64,14,0.019917
64,15,0.007703
64,16,0.029831
64,17,0.074618
64,18,0.024789
64,19,0.025793
64,20,0.052226
64,21,0.001647
64,22,0.103720
64,23,0.087792
64,24,0.102644
64,25,0.118063
64,26,0.115728
64,27,0.066298
64,28,0.032829
64,29,0.137594
64,30,0.012599
64,31,0.079832
64,32,0.082402
64,33,0.065260
64,34,0.041045
64,35,0.013611
64,36,0.047288
64,37,0.094822
64,38,0.048575
64,39,0.058212
64,40,0.018384
64,41,0.023338
64,42,0.075786
64,43,0.006411
64,44,0.026931
64,45,0.126978
64,46,0.063262
64,47,0.057787
64,48,0.088018
64,49,0.060875
64,50,0.060549
64,51,0.093550
64,52,0.052425
64,53,0.095799
64,54,0.065304
64,55,0.097262
64,56,0.058413
64,57,0.107367
64,58,0.082486
64,59,0.105222
64,60,0.101612
64,61,0.113468
64,62,0.081679
64,63,0.003462
64,64,0.000000
64,65,0.031097
64,66,0.039785
64,67,0.009370
64,68,0.003027
64,69,0.054657
64,70,0.075761
64,71,0.111879
64,72,0.109025
64,73,0.044784
64,74,0.065393
64,75,0.068857
64,76,0.042381
64,77,0.041108
64,78,0.047864
64,79,0.074609
64,80,0.021651
64,81,0.011396
64,82,0.006496
64,83,0.035375
64,84,0.066248
64,85,0.060302
64,86,0.014482
64,87,0.036318
64,88,0.070612
64,89,0.114946
64,90,0.096124
64,91,0.060045
64,92,0.009890
64,93,0.043223
64,94,0.083046
64,95,0.064782
64,96,0.033448
64,97,0.084549
64,98,0.062671
64,99,0.071051
64,100,0.114451
64,101,0.141582
64,102,0.109833
64,103,0.107635
64,104,0.110369
64,105,0.026791
64,106,0.014585
64,107,0.008926
64,108,0.020535
64,109,0.030972
64,110,0.063043
64,111,0.018285
64,112,0.022617
64,113,0.020153
64,114,0.021705
64,115,0.005427
64,116,0.030845
64,117,0.041231
64,118,0.056217
64,119,0.069650
64,120,0.019146
64,121,0.058502
64,122,0.048763
64,123,0.060747
64,124,0.147701
64,125,0.106953
64,126,0.118271
64,127,0.132311
64,128,0.160672
64,129,0.090234
64,130,0.115459
64,131,0.131416
64,132,0.107524
65,1,0.185193
65,2,0.132401
65,3,0.056990
65,4,0.052511
65,5,0.061404
65,6,0.082267
65,7,0.062808
65,8,0.087854
65,9,0.158884
65,10,0.062036
65,11,0.062171
65,12,0.025779
65,13,0.043807
65,14,0.081635
65,15,0.112970
65,16,0.137553
65,17,0.091487
65,18,0.093901
65,19,0.081517
65,20,0.004005
65,21,0.008041
65,22,0.105449
65,23,0.122588
65,24,0.116370
65,25,0.137876
65,26,0.127723
65,27,0.137465
65,28,0.087425
65,29,0.121459
65,30,0.005812
65,31,0.002190
65,32,0.210955
65,33,0.154051
65,34,0.038016
65,35,0.068703
65,36,0.055757
65,37,0.087563
65,38,0.090438
65,39,0.077920
65,40,0.002338
65,41,0.034583
65,42,0.078759
65,43,0.016501
65,44,0.017701
65,45,0.094328
65,46,0.096528
65,47,0.061406
65,48,0.126997
65,49,0.049646
65,50,0.079513
65,51,0.099525
65,52,0.040419
65,53,0.115439
65,54,0.060991
65,55,0.088529
65,56,0.046307
65,57,0.111251
65,58,0.070313
65,59,0.031359
65,60,0.063395
65,61,0.100466
65,62,0.094653
65,63,0.063184
65,64,0.031097
65,65,0.000000
65,66,0.125669
65,67,0.024471
65,68,0.073738
65,69,0.165005
65,70,0.134889
65,71,0.118739
65,72,0.108866
65,73,0.121686
65,74,0.063956
65,75,0.133877
65,76,0.058142
65,77,0.004708
65,78,0.006095
65,79,0.001454
65,80,0.026595
65,81,0.008410
65,82,0.022847
65,83,0.062389
65,84,0.052366
65,85,0.039569
65,86,0.007852
65,87,0.019584
65,88,0.033245
65,89,0.061910
65,90,0.039260
65,91,0.027848
65,92,0.042256
65,93,0.007481
65,94,0.059549
65,95,0.081272
65,96,0.042032
65,97,0.075280
65,98,0.081425
65,99,0.115200
65,100,0.108952
65,101,0.066593
65,102,0.062472
65,103,0.064192
65,104,0.100925
65,105,0.102423
65,106,0.070461
65,107,0.069267
65,108,0.056226
65,109,0.068813
65,110,0.038424
65,111,0.057516
65,112,0.045427
65,113,0.063078
65,114,0.076071
65,115,0.079322
65,116,0.109432
65,117,0.142464
65,118,0.087574
65,119,0.207193
65,120,0.139273
65,121,0.177169
65,122,0.070292
65,123,0.106162
65,124,0.140411
65,125,0.120262
65,126,0.119667
65,127,0.145937
65,128,0.177748
65,129,0.152578
65,130,0.222599
65,131,0.242461
65,132,0.159076
66,1,0.188661
66,2,0.125454
66,3,0.032550
66,4,0.000438
66,5,0.010262
66,6,0.011928
66,7,0.027277
66,8,0.097646
66,9,0.198669
66,10,0.079491
66,11,0.035664
66,12,0.131252
66,13,0.125101
66,14,0.121863
66,15,0.075184
66,16,0.088427
66,17,0.043094
66,18,0.103789
66,19,0.090178
66,20,0.002745
66,21,0.011974
66,22,0.117932
66,23,0.140931
66,24,0.148445
66,25,0.181825
66,26,0.184301
66,27,0.098180
66,28,0.145125
66,29,0.124061
66,30,0.058655
66,31,0.081764
66,32,0.207920
66,33,0.186676
66,34,0.108161
66,35,0.079308
66,36,0.130903
66,37,0.186852
66,38,0.018842
66,39,0.084341
66,40,0.067366
66,41,0.053517
66,42,0.176327
66,43,0.067269
66,44,0.006861
66,45,0.140039
66,46,0.047987
66,47,0.039616
66,48,0.087344
66,49,0.039005
66,50,0.051674
66,51,0.104267
66,52,0.043550
66,53,0.142814
66,54,0.105219
66,55,0.119798
66,56,0.112435
66,57,0.179263
66,58,0.146934
66,59,0.070641
66,60,0.011940
66,61,0.041455
66,62,0.045263
66,63,0.006277
66,64,0.039785
66,65,0.125669
66,66,0.000000
66,67,0.072668
66,68,0.039097
66,69,0.076937
66,70,0.171408
66,71,0.187722
66,72,0.176351
66,73,0.156766
66,74,0.125598
66,75,0.161749
66,76,0.072079
66,77,0.001557
66,78,0.032527
66,79,0.023963
66,80,0.015346
66,81,0.040726
66,82,0.040373
66,83,0.029695
66,84,0.063637
66,85,0.050187
66,86,0.011147
66,87,0.042617
66,88,0.089879
66,89,0.134802
66,90,0.060955
66,91,0.079221
66,92,0.009550
66,93,0.035225
66,94,0.033646
66,95,0.086750
66,96,0.028676
66,97,0.065478
66,98,0.054273
66,99,0.105742
66,100,0.123995
66,101,0.066800
66,102,0.058936
66,103,0.113598
66,104,0.134618
66,105,0.112110
66,106,0.075235
66,107,0.110150
66,108,0.109796
66,109,0.112822
66,110,0.049655
66,111,0.068619
66,112,0.058493
66,113,0.074722
66,114,0.055657
66,115,0.048746
66,116,0.070357
66,117,0.090665
66,118,0.071188
66,119,0.152552
66,120,0.095638
66,121,0.123311
66,122,0.077773
66,123,0.095527
66,124,0.156060
66,125,0.124886
66,126,0.166870
66,127,0.157875
66,128,0.163919
66,129,0.156421
66,130,0.212327
66,131,0.224613
66,132,0.134252
67,1,0.148912
67,2,0.075878
67,3,0.030539
67,4,0.041866
67,5,0.056008
67,6,0.039876
67,7,0.055384
67,8,0.004171
67,9,0.106581
67,10,0.038061
67,11,0.033674
67,12,0.000954
67,13,0.125309
67,14,0.103182
67,15,0.113639
67,16,0.001727
67,17,0.008478
67,18,0.100717
67,19,0.040091
67,20,0.079325
67,21,0.050093
67,22,0.090388
67,23,0.089396
67,24,0.030110
67,25,0.022427
67,26,0.060218
67,27,0.058509
67,28,0.091648
67,29,0.033308
67,30,0.037415
67,31,0.031220
67,32,0.093045
67,33,0.012499
67,34,0.123092
67,35,0.050078
67,36,0.058850
67,37,0.029337
67,38,0.034149
67,39,0.016604
67,40,0.017105
67,41,0.035269
67,42,0.089146
67,43,0.035604
67,44,0.040951
67,45,0.045209
67,46,0.038911
67,47,0.064250
67,48,0.016065
67,49,0.045699
67,50,0.011434
67,51,0.025472
67,52,0.033676
67,53,0.063163
67,54,0.034535
67,55,0.029936
67,56,0.047996
67,57,0.022826
67,58,0.056054
67,59,0.059755
67,60,0.090288
67,61,0.084376
67,62,0.070913
67,63,0.039205
67,64,0.009370
67,65,0.024471
67,66,0.072668
67,67,0.000000
67,68,0.121207
67,69,0.031118
67,70,0.000199
67,71,0.010696
67,72,0.003567
67,73,0.094765
67,74,0.066715
67,75,0.028641
67,76,0.115939
67,77,0.014271
67,78,0.014361
67,79,0.004446
67,80,0.097469
67,81,0.035254
67,82,0.006823
67,83,0.034003
67,84,0.027080
67,85,0.017460
67,86,0.029618
67,87,0.001008
67,88,0.050734
67,89,0.133234
67,90,0.043350
67,91,0.045664
67,92,0.039378
67,93,0.090119
67,94,0.037419
67,95,0.005426
67,96,0.069704
67,97,0.082261
67,98,0.028420
67,99,0.027472
67,100,0.026106
67,101,0.022643
67,102,0.026032
67,103,0.056295
67,104,0.089623
67,105,0.083650
67,106,0.065272
67,107,0.107774
67,108,0.107457
67,109,0.073676
67,110,0.034879
67,111,0.061377
67,112,0.064871
67,113,0.062006
67,114,0.001636
67,115,0.041553
67,116,0.036216
67,117,0.001360
67,118,0.042205
67,119,0.072518
67,120,0.013089
67,121,0.047431
67,122,0.062354
67,123,0.023174
67,124,0.082670
67,125,0.048631
67,126,0.049661
67,127,0.004771
67,128,0.011466
67,129,0.068643
67,130,0.098343
67,131,0.087228
67,132,0.031953
68,1,0.140365
68,2,0.103420
68,3,0.033423
68,4,0.008638
68,5,0.001169
68,6,0.025959
68,7,0.029322
68,8,0.079083
68,9,0.132787
68,10,0.066004
68,11,0.054667
68,12,0.034024
68,13,0.063365
68,14,0.018230
68,15,0.018079
68,16,0.065967
68,17,0.063851
68,18,0.163846
68,19,0.141028
68,20,0.100232
68,21,0.079678
68,22,0.170460
68,23,0.103688
68,24,0.044843
68,25,0.033093
68,26,0.090018
68,27,0.083985
68,28,0.098979
68,29,0.024023
68,30,0.013035
68,31,0.036530
68,32,0.132281
68,33,0.053843
68,34,0.115165
68,35,0.001400
68,36,0.050883
68,37,0.017372
68,38,0.042363
68,39,0.028002
68,40,0.066274
68,41,0.063943
68,42,0.053074
68,43,0.004719
68,44,0.062697
68,45,0.073166
68,46,0.009235
68,47,0.016495
68,48,0.042433
68,49,0.010066
68,50,0.034472
68,51,0.008072
68,52,0.009481
68,53,0.068815
68,54,0.045801
68,55,0.042573
68,56,0.020486
68,57,0.069123
68,58,0.010518
68,59,0.046352
68,60,0.058333
68,61,0.047052
68,62,0.062858
68,63,0.047000
68,64,0.003027
68,65,0.073738
68,66,0.039097
68,67,0.121207
68,68,0.000000
68,69,0.014373
68,70,0.037962
68,71,0.043372
68,72,0.016359
68,73,0.136994
68,74,0.115567
68,75,0.057902
68,76,0.083537
68,77,0.016118
68,78,0.019234
68,79,0.028717
68,80,0.016318
68,81,0.007332
68,82,0.005203
68,83,0.057483
68,84,0.048701
68,85,0.037865
68,86,0.023170
68,87,0.017429
68,88,0.058587
68,89,0.111539
68,90,0.016791
68,91,0.032743
68,92,0.070486
68,93,0.104544
68,94,0.052034
68,95,0.007302
68,96,0.026049
68,97,0.051752
68,98,0.014300
68,99,0.053979
68,100,0.039179
68,101,0.013818
68,102,0.013529
68,103,0.031360
68,104,0.066166
68,105,0.104362
68,106,0.100443
68,107,0.142171
68,108,0.100172
68,109,0.086340
68,110,0.033914
68,111,0.062691
68,112,0.058928
68,113,0.052086
68,114,0.010899
68,115,0.033159
68,116,0.040236
68,117,0.037402
68,118,0.061396
68,119,0.131215
68,120,0.065322
68,121,0.044787
68,122,0.043049
68,123,0.049767
68,124,0.104080
68,125,0.073905
68,126,0.080819
68,127,0.067425
68,128,0.070393
68,129,0.120595
68,130,0.140481
68,131,0.128566
68,132,0.067866
69,1,0.157990
69,2,0.117809
69,3,0.059963
69,4,0.041534
69,5,0.040023
69,6,0.043715
69,7,0.071459
69,8,0.104988
69,9,0.163949
69,10,0.087169
69,11,0.073193
69,12,0.022144
69,13,0.053659
69,14,0.100359
69,15,0.093847
69,16,0.099105
69,17,0.062176
69,18,0.098600
69,19,0.105729
69,20,0.024791
69,21,0.020677
69,22,0.170123
69,23,0.148404
69,24,0.122414
69,25,0.145744
69,26,0.177492
69,27,0.111894
69,28,0.078867
69,29,0.121538
69,30,0.014513
69,31,0.037755
69,32,0.185687
69,33,0.146092
69,34,0.027630
69,35,0.043459
69,36,0.085824
69,37,0.144236
69,38,0.052730
69,39,0.064181
69,40,0.040786
69,41,0.039838
69,42,0.082570
69,43,0.008773
69,44,0.049210
69,45,0.079456
69,46,0.014615
69,47,0.012847
69,48,0.083176
69,49,0.029269
69,50,0.038739
69,51,0.083096
69,52,0.047228
69,53,0.133060
69,54,0.098323
69,55,0.112557
69,56,0.108231
69,57,0.144622
69,58,0.110870
69,59,0.049267
69,60,0.020299
69,61,0.027913
69,62,0.016803
69,63,0.003180
69,64,0.054657
69,65,0.165005
69,66,0.076937
69,67,0.031118
69,68,0.014373
69,69,0.000000
69,70,0.147150
69,71,0.177374
69,72,0.154789
69,73,0.159229
69,74,0.091891
69,75,0.161298
69,76,0.112672
69,77,0.017646
69,78,0.036923
69,79,0.017953
69,80,0.017392
69,81,0.004674
69,82,0.015971
69,83,0.085700
69,84,0.093997
69,85,0.058466
69,86,0.008099
69,87,0.025952
69,88,0.052873
69,89,0.085870
69,90,0.026531
69,91,0.002392
69,92,0.029180
69,93,0.028935
69,94,0.032407
69,95,0.081036
69,96,0.078592
69,97,0.030737
69,98,0.039734
69,99,0.120730
69,100,0.090207
69,101,0.026188
69,102,0.041184
69,103,0.091784
69,104,0.119638
69,105,0.102386
69,106,0.060009
69,107,0.057283
69,108,0.059877
69,109,0.058674
69,110,0.041333
69,111,0.066393
69,112,0.077856
69,113,0.072539
69,114,0.032598
69,115,0.047901
69,116,0.084414
69,117,0.093517
69,118,0.082160
69,119,0.191114
69,120,0.143973
69,121,0.158818
69,122,0.088038
69,123,0.120283
69,124,0.207587
69,125,0.145409
69,126,0.149647
69,127,0.134432
69,128,0.152840
69,129,0.131072
69,130,0.188080
69,131,0.221123
69,132,0.178352
70,1,0.158374
70,2,0.128697
70,3,0.125555
70,4,0.116142
70,5,0.142482
70,6,0.160797
70,7,0.148111
70,8,0.142443
70,9,0.154281
70,10,0.093451
70,11,0.116864
70,12,0.015520
70,13,0.094065
70,14,0.136014
70,15,0.196920
70,16,0.193439
70,17,0.149140
70,18,0.106848
70,19,0.098328
70,20,0.020149
70,21,0.008728
70,22,0.125904
70,23,0.149333
70,24,0.131045
70,25,0.087568
70,26,0.084148
70,27,0.104058
70,28,0.014163
70,29,0.140023
70,30,0.003276
70,31,0.025181
70,32,0.218585
70,33,0.175041
70,34,0.028516
70,35,0.064275
70,36,0.125024
70,37,0.137101
70,38,0.140345
70,39,0.119700
70,40,0.045230
70,41,0.087897
70,42,0.061312
70,43,0.022302
70,44,0.049078
70,45,0.100208
70,46,0.104678
70,47,0.081530
70,48,0.136636
70,49,0.079761
70,50,0.077068
70,51,0.106703
70,52,0.078243
70,53,0.119473
70,54,0.070678
70,55,0.130520
70,56,0.090830
70,57,0.088355
70,58,0.040891
70,59,0.007855
70,60,0.032168
70,61,0.040643
70,62,0.053183
70,63,0.050739
70,64,0.075761
70,65,0.134889
70,66,0.171408
70,67,0.000199
70,68,0.037962
70,69,0.147150
70,70,0.000000
70,71,0.050012
70,72,0.086409
70,73,0.075654
70,74,0.009317
70,75,0.130549
70,76,0.122842
70,77,0.006487
70,78,0.022119
70,79,0.001643
70,80,0.080017
70,81,0.038543
70,82,0.003784
70,83,0.089877
70,84,0.088385
70,85,0.054832
70,86,0.024285
70,87,0.015206
70,88,0.029779
70,89,0.036457
70,90,0.021939
70,91,0.039682
70,92,0.034529
70,93,0.004931
70,94,0.024951
70,95,0.080790
70,96,0.095733
70,97,0.049585
70,98,0.037987
70,99,0.114523
70,100,0.109352
70,101,0.027870
70,102,0.052582
70,103,0.108833
70,104,0.109919
70,105,0.089896
70,106,0.052512
70,107,0.028919
70,108,0.037308
70,109,0.057536
70,110,0.071492
70,111,0.067430
70,112,0.058513
70,113,0.053326
70,114,0.029703
70,115,0.046075
70,116,0.096385
70,117,0.121405
70,118,0.072280
70,119,0.177806
70,120,0.159804
70,121,0.189861
70,122,0.127659
70,123,0.162358
70,124,0.189369
70,125,0.150684
70,126,0.183274
70,127,0.180440
70,128,0.186511
70,129,0.127808
70,130,0.152689
70,131,0.199574
70,132,0.148247
71,1,0.132294
71,2,0.116757
71,3,0.113903
71,4,0.107292
71,5,0.114630
71,6,0.136228
71,7,0.136277
71,8,0.124520
71,9,0.125648
71,10,0.052856
71,11,0.080462
71,12,0.011926
71,13,0.099995
71,14,0.120412
71,15,0.178487
71,16,0.164392
71,17,0.114644
71,18,0.024981
71,19,0.003126
71,20,0.086415
71,21,0.013397
71,22,0.081432
71,23,0.096467
71,24,0.093243
71,25,0.075243
71,26,0.069809
71,27,0.100122
71,28,0.047941
71,29,0.148644
71,30,0.023812
71,31,0.019414
71,32,0.165456
71,33,0.124153
71,34,0.042786
71,35,0.030764
71,36,0.093229
71,37,0.125649
71,38,0.175224
71,39,0.138802
71,40,0.083358
71,41,0.137283
71,42,0.054603
71,43,0.007587
71,44,0.044244
71,45,0.079321
71,46,0.062803
71,47,0.039773
71,48,0.127752
71,49,0.089520
71,50,0.065294
71,51,0.100247
71,52,0.079443
71,53,0.111031
71,54,0.060770
71,55,0.099155
71,56,0.055428
71,57,0.037064
71,58,0.003766
71,59,0.012731
71,60,0.049882
71,61,0.084914
71,62,0.110926
71,63,0.081890
71,64,0.111879
71,65,0.118739
71,66,0.187722
71,67,0.010696
71,68,0.043372
71,69,0.177374
71,70,0.050012
71,71,0.000000
71,72,0.053863
71,73,0.011938
71,74,0.118075
71,75,0.077447
71,76,0.127928
71,77,0.038441
71,78,0.050834
71,79,0.020931
71,80,0.100302
71,81,0.055665
71,82,0.017307
71,83,0.079540
71,84,0.070947
71,85,0.046375
71,86,0.001366
71,87,0.020991
71,88,0.014868
71,89,0.011070
71,90,0.058079
71,91,0.052319
71,92,0.023917
71,93,0.014570
71,94,0.002195
71,95,0.049892
71,96,0.065699
71,97,0.063754
71,98,0.037142
71,99,0.082036
71,100,0.098991
71,101,0.064912
71,102,0.068374
71,103,0.111055
71,104,0.069555
71,105,0.072971
71,106,0.036572
71,107,0.016206
71,108,0.025441
71,109,0.009713
71,110,0.032972
71,111,0.019540
71,112,0.006888
71,113,0.005466
71,114,0.021853
71,115,0.048856
71,116,0.088179
71,117,0.107476
71,118,0.054559
71,119,0.129861
71,120,0.119005
71,121,0.151292
71,122,0.123631
71,123,0.158528
71,124,0.167396
71,125,0.111207
71,126,0.156469
71,127,0.159905
71,128,0.147965
71,129,0.059580
71,130,0.057456
71,131,0.118735
71,132,0.081538
72,1,0.171365
72,2,0.145228
72,3,0.122005
72,4,0.100079
72,5,0.078226
72,6,0.081784
72,7,0.126963
72,8,0.129401
72,9,0.153686
72,10,0.045244
72,11,0.041561
72,12,0.011085
72,13,0.099906
72,14,0.114987
72,15,0.138055
72,16,0.098718
72,17,0.051108
72,18,0.082969
72,19,0.046942
72,20,0.155064
72,21,0.034257
72,22,0.079596
72,23,0.048998
72,24,0.050584
72,25,0.051552
72,26,0.057063
72,27,0.117970
72,28,0.027613
72,29,0.149269
72,30,0.001381
72,31,0.014133
72,32,0.080453
72,33,0.128037
72,34,0.053071
72,35,0.017021
72,36,0.005532
72,37,0.132389
72,38,0.139507
72,39,0.080802
72,40,0.041902
72,41,0.080669
72,42,0.052931
72,43,0.006845
72,44,0.033865
72,45,0.076804
72,46,0.018022
72,47,0.033172
72,48,0.084614
72,49,0.024885
72,50,0.013040
72,51,0.072023
72,52,0.021369
72,53,0.076493
72,54,0.032140
72,55,0.041844
72,56,0.054021
72,57,0.062154
72,58,0.028259
72,59,0.029563
72,60,0.062594
72,61,0.103133
72,62,0.084301
72,63,0.032979
72,64,0.109025
72,65,0.108866
72,66,0.176351
72,67,0.003567
72,68,0.016359
72,69,0.154789
72,70,0.086409
72,71,0.053863
72,72,0.000000
72,73,0.096107
72,74,0.197159
72,75,0.069871
72,76,0.140743
72,77,0.083910
72,78,0.061481
72,79,0.038058
72,80,0.100092
72,81,0.069289
72,82,0.058922
72,83,0.099260
72,84,0.121518
72,85,0.115788
72,86,0.087830
72,87,0.040842
72,88,0.010462
72,89,0.024476
72,90,0.021317
72,91,0.060882
72,92,0.036448
72,93,0.010130
72,94,0.005360
72,95,0.031577
72,96,0.026531
72,97,0.060101
72,98,0.056919
72,99,0.089134
72,100,0.067839
72,101,0.046954
72,102,0.063917
72,103,0.055847
72,104,0.028752
72,105,0.040298
72,106,0.047527
72,107,0.010325
72,108,0.048180
72,109,0.020361
72,110,0.000419
72,111,0.007862
72,112,0.002542
72,113,0.021408
72,114,0.007730
72,115,0.029231
72,116,0.026212
72,117,0.054456
72,118,0.055139
72,119,0.155605
72,120,0.119702
72,121,0.134310
72,122,0.102094
72,123,0.148979
72,124,0.221437
72,125,0.142228
72,126,0.116156
72,127,0.100161
72,128,0.088597
72,129,0.036500
72,130,0.028070
72,131,0.100763
72,132,0.110537
73,1,0.203261
73,2,0.203485
73,3,0.283060
73,4,0.294961
73,5,0.298497
73,6,0.299118
73,7,0.300738
73,8,0.259508
73,9,0.207288
73,10,0.260801
73,11,0.293223
73,12,0.052598
73,13,0.019771
73,14,0.144446
73,15,0.268188
73,16,0.270652
73,17,0.264786
73,18,0.149541
73,19,0.129335
73,20,0.044656
73,21,0.077392
73,22,0.149494
73,23,0.100438
73,24,0.072868
73,25,0.077984
73,26,0.083990
73,27,0.208814
73,28,0.223734
73,29,0.051738
73,30,0.008375
73,31,0.037318
73,32,0.165302
73,33,0.191819
73,34,0.059353
73,35,0.091384
73,36,0.045003
73,37,0.180956
73,38,0.100471
73,39,0.060216
73,40,0.077098
73,41,0.025668
73,42,0.007677
73,43,0.058025
73,44,0.022277
73,45,0.008316
73,46,0.019361
73,47,0.021934
73,48,0.097366
73,49,0.037023
73,50,0.009589
73,51,0.022965
73,52,0.030990
73,53,0.041487
73,54,0.032636
73,55,0.004867
73,56,0.083643
73,57,0.036722
73,58,0.060224
73,59,0.107226
73,60,0.045682
73,61,0.031176
73,62,0.082007
73,63,0.107660
73,64,0.044784
73,65,0.121686
73,66,0.156766
73,67,0.094765
73,68,0.136994
73,69,0.159229
73,70,0.075654
73,71,0.011938
73,72,0.096107
73,73,0.000000
73,74,0.024660
73,75,0.197588
73,76,0.064526
73,77,0.071773
73,78,0.009484
73,79,0.108222
73,80,0.073261
73,81,0.073093
73,82,0.092672
73,83,0.157370
73,84,0.168696
73,85,0.128531
73,86,0.106659
73,87,0.103367
73,88,0.059722
73,89,0.035768
73,90,0.033288
73,91,0.061066
73,92,0.077764
73,93,0.024601
73,94,0.006984
73,95,0.018829
73,96,0.013663
73,97,0.042466
73,98,0.028539
73,99,0.018370
73,100,0.016891
73,101,0.040821
73,102,0.039185
73,103,0.033435
73,104,0.010619
73,105,0.089578
73,106,0.101368
73,107,0.092127
73,108,0.061959
73,109,0.074197
73,110,0.099716
73,111,0.088617
73,112,0.097036
73,113,0.110092
73,114,0.111752
73,115,0.109284
73,116,0.066894
73,117,0.056916
73,118,0.046897
73,119,0.177308
73,120,0.173036
73,121,0.119488
73,122,0.162140
73,123,0.217355
73,124,0.225850
73,125,0.163785
73,126,0.171988
73,127,0.162315
73,128,0.159915
73,129,0.118235
73,130,0.100698
73,131,0.117675
73,132,0.089549
74,1,0.195703
74,2,0.156517
74,3,0.309253
74,4,0.357443
74,5,0.402185
74,6,0.387190
74,7,0.329500
74,8,0.251944
74,9,0.170953
74,10,0.335751
74,11,0.359881
74,12,0.086355
74,13,0.023260
74,14,0.129121
74,15,0.309130
74,16,0.321028
74,17,0.336409
74,18,0.258742
74,19,0.208436
74,20,0.148968
74,21,0.097158
74,22,0.089710
74,23,0.053605
74,24,0.034789
74,25,0.045832
74,26,0.022656
74,27,0.143097
74,28,0.293372
74,29,0.054621
74,30,0.059133
74,31,0.048942
74,32,0.199522
74,33,0.179831
74,34,0.104903
74,35,0.145746
74,36,0.068541
74,37,0.197356
74,38,0.076014
74,39,0.037251
74,40,0.162934
74,41,0.088686
74,42,0.003801
74,43,0.062891
74,44,0.012604
74,45,0.029711
74,46,0.006037
74,47,0.045111
74,48,0.120012
74,49,0.017084
74,50,0.042751
74,51,0.004602
74,52,0.007538
74,53,0.025048
74,54,0.062016
74,55,0.001207
74,56,0.136686
74,57,0.081437
74,58,0.172452
74,59,0.280907
74,60,0.130174
74,61,0.119582
74,62,0.148042
74,63,0.189294
74,64,0.065393
74,65,0.063956
74,66,0.125598
74,67,0.066715
74,68,0.115567
74,69,0.091891
74,70,0.009317
74,71,0.118075
74,72,0.197159
74,73,0.024660
74,74,0.000000
74,75,0.155128
74,76,0.063991
74,77,0.033095
74,78,0.112833
74,79,0.106889
74,80,0.052981
74,81,0.022580
74,82,0.007027
74,83,0.076886
74,84,0.050693
74,85,0.014639
74,86,0.012236
74,87,0.067222
74,88,0.018676
74,89,0.040660
74,90,0.089815
74,91,0.047988
74,92,0.143353
74,93,0.053171
74,94,0.006565
74,95,0.017178
74,96,0.045475
74,97,0.005876
74,98,0.005908
74,99,0.068710
74,100,0.012744
74,101,0.057849
74,102,0.061073
74,103,0.050948
74,104,0.030843
74,105,0.136189
74,106,0.153274
74,107,0.143397
74,108,0.107723
74,109,0.132173
74,110,0.151227
74,111,0.079818
74,112,0.079995
74,113,0.138695
74,114,0.152331
74,115,0.172845
74,116,0.151491
74,117,0.147777
74,118,0.098422
74,119,0.165547
74,120,0.170295
74,121,0.144438
74,122,0.201113
74,123,0.228414
74,124,0.138671
74,125,0.089851
74,126,0.162437
74,127,0.216644
74,128,0.244244
74,129,0.190420
74,130,0.161011
74,131,0.110432
74,132,0.044845
75,1,0.185871
75,2,0.105734
75,3,0.153763
75,4,0.178446
75,5,0.238620
75,6,0.225091
75,7,0.172207
75,8,0.137987
75,9,0.148538
75,10,0.272885
75,11,0.254419
75,12,0.000662
75,13,0.006221
75,14,0.102831
75,15,0.209498
75,16,0.208736
75,17,0.181049
75,18,0.067856
75,19,0.103970
75,20,0.011419
75,21,0.077155
75,22,0.103795
75,23,0.081524
75,24,0.068273
75,25,0.133828
75,26,0.132514
75,27,0.154307
75,28,0.294454
75,29,0.132152
75,30,0.031763
75,31,0.060765
75,32,0.159782
75,33,0.226353
75,34,0.039823
75,35,0.132837
75,36,0.052452
75,37,0.177257
75,38,0.085429
75,39,0.024445
75,40,0.034350
75,41,0.020409
75,42,0.033540
75,43,0.013155
75,44,0.024764
75,45,0.031444
75,46,0.012628
75,47,0.021822
75,48,0.111948
75,49,0.008542
75,50,0.027455
75,51,0.036975
75,52,0.002698
75,53,0.063233
75,54,0.008289
75,55,0.033393
75,56,0.002537
75,57,0.106604
75,58,0.052231
75,59,0.069007
75,60,0.008998
75,61,0.026075
75,62,0.013171
75,63,0.012978
75,64,0.068857
75,65,0.133877
75,66,0.161749
75,67,0.028641
75,68,0.057902
75,69,0.161298
75,70,0.130549
75,71,0.077447
75,72,0.069871
75,73,0.197588
75,74,0.155128
75,75,0.000000
75,76,0.004196
75,77,0.062240
75,78,0.019083
75,79,0.008215
75,80,0.019035
75,81,0.060539
75,82,0.111271
75,83,0.175995
75,84,0.170377
75,85,0.142987
75,86,0.114128
75,87,0.144890
75,88,0.139946
75,89,0.138533
75,90,0.105782
75,91,0.075793
75,92,0.048924
75,93,0.034814
75,94,0.047013
75,95,0.061199
75,96,0.028797
75,97,0.050289
75,98,0.081911
75,99,0.071361
75,100,0.050382
75,101,0.072772
75,102,0.036473
75,103,0.052542
75,104,0.022122
75,105,0.078907
75,106,0.049591
75,107,0.031652
75,108,0.041812
75,109,0.049796
75,110,0.084540
75,111,0.093235
75,112,0.105713
75,113,0.123299
75,114,0.048581
75,115,0.065643
75,116,0.087397
75,117,0.120152
75,118,0.093439
75,119,0.197883
75,120,0.233657
75,121,0.172661
75,122,0.196150
75,123,0.188363
75,124,0.240842
75,125,0.200088
75,126,0.167869
75,127,0.158084
75,128,0.183914
75,129,0.149785
75,130,0.143416
75,131,0.170301
75,132,0.114974
76,1,0.042904
76,2,0.068624
76,3,0.131121
76,4,0.126753
76,5,0.079774
76,6,0.073268
76,7,0.120468
76,8,0.113661
76,9,0.012330
76,10,0.012255
76,11,0.052454
76,12,0.010608
76,13,0.051071
76,14,0.046047
76,15,0.023743
76,16,0.019206
76,17,0.084996
76,18,0.246489
76,19,0.116686
76,20,0.200976
76,21,0.035973
76,22,0.011817
76,23,0.032150
76,24,0.050863
76,25,0.095217
76,26,0.098118
76,27,0.070787
76,28,0.044432
76,29,0.188715
76,30,0.043558
76,31,0.001978
76,32,0.034985
76,33,0.115756
76,34,0.124472
76,35,0.045114
76,36,0.010192
76,37,0.070404
76,38,0.034824
76,39,0.014818
76,40,0.001493
76,41,0.017992
76,42,0.019662
76,43,0.023154
76,44,0.038455
76,45,0.026125
76,46,0.005944
76,47,0.019401
76,48,0.054822
76,49,0.016594
76,50,0.006330
76,51,0.072984
76,52,0.016630
76,53,0.078228
76,54,0.056605
76,55,0.054706
76,56,0.070492
76,57,0.112044
76,58,0.070491
76,59,0.020582
76,60,0.059752
76,61,0.095180
76,62,0.079584
76,63,0.049614
76,64,0.042381
76,65,0.058142
76,66,0.072079
76,67,0.115939
76,68,0.083537
76,69,0.112672
76,70,0.122842
76,71,0.127928
76,72,0.140743
76,73,0.064526
76,74,0.063991
76,75,0.004196
76,76,0.000000
76,77,0.086095
76,78,0.025692
76,79,0.103049
76,80,0.020505
76,81,0.041774
76,82,0.083323
76,83,0.083790
76,84,0.100301
76,85,0.104090
76,86,0.082500
76,87,0.092022
76,88,0.041424
76,89,0.100506
76,90,0.087541
76,91,0.034604
76,92,0.032347
76,93,0.038767
76,94,0.038550
76,95,0.059700
76,96,0.027598
76,97,0.044662
76,98,0.083876
76,99,0.062299
76,100,0.049644
76,101,0.100204
76,102,0.071574
76,103,0.007428
76,104,0.039192
76,105,0.000237
76,106,0.018535
76,107,0.043458
76,108,0.149528
76,109,0.108170
76,110,0.080382
76,111,0.038934
76,112,0.031883
76,113,0.034914
76,114,0.034071
76,115,0.015663
76,116,0.020324
76,117,0.041915
76,118,0.041507
76,119,0.146498
76,120,0.103033
76,121,0.083465
76,122,0.051829
76,123,0.038647
76,124,0.184745
76,125,0.146226
76,126,0.066491
76,127,0.042746
76,128,0.050601
76,129,0.029800
76,130,0.003714
76,131,0.072550
76,132,0.064744
77,1,0.024637
77,2,0.051288
77,3,0.110130
77,4,0.110878
77,5,0.094622
77,6,0.080331
77,7,0.106795
77,8,0.092350
77,9,0.046389
77,10,0.039599
77,11,0.083530
77,12,0.042442
77,13,0.031451
77,14,0.026596
77,15,0.045587
77,16,0.098588
77,17,0.086630
77,18,0.169012
77,19,0.121046
77,20,0.042055
77,21,0.069888
77,22,0.023838
77,23,0.007269
77,24,0.026760
77,25,0.006495
77,26,0.001458
77,27,0.036452
77,28,0.000011
77,29,0.203035
77,30,0.114939
77,31,0.013647
77,32,0.002603
77,33,0.067976
77,34,0.195844
77,35,0.001013
77,36,0.006117
77,37,0.003653
77,38,0.031337
77,39,0.068172
77,40,0.058133
77,41,0.016599
77,42,0.050577
77,43,0.037494
77,44,0.013541
77,45,0.030715
77,46,0.011485
77,47,0.026768
77,48,0.001851
77,49,0.010783
77,50,0.019702
77,51,0.032222
77,52,0.008517
77,53,0.018271
77,54,0.019245
77,55,0.003373
77,56,0.084424
77,57,0.118529
77,58,0.080718
77,59,0.089727
77,60,0.100345
77,61,0.097417
77,62,0.067749
77,63,0.062737
77,64,0.041108
77,65,0.004708
77,66,0.001557
77,67,0.014271
77,68,0.016118
77,69,0.017646
77,70,0.006487
77,71,0.038441
77,72,0.083910
77,73,0.071773
77,74,0.033095
77,75,0.062240
77,76,0.086095
77,77,0.000000
77,78,0.055776
77,79,0.117422
77,80,0.181720
77,81,0.238210
77,82,0.224605
77,83,0.168364
77,84,0.154359
77,85,0.233191
77,86,0.220371
77,87,0.254574
77,88,0.157231
77,89,0.180623
77,90,0.139350
77,91,0.048163
77,92,0.001302
77,93,0.075785
77,94,0.129181
77,95,0.062652
77,96,0.056780
77,97,0.071419
77,98,0.068665
77,99,0.071482
77,100,0.098077
77,101,0.132983
77,102,0.084356
77,103,0.074506
77,104,0.072689
77,105,0.059489
77,106,0.023537
77,107,0.004834
77,108,0.001079
77,109,0.018548
77,110,0.018630
77,111,0.042088
77,112,0.045870
77,113,0.032552
77,114,0.049203
77,115,0.050242
77,116,0.045407
77,117,0.019875
77,118,0.017183
77,119,0.023586
77,120,0.017731
77,121,0.022673
77,122,0.001773
77,123,0.019584
77,124,0.089458
77,125,0.068763
77,126,0.002992
77,127,0.004249
77,128,0.030024
77,129,0.035708
77,130,0.005166
77,131,0.026841
77,132,0.005892
78,1,0.044249
78,2,0.094290
78,3,0.143883
78,4,0.147851
78,5,0.122173
78,6,0.081310
78,7,0.115338
78,8,0.112000
78,9,0.078310
78,10,0.068640
78,11,0.123189
78,12,0.026365
78,13,0.028223
78,14,0.002450
78,15,0.018054
78,16,0.055494
78,17,0.068337
78,18,0.225183
78,19,0.148914
78,20,0.116349
78,21,0.015116
78,22,0.019470
78,23,0.005387
78,24,0.000296
78,25,0.001054
78,26,0.007462
78,27,0.016299
78,28,0.062320
78,29,0.188395
78,30,0.116951
78,31,0.024220
78,32,0.047961
78,33,0.105691
78,34,0.208940
78,35,0.014361
78,36,0.004881
78,37,0.002949
78,38,0.010445
78,39,0.048396
78,40,0.026890
78,41,0.019520
78,42,0.036954
78,43,0.032189
78,44,0.022574
78,45,0.015598
78,46,0.024864
78,47,0.015964
78,48,0.017894
78,49,0.021466
78,50,0.001716
78,51,0.049803
78,52,0.035572
78,53,0.069320
78,54,0.063778
78,55,0.062222
78,56,0.126799
78,57,0.108269
78,58,0.056129
78,59,0.099300
78,60,0.120721
78,61,0.130158
78,62,0.104694
78,63,0.086705
78,64,0.047864
78,65,0.006095
78,66,0.032527
78,67,0.014361
78,68,0.019234
78,69,0.036923
78,70,0.022119
78,71,0.050834
78,72,0.061481
78,73,0.009484
78,74,0.112833
78,75,0.019083
78,76,0.025692
78,77,0.055776
78,78,0.000000
78,79,0.151481
78,80,0.243423
78,81,0.258046
78,82,0.191280
78,83,0.122883
78,84,0.136850
78,85,0.217805
78,86,0.155793
78,87,0.192705
78,88,0.142755
78,89,0.123253
78,90,0.094184
78,91,0.015984
78,92,0.027298
78,93,0.097685
78,94,0.129816
78,95,0.047413
78,96,0.066377
78,97,0.077865
78,98,0.064683
78,99,0.072109
78,100,0.114028
78,101,0.108968
78,102,0.097962
78,103,0.048206
78,104,0.047150
78,105,0.064305
78,106,0.025303
78,107,0.007479
78,108,0.016807
78,109,0.000406
78,110,0.014712
78,111,0.023391
78,112,0.032703
78,113,0.073488
78,114,0.043874
78,115,0.051495
78,116,0.055804
78,117,0.000218
78,118,0.046671
78,119,0.067675
78,120,0.007170
78,121,0.021594
78,122,0.033984
78,123,0.017396
78,124,0.062875
78,125,0.049308
78,126,0.005510
78,127,0.006600
78,128,0.015214
78,129,0.055434
78,130,0.013831
78,131,0.058306
78,132,0.029230
79,1,0.105513
79,2,0.020801
79,3,0.043946
79,4,0.039179
79,5,0.019924
79,6,0.009674
79,7,0.020686
79,8,0.001017
79,9,0.046406
79,10,0.073209
79,11,0.037138
79,12,0.005752
79,13,0.029051
79,14,0.100487
79,15,0.057833
79,16,0.092393
79,17,0.035577
79,18,0.056252
79,19,0.065697
79,20,0.133490
79,21,0.124806
79,22,0.052210
79,23,0.114796
79,24,0.098790
79,25,0.071676
79,26,0.069787
79,27,0.024191
79,28,0.003602
79,29,0.013239
79,30,0.041595
79,31,0.148719
79,32,0.188736
79,33,0.135703
79,34,0.123204
79,35,0.051312
79,36,0.056758
79,37,0.098389
79,38,0.029438
79,39,0.014671
79,40,0.040152
79,41,0.003575
79,42,0.071355
79,43,0.005076
79,44,0.085969
79,45,0.015675
79,46,0.042859
79,47,0.044141
79,48,0.078248
79,49,0.045304
79,50,0.129946
79,51,0.077695
79,52,0.090485
79,53,0.155541
79,54,0.105063
79,55,0.149230
79,56,0.040240
79,57,0.142026
79,58,0.083133
79,59,0.014534
79,60,0.027955
79,61,0.016128
79,62,0.013668
79,63,0.022446
79,64,0.074609
79,65,0.001454
79,66,0.023963
79,67,0.004446
79,68,0.028717
79,69,0.017953
79,70,0.001643
79,71,0.020931
79,72,0.038058
79,73,0.108222
79,74,0.106889
79,75,0.008215
79,76,0.103049
79,77,0.117422
79,78,0.151481
79,79,0.000000
79,80,0.143686
79,81,0.097855
79,82,0.026916
79,83,0.026326
79,84,0.141964
79,85,0.084092
79,86,0.093441
79,87,0.026544
79,88,0.043737
79,89,0.063031
79,90,0.071169
79,91,0.087229
79,92,0.037317
79,93,0.052706
79,94,0.088933
79,95,0.107320
79,96,0.093127
79,97,0.053284
79,98,0.061416
79,99,0.069482
79,100,0.114342
79,101,0.071923
79,102,0.065117
79,103,0.094751
79,104,0.133136
79,105,0.145040
79,106,0.052699
79,107,0.171618
79,108,0.310431
79,109,0.279246
79,110,0.234473
79,111,0.196579
79,112,0.223560
79,113,0.168529
79,114,0.095834
79,115,0.049915
79,116,0.056712
79,117,0.120873
79,118,0.024102
79,119,0.000814
79,120,0.002009
79,121,0.028890
79,122,0.043847
79,123,0.034399
79,124,0.024160
79,125,0.054625
79,126,0.068889
79,127,0.131232
79,128,0.163389
79,129,0.155878
79,130,0.206926
79,131,0.219448
79,132,0.120687
80,1,0.121353
80,2,0.017707
80,3,0.005006
80,4,0.029796
80,5,0.052536
80,6,0.042758
80,7,0.006157
80,8,0.037410
80,9,0.056034
80,10,0.039729
80,11,0.038777
80,12,0.033970
80,13,0.096009
80,14,0.135611
80,15,0.054022
80,16,0.027163
80,17,0.011234
80,18,0.001619
80,19,0.082926
80,20,0.130674
80,21,0.156711
80,22,0.091761
80,23,0.132915
80,24,0.134543
80,25,0.109824
80,26,0.103813
80,27,0.024556
80,28,0.003772
80,29,0.063306
80,30,0.058923
80,31,0.081048
80,32,0.112768
80,33,0.150983
80,34,0.178871
80,35,0.015683
80,36,0.000970
80,37,0.043219
80,38,0.039937
80,39,0.027631
80,40,0.009606
80,41,0.011301
80,42,0.040134
80,43,0.028241
80,44,0.123172
80,45,0.050837
80,46,0.043412
80,47,0.010245
80,48,0.037800
80,49,0.015375
80,50,0.076829
80,51,0.087429
80,52,0.070302
80,53,0.123855
80,54,0.092005
80,55,0.125256
80,56,0.071756
80,57,0.143248
80,58,0.118943
80,59,0.097299
80,60,0.045496
80,61,0.110830
80,62,0.110880
80,63,0.084764
80,64,0.021651
80,65,0.026595
80,66,0.015346
80,67,0.097469
80,68,0.016318
80,69,0.017392
80,70,0.080017
80,71,0.100302
80,72,0.100092
80,73,0.073261
80,74,0.052981
80,75,0.019035
80,76,0.020505
80,77,0.181720
80,78,0.243423
80,79,0.143686
80,80,0.000000
80,81,0.068159
80,82,0.039174
80,83,0.024758
80,84,0.070522
80,85,0.009226
80,86,0.006648
80,87,0.054460
80,88,0.088559
80,89,0.142697
80,90,0.104829
80,91,0.112707
80,92,0.102444
80,93,0.108358
80,94,0.117013
80,95,0.097097
80,96,0.075632
80,97,0.085337
80,98,0.096415
80,99,0.077849
80,100,0.161426
80,101,0.112912
80,102,0.086649
80,103,0.096489
80,104,0.181755
80,105,0.183976
80,106,0.094145
80,107,0.173880
80,108,0.323551
80,109,0.291462
80,110,0.284474
80,111,0.251797
80,112,0.257634
80,113,0.208701
80,114,0.049543
80,115,0.052563
80,116,0.031571
80,117,0.072803
80,118,0.013795
80,119,0.081087
80,120,0.084715
80,121,0.075957
80,122,0.038243
80,123,0.004224
80,124,0.043897
80,125,0.032940
80,126,0.072301
80,127,0.085235
80,128,0.079152
80,129,0.115005
80,130,0.176574
80,131,0.223173
80,132,0.171953
81,1,0.032115
81,2,0.061262
81,3,0.087247
81,4,0.097202
81,5,0.099920
81,6,0.086652
81,7,0.070793
81,8,0.040886
81,9,0.006104
81,10,0.051238
81,11,0.030443
81,12,0.043951
81,13,0.051179
81,14,0.084745
81,15,0.023265
81,16,0.015963
81,17,0.065668
81,18,0.037354
81,19,0.060582
81,20,0.103543
81,21,0.157697
81,22,0.096257
81,23,0.117457
81,24,0.108097
81,25,0.089278
81,26,0.062881
81,27,0.007850
81,28,0.034540
81,29,0.086201
81,30,0.058626
81,31,0.055436
81,32,0.051301
81,33,0.127572
81,34,0.194900
81,35,0.010325
81,36,0.014049
81,37,0.014801
81,38,0.015377
81,39,0.053088
81,40,0.030584
81,41,0.005479
81,42,0.035868
81,43,0.015503
81,44,0.075110
81,45,0.049466
81,46,0.022471
81,47,0.005823
81,48,0.027797
81,49,0.020346
81,50,0.076437
81,51,0.072871
81,52,0.057999
81,53,0.082644
81,54,0.061074
81,55,0.050243
81,56,0.039256
81,57,0.095047
81,58,0.093659
81,59,0.082573
81,60,0.030660
81,61,0.051295
81,62,0.040602
81,63,0.008191
81,64,0.011396
81,65,0.008410
81,66,0.040726
81,67,0.035254
81,68,0.007332
81,69,0.004674
81,70,0.038543
81,71,0.055665
81,72,0.069289
81,73,0.073093
81,74,0.022580
81,75,0.060539
81,76,0.041774
81,77,0.238210
81,78,0.258046
81,79,0.097855
81,80,0.068159
81,81,0.000000
81,82,0.013014
81,83,0.011974
81,84,0.027775
81,85,0.064174
81,86,0.076595
81,87,0.127296
81,88,0.107330
81,89,0.147941
81,90,0.155838
81,91,0.146181
81,92,0.096152
81,93,0.077955
81,94,0.101211
81,95,0.066304
81,96,0.027116
81,97,0.055907
81,98,0.078198
81,99,0.022523
81,100,0.109629
81,101,0.137069
81,102,0.069325
81,103,0.068829
81,104,0.147975
81,105,0.102453
81,106,0.015598
81,107,0.113831
81,108,0.253408
81,109,0.229856
81,110,0.207585
81,111,0.229586
81,112,0.213191
81,113,0.170436
81,114,0.080446
81,115,0.104464
81,116,0.024538
81,117,0.030223
81,118,0.059938
81,119,0.011184
81,120,0.025066
81,121,0.040843
81,122,0.060277
81,123,0.013498
81,124,0.019588
81,125,0.006135
81,126,0.048273
81,127,0.060337
81,128,0.061257
81,129,0.096235
81,130,0.130046
81,131,0.151882
81,132,0.138985
82,1,0.065356
82,2,0.102984
82,3,0.160794
82,4,0.168386
82,5,0.177162
82,6,0.181336
82,7,0.172843
82,8,0.135720
82,9,0.046152
82,10,0.021627
82,11,0.067183
82,12,0.048525
82,13,0.042533
82,14,0.026982
82,15,0.087178
82,16,0.149715
82,17,0.187987
82,18,0.110433
82,19,0.017272
82,20,0.038248
82,21,0.168356
82,22,0.103241
82,23,0.053127
82,24,0.060734
82,25,0.036473
82,26,0.019273
82,27,0.018973
82,28,0.109789
82,29,0.106894
82,30,0.036546
82,31,0.050137
82,32,0.097158
82,33,0.026856
82,34,0.170204
82,35,0.016519
82,36,0.068475
82,37,0.034365
82,38,0.060799
82,39,0.094110
82,40,0.074501
82,41,0.042054
82,42,0.005815
82,43,0.008003
82,44,0.006207
82,45,0.081524
82,46,0.068800
82,47,0.036090
82,48,0.029699
82,49,0.015556
82,50,0.016888
82,51,0.029748
82,52,0.019629
82,53,0.036104
82,54,0.004873
82,55,0.063176
82,56,0.017538
82,57,0.031307
82,58,0.049837
82,59,0.020391
82,60,0.006595
82,61,0.039718
82,62,0.029792
82,63,0.014446
82,64,0.006496
82,65,0.022847
82,66,0.040373
82,67,0.006823
82,68,0.005203
82,69,0.015971
82,70,0.003784
82,71,0.017307
82,72,0.058922
82,73,0.092672
82,74,0.007027
82,75,0.111271
82,76,0.083323
82,77,0.224605
82,78,0.191280
82,79,0.026916
82,80,0.039174
82,81,0.013014
82,82,0.000000
82,83,0.044936
82,84,0.059478
82,85,0.112418
82,86,0.169070
82,87,0.191999
82,88,0.116446
82,89,0.180633
82,90,0.191036
82,91,0.156761
82,92,0.019776
82,93,0.018559
82,94,0.096424
82,95,0.019456
82,96,0.028147
82,97,0.040616
82,98,0.046131
82,99,0.037996
82,100,0.026327
82,101,0.129988
82,102,0.034330
82,103,0.010661
82,104,0.044932
82,105,0.002540
82,106,0.059873
82,107,0.001980
82,108,0.054148
82,109,0.031448
82,110,0.042850
82,111,0.128504
82,112,0.119934
82,113,0.099761
82,114,0.115701
82,115,0.152003
82,116,0.105917
82,117,0.051955
82,118,0.108905
82,119,0.045610
82,120,0.023620
82,121,0.026396
82,122,0.048543
82,123,0.004349
82,124,0.051710
82,125,0.001737
82,126,0.010941
82,127,0.026117
82,128,0.016523
82,129,0.018998
82,130,0.023395
82,131,0.005673
82,132,0.085940
83,1,0.011094
83,2,0.042154
83,3,0.087834
83,4,0.085857
83,5,0.071303
83,6,0.060666
83,7,0.069394
83,8,0.045868
83,9,0.022964
83,10,0.133472
83,11,0.046353
83,12,0.027442
83,13,0.023512
83,14,0.027351
83,15,0.026016
83,16,0.023894
83,17,0.076554
83,18,0.004653
83,19,0.090702
83,20,0.038740
83,21,0.153242
83,22,0.154569
83,23,0.138266
83,24,0.128158
83,25,0.110039
83,26,0.092666
83,27,0.064354
83,28,0.139731
83,29,0.104968
83,30,0.001947
83,31,0.024330
83,32,0.006113
83,33,0.111757
83,34,0.162579
83,35,0.035415
83,36,0.030320
83,37,0.023831
83,38,0.003764
83,39,0.021505
83,40,0.042341
83,41,0.003268
83,42,0.009415
83,43,0.030141
83,44,0.019133
83,45,0.028531
83,46,0.015720
83,47,0.002679
83,48,0.031593
83,49,0.009160
83,50,0.003129
83,51,0.075740
83,52,0.023158
83,53,0.078633
83,54,0.041643
83,55,0.008089
83,56,0.025018
83,57,0.100377
83,58,0.086300
83,59,0.015568
83,60,0.033472
83,61,0.080270
83,62,0.052590
83,63,0.042175
83,64,0.035375
83,65,0.062389
83,66,0.029695
83,67,0.034003
83,68,0.057483
83,69,0.085700
83,70,0.089877
83,71,0.079540
83,72,0.099260
83,73,0.157370
83,74,0.076886
83,75,0.175995
83,76,0.083790
83,77,0.168364
83,78,0.122883
83,79,0.026326
83,80,0.024758
83,81,0.011974
83,82,0.044936
83,83,0.000000
83,84,0.052098
83,85,0.133047
83,86,0.138784
83,87,0.197439
83,88,0.155216
83,89,0.173269
83,90,0.190696
83,91,0.148044
83,92,0.044478
83,93,0.014559
83,94,0.092586
83,95,0.067632
83,96,0.000402
83,97,0.043049
83,98,0.071965
83,99,0.034695
83,100,0.069817
83,101,0.114553
83,102,0.054234
83,103,0.036202
83,104,0.049956
83,105,0.044904
83,106,0.013153
83,107,0.009292
83,108,0.053500
83,109,0.043522
83,110,0.042674
83,111,0.117526
83,112,0.123119
83,113,0.115129
83,114,0.055048
83,115,0.094119
83,116,0.029244
83,117,0.008448
83,118,0.035583
83,119,0.071152
83,120,0.075684
83,121,0.059908
83,122,0.128495
83,123,0.069939
83,124,0.118038
83,125,0.070773
83,126,0.066055
83,127,0.066418
83,128,0.071890
83,129,0.075171
83,130,0.078492
83,131,0.105606
83,132,0.164656
84,1,0.030244
84,2,0.036926
84,3,0.129570
84,4,0.157366
84,5,0.179672
84,6,0.176171
84,7,0.150419
84,8,0.095643
84,9,0.023891
84,10,0.085604
84,11,0.014754
84,12,0.055547
84,13,0.014458
84,14,0.019412
84,15,0.073441
84,16,0.127055
84,17,0.205174
84,18,0.058368
84,19,0.050409
84,20,0.025187
84,21,0.119246
84,22,0.119275
84,23,0.124417
84,24,0.115796
84,25,0.111230
84,26,0.082426
84,27,0.044704
84,28,0.113258
84,29,0.107954
84,30,0.020412
84,31,0.064654
84,32,0.095223
84,33,0.032959
84,34,0.139682
84,35,0.029719
84,36,0.020146
84,37,0.057228
84,38,0.025926
84,39,0.012616
84,40,0.010613
84,41,0.006915
84,42,0.017652
84,43,0.024479
84,44,0.012946
84,45,0.003351
84,46,0.034148
84,47,0.030437
84,48,0.027967
84,49,0.025367
84,50,0.007445
84,51,0.086156
84,52,0.000116
84,53,0.064231
84,54,0.018239
84,55,0.022758
84,56,0.024860
84,57,0.126520
84,58,0.122620
84,59,0.030517
84,60,0.032658
84,61,0.086532
84,62,0.048901
84,63,0.082163
84,64,0.066248
84,65,0.052366
84,66,0.063637
84,67,0.027080
84,68,0.048701
84,69,0.093997
84,70,0.088385
84,71,0.070947
84,72,0.121518
84,73,0.168696
84,74,0.050693
84,75,0.170377
84,76,0.100301
84,77,0.154359
84,78,0.136850
84,79,0.141964
84,80,0.070522
84,81,0.027775
84,82,0.059478
84,83,0.052098
84,84,0.000000
84,85,0.024052
84,86,0.081233
84,87,0.091021
84,88,0.121403
84,89,0.239966
84,90,0.223189
84,91,0.189553
84,92,0.009201
84,93,0.047743
84,94,0.097976
84,95,0.039607
84,96,0.043582
84,97,0.020583
84,98,0.043309
84,99,0.011313
84,100,0.032387
84,101,0.135462
84,102,0.090160
84,103,0.024233
84,104,0.004670
84,105,0.044559
84,106,0.089057
84,107,0.075986
84,108,0.069051
84,109,0.079429
84,110,0.082608
84,111,0.019028
84,112,0.014335
84,113,0.018639
84,114,0.111781
84,115,0.127603
84,116,0.067377
84,117,0.016703
84,118,0.068476
84,119,0.046059
84,120,0.079128
84,121,0.033381
84,122,0.074989
84,123,0.047818
84,124,0.133705
84,125,0.072973
84,126,0.035099
84,127,0.008549
84,128,0.001484
84,129,0.005667
84,130,0.003302
84,131,0.038807
84,132,0.155239
85,1,0.003297
85,2,0.056173
85,3,0.137530
85,4,0.167385
85,5,0.202084
85,6,0.202172
85,7,0.172516
85,8,0.115756
85,9,0.013635
85,10,0.031151
85,11,0.045335
85,12,0.082791
85,13,0.004189
85,14,0.032121
85,15,0.107630
85,16,0.159787
85,17,0.223255
85,18,0.086292
85,19,0.021929
85,20,0.003511
85,21,0.119446
85,22,0.097636
85,23,0.103746
85,24,0.115880
85,25,0.096287
85,26,0.066747
85,27,0.014986
85,28,0.032499
85,29,0.131241
85,30,0.024523
85,31,0.029276
85,32,0.109545
85,33,0.007338
85,34,0.143256
85,35,0.014270
85,36,0.034720
85,37,0.044030
85,38,0.019127
85,39,0.003438
85,40,0.015234
85,41,0.000539
85,42,0.020294
85,43,0.023732
85,44,0.021497
85,45,0.010261
85,46,0.031230
85,47,0.023901
85,48,0.034547
85,49,0.027185
85,50,0.003943
85,51,0.090227
85,52,0.011814
85,53,0.051603
85,54,0.015745
85,55,0.049436
85,56,0.016032
85,57,0.081764
85,58,0.085130
85,59,0.015249
85,60,0.034333
85,61,0.082921
85,62,0.053035
85,63,0.093802
85,64,0.060302
85,65,0.039569
85,66,0.050187
85,67,0.017460
85,68,0.037865
85,69,0.058466
85,70,0.054832
85,71,0.046375
85,72,0.115788
85,73,0.128531
85,74,0.014639
85,75,0.142987
85,76,0.104090
85,77,0.233191
85,78,0.217805
85,79,0.084092
85,80,0.009226
85,81,0.064174
85,82,0.112418
85,83,0.133047
85,84,0.024052
85,85,0.000000
85,86,0.078696
85,87,0.062174
85,88,0.087820
85,89,0.218419
85,90,0.215823
85,91,0.177423
85,92,0.009129
85,93,0.029153
85,94,0.076385
85,95,0.021199
85,96,0.013981
85,97,0.049438
85,98,0.046613
85,99,0.019933
85,100,0.004490
85,101,0.125003
85,102,0.081500
85,103,0.027604
85,104,0.001982
85,105,0.041531
85,106,0.103696
85,107,0.058380
85,108,0.006568
85,109,0.008643
85,110,0.028771
85,111,0.090617
85,112,0.067004
85,113,0.051748
85,114,0.152922
85,115,0.157215
85,116,0.096214
85,117,0.042009
85,118,0.080790
85,119,0.009919
85,120,0.032683
85,121,0.000788
85,122,0.023869
85,123,0.027709
85,124,0.081812
85,125,0.011798
85,126,0.000231
85,127,0.007985
85,128,0.018000
85,129,0.030100
85,130,0.011207
85,131,0.017328
85,132,0.142485
86,1,0.063291
86,2,0.105865
86,3,0.152576
86,4,0.153526
86,5,0.161736
86,6,0.161605
86,7,0.157819
86,8,0.122605
86,9,0.037396
86,10,0.036015
86,11,0.020453
86,12,0.017130
86,13,0.043074
86,14,0.033367
86,15,0.084103
86,16,0.134807
86,17,0.196304
86,18,0.100734
86,19,0.010571
86,20,0.035595
86,21,0.092210
86,22,0.043458
86,23,0.054430
86,24,0.046922
86,25,0.027280
86,26,0.000058
86,27,0.023669
86,28,0.042786
86,29,0.116388
86,30,0.020855
86,31,0.050528
86,32,0.097173
86,33,0.014889
86,34,0.131749
86,35,0.032324
86,36,0.069794
86,37,0.027253
86,38,0.039879
86,39,0.046289
86,40,0.011511
86,41,0.006855
86,42,0.001152
86,43,0.001464
86,44,0.014106
86,45,0.028987
86,46,0.046076
86,47,0.020325
86,48,0.009698
86,49,0.016424
86,50,0.003233
86,51,0.041560
86,52,0.015256
86,53,0.003956
86,54,0.013330
86,55,0.066015
86,56,0.008801
86,57,0.087059
86,58,0.060431
86,59,0.018248
86,60,0.008215
86,61,0.046982
86,62,0.021336
86,63,0.054198
86,64,0.014482
86,65,0.007852
86,66,0.011147
86,67,0.029618
86,68,0.023170
86,69,0.008099
86,70,0.024285
86,71,0.001366
86,72,0.087830
86,73,0.106659
86,74,0.012236
86,75,0.114128
86,76,0.082500
86,77,0.220371
86,78,0.155793
86,79,0.093441
86,80,0.006648
86,81,0.076595
86,82,0.169070
86,83,0.138784
86,84,0.081233
86,85,0.078696
86,86,0.000000
86,87,0.164327
86,88,0.113145
86,89,0.166667
86,90,0.225265
86,91,0.155216
86,92,0.019558
86,93,0.007841
86,94,0.073127
86,95,0.032818
86,96,0.023663
86,97,0.019548
86,98,0.024164
86,99,0.047455
86,100,0.009800
86,101,0.098186
86,102,0.012063
86,103,0.007254
86,104,0.020201
86,105,0.053227
86,106,0.116230
86,107,0.074727
86,108,0.026212
86,109,0.046039
86,110,0.034961
86,111,0.070848
86,112,0.059813
86,113,0.034205
86,114,0.158159
86,115,0.158189
86,116,0.105585
86,117,0.091585
86,118,0.102712
86,119,0.031626
86,120,0.004050
86,121,0.013630
86,122,0.056983
86,123,0.033439
86,124,0.105278
86,125,0.032450
86,126,0.014847
86,127,0.021091
86,128,0.034350
86,129,0.046948
86,130,0.018266
86,131,0.011433
86,132,0.114493
87,1,0.032966
87,2,0.000432
87,3,0.041749
87,4,0.045704
87,5,0.079822
87,6,0.099417
87,7,0.066398
87,8,0.037386
87,9,0.051741
87,10,0.076125
87,11,0.037076
87,12,0.103184
87,13,0.039303
87,14,0.002815
87,15,0.053744
87,16,0.103635
87,17,0.135955
87,18,0.066025
87,19,0.020836
87,20,0.019445
87,21,0.096980
87,22,0.019020
87,23,0.024849
87,24,0.032443
87,25,0.012291
87,26,0.003295
87,27,0.013757
87,28,0.104370
87,29,0.111243
87,30,0.052102
87,31,0.009147
87,32,0.072517
87,33,0.001711
87,34,0.110662
87,35,0.021287
87,36,0.031049
87,37,0.000102
87,38,0.005557
87,39,0.003498
87,40,0.011232
87,41,0.011961
87,42,0.035862
87,43,0.022858
87,44,0.074885
87,45,0.045615
87,46,0.000864
87,47,0.010526
87,48,0.041515
87,49,0.019643
87,50,0.009528
87,51,0.068253
87,52,0.020452
87,53,0.009777
87,54,0.023805
87,55,0.087473
87,56,0.019178
87,57,0.047183
87,58,0.037619
87,59,0.040667
87,60,0.022244
87,61,0.065697
87,62,0.047448
87,63,0.071515
87,64,0.036318
87,65,0.019584
87,66,0.042617
87,67,0.001008
87,68,0.017429
87,69,0.025952
87,70,0.015206
87,71,0.020991
87,72,0.040842
87,73,0.103367
87,74,0.067222
87,75,0.144890
87,76,0.092022
87,77,0.254574
87,78,0.192705
87,79,0.026544
87,80,0.054460
87,81,0.127296
87,82,0.191999
87,83,0.197439
87,84,0.091021
87,85,0.062174
87,86,0.164327
87,87,0.000000
87,88,0.051818
87,89,0.184157
87,90,0.197884
87,91,0.113976
87,92,0.012014
87,93,0.039054
87,94,0.094597
87,95,0.044733
87,96,0.040598
87,97,0.086563
87,98,0.036746
87,99,0.010191
87,100,0.024143
87,101,0.113925
87,102,0.051604
87,103,0.035379
87,104,0.008525
87,105,0.040639
87,106,0.084177
87,107,0.034968
87,108,0.037139
87,109,0.029596
87,110,0.038723
87,111,0.116434
87,112,0.094713
87,113,0.068060
87,114,0.107464
87,115,0.107606
87,116,0.067473
87,117,0.013543
87,118,0.059130
87,119,0.036381
87,120,0.037695
87,121,0.014418
87,122,0.062294
87,123,0.079438
87,124,0.074233
87,125,0.023459
87,126,0.003698
87,127,0.000408
87,128,0.006188
87,129,0.037678
87,130,0.029236
87,131,0.024850
87,132,0.040880
88,1,0.097853
88,2,0.104735
88,3,0.052072
88,4,0.018042
88,5,0.040889
88,6,0.045609
88,7,0.017458
88,8,0.066805
88,9,0.147616
88,10,0.116506
88,11,0.073345
88,12,0.103486
88,13,0.073357
88,14,0.065527
88,15,0.012957
88,16,0.039905
88,17,0.076203
88,18,0.079981
88,19,0.110207
88,20,0.071310
88,21,0.121136
88,22,0.052493
88,23,0.096436
88,24,0.086391
88,25,0.078111
88,26,0.072509
88,27,0.096125
88,28,0.055773
88,29,0.059802
88,30,0.028016
88,31,0.007992
88,32,0.081170
88,33,0.006802
88,34,0.046643
88,35,0.020767
88,36,0.024740
88,37,0.109592
88,38,0.056831
88,39,0.054963
88,40,0.004670
88,41,0.026176
88,42,0.019350
88,43,0.009962
88,44,0.087154
88,45,0.040012
88,46,0.004279
88,47,0.006078
88,48,0.049947
88,49,0.057881
88,50,0.023646
88,51,0.097458
88,52,0.012741
88,53,0.026714
88,54,0.013060
88,55,0.083683
88,56,0.021479
88,57,0.043966
88,58,0.048670
88,59,0.022297
88,60,0.019571
88,61,0.049469
88,62,0.005974
88,63,0.083887
88,64,0.070612
88,65,0.033245
88,66,0.089879
88,67,0.050734
88,68,0.058587
88,69,0.052873
88,70,0.029779
88,71,0.014868
88,72,0.010462
88,73,0.059722
88,74,0.018676
88,75,0.139946
88,76,0.041424
88,77,0.157231
88,78,0.142755
88,79,0.043737
88,80,0.088559
88,81,0.107330
88,82,0.116446
88,83,0.155216
88,84,0.121403
88,85,0.087820
88,86,0.113145
88,87,0.051818
88,88,0.000000
88,89,0.107183
88,90,0.148422
88,91,0.113206
88,92,0.020123
88,93,0.019313
88,94,0.035709
88,95,0.016779
88,96,0.037971
88,97,0.002989
88,98,0.010549
88,99,0.038189
88,100,0.011697
88,101,0.042367
88,102,0.021533
88,103,0.019941
88,104,0.013376
88,105,0.034976
88,106,0.032171
88,107,0.023042
88,108,0.070548
88,109,0.053439
88,110,0.024537
88,111,0.116484
88,112,0.090799
88,113,0.060568
88,114,0.068393
88,115,0.080110
88,116,0.069117
88,117,0.026439
88,118,0.090629
88,119,0.042104
88,120,0.091474
88,121,0.029190
88,122,0.046104
88,123,0.055537
88,124,0.088358
88,125,0.042385
88,126,0.046141
88,127,0.019757
88,128,0.008280
88,129,0.022619
88,130,0.000890
88,131,0.029943
88,132,0.040367
89,1,0.005466
89,2,0.088768
89,3,0.070208
89,4,0.035184
89,5,0.017451
89,6,0.017529
89,7,0.035192
89,8,0.075724
89,9,0.129782
89,10,0.126684
89,11,0.079921
89,12,0.102829
89,13,0.091850
89,14,0.082107
89,15,0.052917
89,16,0.034447
89,17,0.065780
89,18,0.043605
89,19,0.106381
89,20,0.075344
89,21,0.147404
89,22,0.080999
89,23,0.105039
89,24,0.110390
89,25,0.076074
89,26,0.069157
89,27,0.086251
89,28,0.022566
89,29,0.074389
89,30,0.026639
89,31,0.001568
89,32,0.117709
89,33,0.032302
89,34,0.070127
89,35,0.053430
89,36,0.026607
89,37,0.090815
89,38,0.058330
89,39,0.095112
89,40,0.069195
89,41,0.039026
89,42,0.048782
89,43,0.015624
89,44,0.131151
89,45,0.087941
89,46,0.050007
89,47,0.039728
89,48,0.058142
89,49,0.053956
89,50,0.028313
89,51,0.096374
89,52,0.028234
89,53,0.065634
89,54,0.042503
89,55,0.045330
89,56,0.016163
89,57,0.045708
89,58,0.059655
89,59,0.064779
89,60,0.035260
89,61,0.053577
89,62,0.022412
89,63,0.105129
89,64,0.114946
89,65,0.061910
89,66,0.134802
89,67,0.133234
89,68,0.111539
89,69,0.085870
89,70,0.036457
89,71,0.011070
89,72,0.024476
89,73,0.035768
89,74,0.040660
89,75,0.138533
89,76,0.100506
89,77,0.180623
89,78,0.123253
89,79,0.063031
89,80,0.142697
89,81,0.147941
89,82,0.180633
89,83,0.173269
89,84,0.239966
89,85,0.218419
89,86,0.166667
89,87,0.184157
89,88,0.107183
89,89,0.000000
89,90,0.157122
89,91,0.052534
89,92,0.028945
89,93,0.002155
89,94,0.001793
89,95,0.066737
89,96,0.069731
89,97,0.018566
89,98,0.029957
89,99,0.091190
89,100,0.050682
89,101,0.010389
89,102,0.032215
89,103,0.000338
89,104,0.020894
89,105,0.060080
89,106,0.026240
89,107,0.011913
89,108,0.021519
89,109,0.033081
89,110,0.041202
89,111,0.071709
89,112,0.042768
89,113,0.001717
89,114,0.081636
89,115,0.133951
89,116,0.138993
89,117,0.084625
89,118,0.154513
89,119,0.025790
89,120,0.066487
89,121,0.018360
89,122,0.072597
89,123,0.101477
89,124,0.096280
89,125,0.061547
89,126,0.081154
89,127,0.054521
89,128,0.010890
89,129,0.108233
89,130,0.080011
89,131,0.102148
89,132,0.047470
90,1,0.028426
90,2,0.027619
90,3,0.010306
90,4,0.008908
90,5,0.033558
90,6,0.032676
90,7,0.022672
90,8,0.000550
90,9,0.043560
90,10,0.068540
90,11,0.036487
90,12,0.088695
90,13,0.041466
90,14,0.000103
90,15,0.002987
90,16,0.049248
90,17,0.067635
90,18,0.059055
90,19,0.007600
90,20,0.010623
90,21,0.116052
90,22,0.071132
90,23,0.033974
90,24,0.056554
90,25,0.017557
90,26,0.000334
90,27,0.002874
90,28,0.082770
90,29,0.094641
90,30,0.049020
90,31,0.024790
90,32,0.094343
90,33,0.073066
90,34,0.120678
90,35,0.000354
90,36,0.024058
90,37,0.002165
90,38,0.030116
90,39,0.001188
90,40,0.001587
90,41,0.000652
90,42,0.017847
90,43,0.033126
90,44,0.094094
90,45,0.019109
90,46,0.033680
90,47,0.028194
90,48,0.027340
90,49,0.029467
90,50,0.035481
90,51,0.027262
90,52,0.040720
90,53,0.009610
90,54,0.035132
90,55,0.111674
90,56,0.081025
90,57,0.067257
90,58,0.003603
90,59,0.036015
90,60,0.054806
90,61,0.089805
90,62,0.079638
90,63,0.104303
90,64,0.096124
90,65,0.039260
90,66,0.060955
90,67,0.043350
90,68,0.016791
90,69,0.026531
90,70,0.021939
90,71,0.058079
90,72,0.021317
90,73,0.033288
90,74,0.089815
90,75,0.105782
90,76,0.087541
90,77,0.139350
90,78,0.094184
90,79,0.071169
90,80,0.104829
90,81,0.155838
90,82,0.191036
90,83,0.190696
90,84,0.223189
90,85,0.215823
90,86,0.225265
90,87,0.197884
90,88,0.148422
90,89,0.157122
90,90,0.000000
90,91,0.052368
90,92,0.050770
90,93,0.014504
90,94,0.038097
90,95,0.118004
90,96,0.137816
90,97,0.019040
90,98,0.036530
90,99,0.098983
90,100,0.047059
90,101,0.053679
90,102,0.007762
90,103,0.012521
90,104,0.050420
90,105,0.075681
90,106,0.048860
90,107,0.052428
90,108,0.048775
90,109,0.054121
90,110,0.027617
90,111,0.067909
90,112,0.018996
90,113,0.036821
90,114,0.020151
90,115,0.061274
90,116,0.080345
90,117,0.082620
90,118,0.081605
90,119,0.090778
90,120,0.089346
90,121,0.141364
90,122,0.014486
90,123,0.017973
90,124,0.079325
90,125,0.056472
90,126,0.007783
90,127,0.025676
90,128,0.061194
90,129,0.112039
90,130,0.133622
90,131,0.145405
90,132,0.031812
91,1,0.045126
91,2,0.030466
91,3,0.030636
91,4,0.015570
91,5,0.002232
91,6,0.039783
91,7,0.050974
91,8,0.046253
91,9,0.057464
91,10,0.066798
91,11,0.033560
91,12,0.050272
91,13,0.040853
91,14,0.041210
91,15,0.084172
91,16,0.062737
91,17,0.039949
91,18,0.015046
91,19,0.044338
91,20,0.003420
91,21,0.072011
91,22,0.041445
91,23,0.030883
91,24,0.035759
91,25,0.014259
91,26,0.008731
91,27,0.044317
91,28,0.086222
91,29,0.041737
91,30,0.046090
91,31,0.060113
91,32,0.003308
91,33,0.087852
91,34,0.031441
91,35,0.017756
91,36,0.025338
91,37,0.064478
91,38,0.008523
91,39,0.030758
91,40,0.019431
91,41,0.027156
91,42,0.001122
91,43,0.001669
91,44,0.043363
91,45,0.022638
91,46,0.006994
91,47,0.006309
91,48,0.010679
91,49,0.024583
91,50,0.032612
91,51,0.007687
91,52,0.012100
91,53,0.035940
91,54,0.013229
91,55,0.037666
91,56,0.080121
91,57,0.047562
91,58,0.024776
91,59,0.068000
91,60,0.030065
91,61,0.060021
91,62,0.042175
91,63,0.074183
91,64,0.060045
91,65,0.027848
91,66,0.079221
91,67,0.045664
91,68,0.032743
91,69,0.002392
91,70,0.039682
91,71,0.052319
91,72,0.060882
91,73,0.061066
91,74,0.047988
91,75,0.075793
91,76,0.034604
91,77,0.048163
91,78,0.015984
91,79,0.087229
91,80,0.112707
91,81,0.146181
91,82,0.156761
91,83,0.148044
91,84,0.189553
91,85,0.177423
91,86,0.155216
91,87,0.113976
91,88,0.113206
91,89,0.052534
91,90,0.052368
91,91,0.000000
91,92,0.006484
91,93,0.088881
91,94,0.063627
91,95,0.075153
91,96,0.088261
91,97,0.032810
91,98,0.039629
91,99,0.076331
91,100,0.082450
91,101,0.040305
91,102,0.043989
91,103,0.044149
91,104,0.061262
91,105,0.036674
91,106,0.016506
91,107,0.001752
91,108,0.056342
91,109,0.047764
91,110,0.030913
91,111,0.030158
91,112,0.010192
91,113,0.015133
91,114,0.043060
91,115,0.001428
91,116,0.036249
91,117,0.033566
91,118,0.035230
91,119,0.021866
91,120,0.021421
91,121,0.036580
91,122,0.016467
91,123,0.065410
91,124,0.042504
91,125,0.034471
91,126,0.040715
91,127,0.012455
91,128,0.017860
91,129,0.053665
91,130,0.044083
91,131,0.045122
91,132,0.028069
92,1,0.074443
92,2,0.052977
92,3,0.105955
92,4,0.105894
92,5,0.123165
92,6,0.092222
92,7,0.108325
92,8,0.094500
92,9,0.053795
92,10,0.006647
92,11,0.067375
92,12,0.021491
92,13,0.044536
92,14,0.050916
92,15,0.049345
92,16,0.026330
92,17,0.068499
92,18,0.076840
92,19,0.017159
92,20,0.053220
92,21,0.020241
92,22,0.012583
92,23,0.043487
92,24,0.041514
92,25,0.002603
92,26,0.011233
92,27,0.016902
92,28,0.078588
92,29,0.031600
92,30,0.028797
92,31,0.049896
92,32,0.006276
92,33,0.045575
92,34,0.039570
92,35,0.020726
92,36,0.001514
92,37,0.019753
92,38,0.001600
92,39,0.004742
92,40,0.003498
92,41,0.006541
92,42,0.053265
92,43,0.055420
92,44,0.060169
92,45,0.002274
92,46,0.022023
92,47,0.007653
92,48,0.017466
92,49,0.024920
92,50,0.036626
92,51,0.035595
92,52,0.020705
92,53,0.044216
92,54,0.001556
92,55,0.001856
92,56,0.073190
92,57,0.080068
92,58,0.061240
92,59,0.052051
92,60,0.022989
92,61,0.038765
92,62,0.004957
92,63,0.045354
92,64,0.009890
92,65,0.042256
92,66,0.009550
92,67,0.039378
92,68,0.070486
92,69,0.029180
92,70,0.034529
92,71,0.023917
92,72,0.036448
92,73,0.077764
92,74,0.143353
92,75,0.048924
92,76,0.032347
92,77,0.001302
92,78,0.027298
92,79,0.037317
92,80,0.102444
92,81,0.096152
92,82,0.019776
92,83,0.044478
92,84,0.009201
92,85,0.009129
92,86,0.019558
92,87,0.012014
92,88,0.020123
92,89,0.028945
92,90,0.050770
92,91,0.006484
92,92,0.000000
92,93,0.051835
92,94,0.062859
92,95,0.039710
92,96,0.043957
92,97,0.009242
92,98,0.001459
92,99,0.047026
92,100,0.034272
92,101,0.023699
92,102,0.001064
92,103,0.034753
92,104,0.013845
92,105,0.008690
92,106,0.016458
92,107,0.030126
92,108,0.052400
92,109,0.020763
92,110,0.027678
92,111,0.040078
92,112,0.063634
92,113,0.047637
92,114,0.021092
92,115,0.030223
92,116,0.002258
92,117,0.014043
92,118,0.015455
92,119,0.006679
92,120,0.026077
92,121,0.049164
92,122,0.128118
92,123,0.057241
92,124,0.013159
92,125,0.072284
92,126,0.075470
92,127,0.036234
92,128,0.058279
92,129,0.079280
92,130,0.032911
92,131,0.044923
92,132,0.023449
93,1,0.027336
93,2,0.000036
93,3,0.047395
93,4,0.044569
93,5,0.062157
93,6,0.076557
93,7,0.058941
93,8,0.046952
93,9,0.026505
93,10,0.012652
93,11,0.005450
93,12,0.000563
93,13,0.010303
93,14,0.005999
93,15,0.043537
93,16,0.038463
93,17,0.067436
93,18,0.061760
93,19,0.026053
93,20,0.005207
93,21,0.041409
93,22,0.029587
93,23,0.053661
93,24,0.083343
93,25,0.036465
93,26,0.020461
93,27,0.025932
93,28,0.039145
93,29,0.008748
93,30,0.014586
93,31,0.024923
93,32,0.021202
93,33,0.033472
93,34,0.105862
93,35,0.008376
93,36,0.040161
93,37,0.004481
93,38,0.020367
93,39,0.000486
93,40,0.003389
93,41,0.036172
93,42,0.042001
93,43,0.104749
93,44,0.110727
93,45,0.085287
93,46,0.049865
93,47,0.003108
93,48,0.029808
93,49,0.026560
93,50,0.023999
93,51,0.049253
93,52,0.057787
93,53,0.059306
93,54,0.058986
93,55,0.044971
93,56,0.029994
93,57,0.005390
93,58,0.024843
93,59,0.017961
93,60,0.052899
93,61,0.077051
93,62,0.063377
93,63,0.073477
93,64,0.043223
93,65,0.007481
93,66,0.035225
93,67,0.090119
93,68,0.104544
93,69,0.028935
93,70,0.004931
93,71,0.014570
93,72,0.010130
93,73,0.024601
93,74,0.053171
93,75,0.034814
93,76,0.038767
93,77,0.075785
93,78,0.097685
93,79,0.052706
93,80,0.108358
93,81,0.077955
93,82,0.018559
93,83,0.014559
93,84,0.047743
93,85,0.029153
93,86,0.007841
93,87,0.039054
93,88,0.019313
93,89,0.002155
93,90,0.014504
93,91,0.088881
93,92,0.051835
93,93,0.000000
93,94,0.040053
93,95,0.006179
93,96,0.028162
93,97,0.058803
93,98,0.010319
93,99,0.026628
93,100,0.045210
93,101,0.037139
93,102,0.019425
93,103,0.028150
93,104,0.081444
93,105,0.040128
93,106,0.026752
93,107,0.029308
93,108,0.114519
93,109,0.126088
93,110,0.081171
93,111,0.037128
93,112,0.011417
93,113,0.051980
93,114,0.003827
93,115,0.025285
93,116,0.055032
93,117,0.057874
93,118,0.011600
93,119,0.125339
93,120,0.093940
93,121,0.085657
93,122,0.069038
93,123,0.066116
93,124,0.009012
93,125,0.092614
93,126,0.063976
93,127,0.004005
93,128,0.019171
93,129,0.011394
93,130,0.003401
93,131,0.037859
93,132,0.018917
94,1,0.022703
94,2,0.065226
94,3,0.099623
94,4,0.102805
94,5,0.068179
94,6,0.054961
94,7,0.096133
94,8,0.091317
94,9,0.056958
94,10,0.047044
94,11,0.062454
94,12,0.081231
94,13,0.117104
94,14,0.082313
94,15,0.078676
94,16,0.056064
94,17,0.041948
94,18,0.001021
94,19,0.013836
94,20,0.042110
94,21,0.058241
94,22,0.045297
94,23,0.018160
94,24,0.037475
94,25,0.011636
94,26,0.012557
94,27,0.018968
94,28,0.029650
94,29,0.012880
94,30,0.003771
94,31,0.020533
94,32,0.023041
94,33,0.078823
94,34,0.085970
94,35,0.048588
94,36,0.060990
94,37,0.048713
94,38,0.050780
94,39,0.067514
94,40,0.056692
94,41,0.079369
94,42,0.020625
94,43,0.035333
94,44,0.002217
94,45,0.026445
94,46,0.007675
94,47,0.011880
94,48,0.051379
94,49,0.026479
94,50,0.008188
94,51,0.017820
94,52,0.016547
94,53,0.047237
94,54,0.018942
94,55,0.011034
94,56,0.028076
94,57,0.001031
94,58,0.038080
94,59,0.040288
94,60,0.095707
94,61,0.099027
94,62,0.097732
94,63,0.077218
94,64,0.083046
94,65,0.059549
94,66,0.033646
94,67,0.037419
94,68,0.052034
94,69,0.032407
94,70,0.024951
94,71,0.002195
94,72,0.005360
94,73,0.006984
94,74,0.006565
94,75,0.047013
94,76,0.038550
94,77,0.129181
94,78,0.129816
94,79,0.088933
94,80,0.117013
94,81,0.101211
94,82,0.096424
94,83,0.092586
94,84,0.097976
94,85,0.076385
94,86,0.073127
94,87,0.094597
94,88,0.035709
94,89,0.001793
94,90,0.038097
94,91,0.063627
94,92,0.062859
94,93,0.040053
94,94,0.000000
94,95,0.016422
94,96,0.027567
94,97,0.084047
94,98,0.009416
94,99,0.040152
94,100,0.029096
94,101,0.069493
94,102,0.029053
94,103,0.042206
94,104,0.065335
94,105,0.026491
94,106,0.018358
94,107,0.019991
94,108,0.071369
94,109,0.095618
94,110,0.074438
94,111,0.051372
94,112,0.029495
94,113,0.068960
94,114,0.019306
94,115,0.011127
94,116,0.056033
94,117,0.034848
94,118,0.013748
94,119,0.089019
94,120,0.046753
94,121,0.074071
94,122,0.006294
94,123,0.004328
94,124,0.054176
94,125,0.002213
94,126,0.014977
94,127,0.027375
94,128,0.028065
94,129,0.011919
94,130,0.038144
94,131,0.062870
94,132,0.015209
95,1,0.028476
95,2,0.075476
95,3,0.136130
95,4,0.131678
95,5,0.092910
95,6,0.093329
95,7,0.131711
95,8,0.129635
95,9,0.085859
95,10,0.081840
95,11,0.085488
95,12,0.083534
95,13,0.105248
95,14,0.115199
95,15,0.115906
95,16,0.105821
95,17,0.100189
95,18,0.080649
95,19,0.048290
95,20,0.039384
95,21,0.018562
95,22,0.050054
95,23,0.068385
95,24,0.099529
95,25,0.083262
95,26,0.064983
95,27,0.065006
95,28,0.049096
95,29,0.011384
95,30,0.004503
95,31,0.046379
95,32,0.079312
95,33,0.085751
95,34,0.041025
95,35,0.057007
95,36,0.090831
95,37,0.112722
95,38,0.112604
95,39,0.113926
95,40,0.069861
95,41,0.099140
95,42,0.013004
95,43,0.038188
95,44,0.044553
95,45,0.004844
95,46,0.012460
95,47,0.019495
95,48,0.048886
95,49,0.003139
95,50,0.005381
95,51,0.030349
95,52,0.006923
95,53,0.059022
95,54,0.002081
95,55,0.037501
95,56,0.049433
95,57,0.055181
95,58,0.029710
95,59,0.036447
95,60,0.008671
95,61,0.016600
95,62,0.018483
95,63,0.041358
95,64,0.064782
95,65,0.081272
95,66,0.086750
95,67,0.005426
95,68,0.007302
95,69,0.081036
95,70,0.080790
95,71,0.049892
95,72,0.031577
95,73,0.018829
95,74,0.017178
95,75,0.061199
95,76,0.059700
95,77,0.062652
95,78,0.047413
95,79,0.107320
95,80,0.097097
95,81,0.066304
95,82,0.019456
95,83,0.067632
95,84,0.039607
95,85,0.021199
95,86,0.032818
95,87,0.044733
95,88,0.016779
95,89,0.066737
95,90,0.118004
95,91,0.075153
95,92,0.039710
95,93,0.006179
95,94,0.016422
95,95,0.000000
95,96,0.005562
95,97,0.037793
95,98,0.001856
95,99,0.032298
95,100,0.003320
95,101,0.025187
95,102,0.025314
95,103,0.024196
95,104,0.036299
95,105,0.060687
95,106,0.055439
95,107,0.054797
95,108,0.075034
95,109,0.106931
95,110,0.095726
95,111,0.079882
95,112,0.038972
95,113,0.084289
95,114,0.070456
95,115,0.051257
95,116,0.071353
95,117,0.069164
95,118,0.002964
95,119,0.007213
95,120,0.010604
95,121,0.009090
95,122,0.006129
95,123,0.039359
95,124,0.026837
95,125,0.024203
95,126,0.014635
95,127,0.050766
95,128,0.057043
95,129,0.025581
95,130,0.018018
95,131,0.013758
95,132,0.001505
96,1,0.080586
96,2,0.074019
96,3,0.110749
96,4,0.117386
96,5,0.091145
96,6,0.080930
96,7,0.119557
96,8,0.109920
96,9,0.048290
96,10,0.094230
96,11,0.077131
96,12,0.013561
96,13,0.082826
96,14,0.109438
96,15,0.119255
96,16,0.125874
96,17,0.119701
96,18,0.071440
96,19,0.044405
96,20,0.068644
96,21,0.049638
96,22,0.070235
96,23,0.082918
96,24,0.108243
96,25,0.083538
96,26,0.061644
96,27,0.034456
96,28,0.061027
96,29,0.000379
96,30,0.001583
96,31,0.068088
96,32,0.169810
96,33,0.091372
96,34,0.044513
96,35,0.081695
96,36,0.127178
96,37,0.140116
96,38,0.069786
96,39,0.057677
96,40,0.016532
96,41,0.065110
96,42,0.008913
96,43,0.073612
96,44,0.130892
96,45,0.070412
96,46,0.040420
96,47,0.018569
96,48,0.033374
96,49,0.013258
96,50,0.054661
96,51,0.052955
96,52,0.070314
96,53,0.100563
96,54,0.063441
96,55,0.088927
96,56,0.003301
96,57,0.011310
96,58,0.003982
96,59,0.022314
96,60,0.027391
96,61,0.039532
96,62,0.054245
96,63,0.010509
96,64,0.033448
96,65,0.042032
96,66,0.028676
96,67,0.069704
96,68,0.026049
96,69,0.078592
96,70,0.095733
96,71,0.065699
96,72,0.026531
96,73,0.013663
96,74,0.045475
96,75,0.028797
96,76,0.027598
96,77,0.056780
96,78,0.066377
96,79,0.093127
96,80,0.075632
96,81,0.027116
96,82,0.028147
96,83,0.000402
96,84,0.043582
96,85,0.013981
96,86,0.023663
96,87,0.040598
96,88,0.037971
96,89,0.069731
96,90,0.137816
96,91,0.088261
96,92,0.043957
96,93,0.028162
96,94,0.027567
96,95,0.005562
96,96,0.000000
96,97,0.002597
96,98,0.037303
96,99,0.032963
96,100,0.077538
96,101,0.013366
96,102,0.044823
96,103,0.116856
96,104,0.125538
96,105,0.153024
96,106,0.129889
96,107,0.131880
96,108,0.154029
96,109,0.166287
96,110,0.136736
96,111,0.088714
96,112,0.051487
96,113,0.118039
96,114,0.108878
96,115,0.100186
96,116,0.146997
96,117,0.159869
96,118,0.109009
96,119,0.020399
96,120,0.030876
96,121,0.008647
96,122,0.024807
96,123,0.015521
96,124,0.008105
96,125,0.041338
96,126,0.058098
96,127,0.145647
96,128,0.133783
96,129,0.150837
96,130,0.147291
96,131,0.085093
96,132,0.035418
97,1,0.093387
97,2,0.115010
97,3,0.067749
97,4,0.039838
97,5,0.032315
97,6,0.039533
97,7,0.037212
97,8,0.069555
97,9,0.043186
97,10,0.011546
97,11,0.027044
97,12,0.084037
97,13,0.146320
97,14,0.099588
97,15,0.020332
97,16,0.000548
97,17,0.023621
97,18,0.006462
97,19,0.039190
97,20,0.042605
97,21,0.039695
97,22,0.072523
97,23,0.016385
97,24,0.060147
97,25,0.065782
97,26,0.036841
97,27,0.004429
97,28,0.027872
97,29,0.010274
97,30,0.042228
97,31,0.016367
97,32,0.004370
97,33,0.012618
97,34,0.070122
97,35,0.033060
97,36,0.105599
97,37,0.107764
97,38,0.047594
97,39,0.087257
97,40,0.081736
97,41,0.077925
97,42,0.040538
97,43,0.058765
97,44,0.052920
97,45,0.010531
97,46,0.037376
97,47,0.002585
97,48,0.051256
97,49,0.088291
97,50,0.077592
97,51,0.093450
97,52,0.128610
97,53,0.116028
97,54,0.130024
97,55,0.110348
97,56,0.048969
97,57,0.059070
97,58,0.101536
97,59,0.127453
97,60,0.140668
97,61,0.090056
97,62,0.089123
97,63,0.055833
97,64,0.084549
97,65,0.075280
97,66,0.065478
97,67,0.082261
97,68,0.051752
97,69,0.030737
97,70,0.049585
97,71,0.063754
97,72,0.060101
97,73,0.042466
97,74,0.005876
97,75,0.050289
97,76,0.044662
97,77,0.071419
97,78,0.077865
97,79,0.053284
97,80,0.085337
97,81,0.055907
97,82,0.040616
97,83,0.043049
97,84,0.020583
97,85,0.049438
97,86,0.019548
97,87,0.086563
97,88,0.002989
97,89,0.018566
97,90,0.019040
97,91,0.032810
97,92,0.009242
97,93,0.058803
97,94,0.084047
97,95,0.037793
97,96,0.002597
97,97,0.000000
97,98,0.023515
97,99,0.040498
97,100,0.059356
97,101,0.054940
97,102,0.081252
97,103,0.136154
97,104,0.121817
97,105,0.124874
97,106,0.089417
97,107,0.061707
97,108,0.067764
97,109,0.082852
97,110,0.034176
97,111,0.009558
97,112,0.016949
97,113,0.027216
97,114,0.083292
97,115,0.078194
97,116,0.132639
97,117,0.110138
97,118,0.058536
97,119,0.072944
97,120,0.054608
97,121,0.039123
97,122,0.003539
97,123,0.032420
97,124,0.050624
97,125,0.021035
97,126,0.057495
97,127,0.114479
97,128,0.117921
97,129,0.111849
97,130,0.075562
97,131,0.000624
97,132,0.031667
98,1,0.060755
98,2,0.125100
98,3,0.115506
98,4,0.097801
98,5,0.037863
98,6,0.021458
98,7,0.079994
98,8,0.100390
98,9,0.080013
98,10,0.014704
98,11,0.008779
98,12,0.120814
98,13,0.156126
98,14,0.101659
98,15,0.044323
98,16,0.043209
98,17,0.040709
98,18,0.064790
98,19,0.046087
98,20,0.039949
98,21,0.037894
98,22,0.074921
98,23,0.031453
98,24,0.074694
98,25,0.065496
98,26,0.046511
98,27,0.054391
98,28,0.026569
98,29,0.007982
98,30,0.002475
98,31,0.023501
98,32,0.009143
98,33,0.027616
98,34,0.036958
98,35,0.054829
98,36,0.096587
98,37,0.086671
98,38,0.088646
98,39,0.108847
98,40,0.109841
98,41,0.105070
98,42,0.037269
98,43,0.011335
98,44,0.030259
98,45,0.038297
98,46,0.004719
98,47,0.049423
98,48,0.063345
98,49,0.067745
98,50,0.027659
98,51,0.060894
98,52,0.077599
98,53,0.082715
98,54,0.097529
98,55,0.074922
98,56,0.004849
98,57,0.022141
98,58,0.088169
98,59,0.102559
98,60,0.118746
98,61,0.074214
98,62,0.017076
98,63,0.037865
98,64,0.062671
98,65,0.081425
98,66,0.054273
98,67,0.028420
98,68,0.014300
98,69,0.039734
98,70,0.037987
98,71,0.037142
98,72,0.056919
98,73,0.028539
98,74,0.005908
98,75,0.081911
98,76,0.083876
98,77,0.068665
98,78,0.064683
98,79,0.061416
98,80,0.096415
98,81,0.078198
98,82,0.046131
98,83,0.071965
98,84,0.043309
98,85,0.046613
98,86,0.024164
98,87,0.036746
98,88,0.010549
98,89,0.029957
98,90,0.036530
98,91,0.039629
98,92,0.001459
98,93,0.010319
98,94,0.009416
98,95,0.001856
98,96,0.037303
98,97,0.023515
98,98,0.000000
98,99,0.043048
98,100,0.056349
98,101,0.004721
98,102,0.029696
98,103,0.037708
98,104,0.026007
98,105,0.051659
98,106,0.015627
98,107,0.009469
98,108,0.067420
98,109,0.082049
98,110,0.072975
98,111,0.039222
98,112,0.001999
98,113,0.024114
98,114,0.019943
98,115,0.024183
98,116,0.051350
98,117,0.025334
98,118,0.025914
98,119,0.049842
98,120,0.062236
98,121,0.046871
98,122,0.001418
98,123,0.006848
98,124,0.038926
98,125,0.018862
98,126,0.021346
98,127,0.033313
98,128,0.029875
98,129,0.026241
98,130,0.013536
98,131,0.000677
98,132,0.025271
99,1,0.119452
99,2,0.194554
99,3,0.242152
99,4,0.216105
99,5,0.160428
99,6,0.136442
99,7,0.218027
99,8,0.226583
99,9,0.163454
99,10,0.101028
99,11,0.115848
99,12,0.082847
99,13,0.201386
99,14,0.211646
99,15,0.166938
99,16,0.177360
99,17,0.164915
99,18,0.108627
99,19,0.055100
99,20,0.117571
99,21,0.063375
99,22,0.089797
99,23,0.092529
99,24,0.170834
99,25,0.117554
99,26,0.092353
99,27,0.084190
99,28,0.053263
99,29,0.019663
99,30,0.001105
99,31,0.054276
99,32,0.131472
99,33,0.115449
99,34,0.034264
99,35,0.089844
99,36,0.156200
99,37,0.194376
99,38,0.132262
99,39,0.113242
99,40,0.075920
99,41,0.128022
99,42,0.072352
99,43,0.002538
99,44,0.046517
99,45,0.038382
99,46,0.030639
99,47,0.026059
99,48,0.091547
99,49,0.079167
99,50,0.071265
99,51,0.049176
99,52,0.115263
99,53,0.103702
99,54,0.100830
99,55,0.105748
99,56,0.004541
99,57,0.016608
99,58,0.024230
99,59,0.008667
99,60,0.072841
99,61,0.040901
99,62,0.038128
99,63,0.026217
99,64,0.071051
99,65,0.115200
99,66,0.105742
99,67,0.027472
99,68,0.053979
99,69,0.120730
99,70,0.114523
99,71,0.082036
99,72,0.089134
99,73,0.018370
99,74,0.068710
99,75,0.071361
99,76,0.062299
99,77,0.071482
99,78,0.072109
99,79,0.069482
99,80,0.077849
99,81,0.022523
99,82,0.037996
99,83,0.034695
99,84,0.011313
99,85,0.019933
99,86,0.047455
99,87,0.010191
99,88,0.038189
99,89,0.091190
99,90,0.098983
99,91,0.076331
99,92,0.047026
99,93,0.026628
99,94,0.040152
99,95,0.032298
99,96,0.032963
99,97,0.040498
99,98,0.043048
99,99,0.000000
99,100,0.036190
99,101,0.019573
99,102,0.052676
99,103,0.141749
99,104,0.123376
99,105,0.082911
99,106,0.012201
99,107,0.051690
99,108,0.130809
99,109,0.165959
99,110,0.147756
99,111,0.114053
99,112,0.065019
99,113,0.116885
99,114,0.017951
99,115,0.027236
99,116,0.083865
99,117,0.100837
99,118,0.035917
99,119,0.033941
99,120,0.014324
99,121,0.018453
99,122,0.061864
99,123,0.036240
99,124,0.025964
99,125,0.002834
99,126,0.100977
99,127,0.142106
99,128,0.152208
99,129,0.108520
99,130,0.103446
99,131,0.036304
99,132,0.043835
100,1,0.129116
100,2,0.192961
100,3,0.209266
100,4,0.151336
100,5,0.076455
100,6,0.064415
100,7,0.181184
100,8,0.218090
100,9,0.158971
100,10,0.088719
100,11,0.074769
100,12,0.041944
100,13,0.218911
100,14,0.227300
100,15,0.142738
100,16,0.125783
100,17,0.084704
100,18,0.091556
100,19,0.067664
100,20,0.097808
100,21,0.030072
100,22,0.071846
100,23,0.076666
100,24,0.134538
100,25,0.113950
100,26,0.103146
100,27,0.069176
100,28,0.035762
100,29,0.019912
100,30,0.051122
100,31,0.009320
100,32,0.065324
100,33,0.089269
100,34,0.035443
100,35,0.017047
100,36,0.094923
100,37,0.200045
100,38,0.094971
100,39,0.102434
100,40,0.056649
100,41,0.106990
100,42,0.096725
100,43,0.022891
100,44,0.014758
100,45,0.089215
100,46,0.055525
100,47,0.024595
100,48,0.068231
100,49,0.091400
100,50,0.072774
100,51,0.087786
100,52,0.112328
100,53,0.095227
100,54,0.118817
100,55,0.116603
100,56,0.049671
100,57,0.058718
100,58,0.037899
100,59,0.026919
100,60,0.067130
100,61,0.043999
100,62,0.079811
100,63,0.071296
100,64,0.114451
100,65,0.108952
100,66,0.123995
100,67,0.026106
100,68,0.039179
100,69,0.090207
100,70,0.109352
100,71,0.098991
100,72,0.067839
100,73,0.016891
100,74,0.012744
100,75,0.050382
100,76,0.049644
100,77,0.098077
100,78,0.114028
100,79,0.114342
100,80,0.161426
100,81,0.109629
100,82,0.026327
100,83,0.069817
100,84,0.032387
100,85,0.004490
100,86,0.009800
100,87,0.024143
100,88,0.011697
100,89,0.050682
100,90,0.047059
100,91,0.082450
100,92,0.034272
100,93,0.045210
100,94,0.029096
100,95,0.003320
100,96,0.077538
100,97,0.059356
100,98,0.056349
100,99,0.036190
100,100,0.000000
100,101,0.019417
100,102,0.085682
100,103,0.181040
100,104,0.161178
100,105,0.159266
100,106,0.092983
100,107,0.098803
100,108,0.128539
100,109,0.145285
100,110,0.127946
100,111,0.096971
100,112,0.094233
100,113,0.095964
100,114,0.014639
100,115,0.035272
100,116,0.106331
100,117,0.132821
100,118,0.082806
100,119,0.048059
100,120,0.081400
100,121,0.054913
100,122,0.082176
100,123,0.065476
100,124,0.049202
100,125,0.030964
100,126,0.138813
100,127,0.194356
100,128,0.187631
100,129,0.146509
100,130,0.135968
100,131,0.087974
100,132,0.008528
101,1,0.035990
101,2,0.099827
101,3,0.033184
101,4,0.029702
101,5,0.098128
101,6,0.095660
101,7,0.013848
101,8,0.048273
101,9,0.065569
101,10,0.015439
101,11,0.008095
101,12,0.085993
101,13,0.110531
101,14,0.059272
101,15,0.019287
101,16,0.047695
101,17,0.078847
101,18,0.001739
101,19,0.009049
101,20,0.022856
101,21,0.023294
101,22,0.062612
101,23,0.023396
101,24,0.049327
101,25,0.056608
101,26,0.062999
101,27,0.055683
101,28,0.043550
101,29,0.014208
101,30,0.009143
101,31,0.014022
101,32,0.069432
101,33,0.015244
101,34,0.034717
101,35,0.021093
101,36,0.042728
101,37,0.096137
101,38,0.006871
101,39,0.071850
101,40,0.100120
101,41,0.102279
101,42,0.099822
101,43,0.002143
101,44,0.087984
101,45,0.093348
101,46,0.044096
101,47,0.035087
101,48,0.025714
101,49,0.057918
101,50,0.008840
101,51,0.065828
101,52,0.035707
101,53,0.065919
101,54,0.104820
101,55,0.036494
101,56,0.023632
101,57,0.019532
101,58,0.034117
101,59,0.070349
101,60,0.098142
101,61,0.062523
101,62,0.103724
101,63,0.104075
101,64,0.141582
101,65,0.066593
101,66,0.066800
101,67,0.022643
101,68,0.013818
101,69,0.026188
101,70,0.027870
101,71,0.064912
101,72,0.046954
101,73,0.040821
101,74,0.057849
101,75,0.072772
101,76,0.100204
101,77,0.132983
101,78,0.108968
101,79,0.071923
101,80,0.112912
101,81,0.137069
101,82,0.129988
101,83,0.114553
101,84,0.135462
101,85,0.125003
101,86,0.098186
101,87,0.113925
101,88,0.042367
101,89,0.010389
101,90,0.053679
101,91,0.040305
101,92,0.023699
101,93,0.037139
101,94,0.069493
101,95,0.025187
101,96,0.013366
101,97,0.054940
101,98,0.004721
101,99,0.019573
101,100,0.019417
101,101,0.000000
101,102,0.022115
101,103,0.095779
101,104,0.107610
101,105,0.080766
101,106,0.076611
101,107,0.044599
101,108,0.001317
101,109,0.006872
101,110,0.028609
101,111,0.010596
101,112,0.006899
101,113,0.008371
101,114,0.054915
101,115,0.026772
101,116,0.046663
101,117,0.038026
101,118,0.063133
101,119,0.026064
101,120,0.010981
101,121,0.022594
101,122,0.018863
101,123,0.012908
101,124,0.071273
101,125,0.054697
101,126,0.087925
101,127,0.101654
101,128,0.066626
101,129,0.023978
101,130,0.013338
101,131,0.048442
101,132,0.019428
102,1,0.037402
102,2,0.113750
102,3,0.069529
102,4,0.019872
102,5,0.026930
102,6,0.030121
102,7,0.033803
102,8,0.068849
102,9,0.084920
102,10,0.019794
102,11,0.007483
102,12,0.084545
102,13,0.130760
102,14,0.066776
102,15,0.013649
102,16,0.005768
102,17,0.014818
102,18,0.035510
102,19,0.058117
102,20,0.017407
102,21,0.010762
102,22,0.068396
102,23,0.068933
102,24,0.119474
102,25,0.082734
102,26,0.079645
102,27,0.057924
102,28,0.007282
102,29,0.051126
102,30,0.015280
102,31,0.017574
102,32,0.010863
102,33,0.008376
102,34,0.037941
102,35,0.049068
102,36,0.101266
102,37,0.108902
102,38,0.009327
102,39,0.037543
102,40,0.069387
102,41,0.085612
102,42,0.047256
102,43,0.023337
102,44,0.032639
102,45,0.105762
102,46,0.075996
102,47,0.052078
102,48,0.051058
102,49,0.076316
102,50,0.027664
102,51,0.054807
102,52,0.066477
102,53,0.052972
102,54,0.097695
102,55,0.057801
102,56,0.023179
102,57,0.023137
102,58,0.019935
102,59,0.070638
102,60,0.086247
102,61,0.058312
102,62,0.093099
102,63,0.070639
102,64,0.109833
102,65,0.062472
102,66,0.058936
102,67,0.026032
102,68,0.013529
102,69,0.041184
102,70,0.052582
102,71,0.068374
102,72,0.063917
102,73,0.039185
102,74,0.061073
102,75,0.036473
102,76,0.071574
102,77,0.084356
102,78,0.097962
102,79,0.065117
102,80,0.086649
102,81,0.069325
102,82,0.034330
102,83,0.054234
102,84,0.090160
102,85,0.081500
102,86,0.012063
102,87,0.051604
102,88,0.021533
102,89,0.032215
102,90,0.007762
102,91,0.043989
102,92,0.001064
102,93,0.019425
102,94,0.029053
102,95,0.025314
102,96,0.044823
102,97,0.081252
102,98,0.029696
102,99,0.052676
102,100,0.085682
102,101,0.022115
102,102,0.000000
102,103,0.054250
102,104,0.082323
102,105,0.041350
102,106,0.060740
102,107,0.043906
102,108,0.003251
102,109,0.008800
102,110,0.013564
102,111,0.004298
102,112,0.058712
102,113,0.024126
102,114,0.091663
102,115,0.073682
102,116,0.071049
102,117,0.040719
102,118,0.080949
102,119,0.007492
102,120,0.064415
102,121,0.054252
102,122,0.020424
102,123,0.000030
102,124,0.054738
102,125,0.039076
102,126,0.073833
102,127,0.075379
102,128,0.066558
102,129,0.021855
102,130,0.000341
102,131,0.044742
102,132,0.062996
103,1,0.122124
103,2,0.149262
103,3,0.191843
103,4,0.153608
103,5,0.110128
103,6,0.105095
103,7,0.184041
103,8,0.190304
103,9,0.113697
103,10,0.109338
103,11,0.098762
103,12,0.032910
103,13,0.159906
103,14,0.163074
103,15,0.135199
103,16,0.115047
103,17,0.099376
103,18,0.053296
103,19,0.013884
103,20,0.126187
103,21,0.042850
103,22,0.077898
103,23,0.079341
103,24,0.134100
103,25,0.126490
103,26,0.120826
103,27,0.095992
103,28,0.067939
103,29,0.004765
103,30,0.033741
103,31,0.029788
103,32,0.048120
103,33,0.051018
103,34,0.022792
103,35,0.046737
103,36,0.115249
103,37,0.142384
103,38,0.054353
103,39,0.065380
103,40,0.010275
103,41,0.055390
103,42,0.059641
103,43,0.002996
103,44,0.017197
103,45,0.051349
103,46,0.073773
103,47,0.042808
103,48,0.089577
103,49,0.109909
103,50,0.084444
103,51,0.084055
103,52,0.118476
103,53,0.089181
103,54,0.121077
103,55,0.087610
103,56,0.041810
103,57,0.057549
103,58,0.029129
103,59,0.025656
103,60,0.059101
103,61,0.057688
103,62,0.082325
103,63,0.062239
103,64,0.107635
103,65,0.064192
103,66,0.113598
103,67,0.056295
103,68,0.031360
103,69,0.091784
103,70,0.108833
103,71,0.111055
103,72,0.055847
103,73,0.033435
103,74,0.050948
103,75,0.052542
103,76,0.007428
103,77,0.074506
103,78,0.048206
103,79,0.094751
103,80,0.096489
103,81,0.068829
103,82,0.010661
103,83,0.036202
103,84,0.024233
103,85,0.027604
103,86,0.007254
103,87,0.035379
103,88,0.019941
103,89,0.000338
103,90,0.012521
103,91,0.044149
103,92,0.034753
103,93,0.028150
103,94,0.042206
103,95,0.024196
103,96,0.116856
103,97,0.136154
103,98,0.037708
103,99,0.141749
103,100,0.181040
103,101,0.095779
103,102,0.054250
103,103,0.000000
103,104,0.155349
103,105,0.134985
103,106,0.118995
103,107,0.100269
103,108,0.069396
103,109,0.086462
103,110,0.086630
103,111,0.075719
103,112,0.018468
103,113,0.085866
103,114,0.099598
103,115,0.127077
103,116,0.199545
103,117,0.195177
103,118,0.152639
103,119,0.026407
103,120,0.048928
103,121,0.065316
103,122,0.128781
103,123,0.103464
103,124,0.089779
103,125,0.072212
103,126,0.142212
103,127,0.174596
103,128,0.168925
103,129,0.116555
103,130,0.117142
103,131,0.039229
103,132,0.032835
104,1,0.135812
104,2,0.148032
104,3,0.222936
104,4,0.198369
104,5,0.150058
104,6,0.156143
104,7,0.242917
104,8,0.242612
104,9,0.119860
104,10,0.161546
104,11,0.151760
104,12,0.015689
104,13,0.189626
104,14,0.235591
104,15,0.213980
104,16,0.194107
104,17,0.150298
104,18,0.086645
104,19,0.081445
104,20,0.109468
104,21,0.033443
104,22,0.060071
104,23,0.103204
104,24,0.098005
104,25,0.138942
104,26,0.108980
104,27,0.102545
104,28,0.059043
104,29,0.028110
104,30,0.046159
104,31,0.049422
104,32,0.104145
104,33,0.094272
104,34,0.052659
104,35,0.027641
104,36,0.095185
104,37,0.173342
104,38,0.103324
104,39,0.125976
104,40,0.044489
104,41,0.110675
104,42,0.079191
104,43,0.025452
104,44,0.017390
104,45,0.069359
104,46,0.081358
104,47,0.051173
104,48,0.093319
104,49,0.087197
104,50,0.087419
104,51,0.093359
104,52,0.120243
104,53,0.086213
104,54,0.122430
104,55,0.138352
104,56,0.071240
104,57,0.054783
104,58,0.010838
104,59,0.009629
104,60,0.041802
104,61,0.052099
104,62,0.066836
104,63,0.039096
104,64,0.110369
104,65,0.100925
104,66,0.134618
104,67,0.089623
104,68,0.066166
104,69,0.119638
104,70,0.109919
104,71,0.069555
104,72,0.028752
104,73,0.010619
104,74,0.030843
104,75,0.022122
104,76,0.039192
104,77,0.072689
104,78,0.047150
104,79,0.133136
104,80,0.181755
104,81,0.147975
104,82,0.044932
104,83,0.049956
104,84,0.004670
104,85,0.001982
104,86,0.020201
104,87,0.008525
104,88,0.013376
104,89,0.020894
104,90,0.050420
104,91,0.061262
104,92,0.013845
104,93,0.081444
104,94,0.065335
104,95,0.036299
104,96,0.125538
104,97,0.121817
104,98,0.026007
104,99,0.123376
104,100,0.161178
104,101,0.107610
104,102,0.082323
104,103,0.155349
104,104,0.000000
104,105,0.110834
104,106,0.065892
104,107,0.035550
104,108,0.041613
104,109,0.091922
104,110,0.098824
104,111,0.036538
104,112,0.018871
104,113,0.043174
104,114,0.026211
104,115,0.070162
104,116,0.215663
104,117,0.238738
104,118,0.134551
104,119,0.123891
104,120,0.155044
104,121,0.147642
104,122,0.137652
104,123,0.104523
104,124,0.046016
104,125,0.033988
104,126,0.149536
104,127,0.211009
104,128,0.219788
104,129,0.140901
104,130,0.130814
104,131,0.097012
104,132,0.043317
105,1,0.205764
105,2,0.178030
105,3,0.294392
105,4,0.305274
105,5,0.286886
105,6,0.280111
105,7,0.320158
105,8,0.296299
105,9,0.194550
105,10,0.208125
105,11,0.206340
105,12,0.015583
105,13,0.183755
105,14,0.284341
105,15,0.284752
105,16,0.306820
105,17,0.280068
105,18,0.142096
105,19,0.121511
105,20,0.178527
105,21,0.099591
105,22,0.046650
105,23,0.113523
105,24,0.096395
105,25,0.090689
105,26,0.116113
105,27,0.094515
105,28,0.081327
105,29,0.015439
105,30,0.005083
105,31,0.129972
105,32,0.260575
105,33,0.190329
105,34,0.036757
105,35,0.071262
105,36,0.108048
105,37,0.191030
105,38,0.129347
105,39,0.128601
105,40,0.016517
105,41,0.090452
105,42,0.096026
105,43,0.001141
105,44,0.075138
105,45,0.019086
105,46,0.065073
105,47,0.046112
105,48,0.114202
105,49,0.054996
105,50,0.120702
105,51,0.092853
105,52,0.147134
105,53,0.125038
105,54,0.127848
105,55,0.195844
105,56,0.085338
105,57,0.084387
105,58,0.022116
105,59,0.082969
105,60,0.020251
105,61,0.016787
105,62,0.019716
105,63,0.007427
105,64,0.026791
105,65,0.102423
105,66,0.112110
105,67,0.083650
105,68,0.104362
105,69,0.102386
105,70,0.089896
105,71,0.072971
105,72,0.040298
105,73,0.089578
105,74,0.136189
105,75,0.078907
105,76,0.000237
105,77,0.059489
105,78,0.064305
105,79,0.145040
105,80,0.183976
105,81,0.102453
105,82,0.002540
105,83,0.044904
105,84,0.044559
105,85,0.041531
105,86,0.053227
105,87,0.040639
105,88,0.034976
105,89,0.060080
105,90,0.075681
105,91,0.036674
105,92,0.008690
105,93,0.040128
105,94,0.026491
105,95,0.060687
105,96,0.153024
105,97,0.124874
105,98,0.051659
105,99,0.082911
105,100,0.159266
105,101,0.080766
105,102,0.041350
105,103,0.134985
105,104,0.110834
105,105,0.000000
105,106,0.020219
105,107,0.070287
105,108,0.196231
105,109,0.215609
105,110,0.245003
105,111,0.145500
105,112,0.104128
105,113,0.147510
105,114,0.005951
105,115,0.054871
105,116,0.165817
105,117,0.207826
105,118,0.089484
105,119,0.064870
105,120,0.107930
105,121,0.090596
105,122,0.136127
105,123,0.119308
105,124,0.029024
105,125,0.021649
105,126,0.153990
105,127,0.234976
105,128,0.273161
105,129,0.214479
105,130,0.200799
105,131,0.159978
105,132,0.094297
106,1,0.181557
106,2,0.155936
106,3,0.260557
106,4,0.279404
106,5,0.273521
106,6,0.256557
106,7,0.274140
106,8,0.249300
106,9,0.177133
106,10,0.175288
106,11,0.204315
106,12,0.019166
106,13,0.170332
106,14,0.257798
106,15,0.243506
106,16,0.268703
106,17,0.249892
106,18,0.154486
106,19,0.134587
106,20,0.186784
106,21,0.133472
106,22,0.054380
106,23,0.108506
106,24,0.091987
106,25,0.081632
106,26,0.106570
106,27,0.069293
106,28,0.092644
106,29,0.029620
106,30,0.015760
106,31,0.145782
106,32,0.247020
106,33,0.168334
106,34,0.044295
106,35,0.093831
106,36,0.092547
106,37,0.180055
106,38,0.116847
106,39,0.095375
106,40,0.018506
106,41,0.085014
106,42,0.084447
106,43,0.038508
106,44,0.091162
106,45,0.002940
106,46,0.032312
106,47,0.034023
106,48,0.105609
106,49,0.042096
106,50,0.133227
106,51,0.092178
106,52,0.155621
106,53,0.140345
106,54,0.112663
106,55,0.183797
106,56,0.071198
106,57,0.095105
106,58,0.036808
106,59,0.065767
106,60,0.051443
106,61,0.009181
106,62,0.004464
106,63,0.007478
106,64,0.014585
106,65,0.070461
106,66,0.075235
106,67,0.065272
106,68,0.100443
106,69,0.060009
106,70,0.052512
106,71,0.036572
106,72,0.047527
106,73,0.101368
106,74,0.153274
106,75,0.049591
106,76,0.018535
106,77,0.023537
106,78,0.025303
106,79,0.052699
106,80,0.094145
106,81,0.015598
106,82,0.059873
106,83,0.013153
106,84,0.089057
106,85,0.103696
106,86,0.116230
106,87,0.084177
106,88,0.032171
106,89,0.026240
106,90,0.048860
106,91,0.016506
106,92,0.016458
106,93,0.026752
106,94,0.018358
106,95,0.055439
106,96,0.129889
106,97,0.089417
106,98,0.015627
106,99,0.012201
106,100,0.092983
106,101,0.076611
106,102,0.060740
106,103,0.118995
106,104,0.065892
106,105,0.020219
106,106,0.000000
106,107,0.016623
106,108,0.222116
106,109,0.223916
106,110,0.225355
106,111,0.150062
106,112,0.116490
106,113,0.136017
106,114,0.082915
106,115,0.019422
106,116,0.080524
106,117,0.142824
106,118,0.005902
106,119,0.023585
106,120,0.053760
106,121,0.057251
106,122,0.142331
106,123,0.125803
106,124,0.005914
106,125,0.008322
106,126,0.149349
106,127,0.208060
106,128,0.236767
106,129,0.190238
106,130,0.178525
106,131,0.139404
106,132,0.072245
107,1,0.135347
107,2,0.104344
107,3,0.210038
107,4,0.248200
107,5,0.275209
107,6,0.291270
107,7,0.257537
107,8,0.211519
107,9,0.133988
107,10,0.216047
107,11,0.236456
107,12,0.030863
107,13,0.108291
107,14,0.229491
107,15,0.271369
107,16,0.299920
107,17,0.293193
107,18,0.145213
107,19,0.117422
107,20,0.128581
107,21,0.110949
107,22,0.028381
107,23,0.064732
107,24,0.069595
107,25,0.074591
107,26,0.072248
107,27,0.092952
107,28,0.135570
107,29,0.034837
107,30,0.044164
107,31,0.171923
107,32,0.273335
107,33,0.215982
107,34,0.032958
107,35,0.108285
107,36,0.073950
107,37,0.170935
107,38,0.091443
107,39,0.103301
107,40,0.003418
107,41,0.081408
107,42,0.062825
107,43,0.010836
107,44,0.045061
107,45,0.024815
107,46,0.058938
107,47,0.040229
107,48,0.137843
107,49,0.037314
107,50,0.112092
107,51,0.051833
107,52,0.115771
107,53,0.090592
107,54,0.060164
107,55,0.138310
107,56,0.027391
107,57,0.063311
107,58,0.003592
107,59,0.082999
107,60,0.044321
107,61,0.003044
107,62,0.010112
107,63,0.002477
107,64,0.008926
107,65,0.069267
107,66,0.110150
107,67,0.107774
107,68,0.142171
107,69,0.057283
107,70,0.028919
107,71,0.016206
107,72,0.010325
107,73,0.092127
107,74,0.143397
107,75,0.031652
107,76,0.043458
107,77,0.004834
107,78,0.007479
107,79,0.171618
107,80,0.173880
107,81,0.113831
107,82,0.001980
107,83,0.009292
107,84,0.075986
107,85,0.058380
107,86,0.074727
107,87,0.034968
107,88,0.023042
107,89,0.011913
107,90,0.052428
107,91,0.001752
107,92,0.030126
107,93,0.029308
107,94,0.019991
107,95,0.054797
107,96,0.131880
107,97,0.061707
107,98,0.009469
107,99,0.051690
107,100,0.098803
107,101,0.044599
107,102,0.043906
107,103,0.100269
107,104,0.035550
107,105,0.070287
107,106,0.016623
107,107,0.000000
107,108,0.172998
107,109,0.163077
107,110,0.207246
107,111,0.131684
107,112,0.107243
107,113,0.096282
107,114,0.027491
107,115,0.072144
107,116,0.101857
107,117,0.160894
107,118,0.072843
107,119,0.053577
107,120,0.094928
107,121,0.082614
107,122,0.145163
107,123,0.134941
107,124,0.024358
107,125,0.035376
107,126,0.127667
107,127,0.184285
107,128,0.219819
107,129,0.159456
107,130,0.164202
107,131,0.121341
107,132,0.048443
108,1,0.070478
108,2,0.025713
108,3,0.103038
108,4,0.141156
108,5,0.175206
108,6,0.217380
108,7,0.177408
108,8,0.128820
108,9,0.044620
108,10,0.234335
108,11,0.204720
108,12,0.137500
108,13,0.012179
108,14,0.175372
108,15,0.255746
108,16,0.296789
108,17,0.254577
108,18,0.110507
108,19,0.110651
108,20,0.052029
108,21,0.044835
108,22,0.022587
108,23,0.073408
108,24,0.041985
108,25,0.062032
108,26,0.068689
108,27,0.096497
108,28,0.095636
108,29,0.006600
108,30,0.028224
108,31,0.154681
108,32,0.289942
108,33,0.267746
108,34,0.039118
108,35,0.114407
108,36,0.077126
108,37,0.151527
108,38,0.059659
108,39,0.054782
108,40,0.074096
108,41,0.009914
108,42,0.000745
108,43,0.102899
108,44,0.029993
108,45,0.050531
108,46,0.082915
108,47,0.057591
108,48,0.146116
108,49,0.038329
108,50,0.101717
108,51,0.085740
108,52,0.098171
108,53,0.120911
108,54,0.082931
108,55,0.158346
108,56,0.025682
108,57,0.062828
108,58,0.012763
108,59,0.083131
108,60,0.009066
108,61,0.031035
108,62,0.021494
108,63,0.013271
108,64,0.020535
108,65,0.056226
108,66,0.109796
108,67,0.107457
108,68,0.100172
108,69,0.059877
108,70,0.037308
108,71,0.025441
108,72,0.048180
108,73,0.061959
108,74,0.107723
108,75,0.041812
108,76,0.149528
108,77,0.001079
108,78,0.016807
108,79,0.310431
108,80,0.323551
108,81,0.253408
108,82,0.054148
108,83,0.053500
108,84,0.069051
108,85,0.006568
108,86,0.026212
108,87,0.037139
108,88,0.070548
108,89,0.021519
108,90,0.048775
108,91,0.056342
108,92,0.052400
108,93,0.114519
108,94,0.071369
108,95,0.075034
108,96,0.154029
108,97,0.067764
108,98,0.067420
108,99,0.130809
108,100,0.128539
108,101,0.001317
108,102,0.003251
108,103,0.069396
108,104,0.041613
108,105,0.196231
108,106,0.222116
108,107,0.172998
108,108,0.000000
108,109,0.063198
108,110,0.096076
108,111,0.036734
108,112,0.043218
108,113,0.069158
108,114,0.191451
108,115,0.219115
108,116,0.204966
108,117,0.201156
108,118,0.150900
108,119,0.226316
108,120,0.167530
108,121,0.162600
108,122,0.102354
108,123,0.132520
108,124,0.017730
108,125,0.002200
108,126,0.099060
108,127,0.172911
108,128,0.236467
108,129,0.135659
108,130,0.165539
108,131,0.164371
108,132,0.068117
109,1,0.082215
109,2,0.042500
109,3,0.116560
109,4,0.150867
109,5,0.184323
109,6,0.214551
109,7,0.180486
109,8,0.138303
109,9,0.062390
109,10,0.219550
109,11,0.216004
109,12,0.131352
109,13,0.019728
109,14,0.185944
109,15,0.253878
109,16,0.286490
109,17,0.252486
109,18,0.132291
109,19,0.119626
109,20,0.073094
109,21,0.046587
109,22,0.038673
109,23,0.067912
109,24,0.047067
109,25,0.076165
109,26,0.089742
109,27,0.109364
109,28,0.108250
109,29,0.010259
109,30,0.017522
109,31,0.147510
109,32,0.304782
109,33,0.250548
109,34,0.032188
109,35,0.132110
109,36,0.086046
109,37,0.166745
109,38,0.075725
109,39,0.064388
109,40,0.061200
109,41,0.004368
109,42,0.014166
109,43,0.088942
109,44,0.053828
109,45,0.044380
109,46,0.067326
109,47,0.030548
109,48,0.130219
109,49,0.031994
109,50,0.096971
109,51,0.066904
109,52,0.094943
109,53,0.104133
109,54,0.090788
109,55,0.171323
109,56,0.043943
109,57,0.073259
109,58,0.009747
109,59,0.051100
109,60,0.007013
109,61,0.039193
109,62,0.020755
109,63,0.026651
109,64,0.030972
109,65,0.068813
109,66,0.112822
109,67,0.073676
109,68,0.086340
109,69,0.058674
109,70,0.057536
109,71,0.009713
109,72,0.020361
109,73,0.074197
109,74,0.132173
109,75,0.049796
109,76,0.108170
109,77,0.018548
109,78,0.000406
109,79,0.279246
109,80,0.291462
109,81,0.229856
109,82,0.031448
109,83,0.043522
109,84,0.079429
109,85,0.008643
109,86,0.046039
109,87,0.029596
109,88,0.053439
109,89,0.033081
109,90,0.054121
109,91,0.047764
109,92,0.020763
109,93,0.126088
109,94,0.095618
109,95,0.106931
109,96,0.166287
109,97,0.082852
109,98,0.082049
109,99,0.165959
109,100,0.145285
109,101,0.006872
109,102,0.008800
109,103,0.086462
109,104,0.091922
109,105,0.215609
109,106,0.223916
109,107,0.163077
109,108,0.063198
109,109,0.000000
109,110,0.088807
109,111,0.069226
109,112,0.085458
109,113,0.093459
109,114,0.217298
109,115,0.237206
109,116,0.220328
109,117,0.215952
109,118,0.154274
109,119,0.238810
109,120,0.166831
109,121,0.174868
109,122,0.108098
109,123,0.140269
109,124,0.032080
109,125,0.018545
109,126,0.105954
109,127,0.177908
109,128,0.237987
109,129,0.191477
109,130,0.221050
109,131,0.197018
109,132,0.064443
110,1,0.052534
110,2,0.013713
110,3,0.065851
110,4,0.094630
110,5,0.130812
110,6,0.154437
110,7,0.128145
110,8,0.098593
110,9,0.055745
110,10,0.182271
110,11,0.169136
110,12,0.095201
110,13,0.025259
110,14,0.144790
110,15,0.177924
110,16,0.216388
110,17,0.193512
110,18,0.138407
110,19,0.111435
110,20,0.091133
110,21,0.084813
110,22,0.064652
110,23,0.096033
110,24,0.064625
110,25,0.092506
110,26,0.112423
110,27,0.104084
110,28,0.071973
110,29,0.000638
110,30,0.008302
110,31,0.116864
110,32,0.286505
110,33,0.214647
110,34,0.058976
110,35,0.142686
110,36,0.121768
110,37,0.150967
110,38,0.034909
110,39,0.034495
110,40,0.080457
110,41,0.042216
110,42,0.036552
110,43,0.077064
110,44,0.051456
110,45,0.031255
110,46,0.056509
110,47,0.042840
110,48,0.131075
110,49,0.068141
110,50,0.121498
110,51,0.107452
110,52,0.126594
110,53,0.122202
110,54,0.123965
110,55,0.184546
110,56,0.067389
110,57,0.118144
110,58,0.074300
110,59,0.035593
110,60,0.021987
110,61,0.029641
110,62,0.006160
110,63,0.055295
110,64,0.063043
110,65,0.038424
110,66,0.049655
110,67,0.034879
110,68,0.033914
110,69,0.041333
110,70,0.071492
110,71,0.032972
110,72,0.000419
110,73,0.099716
110,74,0.151227
110,75,0.084540
110,76,0.080382
110,77,0.018630
110,78,0.014712
110,79,0.234473
110,80,0.284474
110,81,0.207585
110,82,0.042850
110,83,0.042674
110,84,0.082608
110,85,0.028771
110,86,0.034961
110,87,0.038723
110,88,0.024537
110,89,0.041202
110,90,0.027617
110,91,0.030913
110,92,0.027678
110,93,0.081171
110,94,0.074438
110,95,0.095726
110,96,0.136736
110,97,0.034176
110,98,0.072975
110,99,0.147756
110,100,0.127946
110,101,0.028609
110,102,0.013564
110,103,0.086630
110,104,0.098824
110,105,0.245003
110,106,0.225355
110,107,0.207246
110,108,0.096076
110,109,0.088807
110,110,0.000000
110,111,0.002967
110,112,0.035417
110,113,0.079779
110,114,0.175739
110,115,0.214933
110,116,0.221081
110,117,0.214459
110,118,0.153248
110,119,0.183891
110,120,0.108587
110,121,0.123268
110,122,0.057572
110,123,0.092008
110,124,0.037352
110,125,0.004040
110,126,0.089848
110,127,0.171793
110,128,0.237276
110,129,0.206949
110,130,0.222792
110,131,0.202762
110,132,0.066107
111,1,0.091027
111,2,0.014199
111,3,0.002879
111,4,0.032776
111,5,0.066561
111,6,0.095674
111,7,0.046291
111,8,0.037822
111,9,0.071898
111,10,0.152141
111,11,0.140585
111,12,0.046794
111,13,0.007174
111,14,0.114408
111,15,0.119182
111,16,0.139624
111,17,0.094406
111,18,0.053875
111,19,0.081200
111,20,0.007068
111,21,0.049238
111,22,0.061609
111,23,0.099675
111,24,0.072272
111,25,0.091220
111,26,0.088482
111,27,0.103781
111,28,0.095768
111,29,0.038416
111,30,0.037595
111,31,0.106356
111,32,0.176374
111,33,0.191761
111,34,0.118477
111,35,0.072361
111,36,0.040199
111,37,0.104617
111,38,0.057015
111,39,0.046597
111,40,0.017651
111,41,0.003841
111,42,0.001949
111,43,0.092401
111,44,0.019981
111,45,0.024338
111,46,0.061728
111,47,0.061189
111,48,0.139721
111,49,0.061773
111,50,0.083661
111,51,0.129078
111,52,0.098561
111,53,0.093981
111,54,0.073176
111,55,0.113539
111,56,0.044340
111,57,0.116144
111,58,0.083218
111,59,0.002953
111,60,0.045439
111,61,0.069473
111,62,0.042037
111,63,0.001273
111,64,0.018285
111,65,0.057516
111,66,0.068619
111,67,0.061377
111,68,0.062691
111,69,0.066393
111,70,0.067430
111,71,0.019540
111,72,0.007862
111,73,0.088617
111,74,0.079818
111,75,0.093235
111,76,0.038934
111,77,0.042088
111,78,0.023391
111,79,0.196579
111,80,0.251797
111,81,0.229586
111,82,0.128504
111,83,0.117526
111,84,0.019028
111,85,0.090617
111,86,0.070848
111,87,0.116434
111,88,0.116484
111,89,0.071709
111,90,0.067909
111,91,0.030158
111,92,0.040078
111,93,0.037128
111,94,0.051372
111,95,0.079882
111,96,0.088714
111,97,0.009558
111,98,0.039222
111,99,0.114053
111,100,0.096971
111,101,0.010596
111,102,0.004298
111,103,0.075719
111,104,0.036538
111,105,0.145500
111,106,0.150062
111,107,0.131684
111,108,0.036734
111,109,0.069226
111,110,0.002967
111,111,0.000000
111,112,0.058460
111,113,0.015962
111,114,0.092947
111,115,0.098081
111,116,0.122008
111,117,0.129690
111,118,0.113347
111,119,0.135206
111,120,0.097218
111,121,0.093924
111,122,0.088230
111,123,0.098880
111,124,0.111272
111,125,0.056255
111,126,0.085043
111,127,0.127793
111,128,0.162070
111,129,0.088141
111,130,0.111934
111,131,0.119793
111,132,0.140444
112,1,0.078511
112,2,0.046262
112,3,0.061766
112,4,0.086017
112,5,0.117103
112,6,0.146827
112,7,0.103405
112,8,0.099330
112,9,0.105276
112,10,0.156221
112,11,0.162313
112,12,0.032583
112,13,0.033079
112,14,0.143782
112,15,0.159971
112,16,0.185732
112,17,0.138105
112,18,0.081484
112,19,0.106583
112,20,0.002089
112,21,0.046618
112,22,0.063051
112,23,0.088163
112,24,0.074222
112,25,0.090183
112,26,0.089276
112,27,0.096786
112,28,0.099740
112,29,0.033928
112,30,0.016393
112,31,0.054720
112,32,0.188797
112,33,0.188351
112,34,0.099068
112,35,0.078858
112,36,0.050398
112,37,0.113273
112,38,0.035342
112,39,0.056121
112,40,0.034996
112,41,0.020929
112,42,0.019562
112,43,0.112491
112,44,0.018626
112,45,0.011640
112,46,0.101063
112,47,0.087825
112,48,0.178664
112,49,0.088930
112,50,0.117215
112,51,0.127046
112,52,0.104753
112,53,0.103374
112,54,0.084824
112,55,0.129914
112,56,0.034782
112,57,0.101109
112,58,0.066035
112,59,0.036149
112,60,0.036957
112,61,0.061741
112,62,0.028309
112,63,0.017259
112,64,0.022617
112,65,0.045427
112,66,0.058493
112,67,0.064871
112,68,0.058928
112,69,0.077856
112,70,0.058513
112,71,0.006888
112,72,0.002542
112,73,0.097036
112,74,0.079995
112,75,0.105713
112,76,0.031883
112,77,0.045870
112,78,0.032703
112,79,0.223560
112,80,0.257634
112,81,0.213191
112,82,0.119934
112,83,0.123119
112,84,0.014335
112,85,0.067004
112,86,0.059813
112,87,0.094713
112,88,0.090799
112,89,0.042768
112,90,0.018996
112,91,0.010192
112,92,0.063634
112,93,0.011417
112,94,0.029495
112,95,0.038972
112,96,0.051487
112,97,0.016949
112,98,0.001999
112,99,0.065019
112,100,0.094233
112,101,0.006899
112,102,0.058712
112,103,0.018468
112,104,0.018871
112,105,0.104128
112,106,0.116490
112,107,0.107243
112,108,0.043218
112,109,0.085458
112,110,0.035417
112,111,0.058460
112,112,0.000000
112,113,0.036878
112,114,0.118296
112,115,0.105131
112,116,0.114344
112,117,0.116927
112,118,0.068561
112,119,0.110683
112,120,0.071582
112,121,0.052947
112,122,0.093239
112,123,0.096968
112,124,0.088531
112,125,0.056606
112,126,0.078144
112,127,0.120812
112,128,0.174750
112,129,0.096257
112,130,0.086049
112,131,0.097234
112,132,0.083710
113,1,0.148376
113,2,0.124488
113,3,0.116289
113,4,0.138115
113,5,0.182715
113,6,0.189707
113,7,0.132219
113,8,0.115244
113,9,0.109410
113,10,0.195484
113,11,0.208362
113,12,0.044285
113,13,0.022414
113,14,0.127071
113,15,0.175636
113,16,0.186794
113,17,0.165545
113,18,0.143954
113,19,0.093595
113,20,0.025977
113,21,0.038069
113,22,0.109289
113,23,0.066714
113,24,0.074232
113,25,0.096636
113,26,0.082201
113,27,0.112734
113,28,0.187652
113,29,0.036526
113,30,0.008717
113,31,0.079655
113,32,0.232424
113,33,0.185569
113,34,0.056645
113,35,0.133409
113,36,0.089157
113,37,0.147119
113,38,0.025497
113,39,0.028190
113,40,0.059985
113,41,0.033629
113,42,0.005056
113,43,0.093514
113,44,0.029284
113,45,0.026897
113,46,0.072681
113,47,0.065606
113,48,0.171192
113,49,0.065198
113,50,0.106927
113,51,0.123655
113,52,0.099060
113,53,0.081700
113,54,0.062508
113,55,0.130715
113,56,0.040014
113,57,0.123888
113,58,0.083840
113,59,0.015064
113,60,0.079067
113,61,0.068277
113,62,0.028579
113,63,0.035376
113,64,0.020153
113,65,0.063078
113,66,0.074722
113,67,0.062006
113,68,0.052086
113,69,0.072539
113,70,0.053326
113,71,0.005466
113,72,0.021408
113,73,0.110092
113,74,0.138695
113,75,0.123299
113,76,0.034914
113,77,0.032552
113,78,0.073488
113,79,0.168529
113,80,0.208701
113,81,0.170436
113,82,0.099761
113,83,0.115129
113,84,0.018639
113,85,0.051748
113,86,0.034205
113,87,0.068060
113,88,0.060568
113,89,0.001717
113,90,0.036821
113,91,0.015133
113,92,0.047637
113,93,0.051980
113,94,0.068960
113,95,0.084289
113,96,0.118039
113,97,0.027216
113,98,0.024114
113,99,0.116885
113,100,0.095964
113,101,0.008371
113,102,0.024126
113,103,0.085866
113,104,0.043174
113,105,0.147510
113,106,0.136017
113,107,0.096282
113,108,0.069158
113,109,0.093459
113,110,0.079779
113,111,0.015962
113,112,0.036878
113,113,0.000000
113,114,0.176019
113,115,0.165958
113,116,0.176098
113,117,0.163927
113,118,0.119947
113,119,0.092943
113,120,0.082296
113,121,0.089114
113,122,0.135222
113,123,0.135544
113,124,0.154427
113,125,0.112553
113,126,0.134939
113,127,0.179547
113,128,0.212856
113,129,0.147616
113,130,0.153877
113,131,0.141450
113,132,0.127476
114,1,0.186597
114,2,0.153707
114,3,0.154506
114,4,0.138664
114,5,0.142995
114,6,0.125959
114,7,0.134053
114,8,0.124057
114,9,0.112537
114,10,0.101526
114,11,0.137995
114,12,0.052741
114,13,0.091656
114,14,0.140878
114,15,0.129235
114,16,0.136505
114,17,0.130295
114,18,0.133822
114,19,0.085273
114,20,0.079497
114,21,0.044955
114,22,0.046510
114,23,0.047709
114,24,0.085258
114,25,0.087103
114,26,0.053140
114,27,0.009315
114,28,0.141113
114,29,0.016886
114,30,0.015985
114,31,0.047773
114,32,0.130523
114,33,0.129868
114,34,0.063069
114,35,0.105646
114,36,0.098471
114,37,0.138264
114,38,0.069815
114,39,0.021034
114,40,0.010353
114,41,0.028587
114,42,0.036540
114,43,0.006803
114,44,0.041907
114,45,0.001507
114,46,0.003946
114,47,0.011461
114,48,0.108299
114,49,0.050617
114,50,0.090105
114,51,0.065777
114,52,0.106816
114,53,0.106333
114,54,0.070848
114,55,0.097641
114,56,0.056690
114,57,0.115698
114,58,0.108418
114,59,0.044936
114,60,0.033341
114,61,0.034007
114,62,0.031534
114,63,0.008021
114,64,0.021705
114,65,0.076071
114,66,0.055657
114,67,0.001636
114,68,0.010899
114,69,0.032598
114,70,0.029703
114,71,0.021853
114,72,0.007730
114,73,0.111752
114,74,0.152331
114,75,0.048581
114,76,0.034071
114,77,0.049203
114,78,0.043874
114,79,0.095834
114,80,0.049543
114,81,0.080446
114,82,0.115701
114,83,0.055048
114,84,0.111781
114,85,0.152922
114,86,0.158159
114,87,0.107464
114,88,0.068393
114,89,0.081636
114,90,0.020151
114,91,0.043060
114,92,0.021092
114,93,0.003827
114,94,0.019306
114,95,0.070456
114,96,0.108878
114,97,0.083292
114,98,0.019943
114,99,0.017951
114,100,0.014639
114,101,0.054915
114,102,0.091663
114,103,0.099598
114,104,0.026211
114,105,0.005951
114,106,0.082915
114,107,0.027491
114,108,0.191451
114,109,0.217298
114,110,0.175739
114,111,0.092947
114,112,0.118296
114,113,0.176019
114,114,0.000000
114,115,0.031519
114,116,0.035744
114,117,0.051908
114,118,0.005398
114,119,0.115487
114,120,0.046727
114,121,0.021746
114,122,0.084910
114,123,0.070921
114,124,0.075927
114,125,0.054113
114,126,0.091925
114,127,0.093033
114,128,0.106319
114,129,0.103183
114,130,0.121100
114,131,0.122802
114,132,0.129276
115,1,0.127306
115,2,0.119205
115,3,0.193231
115,4,0.202577
115,5,0.212740
115,6,0.206054
115,7,0.201697
115,8,0.166236
115,9,0.127038
115,10,0.129330
115,11,0.161790
115,12,0.020227
115,13,0.097432
115,14,0.178800
115,15,0.200380
115,16,0.210762
115,17,0.213723
115,18,0.159695
115,19,0.116630
115,20,0.146167
115,21,0.086585
115,22,0.063007
115,23,0.065843
115,24,0.083034
115,25,0.100452
115,26,0.082578
115,27,0.030254
115,28,0.153136
115,29,0.010690
115,30,0.000889
115,31,0.063968
115,32,0.159317
115,33,0.160029
115,34,0.045802
115,35,0.097677
115,36,0.100749
115,37,0.162008
115,38,0.071725
115,39,0.028352
115,40,0.007000
115,41,0.051010
115,42,0.054239
115,43,0.019327
115,44,0.052981
115,45,0.013991
115,46,0.004832
115,47,0.021093
115,48,0.060145
115,49,0.017351
115,50,0.062901
115,51,0.022889
115,52,0.092348
115,53,0.111334
115,54,0.078391
115,55,0.077093
115,56,0.041999
115,57,0.086783
115,58,0.074518
115,59,0.034015
115,60,0.003762
115,61,0.012253
115,62,0.000603
115,63,0.042099
115,64,0.005427
115,65,0.079322
115,66,0.048746
115,67,0.041553
115,68,0.033159
115,69,0.047901
115,70,0.046075
115,71,0.048856
115,72,0.029231
115,73,0.109284
115,74,0.172845
115,75,0.065643
115,76,0.015663
115,77,0.050242
115,78,0.051495
115,79,0.049915
115,80,0.052563
115,81,0.104464
115,82,0.152003
115,83,0.094119
115,84,0.127603
115,85,0.157215
115,86,0.158189
115,87,0.107606
115,88,0.080110
115,89,0.133951
115,90,0.061274
115,91,0.001428
115,92,0.030223
115,93,0.025285
115,94,0.011127
115,95,0.051257
115,96,0.100186
115,97,0.078194
115,98,0.024183
115,99,0.027236
115,100,0.035272
115,101,0.026772
115,102,0.073682
115,103,0.127077
115,104,0.070162
115,105,0.054871
115,106,0.019422
115,107,0.072144
115,108,0.219115
115,109,0.237206
115,110,0.214933
115,111,0.098081
115,112,0.105131
115,113,0.165958
115,114,0.031519
115,115,0.000000
115,116,0.030165
115,117,0.074400
115,118,0.045923
115,119,0.052216
115,120,0.002361
115,121,0.068991
115,122,0.114711
115,123,0.060972
115,124,0.041820
115,125,0.029146
115,126,0.104505
115,127,0.132958
115,128,0.153679
115,129,0.139403
115,130,0.148712
115,131,0.126782
115,132,0.089796
116,1,0.156750
116,2,0.175513
116,3,0.244295
116,4,0.259626
116,5,0.266018
116,6,0.251659
116,7,0.264208
116,8,0.221237
116,9,0.120094
116,10,0.172864
116,11,0.203104
116,12,0.052532
116,13,0.114844
116,14,0.224397
116,15,0.258566
116,16,0.256054
116,17,0.270509
116,18,0.194712
116,19,0.178553
116,20,0.181239
116,21,0.079129
116,22,0.097591
116,23,0.117800
116,24,0.117146
116,25,0.118285
116,26,0.114887
116,27,0.064303
116,28,0.171924
116,29,0.017485
116,30,0.002108
116,31,0.088636
116,32,0.213665
116,33,0.190573
116,34,0.019927
116,35,0.089643
116,36,0.102274
116,37,0.164626
116,38,0.075051
116,39,0.036813
116,40,0.020345
116,41,0.051097
116,42,0.081019
116,43,0.019395
116,44,0.087429
116,45,0.013600
116,46,0.014423
116,47,0.008442
116,48,0.086055
116,49,0.033652
116,50,0.077372
116,51,0.041846
116,52,0.083782
116,53,0.127325
116,54,0.103444
116,55,0.121762
116,56,0.065542
116,57,0.084058
116,58,0.044505
116,59,0.024076
116,60,0.013318
116,61,0.003140
116,62,0.024598
116,63,0.033991
116,64,0.030845
116,65,0.109432
116,66,0.070357
116,67,0.036216
116,68,0.040236
116,69,0.084414
116,70,0.096385
116,71,0.088179
116,72,0.026212
116,73,0.066894
116,74,0.151491
116,75,0.087397
116,76,0.020324
116,77,0.045407
116,78,0.055804
116,79,0.056712
116,80,0.031571
116,81,0.024538
116,82,0.105917
116,83,0.029244
116,84,0.067377
116,85,0.096214
116,86,0.105585
116,87,0.067473
116,88,0.069117
116,89,0.138993
116,90,0.080345
116,91,0.036249
116,92,0.002258
116,93,0.055032
116,94,0.056033
116,95,0.071353
116,96,0.146997
116,97,0.132639
116,98,0.051350
116,99,0.083865
116,100,0.106331
116,101,0.046663
116,102,0.071049
116,103,0.199545
116,104,0.215663
116,105,0.165817
116,106,0.080524
116,107,0.101857
116,108,0.204966
116,109,0.220328
116,110,0.221081
116,111,0.122008
116,112,0.114344
116,113,0.176098
116,114,0.035744
116,115,0.030165
116,116,0.000000
116,117,0.083410
116,118,0.126507
116,119,0.095750
116,120,0.125434
116,121,0.139026
116,122,0.144280
116,123,0.100620
116,124,0.091168
116,125,0.093002
116,126,0.161720
116,127,0.180612
116,128,0.208369
116,129,0.239632
116,130,0.248276
116,131,0.199828
116,132,0.121179
117,1,0.195068
117,2,0.205020
117,3,0.259929
117,4,0.268628
117,5,0.260027
117,6,0.251402
117,7,0.276128
117,8,0.252957
117,9,0.153785
117,10,0.212064
117,11,0.233019
117,12,0.016191
117,13,0.162362
117,14,0.263991
117,15,0.272753
117,16,0.278213
117,17,0.287480
117,18,0.191901
117,19,0.165090
117,20,0.171589
117,21,0.049415
117,22,0.085641
117,23,0.132738
117,24,0.145436
117,25,0.123900
117,26,0.118770
117,27,0.088713
117,28,0.157864
117,29,0.010931
117,30,0.034839
117,31,0.125040
117,32,0.238404
117,33,0.196258
117,34,0.030293
117,35,0.096497
117,36,0.139180
117,37,0.187701
117,38,0.077849
117,39,0.062020
117,40,0.011792
117,41,0.040498
117,42,0.091443
117,43,0.006007
117,44,0.075180
117,45,0.006036
117,46,0.017074
117,47,0.000603
117,48,0.087419
117,49,0.023149
117,50,0.064096
117,51,0.036092
117,52,0.069044
117,53,0.104178
117,54,0.092444
117,55,0.115888
117,56,0.062513
117,57,0.087933
117,58,0.034643
117,59,0.032737
117,60,0.023290
117,61,0.021564
117,62,0.012330
117,63,0.025718
117,64,0.041231
117,65,0.142464
117,66,0.090665
117,67,0.001360
117,68,0.037402
117,69,0.093517
117,70,0.121405
117,71,0.107476
117,72,0.054456
117,73,0.056916
117,74,0.147777
117,75,0.120152
117,76,0.041915
117,77,0.019875
117,78,0.000218
117,79,0.120873
117,80,0.072803
117,81,0.030223
117,82,0.051955
117,83,0.008448
117,84,0.016703
117,85,0.042009
117,86,0.091585
117,87,0.013543
117,88,0.026439
117,89,0.084625
117,90,0.082620
117,91,0.033566
117,92,0.014043
117,93,0.057874
117,94,0.034848
117,95,0.069164
117,96,0.159869
117,97,0.110138
117,98,0.025334
117,99,0.100837
117,100,0.132821
117,101,0.038026
117,102,0.040719
117,103,0.195177
117,104,0.238738
117,105,0.207826
117,106,0.142824
117,107,0.160894
117,108,0.201156
117,109,0.215952
117,110,0.214459
117,111,0.129690
117,112,0.116927
117,113,0.163927
117,114,0.051908
117,115,0.074400
117,116,0.083410
117,117,0.000000
117,118,0.126550
117,119,0.143623
117,120,0.137181
117,121,0.135721
117,122,0.133117
117,123,0.098123
117,124,0.077149
117,125,0.057627
117,126,0.168550
117,127,0.166175
117,128,0.196895
117,129,0.243775
117,130,0.233095
117,131,0.208747
117,132,0.142273
118,1,0.135377
118,2,0.206035
118,3,0.238340
118,4,0.226820
118,5,0.189210
118,6,0.172701
118,7,0.220945
118,8,0.211647
118,9,0.154981
118,10,0.145692
118,11,0.168101
118,12,0.057727
118,13,0.172195
118,14,0.201475
118,15,0.190806
118,16,0.184227
118,17,0.176708
118,18,0.091583
118,19,0.046268
118,20,0.117507
118,21,0.049949
118,22,0.032931
118,23,0.076455
118,24,0.112270
118,25,0.086666
118,26,0.079687
118,27,0.073263
118,28,0.043646
118,29,0.028355
118,30,0.010620
118,31,0.056867
118,32,0.121800
118,33,0.098290
118,34,0.061173
118,35,0.073096
118,36,0.126737
118,37,0.155459
118,38,0.088648
118,39,0.070483
118,40,0.041271
118,41,0.091050
118,42,0.070170
118,43,0.014319
118,44,0.041404
118,45,0.043495
118,46,0.067194
118,47,0.051604
118,48,0.073604
118,49,0.066582
118,50,0.080578
118,51,0.100993
118,52,0.113163
118,53,0.082240
118,54,0.088949
118,55,0.092328
118,56,0.055436
118,57,0.050590
118,58,0.064039
118,59,0.004630
118,60,0.038897
118,61,0.011400
118,62,0.024811
118,63,0.006828
118,64,0.056217
118,65,0.087574
118,66,0.071188
118,67,0.042205
118,68,0.061396
118,69,0.082160
118,70,0.072280
118,71,0.054559
118,72,0.055139
118,73,0.046897
118,74,0.098422
118,75,0.093439
118,76,0.041507
118,77,0.017183
118,78,0.046671
118,79,0.024102
118,80,0.013795
118,81,0.059938
118,82,0.108905
118,83,0.035583
118,84,0.068476
118,85,0.080790
118,86,0.102712
118,87,0.059130
118,88,0.090629
118,89,0.154513
118,90,0.081605
118,91,0.035230
118,92,0.015455
118,93,0.011600
118,94,0.013748
118,95,0.002964
118,96,0.109009
118,97,0.058536
118,98,0.025914
118,99,0.035917
118,100,0.082806
118,101,0.063133
118,102,0.080949
118,103,0.152639
118,104,0.134551
118,105,0.089484
118,106,0.005902
118,107,0.072843
118,108,0.150900
118,109,0.154274
118,110,0.153248
118,111,0.113347
118,112,0.068561
118,113,0.119947
118,114,0.005398
118,115,0.045923
118,116,0.126507
118,117,0.126550
118,118,0.000000
118,119,0.081158
118,120,0.017393
118,121,0.038527
118,122,0.090061
118,123,0.067005
118,124,0.000395
118,125,0.009718
118,126,0.102170
118,127,0.116310
118,128,0.132754
118,129,0.124563
118,130,0.105568
118,131,0.052036
118,132,0.039141
119,1,0.231324
119,2,0.244900
119,3,0.319457
119,4,0.330966
119,5,0.314104
119,6,0.294634
119,7,0.329743
119,8,0.342362
119,9,0.312633
119,10,0.253386
119,11,0.258056
119,12,0.113507
119,13,0.268493
119,14,0.325564
119,15,0.305145
119,16,0.304634
119,17,0.262099
119,18,0.243316
119,19,0.245182
119,20,0.130918
119,21,0.083812
119,22,0.115620
119,23,0.194983
119,24,0.177985
119,25,0.214320
119,26,0.185895
119,27,0.142920
119,28,0.079730
119,29,0.015276
119,30,0.051047
119,31,0.081661
119,32,0.209793
119,33,0.176668
119,34,0.053893
119,35,0.077451
119,36,0.111463
119,37,0.230320
119,38,0.219176
119,39,0.231714
119,40,0.160502
119,41,0.172455
119,42,0.104995
119,43,0.064856
119,44,0.116183
119,45,0.006692
119,46,0.062911
119,47,0.087581
119,48,0.188471
119,49,0.122447
119,50,0.150685
119,51,0.149714
119,52,0.141203
119,53,0.134414
119,54,0.100067
119,55,0.158131
119,56,0.121884
119,57,0.137975
119,58,0.134285
119,59,0.003060
119,60,0.073400
119,61,0.052348
119,62,0.056867
119,63,0.024220
119,64,0.069650
119,65,0.207193
119,66,0.152552
119,67,0.072518
119,68,0.131215
119,69,0.191114
119,70,0.177806
119,71,0.129861
119,72,0.155605
119,73,0.177308
119,74,0.165547
119,75,0.197883
119,76,0.146498
119,77,0.023586
119,78,0.067675
119,79,0.000814
119,80,0.081087
119,81,0.011184
119,82,0.045610
119,83,0.071152
119,84,0.046059
119,85,0.009919
119,86,0.031626
119,87,0.036381
119,88,0.042104
119,89,0.025790
119,90,0.090778
119,91,0.021866
119,92,0.006679
119,93,0.125339
119,94,0.089019
119,95,0.007213
119,96,0.020399
119,97,0.072944
119,98,0.049842
119,99,0.033941
119,100,0.048059
119,101,0.026064
119,102,0.007492
119,103,0.026407
119,104,0.123891
119,105,0.064870
119,106,0.023585
119,107,0.053577
119,108,0.226316
119,109,0.238810
119,110,0.183891
119,111,0.135206
119,112,0.110683
119,113,0.092943
119,114,0.115487
119,115,0.052216
119,116,0.095750
119,117,0.143623
119,118,0.081158
119,119,0.000000
119,120,0.029621
119,121,0.103668
119,122,0.191864
119,123,0.146496
119,124,0.081708
119,125,0.049330
119,126,0.129675
119,127,0.184486
119,128,0.171532
119,129,0.186939
119,130,0.176553
119,131,0.238265
119,132,0.221033
120,1,0.238698
120,2,0.227584
120,3,0.296774
120,4,0.321842
120,5,0.299388
120,6,0.278465
120,7,0.305027
120,8,0.314338
120,9,0.288207
120,10,0.251390
120,11,0.258500
120,12,0.084668
120,13,0.235985
120,14,0.299428
120,15,0.301520
120,16,0.291330
120,17,0.236269
120,18,0.234618
120,19,0.227808
120,20,0.123208
120,21,0.087702
120,22,0.130485
120,23,0.210097
120,24,0.179910
120,25,0.231249
120,26,0.189462
120,27,0.131423
120,28,0.134704
120,29,0.018599
120,30,0.046735
120,31,0.048261
120,32,0.185069
120,33,0.203223
120,34,0.044581
120,35,0.073858
120,36,0.104871
120,37,0.228350
120,38,0.177131
120,39,0.199574
120,40,0.093069
120,41,0.078899
120,42,0.067175
120,43,0.009981
120,44,0.118736
120,45,0.044881
120,46,0.011772
120,47,0.045291
120,48,0.158243
120,49,0.106849
120,50,0.139700
120,51,0.161588
120,52,0.134952
120,53,0.169072
120,54,0.109414
120,55,0.156587
120,56,0.087140
120,57,0.135707
120,58,0.120387
120,59,0.002356
120,60,0.097205
120,61,0.078185
120,62,0.084449
120,63,0.034200
120,64,0.019146
120,65,0.139273
120,66,0.095638
120,67,0.013089
120,68,0.065322
120,69,0.143973
120,70,0.159804
120,71,0.119005
120,72,0.119702
120,73,0.173036
120,74,0.170295
120,75,0.233657
120,76,0.103033
120,77,0.017731
120,78,0.007170
120,79,0.002009
120,80,0.084715
120,81,0.025066
120,82,0.023620
120,83,0.075684
120,84,0.079128
120,85,0.032683
120,86,0.004050
120,87,0.037695
120,88,0.091474
120,89,0.066487
120,90,0.089346
120,91,0.021421
120,92,0.026077
120,93,0.093940
120,94,0.046753
120,95,0.010604
120,96,0.030876
120,97,0.054608
120,98,0.062236
120,99,0.014324
120,100,0.081400
120,101,0.010981
120,102,0.064415
120,103,0.048928
120,104,0.155044
120,105,0.107930
120,106,0.053760
120,107,0.094928
120,108,0.167530
120,109,0.166831
120,110,0.108587
120,111,0.097218
120,112,0.071582
120,113,0.082296
120,114,0.046727
120,115,0.002361
120,116,0.125434
120,117,0.137181
120,118,0.017393
120,119,0.029621
120,120,0.000000
120,121,0.110298
120,122,0.160947
120,123,0.161811
120,124,0.124252
120,125,0.093086
120,126,0.194890
120,127,0.241646
120,128,0.244568
120,129,0.241145
120,130,0.211794
120,131,0.269240
120,132,0.220770
121,1,0.248636
121,2,0.244316
121,3,0.306927
121,4,0.331554
121,5,0.298359
121,6,0.286670
121,7,0.323209
121,8,0.316624
121,9,0.271626
121,10,0.199471
121,11,0.192148
121,12,0.055456
121,13,0.232589
121,14,0.285805
121,15,0.288896
121,16,0.283002
121,17,0.252828
121,18,0.194526
121,19,0.199594
121,20,0.117470
121,21,0.071021
121,22,0.110513
121,23,0.214882
121,24,0.188547
121,25,0.230285
121,26,0.185045
121,27,0.137155
121,28,0.085598
121,29,0.003364
121,30,0.025405
121,31,0.057607
121,32,0.184598
121,33,0.182040
121,34,0.031413
121,35,0.046397
121,36,0.117585
121,37,0.203751
121,38,0.178926
121,39,0.212582
121,40,0.119024
121,41,0.103780
121,42,0.055283
121,43,0.010608
121,44,0.134279
121,45,0.073844
121,46,0.012173
121,47,0.019643
121,48,0.144927
121,49,0.103177
121,50,0.113689
121,51,0.149577
121,52,0.119441
121,53,0.142468
121,54,0.096380
121,55,0.114191
121,56,0.076514
121,57,0.093442
121,58,0.088229
121,59,0.089884
121,60,0.087099
121,61,0.061621
121,62,0.054297
121,63,0.009877
121,64,0.058502
121,65,0.177169
121,66,0.123311
121,67,0.047431
121,68,0.044787
121,69,0.158818
121,70,0.189861
121,71,0.151292
121,72,0.134310
121,73,0.119488
121,74,0.144438
121,75,0.172661
121,76,0.083465
121,77,0.022673
121,78,0.021594
121,79,0.028890
121,80,0.075957
121,81,0.040843
121,82,0.026396
121,83,0.059908
121,84,0.033381
121,85,0.000788
121,86,0.013630
121,87,0.014418
121,88,0.029190
121,89,0.018360
121,90,0.141364
121,91,0.036580
121,92,0.049164
121,93,0.085657
121,94,0.074071
121,95,0.009090
121,96,0.008647
121,97,0.039123
121,98,0.046871
121,99,0.018453
121,100,0.054913
121,101,0.022594
121,102,0.054252
121,103,0.065316
121,104,0.147642
121,105,0.090596
121,106,0.057251
121,107,0.082614
121,108,0.162600
121,109,0.174868
121,110,0.123268
121,111,0.093924
121,112,0.052947
121,113,0.089114
121,114,0.021746
121,115,0.068991
121,116,0.139026
121,117,0.135721
121,118,0.038527
121,119,0.103668
121,120,0.110298
121,121,0.000000
121,122,0.113344
121,123,0.132977
121,124,0.089381
121,125,0.051234
121,126,0.133048
121,127,0.188169
121,128,0.178753
121,129,0.160302
121,130,0.129553
121,131,0.186942
121,132,0.186703
122,1,0.182477
122,2,0.158664
122,3,0.175714
122,4,0.175742
122,5,0.149969
122,6,0.139005
122,7,0.169597
122,8,0.188884
122,9,0.205807
122,10,0.158500
122,11,0.137318
122,12,0.010914
122,13,0.079106
122,14,0.128050
122,15,0.130102
122,16,0.128044
122,17,0.112448
122,18,0.163601
122,19,0.172560
122,20,0.100002
122,21,0.096941
122,22,0.144898
122,23,0.150778
122,24,0.125175
122,25,0.156179
122,26,0.162083
122,27,0.132192
122,28,0.187096
122,29,0.033052
122,30,0.021998
122,31,0.016489
122,32,0.108206
122,33,0.112410
122,34,0.019724
122,35,0.049286
122,36,0.050242
122,37,0.198329
122,38,0.053845
122,39,0.066775
122,40,0.025806
122,41,0.024800
122,42,0.064219
122,43,0.000074
122,44,0.046829
122,45,0.045811
122,46,0.009700
122,47,0.004836
122,48,0.096409
122,49,0.050402
122,50,0.069576
122,51,0.106903
122,52,0.078984
122,53,0.130027
122,54,0.057843
122,55,0.043668
122,56,0.034312
122,57,0.093068
122,58,0.051475
122,59,0.124482
122,60,0.097376
122,61,0.054326
122,62,0.029490
122,63,0.021713
122,64,0.048763
122,65,0.070292
122,66,0.077773
122,67,0.062354
122,68,0.043049
122,69,0.088038
122,70,0.127659
122,71,0.123631
122,72,0.102094
122,73,0.162140
122,74,0.201113
122,75,0.196150
122,76,0.051829
122,77,0.001773
122,78,0.033984
122,79,0.043847
122,80,0.038243
122,81,0.060277
122,82,0.048543
122,83,0.128495
122,84,0.074989
122,85,0.023869
122,86,0.056983
122,87,0.062294
122,88,0.046104
122,89,0.072597
122,90,0.014486
122,91,0.016467
122,92,0.128118
122,93,0.069038
122,94,0.006294
122,95,0.006129
122,96,0.024807
122,97,0.003539
122,98,0.001418
122,99,0.061864
122,100,0.082176
122,101,0.018863
122,102,0.020424
122,103,0.128781
122,104,0.137652
122,105,0.136127
122,106,0.142331
122,107,0.145163
122,108,0.102354
122,109,0.108098
122,110,0.057572
122,111,0.088230
122,112,0.093239
122,113,0.135222
122,114,0.084910
122,115,0.114711
122,116,0.144280
122,117,0.133117
122,118,0.090061
122,119,0.191864
122,120,0.160947
122,121,0.113344
122,122,0.000000
122,123,0.085164
122,124,0.158892
122,125,0.102726
122,126,0.153370
122,127,0.162840
122,128,0.159724
122,129,0.157065
122,130,0.138622
122,131,0.134572
122,132,0.146173
123,1,0.137141
123,2,0.141558
123,3,0.130871
123,4,0.127082
123,5,0.116149
123,6,0.096172
123,7,0.124067
123,8,0.155404
123,9,0.171293
123,10,0.182708
123,11,0.142274
123,12,0.026700
123,13,0.065376
123,14,0.126097
123,15,0.117821
123,16,0.114058
123,17,0.086429
123,18,0.138334
123,19,0.133602
123,20,0.084096
123,21,0.093667
123,22,0.168870
123,23,0.190594
123,24,0.162087
123,25,0.185913
123,26,0.194341
123,27,0.150648
123,28,0.190248
123,29,0.085331
123,30,0.030853
123,31,0.071408
123,32,0.112188
123,33,0.125289
123,34,0.053590
123,35,0.066023
123,36,0.051749
123,37,0.164368
123,38,0.093368
123,39,0.105598
123,40,0.017948
123,41,0.015111
123,42,0.046776
123,43,0.010116
123,44,0.037367
123,45,0.032639
123,46,0.007608
123,47,0.015890
123,48,0.095035
123,49,0.041133
123,50,0.045385
123,51,0.134881
123,52,0.060294
123,53,0.150777
123,54,0.075977
123,55,0.038451
123,56,0.049949
123,57,0.118088
123,58,0.069219
123,59,0.083994
123,60,0.083366
123,61,0.051112
123,62,0.010402
123,63,0.044837
123,64,0.060747
123,65,0.106162
123,66,0.095527
123,67,0.023174
123,68,0.049767
123,69,0.120283
123,70,0.162358
123,71,0.158528
123,72,0.148979
123,73,0.217355
123,74,0.228414
123,75,0.188363
123,76,0.038647
123,77,0.019584
123,78,0.017396
123,79,0.034399
123,80,0.004224
123,81,0.013498
123,82,0.004349
123,83,0.069939
123,84,0.047818
123,85,0.027709
123,86,0.033439
123,87,0.079438
123,88,0.055537
123,89,0.101477
123,90,0.017973
123,91,0.065410
123,92,0.057241
123,93,0.066116
123,94,0.004328
123,95,0.039359
123,96,0.015521
123,97,0.032420
123,98,0.006848
123,99,0.036240
123,100,0.065476
123,101,0.012908
123,102,0.000030
123,103,0.103464
123,104,0.104523
123,105,0.119308
123,106,0.125803
123,107,0.134941
123,108,0.132520
123,109,0.140269
123,110,0.092008
123,111,0.098880
123,112,0.096968
123,113,0.135544
123,114,0.070921
123,115,0.060972
123,116,0.100620
123,117,0.098123
123,118,0.067005
123,119,0.146496
123,120,0.161811
123,121,0.132977
123,122,0.085164
123,123,0.000000
123,124,0.100701
123,125,0.073972
123,126,0.129044
123,127,0.133420
123,128,0.136070
123,129,0.146609
123,130,0.125814
123,131,0.129472
123,132,0.148852
124,1,0.106254
124,2,0.160373
124,3,0.087895
124,4,0.055984
124,5,0.036939
124,6,0.029939
124,7,0.065198
124,8,0.111693
124,9,0.178784
124,10,0.141582
124,11,0.068541
124,12,0.103517
124,13,0.131222
124,14,0.118207
124,15,0.086644
124,16,0.041065
124,17,0.009748
124,18,0.094347
124,19,0.134510
124,20,0.024330
124,21,0.052817
124,22,0.166779
124,23,0.141833
124,24,0.146308
124,25,0.183491
124,26,0.136935
124,27,0.107807
124,28,0.138478
124,29,0.109401
124,30,0.031665
124,31,0.079616
124,32,0.030991
124,33,0.070824
124,34,0.118799
124,35,0.060473
124,36,0.012181
124,37,0.104115
124,38,0.094774
124,39,0.087166
124,40,0.099899
124,41,0.118439
124,42,0.078440
124,43,0.001238
124,44,0.062956
124,45,0.097005
124,46,0.089928
124,47,0.058369
124,48,0.143656
124,49,0.129425
124,50,0.124159
124,51,0.154165
124,52,0.089030
124,53,0.068681
124,54,0.066521
124,55,0.021378
124,56,0.075762
124,57,0.119073
124,58,0.126139
124,59,0.039251
124,60,0.072827
124,61,0.093582
124,62,0.098658
124,63,0.104540
124,64,0.147701
124,65,0.140411
124,66,0.156060
124,67,0.082670
124,68,0.104080
124,69,0.207587
124,70,0.189369
124,71,0.167396
124,72,0.221437
124,73,0.225850
124,74,0.138671
124,75,0.240842
124,76,0.184745
124,77,0.089458
124,78,0.062875
124,79,0.024160
124,80,0.043897
124,81,0.019588
124,82,0.051710
124,83,0.118038
124,84,0.133705
124,85,0.081812
124,86,0.105278
124,87,0.074233
124,88,0.088358
124,89,0.096280
124,90,0.079325
124,91,0.042504
124,92,0.013159
124,93,0.009012
124,94,0.054176
124,95,0.026837
124,96,0.008105
124,97,0.050624
124,98,0.038926
124,99,0.025964
124,100,0.049202
124,101,0.071273
124,102,0.054738
124,103,0.089779
124,104,0.046016
124,105,0.029024
124,106,0.005914
124,107,0.024358
124,108,0.017730
124,109,0.032080
124,110,0.037352
124,111,0.111272
124,112,0.088531
124,113,0.154427
124,114,0.075927
124,115,0.041820
124,116,0.091168
124,117,0.077149
124,118,0.000395
124,119,0.081708
124,120,0.124252
124,121,0.089381
124,122,0.158892
124,123,0.100701
124,124,0.000000
124,125,0.082256
124,126,0.139482
124,127,0.124382
124,128,0.064814
124,129,0.067843
124,130,0.048754
124,131,0.092710
124,132,0.108206
125,1,0.107954
125,2,0.155989
125,3,0.092715
125,4,0.046608
125,5,0.010757
125,6,0.013198
125,7,0.040009
125,8,0.101766
125,9,0.167133
125,10,0.136514
125,11,0.064454
125,12,0.103761
125,13,0.116828
125,14,0.091612
125,15,0.051630
125,16,0.004133
125,17,0.050048
125,18,0.087479
125,19,0.106826
125,20,0.014616
125,21,0.046497
125,22,0.113109
125,23,0.101621
125,24,0.127786
125,25,0.132311
125,26,0.101486
125,27,0.093288
125,28,0.151183
125,29,0.065220
125,30,0.020493
125,31,0.036532
125,32,0.027486
125,33,0.048534
125,34,0.087080
125,35,0.070040
125,36,0.029490
125,37,0.099250
125,38,0.054805
125,39,0.082036
125,40,0.062537
125,41,0.071621
125,42,0.066853
125,43,0.016677
125,44,0.048939
125,45,0.089398
125,46,0.065651
125,47,0.047729
125,48,0.116806
125,49,0.095464
125,50,0.085708
125,51,0.136255
125,52,0.059720
125,53,0.045463
125,54,0.023511
125,55,0.015652
125,56,0.036272
125,57,0.084460
125,58,0.111467
125,59,0.002115
125,60,0.001301
125,61,0.047750
125,62,0.054309
125,63,0.075255
125,64,0.106953
125,65,0.120262
125,66,0.124886
125,67,0.048631
125,68,0.073905
125,69,0.145409
125,70,0.150684
125,71,0.111207
125,72,0.142228
125,73,0.163785
125,74,0.089851
125,75,0.200088
125,76,0.146226
125,77,0.068763
125,78,0.049308
125,79,0.054625
125,80,0.032940
125,81,0.006135
125,82,0.001737
125,83,0.070773
125,84,0.072973
125,85,0.011798
125,86,0.032450
125,87,0.023459
125,88,0.042385
125,89,0.061547
125,90,0.056472
125,91,0.034471
125,92,0.072284
125,93,0.092614
125,94,0.002213
125,95,0.024203
125,96,0.041338
125,97,0.021035
125,98,0.018862
125,99,0.002834
125,100,0.030964
125,101,0.054697
125,102,0.039076
125,103,0.072212
125,104,0.033988
125,105,0.021649
125,106,0.008322
125,107,0.035376
125,108,0.002200
125,109,0.018545
125,110,0.004040
125,111,0.056255
125,112,0.056606
125,113,0.112553
125,114,0.054113
125,115,0.029146
125,116,0.093002
125,117,0.057627
125,118,0.009718
125,119,0.049330
125,120,0.093086
125,121,0.051234
125,122,0.102726
125,123,0.073972
125,124,0.082256
125,125,0.000000
125,126,0.073508
125,127,0.065140
125,128,0.010401
125,129,0.041424
125,130,0.029681
125,131,0.039950
125,132,0.070928
126,1,0.239427
126,2,0.218585
126,3,0.214042
126,4,0.181850
126,5,0.148254
126,6,0.147818
126,7,0.197235
126,8,0.235800
126,9,0.229150
126,10,0.205037
126,11,0.178659
126,12,0.043482
126,13,0.152519
126,14,0.194094
126,15,0.162726
126,16,0.151068
126,17,0.133314
126,18,0.192159
126,19,0.157340
126,20,0.125773
126,21,0.067765
126,22,0.095390
126,23,0.128869
126,24,0.134030
126,25,0.190526
126,26,0.175050
126,27,0.174288
126,28,0.168763
126,29,0.009105
126,30,0.026451
126,31,0.039198
126,32,0.119691
126,33,0.103169
126,34,0.016976
126,35,0.064225
126,36,0.069243
126,37,0.161138
126,38,0.082334
126,39,0.108851
126,40,0.016899
126,41,0.034687
126,42,0.085751
126,43,0.005431
126,44,0.012963
126,45,0.033320
126,46,0.037943
126,47,0.029133
126,48,0.096416
126,49,0.075319
126,50,0.074696
126,51,0.122529
126,52,0.087368
126,53,0.046701
126,54,0.014469
126,55,0.017141
126,56,0.059992
126,57,0.089831
126,58,0.087093
126,59,0.086424
126,60,0.039842
126,61,0.017772
126,62,0.054789
126,63,0.065328
126,64,0.118271
126,65,0.119667
126,66,0.166870
126,67,0.049661
126,68,0.080819
126,69,0.149647
126,70,0.183274
126,71,0.156469
126,72,0.116156
126,73,0.171988
126,74,0.162437
126,75,0.167869
126,76,0.066491
126,77,0.002992
126,78,0.005510
126,79,0.068889
126,80,0.072301
126,81,0.048273
126,82,0.010941
126,83,0.066055
126,84,0.035099
126,85,0.000231
126,86,0.014847
126,87,0.003698
126,88,0.046141
126,89,0.081154
126,90,0.007783
126,91,0.040715
126,92,0.075470
126,93,0.063976
126,94,0.014977
126,95,0.014635
126,96,0.058098
126,97,0.057495
126,98,0.021346
126,99,0.100977
126,100,0.138813
126,101,0.087925
126,102,0.073833
126,103,0.142212
126,104,0.149536
126,105,0.153990
126,106,0.149349
126,107,0.127667
126,108,0.099060
126,109,0.105954
126,110,0.089848
126,111,0.085043
126,112,0.078144
126,113,0.134939
126,114,0.091925
126,115,0.104505
126,116,0.161720
126,117,0.168550
126,118,0.102170
126,119,0.129675
126,120,0.194890
126,121,0.133048
126,122,0.153370
126,123,0.129044
126,124,0.139482
126,125,0.073508
126,126,0.000000
126,127,0.104009
126,128,0.117715
126,129,0.161914
126,130,0.141510
126,131,0.106878
126,132,0.062590
127,1,0.266959
127,2,0.214356
127,3,0.276138
127,4,0.264807
127,5,0.234306
127,6,0.229975
127,7,0.286748
127,8,0.301500
127,9,0.238022
127,10,0.190655
127,11,0.229317
127,12,0.037729
127,13,0.179852
127,14,0.251115
127,15,0.231917
127,16,0.218885
127,17,0.228818
127,18,0.205574
127,19,0.183376
127,20,0.167043
127,21,0.057075
127,22,0.071508
127,23,0.137422
127,24,0.148837
127,25,0.189792
127,26,0.181827
127,27,0.152952
127,28,0.146879
127,29,0.020726
127,30,0.027312
127,31,0.043324
127,32,0.169434
127,33,0.133840
127,34,0.004333
127,35,0.099262
127,36,0.128843
127,37,0.214192
127,38,0.113955
127,39,0.126658
127,40,0.019272
127,41,0.055278
127,42,0.089556
127,43,0.005743
127,44,0.053425
127,45,0.004070
127,46,0.019772
127,47,0.009304
127,48,0.087645
127,49,0.073848
127,50,0.097021
127,51,0.122529
127,52,0.149197
127,53,0.072904
127,54,0.033673
127,55,0.009854
127,56,0.057107
127,57,0.078575
127,58,0.066294
127,59,0.098433
127,60,0.024302
127,61,0.015454
127,62,0.056044
127,63,0.080514
127,64,0.132311
127,65,0.145937
127,66,0.157875
127,67,0.004771
127,68,0.067425
127,69,0.134432
127,70,0.180440
127,71,0.159905
127,72,0.100161
127,73,0.162315
127,74,0.216644
127,75,0.158084
127,76,0.042746
127,77,0.004249
127,78,0.006600
127,79,0.131232
127,80,0.085235
127,81,0.060337
127,82,0.026117
127,83,0.066418
127,84,0.008549
127,85,0.007985
127,86,0.021091
127,87,0.000408
127,88,0.019757
127,89,0.054521
127,90,0.025676
127,91,0.012455
127,92,0.036234
127,93,0.004005
127,94,0.027375
127,95,0.050766
127,96,0.145647
127,97,0.114479
127,98,0.033313
127,99,0.142106
127,100,0.194356
127,101,0.101654
127,102,0.075379
127,103,0.174596
127,104,0.211009
127,105,0.234976
127,106,0.208060
127,107,0.184285
127,108,0.172911
127,109,0.177908
127,110,0.171793
127,111,0.127793
127,112,0.120812
127,113,0.179547
127,114,0.093033
127,115,0.132958
127,116,0.180612
127,117,0.166175
127,118,0.116310
127,119,0.184486
127,120,0.241646
127,121,0.188169
127,122,0.162840
127,123,0.133420
127,124,0.124382
127,125,0.065140
127,126,0.104009
127,127,0.000000
127,128,0.086922
127,129,0.167688
127,130,0.176765
127,131,0.165318
127,132,0.055082
128,1,0.270211
128,2,0.234433
128,3,0.339138
128,4,0.336815
128,5,0.307776
128,6,0.298391
128,7,0.362374
128,8,0.359185
128,9,0.265553
128,10,0.184590
128,11,0.250552
128,12,0.066549
128,13,0.206090
128,14,0.263859
128,15,0.279318
128,16,0.280206
128,17,0.300817
128,18,0.271436
128,19,0.224123
128,20,0.213048
128,21,0.084198
128,22,0.062918
128,23,0.141811
128,24,0.172165
128,25,0.187482
128,26,0.183285
128,27,0.162095
128,28,0.153478
128,29,0.053493
128,30,0.044395
128,31,0.051889
128,32,0.209984
128,33,0.126939
128,34,0.002228
128,35,0.124726
128,36,0.170956
128,37,0.249980
128,38,0.134712
128,39,0.161921
128,40,0.054074
128,41,0.070245
128,42,0.103949
128,43,0.014018
128,44,0.066202
128,45,0.038090
128,46,0.039088
128,47,0.020376
128,48,0.066784
128,49,0.066175
128,50,0.082265
128,51,0.102923
128,52,0.160973
128,53,0.072316
128,54,0.045752
128,55,0.011236
128,56,0.041761
128,57,0.046129
128,58,0.024766
128,59,0.101946
128,60,0.012368
128,61,0.036451
128,62,0.055002
128,63,0.107047
128,64,0.160672
128,65,0.177748
128,66,0.163919
128,67,0.011466
128,68,0.070393
128,69,0.152840
128,70,0.186511
128,71,0.147965
128,72,0.088597
128,73,0.159915
128,74,0.244244
128,75,0.183914
128,76,0.050601
128,77,0.030024
128,78,0.015214
128,79,0.163389
128,80,0.079152
128,81,0.061257
128,82,0.016523
128,83,0.071890
128,84,0.001484
128,85,0.018000
128,86,0.034350
128,87,0.006188
128,88,0.008280
128,89,0.010890
128,90,0.061194
128,91,0.017860
128,92,0.058279
128,93,0.019171
128,94,0.028065
128,95,0.057043
128,96,0.133783
128,97,0.117921
128,98,0.029875
128,99,0.152208
128,100,0.187631
128,101,0.066626
128,102,0.066558
128,103,0.168925
128,104,0.219788
128,105,0.273161
128,106,0.236767
128,107,0.219819
128,108,0.236467
128,109,0.237987
128,110,0.237276
128,111,0.162070
128,112,0.174750
128,113,0.212856
128,114,0.106319
128,115,0.153679
128,116,0.208369
128,117,0.196895
128,118,0.132754
128,119,0.171532
128,120,0.244568
128,121,0.178753
128,122,0.159724
128,123,0.136070
128,124,0.064814
128,125,0.010401
128,126,0.117715
128,127,0.086922
128,128,0.000000
128,129,0.192388
128,130,0.187700
128,131,0.165784
128,132,0.038616
129,1,0.209447
129,2,0.180622
129,3,0.293542
129,4,0.317704
129,5,0.331293
129,6,0.357176
129,7,0.357998
129,8,0.315083
129,9,0.211677
129,10,0.284549
129,11,0.322904
129,12,0.010192
129,13,0.150215
129,14,0.258411
129,15,0.338371
129,16,0.336806
129,17,0.351265
129,18,0.295941
129,19,0.239343
129,20,0.145722
129,21,0.036964
129,22,0.059443
129,23,0.135110
129,24,0.142438
129,25,0.184851
129,26,0.161151
129,27,0.163943
129,28,0.117476
129,29,0.110180
129,30,0.065225
129,31,0.083141
129,32,0.235826
129,33,0.168103
129,34,0.037794
129,35,0.139627
129,36,0.171088
129,37,0.213041
129,38,0.127192
129,39,0.189851
129,40,0.029599
129,41,0.071241
129,42,0.138907
129,43,0.042547
129,44,0.026919
129,45,0.050948
129,46,0.093264
129,47,0.055876
129,48,0.135577
129,49,0.090330
129,50,0.141802
129,51,0.103910
129,52,0.146893
129,53,0.105959
129,54,0.042899
129,55,0.025822
129,56,0.004102
129,57,0.012342
129,58,0.025623
129,59,0.167096
129,60,0.045758
129,61,0.019438
129,62,0.001070
129,63,0.036464
129,64,0.090234
129,65,0.152578
129,66,0.156421
129,67,0.068643
129,68,0.120595
129,69,0.131072
129,70,0.127808
129,71,0.059580
129,72,0.036500
129,73,0.118235
129,74,0.190420
129,75,0.149785
129,76,0.029800
129,77,0.035708
129,78,0.055434
129,79,0.155878
129,80,0.115005
129,81,0.096235
129,82,0.018998
129,83,0.075171
129,84,0.005667
129,85,0.030100
129,86,0.046948
129,87,0.037678
129,88,0.022619
129,89,0.108233
129,90,0.112039
129,91,0.053665
129,92,0.079280
129,93,0.011394
129,94,0.011919
129,95,0.025581
129,96,0.150837
129,97,0.111849
129,98,0.026241
129,99,0.108520
129,100,0.146509
129,101,0.023978
129,102,0.021855
129,103,0.116555
129,104,0.140901
129,105,0.214479
129,106,0.190238
129,107,0.159456
129,108,0.135659
129,109,0.191477
129,110,0.206949
129,111,0.088141
129,112,0.096257
129,113,0.147616
129,114,0.103183
129,115,0.139403
129,116,0.239632
129,117,0.243775
129,118,0.124563
129,119,0.186939
129,120,0.241145
129,121,0.160302
129,122,0.157065
129,123,0.146609
129,124,0.067843
129,125,0.041424
129,126,0.161914
129,127,0.167688
129,128,0.192388
129,129,0.000000
129,130,0.105170
129,131,0.072750
129,132,0.012690
130,1,0.218021
130,2,0.224033
130,3,0.346339
130,4,0.375983
130,5,0.397430
130,6,0.437315
130,7,0.419651
130,8,0.376975
130,9,0.278978
130,10,0.299816
130,11,0.334646
130,12,0.037357
130,13,0.221095
130,14,0.331519
130,15,0.404091
130,16,0.416357
130,17,0.428962
130,18,0.275384
130,19,0.246170
130,20,0.154040
130,21,0.044831
130,22,0.047128
130,23,0.121001
130,24,0.129359
130,25,0.168913
130,26,0.153537
130,27,0.177083
130,28,0.116912
130,29,0.100208
130,30,0.035374
130,31,0.119976
130,32,0.251350
130,33,0.231790
130,34,0.004536
130,35,0.142603
130,36,0.191924
130,37,0.217052
130,38,0.183696
130,39,0.242119
130,40,0.112814
130,41,0.141103
130,42,0.152757
130,43,0.039653
130,44,0.025967
130,45,0.048386
130,46,0.112353
130,47,0.091346
130,48,0.172814
130,49,0.104815
130,50,0.135911
130,51,0.103686
130,52,0.126799
130,53,0.105294
130,54,0.052267
130,55,0.051380
130,56,0.022358
130,57,0.006227
130,58,0.025736
130,59,0.179318
130,60,0.042329
130,61,0.014029
130,62,0.004679
130,63,0.060427
130,64,0.115459
130,65,0.222599
130,66,0.212327
130,67,0.098343
130,68,0.140481
130,69,0.188080
130,70,0.152689
130,71,0.057456
130,72,0.028070
130,73,0.100698
130,74,0.161011
130,75,0.143416
130,76,0.003714
130,77,0.005166
130,78,0.013831
130,79,0.206926
130,80,0.176574
130,81,0.130046
130,82,0.023395
130,83,0.078492
130,84,0.003302
130,85,0.011207
130,86,0.018266
130,87,0.029236
130,88,0.000890
130,89,0.080011
130,90,0.133622
130,91,0.044083
130,92,0.032911
130,93,0.003401
130,94,0.038144
130,95,0.018018
130,96,0.147291
130,97,0.075562
130,98,0.013536
130,99,0.103446
130,100,0.135968
130,101,0.013338
130,102,0.000341
130,103,0.117142
130,104,0.130814
130,105,0.200799
130,106,0.178525
130,107,0.164202
130,108,0.165539
130,109,0.221050
130,110,0.222792
130,111,0.111934
130,112,0.086049
130,113,0.153877
130,114,0.121100
130,115,0.148712
130,116,0.248276
130,117,0.233095
130,118,0.105568
130,119,0.176553
130,120,0.211794
130,121,0.129553
130,122,0.138622
130,123,0.125814
130,124,0.048754
130,125,0.029681
130,126,0.141510
130,127,0.176765
130,128,0.187700
130,129,0.105170
130,130,0.000000
130,131,0.035446
130,132,0.001797
131,1,0.232803
131,2,0.259571
131,3,0.357943
131,4,0.382747
131,5,0.380029
131,6,0.401784
131,7,0.411325
131,8,0.384800
131,9,0.275809
131,10,0.339767
131,11,0.343048
131,12,0.006112
131,13,0.234686
131,14,0.330650
131,15,0.383572
131,16,0.376105
131,17,0.357561
131,18,0.205456
131,19,0.220949
131,20,0.108700
131,21,0.059804
131,22,0.059881
131,23,0.151353
131,24,0.140028
131,25,0.210706
131,26,0.200485
131,27,0.222068
131,28,0.090529
131,29,0.067080
131,30,0.091502
131,31,0.012270
131,32,0.225598
131,33,0.209092
131,34,0.002773
131,35,0.103626
131,36,0.124380
131,37,0.192836
131,38,0.226722
131,39,0.264660
131,40,0.125409
131,41,0.146335
131,42,0.054893
131,43,0.022049
131,44,0.049293
131,45,0.013207
131,46,0.082381
131,47,0.064416
131,48,0.185576
131,49,0.092051
131,50,0.104469
131,51,0.124922
131,52,0.086713
131,53,0.102789
131,54,0.027392
131,55,0.035639
131,56,0.029395
131,57,0.041763
131,58,0.052798
131,59,0.131504
131,60,0.024464
131,61,0.029099
131,62,0.007351
131,63,0.088458
131,64,0.131416
131,65,0.242461
131,66,0.224613
131,67,0.087228
131,68,0.128566
131,69,0.221123
131,70,0.199574
131,71,0.118735
131,72,0.100763
131,73,0.117675
131,74,0.110432
131,75,0.170301
131,76,0.072550
131,77,0.026841
131,78,0.058306
131,79,0.219448
131,80,0.223173
131,81,0.151882
131,82,0.005673
131,83,0.105606
131,84,0.038807
131,85,0.017328
131,86,0.011433
131,87,0.024850
131,88,0.029943
131,89,0.102148
131,90,0.145405
131,91,0.045122
131,92,0.044923
131,93,0.037859
131,94,0.062870
131,95,0.013758
131,96,0.085093
131,97,0.000624
131,98,0.000677
131,99,0.036304
131,100,0.087974
131,101,0.048442
131,102,0.044742
131,103,0.039229
131,104,0.097012
131,105,0.159978
131,106,0.139404
131,107,0.121341
131,108,0.164371
131,109,0.197018
131,110,0.202762
131,111,0.119793
131,112,0.097234
131,113,0.141450
131,114,0.122802
131,115,0.126782
131,116,0.199828
131,117,0.208747
131,118,0.052036
131,119,0.238265
131,120,0.269240
131,121,0.186942
131,122,0.134572
131,123,0.129472
131,124,0.092710
131,125,0.039950
131,126,0.106878
131,127,0.165318
131,128,0.165784
131,129,0.072750
131,130,0.035446
131,131,0.000000
131,132,0.068505
132,1,0.070541
132,2,0.136866
132,3,0.259640
132,4,0.279764
132,5,0.274099
132,6,0.248870
132,7,0.278105
132,8,0.260196
132,9,0.147251
132,10,0.194525
132,11,0.204857
132,12,0.043500
132,13,0.180546
132,14,0.201232
132,15,0.240473
132,16,0.212144
132,17,0.174279
132,18,0.064064
132,19,0.152565
132,20,0.032505
132,21,0.059849
132,22,0.060337
132,23,0.104857
132,24,0.095661
132,25,0.152239
132,26,0.106758
132,27,0.089289
132,28,0.040527
132,29,0.007043
132,30,0.086464
132,31,0.094631
132,32,0.064868
132,33,0.098755
132,34,0.020057
132,35,0.011496
132,36,0.021694
132,37,0.099840
132,38,0.177054
132,39,0.170780
132,40,0.097028
132,41,0.111832
132,42,0.015873
132,43,0.004110
132,44,0.039314
132,45,0.043897
132,46,0.050185
132,47,0.039399
132,48,0.158984
132,49,0.097792
132,50,0.097610
132,51,0.101722
132,52,0.040993
132,53,0.057715
132,54,0.020111
132,55,0.013382
132,56,0.007671
132,57,0.056320
132,58,0.102358
132,59,0.077501
132,60,0.037034
132,61,0.060127
132,62,0.021464
132,63,0.076717
132,64,0.107524
132,65,0.159076
132,66,0.134252
132,67,0.031953
132,68,0.067866
132,69,0.178352
132,70,0.148247
132,71,0.081538
132,72,0.110537
132,73,0.089549
132,74,0.044845
132,75,0.114974
132,76,0.064744
132,77,0.005892
132,78,0.029230
132,79,0.120687
132,80,0.171953
132,81,0.138985
132,82,0.085940
132,83,0.164656
132,84,0.155239
132,85,0.142485
132,86,0.114493
132,87,0.040880
132,88,0.040367
132,89,0.047470
132,90,0.031812
132,91,0.028069
132,92,0.023449
132,93,0.018917
132,94,0.015209
132,95,0.001505
132,96,0.035418
132,97,0.031667
132,98,0.025271
132,99,0.043835
132,100,0.008528
132,101,0.019428
132,102,0.062996
132,103,0.032835
132,104,0.043317
132,105,0.094297
132,106,0.072245
132,107,0.048443
132,108,0.068117
132,109,0.064443
132,110,0.066107
132,111,0.140444
132,112,0.083710
132,113,0.127476
132,114,0.129276
132,115,0.089796
132,116,0.121179
132,117,0.142273
132,118,0.039141
132,119,0.221033
132,120,0.220770
132,121,0.186703
132,122,0.146173
132,123,0.148852
132,124,0.108206
132,125,0.070928
132,126,0.062590
132,127,0.055082
132,128,0.038616
132,129,0.012690
132,130,0.001797
132,131,0.068505
132,132,0.000000
