residue_i,residue_j,correlation
1,1,1.000000
1,2,0.311572
1,3,0.334041
1,4,0.244084
1,5,0.280292
1,6,0.238146
1,7,0.170837
1,8,0.028889
1,9,0.017198
1,10,0.057368
1,11,0.104946
1,12,0.229423
1,13,0.221056
1,14,0.238628
1,15,0.042509
1,16,0.053597
1,17,0.007009
1,18,0.046467
1,19,0.094827
1,20,0.028085
1,21,0.069708
1,22,0.011408
1,23,0.023733
1,24,0.008313
1,25,0.014360
1,26,-0.065527
1,27,0.028364
1,28,0.036135
1,29,0.133310
1,30,0.106514
1,31,0.049136
1,32,-0.049721
1,33,-0.096334
1,34,-0.136543
1,35,-0.064732
1,36,0.073543
1,37,0.070135
1,38,0.094932
1,39,0.084267
1,40,0.043981
1,41,0.019688
1,42,0.054605
1,43,0.062995
1,44,0.069212
1,45,0.065411
1,46,0.072937
1,47,0.020440
1,48,0.011522
1,49,0.007383
1,50,0.010037
1,51,0.024903
1,52,0.147193
1,53,0.187911
1,54,0.257818
1,55,0.210389
1,56,0.238654
1,57,0.100401
1,58,0.103303
1,59,0.114520
1,60,0.072368
1,61,-0.000217
1,62,-0.035802
1,63,0.112507
1,64,0.206056
1,65,0.210375
1,66,0.143919
1,67,-0.019847
1,68,0.010062
1,69,0.136871
1,70,0.058145
1,71,0.160285
1,72,0.117815
1,73,0.300636
1,74,0.289758
1,75,0.041234
1,76,0.152262
1,77,0.145364
1,78,0.075479
1,79,0.050975
1,80,0.083365
1,81,0.143759
1,82,0.176561
1,83,0.310598
1,84,0.193892
1,85,0.133411
1,86,0.094592
1,87,0.081677
1,88,0.071616
1,89,0.090578
1,90,0.069575
1,91,0.047231
1,92,0.055112
1,93,0.036445
1,94,0.049088
1,95,0.068181
1,96,0.038255
1,97,0.032081
1,98,0.045612
1,99,0.077219
1,100,0.085639
1,101,0.103853
1,102,0.214949
1,103,0.302968
1,104,0.105803
1,105,0.132472
1,106,0.099994
1,107,0.079356
1,108,0.024918
1,109,0.032207
1,110,0.026466
1,111,-0.002402
1,112,0.021857
1,113,-0.004565
1,114,0.041710
1,115,0.025303
1,116,0.062975
1,117,0.051428
1,118,0.142239
1,119,0.139344
1,120,0.138550
1,121,0.151843
1,122,0.126491
1,123,0.062207
2,1,0.311572
2,2,1.000000
2,3,0.612993
2,4,0.309392
2,5,0.237891
2,6,0.342952
2,7,0.454794
2,8,0.360487
2,9,0.215913
2,10,0.317058
2,11,0.296524
2,12,0.239545
2,13,0.156508
2,14,0.148469
2,15,-0.048683
2,16,-0.007984
2,17,-0.010612
2,18,0.035464
2,19,0.101723
2,20,0.123949
2,21,0.134757
2,22,0.094528
2,23,0.053738
2,24,0.042902
2,25,0.036732
2,26,0.046383
2,27,0.112952
2,28,0.096811
2,29,0.113998
2,30,0.110666
2,31,0.137200
2,32,0.135362
2,33,0.132725
2,34,-0.059510
2,35,-0.004321
2,36,0.005420
2,37,0.027311
2,38,0.076151
2,39,0.056553
2,40,0.072483
2,41,0.050558
2,42,0.102511
2,43,0.069934
2,44,0.015169
2,45,0.051913
2,46,0.000838
2,47,-0.037577
2,48,-0.008647
2,49,-0.037560
2,50,-0.015631
2,51,0.033362
2,52,0.099492
2,53,0.160714
2,54,0.196867
2,55,0.115765
2,56,0.199301
2,57,0.066552
2,58,-0.027825
2,59,-0.057541
2,60,0.023120
2,61,-0.148189
2,62,-0.066272
2,63,0.003905
2,64,0.012622
2,65,0.028749
2,66,-0.032487
2,67,-0.035435
2,68,-0.076956
2,69,-0.091904
2,70,-0.174480
2,71,0.007069
2,72,-0.083462
2,73,0.169437
2,74,0.185502
2,75,0.053669
2,76,0.172501
2,77,0.144030
2,78,0.096393
2,79,0.083342
2,80,0.109868
2,81,0.136029
2,82,0.084198
2,83,0.194009
2,84,0.101663
2,85,0.056925
2,86,0.061080
2,87,0.053723
2,88,0.021571
2,89,-0.002416
2,90,-0.022752
2,91,-0.014314
2,92,-0.019842
2,93,-0.043707
2,94,0.038914
2,95,0.080206
2,96,0.050300
2,97,0.074727
2,98,0.101974
2,99,0.095493
2,100,0.081296
2,101,0.070992
2,102,0.115762
2,103,0.351410
2,104,0.152732
2,105,0.141655
2,106,0.083140
2,107,0.068807
2,108,0.054592
2,109,0.059537
2,110,0.019319
2,111,0.052037
2,112,0.042951
2,113,0.008768
2,114,-0.002607
2,115,-0.017531
2,116,0.026822
2,117,0.021453
2,118,0.091824
2,119,0.118974
2,120,0.133727
2,121,0.123690
2,122,0.103322
2,123,0.070692
3,1,0.334041
3,2,0.612993
3,3,1.000000
3,4,0.568592
3,5,0.508747
3,6,0.594014
3,7,0.423619
3,8,0.259839
3,9,0.220565
3,10,0.333680
3,11,0.379582
3,12,0.475408
3,13,0.477772
3,14,0.440021
3,15,0.080707
3,16,0.064001
3,17,-0.014871
3,18,0.051537
3,19,0.131367
3,20,0.171544
3,21,0.174892
3,22,0.099824
3,23,0.098206
3,24,0.018702
3,25,-0.014126
3,26,-0.012296
3,27,0.149503
3,28,0.241364
3,29,0.364075
3,30,0.268337
3,31,0.188579
3,32,0.132030
3,33,0.152235
3,34,-0.049817
3,35,0.040677
3,36,0.063258
3,37,0.128471
3,38,0.129078
3,39,0.150146
3,40,0.084132
3,41,0.074114
3,42,0.126990
3,43,0.117063
3,44,0.078916
3,45,0.108354
3,46,0.076480
3,47,0.018937
3,48,0.041882
3,49,0.035915
3,50,0.048716
3,51,0.084769
3,52,0.243814
3,53,0.345546
3,54,0.432988
3,55,0.368327
3,56,0.435680
3,57,0.233520
3,58,0.151705
3,59,0.109450
3,60,0.141753
3,61,-0.069690
3,62,0.047442
3,63,0.151986
3,64,0.164761
3,65,0.137972
3,66,0.163951
3,67,0.024956
3,68,-0.068270
3,69,0.006057
3,70,-0.083402
3,71,0.139689
3,72,0.030109
3,73,0.339750
3,74,0.453115
3,75,0.078464
3,76,0.308242
3,77,0.295858
3,78,0.200286
3,79,0.154725
3,80,0.189261
3,81,0.284969
3,82,0.282294
3,83,0.500830
3,84,0.346133
3,85,0.218380
3,86,0.212562
3,87,0.142635
3,88,0.111155
3,89,0.121774
3,90,0.069582
3,91,0.074457
3,92,0.081447
3,93,0.047658
3,94,0.083391
3,95,0.163007
3,96,0.132934
3,97,0.086769
3,98,0.140692
3,99,0.198530
3,100,0.184865
3,101,0.197925
3,102,0.156473
3,103,0.416001
3,104,0.233108
3,105,0.259928
3,106,0.218790
3,107,0.228236
3,108,0.134988
3,109,0.199584
3,110,0.100358
3,111,0.106638
3,112,0.090685
3,113,0.069478
3,114,0.062888
3,115,0.053279
3,116,0.100626
3,117,0.071884
3,118,0.211750
3,119,0.259678
3,120,0.308815
3,121,0.261295
3,122,0.208369
3,123,0.168650
4,1,0.244084
4,2,0.309392
4,3,0.568592
4,4,1.000000
4,5,0.413626
4,6,0.429387
4,7,0.345927
4,8,0.281092
4,9,0.205463
4,10,0.255500
4,11,0.297172
4,12,0.345941
4,13,0.369476
4,14,0.370331
4,15,0.189218
4,16,0.103272
4,17,-0.005572
4,18,0.053921
4,19,0.127713
4,20,0.069970
4,21,0.088352
4,22,0.089101
4,23,0.111537
4,24,0.037905
4,25,-0.000462
4,26,-0.006448
4,27,0.106362
4,28,0.204546
4,29,0.293219
4,30,0.207606
4,31,0.149396
4,32,0.090544
4,33,0.087753
4,34,-0.029711
4,35,0.056091
4,36,0.077015
4,37,0.114127
4,38,0.117538
4,39,0.166888
4,40,0.119173
4,41,0.086113
4,42,0.120502
4,43,0.131543
4,44,0.094045
4,45,0.100388
4,46,0.105941
4,47,0.037507
4,48,0.037075
4,49,0.038227
4,50,0.071749
4,51,0.093494
4,52,0.213979
4,53,0.289300
4,54,0.348003
4,55,0.364085
4,56,0.366429
4,57,0.192398
4,58,0.179376
4,59,0.168661
4,60,0.163544
4,61,-0.002130
4,62,0.041706
4,63,0.163971
4,64,0.198759
4,65,0.134514
4,66,0.153949
4,67,0.037368
4,68,0.023801
4,69,0.169913
4,70,0.159703
4,71,0.147631
4,72,0.142882
4,73,0.311348
4,74,0.380733
4,75,0.124583
4,76,0.280795
4,77,0.292636
4,78,0.221536
4,79,0.179191
4,80,0.164427
4,81,0.261305
4,82,0.252904
4,83,0.413616
4,84,0.396425
4,85,0.300579
4,86,0.219203
4,87,0.170055
4,88,0.145994
4,89,0.179091
4,90,0.098068
4,91,0.093498
4,92,0.107459
4,93,0.055742
4,94,0.046564
4,95,0.159435
4,96,0.151083
4,97,0.125666
4,98,0.140897
4,99,0.198192
4,100,0.190784
4,101,0.156148
4,102,0.226932
4,103,0.355438
4,104,0.151012
4,105,0.169574
4,106,0.113420
4,107,0.152556
4,108,0.063412
4,109,0.127163
4,110,0.052071
4,111,0.082217
4,112,0.091239
4,113,0.067741
4,114,0.098796
4,115,0.081541
4,116,0.088980
4,117,0.083649
4,118,0.238349
4,119,0.261581
4,120,0.293033
4,121,0.236820
4,122,0.219003
4,123,0.180578
5,1,0.280292
5,2,0.237891
5,3,0.508747
5,4,0.413626
5,5,1.000000
5,6,0.655408
5,7,0.388951
5,8,0.221364
5,9,0.160304
5,10,0.260567
5,11,0.416008
5,12,0.645010
5,13,0.748638
5,14,0.744869
5,15,0.123740
5,16,0.200059
5,17,0.092501
5,18,0.156203
5,19,0.196056
5,20,0.156812
5,21,0.167079
5,22,0.159978
5,23,0.102291
5,24,0.049978
5,25,0.109678
5,26,0.094992
5,27,0.306655
5,28,0.417057
5,29,0.598341
5,30,0.443207
5,31,0.254487
5,32,0.129519
5,33,0.106261
5,34,0.005350
5,35,0.108866
5,36,0.157222
5,37,0.194159
5,38,0.108482
5,39,0.098485
5,40,0.064381
5,41,0.042819
5,42,0.074918
5,43,0.077199
5,44,0.070631
5,45,0.079012
5,46,0.095312
5,47,0.029870
5,48,0.038308
5,49,0.064008
5,50,0.071033
5,51,0.069010
5,52,0.285646
5,53,0.324476
5,54,0.461885
5,55,0.486216
5,56,0.501079
5,57,0.291947
5,58,0.299109
5,59,0.246890
5,60,0.142225
5,61,0.107645
5,62,0.166372
5,63,0.251988
5,64,0.226999
5,65,0.121102
5,66,0.282443
5,67,0.137606
5,68,0.084125
5,69,0.106542
5,70,0.088603
5,71,0.278867
5,72,0.182629
5,73,0.513733
5,74,0.606442
5,75,0.106362
5,76,0.462224
5,77,0.444927
5,78,0.302816
5,79,0.213407
5,80,0.244016
5,81,0.337227
5,82,0.304807
5,83,0.479873
5,84,0.373682
5,85,0.349983
5,86,0.312473
5,87,0.207414
5,88,0.240085
5,89,0.274490
5,90,0.146840
5,91,0.169654
5,92,0.195954
5,93,0.088510
5,94,0.024600
5,95,0.149398
5,96,0.112693
5,97,0.060295
5,98,0.085877
5,99,0.150543
5,100,0.147046
5,101,0.253526
5,102,0.140269
5,103,0.343690
5,104,0.082947
5,105,0.110716
5,106,0.036770
5,107,0.140735
5,108,0.088026
5,109,0.165555
5,110,0.112723
5,111,0.139759
5,112,0.120152
5,113,0.120842
5,114,0.130676
5,115,0.161560
5,116,0.139030
5,117,0.136504
5,118,0.261505
5,119,0.279095
5,120,0.298127
5,121,0.214943
5,122,0.215958
5,123,0.196991
6,1,0.238146
6,2,0.342952
6,3,0.594014
6,4,0.429387
6,5,0.655408
6,6,1.000000
6,7,0.729145
6,8,0.417200
6,9,0.325608
6,10,0.529889
6,11,0.673818
6,12,0.730203
6,13,0.646422
6,14,0.540041
6,15,0.041113
6,16,0.128312
6,17,0.071314
6,18,0.119809
6,19,0.217990
6,20,0.225820
6,21,0.257977
6,22,0.236921
6,23,0.182247
6,24,0.088144
6,25,0.034115
6,26,0.065800
6,27,0.262623
6,28,0.368088
6,29,0.487750
6,30,0.430040
6,31,0.343038
6,32,0.203668
6,33,0.228323
6,34,0.049337
6,35,0.131636
6,36,0.110644
6,37,0.192987
6,38,0.184105
6,39,0.164919
6,40,0.111204
6,41,0.092171
6,42,0.138256
6,43,0.094568
6,44,0.056529
6,45,0.077293
6,46,0.119914
6,47,0.041858
6,48,0.037843
6,49,0.087468
6,50,0.094899
6,51,0.058534
6,52,0.276450
6,53,0.327401
6,54,0.425765
6,55,0.387179
6,56,0.420763
6,57,0.221215
6,58,0.190933
6,59,0.163845
6,60,0.160516
6,61,-0.011330
6,62,0.104965
6,63,0.221775
6,64,0.211607
6,65,0.084065
6,66,0.207382
6,67,0.159857
6,68,0.048009
6,69,0.064908
6,70,-0.000338
6,71,0.145148
6,72,0.021200
6,73,0.389555
6,74,0.477419
6,75,0.070788
6,76,0.351198
6,77,0.356020
6,78,0.237281
6,79,0.184825
6,80,0.247772
6,81,0.349203
6,82,0.310431
6,83,0.422813
6,84,0.249583
6,85,0.241765
6,86,0.256675
6,87,0.159226
6,88,0.151439
6,89,0.191271
6,90,0.109509
6,91,0.116059
6,92,0.150711
6,93,0.091209
6,94,0.036363
6,95,0.187213
6,96,0.177493
6,97,0.108064
6,98,0.146804
6,99,0.229470
6,100,0.233040
6,101,0.294011
6,102,0.143242
6,103,0.345523
6,104,0.068771
6,105,0.099564
6,106,0.045782
6,107,0.166003
6,108,0.116799
6,109,0.175416
6,110,0.096515
6,111,0.156590
6,112,0.141152
6,113,0.150504
6,114,0.123151
6,115,0.110154
6,116,0.153042
6,117,0.128470
6,118,0.250646
6,119,0.284494
6,120,0.307577
6,121,0.244120
6,122,0.209305
6,123,0.207801
7,1,0.170837
7,2,0.454794
7,3,0.423619
7,4,0.345927
7,5,0.388951
7,6,0.729145
7,7,1.000000
7,8,0.605051
7,9,0.391520
7,10,0.590070
7,11,0.674610
7,12,0.536225
7,13,0.374697
7,14,0.298126
7,15,-0.037426
7,16,0.042801
7,17,0.039989
7,18,0.074155
7,19,0.164666
7,20,0.199041
7,21,0.214476
7,22,0.226157
7,23,0.188197
7,24,0.136495
7,25,0.020064
7,26,0.050731
7,27,0.188495
7,28,0.224608
7,29,0.270831
7,30,0.272944
7,31,0.290240
7,32,0.233252
7,33,0.254495
7,34,0.085269
7,35,0.082916
7,36,0.020888
7,37,0.105673
7,38,0.132360
7,39,0.160153
7,40,0.139733
7,41,0.102210
7,42,0.142687
7,43,0.090964
7,44,0.040814
7,45,0.068699
7,46,0.092443
7,47,0.035945
7,48,0.025969
7,49,0.060434
7,50,0.066909
7,51,0.017079
7,52,0.137961
7,53,0.203270
7,54,0.232422
7,55,0.173813
7,56,0.205980
7,57,0.088937
7,58,0.051949
7,59,0.055477
7,60,0.107134
7,61,-0.072687
7,62,0.021341
7,63,0.095393
7,64,0.085475
7,65,0.025233
7,66,0.047931
7,67,0.128315
7,68,0.036917
7,69,-0.012330
7,70,-0.047154
7,71,-0.001503
7,72,-0.102340
7,73,0.197950
7,74,0.200583
7,75,0.044689
7,76,0.176543
7,77,0.177205
7,78,0.132005
7,79,0.135848
7,80,0.172041
7,81,0.224662
7,82,0.196459
7,83,0.230629
7,84,0.067498
7,85,0.108511
7,86,0.139037
7,87,0.084372
7,88,0.076946
7,89,0.081946
7,90,0.048314
7,91,0.044334
7,92,0.087275
7,93,0.040810
7,94,0.006250
7,95,0.148485
7,96,0.157250
7,97,0.135622
7,98,0.136267
7,99,0.181300
7,100,0.187054
7,101,0.165101
7,102,0.118050
7,103,0.221510
7,104,0.019647
7,105,0.029902
7,106,-0.022909
7,107,0.082083
7,108,0.075644
7,109,0.097504
7,110,0.025080
7,111,0.137808
7,112,0.132737
7,113,0.137813
7,114,0.091569
7,115,0.059979
7,116,0.125751
7,117,0.108354
7,118,0.164905
7,119,0.202735
7,120,0.214799
7,121,0.179092
7,122,0.135825
7,123,0.143702
8,1,0.028889
8,2,0.360487
8,3,0.259839
8,4,0.281092
8,5,0.221364
8,6,0.417200
8,7,0.605051
8,8,1.000000
8,9,0.563662
8,10,0.521679
8,11,0.544014
8,12,0.360093
8,13,0.258454
8,14,0.210862
8,15,-0.018262
8,16,0.004246
8,17,0.015584
8,18,0.041259
8,19,0.150919
8,20,0.156467
8,21,0.159642
8,22,0.193215
8,23,0.206647
8,24,0.128654
8,25,0.041299
8,26,0.092279
8,27,0.182893
8,28,0.195964
8,29,0.215928
8,30,0.249609
8,31,0.297738
8,32,0.312145
8,33,0.340933
8,34,0.190053
8,35,0.110312
8,36,0.004745
8,37,0.080621
8,38,0.125189
8,39,0.155371
8,40,0.125524
8,41,0.106292
8,42,0.138652
8,43,0.091871
8,44,0.058023
8,45,0.071527
8,46,0.073456
8,47,0.027545
8,48,0.009002
8,49,0.038342
8,50,0.051127
8,51,0.008734
8,52,0.091806
8,53,0.119217
8,54,0.137484
8,55,0.139688
8,56,0.159819
8,57,0.077278
8,58,0.041569
8,59,0.037564
8,60,0.058803
8,61,-0.045507
8,62,0.030762
8,63,0.076359
8,64,0.057057
8,65,0.027883
8,66,-0.000393
8,67,0.139661
8,68,0.076834
8,69,0.025790
8,70,0.027353
8,71,0.005986
8,72,-0.050880
8,73,0.128268
8,74,0.091250
8,75,0.052336
8,76,0.100781
8,77,0.103337
8,78,0.086173
8,79,0.094042
8,80,0.113073
8,81,0.145934
8,82,0.087168
8,83,0.132138
8,84,0.076825
8,85,0.118280
8,86,0.105690
8,87,0.058721
8,88,0.039941
8,89,0.053329
8,90,0.021630
8,91,0.000442
8,92,0.044449
8,93,0.005182
8,94,-0.002014
8,95,0.100675
8,96,0.110211
8,97,0.116385
8,98,0.125245
8,99,0.151632
8,100,0.147556
8,101,0.062412
8,102,0.068150
8,103,0.100345
8,104,-0.002047
8,105,-0.006764
8,106,-0.057491
8,107,0.040424
8,108,0.045241
8,109,0.073434
8,110,0.024369
8,111,0.106416
8,112,0.087625
8,113,0.090629
8,114,0.070720
8,115,0.033472
8,116,0.072023
8,117,0.065077
8,118,0.136243
8,119,0.132764
8,120,0.147926
8,121,0.137041
8,122,0.117687
8,123,0.128510
9,1,0.017198
9,2,0.215913
9,3,0.220565
9,4,0.205463
9,5,0.160304
9,6,0.325608
9,7,0.391520
9,8,0.563662
9,9,1.000000
9,10,0.746642
9,11,0.499573
9,12,0.296351
9,13,0.207862
9,14,0.158915
9,15,-0.004688
9,16,0.007802
9,17,0.016881
9,18,0.041431
9,19,0.113772
9,20,0.151218
9,21,0.153042
9,22,0.214603
9,23,0.215235
9,24,0.131939
9,25,0.093235
9,26,0.174880
9,27,0.199941
9,28,0.226043
9,29,0.217474
9,30,0.281249
9,31,0.442159
9,32,0.469031
9,33,0.459021
9,34,0.180470
9,35,0.135275
9,36,0.009797
9,37,0.098580
9,38,0.134151
9,39,0.135060
9,40,0.081239
9,41,0.065017
9,42,0.063552
9,43,0.028142
9,44,0.050950
9,45,0.061675
9,46,0.094013
9,47,0.067425
9,48,0.038787
9,49,0.085088
9,50,0.065013
9,51,0.036206
9,52,0.092046
9,53,0.109237
9,54,0.113600
9,55,0.110817
9,56,0.122723
9,57,0.089530
9,58,0.046701
9,59,0.038555
9,60,0.059278
9,61,0.004139
9,62,0.073038
9,63,0.109683
9,64,0.050956
9,65,-0.012606
9,66,0.020456
9,67,0.173814
9,68,0.121103
9,69,0.009121
9,70,0.001781
9,71,0.021708
9,72,-0.004767
9,73,0.089776
9,74,0.055550
9,75,-0.005619
9,76,0.045741
9,77,0.075273
9,78,0.069912
9,79,0.076272
9,80,0.099236
9,81,0.111495
9,82,0.099078
9,83,0.075533
9,84,0.024524
9,85,0.042838
9,86,0.095453
9,87,0.045819
9,88,0.036363
9,89,0.055477
9,90,0.036109
9,91,0.010267
9,92,0.051956
9,93,0.051939
9,94,0.013781
9,95,0.081313
9,96,0.096405
9,97,0.095871
9,98,0.080284
9,99,0.104719
9,100,0.125825
9,101,0.075137
9,102,0.005376
9,103,0.032879
9,104,-0.034219
9,105,-0.027206
9,106,-0.039636
9,107,0.043072
9,108,0.064624
9,109,0.058178
9,110,0.034965
9,111,0.071971
9,112,0.049485
9,113,0.071598
9,114,0.050360
9,115,0.017745
9,116,0.071754
9,117,0.048126
9,118,0.073570
9,119,0.075206
9,120,0.085896
9,121,0.066572
9,122,0.050693
9,123,0.065567
10,1,0.057368
10,2,0.317058
10,3,0.333680
10,4,0.255500
10,5,0.260567
10,6,0.529889
10,7,0.590070
10,8,0.521679
10,9,0.746642
10,10,1.000000
10,11,0.763637
10,12,0.483566
10,13,0.309121
10,14,0.220861
10,15,-0.017735
10,16,0.041689
10,17,0.020794
10,18,0.064754
10,19,0.142186
10,20,0.214776
10,21,0.223733
10,22,0.280409
10,23,0.250689
10,24,0.185132
10,25,0.081103
10,26,0.167884
10,27,0.223250
10,28,0.254221
10,29,0.260895
10,30,0.312803
10,31,0.475410
10,32,0.427045
10,33,0.425930
10,34,0.149999
10,35,0.130326
10,36,0.025411
10,37,0.136405
10,38,0.155825
10,39,0.151045
10,40,0.110309
10,41,0.100462
10,42,0.110770
10,43,0.065793
10,44,0.041956
10,45,0.061522
10,46,0.093590
10,47,0.047782
10,48,0.034265
10,49,0.082370
10,50,0.052027
10,51,0.024746
10,52,0.120162
10,53,0.146684
10,54,0.160179
10,55,0.144164
10,56,0.152067
10,57,0.077938
10,58,0.074268
10,59,0.076182
10,60,0.106246
10,61,-0.011125
10,62,0.094630
10,63,0.135718
10,64,0.088374
10,65,0.006892
10,66,0.052112
10,67,0.212420
10,68,0.135249
10,69,-0.015766
10,70,-0.033660
10,71,0.028305
10,72,-0.023510
10,73,0.155364
10,74,0.136395
10,75,0.002625
10,76,0.112245
10,77,0.143147
10,78,0.089278
10,79,0.101268
10,80,0.134013
10,81,0.171432
10,82,0.143879
10,83,0.143286
10,84,0.027188
10,85,0.067887
10,86,0.103261
10,87,0.048599
10,88,0.058268
10,89,0.085310
10,90,0.039830
10,91,0.025206
10,92,0.073098
10,93,0.059608
10,94,0.027762
10,95,0.124083
10,96,0.138030
10,97,0.121157
10,98,0.133536
10,99,0.162627
10,100,0.172437
10,101,0.150041
10,102,-0.001119
10,103,0.108387
10,104,-0.023441
10,105,-0.011767
10,106,-0.035346
10,107,0.063980
10,108,0.071525
10,109,0.077431
10,110,0.040784
10,111,0.099558
10,112,0.076087
10,113,0.106530
10,114,0.073664
10,115,0.037313
10,116,0.094436
10,117,0.060097
10,118,0.103991
10,119,0.106833
10,120,0.132541
10,121,0.094736
10,122,0.069596
10,123,0.102708
11,1,0.104946
11,2,0.296524
11,3,0.379582
11,4,0.297172
11,5,0.416008
11,6,0.673818
11,7,0.674610
11,8,0.544014
11,9,0.499573
11,10,0.763637
11,11,1.000000
11,12,0.758854
11,13,0.543368
11,14,0.441063
11,15,0.056358
11,16,0.145058
11,17,0.099895
11,18,0.123435
11,19,0.202008
11,20,0.243137
11,21,0.268435
11,22,0.321550
11,23,0.261139
11,24,0.146171
11,25,0.067149
11,26,0.226429
11,27,0.370432
11,28,0.425083
11,29,0.471135
11,30,0.539032
11,31,0.578135
11,32,0.319043
11,33,0.315837
11,34,0.152476
11,35,0.139424
11,36,0.080894
11,37,0.199722
11,38,0.170673
11,39,0.168574
11,40,0.121939
11,41,0.097424
11,42,0.139044
11,43,0.092223
11,44,0.065911
11,45,0.063307
11,46,0.127262
11,47,0.083097
11,48,0.064795
11,49,0.133761
11,50,0.114590
11,51,0.064422
11,52,0.229228
11,53,0.253013
11,54,0.299307
11,55,0.288540
11,56,0.310892
11,57,0.193467
11,58,0.192373
11,59,0.182133
11,60,0.151631
11,61,0.072436
11,62,0.157239
11,63,0.208638
11,64,0.151331
11,65,0.026577
11,66,0.149765
11,67,0.257139
11,68,0.164107
11,69,0.063670
11,70,0.051782
11,71,0.099362
11,72,0.011424
11,73,0.235911
11,74,0.260455
11,75,0.104721
11,76,0.234886
11,77,0.273078
11,78,0.202042
11,79,0.175583
11,80,0.220056
11,81,0.280638
11,82,0.234355
11,83,0.270568
11,84,0.142873
11,85,0.178793
11,86,0.244554
11,87,0.152938
11,88,0.162249
11,89,0.195391
11,90,0.120345
11,91,0.111043
11,92,0.167532
11,93,0.115006
11,94,0.059557
11,95,0.179948
11,96,0.184811
11,97,0.149407
11,98,0.165729
11,99,0.219066
11,100,0.212094
11,101,0.209064
11,102,0.074005
11,103,0.174934
11,104,0.020146
11,105,0.033287
11,106,0.008228
11,107,0.123855
11,108,0.118647
11,109,0.136246
11,110,0.072217
11,111,0.144167
11,112,0.131117
11,113,0.162695
11,114,0.139736
11,115,0.132090
11,116,0.140025
11,117,0.123878
11,118,0.210931
11,119,0.225326
11,120,0.234620
11,121,0.162737
11,122,0.141177
11,123,0.159973
12,1,0.229423
12,2,0.239545
12,3,0.475408
12,4,0.345941
12,5,0.645010
12,6,0.730203
12,7,0.536225
12,8,0.360093
12,9,0.296351
12,10,0.483566
12,11,0.758854
12,12,1.000000
12,13,0.798784
12,14,0.676361
12,15,0.130812
12,16,0.220063
12,17,0.125891
12,18,0.169161
12,19,0.214550
12,20,0.225334
12,21,0.252011
12,22,0.273345
12,23,0.204334
12,24,0.099936
12,25,0.112031
12,26,0.192006
12,27,0.411308
12,28,0.486641
12,29,0.629971
12,30,0.663117
12,31,0.529028
12,32,0.195297
12,33,0.176821
12,34,0.056388
12,35,0.112484
12,36,0.125451
12,37,0.227963
12,38,0.169001
12,39,0.145619
12,40,0.088948
12,41,0.076473
12,42,0.119053
12,43,0.094393
12,44,0.094080
12,45,0.087248
12,46,0.158026
12,47,0.103135
12,48,0.079497
12,49,0.141719
12,50,0.135560
12,51,0.094125
12,52,0.310098
12,53,0.341118
12,54,0.434728
12,55,0.435195
12,56,0.451311
12,57,0.282181
12,58,0.297177
12,59,0.270377
12,60,0.190758
12,61,0.129318
12,62,0.198797
12,63,0.269486
12,64,0.225844
12,65,0.101702
12,66,0.266917
12,67,0.230870
12,68,0.146714
12,69,0.115855
12,70,0.100067
12,71,0.207645
12,72,0.102106
12,73,0.386181
12,74,0.457241
12,75,0.147949
12,76,0.375187
12,77,0.410735
12,78,0.300761
12,79,0.232551
12,80,0.279849
12,81,0.343997
12,82,0.313597
12,83,0.414973
12,84,0.293250
12,85,0.294212
12,86,0.334506
12,87,0.227961
12,88,0.238592
12,89,0.275403
12,90,0.173657
12,91,0.168044
12,92,0.216174
12,93,0.145085
12,94,0.052993
12,95,0.185907
12,96,0.171329
12,97,0.100391
12,98,0.140745
12,99,0.213201
12,100,0.205693
12,101,0.253475
12,102,0.121192
12,103,0.275982
12,104,0.072664
12,105,0.093345
12,106,0.040087
12,107,0.153880
12,108,0.112457
12,109,0.172415
12,110,0.104178
12,111,0.158644
12,112,0.143419
12,113,0.155254
12,114,0.160406
12,115,0.165118
12,116,0.164147
12,117,0.147576
12,118,0.269403
12,119,0.290921
12,120,0.294557
12,121,0.225374
12,122,0.205999
12,123,0.208199
13,1,0.221056
13,2,0.156508
13,3,0.477772
13,4,0.369476
13,5,0.748638
13,6,0.646422
13,7,0.374697
13,8,0.258454
13,9,0.207862
13,10,0.309121
13,11,0.543368
13,12,0.798784
13,13,1.000000
13,14,0.863988
13,15,0.166695
13,16,0.227227
13,17,0.133583
13,18,0.157976
13,19,0.196519
13,20,0.189612
13,21,0.208498
13,22,0.230406
13,23,0.179804
13,24,0.066975
13,25,0.101999
13,26,0.165722
13,27,0.432555
13,28,0.555626
13,29,0.774245
13,30,0.629594
13,31,0.406170
13,32,0.162984
13,33,0.146698
13,34,0.070615
13,35,0.142696
13,36,0.184966
13,37,0.263270
13,38,0.169897
13,39,0.125442
13,40,0.085831
13,41,0.056776
13,42,0.107947
13,43,0.103128
13,44,0.100229
13,45,0.081480
13,46,0.139638
13,47,0.080522
13,48,0.066686
13,49,0.142634
13,50,0.126630
13,51,0.096779
13,52,0.318988
13,53,0.355998
13,54,0.482120
13,55,0.517820
13,56,0.521225
13,57,0.333366
13,58,0.359472
13,59,0.315343
13,60,0.201212
13,61,0.181460
13,62,0.246459
13,63,0.317896
13,64,0.262776
13,65,0.111555
13,66,0.342625
13,67,0.241835
13,68,0.147855
13,69,0.180915
13,70,0.155368
13,71,0.284964
13,72,0.180988
13,73,0.422910
13,74,0.544486
13,75,0.168539
13,76,0.451650
13,77,0.475043
13,78,0.344812
13,79,0.247265
13,80,0.292440
13,81,0.375308
13,82,0.335187
13,83,0.488670
13,84,0.397872
13,85,0.381469
13,86,0.381122
13,87,0.267021
13,88,0.282208
13,89,0.319751
13,90,0.204205
13,91,0.204369
13,92,0.246431
13,93,0.145462
13,94,0.043839
13,95,0.197896
13,96,0.160725
13,97,0.071127
13,98,0.122035
13,99,0.192071
13,100,0.175394
13,101,0.243461
13,102,0.134769
13,103,0.288946
13,104,0.096257
13,105,0.119081
13,106,0.062321
13,107,0.165095
13,108,0.120089
13,109,0.195174
13,110,0.128210
13,111,0.168026
13,112,0.138945
13,113,0.148800
13,114,0.169865
13,115,0.181699
13,116,0.168982
13,117,0.161993
13,118,0.299354
13,119,0.305042
13,120,0.317480
13,121,0.240578
13,122,0.227392
13,123,0.221490
14,1,0.238628
14,2,0.148469
14,3,0.440021
14,4,0.370331
14,5,0.744869
14,6,0.540041
14,7,0.298126
14,8,0.210862
14,9,0.158915
14,10,0.220861
14,11,0.441063
14,12,0.676361
14,13,0.863988
14,14,1.000000
14,15,0.233758
14,16,0.296390
14,17,0.185176
14,18,0.214416
14,19,0.188728
14,20,0.148381
14,21,0.167514
14,22,0.201048
14,23,0.156003
14,24,0.057156
14,25,0.135668
14,26,0.210420
14,27,0.460213
14,28,0.579699
14,29,0.809863
14,30,0.594388
14,31,0.365170
14,32,0.127158
14,33,0.090722
14,34,0.052312
14,35,0.110833
14,36,0.159058
14,37,0.235768
14,38,0.115844
14,39,0.094153
14,40,0.075409
14,41,0.031701
14,42,0.068656
14,43,0.082352
14,44,0.100683
14,45,0.078727
14,46,0.138854
14,47,0.084081
14,48,0.062833
14,49,0.129913
14,50,0.111536
14,51,0.104840
14,52,0.317801
14,53,0.358001
14,54,0.476874
14,55,0.526049
14,56,0.525069
14,57,0.357277
14,58,0.389645
14,59,0.344034
14,60,0.189600
14,61,0.225068
14,62,0.253307
14,63,0.304321
14,64,0.246279
14,65,0.113488
14,66,0.349938
14,67,0.231370
14,68,0.164753
14,69,0.200797
14,70,0.181588
14,71,0.281909
14,72,0.230358
14,73,0.460428
14,74,0.540256
14,75,0.200528
14,76,0.443608
14,77,0.474630
14,78,0.367712
14,79,0.272069
14,80,0.303837
14,81,0.378884
14,82,0.338435
14,83,0.483585
14,84,0.420317
14,85,0.415072
14,86,0.387697
14,87,0.283326
14,88,0.299802
14,89,0.330878
14,90,0.207935
14,91,0.212116
14,92,0.246654
14,93,0.139211
14,94,0.055904
14,95,0.166518
14,96,0.130469
14,97,0.057416
14,98,0.098491
14,99,0.153254
14,100,0.127659
14,101,0.214660
14,102,0.132695
14,103,0.282815
14,104,0.105407
14,105,0.121248
14,106,0.059885
14,107,0.142358
14,108,0.096074
14,109,0.175532
14,110,0.108053
14,111,0.151614
14,112,0.136442
14,113,0.147387
14,114,0.170667
14,115,0.199573
14,116,0.182885
14,117,0.189022
14,118,0.313847
14,119,0.318740
14,120,0.312242
14,121,0.234106
14,122,0.233675
14,123,0.199060
15,1,0.042509
15,2,-0.048683
15,3,0.080707
15,4,0.189218
15,5,0.123740
15,6,0.041113
15,7,-0.037426
15,8,-0.018262
15,9,-0.004688
15,10,-0.017735
15,11,0.056358
15,12,0.130812
15,13,0.166695
15,14,0.233758
15,15,1.000000
15,16,0.537875
15,17,0.248416
15,18,0.219462
15,19,0.070803
15,20,0.013076
15,21,-0.001599
15,22,0.057045
15,23,0.077970
15,24,0.023666
15,25,0.088180
15,26,0.164402
15,27,0.231878
15,28,0.219295
15,29,0.243559
15,30,0.202842
15,31,0.156585
15,32,-0.054752
15,33,-0.101162
15,34,-0.027059
15,35,-0.013072
15,36,0.029424
15,37,0.112661
15,38,0.034890
15,39,0.022952
15,40,0.035721
15,41,0.036931
15,42,0.061516
15,43,0.122574
15,44,0.121594
15,45,0.116203
15,46,0.163532
15,47,0.142449
15,48,0.108062
15,49,0.101842
15,50,0.079027
15,51,0.137974
15,52,0.121771
15,53,0.089439
15,54,0.111798
15,55,0.229554
15,56,0.104198
15,57,0.102298
15,58,0.192831
15,59,0.237822
15,60,0.174859
15,61,0.244801
15,62,0.187600
15,63,0.107950
15,64,0.048436
15,65,-0.007605
15,66,0.206337
15,67,0.077450
15,68,0.094983
15,69,0.190293
15,70,0.284157
15,71,0.184788
15,72,0.417974
15,73,0.215978
15,74,0.136452
15,75,0.182335
15,76,0.062762
15,77,0.091398
15,78,0.174169
15,79,0.165871
15,80,0.130779
15,81,0.094750
15,82,0.065297
15,83,0.213889
15,84,0.435639
15,85,0.318160
15,86,0.209566
15,87,0.222511
15,88,0.249792
15,89,0.206941
15,90,0.152727
15,91,0.153246
15,92,0.132981
15,93,0.088520
15,94,0.105421
15,95,0.092379
15,96,0.026261
15,97,0.075566
15,98,0.088913
15,99,0.051628
15,100,0.015161
15,101,-0.029577
15,102,-0.032541
15,103,-0.050105
15,104,0.100923
15,105,0.131444
15,106,0.144988
15,107,0.128446
15,108,0.041593
15,109,0.070111
15,110,0.024505
15,111,0.026231
15,112,0.060127
15,113,0.070408
15,114,0.120454
15,115,0.128702
15,116,0.104685
15,117,0.115546
15,118,0.195081
15,119,0.157428
15,120,0.116057
15,121,0.069197
15,122,0.053767
15,123,0.082906
16,1,0.053597
16,2,-0.007984
16,3,0.064001
16,4,0.103272
16,5,0.200059
16,6,0.128312
16,7,0.042801
16,8,0.004246
16,9,0.007802
16,10,0.041689
16,11,0.145058
16,12,0.220063
16,13,0.227227
16,14,0.296390
16,15,0.537875
16,16,1.000000
16,17,0.653243
16,18,0.614809
16,19,0.337691
16,20,0.128187
16,21,0.086353
16,22,0.140449
16,23,0.113622
16,24,0.105899
16,25,0.225975
16,26,0.326167
16,27,0.405431
16,28,0.386112
16,29,0.342115
16,30,0.310757
16,31,0.249144
16,32,-0.008147
16,33,-0.026764
16,34,-0.019722
16,35,0.006824
16,36,0.010525
16,37,0.077652
16,38,0.025740
16,39,0.009799
16,40,-0.020758
16,41,-0.017696
16,42,0.042773
16,43,0.071097
16,44,0.028594
16,45,0.044198
16,46,0.124639
16,47,0.131004
16,48,0.107815
16,49,0.171248
16,50,0.144347
16,51,0.125991
16,52,0.160719
16,53,0.146813
16,54,0.163293
16,55,0.241664
16,56,0.213217
16,57,0.172250
16,58,0.230916
16,59,0.203451
16,60,0.104014
16,61,0.195050
16,62,0.157960
16,63,0.081195
16,64,0.031264
16,65,-0.055858
16,66,0.152083
16,67,0.086855
16,68,0.108756
16,69,0.079405
16,70,0.105807
16,71,0.108642
16,72,0.231118
16,73,0.123983
16,74,0.184152
16,75,0.183224
16,76,0.155037
16,77,0.189337
16,78,0.215645
16,79,0.188389
16,80,0.175972
16,81,0.160759
16,82,0.126379
16,83,0.198837
16,84,0.183144
16,85,0.163346
16,86,0.300262
16,87,0.257239
16,88,0.264137
16,89,0.240787
16,90,0.186014
16,91,0.167640
16,92,0.192188
16,93,0.154748
16,94,0.080733
16,95,0.113196
16,96,0.092946
16,97,0.088623
16,98,0.075268
16,99,0.070695
16,100,0.052314
16,101,0.108006
16,102,0.000972
16,103,0.015707
16,104,0.055009
16,105,0.064437
16,106,0.068888
16,107,0.128611
16,108,0.079289
16,109,0.090905
16,110,0.037495
16,111,0.044108
16,112,0.065247
16,113,0.091834
16,114,0.142956
16,115,0.151451
16,116,0.099466
16,117,0.110453
16,118,0.162300
16,119,0.144706
16,120,0.161804
16,121,0.074157
16,122,0.103602
16,123,0.088771
17,1,0.007009
17,2,-0.010612
17,3,-0.014871
17,4,-0.005572
17,5,0.092501
17,6,0.071314
17,7,0.039989
17,8,0.015584
17,9,0.016881
17,10,0.020794
17,11,0.099895
17,12,0.125891
17,13,0.133583
17,14,0.185176
17,15,0.248416
17,16,0.653243
17,17,1.000000
17,18,0.757373
17,19,0.408319
17,20,0.136854
17,21,0.067166
17,22,0.113584
17,23,0.085293
17,24,0.096576
17,25,0.233668
17,26,0.310792
17,27,0.325941
17,28,0.298978
17,29,0.232144
17,30,0.220478
17,31,0.182401
17,32,0.013417
17,33,-0.004251
17,34,0.020855
17,35,-0.021047
17,36,-0.008081
17,37,0.032544
17,38,0.014018
17,39,-0.014438
17,40,-0.051735
17,41,-0.031805
17,42,0.044528
17,43,0.032326
17,44,0.001864
17,45,0.031199
17,46,0.098894
17,47,0.121314
17,48,0.101629
17,49,0.164732
17,50,0.147291
17,51,0.098062
17,52,0.104670
17,53,0.088659
17,54,0.095456
17,55,0.131421
17,56,0.153052
17,57,0.160289
17,58,0.157476
17,59,0.132139
17,60,0.045409
17,61,0.144499
17,62,0.116854
17,63,0.060438
17,64,0.035601
17,65,-0.069850
17,66,0.092679
17,67,0.062552
17,68,0.092524
17,69,0.015896
17,70,0.001694
17,71,0.009948
17,72,0.025874
17,73,-0.017899
17,74,0.054373
17,75,0.137471
17,76,0.098642
17,77,0.115057
17,78,0.138500
17,79,0.113006
17,80,0.116145
17,81,0.091585
17,82,0.076537
17,83,0.082898
17,84,0.001436
17,85,-0.000032
17,86,0.224179
17,87,0.202580
17,88,0.201130
17,89,0.179955
17,90,0.132911
17,91,0.130978
17,92,0.150943
17,93,0.114324
17,94,0.052042
17,95,0.083635
17,96,0.068833
17,97,0.040878
17,98,0.050181
17,99,0.049331
17,100,0.041534
17,101,0.073894
17,102,-0.002832
17,103,0.007335
17,104,0.032418
17,105,0.029346
17,106,0.054275
17,107,0.075510
17,108,0.053715
17,109,0.046721
17,110,0.007881
17,111,0.033234
17,112,0.045023
17,113,0.071906
17,114,0.108519
17,115,0.104119
17,116,0.067710
17,117,0.076503
17,118,0.074342
17,119,0.076468
17,120,0.113639
17,121,0.044125
17,122,0.080659
17,123,0.070005
18,1,0.046467
18,2,0.035464
18,3,0.051537
18,4,0.053921
18,5,0.156203
18,6,0.119809
18,7,0.074155
18,8,0.041259
18,9,0.041431
18,10,0.064754
18,11,0.123435
18,12,0.169161
18,13,0.157976
18,14,0.214416
18,15,0.219462
18,16,0.614809
18,17,0.757373
18,18,1.000000
18,19,0.573920
18,20,0.181809
18,21,0.078868
18,22,0.094370
18,23,0.100438
18,24,0.119899
18,25,0.309388
18,26,0.238990
18,27,0.263183
18,28,0.232855
18,29,0.216893
18,30,0.208078
18,31,0.177332
18,32,0.017779
18,33,0.009015
18,34,0.002412
18,35,-0.006451
18,36,-0.015077
18,37,0.029174
18,38,0.024704
18,39,-0.003849
18,40,-0.040925
18,41,-0.038116
18,42,0.031128
18,43,0.015143
18,44,-0.010748
18,45,0.045910
18,46,0.087179
18,47,0.090619
18,48,0.105286
18,49,0.140986
18,50,0.126213
18,51,0.093113
18,52,0.108482
18,53,0.119902
18,54,0.116430
18,55,0.133209
18,56,0.160673
18,57,0.140509
18,58,0.135612
18,59,0.081664
18,60,0.014904
18,61,0.092638
18,62,0.077935
18,63,0.050814
18,64,0.056640
18,65,-0.028127
18,66,0.102940
18,67,0.028193
18,68,0.074966
18,69,0.005160
18,70,-0.002395
18,71,0.007411
18,72,0.027459
18,73,0.037669
18,74,0.088699
18,75,0.118032
18,76,0.109730
18,77,0.145944
18,78,0.147687
18,79,0.129168
18,80,0.115167
18,81,0.131154
18,82,0.108701
18,83,0.088535
18,84,0.015131
18,85,0.015935
18,86,0.201446
18,87,0.194087
18,88,0.189496
18,89,0.172155
18,90,0.139059
18,91,0.125758
18,92,0.147055
18,93,0.109144
18,94,0.040669
18,95,0.067275
18,96,0.071384
18,97,0.047094
18,98,0.044902
18,99,0.047400
18,100,0.043592
18,101,0.076838
18,102,0.024260
18,103,0.022770
18,104,0.022085
18,105,0.018797
18,106,0.055401
18,107,0.087648
18,108,0.053448
18,109,0.054657
18,110,0.000834
18,111,0.012270
18,112,0.040477
18,113,0.052440
18,114,0.101081
18,115,0.104701
18,116,0.058023
18,117,0.054579
18,118,0.069376
18,119,0.070761
18,120,0.122842
18,121,0.081665
18,122,0.103959
18,123,0.077629
19,1,0.094827
19,2,0.101723
19,3,0.131367
19,4,0.127713
19,5,0.196056
19,6,0.217990
19,7,0.164666
19,8,0.150919
19,9,0.113772
19,10,0.142186
19,11,0.202008
19,12,0.214550
19,13,0.196519
19,14,0.188728
19,15,0.070803
19,16,0.337691
19,17,0.408319
19,18,0.573920
19,19,1.000000
19,20,0.317958
19,21,0.111909
19,22,0.093388
19,23,0.136160
19,24,0.130992
19,25,0.186469
19,26,0.121927
19,27,0.163730
19,28,0.186971
19,29,0.197797
19,30,0.181399
19,31,0.149101
19,32,0.102428
19,33,0.112815
19,34,0.050741
19,35,0.012601
19,36,0.012035
19,37,0.007999
19,38,0.080515
19,39,0.072563
19,40,0.001787
19,41,0.019674
19,42,0.078490
19,43,0.042679
19,44,0.038013
19,45,0.041841
19,46,0.077753
19,47,0.045020
19,48,0.058638
19,49,0.101658
19,50,0.117599
19,51,0.091337
19,52,0.167415
19,53,0.180960
19,54,0.201806
19,55,0.147222
19,56,0.171194
19,57,0.122785
19,58,0.077879
19,59,0.039047
19,60,0.036158
19,61,-0.017997
19,62,-0.010837
19,63,0.053161
19,64,0.079400
19,65,-0.026551
19,66,0.071251
19,67,0.017187
19,68,0.005284
19,69,-0.015866
19,70,-0.033734
19,71,0.026650
19,72,-0.032306
19,73,0.109672
19,74,0.164857
19,75,0.045935
19,76,0.090252
19,77,0.115798
19,78,0.088797
19,79,0.069948
19,80,0.092454
19,81,0.159281
19,82,0.160196
19,83,0.134501
19,84,0.049930
19,85,0.066471
19,86,0.174548
19,87,0.130883
19,88,0.082511
19,89,0.106229
19,90,0.077233
19,91,0.067180
19,92,0.062552
19,93,0.059737
19,94,0.031844
19,95,0.049728
19,96,0.060528
19,97,0.050039
19,98,0.067626
19,99,0.086912
19,100,0.093078
19,101,0.072295
19,102,0.085528
19,103,0.086410
19,104,0.012377
19,105,0.021031
19,106,0.037115
19,107,0.094894
19,108,0.067503
19,109,0.064248
19,110,0.041167
19,111,0.037292
19,112,0.044114
19,113,0.034921
19,114,0.061540
19,115,0.057880
19,116,0.061092
19,117,0.063045
19,118,0.103132
19,119,0.099997
19,120,0.164643
19,121,0.144320
19,122,0.159802
19,123,0.121859
20,1,0.028085
20,2,0.123949
20,3,0.171544
20,4,0.069970
20,5,0.156812
20,6,0.225820
20,7,0.199041
20,8,0.156467
20,9,0.151218
20,10,0.214776
20,11,0.243137
20,12,0.225334
20,13,0.189612
20,14,0.148381
20,15,0.013076
20,16,0.128187
20,17,0.136854
20,18,0.181809
20,19,0.317958
20,20,1.000000
20,21,0.542634
20,22,0.363535
20,23,0.241571
20,24,0.095366
20,25,0.061098
20,26,0.093554
20,27,0.162125
20,28,0.157209
20,29,0.167851
20,30,0.189702
20,31,0.196605
20,32,0.091659
20,33,0.108970
20,34,0.039154
20,35,0.013372
20,36,0.005370
20,37,0.072009
20,38,0.059248
20,39,0.035790
20,40,0.018243
20,41,0.027288
20,42,0.033298
20,43,0.032103
20,44,0.085761
20,45,0.079123
20,46,0.106928
20,47,0.057208
20,48,0.068877
20,49,0.125310
20,50,0.112701
20,51,0.073550
20,52,0.106732
20,53,0.114313
20,54,0.130273
20,55,0.084683
20,56,0.095886
20,57,0.053375
20,58,0.058306
20,59,0.036483
20,60,0.065452
20,61,0.008941
20,62,0.075531
20,63,0.095662
20,64,0.077157
20,65,0.020213
20,66,0.137909
20,67,0.133944
20,68,0.051319
20,69,-0.036844
20,70,-0.016469
20,71,0.025380
20,72,-0.024462
20,73,0.067013
20,74,0.092376
20,75,-0.002811
20,76,0.065310
20,77,0.081453
20,78,0.061128
20,79,0.045928
20,80,0.054446
20,81,0.057510
20,82,0.059602
20,83,0.081326
20,84,0.020651
20,85,0.057702
20,86,0.076615
20,87,0.049921
20,88,0.035311
20,89,0.043394
20,90,0.019793
20,91,0.059273
20,92,0.040258
20,93,0.014850
20,94,0.011624
20,95,0.090702
20,96,0.058383
20,97,0.034902
20,98,0.081537
20,99,0.083808
20,100,0.058915
20,101,0.040958
20,102,-0.030450
20,103,0.026503
20,104,0.032129
20,105,0.044413
20,106,0.036410
20,107,0.080454
20,108,0.072364
20,109,0.056014
20,110,0.039559
20,111,0.070289
20,112,0.075466
20,113,0.069010
20,114,0.055471
20,115,0.039914
20,116,0.033677
20,117,0.042606
20,118,0.089849
20,119,0.118118
20,120,0.139647
20,121,0.122009
20,122,0.076229
20,123,0.089797
21,1,0.069708
21,2,0.134757
21,3,0.174892
21,4,0.088352
21,5,0.167079
21,6,0.257977
21,7,0.214476
21,8,0.159642
21,9,0.153042
21,10,0.223733
21,11,0.268435
21,12,0.252011
21,13,0.208498
21,14,0.167514
21,15,-0.001599
21,16,0.086353
21,17,0.067166
21,18,0.078868
21,19,0.111909
21,20,0.542634
21,21,1.000000
21,22,0.524943
21,23,0.293355
21,24,0.115842
21,25,0.002937
21,26,0.074065
21,27,0.139385
21,28,0.143515
21,29,0.182387
21,30,0.198439
21,31,0.173763
21,32,0.074201
21,33,0.124704
21,34,0.063129
21,35,0.034652
21,36,0.040060
21,37,0.097369
21,38,0.062162
21,39,0.056998
21,40,0.066793
21,41,0.039314
21,42,0.031563
21,43,0.025578
21,44,0.075070
21,45,0.062837
21,46,0.112393
21,47,0.062858
21,48,0.054199
21,49,0.101323
21,50,0.089640
21,51,0.038697
21,52,0.097133
21,53,0.122747
21,54,0.128289
21,55,0.102796
21,56,0.121724
21,57,0.059463
21,58,0.063687
21,59,0.044127
21,60,0.080943
21,61,0.042983
21,62,0.100820
21,63,0.087117
21,64,0.084222
21,65,0.020129
21,66,0.141781
21,67,0.201629
21,68,0.096214
21,69,0.038354
21,70,-0.019472
21,71,0.015886
21,72,-0.045795
21,73,0.088941
21,74,0.120610
21,75,0.014839
21,76,0.114883
21,77,0.087271
21,78,0.039596
21,79,0.039606
21,80,0.060898
21,81,0.063431
21,82,0.056969
21,83,0.086606
21,84,0.023287
21,85,0.064432
21,86,0.066905
21,87,0.021974
21,88,0.009077
21,89,0.030270
21,90,0.009264
21,91,0.025135
21,92,0.035304
21,93,0.013479
21,94,0.011904
21,95,0.104249
21,96,0.083656
21,97,0.053659
21,98,0.105399
21,99,0.130907
21,100,0.107772
21,101,0.098290
21,102,-0.014301
21,103,0.092786
21,104,0.024464
21,105,0.023687
21,106,0.008350
21,107,0.070810
21,108,0.076434
21,109,0.070441
21,110,0.062725
21,111,0.098832
21,112,0.077933
21,113,0.089030
21,114,0.058906
21,115,0.027333
21,116,0.042728
21,117,0.045014
21,118,0.065024
21,119,0.108789
21,120,0.122065
21,121,0.099811
21,122,0.069389
21,123,0.075384
22,1,0.011408
22,2,0.094528
22,3,0.099824
22,4,0.089101
22,5,0.159978
22,6,0.236921
22,7,0.226157
22,8,0.193215
22,9,0.214603
22,10,0.280409
22,11,0.321550
22,12,0.273345
22,13,0.230406
22,14,0.201048
22,15,0.057045
22,16,0.140449
22,17,0.113584
22,18,0.094370
22,19,0.093388
22,20,0.363535
22,21,0.524943
22,22,1.000000
22,23,0.594408
22,24,0.254176
22,25,0.103766
22,26,0.206434
22,27,0.246131
22,28,0.240817
22,29,0.244884
22,30,0.263055
22,31,0.295342
22,32,0.124241
22,33,0.112007
22,34,0.077509
22,35,0.087646
22,36,0.074420
22,37,0.168564
22,38,0.099246
22,39,0.074596
22,40,0.081883
22,41,0.048087
22,42,0.052306
22,43,0.040238
22,44,0.117846
22,45,0.056434
22,46,0.165758
22,47,0.141931
22,48,0.070008
22,49,0.194294
22,50,0.152730
22,51,0.043066
22,52,0.119512
22,53,0.123806
22,54,0.117002
22,55,0.101919
22,56,0.103251
22,57,0.078386
22,58,0.137820
22,59,0.119979
22,60,0.124767
22,61,0.177224
22,62,0.201727
22,63,0.202457
22,64,0.105474
22,65,0.020299
22,66,0.227589
22,67,0.485576
22,68,0.353801
22,69,0.112328
22,70,0.064599
22,71,0.040851
22,72,0.032203
22,73,0.081652
22,74,0.103210
22,75,0.031947
22,76,0.108864
22,77,0.104666
22,78,0.085682
22,79,0.073424
22,80,0.077722
22,81,0.076084
22,82,0.074929
22,83,0.088071
22,84,0.019398
22,85,0.055435
22,86,0.104908
22,87,0.062122
22,88,0.090995
22,89,0.095090
22,90,0.067423
22,91,0.080662
22,92,0.093703
22,93,0.053899
22,94,0.021476
22,95,0.124758
22,96,0.107338
22,97,0.070775
22,98,0.108614
22,99,0.138496
22,100,0.113723
22,101,0.093802
22,102,-0.023825
22,103,0.012871
22,104,-0.011930
22,105,-0.024943
22,106,-0.039568
22,107,0.046629
22,108,0.077018
22,109,0.081546
22,110,0.065780
22,111,0.106003
22,112,0.105440
22,113,0.146908
22,114,0.131049
22,115,0.105785
22,116,0.073567
22,117,0.073656
22,118,0.104040
22,119,0.118656
22,120,0.102512
22,121,0.055010
22,122,0.058898
22,123,0.078572
23,1,0.023733
23,2,0.053738
23,3,0.098206
23,4,0.111537
23,5,0.102291
23,6,0.182247
23,7,0.188197
23,8,0.206647
23,9,0.215235
23,10,0.250689
23,11,0.261139
23,12,0.204334
23,13,0.179804
23,14,0.156003
23,15,0.077970
23,16,0.113622
23,17,0.085293
23,18,0.100438
23,19,0.136160
23,20,0.241571
23,21,0.293355
23,22,0.594408
23,23,1.000000
23,24,0.493035
23,25,0.117176
23,26,0.168856
23,27,0.198268
23,28,0.216255
23,29,0.204419
23,30,0.204781
23,31,0.237605
23,32,0.135424
23,33,0.140401
23,34,0.089602
23,35,0.033948
23,36,0.002165
23,37,0.095563
23,38,0.086821
23,39,0.079592
23,40,0.045218
23,41,0.040440
23,42,0.065555
23,43,0.028999
23,44,0.097719
23,45,0.037897
23,46,0.113508
23,47,0.118583
23,48,0.059258
23,49,0.160783
23,50,0.136343
23,51,0.058001
23,52,0.124532
23,53,0.134766
23,54,0.115750
23,55,0.071089
23,56,0.061247
23,57,0.079762
23,58,0.067719
23,59,0.067903
23,60,0.087736
23,61,0.132247
23,62,0.140971
23,63,0.163213
23,64,0.100236
23,65,0.033952
23,66,0.150191
23,67,0.380035
23,68,0.346270
23,69,0.133805
23,70,0.068774
23,71,-0.016231
23,72,0.038331
23,73,0.031740
23,74,0.017317
23,75,0.031915
23,76,0.020101
23,77,0.060602
23,78,0.091434
23,79,0.111444
23,80,0.097340
23,81,0.088045
23,82,0.098346
23,83,0.077024
23,84,0.022721
23,85,0.050341
23,86,0.102260
23,87,0.086756
23,88,0.093079
23,89,0.071602
23,90,0.046275
23,91,0.052242
23,92,0.062122
23,93,0.025181
23,94,0.007254
23,95,0.056019
23,96,0.048688
23,97,0.020545
23,98,0.057484
23,99,0.091317
23,100,0.089352
23,101,0.015938
23,102,-0.034690
23,103,-0.043501
23,104,0.001593
23,105,-0.004031
23,106,-0.017691
23,107,0.028341
23,108,0.025520
23,109,0.031648
23,110,0.029373
23,111,0.060468
23,112,0.080526
23,113,0.095942
23,114,0.097109
23,115,0.093389
23,116,0.061825
23,117,0.050985
23,118,0.073496
23,119,0.096946
23,120,0.118343
23,121,0.114927
23,122,0.085203
23,123,0.086393
24,1,0.008313
24,2,0.042902
24,3,0.018702
24,4,0.037905
24,5,0.049978
24,6,0.088144
24,7,0.136495
24,8,0.128654
24,9,0.131939
24,10,0.185132
24,11,0.146171
24,12,0.099936
24,13,0.066975
24,14,0.057156
24,15,0.023666
24,16,0.105899
24,17,0.096576
24,18,0.119899
24,19,0.130992
24,20,0.095366
24,21,0.115842
24,22,0.254176
24,23,0.493035
24,24,1.000000
24,25,0.280375
24,26,0.159349
24,27,0.135104
24,28,0.130650
24,29,0.089776
24,30,0.066267
24,31,0.127290
24,32,0.111332
24,33,0.121179
24,34,0.052994
24,35,0.042301
24,36,0.014901
24,37,0.063030
24,38,0.065619
24,39,0.099761
24,40,0.026537
24,41,0.055518
24,42,0.062639
24,43,0.010716
24,44,0.012883
24,45,0.031235
24,46,0.031295
24,47,0.068939
24,48,0.037300
24,49,0.071837
24,50,0.073681
24,51,0.000648
24,52,0.020449
24,53,0.043457
24,54,-0.001296
24,55,-0.013760
24,56,-0.006375
24,57,-0.006146
24,58,0.009897
24,59,0.031688
24,60,0.034328
24,61,0.109934
24,62,0.102283
24,63,0.086385
24,64,0.045848
24,65,-0.010255
24,66,0.073999
24,67,0.262733
24,68,0.283459
24,69,0.044618
24,70,-0.029666
24,71,-0.055923
24,72,-0.020758
24,73,-0.021474
24,74,-0.031255
24,75,-0.019750
24,76,-0.014257
24,77,0.001809
24,78,0.039952
24,79,0.069124
24,80,0.045774
24,81,0.021966
24,82,0.032088
24,83,0.000911
24,84,-0.058676
24,85,-0.032367
24,86,0.060650
24,87,0.042866
24,88,0.063040
24,89,0.067966
24,90,0.055142
24,91,0.062588
24,92,0.061075
24,93,0.040146
24,94,0.014511
24,95,0.037018
24,96,0.075172
24,97,0.066885
24,98,0.066228
24,99,0.097060
24,100,0.094449
24,101,0.018344
24,102,-0.021325
24,103,-0.040727
24,104,-0.008525
24,105,-0.013769
24,106,-0.017085
24,107,0.018152
24,108,0.016798
24,109,0.022117
24,110,0.034100
24,111,0.014969
24,112,0.025871
24,113,0.044209
24,114,0.046812
24,115,0.041029
24,116,0.019320
24,117,0.014958
24,118,0.009655
24,119,0.001208
24,120,0.034561
24,121,0.060789
24,122,0.037254
24,123,0.027391
25,1,0.014360
25,2,0.036732
25,3,-0.014126
25,4,-0.000462
25,5,0.109678
25,6,0.034115
25,7,0.020064
25,8,0.041299
25,9,0.093235
25,10,0.081103
25,11,0.067149
25,12,0.112031
25,13,0.101999
25,14,0.135668
25,15,0.088180
25,16,0.225975
25,17,0.233668
25,18,0.309388
25,19,0.186469
25,20,0.061098
25,21,0.002937
25,22,0.103766
25,23,0.117176
25,24,0.280375
25,25,1.000000
25,26,0.360749
25,27,0.270741
25,28,0.213234
25,29,0.158215
25,30,0.191067
25,31,0.250184
25,32,0.169461
25,33,0.039838
25,34,0.034180
25,35,0.004956
25,36,0.037196
25,37,0.058232
25,38,0.049434
25,39,0.035756
25,40,0.014558
25,41,0.002227
25,42,0.017653
25,43,0.013342
25,44,0.017049
25,45,0.031389
25,46,0.062188
25,47,0.096627
25,48,0.071638
25,49,0.104582
25,50,0.087971
25,51,0.047423
25,52,0.067077
25,53,0.069585
25,54,0.065204
25,55,0.070287
25,56,0.099651
25,57,0.099809
25,58,0.100266
25,59,0.075921
25,60,0.001148
25,61,0.118028
25,62,0.103984
25,63,0.083077
25,64,0.053197
25,65,-0.001827
25,66,0.083754
25,67,0.084234
25,68,0.137553
25,69,0.032801
25,70,0.003577
25,71,0.043857
25,72,0.061679
25,73,0.056382
25,74,0.079604
25,75,0.062530
25,76,0.105857
25,77,0.102512
25,78,0.113132
25,79,0.093860
25,80,0.095545
25,81,0.076024
25,82,0.051126
25,83,0.058355
25,84,-0.001676
25,85,0.004956
25,86,0.151741
25,87,0.134971
25,88,0.144501
25,89,0.139084
25,90,0.106198
25,91,0.111441
25,92,0.109069
25,93,0.093377
25,94,0.059390
25,95,0.049521
25,96,0.050531
25,97,0.056706
25,98,0.033691
25,99,0.033790
25,100,0.041251
25,101,0.046145
25,102,0.026165
25,103,0.007200
25,104,0.030830
25,105,0.017211
25,106,0.020969
25,107,0.047261
25,108,0.036705
25,109,0.039829
25,110,0.040773
25,111,0.023459
25,112,0.004663
25,113,0.027708
25,114,0.065184
25,115,0.090942
25,116,0.045726
25,117,0.063863
25,118,0.028378
25,119,0.024364
25,120,0.045547
25,121,0.048328
25,122,0.064528
25,123,0.015323
26,1,-0.065527
26,2,0.046383
26,3,-0.012296
26,4,-0.006448
26,5,0.094992
26,6,0.065800
26,7,0.050731
26,8,0.092279
26,9,0.174880
26,10,0.167884
26,11,0.226429
26,12,0.192006
26,13,0.165722
26,14,0.210420
26,15,0.164402
26,16,0.326167
26,17,0.310792
26,18,0.238990
26,19,0.121927
26,20,0.093554
26,21,0.074065
26,22,0.206434
26,23,0.168856
26,24,0.159349
26,25,0.360749
26,26,1.000000
26,27,0.703912
26,28,0.544498
26,29,0.343410
26,30,0.444166
26,31,0.519212
26,32,0.179878
26,33,0.066870
26,34,0.053325
26,35,0.107428
26,36,0.062901
26,37,0.130223
26,38,0.104020
26,39,0.062530
26,40,0.034386
26,41,-0.008245
26,42,0.029151
26,43,0.032683
26,44,0.006163
26,45,0.002140
26,46,0.098003
26,47,0.151395
26,48,0.085780
26,49,0.187009
26,50,0.148689
26,51,0.088657
26,52,0.120603
26,53,0.077744
26,54,0.075667
26,55,0.105520
26,56,0.145997
26,57,0.162968
26,58,0.205444
26,59,0.150546
26,60,0.087549
26,61,0.199257
26,62,0.198858
26,63,0.161229
26,64,0.060001
26,65,-0.041194
26,66,0.114639
26,67,0.195698
26,68,0.210422
26,69,0.070333
26,70,0.043938
26,71,0.058834
26,72,0.096050
26,73,0.046294
26,74,0.075177
26,75,0.130835
26,76,0.123694
26,77,0.153858
26,78,0.169681
26,79,0.151542
26,80,0.159582
26,81,0.113820
26,82,0.094465
26,83,0.071679
26,84,-0.002317
26,85,0.017755
26,86,0.207623
26,87,0.162401
26,88,0.201737
26,89,0.195162
26,90,0.153417
26,91,0.118615
26,92,0.150689
26,93,0.109286
26,94,0.052244
26,95,0.080790
26,96,0.102559
26,97,0.100687
26,98,0.087537
26,99,0.090579
26,100,0.097398
26,101,0.150219
26,102,0.023827
26,103,0.006714
26,104,0.030587
26,105,0.027730
26,106,0.047975
26,107,0.087146
26,108,0.097607
26,109,0.094641
26,110,0.059986
26,111,0.053499
26,112,0.036378
26,113,0.086371
26,114,0.107387
26,115,0.147492
26,116,0.100477
26,117,0.115066
26,118,0.088467
26,119,0.063546
26,120,0.069111
26,121,0.013350
26,122,0.062379
26,123,0.040942
27,1,0.028364
27,2,0.112952
27,3,0.149503
27,4,0.106362
27,5,0.306655
27,6,0.262623
27,7,0.188495
27,8,0.182893
27,9,0.199941
27,10,0.223250
27,11,0.370432
27,12,0.411308
27,13,0.432555
27,14,0.460213
27,15,0.231878
27,16,0.405431
27,17,0.325941
27,18,0.263183
27,19,0.163730
27,20,0.162125
27,21,0.139385
27,22,0.246131
27,23,0.198268
27,24,0.135104
27,25,0.270741
27,26,0.703912
27,27,1.000000
27,28,0.813938
27,29,0.614055
27,30,0.639011
27,31,0.556661
27,32,0.164371
27,33,0.095218
27,34,0.087549
27,35,0.104109
27,36,0.095547
27,37,0.175263
27,38,0.106141
27,39,0.053271
27,40,0.030425
27,41,-0.009334
27,42,0.053379
27,43,0.059153
27,44,0.037424
27,45,0.037956
27,46,0.131843
27,47,0.134107
27,48,0.092826
27,49,0.184254
27,50,0.160138
27,51,0.101436
27,52,0.202075
27,53,0.192335
27,54,0.240651
27,55,0.284070
27,56,0.325207
27,57,0.284798
27,58,0.281303
27,59,0.237023
27,60,0.121108
27,61,0.211136
27,62,0.245695
27,63,0.210098
27,64,0.096790
27,65,-0.020381
27,66,0.184462
27,67,0.231678
27,68,0.218978
27,69,0.120185
27,70,0.124008
27,71,0.148616
27,72,0.132853
27,73,0.151723
27,74,0.230547
27,75,0.190966
27,76,0.246562
27,77,0.277303
27,78,0.267070
27,79,0.218242
27,80,0.224974
27,81,0.203011
27,82,0.154933
27,83,0.247220
27,84,0.130300
27,85,0.166344
27,86,0.323213
27,87,0.253308
27,88,0.278939
27,89,0.276439
27,90,0.212663
27,91,0.202931
27,92,0.231479
27,93,0.159115
27,94,0.066082
27,95,0.119094
27,96,0.119161
27,97,0.092118
27,98,0.092605
27,99,0.112765
27,100,0.094172
27,101,0.122479
27,102,0.025488
27,103,0.063726
27,104,0.062597
27,105,0.060903
27,106,0.054036
27,107,0.111006
27,108,0.115867
27,109,0.129010
27,110,0.079594
27,111,0.109245
27,112,0.086629
27,113,0.129953
27,114,0.156834
27,115,0.198605
27,116,0.152060
27,117,0.160399
27,118,0.199685
27,119,0.185660
27,120,0.182302
27,121,0.087273
27,122,0.119605
27,123,0.110757
28,1,0.036135
28,2,0.096811
28,3,0.241364
28,4,0.204546
28,5,0.417057
28,6,0.368088
28,7,0.224608
28,8,0.195964
28,9,0.226043
28,10,0.254221
28,11,0.425083
28,12,0.486641
28,13,0.555626
28,14,0.579699
28,15,0.219295
28,16,0.386112
28,17,0.298978
28,18,0.232855
28,19,0.186971
28,20,0.157209
28,21,0.143515
28,22,0.240817
28,23,0.216255
28,24,0.130650
28,25,0.213234
28,26,0.544498
28,27,0.813938
28,28,1.000000
28,29,0.774992
28,30,0.647934
28,31,0.523257
28,32,0.191561
28,33,0.140854
28,34,0.106377
28,35,0.124317
28,36,0.116529
28,37,0.198677
28,38,0.119333
28,39,0.103297
28,40,0.046669
28,41,0.033408
28,42,0.078003
28,43,0.083464
28,44,0.015133
28,45,0.025865
28,46,0.116330
28,47,0.124311
28,48,0.106666
28,49,0.197909
28,50,0.182178
28,51,0.107768
28,52,0.258973
28,53,0.258982
28,54,0.322612
28,55,0.371760
28,56,0.404997
28,57,0.338634
28,58,0.325638
28,59,0.271353
28,60,0.142067
28,61,0.236407
28,62,0.273188
28,63,0.247912
28,64,0.124729
28,65,-0.032624
28,66,0.207289
28,67,0.247225
28,68,0.219347
28,69,0.143458
28,70,0.130949
28,71,0.174065
28,72,0.160249
28,73,0.235208
28,74,0.340796
28,75,0.210762
28,76,0.310798
28,77,0.341687
28,78,0.302599
28,79,0.231216
28,80,0.246133
28,81,0.262812
28,82,0.231008
28,83,0.329571
28,84,0.215475
28,85,0.241074
28,86,0.382603
28,87,0.286036
28,88,0.301084
28,89,0.307533
28,90,0.225893
28,91,0.221012
28,92,0.253108
28,93,0.178718
28,94,0.062445
28,95,0.153422
28,96,0.139416
28,97,0.082091
28,98,0.107912
28,99,0.160606
28,100,0.142894
28,101,0.168596
28,102,0.048673
28,103,0.099022
28,104,0.070406
28,105,0.080837
28,106,0.070117
28,107,0.131556
28,108,0.113460
28,109,0.161483
28,110,0.117887
28,111,0.144127
28,112,0.113868
28,113,0.145262
28,114,0.168329
28,115,0.201260
28,116,0.166396
28,117,0.170263
28,118,0.241007
28,119,0.241640
28,120,0.250901
28,121,0.138972
28,122,0.183302
28,123,0.158985
29,1,0.133310
29,2,0.113998
29,3,0.364075
29,4,0.293219
29,5,0.598341
29,6,0.487750
29,7,0.270831
29,8,0.215928
29,9,0.217474
29,10,0.260895
29,11,0.471135
29,12,0.629971
29,13,0.774245
29,14,0.809863
29,15,0.243559
29,16,0.342115
29,17,0.232144
29,18,0.216893
29,19,0.197797
29,20,0.167851
29,21,0.182387
29,22,0.244884
29,23,0.204419
29,24,0.089776
29,25,0.158215
29,26,0.343410
29,27,0.614055
29,28,0.774992
29,29,1.000000
29,30,0.674955
29,31,0.466322
29,32,0.185143
29,33,0.141661
29,34,0.093546
29,35,0.116984
29,36,0.143404
29,37,0.231086
29,38,0.116100
29,39,0.087851
29,40,0.059533
29,41,0.035113
29,42,0.070786
29,43,0.090871
29,44,0.063429
29,45,0.050165
29,46,0.141773
29,47,0.121246
29,48,0.084775
29,49,0.187900
29,50,0.154802
29,51,0.109619
29,52,0.310089
29,53,0.335811
29,54,0.423921
29,55,0.472785
29,56,0.491362
29,57,0.372881
29,58,0.378517
29,59,0.334803
29,60,0.177527
29,61,0.265437
29,62,0.294542
29,63,0.291232
29,64,0.186809
29,65,0.041201
29,66,0.297651
29,67,0.268628
29,68,0.201503
29,69,0.176567
29,70,0.167997
29,71,0.238218
29,72,0.223289
29,73,0.371465
29,74,0.476017
29,75,0.239777
29,76,0.409596
29,77,0.448454
29,78,0.367146
29,79,0.274016
29,80,0.299961
29,81,0.352394
29,82,0.316871
29,83,0.429390
29,84,0.344483
29,85,0.361630
29,86,0.416370
29,87,0.309877
29,88,0.316237
29,89,0.338175
29,90,0.219962
29,91,0.226743
29,92,0.264940
29,93,0.164880
29,94,0.063420
29,95,0.172773
29,96,0.132520
29,97,0.066300
29,98,0.113827
29,99,0.159169
29,100,0.130787
29,101,0.183580
29,102,0.072376
29,103,0.175902
29,104,0.103700
29,105,0.116994
29,106,0.074126
29,107,0.159469
29,108,0.125568
29,109,0.193260
29,110,0.133073
29,111,0.166893
29,112,0.131026
29,113,0.155284
29,114,0.175443
29,115,0.214929
29,116,0.183526
29,117,0.191754
29,118,0.297841
29,119,0.292141
29,120,0.292917
29,121,0.187626
29,122,0.209732
29,123,0.202981
30,1,0.106514
30,2,0.110666
30,3,0.268337
30,4,0.207606
30,5,0.443207
30,6,0.430040
30,7,0.272944
30,8,0.249609
30,9,0.281249
30,10,0.312803
30,11,0.539032
30,12,0.663117
30,13,0.629594
30,14,0.594388
30,15,0.202842
30,16,0.310757
30,17,0.220478
30,18,0.208078
30,19,0.181399
30,20,0.189702
30,21,0.198439
30,22,0.263055
30,23,0.204781
30,24,0.066267
30,25,0.191067
30,26,0.444166
30,27,0.639011
30,28,0.647934
30,29,0.674955
30,30,1.000000
30,31,0.745841
30,32,0.196388
30,33,0.130379
30,34,0.093571
30,35,0.123953
30,36,0.129464
30,37,0.234166
30,38,0.154547
30,39,0.106260
30,40,0.059974
30,41,0.025884
30,42,0.063416
30,43,0.072772
30,44,0.070531
30,45,0.066690
30,46,0.178161
30,47,0.165745
30,48,0.102746
30,49,0.202154
30,50,0.169077
30,51,0.107973
30,52,0.284942
30,53,0.285050
30,54,0.358900
30,55,0.398346
30,56,0.407632
30,57,0.310320
30,58,0.327311
30,59,0.303793
30,60,0.196900
30,61,0.231180
30,62,0.262789
30,63,0.284305
30,64,0.195045
30,65,0.043530
30,66,0.253326
30,67,0.267230
30,68,0.234925
30,69,0.185611
30,70,0.200403
30,71,0.245088
30,72,0.180238
30,73,0.268166
30,74,0.337132
30,75,0.186652
30,76,0.316486
30,77,0.370985
30,78,0.333022
30,79,0.246082
30,80,0.272734
30,81,0.286627
30,82,0.224884
30,83,0.320956
30,84,0.248815
30,85,0.268835
30,86,0.389189
30,87,0.293127
30,88,0.313811
30,89,0.316597
30,90,0.227039
30,91,0.212861
30,92,0.245855
30,93,0.163244
30,94,0.052548
30,95,0.152519
30,96,0.137735
30,97,0.077450
30,98,0.112974
30,99,0.155962
30,100,0.138602
30,101,0.181737
30,102,0.086216
30,103,0.133658
30,104,0.056110
30,105,0.076489
30,106,0.048246
30,107,0.134326
30,108,0.122229
30,109,0.163550
30,110,0.105993
30,111,0.141582
30,112,0.124960
30,113,0.156212
30,114,0.182999
30,115,0.213295
30,116,0.165222
30,117,0.169367
30,118,0.256868
30,119,0.260255
30,120,0.253407
30,121,0.164197
30,122,0.170838
30,123,0.167080
31,1,0.049136
31,2,0.137200
31,3,0.188579
31,4,0.149396
31,5,0.254487
31,6,0.343038
31,7,0.290240
31,8,0.297738
31,9,0.442159
31,10,0.475410
31,11,0.578135
31,12,0.529028
31,13,0.406170
31,14,0.365170
31,15,0.156585
31,16,0.249144
31,17,0.182401
31,18,0.177332
31,19,0.149101
31,20,0.196605
31,21,0.173763
31,22,0.295342
31,23,0.237605
31,24,0.127290
31,25,0.250184
31,26,0.519212
31,27,0.556661
31,28,0.523257
31,29,0.466322
31,30,0.745841
31,31,1.000000
31,32,0.319583
31,33,0.169356
31,34,0.073629
31,35,0.115494
31,36,0.080073
31,37,0.208441
31,38,0.178321
31,39,0.130978
31,40,0.077806
31,41,0.052416
31,42,0.078034
31,43,0.075676
31,44,0.057969
31,45,0.065564
31,46,0.169319
31,47,0.184379
31,48,0.112147
31,49,0.217294
31,50,0.170895
31,51,0.100811
31,52,0.220798
31,53,0.207057
31,54,0.237952
31,55,0.257240
31,56,0.277692
31,57,0.233824
31,58,0.246317
31,59,0.219600
31,60,0.155346
31,61,0.190722
31,62,0.225327
31,63,0.240683
31,64,0.157232
31,65,0.029142
31,66,0.171230
31,67,0.261825
31,68,0.239754
31,69,0.130892
31,70,0.128534
31,71,0.145030
31,72,0.135637
31,73,0.156142
31,74,0.174954
31,75,0.115371
31,76,0.184641
31,77,0.247076
31,78,0.242238
31,79,0.190393
31,80,0.213258
31,81,0.223070
31,82,0.189484
31,83,0.218187
31,84,0.134425
31,85,0.135953
31,86,0.297738
31,87,0.220518
31,88,0.246136
31,89,0.244245
31,90,0.182270
31,91,0.159308
31,92,0.200565
31,93,0.167270
31,94,0.080482
31,95,0.134139
31,96,0.148978
31,97,0.126045
31,98,0.119439
31,99,0.144722
31,100,0.159356
31,101,0.143203
31,102,0.044382
31,103,0.047443
31,104,0.024119
31,105,0.041083
31,106,0.037102
31,107,0.110697
31,108,0.106162
31,109,0.117853
31,110,0.074545
31,111,0.083921
31,112,0.086199
31,113,0.137968
31,114,0.154509
31,115,0.178299
31,116,0.154886
31,117,0.136200
31,118,0.186329
31,119,0.181214
31,120,0.176463
31,121,0.100774
31,122,0.114818
31,123,0.096049
32,1,-0.049721
32,2,0.135362
32,3,0.132030
32,4,0.090544
32,5,0.129519
32,6,0.203668
32,7,0.233252
32,8,0.312145
32,9,0.469031
32,10,0.427045
32,11,0.319043
32,12,0.195297
32,13,0.162984
32,14,0.127158
32,15,-0.054752
32,16,-0.008147
32,17,0.013417
32,18,0.017779
32,19,0.102428
32,20,0.091659
32,21,0.074201
32,22,0.124241
32,23,0.135424
32,24,0.111332
32,25,0.169461
32,26,0.179878
32,27,0.164371
32,28,0.191561
32,29,0.185143
32,30,0.196388
32,31,0.319583
32,32,1.000000
32,33,0.593529
32,34,0.231172
32,35,0.164991
32,36,-0.006354
32,37,0.050868
32,38,0.070682
32,39,0.089231
32,40,0.055305
32,41,0.056119
32,42,0.051176
32,43,0.045602
32,44,0.042952
32,45,0.029413
32,46,0.018032
32,47,0.037242
32,48,0.031781
32,49,0.065427
32,50,0.035101
32,51,0.020897
32,52,0.064162
32,53,0.062815
32,54,0.087482
32,55,0.076918
32,56,0.094912
32,57,0.070176
32,58,0.014862
32,59,0.002135
32,60,-0.037877
32,61,-0.025369
32,62,0.026747
32,63,0.062937
32,64,0.029587
32,65,0.007222
32,66,0.003650
32,67,0.104985
32,68,0.064010
32,69,0.001335
32,70,-0.042259
32,71,0.024075
32,72,-0.030477
32,73,0.057054
32,74,0.060425
32,75,-0.005081
32,76,0.047867
32,77,0.052891
32,78,0.023864
32,79,0.030169
32,80,0.064025
32,81,0.084022
32,82,0.064120
32,83,0.068861
32,84,0.018690
32,85,0.038400
32,86,0.050624
32,87,0.010569
32,88,0.024363
32,89,0.032342
32,90,0.008558
32,91,0.020368
32,92,0.040618
32,93,0.016731
32,94,0.014168
32,95,0.092206
32,96,0.080288
32,97,0.084269
32,98,0.095481
32,99,0.087800
32,100,0.088261
32,101,0.055430
32,102,-0.020820
32,103,0.041772
32,104,-0.001090
32,105,-0.000078
32,106,-0.027566
32,107,0.046263
32,108,0.034745
32,109,0.061255
32,110,0.027738
32,111,0.057522
32,112,0.040546
32,113,0.062213
32,114,0.047126
32,115,0.035825
32,116,0.023570
32,117,0.012760
32,118,0.043373
32,119,0.038880
32,120,0.061984
32,121,0.032185
32,122,0.028609
32,123,0.037858
33,1,-0.096334
33,2,0.132725
33,3,0.152235
33,4,0.087753
33,5,0.106261
33,6,0.228323
33,7,0.254495
33,8,0.340933
33,9,0.459021
33,10,0.425930
33,11,0.315837
33,12,0.176821
33,13,0.146698
33,14,0.090722
33,15,-0.101162
33,16,-0.026764
33,17,-0.004251
33,18,0.009015
33,19,0.112815
33,20,0.108970
33,21,0.124704
33,22,0.112007
33,23,0.140401
33,24,0.121179
33,25,0.039838
33,26,0.066870
33,27,0.095218
33,28,0.140854
33,29,0.141661
33,30,0.130379
33,31,0.169356
33,32,0.593529
33,33,1.000000
33,34,0.467749
33,35,0.277422
33,36,0.002651
33,37,0.074394
33,38,0.087503
33,39,0.109553
33,40,0.070580
33,41,0.090597
33,42,0.068786
33,43,0.044234
33,44,0.018613
33,45,0.029669
33,46,0.008767
33,47,0.013540
33,48,0.023472
33,49,0.043089
33,50,0.033952
33,51,-0.014429
33,52,0.026725
33,53,0.032122
33,54,0.043194
33,55,0.041422
33,56,0.065206
33,57,0.033883
33,58,-0.021705
33,59,-0.030477
33,60,-0.021225
33,61,-0.048624
33,62,0.030784
33,63,0.018868
33,64,-0.029684
33,65,-0.093607
33,66,-0.039514
33,67,0.117222
33,68,0.030137
33,69,-0.079054
33,70,-0.101715
33,71,-0.059126
33,72,-0.138640
33,73,0.003239
33,74,0.021754
33,75,-0.045357
33,76,0.037105
33,77,0.042980
33,78,0.008360
33,79,0.033735
33,80,0.066720
33,81,0.109732
33,82,0.058399
33,83,0.028872
33,84,-0.031659
33,85,0.014909
33,86,0.005549
33,87,-0.020179
33,88,-0.039912
33,89,-0.030769
33,90,-0.035212
33,91,-0.022092
33,92,0.014031
33,93,0.003710
33,94,-0.001712
33,95,0.099945
33,96,0.092520
33,97,0.067273
33,98,0.092108
33,99,0.118878
33,100,0.129088
33,101,0.084010
33,102,-0.047738
33,103,0.013502
33,104,-0.021756
33,105,-0.029378
33,106,-0.034984
33,107,0.028958
33,108,0.067317
33,109,0.073185
33,110,0.076575
33,111,0.079956
33,112,0.065220
33,113,0.052076
33,114,0.009482
33,115,-0.028092
33,116,0.003415
33,117,0.002994
33,118,0.032325
33,119,0.040082
33,120,0.070298
33,121,0.049628
33,122,0.026510
33,123,0.038380
34,1,-0.136543
34,2,-0.059510
34,3,-0.049817
34,4,-0.029711
34,5,0.005350
34,6,0.049337
34,7,0.085269
34,8,0.190053
34,9,0.180470
34,10,0.149999
34,11,0.152476
34,12,0.056388
34,13,0.070615
34,14,0.052312
34,15,-0.027059
34,16,-0.019722
34,17,0.020855
34,18,0.002412
34,19,0.050741
34,20,0.039154
34,21,0.063129
34,22,0.077509
34,23,0.089602
34,24,0.052994
34,25,0.034180
34,26,0.053325
34,27,0.087549
34,28,0.106377
34,29,0.093546
34,30,0.093571
34,31,0.073629
34,32,0.231172
34,33,0.467749
34,34,1.000000
34,35,0.245857
34,36,0.075165
34,37,0.101986
34,38,0.058932
34,39,0.085461
34,40,0.064982
34,41,0.037848
34,42,0.025452
34,43,0.006553
34,44,-0.015048
34,45,0.016286
34,46,-0.031129
34,47,-0.003701
34,48,0.026568
34,49,0.037949
34,50,0.024195
34,51,-0.012270
34,52,-0.024528
34,53,-0.037218
34,54,-0.036668
34,55,0.007745
34,56,0.003741
34,57,-0.011542
34,58,-0.007345
34,59,0.000997
34,60,-0.002709
34,61,0.023711
34,62,0.083534
34,63,0.042027
34,64,-0.005202
34,65,-0.135701
34,66,-0.052843
34,67,0.118158
34,68,0.074755
34,69,0.035864
34,70,0.013640
34,71,-0.027904
34,72,-0.101743
34,73,-0.080866
34,74,-0.094909
34,75,-0.054999
34,76,-0.005499
34,77,0.006984
34,78,-0.014574
34,79,-0.010617
34,80,0.021869
34,81,0.028333
34,82,-0.043267
34,83,-0.072833
34,84,-0.032352
34,85,0.031499
34,86,-0.029397
34,87,-0.042172
34,88,-0.044858
34,89,-0.028725
34,90,-0.035806
34,91,-0.010887
34,92,0.017643
34,93,-0.022361
34,94,-0.025705
34,95,0.064157
34,96,0.035517
34,97,-0.022030
34,98,0.053512
34,99,0.109426
34,100,0.079616
34,101,0.034408
34,102,-0.109377
34,103,-0.082422
34,104,-0.052095
34,105,-0.067573
34,106,-0.057641
34,107,0.009776
34,108,0.039707
34,109,0.019085
34,110,0.047789
34,111,0.046192
34,112,0.036379
34,113,0.054778
34,114,-0.004076
34,115,-0.017238
34,116,0.009080
34,117,0.001044
34,118,-0.007113
34,119,-0.002944
34,120,0.007754
34,121,-0.001123
34,122,-0.006280
34,123,0.012543
35,1,-0.064732
35,2,-0.004321
35,3,0.040677
35,4,0.056091
35,5,0.108866
35,6,0.131636
35,7,0.082916
35,8,0.110312
35,9,0.135275
35,10,0.130326
35,11,0.139424
35,12,0.112484
35,13,0.142696
35,14,0.110833
35,15,-0.013072
35,16,0.006824
35,17,-0.021047
35,18,-0.006451
35,19,0.012601
35,20,0.013372
35,21,0.034652
35,22,0.087646
35,23,0.033948
35,24,0.042301
35,25,0.004956
35,26,0.107428
35,27,0.104109
35,28,0.124317
35,29,0.116984
35,30,0.123953
35,31,0.115494
35,32,0.164991
35,33,0.277422
35,34,0.245857
35,35,1.000000
35,36,0.378785
35,37,0.359720
35,38,0.234664
35,39,0.112256
35,40,0.101189
35,41,0.037443
35,42,0.039959
35,43,-0.001886
35,44,-0.009451
35,45,0.000426
35,46,0.008173
35,47,0.023982
35,48,0.004186
35,49,0.043574
35,50,0.027417
35,51,0.011394
35,52,0.037559
35,53,0.006856
35,54,0.042226
35,55,0.074805
35,56,0.057290
35,57,0.004656
35,58,0.069248
35,59,0.096069
35,60,0.130792
35,61,0.049737
35,62,0.144956
35,63,0.240139
35,64,0.104048
35,65,-0.011647
35,66,0.175202
35,67,0.164676
35,68,0.098062
35,69,0.023560
35,70,0.044617
35,71,0.053862
35,72,-0.033806
35,73,0.060647
35,74,0.122673
35,75,-0.053952
35,76,0.107252
35,77,0.100203
35,78,0.019625
35,79,0.012231
35,80,0.040118
35,81,0.077564
35,82,0.026417
35,83,0.073350
35,84,0.076782
35,85,0.089216
35,86,0.006822
35,87,-0.011243
35,88,0.008461
35,89,0.005464
35,90,0.022046
35,91,0.030789
35,92,0.042358
35,93,0.048328
35,94,0.011957
35,95,0.086063
35,96,0.118328
35,97,0.060074
35,98,0.045003
35,99,0.105498
35,100,0.128504
35,101,0.165807
35,102,0.044153
35,103,0.071771
35,104,-0.022103
35,105,-0.030228
35,106,-0.040518
35,107,0.054831
35,108,0.063358
35,109,0.070096
35,110,0.052925
35,111,0.041432
35,112,0.019565
35,113,0.053608
35,114,0.031274
35,115,0.003202
35,116,-0.007634
35,117,0.005217
35,118,0.003707
35,119,0.009433
35,120,0.020079
35,121,-0.008184
35,122,-0.006005
35,123,0.011248
36,1,0.073543
36,2,0.005420
36,3,0.063258
36,4,0.077015
36,5,0.157222
36,6,0.110644
36,7,0.020888
36,8,0.004745
36,9,0.009797
36,10,0.025411
36,11,0.080894
36,12,0.125451
36,13,0.184966
36,14,0.159058
36,15,0.029424
36,16,0.010525
36,17,-0.008081
36,18,-0.015077
36,19,0.012035
36,20,0.005370
36,21,0.040060
36,22,0.074420
36,23,0.002165
36,24,0.014901
36,25,0.037196
36,26,0.062901
36,27,0.095547
36,28,0.116529
36,29,0.143404
36,30,0.129464
36,31,0.080073
36,32,-0.006354
36,33,0.002651
36,34,0.075165
36,35,0.378785
36,36,1.000000
36,37,0.657052
36,38,0.407691
36,39,0.205446
36,40,0.132573
36,41,0.094658
36,42,0.043542
36,43,0.044837
36,44,0.003210
36,45,-0.026716
36,46,-0.002651
36,47,-0.004625
36,48,0.028121
36,49,0.028472
36,50,0.021559
36,51,0.070416
36,52,0.083565
36,53,0.062293
36,54,0.070802
36,55,0.112908
36,56,0.072889
36,57,-0.018606
36,58,0.097772
36,59,0.135187
36,60,0.143221
36,61,0.141022
36,62,0.248125
36,63,0.466225
36,64,0.339698
36,65,0.024673
36,66,0.238337
36,67,0.183642
36,68,0.223888
36,69,0.114659
36,70,0.078811
36,71,0.088817
36,72,0.071499
36,73,0.077079
36,74,0.118177
36,75,-0.031570
36,76,0.103659
36,77,0.114507
36,78,0.039686
36,79,0.003915
36,80,0.012072
36,81,0.042111
36,82,0.035563
36,83,0.077829
36,84,0.144082
36,85,0.109526
36,86,0.035417
36,87,-0.001988
36,88,0.033547
36,89,0.059396
36,90,0.030696
36,91,0.024677
36,92,0.032620
36,93,0.051054
36,94,-0.006763
36,95,0.058314
36,96,0.108489
36,97,0.073090
36,98,0.070120
36,99,0.133218
36,100,0.146491
36,101,0.102978
36,102,0.059729
36,103,0.097792
36,104,0.022273
36,105,0.022549
36,106,0.011704
36,107,0.064561
36,108,0.065678
36,109,0.093072
36,110,0.066879
36,111,0.007483
36,112,0.009966
36,113,0.032051
36,114,0.045435
36,115,0.001769
36,116,0.007555
36,117,0.022406
36,118,0.031452
36,119,0.038286
36,120,0.036817
36,121,0.004301
36,122,0.020500
36,123,0.021337
37,1,0.070135
37,2,0.027311
37,3,0.128471
37,4,0.114127
37,5,0.194159
37,6,0.192987
37,7,0.105673
37,8,0.080621
37,9,0.098580
37,10,0.136405
37,11,0.199722
37,12,0.227963
37,13,0.263270
37,14,0.235768
37,15,0.112661
37,16,0.077652
37,17,0.032544
37,18,0.029174
37,19,0.007999
37,20,0.072009
37,21,0.097369
37,22,0.168564
37,23,0.095563
37,24,0.063030
37,25,0.058232
37,26,0.130223
37,27,0.175263
37,28,0.198677
37,29,0.231086
37,30,0.234166
37,31,0.208441
37,32,0.050868
37,33,0.074394
37,34,0.101986
37,35,0.359720
37,36,0.657052
37,37,1.000000
37,38,0.639841
37,39,0.286323
37,40,0.197903
37,41,0.134235
37,42,0.100511
37,43,0.094224
37,44,0.038055
37,45,0.027296
37,46,0.043431
37,47,0.031196
37,48,0.026357
37,49,0.054005
37,50,0.008748
37,51,0.059528
37,52,0.087840
37,53,0.069985
37,54,0.093323
37,55,0.154895
37,56,0.110179
37,57,0.049775
37,58,0.169000
37,59,0.230640
37,60,0.284884
37,61,0.286739
37,62,0.430051
37,63,0.502876
37,64,0.303883
37,65,0.008280
37,66,0.281911
37,67,0.271513
37,68,0.283468
37,69,0.125473
37,70,0.118626
37,71,0.102216
37,72,0.097645
37,73,0.128344
37,74,0.153197
37,75,0.019280
37,76,0.136202
37,77,0.148261
37,78,0.088336
37,79,0.060986
37,80,0.078261
37,81,0.104228
37,82,0.094277
37,83,0.117390
37,84,0.168237
37,85,0.129361
37,86,0.081499
37,87,0.054426
37,88,0.094445
37,89,0.099435
37,90,0.064948
37,91,0.064143
37,92,0.089742
37,93,0.104115
37,94,0.050222
37,95,0.144741
37,96,0.171833
37,97,0.139251
37,98,0.163805
37,99,0.211023
37,100,0.217470
37,101,0.131044
37,102,0.010593
37,103,0.080350
37,104,0.071017
37,105,0.076359
37,106,0.053379
37,107,0.125961
37,108,0.116595
37,109,0.144756
37,110,0.095811
37,111,0.049906
37,112,0.040574
37,113,0.059396
37,114,0.076763
37,115,0.031874
37,116,0.037429
37,117,0.042817
37,118,0.081010
37,119,0.063517
37,120,0.058652
37,121,0.016450
37,122,0.028758
37,123,0.040196
38,1,0.094932
38,2,0.076151
38,3,0.129078
38,4,0.117538
38,5,0.108482
38,6,0.184105
38,7,0.132360
38,8,0.125189
38,9,0.134151
38,10,0.155825
38,11,0.170673
38,12,0.169001
38,13,0.169897
38,14,0.115844
38,15,0.034890
38,16,0.025740
38,17,0.014018
38,18,0.024704
38,19,0.080515
38,20,0.059248
38,21,0.062162
38,22,0.099246
38,23,0.086821
38,24,0.065619
38,25,0.049434
38,26,0.104020
38,27,0.106141
38,28,0.119333
38,29,0.116100
38,30,0.154547
38,31,0.178321
38,32,0.070682
38,33,0.087503
38,34,0.058932
38,35,0.234664
38,36,0.407691
38,37,0.639841
38,38,1.000000
38,39,0.382757
38,40,0.211814
38,41,0.144085
38,42,0.141631
38,43,0.095785
38,44,0.009061
38,45,0.013577
38,46,0.010154
38,47,0.024272
38,48,0.014421
38,49,0.040415
38,50,0.038901
38,51,0.056847
38,52,0.083904
38,53,0.071659
38,54,0.056333
38,55,0.082184
38,56,0.076352
38,57,0.031799
38,58,0.086863
38,59,0.151545
38,60,0.336915
38,61,0.134560
38,62,0.280238
38,63,0.348768
38,64,0.268849
38,65,0.023162
38,66,0.192141
38,67,0.140120
38,68,0.148815
38,69,0.078399
38,70,0.044416
38,71,0.053077
38,72,0.037851
38,73,0.081400
38,74,0.090475
38,75,-0.014289
38,76,0.051804
38,77,0.073571
38,78,0.049256
38,79,0.042213
38,80,0.071527
38,81,0.095318
38,82,0.102527
38,83,0.079753
38,84,0.079267
38,85,0.041575
38,86,0.058154
38,87,0.035148
38,88,0.046343
38,89,0.043478
38,90,0.052332
38,91,0.034471
38,92,0.036645
38,93,0.057836
38,94,0.018845
38,95,0.122286
38,96,0.202848
38,97,0.122105
38,98,0.147559
38,99,0.237094
38,100,0.276538
38,101,0.166937
38,102,0.083080
38,103,0.097682
38,104,0.065569
38,105,0.080420
38,106,0.090641
38,107,0.133641
38,108,0.094393
38,109,0.115987
38,110,0.065940
38,111,0.032140
38,112,0.015439
38,113,0.014990
38,114,0.026793
38,115,0.002045
38,116,0.011081
38,117,0.004439
38,118,0.041066
38,119,0.041421
38,120,0.051085
38,121,0.051264
38,122,0.044359
38,123,0.035266
39,1,0.084267
39,2,0.056553
39,3,0.150146
39,4,0.166888
39,5,0.098485
39,6,0.164919
39,7,0.160153
39,8,0.155371
39,9,0.135060
39,10,0.151045
39,11,0.168574
39,12,0.145619
39,13,0.125442
39,14,0.094153
39,15,0.022952
39,16,0.009799
39,17,-0.014438
39,18,-0.003849
39,19,0.072563
39,20,0.035790
39,21,0.056998
39,22,0.074596
39,23,0.079592
39,24,0.099761
39,25,0.035756
39,26,0.062530
39,27,0.053271
39,28,0.103297
39,29,0.087851
39,30,0.106260
39,31,0.130978
39,32,0.089231
39,33,0.109553
39,34,0.085461
39,35,0.112256
39,36,0.205446
39,37,0.286323
39,38,0.382757
39,39,1.000000
39,40,0.642268
39,41,0.449945
39,42,0.136833
39,43,0.104909
39,44,0.031426
39,45,0.040497
39,46,-0.000842
39,47,0.021112
39,48,0.027340
39,49,0.031044
39,50,0.014055
39,51,0.025312
39,52,0.069685
39,53,0.090293
39,54,0.106446
39,55,0.090313
39,56,0.098389
39,57,0.043911
39,58,0.068718
39,59,0.092698
39,60,0.166699
39,61,0.056589
39,62,0.105119
39,63,0.193017
39,64,0.156170
39,65,0.004218
39,66,0.061109
39,67,0.084436
39,68,0.119707
39,69,0.042611
39,70,-0.020056
39,71,-0.005290
39,72,-0.043786
39,73,0.093089
39,74,0.096260
39,75,-0.028178
39,76,0.028454
39,77,0.049538
39,78,0.025536
39,79,0.030396
39,80,0.043466
39,81,0.089686
39,82,0.098845
39,83,0.109201
39,84,0.091834
39,85,0.057553
39,86,0.029214
39,87,-0.001940
39,88,-0.025603
39,89,0.014053
39,90,0.028371
39,91,0.014304
39,92,0.040362
39,93,0.069958
39,94,0.053999
39,95,0.111705
39,96,0.221696
39,97,0.180708
39,98,0.142521
39,99,0.230292
39,100,0.340825
39,101,0.164126
39,102,0.131097
39,103,0.116948
39,104,0.075191
39,105,0.089127
39,106,0.087143
39,107,0.115751
39,108,0.087240
39,109,0.112848
39,110,0.071033
39,111,0.052094
39,112,0.067559
39,113,0.044390
39,114,0.030761
39,115,-0.007244
39,116,0.019195
39,117,0.013791
39,118,0.030613
39,119,0.049891
39,120,0.085360
39,121,0.108378
39,122,0.121862
39,123,0.061027
40,1,0.043981
40,2,0.072483
40,3,0.084132
40,4,0.119173
40,5,0.064381
40,6,0.111204
40,7,0.139733
40,8,0.125524
40,9,0.081239
40,10,0.110309
40,11,0.121939
40,12,0.088948
40,13,0.085831
40,14,0.075409
40,15,0.035721
40,16,-0.020758
40,17,-0.051735
40,18,-0.040925
40,19,0.001787
40,20,0.018243
40,21,0.066793
40,22,0.081883
40,23,0.045218
40,24,0.026537
40,25,0.014558
40,26,0.034386
40,27,0.030425
40,28,0.046669
40,29,0.059533
40,30,0.059974
40,31,0.077806
40,32,0.055305
40,33,0.070580
40,34,0.064982
40,35,0.101189
40,36,0.132573
40,37,0.197903
40,38,0.211814
40,39,0.642268
40,40,1.000000
40,41,0.538831
40,42,0.105328
40,43,0.094755
40,44,0.066967
40,45,0.032652
40,46,0.009148
40,47,-0.011941
40,48,-0.016737
40,49,-0.050075
40,50,-0.045378
40,51,0.007830
40,52,0.045323
40,53,0.052771
40,54,0.114116
40,55,0.110988
40,56,0.070260
40,57,0.034525
40,58,0.072279
40,59,0.091150
40,60,0.178941
40,61,0.040865
40,62,0.059201
40,63,0.118835
40,64,0.086710
40,65,0.032165
40,66,0.059816
40,67,0.081415
40,68,0.077828
40,69,0.062999
40,70,0.034593
40,71,0.032087
40,72,0.012970
40,73,0.104173
40,74,0.076657
40,75,0.008542
40,76,0.046012
40,77,0.064456
40,78,0.043224
40,79,0.051568
40,80,0.062147
40,81,0.086593
40,82,0.069885
40,83,0.086383
40,84,0.136493
40,85,0.123441
40,86,0.023029
40,87,-0.008027
40,88,-0.029892
40,89,0.006564
40,90,0.007218
40,91,-0.001814
40,92,0.021101
40,93,0.035603
40,94,0.038160
40,95,0.064028
40,96,0.133089
40,97,0.148695
40,98,0.105933
40,99,0.127110
40,100,0.184741
40,101,0.107942
40,102,0.115102
40,103,0.110054
40,104,0.033165
40,105,0.040927
40,106,0.029225
40,107,0.045785
40,108,0.023182
40,109,0.055519
40,110,0.045426
40,111,0.043116
40,112,0.039623
40,113,0.045598
40,114,0.048462
40,115,0.012473
40,116,0.027828
40,117,0.057755
40,118,0.042573
40,119,0.048196
40,120,0.053870
40,121,0.060326
40,122,0.071535
40,123,0.011353
41,1,0.019688
41,2,0.050558
41,3,0.074114
41,4,0.086113
41,5,0.042819
41,6,0.092171
41,7,0.102210
41,8,0.106292
41,9,0.065017
41,10,0.100462
41,11,0.097424
41,12,0.076473
41,13,0.056776
41,14,0.031701
41,15,0.036931
41,16,-0.017696
41,17,-0.031805
41,18,-0.038116
41,19,0.019674
41,20,0.027288
41,21,0.039314
41,22,0.048087
41,23,0.040440
41,24,0.055518
41,25,0.002227
41,26,-0.008245
41,27,-0.009334
41,28,0.033408
41,29,0.035113
41,30,0.025884
41,31,0.052416
41,32,0.056119
41,33,0.090597
41,34,0.037848
41,35,0.037443
41,36,0.094658
41,37,0.134235
41,38,0.144085
41,39,0.449945
41,40,0.538831
41,41,1.000000
41,42,0.313907
41,43,0.248480
41,44,0.073775
41,45,0.029600
41,46,0.007605
41,47,0.009643
41,48,-0.010155
41,49,0.011725
41,50,0.006335
41,51,0.062448
41,52,0.068997
41,53,0.073721
41,54,0.060165
41,55,0.078174
41,56,0.031585
41,57,-0.010585
41,58,0.038799
41,59,0.030622
41,60,0.079538
41,61,0.026584
41,62,0.056286
41,63,0.093298
41,64,0.084530
41,65,0.009217
41,66,0.049899
41,67,0.062044
41,68,0.067556
41,69,0.041033
41,70,0.035637
41,71,0.039420
41,72,0.054178
41,73,0.071605
41,74,0.026136
41,75,-0.022191
41,76,0.005389
41,77,0.024542
41,78,0.015052
41,79,0.030881
41,80,0.014766
41,81,0.021991
41,82,0.021771
41,83,0.044251
41,84,0.123716
41,85,0.099909
41,86,0.008525
41,87,0.001108
41,88,-0.033227
41,89,-0.008591
41,90,0.011118
41,91,-0.004659
41,92,-0.002294
41,93,0.024454
41,94,0.010810
41,95,0.070187
41,96,0.121502
41,97,0.133609
41,98,0.169568
41,99,0.205471
41,100,0.258505
41,101,0.071309
41,102,0.057324
41,103,0.042331
41,104,0.060407
41,105,0.071295
41,106,0.041439
41,107,0.054904
41,108,0.037596
41,109,0.055870
41,110,0.050341
41,111,0.022427
41,112,0.035135
41,113,0.038770
41,114,0.032447
41,115,0.001952
41,116,-0.003900
41,117,0.002969
41,118,0.006587
41,119,0.014118
41,120,0.059485
41,121,0.019959
41,122,0.034409
41,123,0.039162
42,1,0.054605
42,2,0.102511
42,3,0.126990
42,4,0.120502
42,5,0.074918
42,6,0.138256
42,7,0.142687
42,8,0.138652
42,9,0.063552
42,10,0.110770
42,11,0.139044
42,12,0.119053
42,13,0.107947
42,14,0.068656
42,15,0.061516
42,16,0.042773
42,17,0.044528
42,18,0.031128
42,19,0.078490
42,20,0.033298
42,21,0.031563
42,22,0.052306
42,23,0.065555
42,24,0.062639
42,25,0.017653
42,26,0.029151
42,27,0.053379
42,28,0.078003
42,29,0.070786
42,30,0.063416
42,31,0.078034
42,32,0.051176
42,33,0.068786
42,34,0.025452
42,35,0.039959
42,36,0.043542
42,37,0.100511
42,38,0.141631
42,39,0.136833
42,40,0.105328
42,41,0.313907
42,42,1.000000
42,43,0.665887
42,44,0.053452
42,45,0.031930
42,46,0.022595
42,47,0.030653
42,48,0.018581
42,49,0.043105
42,50,0.065200
42,51,0.089821
42,52,0.089982
42,53,0.082603
42,54,0.070323
42,55,0.062559
42,56,0.070293
42,57,0.027986
42,58,0.029726
42,59,0.018814
42,60,0.054860
42,61,0.014895
42,62,0.060638
42,63,0.064317
42,64,0.067216
42,65,0.031352
42,66,0.052034
42,67,0.074216
42,68,0.057715
42,69,0.035481
42,70,0.045186
42,71,0.028418
42,72,0.014872
42,73,0.050552
42,74,0.061485
42,75,0.004526
42,76,0.029858
42,77,0.053724
42,78,0.042387
42,79,0.030970
42,80,0.017794
42,81,0.034034
42,82,0.037084
42,83,0.090611
42,84,0.109380
42,85,0.066062
42,86,0.055774
42,87,0.046951
42,88,0.027819
42,89,0.063361
42,90,0.082623
42,91,0.043572
42,92,0.060303
42,93,0.083436
42,94,0.056660
42,95,0.134280
42,96,0.148184
42,97,0.206975
42,98,0.335121
42,99,0.297646
42,100,0.273362
42,101,0.060552
42,102,0.078211
42,103,0.070289
42,104,0.094747
42,105,0.105686
42,106,0.079507
42,107,0.105863
42,108,0.091492
42,109,0.067473
42,110,0.042517
42,111,-0.004476
42,112,0.039064
42,113,0.009806
42,114,0.012144
42,115,0.002074
42,116,0.003234
42,117,0.025705
42,118,0.041948
42,119,0.040137
42,120,0.072086
42,121,0.046866
42,122,0.044394
42,123,0.052493
43,1,0.062995
43,2,0.069934
43,3,0.117063
43,4,0.131543
43,5,0.077199
43,6,0.094568
43,7,0.090964
43,8,0.091871
43,9,0.028142
43,10,0.065793
43,11,0.092223
43,12,0.094393
43,13,0.103128
43,14,0.082352
43,15,0.122574
43,16,0.071097
43,17,0.032326
43,18,0.015143
43,19,0.042679
43,20,0.032103
43,21,0.025578
43,22,0.040238
43,23,0.028999
43,24,0.010716
43,25,0.013342
43,26,0.032683
43,27,0.059153
43,28,0.083464
43,29,0.090871
43,30,0.072772
43,31,0.075676
43,32,0.045602
43,33,0.044234
43,34,0.006553
43,35,-0.001886
43,36,0.044837
43,37,0.094224
43,38,0.095785
43,39,0.104909
43,40,0.094755
43,41,0.248480
43,42,0.665887
43,43,1.000000
43,44,0.135598
43,45,0.061128
43,46,0.056931
43,47,0.046424
43,48,0.020340
43,49,0.043999
43,50,0.060802
43,51,0.111410
43,52,0.109148
43,53,0.092239
43,54,0.090022
43,55,0.101317
43,56,0.081267
43,57,0.060861
43,58,0.072938
43,59,0.056639
43,60,0.054122
43,61,0.043165
43,62,0.064081
43,63,0.051903
43,64,0.054991
43,65,0.033383
43,66,0.065386
43,67,0.045857
43,68,0.045222
43,69,0.069214
43,70,0.091039
43,71,0.073664
43,72,0.097799
43,73,0.087900
43,74,0.083634
43,75,0.031365
43,76,0.049299
43,77,0.047463
43,78,0.057812
43,79,0.035812
43,80,0.015329
43,81,0.029660
43,82,0.038726
43,83,0.121387
43,84,0.173816
43,85,0.126648
43,86,0.076956
43,87,0.085013
43,88,0.065198
43,89,0.073934
43,90,0.070105
43,91,0.040055
43,92,0.081211
43,93,0.104793
43,94,0.081600
43,95,0.138583
43,96,0.127191
43,97,0.269503
43,98,0.393341
43,99,0.266383
43,100,0.257250
43,101,0.021898
43,102,0.068322
43,103,0.041750
43,104,0.127051
43,105,0.148199
43,106,0.123914
43,107,0.126813
43,108,0.077123
43,109,0.068275
43,110,0.064156
43,111,-0.007797
43,112,0.030736
43,113,-0.001411
43,114,0.030601
43,115,0.023497
43,116,0.026767
43,117,0.032605
43,118,0.071762
43,119,0.057997
43,120,0.084692
43,121,0.061468
43,122,0.052274
43,123,0.105521
44,1,0.069212
44,2,0.015169
44,3,0.078916
44,4,0.094045
44,5,0.070631
44,6,0.056529
44,7,0.040814
44,8,0.058023
44,9,0.050950
44,10,0.041956
44,11,0.065911
44,12,0.094080
44,13,0.100229
44,14,0.100683
44,15,0.121594
44,16,0.028594
44,17,0.001864
44,18,-0.010748
44,19,0.038013
44,20,0.085761
44,21,0.075070
44,22,0.117846
44,23,0.097719
44,24,0.012883
44,25,0.017049
44,26,0.006163
44,27,0.037424
44,28,0.015133
44,29,0.063429
44,30,0.070531
44,31,0.057969
44,32,0.042952
44,33,0.018613
44,34,-0.015048
44,35,-0.009451
44,36,0.003210
44,37,0.038055
44,38,0.009061
44,39,0.031426
44,40,0.066967
44,41,0.073775
44,42,0.053452
44,43,0.135598
44,44,1.000000
44,45,0.539465
44,46,0.391054
44,47,0.256101
44,48,0.118600
44,49,0.059241
44,50,0.032160
44,51,0.047940
44,52,0.069807
44,53,0.086358
44,54,0.084919
44,55,0.094323
44,56,0.023273
44,57,0.026825
44,58,0.036632
44,59,0.044248
44,60,0.025467
44,61,0.045058
44,62,0.021390
44,63,0.059703
44,64,0.055263
44,65,0.082735
44,66,0.138702
44,67,0.079130
44,68,0.049802
44,69,0.106792
44,70,0.137108
44,71,0.099168
44,72,0.119250
44,73,0.049891
44,74,0.063207
44,75,0.052863
44,76,0.018825
44,77,0.022254
44,78,0.046923
44,79,0.055518
44,80,0.066121
44,81,0.048771
44,82,0.078545
44,83,0.112527
44,84,0.120456
44,85,0.116938
44,86,0.031567
44,87,0.048919
44,88,0.045137
44,89,0.021843
44,90,-0.000178
44,91,0.008124
44,92,0.049661
44,93,0.012526
44,94,0.042321
44,95,0.061784
44,96,-0.005854
44,97,0.066181
44,98,0.082746
44,99,0.060635
44,100,0.027681
44,101,-0.051393
44,102,0.038806
44,103,0.005954
44,104,0.062671
44,105,0.094464
44,106,0.056614
44,107,0.067648
44,108,0.011584
44,109,0.029184
44,110,0.025520
44,111,0.052820
44,112,0.067067
44,113,0.046351
44,114,0.054688
44,115,0.089793
44,116,0.075219
44,117,0.067111
44,118,0.109985
44,119,0.104916
44,120,0.091749
44,121,0.104802
44,122,0.076168
44,123,0.100815
45,1,0.065411
45,2,0.051913
45,3,0.108354
45,4,0.100388
45,5,0.079012
45,6,0.077293
45,7,0.068699
45,8,0.071527
45,9,0.061675
45,10,0.061522
45,11,0.063307
45,12,0.087248
45,13,0.081480
45,14,0.078727
45,15,0.116203
45,16,0.044198
45,17,0.031199
45,18,0.045910
45,19,0.041841
45,20,0.079123
45,21,0.062837
45,22,0.056434
45,23,0.037897
45,24,0.031235
45,25,0.031389
45,26,0.002140
45,27,0.037956
45,28,0.025865
45,29,0.050165
45,30,0.066690
45,31,0.065564
45,32,0.029413
45,33,0.029669
45,34,0.016286
45,35,0.000426
45,36,-0.026716
45,37,0.027296
45,38,0.013577
45,39,0.040497
45,40,0.032652
45,41,0.029600
45,42,0.031930
45,43,0.061128
45,44,0.539465
45,45,1.000000
45,46,0.413395
45,47,0.333365
45,48,0.260358
45,49,0.078783
45,50,0.027002
45,51,0.052195
45,52,0.054134
45,53,0.075275
45,54,0.077166
45,55,0.079794
45,56,0.029181
45,57,0.007360
45,58,0.020090
45,59,0.045099
45,60,0.051796
45,61,0.055110
45,62,0.043338
45,63,0.023007
45,64,0.029175
45,65,0.052406
45,66,0.091780
45,67,0.035778
45,68,0.035705
45,69,0.087688
45,70,0.104236
45,71,0.083523
45,72,0.089015
45,73,0.049744
45,74,0.049997
45,75,0.017715
45,76,0.017945
45,77,0.012272
45,78,0.048390
45,79,0.027020
45,80,0.021826
45,81,0.023425
45,82,0.026902
45,83,0.089257
45,84,0.099677
45,85,0.085135
45,86,0.014043
45,87,0.013740
45,88,0.035467
45,89,0.023549
45,90,0.008531
45,91,0.023974
45,92,0.061897
45,93,0.029108
45,94,0.035378
45,95,0.056649
45,96,0.018371
45,97,0.042175
45,98,0.054312
45,99,0.056590
45,100,0.020365
45,101,-0.007112
45,102,0.012512
45,103,0.032654
45,104,0.067850
45,105,0.082415
45,106,0.057981
45,107,0.066450
45,108,0.029787
45,109,0.052716
45,110,0.018572
45,111,0.033811
45,112,0.045534
45,113,0.025473
45,114,0.032361
45,115,0.042019
45,116,0.048458
45,117,0.034751
45,118,0.066065
45,119,0.093658
45,120,0.074500
45,121,0.097309
45,122,0.055431
45,123,0.083183
46,1,0.072937
46,2,0.000838
46,3,0.076480
46,4,0.105941
46,5,0.095312
46,6,0.119914
46,7,0.092443
46,8,0.073456
46,9,0.094013
46,10,0.093590
46,11,0.127262
46,12,0.158026
46,13,0.139638
46,14,0.138854
46,15,0.163532
46,16,0.124639
46,17,0.098894
46,18,0.087179
46,19,0.077753
46,20,0.106928
46,21,0.112393
46,22,0.165758
46,23,0.113508
46,24,0.031295
46,25,0.062188
46,26,0.098003
46,27,0.131843
46,28,0.116330
46,29,0.141773
46,30,0.178161
46,31,0.169319
46,32,0.018032
46,33,0.008767
46,34,-0.031129
46,35,0.008173
46,36,-0.002651
46,37,0.043431
46,38,0.010154
46,39,-0.000842
46,40,0.009148
46,41,0.007605
46,42,0.022595
46,43,0.056931
46,44,0.391054
46,45,0.413395
46,46,1.000000
46,47,0.628820
46,48,0.360002
46,49,0.296848
46,50,0.162941
46,51,0.042924
46,52,0.074443
46,53,0.104006
46,54,0.106288
46,55,0.117248
46,56,0.076743
46,57,0.053311
46,58,0.072378
46,59,0.105994
46,60,0.089048
46,61,0.087598
46,62,0.080660
46,63,0.057293
46,64,0.051826
46,65,0.041833
46,66,0.170532
46,67,0.107983
46,68,0.079331
46,69,0.095599
46,70,0.135820
46,71,0.087870
46,72,0.093547
46,73,0.067756
46,74,0.066057
46,75,0.075328
46,76,0.053050
46,77,0.059973
46,78,0.098839
46,79,0.088003
46,80,0.080636
46,81,0.077749
46,82,0.083885
46,83,0.104800
46,84,0.102056
46,85,0.108739
46,86,0.101299
46,87,0.093251
46,88,0.113098
46,89,0.078643
46,90,0.062951
46,91,0.075729
46,92,0.099523
46,93,0.056880
46,94,0.014380
46,95,0.048209
46,96,0.040636
46,97,0.051247
46,98,0.045975
46,99,0.043085
46,100,0.016004
46,101,0.036260
46,102,0.043395
46,103,0.014962
46,104,0.017107
46,105,0.035000
46,106,0.021488
46,107,0.082119
46,108,0.050335
46,109,0.067193
46,110,0.029753
46,111,0.091246
46,112,0.101655
46,113,0.116303
46,114,0.113604
46,115,0.119850
46,116,0.098747
46,117,0.092811
46,118,0.130552
46,119,0.147069
46,120,0.114972
46,121,0.147552
46,122,0.097488
46,123,0.090079
47,1,0.020440
47,2,-0.037577
47,3,0.018937
47,4,0.037507
47,5,0.029870
47,6,0.041858
47,7,0.035945
47,8,0.027545
47,9,0.067425
47,10,0.047782
47,11,0.083097
47,12,0.103135
47,13,0.080522
47,14,0.084081
47,15,0.142449
47,16,0.131004
47,17,0.121314
47,18,0.090619
47,19,0.045020
47,20,0.057208
47,21,0.062858
47,22,0.141931
47,23,0.118583
47,24,0.068939
47,25,0.096627
47,26,0.151395
47,27,0.134107
47,28,0.124311
47,29,0.121246
47,30,0.165745
47,31,0.184379
47,32,0.037242
47,33,0.013540
47,34,-0.003701
47,35,0.023982
47,36,-0.004625
47,37,0.031196
47,38,0.024272
47,39,0.021112
47,40,-0.011941
47,41,0.009643
47,42,0.030653
47,43,0.046424
47,44,0.256101
47,45,0.333365
47,46,0.628820
47,47,1.000000
47,48,0.548591
47,49,0.450408
47,50,0.318530
47,51,0.135847
47,52,0.122783
47,53,0.087983
47,54,0.050105
47,55,0.061679
47,56,0.028347
47,57,0.037933
47,58,0.061760
47,59,0.099958
47,60,0.061749
47,61,0.124432
47,62,0.097014
47,63,0.062680
47,64,0.049080
47,65,-0.003146
47,66,0.108328
47,67,0.106147
47,68,0.132297
47,69,0.079029
47,70,0.091812
47,71,0.051797
47,72,0.080864
47,73,0.017975
47,74,0.001559
47,75,0.052041
47,76,0.009777
47,77,0.029292
47,78,0.097591
47,79,0.075347
47,80,0.062184
47,81,0.038386
47,82,0.032012
47,83,0.048945
47,84,0.060380
47,85,0.067081
47,86,0.102034
47,87,0.091822
47,88,0.117305
47,89,0.089722
47,90,0.105184
47,91,0.081067
47,92,0.104633
47,93,0.088385
47,94,0.029729
47,95,0.048257
47,96,0.059167
47,97,0.066142
47,98,0.052454
47,99,0.062995
47,100,0.047220
47,101,0.025571
47,102,-0.005120
47,103,-0.045351
47,104,0.025414
47,105,0.034969
47,106,0.035484
47,107,0.071209
47,108,0.061324
47,109,0.075659
47,110,0.038420
47,111,0.046877
47,112,0.086688
47,113,0.096418
47,114,0.109427
47,115,0.101503
47,116,0.076970
47,117,0.065177
47,118,0.096662
47,119,0.093975
47,120,0.076367
47,121,0.076012
47,122,0.059733
47,123,0.062554
48,1,0.011522
48,2,-0.008647
48,3,0.041882
48,4,0.037075
48,5,0.038308
48,6,0.037843
48,7,0.025969
48,8,0.009002
48,9,0.038787
48,10,0.034265
48,11,0.064795
48,12,0.079497
48,13,0.066686
48,14,0.062833
48,15,0.108062
48,16,0.107815
48,17,0.101629
48,18,0.105286
48,19,0.058638
48,20,0.068877
48,21,0.054199
48,22,0.070008
48,23,0.059258
48,24,0.037300
48,25,0.071638
48,26,0.085780
48,27,0.092826
48,28,0.106666
48,29,0.084775
48,30,0.102746
48,31,0.112147
48,32,0.031781
48,33,0.023472
48,34,0.026568
48,35,0.004186
48,36,0.028121
48,37,0.026357
48,38,0.014421
48,39,0.027340
48,40,-0.016737
48,41,-0.010155
48,42,0.018581
48,43,0.020340
48,44,0.118600
48,45,0.260358
48,46,0.360002
48,47,0.548591
48,48,1.000000
48,49,0.379796
48,50,0.372716
48,51,0.211563
48,52,0.139219
48,53,0.129460
48,54,0.065516
48,55,0.064568
48,56,0.033246
48,57,0.027179
48,58,0.063542
48,59,0.069394
48,60,0.026632
48,61,0.041638
48,62,0.050679
48,63,0.069419
48,64,0.082723
48,65,0.016785
48,66,0.068261
48,67,0.057901
48,68,0.082478
48,69,0.052196
48,70,0.063277
48,71,0.047460
48,72,0.054689
48,73,0.016832
48,74,-0.004772
48,75,0.030815
48,76,0.018202
48,77,0.021561
48,78,0.039359
48,79,0.006838
48,80,0.011407
48,81,0.021592
48,82,0.014537
48,83,0.020681
48,84,0.047142
48,85,0.035572
48,86,0.086237
48,87,0.066072
48,88,0.067446
48,89,0.077089
48,90,0.097121
48,91,0.062466
48,92,0.086080
48,93,0.089756
48,94,0.023462
48,95,0.026773
48,96,0.044234
48,97,0.045153
48,98,0.052831
48,99,0.061275
48,100,0.044590
48,101,0.042789
48,102,0.016595
48,103,-0.017539
48,104,0.020996
48,105,0.020740
48,106,0.008009
48,107,0.052082
48,108,0.048323
48,109,0.051577
48,110,0.051973
48,111,0.028262
48,112,0.068150
48,113,0.044728
48,114,0.036803
48,115,0.036866
48,116,0.030519
48,117,0.011763
48,118,0.060046
48,119,0.093693
48,120,0.107221
48,121,0.164875
48,122,0.114844
48,123,0.068434
49,1,0.007383
49,2,-0.037560
49,3,0.035915
49,4,0.038227
49,5,0.064008
49,6,0.087468
49,7,0.060434
49,8,0.038342
49,9,0.085088
49,10,0.082370
49,11,0.133761
49,12,0.141719
49,13,0.142634
49,14,0.129913
49,15,0.101842
49,16,0.171248
49,17,0.164732
49,18,0.140986
49,19,0.101658
49,20,0.125310
49,21,0.101323
49,22,0.194294
49,23,0.160783
49,24,0.071837
49,25,0.104582
49,26,0.187009
49,27,0.184254
49,28,0.197909
49,29,0.187900
49,30,0.202154
49,31,0.217294
49,32,0.065427
49,33,0.043089
49,34,0.037949
49,35,0.043574
49,36,0.028472
49,37,0.054005
49,38,0.040415
49,39,0.031044
49,40,-0.050075
49,41,0.011725
49,42,0.043105
49,43,0.043999
49,44,0.059241
49,45,0.078783
49,46,0.296848
49,47,0.450408
49,48,0.379796
49,49,1.000000
49,50,0.588252
49,51,0.361384
49,52,0.277412
49,53,0.181914
49,54,0.102396
49,55,0.079071
49,56,0.079512
49,57,0.075492
49,58,0.135454
49,59,0.129070
49,60,0.042916
49,61,0.113073
49,62,0.113183
49,63,0.092639
49,64,0.072218
49,65,-0.011778
49,66,0.077110
49,67,0.104696
49,68,0.131497
49,69,0.041051
49,70,0.063969
49,71,0.005842
49,72,0.029385
49,73,0.015739
49,74,0.015714
49,75,0.076176
49,76,0.034026
49,77,0.051646
49,78,0.061135
49,79,0.045773
49,80,0.033620
49,81,0.033811
49,82,0.033620
49,83,0.040841
49,84,0.029308
49,85,0.039583
49,86,0.144022
49,87,0.108862
49,88,0.117276
49,89,0.106465
49,90,0.107473
49,91,0.083154
49,92,0.119565
49,93,0.089278
49,94,0.025810
49,95,0.064690
49,96,0.075280
49,97,0.046404
49,98,0.065645
49,99,0.088543
49,100,0.070886
49,101,0.067698
49,102,-0.009065
49,103,-0.048991
49,104,-0.010175
49,105,-0.003212
49,106,-0.011580
49,107,0.065855
49,108,0.061580
49,109,0.068027
49,110,0.043366
49,111,0.049004
49,112,0.088928
49,113,0.085646
49,114,0.102247
49,115,0.096592
49,116,0.059569
49,117,0.038280
49,118,0.082833
49,119,0.101624
49,120,0.137405
49,121,0.069252
49,122,0.058584
49,123,0.082449
50,1,0.010037
50,2,-0.015631
50,3,0.048716
50,4,0.071749
50,5,0.071033
50,6,0.094899
50,7,0.066909
50,8,0.051127
50,9,0.065013
50,10,0.052027
50,11,0.114590
50,12,0.135560
50,13,0.126630
50,14,0.111536
50,15,0.079027
50,16,0.144347
50,17,0.147291
50,18,0.126213
50,19,0.117599
50,20,0.112701
50,21,0.089640
50,22,0.152730
50,23,0.136343
50,24,0.073681
50,25,0.087971
50,26,0.148689
50,27,0.160138
50,28,0.182178
50,29,0.154802
50,30,0.169077
50,31,0.170895
50,32,0.035101
50,33,0.033952
50,34,0.024195
50,35,0.027417
50,36,0.021559
50,37,0.008748
50,38,0.038901
50,39,0.014055
50,40,-0.045378
50,41,0.006335
50,42,0.065200
50,43,0.060802
50,44,0.032160
50,45,0.027002
50,46,0.162941
50,47,0.318530
50,48,0.372716
50,49,0.588252
50,50,1.000000
50,51,0.427312
50,52,0.422064
50,53,0.336767
50,54,0.171379
50,55,0.106174
50,56,0.124038
50,57,0.115653
50,58,0.122651
50,59,0.115622
50,60,0.036742
50,61,0.071696
50,62,0.065569
50,63,0.064035
50,64,0.058665
50,65,0.007771
50,66,0.056090
50,67,0.051616
50,68,0.029576
50,69,0.017805
50,70,0.055892
50,71,0.015570
50,72,0.040064
50,73,0.042365
50,74,0.046218
50,75,0.077007
50,76,0.048368
50,77,0.060703
50,78,0.062813
50,79,0.024324
50,80,0.023562
50,81,0.010962
50,82,0.036786
50,83,0.069457
50,84,0.063755
50,85,0.047104
50,86,0.192308
50,87,0.150862
50,88,0.132811
50,89,0.161327
50,90,0.155870
50,91,0.116689
50,92,0.133425
50,93,0.093716
50,94,0.027157
50,95,0.040445
50,96,0.045129
50,97,0.040632
50,98,0.055690
50,99,0.070387
50,100,0.075448
50,101,0.034716
50,102,0.045082
50,103,0.003442
50,104,-0.006346
50,105,-0.002939
50,106,-0.014466
50,107,0.028571
50,108,0.018259
50,109,0.029089
50,110,0.047024
50,111,0.039373
50,112,0.098546
50,113,0.072464
50,114,0.077175
50,115,0.079045
50,116,0.064622
50,117,0.024996
50,118,0.065325
50,119,0.119798
50,120,0.178268
50,121,0.109744
50,122,0.105006
50,123,0.094598
51,1,0.024903
51,2,0.033362
51,3,0.084769
51,4,0.093494
51,5,0.069010
51,6,0.058534
51,7,0.017079
51,8,0.008734
51,9,0.036206
51,10,0.024746
51,11,0.064422
51,12,0.094125
51,13,0.096779
51,14,0.104840
51,15,0.137974
51,16,0.125991
51,17,0.098062
51,18,0.093113
51,19,0.091337
51,20,0.073550
51,21,0.038697
51,22,0.043066
51,23,0.058001
51,24,0.000648
51,25,0.047423
51,26,0.088657
51,27,0.101436
51,28,0.107768
51,29,0.109619
51,30,0.107973
51,31,0.100811
51,32,0.020897
51,33,-0.014429
51,34,-0.012270
51,35,0.011394
51,36,0.070416
51,37,0.059528
51,38,0.056847
51,39,0.025312
51,40,0.007830
51,41,0.062448
51,42,0.089821
51,43,0.111410
51,44,0.047940
51,45,0.052195
51,46,0.042924
51,47,0.135847
51,48,0.211563
51,49,0.361384
51,50,0.427312
51,51,1.000000
51,52,0.650552
51,53,0.449939
51,54,0.230650
51,55,0.188399
51,56,0.137431
51,57,0.131243
51,58,0.097545
51,59,0.086367
51,60,0.036143
51,61,0.054453
51,62,0.063333
51,63,0.084718
51,64,0.077928
51,65,0.043433
51,66,0.064212
51,67,0.014028
51,68,0.030265
51,69,0.067143
51,70,0.124181
51,71,0.105920
51,72,0.129479
51,73,0.073798
51,74,0.029901
51,75,0.040411
51,76,0.030890
51,77,0.037572
51,78,0.033507
51,79,0.001587
51,80,-0.008246
51,81,-0.017498
51,82,-0.033173
51,83,0.039777
51,84,0.166173
51,85,0.113762
51,86,0.138787
51,87,0.100710
51,88,0.090963
51,89,0.108926
51,90,0.074379
51,91,0.059403
51,92,0.072695
51,93,0.047273
51,94,0.002023
51,95,0.043460
51,96,0.056692
51,97,0.048951
51,98,0.073696
51,99,0.065374
51,100,0.083166
51,101,0.014559
51,102,0.015984
51,103,0.006235
51,104,0.037541
51,105,0.045022
51,106,0.028215
51,107,0.052104
51,108,0.035306
51,109,0.043026
51,110,0.053178
51,111,0.026627
51,112,0.021792
51,113,0.021211
51,114,0.031768
51,115,0.044720
51,116,0.015703
51,117,-0.009058
51,118,0.059710
51,119,0.113214
51,120,0.147216
51,121,0.065324
51,122,0.045450
51,123,0.084597
52,1,0.147193
52,2,0.099492
52,3,0.243814
52,4,0.213979
52,5,0.285646
52,6,0.276450
52,7,0.137961
52,8,0.091806
52,9,0.092046
52,10,0.120162
52,11,0.229228
52,12,0.310098
52,13,0.318988
52,14,0.317801
52,15,0.121771
52,16,0.160719
52,17,0.104670
52,18,0.108482
52,19,0.167415
52,20,0.106732
52,21,0.097133
52,22,0.119512
52,23,0.124532
52,24,0.020449
52,25,0.067077
52,26,0.120603
52,27,0.202075
52,28,0.258973
52,29,0.310089
52,30,0.284942
52,31,0.220798
52,32,0.064162
52,33,0.026725
52,34,-0.024528
52,35,0.037559
52,36,0.083565
52,37,0.087840
52,38,0.083904
52,39,0.069685
52,40,0.045323
52,41,0.068997
52,42,0.089982
52,43,0.109148
52,44,0.069807
52,45,0.054134
52,46,0.074443
52,47,0.122783
52,48,0.139219
52,49,0.277412
52,50,0.422064
52,51,0.650552
52,52,1.000000
52,53,0.760805
52,54,0.574931
52,55,0.430566
52,56,0.382770
52,57,0.297313
52,58,0.183290
52,59,0.155789
52,60,0.068298
52,61,0.038148
52,62,0.051544
52,63,0.127512
52,64,0.115284
52,65,0.064350
52,66,0.122905
52,67,0.044409
52,68,0.002628
52,69,0.108122
52,70,0.146524
52,71,0.193142
52,72,0.152033
52,73,0.263302
52,74,0.275027
52,75,0.093061
52,76,0.200212
52,77,0.203844
52,78,0.156459
52,79,0.081772
52,80,0.082982
52,81,0.112649
52,82,0.111977
52,83,0.225943
52,84,0.298283
52,85,0.268905
52,86,0.293743
52,87,0.186889
52,88,0.150376
52,89,0.204312
52,90,0.136075
52,91,0.113512
52,92,0.115352
52,93,0.071909
52,94,0.025962
52,95,0.081518
52,96,0.070697
52,97,0.032978
52,98,0.061329
52,99,0.097459
52,100,0.107008
52,101,0.094573
52,102,0.093618
52,103,0.136467
52,104,0.054588
52,105,0.070766
52,106,0.029868
52,107,0.085188
52,108,0.019778
52,109,0.083379
52,110,0.081416
52,111,0.078641
52,112,0.070365
52,113,0.057962
52,114,0.074204
52,115,0.091994
52,116,0.095772
52,117,0.050146
52,118,0.157697
52,119,0.236683
52,120,0.295167
52,121,0.175082
52,122,0.169821
52,123,0.172616
53,1,0.187911
53,2,0.160714
53,3,0.345546
53,4,0.289300
53,5,0.324476
53,6,0.327401
53,7,0.203270
53,8,0.119217
53,9,0.109237
53,10,0.146684
53,11,0.253013
53,12,0.341118
53,13,0.355998
53,14,0.358001
53,15,0.089439
53,16,0.146813
53,17,0.088659
53,18,0.119902
53,19,0.180960
53,20,0.114313
53,21,0.122747
53,22,0.123806
53,23,0.134766
53,24,0.043457
53,25,0.069585
53,26,0.077744
53,27,0.192335
53,28,0.258982
53,29,0.335811
53,30,0.285050
53,31,0.207057
53,32,0.062815
53,33,0.032122
53,34,-0.037218
53,35,0.006856
53,36,0.062293
53,37,0.069985
53,38,0.071659
53,39,0.090293
53,40,0.052771
53,41,0.073721
53,42,0.082603
53,43,0.092239
53,44,0.086358
53,45,0.075275
53,46,0.104006
53,47,0.087983
53,48,0.129460
53,49,0.181914
53,50,0.336767
53,51,0.449939
53,52,0.760805
53,53,1.000000
53,54,0.595216
53,55,0.414493
53,56,0.434215
53,57,0.318799
53,58,0.193523
53,59,0.166357
53,60,0.097382
53,61,0.018735
53,62,0.048621
53,63,0.126635
53,64,0.130413
53,65,0.070050
53,66,0.135074
53,67,0.047246
53,68,0.003716
53,69,0.081338
53,70,0.092759
53,71,0.155625
53,72,0.125816
53,73,0.237137
53,74,0.274438
53,75,0.131124
53,76,0.232954
53,77,0.253259
53,78,0.193169
53,79,0.118928
53,80,0.111523
53,81,0.159896
53,82,0.165700
53,83,0.280661
53,84,0.264851
53,85,0.241805
53,86,0.336553
53,87,0.213532
53,88,0.158253
53,89,0.214575
53,90,0.142005
53,91,0.105817
53,92,0.135029
53,93,0.080359
53,94,0.018292
53,95,0.082479
53,96,0.069318
53,97,0.034072
53,98,0.058805
53,99,0.116189
53,100,0.117273
53,101,0.087090
53,102,0.111919
53,103,0.168203
53,104,0.073239
53,105,0.092067
53,106,0.050417
53,107,0.110199
53,108,0.040197
53,109,0.096677
53,110,0.083465
53,111,0.099021
53,112,0.091804
53,113,0.070339
53,114,0.072635
53,115,0.080396
53,116,0.091114
53,117,0.046966
53,118,0.151398
53,119,0.249461
53,120,0.337245
53,121,0.232256
53,122,0.214704
53,123,0.201524
54,1,0.257818
54,2,0.196867
54,3,0.432988
54,4,0.348003
54,5,0.461885
54,6,0.425765
54,7,0.232422
54,8,0.137484
54,9,0.113600
54,10,0.160179
54,11,0.299307
54,12,0.434728
54,13,0.482120
54,14,0.476874
54,15,0.111798
54,16,0.163293
54,17,0.095456
54,18,0.116430
54,19,0.201806
54,20,0.130273
54,21,0.128289
54,22,0.117002
54,23,0.115750
54,24,-0.001296
54,25,0.065204
54,26,0.075667
54,27,0.240651
54,28,0.322612
54,29,0.423921
54,30,0.358900
54,31,0.237952
54,32,0.087482
54,33,0.043194
54,34,-0.036668
54,35,0.042226
54,36,0.070802
54,37,0.093323
54,38,0.056333
54,39,0.106446
54,40,0.114116
54,41,0.060165
54,42,0.070323
54,43,0.090022
54,44,0.084919
54,45,0.077166
54,46,0.106288
54,47,0.050105
54,48,0.065516
54,49,0.102396
54,50,0.171379
54,51,0.230650
54,52,0.574931
54,53,0.595216
54,54,1.000000
54,55,0.705032
54,56,0.635322
54,57,0.452583
54,58,0.267063
54,59,0.234163
54,60,0.132765
54,61,0.014282
54,62,0.043010
54,63,0.144939
54,64,0.130755
54,65,0.096744
54,66,0.156328
54,67,0.041488
54,68,-0.012930
54,69,0.149532
54,70,0.137885
54,71,0.249304
54,72,0.150208
54,73,0.369593
54,74,0.435954
54,75,0.160025
54,76,0.341921
54,77,0.379254
54,78,0.289734
54,79,0.174756
54,80,0.177988
54,81,0.262708
54,82,0.238318
54,83,0.423282
54,84,0.455933
54,85,0.419450
54,86,0.388506
54,87,0.240638
54,88,0.190594
54,89,0.248087
54,90,0.143886
54,91,0.140582
54,92,0.159303
54,93,0.114194
54,94,0.065883
54,95,0.113305
54,96,0.080326
54,97,0.031081
54,98,0.055135
54,99,0.104320
54,100,0.099327
54,101,0.120637
54,102,0.161737
54,103,0.219124
54,104,0.090357
54,105,0.117070
54,106,0.052975
54,107,0.118819
54,108,0.039635
54,109,0.107613
54,110,0.061947
54,111,0.084799
54,112,0.068128
54,113,0.083888
54,114,0.094253
54,115,0.111558
54,116,0.115119
54,117,0.093437
54,118,0.235910
54,119,0.303991
54,120,0.353571
54,121,0.254216
54,122,0.254955
54,123,0.178133
55,1,0.210389
55,2,0.115765
55,3,0.368327
55,4,0.364085
55,5,0.486216
55,6,0.387179
55,7,0.173813
55,8,0.139688
55,9,0.110817
55,10,0.144164
55,11,0.288540
55,12,0.435195
55,13,0.517820
55,14,0.526049
55,15,0.229554
55,16,0.241664
55,17,0.131421
55,18,0.133209
55,19,0.147222
55,20,0.084683
55,21,0.102796
55,22,0.101919
55,23,0.071089
55,24,-0.013760
55,25,0.070287
55,26,0.105520
55,27,0.284070
55,28,0.371760
55,29,0.472785
55,30,0.398346
55,31,0.257240
55,32,0.076918
55,33,0.041422
55,34,0.007745
55,35,0.074805
55,36,0.112908
55,37,0.154895
55,38,0.082184
55,39,0.090313
55,40,0.110988
55,41,0.078174
55,42,0.062559
55,43,0.101317
55,44,0.094323
55,45,0.079794
55,46,0.117248
55,47,0.061679
55,48,0.064568
55,49,0.079071
55,50,0.106174
55,51,0.188399
55,52,0.430566
55,53,0.414493
55,54,0.705032
55,55,1.000000
55,56,0.746937
55,57,0.468929
55,58,0.381129
55,59,0.335547
55,60,0.192382
55,61,0.121266
55,62,0.125463
55,63,0.176255
55,64,0.157015
55,65,0.060872
55,66,0.217157
55,67,0.081333
55,68,0.071280
55,69,0.224210
55,70,0.233673
55,71,0.313838
55,72,0.259304
55,73,0.400490
55,74,0.437914
55,75,0.160545
55,76,0.366564
55,77,0.387066
55,78,0.290710
55,79,0.189126
55,80,0.182331
55,81,0.264373
55,82,0.189453
55,83,0.419676
55,84,0.565114
55,85,0.516754
55,86,0.466809
55,87,0.295846
55,88,0.249069
55,89,0.315047
55,90,0.209919
55,91,0.173502
55,92,0.219078
55,93,0.158896
55,94,0.067311
55,95,0.140700
55,96,0.102962
55,97,0.065098
55,98,0.082992
55,99,0.127431
55,100,0.113825
55,101,0.157827
55,102,0.153243
55,103,0.225800
55,104,0.063076
55,105,0.099547
55,106,0.064795
55,107,0.122041
55,108,0.055563
55,109,0.129969
55,110,0.071825
55,111,0.091119
55,112,0.063069
55,113,0.086662
55,114,0.133301
55,115,0.146421
55,116,0.129566
55,117,0.118894
55,118,0.282586
55,119,0.293630
55,120,0.311285
55,121,0.199603
55,122,0.216978
55,123,0.167337
56,1,0.238654
56,2,0.199301
56,3,0.435680
56,4,0.366429
56,5,0.501079
56,6,0.420763
56,7,0.205980
56,8,0.159819
56,9,0.122723
56,10,0.152067
56,11,0.310892
56,12,0.451311
56,13,0.521225
56,14,0.525069
56,15,0.104198
56,16,0.213217
56,17,0.153052
56,18,0.160673
56,19,0.171194
56,20,0.095886
56,21,0.121724
56,22,0.103251
56,23,0.061247
56,24,-0.006375
56,25,0.099651
56,26,0.145997
56,27,0.325207
56,28,0.404997
56,29,0.491362
56,30,0.407632
56,31,0.277692
56,32,0.094912
56,33,0.065206
56,34,0.003741
56,35,0.057290
56,36,0.072889
56,37,0.110179
56,38,0.076352
56,39,0.098389
56,40,0.070260
56,41,0.031585
56,42,0.070293
56,43,0.081267
56,44,0.023273
56,45,0.029181
56,46,0.076743
56,47,0.028347
56,48,0.033246
56,49,0.079512
56,50,0.124038
56,51,0.137431
56,52,0.382770
56,53,0.434215
56,54,0.635322
56,55,0.746937
56,56,1.000000
56,57,0.697773
56,58,0.430053
56,59,0.302483
56,60,0.129266
56,61,0.098033
56,62,0.095577
56,63,0.156689
56,64,0.133033
56,65,0.064155
56,66,0.189394
56,67,0.060080
56,68,0.036307
56,69,0.157579
56,70,0.083562
56,71,0.211808
56,72,0.091428
56,73,0.357635
56,74,0.471315
56,75,0.218765
56,76,0.448991
56,77,0.459007
56,78,0.339517
56,79,0.210734
56,80,0.207802
56,81,0.294676
56,82,0.256392
56,83,0.462830
56,84,0.397259
56,85,0.339415
56,86,0.476966
56,87,0.309809
56,88,0.279551
56,89,0.343362
56,90,0.226814
56,91,0.208540
56,92,0.251745
56,93,0.166343
56,94,0.076900
56,95,0.153164
56,96,0.124594
56,97,0.079607
56,98,0.082084
56,99,0.137007
56,100,0.131485
56,101,0.194107
56,102,0.213815
56,103,0.328112
56,104,0.121110
56,105,0.134147
56,106,0.083491
56,107,0.138788
56,108,0.096364
56,109,0.168697
56,110,0.064214
56,111,0.121691
56,112,0.074839
56,113,0.086305
56,114,0.128414
56,115,0.147566
56,116,0.111918
56,117,0.104130
56,118,0.214837
56,119,0.256652
56,120,0.301638
56,121,0.194839
56,122,0.252389
56,123,0.158753
57,1,0.100401
57,2,0.066552
57,3,0.233520
57,4,0.192398
57,5,0.291947
57,6,0.221215
57,7,0.088937
57,8,0.077278
57,9,0.089530
57,10,0.077938
57,11,0.193467
57,12,0.282181
57,13,0.333366
57,14,0.357277
57,15,0.102298
57,16,0.172250
57,17,0.160289
57,18,0.140509
57,19,0.122785
57,20,0.053375
57,21,0.059463
57,22,0.078386
57,23,0.079762
57,24,-0.006146
57,25,0.099809
57,26,0.162968
57,27,0.284798
57,28,0.338634
57,29,0.372881
57,30,0.310320
57,31,0.233824
57,32,0.070176
57,33,0.033883
57,34,-0.011542
57,35,0.004656
57,36,-0.018606
57,37,0.049775
57,38,0.031799
57,39,0.043911
57,40,0.034525
57,41,-0.010585
57,42,0.027986
57,43,0.060861
57,44,0.026825
57,45,0.007360
57,46,0.053311
57,47,0.037933
57,48,0.027179
57,49,0.075492
57,50,0.115653
57,51,0.131243
57,52,0.297313
57,53,0.318799
57,54,0.452583
57,55,0.468929
57,56,0.697773
57,57,1.000000
57,58,0.402737
57,59,0.286393
57,60,0.128146
57,61,0.114103
57,62,0.085044
57,63,0.071679
57,64,0.026290
57,65,0.032723
57,66,0.089102
57,67,0.051207
57,68,0.014519
57,69,0.102859
57,70,0.063522
57,71,0.113788
57,72,0.072883
57,73,0.221730
57,74,0.276652
57,75,0.214451
57,76,0.298281
57,77,0.348246
57,78,0.323597
57,79,0.225627
57,80,0.207816
57,81,0.243790
57,82,0.231546
57,83,0.305207
57,84,0.222323
57,85,0.182983
57,86,0.397407
57,87,0.290386
57,88,0.282973
57,89,0.311357
57,90,0.194566
57,91,0.198826
57,92,0.212197
57,93,0.133937
57,94,0.075535
57,95,0.102844
57,96,0.060269
57,97,0.036587
57,98,0.047950
57,99,0.063476
57,100,0.051546
57,101,0.069008
57,102,0.124045
57,103,0.144698
57,104,0.096469
57,105,0.098847
57,106,0.075312
57,107,0.092253
57,108,0.075290
57,109,0.111578
57,110,0.057191
57,111,0.070556
57,112,0.054565
57,113,0.061314
57,114,0.102194
57,115,0.136132
57,116,0.109193
57,117,0.105676
57,118,0.128507
57,119,0.149240
57,120,0.200215
57,121,0.127831
57,122,0.195817
57,123,0.099683
58,1,0.103303
58,2,-0.027825
58,3,0.151705
58,4,0.179376
58,5,0.299109
58,6,0.190933
58,7,0.051949
58,8,0.041569
58,9,0.046701
58,10,0.074268
58,11,0.192373
58,12,0.297177
58,13,0.359472
58,14,0.389645
58,15,0.192831
58,16,0.230916
58,17,0.157476
58,18,0.135612
58,19,0.077879
58,20,0.058306
58,21,0.063687
58,22,0.137820
58,23,0.067719
58,24,0.009897
58,25,0.100266
58,26,0.205444
58,27,0.281303
58,28,0.325638
58,29,0.378517
58,30,0.327311
58,31,0.246317
58,32,0.014862
58,33,-0.021705
58,34,-0.007345
58,35,0.069248
58,36,0.097772
58,37,0.169000
58,38,0.086863
58,39,0.068718
58,40,0.072279
58,41,0.038799
58,42,0.029726
58,43,0.072938
58,44,0.036632
58,45,0.020090
58,46,0.072378
58,47,0.061760
58,48,0.063542
58,49,0.135454
58,50,0.122651
58,51,0.097545
58,52,0.183290
58,53,0.193523
58,54,0.267063
58,55,0.381129
58,56,0.430053
58,57,0.402737
58,58,1.000000
58,59,0.668830
58,60,0.290019
58,61,0.327532
58,62,0.257853
58,63,0.214899
58,64,0.161957
58,65,0.079714
58,66,0.241680
58,67,0.162590
58,68,0.169257
58,69,0.192583
58,70,0.173212
58,71,0.185272
58,72,0.235963
58,73,0.256951
58,74,0.294785
58,75,0.177546
58,76,0.296859
58,77,0.310918
58,78,0.245955
58,79,0.184803
58,80,0.158654
58,81,0.183342
58,82,0.158415
58,83,0.283607
58,84,0.300594
58,85,0.258607
58,86,0.326468
58,87,0.252776
58,88,0.331041
58,89,0.407624
58,90,0.269934
58,91,0.218282
58,92,0.302329
58,93,0.245610
58,94,0.070088
58,95,0.123981
58,96,0.103272
58,97,0.073922
58,98,0.076089
58,99,0.115939
58,100,0.087187
58,101,0.123453
58,102,0.087338
58,103,0.136761
58,104,0.057408
58,105,0.065947
58,106,0.039495
58,107,0.106955
58,108,0.072059
58,109,0.148580
58,110,0.078826
58,111,0.064239
58,112,0.050667
58,113,0.082917
58,114,0.144417
58,115,0.176678
58,116,0.082625
58,117,0.105843
58,118,0.149275
58,119,0.131147
58,120,0.147036
58,121,0.088949
58,122,0.151884
58,123,0.097056
59,1,0.114520
59,2,-0.057541
59,3,0.109450
59,4,0.168661
59,5,0.246890
59,6,0.163845
59,7,0.055477
59,8,0.037564
59,9,0.038555
59,10,0.076182
59,11,0.182133
59,12,0.270377
59,13,0.315343
59,14,0.344034
59,15,0.237822
59,16,0.203451
59,17,0.132139
59,18,0.081664
59,19,0.039047
59,20,0.036483
59,21,0.044127
59,22,0.119979
59,23,0.067903
59,24,0.031688
59,25,0.075921
59,26,0.150546
59,27,0.237023
59,28,0.271353
59,29,0.334803
59,30,0.303793
59,31,0.219600
59,32,0.002135
59,33,-0.030477
59,34,0.000997
59,35,0.096069
59,36,0.135187
59,37,0.230640
59,38,0.151545
59,39,0.092698
59,40,0.091150
59,41,0.030622
59,42,0.018814
59,43,0.056639
59,44,0.044248
59,45,0.045099
59,46,0.105994
59,47,0.099958
59,48,0.069394
59,49,0.129070
59,50,0.115622
59,51,0.086367
59,52,0.155789
59,53,0.166357
59,54,0.234163
59,55,0.335547
59,56,0.302483
59,57,0.286393
59,58,0.668830
59,59,1.000000
59,60,0.572538
59,61,0.391726
59,62,0.305030
59,63,0.236908
59,64,0.136630
59,65,0.060389
59,66,0.221931
59,67,0.174505
59,68,0.183676
59,69,0.212981
59,70,0.239597
59,71,0.202322
59,72,0.266828
59,73,0.234692
59,74,0.238773
59,75,0.125862
59,76,0.180239
59,77,0.220728
59,78,0.192475
59,79,0.152420
59,80,0.120324
59,81,0.135815
59,82,0.125669
59,83,0.250916
59,84,0.311867
59,85,0.278344
59,86,0.231518
59,87,0.190971
59,88,0.252720
59,89,0.308009
59,90,0.225406
59,91,0.203349
59,92,0.262284
59,93,0.258781
59,94,0.109109
59,95,0.126563
59,96,0.083302
59,97,0.050119
59,98,0.041169
59,99,0.084414
59,100,0.069209
59,101,0.080388
59,102,0.086694
59,103,0.063572
59,104,0.055242
59,105,0.076269
59,106,0.052018
59,107,0.097383
59,108,0.060872
59,109,0.115899
59,110,0.069801
59,111,0.035058
59,112,0.038979
59,113,0.066802
59,114,0.107315
59,115,0.127008
59,116,0.082528
59,117,0.105738
59,118,0.163240
59,119,0.135175
59,120,0.127244
59,121,0.079215
59,122,0.109272
59,123,0.083371
60,1,0.072368
60,2,0.023120
60,3,0.141753
60,4,0.163544
60,5,0.142225
60,6,0.160516
60,7,0.107134
60,8,0.058803
60,9,0.059278
60,10,0.106246
60,11,0.151631
60,12,0.190758
60,13,0.201212
60,14,0.189600
60,15,0.174859
60,16,0.104014
60,17,0.045409
60,18,0.014904
60,19,0.036158
60,20,0.065452
60,21,0.080943
60,22,0.124767
60,23,0.087736
60,24,0.034328
60,25,0.001148
60,26,0.087549
60,27,0.121108
60,28,0.142067
60,29,0.177527
60,30,0.196900
60,31,0.155346
60,32,-0.037877
60,33,-0.021225
60,34,-0.002709
60,35,0.130792
60,36,0.143221
60,37,0.284884
60,38,0.336915
60,39,0.166699
60,40,0.178941
60,41,0.079538
60,42,0.054860
60,43,0.054122
60,44,0.025467
60,45,0.051796
60,46,0.089048
60,47,0.061749
60,48,0.026632
60,49,0.042916
60,50,0.036742
60,51,0.036143
60,52,0.068298
60,53,0.097382
60,54,0.132765
60,55,0.192382
60,56,0.129266
60,57,0.128146
60,58,0.290019
60,59,0.572538
60,60,1.000000
60,61,0.276154
60,62,0.310668
60,63,0.249496
60,64,0.131880
60,65,0.032791
60,66,0.193879
60,67,0.183665
60,68,0.125271
60,69,0.122067
60,70,0.136456
60,71,0.106784
60,72,0.145495
60,73,0.134100
60,74,0.141813
60,75,0.044710
60,76,0.073692
60,77,0.105175
60,78,0.102553
60,79,0.106315
60,80,0.112377
60,81,0.100336
60,82,0.094503
60,83,0.132923
60,84,0.195579
60,85,0.178545
60,86,0.097787
60,87,0.092510
60,88,0.103305
60,89,0.112922
60,90,0.086748
60,91,0.063656
60,92,0.090620
60,93,0.141911
60,94,0.073218
60,95,0.101088
60,96,0.152878
60,97,0.068577
60,98,0.049283
60,99,0.119143
60,100,0.121996
60,101,0.138801
60,102,0.066716
60,103,0.067776
60,104,0.047623
60,105,0.067468
60,106,0.062236
60,107,0.098754
60,108,0.062232
60,109,0.096718
60,110,0.063699
60,111,0.040220
60,112,0.038568
60,113,0.034772
60,114,0.053737
60,115,0.026812
60,116,0.074108
60,117,0.080539
60,118,0.120578
60,119,0.127557
60,120,0.109684
60,121,0.070471
60,122,0.059237
60,123,0.050733
61,1,-0.000217
61,2,-0.148189
61,3,-0.069690
61,4,-0.002130
61,5,0.107645
61,6,-0.011330
61,7,-0.072687
61,8,-0.045507
61,9,0.004139
61,10,-0.011125
61,11,0.072436
61,12,0.129318
61,13,0.181460
61,14,0.225068
61,15,0.244801
61,16,0.195050
61,17,0.144499
61,18,0.092638
61,19,-0.017997
61,20,0.008941
61,21,0.042983
61,22,0.177224
61,23,0.132247
61,24,0.109934
61,25,0.118028
61,26,0.199257
61,27,0.211136
61,28,0.236407
61,29,0.265437
61,30,0.231180
61,31,0.190722
61,32,-0.025369
61,33,-0.048624
61,34,0.023711
61,35,0.049737
61,36,0.141022
61,37,0.286739
61,38,0.134560
61,39,0.056589
61,40,0.040865
61,41,0.026584
61,42,0.014895
61,43,0.043165
61,44,0.045058
61,45,0.055110
61,46,0.087598
61,47,0.124432
61,48,0.041638
61,49,0.113073
61,50,0.071696
61,51,0.054453
61,52,0.038148
61,53,0.018735
61,54,0.014282
61,55,0.121266
61,56,0.098033
61,57,0.114103
61,58,0.327532
61,59,0.391726
61,60,0.276154
61,61,1.000000
61,62,0.641216
61,63,0.269265
61,64,0.109718
61,65,-0.020052
61,66,0.272767
61,67,0.305634
61,68,0.327024
61,69,0.119720
61,70,0.127534
61,71,0.072503
61,72,0.238296
61,73,0.126313
61,74,0.101542
61,75,0.109658
61,76,0.073311
61,77,0.124557
61,78,0.137504
61,79,0.116847
61,80,0.076262
61,81,0.058124
61,82,0.078441
61,83,0.088744
61,84,0.143341
61,85,0.119878
61,86,0.142159
61,87,0.117597
61,88,0.206886
61,89,0.225831
61,90,0.151093
61,91,0.159615
61,92,0.167126
61,93,0.121062
61,94,0.029677
61,95,0.076187
61,96,0.045840
61,97,0.044206
61,98,0.069459
61,99,0.061823
61,100,0.036926
61,101,0.024119
61,102,-0.042300
61,103,-0.073770
61,104,0.031577
61,105,0.039796
61,106,0.018472
61,107,0.043057
61,108,0.030691
61,109,0.070626
61,110,0.056608
61,111,0.032916
61,112,0.047872
61,113,0.095979
61,114,0.103267
61,115,0.140576
61,116,0.080991
61,117,0.093812
61,118,0.065748
61,119,0.027346
61,120,0.010741
61,121,-0.030435
61,122,0.003918
61,123,0.011052
62,1,-0.035802
62,2,-0.066272
62,3,0.047442
62,4,0.041706
62,5,0.166372
62,6,0.104965
62,7,0.021341
62,8,0.030762
62,9,0.073038
62,10,0.094630
62,11,0.157239
62,12,0.198797
62,13,0.246459
62,14,0.253307
62,15,0.187600
62,16,0.157960
62,17,0.116854
62,18,0.077935
62,19,-0.010837
62,20,0.075531
62,21,0.100820
62,22,0.201727
62,23,0.140971
62,24,0.102283
62,25,0.103984
62,26,0.198858
62,27,0.245695
62,28,0.273188
62,29,0.294542
62,30,0.262789
62,31,0.225327
62,32,0.026747
62,33,0.030784
62,34,0.083534
62,35,0.144956
62,36,0.248125
62,37,0.430051
62,38,0.280238
62,39,0.105119
62,40,0.059201
62,41,0.056286
62,42,0.060638
62,43,0.064081
62,44,0.021390
62,45,0.043338
62,46,0.080660
62,47,0.097014
62,48,0.050679
62,49,0.113183
62,50,0.065569
62,51,0.063333
62,52,0.051544
62,53,0.048621
62,54,0.043010
62,55,0.125463
62,56,0.095577
62,57,0.085044
62,58,0.257853
62,59,0.305030
62,60,0.310668
62,61,0.641216
62,62,1.000000
62,63,0.541446
62,64,0.261462
62,65,-0.016564
62,66,0.330746
62,67,0.393661
62,68,0.359508
62,69,0.077930
62,70,0.095331
62,71,0.069242
62,72,0.169200
62,73,0.078747
62,74,0.076986
62,75,0.048334
62,76,0.085534
62,77,0.138546
62,78,0.124384
62,79,0.123431
62,80,0.098750
62,81,0.073943
62,82,0.077794
62,83,0.084202
62,84,0.122669
62,85,0.102115
62,86,0.138987
62,87,0.110744
62,88,0.166677
62,89,0.166898
62,90,0.112528
62,91,0.129607
62,92,0.138215
62,93,0.096645
62,94,0.005446
62,95,0.102975
62,96,0.088838
62,97,0.047599
62,98,0.095896
62,99,0.112873
62,100,0.082679
62,101,0.045538
62,102,-0.132958
62,103,-0.067236
62,104,0.006674
62,105,0.020883
62,106,0.013900
62,107,0.093075
62,108,0.061982
62,109,0.081946
62,110,0.084773
62,111,0.060555
62,112,0.068700
62,113,0.102119
62,114,0.076945
62,115,0.103368
62,116,0.052666
62,117,0.058641
62,118,0.052400
62,119,0.036318
62,120,0.050561
62,121,0.006201
62,122,0.023994
62,123,0.053305
63,1,0.112507
63,2,0.003905
63,3,0.151986
63,4,0.163971
63,5,0.251988
63,6,0.221775
63,7,0.095393
63,8,0.076359
63,9,0.109683
63,10,0.135718
63,11,0.208638
63,12,0.269486
63,13,0.317896
63,14,0.304321
63,15,0.107950
63,16,0.081195
63,17,0.060438
63,18,0.050814
63,19,0.053161
63,20,0.095662
63,21,0.087117
63,22,0.202457
63,23,0.163213
63,24,0.086385
63,25,0.083077
63,26,0.161229
63,27,0.210098
63,28,0.247912
63,29,0.291232
63,30,0.284305
63,31,0.240683
63,32,0.062937
63,33,0.018868
63,34,0.042027
63,35,0.240139
63,36,0.466225
63,37,0.502876
63,38,0.348768
63,39,0.193017
63,40,0.118835
63,41,0.093298
63,42,0.064317
63,43,0.051903
63,44,0.059703
63,45,0.023007
63,46,0.057293
63,47,0.062680
63,48,0.069419
63,49,0.092639
63,50,0.064035
63,51,0.084718
63,52,0.127512
63,53,0.126635
63,54,0.144939
63,55,0.176255
63,56,0.156689
63,57,0.071679
63,58,0.214899
63,59,0.236908
63,60,0.249496
63,61,0.269265
63,62,0.541446
63,63,1.000000
63,64,0.684107
63,65,0.163897
63,66,0.538885
63,67,0.444657
63,68,0.407501
63,69,0.182918
63,70,0.129182
63,71,0.150387
63,72,0.134340
63,73,0.138033
63,74,0.160948
63,75,0.005673
63,76,0.125622
63,77,0.166460
63,78,0.105790
63,79,0.072924
63,80,0.085911
63,81,0.112337
63,82,0.116833
63,83,0.165783
63,84,0.174188
63,85,0.126068
63,86,0.132787
63,87,0.102266
63,88,0.138724
63,89,0.138020
63,90,0.096549
63,91,0.098819
63,92,0.124471
63,93,0.106872
63,94,0.020400
63,95,0.107468
63,96,0.116160
63,97,0.035076
63,98,0.088074
63,99,0.140297
63,100,0.140785
63,101,0.118352
63,102,0.014615
63,103,0.058053
63,104,0.024898
63,105,0.042986
63,106,0.032853
63,107,0.113959
63,108,0.087365
63,109,0.124893
63,110,0.095380
63,111,0.071362
63,112,0.079297
63,113,0.073359
63,114,0.088076
63,115,0.066472
63,116,0.021252
63,117,0.037428
63,118,0.086733
63,119,0.101725
63,120,0.122496
63,121,0.091852
63,122,0.092545
63,123,0.072815
64,1,0.206056
64,2,0.012622
64,3,0.164761
64,4,0.198759
64,5,0.226999
64,6,0.211607
64,7,0.085475
64,8,0.057057
64,9,0.050956
64,10,0.088374
64,11,0.151331
64,12,0.225844
64,13,0.262776
64,14,0.246279
64,15,0.048436
64,16,0.031264
64,17,0.035601
64,18,0.056640
64,19,0.079400
64,20,0.077157
64,21,0.084222
64,22,0.105474
64,23,0.100236
64,24,0.045848
64,25,0.053197
64,26,0.060001
64,27,0.096790
64,28,0.124729
64,29,0.186809
64,30,0.195045
64,31,0.157232
64,32,0.029587
64,33,-0.029684
64,34,-0.005202
64,35,0.104048
64,36,0.339698
64,37,0.303883
64,38,0.268849
64,39,0.156170
64,40,0.086710
64,41,0.084530
64,42,0.067216
64,43,0.054991
64,44,0.055263
64,45,0.029175
64,46,0.051826
64,47,0.049080
64,48,0.082723
64,49,0.072218
64,50,0.058665
64,51,0.077928
64,52,0.115284
64,53,0.130413
64,54,0.130755
64,55,0.157015
64,56,0.133033
64,57,0.026290
64,58,0.161957
64,59,0.136630
64,60,0.131880
64,61,0.109718
64,62,0.261462
64,63,0.684107
64,64,1.000000
64,65,0.400914
64,66,0.529320
64,67,0.253772
64,68,0.252814
64,69,0.174899
64,70,0.117984
64,71,0.137782
64,72,0.086895
64,73,0.134732
64,74,0.132313
64,75,-0.004200
64,76,0.086820
64,77,0.106875
64,78,0.020407
64,79,0.007750
64,80,0.015171
64,81,0.061736
64,82,0.083193
64,83,0.147977
64,84,0.161217
64,85,0.096263
64,86,0.086941
64,87,0.070631
64,88,0.078575
64,89,0.094193
64,90,0.067745
64,91,0.065468
64,92,0.090117
64,93,0.052346
64,94,-0.005590
64,95,0.072434
64,96,0.097421
64,97,-0.004436
64,98,0.064842
64,99,0.140205
64,100,0.124312
64,101,0.137764
64,102,0.080446
64,103,0.125343
64,104,0.029579
64,105,0.041022
64,106,0.023962
64,107,0.084219
64,108,0.053397
64,109,0.073710
64,110,0.055514
64,111,0.020889
64,112,0.048114
64,113,0.027670
64,114,0.051433
64,115,0.015338
64,116,-0.015482
64,117,-0.012482
64,118,0.064067
64,119,0.082246
64,120,0.124035
64,121,0.127574
64,122,0.122270
64,123,0.052856
65,1,0.210375
65,2,0.028749
65,3,0.137972
65,4,0.134514
65,5,0.121102
65,6,0.084065
65,7,0.025233
65,8,0.027883
65,9,-0.012606
65,10,0.006892
65,11,0.026577
65,12,0.101702
65,13,0.111555
65,14,0.113488
65,15,-0.007605
65,16,-0.055858
65,17,-0.069850
65,18,-0.028127
65,19,-0.026551
65,20,0.020213
65,21,0.020129
65,22,0.020299
65,23,0.033952
65,24,-0.010255
65,25,-0.001827
65,26,-0.041194
65,27,-0.020381
65,28,-0.032624
65,29,0.041201
65,30,0.043530
65,31,0.029142
65,32,0.007222
65,33,-0.093607
65,34,-0.135701
65,35,-0.011647
65,36,0.024673
65,37,0.008280
65,38,0.023162
65,39,0.004218
65,40,0.032165
65,41,0.009217
65,42,0.031352
65,43,0.033383
65,44,0.082735
65,45,0.052406
65,46,0.041833
65,47,-0.003146
65,48,0.016785
65,49,-0.011778
65,50,0.007771
65,51,0.043433
65,52,0.064350
65,53,0.070050
65,54,0.096744
65,55,0.060872
65,56,0.064155
65,57,0.032723
65,58,0.079714
65,59,0.060389
65,60,0.032791
65,61,-0.020052
65,62,-0.016564
65,63,0.163897
65,64,0.400914
65,65,1.000000
65,66,0.308206
65,67,0.043984
65,68,0.012039
65,69,0.110623
65,70,0.113092
65,71,0.139666
65,72,0.132665
65,73,0.159876
65,74,0.146696
65,75,0.005747
65,76,0.030121
65,77,0.030527
65,78,-0.025200
65,79,0.005127
65,80,-0.000360
65,81,0.014659
65,82,0.071386
65,83,0.139843
65,84,0.094664
65,85,0.048126
65,86,0.004304
65,87,0.003894
65,88,0.022444
65,89,0.028208
65,90,0.007822
65,91,0.017104
65,92,-0.006666
65,93,-0.016539
65,94,0.008596
65,95,0.018366
65,96,-0.001390
65,97,-0.013856
65,98,0.018975
65,99,-0.012086
65,100,-0.017761
65,101,0.030074
65,102,0.121762
65,103,0.110652
65,104,0.069610
65,105,0.079481
65,106,0.031577
65,107,0.038641
65,108,0.005507
65,109,0.010327
65,110,-0.003398
65,111,-0.022217
65,112,0.006352
65,113,-0.005060
65,114,0.042199
65,115,0.030427
65,116,-0.028362
65,117,-0.034052
65,118,0.039006
65,119,0.065561
65,120,0.066279
65,121,0.118092
65,122,0.081983
65,123,0.034863
66,1,0.143919
66,2,-0.032487
66,3,0.163951
66,4,0.153949
66,5,0.282443
66,6,0.207382
66,7,0.047931
66,8,-0.000393
66,9,0.020456
66,10,0.052112
66,11,0.149765
66,12,0.266917
66,13,0.342625
66,14,0.349938
66,15,0.206337
66,16,0.152083
66,17,0.092679
66,18,0.102940
66,19,0.071251
66,20,0.137909
66,21,0.141781
66,22,0.227589
66,23,0.150191
66,24,0.073999
66,25,0.083754
66,26,0.114639
66,27,0.184462
66,28,0.207289
66,29,0.297651
66,30,0.253326
66,31,0.171230
66,32,0.003650
66,33,-0.039514
66,34,-0.052843
66,35,0.175202
66,36,0.238337
66,37,0.281911
66,38,0.192141
66,39,0.061109
66,40,0.059816
66,41,0.049899
66,42,0.052034
66,43,0.065386
66,44,0.138702
66,45,0.091780
66,46,0.170532
66,47,0.108328
66,48,0.068261
66,49,0.077110
66,50,0.056090
66,51,0.064212
66,52,0.122905
66,53,0.135074
66,54,0.156328
66,55,0.217157
66,56,0.189394
66,57,0.089102
66,58,0.241680
66,59,0.221931
66,60,0.193879
66,61,0.272767
66,62,0.330746
66,63,0.538885
66,64,0.529320
66,65,0.308206
66,66,1.000000
66,67,0.437442
66,68,0.244851
66,69,0.180012
66,70,0.177290
66,71,0.202049
66,72,0.213523
66,73,0.190442
66,74,0.216310
66,75,0.058355
66,76,0.158437
66,77,0.170650
66,78,0.131970
66,79,0.111745
66,80,0.087323
66,81,0.093334
66,82,0.113189
66,83,0.223357
66,84,0.229299
66,85,0.164015
66,86,0.163836
66,87,0.139759
66,88,0.173967
66,89,0.164817
66,90,0.119049
66,91,0.125728
66,92,0.153980
66,93,0.103580
66,94,0.025796
66,95,0.126464
66,96,0.111447
66,97,0.038334
66,98,0.071920
66,99,0.097478
66,100,0.084306
66,101,0.146043
66,102,0.079823
66,103,0.089027
66,104,0.069029
66,105,0.079175
66,106,0.063455
66,107,0.120107
66,108,0.076034
66,109,0.105258
66,110,0.066674
66,111,0.069492
66,112,0.089579
66,113,0.107200
66,114,0.118709
66,115,0.108381
66,116,0.053339
66,117,0.048436
66,118,0.095604
66,119,0.106519
66,120,0.120251
66,121,0.091052
66,122,0.076448
66,123,0.072632
67,1,-0.019847
67,2,-0.035435
67,3,0.024956
67,4,0.037368
67,5,0.137606
67,6,0.159857
67,7,0.128315
67,8,0.139661
67,9,0.173814
67,10,0.212420
67,11,0.257139
67,12,0.230870
67,13,0.241835
67,14,0.231370
67,15,0.077450
67,16,0.086855
67,17,0.062552
67,18,0.028193
67,19,0.017187
67,20,0.133944
67,21,0.201629
67,22,0.485576
67,23,0.380035
67,24,0.262733
67,25,0.084234
67,26,0.195698
67,27,0.231678
67,28,0.247225
67,29,0.268628
67,30,0.267230
67,31,0.261825
67,32,0.104985
67,33,0.117222
67,34,0.118158
67,35,0.164676
67,36,0.183642
67,37,0.271513
67,38,0.140120
67,39,0.084436
67,40,0.081415
67,41,0.062044
67,42,0.074216
67,43,0.045857
67,44,0.079130
67,45,0.035778
67,46,0.107983
67,47,0.106147
67,48,0.057901
67,49,0.104696
67,50,0.051616
67,51,0.014028
67,52,0.044409
67,53,0.047246
67,54,0.041488
67,55,0.081333
67,56,0.060080
67,57,0.051207
67,58,0.162590
67,59,0.174505
67,60,0.183665
67,61,0.305634
67,62,0.393661
67,63,0.444657
67,64,0.253772
67,65,0.043984
67,66,0.437442
67,67,1.000000
67,68,0.651803
67,69,0.174287
67,70,0.138430
67,71,0.060158
67,72,0.103792
67,73,0.040719
67,74,0.044416
67,75,-0.000281
67,76,0.055047
67,77,0.074966
67,78,0.069459
67,79,0.068107
67,80,0.074514
67,81,0.080272
67,82,0.093093
67,83,0.058035
67,84,0.023467
67,85,0.058878
67,86,0.087565
67,87,0.044300
67,88,0.090661
67,89,0.100937
67,90,0.059952
67,91,0.073063
67,92,0.105494
67,93,0.048999
67,94,-0.015650
67,95,0.081806
67,96,0.078770
67,97,0.028640
67,98,0.084491
67,99,0.120566
67,100,0.100156
67,101,0.053192
67,102,-0.069403
67,103,-0.074535
67,104,-0.031383
67,105,-0.029683
67,106,-0.042189
67,107,0.032645
67,108,0.060633
67,109,0.076175
67,110,0.086915
67,111,0.090863
67,112,0.097979
67,113,0.102511
67,114,0.086036
67,115,0.076001
67,116,0.031726
67,117,0.045193
67,118,0.052576
67,119,0.064294
67,120,0.065372
67,121,0.049033
67,122,0.030803
67,123,0.053680
68,1,0.010062
68,2,-0.076956
68,3,-0.068270
68,4,0.023801
68,5,0.084125
68,6,0.048009
68,7,0.036917
68,8,0.076834
68,9,0.121103
68,10,0.135249
68,11,0.164107
68,12,0.146714
68,13,0.147855
68,14,0.164753
68,15,0.094983
68,16,0.108756
68,17,0.092524
68,18,0.074966
68,19,0.005284
68,20,0.051319
68,21,0.096214
68,22,0.353801
68,23,0.346270
68,24,0.283459
68,25,0.137553
68,26,0.210422
68,27,0.218978
68,28,0.219347
68,29,0.201503
68,30,0.234925
68,31,0.239754
68,32,0.064010
68,33,0.030137
68,34,0.074755
68,35,0.098062
68,36,0.223888
68,37,0.283468
68,38,0.148815
68,39,0.119707
68,40,0.077828
68,41,0.067556
68,42,0.057715
68,43,0.045222
68,44,0.049802
68,45,0.035705
68,46,0.079331
68,47,0.132297
68,48,0.082478
68,49,0.131497
68,50,0.029576
68,51,0.030265
68,52,0.002628
68,53,0.003716
68,54,-0.012930
68,55,0.071280
68,56,0.036307
68,57,0.014519
68,58,0.169257
68,59,0.183676
68,60,0.125271
68,61,0.327024
68,62,0.359508
68,63,0.407501
68,64,0.252814
68,65,0.012039
68,66,0.244851
68,67,0.651803
68,68,1.000000
68,69,0.288373
68,70,0.170783
68,71,0.058294
68,72,0.148510
68,73,-0.000162
68,74,-0.023744
68,75,0.015844
68,76,0.018579
68,77,0.069720
68,78,0.087956
68,79,0.070241
68,80,0.047280
68,81,0.029069
68,82,0.013641
68,83,-0.015264
68,84,0.021509
68,85,0.034104
68,86,0.084396
68,87,0.059432
68,88,0.117435
68,89,0.113633
68,90,0.071280
68,91,0.056858
68,92,0.105243
68,93,0.060679
68,94,-0.024782
68,95,0.042273
68,96,0.053469
68,97,0.034084
68,98,0.068166
68,99,0.105031
68,100,0.095262
68,101,0.025903
68,102,-0.117030
68,103,-0.127186
68,104,-0.041064
68,105,-0.045536
68,106,-0.049644
68,107,0.013243
68,108,0.042868
68,109,0.047226
68,110,0.065631
68,111,0.021111
68,112,0.052269
68,113,0.077135
68,114,0.075468
68,115,0.094501
68,116,0.019778
68,117,0.025205
68,118,0.006665
68,119,-0.016017
68,120,0.004617
68,121,-0.009667
68,122,0.010409
68,123,0.023085
69,1,0.136871
69,2,-0.091904
69,3,0.006057
69,4,0.169913
69,5,0.106542
69,6,0.064908
69,7,-0.012330
69,8,0.025790
69,9,0.009121
69,10,-0.015766
69,11,0.063670
69,12,0.115855
69,13,0.180915
69,14,0.200797
69,15,0.190293
69,16,0.079405
69,17,0.015896
69,18,0.005160
69,19,-0.015866
69,20,-0.036844
69,21,0.038354
69,22,0.112328
69,23,0.133805
69,24,0.044618
69,25,0.032801
69,26,0.070333
69,27,0.120185
69,28,0.143458
69,29,0.176567
69,30,0.185611
69,31,0.130892
69,32,0.001335
69,33,-0.079054
69,34,0.035864
69,35,0.023560
69,36,0.114659
69,37,0.125473
69,38,0.078399
69,39,0.042611
69,40,0.062999
69,41,0.041033
69,42,0.035481
69,43,0.069214
69,44,0.106792
69,45,0.087688
69,46,0.095599
69,47,0.079029
69,48,0.052196
69,49,0.041051
69,50,0.017805
69,51,0.067143
69,52,0.108122
69,53,0.081338
69,54,0.149532
69,55,0.224210
69,56,0.157579
69,57,0.102859
69,58,0.192583
69,59,0.212981
69,60,0.122067
69,61,0.119720
69,62,0.077930
69,63,0.182918
69,64,0.174899
69,65,0.110623
69,66,0.180012
69,67,0.174287
69,68,0.288373
69,69,1.000000
69,70,0.520185
69,71,0.399848
69,72,0.321646
69,73,0.167869
69,74,0.147324
69,75,0.052304
69,76,0.108871
69,77,0.107842
69,78,0.102659
69,79,0.045021
69,80,0.006879
69,81,0.022101
69,82,0.010375
69,83,0.184164
69,84,0.305693
69,85,0.261819
69,86,0.098173
69,87,0.070726
69,88,0.090742
69,89,0.134330
69,90,0.096559
69,91,0.090796
69,92,0.101034
69,93,0.077729
69,94,0.030706
69,95,0.085027
69,96,0.051918
69,97,0.037017
69,98,0.075632
69,99,0.076032
69,100,0.048763
69,101,0.034507
69,102,0.124071
69,103,0.025060
69,104,0.074460
69,105,0.093101
69,106,0.051989
69,107,0.066067
69,108,0.017745
69,109,0.052881
69,110,0.059320
69,111,0.011168
69,112,0.001956
69,113,0.011656
69,114,0.054201
69,115,0.081403
69,116,0.011709
69,117,0.029324
69,118,0.090964
69,119,0.085818
69,120,0.065682
69,121,0.043092
69,122,0.083406
69,123,0.034440
70,1,0.058145
70,2,-0.174480
70,3,-0.083402
70,4,0.159703
70,5,0.088603
70,6,-0.000338
70,7,-0.047154
70,8,0.027353
70,9,0.001781
70,10,-0.033660
70,11,0.051782
70,12,0.100067
70,13,0.155368
70,14,0.181588
70,15,0.284157
70,16,0.105807
70,17,0.001694
70,18,-0.002395
70,19,-0.033734
70,20,-0.016469
70,21,-0.019472
70,22,0.064599
70,23,0.068774
70,24,-0.029666
70,25,0.003577
70,26,0.043938
70,27,0.124008
70,28,0.130949
70,29,0.167997
70,30,0.200403
70,31,0.128534
70,32,-0.042259
70,33,-0.101715
70,34,0.013640
70,35,0.044617
70,36,0.078811
70,37,0.118626
70,38,0.044416
70,39,-0.020056
70,40,0.034593
70,41,0.035637
70,42,0.045186
70,43,0.091039
70,44,0.137108
70,45,0.104236
70,46,0.135820
70,47,0.091812
70,48,0.063277
70,49,0.063969
70,50,0.055892
70,51,0.124181
70,52,0.146524
70,53,0.092759
70,54,0.137885
70,55,0.233673
70,56,0.083562
70,57,0.063522
70,58,0.173212
70,59,0.239597
70,60,0.136456
70,61,0.127534
70,62,0.095331
70,63,0.129182
70,64,0.117984
70,65,0.113092
70,66,0.177290
70,67,0.138430
70,68,0.170783
70,69,0.520185
70,70,1.000000
70,71,0.589466
70,72,0.438597
70,73,0.179176
70,74,0.059521
70,75,0.067036
70,76,0.041621
70,77,0.081489
70,78,0.123254
70,79,0.051691
70,80,0.001719
70,81,0.003518
70,82,-0.018469
70,83,0.120986
70,84,0.361216
70,85,0.348515
70,86,0.127704
70,87,0.099886
70,88,0.110550
70,89,0.145947
70,90,0.130534
70,91,0.093235
70,92,0.101142
70,93,0.079133
70,94,0.025386
70,95,0.030698
70,96,-0.000142
70,97,0.027666
70,98,0.051593
70,99,0.014219
70,100,0.000076
70,101,-0.082860
70,102,0.059586
70,103,-0.112094
70,104,0.014149
70,105,0.031516
70,106,0.009262
70,107,0.017319
70,108,-0.012240
70,109,0.015896
70,110,0.033005
70,111,-0.001734
70,112,0.020365
70,113,0.028328
70,114,0.075546
70,115,0.062857
70,116,0.001546
70,117,0.023956
70,118,0.118577
70,119,0.107066
70,120,0.074585
70,121,0.035905
70,122,0.031839
70,123,0.020807
71,1,0.160285
71,2,0.007069
71,3,0.139689
71,4,0.147631
71,5,0.278867
71,6,0.145148
71,7,-0.001503
71,8,0.005986
71,9,0.021708
71,10,0.028305
71,11,0.099362
71,12,0.207645
71,13,0.284964
71,14,0.281909
71,15,0.184788
71,16,0.108642
71,17,0.009948
71,18,0.007411
71,19,0.026650
71,20,0.025380
71,21,0.015886
71,22,0.040851
71,23,-0.016231
71,24,-0.055923
71,25,0.043857
71,26,0.058834
71,27,0.148616
71,28,0.174065
71,29,0.238218
71,30,0.245088
71,31,0.145030
71,32,0.024075
71,33,-0.059126
71,34,-0.027904
71,35,0.053862
71,36,0.088817
71,37,0.102216
71,38,0.053077
71,39,-0.005290
71,40,0.032087
71,41,0.039420
71,42,0.028418
71,43,0.073664
71,44,0.099168
71,45,0.083523
71,46,0.087870
71,47,0.051797
71,48,0.047460
71,49,0.005842
71,50,0.015570
71,51,0.105920
71,52,0.193142
71,53,0.155625
71,54,0.249304
71,55,0.313838
71,56,0.211808
71,57,0.113788
71,58,0.185272
71,59,0.202322
71,60,0.106784
71,61,0.072503
71,62,0.069242
71,63,0.150387
71,64,0.137782
71,65,0.139666
71,66,0.202049
71,67,0.060158
71,68,0.058294
71,69,0.399848
71,70,0.589466
71,71,1.000000
71,72,0.550829
71,73,0.339605
71,74,0.310342
71,75,0.002587
71,76,0.187403
71,77,0.169965
71,78,0.111107
71,79,0.036079
71,80,0.037182
71,81,0.074034
71,82,0.061639
71,83,0.263996
71,84,0.391426
71,85,0.341771
71,86,0.100209
71,87,0.056641
71,88,0.098801
71,89,0.137427
71,90,0.107806
71,91,0.080609
71,92,0.070735
71,93,0.051970
71,94,0.039962
71,95,0.042983
71,96,-0.012161
71,97,0.005740
71,98,0.034651
71,99,0.002126
71,100,0.008792
71,101,0.027984
71,102,0.030758
71,103,0.046312
71,104,0.068012
71,105,0.097635
71,106,0.050111
71,107,0.048210
71,108,0.007330
71,109,0.056505
71,110,0.057715
71,111,0.020443
71,112,-0.006439
71,113,0.007186
71,114,0.032857
71,115,0.068290
71,116,0.019716
71,117,0.014290
71,118,0.119093
71,119,0.115374
71,120,0.108367
71,121,0.068250
71,122,0.072070
71,123,0.057984
72,1,0.117815
72,2,-0.083462
72,3,0.030109
72,4,0.142882
72,5,0.182629
72,6,0.021200
72,7,-0.102340
72,8,-0.050880
72,9,-0.004767
72,10,-0.023510
72,11,0.011424
72,12,0.102106
72,13,0.180988
72,14,0.230358
72,15,0.417974
72,16,0.231118
72,17,0.025874
72,18,0.027459
72,19,-0.032306
72,20,-0.024462
72,21,-0.045795
72,22,0.032203
72,23,0.038331
72,24,-0.020758
72,25,0.061679
72,26,0.096050
72,27,0.132853
72,28,0.160249
72,29,0.223289
72,30,0.180238
72,31,0.135637
72,32,-0.030477
72,33,-0.138640
72,34,-0.101743
72,35,-0.033806
72,36,0.071499
72,37,0.097645
72,38,0.037851
72,39,-0.043786
72,40,0.012970
72,41,0.054178
72,42,0.014872
72,43,0.097799
72,44,0.119250
72,45,0.089015
72,46,0.093547
72,47,0.080864
72,48,0.054689
72,49,0.029385
72,50,0.040064
72,51,0.129479
72,52,0.152033
72,53,0.125816
72,54,0.150208
72,55,0.259304
72,56,0.091428
72,57,0.072883
72,58,0.235963
72,59,0.266828
72,60,0.145495
72,61,0.238296
72,62,0.169200
72,63,0.134340
72,64,0.086895
72,65,0.132665
72,66,0.213523
72,67,0.103792
72,68,0.148510
72,69,0.321646
72,70,0.438597
72,71,0.550829
72,72,1.000000
72,73,0.320215
72,74,0.202803
72,75,0.093825
72,76,0.080702
72,77,0.114314
72,78,0.147715
72,79,0.118262
72,80,0.085853
72,81,0.069763
72,82,0.079664
72,83,0.228490
72,84,0.413020
72,85,0.338764
72,86,0.163887
72,87,0.151618
72,88,0.202315
72,89,0.202147
72,90,0.139454
72,91,0.110829
72,92,0.109940
72,93,0.083719
72,94,0.032130
72,95,0.034007
72,96,-0.010014
72,97,0.044505
72,98,0.068221
72,99,0.003098
72,100,-0.009517
72,101,-0.034993
72,102,-0.056329
72,103,-0.123898
72,104,0.021913
72,105,0.065718
72,106,0.048982
72,107,0.036419
72,108,-0.029857
72,109,0.037707
72,110,0.039960
72,111,-0.003699
72,112,-0.000088
72,113,0.028131
72,114,0.098432
72,115,0.128015
72,116,0.071850
72,117,0.033382
72,118,0.130352
72,119,0.104503
72,120,0.087920
72,121,0.057915
72,122,0.037871
72,123,0.043880
73,1,0.300636
73,2,0.169437
73,3,0.339750
73,4,0.311348
73,5,0.513733
73,6,0.389555
73,7,0.197950
73,8,0.128268
73,9,0.089776
73,10,0.155364
73,11,0.235911
73,12,0.386181
73,13,0.422910
73,14,0.460428
73,15,0.215978
73,16,0.123983
73,17,-0.017899
73,18,0.037669
73,19,0.109672
73,20,0.067013
73,21,0.088941
73,22,0.081652
73,23,0.031740
73,24,-0.021474
73,25,0.056382
73,26,0.046294
73,27,0.151723
73,28,0.235208
73,29,0.371465
73,30,0.268166
73,31,0.156142
73,32,0.057054
73,33,0.003239
73,34,-0.080866
73,35,0.060647
73,36,0.077079
73,37,0.128344
73,38,0.081400
73,39,0.093089
73,40,0.104173
73,41,0.071605
73,42,0.050552
73,43,0.087900
73,44,0.049891
73,45,0.049744
73,46,0.067756
73,47,0.017975
73,48,0.016832
73,49,0.015739
73,50,0.042365
73,51,0.073798
73,52,0.263302
73,53,0.237137
73,54,0.369593
73,55,0.400490
73,56,0.357635
73,57,0.221730
73,58,0.256951
73,59,0.234692
73,60,0.134100
73,61,0.126313
73,62,0.078747
73,63,0.138033
73,64,0.134732
73,65,0.159876
73,66,0.190442
73,67,0.040719
73,68,-0.000162
73,69,0.167869
73,70,0.179176
73,71,0.339605
73,72,0.320215
73,73,1.000000
73,74,0.743596
73,75,0.101196
73,76,0.310478
73,77,0.290216
73,78,0.172597
73,79,0.110776
73,80,0.135937
73,81,0.243108
73,82,0.248119
73,83,0.414930
73,84,0.428665
73,85,0.388643
73,86,0.204612
73,87,0.135457
73,88,0.177688
73,89,0.220175
73,90,0.131414
73,91,0.138430
73,92,0.112255
73,93,0.058200
73,94,0.072737
73,95,0.102395
73,96,0.037561
73,97,0.009561
73,98,0.057365
73,99,0.085615
73,100,0.100718
73,101,0.176160
73,102,0.173003
73,103,0.275614
73,104,0.096571
73,105,0.134414
73,106,0.073269
73,107,0.136718
73,108,0.053242
73,109,0.122680
73,110,0.109488
73,111,0.089470
73,112,0.070672
73,113,0.064558
73,114,0.074120
73,115,0.098866
73,116,0.078062
73,117,0.071841
73,118,0.200918
73,119,0.209488
73,120,0.195661
73,121,0.183474
73,122,0.219434
73,123,0.147084
74,1,0.289758
74,2,0.185502
74,3,0.453115
74,4,0.380733
74,5,0.606442
74,6,0.477419
74,7,0.200583
74,8,0.091250
74,9,0.055550
74,10,0.136395
74,11,0.260455
74,12,0.457241
74,13,0.544486
74,14,0.540256
74,15,0.136452
74,16,0.184152
74,17,0.054373
74,18,0.088699
74,19,0.164857
74,20,0.092376
74,21,0.120610
74,22,0.103210
74,23,0.017317
74,24,-0.031255
74,25,0.079604
74,26,0.075177
74,27,0.230547
74,28,0.340796
74,29,0.476017
74,30,0.337132
74,31,0.174954
74,32,0.060425
74,33,0.021754
74,34,-0.094909
74,35,0.122673
74,36,0.118177
74,37,0.153197
74,38,0.090475
74,39,0.096260
74,40,0.076657
74,41,0.026136
74,42,0.061485
74,43,0.083634
74,44,0.063207
74,45,0.049997
74,46,0.066057
74,47,0.001559
74,48,-0.004772
74,49,0.015714
74,50,0.046218
74,51,0.029901
74,52,0.275027
74,53,0.274438
74,54,0.435954
74,55,0.437914
74,56,0.471315
74,57,0.276652
74,58,0.294785
74,59,0.238773
74,60,0.141813
74,61,0.101542
74,62,0.076986
74,63,0.160948
74,64,0.132313
74,65,0.146696
74,66,0.216310
74,67,0.044416
74,68,-0.023744
74,69,0.147324
74,70,0.059521
74,71,0.310342
74,72,0.202803
74,73,0.743596
74,74,1.000000
74,75,0.147207
74,76,0.508682
74,77,0.408395
74,78,0.224222
74,79,0.119235
74,80,0.172759
74,81,0.306812
74,82,0.332475
74,83,0.555842
74,84,0.388716
74,85,0.346312
74,86,0.244417
74,87,0.148691
74,88,0.197801
74,89,0.231663
74,90,0.138025
74,91,0.167852
74,92,0.141987
74,93,0.068702
74,94,0.084077
74,95,0.134016
74,96,0.075726
74,97,0.040469
74,98,0.065012
74,99,0.107358
74,100,0.139695
74,101,0.284118
74,102,0.206516
74,103,0.431920
74,104,0.174520
74,105,0.208800
74,106,0.134960
74,107,0.204463
74,108,0.107241
74,109,0.172627
74,110,0.124690
74,111,0.124106
74,112,0.085585
74,113,0.102435
74,114,0.100796
74,115,0.140906
74,116,0.104157
74,117,0.099647
74,118,0.243184
74,119,0.248339
74,120,0.250532
74,121,0.183291
74,122,0.225334
74,123,0.155495
75,1,0.041234
75,2,0.053669
75,3,0.078464
75,4,0.124583
75,5,0.106362
75,6,0.070788
75,7,0.044689
75,8,0.052336
75,9,-0.005619
75,10,0.002625
75,11,0.104721
75,12,0.147949
75,13,0.168539
75,14,0.200528
75,15,0.182335
75,16,0.183224
75,17,0.137471
75,18,0.118032
75,19,0.045935
75,20,-0.002811
75,21,0.014839
75,22,0.031947
75,23,0.031915
75,24,-0.019750
75,25,0.062530
75,26,0.130835
75,27,0.190966
75,28,0.210762
75,29,0.239777
75,30,0.186652
75,31,0.115371
75,32,-0.005081
75,33,-0.045357
75,34,-0.054999
75,35,-0.053952
75,36,-0.031570
75,37,0.019280
75,38,-0.014289
75,39,-0.028178
75,40,0.008542
75,41,-0.022191
75,42,0.004526
75,43,0.031365
75,44,0.052863
75,45,0.017715
75,46,0.075328
75,47,0.052041
75,48,0.030815
75,49,0.076176
75,50,0.077007
75,51,0.040411
75,52,0.093061
75,53,0.131124
75,54,0.160025
75,55,0.160545
75,56,0.218765
75,57,0.214451
75,58,0.177546
75,59,0.125862
75,60,0.044710
75,61,0.109658
75,62,0.048334
75,63,0.005673
75,64,-0.004200
75,65,0.005747
75,66,0.058355
75,67,-0.000281
75,68,0.015844
75,69,0.052304
75,70,0.067036
75,71,0.002587
75,72,0.093825
75,73,0.101196
75,74,0.147207
75,75,1.000000
75,76,0.398256
75,77,0.319652
75,78,0.257317
75,79,0.125991
75,80,0.094399
75,81,0.145211
75,82,0.111102
75,83,0.186547
75,84,0.126112
75,85,0.102960
75,86,0.198922
75,87,0.176942
75,88,0.191647
75,89,0.244210
75,90,0.162933
75,91,0.139756
75,92,0.169063
75,93,0.073331
75,94,0.019635
75,95,0.092203
75,96,0.054829
75,97,0.046228
75,98,0.049359
75,99,0.054788
75,100,0.023802
75,101,0.072168
75,102,0.085845
75,103,0.103366
75,104,0.178700
75,105,0.163411
75,106,0.148260
75,107,0.116207
75,108,0.080263
75,109,0.070757
75,110,0.017240
75,111,0.037940
75,112,0.039837
75,113,0.044392
75,114,0.076731
75,115,0.090367
75,116,0.026421
75,117,0.074938
75,118,0.108032
75,119,0.112806
75,120,0.088789
75,121,0.044763
75,122,0.089536
75,123,0.065017
76,1,0.152262
76,2,0.172501
76,3,0.308242
76,4,0.280795
76,5,0.462224
76,6,0.351198
76,7,0.176543
76,8,0.100781
76,9,0.045741
76,10,0.112245
76,11,0.234886
76,12,0.375187
76,13,0.451650
76,14,0.443608
76,15,0.062762
76,16,0.155037
76,17,0.098642
76,18,0.109730
76,19,0.090252
76,20,0.065310
76,21,0.114883
76,22,0.108864
76,23,0.020101
76,24,-0.014257
76,25,0.105857
76,26,0.123694
76,27,0.246562
76,28,0.310798
76,29,0.409596
76,30,0.316486
76,31,0.184641
76,32,0.047867
76,33,0.037105
76,34,-0.005499
76,35,0.107252
76,36,0.103659
76,37,0.136202
76,38,0.051804
76,39,0.028454
76,40,0.046012
76,41,0.005389
76,42,0.029858
76,43,0.049299
76,44,0.018825
76,45,0.017945
76,46,0.053050
76,47,0.009777
76,48,0.018202
76,49,0.034026
76,50,0.048368
76,51,0.030890
76,52,0.200212
76,53,0.232954
76,54,0.341921
76,55,0.366564
76,56,0.448991
76,57,0.298281
76,58,0.296859
76,59,0.180239
76,60,0.073692
76,61,0.073311
76,62,0.085534
76,63,0.125622
76,64,0.086820
76,65,0.030121
76,66,0.158437
76,67,0.055047
76,68,0.018579
76,69,0.108871
76,70,0.041621
76,71,0.187403
76,72,0.080702
76,73,0.310478
76,74,0.508682
76,75,0.398256
76,76,1.000000
76,77,0.672610
76,78,0.417214
76,79,0.233405
76,80,0.246102
76,81,0.325890
76,82,0.231939
76,83,0.395831
76,84,0.288814
76,85,0.255324
76,86,0.233364
76,87,0.140617
76,88,0.207092
76,89,0.300603
76,90,0.163919
76,91,0.162411
76,92,0.184829
76,93,0.094183
76,94,0.039129
76,95,0.135070
76,96,0.090738
76,97,0.056685
76,98,0.076302
76,99,0.129978
76,100,0.125347
76,101,0.208883
76,102,0.123339
76,103,0.359105
76,104,0.189086
76,105,0.192797
76,106,0.112834
76,107,0.183439
76,108,0.118065
76,109,0.152653
76,110,0.099245
76,111,0.106869
76,112,0.059784
76,113,0.078371
76,114,0.088925
76,115,0.123732
76,116,0.090369
76,117,0.117809
76,118,0.176018
76,119,0.169242
76,120,0.177914
76,121,0.099752
76,122,0.148777
76,123,0.122535
77,1,0.145364
77,2,0.144030
77,3,0.295858
77,4,0.292636
77,5,0.444927
77,6,0.356020
77,7,0.177205
77,8,0.103337
77,9,0.075273
77,10,0.143147
77,11,0.273078
77,12,0.410735
77,13,0.475043
77,14,0.474630
77,15,0.091398
77,16,0.189337
77,17,0.115057
77,18,0.145944
77,19,0.115798
77,20,0.081453
77,21,0.087271
77,22,0.104666
77,23,0.060602
77,24,0.001809
77,25,0.102512
77,26,0.153858
77,27,0.277303
77,28,0.341687
77,29,0.448454
77,30,0.370985
77,31,0.247076
77,32,0.052891
77,33,0.042980
77,34,0.006984
77,35,0.100203
77,36,0.114507
77,37,0.148261
77,38,0.073571
77,39,0.049538
77,40,0.064456
77,41,0.024542
77,42,0.053724
77,43,0.047463
77,44,0.022254
77,45,0.012272
77,46,0.059973
77,47,0.029292
77,48,0.021561
77,49,0.051646
77,50,0.060703
77,51,0.037572
77,52,0.203844
77,53,0.253259
77,54,0.379254
77,55,0.387066
77,56,0.459007
77,57,0.348246
77,58,0.310918
77,59,0.220728
77,60,0.105175
77,61,0.124557
77,62,0.138546
77,63,0.166460
77,64,0.106875
77,65,0.030527
77,66,0.170650
77,67,0.074966
77,68,0.069720
77,69,0.107842
77,70,0.081489
77,71,0.169965
77,72,0.114314
77,73,0.290216
77,74,0.408395
77,75,0.319652
77,76,0.672610
77,77,1.000000
77,78,0.747227
77,79,0.457347
77,80,0.410025
77,81,0.459978
77,82,0.307570
77,83,0.384912
77,84,0.299419
77,85,0.268313
77,86,0.300464
77,87,0.192358
77,88,0.256206
77,89,0.337841
77,90,0.196602
77,91,0.181924
77,92,0.229775
77,93,0.140059
77,94,0.056298
77,95,0.143581
77,96,0.114760
77,97,0.073739
77,98,0.083911
77,99,0.139508
77,100,0.127449
77,101,0.196470
77,102,0.131333
77,103,0.301288
77,104,0.156460
77,105,0.171746
77,106,0.101471
77,107,0.173302
77,108,0.113518
77,109,0.137701
77,110,0.081944
77,111,0.104997
77,112,0.069740
77,113,0.115125
77,114,0.109415
77,115,0.150146
77,116,0.161209
77,117,0.187041
77,118,0.223366
77,119,0.199572
77,120,0.203301
77,121,0.129769
77,122,0.153755
77,123,0.121921
78,1,0.075479
78,2,0.096393
78,3,0.200286
78,4,0.221536
78,5,0.302816
78,6,0.237281
78,7,0.132005
78,8,0.086173
78,9,0.069912
78,10,0.089278
78,11,0.202042
78,12,0.300761
78,13,0.344812
78,14,0.367712
78,15,0.174169
78,16,0.215645
78,17,0.138500
78,18,0.147687
78,19,0.088797
78,20,0.061128
78,21,0.039596
78,22,0.085682
78,23,0.091434
78,24,0.039952
78,25,0.113132
78,26,0.169681
78,27,0.267070
78,28,0.302599
78,29,0.367146
78,30,0.333022
78,31,0.242238
78,32,0.023864
78,33,0.008360
78,34,-0.014574
78,35,0.019625
78,36,0.039686
78,37,0.088336
78,38,0.049256
78,39,0.025536
78,40,0.043224
78,41,0.015052
78,42,0.042387
78,43,0.057812
78,44,0.046923
78,45,0.048390
78,46,0.098839
78,47,0.097591
78,48,0.039359
78,49,0.061135
78,50,0.062813
78,51,0.033507
78,52,0.156459
78,53,0.193169
78,54,0.289734
78,55,0.290710
78,56,0.339517
78,57,0.323597
78,58,0.245955
78,59,0.192475
78,60,0.102553
78,61,0.137504
78,62,0.124384
78,63,0.105790
78,64,0.020407
78,65,-0.025200
78,66,0.131970
78,67,0.069459
78,68,0.087956
78,69,0.102659
78,70,0.123254
78,71,0.111107
78,72,0.147715
78,73,0.172597
78,74,0.224222
78,75,0.257317
78,76,0.417214
78,77,0.747227
78,78,1.000000
78,79,0.622091
78,80,0.475731
78,81,0.415737
78,82,0.233483
78,83,0.268774
78,84,0.251441
78,85,0.230950
78,86,0.324249
78,87,0.236061
78,88,0.305836
78,89,0.302330
78,90,0.182417
78,91,0.166231
78,92,0.185791
78,93,0.125383
78,94,0.051450
78,95,0.105336
78,96,0.091202
78,97,0.093265
78,98,0.074847
78,99,0.084730
78,100,0.082814
78,101,0.087662
78,102,0.108907
78,103,0.150125
78,104,0.138706
78,105,0.144518
78,106,0.095395
78,107,0.134868
78,108,0.082905
78,109,0.105036
78,110,0.069097
78,111,0.089058
78,112,0.078090
78,113,0.104013
78,114,0.122999
78,115,0.165805
78,116,0.173180
78,117,0.209254
78,118,0.203807
78,119,0.182758
78,120,0.163516
78,121,0.113150
78,122,0.108386
78,123,0.087094
79,1,0.050975
79,2,0.083342
79,3,0.154725
79,4,0.179191
79,5,0.213407
79,6,0.184825
79,7,0.135848
79,8,0.094042
79,9,0.076272
79,10,0.101268
79,11,0.175583
79,12,0.232551
79,13,0.247265
79,14,0.272069
79,15,0.165871
79,16,0.188389
79,17,0.113006
79,18,0.129168
79,19,0.069948
79,20,0.045928
79,21,0.039606
79,22,0.073424
79,23,0.111444
79,24,0.069124
79,25,0.093860
79,26,0.151542
79,27,0.218242
79,28,0.231216
79,29,0.274016
79,30,0.246082
79,31,0.190393
79,32,0.030169
79,33,0.033735
79,34,-0.010617
79,35,0.012231
79,36,0.003915
79,37,0.060986
79,38,0.042213
79,39,0.030396
79,40,0.051568
79,41,0.030881
79,42,0.030970
79,43,0.035812
79,44,0.055518
79,45,0.027020
79,46,0.088003
79,47,0.075347
79,48,0.006838
79,49,0.045773
79,50,0.024324
79,51,0.001587
79,52,0.081772
79,53,0.118928
79,54,0.174756
79,55,0.189126
79,56,0.210734
79,57,0.225627
79,58,0.184803
79,59,0.152420
79,60,0.106315
79,61,0.116847
79,62,0.123431
79,63,0.072924
79,64,0.007750
79,65,0.005127
79,66,0.111745
79,67,0.068107
79,68,0.070241
79,69,0.045021
79,70,0.051691
79,71,0.036079
79,72,0.118262
79,73,0.110776
79,74,0.119235
79,75,0.125991
79,76,0.233405
79,77,0.457347
79,78,0.622091
79,79,1.000000
79,80,0.747771
79,81,0.466026
79,82,0.255680
79,83,0.197999
79,84,0.170682
79,85,0.149030
79,86,0.241981
79,87,0.181944
79,88,0.222285
79,89,0.192370
79,90,0.116237
79,91,0.092216
79,92,0.124610
79,93,0.105015
79,94,0.066421
79,95,0.084613
79,96,0.071694
79,97,0.071413
79,98,0.049380
79,99,0.052601
79,100,0.061509
79,101,0.069676
79,102,0.044408
79,103,0.073527
79,104,0.100019
79,105,0.111976
79,106,0.067320
79,107,0.093807
79,108,0.060887
79,109,0.066489
79,110,0.066724
79,111,0.104629
79,112,0.103628
79,113,0.129112
79,114,0.132199
79,115,0.174594
79,116,0.268578
79,117,0.284362
79,118,0.186829
79,119,0.115963
79,120,0.091148
79,121,0.070426
79,122,0.052036
79,123,0.049790
80,1,0.083365
80,2,0.109868
80,3,0.189261
80,4,0.164427
80,5,0.244016
80,6,0.247772
80,7,0.172041
80,8,0.113073
80,9,0.099236
80,10,0.134013
80,11,0.220056
80,12,0.279849
80,13,0.292440
80,14,0.303837
80,15,0.130779
80,16,0.175972
80,17,0.116145
80,18,0.115167
80,19,0.092454
80,20,0.054446
80,21,0.060898
80,22,0.077722
80,23,0.097340
80,24,0.045774
80,25,0.095545
80,26,0.159582
80,27,0.224974
80,28,0.246133
80,29,0.299961
80,30,0.272734
80,31,0.213258
80,32,0.064025
80,33,0.066720
80,34,0.021869
80,35,0.040118
80,36,0.012072
80,37,0.078261
80,38,0.071527
80,39,0.043466
80,40,0.062147
80,41,0.014766
80,42,0.017794
80,43,0.015329
80,44,0.066121
80,45,0.021826
80,46,0.080636
80,47,0.062184
80,48,0.011407
80,49,0.033620
80,50,0.023562
80,51,-0.008246
80,52,0.082982
80,53,0.111523
80,54,0.177988
80,55,0.182331
80,56,0.207802
80,57,0.207816
80,58,0.158654
80,59,0.120324
80,60,0.112377
80,61,0.076262
80,62,0.098750
80,63,0.085911
80,64,0.015171
80,65,-0.000360
80,66,0.087323
80,67,0.074514
80,68,0.047280
80,69,0.006879
80,70,0.001719
80,71,0.037182
80,72,0.085853
80,73,0.135937
80,74,0.172759
80,75,0.094399
80,76,0.246102
80,77,0.410025
80,78,0.475731
80,79,0.747771
80,80,1.000000
80,81,0.687799
80,82,0.388644
80,83,0.262887
80,84,0.144053
80,85,0.138356
80,86,0.237633
80,87,0.171763
80,88,0.185547
80,89,0.161476
80,90,0.097742
80,91,0.076855
80,92,0.084080
80,93,0.070074
80,94,0.060591
80,95,0.069830
80,96,0.051467
80,97,0.053790
80,98,0.043251
80,99,0.056309
80,100,0.072573
80,101,0.103528
80,102,0.052813
80,103,0.129396
80,104,0.093292
80,105,0.108832
80,106,0.061010
80,107,0.083460
80,108,0.056777
80,109,0.081161
80,110,0.079288
80,111,0.120082
80,112,0.114656
80,113,0.135035
80,114,0.118547
80,115,0.143741
80,116,0.309494
80,117,0.332315
80,118,0.199948
80,119,0.108818
80,120,0.097615
80,121,0.092264
80,122,0.065105
80,123,0.073763
81,1,0.143759
81,2,0.136029
81,3,0.284969
81,4,0.261305
81,5,0.337227
81,6,0.349203
81,7,0.224662
81,8,0.145934
81,9,0.111495
81,10,0.171432
81,11,0.280638
81,12,0.343997
81,13,0.375308
81,14,0.378884
81,15,0.094750
81,16,0.160759
81,17,0.091585
81,18,0.131154
81,19,0.159281
81,20,0.057510
81,21,0.063431
81,22,0.076084
81,23,0.088045
81,24,0.021966
81,25,0.076024
81,26,0.113820
81,27,0.203011
81,28,0.262812
81,29,0.352394
81,30,0.286627
81,31,0.223070
81,32,0.084022
81,33,0.109732
81,34,0.028333
81,35,0.077564
81,36,0.042111
81,37,0.104228
81,38,0.095318
81,39,0.089686
81,40,0.086593
81,41,0.021991
81,42,0.034034
81,43,0.029660
81,44,0.048771
81,45,0.023425
81,46,0.077749
81,47,0.038386
81,48,0.021592
81,49,0.033811
81,50,0.010962
81,51,-0.017498
81,52,0.112649
81,53,0.159896
81,54,0.262708
81,55,0.264373
81,56,0.294676
81,57,0.243790
81,58,0.183342
81,59,0.135815
81,60,0.100336
81,61,0.058124
81,62,0.073943
81,63,0.112337
81,64,0.061736
81,65,0.014659
81,66,0.093334
81,67,0.080272
81,68,0.029069
81,69,0.022101
81,70,0.003518
81,71,0.074034
81,72,0.069763
81,73,0.243108
81,74,0.306812
81,75,0.145211
81,76,0.325890
81,77,0.459978
81,78,0.415737
81,79,0.466026
81,80,0.687799
81,81,1.000000
81,82,0.636243
81,83,0.382293
81,84,0.172263
81,85,0.162072
81,86,0.221770
81,87,0.133251
81,88,0.149803
81,89,0.166473
81,90,0.090624
81,91,0.084383
81,92,0.093538
81,93,0.065527
81,94,0.052565
81,95,0.100308
81,96,0.054767
81,97,0.037181
81,98,0.052147
81,99,0.100589
81,100,0.104395
81,101,0.159120
81,102,0.104958
81,103,0.200422
81,104,0.090664
81,105,0.117747
81,106,0.060982
81,107,0.118117
81,108,0.087126
81,109,0.102470
81,110,0.080104
81,111,0.124160
81,112,0.112582
81,113,0.125567
81,114,0.093801
81,115,0.106217
81,116,0.232737
81,117,0.213011
81,118,0.212341
81,119,0.162884
81,120,0.160530
81,121,0.152516
81,122,0.152860
81,123,0.109896
82,1,0.176561
82,2,0.084198
82,3,0.282294
82,4,0.252904
82,5,0.304807
82,6,0.310431
82,7,0.196459
82,8,0.087168
82,9,0.099078
82,10,0.143879
82,11,0.234355
82,12,0.313597
82,13,0.335187
82,14,0.338435
82,15,0.065297
82,16,0.126379
82,17,0.076537
82,18,0.108701
82,19,0.160196
82,20,0.059602
82,21,0.056969
82,22,0.074929
82,23,0.098346
82,24,0.032088
82,25,0.051126
82,26,0.094465
82,27,0.154933
82,28,0.231008
82,29,0.316871
82,30,0.224884
82,31,0.189484
82,32,0.064120
82,33,0.058399
82,34,-0.043267
82,35,0.026417
82,36,0.035563
82,37,0.094277
82,38,0.102527
82,39,0.098845
82,40,0.069885
82,41,0.021771
82,42,0.037084
82,43,0.038726
82,44,0.078545
82,45,0.026902
82,46,0.083885
82,47,0.032012
82,48,0.014537
82,49,0.033620
82,50,0.036786
82,51,-0.033173
82,52,0.111977
82,53,0.165700
82,54,0.238318
82,55,0.189453
82,56,0.256392
82,57,0.231546
82,58,0.158415
82,59,0.125669
82,60,0.094503
82,61,0.078441
82,62,0.077794
82,63,0.116833
82,64,0.083193
82,65,0.071386
82,66,0.113189
82,67,0.093093
82,68,0.013641
82,69,0.010375
82,70,-0.018469
82,71,0.061639
82,72,0.079664
82,73,0.248119
82,74,0.332475
82,75,0.111102
82,76,0.231939
82,77,0.307570
82,78,0.233483
82,79,0.255680
82,80,0.388644
82,81,0.636243
82,82,1.000000
82,83,0.458884
82,84,0.126257
82,85,0.058038
82,86,0.168987
82,87,0.093842
82,88,0.118738
82,89,0.150087
82,90,0.081521
82,91,0.094330
82,92,0.099858
82,93,0.059846
82,94,0.047985
82,95,0.082472
82,96,0.061924
82,97,0.030800
82,98,0.037942
82,99,0.088629
82,100,0.109614
82,101,0.103701
82,102,0.133023
82,103,0.186150
82,104,0.077825
82,105,0.099067
82,106,0.067953
82,107,0.099688
82,108,0.064885
82,109,0.095971
82,110,0.039897
82,111,0.087610
82,112,0.099630
82,113,0.096894
82,114,0.081233
82,115,0.101396
82,116,0.180489
82,117,0.144501
82,118,0.176667
82,119,0.147626
82,120,0.152636
82,121,0.172519
82,122,0.151810
82,123,0.132567
83,1,0.310598
83,2,0.194009
83,3,0.500830
83,4,0.413616
83,5,0.479873
83,6,0.422813
83,7,0.230629
83,8,0.132138
83,9,0.075533
83,10,0.143286
83,11,0.270568
83,12,0.414973
83,13,0.488670
83,14,0.483585
83,15,0.213889
83,16,0.198837
83,17,0.082898
83,18,0.088535
83,19,0.134501
83,20,0.081326
83,21,0.086606
83,22,0.088071
83,23,0.077024
83,24,0.000911
83,25,0.058355
83,26,0.071679
83,27,0.247220
83,28,0.329571
83,29,0.429390
83,30,0.320956
83,31,0.218187
83,32,0.068861
83,33,0.028872
83,34,-0.072833
83,35,0.073350
83,36,0.077829
83,37,0.117390
83,38,0.079753
83,39,0.109201
83,40,0.086383
83,41,0.044251
83,42,0.090611
83,43,0.121387
83,44,0.112527
83,45,0.089257
83,46,0.104800
83,47,0.048945
83,48,0.020681
83,49,0.040841
83,50,0.069457
83,51,0.039777
83,52,0.225943
83,53,0.280661
83,54,0.423282
83,55,0.419676
83,56,0.462830
83,57,0.305207
83,58,0.283607
83,59,0.250916
83,60,0.132923
83,61,0.088744
83,62,0.084202
83,63,0.165783
83,64,0.147977
83,65,0.139843
83,66,0.223357
83,67,0.058035
83,68,-0.015264
83,69,0.184164
83,70,0.120986
83,71,0.263996
83,72,0.228490
83,73,0.414930
83,74,0.555842
83,75,0.186547
83,76,0.395831
83,77,0.384912
83,78,0.268774
83,79,0.197999
83,80,0.262887
83,81,0.382293
83,82,0.458884
83,83,1.000000
83,84,0.483904
83,85,0.343640
83,86,0.271417
83,87,0.199285
83,88,0.226412
83,89,0.250227
83,90,0.160733
83,91,0.189236
83,92,0.191997
83,93,0.116441
83,94,0.091336
83,95,0.168315
83,96,0.098520
83,97,0.075180
83,98,0.104189
83,99,0.123786
83,100,0.123315
83,101,0.134545
83,102,0.203368
83,103,0.311688
83,104,0.216064
83,105,0.253887
83,106,0.188024
83,107,0.200846
83,108,0.096095
83,109,0.170867
83,110,0.075236
83,111,0.084950
83,112,0.086443
83,113,0.093324
83,114,0.125528
83,115,0.134644
83,116,0.150435
83,117,0.169073
83,118,0.272212
83,119,0.268260
83,120,0.269683
83,121,0.203195
83,122,0.211783
83,123,0.152528
84,1,0.193892
84,2,0.101663
84,3,0.346133
84,4,0.396425
84,5,0.373682
84,6,0.249583
84,7,0.067498
84,8,0.076825
84,9,0.024524
84,10,0.027188
84,11,0.142873
84,12,0.293250
84,13,0.397872
84,14,0.420317
84,15,0.435639
84,16,0.183144
84,17,0.001436
84,18,0.015131
84,19,0.049930
84,20,0.020651
84,21,0.023287
84,22,0.019398
84,23,0.022721
84,24,-0.058676
84,25,-0.001676
84,26,-0.002317
84,27,0.130300
84,28,0.215475
84,29,0.344483
84,30,0.248815
84,31,0.134425
84,32,0.018690
84,33,-0.031659
84,34,-0.032352
84,35,0.076782
84,36,0.144082
84,37,0.168237
84,38,0.079267
84,39,0.091834
84,40,0.136493
84,41,0.123716
84,42,0.109380
84,43,0.173816
84,44,0.120456
84,45,0.099677
84,46,0.102056
84,47,0.060380
84,48,0.047142
84,49,0.029308
84,50,0.063755
84,51,0.166173
84,52,0.298283
84,53,0.264851
84,54,0.455933
84,55,0.565114
84,56,0.397259
84,57,0.222323
84,58,0.300594
84,59,0.311867
84,60,0.195579
84,61,0.143341
84,62,0.122669
84,63,0.174188
84,64,0.161217
84,65,0.094664
84,66,0.229299
84,67,0.023467
84,68,0.021509
84,69,0.305693
84,70,0.361216
84,71,0.391426
84,72,0.413020
84,73,0.428665
84,74,0.388716
84,75,0.126112
84,76,0.288814
84,77,0.299419
84,78,0.251441
84,79,0.170682
84,80,0.144053
84,81,0.172263
84,82,0.126257
84,83,0.483904
84,84,1.000000
84,85,0.742636
84,86,0.267189
84,87,0.193075
84,88,0.196911
84,89,0.232790
84,90,0.149555
84,91,0.143393
84,92,0.149195
84,93,0.102908
84,94,0.111802
84,95,0.134764
84,96,0.070197
84,97,0.087907
84,98,0.119502
84,99,0.114202
84,100,0.092360
84,101,0.036985
84,102,0.109236
84,103,0.183095
84,104,0.147934
84,105,0.192261
84,106,0.134919
84,107,0.160922
84,108,0.027570
84,109,0.129959
84,110,0.093477
84,111,0.026524
84,112,0.046124
84,113,0.054487
84,114,0.101204
84,115,0.098435
84,116,0.066412
84,117,0.095012
84,118,0.272617
84,119,0.246429
84,120,0.233987
84,121,0.138324
84,122,0.154089
84,123,0.126547
85,1,0.133411
85,2,0.056925
85,3,0.218380
85,4,0.300579
85,5,0.349983
85,6,0.241765
85,7,0.108511
85,8,0.118280
85,9,0.042838
85,10,0.067887
85,11,0.178793
85,12,0.294212
85,13,0.381469
85,14,0.415072
85,15,0.318160
85,16,0.163346
85,17,-0.000032
85,18,0.015935
85,19,0.066471
85,20,0.057702
85,21,0.064432
85,22,0.055435
85,23,0.050341
85,24,-0.032367
85,25,0.004956
85,26,0.017755
85,27,0.166344
85,28,0.241074
85,29,0.361630
85,30,0.268835
85,31,0.135953
85,32,0.038400
85,33,0.014909
85,34,0.031499
85,35,0.089216
85,36,0.109526
85,37,0.129361
85,38,0.041575
85,39,0.057553
85,40,0.123441
85,41,0.099909
85,42,0.066062
85,43,0.126648
85,44,0.116938
85,45,0.085135
85,46,0.108739
85,47,0.067081
85,48,0.035572
85,49,0.039583
85,50,0.047104
85,51,0.113762
85,52,0.268905
85,53,0.241805
85,54,0.419450
85,55,0.516754
85,56,0.339415
85,57,0.182983
85,58,0.258607
85,59,0.278344
85,60,0.178545
85,61,0.119878
85,62,0.102115
85,63,0.126068
85,64,0.096263
85,65,0.048126
85,66,0.164015
85,67,0.058878
85,68,0.034104
85,69,0.261819
85,70,0.348515
85,71,0.341771
85,72,0.338764
85,73,0.388643
85,74,0.346312
85,75,0.102960
85,76,0.255324
85,77,0.268313
85,78,0.230950
85,79,0.149030
85,80,0.138356
85,81,0.162072
85,82,0.058038
85,83,0.343640
85,84,0.742636
85,85,1.000000
85,86,0.277088
85,87,0.179915
85,88,0.162909
85,89,0.196613
85,90,0.114708
85,91,0.109563
85,92,0.122106
85,93,0.074459
85,94,0.053060
85,95,0.073808
85,96,0.013955
85,97,0.036850
85,98,0.063510
85,99,0.071499
85,100,0.045961
85,101,0.036044
85,102,0.061801
85,103,0.087155
85,104,0.059754
85,105,0.091306
85,106,0.034192
85,107,0.073345
85,108,-0.017952
85,109,0.068775
85,110,0.050653
85,111,0.057644
85,112,0.062347
85,113,0.061311
85,114,0.100784
85,115,0.082554
85,116,0.078530
85,117,0.113360
85,118,0.287025
85,119,0.270598
85,120,0.242080
85,121,0.143343
85,122,0.153342
85,123,0.137478
86,1,0.094592
86,2,0.061080
86,3,0.212562
86,4,0.219203
86,5,0.312473
86,6,0.256675
86,7,0.139037
86,8,0.105690
86,9,0.095453
86,10,0.103261
86,11,0.244554
86,12,0.334506
86,13,0.381122
86,14,0.387697
86,15,0.209566
86,16,0.300262
86,17,0.224179
86,18,0.201446
86,19,0.174548
86,20,0.076615
86,21,0.066905
86,22,0.104908
86,23,0.102260
86,24,0.060650
86,25,0.151741
86,26,0.207623
86,27,0.323213
86,28,0.382603
86,29,0.416370
86,30,0.389189
86,31,0.297738
86,32,0.050624
86,33,0.005549
86,34,-0.029397
86,35,0.006822
86,36,0.035417
86,37,0.081499
86,38,0.058154
86,39,0.029214
86,40,0.023029
86,41,0.008525
86,42,0.055774
86,43,0.076956
86,44,0.031567
86,45,0.014043
86,46,0.101299
86,47,0.102034
86,48,0.086237
86,49,0.144022
86,50,0.192308
86,51,0.138787
86,52,0.293743
86,53,0.336553
86,54,0.388506
86,55,0.466809
86,56,0.476966
86,57,0.397407
86,58,0.326468
86,59,0.231518
86,60,0.097787
86,61,0.142159
86,62,0.138987
86,63,0.132787
86,64,0.086941
86,65,0.004304
86,66,0.163836
86,67,0.087565
86,68,0.084396
86,69,0.098173
86,70,0.127704
86,71,0.100209
86,72,0.163887
86,73,0.204612
86,74,0.244417
86,75,0.198922
86,76,0.233364
86,77,0.300464
86,78,0.324249
86,79,0.241981
86,80,0.237633
86,81,0.221770
86,82,0.168987
86,83,0.271417
86,84,0.267189
86,85,0.277088
86,86,1.000000
86,87,0.648732
86,88,0.478118
86,89,0.467177
86,90,0.373272
86,91,0.233246
86,92,0.242463
86,93,0.181676
86,94,0.060773
86,95,0.099862
86,96,0.093709
86,97,0.104613
86,98,0.092525
86,99,0.104839
86,100,0.090098
86,101,0.079736
86,102,0.092910
86,103,0.097851
86,104,0.063384
86,105,0.080936
86,106,0.092705
86,107,0.120185
86,108,0.088107
86,109,0.121658
86,110,0.070836
86,111,0.140009
86,112,0.103820
86,113,0.095848
86,114,0.187709
86,115,0.206795
86,116,0.172277
86,117,0.186348
86,118,0.241632
86,119,0.261871
86,120,0.295188
86,121,0.186898
86,122,0.192129
86,123,0.172062
87,1,0.081677
87,2,0.053723
87,3,0.142635
87,4,0.170055
87,5,0.207414
87,6,0.159226
87,7,0.084372
87,8,0.058721
87,9,0.045819
87,10,0.048599
87,11,0.152938
87,12,0.227961
87,13,0.267021
87,14,0.283326
87,15,0.222511
87,16,0.257239
87,17,0.202580
87,18,0.194087
87,19,0.130883
87,20,0.049921
87,21,0.021974
87,22,0.062122
87,23,0.086756
87,24,0.042866
87,25,0.134971
87,26,0.162401
87,27,0.253308
87,28,0.286036
87,29,0.309877
87,30,0.293127
87,31,0.220518
87,32,0.010569
87,33,-0.020179
87,34,-0.042172
87,35,-0.011243
87,36,-0.001988
87,37,0.054426
87,38,0.035148
87,39,-0.001940
87,40,-0.008027
87,41,0.001108
87,42,0.046951
87,43,0.085013
87,44,0.048919
87,45,0.013740
87,46,0.093251
87,47,0.091822
87,48,0.066072
87,49,0.108862
87,50,0.150862
87,51,0.100710
87,52,0.186889
87,53,0.213532
87,54,0.240638
87,55,0.295846
87,56,0.309809
87,57,0.290386
87,58,0.252776
87,59,0.190971
87,60,0.092510
87,61,0.117597
87,62,0.110744
87,63,0.102266
87,64,0.070631
87,65,0.003894
87,66,0.139759
87,67,0.044300
87,68,0.059432
87,69,0.070726
87,70,0.099886
87,71,0.056641
87,72,0.151618
87,73,0.135457
87,74,0.148691
87,75,0.176942
87,76,0.140617
87,77,0.192358
87,78,0.236061
87,79,0.181944
87,80,0.171763
87,81,0.133251
87,82,0.093842
87,83,0.199285
87,84,0.193075
87,85,0.179915
87,86,0.648732
87,87,1.000000
87,88,0.668000
87,89,0.450070
87,90,0.407193
87,91,0.282754
87,92,0.244924
87,93,0.193872
87,94,0.071187
87,95,0.077658
87,96,0.080398
87,97,0.093906
87,98,0.070385
87,99,0.081222
87,100,0.080912
87,101,0.042448
87,102,0.067718
87,103,0.040286
87,104,0.047902
87,105,0.062769
87,106,0.093212
87,107,0.103973
87,108,0.074122
87,109,0.085316
87,110,0.086018
87,111,0.086412
87,112,0.075094
87,113,0.051702
87,114,0.222994
87,115,0.201780
87,116,0.111536
87,117,0.128410
87,118,0.207917
87,119,0.248085
87,120,0.273265
87,121,0.182033
87,122,0.168245
87,123,0.118614
88,1,0.071616
88,2,0.021571
88,3,0.111155
88,4,0.145994
88,5,0.240085
88,6,0.151439
88,7,0.076946
88,8,0.039941
88,9,0.036363
88,10,0.058268
88,11,0.162249
88,12,0.238592
88,13,0.282208
88,14,0.299802
88,15,0.249792
88,16,0.264137
88,17,0.201130
88,18,0.189496
88,19,0.082511
88,20,0.035311
88,21,0.009077
88,22,0.090995
88,23,0.093079
88,24,0.063040
88,25,0.144501
88,26,0.201737
88,27,0.278939
88,28,0.301084
88,29,0.316237
88,30,0.313811
88,31,0.246136
88,32,0.024363
88,33,-0.039912
88,34,-0.044858
88,35,0.008461
88,36,0.033547
88,37,0.094445
88,38,0.046343
88,39,-0.025603
88,40,-0.029892
88,41,-0.033227
88,42,0.027819
88,43,0.065198
88,44,0.045137
88,45,0.035467
88,46,0.113098
88,47,0.117305
88,48,0.067446
88,49,0.117276
88,50,0.132811
88,51,0.090963
88,52,0.150376
88,53,0.158253
88,54,0.190594
88,55,0.249069
88,56,0.279551
88,57,0.282973
88,58,0.331041
88,59,0.252720
88,60,0.103305
88,61,0.206886
88,62,0.166677
88,63,0.138724
88,64,0.078575
88,65,0.022444
88,66,0.173967
88,67,0.090661
88,68,0.117435
88,69,0.090742
88,70,0.110550
88,71,0.098801
88,72,0.202315
88,73,0.177688
88,74,0.197801
88,75,0.191647
88,76,0.207092
88,77,0.256206
88,78,0.305836
88,79,0.222285
88,80,0.185547
88,81,0.149803
88,82,0.118738
88,83,0.226412
88,84,0.196911
88,85,0.162909
88,86,0.478118
88,87,0.668000
88,88,1.000000
88,89,0.641333
88,90,0.439593
88,91,0.385378
88,92,0.317656
88,93,0.224281
88,94,0.079025
88,95,0.092265
88,96,0.064402
88,97,0.080161
88,98,0.061586
88,99,0.050937
88,100,0.052851
88,101,0.054366
88,102,0.045563
88,103,0.031632
88,104,0.086211
88,105,0.091598
88,106,0.089792
88,107,0.105147
88,108,0.075659
88,109,0.083240
88,110,0.068362
88,111,0.082946
88,112,0.102265
88,113,0.109205
88,114,0.262485
88,115,0.314081
88,116,0.134541
88,117,0.132742
88,118,0.204159
88,119,0.191815
88,120,0.193207
88,121,0.141578
88,122,0.138215
88,123,0.111005
89,1,0.090578
89,2,-0.002416
89,3,0.121774
89,4,0.179091
89,5,0.274490
89,6,0.191271
89,7,0.081946
89,8,0.053329
89,9,0.055477
89,10,0.085310
89,11,0.195391
89,12,0.275403
89,13,0.319751
89,14,0.330878
89,15,0.206941
89,16,0.240787
89,17,0.179955
89,18,0.172155
89,19,0.106229
89,20,0.043394
89,21,0.030270
89,22,0.095090
89,23,0.071602
89,24,0.067966
89,25,0.139084
89,26,0.195162
89,27,0.276439
89,28,0.307533
89,29,0.338175
89,30,0.316597
89,31,0.244245
89,32,0.032342
89,33,-0.030769
89,34,-0.028725
89,35,0.005464
89,36,0.059396
89,37,0.099435
89,38,0.043478
89,39,0.014053
89,40,0.006564
89,41,-0.008591
89,42,0.063361
89,43,0.073934
89,44,0.021843
89,45,0.023549
89,46,0.078643
89,47,0.089722
89,48,0.077089
89,49,0.106465
89,50,0.161327
89,51,0.108926
89,52,0.204312
89,53,0.214575
89,54,0.248087
89,55,0.315047
89,56,0.343362
89,57,0.311357
89,58,0.407624
89,59,0.308009
89,60,0.112922
89,61,0.225831
89,62,0.166898
89,63,0.138020
89,64,0.094193
89,65,0.028208
89,66,0.164817
89,67,0.100937
89,68,0.113633
89,69,0.134330
89,70,0.145947
89,71,0.137427
89,72,0.202147
89,73,0.220175
89,74,0.231663
89,75,0.244210
89,76,0.300603
89,77,0.337841
89,78,0.302330
89,79,0.192370
89,80,0.161476
89,81,0.166473
89,82,0.150087
89,83,0.250227
89,84,0.232790
89,85,0.196613
89,86,0.467177
89,87,0.450070
89,88,0.641333
89,89,1.000000
89,90,0.632296
89,91,0.418652
89,92,0.431170
89,93,0.311533
89,94,0.115242
89,95,0.128891
89,96,0.096566
89,97,0.093723
89,98,0.087809
89,99,0.101273
89,100,0.098990
89,101,0.088124
89,102,0.077113
89,103,0.080524
89,104,0.083587
89,105,0.093128
89,106,0.074389
89,107,0.118579
89,108,0.077115
89,109,0.088781
89,110,0.066497
89,111,0.082068
89,112,0.083094
89,113,0.083586
89,114,0.186025
89,115,0.245435
89,116,0.100384
89,117,0.121285
89,118,0.170230
89,119,0.167311
89,120,0.193725
89,121,0.128421
89,122,0.147475
89,123,0.142882
90,1,0.069575
90,2,-0.022752
90,3,0.069582
90,4,0.098068
90,5,0.146840
90,6,0.109509
90,7,0.048314
90,8,0.021630
90,9,0.036109
90,10,0.039830
90,11,0.120345
90,12,0.173657
90,13,0.204205
90,14,0.207935
90,15,0.152727
90,16,0.186014
90,17,0.132911
90,18,0.139059
90,19,0.077233
90,20,0.019793
90,21,0.009264
90,22,0.067423
90,23,0.046275
90,24,0.055142
90,25,0.106198
90,26,0.153417
90,27,0.212663
90,28,0.225893
90,29,0.219962
90,30,0.227039
90,31,0.182270
90,32,0.008558
90,33,-0.035212
90,34,-0.035806
90,35,0.022046
90,36,0.030696
90,37,0.064948
90,38,0.052332
90,39,0.028371
90,40,0.007218
90,41,0.011118
90,42,0.082623
90,43,0.070105
90,44,-0.000178
90,45,0.008531
90,46,0.062951
90,47,0.105184
90,48,0.097121
90,49,0.107473
90,50,0.155870
90,51,0.074379
90,52,0.136075
90,53,0.142005
90,54,0.143886
90,55,0.209919
90,56,0.226814
90,57,0.194566
90,58,0.269934
90,59,0.225406
90,60,0.086748
90,61,0.151093
90,62,0.112528
90,63,0.096549
90,64,0.067745
90,65,0.007822
90,66,0.119049
90,67,0.059952
90,68,0.071280
90,69,0.096559
90,70,0.130534
90,71,0.107806
90,72,0.139454
90,73,0.131414
90,74,0.138025
90,75,0.162933
90,76,0.163919
90,77,0.196602
90,78,0.182417
90,79,0.116237
90,80,0.097742
90,81,0.090624
90,82,0.081521
90,83,0.160733
90,84,0.149555
90,85,0.114708
90,86,0.373272
90,87,0.407193
90,88,0.439593
90,89,0.632296
90,90,1.000000
90,91,0.581612
90,92,0.397076
90,93,0.348949
90,94,0.156952
90,95,0.122570
90,96,0.115931
90,97,0.103209
90,98,0.074645
90,99,0.102456
90,100,0.098134
90,101,0.081160
90,102,0.059456
90,103,0.039289
90,104,0.076755
90,105,0.081721
90,106,0.083871
90,107,0.125840
90,108,0.090552
90,109,0.099539
90,110,0.076668
90,111,0.057403
90,112,0.056800
90,113,0.047490
90,114,0.169358
90,115,0.174553
90,116,0.061270
90,117,0.072164
90,118,0.090852
90,119,0.091797
90,120,0.125037
90,121,0.087011
90,122,0.099314
90,123,0.101213
91,1,0.047231
91,2,-0.014314
91,3,0.074457
91,4,0.093498
91,5,0.169654
91,6,0.116059
91,7,0.044334
91,8,0.000442
91,9,0.010267
91,10,0.025206
91,11,0.111043
91,12,0.168044
91,13,0.204369
91,14,0.212116
91,15,0.153246
91,16,0.167640
91,17,0.130978
91,18,0.125758
91,19,0.067180
91,20,0.059273
91,21,0.025135
91,22,0.080662
91,23,0.052242
91,24,0.062588
91,25,0.111441
91,26,0.118615
91,27,0.202931
91,28,0.221012
91,29,0.226743
91,30,0.212861
91,31,0.159308
91,32,0.020368
91,33,-0.022092
91,34,-0.010887
91,35,0.030789
91,36,0.024677
91,37,0.064143
91,38,0.034471
91,39,0.014304
91,40,-0.001814
91,41,-0.004659
91,42,0.043572
91,43,0.040055
91,44,0.008124
91,45,0.023974
91,46,0.075729
91,47,0.081067
91,48,0.062466
91,49,0.083154
91,50,0.116689
91,51,0.059403
91,52,0.113512
91,53,0.105817
91,54,0.140582
91,55,0.173502
91,56,0.208540
91,57,0.198826
91,58,0.218282
91,59,0.203349
91,60,0.063656
91,61,0.159615
91,62,0.129607
91,63,0.098819
91,64,0.065468
91,65,0.017104
91,66,0.125728
91,67,0.073063
91,68,0.056858
91,69,0.090796
91,70,0.093235
91,71,0.080609
91,72,0.110829
91,73,0.138430
91,74,0.167852
91,75,0.139756
91,76,0.162411
91,77,0.181924
91,78,0.166231
91,79,0.092216
91,80,0.076855
91,81,0.084383
91,82,0.094330
91,83,0.189236
91,84,0.143393
91,85,0.109563
91,86,0.233246
91,87,0.282754
91,88,0.385378
91,89,0.418652
91,90,0.581612
91,91,1.000000
91,92,0.502430
91,93,0.273215
91,94,0.164398
91,95,0.147606
91,96,0.059081
91,97,0.045191
91,98,0.031439
91,99,0.040316
91,100,0.035975
91,101,0.031755
91,102,0.034562
91,103,0.042373
91,104,0.097312
91,105,0.094258
91,106,0.077942
91,107,0.083675
91,108,0.040131
91,109,0.053719
91,110,0.043740
91,111,0.032450
91,112,0.085056
91,113,0.104501
91,114,0.190490
91,115,0.213164
91,116,0.078709
91,117,0.077059
91,118,0.112046
91,119,0.103424
91,120,0.113386
91,121,0.078222
91,122,0.102874
91,123,0.074062
92,1,0.055112
92,2,-0.019842
92,3,0.081447
92,4,0.107459
92,5,0.195954
92,6,0.150711
92,7,0.087275
92,8,0.044449
92,9,0.051956
92,10,0.073098
92,11,0.167532
92,12,0.216174
92,13,0.246431
92,14,0.246654
92,15,0.132981
92,16,0.192188
92,17,0.150943
92,18,0.147055
92,19,0.062552
92,20,0.040258
92,21,0.035304
92,22,0.093703
92,23,0.062122
92,24,0.061075
92,25,0.109069
92,26,0.150689
92,27,0.231479
92,28,0.253108
92,29,0.264940
92,30,0.245855
92,31,0.200565
92,32,0.040618
92,33,0.014031
92,34,0.017643
92,35,0.042358
92,36,0.032620
92,37,0.089742
92,38,0.036645
92,39,0.040362
92,40,0.021101
92,41,-0.002294
92,42,0.060303
92,43,0.081211
92,44,0.049661
92,45,0.061897
92,46,0.099523
92,47,0.104633
92,48,0.086080
92,49,0.119565
92,50,0.133425
92,51,0.072695
92,52,0.115352
92,53,0.135029
92,54,0.159303
92,55,0.219078
92,56,0.251745
92,57,0.212197
92,58,0.302329
92,59,0.262284
92,60,0.090620
92,61,0.167126
92,62,0.138215
92,63,0.124471
92,64,0.090117
92,65,-0.006666
92,66,0.153980
92,67,0.105494
92,68,0.105243
92,69,0.101034
92,70,0.101142
92,71,0.070735
92,72,0.109940
92,73,0.112255
92,74,0.141987
92,75,0.169063
92,76,0.184829
92,77,0.229775
92,78,0.185791
92,79,0.124610
92,80,0.084080
92,81,0.093538
92,82,0.099858
92,83,0.191997
92,84,0.149195
92,85,0.122106
92,86,0.242463
92,87,0.244924
92,88,0.317656
92,89,0.431170
92,90,0.397076
92,91,0.502430
92,92,1.000000
92,93,0.587169
92,94,0.210900
92,95,0.280156
92,96,0.217203
92,97,0.153622
92,98,0.092733
92,99,0.113619
92,100,0.104959
92,101,0.091362
92,102,0.030512
92,103,0.035236
92,104,0.073010
92,105,0.083515
92,106,0.077778
92,107,0.130425
92,108,0.060191
92,109,0.081880
92,110,0.042244
92,111,0.026230
92,112,0.064182
92,113,0.092610
92,114,0.171272
92,115,0.225256
92,116,0.091484
92,117,0.093140
92,118,0.114502
92,119,0.100585
92,120,0.111308
92,121,0.066950
92,122,0.104005
92,123,0.091295
93,1,0.036445
93,2,-0.043707
93,3,0.047658
93,4,0.055742
93,5,0.088510
93,6,0.091209
93,7,0.040810
93,8,0.005182
93,9,0.051939
93,10,0.059608
93,11,0.115006
93,12,0.145085
93,13,0.145462
93,14,0.139211
93,15,0.088520
93,16,0.154748
93,17,0.114324
93,18,0.109144
93,19,0.059737
93,20,0.014850
93,21,0.013479
93,22,0.053899
93,23,0.025181
93,24,0.040146
93,25,0.093377
93,26,0.109286
93,27,0.159115
93,28,0.178718
93,29,0.164880
93,30,0.163244
93,31,0.167270
93,32,0.016731
93,33,0.003710
93,34,-0.022361
93,35,0.048328
93,36,0.051054
93,37,0.104115
93,38,0.057836
93,39,0.069958
93,40,0.035603
93,41,0.024454
93,42,0.083436
93,43,0.104793
93,44,0.012526
93,45,0.029108
93,46,0.056880
93,47,0.088385
93,48,0.089756
93,49,0.089278
93,50,0.093716
93,51,0.047273
93,52,0.071909
93,53,0.080359
93,54,0.114194
93,55,0.158896
93,56,0.166343
93,57,0.133937
93,58,0.245610
93,59,0.258781
93,60,0.141911
93,61,0.121062
93,62,0.096645
93,63,0.106872
93,64,0.052346
93,65,-0.016539
93,66,0.103580
93,67,0.048999
93,68,0.060679
93,69,0.077729
93,70,0.079133
93,71,0.051970
93,72,0.083719
93,73,0.058200
93,74,0.068702
93,75,0.073331
93,76,0.094183
93,77,0.140059
93,78,0.125383
93,79,0.105015
93,80,0.070074
93,81,0.065527
93,82,0.059846
93,83,0.116441
93,84,0.102908
93,85,0.074459
93,86,0.181676
93,87,0.193872
93,88,0.224281
93,89,0.311533
93,90,0.348949
93,91,0.273215
93,92,0.587169
93,93,1.000000
93,94,0.534031
93,95,0.265868
93,96,0.306762
93,97,0.282101
93,98,0.153912
93,99,0.161064
93,100,0.176953
93,101,0.089635
93,102,0.036494
93,103,0.004789
93,104,0.030438
93,105,0.046894
93,106,0.054708
93,107,0.136756
93,108,0.107505
93,109,0.117152
93,110,0.066598
93,111,0.022855
93,112,0.026343
93,113,0.043522
93,114,0.086972
93,115,0.123469
93,116,0.072459
93,117,0.071096
93,118,0.068845
93,119,0.069981
93,120,0.094307
93,121,0.061431
93,122,0.081028
93,123,0.068321
94,1,0.049088
94,2,0.038914
94,3,0.083391
94,4,0.046564
94,5,0.024600
94,6,0.036363
94,7,0.006250
94,8,-0.002014
94,9,0.013781
94,10,0.027762
94,11,0.059557
94,12,0.052993
94,13,0.043839
94,14,0.055904
94,15,0.105421
94,16,0.080733
94,17,0.052042
94,18,0.040669
94,19,0.031844
94,20,0.011624
94,21,0.011904
94,22,0.021476
94,23,0.007254
94,24,0.014511
94,25,0.059390
94,26,0.052244
94,27,0.066082
94,28,0.062445
94,29,0.063420
94,30,0.052548
94,31,0.080482
94,32,0.014168
94,33,-0.001712
94,34,-0.025705
94,35,0.011957
94,36,-0.006763
94,37,0.050222
94,38,0.018845
94,39,0.053999
94,40,0.038160
94,41,0.010810
94,42,0.056660
94,43,0.081600
94,44,0.042321
94,45,0.035378
94,46,0.014380
94,47,0.029729
94,48,0.023462
94,49,0.025810
94,50,0.027157
94,51,0.002023
94,52,0.025962
94,53,0.018292
94,54,0.065883
94,55,0.067311
94,56,0.076900
94,57,0.075535
94,58,0.070088
94,59,0.109109
94,60,0.073218
94,61,0.029677
94,62,0.005446
94,63,0.020400
94,64,-0.005590
94,65,0.008596
94,66,0.025796
94,67,-0.015650
94,68,-0.024782
94,69,0.030706
94,70,0.025386
94,71,0.039962
94,72,0.032130
94,73,0.072737
94,74,0.084077
94,75,0.019635
94,76,0.039129
94,77,0.056298
94,78,0.051450
94,79,0.066421
94,80,0.060591
94,81,0.052565
94,82,0.047985
94,83,0.091336
94,84,0.111802
94,85,0.053060
94,86,0.060773
94,87,0.071187
94,88,0.079025
94,89,0.115242
94,90,0.156952
94,91,0.164398
94,92,0.210900
94,93,0.534031
94,94,1.000000
94,95,0.384336
94,96,0.209777
94,97,0.261348
94,98,0.182599
94,99,0.124530
94,100,0.113826
94,101,0.041154
94,102,0.026861
94,103,0.041234
94,104,0.119087
94,105,0.134256
94,106,0.134607
94,107,0.171084
94,108,0.120943
94,109,0.122302
94,110,0.053992
94,111,0.014207
94,112,0.038670
94,113,0.029159
94,114,0.025175
94,115,0.062063
94,116,0.039968
94,117,0.032818
94,118,0.026913
94,119,0.046551
94,120,0.050443
94,121,0.040346
94,122,0.043857
94,123,0.026725
95,1,0.068181
95,2,0.080206
95,3,0.163007
95,4,0.159435
95,5,0.149398
95,6,0.187213
95,7,0.148485
95,8,0.100675
95,9,0.081313
95,10,0.124083
95,11,0.179948
95,12,0.185907
95,13,0.197896
95,14,0.166518
95,15,0.092379
95,16,0.113196
95,17,0.083635
95,18,0.067275
95,19,0.049728
95,20,0.090702
95,21,0.104249
95,22,0.124758
95,23,0.056019
95,24,0.037018
95,25,0.049521
95,26,0.080790
95,27,0.119094
95,28,0.153422
95,29,0.172773
95,30,0.152519
95,31,0.134139
95,32,0.092206
95,33,0.099945
95,34,0.064157
95,35,0.086063
95,36,0.058314
95,37,0.144741
95,38,0.122286
95,39,0.111705
95,40,0.064028
95,41,0.070187
95,42,0.134280
95,43,0.138583
95,44,0.061784
95,45,0.056649
95,46,0.048209
95,47,0.048257
95,48,0.026773
95,49,0.064690
95,50,0.040445
95,51,0.043460
95,52,0.081518
95,53,0.082479
95,54,0.113305
95,55,0.140700
95,56,0.153164
95,57,0.102844
95,58,0.123981
95,59,0.126563
95,60,0.101088
95,61,0.076187
95,62,0.102975
95,63,0.107468
95,64,0.072434
95,65,0.018366
95,66,0.126464
95,67,0.081806
95,68,0.042273
95,69,0.085027
95,70,0.030698
95,71,0.042983
95,72,0.034007
95,73,0.102395
95,74,0.134016
95,75,0.092203
95,76,0.135070
95,77,0.143581
95,78,0.105336
95,79,0.084613
95,80,0.069830
95,81,0.100308
95,82,0.082472
95,83,0.168315
95,84,0.134764
95,85,0.073808
95,86,0.099862
95,87,0.077658
95,88,0.092265
95,89,0.128891
95,90,0.122570
95,91,0.147606
95,92,0.280156
95,93,0.265868
95,94,0.384336
95,95,1.000000
95,96,0.580383
95,97,0.367797
95,98,0.402479
95,99,0.365765
95,100,0.271781
95,101,0.201539
95,102,0.088072
95,103,0.148614
95,104,0.139543
95,105,0.162725
95,106,0.132531
95,107,0.218271
95,108,0.167644
95,109,0.148904
95,110,0.068212
95,111,0.094217
95,112,0.056911
95,113,0.098513
95,114,0.049989
95,115,0.061934
95,116,0.049163
95,117,0.057461
95,118,0.074616
95,119,0.084825
95,120,0.088677
95,121,0.045950
95,122,0.073398
95,123,0.061359
96,1,0.038255
96,2,0.050300
96,3,0.132934
96,4,0.151083
96,5,0.112693
96,6,0.177493
96,7,0.157250
96,8,0.110211
96,9,0.096405
96,10,0.138030
96,11,0.184811
96,12,0.171329
96,13,0.160725
96,14,0.130469
96,15,0.026261
96,16,0.092946
96,17,0.068833
96,18,0.071384
96,19,0.060528
96,20,0.058383
96,21,0.083656
96,22,0.107338
96,23,0.048688
96,24,0.075172
96,25,0.050531
96,26,0.102559
96,27,0.119161
96,28,0.139416
96,29,0.132520
96,30,0.137735
96,31,0.148978
96,32,0.080288
96,33,0.092520
96,34,0.035517
96,35,0.118328
96,36,0.108489
96,37,0.171833
96,38,0.202848
96,39,0.221696
96,40,0.133089
96,41,0.121502
96,42,0.148184
96,43,0.127191
96,44,-0.005854
96,45,0.018371
96,46,0.040636
96,47,0.059167
96,48,0.044234
96,49,0.075280
96,50,0.045129
96,51,0.056692
96,52,0.070697
96,53,0.069318
96,54,0.080326
96,55,0.102962
96,56,0.124594
96,57,0.060269
96,58,0.103272
96,59,0.083302
96,60,0.152878
96,61,0.045840
96,62,0.088838
96,63,0.116160
96,64,0.097421
96,65,-0.001390
96,66,0.111447
96,67,0.078770
96,68,0.053469
96,69,0.051918
96,70,-0.000142
96,71,-0.012161
96,72,-0.010014
96,73,0.037561
96,74,0.075726
96,75,0.054829
96,76,0.090738
96,77,0.114760
96,78,0.091202
96,79,0.071694
96,80,0.051467
96,81,0.054767
96,82,0.061924
96,83,0.098520
96,84,0.070197
96,85,0.013955
96,86,0.093709
96,87,0.080398
96,88,0.064402
96,89,0.096566
96,90,0.115931
96,91,0.059081
96,92,0.217203
96,93,0.306762
96,94,0.209777
96,95,0.580383
96,96,1.000000
96,97,0.634257
96,98,0.393751
96,99,0.454553
96,100,0.464901
96,101,0.304739
96,102,0.145035
96,103,0.163645
96,104,0.074146
96,105,0.086768
96,106,0.085406
96,107,0.179014
96,108,0.179548
96,109,0.158531
96,110,0.059651
96,111,0.089985
96,112,0.038454
96,113,0.057280
96,114,0.036933
96,115,0.035482
96,116,0.033000
96,117,0.070363
96,118,0.069209
96,119,0.085432
96,120,0.091364
96,121,0.054736
96,122,0.072247
96,123,0.056123
97,1,0.032081
97,2,0.074727
97,3,0.086769
97,4,0.125666
97,5,0.060295
97,6,0.108064
97,7,0.135622
97,8,0.116385
97,9,0.095871
97,10,0.121157
97,11,0.149407
97,12,0.100391
97,13,0.071127
97,14,0.057416
97,15,0.075566
97,16,0.088623
97,17,0.040878
97,18,0.047094
97,19,0.050039
97,20,0.034902
97,21,0.053659
97,22,0.070775
97,23,0.020545
97,24,0.066885
97,25,0.056706
97,26,0.100687
97,27,0.092118
97,28,0.082091
97,29,0.066300
97,30,0.077450
97,31,0.126045
97,32,0.084269
97,33,0.067273
97,34,-0.022030
97,35,0.060074
97,36,0.073090
97,37,0.139251
97,38,0.122105
97,39,0.180708
97,40,0.148695
97,41,0.133609
97,42,0.206975
97,43,0.269503
97,44,0.066181
97,45,0.042175
97,46,0.051247
97,47,0.066142
97,48,0.045153
97,49,0.046404
97,50,0.040632
97,51,0.048951
97,52,0.032978
97,53,0.034072
97,54,0.031081
97,55,0.065098
97,56,0.079607
97,57,0.036587
97,58,0.073922
97,59,0.050119
97,60,0.068577
97,61,0.044206
97,62,0.047599
97,63,0.035076
97,64,-0.004436
97,65,-0.013856
97,66,0.038334
97,67,0.028640
97,68,0.034084
97,69,0.037017
97,70,0.027666
97,71,0.005740
97,72,0.044505
97,73,0.009561
97,74,0.040469
97,75,0.046228
97,76,0.056685
97,77,0.073739
97,78,0.093265
97,79,0.071413
97,80,0.053790
97,81,0.037181
97,82,0.030800
97,83,0.075180
97,84,0.087907
97,85,0.036850
97,86,0.104613
97,87,0.093906
97,88,0.080161
97,89,0.093723
97,90,0.103209
97,91,0.045191
97,92,0.153622
97,93,0.282101
97,94,0.261348
97,95,0.367797
97,96,0.634257
97,97,1.000000
97,98,0.591705
97,99,0.362716
97,100,0.380223
97,101,0.154729
97,102,0.116236
97,103,0.102623
97,104,0.106093
97,105,0.120424
97,106,0.118139
97,107,0.152537
97,108,0.147833
97,109,0.151809
97,110,0.075455
97,111,0.043646
97,112,0.030865
97,113,0.016521
97,114,0.044905
97,115,0.044315
97,116,0.028095
97,117,0.070234
97,118,0.062623
97,119,0.070719
97,120,0.051890
97,121,0.012424
97,122,0.034623
97,123,0.047057
98,1,0.045612
98,2,0.101974
98,3,0.140692
98,4,0.140897
98,5,0.085877
98,6,0.146804
98,7,0.136267
98,8,0.125245
98,9,0.080284
98,10,0.133536
98,11,0.165729
98,12,0.140745
98,13,0.122035
98,14,0.098491
98,15,0.088913
98,16,0.075268
98,17,0.050181
98,18,0.044902
98,19,0.067626
98,20,0.081537
98,21,0.105399
98,22,0.108614
98,23,0.057484
98,24,0.066228
98,25,0.033691
98,26,0.087537
98,27,0.092605
98,28,0.107912
98,29,0.113827
98,30,0.112974
98,31,0.119439
98,32,0.095481
98,33,0.092108
98,34,0.053512
98,35,0.045003
98,36,0.070120
98,37,0.163805
98,38,0.147559
98,39,0.142521
98,40,0.105933
98,41,0.169568
98,42,0.335121
98,43,0.393341
98,44,0.082746
98,45,0.054312
98,46,0.045975
98,47,0.052454
98,48,0.052831
98,49,0.065645
98,50,0.055690
98,51,0.073696
98,52,0.061329
98,53,0.058805
98,54,0.055135
98,55,0.082992
98,56,0.082084
98,57,0.047950
98,58,0.076089
98,59,0.041169
98,60,0.049283
98,61,0.069459
98,62,0.095896
98,63,0.088074
98,64,0.064842
98,65,0.018975
98,66,0.071920
98,67,0.084491
98,68,0.068166
98,69,0.075632
98,70,0.051593
98,71,0.034651
98,72,0.068221
98,73,0.057365
98,74,0.065012
98,75,0.049359
98,76,0.076302
98,77,0.083911
98,78,0.074847
98,79,0.049380
98,80,0.043251
98,81,0.052147
98,82,0.037942
98,83,0.104189
98,84,0.119502
98,85,0.063510
98,86,0.092525
98,87,0.070385
98,88,0.061586
98,89,0.087809
98,90,0.074645
98,91,0.031439
98,92,0.092733
98,93,0.153912
98,94,0.182599
98,95,0.402479
98,96,0.393751
98,97,0.591705
98,98,1.000000
98,99,0.575794
98,100,0.429263
98,101,0.089698
98,102,0.053868
98,103,0.083282
98,104,0.151486
98,105,0.163806
98,106,0.133250
98,107,0.181218
98,108,0.170294
98,109,0.181862
98,110,0.121848
98,111,0.056899
98,112,0.054337
98,113,0.021395
98,114,0.032814
98,115,0.023841
98,116,0.034731
98,117,0.049205
98,118,0.060126
98,119,0.073780
98,120,0.077330
98,121,0.018483
98,122,0.024020
98,123,0.063334
99,1,0.077219
99,2,0.095493
99,3,0.198530
99,4,0.198192
99,5,0.150543
99,6,0.229470
99,7,0.181300
99,8,0.151632
99,9,0.104719
99,10,0.162627
99,11,0.219066
99,12,0.213201
99,13,0.192071
99,14,0.153254
99,15,0.051628
99,16,0.070695
99,17,0.049331
99,18,0.047400
99,19,0.086912
99,20,0.083808
99,21,0.130907
99,22,0.138496
99,23,0.091317
99,24,0.097060
99,25,0.033790
99,26,0.090579
99,27,0.112765
99,28,0.160606
99,29,0.159169
99,30,0.155962
99,31,0.144722
99,32,0.087800
99,33,0.118878
99,34,0.109426
99,35,0.105498
99,36,0.133218
99,37,0.211023
99,38,0.237094
99,39,0.230292
99,40,0.127110
99,41,0.205471
99,42,0.297646
99,43,0.266383
99,44,0.060635
99,45,0.056590
99,46,0.043085
99,47,0.062995
99,48,0.061275
99,49,0.088543
99,50,0.070387
99,51,0.065374
99,52,0.097459
99,53,0.116189
99,54,0.104320
99,55,0.127431
99,56,0.137007
99,57,0.063476
99,58,0.115939
99,59,0.084414
99,60,0.119143
99,61,0.061823
99,62,0.112873
99,63,0.140297
99,64,0.140205
99,65,-0.012086
99,66,0.097478
99,67,0.120566
99,68,0.105031
99,69,0.076032
99,70,0.014219
99,71,0.002126
99,72,0.003098
99,73,0.085615
99,74,0.107358
99,75,0.054788
99,76,0.129978
99,77,0.139508
99,78,0.084730
99,79,0.052601
99,80,0.056309
99,81,0.100589
99,82,0.088629
99,83,0.123786
99,84,0.114202
99,85,0.071499
99,86,0.104839
99,87,0.081222
99,88,0.050937
99,89,0.101273
99,90,0.102456
99,91,0.040316
99,92,0.113619
99,93,0.161064
99,94,0.124530
99,95,0.365765
99,96,0.454553
99,97,0.362716
99,98,0.575794
99,99,1.000000
99,100,0.712182
99,101,0.280670
99,102,0.098262
99,103,0.160739
99,104,0.119549
99,105,0.132256
99,106,0.112270
99,107,0.229148
99,108,0.201643
99,109,0.221991
99,110,0.121765
99,111,0.074244
99,112,0.053889
99,113,0.039217
99,114,0.044389
99,115,0.004698
99,116,0.038016
99,117,0.044105
99,118,0.076066
99,119,0.090187
99,120,0.113768
99,121,0.059430
99,122,0.052944
99,123,0.081144
100,1,0.085639
100,2,0.081296
100,3,0.184865
100,4,0.190784
100,5,0.147046
100,6,0.233040
100,7,0.187054
100,8,0.147556
100,9,0.125825
100,10,0.172437
100,11,0.212094
100,12,0.205693
100,13,0.175394
100,14,0.127659
100,15,0.015161
100,16,0.052314
100,17,0.041534
100,18,0.043592
100,19,0.093078
100,20,0.058915
100,21,0.107772
100,22,0.113723
100,23,0.089352
100,24,0.094449
100,25,0.041251
100,26,0.097398
100,27,0.094172
100,28,0.142894
100,29,0.130787
100,30,0.138602
100,31,0.159356
100,32,0.088261
100,33,0.129088
100,34,0.079616
100,35,0.128504
100,36,0.146491
100,37,0.217470
100,38,0.276538
100,39,0.340825
100,40,0.184741
100,41,0.258505
100,42,0.273362
100,43,0.257250
100,44,0.027681
100,45,0.020365
100,46,0.016004
100,47,0.047220
100,48,0.044590
100,49,0.070886
100,50,0.075448
100,51,0.083166
100,52,0.107008
100,53,0.117273
100,54,0.099327
100,55,0.113825
100,56,0.131485
100,57,0.051546
100,58,0.087187
100,59,0.069209
100,60,0.121996
100,61,0.036926
100,62,0.082679
100,63,0.140785
100,64,0.124312
100,65,-0.017761
100,66,0.084306
100,67,0.100156
100,68,0.095262
100,69,0.048763
100,70,0.000076
100,71,0.008792
100,72,-0.009517
100,73,0.100718
100,74,0.139695
100,75,0.023802
100,76,0.125347
100,77,0.127449
100,78,0.082814
100,79,0.061509
100,80,0.072573
100,81,0.104395
100,82,0.109614
100,83,0.123315
100,84,0.092360
100,85,0.045961
100,86,0.090098
100,87,0.080912
100,88,0.052851
100,89,0.098990
100,90,0.098134
100,91,0.035975
100,92,0.104959
100,93,0.176953
100,94,0.113826
100,95,0.271781
100,96,0.464901
100,97,0.380223
100,98,0.429263
100,99,0.712182
100,100,1.000000
100,101,0.379830
100,102,0.170599
100,103,0.181898
100,104,0.129672
100,105,0.135370
100,106,0.123039
100,107,0.211749
100,108,0.200520
100,109,0.207528
100,110,0.104246
100,111,0.075579
100,112,0.070606
100,113,0.054815
100,114,0.041514
100,115,0.010709
100,116,0.030104
100,117,0.040917
100,118,0.069130
100,119,0.087378
100,120,0.128347
100,121,0.072593
100,122,0.076018
100,123,0.086789
101,1,0.103853
101,2,0.070992
101,3,0.197925
101,4,0.156148
101,5,0.253526
101,6,0.294011
101,7,0.165101
101,8,0.062412
101,9,0.075137
101,10,0.150041
101,11,0.209064
101,12,0.253475
101,13,0.243461
101,14,0.214660
101,15,-0.029577
101,16,0.108006
101,17,0.073894
101,18,0.076838
101,19,0.072295
101,20,0.040958
101,21,0.098290
101,22,0.093802
101,23,0.015938
101,24,0.018344
101,25,0.046145
101,26,0.150219
101,27,0.122479
101,28,0.168596
101,29,0.183580
101,30,0.181737
101,31,0.143203
101,32,0.055430
101,33,0.084010
101,34,0.034408
101,35,0.165807
101,36,0.102978
101,37,0.131044
101,38,0.166937
101,39,0.164126
101,40,0.107942
101,41,0.071309
101,42,0.060552
101,43,0.021898
101,44,-0.051393
101,45,-0.007112
101,46,0.036260
101,47,0.025571
101,48,0.042789
101,49,0.067698
101,50,0.034716
101,51,0.014559
101,52,0.094573
101,53,0.087090
101,54,0.120637
101,55,0.157827
101,56,0.194107
101,57,0.069008
101,58,0.123453
101,59,0.080388
101,60,0.138801
101,61,0.024119
101,62,0.045538
101,63,0.118352
101,64,0.137764
101,65,0.030074
101,66,0.146043
101,67,0.053192
101,68,0.025903
101,69,0.034507
101,70,-0.082860
101,71,0.027984
101,72,-0.034993
101,73,0.176160
101,74,0.284118
101,75,0.072168
101,76,0.208883
101,77,0.196470
101,78,0.087662
101,79,0.069676
101,80,0.103528
101,81,0.159120
101,82,0.103701
101,83,0.134545
101,84,0.036985
101,85,0.036044
101,86,0.079736
101,87,0.042448
101,88,0.054366
101,89,0.088124
101,90,0.081160
101,91,0.031755
101,92,0.091362
101,93,0.089635
101,94,0.041154
101,95,0.201539
101,96,0.304739
101,97,0.154729
101,98,0.089698
101,99,0.280670
101,100,0.379830
101,101,1.000000
101,102,0.335946
101,103,0.371041
101,104,0.029303
101,105,0.038313
101,106,0.037825
101,107,0.156086
101,108,0.122100
101,109,0.164129
101,110,0.062591
101,111,0.097394
101,112,0.077980
101,113,0.083247
101,114,0.071875
101,115,0.067433
101,116,0.058886
101,117,0.051000
101,118,0.075567
101,119,0.070833
101,120,0.100946
101,121,0.051908
101,122,0.101419
101,123,0.061895
102,1,0.214949
102,2,0.115762
102,3,0.156473
102,4,0.226932
102,5,0.140269
102,6,0.143242
102,7,0.118050
102,8,0.068150
102,9,0.005376
102,10,-0.001119
102,11,0.074005
102,12,0.121192
102,13,0.134769
102,14,0.132695
102,15,-0.032541
102,16,0.000972
102,17,-0.002832
102,18,0.024260
102,19,0.085528
102,20,-0.030450
102,21,-0.014301
102,22,-0.023825
102,23,-0.034690
102,24,-0.021325
102,25,0.026165
102,26,0.023827
102,27,0.025488
102,28,0.048673
102,29,0.072376
102,30,0.086216
102,31,0.044382
102,32,-0.020820
102,33,-0.047738
102,34,-0.109377
102,35,0.044153
102,36,0.059729
102,37,0.010593
102,38,0.083080
102,39,0.131097
102,40,0.115102
102,41,0.057324
102,42,0.078211
102,43,0.068322
102,44,0.038806
102,45,0.012512
102,46,0.043395
102,47,-0.005120
102,48,0.016595
102,49,-0.009065
102,50,0.045082
102,51,0.015984
102,52,0.093618
102,53,0.111919
102,54,0.161737
102,55,0.153243
102,56,0.213815
102,57,0.124045
102,58,0.087338
102,59,0.086694
102,60,0.066716
102,61,-0.042300
102,62,-0.132958
102,63,0.014615
102,64,0.080446
102,65,0.121762
102,66,0.079823
102,67,-0.069403
102,68,-0.117030
102,69,0.124071
102,70,0.059586
102,71,0.030758
102,72,-0.056329
102,73,0.173003
102,74,0.206516
102,75,0.085845
102,76,0.123339
102,77,0.131333
102,78,0.108907
102,79,0.044408
102,80,0.052813
102,81,0.104958
102,82,0.133023
102,83,0.203368
102,84,0.109236
102,85,0.061801
102,86,0.092910
102,87,0.067718
102,88,0.045563
102,89,0.077113
102,90,0.059456
102,91,0.034562
102,92,0.030512
102,93,0.036494
102,94,0.026861
102,95,0.088072
102,96,0.145035
102,97,0.116236
102,98,0.053868
102,99,0.098262
102,100,0.170599
102,101,0.335946
102,102,1.000000
102,103,0.498325
102,104,0.105633
102,105,0.113405
102,106,0.106644
102,107,0.061630
102,108,0.038093
102,109,0.060720
102,110,0.001216
102,111,0.008005
102,112,0.007517
102,113,-0.022533
102,114,0.038758
102,115,0.019251
102,116,0.033875
102,117,0.057131
102,118,0.065284
102,119,0.083612
102,120,0.106446
102,121,0.102524
102,122,0.133794
102,123,0.048093
103,1,0.302968
103,2,0.351410
103,3,0.416001
103,4,0.355438
103,5,0.343690
103,6,0.345523
103,7,0.221510
103,8,0.100345
103,9,0.032879
103,10,0.108387
103,11,0.174934
103,12,0.275982
103,13,0.288946
103,14,0.282815
103,15,-0.050105
103,16,0.015707
103,17,0.007335
103,18,0.022770
103,19,0.086410
103,20,0.026503
103,21,0.092786
103,22,0.012871
103,23,-0.043501
103,24,-0.040727
103,25,0.007200
103,26,0.006714
103,27,0.063726
103,28,0.099022
103,29,0.175902
103,30,0.133658
103,31,0.047443
103,32,0.041772
103,33,0.013502
103,34,-0.082422
103,35,0.071771
103,36,0.097792
103,37,0.080350
103,38,0.097682
103,39,0.116948
103,40,0.110054
103,41,0.042331
103,42,0.070289
103,43,0.041750
103,44,0.005954
103,45,0.032654
103,46,0.014962
103,47,-0.045351
103,48,-0.017539
103,49,-0.048991
103,50,0.003442
103,51,0.006235
103,52,0.136467
103,53,0.168203
103,54,0.219124
103,55,0.225800
103,56,0.328112
103,57,0.144698
103,58,0.136761
103,59,0.063572
103,60,0.067776
103,61,-0.073770
103,62,-0.067236
103,63,0.058053
103,64,0.125343
103,65,0.110652
103,66,0.089027
103,67,-0.074535
103,68,-0.127186
103,69,0.025060
103,70,-0.112094
103,71,0.046312
103,72,-0.123898
103,73,0.275614
103,74,0.431920
103,75,0.103366
103,76,0.359105
103,77,0.301288
103,78,0.150125
103,79,0.073527
103,80,0.129396
103,81,0.200422
103,82,0.186150
103,83,0.311688
103,84,0.183095
103,85,0.087155
103,86,0.097851
103,87,0.040286
103,88,0.031632
103,89,0.080524
103,90,0.039289
103,91,0.042373
103,92,0.035236
103,93,0.004789
103,94,0.041234
103,95,0.148614
103,96,0.163645
103,97,0.102623
103,98,0.083282
103,99,0.160739
103,100,0.181898
103,101,0.371041
103,102,0.498325
103,103,1.000000
103,104,0.241622
103,105,0.241127
103,106,0.159611
103,107,0.169534
103,108,0.117559
103,109,0.149248
103,110,0.067480
103,111,0.082535
103,112,0.056344
103,113,0.043140
103,114,0.057572
103,115,0.022752
103,116,0.059254
103,117,0.085366
103,118,0.113272
103,119,0.141661
103,120,0.167971
103,121,0.124173
103,122,0.135816
103,123,0.101246
104,1,0.105803
104,2,0.152732
104,3,0.233108
104,4,0.151012
104,5,0.082947
104,6,0.068771
104,7,0.019647
104,8,-0.002047
104,9,-0.034219
104,10,-0.023441
104,11,0.020146
104,12,0.072664
104,13,0.096257
104,14,0.105407
104,15,0.100923
104,16,0.055009
104,17,0.032418
104,18,0.022085
104,19,0.012377
104,20,0.032129
104,21,0.024464
104,22,-0.011930
104,23,0.001593
104,24,-0.008525
104,25,0.030830
104,26,0.030587
104,27,0.062597
104,28,0.070406
104,29,0.103700
104,30,0.056110
104,31,0.024119
104,32,-0.001090
104,33,-0.021756
104,34,-0.052095
104,35,-0.022103
104,36,0.022273
104,37,0.071017
104,38,0.065569
104,39,0.075191
104,40,0.033165
104,41,0.060407
104,42,0.094747
104,43,0.127051
104,44,0.062671
104,45,0.067850
104,46,0.017107
104,47,0.025414
104,48,0.020996
104,49,-0.010175
104,50,-0.006346
104,51,0.037541
104,52,0.054588
104,53,0.073239
104,54,0.090357
104,55,0.063076
104,56,0.121110
104,57,0.096469
104,58,0.057408
104,59,0.055242
104,60,0.047623
104,61,0.031577
104,62,0.006674
104,63,0.024898
104,64,0.029579
104,65,0.069610
104,66,0.069029
104,67,-0.031383
104,68,-0.041064
104,69,0.074460
104,70,0.014149
104,71,0.068012
104,72,0.021913
104,73,0.096571
104,74,0.174520
104,75,0.178700
104,76,0.189086
104,77,0.156460
104,78,0.138706
104,79,0.100019
104,80,0.093292
104,81,0.090664
104,82,0.077825
104,83,0.216064
104,84,0.147934
104,85,0.059754
104,86,0.063384
104,87,0.047902
104,88,0.086211
104,89,0.083587
104,90,0.076755
104,91,0.097312
104,92,0.073010
104,93,0.030438
104,94,0.119087
104,95,0.139543
104,96,0.074146
104,97,0.106093
104,98,0.151486
104,99,0.119549
104,100,0.129672
104,101,0.029303
104,102,0.105633
104,103,0.241622
104,104,1.000000
104,105,0.909201
104,106,0.639108
104,107,0.505636
104,108,0.287172
104,109,0.221664
104,110,0.128778
104,111,0.050702
104,112,0.074471
104,113,0.040138
104,114,0.038295
104,115,0.065595
104,116,0.015311
104,117,0.047280
104,118,0.084332
104,119,0.083469
104,120,0.089026
104,121,0.056379
104,122,0.060317
104,123,0.052745
105,1,0.132472
105,2,0.141655
105,3,0.259928
105,4,0.169574
105,5,0.110716
105,6,0.099564
105,7,0.029902
105,8,-0.006764
105,9,-0.027206
105,10,-0.011767
105,11,0.033287
105,12,0.093345
105,13,0.119081
105,14,0.121248
105,15,0.131444
105,16,0.064437
105,17,0.029346
105,18,0.018797
105,19,0.021031
105,20,0.044413
105,21,0.023687
105,22,-0.024943
105,23,-0.004031
105,24,-0.013769
105,25,0.017211
105,26,0.027730
105,27,0.060903
105,28,0.080837
105,29,0.116994
105,30,0.076489
105,31,0.041083
105,32,-0.000078
105,33,-0.029378
105,34,-0.067573
105,35,-0.030228
105,36,0.022549
105,37,0.076359
105,38,0.080420
105,39,0.089127
105,40,0.040927
105,41,0.071295
105,42,0.105686
105,43,0.148199
105,44,0.094464
105,45,0.082415
105,46,0.035000
105,47,0.034969
105,48,0.020740
105,49,-0.003212
105,50,-0.002939
105,51,0.045022
105,52,0.070766
105,53,0.092067
105,54,0.117070
105,55,0.099547
105,56,0.134147
105,57,0.098847
105,58,0.065947
105,59,0.076269
105,60,0.067468
105,61,0.039796
105,62,0.020883
105,63,0.042986
105,64,0.041022
105,65,0.079481
105,66,0.079175
105,67,-0.029683
105,68,-0.045536
105,69,0.093101
105,70,0.031516
105,71,0.097635
105,72,0.065718
105,73,0.134414
105,74,0.208800
105,75,0.163411
105,76,0.192797
105,77,0.171746
105,78,0.144518
105,79,0.111976
105,80,0.108832
105,81,0.117747
105,82,0.099067
105,83,0.253887
105,84,0.192261
105,85,0.091306
105,86,0.080936
105,87,0.062769
105,88,0.091598
105,89,0.093128
105,90,0.081721
105,91,0.094258
105,92,0.083515
105,93,0.046894
105,94,0.134256
105,95,0.162725
105,96,0.086768
105,97,0.120424
105,98,0.163806
105,99,0.132256
105,100,0.135370
105,101,0.038313
105,102,0.113405
105,103,0.241127
105,104,0.909201
105,105,1.000000
105,106,0.726074
105,107,0.576432
105,108,0.296414
105,109,0.236421
105,110,0.138995
105,111,0.064591
105,112,0.079876
105,113,0.054620
105,114,0.036238
105,115,0.061822
105,116,0.034362
105,117,0.062700
105,118,0.116034
105,119,0.109018
105,120,0.125537
105,121,0.091451
105,122,0.082230
105,123,0.073178
106,1,0.099994
106,2,0.083140
106,3,0.218790
106,4,0.113420
106,5,0.036770
106,6,0.045782
106,7,-0.022909
106,8,-0.057491
106,9,-0.039636
106,10,-0.035346
106,11,0.008228
106,12,0.040087
106,13,0.062321
106,14,0.059885
106,15,0.144988
106,16,0.068888
106,17,0.054275
106,18,0.055401
106,19,0.037115
106,20,0.036410
106,21,0.008350
106,22,-0.039568
106,23,-0.017691
106,24,-0.017085
106,25,0.020969
106,26,0.047975
106,27,0.054036
106,28,0.070117
106,29,0.074126
106,30,0.048246
106,31,0.037102
106,32,-0.027566
106,33,-0.034984
106,34,-0.057641
106,35,-0.040518
106,36,0.011704
106,37,0.053379
106,38,0.090641
106,39,0.087143
106,40,0.029225
106,41,0.041439
106,42,0.079507
106,43,0.123914
106,44,0.056614
106,45,0.057981
106,46,0.021488
106,47,0.035484
106,48,0.008009
106,49,-0.011580
106,50,-0.014466
106,51,0.028215
106,52,0.029868
106,53,0.050417
106,54,0.052975
106,55,0.064795
106,56,0.083491
106,57,0.075312
106,58,0.039495
106,59,0.052018
106,60,0.062236
106,61,0.018472
106,62,0.013900
106,63,0.032853
106,64,0.023962
106,65,0.031577
106,66,0.063455
106,67,-0.042189
106,68,-0.049644
106,69,0.051989
106,70,0.009262
106,71,0.050111
106,72,0.048982
106,73,0.073269
106,74,0.134960
106,75,0.148260
106,76,0.112834
106,77,0.101471
106,78,0.095395
106,79,0.067320
106,80,0.061010
106,81,0.060982
106,82,0.067953
106,83,0.188024
106,84,0.134919
106,85,0.034192
106,86,0.092705
106,87,0.093212
106,88,0.089792
106,89,0.074389
106,90,0.083871
106,91,0.077942
106,92,0.077778
106,93,0.054708
106,94,0.134607
106,95,0.132531
106,96,0.085406
106,97,0.118139
106,98,0.133250
106,99,0.112270
106,100,0.123039
106,101,0.037825
106,102,0.106644
106,103,0.159611
106,104,0.639108
106,105,0.726074
106,106,1.000000
106,107,0.590809
106,108,0.397305
106,109,0.282423
106,110,0.152880
106,111,0.036577
106,112,0.052315
106,113,0.017805
106,114,0.026366
106,115,0.059533
106,116,0.051811
106,117,0.075149
106,118,0.087718
106,119,0.069733
106,120,0.086711
106,121,0.071151
106,122,0.053535
106,123,0.045500
107,1,0.079356
107,2,0.068807
107,3,0.228236
107,4,0.152556
107,5,0.140735
107,6,0.166003
107,7,0.082083
107,8,0.040424
107,9,0.043072
107,10,0.063980
107,11,0.123855
107,12,0.153880
107,13,0.165095
107,14,0.142358
107,15,0.128446
107,16,0.128611
107,17,0.075510
107,18,0.087648
107,19,0.094894
107,20,0.080454
107,21,0.070810
107,22,0.046629
107,23,0.028341
107,24,0.018152
107,25,0.047261
107,26,0.087146
107,27,0.111006
107,28,0.131556
107,29,0.159469
107,30,0.134326
107,31,0.110697
107,32,0.046263
107,33,0.028958
107,34,0.009776
107,35,0.054831
107,36,0.064561
107,37,0.125961
107,38,0.133641
107,39,0.115751
107,40,0.045785
107,41,0.054904
107,42,0.105863
107,43,0.126813
107,44,0.067648
107,45,0.066450
107,46,0.082119
107,47,0.071209
107,48,0.052082
107,49,0.065855
107,50,0.028571
107,51,0.052104
107,52,0.085188
107,53,0.110199
107,54,0.118819
107,55,0.122041
107,56,0.138788
107,57,0.092253
107,58,0.106955
107,59,0.097383
107,60,0.098754
107,61,0.043057
107,62,0.093075
107,63,0.113959
107,64,0.084219
107,65,0.038641
107,66,0.120107
107,67,0.032645
107,68,0.013243
107,69,0.066067
107,70,0.017319
107,71,0.048210
107,72,0.036419
107,73,0.136718
107,74,0.204463
107,75,0.116207
107,76,0.183439
107,77,0.173302
107,78,0.134868
107,79,0.093807
107,80,0.083460
107,81,0.118117
107,82,0.099688
107,83,0.200846
107,84,0.160922
107,85,0.073345
107,86,0.120185
107,87,0.103973
107,88,0.105147
107,89,0.118579
107,90,0.125840
107,91,0.083675
107,92,0.130425
107,93,0.136756
107,94,0.171084
107,95,0.218271
107,96,0.179014
107,97,0.152537
107,98,0.181218
107,99,0.229148
107,100,0.211749
107,101,0.156086
107,102,0.061630
107,103,0.169534
107,104,0.505636
107,105,0.576432
107,106,0.590809
107,107,1.000000
107,108,0.614404
107,109,0.488999
107,110,0.198982
107,111,0.131770
107,112,0.099796
107,113,0.081124
107,114,0.044482
107,115,0.062921
107,116,0.036595
107,117,0.056201
107,118,0.084901
107,119,0.088022
107,120,0.128590
107,121,0.094410
107,122,0.095198
107,123,0.087170
108,1,0.024918
108,2,0.054592
108,3,0.134988
108,4,0.063412
108,5,0.088026
108,6,0.116799
108,7,0.075644
108,8,0.045241
108,9,0.064624
108,10,0.071525
108,11,0.118647
108,12,0.112457
108,13,0.120089
108,14,0.096074
108,15,0.041593
108,16,0.079289
108,17,0.053715
108,18,0.053448
108,19,0.067503
108,20,0.072364
108,21,0.076434
108,22,0.077018
108,23,0.025520
108,24,0.016798
108,25,0.036705
108,26,0.097607
108,27,0.115867
108,28,0.113460
108,29,0.125568
108,30,0.122229
108,31,0.106162
108,32,0.034745
108,33,0.067317
108,34,0.039707
108,35,0.063358
108,36,0.065678
108,37,0.116595
108,38,0.094393
108,39,0.087240
108,40,0.023182
108,41,0.037596
108,42,0.091492
108,43,0.077123
108,44,0.011584
108,45,0.029787
108,46,0.050335
108,47,0.061324
108,48,0.048323
108,49,0.061580
108,50,0.018259
108,51,0.035306
108,52,0.019778
108,53,0.040197
108,54,0.039635
108,55,0.055563
108,56,0.096364
108,57,0.075290
108,58,0.072059
108,59,0.060872
108,60,0.062232
108,61,0.030691
108,62,0.061982
108,63,0.087365
108,64,0.053397
108,65,0.005507
108,66,0.076034
108,67,0.060633
108,68,0.042868
108,69,0.017745
108,70,-0.012240
108,71,0.007330
108,72,-0.029857
108,73,0.053242
108,74,0.107241
108,75,0.080263
108,76,0.118065
108,77,0.113518
108,78,0.082905
108,79,0.060887
108,80,0.056777
108,81,0.087126
108,82,0.064885
108,83,0.096095
108,84,0.027570
108,85,-0.017952
108,86,0.088107
108,87,0.074122
108,88,0.075659
108,89,0.077115
108,90,0.090552
108,91,0.040131
108,92,0.060191
108,93,0.107505
108,94,0.120943
108,95,0.167644
108,96,0.179548
108,97,0.147833
108,98,0.170294
108,99,0.201643
108,100,0.200520
108,101,0.122100
108,102,0.038093
108,103,0.117559
108,104,0.287172
108,105,0.296414
108,106,0.397305
108,107,0.614404
108,108,1.000000
108,109,0.538851
108,110,0.248233
108,111,0.137709
108,112,0.066104
108,113,0.097997
108,114,0.035673
108,115,0.040464
108,116,0.036711
108,117,0.051481
108,118,0.020760
108,119,0.037658
108,120,0.071578
108,121,0.038270
108,122,0.029035
108,123,0.027918
109,1,0.032207
109,2,0.059537
109,3,0.199584
109,4,0.127163
109,5,0.165555
109,6,0.175416
109,7,0.097504
109,8,0.073434
109,9,0.058178
109,10,0.077431
109,11,0.136246
109,12,0.172415
109,13,0.195174
109,14,0.175532
109,15,0.070111
109,16,0.090905
109,17,0.046721
109,18,0.054657
109,19,0.064248
109,20,0.056014
109,21,0.070441
109,22,0.081546
109,23,0.031648
109,24,0.022117
109,25,0.039829
109,26,0.094641
109,27,0.129010
109,28,0.161483
109,29,0.193260
109,30,0.163550
109,31,0.117853
109,32,0.061255
109,33,0.073185
109,34,0.019085
109,35,0.070096
109,36,0.093072
109,37,0.144756
109,38,0.115987
109,39,0.112848
109,40,0.055519
109,41,0.055870
109,42,0.067473
109,43,0.068275
109,44,0.029184
109,45,0.052716
109,46,0.067193
109,47,0.075659
109,48,0.051577
109,49,0.068027
109,50,0.029089
109,51,0.043026
109,52,0.083379
109,53,0.096677
109,54,0.107613
109,55,0.129969
109,56,0.168697
109,57,0.111578
109,58,0.148580
109,59,0.115899
109,60,0.096718
109,61,0.070626
109,62,0.081946
109,63,0.124893
109,64,0.073710
109,65,0.010327
109,66,0.105258
109,67,0.076175
109,68,0.047226
109,69,0.052881
109,70,0.015896
109,71,0.056505
109,72,0.037707
109,73,0.122680
109,74,0.172627
109,75,0.070757
109,76,0.152653
109,77,0.137701
109,78,0.105036
109,79,0.066489
109,80,0.081161
109,81,0.102470
109,82,0.095971
109,83,0.170867
109,84,0.129959
109,85,0.068775
109,86,0.121658
109,87,0.085316
109,88,0.083240
109,89,0.088781
109,90,0.099539
109,91,0.053719
109,92,0.081880
109,93,0.117152
109,94,0.122302
109,95,0.148904
109,96,0.158531
109,97,0.151809
109,98,0.181862
109,99,0.221991
109,100,0.207528
109,101,0.164129
109,102,0.060720
109,103,0.149248
109,104,0.221664
109,105,0.236421
109,106,0.282423
109,107,0.488999
109,108,0.538851
109,109,1.000000
109,110,0.358147
109,111,0.214134
109,112,0.102782
109,113,0.081261
109,114,0.098217
109,115,0.067495
109,116,0.035541
109,117,0.059737
109,118,0.072967
109,119,0.083053
109,120,0.111016
109,121,0.058397
109,122,0.061943
109,123,0.053483
110,1,0.026466
110,2,0.019319
110,3,0.100358
110,4,0.052071
110,5,0.112723
110,6,0.096515
110,7,0.025080
110,8,0.024369
110,9,0.034965
110,10,0.040784
110,11,0.072217
110,12,0.104178
110,13,0.128210
110,14,0.108053
110,15,0.024505
110,16,0.037495
110,17,0.007881
110,18,0.000834
110,19,0.041167
110,20,0.039559
110,21,0.062725
110,22,0.065780
110,23,0.029373
110,24,0.034100
110,25,0.040773
110,26,0.059986
110,27,0.079594
110,28,0.117887
110,29,0.133073
110,30,0.105993
110,31,0.074545
110,32,0.027738
110,33,0.076575
110,34,0.047789
110,35,0.052925
110,36,0.066879
110,37,0.095811
110,38,0.065940
110,39,0.071033
110,40,0.045426
110,41,0.050341
110,42,0.042517
110,43,0.064156
110,44,0.025520
110,45,0.018572
110,46,0.029753
110,47,0.038420
110,48,0.051973
110,49,0.043366
110,50,0.047024
110,51,0.053178
110,52,0.081416
110,53,0.083465
110,54,0.061947
110,55,0.071825
110,56,0.064214
110,57,0.057191
110,58,0.078826
110,59,0.069801
110,60,0.063699
110,61,0.056608
110,62,0.084773
110,63,0.095380
110,64,0.055514
110,65,-0.003398
110,66,0.066674
110,67,0.086915
110,68,0.065631
110,69,0.059320
110,70,0.033005
110,71,0.057715
110,72,0.039960
110,73,0.109488
110,74,0.124690
110,75,0.017240
110,76,0.099245
110,77,0.081944
110,78,0.069097
110,79,0.066724
110,80,0.079288
110,81,0.080104
110,82,0.039897
110,83,0.075236
110,84,0.093477
110,85,0.050653
110,86,0.070836
110,87,0.086018
110,88,0.068362
110,89,0.066497
110,90,0.076668
110,91,0.043740
110,92,0.042244
110,93,0.066598
110,94,0.053992
110,95,0.068212
110,96,0.059651
110,97,0.075455
110,98,0.121848
110,99,0.121765
110,100,0.104246
110,101,0.062591
110,102,0.001216
110,103,0.067480
110,104,0.128778
110,105,0.138995
110,106,0.152880
110,107,0.198982
110,108,0.248233
110,109,0.358147
110,110,1.000000
110,111,0.218925
110,112,0.108759
110,113,0.039781
110,114,0.085991
110,115,0.066143
110,116,0.039549
110,117,0.034230
110,118,0.065020
110,119,0.046744
110,120,0.072422
110,121,0.037150
110,122,0.038043
110,123,0.046903
111,1,-0.002402
111,2,0.052037
111,3,0.106638
111,4,0.082217
111,5,0.139759
111,6,0.156590
111,7,0.137808
111,8,0.106416
111,9,0.071971
111,10,0.099558
111,11,0.144167
111,12,0.158644
111,13,0.168026
111,14,0.151614
111,15,0.026231
111,16,0.044108
111,17,0.033234
111,18,0.012270
111,19,0.037292
111,20,0.070289
111,21,0.098832
111,22,0.106003
111,23,0.060468
111,24,0.014969
111,25,0.023459
111,26,0.053499
111,27,0.109245
111,28,0.144127
111,29,0.166893
111,30,0.141582
111,31,0.083921
111,32,0.057522
111,33,0.079956
111,34,0.046192
111,35,0.041432
111,36,0.007483
111,37,0.049906
111,38,0.032140
111,39,0.052094
111,40,0.043116
111,41,0.022427
111,42,-0.004476
111,43,-0.007797
111,44,0.052820
111,45,0.033811
111,46,0.091246
111,47,0.046877
111,48,0.028262
111,49,0.049004
111,50,0.039373
111,51,0.026627
111,52,0.078641
111,53,0.099021
111,54,0.084799
111,55,0.091119
111,56,0.121691
111,57,0.070556
111,58,0.064239
111,59,0.035058
111,60,0.040220
111,61,0.032916
111,62,0.060555
111,63,0.071362
111,64,0.020889
111,65,-0.022217
111,66,0.069492
111,67,0.090863
111,68,0.021111
111,69,0.011168
111,70,-0.001734
111,71,0.020443
111,72,-0.003699
111,73,0.089470
111,74,0.124106
111,75,0.037940
111,76,0.106869
111,77,0.104997
111,78,0.089058
111,79,0.104629
111,80,0.120082
111,81,0.124160
111,82,0.087610
111,83,0.084950
111,84,0.026524
111,85,0.057644
111,86,0.140009
111,87,0.086412
111,88,0.082946
111,89,0.082068
111,90,0.057403
111,91,0.032450
111,92,0.026230
111,93,0.022855
111,94,0.014207
111,95,0.094217
111,96,0.089985
111,97,0.043646
111,98,0.056899
111,99,0.074244
111,100,0.075579
111,101,0.097394
111,102,0.008005
111,103,0.082535
111,104,0.050702
111,105,0.064591
111,106,0.036577
111,107,0.131770
111,108,0.137709
111,109,0.214134
111,110,0.218925
111,111,1.000000
111,112,0.464545
111,113,0.321458
111,114,0.135417
111,115,0.147253
111,116,0.099906
111,117,0.090378
111,118,0.052798
111,119,0.055242
111,120,0.059832
111,121,0.064930
111,122,0.047349
111,123,0.184011
112,1,0.021857
112,2,0.042951
112,3,0.090685
112,4,0.091239
112,5,0.120152
112,6,0.141152
112,7,0.132737
112,8,0.087625
112,9,0.049485
112,10,0.076087
112,11,0.131117
112,12,0.143419
112,13,0.138945
112,14,0.136442
112,15,0.060127
112,16,0.065247
112,17,0.045023
112,18,0.040477
112,19,0.044114
112,20,0.075466
112,21,0.077933
112,22,0.105440
112,23,0.080526
112,24,0.025871
112,25,0.004663
112,26,0.036378
112,27,0.086629
112,28,0.113868
112,29,0.131026
112,30,0.124960
112,31,0.086199
112,32,0.040546
112,33,0.065220
112,34,0.036379
112,35,0.019565
112,36,0.009966
112,37,0.040574
112,38,0.015439
112,39,0.067559
112,40,0.039623
112,41,0.035135
112,42,0.039064
112,43,0.030736
112,44,0.067067
112,45,0.045534
112,46,0.101655
112,47,0.086688
112,48,0.068150
112,49,0.088928
112,50,0.098546
112,51,0.021792
112,52,0.070365
112,53,0.091804
112,54,0.068128
112,55,0.063069
112,56,0.074839
112,57,0.054565
112,58,0.050667
112,59,0.038979
112,60,0.038568
112,61,0.047872
112,62,0.068700
112,63,0.079297
112,64,0.048114
112,65,0.006352
112,66,0.089579
112,67,0.097979
112,68,0.052269
112,69,0.001956
112,70,0.020365
112,71,-0.006439
112,72,-0.000088
112,73,0.070672
112,74,0.085585
112,75,0.039837
112,76,0.059784
112,77,0.069740
112,78,0.078090
112,79,0.103628
112,80,0.114656
112,81,0.112582
112,82,0.099630
112,83,0.086443
112,84,0.046124
112,85,0.062347
112,86,0.103820
112,87,0.075094
112,88,0.102265
112,89,0.083094
112,90,0.056800
112,91,0.085056
112,92,0.064182
112,93,0.026343
112,94,0.038670
112,95,0.056911
112,96,0.038454
112,97,0.030865
112,98,0.054337
112,99,0.053889
112,100,0.070606
112,101,0.077980
112,102,0.007517
112,103,0.056344
112,104,0.074471
112,105,0.079876
112,106,0.052315
112,107,0.099796
112,108,0.066104
112,109,0.102782
112,110,0.108759
112,111,0.464545
112,112,1.000000
112,113,0.569541
112,114,0.274168
112,115,0.221741
112,116,0.103588
112,117,0.086708
112,118,0.102012
112,119,0.131026
112,120,0.111990
112,121,0.096961
112,122,0.095488
112,123,0.214918
113,1,-0.004565
113,2,0.008768
113,3,0.069478
113,4,0.067741
113,5,0.120842
113,6,0.150504
113,7,0.137813
113,8,0.090629
113,9,0.071598
113,10,0.106530
113,11,0.162695
113,12,0.155254
113,13,0.148800
113,14,0.147387
113,15,0.070408
113,16,0.091834
113,17,0.071906
113,18,0.052440
113,19,0.034921
113,20,0.069010
113,21,0.089030
113,22,0.146908
113,23,0.095942
113,24,0.044209
113,25,0.027708
113,26,0.086371
113,27,0.129953
113,28,0.145262
113,29,0.155284
113,30,0.156212
113,31,0.137968
113,32,0.062213
113,33,0.052076
113,34,0.054778
113,35,0.053608
113,36,0.032051
113,37,0.059396
113,38,0.014990
113,39,0.044390
113,40,0.045598
113,41,0.038770
113,42,0.009806
113,43,-0.001411
113,44,0.046351
113,45,0.025473
113,46,0.116303
113,47,0.096418
113,48,0.044728
113,49,0.085646
113,50,0.072464
113,51,0.021211
113,52,0.057962
113,53,0.070339
113,54,0.083888
113,55,0.086662
113,56,0.086305
113,57,0.061314
113,58,0.082917
113,59,0.066802
113,60,0.034772
113,61,0.095979
113,62,0.102119
113,63,0.073359
113,64,0.027670
113,65,-0.005060
113,66,0.107200
113,67,0.102511
113,68,0.077135
113,69,0.011656
113,70,0.028328
113,71,0.007186
113,72,0.028131
113,73,0.064558
113,74,0.102435
113,75,0.044392
113,76,0.078371
113,77,0.115125
113,78,0.104013
113,79,0.129112
113,80,0.135035
113,81,0.125567
113,82,0.096894
113,83,0.093324
113,84,0.054487
113,85,0.061311
113,86,0.095848
113,87,0.051702
113,88,0.109205
113,89,0.083586
113,90,0.047490
113,91,0.104501
113,92,0.092610
113,93,0.043522
113,94,0.029159
113,95,0.098513
113,96,0.057280
113,97,0.016521
113,98,0.021395
113,99,0.039217
113,100,0.054815
113,101,0.083247
113,102,-0.022533
113,103,0.043140
113,104,0.040138
113,105,0.054620
113,106,0.017805
113,107,0.081124
113,108,0.097997
113,109,0.081261
113,110,0.039781
113,111,0.321458
113,112,0.569541
113,113,1.000000
113,114,0.337602
113,115,0.304083
113,116,0.144786
113,117,0.112490
113,118,0.090696
113,119,0.087375
113,120,0.060883
113,121,0.037067
113,122,0.030517
113,123,0.127047
114,1,0.041710
114,2,-0.002607
114,3,0.062888
114,4,0.098796
114,5,0.130676
114,6,0.123151
114,7,0.091569
114,8,0.070720
114,9,0.050360
114,10,0.073664
114,11,0.139736
114,12,0.160406
114,13,0.169865
114,14,0.170667
114,15,0.120454
114,16,0.142956
114,17,0.108519
114,18,0.101081
114,19,0.061540
114,20,0.055471
114,21,0.058906
114,22,0.131049
114,23,0.097109
114,24,0.046812
114,25,0.065184
114,26,0.107387
114,27,0.156834
114,28,0.168329
114,29,0.175443
114,30,0.182999
114,31,0.154509
114,32,0.047126
114,33,0.009482
114,34,-0.004076
114,35,0.031274
114,36,0.045435
114,37,0.076763
114,38,0.026793
114,39,0.030761
114,40,0.048462
114,41,0.032447
114,42,0.012144
114,43,0.030601
114,44,0.054688
114,45,0.032361
114,46,0.113604
114,47,0.109427
114,48,0.036803
114,49,0.102247
114,50,0.077175
114,51,0.031768
114,52,0.074204
114,53,0.072635
114,54,0.094253
114,55,0.133301
114,56,0.128414
114,57,0.102194
114,58,0.144417
114,59,0.107315
114,60,0.053737
114,61,0.103267
114,62,0.076945
114,63,0.088076
114,64,0.051433
114,65,0.042199
114,66,0.118709
114,67,0.086036
114,68,0.075468
114,69,0.054201
114,70,0.075546
114,71,0.032857
114,72,0.098432
114,73,0.074120
114,74,0.100796
114,75,0.076731
114,76,0.088925
114,77,0.109415
114,78,0.122999
114,79,0.132199
114,80,0.118547
114,81,0.093801
114,82,0.081233
114,83,0.125528
114,84,0.101204
114,85,0.100784
114,86,0.187709
114,87,0.222994
114,88,0.262485
114,89,0.186025
114,90,0.169358
114,91,0.190490
114,92,0.171272
114,93,0.086972
114,94,0.025175
114,95,0.049989
114,96,0.036933
114,97,0.044905
114,98,0.032814
114,99,0.044389
114,100,0.041514
114,101,0.071875
114,102,0.038758
114,103,0.057572
114,104,0.038295
114,105,0.036238
114,106,0.026366
114,107,0.044482
114,108,0.035673
114,109,0.098217
114,110,0.085991
114,111,0.135417
114,112,0.274168
114,113,0.337602
114,114,1.000000
114,115,0.632138
114,116,0.132989
114,117,0.098811
114,118,0.138303
114,119,0.124617
114,120,0.117612
114,121,0.053609
114,122,0.055261
114,123,0.054691
115,1,0.025303
115,2,-0.017531
115,3,0.053279
115,4,0.081541
115,5,0.161560
115,6,0.110154
115,7,0.059979
115,8,0.033472
115,9,0.017745
115,10,0.037313
115,11,0.132090
115,12,0.165118
115,13,0.181699
115,14,0.199573
115,15,0.128702
115,16,0.151451
115,17,0.104119
115,18,0.104701
115,19,0.057880
115,20,0.039914
115,21,0.027333
115,22,0.105785
115,23,0.093389
115,24,0.041029
115,25,0.090942
115,26,0.147492
115,27,0.198605
115,28,0.201260
115,29,0.214929
115,30,0.213295
115,31,0.178299
115,32,0.035825
115,33,-0.028092
115,34,-0.017238
115,35,0.003202
115,36,0.001769
115,37,0.031874
115,38,0.002045
115,39,-0.007244
115,40,0.012473
115,41,0.001952
115,42,0.002074
115,43,0.023497
115,44,0.089793
115,45,0.042019
115,46,0.119850
115,47,0.101503
115,48,0.036866
115,49,0.096592
115,50,0.079045
115,51,0.044720
115,52,0.091994
115,53,0.080396
115,54,0.111558
115,55,0.146421
115,56,0.147566
115,57,0.136132
115,58,0.176678
115,59,0.127008
115,60,0.026812
115,61,0.140576
115,62,0.103368
115,63,0.066472
115,64,0.015338
115,65,0.030427
115,66,0.108381
115,67,0.076001
115,68,0.094501
115,69,0.081403
115,70,0.062857
115,71,0.068290
115,72,0.128015
115,73,0.098866
115,74,0.140906
115,75,0.090367
115,76,0.123732
115,77,0.150146
115,78,0.165805
115,79,0.174594
115,80,0.143741
115,81,0.106217
115,82,0.101396
115,83,0.134644
115,84,0.098435
115,85,0.082554
115,86,0.206795
115,87,0.201780
115,88,0.314081
115,89,0.245435
115,90,0.174553
115,91,0.213164
115,92,0.225256
115,93,0.123469
115,94,0.062063
115,95,0.061934
115,96,0.035482
115,97,0.044315
115,98,0.023841
115,99,0.004698
115,100,0.010709
115,101,0.067433
115,102,0.019251
115,103,0.022752
115,104,0.065595
115,105,0.061822
115,106,0.059533
115,107,0.062921
115,108,0.040464
115,109,0.067495
115,110,0.066143
115,111,0.147253
115,112,0.221741
115,113,0.304083
115,114,0.632138
115,115,1.000000
115,116,0.219644
115,117,0.159321
115,118,0.168298
115,119,0.109555
115,120,0.063451
115,121,0.038457
115,122,0.053051
115,123,0.080042
116,1,0.062975
116,2,0.026822
116,3,0.100626
116,4,0.088980
116,5,0.139030
116,6,0.153042
116,7,0.125751
116,8,0.072023
116,9,0.071754
116,10,0.094436
116,11,0.140025
116,12,0.164147
116,13,0.168982
116,14,0.182885
116,15,0.104685
116,16,0.099466
116,17,0.067710
116,18,0.058023
116,19,0.061092
116,20,0.033677
116,21,0.042728
116,22,0.073567
116,23,0.061825
116,24,0.019320
116,25,0.045726
116,26,0.100477
116,27,0.152060
116,28,0.166396
116,29,0.183526
116,30,0.165222
116,31,0.154886
116,32,0.023570
116,33,0.003415
116,34,0.009080
116,35,-0.007634
116,36,0.007555
116,37,0.037429
116,38,0.011081
116,39,0.019195
116,40,0.027828
116,41,-0.003900
116,42,0.003234
116,43,0.026767
116,44,0.075219
116,45,0.048458
116,46,0.098747
116,47,0.076970
116,48,0.030519
116,49,0.059569
116,50,0.064622
116,51,0.015703
116,52,0.095772
116,53,0.091114
116,54,0.115119
116,55,0.129566
116,56,0.111918
116,57,0.109193
116,58,0.082625
116,59,0.082528
116,60,0.074108
116,61,0.080991
116,62,0.052666
116,63,0.021252
116,64,-0.015482
116,65,-0.028362
116,66,0.053339
116,67,0.031726
116,68,0.019778
116,69,0.011709
116,70,0.001546
116,71,0.019716
116,72,0.071850
116,73,0.078062
116,74,0.104157
116,75,0.026421
116,76,0.090369
116,77,0.161209
116,78,0.173180
116,79,0.268578
116,80,0.309494
116,81,0.232737
116,82,0.180489
116,83,0.150435
116,84,0.066412
116,85,0.078530
116,86,0.172277
116,87,0.111536
116,88,0.134541
116,89,0.100384
116,90,0.061270
116,91,0.078709
116,92,0.091484
116,93,0.072459
116,94,0.039968
116,95,0.049163
116,96,0.033000
116,97,0.028095
116,98,0.034731
116,99,0.038016
116,100,0.030104
116,101,0.058886
116,102,0.033875
116,103,0.059254
116,104,0.015311
116,105,0.034362
116,106,0.051811
116,107,0.036595
116,108,0.036711
116,109,0.035541
116,110,0.039549
116,111,0.099906
116,112,0.103588
116,113,0.144786
116,114,0.132989
116,115,0.219644
116,116,1.000000
116,117,0.632111
116,118,0.218575
116,119,0.104448
116,120,0.084044
116,121,0.062640
116,122,0.025247
116,123,0.053114
117,1,0.051428
117,2,0.021453
117,3,0.071884
117,4,0.083649
117,5,0.136504
117,6,0.128470
117,7,0.108354
117,8,0.065077
117,9,0.048126
117,10,0.060097
117,11,0.123878
117,12,0.147576
117,13,0.161993
117,14,0.189022
117,15,0.115546
117,16,0.110453
117,17,0.076503
117,18,0.054579
117,19,0.063045
117,20,0.042606
117,21,0.045014
117,22,0.073656
117,23,0.050985
117,24,0.014958
117,25,0.063863
117,26,0.115066
117,27,0.160399
117,28,0.170263
117,29,0.191754
117,30,0.169367
117,31,0.136200
117,32,0.012760
117,33,0.002994
117,34,0.001044
117,35,0.005217
117,36,0.022406
117,37,0.042817
117,38,0.004439
117,39,0.013791
117,40,0.057755
117,41,0.002969
117,42,0.025705
117,43,0.032605
117,44,0.067111
117,45,0.034751
117,46,0.092811
117,47,0.065177
117,48,0.011763
117,49,0.038280
117,50,0.024996
117,51,-0.009058
117,52,0.050146
117,53,0.046966
117,54,0.093437
117,55,0.118894
117,56,0.104130
117,57,0.105676
117,58,0.105843
117,59,0.105738
117,60,0.080539
117,61,0.093812
117,62,0.058641
117,63,0.037428
117,64,-0.012482
117,65,-0.034052
117,66,0.048436
117,67,0.045193
117,68,0.025205
117,69,0.029324
117,70,0.023956
117,71,0.014290
117,72,0.033382
117,73,0.071841
117,74,0.099647
117,75,0.074938
117,76,0.117809
117,77,0.187041
117,78,0.209254
117,79,0.284362
117,80,0.332315
117,81,0.213011
117,82,0.144501
117,83,0.169073
117,84,0.095012
117,85,0.113360
117,86,0.186348
117,87,0.128410
117,88,0.132742
117,89,0.121285
117,90,0.072164
117,91,0.077059
117,92,0.093140
117,93,0.071096
117,94,0.032818
117,95,0.057461
117,96,0.070363
117,97,0.070234
117,98,0.049205
117,99,0.044105
117,100,0.040917
117,101,0.051000
117,102,0.057131
117,103,0.085366
117,104,0.047280
117,105,0.062700
117,106,0.075149
117,107,0.056201
117,108,0.051481
117,109,0.059737
117,110,0.034230
117,111,0.090378
117,112,0.086708
117,113,0.112490
117,114,0.098811
117,115,0.159321
117,116,0.632111
117,117,1.000000
117,118,0.330925
117,119,0.151580
117,120,0.103955
117,121,0.059218
117,122,0.033221
117,123,0.040563
118,1,0.142239
118,2,0.091824
118,3,0.211750
118,4,0.238349
118,5,0.261505
118,6,0.250646
118,7,0.164905
118,8,0.136243
118,9,0.073570
118,10,0.103991
118,11,0.210931
118,12,0.269403
118,13,0.299354
118,14,0.313847
118,15,0.195081
118,16,0.162300
118,17,0.074342
118,18,0.069376
118,19,0.103132
118,20,0.089849
118,21,0.065024
118,22,0.104040
118,23,0.073496
118,24,0.009655
118,25,0.028378
118,26,0.088467
118,27,0.199685
118,28,0.241007
118,29,0.297841
118,30,0.256868
118,31,0.186329
118,32,0.043373
118,33,0.032325
118,34,-0.007113
118,35,0.003707
118,36,0.031452
118,37,0.081010
118,38,0.041066
118,39,0.030613
118,40,0.042573
118,41,0.006587
118,42,0.041948
118,43,0.071762
118,44,0.109985
118,45,0.066065
118,46,0.130552
118,47,0.096662
118,48,0.060046
118,49,0.082833
118,50,0.065325
118,51,0.059710
118,52,0.157697
118,53,0.151398
118,54,0.235910
118,55,0.282586
118,56,0.214837
118,57,0.128507
118,58,0.149275
118,59,0.163240
118,60,0.120578
118,61,0.065748
118,62,0.052400
118,63,0.086733
118,64,0.064067
118,65,0.039006
118,66,0.095604
118,67,0.052576
118,68,0.006665
118,69,0.090964
118,70,0.118577
118,71,0.119093
118,72,0.130352
118,73,0.200918
118,74,0.243184
118,75,0.108032
118,76,0.176018
118,77,0.223366
118,78,0.203807
118,79,0.186829
118,80,0.199948
118,81,0.212341
118,82,0.176667
118,83,0.272212
118,84,0.272617
118,85,0.287025
118,86,0.241632
118,87,0.207917
118,88,0.204159
118,89,0.170230
118,90,0.090852
118,91,0.112046
118,92,0.114502
118,93,0.068845
118,94,0.026913
118,95,0.074616
118,96,0.069209
118,97,0.062623
118,98,0.060126
118,99,0.076066
118,100,0.069130
118,101,0.075567
118,102,0.065284
118,103,0.113272
118,104,0.084332
118,105,0.116034
118,106,0.087718
118,107,0.084901
118,108,0.020760
118,109,0.072967
118,110,0.065020
118,111,0.052798
118,112,0.102012
118,113,0.090696
118,114,0.138303
118,115,0.168298
118,116,0.218575
118,117,0.330925
118,118,1.000000
118,119,0.626372
118,120,0.426582
118,121,0.207889
118,122,0.170287
118,123,0.126346
119,1,0.139344
119,2,0.118974
119,3,0.259678
119,4,0.261581
119,5,0.279095
119,6,0.284494
119,7,0.202735
119,8,0.132764
119,9,0.075206
119,10,0.106833
119,11,0.225326
119,12,0.290921
119,13,0.305042
119,14,0.318740
119,15,0.157428
119,16,0.144706
119,17,0.076468
119,18,0.070761
119,19,0.099997
119,20,0.118118
119,21,0.108789
119,22,0.118656
119,23,0.096946
119,24,0.001208
119,25,0.024364
119,26,0.063546
119,27,0.185660
119,28,0.241640
119,29,0.292141
119,30,0.260255
119,31,0.181214
119,32,0.038880
119,33,0.040082
119,34,-0.002944
119,35,0.009433
119,36,0.038286
119,37,0.063517
119,38,0.041421
119,39,0.049891
119,40,0.048196
119,41,0.014118
119,42,0.040137
119,43,0.057997
119,44,0.104916
119,45,0.093658
119,46,0.147069
119,47,0.093975
119,48,0.093693
119,49,0.101624
119,50,0.119798
119,51,0.113214
119,52,0.236683
119,53,0.249461
119,54,0.303991
119,55,0.293630
119,56,0.256652
119,57,0.149240
119,58,0.131147
119,59,0.135175
119,60,0.127557
119,61,0.027346
119,62,0.036318
119,63,0.101725
119,64,0.082246
119,65,0.065561
119,66,0.106519
119,67,0.064294
119,68,-0.016017
119,69,0.085818
119,70,0.107066
119,71,0.115374
119,72,0.104503
119,73,0.209488
119,74,0.248339
119,75,0.112806
119,76,0.169242
119,77,0.199572
119,78,0.182758
119,79,0.115963
119,80,0.108818
119,81,0.162884
119,82,0.147626
119,83,0.268260
119,84,0.246429
119,85,0.270598
119,86,0.261871
119,87,0.248085
119,88,0.191815
119,89,0.167311
119,90,0.091797
119,91,0.103424
119,92,0.100585
119,93,0.069981
119,94,0.046551
119,95,0.084825
119,96,0.085432
119,97,0.070719
119,98,0.073780
119,99,0.090187
119,100,0.087378
119,101,0.070833
119,102,0.083612
119,103,0.141661
119,104,0.083469
119,105,0.109018
119,106,0.069733
119,107,0.088022
119,108,0.037658
119,109,0.083053
119,110,0.046744
119,111,0.055242
119,112,0.131026
119,113,0.087375
119,114,0.124617
119,115,0.109555
119,116,0.104448
119,117,0.151580
119,118,0.626372
119,119,1.000000
119,120,0.662069
119,121,0.327479
119,122,0.232656
119,123,0.186258
120,1,0.138550
120,2,0.133727
120,3,0.308815
120,4,0.293033
120,5,0.298127
120,6,0.307577
120,7,0.214799
120,8,0.147926
120,9,0.085896
120,10,0.132541
120,11,0.234620
120,12,0.294557
120,13,0.317480
120,14,0.312242
120,15,0.116057
120,16,0.161804
120,17,0.113639
120,18,0.122842
120,19,0.164643
120,20,0.139647
120,21,0.122065
120,22,0.102512
120,23,0.118343
120,24,0.034561
120,25,0.045547
120,26,0.069111
120,27,0.182302
120,28,0.250901
120,29,0.292917
120,30,0.253407
120,31,0.176463
120,32,0.061984
120,33,0.070298
120,34,0.007754
120,35,0.020079
120,36,0.036817
120,37,0.058652
120,38,0.051085
120,39,0.085360
120,40,0.053870
120,41,0.059485
120,42,0.072086
120,43,0.084692
120,44,0.091749
120,45,0.074500
120,46,0.114972
120,47,0.076367
120,48,0.107221
120,49,0.137405
120,50,0.178268
120,51,0.147216
120,52,0.295167
120,53,0.337245
120,54,0.353571
120,55,0.311285
120,56,0.301638
120,57,0.200215
120,58,0.147036
120,59,0.127244
120,60,0.109684
120,61,0.010741
120,62,0.050561
120,63,0.122496
120,64,0.124035
120,65,0.066279
120,66,0.120251
120,67,0.065372
120,68,0.004617
120,69,0.065682
120,70,0.074585
120,71,0.108367
120,72,0.087920
120,73,0.195661
120,74,0.250532
120,75,0.088789
120,76,0.177914
120,77,0.203301
120,78,0.163516
120,79,0.091148
120,80,0.097615
120,81,0.160530
120,82,0.152636
120,83,0.269683
120,84,0.233987
120,85,0.242080
120,86,0.295188
120,87,0.273265
120,88,0.193207
120,89,0.193725
120,90,0.125037
120,91,0.113386
120,92,0.111308
120,93,0.094307
120,94,0.050443
120,95,0.088677
120,96,0.091364
120,97,0.051890
120,98,0.077330
120,99,0.113768
120,100,0.128347
120,101,0.100946
120,102,0.106446
120,103,0.167971
120,104,0.089026
120,105,0.125537
120,106,0.086711
120,107,0.128590
120,108,0.071578
120,109,0.111016
120,110,0.072422
120,111,0.059832
120,112,0.111990
120,113,0.060883
120,114,0.117612
120,115,0.063451
120,116,0.084044
120,117,0.103955
120,118,0.426582
120,119,0.662069
120,120,1.000000
120,121,0.445385
120,122,0.338839
120,123,0.249064
121,1,0.151843
121,2,0.123690
121,3,0.261295
121,4,0.236820
121,5,0.214943
121,6,0.244120
121,7,0.179092
121,8,0.137041
121,9,0.066572
121,10,0.094736
121,11,0.162737
121,12,0.225374
121,13,0.240578
121,14,0.234106
121,15,0.069197
121,16,0.074157
121,17,0.044125
121,18,0.081665
121,19,0.144320
121,20,0.122009
121,21,0.099811
121,22,0.055010
121,23,0.114927
121,24,0.060789
121,25,0.048328
121,26,0.013350
121,27,0.087273
121,28,0.138972
121,29,0.187626
121,30,0.164197
121,31,0.100774
121,32,0.032185
121,33,0.049628
121,34,-0.001123
121,35,-0.008184
121,36,0.004301
121,37,0.016450
121,38,0.051264
121,39,0.108378
121,40,0.060326
121,41,0.019959
121,42,0.046866
121,43,0.061468
121,44,0.104802
121,45,0.097309
121,46,0.147552
121,47,0.076012
121,48,0.164875
121,49,0.069252
121,50,0.109744
121,51,0.065324
121,52,0.175082
121,53,0.232256
121,54,0.254216
121,55,0.199603
121,56,0.194839
121,57,0.127831
121,58,0.088949
121,59,0.079215
121,60,0.070471
121,61,-0.030435
121,62,0.006201
121,63,0.091852
121,64,0.127574
121,65,0.118092
121,66,0.091052
121,67,0.049033
121,68,-0.009667
121,69,0.043092
121,70,0.035905
121,71,0.068250
121,72,0.057915
121,73,0.183474
121,74,0.183291
121,75,0.044763
121,76,0.099752
121,77,0.129769
121,78,0.113150
121,79,0.070426
121,80,0.092264
121,81,0.152516
121,82,0.172519
121,83,0.203195
121,84,0.138324
121,85,0.143343
121,86,0.186898
121,87,0.182033
121,88,0.141578
121,89,0.128421
121,90,0.087011
121,91,0.078222
121,92,0.066950
121,93,0.061431
121,94,0.040346
121,95,0.045950
121,96,0.054736
121,97,0.012424
121,98,0.018483
121,99,0.059430
121,100,0.072593
121,101,0.051908
121,102,0.102524
121,103,0.124173
121,104,0.056379
121,105,0.091451
121,106,0.071151
121,107,0.094410
121,108,0.038270
121,109,0.058397
121,110,0.037150
121,111,0.064930
121,112,0.096961
121,113,0.037067
121,114,0.053609
121,115,0.038457
121,116,0.062640
121,117,0.059218
121,118,0.207889
121,119,0.327479
121,120,0.445385
121,121,1.000000
121,122,0.593447
121,123,0.307256
122,1,0.126491
122,2,0.103322
122,3,0.208369
122,4,0.219003
122,5,0.215958
122,6,0.209305
122,7,0.135825
122,8,0.117687
122,9,0.050693
122,10,0.069596
122,11,0.141177
122,12,0.205999
122,13,0.227392
122,14,0.233675
122,15,0.053767
122,16,0.103602
122,17,0.080659
122,18,0.103959
122,19,0.159802
122,20,0.076229
122,21,0.069389
122,22,0.058898
122,23,0.085203
122,24,0.037254
122,25,0.064528
122,26,0.062379
122,27,0.119605
122,28,0.183302
122,29,0.209732
122,30,0.170838
122,31,0.114818
122,32,0.028609
122,33,0.026510
122,34,-0.006280
122,35,-0.006005
122,36,0.020500
122,37,0.028758
122,38,0.044359
122,39,0.121862
122,40,0.071535
122,41,0.034409
122,42,0.044394
122,43,0.052274
122,44,0.076168
122,45,0.055431
122,46,0.097488
122,47,0.059733
122,48,0.114844
122,49,0.058584
122,50,0.105006
122,51,0.045450
122,52,0.169821
122,53,0.214704
122,54,0.254955
122,55,0.216978
122,56,0.252389
122,57,0.195817
122,58,0.151884
122,59,0.109272
122,60,0.059237
122,61,0.003918
122,62,0.023994
122,63,0.092545
122,64,0.122270
122,65,0.081983
122,66,0.076448
122,67,0.030803
122,68,0.010409
122,69,0.083406
122,70,0.031839
122,71,0.072070
122,72,0.037871
122,73,0.219434
122,74,0.225334
122,75,0.089536
122,76,0.148777
122,77,0.153755
122,78,0.108386
122,79,0.052036
122,80,0.065105
122,81,0.152860
122,82,0.151810
122,83,0.211783
122,84,0.154089
122,85,0.153342
122,86,0.192129
122,87,0.168245
122,88,0.138215
122,89,0.147475
122,90,0.099314
122,91,0.102874
122,92,0.104005
122,93,0.081028
122,94,0.043857
122,95,0.073398
122,96,0.072247
122,97,0.034623
122,98,0.024020
122,99,0.052944
122,100,0.076018
122,101,0.101419
122,102,0.133794
122,103,0.135816
122,104,0.060317
122,105,0.082230
122,106,0.053535
122,107,0.095198
122,108,0.029035
122,109,0.061943
122,110,0.038043
122,111,0.047349
122,112,0.095488
122,113,0.030517
122,114,0.055261
122,115,0.053051
122,116,0.025247
122,117,0.033221
122,118,0.170287
122,119,0.232656
122,120,0.338839
122,121,0.593447
122,122,1.000000
122,123,0.342834
123,1,0.062207
123,2,0.070692
123,3,0.168650
123,4,0.180578
123,5,0.196991
123,6,0.207801
123,7,0.143702
123,8,0.128510
123,9,0.065567
123,10,0.102708
123,11,0.159973
123,12,0.208199
123,13,0.221490
123,14,0.199060
123,15,0.082906
123,16,0.088771
123,17,0.070005
123,18,0.077629
123,19,0.121859
123,20,0.089797
123,21,0.075384
123,22,0.078572
123,23,0.086393
123,24,0.027391
123,25,0.015323
123,26,0.040942
123,27,0.110757
123,28,0.158985
123,29,0.202981
123,30,0.167080
123,31,0.096049
123,32,0.037858
123,33,0.038380
123,34,0.012543
123,35,0.011248
123,36,0.021337
123,37,0.040196
123,38,0.035266
123,39,0.061027
123,40,0.011353
123,41,0.039162
123,42,0.052493
123,43,0.105521
123,44,0.100815
123,45,0.083183
123,46,0.090079
123,47,0.062554
123,48,0.068434
123,49,0.082449
123,50,0.094598
123,51,0.084597
123,52,0.172616
123,53,0.201524
123,54,0.178133
123,55,0.167337
123,56,0.158753
123,57,0.099683
123,58,0.097056
123,59,0.083371
123,60,0.050733
123,61,0.011052
123,62,0.053305
123,63,0.072815
123,64,0.052856
123,65,0.034863
123,66,0.072632
123,67,0.053680
123,68,0.023085
123,69,0.034440
123,70,0.020807
123,71,0.057984
123,72,0.043880
123,73,0.147084
123,74,0.155495
123,75,0.065017
123,76,0.122535
123,77,0.121921
123,78,0.087094
123,79,0.049790
123,80,0.073763
123,81,0.109896
123,82,0.132567
123,83,0.152528
123,84,0.126547
123,85,0.137478
123,86,0.172062
123,87,0.118614
123,88,0.111005
123,89,0.142882
123,90,0.101213
123,91,0.074062
123,92,0.091295
123,93,0.068321
123,94,0.026725
123,95,0.061359
123,96,0.056123
123,97,0.047057
123,98,0.063334
123,99,0.081144
123,100,0.086789
123,101,0.061895
123,102,0.048093
123,103,0.101246
123,104,0.052745
123,105,0.073178
123,106,0.045500
123,107,0.087170
123,108,0.027918
123,109,0.053483
123,110,0.046903
123,111,0.184011
123,112,0.214918
123,113,0.127047
123,114,0.054691
123,115,0.080042
123,116,0.053114
123,117,0.040563
123,118,0.126346
123,119,0.186258
123,120,0.249064
123,121,0.307256
123,122,0.342834
123,123,1.000000
