residue_i,residue_j,correlation
1,1,1.000000
1,2,0.579125
1,3,0.181042
1,4,0.106534
1,5,0.152144
1,6,0.095092
1,7,0.151757
1,8,0.242999
1,9,0.254150
1,10,0.057671
1,11,0.008392
1,12,0.138453
1,13,0.160881
1,14,0.203462
1,15,0.132163
1,16,0.137438
1,17,0.114764
1,18,0.002566
1,19,-0.001401
1,20,-0.012665
1,21,-0.018146
1,22,0.029847
1,23,0.110855
1,24,0.081971
1,25,0.107365
1,26,0.116236
1,27,0.112813
1,28,0.038403
1,29,0.104844
1,30,0.078739
1,31,0.028145
1,32,0.054210
1,33,0.083851
1,34,0.089752
1,35,0.063900
1,36,0.089183
1,37,0.090405
1,38,0.073011
1,39,0.092501
1,40,0.117636
1,41,0.076047
1,42,0.034468
1,43,0.031767
1,44,-0.038417
1,45,-0.061301
1,46,0.003464
1,47,-0.010144
1,48,0.007184
1,49,0.020584
1,50,0.013445
1,51,0.042215
1,52,0.034523
1,53,0.076317
1,54,0.043212
1,55,0.020840
1,56,0.046140
1,57,0.076952
1,58,0.055096
1,59,0.054485
1,60,-0.000282
1,61,0.034174
1,62,0.068239
1,63,0.067941
1,64,0.084146
1,65,0.114658
1,66,0.092434
1,67,0.086324
1,68,0.064154
1,69,0.111934
1,70,0.117206
1,71,0.121480
1,72,0.123159
1,73,0.069935
1,74,0.110981
1,75,0.005060
1,76,0.075978
1,77,0.074965
1,78,0.094184
1,79,0.061765
1,80,0.011974
1,81,0.005932
1,82,-0.039924
1,83,-0.021204
1,84,-0.033474
1,85,-0.031764
1,86,-0.030655
1,87,-0.046695
1,88,0.017919
1,89,0.049822
1,90,0.035861
1,91,0.021456
1,92,0.050581
1,93,0.031355
1,94,-0.006346
1,95,0.037817
1,96,0.062632
1,97,0.077294
1,98,0.079590
1,99,0.127143
1,100,0.116246
1,101,0.111733
1,102,0.119717
1,103,0.077809
1,104,0.049905
1,105,0.085904
1,106,0.091589
1,107,0.064999
1,108,0.020150
1,109,0.059951
1,110,0.050201
1,111,0.030521
1,112,0.031886
1,113,0.018273
1,114,0.050823
1,115,0.058156
1,116,0.049941
1,117,0.075741
1,118,0.039178
1,119,0.082494
1,120,0.112652
1,121,0.095819
1,122,0.087368
1,123,0.090930
1,124,0.059491
1,125,0.063673
1,126,0.080222
1,127,0.082012
1,128,0.071529
1,129,0.034895
1,130,0.026458
1,131,0.039713
1,132,0.070469
2,1,0.579125
2,2,1.000000
2,3,0.216189
2,4,0.117713
2,5,0.118723
2,6,0.079264
2,7,0.167256
2,8,0.306278
2,9,0.379221
2,10,0.042910
2,11,0.000945
2,12,0.204940
2,13,0.187854
2,14,0.210744
2,15,0.111302
2,16,0.107699
2,17,0.146439
2,18,0.090269
2,19,-0.020658
2,20,-0.028583
2,21,0.045809
2,22,0.052132
2,23,0.049052
2,24,0.041714
2,25,0.055551
2,26,0.044253
2,27,0.025132
2,28,-0.048087
2,29,0.038621
2,30,0.015395
2,31,-0.000961
2,32,0.069730
2,33,0.065848
2,34,0.091571
2,35,0.042220
2,36,0.096390
2,37,0.063168
2,38,0.030894
2,39,0.047454
2,40,0.054493
2,41,0.027226
2,42,-0.004892
2,43,-0.000079
2,44,-0.015772
2,45,-0.009956
2,46,0.000607
2,47,-0.029981
2,48,0.000011
2,49,0.003358
2,50,0.014746
2,51,0.007096
2,52,0.001608
2,53,0.047746
2,54,0.013730
2,55,-0.000367
2,56,0.021436
2,57,0.057845
2,58,0.071507
2,59,0.067576
2,60,0.032662
2,61,0.038183
2,62,0.033962
2,63,-0.001048
2,64,0.039756
2,65,0.027112
2,66,0.060408
2,67,0.015745
2,68,0.014192
2,69,0.054967
2,70,0.062365
2,71,0.067313
2,72,0.030517
2,73,0.000598
2,74,0.028115
2,75,-0.023755
2,76,0.005220
2,77,0.086371
2,78,0.076649
2,79,0.079101
2,80,0.024845
2,81,0.001275
2,82,-0.053693
2,83,-0.032536
2,84,-0.029973
2,85,-0.009629
2,86,0.023142
2,87,-0.001330
2,88,0.052589
2,89,0.000286
2,90,0.017345
2,91,-0.022278
2,92,0.028453
2,93,0.020900
2,94,0.000204
2,95,0.049457
2,96,0.076818
2,97,0.072834
2,98,0.059633
2,99,0.087893
2,100,0.084872
2,101,0.071333
2,102,0.070228
2,103,0.040862
2,104,-0.043314
2,105,0.083525
2,106,0.097544
2,107,0.081083
2,108,0.075234
2,109,0.072377
2,110,0.026579
2,111,0.025174
2,112,0.027803
2,113,0.037872
2,114,0.062239
2,115,0.073362
2,116,0.038865
2,117,0.091294
2,118,0.063610
2,119,0.056111
2,120,0.058374
2,121,0.061678
2,122,0.066385
2,123,0.080665
2,124,0.066471
2,125,0.077696
2,126,0.065644
2,127,0.061587
2,128,0.047153
2,129,0.005764
2,130,-0.024681
2,131,-0.042456
2,132,-0.073386
3,1,0.181042
3,2,0.216189
3,3,1.000000
3,4,0.714093
3,5,0.390214
3,6,0.394593
3,7,0.639801
3,8,0.607362
3,9,0.344929
3,10,0.159225
3,11,0.173863
3,12,0.324028
3,13,0.383610
3,14,0.324487
3,15,0.322485
3,16,0.293412
3,17,0.333270
3,18,0.060009
3,19,-0.049186
3,20,0.018079
3,21,0.079273
3,22,0.031419
3,23,0.100195
3,24,0.125183
3,25,0.120459
3,26,0.104564
3,27,0.079916
3,28,0.067842
3,29,0.158077
3,30,0.163650
3,31,0.171068
3,32,0.166889
3,33,0.178992
3,34,0.187658
3,35,0.174472
3,36,0.291612
3,37,0.190983
3,38,0.158319
3,39,0.115016
3,40,0.154004
3,41,0.117585
3,42,0.095127
3,43,0.092341
3,44,0.004389
3,45,0.050560
3,46,0.118673
3,47,0.058199
3,48,0.069165
3,49,0.057477
3,50,0.051249
3,51,0.052064
3,52,0.029890
3,53,0.102788
3,54,0.042440
3,55,0.040582
3,56,0.068607
3,57,0.125979
3,58,0.065895
3,59,0.054684
3,60,0.042656
3,61,0.036335
3,62,0.059859
3,63,0.097877
3,64,0.084942
3,65,0.122607
3,66,0.114589
3,67,0.088970
3,68,0.095018
3,69,0.083964
3,70,0.108203
3,71,0.144845
3,72,0.173309
3,73,0.153273
3,74,0.184121
3,75,0.024581
3,76,0.158649
3,77,0.124867
3,78,0.151348
3,79,0.086113
3,80,-0.000880
3,81,-0.042040
3,82,-0.009098
3,83,0.090206
3,84,0.066762
3,85,0.019811
3,86,0.064728
3,87,0.057369
3,88,0.048126
3,89,0.010621
3,90,0.058223
3,91,0.029405
3,92,0.022365
3,93,-0.003001
3,94,-0.019262
3,95,0.036653
3,96,0.095291
3,97,0.103183
3,98,0.128506
3,99,0.198039
3,100,0.174135
3,101,0.158765
3,102,0.162075
3,103,0.138607
3,104,0.027151
3,105,0.089526
3,106,0.113387
3,107,0.154990
3,108,0.156961
3,109,0.165213
3,110,0.125236
3,111,0.146517
3,112,0.108636
3,113,0.149159
3,114,0.061929
3,115,0.068022
3,116,0.097184
3,117,0.083101
3,118,0.006586
3,119,0.055180
3,120,0.061443
3,121,0.120863
3,122,0.085702
3,123,0.120650
3,124,0.159132
3,125,0.173880
3,126,0.144784
3,127,0.084174
3,128,0.073520
3,129,0.001224
3,130,-0.022834
3,131,-0.044043
3,132,0.009187
4,1,0.106534
4,2,0.117713
4,3,0.714093
4,4,1.000000
4,5,0.423837
4,6,0.400209
4,7,0.515673
4,8,0.385325
4,9,0.211246
4,10,0.142647
4,11,0.196287
4,12,0.206052
4,13,0.213678
4,14,0.163019
4,15,0.244986
4,16,0.259466
4,17,0.302209
4,18,-0.006320
4,19,-0.088839
4,20,-0.046728
4,21,0.007884
4,22,0.014177
4,23,0.044921
4,24,0.069322
4,25,0.047785
4,26,0.051774
4,27,0.045125
4,28,0.092325
4,29,0.140289
4,30,0.125178
4,31,0.088807
4,32,0.075548
4,33,0.129109
4,34,0.146859
4,35,0.134784
4,36,0.199444
4,37,0.109659
4,38,0.081154
4,39,0.024864
4,40,0.069940
4,41,0.053968
4,42,0.023969
4,43,0.023948
4,44,-0.021337
4,45,-0.001260
4,46,0.085462
4,47,0.056998
4,48,0.046476
4,49,0.050412
4,50,0.063237
4,51,0.033953
4,52,0.014912
4,53,0.060894
4,54,0.024578
4,55,0.024576
4,56,0.047773
4,57,0.077294
4,58,0.037229
4,59,0.032460
4,60,0.021373
4,61,0.014854
4,62,0.036642
4,63,0.065137
4,64,0.033877
4,65,0.045455
4,66,0.041836
4,67,0.001468
4,68,0.030182
4,69,0.011819
4,70,0.040269
4,71,0.075302
4,72,0.102291
4,73,0.114725
4,74,0.153151
4,75,-0.004204
4,76,0.105378
4,77,0.076399
4,78,0.099840
4,79,0.054658
4,80,-0.010788
4,81,-0.048841
4,82,-0.005631
4,83,0.071942
4,84,0.050708
4,85,0.038895
4,86,0.070786
4,87,0.046957
4,88,0.019263
4,89,-0.027011
4,90,0.040292
4,91,0.042783
4,92,0.024900
4,93,0.011824
4,94,-0.003494
4,95,0.009336
4,96,0.050007
4,97,0.067238
4,98,0.089427
4,99,0.111799
4,100,0.097406
4,101,0.092431
4,102,0.093254
4,103,0.091515
4,104,-0.021665
4,105,0.034807
4,106,0.057604
4,107,0.113031
4,108,0.135780
4,109,0.146175
4,110,0.124244
4,111,0.126650
4,112,0.088552
4,113,0.114245
4,114,0.035674
4,115,0.030704
4,116,0.051892
4,117,0.031249
4,118,-0.045315
4,119,0.019216
4,120,0.041621
4,121,0.101044
4,122,0.045692
4,123,0.080897
4,124,0.110270
4,125,0.121785
4,126,0.076031
4,127,0.041220
4,128,0.049292
4,129,0.007456
4,130,-0.009792
4,131,-0.012832
4,132,0.058721
5,1,0.152144
5,2,0.118723
5,3,0.390214
5,4,0.423837
5,5,1.000000
5,6,0.626033
5,7,0.449066
5,8,0.349860
5,9,0.185063
5,10,0.191027
5,11,0.183219
5,12,0.117231
5,13,0.085241
5,14,0.109540
5,15,0.231370
5,16,0.356831
5,17,0.421298
5,18,-0.065879
5,19,-0.022584
5,20,0.050602
5,21,0.040885
5,22,0.033040
5,23,0.105049
5,24,0.114916
5,25,0.128714
5,26,0.121607
5,27,0.115113
5,28,0.099938
5,29,0.207029
5,30,0.135929
5,31,0.127033
5,32,0.112344
5,33,0.119308
5,34,0.048576
5,35,0.129040
5,36,0.156124
5,37,0.179729
5,38,0.157763
5,39,0.147255
5,40,0.198435
5,41,0.137368
5,42,0.056596
5,43,0.043919
5,44,0.002551
5,45,0.023181
5,46,0.120941
5,47,0.068811
5,48,0.067453
5,49,0.047339
5,50,0.040919
5,51,0.066358
5,52,0.049287
5,53,0.086076
5,54,0.082590
5,55,0.060917
5,56,0.112996
5,57,0.129264
5,58,0.062003
5,59,0.069168
5,60,0.013559
5,61,0.050338
5,62,0.074479
5,63,0.198177
5,64,0.148009
5,65,0.157877
5,66,0.117067
5,67,0.065232
5,68,0.096788
5,69,0.119431
5,70,0.135126
5,71,0.182974
5,72,0.235523
5,73,0.304521
5,74,0.327606
5,75,0.212640
5,76,0.201597
5,77,0.088083
5,78,0.160475
5,79,0.080165
5,80,0.016563
5,81,-0.034979
5,82,0.028790
5,83,0.088560
5,84,0.051509
5,85,0.015844
5,86,0.020700
5,87,-0.028190
5,88,0.142324
5,89,0.052019
5,90,0.073388
5,91,0.064003
5,92,0.068557
5,93,0.011145
5,94,0.005473
5,95,0.052255
5,96,0.079961
5,97,0.069891
5,98,0.108704
5,99,0.158548
5,100,0.121659
5,101,0.132349
5,102,0.162704
5,103,0.145827
5,104,0.032277
5,105,0.096250
5,106,0.130860
5,107,0.152332
5,108,0.112157
5,109,0.160008
5,110,0.138640
5,111,0.147859
5,112,0.131609
5,113,0.159312
5,114,0.092050
5,115,0.105179
5,116,0.121303
5,117,0.076355
5,118,0.007054
5,119,0.083100
5,120,0.069697
5,121,0.123218
5,122,0.069198
5,123,0.120312
5,124,0.134392
5,125,0.122525
5,126,0.134149
5,127,0.090785
5,128,0.079112
5,129,0.003475
5,130,-0.008603
5,131,-0.028279
5,132,0.183306
6,1,0.095092
6,2,0.079264
6,3,0.394593
6,4,0.400209
6,5,0.626033
6,6,1.000000
6,7,0.487870
6,8,0.352688
6,9,0.143644
6,10,0.245057
6,11,0.249415
6,12,0.109995
6,13,0.100278
6,14,0.110861
6,15,0.323717
6,16,0.522628
6,17,0.538659
6,18,-0.018013
6,19,-0.000934
6,20,0.076108
6,21,0.008636
6,22,-0.012242
6,23,0.043182
6,24,0.079341
6,25,0.091320
6,26,0.069501
6,27,0.088562
6,28,0.107833
6,29,0.179531
6,30,0.062721
6,31,0.028585
6,32,0.123367
6,33,0.150096
6,34,0.027476
6,35,0.129633
6,36,0.176876
6,37,0.139427
6,38,0.149773
6,39,0.130910
6,40,0.195371
6,41,0.151546
6,42,-0.029788
6,43,0.037744
6,44,0.011305
6,45,0.015964
6,46,0.108483
6,47,0.059174
6,48,0.088773
6,49,0.045989
6,50,0.059545
6,51,0.061339
6,52,0.067216
6,53,0.107416
6,54,0.083760
6,55,0.059537
6,56,0.125151
6,57,0.123601
6,58,0.071782
6,59,0.031170
6,60,0.011578
6,61,0.045274
6,62,0.026959
6,63,0.093008
6,64,0.114893
6,65,0.139067
6,66,0.092960
6,67,-0.004358
6,68,0.069883
6,69,0.100973
6,70,0.113632
6,71,0.130708
6,72,0.142582
6,73,0.180524
6,74,0.210370
6,75,0.216130
6,76,0.230683
6,77,0.083455
6,78,0.155411
6,79,0.097723
6,80,0.040179
6,81,-0.037485
6,82,0.065645
6,83,0.189597
6,84,0.187144
6,85,0.105572
6,86,0.098167
6,87,0.021049
6,88,0.174692
6,89,-0.004467
6,90,0.056818
6,91,0.051742
6,92,0.075181
6,93,0.022709
6,94,-0.000927
6,95,0.024666
6,96,0.058884
6,97,0.045363
6,98,0.064507
6,99,0.102346
6,100,0.065957
6,101,0.097335
6,102,0.120543
6,103,0.099067
6,104,-0.069614
6,105,0.039013
6,106,0.129286
6,107,0.180577
6,108,0.176351
6,109,0.240659
6,110,0.231536
6,111,0.246032
6,112,0.205385
6,113,0.220830
6,114,0.120196
6,115,0.115176
6,116,0.096298
6,117,0.064143
6,118,0.040166
6,119,0.091176
6,120,0.043393
6,121,0.054232
6,122,0.043962
6,123,0.112080
6,124,0.171060
6,125,0.181467
6,126,0.124678
6,127,0.104213
6,128,0.143084
6,129,0.040857
6,130,0.052307
6,131,0.002980
6,132,0.201191
7,1,0.151757
7,2,0.167256
7,3,0.639801
7,4,0.515673
7,5,0.449066
7,6,0.487870
7,7,1.000000
7,8,0.789430
7,9,0.309127
7,10,0.230897
7,11,0.276760
7,12,0.280379
7,13,0.435049
7,14,0.496662
7,15,0.566542
7,16,0.492957
7,17,0.370883
7,18,0.045757
7,19,-0.053796
7,20,0.031338
7,21,0.041977
7,22,0.027843
7,23,0.106510
7,24,0.123203
7,25,0.112020
7,26,0.086793
7,27,0.058250
7,28,0.094512
7,29,0.157716
7,30,0.211948
7,31,0.216666
7,32,0.248372
7,33,0.296622
7,34,0.228147
7,35,0.191249
7,36,0.314637
7,37,0.181935
7,38,0.134873
7,39,0.116731
7,40,0.139914
7,41,0.118022
7,42,0.115081
7,43,0.094187
7,44,0.033627
7,45,0.053562
7,46,0.127505
7,47,0.078742
7,48,0.076500
7,49,0.077013
7,50,0.059534
7,51,0.067710
7,52,0.045915
7,53,0.118724
7,54,0.072640
7,55,0.070836
7,56,0.115323
7,57,0.166020
7,58,0.091911
7,59,0.078003
7,60,0.045481
7,61,0.071538
7,62,0.060142
7,63,0.106306
7,64,0.087940
7,65,0.119385
7,66,0.120910
7,67,0.107471
7,68,0.105529
7,69,0.081640
7,70,0.105887
7,71,0.119283
7,72,0.158512
7,73,0.173091
7,74,0.251734
7,75,0.048962
7,76,0.155027
7,77,0.123950
7,78,0.147501
7,79,0.156291
7,80,0.063272
7,81,0.002096
7,82,-0.024562
7,83,0.090182
7,84,0.080859
7,85,0.073029
7,86,0.093213
7,87,0.042397
7,88,0.104553
7,89,0.058131
7,90,0.112503
7,91,0.071273
7,92,0.082135
7,93,0.067473
7,94,0.035461
7,95,0.069667
7,96,0.152206
7,97,0.149739
7,98,0.152081
7,99,0.231169
7,100,0.200108
7,101,0.183527
7,102,0.199176
7,103,0.208359
7,104,0.049912
7,105,0.120070
7,106,0.155045
7,107,0.196373
7,108,0.201519
7,109,0.204718
7,110,0.136771
7,111,0.138468
7,112,0.111940
7,113,0.143180
7,114,0.043679
7,115,0.058267
7,116,0.096669
7,117,0.066437
7,118,-0.011910
7,119,0.069237
7,120,0.062844
7,121,0.117555
7,122,0.096910
7,123,0.129911
7,124,0.176749
7,125,0.207173
7,126,0.176540
7,127,0.109055
7,128,0.098551
7,129,-0.013287
7,130,-0.026887
7,131,-0.040418
7,132,0.026160
8,1,0.242999
8,2,0.306278
8,3,0.607362
8,4,0.385325
8,5,0.349860
8,6,0.352688
8,7,0.789430
8,8,1.000000
8,9,0.446337
8,10,0.186290
8,11,0.203254
8,12,0.360242
8,13,0.507898
8,14,0.582645
8,15,0.509505
8,16,0.411848
8,17,0.316389
8,18,0.082148
8,19,-0.028982
8,20,0.029893
8,21,0.047208
8,22,0.043426
8,23,0.137023
8,24,0.142879
8,25,0.161475
8,26,0.131702
8,27,0.079954
8,28,0.087421
8,29,0.140743
8,30,0.206581
8,31,0.206536
8,32,0.241478
8,33,0.299293
8,34,0.265038
8,35,0.180893
8,36,0.324724
8,37,0.200432
8,38,0.150466
8,39,0.162368
8,40,0.179573
8,41,0.155985
8,42,0.150485
8,43,0.136412
8,44,0.035386
8,45,0.064517
8,46,0.124568
8,47,0.071540
8,48,0.090474
8,49,0.087573
8,50,0.076656
8,51,0.076713
8,52,0.063577
8,53,0.131123
8,54,0.077650
8,55,0.071356
8,56,0.107957
8,57,0.176178
8,58,0.107484
8,59,0.100355
8,60,0.076402
8,61,0.098498
8,62,0.089481
8,63,0.118146
8,64,0.112988
8,65,0.149784
8,66,0.168403
8,67,0.144145
8,68,0.139361
8,69,0.129281
8,70,0.147608
8,71,0.152543
8,72,0.174292
8,73,0.144816
8,74,0.202496
8,75,0.013872
8,76,0.153817
8,77,0.157104
8,78,0.174520
8,79,0.145402
8,80,0.044455
8,81,0.013476
8,82,-0.024663
8,83,0.073295
8,84,0.076514
8,85,0.073766
8,86,0.103955
8,87,0.052228
8,88,0.098454
8,89,0.087562
8,90,0.114035
8,91,0.050986
8,92,0.064252
8,93,0.048545
8,94,0.009770
8,95,0.056978
8,96,0.141615
8,97,0.166084
8,98,0.159815
8,99,0.238347
8,100,0.218469
8,101,0.195773
8,102,0.207965
8,103,0.215221
8,104,0.059126
8,105,0.148582
8,106,0.166102
8,107,0.174540
8,108,0.180474
8,109,0.175544
8,110,0.112378
8,111,0.121522
8,112,0.101715
8,113,0.139592
8,114,0.044706
8,115,0.060569
8,116,0.108439
8,117,0.118887
8,118,0.047143
8,119,0.094584
8,120,0.088459
8,121,0.132556
8,122,0.106041
8,123,0.111994
8,124,0.163482
8,125,0.193440
8,126,0.183455
8,127,0.117735
8,128,0.110735
8,129,0.000101
8,130,-0.016370
8,131,-0.038729
8,132,-0.026143
9,1,0.254150
9,2,0.379221
9,3,0.344929
9,4,0.211246
9,5,0.185063
9,6,0.143644
9,7,0.309127
9,8,0.446337
9,9,1.000000
9,10,0.012202
9,11,0.043028
9,12,0.581586
9,13,0.499526
9,14,0.444485
9,15,0.246649
9,16,0.130115
9,17,0.226760
9,18,0.098647
9,19,-0.004093
9,20,-0.026248
9,21,0.094142
9,22,0.122761
9,23,0.167568
9,24,0.152448
9,25,0.193645
9,26,0.182106
9,27,0.128271
9,28,0.053821
9,29,0.130513
9,30,0.135234
9,31,0.118359
9,32,0.156516
9,33,0.197924
9,34,0.296270
9,35,0.186571
9,36,0.326160
9,37,0.235815
9,38,0.167118
9,39,0.194024
9,40,0.211478
9,41,0.154868
9,42,0.158493
9,43,0.109757
9,44,0.038663
9,45,0.109027
9,46,0.131017
9,47,0.057312
9,48,0.089605
9,49,0.095017
9,50,0.050322
9,51,0.082415
9,52,0.064973
9,53,0.125974
9,54,0.088920
9,55,0.060846
9,56,0.099198
9,57,0.164986
9,58,0.147897
9,59,0.122023
9,60,0.121057
9,61,0.162144
9,62,0.155911
9,63,0.133376
9,64,0.172078
9,65,0.176350
9,66,0.216528
9,67,0.129547
9,68,0.137310
9,69,0.184156
9,70,0.193208
9,71,0.213349
9,72,0.215685
9,73,0.138425
9,74,0.115534
9,75,-0.029798
9,76,0.064420
9,77,0.118062
9,78,0.138683
9,79,0.092794
9,80,0.010988
9,81,0.022355
9,82,-0.012411
9,83,0.049228
9,84,0.022334
9,85,0.017465
9,86,0.065905
9,87,0.086082
9,88,0.049778
9,89,0.055307
9,90,0.073863
9,91,0.008136
9,92,0.026712
9,93,0.024615
9,94,-0.009196
9,95,0.028992
9,96,0.068565
9,97,0.115069
9,98,0.129320
9,99,0.156811
9,100,0.146659
9,101,0.177195
9,102,0.163275
9,103,0.133111
9,104,0.024859
9,105,0.096189
9,106,0.093443
9,107,0.101526
9,108,0.122468
9,109,0.094594
9,110,0.067708
9,111,0.097453
9,112,0.096489
9,113,0.128262
9,114,0.062444
9,115,0.057125
9,116,0.085332
9,117,0.121109
9,118,0.059071
9,119,0.069633
9,120,0.065945
9,121,0.099076
9,122,0.067639
9,123,0.077519
9,124,0.142493
9,125,0.161664
9,126,0.138304
9,127,0.083032
9,128,0.041739
9,129,-0.028804
9,130,-0.062001
9,131,-0.068975
9,132,-0.075440
10,1,0.057671
10,2,0.042910
10,3,0.159225
10,4,0.142647
10,5,0.191027
10,6,0.245057
10,7,0.230897
10,8,0.186290
10,9,0.012202
10,10,1.000000
10,11,0.657745
10,12,0.049366
10,13,0.130950
10,14,0.117007
10,15,0.165885
10,16,0.181676
10,17,0.220857
10,18,-0.017391
10,19,0.067626
10,20,0.142039
10,21,0.172745
10,22,0.071257
10,23,0.183207
10,24,0.233022
10,25,0.266038
10,26,0.221309
10,27,0.245478
10,28,0.103789
10,29,0.206846
10,30,0.122348
10,31,0.118089
10,32,0.183095
10,33,0.122165
10,34,0.095797
10,35,0.187697
10,36,0.192343
10,37,0.181252
10,38,0.166937
10,39,0.190027
10,40,0.246489
10,41,0.185234
10,42,-0.004043
10,43,0.017519
10,44,-0.017504
10,45,0.032805
10,46,0.223846
10,47,0.149146
10,48,0.255626
10,49,0.176362
10,50,0.149824
10,51,0.155348
10,52,0.088634
10,53,0.171347
10,54,0.118483
10,55,0.080391
10,56,0.103583
10,57,0.105107
10,58,0.087695
10,59,0.041577
10,60,0.002576
10,61,0.034852
10,62,0.077083
10,63,0.172366
10,64,0.184230
10,65,0.270294
10,66,0.244598
10,67,0.130946
10,68,0.253632
10,69,0.297312
10,70,0.302021
10,71,0.265468
10,72,0.269062
10,73,0.242952
10,74,0.208895
10,75,0.186145
10,76,0.080413
10,77,0.077588
10,78,0.120641
10,79,0.075659
10,80,0.030386
10,81,0.000242
10,82,0.084389
10,83,0.148876
10,84,0.109890
10,85,0.053004
10,86,-0.006923
10,87,0.011406
10,88,0.073568
10,89,-0.015142
10,90,0.025358
10,91,0.073561
10,92,0.107709
10,93,0.014895
10,94,0.019539
10,95,0.083284
10,96,0.114920
10,97,0.083397
10,98,0.110447
10,99,0.162425
10,100,0.101130
10,101,0.143496
10,102,0.159014
10,103,0.150727
10,104,-0.046094
10,105,-0.020400
10,106,0.048380
10,107,0.097007
10,108,0.125247
10,109,0.142722
10,110,0.157838
10,111,0.217472
10,112,0.189731
10,113,0.194855
10,114,0.090010
10,115,0.087548
10,116,0.121893
10,117,0.103351
10,118,0.014255
10,119,0.092419
10,120,0.111782
10,121,0.154415
10,122,0.151269
10,123,0.174082
10,124,0.169453
10,125,0.164127
10,126,0.148812
10,127,0.104053
10,128,0.086739
10,129,0.083345
10,130,0.086250
10,131,0.058664
10,132,0.040040
11,1,0.008392
11,2,0.000945
11,3,0.173863
11,4,0.196287
11,5,0.183219
11,6,0.249415
11,7,0.276760
11,8,0.203254
11,9,0.043028
11,10,0.657745
11,11,1.000000
11,12,0.113811
11,13,0.164166
11,14,0.119791
11,15,0.190423
11,16,0.196019
11,17,0.209381
11,18,-0.049699
11,19,-0.027779
11,20,0.007178
11,21,0.033091
11,22,0.103001
11,23,0.201334
11,24,0.232092
11,25,0.226309
11,26,0.180321
11,27,0.141419
11,28,0.059438
11,29,0.119685
11,30,0.074435
11,31,0.066068
11,32,0.086941
11,33,0.098528
11,34,0.106655
11,35,0.147372
11,36,0.187400
11,37,0.114955
11,38,0.046976
11,39,0.146533
11,40,0.173676
11,41,0.146580
11,42,0.055442
11,43,0.021943
11,44,-0.034574
11,45,0.060714
11,46,0.176264
11,47,0.100057
11,48,0.212409
11,49,0.166356
11,50,0.129911
11,51,0.180826
11,52,0.128907
11,53,0.201729
11,54,0.147469
11,55,0.118321
11,56,0.144744
11,57,0.152966
11,58,0.112905
11,59,0.065401
11,60,0.005274
11,61,0.018879
11,62,0.061413
11,63,0.126849
11,64,0.124639
11,65,0.214047
11,66,0.213485
11,67,0.130148
11,68,0.217197
11,69,0.225243
11,70,0.236718
11,71,0.219230
11,72,0.189033
11,73,0.173081
11,74,0.136838
11,75,0.074453
11,76,0.107459
11,77,0.064082
11,78,0.119404
11,79,0.053271
11,80,-0.003142
11,81,-0.007307
11,82,0.049856
11,83,0.139299
11,84,0.116029
11,85,0.071878
11,86,0.050370
11,87,-0.026647
11,88,0.079742
11,89,0.001954
11,90,0.033987
11,91,0.065072
11,92,0.068598
11,93,-0.007428
11,94,-0.011677
11,95,0.050135
11,96,0.074028
11,97,0.071122
11,98,0.091491
11,99,0.147026
11,100,0.112837
11,101,0.137525
11,102,0.130174
11,103,0.183980
11,104,-0.076686
11,105,0.012157
11,106,0.065874
11,107,0.111401
11,108,0.186011
11,109,0.164699
11,110,0.153148
11,111,0.196548
11,112,0.170563
11,113,0.200385
11,114,0.096803
11,115,0.095901
11,116,0.114658
11,117,0.099113
11,118,0.020278
11,119,0.050222
11,120,0.088909
11,121,0.142425
11,122,0.158439
11,123,0.168942
11,124,0.201897
11,125,0.196638
11,126,0.154083
11,127,0.117292
11,128,0.105615
11,129,0.044152
11,130,0.040675
11,131,0.013049
11,132,0.019748
12,1,0.138453
12,2,0.204940
12,3,0.324028
12,4,0.206052
12,5,0.117231
12,6,0.109995
12,7,0.280379
12,8,0.360242
12,9,0.581586
12,10,0.049366
12,11,0.113811
12,12,1.000000
12,13,0.720468
12,14,0.446719
12,15,0.199656
12,16,0.073233
12,17,0.222030
12,18,0.086275
12,19,-0.047836
12,20,-0.034891
12,21,0.120299
12,22,0.109790
12,23,0.148616
12,24,0.145683
12,25,0.182093
12,26,0.166063
12,27,0.084062
12,28,0.070221
12,29,0.138975
12,30,0.107810
12,31,0.102388
12,32,0.085869
12,33,0.161050
12,34,0.402234
12,35,0.363290
12,36,0.479127
12,37,0.300010
12,38,0.237249
12,39,0.162061
12,40,0.207644
12,41,0.137109
12,42,0.144777
12,43,0.108567
12,44,-0.011459
12,45,0.094700
12,46,0.193483
12,47,0.100691
12,48,0.121914
12,49,0.126135
12,50,0.046219
12,51,0.090075
12,52,0.038755
12,53,0.104626
12,54,0.063508
12,55,0.067527
12,56,0.075211
12,57,0.137040
12,58,0.127686
12,59,0.107286
12,60,0.110846
12,61,0.150319
12,62,0.130678
12,63,0.115484
12,64,0.147287
12,65,0.160905
12,66,0.206896
12,67,0.146117
12,68,0.157794
12,69,0.158550
12,70,0.175483
12,71,0.195729
12,72,0.191960
12,73,0.101608
12,74,0.059904
12,75,-0.059606
12,76,0.076998
12,77,0.136143
12,78,0.139468
12,79,0.050787
12,80,-0.015821
12,81,0.005440
12,82,-0.027927
12,83,0.030343
12,84,0.016417
12,85,0.012449
12,86,0.057912
12,87,0.061114
12,88,-0.013626
12,89,0.024015
12,90,0.023380
12,91,-0.027345
12,92,-0.020769
12,93,-0.001939
12,94,-0.039450
12,95,-0.000709
12,96,0.057648
12,97,0.133314
12,98,0.157769
12,99,0.174712
12,100,0.145807
12,101,0.172693
12,102,0.163131
12,103,0.115299
12,104,0.043954
12,105,0.075937
12,106,0.076877
12,107,0.070742
12,108,0.126975
12,109,0.088429
12,110,0.060927
12,111,0.080563
12,112,0.082098
12,113,0.130542
12,114,0.040269
12,115,0.039474
12,116,0.086880
12,117,0.110773
12,118,0.023532
12,119,0.063003
12,120,0.059564
12,121,0.100091
12,122,0.050304
12,123,0.064734
12,124,0.158024
12,125,0.143786
12,126,0.086472
12,127,0.023952
12,128,-0.009548
12,129,-0.069486
12,130,-0.076677
12,131,-0.050938
12,132,-0.074230
13,1,0.160881
13,2,0.187854
13,3,0.383610
13,4,0.213678
13,5,0.085241
13,6,0.100278
13,7,0.435049
13,8,0.507898
13,9,0.499526
13,10,0.130950
13,11,0.164166
13,12,0.720468
13,13,1.000000
13,14,0.724355
13,15,0.380752
13,16,0.143933
13,17,0.197531
13,18,0.139985
13,19,-0.036538
13,20,0.010123
13,21,0.094430
13,22,0.086901
13,23,0.149477
13,24,0.138679
13,25,0.164836
13,26,0.131514
13,27,0.086845
13,28,0.088210
13,29,0.110092
13,30,0.137099
13,31,0.147759
13,32,0.161124
13,33,0.254054
13,34,0.444964
13,35,0.360840
13,36,0.480028
13,37,0.230807
13,38,0.200912
13,39,0.123036
13,40,0.168077
13,41,0.127421
13,42,0.137970
13,43,0.091630
13,44,0.015024
13,45,0.089809
13,46,0.165726
13,47,0.092011
13,48,0.126636
13,49,0.123653
13,50,0.059732
13,51,0.078007
13,52,0.052792
13,53,0.119393
13,54,0.075337
13,55,0.079955
13,56,0.105227
13,57,0.170208
13,58,0.136102
13,59,0.120558
13,60,0.094862
13,61,0.126176
13,62,0.109917
13,63,0.103035
13,64,0.120955
13,65,0.137077
13,66,0.176965
13,67,0.172122
13,68,0.151587
13,69,0.137711
13,70,0.149517
13,71,0.150522
13,72,0.163558
13,73,0.103593
13,74,0.105295
13,75,-0.048219
13,76,0.097693
13,77,0.142739
13,78,0.144426
13,79,0.098372
13,80,0.045973
13,81,0.023213
13,82,-0.028730
13,83,0.047360
13,84,0.039007
13,85,0.023633
13,86,0.059845
13,87,0.087253
13,88,0.049989
13,89,0.070498
13,90,0.054414
13,91,0.001787
13,92,0.026003
13,93,0.038350
13,94,-0.008015
13,95,0.031184
13,96,0.091906
13,97,0.155080
13,98,0.149553
13,99,0.184990
13,100,0.152369
13,101,0.146724
13,102,0.142564
13,103,0.103605
13,104,0.042469
13,105,0.124252
13,106,0.105164
13,107,0.113480
13,108,0.122908
13,109,0.083930
13,110,0.044757
13,111,0.070291
13,112,0.068154
13,113,0.131178
13,114,0.048428
13,115,0.041331
13,116,0.071397
13,117,0.087348
13,118,0.029724
13,119,0.055997
13,120,0.051958
13,121,0.092944
13,122,0.054879
13,123,0.057292
13,124,0.172769
13,125,0.172837
13,126,0.127215
13,127,0.058107
13,128,0.027377
13,129,-0.071955
13,130,-0.078670
13,131,-0.084400
13,132,-0.110781
14,1,0.203462
14,2,0.210744
14,3,0.324487
14,4,0.163019
14,5,0.109540
14,6,0.110861
14,7,0.496662
14,8,0.582645
14,9,0.444485
14,10,0.117007
14,11,0.119791
14,12,0.446719
14,13,0.724355
14,14,1.000000
14,15,0.626684
14,16,0.304489
14,17,0.191942
14,18,0.143972
14,19,-0.015421
14,20,0.019057
14,21,0.048413
14,22,0.089746
14,23,0.148734
14,24,0.122651
14,25,0.148856
14,26,0.124604
14,27,0.081892
14,28,0.108870
14,29,0.118954
14,30,0.246609
14,31,0.240644
14,32,0.271640
14,33,0.438240
14,34,0.466194
14,35,0.202428
14,36,0.307669
14,37,0.148371
14,38,0.137691
14,39,0.129439
14,40,0.148925
14,41,0.145036
14,42,0.182505
14,43,0.138639
14,44,0.091162
14,45,0.105677
14,46,0.137939
14,47,0.069360
14,48,0.102011
14,49,0.112377
14,50,0.055392
14,51,0.073052
14,52,0.070455
14,53,0.143430
14,54,0.120239
14,55,0.114344
14,56,0.164507
14,57,0.216558
14,58,0.184863
14,59,0.172422
14,60,0.128085
14,61,0.149957
14,62,0.131342
14,63,0.115843
14,64,0.135546
14,65,0.131930
14,66,0.166888
14,67,0.186839
14,68,0.134857
14,69,0.127920
14,70,0.147468
14,71,0.151291
14,72,0.177596
14,73,0.121269
14,74,0.167051
14,75,-0.043994
14,76,0.065035
14,77,0.126298
14,78,0.121433
14,79,0.161495
14,80,0.088558
14,81,0.084059
14,82,-0.008889
14,83,0.068240
14,84,0.058998
14,85,0.065499
14,86,0.071557
14,87,0.104946
14,88,0.078539
14,89,0.125045
14,90,0.119769
14,91,0.057224
14,92,0.088524
14,93,0.092132
14,94,0.041074
14,95,0.058452
14,96,0.137544
14,97,0.178165
14,98,0.139642
14,99,0.187399
14,100,0.179542
14,101,0.157859
14,102,0.151801
14,103,0.139336
14,104,0.077098
14,105,0.160628
14,106,0.149330
14,107,0.149349
14,108,0.121288
14,109,0.102328
14,110,0.059499
14,111,0.084772
14,112,0.079194
14,113,0.132844
14,114,0.050512
14,115,0.052565
14,116,0.080926
14,117,0.084075
14,118,0.033773
14,119,0.072746
14,120,0.056927
14,121,0.103403
14,122,0.065463
14,123,0.062466
14,124,0.165578
14,125,0.196272
14,126,0.149240
14,127,0.095164
14,128,0.064652
14,129,-0.037128
14,130,-0.059032
14,131,-0.057605
14,132,-0.074067
15,1,0.132163
15,2,0.111302
15,3,0.322485
15,4,0.244986
15,5,0.231370
15,6,0.323717
15,7,0.566542
15,8,0.509505
15,9,0.246649
15,10,0.165885
15,11,0.190423
15,12,0.199656
15,13,0.380752
15,14,0.626684
15,15,1.000000
15,16,0.588193
15,17,0.267899
15,18,0.151636
15,19,0.021051
15,20,0.051080
15,21,-0.022576
15,22,0.027036
15,23,0.128389
15,24,0.094636
15,25,0.113090
15,26,0.090552
15,27,0.072481
15,28,0.119329
15,29,0.119886
15,30,0.283167
15,31,0.241141
15,32,0.323119
15,33,0.532889
15,34,0.322645
15,35,0.123281
15,36,0.180831
15,37,0.078810
15,38,0.063895
15,39,0.092831
15,40,0.110948
15,41,0.149572
15,42,0.118775
15,43,0.102560
15,44,0.062807
15,45,0.064767
15,46,0.106039
15,47,0.061730
15,48,0.093053
15,49,0.092905
15,50,0.081771
15,51,0.066327
15,52,0.084563
15,53,0.143023
15,54,0.107500
15,55,0.098664
15,56,0.163701
15,57,0.193014
15,58,0.154324
15,59,0.145422
15,60,0.089409
15,61,0.099349
15,62,0.091604
15,63,0.086574
15,64,0.119493
15,65,0.098575
15,66,0.111490
15,67,0.138692
15,68,0.108534
15,69,0.092665
15,70,0.110306
15,71,0.100026
15,72,0.130053
15,73,0.164213
15,74,0.234663
15,75,0.007263
15,76,0.091777
15,77,0.054600
15,78,0.063277
15,79,0.180378
15,80,0.082646
15,81,0.060058
15,82,0.015690
15,83,0.122995
15,84,0.119007
15,85,0.096631
15,86,0.100162
15,87,0.061930
15,88,0.080590
15,89,0.105754
15,90,0.133930
15,91,0.082421
15,92,0.114535
15,93,0.092812
15,94,0.053043
15,95,0.063326
15,96,0.123586
15,97,0.139205
15,98,0.099318
15,99,0.152140
15,100,0.149492
15,101,0.132186
15,102,0.117219
15,103,0.131494
15,104,0.045466
15,105,0.167769
15,106,0.191260
15,107,0.213317
15,108,0.164600
15,109,0.172398
15,110,0.124668
15,111,0.141608
15,112,0.122645
15,113,0.153241
15,114,0.091159
15,115,0.108478
15,116,0.107983
15,117,0.065685
15,118,0.029132
15,119,0.057773
15,120,0.054328
15,121,0.077516
15,122,0.074801
15,123,0.095054
15,124,0.178559
15,125,0.212279
15,126,0.148324
15,127,0.100181
15,128,0.101279
15,129,0.006381
15,130,-0.001823
15,131,-0.017568
15,132,0.023560
16,1,0.137438
16,2,0.107699
16,3,0.293412
16,4,0.259466
16,5,0.356831
16,6,0.522628
16,7,0.492957
16,8,0.411848
16,9,0.130115
16,10,0.181676
16,11,0.196019
16,12,0.073233
16,13,0.143933
16,14,0.304489
16,15,0.588193
16,16,1.000000
16,17,0.585166
16,18,0.007530
16,19,0.012169
16,20,0.094970
16,21,0.005192
16,22,0.004457
16,23,0.048136
16,24,0.043676
16,25,0.058075
16,26,0.056308
16,27,0.080126
16,28,0.175488
16,29,0.184580
16,30,0.241912
16,31,0.193578
16,32,0.316960
16,33,0.403298
16,34,0.166127
16,35,0.081075
16,36,0.119327
16,37,0.106077
16,38,0.106730
16,39,0.127386
16,40,0.147697
16,41,0.130315
16,42,0.065367
16,43,0.114654
16,44,0.056709
16,45,0.027406
16,46,0.053451
16,47,0.054296
16,48,0.054543
16,49,0.036755
16,50,0.042715
16,51,0.027797
16,52,0.047149
16,53,0.090021
16,54,0.092316
16,55,0.049930
16,56,0.158709
16,57,0.178432
16,58,0.116863
16,59,0.096098
16,60,0.058448
16,61,0.055434
16,62,0.060129
16,63,0.098060
16,64,0.100433
16,65,0.140286
16,66,0.091370
16,67,0.088512
16,68,0.048016
16,69,0.075268
16,70,0.093709
16,71,0.087105
16,72,0.119144
16,73,0.142333
16,74,0.212061
16,75,0.080335
16,76,0.084528
16,77,0.092724
16,78,0.138207
16,79,0.146103
16,80,0.078633
16,81,0.005574
16,82,0.044156
16,83,0.122794
16,84,0.154075
16,85,0.140240
16,86,0.074294
16,87,-0.020388
16,88,0.139657
16,89,0.072744
16,90,0.141801
16,91,0.091968
16,92,0.105241
16,93,0.052789
16,94,0.015059
16,95,0.033115
16,96,0.073855
16,97,0.082508
16,98,0.081287
16,99,0.132282
16,100,0.124240
16,101,0.134384
16,102,0.136964
16,103,0.142073
16,104,0.052230
16,105,0.101580
16,106,0.124718
16,107,0.134088
16,108,0.107890
16,109,0.159204
16,110,0.140360
16,111,0.110913
16,112,0.094730
16,113,0.111634
16,114,0.053403
16,115,0.085474
16,116,0.106555
16,117,0.077319
16,118,0.039169
16,119,0.083729
16,120,0.056673
16,121,0.076719
16,122,0.059237
16,123,0.079647
16,124,0.131552
16,125,0.148396
16,126,0.151251
16,127,0.134388
16,128,0.140943
16,129,0.046113
16,130,0.035311
16,131,0.003398
16,132,0.141244
17,1,0.114764
17,2,0.146439
17,3,0.333270
17,4,0.302209
17,5,0.421298
17,6,0.538659
17,7,0.370883
17,8,0.316389
17,9,0.226760
17,10,0.220857
17,11,0.209381
17,12,0.222030
17,13,0.197531
17,14,0.191942
17,15,0.267899
17,16,0.585166
17,17,1.000000
17,18,-0.002411
17,19,-0.024909
17,20,0.044088
17,21,0.170311
17,22,0.067970
17,23,0.074605
17,24,0.091356
17,25,0.115723
17,26,0.096133
17,27,0.102601
17,28,0.069705
17,29,0.216746
17,30,0.151687
17,31,0.138773
17,32,0.233401
17,33,0.208958
17,34,0.125892
17,35,0.148676
17,36,0.222394
17,37,0.222547
17,38,0.178095
17,39,0.206681
17,40,0.227343
17,41,0.132632
17,42,0.015078
17,43,0.056340
17,44,-0.053824
17,45,0.020031
17,46,0.149131
17,47,0.086513
17,48,0.092929
17,49,0.058785
17,50,0.015332
17,51,0.038781
17,52,0.026331
17,53,0.087354
17,54,0.076882
17,55,0.045198
17,56,0.138591
17,57,0.179173
17,58,0.148103
17,59,0.107623
17,60,0.077676
17,61,0.078662
17,62,0.052997
17,63,0.115092
17,64,0.125468
17,65,0.173949
17,66,0.141365
17,67,0.060852
17,68,0.088775
17,69,0.119964
17,70,0.160521
17,71,0.174830
17,72,0.192142
17,73,0.156337
17,74,0.132951
17,75,0.072170
17,76,0.127830
17,77,0.179471
17,78,0.260321
17,79,0.063256
17,80,0.033421
17,81,-0.039522
17,82,0.050791
17,83,0.137158
17,84,0.116866
17,85,0.071047
17,86,0.041784
17,87,-0.025029
17,88,0.111515
17,89,0.001502
17,90,0.091968
17,91,0.030147
17,92,0.038849
17,93,-0.000428
17,94,-0.056313
17,95,0.018744
17,96,0.077353
17,97,0.087905
17,98,0.121501
17,99,0.150402
17,100,0.105991
17,101,0.141263
17,102,0.165414
17,103,0.128590
17,104,-0.039622
17,105,0.002169
17,106,0.040434
17,107,0.078821
17,108,0.094924
17,109,0.138655
17,110,0.149271
17,111,0.162563
17,112,0.144315
17,113,0.142587
17,114,0.019684
17,115,0.031517
17,116,0.049207
17,117,0.052144
17,118,-0.037346
17,119,0.051493
17,120,0.027979
17,121,0.081998
17,122,0.056680
17,123,0.086174
17,124,0.162025
17,125,0.161254
17,126,0.138267
17,127,0.070729
17,128,0.063399
17,129,-0.019988
17,130,-0.024878
17,131,-0.051719
17,132,0.109594
18,1,0.002566
18,2,0.090269
18,3,0.060009
18,4,-0.006320
18,5,-0.065879
18,6,-0.018013
18,7,0.045757
18,8,0.082148
18,9,0.098647
18,10,-0.017391
18,11,-0.049699
18,12,0.086275
18,13,0.139985
18,14,0.143972
18,15,0.151636
18,16,0.007530
18,17,-0.002411
18,18,1.000000
18,19,0.544837
18,20,0.365967
18,21,0.185341
18,22,0.030947
18,23,0.017886
18,24,0.009063
18,25,0.000911
18,26,-0.027148
18,27,-0.029103
18,28,-0.005474
18,29,-0.036934
18,30,0.056102
18,31,0.158072
18,32,0.235507
18,33,0.112877
18,34,0.047962
18,35,0.027890
18,36,0.045126
18,37,0.001269
18,38,-0.024346
18,39,-0.052982
18,40,-0.011886
18,41,-0.000850
18,42,-0.015559
18,43,0.000296
18,44,0.041671
18,45,0.138623
18,46,0.037824
18,47,-0.016942
18,48,0.047093
18,49,0.034852
18,50,0.031838
18,51,0.016179
18,52,0.043284
18,53,0.099974
18,54,0.078552
18,55,0.134494
18,56,0.097408
18,57,0.078130
18,58,0.064590
18,59,0.072605
18,60,-0.003573
18,61,0.027873
18,62,0.036174
18,63,-0.058790
18,64,-0.001448
18,65,-0.065561
18,66,-0.065042
18,67,0.100163
18,68,0.037717
18,69,-0.042360
18,70,-0.049522
18,71,-0.036795
18,72,-0.011984
18,73,-0.022236
18,74,0.078211
18,75,0.039151
18,76,0.183002
18,77,0.108430
18,78,0.061363
18,79,0.168922
18,80,0.137869
18,81,0.120549
18,82,0.075070
18,83,0.109109
18,84,0.075944
18,85,0.059980
18,86,0.068959
18,87,0.058903
18,88,-0.012003
18,89,0.041118
18,90,0.021788
18,91,-0.049378
18,92,0.035305
18,93,0.062895
18,94,0.061500
18,95,0.014413
18,96,0.068565
18,97,0.076445
18,98,0.011641
18,99,0.002155
18,100,-0.012273
18,101,-0.018228
18,102,-0.019542
18,103,-0.100241
18,104,-0.039488
18,105,0.192089
18,106,0.204517
18,107,0.232260
18,108,0.117545
18,109,0.118397
18,110,0.021150
18,111,0.099976
18,112,0.085100
18,113,0.171295
18,114,0.176905
18,115,0.172056
18,116,0.112353
18,117,0.086311
18,118,0.180831
18,119,0.013954
18,120,0.001584
18,121,-0.024022
18,122,-0.012715
18,123,0.038577
18,124,0.115972
18,125,0.114660
18,126,-0.017846
18,127,-0.010935
18,128,0.011706
18,129,0.048509
18,130,0.077496
18,131,0.041665
18,132,-0.123514
19,1,-0.001401
19,2,-0.020658
19,3,-0.049186
19,4,-0.088839
19,5,-0.022584
19,6,-0.000934
19,7,-0.053796
19,8,-0.028982
19,9,-0.004093
19,10,0.067626
19,11,-0.027779
19,12,-0.047836
19,13,-0.036538
19,14,-0.015421
19,15,0.021051
19,16,0.012169
19,17,-0.024909
19,18,0.544837
19,19,1.000000
19,20,0.452166
19,21,0.240842
19,22,-0.011136
19,23,-0.015058
19,24,0.004186
19,25,0.018877
19,26,-0.001882
19,27,0.071444
19,28,0.058017
19,29,0.115598
19,30,0.069892
19,31,0.110048
19,32,0.290803
19,33,0.037742
19,34,-0.044096
19,35,0.004304
19,36,-0.034915
19,37,0.066690
19,38,0.061618
19,39,-0.011341
19,40,0.051851
19,41,0.003752
19,42,-0.124883
19,43,-0.069235
19,44,-0.022729
19,45,0.060314
19,46,0.011052
19,47,-0.017407
19,48,0.017367
19,49,-0.021472
19,50,-0.006765
19,51,-0.012812
19,52,-0.005614
19,53,0.020556
19,54,0.032895
19,55,0.002596
19,56,-0.001724
19,57,-0.045556
19,58,-0.010950
19,59,0.013967
19,60,-0.005108
19,61,0.056256
19,62,0.048175
19,63,0.032575
19,64,0.065739
19,65,0.053598
19,66,-0.017494
19,67,0.098416
19,68,0.029867
19,69,0.033614
19,70,0.023476
19,71,0.010397
19,72,0.080973
19,73,0.116230
19,74,0.148939
19,75,0.300595
19,76,0.197668
19,77,0.056247
19,78,0.080178
19,79,0.057223
19,80,0.105058
19,81,0.119717
19,82,0.148518
19,83,0.094520
19,84,0.054808
19,85,0.006724
19,86,-0.029909
19,87,-0.036403
19,88,-0.014739
19,89,-0.028003
19,90,0.028709
19,91,0.002936
19,92,0.053631
19,93,0.075245
19,94,0.061224
19,95,0.003713
19,96,0.016720
19,97,0.014439
19,98,-0.005259
19,99,-0.009229
19,100,-0.040039
19,101,0.007271
19,102,0.002862
19,103,-0.055477
19,104,-0.001606
19,105,0.037976
19,106,0.047250
19,107,0.035592
19,108,0.022086
19,109,0.021072
19,110,0.001774
19,111,0.026842
19,112,0.034596
19,113,0.044909
19,114,0.064469
19,115,0.075266
19,116,0.055217
19,117,0.015310
19,118,0.055616
19,119,0.071935
19,120,0.055050
19,121,-0.011730
19,122,0.011331
19,123,0.037772
19,124,0.051431
19,125,0.009204
19,126,-0.012100
19,127,-0.045594
19,128,-0.038329
19,129,0.113791
19,130,0.167974
19,131,0.185922
19,132,-0.025845
20,1,-0.012665
20,2,-0.028583
20,3,0.018079
20,4,-0.046728
20,5,0.050602
20,6,0.076108
20,7,0.031338
20,8,0.029893
20,9,-0.026248
20,10,0.142039
20,11,0.007178
20,12,-0.034891
20,13,0.010123
20,14,0.019057
20,15,0.051080
20,16,0.094970
20,17,0.044088
20,18,0.365967
20,19,0.452166
20,20,1.000000
20,21,0.592889
20,22,0.035828
20,23,0.026037
20,24,0.064578
20,25,0.092297
20,26,0.054853
20,27,0.134183
20,28,0.084526
20,29,0.223731
20,30,0.068113
20,31,0.067035
20,32,0.228341
20,33,0.079553
20,34,0.002853
20,35,0.062541
20,36,0.048118
20,37,0.161712
20,38,0.166199
20,39,0.124369
20,40,0.148460
20,41,0.121593
20,42,-0.034370
20,43,0.025085
20,44,0.035396
20,45,0.118975
20,46,0.089144
20,47,0.046539
20,48,0.066508
20,49,0.029587
20,50,0.005735
20,51,0.005059
20,52,0.038408
20,53,0.057444
20,54,0.083234
20,55,0.072132
20,56,0.106543
20,57,0.053066
20,58,0.074042
20,59,0.047000
20,60,0.044071
20,61,0.061189
20,62,0.067265
20,63,0.124328
20,64,0.122807
20,65,0.168440
20,66,0.112499
20,67,0.117372
20,68,0.104167
20,69,0.128896
20,70,0.140084
20,71,0.104506
20,72,0.128697
20,73,0.134949
20,74,0.210658
20,75,0.319698
20,76,0.181887
20,77,0.157742
20,78,0.151857
20,79,0.099397
20,80,0.136092
20,81,0.108540
20,82,0.151590
20,83,0.124451
20,84,0.100742
20,85,0.067812
20,86,0.013927
20,87,-0.011805
20,88,0.145587
20,89,0.070402
20,90,0.054128
20,91,0.021143
20,92,0.053408
20,93,0.037510
20,94,0.010946
20,95,0.005179
20,96,0.020310
20,97,0.029656
20,98,0.038468
20,99,0.044588
20,100,0.005298
20,101,0.062248
20,102,0.052801
20,103,0.009675
20,104,-0.045331
20,105,0.037651
20,106,0.092973
20,107,0.096639
20,108,0.052295
20,109,0.091728
20,110,0.056033
20,111,0.068925
20,112,0.082949
20,113,0.127242
20,114,0.151559
20,115,0.156651
20,116,0.131728
20,117,0.124810
20,118,0.217714
20,119,0.045738
20,120,0.022302
20,121,0.037366
20,122,0.048680
20,123,0.052790
20,124,0.045434
20,125,0.050576
20,126,0.056621
20,127,0.085916
20,128,0.086662
20,129,0.038739
20,130,0.039732
20,131,0.021826
20,132,-0.016915
21,1,-0.018146
21,2,0.045809
21,3,0.079273
21,4,0.007884
21,5,0.040885
21,6,0.008636
21,7,0.041977
21,8,0.047208
21,9,0.094142
21,10,0.172745
21,11,0.033091
21,12,0.120299
21,13,0.094430
21,14,0.048413
21,15,-0.022576
21,16,0.005192
21,17,0.170311
21,18,0.185341
21,19,0.240842
21,20,0.592889
21,21,1.000000
21,22,0.204946
21,23,0.109772
21,24,0.147674
21,25,0.182806
21,26,0.154482
21,27,0.186552
21,28,0.031039
21,29,0.258186
21,30,0.047654
21,31,0.057361
21,32,0.187536
21,33,0.019947
21,34,0.072500
21,35,0.110310
21,36,0.148538
21,37,0.266602
21,38,0.247691
21,39,0.251420
21,40,0.238702
21,41,0.154413
21,42,-0.007613
21,43,0.028402
21,44,-0.111646
21,45,0.044527
21,46,0.169210
21,47,0.092438
21,48,0.115556
21,49,0.069184
21,50,0.031953
21,51,0.052559
21,52,0.021617
21,53,0.066145
21,54,0.073461
21,55,0.054212
21,56,0.060652
21,57,0.108490
21,58,0.164886
21,59,0.123879
21,60,0.075243
21,61,0.075558
21,62,0.040752
21,63,0.177721
21,64,0.165296
21,65,0.227929
21,66,0.213972
21,67,0.093804
21,68,0.151674
21,69,0.209053
21,70,0.222880
21,71,0.233464
21,72,0.207936
21,73,0.105198
21,74,0.084169
21,75,0.181322
21,76,0.035371
21,77,0.207875
21,78,0.194791
21,79,0.006296
21,80,0.070164
21,81,0.035867
21,82,0.087628
21,83,0.046834
21,84,-0.004922
21,85,-0.008025
21,86,-0.042809
21,87,0.070585
21,88,0.064736
21,89,0.015241
21,90,0.040676
21,91,-0.031146
21,92,-0.010286
21,93,-0.008740
21,94,-0.075765
21,95,-0.007378
21,96,0.046132
21,97,0.038911
21,98,0.089365
21,99,0.123232
21,100,0.039233
21,101,0.114629
21,102,0.115916
21,103,0.059539
21,104,-0.036752
21,105,-0.089536
21,106,-0.042831
21,107,-0.023716
21,108,-0.013059
21,109,0.019142
21,110,0.021052
21,111,0.040918
21,112,0.043220
21,113,0.054400
21,114,0.039430
21,115,0.036989
21,116,0.059050
21,117,0.081897
21,118,0.027230
21,119,0.010976
21,120,0.023926
21,121,0.100323
21,122,0.063663
21,123,0.047353
21,124,0.061581
21,125,0.053266
21,126,0.079106
21,127,0.070406
21,128,0.035664
21,129,-0.018035
21,130,-0.033048
21,131,-0.032796
21,132,-0.090267
22,1,0.029847
22,2,0.052132
22,3,0.031419
22,4,0.014177
22,5,0.033040
22,6,-0.012242
22,7,0.027843
22,8,0.043426
22,9,0.122761
22,10,0.071257
22,11,0.103001
22,12,0.109790
22,13,0.086901
22,14,0.089746
22,15,0.027036
22,16,0.004457
22,17,0.067970
22,18,0.030947
22,19,-0.011136
22,20,0.035828
22,21,0.204946
22,22,1.000000
22,23,0.375325
22,24,0.237357
22,25,0.191186
22,26,0.163802
22,27,0.097360
22,28,0.017593
22,29,0.031587
22,30,0.035542
22,31,0.058392
22,32,0.082854
22,33,0.054970
22,34,0.069528
22,35,0.029492
22,36,0.041220
22,37,0.031652
22,38,0.028905
22,39,0.076532
22,40,0.059088
22,41,0.006841
22,42,0.091321
22,43,0.048088
22,44,-0.010869
22,45,0.045366
22,46,0.106143
22,47,0.054401
22,48,0.101059
22,49,0.103520
22,50,0.077853
22,51,0.163116
22,52,0.118234
22,53,0.206033
22,54,0.178040
22,55,0.152292
22,56,0.144868
22,57,0.150621
22,58,0.115042
22,59,0.081575
22,60,0.057178
22,61,0.040871
22,62,0.018792
22,63,0.061286
22,64,0.086929
22,65,0.086439
22,66,0.098125
22,67,0.089004
22,68,0.113251
22,69,0.120872
22,70,0.134607
22,71,0.120242
22,72,0.107620
22,73,0.085085
22,74,0.053090
22,75,-0.000609
22,76,0.028833
22,77,0.094895
22,78,0.078893
22,79,0.028969
22,80,0.019273
22,81,-0.002643
22,82,0.019419
22,83,0.045087
22,84,0.037032
22,85,0.026318
22,86,0.022550
22,87,0.040334
22,88,0.062750
22,89,0.083406
22,90,0.021591
22,91,0.037637
22,92,0.009810
22,93,-0.004542
22,94,-0.020033
22,95,0.002862
22,96,0.053131
22,97,0.042368
22,98,0.053600
22,99,0.061179
22,100,0.045220
22,101,0.075696
22,102,0.050978
22,103,0.020177
22,104,0.001872
22,105,0.018430
22,106,0.028245
22,107,0.015826
22,108,0.024429
22,109,0.013863
22,110,0.001462
22,111,0.010782
22,112,0.000772
22,113,0.022455
22,114,0.013716
22,115,0.024616
22,116,0.047231
22,117,0.066628
22,118,0.010162
22,119,-0.011433
22,120,0.011430
22,121,0.041749
22,122,0.035525
22,123,0.016670
22,124,0.062789
22,125,0.050707
22,126,0.091240
22,127,0.077548
22,128,0.014188
22,129,-0.046387
22,130,-0.077339
22,131,-0.056084
22,132,-0.075762
23,1,0.110855
23,2,0.049052
23,3,0.100195
23,4,0.044921
23,5,0.105049
23,6,0.043182
23,7,0.106510
23,8,0.137023
23,9,0.167568
23,10,0.183207
23,11,0.201334
23,12,0.148616
23,13,0.149477
23,14,0.148734
23,15,0.128389
23,16,0.048136
23,17,0.074605
23,18,0.017886
23,19,-0.015058
23,20,0.026037
23,21,0.109772
23,22,0.375325
23,23,1.000000
23,24,0.655175
23,25,0.561651
23,26,0.523737
23,27,0.340722
23,28,0.092916
23,29,0.112669
23,30,0.091406
23,31,0.086807
23,32,0.113435
23,33,0.087726
23,34,0.125523
23,35,0.092602
23,36,0.129306
23,37,0.103909
23,38,0.105607
23,39,0.200099
23,40,0.239088
23,41,0.172609
23,42,0.138372
23,43,0.125616
23,44,-0.045015
23,45,0.045527
23,46,0.231653
23,47,0.119597
23,48,0.264926
23,49,0.198377
23,50,0.173531
23,51,0.261074
23,52,0.201182
23,53,0.312750
23,54,0.265944
23,55,0.235076
23,56,0.221597
23,57,0.228335
23,58,0.171495
23,59,0.142251
23,60,0.059308
23,61,0.050879
23,62,0.112774
23,63,0.204245
23,64,0.273966
23,65,0.314370
23,66,0.300282
23,67,0.246336
23,68,0.321360
23,69,0.366020
23,70,0.415378
23,71,0.394162
23,72,0.305220
23,73,0.192977
23,74,0.122381
23,75,0.045861
23,76,0.064591
23,77,0.063497
23,78,0.073696
23,79,0.017016
23,80,0.007415
23,81,0.015836
23,82,0.039389
23,83,0.041195
23,84,0.011849
23,85,0.013024
23,86,-0.029537
23,87,0.035090
23,88,0.078127
23,89,0.077003
23,90,0.052356
23,91,0.064906
23,92,0.054269
23,93,0.023339
23,94,-0.011897
23,95,0.038250
23,96,0.063500
23,97,0.048831
23,98,0.088744
23,99,0.126937
23,100,0.090859
23,101,0.135791
23,102,0.142574
23,103,0.119532
23,104,0.022578
23,105,0.046062
23,106,0.063187
23,107,0.064000
23,108,0.028022
23,109,0.022436
23,110,-0.006683
23,111,0.056656
23,112,0.038512
23,113,0.099312
23,114,0.078926
23,115,0.076734
23,116,0.084963
23,117,0.124759
23,118,0.083360
23,119,0.056968
23,120,0.086879
23,121,0.107837
23,122,0.119075
23,123,0.091931
23,124,0.136326
23,125,0.122822
23,126,0.147154
23,127,0.142385
23,128,0.092029
23,129,0.029835
23,130,-0.001180
23,131,0.000519
23,132,-0.011117
24,1,0.081971
24,2,0.041714
24,3,0.125183
24,4,0.069322
24,5,0.114916
24,6,0.079341
24,7,0.123203
24,8,0.142879
24,9,0.152448
24,10,0.233022
24,11,0.232092
24,12,0.145683
24,13,0.138679
24,14,0.122651
24,15,0.094636
24,16,0.043676
24,17,0.091356
24,18,0.009063
24,19,0.004186
24,20,0.064578
24,21,0.147674
24,22,0.237357
24,23,0.655175
24,24,1.000000
24,25,0.639390
24,26,0.487379
24,27,0.334299
24,28,0.062214
24,29,0.130470
24,30,0.087521
24,31,0.079928
24,32,0.112613
24,33,0.070067
24,34,0.126798
24,35,0.142784
24,36,0.178159
24,37,0.167358
24,38,0.168848
24,39,0.210670
24,40,0.254040
24,41,0.200504
24,42,0.141987
24,43,0.132522
24,44,-0.029471
24,45,0.078989
24,46,0.267302
24,47,0.144123
24,48,0.286816
24,49,0.192464
24,50,0.156395
24,51,0.207520
24,52,0.165279
24,53,0.234656
24,54,0.201282
24,55,0.165787
24,56,0.160906
24,57,0.181174
24,58,0.140187
24,59,0.114420
24,60,0.052781
24,61,0.061633
24,62,0.102099
24,63,0.220981
24,64,0.263476
24,65,0.332105
24,66,0.321016
24,67,0.221431
24,68,0.322031
24,69,0.393274
24,70,0.440795
24,71,0.376209
24,72,0.316130
24,73,0.176742
24,74,0.152729
24,75,0.100424
24,76,0.072833
24,77,0.040447
24,78,0.051145
24,79,0.023838
24,80,0.033193
24,81,0.017742
24,82,0.033845
24,83,0.044941
24,84,0.007102
24,85,0.028597
24,86,0.015504
24,87,0.069970
24,88,0.084637
24,89,0.063722
24,90,0.032508
24,91,0.030376
24,92,0.068367
24,93,0.039271
24,94,0.000795
24,95,0.059729
24,96,0.062212
24,97,0.061491
24,98,0.114144
24,99,0.152277
24,100,0.104525
24,101,0.150477
24,102,0.171004
24,103,0.144713
24,104,0.011967
24,105,-0.009610
24,106,0.027764
24,107,0.035229
24,108,0.042138
24,109,0.040042
24,110,0.029183
24,111,0.067249
24,112,0.049917
24,113,0.098733
24,114,0.084311
24,115,0.063766
24,116,0.079978
24,117,0.128496
24,118,0.092312
24,119,0.061159
24,120,0.098028
24,121,0.126411
24,122,0.133462
24,123,0.115201
24,124,0.123301
24,125,0.114720
24,126,0.140011
24,127,0.139758
24,128,0.093590
24,129,0.041496
24,130,0.008986
24,131,0.007423
24,132,-0.053912
25,1,0.107365
25,2,0.055551
25,3,0.120459
25,4,0.047785
25,5,0.128714
25,6,0.091320
25,7,0.112020
25,8,0.161475
25,9,0.193645
25,10,0.266038
25,11,0.226309
25,12,0.182093
25,13,0.164836
25,14,0.148856
25,15,0.113090
25,16,0.058075
25,17,0.115723
25,18,0.000911
25,19,0.018877
25,20,0.092297
25,21,0.182806
25,22,0.191186
25,23,0.561651
25,24,0.639390
25,25,1.000000
25,26,0.733824
25,27,0.452009
25,28,0.099411
25,29,0.164962
25,30,0.093860
25,31,0.063046
25,32,0.139749
25,33,0.093783
25,34,0.150759
25,35,0.127721
25,36,0.186088
25,37,0.200981
25,38,0.223219
25,39,0.318035
25,40,0.374952
25,41,0.307378
25,42,0.168438
25,43,0.162602
25,44,-0.026415
25,45,0.086774
25,46,0.269996
25,47,0.139931
25,48,0.309469
25,49,0.208516
25,50,0.154555
25,51,0.242415
25,52,0.223002
25,53,0.257698
25,54,0.226378
25,55,0.189087
25,56,0.186076
25,57,0.234228
25,58,0.189877
25,59,0.155210
25,60,0.079363
25,61,0.102330
25,62,0.149085
25,63,0.324454
25,64,0.415654
25,65,0.489835
25,66,0.452531
25,67,0.297632
25,68,0.389965
25,69,0.584381
25,70,0.669941
25,71,0.584637
25,72,0.437896
25,73,0.262615
25,74,0.177820
25,75,0.106354
25,76,0.050729
25,77,0.066052
25,78,0.078639
25,79,0.004369
25,80,0.003824
25,81,-0.004463
25,82,0.041074
25,83,0.052532
25,84,0.013249
25,85,0.007853
25,86,-0.020866
25,87,0.069150
25,88,0.102163
25,89,0.077925
25,90,0.067077
25,91,0.041158
25,92,0.069041
25,93,0.022712
25,94,-0.022447
25,95,0.049739
25,96,0.060367
25,97,0.069285
25,98,0.118116
25,99,0.183014
25,100,0.136259
25,101,0.190898
25,102,0.214854
25,103,0.195844
25,104,0.006908
25,105,-0.009525
25,106,0.003722
25,107,0.005684
25,108,0.027641
25,109,0.025115
25,110,0.031374
25,111,0.077320
25,112,0.050329
25,113,0.105383
25,114,0.074720
25,115,0.052313
25,116,0.114041
25,117,0.161843
25,118,0.110030
25,119,0.098080
25,120,0.143408
25,121,0.154302
25,122,0.178438
25,123,0.133090
25,124,0.140455
25,125,0.120653
25,126,0.179637
25,127,0.163767
25,128,0.126898
25,129,0.076434
25,130,0.035523
25,131,0.030234
25,132,-0.030817
26,1,0.116236
26,2,0.044253
26,3,0.104564
26,4,0.051774
26,5,0.121607
26,6,0.069501
26,7,0.086793
26,8,0.131702
26,9,0.182106
26,10,0.221309
26,11,0.180321
26,12,0.166063
26,13,0.131514
26,14,0.124604
26,15,0.090552
26,16,0.056308
26,17,0.096133
26,18,-0.027148
26,19,-0.001882
26,20,0.054853
26,21,0.154482
26,22,0.163802
26,23,0.523737
26,24,0.487379
26,25,0.733824
26,26,1.000000
26,27,0.663335
26,28,0.145496
26,29,0.184159
26,30,0.132283
26,31,0.061363
26,32,0.110478
26,33,0.082802
26,34,0.135116
26,35,0.124184
26,36,0.145570
26,37,0.180993
26,38,0.173761
26,39,0.280675
26,40,0.342319
26,41,0.270903
26,42,0.138435
26,43,0.143894
26,44,-0.033714
26,45,0.075351
26,46,0.217564
26,47,0.116982
26,48,0.245874
26,49,0.181673
26,50,0.128619
26,51,0.226301
26,52,0.168167
26,53,0.218730
26,54,0.211332
26,55,0.171853
26,56,0.149401
26,57,0.190218
26,58,0.170550
26,59,0.162298
26,60,0.092472
26,61,0.118703
26,62,0.172826
26,63,0.340438
26,64,0.379915
26,65,0.449233
26,66,0.402449
26,67,0.273239
26,68,0.336693
26,69,0.482709
26,70,0.588880
26,71,0.593759
26,72,0.455814
26,73,0.289645
26,74,0.184552
26,75,0.088780
26,76,0.054730
26,77,0.057657
26,78,0.081704
26,79,0.009133
26,80,0.001212
26,81,0.011742
26,82,0.046660
26,83,0.043218
26,84,0.006621
26,85,0.009215
26,86,-0.033361
26,87,0.038226
26,88,0.038397
26,89,0.062415
26,90,0.063550
26,91,0.076787
26,92,0.080689
26,93,0.024945
26,94,-0.001802
26,95,0.046599
26,96,0.048960
26,97,0.055623
26,98,0.114384
26,99,0.160911
26,100,0.121664
26,101,0.166212
26,102,0.179664
26,103,0.153789
26,104,-0.020847
26,105,-0.001010
26,106,0.016251
26,107,-0.001380
26,108,0.002441
26,109,0.003965
26,110,0.021002
26,111,0.062571
26,112,0.044304
26,113,0.088923
26,114,0.067527
26,115,0.044069
26,116,0.086832
26,117,0.133748
26,118,0.087276
26,119,0.085924
26,120,0.116692
26,121,0.138481
26,122,0.146670
26,123,0.108824
26,124,0.116969
26,125,0.082764
26,126,0.139820
26,127,0.126243
26,128,0.094096
26,129,0.052467
26,130,0.024394
26,131,0.032261
26,132,0.015587
27,1,0.112813
27,2,0.025132
27,3,0.079916
27,4,0.045125
27,5,0.115113
27,6,0.088562
27,7,0.058250
27,8,0.079954
27,9,0.128271
27,10,0.245478
27,11,0.141419
27,12,0.084062
27,13,0.086845
27,14,0.081892
27,15,0.072481
27,16,0.080126
27,17,0.102601
27,18,-0.029103
27,19,0.071444
27,20,0.134183
27,21,0.186552
27,22,0.097360
27,23,0.340722
27,24,0.334299
27,25,0.452009
27,26,0.663335
27,27,1.000000
27,28,0.293993
27,29,0.239798
27,30,0.146267
27,31,0.059871
27,32,0.146001
27,33,0.112013
27,34,0.135629
27,35,0.176117
27,36,0.146796
27,37,0.196854
27,38,0.177377
27,39,0.250051
27,40,0.322038
27,41,0.225782
27,42,0.070806
27,43,0.108199
27,44,-0.042346
27,45,0.022501
27,46,0.181327
27,47,0.115965
27,48,0.176843
27,49,0.117517
27,50,0.097096
27,51,0.137282
27,52,0.099638
27,53,0.149845
27,54,0.149651
27,55,0.108225
27,56,0.098800
27,57,0.138446
27,58,0.156999
27,59,0.151810
27,60,0.075837
27,61,0.091992
27,62,0.171280
27,63,0.335604
27,64,0.330979
27,65,0.404827
27,66,0.304749
27,67,0.215579
27,68,0.239712
27,69,0.408021
27,70,0.476513
27,71,0.446976
27,72,0.444235
27,73,0.293268
27,74,0.224948
27,75,0.140469
27,76,0.056915
27,77,0.071102
27,78,0.091209
27,79,0.018992
27,80,0.019736
27,81,0.041622
27,82,0.081693
27,83,0.050160
27,84,0.018532
27,85,0.025615
27,86,-0.028944
27,87,0.029754
27,88,0.015060
27,89,0.062552
27,90,0.066508
27,91,0.070440
27,92,0.095142
27,93,0.030281
27,94,0.022799
27,95,0.029986
27,96,0.039956
27,97,0.027023
27,98,0.069869
27,99,0.116066
27,100,0.069224
27,101,0.116660
27,102,0.134411
27,103,0.099974
27,104,-0.022444
27,105,-0.035423
27,106,-0.012541
27,107,-0.022911
27,108,-0.021930
27,109,-0.011097
27,110,0.031070
27,111,0.070453
27,112,0.051386
27,113,0.077894
27,114,0.058252
27,115,0.045512
27,116,0.079223
27,117,0.108525
27,118,0.059697
27,119,0.065693
27,120,0.087552
27,121,0.112893
27,122,0.122771
27,123,0.071433
27,124,0.078948
27,125,0.046860
27,126,0.097595
27,127,0.085447
27,128,0.075472
27,129,0.053919
27,130,0.028559
27,131,0.038545
27,132,0.062334
28,1,0.038403
28,2,-0.048087
28,3,0.067842
28,4,0.092325
28,5,0.099938
28,6,0.107833
28,7,0.094512
28,8,0.087421
28,9,0.053821
28,10,0.103789
28,11,0.059438
28,12,0.070221
28,13,0.088210
28,14,0.108870
28,15,0.119329
28,16,0.175488
28,17,0.069705
28,18,-0.005474
28,19,0.058017
28,20,0.084526
28,21,0.031039
28,22,0.017593
28,23,0.092916
28,24,0.062214
28,25,0.099411
28,26,0.145496
28,27,0.293993
28,28,1.000000
28,29,0.362937
28,30,0.290247
28,31,0.138497
28,32,0.160102
28,33,0.239667
28,34,0.265650
28,35,0.189721
28,36,0.096146
28,37,0.029051
28,38,0.049876
28,39,0.006494
28,40,0.047858
28,41,0.037932
28,42,0.029870
28,43,0.063190
28,44,0.032735
28,45,0.008323
28,46,0.031272
28,47,0.029599
28,48,0.022978
28,49,0.018234
28,50,0.043808
28,51,0.029685
28,52,0.049060
28,53,0.071550
28,54,0.080717
28,55,0.067025
28,56,0.093092
28,57,0.056824
28,58,0.052195
28,59,0.073949
28,60,0.021571
28,61,0.025571
28,62,0.085093
28,63,0.065838
28,64,0.055752
28,65,0.082468
28,66,0.029816
28,67,0.114926
28,68,0.058126
28,69,0.073741
28,70,0.079389
28,71,0.081161
28,72,0.144573
28,73,0.183641
28,74,0.174671
28,75,0.080234
28,76,0.066119
28,77,0.038706
28,78,0.077943
28,79,0.076674
28,80,0.035561
28,81,0.084525
28,82,0.101620
28,83,0.102118
28,84,0.083875
28,85,0.077202
28,86,0.046016
28,87,-0.011563
28,88,0.029298
28,89,0.076462
28,90,0.094603
28,91,0.085396
28,92,0.069253
28,93,0.029148
28,94,0.036166
28,95,0.005915
28,96,-0.002772
28,97,-0.005261
28,98,-0.038759
28,99,-0.026537
28,100,-0.005301
28,101,0.021002
28,102,-0.004451
28,103,0.017168
28,104,0.022851
28,105,0.032187
28,106,0.004699
28,107,0.023663
28,108,0.025116
28,109,0.054487
28,110,0.076434
28,111,0.086216
28,112,0.067217
28,113,0.080356
28,114,0.032072
28,115,0.030272
28,116,0.063506
28,117,0.026284
28,118,-0.008190
28,119,0.033930
28,120,0.013547
28,121,0.044385
28,122,0.050138
28,123,0.032061
28,124,0.087745
28,125,0.062537
28,126,0.071665
28,127,0.009733
28,128,0.024458
28,129,-0.000172
28,130,-0.006829
28,131,-0.027957
28,132,0.125789
29,1,0.104844
29,2,0.038621
29,3,0.158077
29,4,0.140289
29,5,0.207029
29,6,0.179531
29,7,0.157716
29,8,0.140743
29,9,0.130513
29,10,0.206846
29,11,0.119685
29,12,0.138975
29,13,0.110092
29,14,0.118954
29,15,0.119886
29,16,0.184580
29,17,0.216746
29,18,-0.036934
29,19,0.115598
29,20,0.223731
29,21,0.258186
29,22,0.031587
29,23,0.112669
29,24,0.130470
29,25,0.164962
29,26,0.184159
29,27,0.239798
29,28,0.362937
29,29,1.000000
29,30,0.404022
29,31,0.142828
29,32,0.221199
29,33,0.212828
29,34,0.275155
29,35,0.183650
29,36,0.175073
29,37,0.244854
29,38,0.201540
29,39,0.140320
29,40,0.195040
29,41,0.145308
29,42,0.007991
29,43,0.036197
29,44,-0.028580
29,45,0.026612
29,46,0.136263
29,47,0.111009
29,48,0.098317
29,49,0.071306
29,50,0.045231
29,51,0.062776
29,52,0.032554
29,53,0.094610
29,54,0.098661
29,55,0.082189
29,56,0.096538
29,57,0.108541
29,58,0.109961
29,59,0.105825
29,60,0.043847
29,61,0.060664
29,62,0.101390
29,63,0.186149
29,64,0.154433
29,65,0.197763
29,66,0.164930
29,67,0.147000
29,68,0.150267
29,69,0.192694
29,70,0.194582
29,71,0.201038
29,72,0.262110
29,73,0.286695
29,74,0.291552
29,75,0.236320
29,76,0.130576
29,77,0.139267
29,78,0.216891
29,79,0.038297
29,80,0.013437
29,81,0.051242
29,82,0.105884
29,83,0.081262
29,84,0.026466
29,85,0.022473
29,86,-0.008893
29,87,-0.001278
29,88,0.032124
29,89,0.040767
29,90,0.087085
29,91,0.048966
29,92,0.031131
29,93,0.005686
29,94,-0.019721
29,95,0.004769
29,96,0.016629
29,97,0.048119
29,98,0.068541
29,99,0.092282
29,100,0.061055
29,101,0.122629
29,102,0.112420
29,103,0.082907
29,104,0.031598
29,105,0.030903
29,106,0.007928
29,107,0.017171
29,108,0.044054
29,109,0.079741
29,110,0.095742
29,111,0.099279
29,112,0.088897
29,113,0.097136
29,114,0.057816
29,115,0.044703
29,116,0.064540
29,117,0.090570
29,118,0.042781
29,119,0.055456
29,120,0.049045
29,121,0.129648
29,122,0.085390
29,123,0.078484
29,124,0.128123
29,125,0.133514
29,126,0.131852
29,127,0.079021
29,128,0.076336
29,129,-0.012136
29,130,-0.011356
29,131,-0.019779
29,132,0.117538
30,1,0.078739
30,2,0.015395
30,3,0.163650
30,4,0.125178
30,5,0.135929
30,6,0.062721
30,7,0.211948
30,8,0.206581
30,9,0.135234
30,10,0.122348
30,11,0.074435
30,12,0.107810
30,13,0.137099
30,14,0.246609
30,15,0.283167
30,16,0.241912
30,17,0.151687
30,18,0.056102
30,19,0.069892
30,20,0.068113
30,21,0.047654
30,22,0.035542
30,23,0.091406
30,24,0.087521
30,25,0.093860
30,26,0.132283
30,27,0.146267
30,28,0.290247
30,29,0.404022
30,30,1.000000
30,31,0.592234
30,32,0.370116
30,33,0.497775
30,34,0.339757
30,35,0.122974
30,36,0.106404
30,37,0.117561
30,38,0.102209
30,39,0.088945
30,40,0.119711
30,41,0.120453
30,42,0.099289
30,43,0.071255
30,44,0.074950
30,45,0.084604
30,46,0.087093
30,47,0.036812
30,48,0.070814
30,49,0.064283
30,50,0.041770
30,51,0.044891
30,52,0.027141
30,53,0.069043
30,54,0.074119
30,55,0.064417
30,56,0.096585
30,57,0.117455
30,58,0.078774
30,59,0.078619
30,60,0.059065
30,61,0.077203
30,62,0.126287
30,63,0.152347
30,64,0.139341
30,65,0.140197
30,66,0.103306
30,67,0.140122
30,68,0.093642
30,69,0.117415
30,70,0.131203
30,71,0.135939
30,72,0.230490
30,73,0.278213
30,74,0.319407
30,75,0.050412
30,76,0.094169
30,77,0.083520
30,78,0.127826
30,79,0.078365
30,80,0.045499
30,81,0.084302
30,82,0.059266
30,83,0.091806
30,84,0.086016
30,85,0.067091
30,86,0.013456
30,87,0.011385
30,88,0.020109
30,89,0.160448
30,90,0.103832
30,91,0.111062
30,92,0.082958
30,93,0.049734
30,94,0.055219
30,95,0.016438
30,96,0.008750
30,97,0.051159
30,98,0.065453
30,99,0.068044
30,100,0.089900
30,101,0.130040
30,102,0.110233
30,103,0.080663
30,104,0.100920
30,105,0.075705
30,106,0.051873
30,107,0.052848
30,108,0.027491
30,109,0.030782
30,110,0.032319
30,111,0.064551
30,112,0.063475
30,113,0.062712
30,114,0.015650
30,115,0.031192
30,116,0.075756
30,117,0.055202
30,118,0.008509
30,119,0.066879
30,120,0.057004
30,121,0.082521
30,122,0.086273
30,123,0.065522
30,124,0.100177
30,125,0.144521
30,126,0.149291
30,127,0.112255
30,128,0.087852
30,129,0.029973
30,130,0.027341
30,131,0.005287
30,132,0.016459
31,1,0.028145
31,2,-0.000961
31,3,0.171068
31,4,0.088807
31,5,0.127033
31,6,0.028585
31,7,0.216666
31,8,0.206536
31,9,0.118359
31,10,0.118089
31,11,0.066068
31,12,0.102388
31,13,0.147759
31,14,0.240644
31,15,0.241141
31,16,0.193578
31,17,0.138773
31,18,0.158072
31,19,0.110048
31,20,0.067035
31,21,0.057361
31,22,0.058392
31,23,0.086807
31,24,0.079928
31,25,0.063046
31,26,0.061363
31,27,0.059871
31,28,0.138497
31,29,0.142828
31,30,0.592234
31,31,1.000000
31,32,0.540301
31,33,0.366498
31,34,0.178983
31,35,0.076566
31,36,0.097226
31,37,0.075077
31,38,0.057953
31,39,0.060520
31,40,0.080250
31,41,0.067213
31,42,0.160199
31,43,0.081631
31,44,0.158000
31,45,0.153866
31,46,0.101490
31,47,0.041463
31,48,0.075645
31,49,0.064743
31,50,0.039745
31,51,0.012663
31,52,-0.002838
31,53,0.034538
31,54,0.023399
31,55,0.018411
31,56,0.059333
31,57,0.050960
31,58,0.017439
31,59,0.048519
31,60,0.016369
31,61,0.039319
31,62,0.064652
31,63,0.038370
31,64,0.075799
31,65,0.084485
31,66,0.087862
31,67,0.159374
31,68,0.096879
31,69,0.090162
31,70,0.094337
31,71,0.102570
31,72,0.170121
31,73,0.221696
31,74,0.239222
31,75,0.041976
31,76,0.046622
31,77,0.030902
31,78,0.055153
31,79,0.048368
31,80,0.021608
31,81,-0.010492
31,82,0.011675
31,83,0.090051
31,84,0.072103
31,85,0.015174
31,86,0.007220
31,87,-0.014922
31,88,0.073243
31,89,0.145833
31,90,0.065730
31,91,0.064306
31,92,0.037693
31,93,0.015645
31,94,0.061658
31,95,0.026839
31,96,0.030590
31,97,0.083064
31,98,0.072395
31,99,0.093477
31,100,0.140812
31,101,0.150669
31,102,0.115487
31,103,0.040343
31,104,0.152610
31,105,0.103528
31,106,0.069157
31,107,0.078722
31,108,0.042564
31,109,0.037521
31,110,0.013931
31,111,0.021528
31,112,0.034985
31,113,0.019578
31,114,-0.019685
31,115,0.002474
31,116,0.047730
31,117,0.021603
31,118,-0.025960
31,119,0.052879
31,120,0.046688
31,121,0.063242
31,122,0.075700
31,123,0.081681
31,124,0.096812
31,125,0.115351
31,126,0.128663
31,127,0.055685
31,128,-0.006223
31,129,-0.016877
31,130,-0.035949
31,131,-0.037034
31,132,-0.112007
32,1,0.054210
32,2,0.069730
32,3,0.166889
32,4,0.075548
32,5,0.112344
32,6,0.123367
32,7,0.248372
32,8,0.241478
32,9,0.156516
32,10,0.183095
32,11,0.086941
32,12,0.085869
32,13,0.161124
32,14,0.271640
32,15,0.323119
32,16,0.316960
32,17,0.233401
32,18,0.235507
32,19,0.290803
32,20,0.228341
32,21,0.187536
32,22,0.082854
32,23,0.113435
32,24,0.112613
32,25,0.139749
32,26,0.110478
32,27,0.146001
32,28,0.160102
32,29,0.221199
32,30,0.370116
32,31,0.540301
32,32,1.000000
32,33,0.392653
32,34,0.173600
32,35,0.125900
32,36,0.135544
32,37,0.136121
32,38,0.128999
32,39,0.110225
32,40,0.161538
32,41,0.120468
32,42,0.064674
32,43,0.032341
32,44,0.096349
32,45,0.154089
32,46,0.125239
32,47,0.064012
32,48,0.109960
32,49,0.086343
32,50,0.049304
32,51,0.041670
32,52,0.042005
32,53,0.078766
32,54,0.070232
32,55,0.033671
32,56,0.080481
32,57,0.078640
32,58,0.057314
32,59,0.057885
32,60,0.018611
32,61,0.066970
32,62,0.079613
32,63,0.067892
32,64,0.137702
32,65,0.147193
32,66,0.118674
32,67,0.168865
32,68,0.145675
32,69,0.154731
32,70,0.166752
32,71,0.144480
32,72,0.223849
32,73,0.257314
32,74,0.289456
32,75,0.215491
32,76,0.078448
32,77,0.080219
32,78,0.130679
32,79,0.071789
32,80,0.065838
32,81,0.052802
32,82,0.056404
32,83,0.112979
32,84,0.061810
32,85,0.020300
32,86,0.008894
32,87,0.002586
32,88,0.139796
32,89,0.089665
32,90,0.090606
32,91,0.060000
32,92,0.073239
32,93,0.052919
32,94,0.057116
32,95,0.020596
32,96,0.036284
32,97,0.078000
32,98,0.051747
32,99,0.068716
32,100,0.056767
32,101,0.092838
32,102,0.073811
32,103,0.019027
32,104,0.052946
32,105,0.042509
32,106,0.038900
32,107,0.070876
32,108,0.084409
32,109,0.071768
32,110,0.045746
32,111,0.050096
32,112,0.052783
32,113,0.054084
32,114,0.018375
32,115,0.029174
32,116,0.060264
32,117,0.041000
32,118,0.010684
32,119,0.054846
32,120,0.039220
32,121,0.066733
32,122,0.072684
32,123,0.099093
32,124,0.135321
32,125,0.145520
32,126,0.148130
32,127,0.086710
32,128,0.025574
32,129,0.001659
32,130,-0.019400
32,131,-0.031692
32,132,-0.111347
33,1,0.083851
33,2,0.065848
33,3,0.178992
33,4,0.129109
33,5,0.119308
33,6,0.150096
33,7,0.296622
33,8,0.299293
33,9,0.197924
33,10,0.122165
33,11,0.098528
33,12,0.161050
33,13,0.254054
33,14,0.438240
33,15,0.532889
33,16,0.403298
33,17,0.208958
33,18,0.112877
33,19,0.037742
33,20,0.079553
33,21,0.019947
33,22,0.054970
33,23,0.087726
33,24,0.070067
33,25,0.093783
33,26,0.082802
33,27,0.112013
33,28,0.239667
33,29,0.212828
33,30,0.497775
33,31,0.366498
33,32,0.392653
33,33,1.000000
33,34,0.550303
33,35,0.159422
33,36,0.142054
33,37,0.061445
33,38,0.091861
33,39,0.081215
33,40,0.100250
33,41,0.124968
33,42,0.104964
33,43,0.092139
33,44,0.092137
33,45,0.062478
33,46,0.067992
33,47,0.022690
33,48,0.067703
33,49,0.073729
33,50,0.051035
33,51,0.053457
33,52,0.050783
33,53,0.114674
33,54,0.109144
33,55,0.085787
33,56,0.143278
33,57,0.166205
33,58,0.144022
33,59,0.138377
33,60,0.111237
33,61,0.096351
33,62,0.113484
33,63,0.085211
33,64,0.125184
33,65,0.112369
33,66,0.116646
33,67,0.132138
33,68,0.069737
33,69,0.086686
33,70,0.114291
33,71,0.090138
33,72,0.116347
33,73,0.153825
33,74,0.212026
33,75,-0.005828
33,76,0.055537
33,77,0.048942
33,78,0.054972
33,79,0.129368
33,80,0.075069
33,81,0.064542
33,82,0.078587
33,83,0.132877
33,84,0.132751
33,85,0.119440
33,86,0.086069
33,87,0.062225
33,88,0.092112
33,89,0.150037
33,90,0.124298
33,91,0.101446
33,92,0.116181
33,93,0.075251
33,94,0.042397
33,95,0.023981
33,96,0.049175
33,97,0.073287
33,98,0.033233
33,99,0.048642
33,100,0.068212
33,101,0.092155
33,102,0.072576
33,103,0.073102
33,104,0.052249
33,105,0.122200
33,106,0.120162
33,107,0.128198
33,108,0.079317
33,109,0.075412
33,110,0.050726
33,111,0.085892
33,112,0.089108
33,113,0.105800
33,114,0.044799
33,115,0.060137
33,116,0.098369
33,117,0.091857
33,118,0.053587
33,119,0.070535
33,120,0.042548
33,121,0.071769
33,122,0.067891
33,123,0.057461
33,124,0.147947
33,125,0.184809
33,126,0.146203
33,127,0.110972
33,128,0.109191
33,129,0.002048
33,130,-0.005662
33,131,-0.029145
33,132,0.009152
34,1,0.089752
34,2,0.091571
34,3,0.187658
34,4,0.146859
34,5,0.048576
34,6,0.027476
34,7,0.228147
34,8,0.265038
34,9,0.296270
34,10,0.095797
34,11,0.106655
34,12,0.402234
34,13,0.444964
34,14,0.466194
34,15,0.322645
34,16,0.166127
34,17,0.125892
34,18,0.047962
34,19,-0.044096
34,20,0.002853
34,21,0.072500
34,22,0.069528
34,23,0.125523
34,24,0.126798
34,25,0.150759
34,26,0.135116
34,27,0.135629
34,28,0.265650
34,29,0.275155
34,30,0.339757
34,31,0.178983
34,32,0.173600
34,33,0.550303
34,34,1.000000
34,35,0.257779
34,36,0.234956
34,37,0.084017
34,38,0.128473
34,39,0.096218
34,40,0.129042
34,41,0.122282
34,42,0.067316
34,43,0.053231
34,44,-0.041225
34,45,0.013626
34,46,0.124434
34,47,0.055023
34,48,0.086930
34,49,0.093611
34,50,0.054930
34,51,0.072626
34,52,0.052631
34,53,0.115867
34,54,0.093143
34,55,0.096291
34,56,0.113919
34,57,0.147612
34,58,0.165269
34,59,0.161231
34,60,0.116299
34,61,0.140854
34,62,0.133100
34,63,0.121923
34,64,0.136686
34,65,0.134413
34,66,0.149344
34,67,0.108342
34,68,0.089336
34,69,0.128302
34,70,0.154331
34,71,0.166219
34,72,0.154777
34,73,0.134986
34,74,0.135502
34,75,-0.070433
34,76,0.048644
34,77,0.089604
34,78,0.086084
34,79,0.090482
34,80,0.017708
34,81,0.062562
34,82,0.026862
34,83,0.048712
34,84,0.026158
34,85,0.053559
34,86,0.079109
34,87,0.060033
34,88,-0.009589
34,89,0.056684
34,90,0.077061
34,91,0.045551
34,92,0.055376
34,93,0.051404
34,94,-0.001689
34,95,-0.005684
34,96,0.041052
34,97,0.082691
34,98,0.076901
34,99,0.074688
34,100,0.082457
34,101,0.105873
34,102,0.091691
34,103,0.086081
34,104,0.006558
34,105,0.053112
34,106,0.064368
34,107,0.063594
34,108,0.071360
34,109,0.040946
34,110,0.011543
34,111,0.058592
34,112,0.053091
34,113,0.097793
34,114,0.026869
34,115,0.031563
34,116,0.059313
34,117,0.056111
34,118,-0.007016
34,119,0.045895
34,120,0.034192
34,121,0.068342
34,122,0.063171
34,123,0.052738
34,124,0.137444
34,125,0.147337
34,126,0.107426
34,127,0.048629
34,128,0.048905
34,129,-0.023200
34,130,-0.040370
34,131,-0.042641
34,132,0.021299
35,1,0.063900
35,2,0.042220
35,3,0.174472
35,4,0.134784
35,5,0.129040
35,6,0.129633
35,7,0.191249
35,8,0.180893
35,9,0.186571
35,10,0.187697
35,11,0.147372
35,12,0.363290
35,13,0.360840
35,14,0.202428
35,15,0.123281
35,16,0.081075
35,17,0.148676
35,18,0.027890
35,19,0.004304
35,20,0.062541
35,21,0.110310
35,22,0.029492
35,23,0.092602
35,24,0.142784
35,25,0.127721
35,26,0.124184
35,27,0.176117
35,28,0.189721
35,29,0.183650
35,30,0.122974
35,31,0.076566
35,32,0.125900
35,33,0.159422
35,34,0.257779
35,35,1.000000
35,36,0.723474
35,37,0.372721
35,38,0.319625
35,39,0.054278
35,40,0.145890
35,41,0.049189
35,42,0.033784
35,43,0.033009
35,44,0.049729
35,45,0.079238
35,46,0.137018
35,47,0.082052
35,48,0.108008
35,49,0.074279
35,50,0.048657
35,51,0.046434
35,52,0.036905
35,53,0.076376
35,54,0.065383
35,55,0.053715
35,56,0.028428
35,57,0.046281
35,58,0.056253
35,59,0.046383
35,60,0.009490
35,61,0.048021
35,62,0.096676
35,63,0.105824
35,64,0.091759
35,65,0.143758
35,66,0.116064
35,67,0.052373
35,68,0.095462
35,69,0.113038
35,70,0.128535
35,71,0.130476
35,72,0.162747
35,73,0.122788
35,74,0.109886
35,75,0.083064
35,76,0.064592
35,77,0.056977
35,78,0.068594
35,79,0.080775
35,80,0.056472
35,81,0.074148
35,82,0.045547
35,83,0.058569
35,84,0.042228
35,85,0.020509
35,86,0.042383
35,87,0.018315
35,88,0.017596
35,89,0.029684
35,90,-0.002467
35,91,0.027439
35,92,0.050575
35,93,0.060768
35,94,0.049185
35,95,0.047937
35,96,0.048591
35,97,0.081570
35,98,0.111743
35,99,0.114840
35,100,0.057219
35,101,0.087357
35,102,0.095725
35,103,0.043173
35,104,-0.004306
35,105,0.013752
35,106,0.020807
35,107,0.058730
35,108,0.074527
35,109,0.114883
35,110,0.118064
35,111,0.081933
35,112,0.087286
35,113,0.101185
35,114,0.044915
35,115,0.032809
35,116,0.053539
35,117,0.061356
35,118,0.015572
35,119,0.069563
35,120,0.060444
35,121,0.082178
35,122,0.058145
35,123,0.076153
35,124,0.108070
35,125,0.099407
35,126,0.090116
35,127,0.036895
35,128,0.025336
35,129,-0.005623
35,130,0.006969
35,131,0.015923
35,132,0.035493
36,1,0.089183
36,2,0.096390
36,3,0.291612
36,4,0.199444
36,5,0.156124
36,6,0.176876
36,7,0.314637
36,8,0.324724
36,9,0.326160
36,10,0.192343
36,11,0.187400
36,12,0.479127
36,13,0.480028
36,14,0.307669
36,15,0.180831
36,16,0.119327
36,17,0.222394
36,18,0.045126
36,19,-0.034915
36,20,0.048118
36,21,0.148538
36,22,0.041220
36,23,0.129306
36,24,0.178159
36,25,0.186088
36,26,0.145570
36,27,0.146796
36,28,0.096146
36,29,0.175073
36,30,0.106404
36,31,0.097226
36,32,0.135544
36,33,0.142054
36,34,0.234956
36,35,0.723474
36,36,1.000000
36,37,0.564122
36,38,0.384016
36,39,0.119112
36,40,0.216392
36,41,0.110421
36,42,0.120542
36,43,0.096323
36,44,0.045258
36,45,0.130035
36,46,0.186769
36,47,0.105647
36,48,0.134266
36,49,0.106432
36,50,0.055669
36,51,0.077431
36,52,0.031814
36,53,0.097596
36,54,0.049438
36,55,0.041590
36,56,0.055322
36,57,0.119517
36,58,0.082964
36,59,0.060372
36,60,0.036196
36,61,0.085824
36,62,0.119288
36,63,0.150201
36,64,0.140884
36,65,0.193458
36,66,0.186427
36,67,0.095647
36,68,0.147241
36,69,0.150384
36,70,0.180275
36,71,0.186371
36,72,0.202911
36,73,0.105391
36,74,0.104818
36,75,0.026618
36,76,0.064590
36,77,0.077460
36,78,0.092389
36,79,0.094910
36,80,0.051567
36,81,0.042869
36,82,0.019398
36,83,0.055789
36,84,0.038865
36,85,0.010445
36,86,0.047141
36,87,0.037855
36,88,0.048485
36,89,0.037953
36,90,0.001630
36,91,0.014775
36,92,0.032502
36,93,0.030892
36,94,0.017950
36,95,0.054697
36,96,0.092376
36,97,0.132145
36,98,0.172512
36,99,0.205261
36,100,0.130677
36,101,0.173345
36,102,0.193843
36,103,0.131148
36,104,0.044284
36,105,0.042767
36,106,0.049840
36,107,0.084746
36,108,0.126859
36,109,0.129480
36,110,0.102010
36,111,0.086418
36,112,0.083275
36,113,0.120960
36,114,0.026541
36,115,0.023703
36,116,0.068187
36,117,0.092658
36,118,0.027191
36,119,0.075168
36,120,0.073654
36,121,0.118003
36,122,0.073859
36,123,0.090604
36,124,0.138265
36,125,0.149520
36,126,0.140507
36,127,0.072599
36,128,0.050822
36,129,-0.013463
36,130,-0.016754
36,131,-0.011200
36,132,-0.039837
37,1,0.090405
37,2,0.063168
37,3,0.190983
37,4,0.109659
37,5,0.179729
37,6,0.139427
37,7,0.181935
37,8,0.200432
37,9,0.235815
37,10,0.181252
37,11,0.114955
37,12,0.300010
37,13,0.230807
37,14,0.148371
37,15,0.078810
37,16,0.106077
37,17,0.222547
37,18,0.001269
37,19,0.066690
37,20,0.161712
37,21,0.266602
37,22,0.031652
37,23,0.103909
37,24,0.167358
37,25,0.200981
37,26,0.180993
37,27,0.196854
37,28,0.029051
37,29,0.244854
37,30,0.117561
37,31,0.075077
37,32,0.136121
37,33,0.061445
37,34,0.084017
37,35,0.372721
37,36,0.564122
37,37,1.000000
37,38,0.517164
37,39,0.271261
37,40,0.320218
37,41,0.157358
37,42,0.123582
37,43,0.132736
37,44,0.046784
37,45,0.164013
37,46,0.182293
37,47,0.125092
37,48,0.123191
37,49,0.091928
37,50,0.028091
37,51,0.063082
37,52,0.017962
37,53,0.072750
37,54,0.050972
37,55,0.016161
37,56,0.058482
37,57,0.130749
37,58,0.120959
37,59,0.085396
37,60,0.065246
37,61,0.115810
37,62,0.138550
37,63,0.222599
37,64,0.244788
37,65,0.320677
37,66,0.280371
37,67,0.165027
37,68,0.193640
37,69,0.226480
37,70,0.246199
37,71,0.224967
37,72,0.267628
37,73,0.165440
37,74,0.167532
37,75,0.146471
37,76,0.105944
37,77,0.105627
37,78,0.123839
37,79,0.054483
37,80,0.025867
37,81,0.040355
37,82,0.041022
37,83,0.050245
37,84,0.020532
37,85,-0.004148
37,86,-0.007899
37,87,0.049294
37,88,0.019392
37,89,0.027867
37,90,0.007392
37,91,0.009068
37,92,0.033348
37,93,0.021629
37,94,-0.002630
37,95,0.035484
37,96,0.068991
37,97,0.117901
37,98,0.188770
37,99,0.210938
37,100,0.109063
37,101,0.200382
37,102,0.204259
37,103,0.115036
37,104,0.063449
37,105,-0.013367
37,106,-0.013375
37,107,-0.010215
37,108,0.014992
37,109,0.057164
37,110,0.080825
37,111,0.057608
37,112,0.053293
37,113,0.070451
37,114,-0.004338
37,115,0.014439
37,116,0.077001
37,117,0.123101
37,118,0.056364
37,119,0.114874
37,120,0.108707
37,121,0.134887
37,122,0.067233
37,123,0.076298
37,124,0.085427
37,125,0.090999
37,126,0.112399
37,127,0.097405
37,128,0.063101
37,129,0.076555
37,130,0.063525
37,131,0.084687
37,132,-0.017688
38,1,0.073011
38,2,0.030894
38,3,0.158319
38,4,0.081154
38,5,0.157763
38,6,0.149773
38,7,0.134873
38,8,0.150466
38,9,0.167118
38,10,0.166937
38,11,0.046976
38,12,0.237249
38,13,0.200912
38,14,0.137691
38,15,0.063895
38,16,0.106730
38,17,0.178095
38,18,-0.024346
38,19,0.061618
38,20,0.166199
38,21,0.247691
38,22,0.028905
38,23,0.105607
38,24,0.168848
38,25,0.223219
38,26,0.173761
38,27,0.177377
38,28,0.049876
38,29,0.201540
38,30,0.102209
38,31,0.057953
38,32,0.128999
38,33,0.091861
38,34,0.128473
38,35,0.319625
38,36,0.384016
38,37,0.517164
38,38,1.000000
38,39,0.395914
38,40,0.488667
38,41,0.227985
38,42,0.032535
38,43,0.078231
38,44,-0.005451
38,45,0.076246
38,46,0.178064
38,47,0.115251
38,48,0.175539
38,49,0.110846
38,50,0.042129
38,51,0.042598
38,52,0.030414
38,53,0.050279
38,54,0.050109
38,55,0.009455
38,56,0.034228
38,57,0.090125
38,58,0.090283
38,59,0.073605
38,60,0.076851
38,61,0.110537
38,62,0.107663
38,63,0.236852
38,64,0.309738
38,65,0.392098
38,66,0.352260
38,67,0.141491
38,68,0.213073
38,69,0.301118
38,70,0.301711
38,71,0.251745
38,72,0.280248
38,73,0.186098
38,74,0.148068
38,75,0.151413
38,76,0.061990
38,77,0.075189
38,78,0.083818
38,79,0.022051
38,80,0.031314
38,81,0.021102
38,82,0.044315
38,83,0.052194
38,84,0.042537
38,85,0.015298
38,86,-0.002908
38,87,0.082789
38,88,0.083085
38,89,0.049453
38,90,0.000847
38,91,0.006867
38,92,0.024861
38,93,0.008880
38,94,0.004764
38,95,0.038649
38,96,0.046851
38,97,0.083825
38,98,0.137586
38,99,0.166741
38,100,0.068263
38,101,0.139067
38,102,0.149893
38,103,0.078191
38,104,0.009849
38,105,-0.042030
38,106,-0.025663
38,107,-0.016857
38,108,-0.005661
38,109,0.040914
38,110,0.078587
38,111,0.077595
38,112,0.063016
38,113,0.073107
38,114,0.036513
38,115,0.034201
38,116,0.087498
38,117,0.138985
38,118,0.092092
38,119,0.126211
38,120,0.136781
38,121,0.142412
38,122,0.082344
38,123,0.060113
38,124,0.067235
38,125,0.079234
38,126,0.094698
38,127,0.073784
38,128,0.061145
38,129,0.065423
38,130,0.050546
38,131,0.067387
38,132,0.008874
39,1,0.092501
39,2,0.047454
39,3,0.115016
39,4,0.024864
39,5,0.147255
39,6,0.130910
39,7,0.116731
39,8,0.162368
39,9,0.194024
39,10,0.190027
39,11,0.146533
39,12,0.162061
39,13,0.123036
39,14,0.129439
39,15,0.092831
39,16,0.127386
39,17,0.206681
39,18,-0.052982
39,19,-0.011341
39,20,0.124369
39,21,0.251420
39,22,0.076532
39,23,0.200099
39,24,0.210670
39,25,0.318035
39,26,0.280675
39,27,0.250051
39,28,0.006494
39,29,0.140320
39,30,0.088945
39,31,0.060520
39,32,0.110225
39,33,0.081215
39,34,0.096218
39,35,0.054278
39,36,0.119112
39,37,0.271261
39,38,0.395914
39,39,1.000000
39,40,0.715121
39,41,0.449888
39,42,0.161701
39,43,0.167330
39,44,-0.041571
39,45,0.092136
39,46,0.189534
39,47,0.091721
39,48,0.167622
39,49,0.102422
39,50,0.041954
39,51,0.106270
39,52,0.059398
39,53,0.096788
39,54,0.068517
39,55,0.006776
39,56,0.071685
39,57,0.173775
39,58,0.137950
39,59,0.097199
39,60,0.101484
39,61,0.144558
39,62,0.111864
39,63,0.257036
39,64,0.398091
39,65,0.530428
39,66,0.452747
39,67,0.171600
39,68,0.240619
39,69,0.387109
39,70,0.418031
39,71,0.370199
39,72,0.318199
39,73,0.156363
39,74,0.119222
39,75,0.075995
39,76,-0.017363
39,77,0.045225
39,78,0.062931
39,79,-0.029870
39,80,-0.021028
39,81,-0.039282
39,82,0.031337
39,83,0.046649
39,84,0.005422
39,85,-0.004493
39,86,-0.037066
39,87,0.024063
39,88,0.102893
39,89,0.041635
39,90,0.010738
39,91,0.007170
39,92,0.030495
39,93,-0.016719
39,94,-0.041966
39,95,0.053061
39,96,0.066536
39,97,0.089087
39,98,0.164028
39,99,0.224946
39,100,0.164938
39,101,0.268177
39,102,0.269480
39,103,0.224795
39,104,0.034656
39,105,-0.083837
39,106,-0.055154
39,107,-0.055520
39,108,0.008562
39,109,0.005056
39,110,0.038378
39,111,0.066597
39,112,0.063480
39,113,0.092961
39,114,0.011047
39,115,0.000735
39,116,0.094240
39,117,0.171360
39,118,0.077438
39,119,0.109223
39,120,0.114572
39,121,0.134670
39,122,0.108712
39,123,0.096211
39,124,0.055335
39,125,0.056214
39,126,0.093606
39,127,0.087842
39,128,0.055654
39,129,0.013357
39,130,-0.028159
39,131,-0.039287
39,132,-0.052869
40,1,0.117636
40,2,0.054493
40,3,0.154004
40,4,0.069940
40,5,0.198435
40,6,0.195371
40,7,0.139914
40,8,0.179573
40,9,0.211478
40,10,0.246489
40,11,0.173676
40,12,0.207644
40,13,0.168077
40,14,0.148925
40,15,0.110948
40,16,0.147697
40,17,0.227343
40,18,-0.011886
40,19,0.051851
40,20,0.148460
40,21,0.238702
40,22,0.059088
40,23,0.239088
40,24,0.254040
40,25,0.374952
40,26,0.342319
40,27,0.322038
40,28,0.047858
40,29,0.195040
40,30,0.119711
40,31,0.080250
40,32,0.161538
40,33,0.100250
40,34,0.129042
40,35,0.145890
40,36,0.216392
40,37,0.320218
40,38,0.488667
40,39,0.715121
40,40,1.000000
40,41,0.627987
40,42,0.149310
40,43,0.174456
40,44,-0.027822
40,45,0.085207
40,46,0.234881
40,47,0.134665
40,48,0.233636
40,49,0.172838
40,50,0.112034
40,51,0.150947
40,52,0.107920
40,53,0.164570
40,54,0.126153
40,55,0.065371
40,56,0.103309
40,57,0.192443
40,58,0.153181
40,59,0.123758
40,60,0.128884
40,61,0.157207
40,62,0.199550
40,63,0.375851
40,64,0.542826
40,65,0.636100
40,66,0.485078
40,67,0.205223
40,68,0.281335
40,69,0.452996
40,70,0.489032
40,71,0.454112
40,72,0.411323
40,73,0.232567
40,74,0.179121
40,75,0.125586
40,76,0.039423
40,77,0.082513
40,78,0.092239
40,79,0.020144
40,80,0.030334
40,81,0.013581
40,82,0.068260
40,83,0.095438
40,84,0.048478
40,85,0.022106
40,86,-0.016666
40,87,0.053798
40,88,0.107908
40,89,0.050562
40,90,0.029177
40,91,0.037269
40,92,0.055394
40,93,0.017449
40,94,0.007386
40,95,0.062587
40,96,0.063245
40,97,0.104408
40,98,0.175734
40,99,0.231493
40,100,0.157731
40,101,0.251872
40,102,0.266886
40,103,0.189433
40,104,0.010316
40,105,-0.060793
40,106,-0.021016
40,107,-0.009313
40,108,0.028916
40,109,0.042637
40,110,0.076338
40,111,0.140578
40,112,0.126435
40,113,0.157419
40,114,0.045785
40,115,0.030860
40,116,0.126057
40,117,0.180647
40,118,0.097776
40,119,0.142543
40,120,0.149408
40,121,0.156915
40,122,0.137917
40,123,0.132732
40,124,0.101063
40,125,0.084547
40,126,0.120472
40,127,0.095643
40,128,0.063815
40,129,0.053350
40,130,0.026314
40,131,0.027615
40,132,0.023502
41,1,0.076047
41,2,0.027226
41,3,0.117585
41,4,0.053968
41,5,0.137368
41,6,0.151546
41,7,0.118022
41,8,0.155985
41,9,0.154868
41,10,0.185234
41,11,0.146580
41,12,0.137109
41,13,0.127421
41,14,0.145036
41,15,0.149572
41,16,0.130315
41,17,0.132632
41,18,-0.000850
41,19,0.003752
41,20,0.121593
41,21,0.154413
41,22,0.006841
41,23,0.172609
41,24,0.200504
41,25,0.307378
41,26,0.270903
41,27,0.225782
41,28,0.037932
41,29,0.145308
41,30,0.120453
41,31,0.067213
41,32,0.120468
41,33,0.124968
41,34,0.122282
41,35,0.049189
41,36,0.110421
41,37,0.157358
41,38,0.227985
41,39,0.449888
41,40,0.627987
41,41,1.000000
41,42,0.272287
41,43,0.266373
41,44,0.001850
41,45,0.077300
41,46,0.196841
41,47,0.112833
41,48,0.179678
41,49,0.140833
41,50,0.112605
41,51,0.133295
41,52,0.115107
41,53,0.161875
41,54,0.138795
41,55,0.084345
41,56,0.131825
41,57,0.180770
41,58,0.144713
41,59,0.127934
41,60,0.128561
41,61,0.145122
41,62,0.228479
41,63,0.329259
41,64,0.405783
41,65,0.436758
41,66,0.427720
41,67,0.207884
41,68,0.252444
41,69,0.397022
41,70,0.394808
41,71,0.358023
41,72,0.323388
41,73,0.192988
41,74,0.166271
41,75,0.058630
41,76,0.040587
41,77,0.053197
41,78,0.038367
41,79,0.019677
41,80,-0.007187
41,81,-0.007628
41,82,0.024646
41,83,0.064448
41,84,0.049027
41,85,0.035768
41,86,0.021749
41,87,0.057098
41,88,0.101570
41,89,0.060465
41,90,0.050949
41,91,0.044938
41,92,0.057341
41,93,0.021657
41,94,0.003114
41,95,0.037131
41,96,0.030161
41,97,0.076428
41,98,0.111510
41,99,0.172658
41,100,0.118217
41,101,0.179052
41,102,0.189717
41,103,0.164833
41,104,0.056641
41,105,0.009512
41,106,0.027060
41,107,0.036090
41,108,0.053235
41,109,0.049065
41,110,0.071633
41,111,0.112000
41,112,0.108651
41,113,0.147117
41,114,0.079269
41,115,0.070003
41,116,0.131315
41,117,0.163329
41,118,0.126663
41,119,0.086217
41,120,0.087103
41,121,0.100761
41,122,0.116855
41,123,0.111818
41,124,0.091576
41,125,0.082411
41,126,0.092307
41,127,0.102686
41,128,0.103776
41,129,0.063760
41,130,0.045464
41,131,0.013656
41,132,0.047807
42,1,0.034468
42,2,-0.004892
42,3,0.095127
42,4,0.023969
42,5,0.056596
42,6,-0.029788
42,7,0.115081
42,8,0.150485
42,9,0.158493
42,10,-0.004043
42,11,0.055442
42,12,0.144777
42,13,0.137970
42,14,0.182505
42,15,0.118775
42,16,0.065367
42,17,0.015078
42,18,-0.015559
42,19,-0.124883
42,20,-0.034370
42,21,-0.007613
42,22,0.091321
42,23,0.138372
42,24,0.141987
42,25,0.168438
42,26,0.138435
42,27,0.070806
42,28,0.029870
42,29,0.007991
42,30,0.099289
42,31,0.160199
42,32,0.064674
42,33,0.104964
42,34,0.067316
42,35,0.033784
42,36,0.120542
42,37,0.123582
42,38,0.032535
42,39,0.161701
42,40,0.149310
42,41,0.272287
42,42,1.000000
42,43,0.670594
42,44,0.287344
42,45,0.266005
42,46,0.109305
42,47,0.066947
42,48,0.047734
42,49,0.037281
42,50,0.017638
42,51,0.048022
42,52,0.048709
42,53,0.084695
42,54,0.079546
42,55,0.078387
42,56,0.092705
42,57,0.131079
42,58,0.055247
42,59,0.083222
42,60,0.061529
42,61,0.076458
42,62,0.187197
42,63,0.236213
42,64,0.176902
42,65,0.161960
42,66,0.218134
42,67,0.289866
42,68,0.171767
42,69,0.152681
42,70,0.160606
42,71,0.136816
42,72,0.148787
42,73,0.071484
42,74,0.120552
42,75,-0.113054
42,76,-0.032962
42,77,-0.002967
42,78,-0.039912
42,79,0.031243
42,80,-0.023041
42,81,-0.005466
42,82,-0.014151
42,83,0.007221
42,84,0.021926
42,85,0.025111
42,86,0.003758
42,87,-0.021898
42,88,0.030891
42,89,0.112709
42,90,0.038762
42,91,0.047045
42,92,0.008308
42,93,-0.037595
42,94,0.014281
42,95,0.037209
42,96,0.014865
42,97,0.088010
42,98,0.083897
42,99,0.133732
42,100,0.169997
42,101,0.223803
42,102,0.154547
42,103,0.160866
42,104,0.380743
42,105,0.064670
42,106,-0.008603
42,107,-0.006770
42,108,0.009376
42,109,0.011982
42,110,0.009452
42,111,-0.016946
42,112,0.005534
42,113,0.034463
42,114,-0.036433
42,115,-0.016582
42,116,0.066002
42,117,0.096720
42,118,0.087880
42,119,0.042395
42,120,0.039024
42,121,0.063378
42,122,0.055707
42,123,0.036722
42,124,0.055313
42,125,0.056755
42,126,0.096158
42,127,0.102301
42,128,0.054722
42,129,-0.002473
42,130,-0.045353
42,131,-0.036764
42,132,-0.092333
43,1,0.031767
43,2,-0.000079
43,3,0.092341
43,4,0.023948
43,5,0.043919
43,6,0.037744
43,7,0.094187
43,8,0.136412
43,9,0.109757
43,10,0.017519
43,11,0.021943
43,12,0.108567
43,13,0.091630
43,14,0.138639
43,15,0.102560
43,16,0.114654
43,17,0.056340
43,18,0.000296
43,19,-0.069235
43,20,0.025085
43,21,0.028402
43,22,0.048088
43,23,0.125616
43,24,0.132522
43,25,0.162602
43,26,0.143894
43,27,0.108199
43,28,0.063190
43,29,0.036197
43,30,0.071255
43,31,0.081631
43,32,0.032341
43,33,0.092139
43,34,0.053231
43,35,0.033009
43,36,0.096323
43,37,0.132736
43,38,0.078231
43,39,0.167330
43,40,0.174456
43,41,0.266373
43,42,0.670594
43,43,1.000000
43,44,0.319396
43,45,0.184807
43,46,0.067401
43,47,0.046289
43,48,0.063707
43,49,0.046091
43,50,0.036064
43,51,0.045929
43,52,0.047275
43,53,0.071762
43,54,0.076204
43,55,0.081722
43,56,0.078634
43,57,0.110514
43,58,0.079279
43,59,0.093994
43,60,0.073116
43,61,0.061431
43,62,0.173226
43,63,0.213059
43,64,0.183267
43,65,0.200976
43,66,0.212803
43,67,0.244989
43,68,0.127152
43,69,0.167675
43,70,0.176396
43,71,0.142787
43,72,0.133804
43,73,0.020213
43,74,0.063713
43,75,-0.078456
43,76,-0.001549
43,77,0.052176
43,78,0.022581
43,79,0.043516
43,80,-0.006944
43,81,0.014011
43,82,0.007878
43,83,0.044179
43,84,0.050807
43,85,0.065511
43,86,0.061119
43,87,0.026741
43,88,0.010626
43,89,0.069797
43,90,0.056288
43,91,0.024667
43,92,0.028817
43,93,0.002341
43,94,0.007664
43,95,0.031581
43,96,0.044556
43,97,0.076736
43,98,0.076796
43,99,0.114835
43,100,0.140946
43,101,0.180492
43,102,0.138289
43,103,0.156608
43,104,0.274878
43,105,0.048257
43,106,0.018857
43,107,0.022707
43,108,0.062129
43,109,0.082554
43,110,0.083295
43,111,0.036360
43,112,0.043520
43,113,0.075030
43,114,0.021699
43,115,0.035636
43,116,0.078419
43,117,0.096924
43,118,0.099002
43,119,0.052932
43,120,0.047363
43,121,0.068911
43,122,0.051357
43,123,0.039856
43,124,0.049155
43,125,0.037099
43,126,0.077706
43,127,0.083672
43,128,0.067219
43,129,0.020500
43,130,-0.013631
43,131,-0.018458
43,132,0.012785
44,1,-0.038417
44,2,-0.015772
44,3,0.004389
44,4,-0.021337
44,5,0.002551
44,6,0.011305
44,7,0.033627
44,8,0.035386
44,9,0.038663
44,10,-0.017504
44,11,-0.034574
44,12,-0.011459
44,13,0.015024
44,14,0.091162
44,15,0.062807
44,16,0.056709
44,17,-0.053824
44,18,0.041671
44,19,-0.022729
44,20,0.035396
44,21,-0.111646
44,22,-0.010869
44,23,-0.045015
44,24,-0.029471
44,25,-0.026415
44,26,-0.033714
44,27,-0.042346
44,28,0.032735
44,29,-0.028580
44,30,0.074950
44,31,0.158000
44,32,0.096349
44,33,0.092137
44,34,-0.041225
44,35,0.049729
44,36,0.045258
44,37,0.046784
44,38,-0.005451
44,39,-0.041571
44,40,-0.027822
44,41,0.001850
44,42,0.287344
44,43,0.319396
44,44,1.000000
44,45,0.486938
44,46,-0.007988
44,47,0.018081
44,48,-0.006247
44,49,-0.005920
44,50,0.005799
44,51,0.007623
44,52,0.067341
44,53,-0.006700
44,54,0.034295
44,55,0.028919
44,56,0.003556
44,57,-0.029340
44,58,-0.073010
44,59,-0.051896
44,60,0.042127
44,61,0.015329
44,62,0.056796
44,63,0.040432
44,64,0.016475
44,65,-0.010296
44,66,-0.000615
44,67,0.066730
44,68,-0.005103
44,69,-0.008308
44,70,-0.002547
44,71,-0.043314
44,72,0.010324
44,73,0.015468
44,74,0.082819
44,75,0.067270
44,76,0.019779
44,77,0.013462
44,78,-0.035202
44,79,0.132247
44,80,0.143923
44,81,0.159183
44,82,0.171694
44,83,0.154352
44,84,0.174723
44,85,0.184822
44,86,0.160078
44,87,0.137952
44,88,0.086218
44,89,0.127804
44,90,0.032844
44,91,0.076635
44,92,0.064899
44,93,0.071655
44,94,0.143104
44,95,0.045839
44,96,0.014036
44,97,0.034827
44,98,-0.014252
44,99,-0.002254
44,100,0.067208
44,101,0.074520
44,102,0.067714
44,103,0.056233
44,104,0.146999
44,105,0.114761
44,106,0.065496
44,107,0.083600
44,108,0.082272
44,109,0.137521
44,110,0.185082
44,111,0.076483
44,112,0.116090
44,113,0.096007
44,114,0.065059
44,115,0.077941
44,116,0.079756
44,117,0.030671
44,118,0.117514
44,119,0.016123
44,120,-0.023597
44,121,0.015311
44,122,0.005383
44,123,-0.002994
44,124,-0.042625
44,125,-0.008506
44,126,0.045812
44,127,0.062014
44,128,0.015904
44,129,-0.043423
44,130,-0.077591
44,131,-0.040412
44,132,-0.057257
45,1,-0.061301
45,2,-0.009956
45,3,0.050560
45,4,-0.001260
45,5,0.023181
45,6,0.015964
45,7,0.053562
45,8,0.064517
45,9,0.109027
45,10,0.032805
45,11,0.060714
45,12,0.094700
45,13,0.089809
45,14,0.105677
45,15,0.064767
45,16,0.027406
45,17,0.020031
45,18,0.138623
45,19,0.060314
45,20,0.118975
45,21,0.044527
45,22,0.045366
45,23,0.045527
45,24,0.078989
45,25,0.086774
45,26,0.075351
45,27,0.022501
45,28,0.008323
45,29,0.026612
45,30,0.084604
45,31,0.153866
45,32,0.154089
45,33,0.062478
45,34,0.013626
45,35,0.079238
45,36,0.130035
45,37,0.164013
45,38,0.076246
45,39,0.092136
45,40,0.085207
45,41,0.077300
45,42,0.266005
45,43,0.184807
45,44,0.486938
45,45,1.000000
45,46,0.174728
45,47,0.116332
45,48,0.099647
45,49,0.054235
45,50,0.008469
45,51,0.048944
45,52,0.083241
45,53,0.066204
45,54,0.090871
45,55,0.085212
45,56,0.071285
45,57,0.061924
45,58,0.037525
45,59,0.034561
45,60,0.082191
45,61,0.098870
45,62,0.111013
45,63,0.108571
45,64,0.079009
45,65,0.075920
45,66,0.136335
45,67,0.199657
45,68,0.185552
45,69,0.113562
45,70,0.116721
45,71,0.068592
45,72,0.123703
45,73,0.095568
45,74,0.112491
45,75,0.050018
45,76,0.009206
45,77,0.025095
45,78,0.002874
45,79,0.114804
45,80,0.146046
45,81,0.170712
45,82,0.186291
45,83,0.142166
45,84,0.139628
45,85,0.162902
45,86,0.110228
45,87,0.136852
45,88,0.044690
45,89,0.038591
45,90,0.012892
45,91,0.043042
45,92,0.075717
45,93,0.090331
45,94,0.097721
45,95,0.066434
45,96,0.049979
45,97,0.096831
45,98,0.077655
45,99,0.068213
45,100,0.109046
45,101,0.170751
45,102,0.147550
45,103,0.085029
45,104,0.068253
45,105,0.095552
45,106,0.057839
45,107,0.081177
45,108,0.072290
45,109,0.109157
45,110,0.126948
45,111,0.041197
45,112,0.076486
45,113,0.107494
45,114,0.103811
45,115,0.099161
45,116,0.097354
45,117,0.069727
45,118,0.144906
45,119,0.037315
45,120,-0.015346
45,121,0.023052
45,122,0.052277
45,123,0.042791
45,124,0.008252
45,125,0.046554
45,126,0.041674
45,127,0.046397
45,128,-0.007229
45,129,-0.026703
45,130,-0.062708
45,131,-0.005384
45,132,-0.089027
46,1,0.003464
46,2,0.000607
46,3,0.118673
46,4,0.085462
46,5,0.120941
46,6,0.108483
46,7,0.127505
46,8,0.124568
46,9,0.131017
46,10,0.223846
46,11,0.176264
46,12,0.193483
46,13,0.165726
46,14,0.137939
46,15,0.106039
46,16,0.053451
46,17,0.149131
46,18,0.037824
46,19,0.011052
46,20,0.089144
46,21,0.169210
46,22,0.106143
46,23,0.231653
46,24,0.267302
46,25,0.269996
46,26,0.217564
46,27,0.181327
46,28,0.031272
46,29,0.136263
46,30,0.087093
46,31,0.101490
46,32,0.125239
46,33,0.067992
46,34,0.124434
46,35,0.137018
46,36,0.186769
46,37,0.182293
46,38,0.178064
46,39,0.189534
46,40,0.234881
46,41,0.196841
46,42,0.109305
46,43,0.067401
46,44,-0.007988
46,45,0.174728
46,46,1.000000
46,47,0.644406
46,48,0.504828
46,49,0.406164
46,50,0.241801
46,51,0.231705
46,52,0.160442
46,53,0.195438
46,54,0.163617
46,55,0.171952
46,56,0.145436
46,57,0.171757
46,58,0.127616
46,59,0.123390
46,60,0.077124
46,61,0.116699
46,62,0.114667
46,63,0.150857
46,64,0.187755
46,65,0.250117
46,66,0.320240
46,67,0.245448
46,68,0.357987
46,69,0.348860
46,70,0.294549
46,71,0.246443
46,72,0.218802
46,73,0.175225
46,74,0.112742
46,75,0.080745
46,76,0.007702
46,77,0.020225
46,78,0.041534
46,79,0.066507
46,80,0.053177
46,81,0.051386
46,82,0.073855
46,83,0.098390
46,84,0.026449
46,85,0.015045
46,86,0.008863
46,87,0.085294
46,88,0.077503
46,89,0.008411
46,90,0.029190
46,91,0.000385
46,92,0.038437
46,93,0.035550
46,94,0.025475
46,95,0.020856
46,96,0.055611
46,97,0.107902
46,98,0.155027
46,99,0.163912
46,100,0.073008
46,101,0.170930
46,102,0.193973
46,103,0.086305
46,104,0.019968
46,105,0.002631
46,106,0.035478
46,107,0.069787
46,108,0.086815
46,109,0.082276
46,110,0.066589
46,111,0.118435
46,112,0.115332
46,113,0.146182
46,114,0.076737
46,115,0.065224
46,116,0.103740
46,117,0.126667
46,118,0.096932
46,119,0.066111
46,120,0.051405
46,121,0.090264
46,122,0.070510
46,123,0.061432
46,124,0.122531
46,125,0.124180
46,126,0.102259
46,127,0.076736
46,128,0.071925
46,129,0.052070
46,130,0.041855
46,131,0.078301
46,132,-0.020283
47,1,-0.010144
47,2,-0.029981
47,3,0.058199
47,4,0.056998
47,5,0.068811
47,6,0.059174
47,7,0.078742
47,8,0.071540
47,9,0.057312
47,10,0.149146
47,11,0.100057
47,12,0.100691
47,13,0.092011
47,14,0.069360
47,15,0.061730
47,16,0.054296
47,17,0.086513
47,18,-0.016942
47,19,-0.017407
47,20,0.046539
47,21,0.092438
47,22,0.054401
47,23,0.119597
47,24,0.144123
47,25,0.139931
47,26,0.116982
47,27,0.115965
47,28,0.029599
47,29,0.111009
47,30,0.036812
47,31,0.041463
47,32,0.064012
47,33,0.022690
47,34,0.055023
47,35,0.082052
47,36,0.105647
47,37,0.125092
47,38,0.115251
47,39,0.091721
47,40,0.134665
47,41,0.112833
47,42,0.066947
47,43,0.046289
47,44,0.018081
47,45,0.116332
47,46,0.644406
47,47,1.000000
47,48,0.442288
47,49,0.421955
47,50,0.312177
47,51,0.222154
47,52,0.140403
47,53,0.143096
47,54,0.128030
47,55,0.117985
47,56,0.081341
47,57,0.088601
47,58,0.051985
47,59,0.069855
47,60,0.056730
47,61,0.070416
47,62,0.068097
47,63,0.099865
47,64,0.108556
47,65,0.136654
47,66,0.170897
47,67,0.159327
47,68,0.221017
47,69,0.212623
47,70,0.152657
47,71,0.120668
47,72,0.137073
47,73,0.127090
47,74,0.079039
47,75,0.054192
47,76,-0.020323
47,77,0.014294
47,78,0.019805
47,79,0.047736
47,80,0.041959
47,81,0.046472
47,82,0.067821
47,83,0.070194
47,84,0.008636
47,85,-0.016550
47,86,-0.016964
47,87,0.063513
47,88,0.076773
47,89,0.006719
47,90,0.020150
47,91,0.000325
47,92,0.020072
47,93,0.034250
47,94,0.035423
47,95,0.025376
47,96,0.046075
47,97,0.083090
47,98,0.110684
47,99,0.100902
47,100,0.007604
47,101,0.095429
47,102,0.121059
47,103,0.019800
47,104,0.042819
47,105,0.003345
47,106,0.005561
47,107,0.040026
47,108,0.057028
47,109,0.067888
47,110,0.064189
47,111,0.086229
47,112,0.082773
47,113,0.103952
47,114,0.058196
47,115,0.050946
47,116,0.070482
47,117,0.073568
47,118,0.056281
47,119,0.041207
47,120,0.045960
47,121,0.061475
47,122,0.029639
47,123,0.020924
47,124,0.085488
47,125,0.069921
47,126,0.071393
47,127,0.070382
47,128,0.066327
47,129,0.096691
47,130,0.091456
47,131,0.148482
47,132,0.029456
48,1,0.007184
48,2,0.000011
48,3,0.069165
48,4,0.046476
48,5,0.067453
48,6,0.088773
48,7,0.076500
48,8,0.090474
48,9,0.089605
48,10,0.255626
48,11,0.212409
48,12,0.121914
48,13,0.126636
48,14,0.102011
48,15,0.093053
48,16,0.054543
48,17,0.092929
48,18,0.047093
48,19,0.017367
48,20,0.066508
48,21,0.115556
48,22,0.101059
48,23,0.264926
48,24,0.286816
48,25,0.309469
48,26,0.245874
48,27,0.176843
48,28,0.022978
48,29,0.098317
48,30,0.070814
48,31,0.075645
48,32,0.109960
48,33,0.067703
48,34,0.086930
48,35,0.108008
48,36,0.134266
48,37,0.123191
48,38,0.175539
48,39,0.167622
48,40,0.233636
48,41,0.179678
48,42,0.047734
48,43,0.063707
48,44,-0.006247
48,45,0.099647
48,46,0.504828
48,47,0.442288
48,48,1.000000
48,49,0.680940
48,50,0.494853
48,51,0.433873
48,52,0.313226
48,53,0.305827
48,54,0.251772
48,55,0.245475
48,56,0.187204
48,57,0.174669
48,58,0.124775
48,59,0.117800
48,60,0.081128
48,61,0.079440
48,62,0.088598
48,63,0.157979
48,64,0.218618
48,65,0.267203
48,66,0.311924
48,67,0.195544
48,68,0.331749
48,69,0.409300
48,70,0.324401
48,71,0.241072
48,72,0.207851
48,73,0.145389
48,74,0.090651
48,75,0.080763
48,76,0.034528
48,77,0.014066
48,78,0.033722
48,79,0.027063
48,80,0.014716
48,81,0.026919
48,82,0.061311
48,83,0.103593
48,84,0.064075
48,85,0.018668
48,86,0.014258
48,87,0.094731
48,88,0.129092
48,89,0.049140
48,90,0.038261
48,91,0.005231
48,92,0.035669
48,93,0.032265
48,94,0.028734
48,95,0.031310
48,96,0.043806
48,97,0.054150
48,98,0.098271
48,99,0.115537
48,100,0.048511
48,101,0.090504
48,102,0.107058
48,103,0.041776
48,104,-0.028015
48,105,0.038592
48,106,0.053879
48,107,0.089787
48,108,0.076308
48,109,0.075875
48,110,0.062182
48,111,0.134598
48,112,0.122348
48,113,0.164119
48,114,0.133433
48,115,0.127352
48,116,0.140004
48,117,0.139033
48,118,0.140204
48,119,0.098079
48,120,0.110033
48,121,0.124037
48,122,0.091386
48,123,0.094531
48,124,0.148634
48,125,0.148067
48,126,0.147157
48,127,0.169501
48,128,0.162422
48,129,0.121909
48,130,0.104063
48,131,0.091166
48,132,-0.006273
49,1,0.020584
49,2,0.003358
49,3,0.057477
49,4,0.050412
49,5,0.047339
49,6,0.045989
49,7,0.077013
49,8,0.087573
49,9,0.095017
49,10,0.176362
49,11,0.166356
49,12,0.126135
49,13,0.123653
49,14,0.112377
49,15,0.092905
49,16,0.036755
49,17,0.058785
49,18,0.034852
49,19,-0.021472
49,20,0.029587
49,21,0.069184
49,22,0.103520
49,23,0.198377
49,24,0.192464
49,25,0.208516
49,26,0.181673
49,27,0.117517
49,28,0.018234
49,29,0.071306
49,30,0.064283
49,31,0.064743
49,32,0.086343
49,33,0.073729
49,34,0.093611
49,35,0.074279
49,36,0.106432
49,37,0.091928
49,38,0.110846
49,39,0.102422
49,40,0.172838
49,41,0.140833
49,42,0.037281
49,43,0.046091
49,44,-0.005920
49,45,0.054235
49,46,0.406164
49,47,0.421955
49,48,0.680940
49,49,1.000000
49,50,0.606890
49,51,0.521871
49,52,0.358813
49,53,0.299787
49,54,0.231402
49,55,0.223688
49,56,0.163752
49,57,0.146641
49,58,0.102186
49,59,0.099868
49,60,0.104542
49,61,0.091633
49,62,0.087365
49,63,0.128614
49,64,0.165466
49,65,0.177538
49,66,0.208061
49,67,0.125404
49,68,0.216245
49,69,0.274570
49,70,0.221917
49,71,0.193108
49,72,0.157148
49,73,0.114950
49,74,0.061390
49,75,0.041936
49,76,0.018080
49,77,0.013344
49,78,0.018200
49,79,0.049575
49,80,0.014467
49,81,0.037055
49,82,0.054915
49,83,0.093831
49,84,0.054240
49,85,0.029275
49,86,0.030938
49,87,0.081315
49,88,0.095796
49,89,0.039765
49,90,0.046328
49,91,0.023719
49,92,0.048676
49,93,0.052520
49,94,0.048933
49,95,0.027065
49,96,0.058708
49,97,0.081495
49,98,0.071098
49,99,0.082743
49,100,0.032151
49,101,0.061931
49,102,0.065056
49,103,0.022108
49,104,-0.033578
49,105,0.058006
49,106,0.070372
49,107,0.090217
49,108,0.080570
49,109,0.065525
49,110,0.052962
49,111,0.136002
49,112,0.114320
49,113,0.133007
49,114,0.102806
49,115,0.095690
49,116,0.114973
49,117,0.098673
49,118,0.101945
49,119,0.052659
49,120,0.081274
49,121,0.106649
49,122,0.075121
49,123,0.077968
49,124,0.133783
49,125,0.130776
49,126,0.113403
49,127,0.146849
49,128,0.140994
49,129,0.099970
49,130,0.069694
49,131,0.072156
49,132,0.006993
50,1,0.013445
50,2,0.014746
50,3,0.051249
50,4,0.063237
50,5,0.040919
50,6,0.059545
50,7,0.059534
50,8,0.076656
50,9,0.050322
50,10,0.149824
50,11,0.129911
50,12,0.046219
50,13,0.059732
50,14,0.055392
50,15,0.081771
50,16,0.042715
50,17,0.015332
50,18,0.031838
50,19,-0.006765
50,20,0.005735
50,21,0.031953
50,22,0.077853
50,23,0.173531
50,24,0.156395
50,25,0.154555
50,26,0.128619
50,27,0.097096
50,28,0.043808
50,29,0.045231
50,30,0.041770
50,31,0.039745
50,32,0.049304
50,33,0.051035
50,34,0.054930
50,35,0.048657
50,36,0.055669
50,37,0.028091
50,38,0.042129
50,39,0.041954
50,40,0.112034
50,41,0.112605
50,42,0.017638
50,43,0.036064
50,44,0.005799
50,45,0.008469
50,46,0.241801
50,47,0.312177
50,48,0.494853
50,49,0.606890
50,50,1.000000
50,51,0.446902
50,52,0.415229
50,53,0.327253
50,54,0.272765
50,55,0.265157
50,56,0.169119
50,57,0.118541
50,58,0.087337
50,59,0.076262
50,60,0.066892
50,61,0.048027
50,62,0.051603
50,63,0.078924
50,64,0.112014
50,65,0.112927
50,66,0.111321
50,67,0.052562
50,68,0.149366
50,69,0.182228
50,70,0.135075
50,71,0.124358
50,72,0.091388
50,73,0.053406
50,74,0.010752
50,75,0.011157
50,76,0.011400
50,77,-0.001482
50,78,0.005854
50,79,0.040211
50,80,0.011827
50,81,0.039360
50,82,0.057539
50,83,0.070694
50,84,0.049108
50,85,0.010111
50,86,-0.005342
50,87,0.075662
50,88,0.088634
50,89,0.022951
50,90,0.041163
50,91,0.032299
50,92,0.034797
50,93,0.038211
50,94,0.025808
50,95,0.012377
50,96,0.045329
50,97,0.052654
50,98,0.010291
50,99,0.027055
50,100,-0.002514
50,101,-0.000252
50,102,-0.000118
50,103,-0.013588
50,104,-0.035750
50,105,0.037805
50,106,0.071812
50,107,0.084556
50,108,0.055670
50,109,0.052940
50,110,0.034165
50,111,0.083086
50,112,0.074780
50,113,0.088030
50,114,0.083355
50,115,0.075842
50,116,0.090550
50,117,0.080402
50,118,0.091264
50,119,-0.000080
50,120,0.061168
50,121,0.075103
50,122,0.089697
50,123,0.083356
50,124,0.097978
50,125,0.083267
50,126,0.105073
50,127,0.177604
50,128,0.173480
50,129,0.183960
50,130,0.154350
50,131,0.087623
50,132,0.028860
51,1,0.042215
51,2,0.007096
51,3,0.052064
51,4,0.033953
51,5,0.066358
51,6,0.061339
51,7,0.067710
51,8,0.076713
51,9,0.082415
51,10,0.155348
51,11,0.180826
51,12,0.090075
51,13,0.078007
51,14,0.073052
51,15,0.066327
51,16,0.027797
51,17,0.038781
51,18,0.016179
51,19,-0.012812
51,20,0.005059
51,21,0.052559
51,22,0.163116
51,23,0.261074
51,24,0.207520
51,25,0.242415
51,26,0.226301
51,27,0.137282
51,28,0.029685
51,29,0.062776
51,30,0.044891
51,31,0.012663
51,32,0.041670
51,33,0.053457
51,34,0.072626
51,35,0.046434
51,36,0.077431
51,37,0.063082
51,38,0.042598
51,39,0.106270
51,40,0.150947
51,41,0.133295
51,42,0.048022
51,43,0.045929
51,44,0.007623
51,45,0.048944
51,46,0.231705
51,47,0.222154
51,48,0.433873
51,49,0.521871
51,50,0.446902
51,51,1.000000
51,52,0.590578
51,53,0.504428
51,54,0.383181
51,55,0.323884
51,56,0.229800
51,57,0.190045
51,58,0.140168
51,59,0.128712
51,60,0.110989
51,61,0.099671
51,62,0.106289
51,63,0.146076
51,64,0.143923
51,65,0.146342
51,66,0.158160
51,67,0.102547
51,68,0.170792
51,69,0.203567
51,70,0.213768
51,71,0.195584
51,72,0.161840
51,73,0.117813
51,74,0.067675
51,75,0.016191
51,76,0.031829
51,77,0.014504
51,78,0.024375
51,79,0.007649
51,80,0.006521
51,81,0.015457
51,82,0.056353
51,83,0.081563
51,84,0.043954
51,85,0.010624
51,86,-0.005265
51,87,0.042380
51,88,0.083435
51,89,0.078956
51,90,0.090427
51,91,0.060320
51,92,0.060763
51,93,0.042039
51,94,0.018837
51,95,0.015097
51,96,0.062519
51,97,0.067147
51,98,0.064882
51,99,0.091077
51,100,0.055697
51,101,0.068794
51,102,0.070369
51,103,0.047584
51,104,-0.022869
51,105,0.065331
51,106,0.071868
51,107,0.083253
51,108,0.054089
51,109,0.038172
51,110,0.010267
51,111,0.095144
51,112,0.075667
51,113,0.107523
51,114,0.089860
51,115,0.088910
51,116,0.109830
51,117,0.097772
51,118,0.077630
51,119,0.032058
51,120,0.062305
51,121,0.081696
51,122,0.109893
51,123,0.092874
51,124,0.113991
51,125,0.118565
51,126,0.153507
51,127,0.184238
51,128,0.176524
51,129,0.090305
51,130,0.049725
51,131,0.026579
51,132,0.016172
52,1,0.034523
52,2,0.001608
52,3,0.029890
52,4,0.014912
52,5,0.049287
52,6,0.067216
52,7,0.045915
52,8,0.063577
52,9,0.064973
52,10,0.088634
52,11,0.128907
52,12,0.038755
52,13,0.052792
52,14,0.070455
52,15,0.084563
52,16,0.047149
52,17,0.026331
52,18,0.043284
52,19,-0.005614
52,20,0.038408
52,21,0.021617
52,22,0.118234
52,23,0.201182
52,24,0.165279
52,25,0.223002
52,26,0.168167
52,27,0.099638
52,28,0.049060
52,29,0.032554
52,30,0.027141
52,31,-0.002838
52,32,0.042005
52,33,0.050783
52,34,0.052631
52,35,0.036905
52,36,0.031814
52,37,0.017962
52,38,0.030414
52,39,0.059398
52,40,0.107920
52,41,0.115107
52,42,0.048709
52,43,0.047275
52,44,0.067341
52,45,0.083241
52,46,0.160442
52,47,0.140403
52,48,0.313226
52,49,0.358813
52,50,0.415229
52,51,0.590578
52,52,1.000000
52,53,0.591290
52,54,0.565406
52,55,0.488357
52,56,0.327520
52,57,0.235948
52,58,0.206791
52,59,0.168597
52,60,0.143696
52,61,0.110296
52,62,0.103689
52,63,0.118351
52,64,0.141939
52,65,0.123493
52,66,0.107489
52,67,0.096370
52,68,0.141951
52,69,0.175118
52,70,0.189575
52,71,0.153017
52,72,0.122392
52,73,0.091863
52,74,0.043521
52,75,0.027534
52,76,0.036518
52,77,0.016291
52,78,0.009559
52,79,0.029941
52,80,0.008191
52,81,0.034637
52,82,0.057644
52,83,0.076786
52,84,0.068267
52,85,0.045198
52,86,0.022455
52,87,0.083051
52,88,0.103756
52,89,0.095160
52,90,0.129932
52,91,0.043890
52,92,0.050607
52,93,0.041939
52,94,0.019640
52,95,0.010966
52,96,0.036658
52,97,0.037827
52,98,0.005348
52,99,0.034299
52,100,0.030820
52,101,0.020405
52,102,0.019528
52,103,0.033815
52,104,-0.035990
52,105,0.078176
52,106,0.060603
52,107,0.066979
52,108,0.011850
52,109,0.035784
52,110,0.027082
52,111,0.064702
52,112,0.058821
52,113,0.098454
52,114,0.095797
52,115,0.097161
52,116,0.110280
52,117,0.086464
52,118,0.121777
52,119,0.045031
52,120,0.033481
52,121,0.047495
52,122,0.069755
52,123,0.063199
52,124,0.087599
52,125,0.083733
52,126,0.139781
52,127,0.206393
52,128,0.229800
52,129,0.121269
52,130,0.084929
52,131,0.045640
52,132,0.079423
53,1,0.076317
53,2,0.047746
53,3,0.102788
53,4,0.060894
53,5,0.086076
53,6,0.107416
53,7,0.118724
53,8,0.131123
53,9,0.125974
53,10,0.171347
53,11,0.201729
53,12,0.104626
53,13,0.119393
53,14,0.143430
53,15,0.143023
53,16,0.090021
53,17,0.087354
53,18,0.099974
53,19,0.020556
53,20,0.057444
53,21,0.066145
53,22,0.206033
53,23,0.312750
53,24,0.234656
53,25,0.257698
53,26,0.218730
53,27,0.149845
53,28,0.071550
53,29,0.094610
53,30,0.069043
53,31,0.034538
53,32,0.078766
53,33,0.114674
53,34,0.115867
53,35,0.076376
53,36,0.097596
53,37,0.072750
53,38,0.050279
53,39,0.096788
53,40,0.164570
53,41,0.161875
53,42,0.084695
53,43,0.071762
53,44,-0.006700
53,45,0.066204
53,46,0.195438
53,47,0.143096
53,48,0.305827
53,49,0.299787
53,50,0.327253
53,51,0.504428
53,52,0.591290
53,53,1.000000
53,54,0.766662
53,55,0.590696
53,56,0.498666
53,57,0.414759
53,58,0.318657
53,59,0.271922
53,60,0.152667
53,61,0.119196
53,62,0.143281
53,63,0.134138
53,64,0.179979
53,65,0.170850
53,66,0.176361
53,67,0.157676
53,68,0.189245
53,69,0.210857
53,70,0.220506
53,71,0.212101
53,72,0.166761
53,73,0.105967
53,74,0.083453
53,75,0.006773
53,76,0.078761
53,77,0.064970
53,78,0.071104
53,79,0.052741
53,80,0.015062
53,81,0.025550
53,82,0.045790
53,83,0.085383
53,84,0.059971
53,85,0.039730
53,86,0.005743
53,87,0.083044
53,88,0.121017
53,89,0.114464
53,90,0.124873
53,91,0.034295
53,92,0.047789
53,93,0.035932
53,94,0.001279
53,95,0.009859
53,96,0.057319
53,97,0.055845
53,98,0.041390
53,99,0.097336
53,100,0.087652
53,101,0.084227
53,102,0.075854
53,103,0.063568
53,104,-0.039151
53,105,0.090345
53,106,0.092786
53,107,0.096858
53,108,0.067800
53,109,0.069563
53,110,0.049394
53,111,0.098903
53,112,0.088209
53,113,0.134232
53,114,0.106219
53,115,0.113726
53,116,0.133238
53,117,0.130742
53,118,0.122688
53,119,0.057022
53,120,0.079665
53,121,0.112172
53,122,0.110023
53,123,0.087890
53,124,0.158758
53,125,0.153601
53,126,0.181011
53,127,0.213698
53,128,0.198935
53,129,0.094130
53,130,0.079437
53,131,0.021611
53,132,0.021480
54,1,0.043212
54,2,0.013730
54,3,0.042440
54,4,0.024578
54,5,0.082590
54,6,0.083760
54,7,0.072640
54,8,0.077650
54,9,0.088920
54,10,0.118483
54,11,0.147469
54,12,0.063508
54,13,0.075337
54,14,0.120239
54,15,0.107500
54,16,0.092316
54,17,0.076882
54,18,0.078552
54,19,0.032895
54,20,0.083234
54,21,0.073461
54,22,0.178040
54,23,0.265944
54,24,0.201282
54,25,0.226378
54,26,0.211332
54,27,0.149651
54,28,0.080717
54,29,0.098661
54,30,0.074119
54,31,0.023399
54,32,0.070232
54,33,0.109144
54,34,0.093143
54,35,0.065383
54,36,0.049438
54,37,0.050972
54,38,0.050109
54,39,0.068517
54,40,0.126153
54,41,0.138795
54,42,0.079546
54,43,0.076204
54,44,0.034295
54,45,0.090871
54,46,0.163617
54,47,0.128030
54,48,0.251772
54,49,0.231402
54,50,0.272765
54,51,0.383181
54,52,0.565406
54,53,0.766662
54,54,1.000000
54,55,0.725351
54,56,0.590328
54,57,0.432657
54,58,0.361529
54,59,0.310323
54,60,0.172135
54,61,0.131477
54,62,0.138174
54,63,0.141151
54,64,0.153137
54,65,0.152612
54,66,0.141383
54,67,0.137091
54,68,0.164089
54,69,0.179770
54,70,0.198877
54,71,0.185540
54,72,0.169441
54,73,0.110213
54,74,0.081950
54,75,0.030964
54,76,0.065668
54,77,0.047908
54,78,0.055537
54,79,0.041756
54,80,0.026345
54,81,0.033634
54,82,0.049785
54,83,0.062124
54,84,0.046835
54,85,0.042286
54,86,0.002575
54,87,0.071017
54,88,0.119825
54,89,0.119966
54,90,0.155071
54,91,0.035857
54,92,0.048573
54,93,0.053392
54,94,0.023989
54,95,0.014463
54,96,0.036338
54,97,0.032161
54,98,0.024288
54,99,0.070209
54,100,0.059512
54,101,0.055932
54,102,0.057156
54,103,0.040324
54,104,-0.017042
54,105,0.102534
54,106,0.080887
54,107,0.062217
54,108,0.001846
54,109,0.025841
54,110,0.025978
54,111,0.060771
54,112,0.053721
54,113,0.100855
54,114,0.092421
54,115,0.103144
54,116,0.123868
54,117,0.105716
54,118,0.126501
54,119,0.038873
54,120,0.055812
54,121,0.086878
54,122,0.090628
54,123,0.059530
54,124,0.119711
54,125,0.116877
54,126,0.137800
54,127,0.187785
54,128,0.183459
54,129,0.079299
54,130,0.071695
54,131,0.041576
54,132,0.052892
55,1,0.020840
55,2,-0.000367
55,3,0.040582
55,4,0.024576
55,5,0.060917
55,6,0.059537
55,7,0.070836
55,8,0.071356
55,9,0.060846
55,10,0.080391
55,11,0.118321
55,12,0.067527
55,13,0.079955
55,14,0.114344
55,15,0.098664
55,16,0.049930
55,17,0.045198
55,18,0.134494
55,19,0.002596
55,20,0.072132
55,21,0.054212
55,22,0.152292
55,23,0.235076
55,24,0.165787
55,25,0.189087
55,26,0.171853
55,27,0.108225
55,28,0.067025
55,29,0.082189
55,30,0.064417
55,31,0.018411
55,32,0.033671
55,33,0.085787
55,34,0.096291
55,35,0.053715
55,36,0.041590
55,37,0.016161
55,38,0.009455
55,39,0.006776
55,40,0.065371
55,41,0.084345
55,42,0.078387
55,43,0.081722
55,44,0.028919
55,45,0.085212
55,46,0.171952
55,47,0.117985
55,48,0.245475
55,49,0.223688
55,50,0.265157
55,51,0.323884
55,52,0.488357
55,53,0.590696
55,54,0.725351
55,55,1.000000
55,56,0.556574
55,57,0.378659
55,58,0.298964
55,59,0.240012
55,60,0.098523
55,61,0.095540
55,62,0.098163
55,63,0.078767
55,64,0.109620
55,65,0.095343
55,66,0.090405
55,67,0.111457
55,68,0.142081
55,69,0.136223
55,70,0.150466
55,71,0.144823
55,72,0.111270
55,73,0.059980
55,74,0.036587
55,75,-0.008353
55,76,0.063851
55,77,0.053603
55,78,0.051733
55,79,0.063154
55,80,0.030637
55,81,0.057929
55,82,0.016758
55,83,0.033563
55,84,0.012902
55,85,0.025820
55,86,0.019237
55,87,0.051370
55,88,0.096481
55,89,0.076269
55,90,0.119431
55,91,0.048956
55,92,0.056832
55,93,0.070290
55,94,0.038177
55,95,0.022363
55,96,0.064018
55,97,0.050050
55,98,0.027163
55,99,0.038106
55,100,0.018316
55,101,0.014686
55,102,0.017588
55,103,-0.007677
55,104,-0.028074
55,105,0.105078
55,106,0.111835
55,107,0.106526
55,108,0.025089
55,109,0.052853
55,110,0.026175
55,111,0.055411
55,112,0.030288
55,113,0.107170
55,114,0.125359
55,115,0.121052
55,116,0.119789
55,117,0.100436
55,118,0.146348
55,119,-0.002410
55,120,0.034743
55,121,0.050635
55,122,0.072698
55,123,0.041997
55,124,0.103872
55,125,0.121852
55,126,0.134661
55,127,0.210694
55,128,0.235430
55,129,0.095279
55,130,0.078577
55,131,0.034429
55,132,0.083295
56,1,0.046140
56,2,0.021436
56,3,0.068607
56,4,0.047773
56,5,0.112996
56,6,0.125151
56,7,0.115323
56,8,0.107957
56,9,0.099198
56,10,0.103583
56,11,0.144744
56,12,0.075211
56,13,0.105227
56,14,0.164507
56,15,0.163701
56,16,0.158709
56,17,0.138591
56,18,0.097408
56,19,-0.001724
56,20,0.106543
56,21,0.060652
56,22,0.144868
56,23,0.221597
56,24,0.160906
56,25,0.186076
56,26,0.149401
56,27,0.098800
56,28,0.093092
56,29,0.096538
56,30,0.096585
56,31,0.059333
56,32,0.080481
56,33,0.143278
56,34,0.113919
56,35,0.028428
56,36,0.055322
56,37,0.058482
56,38,0.034228
56,39,0.071685
56,40,0.103309
56,41,0.131825
56,42,0.092705
56,43,0.078634
56,44,0.003556
56,45,0.071285
56,46,0.145436
56,47,0.081341
56,48,0.187204
56,49,0.163752
56,50,0.169119
56,51,0.229800
56,52,0.327520
56,53,0.498666
56,54,0.590328
56,55,0.556574
56,56,1.000000
56,57,0.707669
56,58,0.445376
56,59,0.356689
56,60,0.151303
56,61,0.121342
56,62,0.120016
56,63,0.108004
56,64,0.122205
56,65,0.123614
56,66,0.122569
56,67,0.153870
56,68,0.155010
56,69,0.144528
56,70,0.173392
56,71,0.165165
56,72,0.160711
56,73,0.110927
56,74,0.113310
56,75,0.001699
56,76,0.077035
56,77,0.074347
56,78,0.075902
56,79,0.048121
56,80,0.042201
56,81,0.011086
56,82,0.015924
56,83,0.041518
56,84,0.041074
56,85,0.014962
56,86,-0.008672
56,87,0.042038
56,88,0.166546
56,89,0.163071
56,90,0.165493
56,91,0.047722
56,92,0.075820
56,93,0.071437
56,94,0.032388
56,95,0.033313
56,96,0.045644
56,97,0.040836
56,98,0.045044
56,99,0.078692
56,100,0.058037
56,101,0.038096
56,102,0.056674
56,103,0.037617
56,104,-0.011773
56,105,0.092617
56,106,0.092668
56,107,0.083740
56,108,0.021380
56,109,0.023268
56,110,-0.001524
56,111,0.041838
56,112,0.027370
56,113,0.081082
56,114,0.083447
56,115,0.087238
56,116,0.097610
56,117,0.081575
56,118,0.109903
56,119,0.021188
56,120,0.050753
56,121,0.069942
56,122,0.077871
56,123,0.050792
56,124,0.125196
56,125,0.139251
56,126,0.135770
56,127,0.153571
56,128,0.163010
56,129,0.055925
56,130,0.053415
56,131,-0.010639
56,132,0.005808
57,1,0.076952
57,2,0.057845
57,3,0.125979
57,4,0.077294
57,5,0.129264
57,6,0.123601
57,7,0.166020
57,8,0.176178
57,9,0.164986
57,10,0.105107
57,11,0.152966
57,12,0.137040
57,13,0.170208
57,14,0.216558
57,15,0.193014
57,16,0.178432
57,17,0.179173
57,18,0.078130
57,19,-0.045556
57,20,0.053066
57,21,0.108490
57,22,0.150621
57,23,0.228335
57,24,0.181174
57,25,0.234228
57,26,0.190218
57,27,0.138446
57,28,0.056824
57,29,0.108541
57,30,0.117455
57,31,0.050960
57,32,0.078640
57,33,0.166205
57,34,0.147612
57,35,0.046281
57,36,0.119517
57,37,0.130749
57,38,0.090125
57,39,0.173775
57,40,0.192443
57,41,0.180770
57,42,0.131079
57,43,0.110514
57,44,-0.029340
57,45,0.061924
57,46,0.171757
57,47,0.088601
57,48,0.174669
57,49,0.146641
57,50,0.118541
57,51,0.190045
57,52,0.235948
57,53,0.414759
57,54,0.432657
57,55,0.378659
57,56,0.707669
57,57,1.000000
57,58,0.628180
57,59,0.453696
57,60,0.209611
57,61,0.164505
57,62,0.159721
57,63,0.165529
57,64,0.209079
57,65,0.208573
57,66,0.213515
57,67,0.187925
57,68,0.185234
57,69,0.207364
57,70,0.234547
57,71,0.227341
57,72,0.231977
57,73,0.133594
57,74,0.155882
57,75,-0.033770
57,76,0.070508
57,77,0.104304
57,78,0.103478
57,79,0.051278
57,80,0.033900
57,81,-0.007036
57,82,0.007598
57,83,0.054739
57,84,0.041488
57,85,0.013729
57,86,-0.012912
57,87,0.075153
57,88,0.177813
57,89,0.195083
57,90,0.233693
57,91,0.081707
57,92,0.094237
57,93,0.069627
57,94,0.028196
57,95,0.045117
57,96,0.077789
57,97,0.092373
57,98,0.109059
57,99,0.145999
57,100,0.083454
57,101,0.107460
57,102,0.126192
57,103,0.099622
57,104,-0.003579
57,105,0.064281
57,106,0.061195
57,107,0.070115
57,108,0.060244
57,109,0.050402
57,110,0.019760
57,111,0.076135
57,112,0.040229
57,113,0.121041
57,114,0.058157
57,115,0.056750
57,116,0.100452
57,117,0.116140
57,118,0.095402
57,119,0.059867
57,120,0.079427
57,121,0.116436
57,122,0.108291
57,123,0.079857
57,124,0.164798
57,125,0.195689
57,126,0.160688
57,127,0.136632
57,128,0.144860
57,129,0.047456
57,130,0.034278
57,131,-0.006850
57,132,-0.045658
58,1,0.055096
58,2,0.071507
58,3,0.065895
58,4,0.037229
58,5,0.062003
58,6,0.071782
58,7,0.091911
58,8,0.107484
58,9,0.147897
58,10,0.087695
58,11,0.112905
58,12,0.127686
58,13,0.136102
58,14,0.184863
58,15,0.154324
58,16,0.116863
58,17,0.148103
58,18,0.064590
58,19,-0.010950
58,20,0.074042
58,21,0.164886
58,22,0.115042
58,23,0.171495
58,24,0.140187
58,25,0.189877
58,26,0.170550
58,27,0.156999
58,28,0.052195
58,29,0.109961
58,30,0.078774
58,31,0.017439
58,32,0.057314
58,33,0.144022
58,34,0.165269
58,35,0.056253
58,36,0.082964
58,37,0.120959
58,38,0.090283
58,39,0.137950
58,40,0.153181
58,41,0.144713
58,42,0.055247
58,43,0.079279
58,44,-0.073010
58,45,0.037525
58,46,0.127616
58,47,0.051985
58,48,0.124775
58,49,0.102186
58,50,0.087337
58,51,0.140168
58,52,0.206791
58,53,0.318657
58,54,0.361529
58,55,0.298964
58,56,0.445376
58,57,0.628180
58,58,1.000000
58,59,0.744311
58,60,0.329566
58,61,0.203861
58,62,0.162113
58,63,0.153925
58,64,0.180522
58,65,0.171300
58,66,0.171705
58,67,0.155654
58,68,0.150110
58,69,0.183603
58,70,0.203380
58,71,0.194921
58,72,0.241423
58,73,0.162906
58,74,0.136693
58,75,-0.000860
58,76,0.067688
58,77,0.135228
58,78,0.116057
58,79,0.030010
58,80,0.004455
58,81,-0.000500
58,82,0.012236
58,83,0.044696
58,84,0.023648
58,85,0.016366
58,86,-0.000369
58,87,0.093220
58,88,0.108790
58,89,0.127398
58,90,0.226598
58,91,0.082877
58,92,0.086591
58,93,0.061454
58,94,-0.015598
58,95,0.014067
58,96,0.051758
58,97,0.087475
58,98,0.096783
58,99,0.111916
58,100,0.062851
58,101,0.088057
58,102,0.091744
58,103,0.085666
58,104,-0.021639
58,105,0.047519
58,106,0.030310
58,107,0.035049
58,108,0.015558
58,109,0.020651
58,110,-0.004646
58,111,0.060494
58,112,0.034249
58,113,0.096120
58,114,0.051963
58,115,0.061056
58,116,0.063881
58,117,0.058347
58,118,0.057296
58,119,0.023774
58,120,0.047435
58,121,0.091764
58,122,0.085317
58,123,0.073001
58,124,0.126954
58,125,0.138849
58,126,0.119838
58,127,0.078829
58,128,0.095947
58,129,0.040368
58,130,0.025214
58,131,0.001498
58,132,0.021714
59,1,0.054485
59,2,0.067576
59,3,0.054684
59,4,0.032460
59,5,0.069168
59,6,0.031170
59,7,0.078003
59,8,0.100355
59,9,0.122023
59,10,0.041577
59,11,0.065401
59,12,0.107286
59,13,0.120558
59,14,0.172422
59,15,0.145422
59,16,0.096098
59,17,0.107623
59,18,0.072605
59,19,0.013967
59,20,0.047000
59,21,0.123879
59,22,0.081575
59,23,0.142251
59,24,0.114420
59,25,0.155210
59,26,0.162298
59,27,0.151810
59,28,0.073949
59,29,0.105825
59,30,0.078619
59,31,0.048519
59,32,0.057885
59,33,0.138377
59,34,0.161231
59,35,0.046383
59,36,0.060372
59,37,0.085396
59,38,0.073605
59,39,0.097199
59,40,0.123758
59,41,0.127934
59,42,0.083222
59,43,0.093994
59,44,-0.051896
59,45,0.034561
59,46,0.123390
59,47,0.069855
59,48,0.117800
59,49,0.099868
59,50,0.076262
59,51,0.128712
59,52,0.168597
59,53,0.271922
59,54,0.310323
59,55,0.240012
59,56,0.356689
59,57,0.453696
59,58,0.744311
59,59,1.000000
59,60,0.339930
59,61,0.241206
59,62,0.208707
59,63,0.139270
59,64,0.142375
59,65,0.135341
59,66,0.145622
59,67,0.178824
59,68,0.138167
59,69,0.158360
59,70,0.163266
59,71,0.157741
59,72,0.202299
59,73,0.162776
59,74,0.132139
59,75,-0.025577
59,76,0.031982
59,77,0.100284
59,78,0.070912
59,79,0.015103
59,80,0.005492
59,81,0.013075
59,82,0.032818
59,83,0.035819
59,84,0.002059
59,85,0.011818
59,86,-0.002804
59,87,0.078892
59,88,0.069279
59,89,0.127443
59,90,0.235463
59,91,0.079250
59,92,0.114468
59,93,0.108761
59,94,0.036842
59,95,0.037753
59,96,0.058592
59,97,0.080140
59,98,0.081371
59,99,0.085944
59,100,0.057359
59,101,0.069785
59,102,0.070827
59,103,0.055569
59,104,0.039741
59,105,0.070714
59,106,0.034043
59,107,0.013099
59,108,-0.009444
59,109,-0.017004
59,110,-0.042084
59,111,0.019539
59,112,0.011677
59,113,0.070314
59,114,0.040721
59,115,0.043245
59,116,0.052298
59,117,0.053862
59,118,0.043038
59,119,0.031401
59,120,0.037953
59,121,0.092112
59,122,0.076105
59,123,0.049817
59,124,0.100766
59,125,0.093721
59,126,0.083285
59,127,0.038873
59,128,0.051602
59,129,0.026641
59,130,0.020838
59,131,0.012198
59,132,0.006791
60,1,-0.000282
60,2,0.032662
60,3,0.042656
60,4,0.021373
60,5,0.013559
60,6,0.011578
60,7,0.045481
60,8,0.076402
60,9,0.121057
60,10,0.002576
60,11,0.005274
60,12,0.110846
60,13,0.094862
60,14,0.128085
60,15,0.089409
60,16,0.058448
60,17,0.077676
60,18,-0.003573
60,19,-0.005108
60,20,0.044071
60,21,0.075243
60,22,0.057178
60,23,0.059308
60,24,0.052781
60,25,0.079363
60,26,0.092472
60,27,0.075837
60,28,0.021571
60,29,0.043847
60,30,0.059065
60,31,0.016369
60,32,0.018611
60,33,0.111237
60,34,0.116299
60,35,0.009490
60,36,0.036196
60,37,0.065246
60,38,0.076851
60,39,0.101484
60,40,0.128884
60,41,0.128561
60,42,0.061529
60,43,0.073116
60,44,0.042127
60,45,0.082191
60,46,0.077124
60,47,0.056730
60,48,0.081128
60,49,0.104542
60,50,0.066892
60,51,0.110989
60,52,0.143696
60,53,0.152667
60,54,0.172135
60,55,0.098523
60,56,0.151303
60,57,0.209611
60,58,0.329566
60,59,0.339930
60,60,1.000000
60,61,0.583409
60,62,0.330179
60,63,0.182098
60,64,0.165055
60,65,0.124098
60,66,0.123886
60,67,0.081540
60,68,0.049755
60,69,0.109340
60,70,0.130968
60,71,0.107197
60,72,0.165050
60,73,0.114485
60,74,0.113722
60,75,0.004535
60,76,0.019691
60,77,0.039896
60,78,0.026643
60,79,0.022214
60,80,0.041334
60,81,-0.000860
60,82,0.019622
60,83,0.070565
60,84,0.082228
60,85,0.061219
60,86,0.050375
60,87,0.076855
60,88,0.024153
60,89,0.071099
60,90,0.162365
60,91,0.082708
60,92,0.098086
60,93,0.114077
60,94,0.024818
60,95,0.014133
60,96,0.056921
60,97,0.175629
60,98,0.113369
60,99,0.076760
60,100,0.073562
60,101,0.092962
60,102,0.070937
60,103,0.033537
60,104,-0.048076
60,105,0.039030
60,106,0.019791
60,107,-0.009760
60,108,0.001055
60,109,0.013023
60,110,0.044560
60,111,0.077709
60,112,0.081980
60,113,0.084857
60,114,0.006269
60,115,0.018702
60,116,0.064310
60,117,0.041650
60,118,0.029999
60,119,0.036736
60,120,0.025110
60,121,0.056383
60,122,0.051161
60,123,0.039754
60,124,0.073063
60,125,0.070675
60,126,0.067319
60,127,0.035510
60,128,0.036177
60,129,-0.002113
60,130,0.011904
60,131,-0.010709
60,132,0.002923
61,1,0.034174
61,2,0.038183
61,3,0.036335
61,4,0.014854
61,5,0.050338
61,6,0.045274
61,7,0.071538
61,8,0.098498
61,9,0.162144
61,10,0.034852
61,11,0.018879
61,12,0.150319
61,13,0.126176
61,14,0.149957
61,15,0.099349
61,16,0.055434
61,17,0.078662
61,18,0.027873
61,19,0.056256
61,20,0.061189
61,21,0.075558
61,22,0.040871
61,23,0.050879
61,24,0.061633
61,25,0.102330
61,26,0.118703
61,27,0.091992
61,28,0.025571
61,29,0.060664
61,30,0.077203
61,31,0.039319
61,32,0.066970
61,33,0.096351
61,34,0.140854
61,35,0.048021
61,36,0.085824
61,37,0.115810
61,38,0.110537
61,39,0.144558
61,40,0.157207
61,41,0.145122
61,42,0.076458
61,43,0.061431
61,44,0.015329
61,45,0.098870
61,46,0.116699
61,47,0.070416
61,48,0.079440
61,49,0.091633
61,50,0.048027
61,51,0.099671
61,52,0.110296
61,53,0.119196
61,54,0.131477
61,55,0.095540
61,56,0.121342
61,57,0.164505
61,58,0.203861
61,59,0.241206
61,60,0.583409
61,61,1.000000
61,62,0.555873
61,63,0.229753
61,64,0.203507
61,65,0.163830
61,66,0.142688
61,67,0.086088
61,68,0.090997
61,69,0.134036
61,70,0.158904
61,71,0.156250
61,72,0.203549
61,73,0.140746
61,74,0.094856
61,75,0.021186
61,76,0.015030
61,77,0.017270
61,78,0.025533
61,79,0.033523
61,80,0.061737
61,81,0.046486
61,82,0.026044
61,83,0.058108
61,84,0.054057
61,85,0.035834
61,86,0.015947
61,87,0.045488
61,88,0.020053
61,89,0.036112
61,90,0.071212
61,91,0.081137
61,92,0.094014
61,93,0.118695
61,94,0.066556
61,95,0.042726
61,96,0.088049
61,97,0.242700
61,98,0.161644
61,99,0.123957
61,100,0.115277
61,101,0.133233
61,102,0.117902
61,103,0.063781
61,104,-0.008302
61,105,0.030496
61,106,0.034518
61,107,0.008148
61,108,0.010949
61,109,0.016493
61,110,0.047500
61,111,0.085701
61,112,0.102459
61,113,0.109703
61,114,0.048587
61,115,0.045883
61,116,0.088762
61,117,0.060951
61,118,0.046848
61,119,0.045937
61,120,0.040750
61,121,0.065563
61,122,0.043235
61,123,0.025578
61,124,0.067866
61,125,0.063710
61,126,0.068610
61,127,0.042167
61,128,0.046123
61,129,0.032954
61,130,0.047195
61,131,0.024783
61,132,0.000197
62,1,0.068239
62,2,0.033962
62,3,0.059859
62,4,0.036642
62,5,0.074479
62,6,0.026959
62,7,0.060142
62,8,0.089481
62,9,0.155911
62,10,0.077083
62,11,0.061413
62,12,0.130678
62,13,0.109917
62,14,0.131342
62,15,0.091604
62,16,0.060129
62,17,0.052997
62,18,0.036174
62,19,0.048175
62,20,0.067265
62,21,0.040752
62,22,0.018792
62,23,0.112774
62,24,0.102099
62,25,0.149085
62,26,0.172826
62,27,0.171280
62,28,0.085093
62,29,0.101390
62,30,0.126287
62,31,0.064652
62,32,0.079613
62,33,0.113484
62,34,0.133100
62,35,0.096676
62,36,0.119288
62,37,0.138550
62,38,0.107663
62,39,0.111864
62,40,0.199550
62,41,0.228479
62,42,0.187197
62,43,0.173226
62,44,0.056796
62,45,0.111013
62,46,0.114667
62,47,0.068097
62,48,0.088598
62,49,0.087365
62,50,0.051603
62,51,0.106289
62,52,0.103689
62,53,0.143281
62,54,0.138174
62,55,0.098163
62,56,0.120016
62,57,0.159721
62,58,0.162113
62,59,0.208707
62,60,0.330179
62,61,0.555873
62,62,1.000000
62,63,0.394568
62,64,0.318265
62,65,0.232554
62,66,0.172624
62,67,0.168465
62,68,0.120290
62,69,0.175677
62,70,0.216796
62,71,0.235220
62,72,0.305563
62,73,0.189509
62,74,0.147966
62,75,0.004285
62,76,0.040421
62,77,0.017512
62,78,0.025977
62,79,0.043350
62,80,0.055785
62,81,0.067016
62,82,0.026612
62,83,0.052040
62,84,0.047841
62,85,0.060546
62,86,0.011848
62,87,0.030402
62,88,-0.002772
62,89,0.060370
62,90,0.071101
62,91,0.083045
62,92,0.084153
62,93,0.098258
62,94,0.076991
62,95,0.039377
62,96,0.061329
62,97,0.169070
62,98,0.110983
62,99,0.101252
62,100,0.105319
62,101,0.145233
62,102,0.138211
62,103,0.084251
62,104,0.074850
62,105,0.031066
62,106,0.026412
62,107,0.015051
62,108,0.010156
62,109,0.013810
62,110,0.033463
62,111,0.081334
62,112,0.086153
62,113,0.112354
62,114,0.066295
62,115,0.058748
62,116,0.118822
62,117,0.086417
62,118,0.062947
62,119,0.072194
62,120,0.069669
62,121,0.082798
62,122,0.082172
62,123,0.072032
62,124,0.079762
62,125,0.074406
62,126,0.069386
62,127,0.056698
62,128,0.028880
62,129,0.046997
62,130,0.050353
62,131,0.062351
62,132,0.046537
63,1,0.067941
63,2,-0.001048
63,3,0.097877
63,4,0.065137
63,5,0.198177
63,6,0.093008
63,7,0.106306
63,8,0.118146
63,9,0.133376
63,10,0.172366
63,11,0.126849
63,12,0.115484
63,13,0.103035
63,14,0.115843
63,15,0.086574
63,16,0.098060
63,17,0.115092
63,18,-0.058790
63,19,0.032575
63,20,0.124328
63,21,0.177721
63,22,0.061286
63,23,0.204245
63,24,0.220981
63,25,0.324454
63,26,0.340438
63,27,0.335604
63,28,0.065838
63,29,0.186149
63,30,0.152347
63,31,0.038370
63,32,0.067892
63,33,0.085211
63,34,0.121923
63,35,0.105824
63,36,0.150201
63,37,0.222599
63,38,0.236852
63,39,0.257036
63,40,0.375851
63,41,0.329259
63,42,0.236213
63,43,0.213059
63,44,0.040432
63,45,0.108571
63,46,0.150857
63,47,0.099865
63,48,0.157979
63,49,0.128614
63,50,0.078924
63,51,0.146076
63,52,0.118351
63,53,0.134138
63,54,0.141151
63,55,0.078767
63,56,0.108004
63,57,0.165529
63,58,0.153925
63,59,0.139270
63,60,0.182098
63,61,0.229753
63,62,0.394568
63,63,1.000000
63,64,0.596311
63,65,0.467360
63,66,0.346615
63,67,0.233259
63,68,0.227034
63,69,0.391988
63,70,0.443047
63,71,0.466016
63,72,0.531574
63,73,0.326361
63,74,0.285935
63,75,0.094453
63,76,0.038786
63,77,0.063766
63,78,0.070336
63,79,0.036870
63,80,0.042027
63,81,0.054261
63,82,0.072717
63,83,0.049146
63,84,0.032706
63,85,0.063526
63,86,-0.008275
63,87,0.028260
63,88,0.006042
63,89,0.060996
63,90,0.088966
63,91,0.088843
63,92,0.074565
63,93,0.024827
63,94,0.015574
63,95,0.052708
63,96,0.054944
63,97,0.076145
63,98,0.119473
63,99,0.174412
63,100,0.137596
63,101,0.173175
63,102,0.176846
63,103,0.129468
63,104,0.098246
63,105,0.006990
63,106,0.004104
63,107,-0.005439
63,108,-0.032189
63,109,0.006006
63,110,0.036502
63,111,0.068616
63,112,0.069259
63,113,0.104366
63,114,0.046772
63,115,0.040613
63,116,0.128145
63,117,0.101385
63,118,0.040884
63,119,0.080099
63,120,0.096289
63,121,0.153069
63,122,0.131361
63,123,0.114167
63,124,0.090585
63,125,0.053668
63,126,0.126138
63,127,0.105174
63,128,0.064228
63,129,0.038088
63,130,0.022909
63,131,0.027690
63,132,0.032073
64,1,0.084146
64,2,0.039756
64,3,0.084942
64,4,0.033877
64,5,0.148009
64,6,0.114893
64,7,0.087940
64,8,0.112988
64,9,0.172078
64,10,0.184230
64,11,0.124639
64,12,0.147287
64,13,0.120955
64,14,0.135546
64,15,0.119493
64,16,0.100433
64,17,0.125468
64,18,-0.001448
64,19,0.065739
64,20,0.122807
64,21,0.165296
64,22,0.086929
64,23,0.273966
64,24,0.263476
64,25,0.415654
64,26,0.379915
64,27,0.330979
64,28,0.055752
64,29,0.154433
64,30,0.139341
64,31,0.075799
64,32,0.137702
64,33,0.125184
64,34,0.136686
64,35,0.091759
64,36,0.140884
64,37,0.244788
64,38,0.309738
64,39,0.398091
64,40,0.542826
64,41,0.405783
64,42,0.176902
64,43,0.183267
64,44,0.016475
64,45,0.079009
64,46,0.187755
64,47,0.108556
64,48,0.218618
64,49,0.165466
64,50,0.112014
64,51,0.143923
64,52,0.141939
64,53,0.179979
64,54,0.153137
64,55,0.109620
64,56,0.122205
64,57,0.209079
64,58,0.180522
64,59,0.142375
64,60,0.165055
64,61,0.203507
64,62,0.318265
64,63,0.596311
64,64,1.000000
64,65,0.707582
64,66,0.441773
64,67,0.236013
64,68,0.270083
64,69,0.502816
64,70,0.563304
64,71,0.541590
64,72,0.487346
64,73,0.313066
64,74,0.246681
64,75,0.106978
64,76,0.076912
64,77,0.071119
64,78,0.079620
64,79,0.004374
64,80,0.020620
64,81,0.002888
64,82,0.057465
64,83,0.080122
64,84,0.059516
64,85,0.034643
64,86,-0.028488
64,87,0.048919
64,88,0.049451
64,89,0.065994
64,90,0.068507
64,91,0.062669
64,92,0.066939
64,93,0.026702
64,94,0.018420
64,95,0.056602
64,96,0.049291
64,97,0.081953
64,98,0.126182
64,99,0.163585
64,100,0.110923
64,101,0.154800
64,102,0.176566
64,103,0.127149
64,104,0.056332
64,105,-0.009948
64,106,0.010611
64,107,0.005010
64,108,0.011017
64,109,0.011756
64,110,0.038263
64,111,0.091784
64,112,0.074046
64,113,0.132335
64,114,0.064364
64,115,0.047133
64,116,0.116431
64,117,0.141912
64,118,0.084097
64,119,0.134320
64,120,0.162365
64,121,0.169611
64,122,0.129916
64,123,0.136248
64,124,0.107931
64,125,0.092274
64,126,0.140020
64,127,0.104233
64,128,0.068085
64,129,0.081553
64,130,0.063676
64,131,0.084741
64,132,0.034546
65,1,0.114658
65,2,0.027112
65,3,0.122607
65,4,0.045455
65,5,0.157877
65,6,0.139067
65,7,0.119385
65,8,0.149784
65,9,0.176350
65,10,0.270294
65,11,0.214047
65,12,0.160905
65,13,0.137077
65,14,0.131930
65,15,0.098575
65,16,0.140286
65,17,0.173949
65,18,-0.065561
65,19,0.053598
65,20,0.168440
65,21,0.227929
65,22,0.086439
65,23,0.314370
65,24,0.332105
65,25,0.489835
65,26,0.449233
65,27,0.404827
65,28,0.082468
65,29,0.197763
65,30,0.140197
65,31,0.084485
65,32,0.147193
65,33,0.112369
65,34,0.134413
65,35,0.143758
65,36,0.193458
65,37,0.320677
65,38,0.392098
65,39,0.530428
65,40,0.636100
65,41,0.436758
65,42,0.161960
65,43,0.200976
65,44,-0.010296
65,45,0.075920
65,46,0.250117
65,47,0.136654
65,48,0.267203
65,49,0.177538
65,50,0.112927
65,51,0.146342
65,52,0.123493
65,53,0.170850
65,54,0.152612
65,55,0.095343
65,56,0.123614
65,57,0.208573
65,58,0.171300
65,59,0.135341
65,60,0.124098
65,61,0.163830
65,62,0.232554
65,63,0.467360
65,64,0.707582
65,65,1.000000
65,66,0.683917
65,67,0.295143
65,68,0.365208
65,69,0.621018
65,70,0.679382
65,71,0.592487
65,72,0.485646
65,73,0.291440
65,74,0.217693
65,75,0.133214
65,76,0.028184
65,77,0.045593
65,78,0.062211
65,79,0.012844
65,80,0.017225
65,81,-0.003250
65,82,0.053427
65,83,0.054873
65,84,0.017994
65,85,0.011616
65,86,-0.045300
65,87,0.005842
65,88,0.090756
65,89,0.061987
65,90,0.063745
65,91,0.056273
65,92,0.072014
65,93,0.022147
65,94,0.006636
65,95,0.069428
65,96,0.066760
65,97,0.089797
65,98,0.158987
65,99,0.221425
65,100,0.146686
65,101,0.236770
65,102,0.243467
65,103,0.193618
65,104,0.041390
65,105,-0.040565
65,106,0.003589
65,107,-0.013249
65,108,0.025700
65,109,0.033017
65,110,0.050877
65,111,0.082312
65,112,0.077327
65,113,0.113855
65,114,0.059140
65,115,0.052781
65,116,0.132770
65,117,0.174862
65,118,0.120753
65,119,0.163086
65,120,0.193501
65,121,0.194455
65,122,0.156530
65,123,0.142688
65,124,0.094814
65,125,0.074584
65,126,0.154361
65,127,0.133201
65,128,0.097109
65,129,0.082694
65,130,0.060874
65,131,0.063716
65,132,0.023892
66,1,0.092434
66,2,0.060408
66,3,0.114589
66,4,0.041836
66,5,0.117067
66,6,0.092960
66,7,0.120910
66,8,0.168403
66,9,0.216528
66,10,0.244598
66,11,0.213485
66,12,0.206896
66,13,0.176965
66,14,0.166888
66,15,0.111490
66,16,0.091370
66,17,0.141365
66,18,-0.065042
66,19,-0.017494
66,20,0.112499
66,21,0.213972
66,22,0.098125
66,23,0.300282
66,24,0.321016
66,25,0.452531
66,26,0.402449
66,27,0.304749
66,28,0.029816
66,29,0.164930
66,30,0.103306
66,31,0.087862
66,32,0.118674
66,33,0.116646
66,34,0.149344
66,35,0.116064
66,36,0.186427
66,37,0.280371
66,38,0.352260
66,39,0.452747
66,40,0.485078
66,41,0.427720
66,42,0.218134
66,43,0.212803
66,44,-0.000615
66,45,0.136335
66,46,0.320240
66,47,0.170897
66,48,0.311924
66,49,0.208061
66,50,0.111321
66,51,0.158160
66,52,0.107489
66,53,0.176361
66,54,0.141383
66,55,0.090405
66,56,0.122569
66,57,0.213515
66,58,0.171705
66,59,0.145622
66,60,0.123886
66,61,0.142688
66,62,0.172624
66,63,0.346615
66,64,0.441773
66,65,0.683917
66,66,1.000000
66,67,0.405989
66,68,0.443029
66,69,0.650878
66,70,0.607109
66,71,0.470808
66,72,0.374068
66,73,0.233550
66,74,0.157357
66,75,0.071994
66,76,-0.047201
66,77,0.011355
66,78,0.020400
66,79,0.011277
66,80,-0.015086
66,81,-0.027151
66,82,0.009803
66,83,0.035621
66,84,-0.011706
66,85,-0.007832
66,86,-0.020951
66,87,0.021901
66,88,0.114589
66,89,0.087198
66,90,0.035049
66,91,0.014551
66,92,0.028777
66,93,-0.016478
66,94,-0.038921
66,95,0.038713
66,96,0.041234
66,97,0.098484
66,98,0.166327
66,99,0.216072
66,100,0.134276
66,101,0.229160
66,102,0.247659
66,103,0.219230
66,104,0.025868
66,105,-0.033340
66,106,0.001369
66,107,0.002877
66,108,0.056207
66,109,0.040255
66,110,0.041642
66,111,0.085383
66,112,0.074535
66,113,0.103878
66,114,0.051936
66,115,0.054248
66,116,0.127647
66,117,0.205750
66,118,0.176546
66,119,0.167577
66,120,0.169460
66,121,0.163652
66,122,0.136973
66,123,0.098739
66,124,0.068077
66,125,0.066542
66,126,0.128288
66,127,0.133684
66,128,0.114027
66,129,0.074354
66,130,0.044171
66,131,0.053545
66,132,-0.032438
67,1,0.086324
67,2,0.015745
67,3,0.088970
67,4,0.001468
67,5,0.065232
67,6,-0.004358
67,7,0.107471
67,8,0.144145
67,9,0.129547
67,10,0.130946
67,11,0.130148
67,12,0.146117
67,13,0.172122
67,14,0.186839
67,15,0.138692
67,16,0.088512
67,17,0.060852
67,18,0.100163
67,19,0.098416
67,20,0.117372
67,21,0.093804
67,22,0.089004
67,23,0.246336
67,24,0.221431
67,25,0.297632
67,26,0.273239
67,27,0.215579
67,28,0.114926
67,29,0.147000
67,30,0.140122
67,31,0.159374
67,32,0.168865
67,33,0.132138
67,34,0.108342
67,35,0.052373
67,36,0.095647
67,37,0.165027
67,38,0.141491
67,39,0.171600
67,40,0.205223
67,41,0.207884
67,42,0.289866
67,43,0.244989
67,44,0.066730
67,45,0.199657
67,46,0.245448
67,47,0.159327
67,48,0.195544
67,49,0.125404
67,50,0.052562
67,51,0.102547
67,52,0.096370
67,53,0.157676
67,54,0.137091
67,55,0.111457
67,56,0.153870
67,57,0.187925
67,58,0.155654
67,59,0.178824
67,60,0.081540
67,61,0.086088
67,62,0.168465
67,63,0.233259
67,64,0.236013
67,65,0.295143
67,66,0.405989
67,67,1.000000
67,68,0.541836
67,69,0.392942
67,70,0.328419
67,71,0.237970
67,72,0.253971
67,73,0.205810
67,74,0.218638
67,75,0.026259
67,76,0.064597
67,77,0.083177
67,78,0.063729
67,79,0.047055
67,80,0.055042
67,81,0.047991
67,82,0.050479
67,83,0.053831
67,84,0.042165
67,85,0.041522
67,86,-0.009817
67,87,-0.005146
67,88,0.022423
67,89,0.121601
67,90,0.081173
67,91,0.064035
67,92,0.058170
67,93,0.033915
67,94,0.025048
67,95,0.038209
67,96,0.056264
67,97,0.095482
67,98,0.094630
67,99,0.137221
67,100,0.098812
67,101,0.148559
67,102,0.142530
67,103,0.092873
67,104,0.147679
67,105,0.112783
67,106,0.053065
67,107,0.034133
67,108,-0.001680
67,109,-0.004618
67,110,-0.013388
67,111,0.001583
67,112,-0.007105
67,113,0.051421
67,114,0.011562
67,115,0.035237
67,116,0.103143
67,117,0.120026
67,118,0.098102
67,119,0.114653
67,120,0.131287
67,121,0.105509
67,122,0.090926
67,123,0.068809
67,124,0.072530
67,125,0.051747
67,126,0.093579
67,127,0.076753
67,128,0.041448
67,129,0.063231
67,130,0.037963
67,131,0.057842
67,132,-0.037260
68,1,0.064154
68,2,0.014192
68,3,0.095018
68,4,0.030182
68,5,0.096788
68,6,0.069883
68,7,0.105529
68,8,0.139361
68,9,0.137310
68,10,0.253632
68,11,0.217197
68,12,0.157794
68,13,0.151587
68,14,0.134857
68,15,0.108534
68,16,0.048016
68,17,0.088775
68,18,0.037717
68,19,0.029867
68,20,0.104167
68,21,0.151674
68,22,0.113251
68,23,0.321360
68,24,0.322031
68,25,0.389965
68,26,0.336693
68,27,0.239712
68,28,0.058126
68,29,0.150267
68,30,0.093642
68,31,0.096879
68,32,0.145675
68,33,0.069737
68,34,0.089336
68,35,0.095462
68,36,0.147241
68,37,0.193640
68,38,0.213073
68,39,0.240619
68,40,0.281335
68,41,0.252444
68,42,0.171767
68,43,0.127152
68,44,-0.005103
68,45,0.185552
68,46,0.357987
68,47,0.221017
68,48,0.331749
68,49,0.216245
68,50,0.149366
68,51,0.170792
68,52,0.141951
68,53,0.189245
68,54,0.164089
68,55,0.142081
68,56,0.155010
68,57,0.185234
68,58,0.150110
68,59,0.138167
68,60,0.049755
68,61,0.090997
68,62,0.120290
68,63,0.227034
68,64,0.270083
68,65,0.365208
68,66,0.443029
68,67,0.541836
68,68,1.000000
68,69,0.532861
68,70,0.430503
68,71,0.331601
68,72,0.304548
68,73,0.227808
68,74,0.163199
68,75,0.089774
68,76,0.003195
68,77,0.008020
68,78,0.036223
68,79,0.027041
68,80,0.009005
68,81,0.020464
68,82,0.033011
68,83,0.033919
68,84,-0.002079
68,85,-0.002066
68,86,-0.022804
68,87,0.033522
68,88,0.082247
68,89,0.060831
68,90,0.029369
68,91,0.020968
68,92,0.051386
68,93,0.042237
68,94,0.010035
68,95,0.040687
68,96,0.055897
68,97,0.082020
68,98,0.124673
68,99,0.163026
68,100,0.100392
68,101,0.149045
68,102,0.159295
68,103,0.103396
68,104,0.058062
68,105,0.016187
68,106,0.033829
68,107,0.058668
68,108,0.041189
68,109,0.031218
68,110,0.031546
68,111,0.046568
68,112,0.033549
68,113,0.092964
68,114,0.073790
68,115,0.071204
68,116,0.114223
68,117,0.144377
68,118,0.099213
68,119,0.101949
68,120,0.119844
68,121,0.128280
68,122,0.102304
68,123,0.078382
68,124,0.086111
68,125,0.087201
68,126,0.131981
68,127,0.098878
68,128,0.067226
68,129,0.057205
68,130,0.029377
68,131,0.045663
68,132,-0.038059
69,1,0.111934
69,2,0.054967
69,3,0.083964
69,4,0.011819
69,5,0.119431
69,6,0.100973
69,7,0.081640
69,8,0.129281
69,9,0.184156
69,10,0.297312
69,11,0.225243
69,12,0.158550
69,13,0.137711
69,14,0.127920
69,15,0.092665
69,16,0.075268
69,17,0.119964
69,18,-0.042360
69,19,0.033614
69,20,0.128896
69,21,0.209053
69,22,0.120872
69,23,0.366020
69,24,0.393274
69,25,0.584381
69,26,0.482709
69,27,0.408021
69,28,0.073741
69,29,0.192694
69,30,0.117415
69,31,0.090162
69,32,0.154731
69,33,0.086686
69,34,0.128302
69,35,0.113038
69,36,0.150384
69,37,0.226480
69,38,0.301118
69,39,0.387109
69,40,0.452996
69,41,0.397022
69,42,0.152681
69,43,0.167675
69,44,-0.008308
69,45,0.113562
69,46,0.348860
69,47,0.212623
69,48,0.409300
69,49,0.274570
69,50,0.182228
69,51,0.203567
69,52,0.175118
69,53,0.210857
69,54,0.179770
69,55,0.136223
69,56,0.144528
69,57,0.207364
69,58,0.183603
69,59,0.158360
69,60,0.109340
69,61,0.134036
69,62,0.175677
69,63,0.391988
69,64,0.502816
69,65,0.621018
69,66,0.650878
69,67,0.392942
69,68,0.532861
69,69,1.000000
69,70,0.777057
69,71,0.564024
69,72,0.456760
69,73,0.309602
69,74,0.223140
69,75,0.137882
69,76,0.025656
69,77,0.055425
69,78,0.078520
69,79,-0.002165
69,80,0.007291
69,81,0.010767
69,82,0.054557
69,83,0.061776
69,84,0.017324
69,85,0.012539
69,86,-0.029011
69,87,0.064546
69,88,0.122347
69,89,0.083052
69,90,0.051323
69,91,0.052165
69,92,0.060478
69,93,0.016731
69,94,-0.002805
69,95,0.047564
69,96,0.053172
69,97,0.078534
69,98,0.139961
69,99,0.194739
69,100,0.119550
69,101,0.199924
69,102,0.211541
69,103,0.163825
69,104,0.031891
69,105,-0.017232
69,106,0.005034
69,107,0.010207
69,108,0.047408
69,109,0.047207
69,110,0.059902
69,111,0.086841
69,112,0.073789
69,113,0.115407
69,114,0.085652
69,115,0.081420
69,116,0.148632
69,117,0.192898
69,118,0.157809
69,119,0.146819
69,120,0.170663
69,121,0.174807
69,122,0.175613
69,123,0.114593
69,124,0.088821
69,125,0.073753
69,126,0.159434
69,127,0.169533
69,128,0.142291
69,129,0.123402
69,130,0.082569
69,131,0.086373
69,132,-0.000032
70,1,0.117206
70,2,0.062365
70,3,0.108203
70,4,0.040269
70,5,0.135126
70,6,0.113632
70,7,0.105887
70,8,0.147608
70,9,0.193208
70,10,0.302021
70,11,0.236718
70,12,0.175483
70,13,0.149517
70,14,0.147468
70,15,0.110306
70,16,0.093709
70,17,0.160521
70,18,-0.049522
70,19,0.023476
70,20,0.140084
70,21,0.222880
70,22,0.134607
70,23,0.415378
70,24,0.440795
70,25,0.669941
70,26,0.588880
70,27,0.476513
70,28,0.079389
70,29,0.194582
70,30,0.131203
70,31,0.094337
70,32,0.166752
70,33,0.114291
70,34,0.154331
70,35,0.128535
70,36,0.180275
70,37,0.246199
70,38,0.301711
70,39,0.418031
70,40,0.489032
70,41,0.394808
70,42,0.160606
70,43,0.176396
70,44,-0.002547
70,45,0.116721
70,46,0.294549
70,47,0.152657
70,48,0.324401
70,49,0.221917
70,50,0.135075
70,51,0.213768
70,52,0.189575
70,53,0.220506
70,54,0.198877
70,55,0.150466
70,56,0.173392
70,57,0.234547
70,58,0.203380
70,59,0.163266
70,60,0.130968
70,61,0.158904
70,62,0.216796
70,63,0.443047
70,64,0.563304
70,65,0.679382
70,66,0.607109
70,67,0.328419
70,68,0.430503
70,69,0.777057
70,70,1.000000
70,71,0.738179
70,72,0.547775
70,73,0.336895
70,74,0.234948
70,75,0.144898
70,76,0.028628
70,77,0.055238
70,78,0.072380
70,79,-0.014332
70,80,0.013398
70,81,-0.005718
70,82,0.042966
70,83,0.065878
70,84,0.022006
70,85,0.025171
70,86,-0.018460
70,87,0.064788
70,88,0.098552
70,89,0.055918
70,90,0.068373
70,91,0.072769
70,92,0.086796
70,93,0.030480
70,94,0.004105
70,95,0.068152
70,96,0.065175
70,97,0.092287
70,98,0.149077
70,99,0.214125
70,100,0.148931
70,101,0.223564
70,102,0.241108
70,103,0.206541
70,104,0.009527
70,105,-0.034192
70,106,-0.008083
70,107,-0.013807
70,108,0.030322
70,109,0.026896
70,110,0.043510
70,111,0.089301
70,112,0.061482
70,113,0.111145
70,114,0.073965
70,115,0.062279
70,116,0.135983
70,117,0.181106
70,118,0.127495
70,119,0.134373
70,120,0.164320
70,121,0.183828
70,122,0.179016
70,123,0.132930
70,124,0.120105
70,125,0.096908
70,126,0.172853
70,127,0.166296
70,128,0.123514
70,129,0.096996
70,130,0.056829
70,131,0.054195
70,132,-0.005811
71,1,0.121480
71,2,0.067313
71,3,0.144845
71,4,0.075302
71,5,0.182974
71,6,0.130708
71,7,0.119283
71,8,0.152543
71,9,0.213349
71,10,0.265468
71,11,0.219230
71,12,0.195729
71,13,0.150522
71,14,0.151291
71,15,0.100026
71,16,0.087105
71,17,0.174830
71,18,-0.036795
71,19,0.010397
71,20,0.104506
71,21,0.233464
71,22,0.120242
71,23,0.394162
71,24,0.376209
71,25,0.584637
71,26,0.593759
71,27,0.446976
71,28,0.081161
71,29,0.201038
71,30,0.135939
71,31,0.102570
71,32,0.144480
71,33,0.090138
71,34,0.166219
71,35,0.130476
71,36,0.186371
71,37,0.224967
71,38,0.251745
71,39,0.370199
71,40,0.454112
71,41,0.358023
71,42,0.136816
71,43,0.142787
71,44,-0.043314
71,45,0.068592
71,46,0.246443
71,47,0.120668
71,48,0.241072
71,49,0.193108
71,50,0.124358
71,51,0.195584
71,52,0.153017
71,53,0.212101
71,54,0.185540
71,55,0.144823
71,56,0.165165
71,57,0.227341
71,58,0.194921
71,59,0.157741
71,60,0.107197
71,61,0.156250
71,62,0.235220
71,63,0.466016
71,64,0.541590
71,65,0.592487
71,66,0.470808
71,67,0.237970
71,68,0.331601
71,69,0.564024
71,70,0.738179
71,71,1.000000
71,72,0.663926
71,73,0.392793
71,74,0.249251
71,75,0.139103
71,76,0.053809
71,77,0.093368
71,78,0.121064
71,79,0.007406
71,80,-0.001542
71,81,-0.000015
71,82,0.045737
71,83,0.051070
71,84,0.006121
71,85,0.004631
71,86,-0.045245
71,87,0.042351
71,88,0.053265
71,89,0.043472
71,90,0.066337
71,91,0.066512
71,92,0.076122
71,93,0.026272
71,94,0.008466
71,95,0.083923
71,96,0.086136
71,97,0.095223
71,98,0.143379
71,99,0.202905
71,100,0.154720
71,101,0.192951
71,102,0.209402
71,103,0.185779
71,104,-0.001240
71,105,-0.023250
71,106,0.017723
71,107,0.009892
71,108,0.036549
71,109,0.035318
71,110,0.053721
71,111,0.098478
71,112,0.083622
71,113,0.122991
71,114,0.083174
71,115,0.067000
71,116,0.117343
71,117,0.135189
71,118,0.070615
71,119,0.101115
71,120,0.127118
71,121,0.180872
71,122,0.168430
71,123,0.148175
71,124,0.136575
71,125,0.119619
71,126,0.169116
71,127,0.123826
71,128,0.077604
71,129,0.040960
71,130,0.007838
71,131,0.013219
71,132,-0.010814
72,1,0.123159
72,2,0.030517
72,3,0.173309
72,4,0.102291
72,5,0.235523
72,6,0.142582
72,7,0.158512
72,8,0.174292
72,9,0.215685
72,10,0.269062
72,11,0.189033
72,12,0.191960
72,13,0.163558
72,14,0.177596
72,15,0.130053
72,16,0.119144
72,17,0.192142
72,18,-0.011984
72,19,0.080973
72,20,0.128697
72,21,0.207936
72,22,0.107620
72,23,0.305220
72,24,0.316130
72,25,0.437896
72,26,0.455814
72,27,0.444235
72,28,0.144573
72,29,0.262110
72,30,0.230490
72,31,0.170121
72,32,0.223849
72,33,0.116347
72,34,0.154777
72,35,0.162747
72,36,0.202911
72,37,0.267628
72,38,0.280248
72,39,0.318199
72,40,0.411323
72,41,0.323388
72,42,0.148787
72,43,0.133804
72,44,0.010324
72,45,0.123703
72,46,0.218802
72,47,0.137073
72,48,0.207851
72,49,0.157148
72,50,0.091388
72,51,0.161840
72,52,0.122392
72,53,0.166761
72,54,0.169441
72,55,0.111270
72,56,0.160711
72,57,0.231977
72,58,0.241423
72,59,0.202299
72,60,0.165050
72,61,0.203549
72,62,0.305563
72,63,0.531574
72,64,0.487346
72,65,0.485646
72,66,0.374068
72,67,0.253971
72,68,0.304548
72,69,0.456760
72,70,0.547775
72,71,0.663926
72,72,1.000000
72,73,0.633839
72,74,0.429554
72,75,0.198881
72,76,0.101810
72,77,0.114003
72,78,0.148490
72,79,0.042897
72,80,0.029115
72,81,0.048960
72,82,0.082590
72,83,0.081279
72,84,0.032572
72,85,0.023922
72,86,-0.022183
72,87,0.061070
72,88,0.039345
72,89,0.071536
72,90,0.108660
72,91,0.105709
72,92,0.094646
72,93,0.036744
72,94,0.038048
72,95,0.079857
72,96,0.091747
72,97,0.113253
72,98,0.153902
72,99,0.199990
72,100,0.136247
72,101,0.202742
72,102,0.220613
72,103,0.142681
72,104,0.042759
72,105,0.011581
72,106,0.022636
72,107,0.018461
72,108,-0.003447
72,109,0.024496
72,110,0.064036
72,111,0.109410
72,112,0.079049
72,113,0.111150
72,114,0.080023
72,115,0.066380
72,116,0.113867
72,117,0.101237
72,118,0.017363
72,119,0.080276
72,120,0.104188
72,121,0.162501
72,122,0.145695
72,123,0.146218
72,124,0.148650
72,125,0.135158
72,126,0.167464
72,127,0.104209
72,128,0.032890
72,129,0.008293
72,130,-0.010345
72,131,-0.000567
72,132,0.004953
73,1,0.069935
73,2,0.000598
73,3,0.153273
73,4,0.114725
73,5,0.304521
73,6,0.180524
73,7,0.173091
73,8,0.144816
73,9,0.138425
73,10,0.242952
73,11,0.173081
73,12,0.101608
73,13,0.103593
73,14,0.121269
73,15,0.164213
73,16,0.142333
73,17,0.156337
73,18,-0.022236
73,19,0.116230
73,20,0.134949
73,21,0.105198
73,22,0.085085
73,23,0.192977
73,24,0.176742
73,25,0.262615
73,26,0.289645
73,27,0.293268
73,28,0.183641
73,29,0.286695
73,30,0.278213
73,31,0.221696
73,32,0.257314
73,33,0.153825
73,34,0.134986
73,35,0.122788
73,36,0.105391
73,37,0.165440
73,38,0.186098
73,39,0.156363
73,40,0.232567
73,41,0.192988
73,42,0.071484
73,43,0.020213
73,44,0.015468
73,45,0.095568
73,46,0.175225
73,47,0.127090
73,48,0.145389
73,49,0.114950
73,50,0.053406
73,51,0.117813
73,52,0.091863
73,53,0.105967
73,54,0.110213
73,55,0.059980
73,56,0.110927
73,57,0.133594
73,58,0.162906
73,59,0.162776
73,60,0.114485
73,61,0.140746
73,62,0.189509
73,63,0.326361
73,64,0.313066
73,65,0.291440
73,66,0.233550
73,67,0.205810
73,68,0.227808
73,69,0.309602
73,70,0.336895
73,71,0.392793
73,72,0.633839
73,73,1.000000
73,74,0.703250
73,75,0.266314
73,76,0.168750
73,77,0.119956
73,78,0.151234
73,79,0.041064
73,80,0.004045
73,81,0.044272
73,82,0.092216
73,83,0.105172
73,84,0.067361
73,85,0.033222
73,86,-0.012400
73,87,0.006952
73,88,0.038093
73,89,0.084647
73,90,0.093825
73,91,0.125604
73,92,0.091157
73,93,0.033429
73,94,0.051559
73,95,0.051306
73,96,0.056117
73,97,0.085056
73,98,0.096538
73,99,0.112396
73,100,0.074316
73,101,0.135636
73,102,0.124942
73,103,0.067719
73,104,0.072634
73,105,0.072941
73,106,0.052034
73,107,0.062141
73,108,0.005509
73,109,0.026372
73,110,0.059405
73,111,0.111709
73,112,0.068449
73,113,0.092770
73,114,0.068100
73,115,0.072713
73,116,0.087502
73,117,0.029765
73,118,-0.024215
73,119,0.046268
73,120,0.080964
73,121,0.136400
73,122,0.109249
73,123,0.127681
73,124,0.136394
73,125,0.137420
73,126,0.117276
73,127,0.057554
73,128,-0.009400
73,129,-0.006835
73,130,-0.035146
73,131,-0.009933
73,132,0.071938
74,1,0.110981
74,2,0.028115
74,3,0.184121
74,4,0.153151
74,5,0.327606
74,6,0.210370
74,7,0.251734
74,8,0.202496
74,9,0.115534
74,10,0.208895
74,11,0.136838
74,12,0.059904
74,13,0.105295
74,14,0.167051
74,15,0.234663
74,16,0.212061
74,17,0.132951
74,18,0.078211
74,19,0.148939
74,20,0.210658
74,21,0.084169
74,22,0.053090
74,23,0.122381
74,24,0.152729
74,25,0.177820
74,26,0.184552
74,27,0.224948
74,28,0.174671
74,29,0.291552
74,30,0.319407
74,31,0.239222
74,32,0.289456
74,33,0.212026
74,34,0.135502
74,35,0.109886
74,36,0.104818
74,37,0.167532
74,38,0.148068
74,39,0.119222
74,40,0.179121
74,41,0.166271
74,42,0.120552
74,43,0.063713
74,44,0.082819
74,45,0.112491
74,46,0.112742
74,47,0.079039
74,48,0.090651
74,49,0.061390
74,50,0.010752
74,51,0.067675
74,52,0.043521
74,53,0.083453
74,54,0.081950
74,55,0.036587
74,56,0.113310
74,57,0.155882
74,58,0.136693
74,59,0.132139
74,60,0.113722
74,61,0.094856
74,62,0.147966
74,63,0.285935
74,64,0.246681
74,65,0.217693
74,66,0.157357
74,67,0.218638
74,68,0.163199
74,69,0.223140
74,70,0.234948
74,71,0.249251
74,72,0.429554
74,73,0.703250
74,74,1.000000
74,75,0.340420
74,76,0.237838
74,77,0.128104
74,78,0.135724
74,79,0.100507
74,80,0.061404
74,81,0.061838
74,82,0.067963
74,83,0.079693
74,84,0.064068
74,85,0.052298
74,86,0.008083
74,87,0.014407
74,88,0.034613
74,89,0.122157
74,90,0.121191
74,91,0.125380
74,92,0.111140
74,93,0.059395
74,94,0.091867
74,95,0.078835
74,96,0.085850
74,97,0.104714
74,98,0.091482
74,99,0.130833
74,100,0.113180
74,101,0.141418
74,102,0.129339
74,103,0.108709
74,104,0.112323
74,105,0.103457
74,106,0.096166
74,107,0.097023
74,108,0.053814
74,109,0.076137
74,110,0.070256
74,111,0.091355
74,112,0.047586
74,113,0.105684
74,114,0.067494
74,115,0.091177
74,116,0.106400
74,117,0.057598
74,118,0.012764
74,119,0.050014
74,120,0.077392
74,121,0.147186
74,122,0.131818
74,123,0.153661
74,124,0.117445
74,125,0.139247
74,126,0.130408
74,127,0.076149
74,128,0.011146
74,129,-0.024161
74,130,-0.052594
74,131,-0.027554
74,132,0.063834
75,1,0.005060
75,2,-0.023755
75,3,0.024581
75,4,-0.004204
75,5,0.212640
75,6,0.216130
75,7,0.048962
75,8,0.013872
75,9,-0.029798
75,10,0.186145
75,11,0.074453
75,12,-0.059606
75,13,-0.048219
75,14,-0.043994
75,15,0.007263
75,16,0.080335
75,17,0.072170
75,18,0.039151
75,19,0.300595
75,20,0.319698
75,21,0.181322
75,22,-0.000609
75,23,0.045861
75,24,0.100424
75,25,0.106354
75,26,0.088780
75,27,0.140469
75,28,0.080234
75,29,0.236320
75,30,0.050412
75,31,0.041976
75,32,0.215491
75,33,-0.005828
75,34,-0.070433
75,35,0.083064
75,36,0.026618
75,37,0.146471
75,38,0.151413
75,39,0.075995
75,40,0.125586
75,41,0.058630
75,42,-0.113054
75,43,-0.078456
75,44,0.067270
75,45,0.050018
75,46,0.080745
75,47,0.054192
75,48,0.080763
75,49,0.041936
75,50,0.011157
75,51,0.016191
75,52,0.027534
75,53,0.006773
75,54,0.030964
75,55,-0.008353
75,56,0.001699
75,57,-0.033770
75,58,-0.000860
75,59,-0.025577
75,60,0.004535
75,61,0.021186
75,62,0.004285
75,63,0.094453
75,64,0.106978
75,65,0.133214
75,66,0.071994
75,67,0.026259
75,68,0.089774
75,69,0.137882
75,70,0.144898
75,71,0.139103
75,72,0.198881
75,73,0.266314
75,74,0.340420
75,75,1.000000
75,76,0.333432
75,77,0.093880
75,78,0.120203
75,79,0.054378
75,80,0.105067
75,81,0.106838
75,82,0.173235
75,83,0.122851
75,84,0.077705
75,85,0.025682
75,86,0.025321
75,87,0.018678
75,88,0.145545
75,89,0.003023
75,90,0.016841
75,91,0.036566
75,92,0.065191
75,93,0.042284
75,94,0.041960
75,95,0.027932
75,96,0.011830
75,97,-0.000216
75,98,0.034322
75,99,0.041238
75,100,-0.003688
75,101,0.051933
75,102,0.061590
75,103,0.022486
75,104,-0.086310
75,105,-0.055935
75,106,0.010994
75,107,0.008741
75,108,0.021369
75,109,0.056545
75,110,0.076394
75,111,0.099678
75,112,0.086987
75,113,0.061551
75,114,0.063492
75,115,0.068138
75,116,0.044356
75,117,0.057820
75,118,0.089426
75,119,0.091674
75,120,0.054790
75,121,0.054887
75,122,0.030672
75,123,0.041929
75,124,0.030193
75,125,0.029532
75,126,0.054068
75,127,0.045893
75,128,0.030131
75,129,0.042304
75,130,0.021529
75,131,0.030258
75,132,0.009850
76,1,0.075978
76,2,0.005220
76,3,0.158649
76,4,0.105378
76,5,0.201597
76,6,0.230683
76,7,0.155027
76,8,0.153817
76,9,0.064420
76,10,0.080413
76,11,0.107459
76,12,0.076998
76,13,0.097693
76,14,0.065035
76,15,0.091777
76,16,0.084528
76,17,0.127830
76,18,0.183002
76,19,0.197668
76,20,0.181887
76,21,0.035371
76,22,0.028833
76,23,0.064591
76,24,0.072833
76,25,0.050729
76,26,0.054730
76,27,0.056915
76,28,0.066119
76,29,0.130576
76,30,0.094169
76,31,0.046622
76,32,0.078448
76,33,0.055537
76,34,0.048644
76,35,0.064592
76,36,0.064590
76,37,0.105944
76,38,0.061990
76,39,-0.017363
76,40,0.039423
76,41,0.040587
76,42,-0.032962
76,43,-0.001549
76,44,0.019779
76,45,0.009206
76,46,0.007702
76,47,-0.020323
76,48,0.034528
76,49,0.018080
76,50,0.011400
76,51,0.031829
76,52,0.036518
76,53,0.078761
76,54,0.065668
76,55,0.063851
76,56,0.077035
76,57,0.070508
76,58,0.067688
76,59,0.031982
76,60,0.019691
76,61,0.015030
76,62,0.040421
76,63,0.038786
76,64,0.076912
76,65,0.028184
76,66,-0.047201
76,67,0.064597
76,68,0.003195
76,69,0.025656
76,70,0.028628
76,71,0.053809
76,72,0.101810
76,73,0.168750
76,74,0.237838
76,75,0.333432
76,76,1.000000
76,77,0.358249
76,78,0.344081
76,79,0.123417
76,80,0.097696
76,81,0.138102
76,82,0.140633
76,83,0.174901
76,84,0.176310
76,85,0.096537
76,86,0.110926
76,87,0.044298
76,88,0.067610
76,89,0.091486
76,90,0.064078
76,91,0.059274
76,92,0.059368
76,93,0.063887
76,94,0.048404
76,95,0.039412
76,96,0.045152
76,97,0.011625
76,98,-0.012755
76,99,0.004100
76,100,0.007418
76,101,0.013269
76,102,0.001029
76,103,0.008319
76,104,-0.108767
76,105,0.075476
76,106,0.102051
76,107,0.127048
76,108,0.113646
76,109,0.135473
76,110,0.114659
76,111,0.153178
76,112,0.116387
76,113,0.142156
76,114,0.081736
76,115,0.087156
76,116,0.064992
76,117,0.025609
76,118,0.037142
76,119,0.003599
76,120,0.024268
76,121,0.043271
76,122,0.049318
76,123,0.080466
76,124,0.180364
76,125,0.141965
76,126,0.090951
76,127,0.052086
76,128,0.053531
76,129,0.025264
76,130,0.031172
76,131,-0.010558
76,132,-0.000228
77,1,0.074965
77,2,0.086371
77,3,0.124867
77,4,0.076399
77,5,0.088083
77,6,0.083455
77,7,0.123950
77,8,0.157104
77,9,0.118062
77,10,0.077588
77,11,0.064082
77,12,0.136143
77,13,0.142739
77,14,0.126298
77,15,0.054600
77,16,0.092724
77,17,0.179471
77,18,0.108430
77,19,0.056247
77,20,0.157742
77,21,0.207875
77,22,0.094895
77,23,0.063497
77,24,0.040447
77,25,0.066052
77,26,0.057657
77,27,0.071102
77,28,0.038706
77,29,0.139267
77,30,0.083520
77,31,0.030902
77,32,0.080219
77,33,0.048942
77,34,0.089604
77,35,0.056977
77,36,0.077460
77,37,0.105627
77,38,0.075189
77,39,0.045225
77,40,0.082513
77,41,0.053197
77,42,-0.002967
77,43,0.052176
77,44,0.013462
77,45,0.025095
77,46,0.020225
77,47,0.014294
77,48,0.014066
77,49,0.013344
77,50,-0.001482
77,51,0.014504
77,52,0.016291
77,53,0.064970
77,54,0.047908
77,55,0.053603
77,56,0.074347
77,57,0.104304
77,58,0.135228
77,59,0.100284
77,60,0.039896
77,61,0.017270
77,62,0.017512
77,63,0.063766
77,64,0.071119
77,65,0.045593
77,66,0.011355
77,67,0.083177
77,68,0.008020
77,69,0.055425
77,70,0.055238
77,71,0.093368
77,72,0.114003
77,73,0.119956
77,74,0.128104
77,75,0.093880
77,76,0.358249
77,77,1.000000
77,78,0.804474
77,79,0.120348
77,80,0.085826
77,81,0.128123
77,82,0.122467
77,83,0.151560
77,84,0.185562
77,85,0.172158
77,86,0.137402
77,87,0.178516
77,88,0.069278
77,89,0.092284
77,90,0.056847
77,91,0.050092
77,92,0.048244
77,93,0.022211
77,94,0.004459
77,95,0.041452
77,96,0.066876
77,97,0.039211
77,98,0.044851
77,99,0.059248
77,100,0.018592
77,101,0.036355
77,102,0.034307
77,103,0.028131
77,104,-0.053166
77,105,0.053809
77,106,0.061539
77,107,0.119939
77,108,0.066639
77,109,0.117338
77,110,0.124845
77,111,0.136410
77,112,0.113565
77,113,0.150435
77,114,0.081041
77,115,0.075671
77,116,0.071033
77,117,0.018437
77,118,-0.051034
77,119,-0.053952
77,120,-0.043148
77,121,0.028532
77,122,0.046103
77,123,0.063938
77,124,0.152851
77,125,0.141179
77,126,0.087265
77,127,0.022254
77,128,-0.005773
77,129,-0.047432
77,130,-0.048156
77,131,-0.071208
77,132,0.013361
78,1,0.094184
78,2,0.076649
78,3,0.151348
78,4,0.099840
78,5,0.160475
78,6,0.155411
78,7,0.147501
78,8,0.174520
78,9,0.138683
78,10,0.120641
78,11,0.119404
78,12,0.139468
78,13,0.144426
78,14,0.121433
78,15,0.063277
78,16,0.138207
78,17,0.260321
78,18,0.061363
78,19,0.080178
78,20,0.151857
78,21,0.194791
78,22,0.078893
78,23,0.073696
78,24,0.051145
78,25,0.078639
78,26,0.081704
78,27,0.091209
78,28,0.077943
78,29,0.216891
78,30,0.127826
78,31,0.055153
78,32,0.130679
78,33,0.054972
78,34,0.086084
78,35,0.068594
78,36,0.092389
78,37,0.123839
78,38,0.083818
78,39,0.062931
78,40,0.092239
78,41,0.038367
78,42,-0.039912
78,43,0.022581
78,44,-0.035202
78,45,0.002874
78,46,0.041534
78,47,0.019805
78,48,0.033722
78,49,0.018200
78,50,0.005854
78,51,0.024375
78,52,0.009559
78,53,0.071104
78,54,0.055537
78,55,0.051733
78,56,0.075902
78,57,0.103478
78,58,0.116057
78,59,0.070912
78,60,0.026643
78,61,0.025533
78,62,0.025977
78,63,0.070336
78,64,0.079620
78,65,0.062211
78,66,0.020400
78,67,0.063729
78,68,0.036223
78,69,0.078520
78,70,0.072380
78,71,0.121064
78,72,0.148490
78,73,0.151234
78,74,0.135724
78,75,0.120203
78,76,0.344081
78,77,0.804474
78,78,1.000000
78,79,0.104095
78,80,0.060417
78,81,0.105520
78,82,0.126476
78,83,0.157410
78,84,0.175344
78,85,0.127683
78,86,0.057134
78,87,0.083783
78,88,0.101597
78,89,0.073759
78,90,0.070492
78,91,0.061604
78,92,0.036222
78,93,-0.001009
78,94,-0.022314
78,95,0.042388
78,96,0.079932
78,97,0.053415
78,98,0.059428
78,99,0.079098
78,100,0.030219
78,101,0.048220
78,102,0.048762
78,103,0.058514
78,104,-0.071160
78,105,0.050740
78,106,0.074775
78,107,0.129186
78,108,0.065291
78,109,0.128061
78,110,0.125687
78,111,0.137495
78,112,0.119425
78,113,0.168800
78,114,0.083916
78,115,0.074037
78,116,0.069858
78,117,0.011242
78,118,-0.070611
78,119,-0.049072
78,120,-0.031766
78,121,0.031848
78,122,0.037291
78,123,0.076842
78,124,0.173249
78,125,0.145800
78,126,0.108048
78,127,0.029238
78,128,0.019392
78,129,-0.049644
78,130,-0.041027
78,131,-0.083183
78,132,0.065491
79,1,0.061765
79,2,0.079101
79,3,0.086113
79,4,0.054658
79,5,0.080165
79,6,0.097723
79,7,0.156291
79,8,0.145402
79,9,0.092794
79,10,0.075659
79,11,0.053271
79,12,0.050787
79,13,0.098372
79,14,0.161495
79,15,0.180378
79,16,0.146103
79,17,0.063256
79,18,0.168922
79,19,0.057223
79,20,0.099397
79,21,0.006296
79,22,0.028969
79,23,0.017016
79,24,0.023838
79,25,0.004369
79,26,0.009133
79,27,0.018992
79,28,0.076674
79,29,0.038297
79,30,0.078365
79,31,0.048368
79,32,0.071789
79,33,0.129368
79,34,0.090482
79,35,0.080775
79,36,0.094910
79,37,0.054483
79,38,0.022051
79,39,-0.029870
79,40,0.020144
79,41,0.019677
79,42,0.031243
79,43,0.043516
79,44,0.132247
79,45,0.114804
79,46,0.066507
79,47,0.047736
79,48,0.027063
79,49,0.049575
79,50,0.040211
79,51,0.007649
79,52,0.029941
79,53,0.052741
79,54,0.041756
79,55,0.063154
79,56,0.048121
79,57,0.051278
79,58,0.030010
79,59,0.015103
79,60,0.022214
79,61,0.033523
79,62,0.043350
79,63,0.036870
79,64,0.004374
79,65,0.012844
79,66,0.011277
79,67,0.047055
79,68,0.027041
79,69,-0.002165
79,70,-0.014332
79,71,0.007406
79,72,0.042897
79,73,0.041064
79,74,0.100507
79,75,0.054378
79,76,0.123417
79,77,0.120348
79,78,0.104095
79,79,1.000000
79,80,0.406343
79,81,0.329225
79,82,0.157130
79,83,0.206939
79,84,0.131004
79,85,0.179169
79,86,0.212565
79,87,0.098877
79,88,0.032194
79,89,0.049035
79,90,0.051286
79,91,0.084434
79,92,0.138959
79,93,0.157053
79,94,0.114627
79,95,0.080594
79,96,0.145573
79,97,0.110045
79,98,0.037842
79,99,0.054330
79,100,0.050293
79,101,0.051006
79,102,0.084983
79,103,0.055019
79,104,0.008693
79,105,0.163282
79,106,0.219754
79,107,0.272184
79,108,0.252322
79,109,0.335404
79,110,0.261903
79,111,0.244117
79,112,0.202645
79,113,0.199748
79,114,0.163492
79,115,0.173340
79,116,0.122515
79,117,0.076306
79,118,0.075077
79,119,0.043746
79,120,0.005922
79,121,0.005301
79,122,0.022205
79,123,0.052800
79,124,0.097604
79,125,0.091955
79,126,0.060800
79,127,0.031028
79,128,0.018446
79,129,0.019199
79,130,0.016616
79,131,0.005025
79,132,0.015168
80,1,0.011974
80,2,0.024845
80,3,-0.000880
80,4,-0.010788
80,5,0.016563
80,6,0.040179
80,7,0.063272
80,8,0.044455
80,9,0.010988
80,10,0.030386
80,11,-0.003142
80,12,-0.015821
80,13,0.045973
80,14,0.088558
80,15,0.082646
80,16,0.078633
80,17,0.033421
80,18,0.137869
80,19,0.105058
80,20,0.136092
80,21,0.070164
80,22,0.019273
80,23,0.007415
80,24,0.033193
80,25,0.003824
80,26,0.001212
80,27,0.019736
80,28,0.035561
80,29,0.013437
80,30,0.045499
80,31,0.021608
80,32,0.065838
80,33,0.075069
80,34,0.017708
80,35,0.056472
80,36,0.051567
80,37,0.025867
80,38,0.031314
80,39,-0.021028
80,40,0.030334
80,41,-0.007187
80,42,-0.023041
80,43,-0.006944
80,44,0.143923
80,45,0.146046
80,46,0.053177
80,47,0.041959
80,48,0.014716
80,49,0.014467
80,50,0.011827
80,51,0.006521
80,52,0.008191
80,53,0.015062
80,54,0.026345
80,55,0.030637
80,56,0.042201
80,57,0.033900
80,58,0.004455
80,59,0.005492
80,60,0.041334
80,61,0.061737
80,62,0.055785
80,63,0.042027
80,64,0.020620
80,65,0.017225
80,66,-0.015086
80,67,0.055042
80,68,0.009005
80,69,0.007291
80,70,0.013398
80,71,-0.001542
80,72,0.029115
80,73,0.004045
80,74,0.061404
80,75,0.105067
80,76,0.097696
80,77,0.085826
80,78,0.060417
80,79,0.406343
80,80,1.000000
80,81,0.559883
80,82,0.301658
80,83,0.245663
80,84,0.173017
80,85,0.196247
80,86,0.127319
80,87,0.129384
80,88,0.026702
80,89,0.011010
80,90,0.055719
80,91,0.084444
80,92,0.156185
80,93,0.248957
80,94,0.193806
80,95,0.146630
80,96,0.204942
80,97,0.106661
80,98,0.030167
80,99,0.047855
80,100,0.072044
80,101,0.041956
80,102,0.045641
80,103,0.011223
80,104,-0.030981
80,105,0.148383
80,106,0.156402
80,107,0.146964
80,108,0.059833
80,109,0.118469
80,110,0.111240
80,111,0.143848
80,112,0.143087
80,113,0.130356
80,114,0.079030
80,115,0.094151
80,116,0.077919
80,117,0.026320
80,118,0.037145
80,119,-0.003194
80,120,-0.033079
80,121,-0.003320
80,122,0.012971
80,123,0.006429
80,124,0.030833
80,125,0.033486
80,126,0.012772
80,127,-0.008918
80,128,-0.024989
80,129,-0.017474
80,130,-0.018522
80,131,-0.014901
80,132,-0.048466
81,1,0.005932
81,2,0.001275
81,3,-0.042040
81,4,-0.048841
81,5,-0.034979
81,6,-0.037485
81,7,0.002096
81,8,0.013476
81,9,0.022355
81,10,0.000242
81,11,-0.007307
81,12,0.005440
81,13,0.023213
81,14,0.084059
81,15,0.060058
81,16,0.005574
81,17,-0.039522
81,18,0.120549
81,19,0.119717
81,20,0.108540
81,21,0.035867
81,22,-0.002643
81,23,0.015836
81,24,0.017742
81,25,-0.004463
81,26,0.011742
81,27,0.041622
81,28,0.084525
81,29,0.051242
81,30,0.084302
81,31,-0.010492
81,32,0.052802
81,33,0.064542
81,34,0.062562
81,35,0.074148
81,36,0.042869
81,37,0.040355
81,38,0.021102
81,39,-0.039282
81,40,0.013581
81,41,-0.007628
81,42,-0.005466
81,43,0.014011
81,44,0.159183
81,45,0.170712
81,46,0.051386
81,47,0.046472
81,48,0.026919
81,49,0.037055
81,50,0.039360
81,51,0.015457
81,52,0.034637
81,53,0.025550
81,54,0.033634
81,55,0.057929
81,56,0.011086
81,57,-0.007036
81,58,-0.000500
81,59,0.013075
81,60,-0.000860
81,61,0.046486
81,62,0.067016
81,63,0.054261
81,64,0.002888
81,65,-0.003250
81,66,-0.027151
81,67,0.047991
81,68,0.020464
81,69,0.010767
81,70,-0.005718
81,71,-0.000015
81,72,0.048960
81,73,0.044272
81,74,0.061838
81,75,0.106838
81,76,0.138102
81,77,0.128123
81,78,0.105520
81,79,0.329225
81,80,0.559883
81,81,1.000000
81,82,0.564790
81,83,0.329985
81,84,0.220417
81,85,0.275701
81,86,0.155269
81,87,0.156162
81,88,-0.020083
81,89,0.023899
81,90,0.059611
81,91,0.096672
81,92,0.137685
81,93,0.246853
81,94,0.220033
81,95,0.140227
81,96,0.140635
81,97,0.061012
81,98,0.015891
81,99,0.008099
81,100,0.033693
81,101,0.034645
81,102,0.039219
81,103,0.005722
81,104,-0.032282
81,105,0.095421
81,106,0.107801
81,107,0.115460
81,108,0.084046
81,109,0.145888
81,110,0.178177
81,111,0.202722
81,112,0.199520
81,113,0.182855
81,114,0.107581
81,115,0.102941
81,116,0.074975
81,117,0.043414
81,118,0.063158
81,119,0.000829
81,120,-0.032167
81,121,-0.016727
81,122,0.001321
81,123,-0.013052
81,124,0.050006
81,125,0.054424
81,126,-0.011072
81,127,-0.035293
81,128,-0.037425
81,129,-0.041264
81,130,-0.020004
81,131,-0.013748
81,132,-0.030342
82,1,-0.039924
82,2,-0.053693
82,3,-0.009098
82,4,-0.005631
82,5,0.028790
82,6,0.065645
82,7,-0.024562
82,8,-0.024663
82,9,-0.012411
82,10,0.084389
82,11,0.049856
82,12,-0.027927
82,13,-0.028730
82,14,-0.008889
82,15,0.015690
82,16,0.044156
82,17,0.050791
82,18,0.075070
82,19,0.148518
82,20,0.151590
82,21,0.087628
82,22,0.019419
82,23,0.039389
82,24,0.033845
82,25,0.041074
82,26,0.046660
82,27,0.081693
82,28,0.101620
82,29,0.105884
82,30,0.059266
82,31,0.011675
82,32,0.056404
82,33,0.078587
82,34,0.026862
82,35,0.045547
82,36,0.019398
82,37,0.041022
82,38,0.044315
82,39,0.031337
82,40,0.068260
82,41,0.024646
82,42,-0.014151
82,43,0.007878
82,44,0.171694
82,45,0.186291
82,46,0.073855
82,47,0.067821
82,48,0.061311
82,49,0.054915
82,50,0.057539
82,51,0.056353
82,52,0.057644
82,53,0.045790
82,54,0.049785
82,55,0.016758
82,56,0.015924
82,57,0.007598
82,58,0.012236
82,59,0.032818
82,60,0.019622
82,61,0.026044
82,62,0.026612
82,63,0.072717
82,64,0.057465
82,65,0.053427
82,66,0.009803
82,67,0.050479
82,68,0.033011
82,69,0.054557
82,70,0.042966
82,71,0.045737
82,72,0.082590
82,73,0.092216
82,74,0.067963
82,75,0.173235
82,76,0.140633
82,77,0.122467
82,78,0.126476
82,79,0.157130
82,80,0.301658
82,81,0.564790
82,82,1.000000
82,83,0.675027
82,84,0.443311
82,85,0.321027
82,86,0.107447
82,87,0.148567
82,88,0.110529
82,89,0.094991
82,90,0.043950
82,91,0.098197
82,92,0.101582
82,93,0.053462
82,94,0.082752
82,95,0.075439
82,96,0.037620
82,97,-0.008561
82,98,-0.015310
82,99,-0.018992
82,100,-0.013768
82,101,0.030408
82,102,0.023907
82,103,-0.024324
82,104,-0.050775
82,105,0.068518
82,106,0.071175
82,107,0.070098
82,108,0.048297
82,109,0.103120
82,110,0.169874
82,111,0.294930
82,112,0.287998
82,113,0.269603
82,114,0.131490
82,115,0.102263
82,116,0.099889
82,117,0.033721
82,118,0.053068
82,119,0.021099
82,120,-0.009151
82,121,0.004903
82,122,0.010041
82,123,0.034024
82,124,0.130854
82,125,0.120073
82,126,0.036092
82,127,0.010599
82,128,-0.002967
82,129,-0.023996
82,130,-0.008808
82,131,0.003198
82,132,0.003989
83,1,-0.021204
83,2,-0.032536
83,3,0.090206
83,4,0.071942
83,5,0.088560
83,6,0.189597
83,7,0.090182
83,8,0.073295
83,9,0.049228
83,10,0.148876
83,11,0.139299
83,12,0.030343
83,13,0.047360
83,14,0.068240
83,15,0.122995
83,16,0.122794
83,17,0.137158
83,18,0.109109
83,19,0.094520
83,20,0.124451
83,21,0.046834
83,22,0.045087
83,23,0.041195
83,24,0.044941
83,25,0.052532
83,26,0.043218
83,27,0.050160
83,28,0.102118
83,29,0.081262
83,30,0.091806
83,31,0.090051
83,32,0.112979
83,33,0.132877
83,34,0.048712
83,35,0.058569
83,36,0.055789
83,37,0.050245
83,38,0.052194
83,39,0.046649
83,40,0.095438
83,41,0.064448
83,42,0.007221
83,43,0.044179
83,44,0.154352
83,45,0.142166
83,46,0.098390
83,47,0.070194
83,48,0.103593
83,49,0.093831
83,50,0.070694
83,51,0.081563
83,52,0.076786
83,53,0.085383
83,54,0.062124
83,55,0.033563
83,56,0.041518
83,57,0.054739
83,58,0.044696
83,59,0.035819
83,60,0.070565
83,61,0.058108
83,62,0.052040
83,63,0.049146
83,64,0.080122
83,65,0.054873
83,66,0.035621
83,67,0.053831
83,68,0.033919
83,69,0.061776
83,70,0.065878
83,71,0.051070
83,72,0.081279
83,73,0.105172
83,74,0.079693
83,75,0.122851
83,76,0.174901
83,77,0.151560
83,78,0.157410
83,79,0.206939
83,80,0.245663
83,81,0.329985
83,82,0.675027
83,83,1.000000
83,84,0.708456
83,85,0.405960
83,86,0.259042
83,87,0.186319
83,88,0.183092
83,89,0.112551
83,90,0.043579
83,91,0.120892
83,92,0.080745
83,93,0.024946
83,94,0.058078
83,95,0.044970
83,96,0.039117
83,97,0.047437
83,98,-0.002633
83,99,-0.005582
83,100,0.006184
83,101,0.037164
83,102,0.026897
83,103,-0.009472
83,104,-0.056919
83,105,0.086305
83,106,0.088671
83,107,0.137507
83,108,0.167481
83,109,0.212138
83,110,0.266025
83,111,0.430130
83,112,0.379348
83,113,0.339230
83,114,0.138524
83,115,0.093518
83,116,0.095069
83,117,0.032461
83,118,0.045223
83,119,0.048080
83,120,0.015953
83,121,0.024136
83,122,0.043497
83,123,0.109796
83,124,0.243969
83,125,0.233597
83,126,0.101348
83,127,0.075283
83,128,0.054190
83,129,0.019706
83,130,0.025330
83,131,0.003605
83,132,0.021516
84,1,-0.033474
84,2,-0.029973
84,3,0.066762
84,4,0.050708
84,5,0.051509
84,6,0.187144
84,7,0.080859
84,8,0.076514
84,9,0.022334
84,10,0.109890
84,11,0.116029
84,12,0.016417
84,13,0.039007
84,14,0.058998
84,15,0.119007
84,16,0.154075
84,17,0.116866
84,18,0.075944
84,19,0.054808
84,20,0.100742
84,21,-0.004922
84,22,0.037032
84,23,0.011849
84,24,0.007102
84,25,0.013249
84,26,0.006621
84,27,0.018532
84,28,0.083875
84,29,0.026466
84,30,0.086016
84,31,0.072103
84,32,0.061810
84,33,0.132751
84,34,0.026158
84,35,0.042228
84,36,0.038865
84,37,0.020532
84,38,0.042537
84,39,0.005422
84,40,0.048478
84,41,0.049027
84,42,0.021926
84,43,0.050807
84,44,0.174723
84,45,0.139628
84,46,0.026449
84,47,0.008636
84,48,0.064075
84,49,0.054240
84,50,0.049108
84,51,0.043954
84,52,0.068267
84,53,0.059971
84,54,0.046835
84,55,0.012902
84,56,0.041074
84,57,0.041488
84,58,0.023648
84,59,0.002059
84,60,0.082228
84,61,0.054057
84,62,0.047841
84,63,0.032706
84,64,0.059516
84,65,0.017994
84,66,-0.011706
84,67,0.042165
84,68,-0.002079
84,69,0.017324
84,70,0.022006
84,71,0.006121
84,72,0.032572
84,73,0.067361
84,74,0.064068
84,75,0.077705
84,76,0.176310
84,77,0.185562
84,78,0.175344
84,79,0.131004
84,80,0.173017
84,81,0.220417
84,82,0.443311
84,83,0.708456
84,84,1.000000
84,85,0.664112
84,86,0.241783
84,87,0.236497
84,88,0.185874
84,89,0.108144
84,90,0.042352
84,91,0.150271
84,92,0.087394
84,93,0.030700
84,94,0.062341
84,95,0.048055
84,96,0.026718
84,97,0.015673
84,98,-0.020734
84,99,-0.023935
84,100,0.009955
84,101,0.024681
84,102,0.009044
84,103,-0.015855
84,104,-0.049617
84,105,0.095036
84,106,0.060768
84,107,0.102078
84,108,0.112702
84,109,0.158221
84,110,0.240030
84,111,0.317303
84,112,0.291985
84,113,0.275363
84,114,0.112180
84,115,0.096553
84,116,0.111682
84,117,0.043304
84,118,0.076703
84,119,0.055952
84,120,0.022583
84,121,0.014731
84,122,0.018223
84,123,0.063649
84,124,0.250058
84,125,0.223124
84,126,0.096681
84,127,0.092426
84,128,0.085262
84,129,0.026323
84,130,0.027239
84,131,-0.005680
84,132,0.028210
85,1,-0.031764
85,2,-0.009629
85,3,0.019811
85,4,0.038895
85,5,0.015844
85,6,0.105572
85,7,0.073029
85,8,0.073766
85,9,0.017465
85,10,0.053004
85,11,0.071878
85,12,0.012449
85,13,0.023633
85,14,0.065499
85,15,0.096631
85,16,0.140240
85,17,0.071047
85,18,0.059980
85,19,0.006724
85,20,0.067812
85,21,-0.008025
85,22,0.026318
85,23,0.013024
85,24,0.028597
85,25,0.007853
85,26,0.009215
85,27,0.025615
85,28,0.077202
85,29,0.022473
85,30,0.067091
85,31,0.015174
85,32,0.020300
85,33,0.119440
85,34,0.053559
85,35,0.020509
85,36,0.010445
85,37,-0.004148
85,38,0.015298
85,39,-0.004493
85,40,0.022106
85,41,0.035768
85,42,0.025111
85,43,0.065511
85,44,0.184822
85,45,0.162902
85,46,0.015045
85,47,-0.016550
85,48,0.018668
85,49,0.029275
85,50,0.010111
85,51,0.010624
85,52,0.045198
85,53,0.039730
85,54,0.042286
85,55,0.025820
85,56,0.014962
85,57,0.013729
85,58,0.016366
85,59,0.011818
85,60,0.061219
85,61,0.035834
85,62,0.060546
85,63,0.063526
85,64,0.034643
85,65,0.011616
85,66,-0.007832
85,67,0.041522
85,68,-0.002066
85,69,0.012539
85,70,0.025171
85,71,0.004631
85,72,0.023922
85,73,0.033222
85,74,0.052298
85,75,0.025682
85,76,0.096537
85,77,0.172158
85,78,0.127683
85,79,0.179169
85,80,0.196247
85,81,0.275701
85,82,0.321027
85,83,0.405960
85,84,0.664112
85,85,1.000000
85,86,0.461873
85,87,0.323981
85,88,0.113503
85,89,0.072633
85,90,0.048619
85,91,0.125803
85,92,0.088658
85,93,0.089653
85,94,0.087256
85,95,0.070410
85,96,0.054663
85,97,0.012048
85,98,-0.018177
85,99,0.002461
85,100,0.022730
85,101,0.036047
85,102,0.046000
85,103,0.037288
85,104,-0.035079
85,105,0.088851
85,106,0.073589
85,107,0.105048
85,108,0.116138
85,109,0.161694
85,110,0.233908
85,111,0.176753
85,112,0.188337
85,113,0.188554
85,114,0.096042
85,115,0.109538
85,116,0.119670
85,117,0.060982
85,118,0.086810
85,119,0.012766
85,120,-0.013054
85,121,-0.007676
85,122,0.010897
85,123,0.020682
85,124,0.129533
85,125,0.083668
85,126,-0.002992
85,127,0.023138
85,128,0.022328
85,129,-0.027558
85,130,-0.035191
85,131,-0.039117
85,132,0.021180
86,1,-0.030655
86,2,0.023142
86,3,0.064728
86,4,0.070786
86,5,0.020700
86,6,0.098167
86,7,0.093213
86,8,0.103955
86,9,0.065905
86,10,-0.006923
86,11,0.050370
86,12,0.057912
86,13,0.059845
86,14,0.071557
86,15,0.100162
86,16,0.074294
86,17,0.041784
86,18,0.068959
86,19,-0.029909
86,20,0.013927
86,21,-0.042809
86,22,0.022550
86,23,-0.029537
86,24,0.015504
86,25,-0.020866
86,26,-0.033361
86,27,-0.028944
86,28,0.046016
86,29,-0.008893
86,30,0.013456
86,31,0.007220
86,32,0.008894
86,33,0.086069
86,34,0.079109
86,35,0.042383
86,36,0.047141
86,37,-0.007899
86,38,-0.002908
86,39,-0.037066
86,40,-0.016666
86,41,0.021749
86,42,0.003758
86,43,0.061119
86,44,0.160078
86,45,0.110228
86,46,0.008863
86,47,-0.016964
86,48,0.014258
86,49,0.030938
86,50,-0.005342
86,51,-0.005265
86,52,0.022455
86,53,0.005743
86,54,0.002575
86,55,0.019237
86,56,-0.008672
86,57,-0.012912
86,58,-0.000369
86,59,-0.002804
86,60,0.050375
86,61,0.015947
86,62,0.011848
86,63,-0.008275
86,64,-0.028488
86,65,-0.045300
86,66,-0.020951
86,67,-0.009817
86,68,-0.022804
86,69,-0.029011
86,70,-0.018460
86,71,-0.045245
86,72,-0.022183
86,73,-0.012400
86,74,0.008083
86,75,0.025321
86,76,0.110926
86,77,0.137402
86,78,0.057134
86,79,0.212565
86,80,0.127319
86,81,0.155269
86,82,0.107447
86,83,0.259042
86,84,0.241783
86,85,0.461873
86,86,1.000000
86,87,0.274836
86,88,0.060849
86,89,0.051034
86,90,0.030081
86,91,0.026433
86,92,0.053870
86,93,0.088780
86,94,0.064243
86,95,0.043254
86,96,0.061312
86,97,0.039576
86,98,-0.013243
86,99,0.007631
86,100,0.021349
86,101,0.027888
86,102,0.049752
86,103,0.063266
86,104,-0.081307
86,105,0.065389
86,106,0.090905
86,107,0.130604
86,108,0.177477
86,109,0.195154
86,110,0.201266
86,111,0.130106
86,112,0.116207
86,113,0.114597
86,114,0.062798
86,115,0.061721
86,116,0.041456
86,117,0.030181
86,118,0.057302
86,119,0.022477
86,120,-0.032329
86,121,0.001214
86,122,0.016954
86,123,0.027801
86,124,0.056959
86,125,0.072063
86,126,0.040285
86,127,0.009945
86,128,-0.004476
86,129,-0.018196
86,130,-0.024985
86,131,-0.031157
86,132,0.009931
87,1,-0.046695
87,2,-0.001330
87,3,0.057369
87,4,0.046957
87,5,-0.028190
87,6,0.021049
87,7,0.042397
87,8,0.052228
87,9,0.086082
87,10,0.011406
87,11,-0.026647
87,12,0.061114
87,13,0.087253
87,14,0.104946
87,15,0.061930
87,16,-0.020388
87,17,-0.025029
87,18,0.058903
87,19,-0.036403
87,20,-0.011805
87,21,0.070585
87,22,0.040334
87,23,0.035090
87,24,0.069970
87,25,0.069150
87,26,0.038226
87,27,0.029754
87,28,-0.011563
87,29,-0.001278
87,30,0.011385
87,31,-0.014922
87,32,0.002586
87,33,0.062225
87,34,0.060033
87,35,0.018315
87,36,0.037855
87,37,0.049294
87,38,0.082789
87,39,0.024063
87,40,0.053798
87,41,0.057098
87,42,-0.021898
87,43,0.026741
87,44,0.137952
87,45,0.136852
87,46,0.085294
87,47,0.063513
87,48,0.094731
87,49,0.081315
87,50,0.075662
87,51,0.042380
87,52,0.083051
87,53,0.083044
87,54,0.071017
87,55,0.051370
87,56,0.042038
87,57,0.075153
87,58,0.093220
87,59,0.078892
87,60,0.076855
87,61,0.045488
87,62,0.030402
87,63,0.028260
87,64,0.048919
87,65,0.005842
87,66,0.021901
87,67,-0.005146
87,68,0.033522
87,69,0.064546
87,70,0.064788
87,71,0.042351
87,72,0.061070
87,73,0.006952
87,74,0.014407
87,75,0.018678
87,76,0.044298
87,77,0.178516
87,78,0.083783
87,79,0.098877
87,80,0.129384
87,81,0.156162
87,82,0.148567
87,83,0.186319
87,84,0.236497
87,85,0.323981
87,86,0.274836
87,87,1.000000
87,88,0.099329
87,89,0.012246
87,90,0.017105
87,91,0.054852
87,92,0.052222
87,93,0.063729
87,94,0.050702
87,95,0.013408
87,96,0.015436
87,97,0.006510
87,98,-0.005922
87,99,0.013169
87,100,-0.000635
87,101,0.019868
87,102,0.066508
87,103,0.040289
87,104,-0.101547
87,105,0.030363
87,106,0.024925
87,107,0.062994
87,108,0.050535
87,109,0.063217
87,110,0.106260
87,111,0.135981
87,112,0.133426
87,113,0.122815
87,114,0.069181
87,115,0.064790
87,116,0.069826
87,117,0.044591
87,118,0.059344
87,119,-0.011574
87,120,-0.040538
87,121,0.011042
87,122,0.034984
87,123,0.033739
87,124,0.129524
87,125,0.125997
87,126,0.002487
87,127,-0.007310
87,128,-0.013802
87,129,-0.004907
87,130,-0.010388
87,131,-0.003603
87,132,-0.017493
88,1,0.017919
88,2,0.052589
88,3,0.048126
88,4,0.019263
88,5,0.142324
88,6,0.174692
88,7,0.104553
88,8,0.098454
88,9,0.049778
88,10,0.073568
88,11,0.079742
88,12,-0.013626
88,13,0.049989
88,14,0.078539
88,15,0.080590
88,16,0.139657
88,17,0.111515
88,18,-0.012003
88,19,-0.014739
88,20,0.145587
88,21,0.064736
88,22,0.062750
88,23,0.078127
88,24,0.084637
88,25,0.102163
88,26,0.038397
88,27,0.015060
88,28,0.029298
88,29,0.032124
88,30,0.020109
88,31,0.073243
88,32,0.139796
88,33,0.092112
88,34,-0.009589
88,35,0.017596
88,36,0.048485
88,37,0.019392
88,38,0.083085
88,39,0.102893
88,40,0.107908
88,41,0.101570
88,42,0.030891
88,43,0.010626
88,44,0.086218
88,45,0.044690
88,46,0.077503
88,47,0.076773
88,48,0.129092
88,49,0.095796
88,50,0.088634
88,51,0.083435
88,52,0.103756
88,53,0.121017
88,54,0.119825
88,55,0.096481
88,56,0.166546
88,57,0.177813
88,58,0.108790
88,59,0.069279
88,60,0.024153
88,61,0.020053
88,62,-0.002772
88,63,0.006042
88,64,0.049451
88,65,0.090756
88,66,0.114589
88,67,0.022423
88,68,0.082247
88,69,0.122347
88,70,0.098552
88,71,0.053265
88,72,0.039345
88,73,0.038093
88,74,0.034613
88,75,0.145545
88,76,0.067610
88,77,0.069278
88,78,0.101597
88,79,0.032194
88,80,0.026702
88,81,-0.020083
88,82,0.110529
88,83,0.183092
88,84,0.185874
88,85,0.113503
88,86,0.060849
88,87,0.099329
88,88,1.000000
88,89,0.502905
88,90,0.067922
88,91,0.017488
88,92,0.011288
88,93,-0.023216
88,94,-0.001778
88,95,0.003078
88,96,-0.004187
88,97,0.014908
88,98,0.004104
88,99,0.008418
88,100,-0.012518
88,101,0.024206
88,102,0.016083
88,103,0.028393
88,104,-0.122123
88,105,-0.011029
88,106,0.031293
88,107,0.050056
88,108,0.104321
88,109,0.076962
88,110,0.063837
88,111,0.094363
88,112,0.105717
88,113,0.091893
88,114,0.049693
88,115,0.054072
88,116,0.059498
88,117,0.079615
88,118,0.113295
88,119,0.040242
88,120,-0.000420
88,121,0.023256
88,122,0.019849
88,123,0.023915
88,124,0.069796
88,125,0.114928
88,126,0.156959
88,127,0.187927
88,128,0.196143
88,129,0.045358
88,130,-0.006761
88,131,-0.069776
88,132,-0.089658
89,1,0.049822
89,2,0.000286
89,3,0.010621
89,4,-0.027011
89,5,0.052019
89,6,-0.004467
89,7,0.058131
89,8,0.087562
89,9,0.055307
89,10,-0.015142
89,11,0.001954
89,12,0.024015
89,13,0.070498
89,14,0.125045
89,15,0.105754
89,16,0.072744
89,17,0.001502
89,18,0.041118
89,19,-0.028003
89,20,0.070402
89,21,0.015241
89,22,0.083406
89,23,0.077003
89,24,0.063722
89,25,0.077925
89,26,0.062415
89,27,0.062552
89,28,0.076462
89,29,0.040767
89,30,0.160448
89,31,0.145833
89,32,0.089665
89,33,0.150037
89,34,0.056684
89,35,0.029684
89,36,0.037953
89,37,0.027867
89,38,0.049453
89,39,0.041635
89,40,0.050562
89,41,0.060465
89,42,0.112709
89,43,0.069797
89,44,0.127804
89,45,0.038591
89,46,0.008411
89,47,0.006719
89,48,0.049140
89,49,0.039765
89,50,0.022951
89,51,0.078956
89,52,0.095160
89,53,0.114464
89,54,0.119966
89,55,0.076269
89,56,0.163071
89,57,0.195083
89,58,0.127398
89,59,0.127443
89,60,0.071099
89,61,0.036112
89,62,0.060370
89,63,0.060996
89,64,0.065994
89,65,0.061987
89,66,0.087198
89,67,0.121601
89,68,0.060831
89,69,0.083052
89,70,0.055918
89,71,0.043472
89,72,0.071536
89,73,0.084647
89,74,0.122157
89,75,0.003023
89,76,0.091486
89,77,0.092284
89,78,0.073759
89,79,0.049035
89,80,0.011010
89,81,0.023899
89,82,0.094991
89,83,0.112551
89,84,0.108144
89,85,0.072633
89,86,0.051034
89,87,0.012246
89,88,0.502905
89,89,1.000000
89,90,0.169747
89,91,0.096185
89,92,0.079493
89,93,0.013040
89,94,0.050655
89,95,0.030107
89,96,0.002764
89,97,0.035150
89,98,0.017813
89,99,0.030676
89,100,0.015116
89,101,0.008216
89,102,-0.001147
89,103,-0.002135
89,104,0.044520
89,105,0.042826
89,106,0.010643
89,107,0.002836
89,108,0.004689
89,109,0.008359
89,110,0.040474
89,111,0.031042
89,112,0.036787
89,113,0.036911
89,114,0.006990
89,115,0.004909
89,116,0.033975
89,117,0.045471
89,118,0.040454
89,119,0.050898
89,120,0.008929
89,121,0.024737
89,122,0.022516
89,123,0.034328
89,124,0.012818
89,125,0.081300
89,126,0.174297
89,127,0.141560
89,128,0.124565
89,129,0.025559
89,130,0.000054
89,131,-0.027362
89,132,-0.024106
90,1,0.035861
90,2,0.017345
90,3,0.058223
90,4,0.040292
90,5,0.073388
90,6,0.056818
90,7,0.112503
90,8,0.114035
90,9,0.073863
90,10,0.025358
90,11,0.033987
90,12,0.023380
90,13,0.054414
90,14,0.119769
90,15,0.133930
90,16,0.141801
90,17,0.091968
90,18,0.021788
90,19,0.028709
90,20,0.054128
90,21,0.040676
90,22,0.021591
90,23,0.052356
90,24,0.032508
90,25,0.067077
90,26,0.063550
90,27,0.066508
90,28,0.094603
90,29,0.087085
90,30,0.103832
90,31,0.065730
90,32,0.090606
90,33,0.124298
90,34,0.077061
90,35,-0.002467
90,36,0.001630
90,37,0.007392
90,38,0.000847
90,39,0.010738
90,40,0.029177
90,41,0.050949
90,42,0.038762
90,43,0.056288
90,44,0.032844
90,45,0.012892
90,46,0.029190
90,47,0.020150
90,48,0.038261
90,49,0.046328
90,50,0.041163
90,51,0.090427
90,52,0.129932
90,53,0.124873
90,54,0.155071
90,55,0.119431
90,56,0.165493
90,57,0.233693
90,58,0.226598
90,59,0.235463
90,60,0.162365
90,61,0.071212
90,62,0.071101
90,63,0.088966
90,64,0.068507
90,65,0.063745
90,66,0.035049
90,67,0.081173
90,68,0.029369
90,69,0.051323
90,70,0.068373
90,71,0.066337
90,72,0.108660
90,73,0.093825
90,74,0.121191
90,75,0.016841
90,76,0.064078
90,77,0.056847
90,78,0.070492
90,79,0.051286
90,80,0.055719
90,81,0.059611
90,82,0.043950
90,83,0.043579
90,84,0.042352
90,85,0.048619
90,86,0.030081
90,87,0.017105
90,88,0.067922
90,89,0.169747
90,90,1.000000
90,91,0.409579
90,92,0.244679
90,93,0.226615
90,94,0.151456
90,95,0.075540
90,96,0.054215
90,97,0.037364
90,98,0.041687
90,99,0.033407
90,100,0.049293
90,101,0.037125
90,102,0.036223
90,103,0.044243
90,104,-0.007481
90,105,0.056450
90,106,0.039659
90,107,0.031681
90,108,0.032790
90,109,0.037847
90,110,0.035423
90,111,0.037291
90,112,0.036338
90,113,0.074896
90,114,0.017862
90,115,0.027721
90,116,0.034301
90,117,-0.005792
90,118,0.004722
90,119,0.026660
90,120,0.040639
90,121,0.038067
90,122,0.102620
90,123,0.070362
90,124,0.074307
90,125,0.110878
90,126,0.144026
90,127,0.090631
90,128,0.104213
90,129,0.037999
90,130,0.027286
90,131,0.005589
90,132,0.052266
91,1,0.021456
91,2,-0.022278
91,3,0.029405
91,4,0.042783
91,5,0.064003
91,6,0.051742
91,7,0.071273
91,8,0.050986
91,9,0.008136
91,10,0.073561
91,11,0.065072
91,12,-0.027345
91,13,0.001787
91,14,0.057224
91,15,0.082421
91,16,0.091968
91,17,0.030147
91,18,-0.049378
91,19,0.002936
91,20,0.021143
91,21,-0.031146
91,22,0.037637
91,23,0.064906
91,24,0.030376
91,25,0.041158
91,26,0.076787
91,27,0.070440
91,28,0.085396
91,29,0.048966
91,30,0.111062
91,31,0.064306
91,32,0.060000
91,33,0.101446
91,34,0.045551
91,35,0.027439
91,36,0.014775
91,37,0.009068
91,38,0.006867
91,39,0.007170
91,40,0.037269
91,41,0.044938
91,42,0.047045
91,43,0.024667
91,44,0.076635
91,45,0.043042
91,46,0.000385
91,47,0.000325
91,48,0.005231
91,49,0.023719
91,50,0.032299
91,51,0.060320
91,52,0.043890
91,53,0.034295
91,54,0.035857
91,55,0.048956
91,56,0.047722
91,57,0.081707
91,58,0.082877
91,59,0.079250
91,60,0.082708
91,61,0.081137
91,62,0.083045
91,63,0.088843
91,64,0.062669
91,65,0.056273
91,66,0.014551
91,67,0.064035
91,68,0.020968
91,69,0.052165
91,70,0.072769
91,71,0.066512
91,72,0.105709
91,73,0.125604
91,74,0.125380
91,75,0.036566
91,76,0.059274
91,77,0.050092
91,78,0.061604
91,79,0.084434
91,80,0.084444
91,81,0.096672
91,82,0.098197
91,83,0.120892
91,84,0.150271
91,85,0.125803
91,86,0.026433
91,87,0.054852
91,88,0.017488
91,89,0.096185
91,90,0.409579
91,91,1.000000
91,92,0.584625
91,93,0.333711
91,94,0.309611
91,95,0.221045
91,96,0.144434
91,97,0.111615
91,98,0.082767
91,99,0.060069
91,100,0.092951
91,101,0.100023
91,102,0.070368
91,103,0.050889
91,104,0.022721
91,105,0.057110
91,106,0.043218
91,107,0.048034
91,108,0.042140
91,109,0.062644
91,110,0.069563
91,111,0.080116
91,112,0.090770
91,113,0.090214
91,114,0.054143
91,115,0.034149
91,116,0.040980
91,117,0.001092
91,118,0.000500
91,119,0.038140
91,120,0.047617
91,121,0.052450
91,122,0.131488
91,123,0.098638
91,124,0.076147
91,125,0.101175
91,126,0.130089
91,127,0.057812
91,128,0.068609
91,129,0.032624
91,130,0.029268
91,131,0.028141
91,132,0.074967
92,1,0.050581
92,2,0.028453
92,3,0.022365
92,4,0.024900
92,5,0.068557
92,6,0.075181
92,7,0.082135
92,8,0.064252
92,9,0.026712
92,10,0.107709
92,11,0.068598
92,12,-0.020769
92,13,0.026003
92,14,0.088524
92,15,0.114535
92,16,0.105241
92,17,0.038849
92,18,0.035305
92,19,0.053631
92,20,0.053408
92,21,-0.010286
92,22,0.009810
92,23,0.054269
92,24,0.068367
92,25,0.069041
92,26,0.080689
92,27,0.095142
92,28,0.069253
92,29,0.031131
92,30,0.082958
92,31,0.037693
92,32,0.073239
92,33,0.116181
92,34,0.055376
92,35,0.050575
92,36,0.032502
92,37,0.033348
92,38,0.024861
92,39,0.030495
92,40,0.055394
92,41,0.057341
92,42,0.008308
92,43,0.028817
92,44,0.064899
92,45,0.075717
92,46,0.038437
92,47,0.020072
92,48,0.035669
92,49,0.048676
92,50,0.034797
92,51,0.060763
92,52,0.050607
92,53,0.047789
92,54,0.048573
92,55,0.056832
92,56,0.075820
92,57,0.094237
92,58,0.086591
92,59,0.114468
92,60,0.098086
92,61,0.094014
92,62,0.084153
92,63,0.074565
92,64,0.066939
92,65,0.072014
92,66,0.028777
92,67,0.058170
92,68,0.051386
92,69,0.060478
92,70,0.086796
92,71,0.076122
92,72,0.094646
92,73,0.091157
92,74,0.111140
92,75,0.065191
92,76,0.059368
92,77,0.048244
92,78,0.036222
92,79,0.138959
92,80,0.156185
92,81,0.137685
92,82,0.101582
92,83,0.080745
92,84,0.087394
92,85,0.088658
92,86,0.053870
92,87,0.052222
92,88,0.011288
92,89,0.079493
92,90,0.244679
92,91,0.584625
92,92,1.000000
92,93,0.570357
92,94,0.362081
92,95,0.313985
92,96,0.267341
92,97,0.182686
92,98,0.101000
92,99,0.065668
92,100,0.081377
92,101,0.075485
92,102,0.058680
92,103,0.023706
92,104,-0.019286
92,105,0.056080
92,106,0.053014
92,107,0.047442
92,108,0.025509
92,109,0.043689
92,110,0.043313
92,111,0.051460
92,112,0.051526
92,113,0.059887
92,114,0.058734
92,115,0.048817
92,116,0.059612
92,117,0.022957
92,118,0.020158
92,119,0.059427
92,120,0.057991
92,121,0.069257
92,122,0.139671
92,123,0.138223
92,124,0.072477
92,125,0.077014
92,126,0.077187
92,127,0.043252
92,128,0.077136
92,129,0.043228
92,130,0.070601
92,131,0.051666
92,132,0.047756
93,1,0.031355
93,2,0.020900
93,3,-0.003001
93,4,0.011824
93,5,0.011145
93,6,0.022709
93,7,0.067473
93,8,0.048545
93,9,0.024615
93,10,0.014895
93,11,-0.007428
93,12,-0.001939
93,13,0.038350
93,14,0.092132
93,15,0.092812
93,16,0.052789
93,17,-0.000428
93,18,0.062895
93,19,0.075245
93,20,0.037510
93,21,-0.008740
93,22,-0.004542
93,23,0.023339
93,24,0.039271
93,25,0.022712
93,26,0.024945
93,27,0.030281
93,28,0.029148
93,29,0.005686
93,30,0.049734
93,31,0.015645
93,32,0.052919
93,33,0.075251
93,34,0.051404
93,35,0.060768
93,36,0.030892
93,37,0.021629
93,38,0.008880
93,39,-0.016719
93,40,0.017449
93,41,0.021657
93,42,-0.037595
93,43,0.002341
93,44,0.071655
93,45,0.090331
93,46,0.035550
93,47,0.034250
93,48,0.032265
93,49,0.052520
93,50,0.038211
93,51,0.042039
93,52,0.041939
93,53,0.035932
93,54,0.053392
93,55,0.070290
93,56,0.071437
93,57,0.069627
93,58,0.061454
93,59,0.108761
93,60,0.114077
93,61,0.118695
93,62,0.098258
93,63,0.024827
93,64,0.026702
93,65,0.022147
93,66,-0.016478
93,67,0.033915
93,68,0.042237
93,69,0.016731
93,70,0.030480
93,71,0.026272
93,72,0.036744
93,73,0.033429
93,74,0.059395
93,75,0.042284
93,76,0.063887
93,77,0.022211
93,78,-0.001009
93,79,0.157053
93,80,0.248957
93,81,0.246853
93,82,0.053462
93,83,0.024946
93,84,0.030700
93,85,0.089653
93,86,0.088780
93,87,0.063729
93,88,-0.023216
93,89,0.013040
93,90,0.226615
93,91,0.333711
93,92,0.570357
93,93,1.000000
93,94,0.602644
93,95,0.323437
93,96,0.297748
93,97,0.239611
93,98,0.127115
93,99,0.056566
93,100,0.055115
93,101,0.050490
93,102,0.034862
93,103,0.002098
93,104,-0.030919
93,105,0.046203
93,106,0.054744
93,107,0.050126
93,108,0.022812
93,109,0.055851
93,110,0.050564
93,111,0.051594
93,112,0.058501
93,113,0.050502
93,114,0.059875
93,115,0.058236
93,116,0.053644
93,117,0.018062
93,118,0.016324
93,119,0.013519
93,120,0.016438
93,121,0.035048
93,122,0.088571
93,123,0.050980
93,124,-0.003229
93,125,0.018540
93,126,0.013024
93,127,0.008994
93,128,0.029491
93,129,0.033006
93,130,0.049834
93,131,0.041271
93,132,-0.010968
94,1,-0.006346
94,2,0.000204
94,3,-0.019262
94,4,-0.003494
94,5,0.005473
94,6,-0.000927
94,7,0.035461
94,8,0.009770
94,9,-0.009196
94,10,0.019539
94,11,-0.011677
94,12,-0.039450
94,13,-0.008015
94,14,0.041074
94,15,0.053043
94,16,0.015059
94,17,-0.056313
94,18,0.061500
94,19,0.061224
94,20,0.010946
94,21,-0.075765
94,22,-0.020033
94,23,-0.011897
94,24,0.000795
94,25,-0.022447
94,26,-0.001802
94,27,0.022799
94,28,0.036166
94,29,-0.019721
94,30,0.055219
94,31,0.061658
94,32,0.057116
94,33,0.042397
94,34,-0.001689
94,35,0.049185
94,36,0.017950
94,37,-0.002630
94,38,0.004764
94,39,-0.041966
94,40,0.007386
94,41,0.003114
94,42,0.014281
94,43,0.007664
94,44,0.143104
94,45,0.097721
94,46,0.025475
94,47,0.035423
94,48,0.028734
94,49,0.048933
94,50,0.025808
94,51,0.018837
94,52,0.019640
94,53,0.001279
94,54,0.023989
94,55,0.038177
94,56,0.032388
94,57,0.028196
94,58,-0.015598
94,59,0.036842
94,60,0.024818
94,61,0.066556
94,62,0.076991
94,63,0.015574
94,64,0.018420
94,65,0.006636
94,66,-0.038921
94,67,0.025048
94,68,0.010035
94,69,-0.002805
94,70,0.004105
94,71,0.008466
94,72,0.038048
94,73,0.051559
94,74,0.091867
94,75,0.041960
94,76,0.048404
94,77,0.004459
94,78,-0.022314
94,79,0.114627
94,80,0.193806
94,81,0.220033
94,82,0.082752
94,83,0.058078
94,84,0.062341
94,85,0.087256
94,86,0.064243
94,87,0.050702
94,88,-0.001778
94,89,0.050655
94,90,0.151456
94,91,0.309611
94,92,0.362081
94,93,0.602644
94,94,1.000000
94,95,0.553082
94,96,0.290164
94,97,0.248334
94,98,0.156687
94,99,0.070372
94,100,0.057674
94,101,0.053355
94,102,0.031117
94,103,-0.010972
94,104,0.001932
94,105,0.044287
94,106,0.039774
94,107,0.035158
94,108,0.017304
94,109,0.044462
94,110,0.055721
94,111,0.045865
94,112,0.067217
94,113,0.046806
94,114,0.032632
94,115,0.046517
94,116,0.053658
94,117,0.011622
94,118,0.002914
94,119,0.005691
94,120,0.025239
94,121,0.070222
94,122,0.092635
94,123,0.071650
94,124,-0.004938
94,125,0.012797
94,126,-0.005396
94,127,0.006133
94,128,0.001220
94,129,0.030415
94,130,0.039093
94,131,0.028717
94,132,-0.041680
95,1,0.037817
95,2,0.049457
95,3,0.036653
95,4,0.009336
95,5,0.052255
95,6,0.024666
95,7,0.069667
95,8,0.056978
95,9,0.028992
95,10,0.083284
95,11,0.050135
95,12,-0.000709
95,13,0.031184
95,14,0.058452
95,15,0.063326
95,16,0.033115
95,17,0.018744
95,18,0.014413
95,19,0.003713
95,20,0.005179
95,21,-0.007378
95,22,0.002862
95,23,0.038250
95,24,0.059729
95,25,0.049739
95,26,0.046599
95,27,0.029986
95,28,0.005915
95,29,0.004769
95,30,0.016438
95,31,0.026839
95,32,0.020596
95,33,0.023981
95,34,-0.005684
95,35,0.047937
95,36,0.054697
95,37,0.035484
95,38,0.038649
95,39,0.053061
95,40,0.062587
95,41,0.037131
95,42,0.037209
95,43,0.031581
95,44,0.045839
95,45,0.066434
95,46,0.020856
95,47,0.025376
95,48,0.031310
95,49,0.027065
95,50,0.012377
95,51,0.015097
95,52,0.010966
95,53,0.009859
95,54,0.014463
95,55,0.022363
95,56,0.033313
95,57,0.045117
95,58,0.014067
95,59,0.037753
95,60,0.014133
95,61,0.042726
95,62,0.039377
95,63,0.052708
95,64,0.056602
95,65,0.069428
95,66,0.038713
95,67,0.038209
95,68,0.040687
95,69,0.047564
95,70,0.068152
95,71,0.083923
95,72,0.079857
95,73,0.051306
95,74,0.078835
95,75,0.027932
95,76,0.039412
95,77,0.041452
95,78,0.042388
95,79,0.080594
95,80,0.146630
95,81,0.140227
95,82,0.075439
95,83,0.044970
95,84,0.048055
95,85,0.070410
95,86,0.043254
95,87,0.013408
95,88,0.003078
95,89,0.030107
95,90,0.075540
95,91,0.221045
95,92,0.313985
95,93,0.323437
95,94,0.553082
95,95,1.000000
95,96,0.530395
95,97,0.311680
95,98,0.293158
95,99,0.236833
95,100,0.178107
95,101,0.127081
95,102,0.093276
95,103,0.065183
95,104,0.018786
95,105,0.029610
95,106,0.042875
95,107,0.037911
95,108,0.023263
95,109,0.038381
95,110,0.048035
95,111,0.016921
95,112,0.034657
95,113,0.036174
95,114,-0.002749
95,115,0.018681
95,116,0.019316
95,117,0.003009
95,118,-0.024572
95,119,0.046963
95,120,0.079415
95,121,0.134145
95,122,0.123784
95,123,0.116374
95,124,0.047690
95,125,0.047682
95,126,0.019360
95,127,0.002766
95,128,-0.013330
95,129,-0.019870
95,130,-0.001184
95,131,-0.005453
95,132,-0.025359
96,1,0.062632
96,2,0.076818
96,3,0.095291
96,4,0.050007
96,5,0.079961
96,6,0.058884
96,7,0.152206
96,8,0.141615
96,9,0.068565
96,10,0.114920
96,11,0.074028
96,12,0.057648
96,13,0.091906
96,14,0.137544
96,15,0.123586
96,16,0.073855
96,17,0.077353
96,18,0.068565
96,19,0.016720
96,20,0.020310
96,21,0.046132
96,22,0.053131
96,23,0.063500
96,24,0.062212
96,25,0.060367
96,26,0.048960
96,27,0.039956
96,28,-0.002772
96,29,0.016629
96,30,0.008750
96,31,0.030590
96,32,0.036284
96,33,0.049175
96,34,0.041052
96,35,0.048591
96,36,0.092376
96,37,0.068991
96,38,0.046851
96,39,0.066536
96,40,0.063245
96,41,0.030161
96,42,0.014865
96,43,0.044556
96,44,0.014036
96,45,0.049979
96,46,0.055611
96,47,0.046075
96,48,0.043806
96,49,0.058708
96,50,0.045329
96,51,0.062519
96,52,0.036658
96,53,0.057319
96,54,0.036338
96,55,0.064018
96,56,0.045644
96,57,0.077789
96,58,0.051758
96,59,0.058592
96,60,0.056921
96,61,0.088049
96,62,0.061329
96,63,0.054944
96,64,0.049291
96,65,0.066760
96,66,0.041234
96,67,0.056264
96,68,0.055897
96,69,0.053172
96,70,0.065175
96,71,0.086136
96,72,0.091747
96,73,0.056117
96,74,0.085850
96,75,0.011830
96,76,0.045152
96,77,0.066876
96,78,0.079932
96,79,0.145573
96,80,0.204942
96,81,0.140635
96,82,0.037620
96,83,0.039117
96,84,0.026718
96,85,0.054663
96,86,0.061312
96,87,0.015436
96,88,-0.004187
96,89,0.002764
96,90,0.054215
96,91,0.144434
96,92,0.267341
96,93,0.297748
96,94,0.290164
96,95,0.530395
96,96,1.000000
96,97,0.576840
96,98,0.342475
96,99,0.339015
96,100,0.255860
96,101,0.152949
96,102,0.117838
96,103,0.074795
96,104,0.009821
96,105,0.093746
96,106,0.128325
96,107,0.104329
96,108,0.067956
96,109,0.081078
96,110,0.050420
96,111,0.042592
96,112,0.034246
96,113,0.065847
96,114,0.042522
96,115,0.063265
96,116,0.076308
96,117,0.018206
96,118,-0.037516
96,119,0.021235
96,120,0.038279
96,121,0.078308
96,122,0.059036
96,123,0.069108
96,124,0.054792
96,125,0.059294
96,126,0.033634
96,127,0.021012
96,128,0.016328
96,129,0.016595
96,130,0.022974
96,131,0.006613
96,132,-0.006712
97,1,0.077294
97,2,0.072834
97,3,0.103183
97,4,0.067238
97,5,0.069891
97,6,0.045363
97,7,0.149739
97,8,0.166084
97,9,0.115069
97,10,0.083397
97,11,0.071122
97,12,0.133314
97,13,0.155080
97,14,0.178165
97,15,0.139205
97,16,0.082508
97,17,0.087905
97,18,0.076445
97,19,0.014439
97,20,0.029656
97,21,0.038911
97,22,0.042368
97,23,0.048831
97,24,0.061491
97,25,0.069285
97,26,0.055623
97,27,0.027023
97,28,-0.005261
97,29,0.048119
97,30,0.051159
97,31,0.083064
97,32,0.078000
97,33,0.073287
97,34,0.082691
97,35,0.081570
97,36,0.132145
97,37,0.117901
97,38,0.083825
97,39,0.089087
97,40,0.104408
97,41,0.076428
97,42,0.088010
97,43,0.076736
97,44,0.034827
97,45,0.096831
97,46,0.107902
97,47,0.083090
97,48,0.054150
97,49,0.081495
97,50,0.052654
97,51,0.067147
97,52,0.037827
97,53,0.055845
97,54,0.032161
97,55,0.050050
97,56,0.040836
97,57,0.092373
97,58,0.087475
97,59,0.080140
97,60,0.175629
97,61,0.242700
97,62,0.169070
97,63,0.076145
97,64,0.081953
97,65,0.089797
97,66,0.098484
97,67,0.095482
97,68,0.082020
97,69,0.078534
97,70,0.092287
97,71,0.095223
97,72,0.113253
97,73,0.085056
97,74,0.104714
97,75,-0.000216
97,76,0.011625
97,77,0.039211
97,78,0.053415
97,79,0.110045
97,80,0.106661
97,81,0.061012
97,82,-0.008561
97,83,0.047437
97,84,0.015673
97,85,0.012048
97,86,0.039576
97,87,0.006510
97,88,0.014908
97,89,0.035150
97,90,0.037364
97,91,0.111615
97,92,0.182686
97,93,0.239611
97,94,0.248334
97,95,0.311680
97,96,0.576840
97,97,1.000000
97,98,0.586182
97,99,0.378186
97,100,0.329560
97,101,0.293864
97,102,0.197190
97,103,0.104606
97,104,0.034614
97,105,0.077433
97,106,0.090698
97,107,0.082435
97,108,0.081210
97,109,0.094603
97,110,0.073398
97,111,0.083850
97,112,0.090389
97,113,0.096668
97,114,0.046957
97,115,0.051095
97,116,0.084714
97,117,0.075141
97,118,0.014308
97,119,0.047467
97,120,0.060763
97,121,0.102343
97,122,0.063602
97,123,0.061614
97,124,0.060222
97,125,0.068515
97,126,0.048924
97,127,0.022921
97,128,0.013653
97,129,0.008152
97,130,0.021176
97,131,0.021381
97,132,-0.011425
98,1,0.079590
98,2,0.059633
98,3,0.128506
98,4,0.089427
98,5,0.108704
98,6,0.064507
98,7,0.152081
98,8,0.159815
98,9,0.129320
98,10,0.110447
98,11,0.091491
98,12,0.157769
98,13,0.149553
98,14,0.139642
98,15,0.099318
98,16,0.081287
98,17,0.121501
98,18,0.011641
98,19,-0.005259
98,20,0.038468
98,21,0.089365
98,22,0.053600
98,23,0.088744
98,24,0.114144
98,25,0.118116
98,26,0.114384
98,27,0.069869
98,28,-0.038759
98,29,0.068541
98,30,0.065453
98,31,0.072395
98,32,0.051747
98,33,0.033233
98,34,0.076901
98,35,0.111743
98,36,0.172512
98,37,0.188770
98,38,0.137586
98,39,0.164028
98,40,0.175734
98,41,0.111510
98,42,0.083897
98,43,0.076796
98,44,-0.014252
98,45,0.077655
98,46,0.155027
98,47,0.110684
98,48,0.098271
98,49,0.071098
98,50,0.010291
98,51,0.064882
98,52,0.005348
98,53,0.041390
98,54,0.024288
98,55,0.027163
98,56,0.045044
98,57,0.109059
98,58,0.096783
98,59,0.081371
98,60,0.113369
98,61,0.161644
98,62,0.110983
98,63,0.119473
98,64,0.126182
98,65,0.158987
98,66,0.166327
98,67,0.094630
98,68,0.124673
98,69,0.139961
98,70,0.149077
98,71,0.143379
98,72,0.153902
98,73,0.096538
98,74,0.091482
98,75,0.034322
98,76,-0.012755
98,77,0.044851
98,78,0.059428
98,79,0.037842
98,80,0.030167
98,81,0.015891
98,82,-0.015310
98,83,-0.002633
98,84,-0.020734
98,85,-0.018177
98,86,-0.013243
98,87,-0.005922
98,88,0.004104
98,89,0.017813
98,90,0.041687
98,91,0.082767
98,92,0.101000
98,93,0.127115
98,94,0.156687
98,95,0.293158
98,96,0.342475
98,97,0.586182
98,98,1.000000
98,99,0.637631
98,100,0.399606
98,101,0.429947
98,102,0.384385
98,103,0.224312
98,104,0.053018
98,105,0.046431
98,106,0.053746
98,107,0.031448
98,108,0.042316
98,109,0.052419
98,110,0.062000
98,111,0.042364
98,112,0.059920
98,113,0.075804
98,114,0.035651
98,115,0.038693
98,116,0.056782
98,117,0.082638
98,118,0.032899
98,119,0.084498
98,120,0.091666
98,121,0.139647
98,122,0.055695
98,123,0.037559
98,124,0.019229
98,125,0.037057
98,126,0.050075
98,127,0.038269
98,128,0.028952
98,129,0.023138
98,130,0.035697
98,131,0.057462
98,132,-0.017642
99,1,0.127143
99,2,0.087893
99,3,0.198039
99,4,0.111799
99,5,0.158548
99,6,0.102346
99,7,0.231169
99,8,0.238347
99,9,0.156811
99,10,0.162425
99,11,0.147026
99,12,0.174712
99,13,0.184990
99,14,0.187399
99,15,0.152140
99,16,0.132282
99,17,0.150402
99,18,0.002155
99,19,-0.009229
99,20,0.044588
99,21,0.123232
99,22,0.061179
99,23,0.126937
99,24,0.152277
99,25,0.183014
99,26,0.160911
99,27,0.116066
99,28,-0.026537
99,29,0.092282
99,30,0.068044
99,31,0.093477
99,32,0.068716
99,33,0.048642
99,34,0.074688
99,35,0.114840
99,36,0.205261
99,37,0.210938
99,38,0.166741
99,39,0.224946
99,40,0.231493
99,41,0.172658
99,42,0.133732
99,43,0.114835
99,44,-0.002254
99,45,0.068213
99,46,0.163912
99,47,0.100902
99,48,0.115537
99,49,0.082743
99,50,0.027055
99,51,0.091077
99,52,0.034299
99,53,0.097336
99,54,0.070209
99,55,0.038106
99,56,0.078692
99,57,0.145999
99,58,0.111916
99,59,0.085944
99,60,0.076760
99,61,0.123957
99,62,0.101252
99,63,0.174412
99,64,0.163585
99,65,0.221425
99,66,0.216072
99,67,0.137221
99,68,0.163026
99,69,0.194739
99,70,0.214125
99,71,0.202905
99,72,0.199990
99,73,0.112396
99,74,0.130833
99,75,0.041238
99,76,0.004100
99,77,0.059248
99,78,0.079098
99,79,0.054330
99,80,0.047855
99,81,0.008099
99,82,-0.018992
99,83,-0.005582
99,84,-0.023935
99,85,0.002461
99,86,0.007631
99,87,0.013169
99,88,0.008418
99,89,0.030676
99,90,0.033407
99,91,0.060069
99,92,0.065668
99,93,0.056566
99,94,0.070372
99,95,0.236833
99,96,0.339015
99,97,0.378186
99,98,0.637631
99,99,1.000000
99,100,0.640105
99,101,0.444679
99,102,0.487354
99,103,0.388491
99,104,0.100406
99,105,0.116233
99,106,0.093025
99,107,0.043607
99,108,0.035748
99,109,0.047871
99,110,0.054978
99,111,0.035263
99,112,0.057215
99,113,0.084090
99,114,0.040321
99,115,0.071441
99,116,0.135317
99,117,0.137349
99,118,0.055327
99,119,0.099369
99,120,0.106345
99,121,0.149873
99,122,0.059223
99,123,0.057981
99,124,0.058564
99,125,0.065720
99,126,0.105088
99,127,0.060690
99,128,0.030914
99,129,0.013717
99,130,0.011250
99,131,0.026304
99,132,-0.040854
100,1,0.116246
100,2,0.084872
100,3,0.174135
100,4,0.097406
100,5,0.121659
100,6,0.065957
100,7,0.200108
100,8,0.218469
100,9,0.146659
100,10,0.101130
100,11,0.112837
100,12,0.145807
100,13,0.152369
100,14,0.179542
100,15,0.149492
100,16,0.124240
100,17,0.105991
100,18,-0.012273
100,19,-0.040039
100,20,0.005298
100,21,0.039233
100,22,0.045220
100,23,0.090859
100,24,0.104525
100,25,0.136259
100,26,0.121664
100,27,0.069224
100,28,-0.005301
100,29,0.061055
100,30,0.089900
100,31,0.140812
100,32,0.056767
100,33,0.068212
100,34,0.082457
100,35,0.057219
100,36,0.130677
100,37,0.109063
100,38,0.068263
100,39,0.164938
100,40,0.157731
100,41,0.118217
100,42,0.169997
100,43,0.140946
100,44,0.067208
100,45,0.109046
100,46,0.073008
100,47,0.007604
100,48,0.048511
100,49,0.032151
100,50,-0.002514
100,51,0.055697
100,52,0.030820
100,53,0.087652
100,54,0.059512
100,55,0.018316
100,56,0.058037
100,57,0.083454
100,58,0.062851
100,59,0.057359
100,60,0.073562
100,61,0.115277
100,62,0.105319
100,63,0.137596
100,64,0.110923
100,65,0.146686
100,66,0.134276
100,67,0.098812
100,68,0.100392
100,69,0.119550
100,70,0.148931
100,71,0.154720
100,72,0.136247
100,73,0.074316
100,74,0.113180
100,75,-0.003688
100,76,0.007418
100,77,0.018592
100,78,0.030219
100,79,0.050293
100,80,0.072044
100,81,0.033693
100,82,-0.013768
100,83,0.006184
100,84,0.009955
100,85,0.022730
100,86,0.021349
100,87,-0.000635
100,88,-0.012518
100,89,0.015116
100,90,0.049293
100,91,0.092951
100,92,0.081377
100,93,0.055115
100,94,0.057674
100,95,0.178107
100,96,0.255860
100,97,0.329560
100,98,0.399606
100,99,0.640105
100,100,1.000000
100,101,0.642939
100,102,0.440662
100,103,0.433048
100,104,0.116642
100,105,0.174879
100,106,0.132968
100,107,0.067332
100,108,0.028123
100,109,0.022099
100,110,0.028997
100,111,0.023680
100,112,0.066295
100,113,0.069780
100,114,0.056715
100,115,0.095406
100,116,0.165359
100,117,0.144694
100,118,0.066546
100,119,0.067463
100,120,0.091730
100,121,0.137070
100,122,0.073237
100,123,0.066555
100,124,0.069868
100,125,0.068908
100,126,0.110162
100,127,0.051365
100,128,0.015758
100,129,-0.004472
100,130,-0.013200
100,131,-0.021870
100,132,-0.019883
101,1,0.111733
101,2,0.071333
101,3,0.158765
101,4,0.092431
101,5,0.132349
101,6,0.097335
101,7,0.183527
101,8,0.195773
101,9,0.177195
101,10,0.143496
101,11,0.137525
101,12,0.172693
101,13,0.146724
101,14,0.157859
101,15,0.132186
101,16,0.134384
101,17,0.141263
101,18,-0.018228
101,19,0.007271
101,20,0.062248
101,21,0.114629
101,22,0.075696
101,23,0.135791
101,24,0.150477
101,25,0.190898
101,26,0.166212
101,27,0.116660
101,28,0.021002
101,29,0.122629
101,30,0.130040
101,31,0.150669
101,32,0.092838
101,33,0.092155
101,34,0.105873
101,35,0.087357
101,36,0.173345
101,37,0.200382
101,38,0.139067
101,39,0.268177
101,40,0.251872
101,41,0.179052
101,42,0.223803
101,43,0.180492
101,44,0.074520
101,45,0.170751
101,46,0.170930
101,47,0.095429
101,48,0.090504
101,49,0.061931
101,50,-0.000252
101,51,0.068794
101,52,0.020405
101,53,0.084227
101,54,0.055932
101,55,0.014686
101,56,0.038096
101,57,0.107460
101,58,0.088057
101,59,0.069785
101,60,0.092962
101,61,0.133233
101,62,0.145233
101,63,0.173175
101,64,0.154800
101,65,0.236770
101,66,0.229160
101,67,0.148559
101,68,0.149045
101,69,0.199924
101,70,0.223564
101,71,0.192951
101,72,0.202742
101,73,0.135636
101,74,0.141418
101,75,0.051933
101,76,0.013269
101,77,0.036355
101,78,0.048220
101,79,0.051006
101,80,0.041956
101,81,0.034645
101,82,0.030408
101,83,0.037164
101,84,0.024681
101,85,0.036047
101,86,0.027888
101,87,0.019868
101,88,0.024206
101,89,0.008216
101,90,0.037125
101,91,0.100023
101,92,0.075485
101,93,0.050490
101,94,0.053355
101,95,0.127081
101,96,0.152949
101,97,0.293864
101,98,0.429947
101,99,0.444679
101,100,0.642939
101,101,1.000000
101,102,0.657467
101,103,0.441512
101,104,0.107662
101,105,0.064307
101,106,0.048812
101,107,0.033850
101,108,0.037475
101,109,0.044352
101,110,0.066451
101,111,0.077619
101,112,0.096806
101,113,0.119025
101,114,0.065064
101,115,0.070368
101,116,0.124064
101,117,0.159576
101,118,0.085601
101,119,0.072023
101,120,0.073205
101,121,0.118664
101,122,0.089727
101,123,0.080183
101,124,0.062978
101,125,0.075887
101,126,0.101238
101,127,0.063564
101,128,0.026993
101,129,0.010341
101,130,-0.010218
101,131,0.008747
101,132,-0.017616
102,1,0.119717
102,2,0.070228
102,3,0.162075
102,4,0.093254
102,5,0.162704
102,6,0.120543
102,7,0.199176
102,8,0.207965
102,9,0.163275
102,10,0.159014
102,11,0.130174
102,12,0.163131
102,13,0.142564
102,14,0.151801
102,15,0.117219
102,16,0.136964
102,17,0.165414
102,18,-0.019542
102,19,0.002862
102,20,0.052801
102,21,0.115916
102,22,0.050978
102,23,0.142574
102,24,0.171004
102,25,0.214854
102,26,0.179664
102,27,0.134411
102,28,-0.004451
102,29,0.112420
102,30,0.110233
102,31,0.115487
102,32,0.073811
102,33,0.072576
102,34,0.091691
102,35,0.095725
102,36,0.193843
102,37,0.204259
102,38,0.149893
102,39,0.269480
102,40,0.266886
102,41,0.189717
102,42,0.154547
102,43,0.138289
102,44,0.067714
102,45,0.147550
102,46,0.193973
102,47,0.121059
102,48,0.107058
102,49,0.065056
102,50,-0.000118
102,51,0.070369
102,52,0.019528
102,53,0.075854
102,54,0.057156
102,55,0.017588
102,56,0.056674
102,57,0.126192
102,58,0.091744
102,59,0.070827
102,60,0.070937
102,61,0.117902
102,62,0.138211
102,63,0.176846
102,64,0.176566
102,65,0.243467
102,66,0.247659
102,67,0.142530
102,68,0.159295
102,69,0.211541
102,70,0.241108
102,71,0.209402
102,72,0.220613
102,73,0.124942
102,74,0.129339
102,75,0.061590
102,76,0.001029
102,77,0.034307
102,78,0.048762
102,79,0.084983
102,80,0.045641
102,81,0.039219
102,82,0.023907
102,83,0.026897
102,84,0.009044
102,85,0.046000
102,86,0.049752
102,87,0.066508
102,88,0.016083
102,89,-0.001147
102,90,0.036223
102,91,0.070368
102,92,0.058680
102,93,0.034862
102,94,0.031117
102,95,0.093276
102,96,0.117838
102,97,0.197190
102,98,0.384385
102,99,0.487354
102,100,0.440662
102,101,0.657467
102,102,1.000000
102,103,0.667690
102,104,0.116646
102,105,0.110982
102,106,0.081177
102,107,0.071056
102,108,0.072967
102,109,0.078609
102,110,0.086832
102,111,0.061863
102,112,0.086694
102,113,0.102374
102,114,0.070015
102,115,0.071375
102,116,0.114777
102,117,0.154029
102,118,0.091755
102,119,0.100256
102,120,0.079980
102,121,0.110759
102,122,0.069821
102,123,0.051706
102,124,0.046783
102,125,0.064758
102,126,0.089756
102,127,0.045295
102,128,0.013544
102,129,0.007791
102,130,-0.015357
102,131,0.013678
102,132,-0.019748
103,1,0.077809
103,2,0.040862
103,3,0.138607
103,4,0.091515
103,5,0.145827
103,6,0.099067
103,7,0.208359
103,8,0.215221
103,9,0.133111
103,10,0.150727
103,11,0.183980
103,12,0.115299
103,13,0.103605
103,14,0.139336
103,15,0.131494
103,16,0.142073
103,17,0.128590
103,18,-0.100241
103,19,-0.055477
103,20,0.009675
103,21,0.059539
103,22,0.020177
103,23,0.119532
103,24,0.144713
103,25,0.195844
103,26,0.153789
103,27,0.099974
103,28,0.017168
103,29,0.082907
103,30,0.080663
103,31,0.040343
103,32,0.019027
103,33,0.073102
103,34,0.086081
103,35,0.043173
103,36,0.131148
103,37,0.115036
103,38,0.078191
103,39,0.224795
103,40,0.189433
103,41,0.164833
103,42,0.160866
103,43,0.156608
103,44,0.056233
103,45,0.085029
103,46,0.086305
103,47,0.019800
103,48,0.041776
103,49,0.022108
103,50,-0.013588
103,51,0.047584
103,52,0.033815
103,53,0.063568
103,54,0.040324
103,55,-0.007677
103,56,0.037617
103,57,0.099622
103,58,0.085666
103,59,0.055569
103,60,0.033537
103,61,0.063781
103,62,0.084251
103,63,0.129468
103,64,0.127149
103,65,0.193618
103,66,0.219230
103,67,0.092873
103,68,0.103396
103,69,0.163825
103,70,0.206541
103,71,0.185779
103,72,0.142681
103,73,0.067719
103,74,0.108709
103,75,0.022486
103,76,0.008319
103,77,0.028131
103,78,0.058514
103,79,0.055019
103,80,0.011223
103,81,0.005722
103,82,-0.024324
103,83,-0.009472
103,84,-0.015855
103,85,0.037288
103,86,0.063266
103,87,0.040289
103,88,0.028393
103,89,-0.002135
103,90,0.044243
103,91,0.050889
103,92,0.023706
103,93,0.002098
103,94,-0.010972
103,95,0.065183
103,96,0.074795
103,97,0.104606
103,98,0.224312
103,99,0.388491
103,100,0.433048
103,101,0.441512
103,102,0.667690
103,103,1.000000
103,104,0.105354
103,105,0.081250
103,106,0.066501
103,107,0.030162
103,108,0.083582
103,109,0.063497
103,110,0.052875
103,111,0.025526
103,112,0.047574
103,113,0.056671
103,114,0.028169
103,115,0.055585
103,116,0.117542
103,117,0.122604
103,118,0.057837
103,119,0.082625
103,120,0.076867
103,121,0.126680
103,122,0.077694
103,123,0.071642
103,124,0.042341
103,125,0.073538
103,126,0.102757
103,127,0.051748
103,128,0.017618
103,129,-0.031713
103,130,-0.059946
103,131,-0.056344
103,132,0.036374
104,1,0.049905
104,2,-0.043314
104,3,0.027151
104,4,-0.021665
104,5,0.032277
104,6,-0.069614
104,7,0.049912
104,8,0.059126
104,9,0.024859
104,10,-0.046094
104,11,-0.076686
104,12,0.043954
104,13,0.042469
104,14,0.077098
104,15,0.045466
104,16,0.052230
104,17,-0.039622
104,18,-0.039488
104,19,-0.001606
104,20,-0.045331
104,21,-0.036752
104,22,0.001872
104,23,0.022578
104,24,0.011967
104,25,0.006908
104,26,-0.020847
104,27,-0.022444
104,28,0.022851
104,29,0.031598
104,30,0.100920
104,31,0.152610
104,32,0.052946
104,33,0.052249
104,34,0.006558
104,35,-0.004306
104,36,0.044284
104,37,0.063449
104,38,0.009849
104,39,0.034656
104,40,0.010316
104,41,0.056641
104,42,0.380743
104,43,0.274878
104,44,0.146999
104,45,0.068253
104,46,0.019968
104,47,0.042819
104,48,-0.028015
104,49,-0.033578
104,50,-0.035750
104,51,-0.022869
104,52,-0.035990
104,53,-0.039151
104,54,-0.017042
104,55,-0.028074
104,56,-0.011773
104,57,-0.003579
104,58,-0.021639
104,59,0.039741
104,60,-0.048076
104,61,-0.008302
104,62,0.074850
104,63,0.098246
104,64,0.056332
104,65,0.041390
104,66,0.025868
104,67,0.147679
104,68,0.058062
104,69,0.031891
104,70,0.009527
104,71,-0.001240
104,72,0.042759
104,73,0.072634
104,74,0.112323
104,75,-0.086310
104,76,-0.108767
104,77,-0.053166
104,78,-0.071160
104,79,0.008693
104,80,-0.030981
104,81,-0.032282
104,82,-0.050775
104,83,-0.056919
104,84,-0.049617
104,85,-0.035079
104,86,-0.081307
104,87,-0.101547
104,88,-0.122123
104,89,0.044520
104,90,-0.007481
104,91,0.022721
104,92,-0.019286
104,93,-0.030919
104,94,0.001932
104,95,0.018786
104,96,0.009821
104,97,0.034614
104,98,0.053018
104,99,0.100406
104,100,0.116642
104,101,0.107662
104,102,0.116646
104,103,0.105354
104,104,1.000000
104,105,0.193568
104,106,0.005550
104,107,-0.025419
104,108,-0.048666
104,109,-0.053131
104,110,-0.036240
104,111,-0.083402
104,112,-0.063057
104,113,-0.074507
104,114,-0.116793
104,115,-0.076821
104,116,-0.003905
104,117,-0.023645
104,118,-0.077778
104,119,0.027045
104,120,0.038787
104,121,0.033369
104,122,0.000382
104,123,0.020278
104,124,-0.028116
104,125,-0.055783
104,126,0.023145
104,127,0.013282
104,128,-0.049118
104,129,0.021437
104,130,-0.001058
104,131,0.061269
104,132,0.013523
105,1,0.085904
105,2,0.083525
105,3,0.089526
105,4,0.034807
105,5,0.096250
105,6,0.039013
105,7,0.120070
105,8,0.148582
105,9,0.096189
105,10,-0.020400
105,11,0.012157
105,12,0.075937
105,13,0.124252
105,14,0.160628
105,15,0.167769
105,16,0.101580
105,17,0.002169
105,18,0.192089
105,19,0.037976
105,20,0.037651
105,21,-0.089536
105,22,0.018430
105,23,0.046062
105,24,-0.009610
105,25,-0.009525
105,26,-0.001010
105,27,-0.035423
105,28,0.032187
105,29,0.030903
105,30,0.075705
105,31,0.103528
105,32,0.042509
105,33,0.122200
105,34,0.053112
105,35,0.013752
105,36,0.042767
105,37,-0.013367
105,38,-0.042030
105,39,-0.083837
105,40,-0.060793
105,41,0.009512
105,42,0.064670
105,43,0.048257
105,44,0.114761
105,45,0.095552
105,46,0.002631
105,47,0.003345
105,48,0.038592
105,49,0.058006
105,50,0.037805
105,51,0.065331
105,52,0.078176
105,53,0.090345
105,54,0.102534
105,55,0.105078
105,56,0.092617
105,57,0.064281
105,58,0.047519
105,59,0.070714
105,60,0.039030
105,61,0.030496
105,62,0.031066
105,63,0.006990
105,64,-0.009948
105,65,-0.040565
105,66,-0.033340
105,67,0.112783
105,68,0.016187
105,69,-0.017232
105,70,-0.034192
105,71,-0.023250
105,72,0.011581
105,73,0.072941
105,74,0.103457
105,75,-0.055935
105,76,0.075476
105,77,0.053809
105,78,0.050740
105,79,0.163282
105,80,0.148383
105,81,0.095421
105,82,0.068518
105,83,0.086305
105,84,0.095036
105,85,0.088851
105,86,0.065389
105,87,0.030363
105,88,-0.011029
105,89,0.042826
105,90,0.056450
105,91,0.057110
105,92,0.056080
105,93,0.046203
105,94,0.044287
105,95,0.029610
105,96,0.093746
105,97,0.077433
105,98,0.046431
105,99,0.116233
105,100,0.174879
105,101,0.064307
105,102,0.110982
105,103,0.081250
105,104,0.193568
105,105,1.000000
105,106,0.651471
105,107,0.474829
105,108,0.099064
105,109,0.151429
105,110,0.061629
105,111,0.084600
105,112,0.102278
105,113,0.197396
105,114,0.296335
105,115,0.357768
105,116,0.260585
105,117,0.095729
105,118,0.124230
105,119,0.013184
105,120,0.030489
105,121,0.034002
105,122,0.017172
105,123,0.061220
105,124,0.085851
105,125,0.084203
105,126,0.067630
105,127,0.030704
105,128,0.030618
105,129,0.012911
105,130,0.001751
105,131,-0.039802
105,132,0.008986
106,1,0.091589
106,2,0.097544
106,3,0.113387
106,4,0.057604
106,5,0.130860
106,6,0.129286
106,7,0.155045
106,8,0.166102
106,9,0.093443
106,10,0.048380
106,11,0.065874
106,12,0.076877
106,13,0.105164
106,14,0.149330
106,15,0.191260
106,16,0.124718
106,17,0.040434
106,18,0.204517
106,19,0.047250
106,20,0.092973
106,21,-0.042831
106,22,0.028245
106,23,0.063187
106,24,0.027764
106,25,0.003722
106,26,0.016251
106,27,-0.012541
106,28,0.004699
106,29,0.007928
106,30,0.051873
106,31,0.069157
106,32,0.038900
106,33,0.120162
106,34,0.064368
106,35,0.020807
106,36,0.049840
106,37,-0.013375
106,38,-0.025663
106,39,-0.055154
106,40,-0.021016
106,41,0.027060
106,42,-0.008603
106,43,0.018857
106,44,0.065496
106,45,0.057839
106,46,0.035478
106,47,0.005561
106,48,0.053879
106,49,0.070372
106,50,0.071812
106,51,0.071868
106,52,0.060603
106,53,0.092786
106,54,0.080887
106,55,0.111835
106,56,0.092668
106,57,0.061195
106,58,0.030310
106,59,0.034043
106,60,0.019791
106,61,0.034518
106,62,0.026412
106,63,0.004104
106,64,0.010611
106,65,0.003589
106,66,0.001369
106,67,0.053065
106,68,0.033829
106,69,0.005034
106,70,-0.008083
106,71,0.017723
106,72,0.022636
106,73,0.052034
106,74,0.096166
106,75,0.010994
106,76,0.102051
106,77,0.061539
106,78,0.074775
106,79,0.219754
106,80,0.156402
106,81,0.107801
106,82,0.071175
106,83,0.088671
106,84,0.060768
106,85,0.073589
106,86,0.090905
106,87,0.024925
106,88,0.031293
106,89,0.010643
106,90,0.039659
106,91,0.043218
106,92,0.053014
106,93,0.054744
106,94,0.039774
106,95,0.042875
106,96,0.128325
106,97,0.090698
106,98,0.053746
106,99,0.093025
106,100,0.132968
106,101,0.048812
106,102,0.081177
106,103,0.066501
106,104,0.005550
106,105,0.651471
106,106,1.000000
106,107,0.740689
106,108,0.237737
106,109,0.282842
106,110,0.111162
106,111,0.143190
106,112,0.144996
106,113,0.261153
106,114,0.382923
106,115,0.442574
106,116,0.272072
106,117,0.144522
106,118,0.163972
106,119,0.013445
106,120,0.038128
106,121,0.031682
106,122,0.020504
106,123,0.093460
106,124,0.118071
106,125,0.127886
106,126,0.081609
106,127,0.054871
106,128,0.068424
106,129,0.014968
106,130,0.008581
106,131,-0.043069
106,132,0.023722
107,1,0.064999
107,2,0.081083
107,3,0.154990
107,4,0.113031
107,5,0.152332
107,6,0.180577
107,7,0.196373
107,8,0.174540
107,9,0.101526
107,10,0.097007
107,11,0.111401
107,12,0.070742
107,13,0.113480
107,14,0.149349
107,15,0.213317
107,16,0.134088
107,17,0.078821
107,18,0.232260
107,19,0.035592
107,20,0.096639
107,21,-0.023716
107,22,0.015826
107,23,0.064000
107,24,0.035229
107,25,0.005684
107,26,-0.001380
107,27,-0.022911
107,28,0.023663
107,29,0.017171
107,30,0.052848
107,31,0.078722
107,32,0.070876
107,33,0.128198
107,34,0.063594
107,35,0.058730
107,36,0.084746
107,37,-0.010215
107,38,-0.016857
107,39,-0.055520
107,40,-0.009313
107,41,0.036090
107,42,-0.006770
107,43,0.022707
107,44,0.083600
107,45,0.081177
107,46,0.069787
107,47,0.040026
107,48,0.089787
107,49,0.090217
107,50,0.084556
107,51,0.083253
107,52,0.066979
107,53,0.096858
107,54,0.062217
107,55,0.106526
107,56,0.083740
107,57,0.070115
107,58,0.035049
107,59,0.013099
107,60,-0.009760
107,61,0.008148
107,62,0.015051
107,63,-0.005439
107,64,0.005010
107,65,-0.013249
107,66,0.002877
107,67,0.034133
107,68,0.058668
107,69,0.010207
107,70,-0.013807
107,71,0.009892
107,72,0.018461
107,73,0.062141
107,74,0.097023
107,75,0.008741
107,76,0.127048
107,77,0.119939
107,78,0.129186
107,79,0.272184
107,80,0.146964
107,81,0.115460
107,82,0.070098
107,83,0.137507
107,84,0.102078
107,85,0.105048
107,86,0.130604
107,87,0.062994
107,88,0.050056
107,89,0.002836
107,90,0.031681
107,91,0.048034
107,92,0.047442
107,93,0.050126
107,94,0.035158
107,95,0.037911
107,96,0.104329
107,97,0.082435
107,98,0.031448
107,99,0.043607
107,100,0.067332
107,101,0.033850
107,102,0.071056
107,103,0.030162
107,104,-0.025419
107,105,0.474829
107,106,0.740689
107,107,1.000000
107,108,0.434118
107,109,0.496613
107,110,0.247094
107,111,0.248919
107,112,0.246300
107,113,0.344902
107,114,0.400703
107,115,0.415016
107,116,0.223196
107,117,0.124859
107,118,0.157059
107,119,0.038825
107,120,0.020099
107,121,0.021625
107,122,0.032387
107,123,0.126118
107,124,0.192679
107,125,0.200571
107,126,0.099374
107,127,0.056427
107,128,0.075359
107,129,0.019869
107,130,0.015899
107,131,-0.019859
107,132,0.036015
108,1,0.020150
108,2,0.075234
108,3,0.156961
108,4,0.135780
108,5,0.112157
108,6,0.176351
108,7,0.201519
108,8,0.180474
108,9,0.122468
108,10,0.125247
108,11,0.186011
108,12,0.126975
108,13,0.122908
108,14,0.121288
108,15,0.164600
108,16,0.107890
108,17,0.094924
108,18,0.117545
108,19,0.022086
108,20,0.052295
108,21,-0.013059
108,22,0.024429
108,23,0.028022
108,24,0.042138
108,25,0.027641
108,26,0.002441
108,27,-0.021930
108,28,0.025116
108,29,0.044054
108,30,0.027491
108,31,0.042564
108,32,0.084409
108,33,0.079317
108,34,0.071360
108,35,0.074527
108,36,0.126859
108,37,0.014992
108,38,-0.005661
108,39,0.008562
108,40,0.028916
108,41,0.053235
108,42,0.009376
108,43,0.062129
108,44,0.082272
108,45,0.072290
108,46,0.086815
108,47,0.057028
108,48,0.076308
108,49,0.080570
108,50,0.055670
108,51,0.054089
108,52,0.011850
108,53,0.067800
108,54,0.001846
108,55,0.025089
108,56,0.021380
108,57,0.060244
108,58,0.015558
108,59,-0.009444
108,60,0.001055
108,61,0.010949
108,62,0.010156
108,63,-0.032189
108,64,0.011017
108,65,0.025700
108,66,0.056207
108,67,-0.001680
108,68,0.041189
108,69,0.047408
108,70,0.030322
108,71,0.036549
108,72,-0.003447
108,73,0.005509
108,74,0.053814
108,75,0.021369
108,76,0.113646
108,77,0.066639
108,78,0.065291
108,79,0.252322
108,80,0.059833
108,81,0.084046
108,82,0.048297
108,83,0.167481
108,84,0.112702
108,85,0.116138
108,86,0.177477
108,87,0.050535
108,88,0.104321
108,89,0.004689
108,90,0.032790
108,91,0.042140
108,92,0.025509
108,93,0.022812
108,94,0.017304
108,95,0.023263
108,96,0.067956
108,97,0.081210
108,98,0.042316
108,99,0.035748
108,100,0.028123
108,101,0.037475
108,102,0.072967
108,103,0.083582
108,104,-0.048666
108,105,0.099064
108,106,0.237737
108,107,0.434118
108,108,1.000000
108,109,0.779538
108,110,0.515462
108,111,0.360367
108,112,0.402176
108,113,0.377855
108,114,0.214724
108,115,0.151336
108,116,0.064705
108,117,0.072110
108,118,0.069331
108,119,0.027348
108,120,0.011086
108,121,0.010969
108,122,0.033594
108,123,0.080512
108,124,0.179304
108,125,0.182079
108,126,0.104758
108,127,0.046076
108,128,0.032970
108,129,-0.011561
108,130,-0.030701
108,131,-0.028778
108,132,-0.023784
109,1,0.059951
109,2,0.072377
109,3,0.165213
109,4,0.146175
109,5,0.160008
109,6,0.240659
109,7,0.204718
109,8,0.175544
109,9,0.094594
109,10,0.142722
109,11,0.164699
109,12,0.088429
109,13,0.083930
109,14,0.102328
109,15,0.172398
109,16,0.159204
109,17,0.138655
109,18,0.118397
109,19,0.021072
109,20,0.091728
109,21,0.019142
109,22,0.013863
109,23,0.022436
109,24,0.040042
109,25,0.025115
109,26,0.003965
109,27,-0.011097
109,28,0.054487
109,29,0.079741
109,30,0.030782
109,31,0.037521
109,32,0.071768
109,33,0.075412
109,34,0.040946
109,35,0.114883
109,36,0.129480
109,37,0.057164
109,38,0.040914
109,39,0.005056
109,40,0.042637
109,41,0.049065
109,42,0.011982
109,43,0.082554
109,44,0.137521
109,45,0.109157
109,46,0.082276
109,47,0.067888
109,48,0.075875
109,49,0.065525
109,50,0.052940
109,51,0.038172
109,52,0.035784
109,53,0.069563
109,54,0.025841
109,55,0.052853
109,56,0.023268
109,57,0.050402
109,58,0.020651
109,59,-0.017004
109,60,0.013023
109,61,0.016493
109,62,0.013810
109,63,0.006006
109,64,0.011756
109,65,0.033017
109,66,0.040255
109,67,-0.004618
109,68,0.031218
109,69,0.047207
109,70,0.026896
109,71,0.035318
109,72,0.024496
109,73,0.026372
109,74,0.076137
109,75,0.056545
109,76,0.135473
109,77,0.117338
109,78,0.128061
109,79,0.335404
109,80,0.118469
109,81,0.145888
109,82,0.103120
109,83,0.212138
109,84,0.158221
109,85,0.161694
109,86,0.195154
109,87,0.063217
109,88,0.076962
109,89,0.008359
109,90,0.037847
109,91,0.062644
109,92,0.043689
109,93,0.055851
109,94,0.044462
109,95,0.038381
109,96,0.081078
109,97,0.094603
109,98,0.052419
109,99,0.047871
109,100,0.022099
109,101,0.044352
109,102,0.078609
109,103,0.063497
109,104,-0.053131
109,105,0.151429
109,106,0.282842
109,107,0.496613
109,108,0.779538
109,109,1.000000
109,110,0.758509
109,111,0.401050
109,112,0.443633
109,113,0.396337
109,114,0.285086
109,115,0.221195
109,116,0.111607
109,117,0.088897
109,118,0.097604
109,119,0.042055
109,120,0.009819
109,121,0.011831
109,122,0.032382
109,123,0.074198
109,124,0.167188
109,125,0.168962
109,126,0.103271
109,127,0.058751
109,128,0.048996
109,129,-0.001339
109,130,-0.020870
109,131,-0.036846
109,132,0.006726
110,1,0.050201
110,2,0.026579
110,3,0.125236
110,4,0.124244
110,5,0.138640
110,6,0.231536
110,7,0.136771
110,8,0.112378
110,9,0.067708
110,10,0.157838
110,11,0.153148
110,12,0.060927
110,13,0.044757
110,14,0.059499
110,15,0.124668
110,16,0.140360
110,17,0.149271
110,18,0.021150
110,19,0.001774
110,20,0.056033
110,21,0.021052
110,22,0.001462
110,23,-0.006683
110,24,0.029183
110,25,0.031374
110,26,0.021002
110,27,0.031070
110,28,0.076434
110,29,0.095742
110,30,0.032319
110,31,0.013931
110,32,0.045746
110,33,0.050726
110,34,0.011543
110,35,0.118064
110,36,0.102010
110,37,0.080825
110,38,0.078587
110,39,0.038378
110,40,0.076338
110,41,0.071633
110,42,0.009452
110,43,0.083295
110,44,0.185082
110,45,0.126948
110,46,0.066589
110,47,0.064189
110,48,0.062182
110,49,0.052962
110,50,0.034165
110,51,0.010267
110,52,0.027082
110,53,0.049394
110,54,0.025978
110,55,0.026175
110,56,-0.001524
110,57,0.019760
110,58,-0.004646
110,59,-0.042084
110,60,0.044560
110,61,0.047500
110,62,0.033463
110,63,0.036502
110,64,0.038263
110,65,0.050877
110,66,0.041642
110,67,-0.013388
110,68,0.031546
110,69,0.059902
110,70,0.043510
110,71,0.053721
110,72,0.064036
110,73,0.059405
110,74,0.070256
110,75,0.076394
110,76,0.114659
110,77,0.124845
110,78,0.125687
110,79,0.261903
110,80,0.111240
110,81,0.178177
110,82,0.169874
110,83,0.266025
110,84,0.240030
110,85,0.233908
110,86,0.201266
110,87,0.106260
110,88,0.063837
110,89,0.040474
110,90,0.035423
110,91,0.069563
110,92,0.043313
110,93,0.050564
110,94,0.055721
110,95,0.048035
110,96,0.050420
110,97,0.073398
110,98,0.062000
110,99,0.054978
110,100,0.028997
110,101,0.066451
110,102,0.086832
110,103,0.052875
110,104,-0.036240
110,105,0.061629
110,106,0.111162
110,107,0.247094
110,108,0.515462
110,109,0.758509
110,110,1.000000
110,111,0.462186
110,112,0.519684
110,113,0.409669
110,114,0.214757
110,115,0.128190
110,116,0.080796
110,117,0.058705
110,118,0.045918
110,119,0.050417
110,120,0.012880
110,121,0.020773
110,122,0.030572
110,123,0.039465
110,124,0.099034
110,125,0.099892
110,126,0.074189
110,127,0.052074
110,128,0.040407
110,129,0.004333
110,130,-0.016143
110,131,-0.021981
110,132,0.017658
111,1,0.030521
111,2,0.025174
111,3,0.146517
111,4,0.126650
111,5,0.147859
111,6,0.246032
111,7,0.138468
111,8,0.121522
111,9,0.097453
111,10,0.217472
111,11,0.196548
111,12,0.080563
111,13,0.070291
111,14,0.084772
111,15,0.141608
111,16,0.110913
111,17,0.162563
111,18,0.099976
111,19,0.026842
111,20,0.068925
111,21,0.040918
111,22,0.010782
111,23,0.056656
111,24,0.067249
111,25,0.077320
111,26,0.062571
111,27,0.070453
111,28,0.086216
111,29,0.099279
111,30,0.064551
111,31,0.021528
111,32,0.050096
111,33,0.085892
111,34,0.058592
111,35,0.081933
111,36,0.086418
111,37,0.057608
111,38,0.077595
111,39,0.066597
111,40,0.140578
111,41,0.112000
111,42,-0.016946
111,43,0.036360
111,44,0.076483
111,45,0.041197
111,46,0.118435
111,47,0.086229
111,48,0.134598
111,49,0.136002
111,50,0.083086
111,51,0.095144
111,52,0.064702
111,53,0.098903
111,54,0.060771
111,55,0.055411
111,56,0.041838
111,57,0.076135
111,58,0.060494
111,59,0.019539
111,60,0.077709
111,61,0.085701
111,62,0.081334
111,63,0.068616
111,64,0.091784
111,65,0.082312
111,66,0.085383
111,67,0.001583
111,68,0.046568
111,69,0.086841
111,70,0.089301
111,71,0.098478
111,72,0.109410
111,73,0.111709
111,74,0.091355
111,75,0.099678
111,76,0.153178
111,77,0.136410
111,78,0.137495
111,79,0.244117
111,80,0.143848
111,81,0.202722
111,82,0.294930
111,83,0.430130
111,84,0.317303
111,85,0.176753
111,86,0.130106
111,87,0.135981
111,88,0.094363
111,89,0.031042
111,90,0.037291
111,91,0.080116
111,92,0.051460
111,93,0.051594
111,94,0.045865
111,95,0.016921
111,96,0.042592
111,97,0.083850
111,98,0.042364
111,99,0.035263
111,100,0.023680
111,101,0.077619
111,102,0.061863
111,103,0.025526
111,104,-0.083402
111,105,0.084600
111,106,0.143190
111,107,0.248919
111,108,0.360367
111,109,0.401050
111,110,0.462186
111,111,1.000000
111,112,0.743903
111,113,0.639124
111,114,0.293911
111,115,0.180255
111,116,0.127406
111,117,0.078118
111,118,0.065527
111,119,0.054756
111,120,0.002491
111,121,0.033627
111,122,0.041701
111,123,0.112224
111,124,0.226291
111,125,0.223319
111,126,0.068521
111,127,0.056257
111,128,0.054379
111,129,0.025291
111,130,0.008767
111,131,-0.017742
111,132,0.068732
112,1,0.031886
112,2,0.027803
112,3,0.108636
112,4,0.088552
112,5,0.131609
112,6,0.205385
112,7,0.111940
112,8,0.101715
112,9,0.096489
112,10,0.189731
112,11,0.170563
112,12,0.082098
112,13,0.068154
112,14,0.079194
112,15,0.122645
112,16,0.094730
112,17,0.144315
112,18,0.085100
112,19,0.034596
112,20,0.082949
112,21,0.043220
112,22,0.000772
112,23,0.038512
112,24,0.049917
112,25,0.050329
112,26,0.044304
112,27,0.051386
112,28,0.067217
112,29,0.088897
112,30,0.063475
112,31,0.034985
112,32,0.052783
112,33,0.089108
112,34,0.053091
112,35,0.087286
112,36,0.083275
112,37,0.053293
112,38,0.063016
112,39,0.063480
112,40,0.126435
112,41,0.108651
112,42,0.005534
112,43,0.043520
112,44,0.116090
112,45,0.076486
112,46,0.115332
112,47,0.082773
112,48,0.122348
112,49,0.114320
112,50,0.074780
112,51,0.075667
112,52,0.058821
112,53,0.088209
112,54,0.053721
112,55,0.030288
112,56,0.027370
112,57,0.040229
112,58,0.034249
112,59,0.011677
112,60,0.081980
112,61,0.102459
112,62,0.086153
112,63,0.069259
112,64,0.074046
112,65,0.077327
112,66,0.074535
112,67,-0.007105
112,68,0.033549
112,69,0.073789
112,70,0.061482
112,71,0.083622
112,72,0.079049
112,73,0.068449
112,74,0.047586
112,75,0.086987
112,76,0.116387
112,77,0.113565
112,78,0.119425
112,79,0.202645
112,80,0.143087
112,81,0.199520
112,82,0.287998
112,83,0.379348
112,84,0.291985
112,85,0.188337
112,86,0.116207
112,87,0.133426
112,88,0.105717
112,89,0.036787
112,90,0.036338
112,91,0.090770
112,92,0.051526
112,93,0.058501
112,94,0.067217
112,95,0.034657
112,96,0.034246
112,97,0.090389
112,98,0.059920
112,99,0.057215
112,100,0.066295
112,101,0.096806
112,102,0.086694
112,103,0.047574
112,104,-0.063057
112,105,0.102278
112,106,0.144996
112,107,0.246300
112,108,0.402176
112,109,0.443633
112,110,0.519684
112,111,0.743903
112,112,1.000000
112,113,0.670585
112,114,0.305262
112,115,0.204538
112,116,0.177134
112,117,0.094084
112,118,0.097846
112,119,0.062073
112,120,0.001690
112,121,0.036968
112,122,0.041726
112,123,0.077084
112,124,0.176689
112,125,0.179788
112,126,0.067612
112,127,0.055742
112,128,0.063787
112,129,0.019403
112,130,0.015753
112,131,-0.017226
112,132,0.038266
113,1,0.018273
113,2,0.037872
113,3,0.149159
113,4,0.114245
113,5,0.159312
113,6,0.220830
113,7,0.143180
113,8,0.139592
113,9,0.128262
113,10,0.194855
113,11,0.200385
113,12,0.130542
113,13,0.131178
113,14,0.132844
113,15,0.153241
113,16,0.111634
113,17,0.142587
113,18,0.171295
113,19,0.044909
113,20,0.127242
113,21,0.054400
113,22,0.022455
113,23,0.099312
113,24,0.098733
113,25,0.105383
113,26,0.088923
113,27,0.077894
113,28,0.080356
113,29,0.097136
113,30,0.062712
113,31,0.019578
113,32,0.054084
113,33,0.105800
113,34,0.097793
113,35,0.101185
113,36,0.120960
113,37,0.070451
113,38,0.073107
113,39,0.092961
113,40,0.157419
113,41,0.147117
113,42,0.034463
113,43,0.075030
113,44,0.096007
113,45,0.107494
113,46,0.146182
113,47,0.103952
113,48,0.164119
113,49,0.133007
113,50,0.088030
113,51,0.107523
113,52,0.098454
113,53,0.134232
113,54,0.100855
113,55,0.107170
113,56,0.081082
113,57,0.121041
113,58,0.096120
113,59,0.070314
113,60,0.084857
113,61,0.109703
113,62,0.112354
113,63,0.104366
113,64,0.132335
113,65,0.113855
113,66,0.103878
113,67,0.051421
113,68,0.092964
113,69,0.115407
113,70,0.111145
113,71,0.122991
113,72,0.111150
113,73,0.092770
113,74,0.105684
113,75,0.061551
113,76,0.142156
113,77,0.150435
113,78,0.168800
113,79,0.199748
113,80,0.130356
113,81,0.182855
113,82,0.269603
113,83,0.339230
113,84,0.275363
113,85,0.188554
113,86,0.114597
113,87,0.122815
113,88,0.091893
113,89,0.036911
113,90,0.074896
113,91,0.090214
113,92,0.059887
113,93,0.050502
113,94,0.046806
113,95,0.036174
113,96,0.065847
113,97,0.096668
113,98,0.075804
113,99,0.084090
113,100,0.069780
113,101,0.119025
113,102,0.102374
113,103,0.056671
113,104,-0.074507
113,105,0.197396
113,106,0.261153
113,107,0.344902
113,108,0.377855
113,109,0.396337
113,110,0.409669
113,111,0.639124
113,112,0.670585
113,113,1.000000
113,114,0.474764
113,115,0.365965
113,116,0.277072
113,117,0.133014
113,118,0.155294
113,119,0.061901
113,120,0.019510
113,121,0.062088
113,122,0.054365
113,123,0.118083
113,124,0.275519
113,125,0.266158
113,126,0.112070
113,127,0.080329
113,128,0.091922
113,129,0.009043
113,130,0.004454
113,131,-0.012572
113,132,0.052900
114,1,0.050823
114,2,0.062239
114,3,0.061929
114,4,0.035674
114,5,0.092050
114,6,0.120196
114,7,0.043679
114,8,0.044706
114,9,0.062444
114,10,0.090010
114,11,0.096803
114,12,0.040269
114,13,0.048428
114,14,0.050512
114,15,0.091159
114,16,0.053403
114,17,0.019684
114,18,0.176905
114,19,0.064469
114,20,0.151559
114,21,0.039430
114,22,0.013716
114,23,0.078926
114,24,0.084311
114,25,0.074720
114,26,0.067527
114,27,0.058252
114,28,0.032072
114,29,0.057816
114,30,0.015650
114,31,-0.019685
114,32,0.018375
114,33,0.044799
114,34,0.026869
114,35,0.044915
114,36,0.026541
114,37,-0.004338
114,38,0.036513
114,39,0.011047
114,40,0.045785
114,41,0.079269
114,42,-0.036433
114,43,0.021699
114,44,0.065059
114,45,0.103811
114,46,0.076737
114,47,0.058196
114,48,0.133433
114,49,0.102806
114,50,0.083355
114,51,0.089860
114,52,0.095797
114,53,0.106219
114,54,0.092421
114,55,0.125359
114,56,0.083447
114,57,0.058157
114,58,0.051963
114,59,0.040721
114,60,0.006269
114,61,0.048587
114,62,0.066295
114,63,0.046772
114,64,0.064364
114,65,0.059140
114,66,0.051936
114,67,0.011562
114,68,0.073790
114,69,0.085652
114,70,0.073965
114,71,0.083174
114,72,0.080023
114,73,0.068100
114,74,0.067494
114,75,0.063492
114,76,0.081736
114,77,0.081041
114,78,0.083916
114,79,0.163492
114,80,0.079030
114,81,0.107581
114,82,0.131490
114,83,0.138524
114,84,0.112180
114,85,0.096042
114,86,0.062798
114,87,0.069181
114,88,0.049693
114,89,0.006990
114,90,0.017862
114,91,0.054143
114,92,0.058734
114,93,0.059875
114,94,0.032632
114,95,-0.002749
114,96,0.042522
114,97,0.046957
114,98,0.035651
114,99,0.040321
114,100,0.056715
114,101,0.065064
114,102,0.070015
114,103,0.028169
114,104,-0.116793
114,105,0.296335
114,106,0.382923
114,107,0.400703
114,108,0.214724
114,109,0.285086
114,110,0.214757
114,111,0.293911
114,112,0.305262
114,113,0.474764
114,114,1.000000
114,115,0.788255
114,116,0.446756
114,117,0.206418
114,118,0.279003
114,119,0.036098
114,120,-0.006806
114,121,0.021549
114,122,0.041467
114,123,0.116883
114,124,0.142769
114,125,0.143418
114,126,0.057338
114,127,0.062358
114,128,0.079041
114,129,0.032986
114,130,0.030727
114,131,-0.024298
114,132,0.059000
115,1,0.058156
115,2,0.073362
115,3,0.068022
115,4,0.030704
115,5,0.105179
115,6,0.115176
115,7,0.058267
115,8,0.060569
115,9,0.057125
115,10,0.087548
115,11,0.095901
115,12,0.039474
115,13,0.041331
115,14,0.052565
115,15,0.108478
115,16,0.085474
115,17,0.031517
115,18,0.172056
115,19,0.075266
115,20,0.156651
115,21,0.036989
115,22,0.024616
115,23,0.076734
115,24,0.063766
115,25,0.052313
115,26,0.044069
115,27,0.045512
115,28,0.030272
115,29,0.044703
115,30,0.031192
115,31,0.002474
115,32,0.029174
115,33,0.060137
115,34,0.031563
115,35,0.032809
115,36,0.023703
115,37,0.014439
115,38,0.034201
115,39,0.000735
115,40,0.030860
115,41,0.070003
115,42,-0.016582
115,43,0.035636
115,44,0.077941
115,45,0.099161
115,46,0.065224
115,47,0.050946
115,48,0.127352
115,49,0.095690
115,50,0.075842
115,51,0.088910
115,52,0.097161
115,53,0.113726
115,54,0.103144
115,55,0.121052
115,56,0.087238
115,57,0.056750
115,58,0.061056
115,59,0.043245
115,60,0.018702
115,61,0.045883
115,62,0.058748
115,63,0.040613
115,64,0.047133
115,65,0.052781
115,66,0.054248
115,67,0.035237
115,68,0.071204
115,69,0.081420
115,70,0.062279
115,71,0.067000
115,72,0.066380
115,73,0.072713
115,74,0.091177
115,75,0.068138
115,76,0.087156
115,77,0.075671
115,78,0.074037
115,79,0.173340
115,80,0.094151
115,81,0.102941
115,82,0.102263
115,83,0.093518
115,84,0.096553
115,85,0.109538
115,86,0.061721
115,87,0.064790
115,88,0.054072
115,89,0.004909
115,90,0.027721
115,91,0.034149
115,92,0.048817
115,93,0.058236
115,94,0.046517
115,95,0.018681
115,96,0.063265
115,97,0.051095
115,98,0.038693
115,99,0.071441
115,100,0.095406
115,101,0.070368
115,102,0.071375
115,103,0.055585
115,104,-0.076821
115,105,0.357768
115,106,0.442574
115,107,0.415016
115,108,0.151336
115,109,0.221195
115,110,0.128190
115,111,0.180255
115,112,0.204538
115,113,0.365965
115,114,0.788255
115,115,1.000000
115,116,0.635649
115,117,0.281146
115,118,0.303717
115,119,0.057036
115,120,0.031579
115,121,0.048605
115,122,0.063319
115,123,0.123039
115,124,0.111815
115,125,0.118601
115,126,0.063982
115,127,0.078992
115,128,0.100168
115,129,0.057503
115,130,0.059371
115,131,-0.009401
115,132,0.061425
116,1,0.049941
116,2,0.038865
116,3,0.097184
116,4,0.051892
116,5,0.121303
116,6,0.096298
116,7,0.096669
116,8,0.108439
116,9,0.085332
116,10,0.121893
116,11,0.114658
116,12,0.086880
116,13,0.071397
116,14,0.080926
116,15,0.107983
116,16,0.106555
116,17,0.049207
116,18,0.112353
116,19,0.055217
116,20,0.131728
116,21,0.059050
116,22,0.047231
116,23,0.084963
116,24,0.079978
116,25,0.114041
116,26,0.086832
116,27,0.079223
116,28,0.063506
116,29,0.064540
116,30,0.075756
116,31,0.047730
116,32,0.060264
116,33,0.098369
116,34,0.059313
116,35,0.053539
116,36,0.068187
116,37,0.077001
116,38,0.087498
116,39,0.094240
116,40,0.126057
116,41,0.131315
116,42,0.066002
116,43,0.078419
116,44,0.079756
116,45,0.097354
116,46,0.103740
116,47,0.070482
116,48,0.140004
116,49,0.114973
116,50,0.090550
116,51,0.109830
116,52,0.110280
116,53,0.133238
116,54,0.123868
116,55,0.119789
116,56,0.097610
116,57,0.100452
116,58,0.063881
116,59,0.052298
116,60,0.064310
116,61,0.088762
116,62,0.118822
116,63,0.128145
116,64,0.116431
116,65,0.132770
116,66,0.127647
116,67,0.103143
116,68,0.114223
116,69,0.148632
116,70,0.135983
116,71,0.117343
116,72,0.113867
116,73,0.087502
116,74,0.106400
116,75,0.044356
116,76,0.064992
116,77,0.071033
116,78,0.069858
116,79,0.122515
116,80,0.077919
116,81,0.074975
116,82,0.099889
116,83,0.095069
116,84,0.111682
116,85,0.119670
116,86,0.041456
116,87,0.069826
116,88,0.059498
116,89,0.033975
116,90,0.034301
116,91,0.040980
116,92,0.059612
116,93,0.053644
116,94,0.053658
116,95,0.019316
116,96,0.076308
116,97,0.084714
116,98,0.056782
116,99,0.135317
116,100,0.165359
116,101,0.124064
116,102,0.114777
116,103,0.117542
116,104,-0.003905
116,105,0.260585
116,106,0.272072
116,107,0.223196
116,108,0.064705
116,109,0.111607
116,110,0.080796
116,111,0.127406
116,112,0.177134
116,113,0.277072
116,114,0.446756
116,115,0.635649
116,116,1.000000
116,117,0.530424
116,118,0.335812
116,119,0.128041
116,120,0.132562
116,121,0.156999
116,122,0.093924
116,123,0.094751
116,124,0.075522
116,125,0.099351
116,126,0.096057
116,127,0.112401
116,128,0.112962
116,129,0.059856
116,130,0.066387
116,131,-0.002624
116,132,0.050517
117,1,0.075741
117,2,0.091294
117,3,0.083101
117,4,0.031249
117,5,0.076355
117,6,0.064143
117,7,0.066437
117,8,0.118887
117,9,0.121109
117,10,0.103351
117,11,0.099113
117,12,0.110773
117,13,0.087348
117,14,0.084075
117,15,0.065685
117,16,0.077319
117,17,0.052144
117,18,0.086311
117,19,0.015310
117,20,0.124810
117,21,0.081897
117,22,0.066628
117,23,0.124759
117,24,0.128496
117,25,0.161843
117,26,0.133748
117,27,0.108525
117,28,0.026284
117,29,0.090570
117,30,0.055202
117,31,0.021603
117,32,0.041000
117,33,0.091857
117,34,0.056111
117,35,0.061356
117,36,0.092658
117,37,0.123101
117,38,0.138985
117,39,0.171360
117,40,0.180647
117,41,0.163329
117,42,0.096720
117,43,0.096924
117,44,0.030671
117,45,0.069727
117,46,0.126667
117,47,0.073568
117,48,0.139033
117,49,0.098673
117,50,0.080402
117,51,0.097772
117,52,0.086464
117,53,0.130742
117,54,0.105716
117,55,0.100436
117,56,0.081575
117,57,0.116140
117,58,0.058347
117,59,0.053862
117,60,0.041650
117,61,0.060951
117,62,0.086417
117,63,0.101385
117,64,0.141912
117,65,0.174862
117,66,0.205750
117,67,0.120026
117,68,0.144377
117,69,0.192898
117,70,0.181106
117,71,0.135189
117,72,0.101237
117,73,0.029765
117,74,0.057598
117,75,0.057820
117,76,0.025609
117,77,0.018437
117,78,0.011242
117,79,0.076306
117,80,0.026320
117,81,0.043414
117,82,0.033721
117,83,0.032461
117,84,0.043304
117,85,0.060982
117,86,0.030181
117,87,0.044591
117,88,0.079615
117,89,0.045471
117,90,-0.005792
117,91,0.001092
117,92,0.022957
117,93,0.018062
117,94,0.011622
117,95,0.003009
117,96,0.018206
117,97,0.075141
117,98,0.082638
117,99,0.137349
117,100,0.144694
117,101,0.159576
117,102,0.154029
117,103,0.122604
117,104,-0.023645
117,105,0.095729
117,106,0.144522
117,107,0.124859
117,108,0.072110
117,109,0.088897
117,110,0.058705
117,111,0.078118
117,112,0.094084
117,113,0.133014
117,114,0.206418
117,115,0.281146
117,116,0.530424
117,117,1.000000
117,118,0.573716
117,119,0.244849
117,120,0.202382
117,121,0.226419
117,122,0.101041
117,123,0.056498
117,124,0.044108
117,125,0.062123
117,126,0.088698
117,127,0.134517
117,128,0.140813
117,129,0.058243
117,130,0.071300
117,131,-0.005175
117,132,-0.036629
118,1,0.039178
118,2,0.063610
118,3,0.006586
118,4,-0.045315
118,5,0.007054
118,6,0.040166
118,7,-0.011910
118,8,0.047143
118,9,0.059071
118,10,0.014255
118,11,0.020278
118,12,0.023532
118,13,0.029724
118,14,0.033773
118,15,0.029132
118,16,0.039169
118,17,-0.037346
118,18,0.180831
118,19,0.055616
118,20,0.217714
118,21,0.027230
118,22,0.010162
118,23,0.083360
118,24,0.092312
118,25,0.110030
118,26,0.087276
118,27,0.059697
118,28,-0.008190
118,29,0.042781
118,30,0.008509
118,31,-0.025960
118,32,0.010684
118,33,0.053587
118,34,-0.007016
118,35,0.015572
118,36,0.027191
118,37,0.056364
118,38,0.092092
118,39,0.077438
118,40,0.097776
118,41,0.126663
118,42,0.087880
118,43,0.099002
118,44,0.117514
118,45,0.144906
118,46,0.096932
118,47,0.056281
118,48,0.140204
118,49,0.101945
118,50,0.091264
118,51,0.077630
118,52,0.121777
118,53,0.122688
118,54,0.126501
118,55,0.146348
118,56,0.109903
118,57,0.095402
118,58,0.057296
118,59,0.043038
118,60,0.029999
118,61,0.046848
118,62,0.062947
118,63,0.040884
118,64,0.084097
118,65,0.120753
118,66,0.176546
118,67,0.098102
118,68,0.099213
118,69,0.157809
118,70,0.127495
118,71,0.070615
118,72,0.017363
118,73,-0.024215
118,74,0.012764
118,75,0.089426
118,76,0.037142
118,77,-0.051034
118,78,-0.070611
118,79,0.075077
118,80,0.037145
118,81,0.063158
118,82,0.053068
118,83,0.045223
118,84,0.076703
118,85,0.086810
118,86,0.057302
118,87,0.059344
118,88,0.113295
118,89,0.040454
118,90,0.004722
118,91,0.000500
118,92,0.020158
118,93,0.016324
118,94,0.002914
118,95,-0.024572
118,96,-0.037516
118,97,0.014308
118,98,0.032899
118,99,0.055327
118,100,0.066546
118,101,0.085601
118,102,0.091755
118,103,0.057837
118,104,-0.077778
118,105,0.124230
118,106,0.163972
118,107,0.157059
118,108,0.069331
118,109,0.097604
118,110,0.045918
118,111,0.065527
118,112,0.097846
118,113,0.155294
118,114,0.279003
118,115,0.303717
118,116,0.335812
118,117,0.573716
118,118,1.000000
118,119,0.269676
118,120,0.149003
118,121,0.138380
118,122,0.065920
118,123,0.015209
118,124,0.034835
118,125,0.071264
118,126,0.063518
118,127,0.168885
118,128,0.187623
118,129,0.073808
118,130,0.079324
118,131,0.012126
118,132,-0.041024
119,1,0.082494
119,2,0.056111
119,3,0.055180
119,4,0.019216
119,5,0.083100
119,6,0.091176
119,7,0.069237
119,8,0.094584
119,9,0.069633
119,10,0.092419
119,11,0.050222
119,12,0.063003
119,13,0.055997
119,14,0.072746
119,15,0.057773
119,16,0.083729
119,17,0.051493
119,18,0.013954
119,19,0.071935
119,20,0.045738
119,21,0.010976
119,22,-0.011433
119,23,0.056968
119,24,0.061159
119,25,0.098080
119,26,0.085924
119,27,0.065693
119,28,0.033930
119,29,0.055456
119,30,0.066879
119,31,0.052879
119,32,0.054846
119,33,0.070535
119,34,0.045895
119,35,0.069563
119,36,0.075168
119,37,0.114874
119,38,0.126211
119,39,0.109223
119,40,0.142543
119,41,0.086217
119,42,0.042395
119,43,0.052932
119,44,0.016123
119,45,0.037315
119,46,0.066111
119,47,0.041207
119,48,0.098079
119,49,0.052659
119,50,-0.000080
119,51,0.032058
119,52,0.045031
119,53,0.057022
119,54,0.038873
119,55,-0.002410
119,56,0.021188
119,57,0.059867
119,58,0.023774
119,59,0.031401
119,60,0.036736
119,61,0.045937
119,62,0.072194
119,63,0.080099
119,64,0.134320
119,65,0.163086
119,66,0.167577
119,67,0.114653
119,68,0.101949
119,69,0.146819
119,70,0.134373
119,71,0.101115
119,72,0.080276
119,73,0.046268
119,74,0.050014
119,75,0.091674
119,76,0.003599
119,77,-0.053952
119,78,-0.049072
119,79,0.043746
119,80,-0.003194
119,81,0.000829
119,82,0.021099
119,83,0.048080
119,84,0.055952
119,85,0.012766
119,86,0.022477
119,87,-0.011574
119,88,0.040242
119,89,0.050898
119,90,0.026660
119,91,0.038140
119,92,0.059427
119,93,0.013519
119,94,0.005691
119,95,0.046963
119,96,0.021235
119,97,0.047467
119,98,0.084498
119,99,0.099369
119,100,0.067463
119,101,0.072023
119,102,0.100256
119,103,0.082625
119,104,0.027045
119,105,0.013184
119,106,0.013445
119,107,0.038825
119,108,0.027348
119,109,0.042055
119,110,0.050417
119,111,0.054756
119,112,0.062073
119,113,0.061901
119,114,0.036098
119,115,0.057036
119,116,0.128041
119,117,0.244849
119,118,0.269676
119,119,1.000000
119,120,0.558332
119,121,0.360395
119,122,0.096693
119,123,0.113612
119,124,0.062476
119,125,0.074999
119,126,0.072978
119,127,0.094621
119,128,0.111406
119,129,0.161828
119,130,0.184155
119,131,0.223749
119,132,0.119816
120,1,0.112652
120,2,0.058374
120,3,0.061443
120,4,0.041621
120,5,0.069697
120,6,0.043393
120,7,0.062844
120,8,0.088459
120,9,0.065945
120,10,0.111782
120,11,0.088909
120,12,0.059564
120,13,0.051958
120,14,0.056927
120,15,0.054328
120,16,0.056673
120,17,0.027979
120,18,0.001584
120,19,0.055050
120,20,0.022302
120,21,0.023926
120,22,0.011430
120,23,0.086879
120,24,0.098028
120,25,0.143408
120,26,0.116692
120,27,0.087552
120,28,0.013547
120,29,0.049045
120,30,0.057004
120,31,0.046688
120,32,0.039220
120,33,0.042548
120,34,0.034192
120,35,0.060444
120,36,0.073654
120,37,0.108707
120,38,0.136781
120,39,0.114572
120,40,0.149408
120,41,0.087103
120,42,0.039024
120,43,0.047363
120,44,-0.023597
120,45,-0.015346
120,46,0.051405
120,47,0.045960
120,48,0.110033
120,49,0.081274
120,50,0.061168
120,51,0.062305
120,52,0.033481
120,53,0.079665
120,54,0.055812
120,55,0.034743
120,56,0.050753
120,57,0.079427
120,58,0.047435
120,59,0.037953
120,60,0.025110
120,61,0.040750
120,62,0.069669
120,63,0.096289
120,64,0.162365
120,65,0.193501
120,66,0.169460
120,67,0.131287
120,68,0.119844
120,69,0.170663
120,70,0.164320
120,71,0.127118
120,72,0.104188
120,73,0.080964
120,74,0.077392
120,75,0.054790
120,76,0.024268
120,77,-0.043148
120,78,-0.031766
120,79,0.005922
120,80,-0.033079
120,81,-0.032167
120,82,-0.009151
120,83,0.015953
120,84,0.022583
120,85,-0.013054
120,86,-0.032329
120,87,-0.040538
120,88,-0.000420
120,89,0.008929
120,90,0.040639
120,91,0.047617
120,92,0.057991
120,93,0.016438
120,94,0.025239
120,95,0.079415
120,96,0.038279
120,97,0.060763
120,98,0.091666
120,99,0.106345
120,100,0.091730
120,101,0.073205
120,102,0.079980
120,103,0.076867
120,104,0.038787
120,105,0.030489
120,106,0.038128
120,107,0.020099
120,108,0.011086
120,109,0.009819
120,110,0.012880
120,111,0.002491
120,112,0.001690
120,113,0.019510
120,114,-0.006806
120,115,0.031579
120,116,0.132562
120,117,0.202382
120,118,0.149003
120,119,0.558332
120,120,1.000000
120,121,0.588214
120,122,0.295842
120,123,0.223826
120,124,0.057142
120,125,0.036674
120,126,0.124522
120,127,0.170649
120,128,0.154683
120,129,0.231400
120,130,0.240871
120,131,0.273315
120,132,0.095652
121,1,0.095819
121,2,0.061678
121,3,0.120863
121,4,0.101044
121,5,0.123218
121,6,0.054232
121,7,0.117555
121,8,0.132556
121,9,0.099076
121,10,0.154415
121,11,0.142425
121,12,0.100091
121,13,0.092944
121,14,0.103403
121,15,0.077516
121,16,0.076719
121,17,0.081998
121,18,-0.024022
121,19,-0.011730
121,20,0.037366
121,21,0.100323
121,22,0.041749
121,23,0.107837
121,24,0.126411
121,25,0.154302
121,26,0.138481
121,27,0.112893
121,28,0.044385
121,29,0.129648
121,30,0.082521
121,31,0.063242
121,32,0.066733
121,33,0.071769
121,34,0.068342
121,35,0.082178
121,36,0.118003
121,37,0.134887
121,38,0.142412
121,39,0.134670
121,40,0.156915
121,41,0.100761
121,42,0.063378
121,43,0.068911
121,44,0.015311
121,45,0.023052
121,46,0.090264
121,47,0.061475
121,48,0.124037
121,49,0.106649
121,50,0.075103
121,51,0.081696
121,52,0.047495
121,53,0.112172
121,54,0.086878
121,55,0.050635
121,56,0.069942
121,57,0.116436
121,58,0.091764
121,59,0.092112
121,60,0.056383
121,61,0.065563
121,62,0.082798
121,63,0.153069
121,64,0.169611
121,65,0.194455
121,66,0.163652
121,67,0.105509
121,68,0.128280
121,69,0.174807
121,70,0.183828
121,71,0.180872
121,72,0.162501
121,73,0.136400
121,74,0.147186
121,75,0.054887
121,76,0.043271
121,77,0.028532
121,78,0.031848
121,79,0.005301
121,80,-0.003320
121,81,-0.016727
121,82,0.004903
121,83,0.024136
121,84,0.014731
121,85,-0.007676
121,86,0.001214
121,87,0.011042
121,88,0.023256
121,89,0.024737
121,90,0.038067
121,91,0.052450
121,92,0.069257
121,93,0.035048
121,94,0.070222
121,95,0.134145
121,96,0.078308
121,97,0.102343
121,98,0.139647
121,99,0.149873
121,100,0.137070
121,101,0.118664
121,102,0.110759
121,103,0.126680
121,104,0.033369
121,105,0.034002
121,106,0.031682
121,107,0.021625
121,108,0.010969
121,109,0.011831
121,110,0.020773
121,111,0.033627
121,112,0.036968
121,113,0.062088
121,114,0.021549
121,115,0.048605
121,116,0.156999
121,117,0.226419
121,118,0.138380
121,119,0.360395
121,120,0.588214
121,121,1.000000
121,122,0.360569
121,123,0.323327
121,124,0.104373
121,125,0.091532
121,126,0.166911
121,127,0.150166
121,128,0.104181
121,129,0.080655
121,130,0.060988
121,131,0.059317
121,132,0.035405
122,1,0.087368
122,2,0.066385
122,3,0.085702
122,4,0.045692
122,5,0.069198
122,6,0.043962
122,7,0.096910
122,8,0.106041
122,9,0.067639
122,10,0.151269
122,11,0.158439
122,12,0.050304
122,13,0.054879
122,14,0.065463
122,15,0.074801
122,16,0.059237
122,17,0.056680
122,18,-0.012715
122,19,0.011331
122,20,0.048680
122,21,0.063663
122,22,0.035525
122,23,0.119075
122,24,0.133462
122,25,0.178438
122,26,0.146670
122,27,0.122771
122,28,0.050138
122,29,0.085390
122,30,0.086273
122,31,0.075700
122,32,0.072684
122,33,0.067891
122,34,0.063171
122,35,0.058145
122,36,0.073859
122,37,0.067233
122,38,0.082344
122,39,0.108712
122,40,0.137917
122,41,0.116855
122,42,0.055707
122,43,0.051357
122,44,0.005383
122,45,0.052277
122,46,0.070510
122,47,0.029639
122,48,0.091386
122,49,0.075121
122,50,0.089697
122,51,0.109893
122,52,0.069755
122,53,0.110023
122,54,0.090628
122,55,0.072698
122,56,0.077871
122,57,0.108291
122,58,0.085317
122,59,0.076105
122,60,0.051161
122,61,0.043235
122,62,0.082172
122,63,0.131361
122,64,0.129916
122,65,0.156530
122,66,0.136973
122,67,0.090926
122,68,0.102304
122,69,0.175613
122,70,0.179016
122,71,0.168430
122,72,0.145695
122,73,0.109249
122,74,0.131818
122,75,0.030672
122,76,0.049318
122,77,0.046103
122,78,0.037291
122,79,0.022205
122,80,0.012971
122,81,0.001321
122,82,0.010041
122,83,0.043497
122,84,0.018223
122,85,0.010897
122,86,0.016954
122,87,0.034984
122,88,0.019849
122,89,0.022516
122,90,0.102620
122,91,0.131488
122,92,0.139671
122,93,0.088571
122,94,0.092635
122,95,0.123784
122,96,0.059036
122,97,0.063602
122,98,0.055695
122,99,0.059223
122,100,0.073237
122,101,0.089727
122,102,0.069821
122,103,0.077694
122,104,0.000382
122,105,0.017172
122,106,0.020504
122,107,0.032387
122,108,0.033594
122,109,0.032382
122,110,0.030572
122,111,0.041701
122,112,0.041726
122,113,0.054365
122,114,0.041467
122,115,0.063319
122,116,0.093924
122,117,0.101041
122,118,0.065920
122,119,0.096693
122,120,0.295842
122,121,0.360569
122,122,1.000000
122,123,0.573565
122,124,0.106281
122,125,0.096753
122,126,0.238731
122,127,0.201546
122,128,0.123336
122,129,0.076944
122,130,0.035462
122,131,0.015806
122,132,0.007564
123,1,0.090930
123,2,0.080665
123,3,0.120650
123,4,0.080897
123,5,0.120312
123,6,0.112080
123,7,0.129911
123,8,0.111994
123,9,0.077519
123,10,0.174082
123,11,0.168942
123,12,0.064734
123,13,0.057292
123,14,0.062466
123,15,0.095054
123,16,0.079647
123,17,0.086174
123,18,0.038577
123,19,0.037772
123,20,0.052790
123,21,0.047353
123,22,0.016670
123,23,0.091931
123,24,0.115201
123,25,0.133090
123,26,0.108824
123,27,0.071433
123,28,0.032061
123,29,0.078484
123,30,0.065522
123,31,0.081681
123,32,0.099093
123,33,0.057461
123,34,0.052738
123,35,0.076153
123,36,0.090604
123,37,0.076298
123,38,0.060113
123,39,0.096211
123,40,0.132732
123,41,0.111818
123,42,0.036722
123,43,0.039856
123,44,-0.002994
123,45,0.042791
123,46,0.061432
123,47,0.020924
123,48,0.094531
123,49,0.077968
123,50,0.083356
123,51,0.092874
123,52,0.063199
123,53,0.087890
123,54,0.059530
123,55,0.041997
123,56,0.050792
123,57,0.079857
123,58,0.073001
123,59,0.049817
123,60,0.039754
123,61,0.025578
123,62,0.072032
123,63,0.114167
123,64,0.136248
123,65,0.142688
123,66,0.098739
123,67,0.068809
123,68,0.078382
123,69,0.114593
123,70,0.132930
123,71,0.148175
123,72,0.146218
123,73,0.127681
123,74,0.153661
123,75,0.041929
123,76,0.080466
123,77,0.063938
123,78,0.076842
123,79,0.052800
123,80,0.006429
123,81,-0.013052
123,82,0.034024
123,83,0.109796
123,84,0.063649
123,85,0.020682
123,86,0.027801
123,87,0.033739
123,88,0.023915
123,89,0.034328
123,90,0.070362
123,91,0.098638
123,92,0.138223
123,93,0.050980
123,94,0.071650
123,95,0.116374
123,96,0.069108
123,97,0.061614
123,98,0.037559
123,99,0.057981
123,100,0.066555
123,101,0.080183
123,102,0.051706
123,103,0.071642
123,104,0.020278
123,105,0.061220
123,106,0.093460
123,107,0.126118
123,108,0.080512
123,109,0.074198
123,110,0.039465
123,111,0.112224
123,112,0.077084
123,113,0.118083
123,114,0.116883
123,115,0.123039
123,116,0.094751
123,117,0.056498
123,118,0.015209
123,119,0.113612
123,120,0.223826
123,121,0.323327
123,122,0.573565
123,123,1.000000
123,124,0.216227
123,125,0.157363
123,126,0.202364
123,127,0.123562
123,128,0.065741
123,129,0.034885
123,130,0.027772
123,131,0.023589
123,132,0.053542
124,1,0.059491
124,2,0.066471
124,3,0.159132
124,4,0.110270
124,5,0.134392
124,6,0.171060
124,7,0.176749
124,8,0.163482
124,9,0.142493
124,10,0.169453
124,11,0.201897
124,12,0.158024
124,13,0.172769
124,14,0.165578
124,15,0.178559
124,16,0.131552
124,17,0.162025
124,18,0.115972
124,19,0.051431
124,20,0.045434
124,21,0.061581
124,22,0.062789
124,23,0.136326
124,24,0.123301
124,25,0.140455
124,26,0.116969
124,27,0.078948
124,28,0.087745
124,29,0.128123
124,30,0.100177
124,31,0.096812
124,32,0.135321
124,33,0.147947
124,34,0.137444
124,35,0.108070
124,36,0.138265
124,37,0.085427
124,38,0.067235
124,39,0.055335
124,40,0.101063
124,41,0.091576
124,42,0.055313
124,43,0.049155
124,44,-0.042625
124,45,0.008252
124,46,0.122531
124,47,0.085488
124,48,0.148634
124,49,0.133783
124,50,0.097978
124,51,0.113991
124,52,0.087599
124,53,0.158758
124,54,0.119711
124,55,0.103872
124,56,0.125196
124,57,0.164798
124,58,0.126954
124,59,0.100766
124,60,0.073063
124,61,0.067866
124,62,0.079762
124,63,0.090585
124,64,0.107931
124,65,0.094814
124,66,0.068077
124,67,0.072530
124,68,0.086111
124,69,0.088821
124,70,0.120105
124,71,0.136575
124,72,0.148650
124,73,0.136394
124,74,0.117445
124,75,0.030193
124,76,0.180364
124,77,0.152851
124,78,0.173249
124,79,0.097604
124,80,0.030833
124,81,0.050006
124,82,0.130854
124,83,0.243969
124,84,0.250058
124,85,0.129533
124,86,0.056959
124,87,0.129524
124,88,0.069796
124,89,0.012818
124,90,0.074307
124,91,0.076147
124,92,0.072477
124,93,-0.003229
124,94,-0.004938
124,95,0.047690
124,96,0.054792
124,97,0.060222
124,98,0.019229
124,99,0.058564
124,100,0.069868
124,101,0.062978
124,102,0.046783
124,103,0.042341
124,104,-0.028116
124,105,0.085851
124,106,0.118071
124,107,0.192679
124,108,0.179304
124,109,0.167188
124,110,0.099034
124,111,0.226291
124,112,0.176689
124,113,0.275519
124,114,0.142769
124,115,0.111815
124,116,0.075522
124,117,0.044108
124,118,0.034835
124,119,0.062476
124,120,0.057142
124,121,0.104373
124,122,0.106281
124,123,0.216227
124,124,1.000000
124,125,0.661261
124,126,0.243412
124,127,0.119527
124,128,0.087513
124,129,0.020743
124,130,0.041288
124,131,-0.007837
124,132,0.028954
125,1,0.063673
125,2,0.077696
125,3,0.173880
125,4,0.121785
125,5,0.122525
125,6,0.181467
125,7,0.207173
125,8,0.193440
125,9,0.161664
125,10,0.164127
125,11,0.196638
125,12,0.143786
125,13,0.172837
125,14,0.196272
125,15,0.212279
125,16,0.148396
125,17,0.161254
125,18,0.114660
125,19,0.009204
125,20,0.050576
125,21,0.053266
125,22,0.050707
125,23,0.122822
125,24,0.114720
125,25,0.120653
125,26,0.082764
125,27,0.046860
125,28,0.062537
125,29,0.133514
125,30,0.144521
125,31,0.115351
125,32,0.145520
125,33,0.184809
125,34,0.147337
125,35,0.099407
125,36,0.149520
125,37,0.090999
125,38,0.079234
125,39,0.056214
125,40,0.084547
125,41,0.082411
125,42,0.056755
125,43,0.037099
125,44,-0.008506
125,45,0.046554
125,46,0.124180
125,47,0.069921
125,48,0.148067
125,49,0.130776
125,50,0.083267
125,51,0.118565
125,52,0.083733
125,53,0.153601
125,54,0.116877
125,55,0.121852
125,56,0.139251
125,57,0.195689
125,58,0.138849
125,59,0.093721
125,60,0.070675
125,61,0.063710
125,62,0.074406
125,63,0.053668
125,64,0.092274
125,65,0.074584
125,66,0.066542
125,67,0.051747
125,68,0.087201
125,69,0.073753
125,70,0.096908
125,71,0.119619
125,72,0.135158
125,73,0.137420
125,74,0.139247
125,75,0.029532
125,76,0.141965
125,77,0.141179
125,78,0.145800
125,79,0.091955
125,80,0.033486
125,81,0.054424
125,82,0.120073
125,83,0.233597
125,84,0.223124
125,85,0.083668
125,86,0.072063
125,87,0.125997
125,88,0.114928
125,89,0.081300
125,90,0.110878
125,91,0.101175
125,92,0.077014
125,93,0.018540
125,94,0.012797
125,95,0.047682
125,96,0.059294
125,97,0.068515
125,98,0.037057
125,99,0.065720
125,100,0.068908
125,101,0.075887
125,102,0.064758
125,103,0.073538
125,104,-0.055783
125,105,0.084203
125,106,0.127886
125,107,0.200571
125,108,0.182079
125,109,0.168962
125,110,0.099892
125,111,0.223319
125,112,0.179788
125,113,0.266158
125,114,0.143418
125,115,0.118601
125,116,0.099351
125,117,0.062123
125,118,0.071264
125,119,0.074999
125,120,0.036674
125,121,0.091532
125,122,0.096753
125,123,0.157363
125,124,0.661261
125,125,1.000000
125,126,0.370265
125,127,0.215996
125,128,0.151281
125,129,0.052237
125,130,0.052964
125,131,-0.000118
125,132,0.036378
126,1,0.080222
126,2,0.065644
126,3,0.144784
126,4,0.076031
126,5,0.134149
126,6,0.124678
126,7,0.176540
126,8,0.183455
126,9,0.138304
126,10,0.148812
126,11,0.154083
126,12,0.086472
126,13,0.127215
126,14,0.149240
126,15,0.148324
126,16,0.151251
126,17,0.138267
126,18,-0.017846
126,19,-0.012100
126,20,0.056621
126,21,0.079106
126,22,0.091240
126,23,0.147154
126,24,0.140011
126,25,0.179637
126,26,0.139820
126,27,0.097595
126,28,0.071665
126,29,0.131852
126,30,0.149291
126,31,0.128663
126,32,0.148130
126,33,0.146203
126,34,0.107426
126,35,0.090116
126,36,0.140507
126,37,0.112399
126,38,0.094698
126,39,0.093606
126,40,0.120472
126,41,0.092307
126,42,0.096158
126,43,0.077706
126,44,0.045812
126,45,0.041674
126,46,0.102259
126,47,0.071393
126,48,0.147157
126,49,0.113403
126,50,0.105073
126,51,0.153507
126,52,0.139781
126,53,0.181011
126,54,0.137800
126,55,0.134661
126,56,0.135770
126,57,0.160688
126,58,0.119838
126,59,0.083285
126,60,0.067319
126,61,0.068610
126,62,0.069386
126,63,0.126138
126,64,0.140020
126,65,0.154361
126,66,0.128288
126,67,0.093579
126,68,0.131981
126,69,0.159434
126,70,0.172853
126,71,0.169116
126,72,0.167464
126,73,0.117276
126,74,0.130408
126,75,0.054068
126,76,0.090951
126,77,0.087265
126,78,0.108048
126,79,0.060800
126,80,0.012772
126,81,-0.011072
126,82,0.036092
126,83,0.101348
126,84,0.096681
126,85,-0.002992
126,86,0.040285
126,87,0.002487
126,88,0.156959
126,89,0.174297
126,90,0.144026
126,91,0.130089
126,92,0.077187
126,93,0.013024
126,94,-0.005396
126,95,0.019360
126,96,0.033634
126,97,0.048924
126,98,0.050075
126,99,0.105088
126,100,0.110162
126,101,0.101238
126,102,0.089756
126,103,0.102757
126,104,0.023145
126,105,0.067630
126,106,0.081609
126,107,0.099374
126,108,0.104758
126,109,0.103271
126,110,0.074189
126,111,0.068521
126,112,0.067612
126,113,0.112070
126,114,0.057338
126,115,0.063982
126,116,0.096057
126,117,0.088698
126,118,0.063518
126,119,0.072978
126,120,0.124522
126,121,0.166911
126,122,0.238731
126,123,0.202364
126,124,0.243412
126,125,0.370265
126,126,1.000000
126,127,0.574501
126,128,0.357176
126,129,0.150018
126,130,0.095108
126,131,0.018155
126,132,0.022097
127,1,0.082012
127,2,0.061587
127,3,0.084174
127,4,0.041220
127,5,0.090785
127,6,0.104213
127,7,0.109055
127,8,0.117735
127,9,0.083032
127,10,0.104053
127,11,0.117292
127,12,0.023952
127,13,0.058107
127,14,0.095164
127,15,0.100181
127,16,0.134388
127,17,0.070729
127,18,-0.010935
127,19,-0.045594
127,20,0.085916
127,21,0.070406
127,22,0.077548
127,23,0.142385
127,24,0.139758
127,25,0.163767
127,26,0.126243
127,27,0.085447
127,28,0.009733
127,29,0.079021
127,30,0.112255
127,31,0.055685
127,32,0.086710
127,33,0.110972
127,34,0.048629
127,35,0.036895
127,36,0.072599
127,37,0.097405
127,38,0.073784
127,39,0.087842
127,40,0.095643
127,41,0.102686
127,42,0.102301
127,43,0.083672
127,44,0.062014
127,45,0.046397
127,46,0.076736
127,47,0.070382
127,48,0.169501
127,49,0.146849
127,50,0.177604
127,51,0.184238
127,52,0.206393
127,53,0.213698
127,54,0.187785
127,55,0.210694
127,56,0.153571
127,57,0.136632
127,58,0.078829
127,59,0.038873
127,60,0.035510
127,61,0.042167
127,62,0.056698
127,63,0.105174
127,64,0.104233
127,65,0.133201
127,66,0.133684
127,67,0.076753
127,68,0.098878
127,69,0.169533
127,70,0.166296
127,71,0.123826
127,72,0.104209
127,73,0.057554
127,74,0.076149
127,75,0.045893
127,76,0.052086
127,77,0.022254
127,78,0.029238
127,79,0.031028
127,80,-0.008918
127,81,-0.035293
127,82,0.010599
127,83,0.075283
127,84,0.092426
127,85,0.023138
127,86,0.009945
127,87,-0.007310
127,88,0.187927
127,89,0.141560
127,90,0.090631
127,91,0.057812
127,92,0.043252
127,93,0.008994
127,94,0.006133
127,95,0.002766
127,96,0.021012
127,97,0.022921
127,98,0.038269
127,99,0.060690
127,100,0.051365
127,101,0.063564
127,102,0.045295
127,103,0.051748
127,104,0.013282
127,105,0.030704
127,106,0.054871
127,107,0.056427
127,108,0.046076
127,109,0.058751
127,110,0.052074
127,111,0.056257
127,112,0.055742
127,113,0.080329
127,114,0.062358
127,115,0.078992
127,116,0.112401
127,117,0.134517
127,118,0.168885
127,119,0.094621
127,120,0.170649
127,121,0.150166
127,122,0.201546
127,123,0.123562
127,124,0.119527
127,125,0.215996
127,126,0.574501
127,127,1.000000
127,128,0.714678
127,129,0.389013
127,130,0.272869
127,131,0.160768
127,132,0.029834
128,1,0.071529
128,2,0.047153
128,3,0.073520
128,4,0.049292
128,5,0.079112
128,6,0.143084
128,7,0.098551
128,8,0.110735
128,9,0.041739
128,10,0.086739
128,11,0.105615
128,12,-0.009548
128,13,0.027377
128,14,0.064652
128,15,0.101279
128,16,0.140943
128,17,0.063399
128,18,0.011706
128,19,-0.038329
128,20,0.086662
128,21,0.035664
128,22,0.014188
128,23,0.092029
128,24,0.093590
128,25,0.126898
128,26,0.094096
128,27,0.075472
128,28,0.024458
128,29,0.076336
128,30,0.087852
128,31,-0.006223
128,32,0.025574
128,33,0.109191
128,34,0.048905
128,35,0.025336
128,36,0.050822
128,37,0.063101
128,38,0.061145
128,39,0.055654
128,40,0.063815
128,41,0.103776
128,42,0.054722
128,43,0.067219
128,44,0.015904
128,45,-0.007229
128,46,0.071925
128,47,0.066327
128,48,0.162422
128,49,0.140994
128,50,0.173480
128,51,0.176524
128,52,0.229800
128,53,0.198935
128,54,0.183459
128,55,0.235430
128,56,0.163010
128,57,0.144860
128,58,0.095947
128,59,0.051602
128,60,0.036177
128,61,0.046123
128,62,0.028880
128,63,0.064228
128,64,0.068085
128,65,0.097109
128,66,0.114027
128,67,0.041448
128,68,0.067226
128,69,0.142291
128,70,0.123514
128,71,0.077604
128,72,0.032890
128,73,-0.009400
128,74,0.011146
128,75,0.030131
128,76,0.053531
128,77,-0.005773
128,78,0.019392
128,79,0.018446
128,80,-0.024989
128,81,-0.037425
128,82,-0.002967
128,83,0.054190
128,84,0.085262
128,85,0.022328
128,86,-0.004476
128,87,-0.013802
128,88,0.196143
128,89,0.124565
128,90,0.104213
128,91,0.068609
128,92,0.077136
128,93,0.029491
128,94,0.001220
128,95,-0.013330
128,96,0.016328
128,97,0.013653
128,98,0.028952
128,99,0.030914
128,100,0.015758
128,101,0.026993
128,102,0.013544
128,103,0.017618
128,104,-0.049118
128,105,0.030618
128,106,0.068424
128,107,0.075359
128,108,0.032970
128,109,0.048996
128,110,0.040407
128,111,0.054379
128,112,0.063787
128,113,0.091922
128,114,0.079041
128,115,0.100168
128,116,0.112962
128,117,0.140813
128,118,0.187623
128,119,0.111406
128,120,0.154683
128,121,0.104181
128,122,0.123336
128,123,0.065741
128,124,0.087513
128,125,0.151281
128,126,0.357176
128,127,0.714678
128,128,1.000000
128,129,0.518007
128,130,0.430681
128,131,0.272462
128,132,0.120244
129,1,0.034895
129,2,0.005764
129,3,0.001224
129,4,0.007456
129,5,0.003475
129,6,0.040857
129,7,-0.013287
129,8,0.000101
129,9,-0.028804
129,10,0.083345
129,11,0.044152
129,12,-0.069486
129,13,-0.071955
129,14,-0.037128
129,15,0.006381
129,16,0.046113
129,17,-0.019988
129,18,0.048509
129,19,0.113791
129,20,0.038739
129,21,-0.018035
129,22,-0.046387
129,23,0.029835
129,24,0.041496
129,25,0.076434
129,26,0.052467
129,27,0.053919
129,28,-0.000172
129,29,-0.012136
129,30,0.029973
129,31,-0.016877
129,32,0.001659
129,33,0.002048
129,34,-0.023200
129,35,-0.005623
129,36,-0.013463
129,37,0.076555
129,38,0.065423
129,39,0.013357
129,40,0.053350
129,41,0.063760
129,42,-0.002473
129,43,0.020500
129,44,-0.043423
129,45,-0.026703
129,46,0.052070
129,47,0.096691
129,48,0.121909
129,49,0.099970
129,50,0.183960
129,51,0.090305
129,52,0.121269
129,53,0.094130
129,54,0.079299
129,55,0.095279
129,56,0.055925
129,57,0.047456
129,58,0.040368
129,59,0.026641
129,60,-0.002113
129,61,0.032954
129,62,0.046997
129,63,0.038088
129,64,0.081553
129,65,0.082694
129,66,0.074354
129,67,0.063231
129,68,0.057205
129,69,0.123402
129,70,0.096996
129,71,0.040960
129,72,0.008293
129,73,-0.006835
129,74,-0.024161
129,75,0.042304
129,76,0.025264
129,77,-0.047432
129,78,-0.049644
129,79,0.019199
129,80,-0.017474
129,81,-0.041264
129,82,-0.023996
129,83,0.019706
129,84,0.026323
129,85,-0.027558
129,86,-0.018196
129,87,-0.004907
129,88,0.045358
129,89,0.025559
129,90,0.037999
129,91,0.032624
129,92,0.043228
129,93,0.033006
129,94,0.030415
129,95,-0.019870
129,96,0.016595
129,97,0.008152
129,98,0.023138
129,99,0.013717
129,100,-0.004472
129,101,0.010341
129,102,0.007791
129,103,-0.031713
129,104,0.021437
129,105,0.012911
129,106,0.014968
129,107,0.019869
129,108,-0.011561
129,109,-0.001339
129,110,0.004333
129,111,0.025291
129,112,0.019403
129,113,0.009043
129,114,0.032986
129,115,0.057503
129,116,0.059856
129,117,0.058243
129,118,0.073808
129,119,0.161828
129,120,0.231400
129,121,0.080655
129,122,0.076944
129,123,0.034885
129,124,0.020743
129,125,0.052237
129,126,0.150018
129,127,0.389013
129,128,0.518007
129,129,1.000000
129,130,0.812198
129,131,0.609668
129,132,0.163966
130,1,0.026458
130,2,-0.024681
130,3,-0.022834
130,4,-0.009792
130,5,-0.008603
130,6,0.052307
130,7,-0.026887
130,8,-0.016370
130,9,-0.062001
130,10,0.086250
130,11,0.040675
130,12,-0.076677
130,13,-0.078670
130,14,-0.059032
130,15,-0.001823
130,16,0.035311
130,17,-0.024878
130,18,0.077496
130,19,0.167974
130,20,0.039732
130,21,-0.033048
130,22,-0.077339
130,23,-0.001180
130,24,0.008986
130,25,0.035523
130,26,0.024394
130,27,0.028559
130,28,-0.006829
130,29,-0.011356
130,30,0.027341
130,31,-0.035949
130,32,-0.019400
130,33,-0.005662
130,34,-0.040370
130,35,0.006969
130,36,-0.016754
130,37,0.063525
130,38,0.050546
130,39,-0.028159
130,40,0.026314
130,41,0.045464
130,42,-0.045353
130,43,-0.013631
130,44,-0.077591
130,45,-0.062708
130,46,0.041855
130,47,0.091456
130,48,0.104063
130,49,0.069694
130,50,0.154350
130,51,0.049725
130,52,0.084929
130,53,0.079437
130,54,0.071695
130,55,0.078577
130,56,0.053415
130,57,0.034278
130,58,0.025214
130,59,0.020838
130,60,0.011904
130,61,0.047195
130,62,0.050353
130,63,0.022909
130,64,0.063676
130,65,0.060874
130,66,0.044171
130,67,0.037963
130,68,0.029377
130,69,0.082569
130,70,0.056829
130,71,0.007838
130,72,-0.010345
130,73,-0.035146
130,74,-0.052594
130,75,0.021529
130,76,0.031172
130,77,-0.048156
130,78,-0.041027
130,79,0.016616
130,80,-0.018522
130,81,-0.020004
130,82,-0.008808
130,83,0.025330
130,84,0.027239
130,85,-0.035191
130,86,-0.024985
130,87,-0.010388
130,88,-0.006761
130,89,0.000054
130,90,0.027286
130,91,0.029268
130,92,0.070601
130,93,0.049834
130,94,0.039093
130,95,-0.001184
130,96,0.022974
130,97,0.021176
130,98,0.035697
130,99,0.011250
130,100,-0.013200
130,101,-0.010218
130,102,-0.015357
130,103,-0.059946
130,104,-0.001058
130,105,0.001751
130,106,0.008581
130,107,0.015899
130,108,-0.030701
130,109,-0.020870
130,110,-0.016143
130,111,0.008767
130,112,0.015753
130,113,0.004454
130,114,0.030727
130,115,0.059371
130,116,0.066387
130,117,0.071300
130,118,0.079324
130,119,0.184155
130,120,0.240871
130,121,0.060988
130,122,0.035462
130,123,0.027772
130,124,0.041288
130,125,0.052964
130,126,0.095108
130,127,0.272869
130,128,0.430681
130,129,0.812198
130,130,1.000000
130,131,0.689884
130,132,0.232037
131,1,0.039713
131,2,-0.042456
131,3,-0.044043
131,4,-0.012832
131,5,-0.028279
131,6,0.002980
131,7,-0.040418
131,8,-0.038729
131,9,-0.068975
131,10,0.058664
131,11,0.013049
131,12,-0.050938
131,13,-0.084400
131,14,-0.057605
131,15,-0.017568
131,16,0.003398
131,17,-0.051719
131,18,0.041665
131,19,0.185922
131,20,0.021826
131,21,-0.032796
131,22,-0.056084
131,23,0.000519
131,24,0.007423
131,25,0.030234
131,26,0.032261
131,27,0.038545
131,28,-0.027957
131,29,-0.019779
131,30,0.005287
131,31,-0.037034
131,32,-0.031692
131,33,-0.029145
131,34,-0.042641
131,35,0.015923
131,36,-0.011200
131,37,0.084687
131,38,0.067387
131,39,-0.039287
131,40,0.027615
131,41,0.013656
131,42,-0.036764
131,43,-0.018458
131,44,-0.040412
131,45,-0.005384
131,46,0.078301
131,47,0.148482
131,48,0.091166
131,49,0.072156
131,50,0.087623
131,51,0.026579
131,52,0.045640
131,53,0.021611
131,54,0.041576
131,55,0.034429
131,56,-0.010639
131,57,-0.006850
131,58,0.001498
131,59,0.012198
131,60,-0.010709
131,61,0.024783
131,62,0.062351
131,63,0.027690
131,64,0.084741
131,65,0.063716
131,66,0.053545
131,67,0.057842
131,68,0.045663
131,69,0.086373
131,70,0.054195
131,71,0.013219
131,72,-0.000567
131,73,-0.009933
131,74,-0.027554
131,75,0.030258
131,76,-0.010558
131,77,-0.071208
131,78,-0.083183
131,79,0.005025
131,80,-0.014901
131,81,-0.013748
131,82,0.003198
131,83,0.003605
131,84,-0.005680
131,85,-0.039117
131,86,-0.031157
131,87,-0.003603
131,88,-0.069776
131,89,-0.027362
131,90,0.005589
131,91,0.028141
131,92,0.051666
131,93,0.041271
131,94,0.028717
131,95,-0.005453
131,96,0.006613
131,97,0.021381
131,98,0.057462
131,99,0.026304
131,100,-0.021870
131,101,0.008747
131,102,0.013678
131,103,-0.056344
131,104,0.061269
131,105,-0.039802
131,106,-0.043069
131,107,-0.019859
131,108,-0.028778
131,109,-0.036846
131,110,-0.021981
131,111,-0.017742
131,112,-0.017226
131,113,-0.012572
131,114,-0.024298
131,115,-0.009401
131,116,-0.002624
131,117,-0.005175
131,118,0.012126
131,119,0.223749
131,120,0.273315
131,121,0.059317
131,122,0.015806
131,123,0.023589
131,124,-0.007837
131,125,-0.000118
131,126,0.018155
131,127,0.160768
131,128,0.272462
131,129,0.609668
131,130,0.689884
131,131,1.000000
131,132,0.336615
132,1,0.070469
132,2,-0.073386
132,3,0.009187
132,4,0.058721
132,5,0.183306
132,6,0.201191
132,7,0.026160
132,8,-0.026143
132,9,-0.075440
132,10,0.040040
132,11,0.019748
132,12,-0.074230
132,13,-0.110781
132,14,-0.074067
132,15,0.023560
132,16,0.141244
132,17,0.109594
132,18,-0.123514
132,19,-0.025845
132,20,-0.016915
132,21,-0.090267
132,22,-0.075762
132,23,-0.011117
132,24,-0.053912
132,25,-0.030817
132,26,0.015587
132,27,0.062334
132,28,0.125789
132,29,0.117538
132,30,0.016459
132,31,-0.112007
132,32,-0.111347
132,33,0.009152
132,34,0.021299
132,35,0.035493
132,36,-0.039837
132,37,-0.017688
132,38,0.008874
132,39,-0.052869
132,40,0.023502
132,41,0.047807
132,42,-0.092333
132,43,0.012785
132,44,-0.057257
132,45,-0.089027
132,46,-0.020283
132,47,0.029456
132,48,-0.006273
132,49,0.006993
132,50,0.028860
132,51,0.016172
132,52,0.079423
132,53,0.021480
132,54,0.052892
132,55,0.083295
132,56,0.005808
132,57,-0.045658
132,58,0.021714
132,59,0.006791
132,60,0.002923
132,61,0.000197
132,62,0.046537
132,63,0.032073
132,64,0.034546
132,65,0.023892
132,66,-0.032438
132,67,-0.037260
132,68,-0.038059
132,69,-0.000032
132,70,-0.005811
132,71,-0.010814
132,72,0.004953
132,73,0.071938
132,74,0.063834
132,75,0.009850
132,76,-0.000228
132,77,0.013361
132,78,0.065491
132,79,0.015168
132,80,-0.048466
132,81,-0.030342
132,82,0.003989
132,83,0.021516
132,84,0.028210
132,85,0.021180
132,86,0.009931
132,87,-0.017493
132,88,-0.089658
132,89,-0.024106
132,90,0.052266
132,91,0.074967
132,92,0.047756
132,93,-0.010968
132,94,-0.041680
132,95,-0.025359
132,96,-0.006712
132,97,-0.011425
132,98,-0.017642
132,99,-0.040854
132,100,-0.019883
132,101,-0.017616
132,102,-0.019748
132,103,0.036374
132,104,0.013523
132,105,0.008986
132,106,0.023722
132,107,0.036015
132,108,-0.023784
132,109,0.006726
132,110,0.017658
132,111,0.068732
132,112,0.038266
132,113,0.052900
132,114,0.059000
132,115,0.061425
132,116,0.050517
132,117,-0.036629
132,118,-0.041024
132,119,0.119816
132,120,0.095652
132,121,0.035405
132,122,0.007564
132,123,0.053542
132,124,0.028954
132,125,0.036378
132,126,0.022097
132,127,0.029834
132,128,0.120244
132,129,0.163966
132,130,0.232037
132,131,0.336615
132,132,1.000000
