residue_i,residue_j,correlation
1,1,1.000000
1,2,0.807704
1,3,0.413070
1,4,0.388200
1,5,0.367857
1,6,0.335718
1,7,0.329476
1,8,0.319764
1,9,0.259082
1,10,0.335859
1,11,0.400262
1,12,0.731178
1,13,0.735149
1,14,0.607711
1,15,0.469011
1,16,0.360099
1,17,0.278163
1,18,0.307393
1,19,0.347560
1,20,0.413886
1,21,0.467451
1,22,0.387800
1,23,0.396659
1,24,0.144936
1,25,0.136374
1,26,0.270519
1,27,0.167309
1,28,0.181649
1,29,0.229041
1,30,0.195295
1,31,0.187552
1,32,0.019039
1,33,0.041649
1,34,0.088229
1,35,0.106544
1,36,0.090153
1,37,0.088007
1,38,0.120406
1,39,0.175348
1,40,0.174601
1,41,0.143331
1,42,0.210600
1,43,0.237567
1,44,0.195219
1,45,0.190053
1,46,0.208498
1,47,0.140061
1,48,0.115595
1,49,0.084110
1,50,0.159715
1,51,0.137976
1,52,0.199482
1,53,0.273013
1,54,0.207271
1,55,0.303931
1,56,0.338007
1,57,0.266870
1,58,0.182180
1,59,0.275922
1,60,0.295064
1,61,0.291981
1,62,0.263214
1,63,0.184851
1,64,0.163170
1,65,0.208329
1,66,0.206921
1,67,0.174880
1,68,0.179869
1,69,0.205032
1,70,0.222877
1,71,0.203601
1,72,0.187627
1,73,0.181061
1,74,0.210871
1,75,0.178819
1,76,0.153781
1,77,0.142153
1,78,0.086416
1,79,0.071029
1,80,0.139377
1,81,0.075658
1,82,0.023321
1,83,0.091549
1,84,0.106578
1,85,0.152134
1,86,0.129131
1,87,0.160350
1,88,0.096088
1,89,0.136541
1,90,0.167351
1,91,0.161858
1,92,0.127682
1,93,0.162811
1,94,0.230903
1,95,0.268711
1,96,0.217240
1,97,0.203697
1,98,0.228561
1,99,0.141715
1,100,0.225594
1,101,0.226244
1,102,0.239257
1,103,0.210573
1,104,0.105463
1,105,0.049307
1,106,0.129756
1,107,0.040818
1,108,0.096581
1,109,0.062806
1,110,0.070139
1,111,0.013267
1,112,0.099235
1,113,0.086657
1,114,0.099083
1,115,0.149516
1,116,0.062543
1,117,0.148084
1,118,0.147362
1,119,0.095931
1,120,0.030011
1,121,0.060634
1,122,0.093344
1,123,0.086017
1,124,0.043601
1,125,0.023828
1,126,0.052276
1,127,0.033551
1,128,0.016945
1,129,0.096872
1,130,0.052585
1,131,0.113078
1,132,0.138189
1,133,0.071671
1,134,0.050678
1,135,0.167425
1,136,0.178615
1,137,0.097259
1,138,0.119811
1,139,0.179996
1,140,0.162513
1,141,0.109233
1,142,0.066429
1,143,0.042129
1,144,0.064333
1,145,0.010001
1,146,0.018051
1,147,0.071319
1,148,0.181484
1,149,0.164482
1,150,0.217693
1,151,0.200027
1,152,0.170085
1,153,0.106225
1,154,0.107562
1,155,0.119673
1,156,0.077913
1,157,0.053165
1,158,0.066409
1,159,0.070433
1,160,0.081453
1,161,0.123778
1,162,0.132527
1,163,0.154616
1,164,0.157326
1,165,0.194635
1,166,0.162936
1,167,0.193011
1,168,0.107505
1,169,0.147085
1,170,0.156865
1,171,0.108207
1,172,0.157153
1,173,0.210746
1,174,0.176646
1,175,0.053705
1,176,0.100893
1,177,0.214375
1,178,0.218449
1,179,0.145192
1,180,0.067534
1,181,0.036127
1,182,0.022768
1,183,0.006652
1,184,0.161361
1,185,0.213342
1,186,0.233628
1,187,0.240592
1,188,0.204596
1,189,0.186040
1,190,0.159826
2,1,0.807704
2,2,1.000000
2,3,0.599050
2,4,0.471291
2,5,0.319790
2,6,0.214301
2,7,0.183840
2,8,0.237303
2,9,0.272132
2,10,0.382730
2,11,0.529246
2,12,0.720201
2,13,0.550064
2,14,0.390270
2,15,0.297068
2,16,0.213035
2,17,0.154419
2,18,0.158389
2,19,0.188874
2,20,0.234251
2,21,0.300865
2,22,0.416142
2,23,0.392626
2,24,0.106563
2,25,0.086708
2,26,0.233668
2,27,0.171329
2,28,0.135187
2,29,0.158418
2,30,0.180985
2,31,0.178504
2,32,0.001178
2,33,0.049697
2,34,0.055628
2,35,0.077769
2,36,0.040278
2,37,0.068107
2,38,0.086241
2,39,0.096244
2,40,0.095251
2,41,0.063347
2,42,0.106697
2,43,0.127371
2,44,0.158832
2,45,0.145786
2,46,0.150203
2,47,0.089624
2,48,0.067450
2,49,0.065826
2,50,0.117357
2,51,0.100915
2,52,0.133933
2,53,0.203192
2,54,0.180470
2,55,0.208972
2,56,0.201533
2,57,0.132494
2,58,0.146878
2,59,0.210302
2,60,0.204981
2,61,0.225182
2,62,0.203641
2,63,0.164884
2,64,0.131864
2,65,0.181078
2,66,0.127339
2,67,0.077760
2,68,0.092166
2,69,0.099380
2,70,0.116330
2,71,0.077819
2,72,0.067154
2,73,0.061675
2,74,0.100845
2,75,0.112652
2,76,0.062974
2,77,0.071944
2,78,0.086521
2,79,0.069055
2,80,0.105435
2,81,0.087219
2,82,0.037765
2,83,0.091371
2,84,0.124999
2,85,0.141305
2,86,0.149402
2,87,0.189001
2,88,0.144229
2,89,0.108744
2,90,0.114076
2,91,0.165503
2,92,0.146833
2,93,0.144009
2,94,0.178735
2,95,0.192612
2,96,0.145257
2,97,0.111341
2,98,0.152872
2,99,0.114849
2,100,0.134871
2,101,0.145018
2,102,0.169884
2,103,0.162998
2,104,0.123762
2,105,0.123189
2,106,0.125244
2,107,0.027375
2,108,0.028519
2,109,0.019462
2,110,0.020976
2,111,0.000076
2,112,0.068444
2,113,0.019616
2,114,0.018388
2,115,0.054300
2,116,0.063562
2,117,0.102950
2,118,0.108043
2,119,0.030289
2,120,-0.025273
2,121,-0.016520
2,122,0.021767
2,123,-0.013714
2,124,0.008549
2,125,0.016223
2,126,0.007093
2,127,0.002420
2,128,0.030552
2,129,0.089254
2,130,0.059498
2,131,0.107224
2,132,0.112861
2,133,0.075301
2,134,0.124059
2,135,0.179719
2,136,0.163700
2,137,0.140452
2,138,0.181000
2,139,0.163433
2,140,0.140975
2,141,0.140696
2,142,0.136134
2,143,0.123693
2,144,0.122342
2,145,0.045965
2,146,0.070728
2,147,0.067024
2,148,0.128347
2,149,0.127461
2,150,0.129162
2,151,0.102327
2,152,0.056168
2,153,0.002792
2,154,0.010544
2,155,0.003020
2,156,-0.023580
2,157,-0.038604
2,158,0.043179
2,159,0.119668
2,160,0.114729
2,161,0.151932
2,162,0.134609
2,163,0.153828
2,164,0.137652
2,165,0.108790
2,166,0.092269
2,167,0.123050
2,168,0.083520
2,169,0.080846
2,170,0.087345
2,171,0.039506
2,172,0.071601
2,173,0.074470
2,174,0.094399
2,175,0.024293
2,176,0.065096
2,177,0.122027
2,178,0.136440
2,179,0.069371
2,180,0.003285
2,181,0.007296
2,182,0.021498
2,183,-0.033142
2,184,0.055327
2,185,0.096901
2,186,0.139835
2,187,0.130947
2,188,0.088592
2,189,0.064994
2,190,0.068243
3,1,0.413070
3,2,0.599050
3,3,1.000000
3,4,0.827426
3,5,0.538780
3,6,0.342513
3,7,0.238422
3,8,0.302061
3,9,0.443498
3,10,0.576888
3,11,0.701924
3,12,0.504319
3,13,0.349436
3,14,0.254170
3,15,0.243770
3,16,0.229529
3,17,0.210573
3,18,0.176515
3,19,0.195104
3,20,0.193882
3,21,0.212827
3,22,0.320428
3,23,0.326960
3,24,0.309587
3,25,0.276488
3,26,0.232148
3,27,0.187297
3,28,0.122205
3,29,0.113285
3,30,0.150905
3,31,0.151145
3,32,0.065228
3,33,0.025113
3,34,0.071039
3,35,0.062858
3,36,0.045305
3,37,0.101837
3,38,0.119595
3,39,0.131135
3,40,0.118779
3,41,0.129904
3,42,0.168428
3,43,0.113878
3,44,0.100268
3,45,0.150294
3,46,0.199722
3,47,0.196648
3,48,0.218147
3,49,0.260020
3,50,0.333398
3,51,0.304704
3,52,0.235566
3,53,0.178759
3,54,0.111201
3,55,0.105278
3,56,0.169846
3,57,0.125398
3,58,0.184590
3,59,0.203169
3,60,0.204352
3,61,0.218824
3,62,0.170056
3,63,0.150099
3,64,0.133397
3,65,0.209646
3,66,0.149833
3,67,0.119913
3,68,0.107528
3,69,0.116013
3,70,0.110696
3,71,0.066977
3,72,0.047329
3,73,0.085872
3,74,0.077937
3,75,0.098266
3,76,0.139200
3,77,0.140296
3,78,0.150525
3,79,0.156991
3,80,0.182369
3,81,0.144965
3,82,0.074372
3,83,0.122421
3,84,0.135873
3,85,0.155173
3,86,0.129724
3,87,0.165894
3,88,0.108038
3,89,0.112062
3,90,0.147656
3,91,0.158950
3,92,0.163308
3,93,0.168181
3,94,0.174318
3,95,0.200149
3,96,0.186056
3,97,0.159619
3,98,0.149187
3,99,0.123793
3,100,0.149208
3,101,0.222798
3,102,0.224639
3,103,0.156189
3,104,0.112391
3,105,0.075065
3,106,0.106402
3,107,0.070161
3,108,0.084457
3,109,0.096261
3,110,0.113992
3,111,0.101838
3,112,0.086212
3,113,0.045924
3,114,0.072551
3,115,0.057822
3,116,0.073426
3,117,0.103449
3,118,0.140820
3,119,0.112485
3,120,0.092234
3,121,0.059682
3,122,0.051305
3,123,0.084368
3,124,0.061439
3,125,0.099435
3,126,0.097077
3,127,0.068957
3,128,0.080071
3,129,0.079328
3,130,0.024135
3,131,0.080881
3,132,0.096228
3,133,0.097946
3,134,0.189440
3,135,0.190320
3,136,0.199024
3,137,0.223729
3,138,0.204501
3,139,0.178563
3,140,0.184673
3,141,0.144013
3,142,0.140948
3,143,0.161495
3,144,0.138998
3,145,0.117876
3,146,0.046313
3,147,0.037752
3,148,0.088580
3,149,0.120508
3,150,0.025295
3,151,0.007603
3,152,-0.028028
3,153,-0.049820
3,154,-0.045656
3,155,-0.037569
3,156,-0.033013
3,157,-0.055095
3,158,0.085087
3,159,0.139358
3,160,0.112859
3,161,0.172131
3,162,0.169388
3,163,0.212498
3,164,0.210310
3,165,0.176572
3,166,0.175551
3,167,0.145742
3,168,0.131820
3,169,0.097130
3,170,0.068681
3,171,0.019943
3,172,0.098992
3,173,0.091599
3,174,0.076860
3,175,0.010700
3,176,0.020161
3,177,0.068903
3,178,0.071418
3,179,0.020636
3,180,0.006705
3,181,0.038848
3,182,-0.019685
3,183,-0.014069
3,184,0.035271
3,185,0.088502
3,186,0.120658
3,187,0.126456
3,188,0.101197
3,189,0.072711
3,190,0.049652
4,1,0.388200
4,2,0.471291
4,3,0.827426
4,4,1.000000
4,5,0.768626
4,6,0.525767
4,7,0.404545
4,8,0.445797
4,9,0.575382
4,10,0.699546
4,11,0.697155
4,12,0.389948
4,13,0.370307
4,14,0.336736
4,15,0.344976
4,16,0.329287
4,17,0.317714
4,18,0.275342
4,19,0.305263
4,20,0.282946
4,21,0.258264
4,22,0.226190
4,23,0.314273
4,24,0.431973
4,25,0.379086
4,26,0.284064
4,27,0.181572
4,28,0.140795
4,29,0.144188
4,30,0.136880
4,31,0.176880
4,32,0.081605
4,33,-0.025252
4,34,0.086920
4,35,0.064112
4,36,0.067480
4,37,0.123518
4,38,0.157547
4,39,0.204478
4,40,0.186496
4,41,0.177456
4,42,0.263103
4,43,0.167096
4,44,0.090313
4,45,0.135034
4,46,0.213998
4,47,0.248000
4,48,0.306431
4,49,0.365261
4,50,0.470560
4,51,0.423115
4,52,0.314527
4,53,0.188560
4,54,0.090512
4,55,0.127766
4,56,0.209084
4,57,0.153988
4,58,0.199860
4,59,0.249957
4,60,0.272893
4,61,0.283135
4,62,0.220107
4,63,0.180142
4,64,0.154288
4,65,0.215094
4,66,0.182146
4,67,0.184804
4,68,0.160365
4,69,0.177356
4,70,0.176808
4,71,0.124616
4,72,0.106608
4,73,0.157335
4,74,0.152124
4,75,0.143585
4,76,0.219812
4,77,0.209824
4,78,0.155124
4,79,0.171111
4,80,0.233397
4,81,0.181800
4,82,0.087030
4,83,0.161668
4,84,0.169814
4,85,0.208533
4,86,0.139237
4,87,0.172347
4,88,0.085138
4,89,0.135335
4,90,0.190561
4,91,0.169149
4,92,0.167318
4,93,0.197810
4,94,0.194912
4,95,0.237701
4,96,0.246734
4,97,0.252966
4,98,0.190308
4,99,0.132149
4,100,0.191458
4,101,0.316075
4,102,0.325174
4,103,0.228432
4,104,0.131649
4,105,0.032903
4,106,0.131807
4,107,0.077148
4,108,0.129294
4,109,0.110485
4,110,0.132939
4,111,0.096443
4,112,0.103682
4,113,0.108449
4,114,0.136768
4,115,0.137291
4,116,0.089500
4,117,0.131398
4,118,0.164041
4,119,0.156640
4,120,0.125581
4,121,0.102176
4,122,0.080198
4,123,0.158877
4,124,0.084159
4,125,0.108555
4,126,0.145257
4,127,0.103462
4,128,0.090324
4,129,0.095096
4,130,0.000269
4,131,0.078113
4,132,0.115826
4,133,0.090602
4,134,0.128711
4,135,0.170121
4,136,0.197055
4,137,0.195858
4,138,0.146472
4,139,0.176332
4,140,0.201906
4,141,0.097062
4,142,0.066939
4,143,0.104175
4,144,0.097044
4,145,0.076528
4,146,-0.012914
4,147,0.012004
4,148,0.121424
4,149,0.132650
4,150,0.076635
4,151,0.078406
4,152,0.051814
4,153,0.023662
4,154,0.033343
4,155,0.053713
4,156,0.056032
4,157,0.035120
4,158,0.129332
4,159,0.149616
4,160,0.117134
4,161,0.155689
4,162,0.181581
4,163,0.222747
4,164,0.232198
4,165,0.267415
4,166,0.247622
4,167,0.217010
4,168,0.165768
4,169,0.162065
4,170,0.127154
4,171,0.049850
4,172,0.159868
4,173,0.188138
4,174,0.126574
4,175,0.013569
4,176,0.036338
4,177,0.133487
4,178,0.125810
4,179,0.058017
4,180,0.030881
4,181,0.057451
4,182,0.006801
4,183,0.063800
4,184,0.138566
4,185,0.201856
4,186,0.183228
4,187,0.210544
4,188,0.199197
4,189,0.174783
4,190,0.118322
5,1,0.367857
5,2,0.319790
5,3,0.538780
5,4,0.768626
5,5,1.000000
5,6,0.817542
5,7,0.681722
5,8,0.620279
5,9,0.656395
5,10,0.740227
5,11,0.585115
5,12,0.340892
5,13,0.440910
5,14,0.438519
5,15,0.441941
5,16,0.412189
5,17,0.401773
5,18,0.375125
5,19,0.433565
5,20,0.424757
5,21,0.386572
5,22,0.212988
5,23,0.361855
5,24,0.527968
5,25,0.465403
5,26,0.341022
5,27,0.202481
5,28,0.214885
5,29,0.250532
5,30,0.185399
5,31,0.225158
5,32,0.128218
5,33,-0.020811
5,34,0.106861
5,35,0.085471
5,36,0.133613
5,37,0.170324
5,38,0.210212
5,39,0.291543
5,40,0.281639
5,41,0.243991
5,42,0.363703
5,43,0.237036
5,44,0.135784
5,45,0.179606
5,46,0.278541
5,47,0.342451
5,48,0.399835
5,49,0.458691
5,50,0.593952
5,51,0.532488
5,52,0.425523
5,53,0.267513
5,54,0.140765
5,55,0.215297
5,56,0.332831
5,57,0.275863
5,58,0.272891
5,59,0.358687
5,60,0.399268
5,61,0.398953
5,62,0.299655
5,63,0.202469
5,64,0.172944
5,65,0.235262
5,66,0.241927
5,67,0.263245
5,68,0.225639
5,69,0.274734
5,70,0.275909
5,71,0.231185
5,72,0.223536
5,73,0.259649
5,74,0.266375
5,75,0.220053
5,76,0.310122
5,77,0.287901
5,78,0.165294
5,79,0.176650
5,80,0.289527
5,81,0.203208
5,82,0.090479
5,83,0.196016
5,84,0.190934
5,85,0.246363
5,86,0.144936
5,87,0.173915
5,88,0.066104
5,89,0.176640
5,90,0.259141
5,91,0.199792
5,92,0.190293
5,93,0.266165
5,94,0.283954
5,95,0.331477
5,96,0.333904
5,97,0.358516
5,98,0.264699
5,99,0.153998
5,100,0.260908
5,101,0.410840
5,102,0.416829
5,103,0.339247
5,104,0.168595
5,105,0.004011
5,106,0.167617
5,107,0.123544
5,108,0.222173
5,109,0.170503
5,110,0.196028
5,111,0.097438
5,112,0.129725
5,113,0.177927
5,114,0.212980
5,115,0.245612
5,116,0.101893
5,117,0.171173
5,118,0.183408
5,119,0.226263
5,120,0.199155
5,121,0.215799
5,122,0.189959
5,123,0.287077
5,124,0.125002
5,125,0.149618
5,126,0.233643
5,127,0.140400
5,128,0.094294
5,129,0.122081
5,130,0.017746
5,131,0.112851
5,132,0.168036
5,133,0.101287
5,134,0.065791
5,135,0.174906
5,136,0.217382
5,137,0.166098
5,138,0.101905
5,139,0.206651
5,140,0.240569
5,141,0.056265
5,142,-0.008325
5,143,0.023470
5,144,0.009899
5,145,-0.013519
5,146,-0.039789
5,147,0.038344
5,148,0.163952
5,149,0.148530
5,150,0.177137
5,151,0.204829
5,152,0.169746
5,153,0.123611
5,154,0.159581
5,155,0.198828
5,156,0.163231
5,157,0.120570
5,158,0.180214
5,159,0.136042
5,160,0.103196
5,161,0.162602
5,162,0.197400
5,163,0.244144
5,164,0.276117
5,165,0.372212
5,166,0.326652
5,167,0.310159
5,168,0.211234
5,169,0.233142
5,170,0.192925
5,171,0.112637
5,172,0.215062
5,173,0.304095
5,174,0.189345
5,175,0.023624
5,176,0.042585
5,177,0.180247
5,178,0.170311
5,179,0.122454
5,180,0.084074
5,181,0.102773
5,182,0.028177
5,183,0.117334
5,184,0.264455
5,185,0.328549
5,186,0.297203
5,187,0.335584
5,188,0.325014
5,189,0.310971
5,190,0.226887
6,1,0.335718
6,2,0.214301
6,3,0.342513
6,4,0.525767
6,5,0.817542
6,6,1.000000
6,7,0.902929
6,8,0.715919
6,9,0.580743
6,10,0.584190
6,11,0.421345
6,12,0.326754
6,13,0.470226
6,14,0.480892
6,15,0.455825
6,16,0.419262
6,17,0.393005
6,18,0.396220
6,19,0.465733
6,20,0.496646
6,21,0.460952
6,22,0.227464
6,23,0.335773
6,24,0.522490
6,25,0.482620
6,26,0.366191
6,27,0.230616
6,28,0.271595
6,29,0.311459
6,30,0.211168
6,31,0.240991
6,32,0.154126
6,33,0.045534
6,34,0.150943
6,35,0.157216
6,36,0.213422
6,37,0.207550
6,38,0.245552
6,39,0.334942
6,40,0.334859
6,41,0.286797
6,42,0.380803
6,43,0.322905
6,44,0.210693
6,45,0.222354
6,46,0.309314
6,47,0.363581
6,48,0.388031
6,49,0.418722
6,50,0.550563
6,51,0.505336
6,52,0.442970
6,53,0.304381
6,54,0.209901
6,55,0.294022
6,56,0.419233
6,57,0.376850
6,58,0.277892
6,59,0.354288
6,60,0.393801
6,61,0.372966
6,62,0.282552
6,63,0.174580
6,64,0.167208
6,65,0.225733
6,66,0.250837
6,67,0.267344
6,68,0.223130
6,69,0.294566
6,70,0.297854
6,71,0.260040
6,72,0.243728
6,73,0.266132
6,74,0.281831
6,75,0.214590
6,76,0.307113
6,77,0.298898
6,78,0.154943
6,79,0.165740
6,80,0.300198
6,81,0.175085
6,82,0.063402
6,83,0.190527
6,84,0.164594
6,85,0.222959
6,86,0.105708
6,87,0.134095
6,88,0.040719
6,89,0.174887
6,90,0.254254
6,91,0.178939
6,92,0.173827
6,93,0.259644
6,94,0.282926
6,95,0.340836
6,96,0.361944
6,97,0.404990
6,98,0.329568
6,99,0.206138
6,100,0.248920
6,101,0.407469
6,102,0.418776
6,103,0.331668
6,104,0.145308
6,105,-0.000342
6,106,0.187754
6,107,0.119909
6,108,0.270936
6,109,0.177072
6,110,0.201358
6,111,0.088657
6,112,0.179669
6,113,0.235667
6,114,0.258738
6,115,0.343251
6,116,0.113036
6,117,0.220447
6,118,0.182668
6,119,0.228596
6,120,0.211504
6,121,0.246144
6,122,0.229331
6,123,0.318222
6,124,0.159138
6,125,0.161621
6,126,0.240382
6,127,0.166071
6,128,0.091625
6,129,0.163348
6,130,0.060882
6,131,0.139706
6,132,0.203403
6,133,0.107060
6,134,0.029479
6,135,0.164933
6,136,0.218654
6,137,0.115469
6,138,0.063527
6,139,0.209638
6,140,0.235600
6,141,0.044663
6,142,-0.036252
6,143,-0.029757
6,144,-0.046552
6,145,-0.029118
6,146,-0.035669
6,147,0.037715
6,148,0.183393
6,149,0.169934
6,150,0.184484
6,151,0.231673
6,152,0.186163
6,153,0.118243
6,154,0.168469
6,155,0.210513
6,156,0.153292
6,157,0.121073
6,158,0.145081
6,159,0.086685
6,160,0.075446
6,161,0.144808
6,162,0.186237
6,163,0.225455
6,164,0.266888
6,165,0.365610
6,166,0.323016
6,167,0.323979
6,168,0.217496
6,169,0.270021
6,170,0.234013
6,171,0.153171
6,172,0.243876
6,173,0.342136
6,174,0.204453
6,175,0.041782
6,176,0.069834
6,177,0.230368
6,178,0.226673
6,179,0.185235
6,180,0.098192
6,181,0.103258
6,182,0.040495
6,183,0.111713
6,184,0.329016
6,185,0.391824
6,186,0.346559
6,187,0.384266
6,188,0.361918
6,189,0.347405
6,190,0.264580
7,1,0.329476
7,2,0.183840
7,3,0.238422
7,4,0.404545
7,5,0.681722
7,6,0.902929
7,7,1.000000
7,8,0.818969
7,9,0.534257
7,10,0.497156
7,11,0.346015
7,12,0.337752
7,13,0.497080
7,14,0.500295
7,15,0.461678
7,16,0.410154
7,17,0.389580
7,18,0.406178
7,19,0.481692
7,20,0.534060
7,21,0.510874
7,22,0.249723
7,23,0.350365
7,24,0.508965
7,25,0.484056
7,26,0.384472
7,27,0.219294
7,28,0.267778
7,29,0.306404
7,30,0.194235
7,31,0.243066
7,32,0.153772
7,33,0.086663
7,34,0.179151
7,35,0.187080
7,36,0.229054
7,37,0.203842
7,38,0.267602
7,39,0.378647
7,40,0.371374
7,41,0.322942
7,42,0.402439
7,43,0.379923
7,44,0.253276
7,45,0.248555
7,46,0.326855
7,47,0.364127
7,48,0.377930
7,49,0.394759
7,50,0.524365
7,51,0.484789
7,52,0.451550
7,53,0.340247
7,54,0.250218
7,55,0.351530
7,56,0.474130
7,57,0.427598
7,58,0.277898
7,59,0.354674
7,60,0.405792
7,61,0.374433
7,62,0.291448
7,63,0.179902
7,64,0.183000
7,65,0.232128
7,66,0.269150
7,67,0.275955
7,68,0.232328
7,69,0.301023
7,70,0.315704
7,71,0.285396
7,72,0.270105
7,73,0.290506
7,74,0.315580
7,75,0.230591
7,76,0.317300
7,77,0.304641
7,78,0.138677
7,79,0.157000
7,80,0.299623
7,81,0.167836
7,82,0.048141
7,83,0.184988
7,84,0.159878
7,85,0.219102
7,86,0.105390
7,87,0.125215
7,88,0.030545
7,89,0.170045
7,90,0.270498
7,91,0.189312
7,92,0.172053
7,93,0.260179
7,94,0.284632
7,95,0.357010
7,96,0.392931
7,97,0.448027
7,98,0.369654
7,99,0.234452
7,100,0.242974
7,101,0.411528
7,102,0.420682
7,103,0.329716
7,104,0.140331
7,105,-0.009475
7,106,0.187495
7,107,0.121758
7,108,0.291818
7,109,0.183639
7,110,0.213222
7,111,0.094788
7,112,0.196628
7,113,0.258219
7,114,0.280321
7,115,0.386305
7,116,0.129947
7,117,0.234395
7,118,0.185579
7,119,0.226858
7,120,0.208505
7,121,0.232923
7,122,0.207029
7,123,0.326442
7,124,0.167161
7,125,0.157830
7,126,0.247048
7,127,0.175568
7,128,0.085102
7,129,0.176716
7,130,0.077039
7,131,0.153315
7,132,0.214910
7,133,0.116628
7,134,0.030282
7,135,0.170986
7,136,0.226333
7,137,0.107308
7,138,0.067920
7,139,0.222476
7,140,0.239068
7,141,0.053115
7,142,-0.033833
7,143,-0.036059
7,144,-0.048590
7,145,-0.033106
7,146,-0.049805
7,147,0.024773
7,148,0.196396
7,149,0.163005
7,150,0.217350
7,151,0.273818
7,152,0.235823
7,153,0.164962
7,154,0.218028
7,155,0.254389
7,156,0.189980
7,157,0.139996
7,158,0.149995
7,159,0.081478
7,160,0.084480
7,161,0.145770
7,162,0.191024
7,163,0.225445
7,164,0.264406
7,165,0.386964
7,166,0.344254
7,167,0.355219
7,168,0.237681
7,169,0.294601
7,170,0.252623
7,171,0.177936
7,172,0.268755
7,173,0.360872
7,174,0.233701
7,175,0.066639
7,176,0.093108
7,177,0.255529
7,178,0.255713
7,179,0.210961
7,180,0.104578
7,181,0.103667
7,182,0.073274
7,183,0.131306
7,184,0.371503
7,185,0.438683
7,186,0.384036
7,187,0.421627
7,188,0.396254
7,189,0.386007
7,190,0.294644
8,1,0.319764
8,2,0.237303
8,3,0.302061
8,4,0.445797
8,5,0.620279
8,6,0.715919
8,7,0.818969
8,8,1.000000
8,9,0.646444
8,10,0.568586
8,11,0.395230
8,12,0.301726
8,13,0.406494
8,14,0.405669
8,15,0.380793
8,16,0.350045
8,17,0.343595
8,18,0.350573
8,19,0.395509
8,20,0.424141
8,21,0.384445
8,22,0.179049
8,23,0.276620
8,24,0.541793
8,25,0.514053
8,26,0.414954
8,27,0.196482
8,28,0.192569
8,29,0.215527
8,30,0.144981
8,31,0.273654
8,32,0.232040
8,33,0.075008
8,34,0.154418
8,35,0.137253
8,36,0.171806
8,37,0.184752
8,38,0.250114
8,39,0.331825
8,40,0.309255
8,41,0.286419
8,42,0.357492
8,43,0.317292
8,44,0.156709
8,45,0.172365
8,46,0.243263
8,47,0.293484
8,48,0.330218
8,49,0.387058
8,50,0.508603
8,51,0.464413
8,52,0.378823
8,53,0.222476
8,54,0.133646
8,55,0.255714
8,56,0.366034
8,57,0.322376
8,58,0.192468
8,59,0.281406
8,60,0.355669
8,61,0.345012
8,62,0.290898
8,63,0.222854
8,64,0.230879
8,65,0.247361
8,66,0.280995
8,67,0.306404
8,68,0.250857
8,69,0.299420
8,70,0.303742
8,71,0.253742
8,72,0.245587
8,73,0.258996
8,74,0.285177
8,75,0.219824
8,76,0.296872
8,77,0.269894
8,78,0.152498
8,79,0.196794
8,80,0.284539
8,81,0.171258
8,82,0.093688
8,83,0.191530
8,84,0.147462
8,85,0.188037
8,86,0.134218
8,87,0.124950
8,88,0.029415
8,89,0.149685
8,90,0.234512
8,91,0.163728
8,92,0.130411
8,93,0.180958
8,94,0.191033
8,95,0.267102
8,96,0.330164
8,97,0.383922
8,98,0.318106
8,99,0.180701
8,100,0.211734
8,101,0.360253
8,102,0.312889
8,103,0.238305
8,104,0.083669
8,105,-0.047058
8,106,0.129840
8,107,0.112513
8,108,0.240203
8,109,0.137030
8,110,0.174967
8,111,0.091258
8,112,0.145363
8,113,0.198161
8,114,0.201040
8,115,0.274450
8,116,0.084341
8,117,0.129090
8,118,0.146440
8,119,0.235113
8,120,0.184804
8,121,0.155920
8,122,0.134945
8,123,0.283693
8,124,0.076203
8,125,0.088954
8,126,0.176926
8,127,0.106418
8,128,0.046267
8,129,0.138940
8,130,0.045695
8,131,0.125919
8,132,0.187850
8,133,0.106161
8,134,0.071666
8,135,0.190874
8,136,0.229719
8,137,0.151583
8,138,0.114788
8,139,0.212947
8,140,0.241526
8,141,0.102519
8,142,0.034907
8,143,0.045191
8,144,0.015035
8,145,0.012006
8,146,-0.056709
8,147,0.013361
8,148,0.201183
8,149,0.148324
8,150,0.207278
8,151,0.237410
8,152,0.214591
8,153,0.172180
8,154,0.220875
8,155,0.264399
8,156,0.212538
8,157,0.112110
8,158,0.120237
8,159,0.069876
8,160,0.084488
8,161,0.172492
8,162,0.199486
8,163,0.237313
8,164,0.283090
8,165,0.394752
8,166,0.360272
8,167,0.320554
8,168,0.204085
8,169,0.237438
8,170,0.189652
8,171,0.123941
8,172,0.234818
8,173,0.339514
8,174,0.232601
8,175,0.079077
8,176,0.088271
8,177,0.221225
8,178,0.205121
8,179,0.153911
8,180,0.053649
8,181,0.062999
8,182,0.049116
8,183,0.118004
8,184,0.256928
8,185,0.341556
8,186,0.312116
8,187,0.361354
8,188,0.352652
8,189,0.363942
8,190,0.260030
9,1,0.259082
9,2,0.272132
9,3,0.443498
9,4,0.575382
9,5,0.656395
9,6,0.580743
9,7,0.534257
9,8,0.646444
9,9,1.000000
9,10,0.825517
9,11,0.574786
9,12,0.274119
9,13,0.310817
9,14,0.319386
9,15,0.317423
9,16,0.305985
9,17,0.300519
9,18,0.282947
9,19,0.329864
9,20,0.322963
9,21,0.273734
9,22,0.180804
9,23,0.318752
9,24,0.557266
9,25,0.474667
9,26,0.345855
9,27,0.177518
9,28,0.160784
9,29,0.180084
9,30,0.121041
9,31,0.218363
9,32,0.159504
9,33,0.031656
9,34,0.088340
9,35,0.060493
9,36,0.057992
9,37,0.089011
9,38,0.161508
9,39,0.238741
9,40,0.249727
9,41,0.230835
9,42,0.298813
9,43,0.234403
9,44,0.106863
9,45,0.181165
9,46,0.250712
9,47,0.346284
9,48,0.391568
9,49,0.460567
9,50,0.591076
9,51,0.560580
9,52,0.420084
9,53,0.217467
9,54,0.124983
9,55,0.166873
9,56,0.250316
9,57,0.219103
9,58,0.167571
9,59,0.248785
9,60,0.323992
9,61,0.331703
9,62,0.265808
9,63,0.201656
9,64,0.180029
9,65,0.182812
9,66,0.175122
9,67,0.229591
9,68,0.201147
9,69,0.212178
9,70,0.227457
9,71,0.161705
9,72,0.160967
9,73,0.173017
9,74,0.205063
9,75,0.174565
9,76,0.236482
9,77,0.232999
9,78,0.160762
9,79,0.202746
9,80,0.268042
9,81,0.164866
9,82,0.111350
9,83,0.200660
9,84,0.169305
9,85,0.219303
9,86,0.168121
9,87,0.181199
9,88,0.091947
9,89,0.158148
9,90,0.205340
9,91,0.157374
9,92,0.144646
9,93,0.163369
9,94,0.158971
9,95,0.236290
9,96,0.300299
9,97,0.343567
9,98,0.273186
9,99,0.149979
9,100,0.144581
9,101,0.294731
9,102,0.270837
9,103,0.212392
9,104,0.106239
9,105,0.019187
9,106,0.162703
9,107,0.117004
9,108,0.190510
9,109,0.138789
9,110,0.147913
9,111,0.092917
9,112,0.139319
9,113,0.144681
9,114,0.151715
9,115,0.205325
9,116,0.098324
9,117,0.148740
9,118,0.147585
9,119,0.186777
9,120,0.149637
9,121,0.126630
9,122,0.104021
9,123,0.229399
9,124,0.080142
9,125,0.073905
9,126,0.149647
9,127,0.110141
9,128,0.045459
9,129,0.138953
9,130,0.052855
9,131,0.137999
9,132,0.158485
9,133,0.104858
9,134,0.088893
9,135,0.156427
9,136,0.183261
9,137,0.150711
9,138,0.109080
9,139,0.156961
9,140,0.192488
9,141,0.064246
9,142,0.030845
9,143,0.080288
9,144,0.082971
9,145,0.025672
9,146,-0.056214
9,147,0.009733
9,148,0.131367
9,149,0.084100
9,150,0.161316
9,151,0.185896
9,152,0.170832
9,153,0.143689
9,154,0.168318
9,155,0.197302
9,156,0.190997
9,157,0.125444
9,158,0.177472
9,159,0.152633
9,160,0.143737
9,161,0.162527
9,162,0.175618
9,163,0.202447
9,164,0.230487
9,165,0.317820
9,166,0.286635
9,167,0.272871
9,168,0.185828
9,169,0.192065
9,170,0.167983
9,171,0.099440
9,172,0.191688
9,173,0.275473
9,174,0.182984
9,175,0.079895
9,176,0.081251
9,177,0.189478
9,178,0.169748
9,179,0.146735
9,180,0.055487
9,181,0.086900
9,182,0.015141
9,183,0.077898
9,184,0.226747
9,185,0.265038
9,186,0.243637
9,187,0.287458
9,188,0.282474
9,189,0.289422
9,190,0.205429
10,1,0.335859
10,2,0.382730
10,3,0.576888
10,4,0.699546
10,5,0.740227
10,6,0.584190
10,7,0.497156
10,8,0.568586
10,9,0.825517
10,10,1.000000
10,11,0.773445
10,12,0.375773
10,13,0.372913
10,14,0.345629
10,15,0.337156
10,16,0.324158
10,17,0.322138
10,18,0.288080
10,19,0.339925
10,20,0.327844
10,21,0.298150
10,22,0.265938
10,23,0.422104
10,24,0.523112
10,25,0.434326
10,26,0.328589
10,27,0.202374
10,28,0.171196
10,29,0.186709
10,30,0.159138
10,31,0.212533
10,32,0.115065
10,33,0.023744
10,34,0.075904
10,35,0.057738
10,36,0.076982
10,37,0.106026
10,38,0.151124
10,39,0.214690
10,40,0.229588
10,41,0.196361
10,42,0.279218
10,43,0.184665
10,44,0.105597
10,45,0.165253
10,46,0.252494
10,47,0.337542
10,48,0.395256
10,49,0.455474
10,50,0.597599
10,51,0.549890
10,52,0.424479
10,53,0.252730
10,54,0.149027
10,55,0.167794
10,56,0.242718
10,57,0.189958
10,58,0.208290
10,59,0.301548
10,60,0.352202
10,61,0.381719
10,62,0.288009
10,63,0.211799
10,64,0.181574
10,65,0.222999
10,66,0.193017
10,67,0.231213
10,68,0.198285
10,69,0.212794
10,70,0.218028
10,71,0.155456
10,72,0.158676
10,73,0.184361
10,74,0.202363
10,75,0.189690
10,76,0.242425
10,77,0.238896
10,78,0.170153
10,79,0.189518
10,80,0.266804
10,81,0.188996
10,82,0.117906
10,83,0.224688
10,84,0.222482
10,85,0.258677
10,86,0.186713
10,87,0.222749
10,88,0.130994
10,89,0.183115
10,90,0.213697
10,91,0.197583
10,92,0.200137
10,93,0.208632
10,94,0.208799
10,95,0.267447
10,96,0.303970
10,97,0.322585
10,98,0.261559
10,99,0.152363
10,100,0.173582
10,101,0.328938
10,102,0.319706
10,103,0.261722
10,104,0.161881
10,105,0.066867
10,106,0.199383
10,107,0.138189
10,108,0.168461
10,109,0.143406
10,110,0.154876
10,111,0.115954
10,112,0.133021
10,113,0.137702
10,114,0.161014
10,115,0.185589
10,116,0.136048
10,117,0.160580
10,118,0.169744
10,119,0.175988
10,120,0.138123
10,121,0.142996
10,122,0.126530
10,123,0.200190
10,124,0.095268
10,125,0.105664
10,126,0.172606
10,127,0.125622
10,128,0.097518
10,129,0.140220
10,130,0.046889
10,131,0.141824
10,132,0.156978
10,133,0.100216
10,134,0.125705
10,135,0.182186
10,136,0.197149
10,137,0.185362
10,138,0.159771
10,139,0.195814
10,140,0.219007
10,141,0.105297
10,142,0.074527
10,143,0.121634
10,144,0.092816
10,145,0.015989
10,146,-0.021113
10,147,0.026673
10,148,0.120722
10,149,0.102950
10,150,0.139029
10,151,0.146481
10,152,0.123111
10,153,0.100135
10,154,0.120783
10,155,0.145702
10,156,0.124364
10,157,0.076501
10,158,0.185126
10,159,0.178023
10,160,0.180156
10,161,0.195389
10,162,0.210950
10,163,0.237715
10,164,0.253112
10,165,0.328976
10,166,0.289906
10,167,0.273783
10,168,0.179989
10,169,0.184856
10,170,0.167451
10,171,0.079575
10,172,0.177474
10,173,0.243095
10,174,0.166397
10,175,0.047436
10,176,0.055344
10,177,0.161122
10,178,0.146710
10,179,0.105962
10,180,0.050040
10,181,0.102801
10,182,0.011320
10,183,0.068576
10,184,0.198059
10,185,0.254436
10,186,0.254311
10,187,0.281857
10,188,0.265392
10,189,0.257510
10,190,0.197952
11,1,0.400262
11,2,0.529246
11,3,0.701924
11,4,0.697155
11,5,0.585115
11,6,0.421345
11,7,0.346015
11,8,0.395230
11,9,0.574786
11,10,0.773445
11,11,1.000000
11,12,0.540571
11,13,0.401982
11,14,0.304512
11,15,0.267086
11,16,0.240541
11,17,0.237747
11,18,0.221127
11,19,0.265408
11,20,0.280037
11,21,0.286030
11,22,0.442625
11,23,0.591636
11,24,0.356934
11,25,0.279570
11,26,0.270668
11,27,0.188002
11,28,0.137838
11,29,0.154257
11,30,0.162938
11,31,0.190907
11,32,0.078895
11,33,0.033081
11,34,0.072649
11,35,0.077298
11,36,0.071687
11,37,0.089169
11,38,0.124193
11,39,0.146847
11,40,0.140458
11,41,0.118213
11,42,0.186589
11,43,0.136205
11,44,0.130187
11,45,0.142001
11,46,0.223745
11,47,0.259823
11,48,0.289353
11,49,0.314054
11,50,0.437704
11,51,0.411826
11,52,0.386207
11,53,0.311430
11,54,0.207704
11,55,0.168586
11,56,0.214687
11,57,0.118442
11,58,0.205861
11,59,0.285909
11,60,0.306912
11,61,0.352133
11,62,0.270242
11,63,0.205952
11,64,0.184421
11,65,0.266719
11,66,0.192069
11,67,0.159418
11,68,0.130973
11,69,0.158672
11,70,0.167093
11,71,0.113070
11,72,0.093195
11,73,0.116151
11,74,0.131052
11,75,0.136029
11,76,0.161365
11,77,0.173948
11,78,0.155817
11,79,0.150877
11,80,0.212497
11,81,0.152134
11,82,0.078627
11,83,0.184664
11,84,0.208901
11,85,0.244055
11,86,0.204436
11,87,0.269643
11,88,0.196792
11,89,0.192243
11,90,0.211564
11,91,0.203127
11,92,0.222669
11,93,0.197103
11,94,0.213858
11,95,0.249340
11,96,0.239516
11,97,0.233521
11,98,0.219440
11,99,0.126534
11,100,0.161534
11,101,0.279820
11,102,0.294663
11,103,0.244150
11,104,0.168267
11,105,0.132593
11,106,0.197293
11,107,0.104579
11,108,0.113310
11,109,0.121125
11,110,0.136263
11,111,0.126607
11,112,0.148276
11,113,0.102630
11,114,0.147605
11,115,0.174788
11,116,0.174237
11,117,0.176100
11,118,0.189328
11,119,0.107915
11,120,0.089973
11,121,0.083444
11,122,0.057445
11,123,0.108865
11,124,0.104478
11,125,0.121727
11,126,0.128867
11,127,0.112390
11,128,0.107987
11,129,0.143456
11,130,0.063736
11,131,0.161519
11,132,0.165839
11,133,0.112566
11,134,0.202344
11,135,0.252188
11,136,0.239505
11,137,0.235340
11,138,0.247505
11,139,0.252737
11,140,0.234889
11,141,0.170899
11,142,0.154382
11,143,0.176663
11,144,0.121952
11,145,0.065535
11,146,0.033541
11,147,0.056190
11,148,0.141043
11,149,0.134781
11,150,0.109589
11,151,0.099645
11,152,0.051716
11,153,0.023851
11,154,0.044789
11,155,0.041489
11,156,0.032701
11,157,0.003262
11,158,0.132724
11,159,0.197623
11,160,0.171931
11,161,0.207790
11,162,0.206953
11,163,0.248609
11,164,0.244091
11,165,0.229432
11,166,0.203541
11,167,0.202540
11,168,0.157005
11,169,0.126145
11,170,0.104854
11,171,0.033686
11,172,0.117504
11,173,0.150319
11,174,0.109266
11,175,0.006313
11,176,0.023981
11,177,0.114114
11,178,0.107016
11,179,0.056821
11,180,0.026091
11,181,0.069561
11,182,0.003416
11,183,-0.009039
11,184,0.106307
11,185,0.162641
11,186,0.184365
11,187,0.187114
11,188,0.156098
11,189,0.125753
11,190,0.095500
12,1,0.731178
12,2,0.720201
12,3,0.504319
12,4,0.389948
12,5,0.340892
12,6,0.326754
12,7,0.337752
12,8,0.301726
12,9,0.274119
12,10,0.375773
12,11,0.540571
12,12,1.000000
12,13,0.785839
12,14,0.570996
12,15,0.405783
12,16,0.296329
12,17,0.240972
12,18,0.288077
12,19,0.353394
12,20,0.479131
12,21,0.605381
12,22,0.656323
12,23,0.579291
12,24,0.147604
12,25,0.120786
12,26,0.278251
12,27,0.203669
12,28,0.203999
12,29,0.232337
12,30,0.209988
12,31,0.183806
12,32,-0.018965
12,33,0.097901
12,34,0.119193
12,35,0.130434
12,36,0.089306
12,37,0.089803
12,38,0.119987
12,39,0.180042
12,40,0.183422
12,41,0.146991
12,42,0.198002
12,43,0.260858
12,44,0.259877
12,45,0.261919
12,46,0.273548
12,47,0.191749
12,48,0.147175
12,49,0.112766
12,50,0.180856
12,51,0.171055
12,52,0.272187
12,53,0.410688
12,54,0.374177
12,55,0.405902
12,56,0.461496
12,57,0.332692
12,58,0.249020
12,59,0.325024
12,60,0.322157
12,61,0.325247
12,62,0.271386
12,63,0.187280
12,64,0.174221
12,65,0.253948
12,66,0.214641
12,67,0.143960
12,68,0.147742
12,69,0.179841
12,70,0.198900
12,71,0.177231
12,72,0.167159
12,73,0.167464
12,74,0.197416
12,75,0.170119
12,76,0.153189
12,77,0.160509
12,78,0.100191
12,79,0.072975
12,80,0.157484
12,81,0.094948
12,82,0.005588
12,83,0.126788
12,84,0.145403
12,85,0.178515
12,86,0.149675
12,87,0.212024
12,88,0.170170
12,89,0.202668
12,90,0.206434
12,91,0.215940
12,92,0.200795
12,93,0.214116
12,94,0.267089
12,95,0.306523
12,96,0.266810
12,97,0.247607
12,98,0.259729
12,99,0.194082
12,100,0.214539
12,101,0.249658
12,102,0.277403
12,103,0.238387
12,104,0.163917
12,105,0.137807
12,106,0.176385
12,107,0.063819
12,108,0.109066
12,109,0.100100
12,110,0.107240
12,111,0.056709
12,112,0.172194
12,113,0.122276
12,114,0.143402
12,115,0.198612
12,116,0.173321
12,117,0.225929
12,118,0.200694
12,119,0.095400
12,120,0.056667
12,121,0.072832
12,122,0.087763
12,123,0.075134
12,124,0.088543
12,125,0.082821
12,126,0.097666
12,127,0.094094
12,128,0.081655
12,129,0.137658
12,130,0.104035
12,131,0.182279
12,132,0.183575
12,133,0.117954
12,134,0.168963
12,135,0.255434
12,136,0.256851
12,137,0.194078
12,138,0.229488
12,139,0.263805
12,140,0.219476
12,141,0.176200
12,142,0.143313
12,143,0.119343
12,144,0.090740
12,145,0.039918
12,146,0.076183
12,147,0.072823
12,148,0.135240
12,149,0.153771
12,150,0.149529
12,151,0.129095
12,152,0.080251
12,153,0.033077
12,154,0.036780
12,155,0.026408
12,156,-0.001120
12,157,-0.030045
12,158,0.076861
12,159,0.107024
12,160,0.146966
12,161,0.192866
12,162,0.190419
12,163,0.217222
12,164,0.200543
12,165,0.196712
12,166,0.177067
12,167,0.208546
12,168,0.143261
12,169,0.154967
12,170,0.150940
12,171,0.102679
12,172,0.134509
12,173,0.154026
12,174,0.136377
12,175,0.046866
12,176,0.091601
12,177,0.180219
12,178,0.204711
12,179,0.143173
12,180,0.065220
12,181,0.048042
12,182,0.052959
12,183,0.002144
12,184,0.187391
12,185,0.224669
12,186,0.256599
12,187,0.242239
12,188,0.197885
12,189,0.165965
12,190,0.158082
13,1,0.735149
13,2,0.550064
13,3,0.349436
13,4,0.370307
13,5,0.440910
13,6,0.470226
13,7,0.497080
13,8,0.406494
13,9,0.310817
13,10,0.372913
13,11,0.401982
13,12,0.785839
13,13,1.000000
13,14,0.857553
13,15,0.693530
13,16,0.546927
13,17,0.459100
13,18,0.498533
13,19,0.562052
13,20,0.660832
13,21,0.756802
13,22,0.513525
13,23,0.543798
13,24,0.218750
13,25,0.189898
13,26,0.293084
13,27,0.190451
13,28,0.252217
13,29,0.298821
13,30,0.201939
13,31,0.157379
13,32,-0.018683
13,33,0.084107
13,34,0.175848
13,35,0.168183
13,36,0.151284
13,37,0.134793
13,38,0.194751
13,39,0.307400
13,40,0.306485
13,41,0.251132
13,42,0.346576
13,43,0.383285
13,44,0.316245
13,45,0.302315
13,46,0.348860
13,47,0.266554
13,48,0.233789
13,49,0.186545
13,50,0.275939
13,51,0.246269
13,52,0.363414
13,53,0.476799
13,54,0.391875
13,55,0.490901
13,56,0.543994
13,57,0.433131
13,58,0.265175
13,59,0.392612
13,60,0.427703
13,61,0.400671
13,62,0.331819
13,63,0.207592
13,64,0.202558
13,65,0.259857
13,66,0.282379
13,67,0.252700
13,68,0.245632
13,69,0.296196
13,70,0.323625
13,71,0.338041
13,72,0.300262
13,73,0.331220
13,74,0.338589
13,75,0.263058
13,76,0.298956
13,77,0.253004
13,78,0.109073
13,79,0.103468
13,80,0.216580
13,81,0.099652
13,82,0.013280
13,83,0.148372
13,84,0.168840
13,85,0.224532
13,86,0.136436
13,87,0.192672
13,88,0.119191
13,89,0.209793
13,90,0.276979
13,91,0.247911
13,92,0.217060
13,93,0.290752
13,94,0.321935
13,95,0.380491
13,96,0.364852
13,97,0.367592
13,98,0.314954
13,99,0.215411
13,100,0.316675
13,101,0.366634
13,102,0.394094
13,103,0.323164
13,104,0.170513
13,105,0.062460
13,106,0.193330
13,107,0.091738
13,108,0.193817
13,109,0.155635
13,110,0.155154
13,111,0.086935
13,112,0.193281
13,113,0.175961
13,114,0.220657
13,115,0.315264
13,116,0.165456
13,117,0.256802
13,118,0.199755
13,119,0.166867
13,120,0.127935
13,121,0.159450
13,122,0.163131
13,123,0.196778
13,124,0.143094
13,125,0.112917
13,126,0.186794
13,127,0.162552
13,128,0.086860
13,129,0.164105
13,130,0.073143
13,131,0.171734
13,132,0.221361
13,133,0.117052
13,134,0.041868
13,135,0.206046
13,136,0.246741
13,137,0.114457
13,138,0.108217
13,139,0.232971
13,140,0.205849
13,141,0.095340
13,142,0.023156
13,143,-0.001118
13,144,0.001781
13,145,-0.032953
13,146,0.017938
13,147,0.069902
13,148,0.185422
13,149,0.172356
13,150,0.232797
13,151,0.251519
13,152,0.224397
13,153,0.152086
13,154,0.156814
13,155,0.168603
13,156,0.124181
13,157,0.094530
13,158,0.116578
13,159,0.078513
13,160,0.125034
13,161,0.152977
13,162,0.174830
13,163,0.201318
13,164,0.213853
13,165,0.304576
13,166,0.275000
13,167,0.325048
13,168,0.210156
13,169,0.266634
13,170,0.249770
13,171,0.178715
13,172,0.214610
13,173,0.299584
13,174,0.227006
13,175,0.079189
13,176,0.108661
13,177,0.258101
13,178,0.284834
13,179,0.205182
13,180,0.085449
13,181,0.081996
13,182,0.095052
13,183,0.081834
13,184,0.322053
13,185,0.379047
13,186,0.354725
13,187,0.375063
13,188,0.334547
13,189,0.320048
13,190,0.262882
14,1,0.607711
14,2,0.390270
14,3,0.254170
14,4,0.336736
14,5,0.438519
14,6,0.480892
14,7,0.500295
14,8,0.405669
14,9,0.319386
14,10,0.345629
14,11,0.304512
14,12,0.570996
14,13,0.857553
14,14,1.000000
14,15,0.846697
14,16,0.703109
14,17,0.619686
14,18,0.669675
14,19,0.707356
14,20,0.754754
14,21,0.741931
14,22,0.361027
14,23,0.385899
14,24,0.248499
14,25,0.227944
14,26,0.265369
14,27,0.160172
14,28,0.238966
14,29,0.277354
14,30,0.158844
14,31,0.115322
14,32,-0.025122
14,33,0.059628
14,34,0.157792
14,35,0.153157
14,36,0.136538
14,37,0.110942
14,38,0.186455
14,39,0.307297
14,40,0.313601
14,41,0.257958
14,42,0.362083
14,43,0.395225
14,44,0.288972
14,45,0.289704
14,46,0.323789
14,47,0.256236
14,48,0.230918
14,49,0.195086
14,50,0.284061
14,51,0.248170
14,52,0.320809
14,53,0.386640
14,54,0.326068
14,55,0.459429
14,56,0.524947
14,57,0.425921
14,58,0.219014
14,59,0.347043
14,60,0.387474
14,61,0.333661
14,62,0.280761
14,63,0.157154
14,64,0.158787
14,65,0.196436
14,66,0.255582
14,67,0.264673
14,68,0.263393
14,69,0.297970
14,70,0.323807
14,71,0.358125
14,72,0.319284
14,73,0.354683
14,74,0.351177
14,75,0.267730
14,76,0.312408
14,77,0.272278
14,78,0.119197
14,79,0.110377
14,80,0.218166
14,81,0.093169
14,82,0.021362
14,83,0.133978
14,84,0.133151
14,85,0.176762
14,86,0.074126
14,87,0.121042
14,88,0.044493
14,89,0.156443
14,90,0.234857
14,91,0.198369
14,92,0.165145
14,93,0.246021
14,94,0.277832
14,95,0.353744
14,96,0.353313
14,97,0.362643
14,98,0.298655
14,99,0.207996
14,100,0.303826
14,101,0.342188
14,102,0.364606
14,103,0.278165
14,104,0.116591
14,105,0.003539
14,106,0.150327
14,107,0.091977
14,108,0.217542
14,109,0.165199
14,110,0.153865
14,111,0.056792
14,112,0.164112
14,113,0.161553
14,114,0.210787
14,115,0.312979
14,116,0.117960
14,117,0.238607
14,118,0.180796
14,119,0.178707
14,120,0.138902
14,121,0.168423
14,122,0.174137
14,123,0.215642
14,124,0.134643
14,125,0.083902
14,126,0.163105
14,127,0.149690
14,128,0.058491
14,129,0.147075
14,130,0.054807
14,131,0.135969
14,132,0.195423
14,133,0.097526
14,134,-0.007340
14,135,0.145686
14,136,0.191340
14,137,0.056079
14,138,0.031118
14,139,0.170186
14,140,0.149340
14,141,0.038747
14,142,-0.037290
14,143,-0.057336
14,144,-0.034491
14,145,-0.055349
14,146,-0.026488
14,147,0.033621
14,148,0.164998
14,149,0.142086
14,150,0.218255
14,151,0.246668
14,152,0.234363
14,153,0.169560
14,154,0.168765
14,155,0.182872
14,156,0.149497
14,157,0.136659
14,158,0.114812
14,159,0.043467
14,160,0.092630
14,161,0.083891
14,162,0.122699
14,163,0.150827
14,164,0.170930
14,165,0.306611
14,166,0.282331
14,167,0.324177
14,168,0.209560
14,169,0.277931
14,170,0.258727
14,171,0.187405
14,172,0.221340
14,173,0.317671
14,174,0.226549
14,175,0.092082
14,176,0.123575
14,177,0.274889
14,178,0.284606
14,179,0.225832
14,180,0.095843
14,181,0.093302
14,182,0.116426
14,183,0.128233
14,184,0.360621
14,185,0.399664
14,186,0.346126
14,187,0.375921
14,188,0.343493
14,189,0.352948
14,190,0.280291
15,1,0.469011
15,2,0.297068
15,3,0.243770
15,4,0.344976
15,5,0.441941
15,6,0.455825
15,7,0.461678
15,8,0.380793
15,9,0.317423
15,10,0.337156
15,11,0.267086
15,12,0.405783
15,13,0.693530
15,14,0.846697
15,15,1.000000
15,16,0.837403
15,17,0.762850
15,18,0.727352
15,19,0.730425
15,20,0.690439
15,21,0.640161
15,22,0.236578
15,23,0.303878
15,24,0.278616
15,25,0.262248
15,26,0.239561
15,27,0.153967
15,28,0.231472
15,29,0.264527
15,30,0.151684
15,31,0.077071
15,32,-0.023710
15,33,0.027362
15,34,0.142421
15,35,0.109376
15,36,0.118077
15,37,0.083385
15,38,0.167544
15,39,0.295506
15,40,0.302979
15,41,0.265218
15,42,0.365173
15,43,0.363588
15,44,0.257773
15,45,0.267752
15,46,0.319001
15,47,0.272383
15,48,0.266148
15,49,0.231554
15,50,0.317730
15,51,0.278421
15,52,0.322362
15,53,0.343290
15,54,0.262120
15,55,0.397807
15,56,0.473454
15,57,0.388824
15,58,0.196349
15,59,0.306887
15,60,0.354926
15,61,0.293008
15,62,0.250419
15,63,0.125877
15,64,0.132509
15,65,0.185144
15,66,0.262109
15,67,0.293057
15,68,0.272419
15,69,0.313283
15,70,0.328373
15,71,0.366740
15,72,0.324165
15,73,0.366315
15,74,0.346448
15,75,0.266007
15,76,0.332575
15,77,0.262651
15,78,0.104477
15,79,0.114656
15,80,0.214534
15,81,0.083784
15,82,0.023644
15,83,0.128967
15,84,0.135286
15,85,0.173407
15,86,0.053974
15,87,0.093345
15,88,-0.000148
15,89,0.115299
15,90,0.209011
15,91,0.163015
15,92,0.134625
15,93,0.242529
15,94,0.255921
15,95,0.332172
15,96,0.337005
15,97,0.358723
15,98,0.261887
15,99,0.170409
15,100,0.319206
15,101,0.356685
15,102,0.363857
15,103,0.267207
15,104,0.092040
15,105,-0.052353
15,106,0.120579
15,107,0.099323
15,108,0.231242
15,109,0.159994
15,110,0.145955
15,111,0.066792
15,112,0.151044
15,113,0.155413
15,114,0.194862
15,115,0.276943
15,116,0.072589
15,117,0.204878
15,118,0.170728
15,119,0.206496
15,120,0.190674
15,121,0.199667
15,122,0.192565
15,123,0.246683
15,124,0.131419
15,125,0.079803
15,126,0.180203
15,127,0.165770
15,128,0.058920
15,129,0.127984
15,130,0.026772
15,131,0.094955
15,132,0.164394
15,133,0.078765
15,134,-0.031561
15,135,0.119429
15,136,0.184004
15,137,0.066280
15,138,0.015857
15,139,0.162554
15,140,0.159127
15,141,0.031683
15,142,-0.052575
15,143,-0.051621
15,144,-0.047099
15,145,-0.065134
15,146,-0.058282
15,147,0.012974
15,148,0.133992
15,149,0.115222
15,150,0.194741
15,151,0.231761
15,152,0.230951
15,153,0.171699
15,154,0.173264
15,155,0.201956
15,156,0.168748
15,157,0.149090
15,158,0.125701
15,159,0.035352
15,160,0.070185
15,161,0.084324
15,162,0.129241
15,163,0.163068
15,164,0.190221
15,165,0.322346
15,166,0.300697
15,167,0.329296
15,168,0.212213
15,169,0.272020
15,170,0.244837
15,171,0.168708
15,172,0.219801
15,173,0.325915
15,174,0.226238
15,175,0.090235
15,176,0.109199
15,177,0.251833
15,178,0.263002
15,179,0.200740
15,180,0.089531
15,181,0.107105
15,182,0.097847
15,183,0.153537
15,184,0.337341
15,185,0.376876
15,186,0.306276
15,187,0.345711
15,188,0.321827
15,189,0.359965
15,190,0.278834
16,1,0.360099
16,2,0.213035
16,3,0.229529
16,4,0.329287
16,5,0.412189
16,6,0.419262
16,7,0.410154
16,8,0.350045
16,9,0.305985
16,10,0.324158
16,11,0.240541
16,12,0.296329
16,13,0.546927
16,14,0.703109
16,15,0.837403
16,16,1.000000
16,17,0.793565
16,18,0.752909
16,19,0.680895
16,20,0.584191
16,21,0.504617
16,22,0.156264
16,23,0.216506
16,24,0.280457
16,25,0.266087
16,26,0.215945
16,27,0.132350
16,28,0.209603
16,29,0.238185
16,30,0.133367
16,31,0.076978
16,32,-0.018782
16,33,0.005215
16,34,0.140863
16,35,0.099212
16,36,0.106141
16,37,0.092214
16,38,0.178318
16,39,0.294976
16,40,0.303258
16,41,0.269612
16,42,0.345703
16,43,0.319705
16,44,0.195714
16,45,0.194855
16,46,0.259135
16,47,0.236065
16,48,0.247397
16,49,0.235104
16,50,0.314628
16,51,0.274528
16,52,0.278974
16,53,0.260438
16,54,0.184926
16,55,0.293243
16,56,0.382727
16,57,0.326150
16,58,0.166284
16,59,0.258731
16,60,0.314664
16,61,0.253397
16,62,0.207543
16,63,0.109384
16,64,0.100400
16,65,0.144404
16,66,0.217449
16,67,0.265448
16,68,0.244552
16,69,0.274255
16,70,0.275306
16,71,0.317714
16,72,0.285579
16,73,0.315826
16,74,0.297371
16,75,0.225161
16,76,0.297294
16,77,0.241170
16,78,0.109431
16,79,0.126943
16,80,0.207800
16,81,0.076097
16,82,0.023715
16,83,0.109236
16,84,0.104670
16,85,0.135723
16,86,0.005921
16,87,0.046508
16,88,-0.028669
16,89,0.081665
16,90,0.173748
16,91,0.129162
16,92,0.111314
16,93,0.207052
16,94,0.209489
16,95,0.280860
16,96,0.319548
16,97,0.362527
16,98,0.250151
16,99,0.181745
16,100,0.258273
16,101,0.343859
16,102,0.341173
16,103,0.218111
16,104,0.056831
16,105,-0.076452
16,106,0.094502
16,107,0.088618
16,108,0.211681
16,109,0.157152
16,110,0.126589
16,111,0.068838
16,112,0.134030
16,113,0.152139
16,114,0.185600
16,115,0.237020
16,116,0.049367
16,117,0.194965
16,118,0.155414
16,119,0.200108
16,120,0.187074
16,121,0.190929
16,122,0.180743
16,123,0.211920
16,124,0.119404
16,125,0.085784
16,126,0.170828
16,127,0.161726
16,128,0.038806
16,129,0.103712
16,130,0.002762
16,131,0.068506
16,132,0.138076
16,133,0.072767
16,134,-0.046881
16,135,0.078663
16,136,0.146740
16,137,0.052941
16,138,-0.007324
16,139,0.117330
16,140,0.127225
16,141,-0.006011
16,142,-0.078376
16,143,-0.054235
16,144,-0.029296
16,145,-0.065454
16,146,-0.061681
16,147,-0.001328
16,148,0.093196
16,149,0.089906
16,150,0.152112
16,151,0.170009
16,152,0.182732
16,153,0.145249
16,154,0.129463
16,155,0.155813
16,156,0.139780
16,157,0.133196
16,158,0.123558
16,159,0.046362
16,160,0.078537
16,161,0.070899
16,162,0.105053
16,163,0.140493
16,164,0.171811
16,165,0.306808
16,166,0.274114
16,167,0.306135
16,168,0.194401
16,169,0.249466
16,170,0.221370
16,171,0.153120
16,172,0.207954
16,173,0.291915
16,174,0.199347
16,175,0.090604
16,176,0.094212
16,177,0.220859
16,178,0.238825
16,179,0.178368
16,180,0.075042
16,181,0.102582
16,182,0.083882
16,183,0.153498
16,184,0.305304
16,185,0.343526
16,186,0.285981
16,187,0.333946
16,188,0.317250
16,189,0.348282
16,190,0.277066
17,1,0.278163
17,2,0.154419
17,3,0.210573
17,4,0.317714
17,5,0.401773
17,6,0.393005
17,7,0.389580
17,8,0.343595
17,9,0.300519
17,10,0.322138
17,11,0.237747
17,12,0.240972
17,13,0.459100
17,14,0.619686
17,15,0.762850
17,16,0.793565
17,17,1.000000
17,18,0.905644
17,19,0.820415
17,20,0.655554
17,21,0.515393
17,22,0.130452
17,23,0.175418
17,24,0.286249
17,25,0.275433
17,26,0.241234
17,27,0.162351
17,28,0.230980
17,29,0.252682
17,30,0.153700
17,31,0.103804
17,32,-0.009645
17,33,-0.017437
17,34,0.130531
17,35,0.070218
17,36,0.083138
17,37,0.075086
17,38,0.163328
17,39,0.286522
17,40,0.284047
17,41,0.265057
17,42,0.341410
17,43,0.307984
17,44,0.136451
17,45,0.162098
17,46,0.195791
17,47,0.187305
17,48,0.208702
17,49,0.222225
17,50,0.302133
17,51,0.248428
17,52,0.232329
17,53,0.198643
17,54,0.151667
17,55,0.275467
17,56,0.377902
17,57,0.324036
17,58,0.148919
17,59,0.237170
17,60,0.309991
17,61,0.240377
17,62,0.203556
17,63,0.105994
17,64,0.107343
17,65,0.138983
17,66,0.217110
17,67,0.273240
17,68,0.252005
17,69,0.276929
17,70,0.277636
17,71,0.308207
17,72,0.288645
17,73,0.306568
17,74,0.275456
17,75,0.203709
17,76,0.296280
17,77,0.229458
17,78,0.100649
17,79,0.114018
17,80,0.193914
17,81,0.077590
17,82,0.026562
17,83,0.100648
17,84,0.088039
17,85,0.118732
17,86,-0.021197
17,87,0.014956
17,88,-0.053215
17,89,0.054676
17,90,0.175415
17,91,0.109132
17,92,0.092360
17,93,0.202077
17,94,0.200688
17,95,0.287575
17,96,0.337343
17,97,0.358074
17,98,0.238044
17,99,0.148276
17,100,0.255766
17,101,0.343595
17,102,0.327476
17,103,0.209188
17,104,0.057463
17,105,-0.075049
17,106,0.081814
17,107,0.089189
17,108,0.209280
17,109,0.148716
17,110,0.108766
17,111,0.066912
17,112,0.114854
17,113,0.128520
17,114,0.159552
17,115,0.202217
17,116,0.026825
17,117,0.159502
17,118,0.138157
17,119,0.194383
17,120,0.191373
17,121,0.171556
17,122,0.155736
17,123,0.224926
17,124,0.087641
17,125,0.069352
17,126,0.179449
17,127,0.167189
17,128,0.032218
17,129,0.072900
17,130,-0.016558
17,131,0.036917
17,132,0.119023
17,133,0.076718
17,134,-0.047203
17,135,0.075471
17,136,0.150637
17,137,0.070587
17,138,0.010710
17,139,0.126595
17,140,0.142736
17,141,0.009523
17,142,-0.059718
17,143,-0.041722
17,144,-0.033449
17,145,-0.050534
17,146,-0.054322
17,147,0.005277
17,148,0.085280
17,149,0.085438
17,150,0.150484
17,151,0.172297
17,152,0.180641
17,153,0.134307
17,154,0.131985
17,155,0.171018
17,156,0.143547
17,157,0.133952
17,158,0.131939
17,159,0.033153
17,160,0.052839
17,161,0.062251
17,162,0.092471
17,163,0.134611
17,164,0.166029
17,165,0.304852
17,166,0.270598
17,167,0.291448
17,168,0.202843
17,169,0.250591
17,170,0.221129
17,171,0.165548
17,172,0.231116
17,173,0.295588
17,174,0.198536
17,175,0.107924
17,176,0.097032
17,177,0.202895
17,178,0.228128
17,179,0.170394
17,180,0.056332
17,181,0.102765
17,182,0.078630
17,183,0.153162
17,184,0.285956
17,185,0.324927
17,186,0.253129
17,187,0.304599
17,188,0.306056
17,189,0.353930
17,190,0.263830
18,1,0.307393
18,2,0.158389
18,3,0.176515
18,4,0.275342
18,5,0.375125
18,6,0.396220
18,7,0.406178
18,8,0.350573
18,9,0.282947
18,10,0.288080
18,11,0.221127
18,12,0.288077
18,13,0.498533
18,14,0.669675
18,15,0.727352
18,16,0.752909
18,17,0.905644
18,18,1.000000
18,19,0.878132
18,20,0.727596
18,21,0.566854
18,22,0.170418
18,23,0.193376
18,24,0.264099
18,25,0.248996
18,26,0.233310
18,27,0.141317
18,28,0.212151
18,29,0.234588
18,30,0.130792
18,31,0.098465
18,32,-0.009924
18,33,0.001289
18,34,0.126636
18,35,0.079805
18,36,0.082721
18,37,0.070247
18,38,0.150932
18,39,0.264491
18,40,0.265117
18,41,0.241801
18,42,0.328225
18,43,0.327145
18,44,0.161816
18,45,0.168370
18,46,0.196762
18,47,0.178386
18,48,0.188536
18,49,0.191858
18,50,0.269319
18,51,0.227136
18,52,0.229872
18,53,0.211956
18,54,0.179894
18,55,0.315193
18,56,0.421383
18,57,0.344799
18,58,0.158094
18,59,0.253168
18,60,0.313889
18,61,0.242360
18,62,0.205737
18,63,0.101279
18,64,0.108612
18,65,0.127445
18,66,0.202176
18,67,0.253871
18,68,0.246045
18,69,0.264794
18,70,0.274855
18,71,0.304508
18,72,0.292893
18,73,0.298073
18,74,0.283299
18,75,0.200779
18,76,0.260250
18,77,0.209616
18,78,0.079694
18,79,0.090000
18,80,0.185171
18,81,0.067677
18,82,0.018383
18,83,0.099979
18,84,0.084070
18,85,0.108962
18,86,-0.014174
18,87,0.021343
18,88,-0.044332
18,89,0.076853
18,90,0.174010
18,91,0.105964
18,92,0.086102
18,93,0.184241
18,94,0.189972
18,95,0.278037
18,96,0.324019
18,97,0.339338
18,98,0.247839
18,99,0.134687
18,100,0.250818
18,101,0.311440
18,102,0.307600
18,103,0.202062
18,104,0.057220
18,105,-0.055905
18,106,0.089493
18,107,0.089475
18,108,0.217498
18,109,0.153741
18,110,0.114917
18,111,0.050743
18,112,0.111792
18,113,0.125228
18,114,0.149283
18,115,0.210726
18,116,0.047881
18,117,0.185428
18,118,0.159837
18,119,0.196469
18,120,0.185640
18,121,0.167575
18,122,0.155169
18,123,0.218691
18,124,0.096438
18,125,0.066917
18,126,0.155868
18,127,0.141312
18,128,0.021289
18,129,0.069868
18,130,0.004802
18,131,0.063203
18,132,0.133481
18,133,0.088026
18,134,-0.040535
18,135,0.083394
18,136,0.155895
18,137,0.059391
18,138,0.002502
18,139,0.123491
18,140,0.131663
18,141,0.002786
18,142,-0.060251
18,143,-0.054230
18,144,-0.041450
18,145,-0.062034
18,146,-0.046010
18,147,0.008135
18,148,0.094374
18,149,0.080492
18,150,0.166906
18,151,0.188692
18,152,0.193133
18,153,0.143511
18,154,0.148767
18,155,0.171080
18,156,0.145908
18,157,0.136237
18,158,0.108239
18,159,0.011632
18,160,0.053348
18,161,0.045891
18,162,0.078298
18,163,0.112800
18,164,0.143390
18,165,0.296214
18,166,0.256828
18,167,0.280748
18,168,0.187653
18,169,0.244573
18,170,0.211185
18,171,0.158773
18,172,0.218148
18,173,0.280979
18,174,0.180152
18,175,0.093585
18,176,0.100019
18,177,0.208258
18,178,0.233592
18,179,0.179362
18,180,0.055732
18,181,0.079236
18,182,0.094292
18,183,0.140793
18,184,0.302472
18,185,0.336102
18,186,0.278076
18,187,0.320304
18,188,0.309735
18,189,0.353444
18,190,0.271217
19,1,0.347560
19,2,0.188874
19,3,0.195104
19,4,0.305263
19,5,0.433565
19,6,0.465733
19,7,0.481692
19,8,0.395509
19,9,0.329864
19,10,0.339925
19,11,0.265408
19,12,0.353394
19,13,0.562052
19,14,0.707356
19,15,0.730425
19,16,0.680895
19,17,0.820415
19,18,0.878132
19,19,1.000000
19,20,0.880619
19,21,0.694036
19,22,0.254181
19,23,0.249797
19,24,0.298726
19,25,0.286101
19,26,0.270528
19,27,0.159886
19,28,0.238220
19,29,0.269079
19,30,0.150313
19,31,0.135367
19,32,-0.006610
19,33,0.018566
19,34,0.154997
19,35,0.108284
19,36,0.094324
19,37,0.066654
19,38,0.165619
19,39,0.304246
19,40,0.302196
19,41,0.272447
19,42,0.359414
19,43,0.388535
19,44,0.189425
19,45,0.222050
19,46,0.228998
19,47,0.212908
19,48,0.211952
19,49,0.218160
19,50,0.307364
19,51,0.257311
19,52,0.269467
19,53,0.260584
19,54,0.230858
19,55,0.379506
19,56,0.508871
19,57,0.399597
19,58,0.166919
19,59,0.270517
19,60,0.339857
19,61,0.273539
19,62,0.227157
19,63,0.111574
19,64,0.123662
19,65,0.142475
19,66,0.216921
19,67,0.275416
19,68,0.265595
19,69,0.290518
19,70,0.312505
19,71,0.324556
19,72,0.320061
19,73,0.320061
19,74,0.311591
19,75,0.221465
19,76,0.302635
19,77,0.260167
19,78,0.109696
19,79,0.117367
19,80,0.228874
19,81,0.092440
19,82,0.022500
19,83,0.121137
19,84,0.102615
19,85,0.140100
19,86,-0.004828
19,87,0.031719
19,88,-0.044213
19,89,0.099767
19,90,0.189451
19,91,0.114890
19,92,0.098090
19,93,0.200955
19,94,0.203070
19,95,0.304076
19,96,0.384592
19,97,0.404247
19,98,0.298919
19,99,0.181107
19,100,0.258732
19,101,0.341601
19,102,0.336855
19,103,0.230337
19,104,0.076709
19,105,-0.057238
19,106,0.122558
19,107,0.090786
19,108,0.237767
19,109,0.142898
19,110,0.107787
19,111,0.040049
19,112,0.130580
19,113,0.142983
19,114,0.174333
19,115,0.248666
19,116,0.063975
19,117,0.212193
19,118,0.168131
19,119,0.204333
19,120,0.183647
19,121,0.179776
19,122,0.166832
19,123,0.247181
19,124,0.082408
19,125,0.050135
19,126,0.174221
19,127,0.175461
19,128,0.034584
19,129,0.078071
19,130,0.015029
19,131,0.064536
19,132,0.145591
19,133,0.092826
19,134,-0.039807
19,135,0.092143
19,136,0.164904
19,137,0.058914
19,138,0.010136
19,139,0.136372
19,140,0.139705
19,141,0.011380
19,142,-0.056898
19,143,-0.053305
19,144,-0.050450
19,145,-0.068755
19,146,-0.042073
19,147,-0.000370
19,148,0.109078
19,149,0.080742
19,150,0.164281
19,151,0.202067
19,152,0.194569
19,153,0.123297
19,154,0.135271
19,155,0.177859
19,156,0.144785
19,157,0.132873
19,158,0.160814
19,159,0.051296
19,160,0.066783
19,161,0.061558
19,162,0.098004
19,163,0.125890
19,164,0.159941
19,165,0.331544
19,166,0.289693
19,167,0.321416
19,168,0.219025
19,169,0.270804
19,170,0.240409
19,171,0.191494
19,172,0.253330
19,173,0.312301
19,174,0.210098
19,175,0.112406
19,176,0.126456
19,177,0.248165
19,178,0.271087
19,179,0.206453
19,180,0.083920
19,181,0.102818
19,182,0.093428
19,183,0.147948
19,184,0.348677
19,185,0.384381
19,186,0.311744
19,187,0.352751
19,188,0.343068
19,189,0.391060
19,190,0.302430
20,1,0.413886
20,2,0.234251
20,3,0.193882
20,4,0.282946
20,5,0.424757
20,6,0.496646
20,7,0.534060
20,8,0.424141
20,9,0.322963
20,10,0.327844
20,11,0.280037
20,12,0.479131
20,13,0.660832
20,14,0.754754
20,15,0.690439
20,16,0.584191
20,17,0.655554
20,18,0.727596
20,19,0.880619
20,20,1.000000
20,21,0.825396
20,22,0.376847
20,23,0.342689
20,24,0.296568
20,25,0.285503
20,26,0.287857
20,27,0.170159
20,28,0.252846
20,29,0.286004
20,30,0.158381
20,31,0.144597
20,32,0.000150
20,33,0.057879
20,34,0.166188
20,35,0.141336
20,36,0.121123
20,37,0.080400
20,38,0.168179
20,39,0.309118
20,40,0.308907
20,41,0.284369
20,42,0.354848
20,43,0.427217
20,44,0.247922
20,45,0.286993
20,46,0.293732
20,47,0.249758
20,48,0.224019
20,49,0.209715
20,50,0.299574
20,51,0.258908
20,52,0.315997
20,53,0.352118
20,54,0.315186
20,55,0.464542
20,56,0.611215
20,57,0.473502
20,58,0.201955
20,59,0.292951
20,60,0.358567
20,61,0.302482
20,62,0.249762
20,63,0.138360
20,64,0.152429
20,65,0.165003
20,66,0.237082
20,67,0.269502
20,68,0.258056
20,69,0.299551
20,70,0.333080
20,71,0.337164
20,72,0.329567
20,73,0.333127
20,74,0.333868
20,75,0.225635
20,76,0.314053
20,77,0.276373
20,78,0.095854
20,79,0.103640
20,80,0.234683
20,81,0.091412
20,82,0.006973
20,83,0.124040
20,84,0.096267
20,85,0.137206
20,86,0.004831
20,87,0.039944
20,88,-0.026379
20,89,0.132603
20,90,0.203933
20,91,0.122208
20,92,0.104250
20,93,0.192787
20,94,0.221319
20,95,0.334334
20,96,0.401893
20,97,0.430595
20,98,0.347716
20,99,0.208637
20,100,0.280126
20,101,0.339901
20,102,0.335541
20,103,0.235344
20,104,0.084731
20,105,-0.048017
20,106,0.137604
20,107,0.072907
20,108,0.242189
20,109,0.154487
20,110,0.127994
20,111,0.029629
20,112,0.162735
20,113,0.190979
20,114,0.230485
20,115,0.304392
20,116,0.117160
20,117,0.254846
20,118,0.195437
20,119,0.215693
20,120,0.184033
20,121,0.194916
20,122,0.184329
20,123,0.242529
20,124,0.095029
20,125,0.056887
20,126,0.169996
20,127,0.172403
20,128,0.038392
20,129,0.093461
20,130,0.042314
20,131,0.094810
20,132,0.157945
20,133,0.089466
20,134,-0.001514
20,135,0.120631
20,136,0.179178
20,137,0.069122
20,138,0.032235
20,139,0.168739
20,140,0.156852
20,141,0.034096
20,142,-0.043355
20,143,-0.049299
20,144,-0.047570
20,145,-0.051535
20,146,-0.028149
20,147,0.001007
20,148,0.134905
20,149,0.104747
20,150,0.173692
20,151,0.213909
20,152,0.193324
20,153,0.109677
20,154,0.124383
20,155,0.167288
20,156,0.129917
20,157,0.098936
20,158,0.162003
20,159,0.044052
20,160,0.083369
20,161,0.085354
20,162,0.114436
20,163,0.145463
20,164,0.175942
20,165,0.325601
20,166,0.289665
20,167,0.317172
20,168,0.213388
20,169,0.271429
20,170,0.242686
20,171,0.197437
20,172,0.255627
20,173,0.313014
20,174,0.210662
20,175,0.110945
20,176,0.146898
20,177,0.277142
20,178,0.286831
20,179,0.222047
20,180,0.112718
20,181,0.103484
20,182,0.099264
20,183,0.135631
20,184,0.377035
20,185,0.414980
20,186,0.338051
20,187,0.367774
20,188,0.352319
20,189,0.373884
20,190,0.298101
21,1,0.467451
21,2,0.300865
21,3,0.212827
21,4,0.258264
21,5,0.386572
21,6,0.460952
21,7,0.510874
21,8,0.384445
21,9,0.273734
21,10,0.298150
21,11,0.286030
21,12,0.605381
21,13,0.756802
21,14,0.741931
21,15,0.640161
21,16,0.504617
21,17,0.515393
21,18,0.566854
21,19,0.694036
21,20,0.825396
21,21,1.000000
21,22,0.622018
21,23,0.477941
21,24,0.238597
21,25,0.223989
21,26,0.283374
21,27,0.194532
21,28,0.272015
21,29,0.302422
21,30,0.186675
21,31,0.131624
21,32,-0.032987
21,33,0.089540
21,34,0.180093
21,35,0.152872
21,36,0.146749
21,37,0.099208
21,38,0.177663
21,39,0.303587
21,40,0.309503
21,41,0.263672
21,42,0.336249
21,43,0.439360
21,44,0.361839
21,45,0.360358
21,46,0.366069
21,47,0.283929
21,48,0.239704
21,49,0.198413
21,50,0.273009
21,51,0.243100
21,52,0.363222
21,53,0.505822
21,54,0.514158
21,55,0.642064
21,56,0.714408
21,57,0.542767
21,58,0.248306
21,59,0.348374
21,60,0.398310
21,61,0.341025
21,62,0.277939
21,63,0.147618
21,64,0.152078
21,65,0.215875
21,66,0.270046
21,67,0.264817
21,68,0.259556
21,69,0.301685
21,70,0.330627
21,71,0.353612
21,72,0.335009
21,73,0.342252
21,74,0.347389
21,75,0.263367
21,76,0.316865
21,77,0.289662
21,78,0.100648
21,79,0.085292
21,80,0.209987
21,81,0.098550
21,82,-0.002482
21,83,0.130289
21,84,0.143368
21,85,0.184243
21,86,0.060665
21,87,0.121690
21,88,0.067384
21,89,0.193596
21,90,0.252794
21,91,0.203215
21,92,0.189735
21,93,0.283608
21,94,0.296028
21,95,0.378355
21,96,0.407348
21,97,0.423361
21,98,0.342342
21,99,0.231273
21,100,0.287247
21,101,0.355734
21,102,0.376031
21,103,0.293422
21,104,0.144994
21,105,0.039591
21,106,0.171821
21,107,0.087239
21,108,0.227867
21,109,0.154261
21,110,0.141637
21,111,0.063904
21,112,0.194685
21,113,0.201730
21,114,0.246098
21,115,0.340268
21,116,0.192298
21,117,0.284676
21,118,0.216576
21,119,0.179797
21,120,0.176094
21,121,0.207994
21,122,0.189907
21,123,0.223505
21,124,0.136035
21,125,0.097142
21,126,0.211884
21,127,0.213307
21,128,0.109954
21,129,0.159835
21,130,0.083943
21,131,0.161289
21,132,0.212452
21,133,0.104093
21,134,0.035084
21,135,0.173502
21,136,0.218994
21,137,0.097487
21,138,0.084092
21,139,0.227881
21,140,0.201509
21,141,0.078959
21,142,0.000781
21,143,-0.012945
21,144,-0.026575
21,145,-0.060300
21,146,0.022999
21,147,0.041662
21,148,0.123426
21,149,0.124314
21,150,0.174627
21,151,0.200869
21,152,0.182885
21,153,0.116498
21,154,0.109271
21,155,0.130728
21,156,0.090309
21,157,0.061096
21,158,0.131492
21,159,0.039500
21,160,0.120067
21,161,0.129581
21,162,0.162585
21,163,0.189621
21,164,0.201704
21,165,0.319815
21,166,0.293786
21,167,0.331075
21,168,0.223089
21,169,0.277019
21,170,0.245106
21,171,0.188101
21,172,0.221994
21,173,0.286579
21,174,0.205498
21,175,0.089104
21,176,0.108895
21,177,0.234915
21,178,0.274365
21,179,0.212553
21,180,0.094652
21,181,0.104076
21,182,0.132867
21,183,0.143262
21,184,0.391298
21,185,0.431246
21,186,0.365271
21,187,0.383350
21,188,0.356186
21,189,0.359440
21,190,0.306793
22,1,0.387800
22,2,0.416142
22,3,0.320428
22,4,0.226190
22,5,0.212988
22,6,0.227464
22,7,0.249723
22,8,0.179049
22,9,0.180804
22,10,0.265938
22,11,0.442625
22,12,0.656323
22,13,0.513525
22,14,0.361027
22,15,0.236578
22,16,0.156264
22,17,0.130452
22,18,0.170418
22,19,0.254181
22,20,0.376847
22,21,0.622018
22,22,1.000000
22,23,0.664112
22,24,0.082074
22,25,0.049911
22,26,0.186389
22,27,0.164024
22,28,0.159009
22,29,0.186719
22,30,0.183781
22,31,0.134520
22,32,-0.054196
22,33,0.111082
22,34,0.098684
22,35,0.131976
22,36,0.089741
22,37,0.061491
22,38,0.095134
22,39,0.135783
22,40,0.144962
22,41,0.102115
22,42,0.122898
22,43,0.227548
22,44,0.324441
22,45,0.286927
22,46,0.282083
22,47,0.190631
22,48,0.137260
22,49,0.083203
22,50,0.137115
22,51,0.147667
22,52,0.323692
22,53,0.530234
22,54,0.588591
22,55,0.474677
22,56,0.453243
22,57,0.312560
22,58,0.198301
22,59,0.273706
22,60,0.270169
22,61,0.297810
22,62,0.235147
22,63,0.147429
22,64,0.140596
22,65,0.229923
22,66,0.176850
22,67,0.095511
22,68,0.108653
22,69,0.134275
22,70,0.159473
22,71,0.141321
22,72,0.122686
22,73,0.113525
22,74,0.144986
22,75,0.132071
22,76,0.096607
22,77,0.149238
22,78,0.088712
22,79,0.049631
22,80,0.140291
22,81,0.098065
22,82,0.011664
22,83,0.154295
22,84,0.171891
22,85,0.201852
22,86,0.170396
22,87,0.241138
22,88,0.242203
22,89,0.224905
22,90,0.200504
22,91,0.209057
22,92,0.212495
22,93,0.205809
22,94,0.225468
22,95,0.232057
22,96,0.222975
22,97,0.224581
22,98,0.231884
22,99,0.179304
22,100,0.103318
22,101,0.187327
22,102,0.220791
22,103,0.214858
22,104,0.178255
22,105,0.210348
22,106,0.212408
22,107,0.088436
22,108,0.103595
22,109,0.103102
22,110,0.111578
22,111,0.102540
22,112,0.189473
22,113,0.147390
22,114,0.164019
22,115,0.233643
22,116,0.244587
22,117,0.231135
22,118,0.188070
22,119,0.050446
22,120,0.055982
22,121,0.110602
22,122,0.099052
22,123,0.061738
22,124,0.127191
22,125,0.118359
22,126,0.121188
22,127,0.118085
22,128,0.115818
22,129,0.172571
22,130,0.154831
22,131,0.235478
22,132,0.219875
22,133,0.128504
22,134,0.185882
22,135,0.254992
22,136,0.232225
22,137,0.171312
22,138,0.225024
22,139,0.268935
22,140,0.213825
22,141,0.169961
22,142,0.135721
22,143,0.103340
22,144,0.048450
22,145,-0.018694
22,146,0.103717
22,147,0.078867
22,148,0.104346
22,149,0.124350
22,150,0.117303
22,151,0.098990
22,152,0.044408
22,153,0.007698
22,154,0.019797
22,155,-0.004411
22,156,-0.038114
22,157,-0.055919
22,158,0.042259
22,159,0.090917
22,160,0.130394
22,161,0.168348
22,162,0.166528
22,163,0.190224
22,164,0.175335
22,165,0.160415
22,166,0.161585
22,167,0.175050
22,168,0.124444
22,169,0.118257
22,170,0.121121
22,171,0.086659
22,172,0.066473
22,173,0.082554
22,174,0.076014
22,175,0.015148
22,176,0.041271
22,177,0.111132
22,178,0.145092
22,179,0.122586
22,180,0.032530
22,181,0.061801
22,182,0.061504
22,183,-0.018611
22,184,0.176330
22,185,0.206838
22,186,0.248802
22,187,0.231404
22,188,0.179698
22,189,0.147805
22,190,0.155212
23,1,0.396659
23,2,0.392626
23,3,0.326960
23,4,0.314273
23,5,0.361855
23,6,0.335773
23,7,0.350365
23,8,0.276620
23,9,0.318752
23,10,0.422104
23,11,0.591636
23,12,0.579291
23,13,0.543798
23,14,0.385899
23,15,0.303878
23,16,0.216506
23,17,0.175418
23,18,0.193376
23,19,0.249797
23,20,0.342689
23,21,0.477941
23,22,0.664112
23,23,1.000000
23,24,0.209164
23,25,0.152129
23,26,0.230977
23,27,0.177030
23,28,0.189361
23,29,0.230347
23,30,0.192090
23,31,0.114511
23,32,-0.015586
23,33,0.049746
23,34,0.110126
23,35,0.116561
23,36,0.133147
23,37,0.128216
23,38,0.158135
23,39,0.206175
23,40,0.206265
23,41,0.150049
23,42,0.208054
23,43,0.203984
23,44,0.293508
23,45,0.305728
23,46,0.387967
23,47,0.337810
23,48,0.300188
23,49,0.206451
23,50,0.331250
23,51,0.335534
23,52,0.544361
23,53,0.653749
23,54,0.466411
23,55,0.355023
23,56,0.366798
23,57,0.280293
23,58,0.279024
23,59,0.363596
23,60,0.383258
23,61,0.410592
23,62,0.327583
23,63,0.205184
23,64,0.217455
23,65,0.285302
23,66,0.244814
23,67,0.159160
23,68,0.141950
23,69,0.204708
23,70,0.205500
23,71,0.208913
23,72,0.165421
23,73,0.204227
23,74,0.212859
23,75,0.171331
23,76,0.198507
23,77,0.201894
23,78,0.080281
23,79,0.075441
23,80,0.187957
23,81,0.114920
23,82,0.009755
23,83,0.188313
23,84,0.207513
23,85,0.271516
23,86,0.218731
23,87,0.301274
23,88,0.270616
23,89,0.283897
23,90,0.303047
23,91,0.267579
23,92,0.274704
23,93,0.280243
23,94,0.302557
23,95,0.325561
23,96,0.268099
23,97,0.274940
23,98,0.244152
23,99,0.132852
23,100,0.225155
23,101,0.324808
23,102,0.353860
23,103,0.338138
23,104,0.237245
23,105,0.188464
23,106,0.254027
23,107,0.132532
23,108,0.157831
23,109,0.184697
23,110,0.208577
23,111,0.183220
23,112,0.218886
23,113,0.178032
23,114,0.230226
23,115,0.295481
23,116,0.268206
23,117,0.260755
23,118,0.215471
23,119,0.105904
23,120,0.142367
23,121,0.171847
23,122,0.124049
23,123,0.161110
23,124,0.227081
23,125,0.213901
23,126,0.224881
23,127,0.180165
23,128,0.150026
23,129,0.197802
23,130,0.098701
23,131,0.225123
23,132,0.236694
23,133,0.117075
23,134,0.157289
23,135,0.285742
23,136,0.274676
23,137,0.218675
23,138,0.247743
23,139,0.320563
23,140,0.275976
23,141,0.184277
23,142,0.139102
23,143,0.125150
23,144,0.073654
23,145,0.003997
23,146,0.065083
23,147,0.093972
23,148,0.165443
23,149,0.162698
23,150,0.170598
23,151,0.166339
23,152,0.118434
23,153,0.095518
23,154,0.097709
23,155,0.072856
23,156,0.062409
23,157,0.038896
23,158,0.114362
23,159,0.144797
23,160,0.178648
23,161,0.224639
23,162,0.229493
23,163,0.269680
23,164,0.261796
23,165,0.245278
23,166,0.225657
23,167,0.229526
23,168,0.156650
23,169,0.152225
23,170,0.126326
23,171,0.066032
23,172,0.111961
23,173,0.167997
23,174,0.119635
23,175,-0.013751
23,176,0.001721
23,177,0.115580
23,178,0.146663
23,179,0.089766
23,180,0.067906
23,181,0.082372
23,182,0.036754
23,183,-0.006404
23,184,0.191180
23,185,0.243119
23,186,0.289688
23,187,0.293678
23,188,0.244786
23,189,0.198706
23,190,0.177403
24,1,0.144936
24,2,0.106563
24,3,0.309587
24,4,0.431973
24,5,0.527968
24,6,0.522490
24,7,0.508965
24,8,0.541793
24,9,0.557266
24,10,0.523112
24,11,0.356934
24,12,0.147604
24,13,0.218750
24,14,0.248499
24,15,0.278616
24,16,0.280457
24,17,0.286249
24,18,0.264099
24,19,0.298726
24,20,0.296568
24,21,0.238597
24,22,0.082074
24,23,0.209164
24,24,1.000000
24,25,0.880303
24,26,0.468772
24,27,0.314276
24,28,0.251421
24,29,0.221624
24,30,0.168974
24,31,0.258495
24,32,0.228089
24,33,0.037825
24,34,0.138926
24,35,0.089369
24,36,0.160791
24,37,0.148770
24,38,0.170567
24,39,0.271031
24,40,0.269524
24,41,0.298278
24,42,0.325056
24,43,0.208346
24,44,0.078417
24,45,0.181264
24,46,0.284353
24,47,0.405054
24,48,0.484946
24,49,0.616997
24,50,0.752589
24,51,0.721128
24,52,0.442945
24,53,0.224754
24,54,0.068156
24,55,0.133001
24,56,0.223234
24,57,0.207843
24,58,0.164007
24,59,0.233057
24,60,0.296565
24,61,0.291009
24,62,0.239905
24,63,0.168801
24,64,0.158218
24,65,0.193027
24,66,0.230883
24,67,0.282867
24,68,0.261108
24,69,0.261952
24,70,0.271771
24,71,0.238779
24,72,0.200305
24,73,0.262190
24,74,0.263120
24,75,0.224932
24,76,0.314518
24,77,0.294233
24,78,0.194646
24,79,0.217143
24,80,0.282804
24,81,0.180967
24,82,0.114113
24,83,0.219878
24,84,0.169740
24,85,0.195727
24,86,0.125415
24,87,0.121687
24,88,0.073780
24,89,0.174677
24,90,0.249606
24,91,0.174557
24,92,0.154068
24,93,0.182382
24,94,0.155020
24,95,0.238729
24,96,0.291066
24,97,0.333850
24,98,0.258968
24,99,0.156771
24,100,0.186114
24,101,0.354699
24,102,0.293311
24,103,0.242513
24,104,0.105628
24,105,-0.058015
24,106,0.123125
24,107,0.169008
24,108,0.243419
24,109,0.217746
24,110,0.280305
24,111,0.226926
24,112,0.144455
24,113,0.217323
24,114,0.235337
24,115,0.230199
24,116,0.112819
24,117,0.144220
24,118,0.180712
24,119,0.279803
24,120,0.307967
24,121,0.275565
24,122,0.219156
24,123,0.371179
24,124,0.204963
24,125,0.173938
24,126,0.240535
24,127,0.154145
24,128,0.113339
24,129,0.161335
24,130,0.042984
24,131,0.128464
24,132,0.166609
24,133,0.103837
24,134,0.101782
24,135,0.156913
24,136,0.185662
24,137,0.160257
24,138,0.114207
24,139,0.188294
24,140,0.228286
24,141,0.102432
24,142,0.058510
24,143,0.088915
24,144,0.051131
24,145,0.059545
24,146,-0.069900
24,147,-0.009522
24,148,0.095717
24,149,0.091396
24,150,0.131879
24,151,0.167518
24,152,0.173134
24,153,0.177851
24,154,0.188417
24,155,0.243039
24,156,0.240303
24,157,0.157744
24,158,0.167856
24,159,0.088950
24,160,0.094654
24,161,0.149702
24,162,0.186553
24,163,0.226186
24,164,0.264908
24,165,0.398994
24,166,0.357355
24,167,0.326769
24,168,0.225754
24,169,0.241134
24,170,0.198741
24,171,0.116731
24,172,0.200805
24,173,0.314766
24,174,0.198470
24,175,0.083779
24,176,0.065971
24,177,0.162816
24,178,0.146686
24,179,0.159560
24,180,0.100521
24,181,0.113857
24,182,0.002028
24,183,0.137678
24,184,0.226076
24,185,0.263390
24,186,0.241489
24,187,0.320781
24,188,0.326353
24,189,0.328081
24,190,0.219479
25,1,0.136374
25,2,0.086708
25,3,0.276488
25,4,0.379086
25,5,0.465403
25,6,0.482620
25,7,0.484056
25,8,0.514053
25,9,0.474667
25,10,0.434326
25,11,0.279570
25,12,0.120786
25,13,0.189898
25,14,0.227944
25,15,0.262248
25,16,0.266087
25,17,0.275433
25,18,0.248996
25,19,0.286101
25,20,0.285503
25,21,0.223989
25,22,0.049911
25,23,0.152129
25,24,0.880303
25,25,1.000000
25,26,0.481905
25,27,0.366296
25,28,0.300130
25,29,0.253904
25,30,0.221921
25,31,0.280441
25,32,0.246132
25,33,0.033715
25,34,0.139316
25,35,0.080344
25,36,0.161057
25,37,0.156876
25,38,0.178453
25,39,0.267462
25,40,0.263004
25,41,0.317623
25,42,0.312541
25,43,0.212253
25,44,0.057870
25,45,0.165722
25,46,0.231871
25,47,0.319546
25,48,0.384037
25,49,0.480438
25,50,0.603066
25,51,0.566740
25,52,0.356036
25,53,0.172064
25,54,0.025925
25,55,0.119500
25,56,0.209433
25,57,0.198557
25,58,0.131359
25,59,0.177656
25,60,0.244822
25,61,0.209250
25,62,0.179299
25,63,0.115975
25,64,0.125425
25,65,0.177731
25,66,0.232077
25,67,0.272823
25,68,0.257363
25,69,0.257315
25,70,0.261198
25,71,0.242736
25,72,0.206459
25,73,0.253357
25,74,0.251238
25,75,0.214347
25,76,0.314299
25,77,0.284255
25,78,0.187835
25,79,0.204382
25,80,0.261238
25,81,0.153776
25,82,0.095853
25,83,0.182356
25,84,0.123979
25,85,0.156252
25,86,0.085154
25,87,0.084545
25,88,0.035367
25,89,0.148647
25,90,0.229723
25,91,0.140187
25,92,0.120212
25,93,0.153981
25,94,0.128639
25,95,0.210991
25,96,0.276828
25,97,0.313157
25,98,0.247815
25,99,0.162007
25,100,0.166156
25,101,0.337505
25,102,0.267059
25,103,0.222082
25,104,0.084457
25,105,-0.077090
25,106,0.087432
25,107,0.134501
25,108,0.235356
25,109,0.189065
25,110,0.245614
25,111,0.188073
25,112,0.110849
25,113,0.214559
25,114,0.206744
25,115,0.191342
25,116,0.059657
25,117,0.113639
25,118,0.135782
25,119,0.261560
25,120,0.284940
25,121,0.261511
25,122,0.212849
25,123,0.344285
25,124,0.166548
25,125,0.143408
25,126,0.200323
25,127,0.130812
25,128,0.087424
25,129,0.148255
25,130,0.033351
25,131,0.106442
25,132,0.165173
25,133,0.106412
25,134,0.099818
25,135,0.156481
25,136,0.181514
25,137,0.163389
25,138,0.115857
25,139,0.180065
25,140,0.219016
25,141,0.120302
25,142,0.081882
25,143,0.100861
25,144,0.057965
25,145,0.072993
25,146,-0.084453
25,147,-0.021634
25,148,0.096033
25,149,0.098159
25,150,0.113826
25,151,0.151006
25,152,0.159261
25,153,0.164681
25,154,0.163160
25,155,0.225090
25,156,0.223407
25,157,0.160593
25,158,0.183349
25,159,0.087310
25,160,0.080285
25,161,0.151679
25,162,0.185045
25,163,0.219651
25,164,0.253818
25,165,0.375445
25,166,0.338081
25,167,0.305549
25,168,0.217060
25,169,0.232608
25,170,0.194077
25,171,0.127294
25,172,0.212570
25,173,0.292430
25,174,0.191043
25,175,0.095150
25,176,0.081379
25,177,0.163534
25,178,0.148034
25,179,0.166136
25,180,0.089448
25,181,0.109719
25,182,0.000270
25,183,0.156881
25,184,0.218942
25,185,0.239531
25,186,0.214187
25,187,0.292073
25,188,0.300996
25,189,0.310186
25,190,0.204166
26,1,0.270519
26,2,0.233668
26,3,0.232148
26,4,0.284064
26,5,0.341022
26,6,0.366191
26,7,0.384472
26,8,0.414954
26,9,0.345855
26,10,0.328589
26,11,0.270668
26,12,0.278251
26,13,0.293084
26,14,0.265369
26,15,0.239561
26,16,0.215945
26,17,0.241234
26,18,0.233310
26,19,0.270528
26,20,0.287857
26,21,0.283374
26,22,0.186389
26,23,0.230977
26,24,0.468772
26,25,0.481905
26,26,1.000000
26,27,0.712279
26,28,0.635849
26,29,0.634073
26,30,0.583424
26,31,0.594654
26,32,0.191116
26,33,0.090334
26,34,0.191409
26,35,0.176324
26,36,0.220349
26,37,0.195394
26,38,0.195340
26,39,0.237666
26,40,0.228914
26,41,0.229288
26,42,0.227249
26,43,0.225550
26,44,0.115436
26,45,0.126499
26,46,0.170854
26,47,0.203126
26,48,0.244180
26,49,0.338475
26,50,0.393651
26,51,0.371119
26,52,0.243430
26,53,0.198461
26,54,0.107032
26,55,0.190254
26,56,0.212687
26,57,0.188706
26,58,0.111032
26,59,0.165439
26,60,0.228617
26,61,0.223286
26,62,0.165827
26,63,0.101245
26,64,0.179672
26,65,0.270400
26,66,0.279902
26,67,0.218214
26,68,0.205333
26,69,0.247229
26,70,0.228629
26,71,0.204314
26,72,0.170038
26,73,0.173741
26,74,0.170874
26,75,0.140270
26,76,0.194805
26,77,0.165639
26,78,0.089320
26,79,0.096745
26,80,0.156890
26,81,0.076153
26,82,0.033355
26,83,0.125527
26,84,0.104806
26,85,0.153687
26,86,0.110073
26,87,0.110878
26,88,0.088722
26,89,0.139670
26,90,0.219447
26,91,0.117008
26,92,0.104604
26,93,0.138648
26,94,0.108799
26,95,0.154760
26,96,0.179282
26,97,0.210536
26,98,0.156183
26,99,0.071951
26,100,0.144102
26,101,0.298258
26,102,0.240817
26,103,0.205619
26,104,0.087607
26,105,-0.009994
26,106,0.115096
26,107,0.042231
26,108,0.094039
26,109,0.071074
26,110,0.114043
26,111,0.110745
26,112,0.092133
26,113,0.175840
26,114,0.135362
26,115,0.114687
26,116,0.094879
26,117,0.081933
26,118,0.093493
26,119,0.166590
26,120,0.198716
26,121,0.161605
26,122,0.142326
26,123,0.228534
26,124,0.067744
26,125,0.070629
26,126,0.109726
26,127,0.051259
26,128,0.029057
26,129,0.123697
26,130,0.042997
26,131,0.104268
26,132,0.169916
26,133,0.114019
26,134,0.091652
26,135,0.180758
26,136,0.219802
26,137,0.179057
26,138,0.146053
26,139,0.219674
26,140,0.247094
26,141,0.185500
26,142,0.138713
26,143,0.131175
26,144,0.089041
26,145,0.101947
26,146,0.037702
26,147,0.102359
26,148,0.218959
26,149,0.225507
26,150,0.231778
26,151,0.187975
26,152,0.150239
26,153,0.159994
26,154,0.139416
26,155,0.160922
26,156,0.126670
26,157,0.077138
26,158,0.104096
26,159,0.085589
26,160,0.086275
26,161,0.177121
26,162,0.206346
26,163,0.255474
26,164,0.265888
26,165,0.265126
26,166,0.256682
26,167,0.193174
26,168,0.141372
26,169,0.156028
26,170,0.129037
26,171,0.074384
26,172,0.185011
26,173,0.221827
26,174,0.191850
26,175,0.060720
26,176,0.029581
26,177,0.121943
26,178,0.114291
26,179,0.073250
26,180,-0.017768
26,181,0.027431
26,182,-0.044074
26,183,0.029554
26,184,0.078315
26,185,0.141019
26,186,0.198428
26,187,0.233602
26,188,0.221935
26,189,0.223785
26,190,0.161776
27,1,0.167309
27,2,0.171329
27,3,0.187297
27,4,0.181572
27,5,0.202481
27,6,0.230616
27,7,0.219294
27,8,0.196482
27,9,0.177518
27,10,0.202374
27,11,0.188002
27,12,0.203669
27,13,0.190451
27,14,0.160172
27,15,0.153967
27,16,0.132350
27,17,0.162351
27,18,0.141317
27,19,0.159886
27,20,0.170159
27,21,0.194532
27,22,0.164024
27,23,0.177030
27,24,0.314276
27,25,0.366296
27,26,0.712279
27,27,1.000000
27,28,0.895777
27,29,0.787287
27,30,0.778059
27,31,0.379879
27,32,0.143003
27,33,0.103339
27,34,0.159724
27,35,0.136615
27,36,0.222054
27,37,0.227901
27,38,0.159641
27,39,0.150971
27,40,0.152560
27,41,0.146314
27,42,0.117893
27,43,0.131939
27,44,0.112490
27,45,0.083284
27,46,0.115234
27,47,0.133398
27,48,0.163147
27,49,0.247549
27,50,0.274995
27,51,0.253408
27,52,0.149939
27,53,0.157942
27,54,0.115796
27,55,0.134190
27,56,0.151926
27,57,0.106083
27,58,0.184522
27,59,0.176430
27,60,0.174827
27,61,0.171942
27,62,0.132287
27,63,0.078204
27,64,0.132517
27,65,0.227003
27,66,0.213483
27,67,0.110916
27,68,0.096060
27,69,0.144337
27,70,0.113303
27,71,0.106155
27,72,0.076107
27,73,0.099943
27,74,0.067593
27,75,0.057094
27,76,0.105228
27,77,0.092757
27,78,0.016062
27,79,-0.007842
27,80,0.045547
27,81,-0.016593
27,82,-0.050454
27,83,0.049514
27,84,0.076289
27,85,0.129028
27,86,0.074570
27,87,0.136653
27,88,0.149467
27,89,0.137062
27,90,0.191307
27,91,0.131358
27,92,0.152438
27,93,0.200736
27,94,0.161310
27,95,0.170996
27,96,0.135304
27,97,0.129455
27,98,0.099992
27,99,0.053176
27,100,0.161053
27,101,0.276692
27,102,0.268678
27,103,0.245117
27,104,0.153731
27,105,0.064060
27,106,0.106843
27,107,0.014628
27,108,0.059918
27,109,0.118696
27,110,0.124340
27,111,0.133453
27,112,0.106916
27,113,0.182869
27,114,0.187643
27,115,0.122267
27,116,0.092273
27,117,0.089302
27,118,0.032227
27,119,0.006562
27,120,0.125718
27,121,0.126963
27,122,0.086253
27,123,0.124358
27,124,0.141159
27,125,0.155501
27,126,0.152660
27,127,0.132388
27,128,0.108214
27,129,0.136815
27,130,0.085234
27,131,0.130275
27,132,0.177531
27,133,0.124337
27,134,0.109861
27,135,0.172603
27,136,0.211536
27,137,0.170413
27,138,0.136214
27,139,0.204045
27,140,0.233977
27,141,0.145844
27,142,0.092649
27,143,0.100098
27,144,0.051793
27,145,0.105168
27,146,0.086708
27,147,0.122382
27,148,0.173772
27,149,0.282572
27,150,0.145294
27,151,0.094825
27,152,0.064947
27,153,0.085135
27,154,0.007857
27,155,-0.002458
27,156,0.006047
27,157,-0.010218
27,158,0.007958
27,159,0.017489
27,160,0.073161
27,161,0.169981
27,162,0.196587
27,163,0.245804
27,164,0.242808
27,165,0.160437
27,166,0.163285
27,167,0.133072
27,168,0.128942
27,169,0.128511
27,170,0.099061
27,171,0.064818
27,172,0.108403
27,173,0.072495
27,174,0.070381
27,175,0.009048
27,176,-0.031535
27,177,0.022132
27,178,0.071796
27,179,0.042755
27,180,-0.009015
27,181,0.050383
27,182,-0.040881
27,183,-0.005347
27,184,0.009938
27,185,0.087020
27,186,0.136753
27,187,0.162202
27,188,0.143897
27,189,0.111445
27,190,0.096311
28,1,0.181649
28,2,0.135187
28,3,0.122205
28,4,0.140795
28,5,0.214885
28,6,0.271595
28,7,0.267778
28,8,0.192569
28,9,0.160784
28,10,0.171196
28,11,0.137838
28,12,0.203999
28,13,0.252217
28,14,0.238966
28,15,0.231472
28,16,0.209603
28,17,0.230980
28,18,0.212151
28,19,0.238220
28,20,0.252846
28,21,0.272015
28,22,0.159009
28,23,0.189361
28,24,0.251421
28,25,0.300130
28,26,0.635849
28,27,0.895777
28,28,1.000000
28,29,0.916847
28,30,0.783822
28,31,0.289188
28,32,0.110664
28,33,0.082690
28,34,0.170011
28,35,0.115787
28,36,0.210995
28,37,0.221928
28,38,0.182973
28,39,0.197693
28,40,0.196505
28,41,0.181895
28,42,0.178436
28,43,0.203201
28,44,0.118329
28,45,0.114579
28,46,0.140330
28,47,0.135405
28,48,0.161146
28,49,0.236531
28,50,0.254083
28,51,0.222037
28,52,0.157252
28,53,0.193608
28,54,0.146684
28,55,0.176039
28,56,0.216438
28,57,0.177519
28,58,0.186141
28,59,0.179186
28,60,0.198161
28,61,0.178406
28,62,0.164429
28,63,0.094286
28,64,0.141720
28,65,0.184529
28,66,0.195097
28,67,0.121847
28,68,0.105575
28,69,0.163066
28,70,0.145214
28,71,0.140937
28,72,0.122442
28,73,0.128199
28,74,0.105054
28,75,0.061615
28,76,0.125218
28,77,0.094417
28,78,-0.023269
28,79,-0.047793
28,80,0.024402
28,81,-0.051335
28,82,-0.091108
28,83,0.004762
28,84,0.026948
28,85,0.093339
28,86,0.020031
28,87,0.082755
28,88,0.084649
28,89,0.099852
28,90,0.182245
28,91,0.097864
28,92,0.108136
28,93,0.196371
28,94,0.175079
28,95,0.202996
28,96,0.177485
28,97,0.177156
28,98,0.132151
28,99,0.055573
28,100,0.188621
28,101,0.309645
28,102,0.303813
28,103,0.242066
28,104,0.113998
28,105,-0.004017
28,106,0.076772
28,107,-0.018614
28,108,0.079150
28,109,0.108753
28,110,0.092013
28,111,0.072857
28,112,0.109582
28,113,0.198611
28,114,0.194157
28,115,0.151155
28,116,0.044882
28,117,0.091839
28,118,0.023471
28,119,0.030949
28,120,0.126847
28,121,0.143430
28,122,0.119823
28,123,0.145511
28,124,0.112001
28,125,0.116851
28,126,0.145370
28,127,0.131206
28,128,0.069502
28,129,0.113527
28,130,0.060698
28,131,0.111502
28,132,0.167038
28,133,0.102701
28,134,0.036720
28,135,0.122162
28,136,0.179114
28,137,0.096169
28,138,0.057269
28,139,0.162289
28,140,0.188494
28,141,0.082925
28,142,0.018991
28,143,0.031646
28,144,0.013246
28,145,0.080179
28,146,0.073740
28,147,0.112370
28,148,0.174021
28,149,0.292850
28,150,0.159683
28,151,0.133064
28,152,0.109378
28,153,0.109702
28,154,0.033232
28,155,0.042259
28,156,0.044795
28,157,0.042856
28,158,0.022776
28,159,0.000698
28,160,0.033398
28,161,0.112075
28,162,0.146041
28,163,0.190613
28,164,0.198463
28,165,0.157724
28,166,0.153699
28,167,0.145376
28,168,0.127665
28,169,0.145656
28,170,0.109076
28,171,0.079827
28,172,0.129431
28,173,0.110615
28,174,0.088273
28,175,0.005919
28,176,-0.027524
28,177,0.049812
28,178,0.088969
28,179,0.062000
28,180,-0.008528
28,181,0.039126
28,182,-0.023899
28,183,0.007554
28,184,0.059205
28,185,0.127314
28,186,0.156161
28,187,0.182348
28,188,0.167615
28,189,0.151500
28,190,0.117105
29,1,0.229041
29,2,0.158418
29,3,0.113285
29,4,0.144188
29,5,0.250532
29,6,0.311459
29,7,0.306404
29,8,0.215527
29,9,0.180084
29,10,0.186709
29,11,0.154257
29,12,0.232337
29,13,0.298821
29,14,0.277354
29,15,0.264527
29,16,0.238185
29,17,0.252682
29,18,0.234588
29,19,0.269079
29,20,0.286004
29,21,0.302422
29,22,0.186719
29,23,0.230347
29,24,0.221624
29,25,0.253904
29,26,0.634073
29,27,0.787287
29,28,0.916847
29,29,1.000000
29,30,0.859862
29,31,0.360348
29,32,0.157723
29,33,0.073729
29,34,0.173417
29,35,0.111843
29,36,0.217378
29,37,0.228114
29,38,0.198157
29,39,0.213165
29,40,0.206072
29,41,0.180004
29,42,0.188409
29,43,0.219849
29,44,0.098996
29,45,0.116871
29,46,0.149144
29,47,0.143355
29,48,0.163883
29,49,0.226202
29,50,0.257252
29,51,0.219900
29,52,0.171698
29,53,0.211706
29,54,0.149246
29,55,0.183500
29,56,0.228732
29,57,0.184527
29,58,0.164454
29,59,0.175109
29,60,0.212655
29,61,0.196766
29,62,0.186594
29,63,0.102463
29,64,0.161967
29,65,0.192724
29,66,0.214835
29,67,0.146741
29,68,0.129734
29,69,0.200312
29,70,0.180226
29,71,0.179936
29,72,0.154201
29,73,0.150358
29,74,0.128834
29,75,0.062301
29,76,0.128932
29,77,0.089020
29,78,-0.033376
29,79,-0.043704
29,80,0.036582
29,81,-0.042280
29,82,-0.091884
29,83,0.001900
29,84,-0.001891
29,85,0.065112
29,86,-0.012679
29,87,0.040896
29,88,0.035831
29,89,0.071649
29,90,0.172142
29,91,0.070861
29,92,0.067810
29,93,0.158601
29,94,0.163490
29,95,0.191833
29,96,0.169329
29,97,0.183284
29,98,0.125708
29,99,0.027196
29,100,0.192630
29,101,0.307411
29,102,0.289823
29,103,0.220961
29,104,0.065842
29,105,-0.064470
29,106,0.058971
29,107,-0.022571
29,108,0.059664
29,109,0.077322
29,110,0.065023
29,111,0.051128
29,112,0.101541
29,113,0.205231
29,114,0.181701
29,115,0.151546
29,116,0.042660
29,117,0.103593
29,118,0.047081
29,119,0.090834
29,120,0.155439
29,121,0.193147
29,122,0.191866
29,123,0.165013
29,124,0.077231
29,125,0.090489
29,126,0.113421
29,127,0.084558
29,128,0.021012
29,129,0.065623
29,130,0.028339
29,131,0.079773
29,132,0.149294
29,133,0.095449
29,134,0.009224
29,135,0.111618
29,136,0.169960
29,137,0.078399
29,138,0.044480
29,139,0.162261
29,140,0.183816
29,141,0.076702
29,142,0.006178
29,143,0.009373
29,144,-0.005740
29,145,0.061710
29,146,0.048541
29,147,0.093253
29,148,0.173192
29,149,0.272325
29,150,0.182587
29,151,0.153070
29,152,0.121098
29,153,0.106913
29,154,0.051135
29,155,0.069413
29,156,0.060201
29,157,0.072041
29,158,0.050811
29,159,0.028990
29,160,0.010200
29,161,0.096626
29,162,0.130774
29,163,0.175746
29,164,0.184922
29,165,0.173287
29,166,0.158860
29,167,0.147092
29,168,0.113005
29,169,0.149534
29,170,0.116618
29,171,0.081190
29,172,0.154662
29,173,0.155044
29,174,0.114522
29,175,-0.011905
29,176,-0.025574
29,177,0.077723
29,178,0.092241
29,179,0.055251
29,180,-0.002718
29,181,0.020245
29,182,-0.055559
29,183,-0.022951
29,184,0.041336
29,185,0.127351
29,186,0.161361
29,187,0.193580
29,188,0.182773
29,189,0.175893
29,190,0.126164
30,1,0.195295
30,2,0.180985
30,3,0.150905
30,4,0.136880
30,5,0.185399
30,6,0.211168
30,7,0.194235
30,8,0.144981
30,9,0.121041
30,10,0.159138
30,11,0.162938
30,12,0.209988
30,13,0.201939
30,14,0.158844
30,15,0.151684
30,16,0.133367
30,17,0.153700
30,18,0.130792
30,19,0.150313
30,20,0.158381
30,21,0.186675
30,22,0.183781
30,23,0.192090
30,24,0.168974
30,25,0.221921
30,26,0.583424
30,27,0.778059
30,28,0.783822
30,29,0.859862
30,30,1.000000
30,31,0.420056
30,32,0.170582
30,33,0.091050
30,34,0.155950
30,35,0.111836
30,36,0.201424
30,37,0.216434
30,38,0.158796
30,39,0.134772
30,40,0.127065
30,41,0.104938
30,42,0.098972
30,43,0.116733
30,44,0.060836
30,45,0.068325
30,46,0.091650
30,47,0.088322
30,48,0.108827
30,49,0.174910
30,50,0.190291
30,51,0.163751
30,52,0.110415
30,53,0.150723
30,54,0.115518
30,55,0.114902
30,56,0.122788
30,57,0.072744
30,58,0.161152
30,59,0.154785
30,60,0.159725
30,61,0.157551
30,62,0.135075
30,63,0.076931
30,64,0.145932
30,65,0.228434
30,66,0.213052
30,67,0.121566
30,68,0.105202
30,69,0.165507
30,70,0.132524
30,71,0.123573
30,72,0.086769
30,73,0.087382
30,74,0.059792
30,75,0.028681
30,76,0.072703
30,77,0.053473
30,78,-0.014549
30,79,-0.041176
30,80,0.009108
30,81,-0.039374
30,82,-0.086724
30,83,0.005798
30,84,0.008054
30,85,0.054430
30,86,-0.003868
30,87,0.067045
30,88,0.089395
30,89,0.095585
30,90,0.148683
30,91,0.079561
30,92,0.092000
30,93,0.137414
30,94,0.146177
30,95,0.133251
30,96,0.083022
30,97,0.093903
30,98,0.051580
30,99,-0.004685
30,100,0.138718
30,101,0.246378
30,102,0.235682
30,103,0.204189
30,104,0.091589
30,105,0.005401
30,106,0.063067
30,107,-0.007355
30,108,0.006744
30,109,0.076757
30,110,0.073502
30,111,0.079986
30,112,0.060745
30,113,0.162330
30,114,0.141685
30,115,0.067322
30,116,0.065323
30,117,0.083698
30,118,0.046004
30,119,0.048274
30,120,0.134661
30,121,0.171048
30,122,0.160342
30,123,0.101016
30,124,0.086945
30,125,0.120902
30,126,0.097119
30,127,0.070114
30,128,0.045987
30,129,0.047167
30,130,0.031598
30,131,0.069242
30,132,0.120056
30,133,0.101341
30,134,0.081652
30,135,0.143605
30,136,0.171438
30,137,0.129684
30,138,0.114574
30,139,0.189426
30,140,0.217355
30,141,0.135669
30,142,0.079558
30,143,0.067712
30,144,0.011886
30,145,0.054247
30,146,0.074677
30,147,0.095268
30,148,0.122759
30,149,0.238977
30,150,0.107729
30,151,0.057256
30,152,0.019560
30,153,0.031669
30,154,-0.018248
30,155,-0.019751
30,156,-0.018468
30,157,-0.013067
30,158,0.002305
30,159,0.005727
30,160,0.019414
30,161,0.125555
30,162,0.150036
30,163,0.201945
30,164,0.202238
30,165,0.134485
30,166,0.128992
30,167,0.101848
30,168,0.088781
30,169,0.106045
30,170,0.081024
30,171,0.038948
30,172,0.102150
30,173,0.075221
30,174,0.082610
30,175,-0.020218
30,176,-0.036007
30,177,0.037275
30,178,0.052677
30,179,0.026400
30,180,0.025478
30,181,0.035049
30,182,-0.073741
30,183,-0.049503
30,184,-0.036328
30,185,0.044326
30,186,0.105985
30,187,0.124216
30,188,0.116714
30,189,0.095312
30,190,0.072386
31,1,0.187552
31,2,0.178504
31,3,0.151145
31,4,0.176880
31,5,0.225158
31,6,0.240991
31,7,0.243066
31,8,0.273654
31,9,0.218363
31,10,0.212533
31,11,0.190907
31,12,0.183806
31,13,0.157379
31,14,0.115322
31,15,0.077071
31,16,0.076978
31,17,0.103804
31,18,0.098465
31,19,0.135367
31,20,0.144597
31,21,0.131624
31,22,0.134520
31,23,0.114511
31,24,0.258495
31,25,0.280441
31,26,0.594654
31,27,0.379879
31,28,0.289188
31,29,0.360348
31,30,0.420056
31,31,1.000000
31,32,0.410396
31,33,0.152472
31,34,0.200736
31,35,0.227703
31,36,0.198131
31,37,0.161405
31,38,0.136837
31,39,0.178107
31,40,0.153606
31,41,0.146157
31,42,0.112051
31,43,0.095846
31,44,-0.001405
31,45,-0.000315
31,46,0.028134
31,47,0.063315
31,48,0.074984
31,49,0.148760
31,50,0.197614
31,51,0.179672
31,52,0.091871
31,53,0.046811
31,54,0.011461
31,55,0.071616
31,56,0.079407
31,57,0.036704
31,58,0.006217
31,59,0.052398
31,60,0.098206
31,61,0.129618
31,62,0.080573
31,63,0.070966
31,64,0.111954
31,65,0.212117
31,66,0.212672
31,67,0.160154
31,68,0.156988
31,69,0.195668
31,70,0.191404
31,71,0.147396
31,72,0.139219
31,73,0.103056
31,74,0.108141
31,75,0.120573
31,76,0.137726
31,77,0.118919
31,78,0.135683
31,79,0.152625
31,80,0.170860
31,81,0.142916
31,82,0.111302
31,83,0.145491
31,84,0.088438
31,85,0.105979
31,86,0.095233
31,87,0.047031
31,88,0.041052
31,89,0.062985
31,90,0.098415
31,91,0.042950
31,92,0.020992
31,93,0.016231
31,94,0.008204
31,95,0.020672
31,96,0.073060
31,97,0.114849
31,98,0.086115
31,99,0.078748
31,100,0.013149
31,101,0.117524
31,102,0.045610
31,103,0.062378
31,104,0.026661
31,105,-0.037170
31,106,0.096199
31,107,0.100895
31,108,0.059992
31,109,0.007755
31,110,0.040628
31,111,0.053003
31,112,0.011254
31,113,0.136834
31,114,0.034115
31,115,0.011582
31,116,0.089057
31,117,0.032483
31,118,0.071501
31,119,0.169041
31,120,0.147838
31,121,0.144483
31,122,0.139350
31,123,0.168626
31,124,-0.046852
31,125,-0.012253
31,126,0.018801
31,127,-0.051207
31,128,-0.048373
31,129,0.026498
31,130,0.006682
31,131,0.025157
31,132,0.097956
31,133,0.077137
31,134,0.064856
31,135,0.133797
31,136,0.143270
31,137,0.139639
31,138,0.142214
31,139,0.159683
31,140,0.171856
31,141,0.147475
31,142,0.125931
31,143,0.103900
31,144,0.036633
31,145,0.048720
31,146,-0.008733
31,147,0.050578
31,148,0.170533
31,149,0.085760
31,150,0.178319
31,151,0.158099
31,152,0.090115
31,153,0.048445
31,154,0.119482
31,155,0.153192
31,156,0.076988
31,157,0.023189
31,158,0.141727
31,159,0.102047
31,160,0.025901
31,161,0.117444
31,162,0.128016
31,163,0.168955
31,164,0.177482
31,165,0.176845
31,166,0.186314
31,167,0.130945
31,168,0.075389
31,169,0.080463
31,170,0.090910
31,171,0.079002
31,172,0.101021
31,173,0.150329
31,174,0.145214
31,175,0.041886
31,176,0.027902
31,177,0.096816
31,178,0.067529
31,179,0.056612
31,180,0.039435
31,181,0.025208
31,182,-0.069409
31,183,0.011789
31,184,0.053025
31,185,0.081782
31,186,0.135498
31,187,0.121537
31,188,0.108652
31,189,0.126332
31,190,0.094282
32,1,0.019039
32,2,0.001178
32,3,0.065228
32,4,0.081605
32,5,0.128218
32,6,0.154126
32,7,0.153772
32,8,0.232040
32,9,0.159504
32,10,0.115065
32,11,0.078895
32,12,-0.018965
32,13,-0.018683
32,14,-0.025122
32,15,-0.023710
32,16,-0.018782
32,17,-0.009645
32,18,-0.009924
32,19,-0.006610
32,20,0.000150
32,21,-0.032987
32,22,-0.054196
32,23,-0.015586
32,24,0.228089
32,25,0.246132
32,26,0.191116
32,27,0.143003
32,28,0.110664
32,29,0.157723
32,30,0.170582
32,31,0.410396
32,32,1.000000
32,33,0.400750
32,34,0.229416
32,35,0.187998
32,36,0.253330
32,37,0.232830
32,38,0.164668
32,39,0.160043
32,40,0.104899
32,41,0.122120
32,42,0.109128
32,43,0.052139
32,44,-0.065985
32,45,-0.039196
32,46,0.027175
32,47,0.080611
32,48,0.072975
32,49,0.101528
32,50,0.149300
32,51,0.156009
32,52,0.077589
32,53,-0.021000
32,54,-0.086216
32,55,-0.034974
32,56,0.008176
32,57,0.033265
32,58,0.031176
32,59,0.045203
32,60,0.059965
32,61,0.086574
32,62,0.113114
32,63,0.129797
32,64,0.104202
32,65,0.131071
32,66,0.159234
32,67,0.159705
32,68,0.134531
32,69,0.172517
32,70,0.160997
32,71,0.162125
32,72,0.140254
32,73,0.129478
32,74,0.119368
32,75,0.141673
32,76,0.155013
32,77,0.138554
32,78,0.170698
32,79,0.208862
32,80,0.169483
32,81,0.135207
32,82,0.136701
32,83,0.084779
32,84,0.065091
32,85,0.058560
32,86,0.107205
32,87,0.030259
32,88,0.001041
32,89,0.004221
32,90,0.066028
32,91,0.038559
32,92,-0.015106
32,93,0.004391
32,94,0.037750
32,95,0.048413
32,96,0.092913
32,97,0.083586
32,98,0.109218
32,99,0.106143
32,100,0.088542
32,101,0.103046
32,102,0.025935
32,103,0.022601
32,104,0.021633
32,105,-0.073123
32,106,0.031056
32,107,0.102405
32,108,0.115450
32,109,0.096186
32,110,0.139634
32,111,0.142199
32,112,0.042100
32,113,0.130982
32,114,0.102118
32,115,0.098212
32,116,0.011741
32,117,0.007930
32,118,0.066521
32,119,0.194957
32,120,0.169495
32,121,0.163779
32,122,0.133786
32,123,0.187261
32,124,-0.020843
32,125,0.057565
32,126,0.075422
32,127,0.017441
32,128,0.050191
32,129,0.143365
32,130,0.116450
32,131,0.122748
32,132,0.144780
32,133,0.092479
32,134,0.084979
32,135,0.117347
32,136,0.116937
32,137,0.084454
32,138,0.102996
32,139,0.128388
32,140,0.107569
32,141,0.055516
32,142,0.040080
32,143,0.031880
32,144,-0.045764
32,145,0.026243
32,146,-0.085192
32,147,-0.027887
32,148,0.082850
32,149,0.028145
32,150,0.116680
32,151,0.153607
32,152,0.122001
32,153,0.075329
32,154,0.156106
32,155,0.200098
32,156,0.125730
32,157,0.002348
32,158,0.062777
32,159,-0.001734
32,160,-0.025735
32,161,0.061935
32,162,0.073002
32,163,0.080302
32,164,0.099238
32,165,0.141553
32,166,0.140952
32,167,0.109690
32,168,0.087137
32,169,0.096844
32,170,0.091862
32,171,0.111899
32,172,0.073803
32,173,0.099146
32,174,0.038510
32,175,0.015755
32,176,0.034231
32,177,0.072144
32,178,0.033907
32,179,0.074871
32,180,0.064861
32,181,0.055600
32,182,-0.041667
32,183,0.075598
32,184,0.045847
32,185,0.079570
32,186,0.034240
32,187,0.071165
32,188,0.065793
32,189,0.094633
32,190,0.065088
33,1,0.041649
33,2,0.049697
33,3,0.025113
33,4,-0.025252
33,5,-0.020811
33,6,0.045534
33,7,0.086663
33,8,0.075008
33,9,0.031656
33,10,0.023744
33,11,0.033081
33,12,0.097901
33,13,0.084107
33,14,0.059628
33,15,0.027362
33,16,0.005215
33,17,-0.017437
33,18,0.001289
33,19,0.018566
33,20,0.057879
33,21,0.089540
33,22,0.111082
33,23,0.049746
33,24,0.037825
33,25,0.033715
33,26,0.090334
33,27,0.103339
33,28,0.082690
33,29,0.073729
33,30,0.091050
33,31,0.152472
33,32,0.400750
33,33,1.000000
33,34,0.429899
33,35,0.472272
33,36,0.347494
33,37,0.158521
33,38,0.113933
33,39,0.148500
33,40,0.136457
33,41,0.133685
33,42,0.111292
33,43,0.166911
33,44,0.157672
33,45,0.071120
33,46,0.055208
33,47,0.054252
33,48,0.025738
33,49,0.013912
33,50,0.015314
33,51,0.038631
33,52,0.072252
33,53,0.074774
33,54,0.130483
33,55,0.125074
33,56,0.119126
33,57,0.122921
33,58,0.092574
33,59,0.083202
33,60,0.039270
33,61,0.056494
33,62,0.055506
33,63,0.102197
33,64,0.062351
33,65,0.034429
33,66,0.015834
33,67,-0.008800
33,68,-0.010485
33,69,0.012709
33,70,0.019725
33,71,0.018616
33,72,0.026090
33,73,0.002442
33,74,0.036344
33,75,0.061112
33,76,0.012021
33,77,0.063202
33,78,0.076438
33,79,0.054395
33,80,0.046147
33,81,0.001264
33,82,0.003720
33,83,0.000282
33,84,0.083962
33,85,0.097683
33,86,0.111235
33,87,0.080748
33,88,0.090871
33,89,0.072479
33,90,0.056788
33,91,0.116678
33,92,0.097596
33,93,0.119531
33,94,0.131017
33,95,0.140962
33,96,0.198067
33,97,0.134412
33,98,0.174110
33,99,0.216736
33,100,0.039501
33,101,0.056265
33,102,0.080832
33,103,0.079733
33,104,0.182962
33,105,0.196414
33,106,0.155030
33,107,-0.015272
33,108,0.039267
33,109,0.045164
33,110,0.074700
33,111,0.068898
33,112,0.089216
33,113,0.074620
33,114,0.109051
33,115,0.158952
33,116,0.044606
33,117,0.012507
33,118,0.015651
33,119,-0.025809
33,120,-0.009512
33,121,-0.033608
33,122,-0.061490
33,123,0.033726
33,124,0.005714
33,125,0.047080
33,126,0.059948
33,127,0.102103
33,128,0.120840
33,129,0.210128
33,130,0.231139
33,131,0.203698
33,132,0.172916
33,133,0.126830
33,134,0.122786
33,135,0.098822
33,136,0.074285
33,137,0.045299
33,138,0.080419
33,139,0.053752
33,140,0.005837
33,141,0.022675
33,142,0.036960
33,143,0.034348
33,144,-0.003368
33,145,-0.004779
33,146,-0.002413
33,147,-0.010473
33,148,0.012558
33,149,0.009716
33,150,0.035294
33,151,0.098890
33,152,0.079169
33,153,0.005850
33,154,0.050110
33,155,0.065339
33,156,0.008545
33,157,-0.082439
33,158,0.005409
33,159,-0.031064
33,160,0.045546
33,161,0.027839
33,162,0.029520
33,163,0.012156
33,164,0.003774
33,165,0.029607
33,166,0.034462
33,167,0.094140
33,168,0.094958
33,169,0.085181
33,170,0.092715
33,171,0.154708
33,172,0.041651
33,173,-0.054512
33,174,-0.064095
33,175,0.059677
33,176,0.070557
33,177,0.048777
33,178,0.092418
33,179,0.145130
33,180,-0.024200
33,181,-0.014967
33,182,0.021591
33,183,0.015145
33,184,0.093480
33,185,0.071112
33,186,0.077625
33,187,0.076018
33,188,0.053355
33,189,0.022910
33,190,0.036428
34,1,0.088229
34,2,0.055628
34,3,0.071039
34,4,0.086920
34,5,0.106861
34,6,0.150943
34,7,0.179151
34,8,0.154418
34,9,0.088340
34,10,0.075904
34,11,0.072649
34,12,0.119193
34,13,0.175848
34,14,0.157792
34,15,0.142421
34,16,0.140863
34,17,0.130531
34,18,0.126636
34,19,0.154997
34,20,0.166188
34,21,0.180093
34,22,0.098684
34,23,0.110126
34,24,0.138926
34,25,0.139316
34,26,0.191409
34,27,0.159724
34,28,0.170011
34,29,0.173417
34,30,0.155950
34,31,0.200736
34,32,0.229416
34,33,0.429899
34,34,1.000000
34,35,0.714915
34,36,0.523065
34,37,0.388447
34,38,0.344008
34,39,0.354793
34,40,0.270538
34,41,0.218417
34,42,0.286407
34,43,0.249992
34,44,0.201652
34,45,0.110696
34,46,0.127621
34,47,0.115187
34,48,0.088846
34,49,0.125127
34,50,0.155242
34,51,0.129153
34,52,0.134866
34,53,0.147024
34,54,0.139150
34,55,0.156495
34,56,0.143136
34,57,0.140112
34,58,0.117434
34,59,0.152510
34,60,0.156939
34,61,0.159561
34,62,0.143858
34,63,0.107768
34,64,0.103621
34,65,0.191674
34,66,0.184518
34,67,0.126841
34,68,0.102147
34,69,0.177728
34,70,0.153806
34,71,0.166667
34,72,0.155010
34,73,0.117483
34,74,0.112940
34,75,0.096767
34,76,0.148489
34,77,0.120248
34,78,0.058049
34,79,0.070855
34,80,0.099783
34,81,0.055440
34,82,-0.003789
34,83,0.057582
34,84,0.114067
34,85,0.147885
34,86,0.073751
34,87,0.091624
34,88,0.105280
34,89,0.097432
34,90,0.166459
34,91,0.194746
34,92,0.187114
34,93,0.204911
34,94,0.164849
34,95,0.177063
34,96,0.225059
34,97,0.221897
34,98,0.149242
34,99,0.186643
34,100,0.118104
34,101,0.217046
34,102,0.239701
34,103,0.265246
34,104,0.249806
34,105,0.154050
34,106,0.152848
34,107,0.037419
34,108,0.080136
34,109,0.062377
34,110,0.102498
34,111,0.112602
34,112,0.112067
34,113,0.064373
34,114,0.095529
34,115,0.152895
34,116,0.060203
34,117,0.018754
34,118,0.064316
34,119,0.050056
34,120,0.068215
34,121,0.002095
34,122,-0.040555
34,123,0.113292
34,124,0.103285
34,125,0.117753
34,126,0.122422
34,127,0.168220
34,128,0.124260
34,129,0.134881
34,130,0.122304
34,131,0.115806
34,132,0.140038
34,133,0.104031
34,134,0.055556
34,135,0.096194
34,136,0.122338
34,137,0.102472
34,138,0.107735
34,139,0.148738
34,140,0.133020
34,141,0.084312
34,142,0.049940
34,143,0.024372
34,144,-0.000911
34,145,0.014677
34,146,-0.002515
34,147,-0.001327
34,148,0.043729
34,149,0.035895
34,150,0.018870
34,151,0.080104
34,152,0.069319
34,153,0.002164
34,154,0.041864
34,155,0.058474
34,156,0.002309
34,157,-0.036212
34,158,0.047739
34,159,0.019640
34,160,0.039517
34,161,0.093046
34,162,0.109686
34,163,0.115494
34,164,0.111555
34,165,0.139214
34,166,0.141439
34,167,0.186740
34,168,0.149734
34,169,0.147217
34,170,0.133453
34,171,0.140135
34,172,0.107862
34,173,0.084272
34,174,0.046944
34,175,0.055944
34,176,0.021083
34,177,0.056591
34,178,0.093901
34,179,0.106298
34,180,-0.021205
34,181,0.010914
34,182,-0.012212
34,183,0.055996
34,184,0.098082
34,185,0.120650
34,186,0.140913
34,187,0.160255
34,188,0.144000
34,189,0.122814
34,190,0.090936
35,1,0.106544
35,2,0.077769
35,3,0.062858
35,4,0.064112
35,5,0.085471
35,6,0.157216
35,7,0.187080
35,8,0.137253
35,9,0.060493
35,10,0.057738
35,11,0.077298
35,12,0.130434
35,13,0.168183
35,14,0.153157
35,15,0.109376
35,16,0.099212
35,17,0.070218
35,18,0.079805
35,19,0.108284
35,20,0.141336
35,21,0.152872
35,22,0.131976
35,23,0.116561
35,24,0.089369
35,25,0.080344
35,26,0.176324
35,27,0.136615
35,28,0.115787
35,29,0.111843
35,30,0.111836
35,31,0.227703
35,32,0.187998
35,33,0.472272
35,34,0.714915
35,35,1.000000
35,36,0.668947
35,37,0.382266
35,38,0.296500
35,39,0.294141
35,40,0.245476
35,41,0.192446
35,42,0.230019
35,43,0.228320
35,44,0.239800
35,45,0.072270
35,46,0.100847
35,47,0.099405
35,48,0.048077
35,49,0.079411
35,50,0.117353
35,51,0.103013
35,52,0.133262
35,53,0.124292
35,54,0.135392
35,55,0.161269
35,56,0.154926
35,57,0.151140
35,58,0.137901
35,59,0.169044
35,60,0.154254
35,61,0.146434
35,62,0.092109
35,63,0.068287
35,64,0.062124
35,65,0.155753
35,66,0.131376
35,67,0.033967
35,68,0.010205
35,69,0.099723
35,70,0.083120
35,71,0.095159
35,72,0.079789
35,73,0.052296
35,74,0.053510
35,75,0.071467
35,76,0.076880
35,77,0.088269
35,78,0.099450
35,79,0.116791
35,80,0.135101
35,81,0.115110
35,82,0.084796
35,83,0.114455
35,84,0.152301
35,85,0.173488
35,86,0.148071
35,87,0.144563
35,88,0.144977
35,89,0.137981
35,90,0.177708
35,91,0.219000
35,92,0.221078
35,93,0.223397
35,94,0.182158
35,95,0.161464
35,96,0.174606
35,97,0.162795
35,98,0.146545
35,99,0.191819
35,100,0.071429
35,101,0.154471
35,102,0.177684
35,103,0.232258
35,104,0.257858
35,105,0.243743
35,106,0.226335
35,107,0.048641
35,108,0.079097
35,109,0.043112
35,110,0.084436
35,111,0.076634
35,112,0.122445
35,113,0.087479
35,114,0.108122
35,115,0.183178
35,116,0.088514
35,117,0.055721
35,118,0.063774
35,119,0.005048
35,120,0.012387
35,121,0.001198
35,122,-0.036959
35,123,0.064954
35,124,0.078389
35,125,0.115465
35,126,0.091208
35,127,0.112259
35,128,0.087921
35,129,0.141999
35,130,0.147241
35,131,0.128597
35,132,0.132912
35,133,0.079370
35,134,0.046877
35,135,0.093500
35,136,0.082525
35,137,0.074335
35,138,0.084674
35,139,0.110729
35,140,0.096416
35,141,0.070235
35,142,0.045676
35,143,0.013523
35,144,0.004828
35,145,0.021943
35,146,-0.002163
35,147,0.025170
35,148,0.118630
35,149,0.069488
35,150,0.079925
35,151,0.135880
35,152,0.095316
35,153,-0.001002
35,154,0.052030
35,155,0.056209
35,156,-0.009282
35,157,-0.043991
35,158,0.044874
35,159,0.032995
35,160,0.054586
35,161,0.088076
35,162,0.101077
35,163,0.093524
35,164,0.085529
35,165,0.082504
35,166,0.100119
35,167,0.149063
35,168,0.111391
35,169,0.122327
35,170,0.141734
35,171,0.143211
35,172,0.054788
35,173,0.021096
35,174,-0.031873
35,175,-0.006546
35,176,-0.000002
35,177,0.036242
35,178,0.078900
35,179,0.129648
35,180,-0.028141
35,181,0.019408
35,182,-0.017892
35,183,0.036866
35,184,0.107585
35,185,0.133847
35,186,0.172952
35,187,0.150607
35,188,0.117036
35,189,0.074383
35,190,0.089295
36,1,0.090153
36,2,0.040278
36,3,0.045305
36,4,0.067480
36,5,0.133613
36,6,0.213422
36,7,0.229054
36,8,0.171806
36,9,0.057992
36,10,0.076982
36,11,0.071687
36,12,0.089306
36,13,0.151284
36,14,0.136538
36,15,0.118077
36,16,0.106141
36,17,0.083138
36,18,0.082721
36,19,0.094324
36,20,0.121123
36,21,0.146749
36,22,0.089741
36,23,0.133147
36,24,0.160791
36,25,0.161057
36,26,0.220349
36,27,0.222054
36,28,0.210995
36,29,0.217378
36,30,0.201424
36,31,0.198131
36,32,0.253330
36,33,0.347494
36,34,0.523065
36,35,0.668947
36,36,1.000000
36,37,0.497032
36,38,0.378157
36,39,0.279505
36,40,0.200587
36,41,0.154385
36,42,0.193035
36,43,0.180456
36,44,0.170106
36,45,0.047690
36,46,0.117374
36,47,0.121353
36,48,0.109987
36,49,0.124403
36,50,0.183316
36,51,0.173517
36,52,0.162704
36,53,0.156336
36,54,0.103070
36,55,0.144339
36,56,0.154627
36,57,0.130332
36,58,0.149626
36,59,0.177216
36,60,0.146928
36,61,0.140302
36,62,0.085958
36,63,0.048632
36,64,0.074312
36,65,0.222653
36,66,0.227122
36,67,0.117514
36,68,0.071408
36,69,0.186507
36,70,0.144615
36,71,0.165152
36,72,0.133467
36,73,0.137408
36,74,0.117274
36,75,0.142865
36,76,0.153809
36,77,0.128815
36,78,0.120366
36,79,0.111315
36,80,0.125774
36,81,0.108672
36,82,0.061693
36,83,0.059438
36,84,0.089184
36,85,0.118761
36,86,0.093842
36,87,0.114721
36,88,0.126188
36,89,0.106675
36,90,0.170092
36,91,0.168135
36,92,0.164016
36,93,0.218362
36,94,0.186296
36,95,0.165428
36,96,0.115960
36,97,0.094049
36,98,0.093251
36,99,0.121269
36,100,0.165652
36,101,0.233319
36,102,0.221858
36,103,0.216317
36,104,0.158059
36,105,0.094395
36,106,0.118472
36,107,0.035379
36,108,0.084388
36,109,0.067705
36,110,0.137122
36,111,0.180422
36,112,0.126202
36,113,0.167737
36,114,0.176932
36,115,0.218256
36,116,0.097897
36,117,0.072480
36,118,0.075224
36,119,0.067468
36,120,0.128797
36,121,0.136781
36,122,0.082053
36,123,0.156385
36,124,0.153023
36,125,0.197613
36,126,0.142888
36,127,0.130195
36,128,0.159676
36,129,0.203400
36,130,0.130251
36,131,0.160540
36,132,0.192313
36,133,0.102387
36,134,0.075614
36,135,0.140990
36,136,0.141823
36,137,0.088235
36,138,0.096072
36,139,0.179084
36,140,0.162104
36,141,0.098894
36,142,0.048281
36,143,0.018336
36,144,-0.018826
36,145,0.020339
36,146,0.036783
36,147,0.108175
36,148,0.200868
36,149,0.170284
36,150,0.149630
36,151,0.188657
36,152,0.162972
36,153,0.091612
36,154,0.110056
36,155,0.112015
36,156,0.029111
36,157,-0.035708
36,158,-0.029116
36,159,-0.028448
36,160,0.004664
36,161,0.123743
36,162,0.144086
36,163,0.151713
36,164,0.153015
36,165,0.140907
36,166,0.139313
36,167,0.154980
36,168,0.111580
36,169,0.103772
36,170,0.116927
36,171,0.102245
36,172,0.043114
36,173,0.061338
36,174,0.002469
36,175,-0.035496
36,176,-0.042455
36,177,0.011389
36,178,0.030336
36,179,0.050998
36,180,-0.040091
36,181,0.028962
36,182,-0.098340
36,183,-0.004871
36,184,0.012496
36,185,0.104977
36,186,0.192926
36,187,0.191411
36,188,0.143581
36,189,0.083574
36,190,0.087984
37,1,0.088007
37,2,0.068107
37,3,0.101837
37,4,0.123518
37,5,0.170324
37,6,0.207550
37,7,0.203842
37,8,0.184752
37,9,0.089011
37,10,0.106026
37,11,0.089169
37,12,0.089803
37,13,0.134793
37,14,0.110942
37,15,0.083385
37,16,0.092214
37,17,0.075086
37,18,0.070247
37,19,0.066654
37,20,0.080400
37,21,0.099208
37,22,0.061491
37,23,0.128216
37,24,0.148770
37,25,0.156876
37,26,0.195394
37,27,0.227901
37,28,0.221928
37,29,0.228114
37,30,0.216434
37,31,0.161405
37,32,0.232830
37,33,0.158521
37,34,0.388447
37,35,0.382266
37,36,0.497032
37,37,1.000000
37,38,0.671098
37,39,0.427211
37,40,0.294731
37,41,0.193648
37,42,0.215674
37,43,0.079274
37,44,0.042646
37,45,0.046486
37,46,0.139821
37,47,0.147154
37,48,0.134020
37,49,0.146643
37,50,0.200640
37,51,0.183663
37,52,0.153312
37,53,0.139350
37,54,0.051451
37,55,0.045272
37,56,0.076009
37,57,0.109878
37,58,0.215621
37,59,0.214387
37,60,0.192379
37,61,0.192237
37,62,0.162050
37,63,0.085266
37,64,0.101407
37,65,0.218737
37,66,0.234462
37,67,0.174445
37,68,0.124982
37,69,0.192183
37,70,0.135726
37,71,0.164158
37,72,0.111115
37,73,0.155716
37,74,0.069396
37,75,0.077087
37,76,0.168843
37,77,0.111213
37,78,0.127899
37,79,0.171529
37,80,0.199141
37,81,0.188406
37,82,0.139785
37,83,0.096931
37,84,0.067718
37,85,0.090003
37,86,0.054060
37,87,0.081838
37,88,0.092776
37,89,0.092122
37,90,0.205744
37,91,0.228107
37,92,0.226901
37,93,0.276376
37,94,0.245616
37,95,0.202998
37,96,0.112150
37,97,0.071743
37,98,0.059228
37,99,0.094761
37,100,0.208769
37,101,0.263515
37,102,0.263184
37,103,0.229640
37,104,0.177915
37,105,0.076071
37,106,0.091186
37,107,0.101518
37,108,0.090103
37,109,0.062884
37,110,0.117139
37,111,0.159527
37,112,0.003477
37,113,0.029900
37,114,0.049252
37,115,0.039958
37,116,0.024868
37,117,-0.013632
37,118,0.029671
37,119,0.081190
37,120,0.144694
37,121,0.123634
37,122,0.093314
37,123,0.177954
37,124,0.150195
37,125,0.225775
37,126,0.169966
37,127,0.061090
37,128,0.126262
37,129,0.103881
37,130,0.036459
37,131,0.062108
37,132,0.117532
37,133,0.088138
37,134,0.081343
37,135,0.127405
37,136,0.156163
37,137,0.140253
37,138,0.096429
37,139,0.188125
37,140,0.197554
37,141,0.115685
37,142,0.070963
37,143,0.026728
37,144,-0.018186
37,145,0.052612
37,146,0.084880
37,147,0.092181
37,148,0.092737
37,149,0.110328
37,150,0.028014
37,151,0.025896
37,152,-0.009211
37,153,-0.053691
37,154,-0.046859
37,155,-0.008531
37,156,-0.080172
37,157,-0.105535
37,158,0.037045
37,159,0.053332
37,160,0.041821
37,161,0.180808
37,162,0.199498
37,163,0.214938
37,164,0.226320
37,165,0.185138
37,166,0.166926
37,167,0.122902
37,168,0.082718
37,169,0.082338
37,170,0.027588
37,171,0.004204
37,172,0.041977
37,173,0.045697
37,174,-0.012960
37,175,-0.101034
37,176,-0.129056
37,177,-0.078309
37,178,-0.053875
37,179,-0.080507
37,180,-0.065767
37,181,-0.044551
37,182,-0.121545
37,183,-0.022965
37,184,-0.062832
37,185,0.078657
37,186,0.188754
37,187,0.193597
37,188,0.184138
37,189,0.135931
37,190,0.152564
38,1,0.120406
38,2,0.086241
38,3,0.119595
38,4,0.157547
38,5,0.210212
38,6,0.245552
38,7,0.267602
38,8,0.250114
38,9,0.161508
38,10,0.151124
38,11,0.124193
38,12,0.119987
38,13,0.194751
38,14,0.186455
38,15,0.167544
38,16,0.178318
38,17,0.163328
38,18,0.150932
38,19,0.165619
38,20,0.168179
38,21,0.177663
38,22,0.095134
38,23,0.158135
38,24,0.170567
38,25,0.178453
38,26,0.195340
38,27,0.159641
38,28,0.182973
38,29,0.198157
38,30,0.158796
38,31,0.136837
38,32,0.164668
38,33,0.113933
38,34,0.344008
38,35,0.296500
38,36,0.378157
38,37,0.671098
38,38,1.000000
38,39,0.704002
38,40,0.482617
38,41,0.351506
38,42,0.369506
38,43,0.230516
38,44,0.090353
38,45,0.094522
38,46,0.154758
38,47,0.149530
38,48,0.138380
38,49,0.154625
38,50,0.206099
38,51,0.166146
38,52,0.152964
38,53,0.153806
38,54,0.092362
38,55,0.111686
38,56,0.145205
38,57,0.205489
38,58,0.187661
38,59,0.211246
38,60,0.220928
38,61,0.206797
38,62,0.176105
38,63,0.122007
38,64,0.107364
38,65,0.188332
38,66,0.214707
38,67,0.196225
38,68,0.156380
38,69,0.209144
38,70,0.183840
38,71,0.188432
38,72,0.157261
38,73,0.155880
38,74,0.109986
38,75,0.133652
38,76,0.180229
38,77,0.138399
38,78,0.127355
38,79,0.157249
38,80,0.178981
38,81,0.163345
38,82,0.063566
38,83,0.057537
38,84,0.056466
38,85,0.078164
38,86,0.009135
38,87,0.058947
38,88,0.042482
38,89,0.059077
38,90,0.199977
38,91,0.190739
38,92,0.177195
38,93,0.246003
38,94,0.235119
38,95,0.254043
38,96,0.229910
38,97,0.196764
38,98,0.136781
38,99,0.161195
38,100,0.210679
38,101,0.302358
38,102,0.303729
38,103,0.215066
38,104,0.092130
38,105,0.010168
38,106,0.061010
38,107,0.057464
38,108,0.100986
38,109,0.052923
38,110,0.084622
38,111,0.139862
38,112,0.040306
38,113,0.041317
38,114,0.066579
38,115,0.136835
38,116,0.063553
38,117,0.055774
38,118,0.079711
38,119,0.130853
38,120,0.132425
38,121,0.117420
38,122,0.106397
38,123,0.182476
38,124,0.098538
38,125,0.167466
38,126,0.162784
38,127,0.105538
38,128,0.104147
38,129,0.093911
38,130,0.034553
38,131,0.058760
38,132,0.110543
38,133,0.084345
38,134,0.063300
38,135,0.094432
38,136,0.115641
38,137,0.084119
38,138,0.059747
38,139,0.147441
38,140,0.149688
38,141,0.061816
38,142,0.025400
38,143,-0.007020
38,144,0.002275
38,145,0.044352
38,146,0.038541
38,147,0.081087
38,148,0.102990
38,149,0.089227
38,150,0.056110
38,151,0.087591
38,152,0.069527
38,153,0.004718
38,154,0.020959
38,155,0.053565
38,156,-0.014028
38,157,-0.056446
38,158,0.072407
38,159,0.075556
38,160,0.014242
38,161,0.116567
38,162,0.132875
38,163,0.142054
38,164,0.155564
38,165,0.206303
38,166,0.187353
38,167,0.172303
38,168,0.101001
38,169,0.120193
38,170,0.081256
38,171,0.052854
38,172,0.113413
38,173,0.123315
38,174,0.066598
38,175,-0.040965
38,176,-0.046570
38,177,0.033733
38,178,0.045452
38,179,0.010453
38,180,-0.063068
38,181,-0.016980
38,182,-0.054206
38,183,0.011611
38,184,0.054533
38,185,0.145033
38,186,0.182636
38,187,0.208725
38,188,0.208000
38,189,0.193801
38,190,0.167419
39,1,0.175348
39,2,0.096244
39,3,0.131135
39,4,0.204478
39,5,0.291543
39,6,0.334942
39,7,0.378647
39,8,0.331825
39,9,0.238741
39,10,0.214690
39,11,0.146847
39,12,0.180042
39,13,0.307400
39,14,0.307297
39,15,0.295506
39,16,0.294976
39,17,0.286522
39,18,0.264491
39,19,0.304246
39,20,0.309118
39,21,0.303587
39,22,0.135783
39,23,0.206175
39,24,0.271031
39,25,0.267462
39,26,0.237666
39,27,0.150971
39,28,0.197693
39,29,0.213165
39,30,0.134772
39,31,0.178107
39,32,0.160043
39,33,0.148500
39,34,0.354793
39,35,0.294141
39,36,0.279505
39,37,0.427211
39,38,0.704002
39,39,1.000000
39,40,0.782414
39,41,0.634374
39,42,0.569214
39,43,0.359947
39,44,0.137835
39,45,0.135768
39,46,0.199801
39,47,0.205454
39,48,0.200971
39,49,0.242266
39,50,0.295439
39,51,0.249898
39,52,0.227247
39,53,0.212349
39,54,0.142473
39,55,0.226911
39,56,0.293287
39,57,0.340708
39,58,0.245486
39,59,0.284455
39,60,0.320637
39,61,0.262780
39,62,0.247201
39,63,0.177932
39,64,0.135763
39,65,0.155812
39,66,0.209874
39,67,0.274738
39,68,0.255074
39,69,0.266710
39,70,0.252339
39,71,0.264324
39,72,0.254335
39,73,0.260834
39,74,0.230086
39,75,0.210691
39,76,0.301096
39,77,0.236975
39,78,0.152079
39,79,0.201562
39,80,0.249634
39,81,0.179765
39,82,0.047488
39,83,0.091834
39,84,0.109084
39,85,0.147542
39,86,0.047510
39,87,0.076197
39,88,0.032771
39,89,0.116451
39,90,0.253925
39,91,0.236614
39,92,0.216354
39,93,0.299744
39,94,0.302018
39,95,0.356295
39,96,0.397172
39,97,0.381571
39,98,0.289845
39,99,0.297711
39,100,0.244558
39,101,0.421398
39,102,0.398272
39,103,0.310352
39,104,0.171993
39,105,0.024363
39,106,0.113256
39,107,0.069183
39,108,0.183495
39,109,0.107923
39,110,0.142047
39,111,0.120872
39,112,0.111424
39,113,0.109840
39,114,0.151331
39,115,0.230321
39,116,0.110927
39,117,0.117244
39,118,0.147194
39,119,0.161525
39,120,0.126731
39,121,0.110180
39,122,0.089878
39,123,0.247420
39,124,0.097017
39,125,0.133831
39,126,0.174831
39,127,0.158688
39,128,0.089570
39,129,0.121286
39,130,0.050420
39,131,0.103890
39,132,0.160826
39,133,0.112602
39,134,0.040976
39,135,0.098271
39,136,0.122019
39,137,0.080289
39,138,0.063616
39,139,0.140154
39,140,0.138152
39,141,0.051395
39,142,0.007935
39,143,-0.003002
39,144,0.012083
39,145,0.023843
39,146,0.017166
39,147,0.050059
39,148,0.089806
39,149,0.068427
39,150,0.084373
39,151,0.145400
39,152,0.129795
39,153,0.057697
39,154,0.101967
39,155,0.159608
39,156,0.088352
39,157,0.033024
39,158,0.166753
39,159,0.109006
39,160,0.074227
39,161,0.114648
39,162,0.139393
39,163,0.149679
39,164,0.167332
39,165,0.326657
39,166,0.297779
39,167,0.305014
39,168,0.202696
39,169,0.242022
39,170,0.208067
39,171,0.200167
39,172,0.232819
39,173,0.234512
39,174,0.160448
39,175,0.078958
39,176,0.079642
39,177,0.173651
39,178,0.183423
39,179,0.158781
39,180,0.020350
39,181,0.043693
39,182,0.052107
39,183,0.151438
39,184,0.265247
39,185,0.310475
39,186,0.285172
39,187,0.334468
39,188,0.340507
39,189,0.364431
39,190,0.296997
40,1,0.174601
40,2,0.095251
40,3,0.118779
40,4,0.186496
40,5,0.281639
40,6,0.334859
40,7,0.371374
40,8,0.309255
40,9,0.249727
40,10,0.229588
40,11,0.140458
40,12,0.183422
40,13,0.306485
40,14,0.313601
40,15,0.302979
40,16,0.303258
40,17,0.284047
40,18,0.265117
40,19,0.302196
40,20,0.308907
40,21,0.309503
40,22,0.144962
40,23,0.206265
40,24,0.269524
40,25,0.263004
40,26,0.228914
40,27,0.152560
40,28,0.196505
40,29,0.206072
40,30,0.127065
40,31,0.153606
40,32,0.104899
40,33,0.136457
40,34,0.270538
40,35,0.245476
40,36,0.200587
40,37,0.294731
40,38,0.482617
40,39,0.782414
40,40,1.000000
40,41,0.695727
40,42,0.577247
40,43,0.376011
40,44,0.158920
40,45,0.128447
40,46,0.187140
40,47,0.207414
40,48,0.209285
40,49,0.243471
40,50,0.301057
40,51,0.268394
40,52,0.243604
40,53,0.218460
40,54,0.167627
40,55,0.248362
40,56,0.303823
40,57,0.355802
40,58,0.269769
40,59,0.290322
40,60,0.321508
40,61,0.257162
40,62,0.215020
40,63,0.159724
40,64,0.116812
40,65,0.110520
40,66,0.155750
40,67,0.228741
40,68,0.219813
40,69,0.207480
40,70,0.201012
40,71,0.214815
40,72,0.199613
40,73,0.229713
40,74,0.210782
40,75,0.176748
40,76,0.276392
40,77,0.242127
40,78,0.126999
40,79,0.162719
40,80,0.233761
40,81,0.146622
40,82,0.028330
40,83,0.101906
40,84,0.123490
40,85,0.162887
40,86,0.065988
40,87,0.097044
40,88,0.054283
40,89,0.150142
40,90,0.248220
40,91,0.250202
40,92,0.240908
40,93,0.309879
40,94,0.318139
40,95,0.356235
40,96,0.403185
40,97,0.398460
40,98,0.312799
40,99,0.316657
40,100,0.240584
40,101,0.419993
40,102,0.388138
40,103,0.327075
40,104,0.204458
40,105,0.068789
40,106,0.148928
40,107,0.074694
40,108,0.202557
40,109,0.136881
40,110,0.166449
40,111,0.106045
40,112,0.143968
40,113,0.152528
40,114,0.201617
40,115,0.252955
40,116,0.127741
40,117,0.160917
40,118,0.141318
40,119,0.123204
40,120,0.107935
40,121,0.114458
40,122,0.088795
40,123,0.225663
40,124,0.111688
40,125,0.140839
40,126,0.178736
40,127,0.158649
40,128,0.076166
40,129,0.138038
40,130,0.071648
40,131,0.132002
40,132,0.160525
40,133,0.116091
40,134,0.040510
40,135,0.093826
40,136,0.114774
40,137,0.078657
40,138,0.060058
40,139,0.109930
40,140,0.119723
40,141,0.045704
40,142,0.018654
40,143,0.012943
40,144,0.028767
40,145,0.018734
40,146,0.004946
40,147,0.020684
40,148,0.073668
40,149,0.063009
40,150,0.108162
40,151,0.148822
40,152,0.139946
40,153,0.084020
40,154,0.098523
40,155,0.140782
40,156,0.100125
40,157,0.049752
40,158,0.166571
40,159,0.098883
40,160,0.098599
40,161,0.114941
40,162,0.130429
40,163,0.147878
40,164,0.168148
40,165,0.300436
40,166,0.279528
40,167,0.295309
40,168,0.206603
40,169,0.242369
40,170,0.217232
40,171,0.213408
40,172,0.222743
40,173,0.218912
40,174,0.145184
40,175,0.108135
40,176,0.099353
40,177,0.185306
40,178,0.211056
40,179,0.197447
40,180,0.048225
40,181,0.072449
40,182,0.073881
40,183,0.142257
40,184,0.287755
40,185,0.317704
40,186,0.295147
40,187,0.336961
40,188,0.334657
40,189,0.344759
40,190,0.286894
41,1,0.143331
41,2,0.063347
41,3,0.129904
41,4,0.177456
41,5,0.243991
41,6,0.286797
41,7,0.322942
41,8,0.286419
41,9,0.230835
41,10,0.196361
41,11,0.118213
41,12,0.146991
41,13,0.251132
41,14,0.257958
41,15,0.265218
41,16,0.269612
41,17,0.265057
41,18,0.241801
41,19,0.272447
41,20,0.284369
41,21,0.263672
41,22,0.102115
41,23,0.150049
41,24,0.298278
41,25,0.317623
41,26,0.229288
41,27,0.146314
41,28,0.181895
41,29,0.180004
41,30,0.104938
41,31,0.146157
41,32,0.122120
41,33,0.133685
41,34,0.218417
41,35,0.192446
41,36,0.154385
41,37,0.193648
41,38,0.351506
41,39,0.634374
41,40,0.695727
41,41,1.000000
41,42,0.688746
41,43,0.416795
41,44,0.144742
41,45,0.149745
41,46,0.181021
41,47,0.204500
41,48,0.203008
41,49,0.215160
41,50,0.273868
41,51,0.254424
41,52,0.236061
41,53,0.194785
41,54,0.108949
41,55,0.206070
41,56,0.286121
41,57,0.334134
41,58,0.201720
41,59,0.207299
41,60,0.253710
41,61,0.183640
41,62,0.159897
41,63,0.121822
41,64,0.111159
41,65,0.103860
41,66,0.171997
41,67,0.209107
41,68,0.195758
41,69,0.203313
41,70,0.187249
41,71,0.213221
41,72,0.183770
41,73,0.235772
41,74,0.191897
41,75,0.126473
41,76,0.266866
41,77,0.225459
41,78,0.102226
41,79,0.155637
41,80,0.223647
41,81,0.098929
41,82,0.012037
41,83,0.082179
41,84,0.084567
41,85,0.127585
41,86,0.071354
41,87,0.059578
41,88,0.010950
41,89,0.138547
41,90,0.215832
41,91,0.172636
41,92,0.179512
41,93,0.235248
41,94,0.230560
41,95,0.307239
41,96,0.386164
41,97,0.374197
41,98,0.312056
41,99,0.287271
41,100,0.249301
41,101,0.496120
41,102,0.352325
41,103,0.283093
41,104,0.153810
41,105,0.011498
41,106,0.102640
41,107,0.060432
41,108,0.216457
41,109,0.145131
41,110,0.171285
41,111,0.075753
41,112,0.147554
41,113,0.181292
41,114,0.186260
41,115,0.216294
41,116,0.065087
41,117,0.128120
41,118,0.133248
41,119,0.163170
41,120,0.144591
41,121,0.123890
41,122,0.096459
41,123,0.237320
41,124,0.050466
41,125,0.064280
41,126,0.136685
41,127,0.142228
41,128,0.029143
41,129,0.106791
41,130,0.061269
41,131,0.104781
41,132,0.163708
41,133,0.112220
41,134,0.056200
41,135,0.109436
41,136,0.123673
41,137,0.100244
41,138,0.089058
41,139,0.122802
41,140,0.143134
41,141,0.092380
41,142,0.066230
41,143,0.049143
41,144,0.058242
41,145,0.052074
41,146,-0.001216
41,147,0.021131
41,148,0.069881
41,149,0.049414
41,150,0.100886
41,151,0.157455
41,152,0.157657
41,153,0.106838
41,154,0.116797
41,155,0.170739
41,156,0.139300
41,157,0.077556
41,158,0.181541
41,159,0.073767
41,160,0.082321
41,161,0.124265
41,162,0.134988
41,163,0.151700
41,164,0.179344
41,165,0.298560
41,166,0.290782
41,167,0.284935
41,168,0.201908
41,169,0.211802
41,170,0.180693
41,171,0.208653
41,172,0.232329
41,173,0.238323
41,174,0.147101
41,175,0.114183
41,176,0.117398
41,177,0.191590
41,178,0.200695
41,179,0.199571
41,180,0.073044
41,181,0.093976
41,182,0.057706
41,183,0.139738
41,184,0.258943
41,185,0.259090
41,186,0.224100
41,187,0.275383
41,188,0.285170
41,189,0.310362
41,190,0.225579
42,1,0.210600
42,2,0.106697
42,3,0.168428
42,4,0.263103
42,5,0.363703
42,6,0.380803
42,7,0.402439
42,8,0.357492
42,9,0.298813
42,10,0.279218
42,11,0.186589
42,12,0.198002
42,13,0.346576
42,14,0.362083
42,15,0.365173
42,16,0.345703
42,17,0.341410
42,18,0.328225
42,19,0.359414
42,20,0.354848
42,21,0.336249
42,22,0.122898
42,23,0.208054
42,24,0.325056
42,25,0.312541
42,26,0.227249
42,27,0.117893
42,28,0.178436
42,29,0.188409
42,30,0.098972
42,31,0.112051
42,32,0.109128
42,33,0.111292
42,34,0.286407
42,35,0.230019
42,36,0.193035
42,37,0.215674
42,38,0.369506
42,39,0.569214
42,40,0.577247
42,41,0.688746
42,42,1.000000
42,43,0.572905
42,44,0.201217
42,45,0.214596
42,46,0.254113
42,47,0.261102
42,48,0.269767
42,49,0.276103
42,50,0.339176
42,51,0.292554
42,52,0.272032
42,53,0.243094
42,54,0.142605
42,55,0.243384
42,56,0.312606
42,57,0.338332
42,58,0.218897
42,59,0.273365
42,60,0.335958
42,61,0.269243
42,62,0.237948
42,63,0.157853
42,64,0.139546
42,65,0.141532
42,66,0.199492
42,67,0.247803
42,68,0.211039
42,69,0.248191
42,70,0.241810
42,71,0.229569
42,72,0.238172
42,73,0.238876
42,74,0.233337
42,75,0.142525
42,76,0.297780
42,77,0.241872
42,78,0.098269
42,79,0.142688
42,80,0.231661
42,81,0.112674
42,82,0.019290
42,83,0.104035
42,84,0.133759
42,85,0.184158
42,86,0.084730
42,87,0.104647
42,88,0.043125
42,89,0.144935
42,90,0.244897
42,91,0.190302
42,92,0.183206
42,93,0.250144
42,94,0.257072
42,95,0.324174
42,96,0.369048
42,97,0.379655
42,98,0.274794
42,99,0.207600
42,100,0.251320
42,101,0.559524
42,102,0.496074
42,103,0.342103
42,104,0.170905
42,105,0.026570
42,106,0.143570
42,107,0.076634
42,108,0.207822
42,109,0.144866
42,110,0.167918
42,111,0.090677
42,112,0.168425
42,113,0.137705
42,114,0.176779
42,115,0.248160
42,116,0.081556
42,117,0.143674
42,118,0.153571
42,119,0.176896
42,120,0.133632
42,121,0.099239
42,122,0.071996
42,123,0.248007
42,124,0.112494
42,125,0.103778
42,126,0.154088
42,127,0.184505
42,128,0.084684
42,129,0.142313
42,130,0.056210
42,131,0.108136
42,132,0.141361
42,133,0.076223
42,134,0.003451
42,135,0.070437
42,136,0.114931
42,137,0.060827
42,138,0.024345
42,139,0.113421
42,140,0.136481
42,141,0.030005
42,142,-0.027815
42,143,-0.025826
42,144,-0.033245
42,145,-0.032074
42,146,-0.047525
42,147,0.017663
42,148,0.098072
42,149,0.076287
42,150,0.109849
42,151,0.182784
42,152,0.190705
42,153,0.134681
42,154,0.143516
42,155,0.190449
42,156,0.156521
42,157,0.089300
42,158,0.134781
42,159,0.045538
42,160,0.060460
42,161,0.090705
42,162,0.116331
42,163,0.142332
42,164,0.174597
42,165,0.321733
42,166,0.307045
42,167,0.326312
42,168,0.237061
42,169,0.258732
42,170,0.226461
42,171,0.203549
42,172,0.239555
42,173,0.288249
42,174,0.169769
42,175,0.093548
42,176,0.093454
42,177,0.205469
42,178,0.230393
42,179,0.212232
42,180,0.052857
42,181,0.068073
42,182,0.066027
42,183,0.134756
42,184,0.276523
42,185,0.306012
42,186,0.254692
42,187,0.312866
42,188,0.319838
42,189,0.326064
42,190,0.221771
43,1,0.237567
43,2,0.127371
43,3,0.113878
43,4,0.167096
43,5,0.237036
43,6,0.322905
43,7,0.379923
43,8,0.317292
43,9,0.234403
43,10,0.184665
43,11,0.136205
43,12,0.260858
43,13,0.383285
43,14,0.395225
43,15,0.363588
43,16,0.319705
43,17,0.307984
43,18,0.327145
43,19,0.388535
43,20,0.427217
43,21,0.439360
43,22,0.227548
43,23,0.203984
43,24,0.208346
43,25,0.212253
43,26,0.225550
43,27,0.131939
43,28,0.203201
43,29,0.219849
43,30,0.116733
43,31,0.095846
43,32,0.052139
43,33,0.166911
43,34,0.249992
43,35,0.228320
43,36,0.180456
43,37,0.079274
43,38,0.230516
43,39,0.359947
43,40,0.376011
43,41,0.416795
43,42,0.572905
43,43,1.000000
43,44,0.364309
43,45,0.268757
43,46,0.239656
43,47,0.211965
43,48,0.181816
43,49,0.141957
43,50,0.190768
43,51,0.171691
43,52,0.235525
43,53,0.267816
43,54,0.294849
43,55,0.412696
43,56,0.482827
43,57,0.464112
43,58,0.099548
43,59,0.135044
43,60,0.191973
43,61,0.141563
43,62,0.120817
43,63,0.056498
43,64,0.074163
43,65,0.088373
43,66,0.143267
43,67,0.141141
43,68,0.139042
43,69,0.184251
43,70,0.223435
43,71,0.186398
43,72,0.194310
43,73,0.152947
43,74,0.177319
43,75,0.114820
43,76,0.182036
43,77,0.167013
43,78,0.048274
43,79,0.078487
43,80,0.173881
43,81,0.034433
43,82,-0.012114
43,83,0.076745
43,84,0.106563
43,85,0.136575
43,86,0.060565
43,87,0.058884
43,88,-0.020209
43,89,0.068602
43,90,0.105861
43,91,0.055397
43,92,0.067736
43,93,0.111190
43,94,0.116396
43,95,0.214040
43,96,0.319985
43,97,0.348520
43,98,0.289337
43,99,0.197978
43,100,0.162898
43,101,0.406672
43,102,0.360047
43,103,0.195558
43,104,0.061157
43,105,-0.002922
43,106,0.126394
43,107,0.035778
43,108,0.189344
43,109,0.077939
43,110,0.043983
43,111,0.005349
43,112,0.195542
43,113,0.173667
43,114,0.186740
43,115,0.288974
43,116,0.071894
43,117,0.177791
43,118,0.109962
43,119,0.121194
43,120,0.078789
43,121,0.048917
43,122,0.044662
43,123,0.139893
43,124,0.030096
43,125,-0.023074
43,126,0.064446
43,127,0.166451
43,128,0.042467
43,129,0.156806
43,130,0.118894
43,131,0.127964
43,132,0.130922
43,133,0.066866
43,134,-0.016464
43,135,0.050277
43,136,0.098610
43,137,0.000183
43,138,-0.006303
43,139,0.062551
43,140,0.063154
43,141,0.000877
43,142,-0.042366
43,143,-0.055744
43,144,-0.047992
43,145,-0.074710
43,146,-0.032342
43,147,0.005137
43,148,0.109260
43,149,0.074620
43,150,0.170111
43,151,0.213327
43,152,0.199793
43,153,0.141303
43,154,0.133893
43,155,0.156417
43,156,0.115316
43,157,0.083816
43,158,0.073924
43,159,-0.012540
43,160,0.027328
43,161,0.027965
43,162,0.056921
43,163,0.068857
43,164,0.081244
43,165,0.180095
43,166,0.175136
43,167,0.223886
43,168,0.148331
43,169,0.189951
43,170,0.194906
43,171,0.176541
43,172,0.169978
43,173,0.236501
43,174,0.185609
43,175,0.154246
43,176,0.158061
43,177,0.254925
43,178,0.280127
43,179,0.237245
43,180,0.025431
43,181,0.047150
43,182,0.083964
43,183,0.070651
43,184,0.280856
43,185,0.279433
43,186,0.226171
43,187,0.242576
43,188,0.218983
43,189,0.238768
43,190,0.190545
44,1,0.195219
44,2,0.158832
44,3,0.100268
44,4,0.090313
44,5,0.135784
44,6,0.210693
44,7,0.253276
44,8,0.156709
44,9,0.106863
44,10,0.105597
44,11,0.130187
44,12,0.259877
44,13,0.316245
44,14,0.288972
44,15,0.257773
44,16,0.195714
44,17,0.136451
44,18,0.161816
44,19,0.189425
44,20,0.247922
44,21,0.361839
44,22,0.324441
44,23,0.293508
44,24,0.078417
44,25,0.057870
44,26,0.115436
44,27,0.112490
44,28,0.118329
44,29,0.098996
44,30,0.060836
44,31,-0.001405
44,32,-0.065985
44,33,0.157672
44,34,0.201652
44,35,0.239800
44,36,0.170106
44,37,0.042646
44,38,0.090353
44,39,0.137835
44,40,0.158920
44,41,0.144742
44,42,0.201217
44,43,0.364309
44,44,1.000000
44,45,0.568432
44,46,0.430860
44,47,0.329834
44,48,0.222243
44,49,0.086704
44,50,0.126627
44,51,0.143423
44,52,0.334008
44,53,0.462255
44,54,0.510695
44,55,0.418747
44,56,0.338202
44,57,0.285465
44,58,0.130462
44,59,0.185756
44,60,0.190354
44,61,0.143889
44,62,0.056848
44,63,-0.005375
44,64,-0.003163
44,65,0.125283
44,66,0.108655
44,67,0.024039
44,68,0.015454
44,69,0.064935
44,70,0.072372
44,71,0.119180
44,72,0.087125
44,73,0.107094
44,74,0.117947
44,75,0.078160
44,76,0.113072
44,77,0.139149
44,78,0.057099
44,79,0.047899
44,80,0.124010
44,81,0.055895
44,82,-0.005087
44,83,0.108158
44,84,0.161355
44,85,0.163716
44,86,0.123190
44,87,0.155118
44,88,0.133895
44,89,0.136847
44,90,0.139296
44,91,0.149427
44,92,0.189372
44,93,0.197403
44,94,0.156727
44,95,0.164093
44,96,0.208186
44,97,0.213500
44,98,0.179126
44,99,0.177638
44,100,0.090782
44,101,0.213216
44,102,0.249299
44,103,0.202239
44,104,0.131677
44,105,0.165675
44,106,0.163987
44,107,0.086631
44,108,0.167384
44,109,0.145452
44,110,0.142151
44,111,0.103113
44,112,0.203290
44,113,0.116734
44,114,0.159328
44,115,0.266327
44,116,0.148022
44,117,0.144764
44,118,0.096199
44,119,-0.001071
44,120,0.044923
44,121,0.020158
44,122,-0.021022
44,123,0.058262
44,124,0.182665
44,125,0.137977
44,126,0.169661
44,127,0.191504
44,128,0.126787
44,129,0.194805
44,130,0.153207
44,131,0.172362
44,132,0.158929
44,133,0.077399
44,134,0.041169
44,135,0.095050
44,136,0.116365
44,137,0.043587
44,138,0.056841
44,139,0.105041
44,140,0.089419
44,141,0.032405
44,142,-0.006159
44,143,-0.030937
44,144,-0.043223
44,145,-0.080518
44,146,0.064821
44,147,0.059311
44,148,0.075503
44,149,0.049012
44,150,0.106665
44,151,0.139296
44,152,0.121410
44,153,0.097053
44,154,0.090226
44,155,0.062125
44,156,0.014970
44,157,0.002856
44,158,-0.018771
44,159,-0.018595
44,160,0.065238
44,161,0.072667
44,162,0.086084
44,163,0.096317
44,164,0.084688
44,165,0.084256
44,166,0.090520
44,167,0.123963
44,168,0.102958
44,169,0.124562
44,170,0.116306
44,171,0.093812
44,172,0.046785
44,173,0.100261
44,174,0.055783
44,175,0.050349
44,176,0.033930
44,177,0.077456
44,178,0.133077
44,179,0.129462
44,180,-0.008370
44,181,0.056932
44,182,0.075552
44,183,0.053265
44,184,0.192409
44,185,0.209500
44,186,0.192542
44,187,0.186987
44,188,0.146277
44,189,0.106750
44,190,0.120556
45,1,0.190053
45,2,0.145786
45,3,0.150294
45,4,0.135034
45,5,0.179606
45,6,0.222354
45,7,0.248555
45,8,0.172365
45,9,0.181165
45,10,0.165253
45,11,0.142001
45,12,0.261919
45,13,0.302315
45,14,0.289704
45,15,0.267752
45,16,0.194855
45,17,0.162098
45,18,0.168370
45,19,0.222050
45,20,0.286993
45,21,0.360358
45,22,0.286927
45,23,0.305728
45,24,0.181264
45,25,0.165722
45,26,0.126499
45,27,0.083284
45,28,0.114579
45,29,0.116871
45,30,0.068325
45,31,-0.000315
45,32,-0.039196
45,33,0.071120
45,34,0.110696
45,35,0.072270
45,36,0.047690
45,37,0.046486
45,38,0.094522
45,39,0.135768
45,40,0.128447
45,41,0.149745
45,42,0.214596
45,43,0.268757
45,44,0.568432
45,45,1.000000
45,46,0.703912
45,47,0.498954
45,48,0.363382
45,49,0.193882
45,50,0.217307
45,51,0.234246
45,52,0.370553
45,53,0.538519
45,54,0.384132
45,55,0.277631
45,56,0.261734
45,57,0.281454
45,58,0.132717
45,59,0.169225
45,60,0.186922
45,61,0.130247
45,62,0.107039
45,63,0.042176
45,64,0.034902
45,65,0.100518
45,66,0.109458
45,67,0.091979
45,68,0.086474
45,69,0.105132
45,70,0.116563
45,71,0.166670
45,72,0.125488
45,73,0.154181
45,74,0.161137
45,75,0.083809
45,76,0.168646
45,77,0.169019
45,78,0.071542
45,79,0.097598
45,80,0.170280
45,81,0.078215
45,82,0.033783
45,83,0.102363
45,84,0.091353
45,85,0.111155
45,86,0.064044
45,87,0.081288
45,88,0.034927
45,89,0.094844
45,90,0.131080
45,91,0.101652
45,92,0.116904
45,93,0.171782
45,94,0.142767
45,95,0.159529
45,96,0.179963
45,97,0.190941
45,98,0.150799
45,99,0.140599
45,100,0.109019
45,101,0.222771
45,102,0.209204
45,103,0.153089
45,104,0.072042
45,105,0.048950
45,106,0.129535
45,107,0.106370
45,108,0.182587
45,109,0.143500
45,110,0.135223
45,111,0.085197
45,112,0.143315
45,113,0.099925
45,114,0.113026
45,115,0.195912
45,116,0.044279
45,117,0.129387
45,118,0.099405
45,119,0.110090
45,120,0.113627
45,121,0.098486
45,122,0.076915
45,123,0.102035
45,124,0.147810
45,125,0.109404
45,126,0.147769
45,127,0.137725
45,128,0.072635
45,129,0.120014
45,130,0.059211
45,131,0.095809
45,132,0.113382
45,133,0.050980
45,134,0.038197
45,135,0.082942
45,136,0.121290
45,137,0.057817
45,138,0.055895
45,139,0.109173
45,140,0.112975
45,141,0.053831
45,142,0.024482
45,143,0.010916
45,144,-0.006886
45,145,-0.019942
45,146,-0.004173
45,147,-0.001612
45,148,0.040996
45,149,0.013384
45,150,0.087198
45,151,0.137278
45,152,0.132345
45,153,0.094045
45,154,0.116358
45,155,0.113085
45,156,0.096053
45,157,0.081069
45,158,0.050487
45,159,0.017178
45,160,0.072414
45,161,0.082488
45,162,0.088510
45,163,0.103135
45,164,0.098130
45,165,0.112541
45,166,0.115820
45,167,0.156480
45,168,0.126691
45,169,0.159494
45,170,0.137838
45,171,0.106278
45,172,0.078938
45,173,0.151451
45,174,0.115440
45,175,0.096625
45,176,0.079147
45,177,0.118479
45,178,0.139217
45,179,0.129754
45,180,0.049581
45,181,0.076699
45,182,0.058905
45,183,0.067978
45,184,0.188588
45,185,0.188669
45,186,0.171477
45,187,0.178761
45,188,0.146373
45,189,0.131962
45,190,0.117486
46,1,0.208498
46,2,0.150203
46,3,0.199722
46,4,0.213998
46,5,0.278541
46,6,0.309314
46,7,0.326855
46,8,0.243263
46,9,0.250712
46,10,0.252494
46,11,0.223745
46,12,0.273548
46,13,0.348860
46,14,0.323789
46,15,0.319001
46,16,0.259135
46,17,0.195791
46,18,0.196762
46,19,0.228998
46,20,0.293732
46,21,0.366069
46,22,0.282083
46,23,0.387967
46,24,0.284353
46,25,0.231871
46,26,0.170854
46,27,0.115234
46,28,0.140330
46,29,0.149144
46,30,0.091650
46,31,0.028134
46,32,0.027175
46,33,0.055208
46,34,0.127621
46,35,0.100847
46,36,0.117374
46,37,0.139821
46,38,0.154758
46,39,0.199801
46,40,0.187140
46,41,0.181021
46,42,0.254113
46,43,0.239656
46,44,0.430860
46,45,0.703912
46,46,1.000000
46,47,0.778660
46,48,0.610874
46,49,0.330587
46,50,0.384909
46,51,0.438278
46,52,0.571105
46,53,0.640396
46,54,0.350232
46,55,0.249337
46,56,0.278587
46,57,0.290102
46,58,0.173228
46,59,0.234357
46,60,0.259391
46,61,0.231377
46,62,0.139416
46,63,0.047281
46,64,0.054017
46,65,0.173320
46,66,0.182876
46,67,0.178622
46,68,0.161338
46,69,0.177603
46,70,0.176705
46,71,0.223037
46,72,0.157770
46,73,0.224943
46,74,0.203346
46,75,0.144144
46,76,0.264281
46,77,0.248276
46,78,0.139919
46,79,0.174475
46,80,0.253963
46,81,0.160994
46,82,0.095125
46,83,0.170214
46,84,0.159347
46,85,0.187113
46,86,0.111451
46,87,0.126496
46,88,0.083093
46,89,0.125565
46,90,0.193917
46,91,0.169570
46,92,0.186701
46,93,0.245833
46,94,0.209926
46,95,0.221583
46,96,0.224372
46,97,0.249852
46,98,0.183367
46,99,0.178180
46,100,0.175986
46,101,0.308845
46,102,0.303908
46,103,0.230075
46,104,0.149349
46,105,0.079287
46,106,0.171901
46,107,0.172723
46,108,0.219225
46,109,0.197451
46,110,0.224249
46,111,0.174700
46,112,0.154226
46,113,0.134572
46,114,0.180249
46,115,0.226801
46,116,0.114731
46,117,0.136102
46,118,0.145730
46,119,0.137699
46,120,0.178156
46,121,0.151077
46,122,0.101817
46,123,0.205820
46,124,0.232902
46,125,0.212223
46,126,0.259584
46,127,0.188105
46,128,0.148667
46,129,0.181513
46,130,0.061047
46,131,0.127877
46,132,0.150792
46,133,0.061042
46,134,0.053436
46,135,0.125945
46,136,0.166269
46,137,0.103986
46,138,0.090378
46,139,0.180557
46,140,0.174422
46,141,0.077977
46,142,0.036674
46,143,0.034383
46,144,0.003769
46,145,0.015731
46,146,0.013094
46,147,0.042007
46,148,0.073794
46,149,0.049993
46,150,0.109573
46,151,0.133120
46,152,0.121510
46,153,0.105361
46,154,0.113639
46,155,0.110838
46,156,0.090430
46,157,0.080480
46,158,0.095642
46,159,0.069500
46,160,0.134424
46,161,0.151790
46,162,0.174021
46,163,0.195355
46,164,0.199384
46,165,0.209619
46,166,0.188596
46,167,0.216792
46,168,0.159047
46,169,0.200010
46,170,0.163235
46,171,0.116121
46,172,0.119871
46,173,0.171086
46,174,0.110795
46,175,0.042271
46,176,0.019761
46,177,0.089859
46,178,0.124687
46,179,0.114977
46,180,0.073042
46,181,0.096520
46,182,0.030470
46,183,0.092277
46,184,0.205181
46,185,0.234374
46,186,0.237267
46,187,0.255055
46,188,0.217672
46,189,0.187791
46,190,0.159504
47,1,0.140061
47,2,0.089624
47,3,0.196648
47,4,0.248000
47,5,0.342451
47,6,0.363581
47,7,0.364127
47,8,0.293484
47,9,0.346284
47,10,0.337542
47,11,0.259823
47,12,0.191749
47,13,0.266554
47,14,0.256236
47,15,0.272383
47,16,0.236065
47,17,0.187305
47,18,0.178386
47,19,0.212908
47,20,0.249758
47,21,0.283929
47,22,0.190631
47,23,0.337810
47,24,0.405054
47,25,0.319546
47,26,0.203126
47,27,0.133398
47,28,0.135405
47,29,0.143355
47,30,0.088322
47,31,0.063315
47,32,0.080611
47,33,0.054252
47,34,0.115187
47,35,0.099405
47,36,0.121353
47,37,0.147154
47,38,0.149530
47,39,0.205454
47,40,0.207414
47,41,0.204500
47,42,0.261102
47,43,0.211965
47,44,0.329834
47,45,0.498954
47,46,0.778660
47,47,1.000000
47,48,0.833634
47,49,0.481224
47,50,0.538974
47,51,0.624681
47,52,0.669780
47,53,0.541879
47,54,0.275780
47,55,0.190254
47,56,0.235671
47,57,0.249587
47,58,0.195589
47,59,0.250803
47,60,0.274099
47,61,0.256494
47,62,0.150735
47,63,0.069279
47,64,0.072105
47,65,0.169199
47,66,0.169432
47,67,0.159974
47,68,0.141460
47,69,0.172136
47,70,0.165982
47,71,0.204014
47,72,0.152278
47,73,0.233611
47,74,0.218782
47,75,0.160478
47,76,0.280977
47,77,0.266081
47,78,0.156662
47,79,0.200964
47,80,0.278839
47,81,0.183149
47,82,0.123502
47,83,0.212616
47,84,0.178468
47,85,0.204454
47,86,0.128189
47,87,0.132900
47,88,0.087645
47,89,0.146065
47,90,0.214104
47,91,0.188328
47,92,0.208767
47,93,0.247128
47,94,0.214157
47,95,0.231727
47,96,0.221727
47,97,0.246024
47,98,0.193194
47,99,0.153982
47,100,0.182544
47,101,0.317650
47,102,0.306851
47,103,0.245334
47,104,0.165144
47,105,0.083264
47,106,0.193299
47,107,0.216336
47,108,0.247140
47,109,0.217369
47,110,0.268581
47,111,0.214383
47,112,0.171323
47,113,0.163409
47,114,0.204520
47,115,0.238605
47,116,0.142167
47,117,0.160356
47,118,0.172590
47,119,0.158891
47,120,0.211045
47,121,0.190945
47,122,0.125194
47,123,0.245003
47,124,0.269171
47,125,0.239943
47,126,0.290879
47,127,0.193523
47,128,0.154330
47,129,0.182665
47,130,0.059667
47,131,0.134536
47,132,0.153253
47,133,0.057955
47,134,0.050719
47,135,0.119663
47,136,0.147340
47,137,0.116117
47,138,0.090649
47,139,0.162985
47,140,0.172809
47,141,0.092058
47,142,0.057580
47,143,0.060962
47,144,0.012056
47,145,0.005087
47,146,0.010191
47,147,0.031750
47,148,0.061418
47,149,0.023034
47,150,0.103322
47,151,0.120529
47,152,0.107776
47,153,0.111162
47,154,0.119503
47,155,0.122661
47,156,0.105516
47,157,0.087509
47,158,0.136393
47,159,0.100220
47,160,0.157162
47,161,0.177910
47,162,0.196221
47,163,0.215460
47,164,0.236228
47,165,0.251077
47,166,0.230308
47,167,0.232208
47,168,0.159346
47,169,0.202160
47,170,0.154481
47,171,0.104466
47,172,0.131095
47,173,0.185847
47,174,0.105581
47,175,0.035492
47,176,0.011341
47,177,0.089153
47,178,0.116254
47,179,0.108611
47,180,0.082388
47,181,0.106200
47,182,0.007829
47,183,0.093804
47,184,0.198631
47,185,0.241080
47,186,0.252527
47,187,0.276950
47,188,0.246198
47,189,0.213027
47,190,0.186039
48,1,0.115595
48,2,0.067450
48,3,0.218147
48,4,0.306431
48,5,0.399835
48,6,0.388031
48,7,0.377930
48,8,0.330218
48,9,0.391568
48,10,0.395256
48,11,0.289353
48,12,0.147175
48,13,0.233789
48,14,0.230918
48,15,0.266148
48,16,0.247397
48,17,0.208702
48,18,0.188536
48,19,0.211952
48,20,0.224019
48,21,0.239704
48,22,0.137260
48,23,0.300188
48,24,0.484946
48,25,0.384037
48,26,0.244180
48,27,0.163147
48,28,0.161146
48,29,0.163883
48,30,0.108827
48,31,0.074984
48,32,0.072975
48,33,0.025738
48,34,0.088846
48,35,0.048077
48,36,0.109987
48,37,0.134020
48,38,0.138380
48,39,0.200971
48,40,0.209285
48,41,0.203008
48,42,0.269767
48,43,0.181816
48,44,0.222243
48,45,0.363382
48,46,0.610874
48,47,0.833634
48,48,1.000000
48,49,0.617428
48,50,0.652314
48,51,0.715905
48,52,0.595750
48,53,0.426594
48,54,0.191180
48,55,0.153346
48,56,0.198195
48,57,0.210626
48,58,0.197790
48,59,0.248799
48,60,0.274051
48,61,0.270293
48,62,0.166299
48,63,0.086733
48,64,0.085741
48,65,0.176069
48,66,0.177743
48,67,0.174183
48,68,0.154041
48,69,0.190370
48,70,0.176599
48,71,0.214426
48,72,0.155782
48,73,0.248428
48,74,0.228997
48,75,0.169567
48,76,0.295185
48,77,0.273935
48,78,0.152909
48,79,0.191917
48,80,0.266819
48,81,0.165909
48,82,0.120785
48,83,0.213229
48,84,0.186644
48,85,0.205940
48,86,0.132284
48,87,0.137721
48,88,0.077705
48,89,0.152712
48,90,0.212207
48,91,0.181207
48,92,0.193970
48,93,0.241641
48,94,0.213389
48,95,0.232504
48,96,0.228647
48,97,0.255056
48,98,0.188281
48,99,0.140795
48,100,0.199062
48,101,0.343111
48,102,0.320295
48,103,0.249764
48,104,0.153123
48,105,0.050954
48,106,0.179781
48,107,0.191856
48,108,0.235078
48,109,0.217870
48,110,0.280735
48,111,0.233014
48,112,0.169060
48,113,0.183747
48,114,0.218946
48,115,0.229008
48,116,0.129977
48,117,0.158757
48,118,0.176644
48,119,0.164668
48,120,0.226328
48,121,0.211178
48,122,0.138012
48,123,0.266104
48,124,0.276862
48,125,0.230999
48,126,0.289101
48,127,0.186582
48,128,0.164028
48,129,0.189086
48,130,0.050231
48,131,0.130739
48,132,0.145695
48,133,0.062575
48,134,0.059924
48,135,0.123265
48,136,0.145170
48,137,0.133226
48,138,0.097297
48,139,0.169357
48,140,0.187834
48,141,0.083234
48,142,0.048365
48,143,0.072265
48,144,0.024648
48,145,0.009405
48,146,-0.018624
48,147,0.026491
48,148,0.073842
48,149,0.040258
48,150,0.103453
48,151,0.121221
48,152,0.123702
48,153,0.133854
48,154,0.139474
48,155,0.148654
48,156,0.145892
48,157,0.114644
48,158,0.138371
48,159,0.113230
48,160,0.164382
48,161,0.188490
48,162,0.219741
48,163,0.238201
48,164,0.252706
48,165,0.284009
48,166,0.253463
48,167,0.244381
48,168,0.182494
48,169,0.210908
48,170,0.162498
48,171,0.107833
48,172,0.147930
48,173,0.196871
48,174,0.112702
48,175,0.030822
48,176,0.014619
48,177,0.091150
48,178,0.111973
48,179,0.104845
48,180,0.098847
48,181,0.114228
48,182,0.009062
48,183,0.101061
48,184,0.172989
48,185,0.213693
48,186,0.234024
48,187,0.267462
48,188,0.254732
48,189,0.225175
48,190,0.184954
49,1,0.084110
49,2,0.065826
49,3,0.260020
49,4,0.365261
49,5,0.458691
49,6,0.418722
49,7,0.394759
49,8,0.387058
49,9,0.460567
49,10,0.455474
49,11,0.314054
49,12,0.112766
49,13,0.186545
49,14,0.195086
49,15,0.231554
49,16,0.235104
49,17,0.222225
49,18,0.191858
49,19,0.218160
49,20,0.209715
49,21,0.198413
49,22,0.083203
49,23,0.206451
49,24,0.616997
49,25,0.480438
49,26,0.338475
49,27,0.247549
49,28,0.236531
49,29,0.226202
49,30,0.174910
49,31,0.148760
49,32,0.101528
49,33,0.013912
49,34,0.125127
49,35,0.079411
49,36,0.124403
49,37,0.146643
49,38,0.154625
49,39,0.242266
49,40,0.243471
49,41,0.215160
49,42,0.276103
49,43,0.141957
49,44,0.086704
49,45,0.193882
49,46,0.330587
49,47,0.481224
49,48,0.617428
49,49,1.000000
49,50,0.795912
49,51,0.716204
49,52,0.406502
49,53,0.240614
49,54,0.099904
49,55,0.131590
49,56,0.183391
49,57,0.178537
49,58,0.216171
49,59,0.264700
49,60,0.301785
49,61,0.282294
49,62,0.220455
49,63,0.140553
49,64,0.129816
49,65,0.173155
49,66,0.171866
49,67,0.175779
49,68,0.160710
49,69,0.183783
49,70,0.177084
49,71,0.187517
49,72,0.151691
49,73,0.232137
49,74,0.224694
49,75,0.176039
49,76,0.262009
49,77,0.251317
49,78,0.138302
49,79,0.154110
49,80,0.219751
49,81,0.151510
49,82,0.076586
49,83,0.190516
49,84,0.173672
49,85,0.214347
49,86,0.123068
49,87,0.142434
49,88,0.100742
49,89,0.172348
49,90,0.241831
49,91,0.214956
49,92,0.204434
49,93,0.237579
49,94,0.203312
49,95,0.226622
49,96,0.234383
49,97,0.261184
49,98,0.184487
49,99,0.116557
49,100,0.190742
49,101,0.333076
49,102,0.312187
49,103,0.275229
49,104,0.174526
49,105,0.039619
49,106,0.161532
49,107,0.165342
49,108,0.197630
49,109,0.189976
49,110,0.253380
49,111,0.224326
49,112,0.121281
49,113,0.165250
49,114,0.189729
49,115,0.184083
49,116,0.123403
49,117,0.132793
49,118,0.168881
49,119,0.172247
49,120,0.237802
49,121,0.216905
49,122,0.137094
49,123,0.284300
49,124,0.245044
49,125,0.205991
49,126,0.263982
49,127,0.149610
49,128,0.142118
49,129,0.141605
49,130,0.043065
49,131,0.116557
49,132,0.121792
49,133,0.089636
49,134,0.077762
49,135,0.136696
49,136,0.165723
49,137,0.146948
49,138,0.090930
49,139,0.167626
49,140,0.205481
49,141,0.084759
49,142,0.045903
49,143,0.083024
49,144,0.035231
49,145,0.023369
49,146,-0.032832
49,147,-0.001009
49,148,0.049682
49,149,0.061077
49,150,0.084210
49,151,0.107213
49,152,0.105204
49,153,0.117412
49,154,0.134685
49,155,0.157474
49,156,0.166511
49,157,0.121655
49,158,0.156640
49,159,0.110002
49,160,0.134702
49,161,0.162943
49,162,0.189326
49,163,0.227065
49,164,0.265022
49,165,0.333913
49,166,0.312052
49,167,0.282204
49,168,0.214594
49,169,0.223005
49,170,0.180291
49,171,0.102574
49,172,0.155933
49,173,0.213231
49,174,0.126908
49,175,0.009960
49,176,-0.000299
49,177,0.085936
49,178,0.104559
49,179,0.092622
49,180,0.078144
49,181,0.077740
49,182,0.002252
49,183,0.103696
49,184,0.165354
49,185,0.216756
49,186,0.229255
49,187,0.267913
49,188,0.269717
49,189,0.250582
49,190,0.186912
50,1,0.159715
50,2,0.117357
50,3,0.333398
50,4,0.470560
50,5,0.593952
50,6,0.550563
50,7,0.524365
50,8,0.508603
50,9,0.591076
50,10,0.597599
50,11,0.437704
50,12,0.180856
50,13,0.275939
50,14,0.284061
50,15,0.317730
50,16,0.314628
50,17,0.302133
50,18,0.269319
50,19,0.307364
50,20,0.299574
50,21,0.273009
50,22,0.137115
50,23,0.331250
50,24,0.752589
50,25,0.603066
50,26,0.393651
50,27,0.274995
50,28,0.254083
50,29,0.257252
50,30,0.190291
50,31,0.197614
50,32,0.149300
50,33,0.015314
50,34,0.155242
50,35,0.117353
50,36,0.183316
50,37,0.200640
50,38,0.206099
50,39,0.295439
50,40,0.301057
50,41,0.273868
50,42,0.339176
50,43,0.190768
50,44,0.126627
50,45,0.217307
50,46,0.384909
50,47,0.538974
50,48,0.652314
50,49,0.795912
50,50,1.000000
50,51,0.891056
50,52,0.562147
50,53,0.340201
50,54,0.147353
50,55,0.175521
50,56,0.249467
50,57,0.233865
50,58,0.277963
50,59,0.347490
50,60,0.395588
50,61,0.386531
50,62,0.294147
50,63,0.189914
50,64,0.186809
50,65,0.238283
50,66,0.243489
50,67,0.253801
50,68,0.218085
50,69,0.258418
50,70,0.241958
50,71,0.251406
50,72,0.208505
50,73,0.300369
50,74,0.280673
50,75,0.221711
50,76,0.336181
50,77,0.311157
50,78,0.165660
50,79,0.183952
50,80,0.285453
50,81,0.188229
50,82,0.089925
50,83,0.226463
50,84,0.200566
50,85,0.253149
50,86,0.153996
50,87,0.186251
50,88,0.131307
50,89,0.229248
50,90,0.324724
50,91,0.264277
50,92,0.255657
50,93,0.299891
50,94,0.275650
50,95,0.319673
50,96,0.311078
50,97,0.350515
50,98,0.249104
50,99,0.146933
50,100,0.256802
50,101,0.417454
50,102,0.391554
50,103,0.334919
50,104,0.200214
50,105,0.031250
50,106,0.187760
50,107,0.194344
50,108,0.241698
50,109,0.240859
50,110,0.329160
50,111,0.283807
50,112,0.168595
50,113,0.223184
50,114,0.266183
50,115,0.260626
50,116,0.175462
50,117,0.182874
50,118,0.212520
50,119,0.248914
50,120,0.306769
50,121,0.293649
50,122,0.210045
50,123,0.377157
50,124,0.305103
50,125,0.278407
50,126,0.326882
50,127,0.194042
50,128,0.164066
50,129,0.169088
50,130,0.038719
50,131,0.145473
50,132,0.177240
50,133,0.105157
50,134,0.096285
50,135,0.191733
50,136,0.220111
50,137,0.186401
50,138,0.131359
50,139,0.238607
50,140,0.276707
50,141,0.114258
50,142,0.056875
50,143,0.091070
50,144,0.041244
50,145,0.027790
50,146,-0.046192
50,147,0.012236
50,148,0.099920
50,149,0.097955
50,150,0.137074
50,151,0.162870
50,152,0.161164
50,153,0.163041
50,154,0.172163
50,155,0.209235
50,156,0.208781
50,157,0.144561
50,158,0.197224
50,159,0.135596
50,160,0.148653
50,161,0.212710
50,162,0.246905
50,163,0.289847
50,164,0.332717
50,165,0.431423
50,166,0.385698
50,167,0.356172
50,168,0.253812
50,169,0.264936
50,170,0.208617
50,171,0.115923
50,172,0.195313
50,173,0.286133
50,174,0.166628
50,175,0.018507
50,176,0.002966
50,177,0.115151
50,178,0.127432
50,179,0.115373
50,180,0.098111
50,181,0.116535
50,182,-0.001888
50,183,0.113085
50,184,0.213132
50,185,0.287314
50,186,0.305656
50,187,0.361229
50,188,0.363731
50,189,0.338270
50,190,0.252156
51,1,0.137976
51,2,0.100915
51,3,0.304704
51,4,0.423115
51,5,0.532488
51,6,0.505336
51,7,0.484789
51,8,0.464413
51,9,0.560580
51,10,0.549890
51,11,0.411826
51,12,0.171055
51,13,0.246269
51,14,0.248170
51,15,0.278421
51,16,0.274528
51,17,0.248428
51,18,0.227136
51,19,0.257311
51,20,0.258908
51,21,0.243100
51,22,0.147667
51,23,0.335534
51,24,0.721128
51,25,0.566740
51,26,0.371119
51,27,0.253408
51,28,0.222037
51,29,0.219900
51,30,0.163751
51,31,0.179672
51,32,0.156009
51,33,0.038631
51,34,0.129153
51,35,0.103013
51,36,0.173517
51,37,0.183663
51,38,0.166146
51,39,0.249898
51,40,0.268394
51,41,0.254424
51,42,0.292554
51,43,0.171691
51,44,0.143423
51,45,0.234246
51,46,0.438278
51,47,0.624681
51,48,0.715905
51,49,0.716204
51,50,0.891056
51,51,1.000000
51,52,0.658503
51,53,0.392962
51,54,0.170227
51,55,0.167192
51,56,0.221834
51,57,0.217602
51,58,0.262923
51,59,0.322065
51,60,0.353616
51,61,0.364608
51,62,0.255512
51,63,0.159863
51,64,0.165306
51,65,0.241430
51,66,0.238433
51,67,0.235482
51,68,0.204952
51,69,0.232836
51,70,0.219601
51,71,0.227582
51,72,0.176877
51,73,0.284175
51,74,0.257199
51,75,0.194299
51,76,0.313169
51,77,0.302922
51,78,0.185097
51,79,0.206727
51,80,0.301621
51,81,0.202042
51,82,0.118472
51,83,0.252802
51,84,0.204112
51,85,0.251636
51,86,0.168555
51,87,0.190348
51,88,0.143320
51,89,0.223411
51,90,0.297287
51,91,0.251498
51,92,0.248126
51,93,0.272195
51,94,0.258382
51,95,0.284810
51,96,0.257384
51,97,0.303834
51,98,0.241001
51,99,0.146605
51,100,0.229312
51,101,0.376230
51,102,0.350227
51,103,0.310637
51,104,0.197403
51,105,0.048664
51,106,0.198002
51,107,0.208586
51,108,0.243949
51,109,0.252264
51,110,0.342290
51,111,0.300277
51,112,0.176485
51,113,0.228802
51,114,0.257034
51,115,0.258545
51,116,0.179117
51,117,0.188650
51,118,0.218173
51,119,0.223914
51,120,0.300367
51,121,0.290887
51,122,0.203577
51,123,0.369506
51,124,0.329865
51,125,0.291767
51,126,0.337033
51,127,0.195614
51,128,0.169606
51,129,0.190711
51,130,0.062425
51,131,0.165330
51,132,0.194047
51,133,0.116042
51,134,0.115283
51,135,0.207648
51,136,0.223656
51,137,0.197122
51,138,0.151884
51,139,0.247985
51,140,0.275261
51,141,0.139387
51,142,0.089330
51,143,0.110160
51,144,0.046442
51,145,0.033710
51,146,-0.028948
51,147,0.014281
51,148,0.076096
51,149,0.075106
51,150,0.122144
51,151,0.145612
51,152,0.138940
51,153,0.152974
51,154,0.163742
51,155,0.187700
51,156,0.191998
51,157,0.146318
51,158,0.161644
51,159,0.126256
51,160,0.162818
51,161,0.228737
51,162,0.260391
51,163,0.301232
51,164,0.341296
51,165,0.398773
51,166,0.359366
51,167,0.318198
51,168,0.221655
51,169,0.235190
51,170,0.178990
51,171,0.100052
51,172,0.169697
51,173,0.247755
51,174,0.136622
51,175,0.020397
51,176,-0.002421
51,177,0.098024
51,178,0.106107
51,179,0.102594
51,180,0.116837
51,181,0.127207
51,182,-0.019557
51,183,0.097389
51,184,0.187808
51,185,0.246330
51,186,0.286481
51,187,0.339358
51,188,0.336877
51,189,0.301865
51,190,0.228685
52,1,0.199482
52,2,0.133933
52,3,0.235566
52,4,0.314527
52,5,0.425523
52,6,0.442970
52,7,0.451550
52,8,0.378823
52,9,0.420084
52,10,0.424479
52,11,0.386207
52,12,0.272187
52,13,0.363414
52,14,0.320809
52,15,0.322362
52,16,0.278974
52,17,0.232329
52,18,0.229872
52,19,0.269467
52,20,0.315997
52,21,0.363222
52,22,0.323692
52,23,0.544361
52,24,0.442945
52,25,0.356036
52,26,0.243430
52,27,0.149939
52,28,0.157252
52,29,0.171698
52,30,0.110415
52,31,0.091871
52,32,0.077589
52,33,0.072252
52,34,0.134866
52,35,0.133262
52,36,0.162704
52,37,0.153312
52,38,0.152964
52,39,0.227247
52,40,0.243604
52,41,0.236061
52,42,0.272032
52,43,0.235525
52,44,0.334008
52,45,0.370553
52,46,0.571105
52,47,0.669780
52,48,0.595750
52,49,0.406502
52,50,0.562147
52,51,0.658503
52,52,1.000000
52,53,0.712624
52,54,0.401903
52,55,0.288889
52,56,0.312701
52,57,0.268540
52,58,0.238450
52,59,0.310185
52,60,0.339777
52,61,0.353892
52,62,0.237911
52,63,0.141233
52,64,0.151080
52,65,0.235627
52,66,0.234975
52,67,0.198368
52,68,0.163176
52,69,0.204915
52,70,0.201596
52,71,0.225576
52,72,0.172422
52,73,0.280474
52,74,0.253067
52,75,0.179807
52,76,0.305326
52,77,0.288290
52,78,0.148681
52,79,0.178364
52,80,0.291186
52,81,0.181167
52,82,0.095273
52,83,0.246005
52,84,0.213053
52,85,0.258290
52,86,0.189953
52,87,0.215582
52,88,0.166906
52,89,0.235431
52,90,0.280790
52,91,0.250004
52,92,0.258584
52,93,0.272628
52,94,0.257180
52,95,0.295532
52,96,0.291920
52,97,0.327594
52,98,0.264793
52,99,0.180233
52,100,0.207464
52,101,0.352861
52,102,0.349058
52,103,0.316692
52,104,0.219268
52,105,0.119534
52,106,0.226132
52,107,0.201014
52,108,0.248261
52,109,0.245863
52,110,0.295315
52,111,0.225529
52,112,0.205353
52,113,0.201456
52,114,0.243318
52,115,0.297722
52,116,0.199073
52,117,0.203170
52,118,0.185684
52,119,0.164724
52,120,0.238350
52,121,0.226549
52,122,0.149314
52,123,0.289477
52,124,0.300770
52,125,0.266234
52,126,0.322600
52,127,0.222184
52,128,0.164680
52,129,0.213408
52,130,0.094792
52,131,0.187401
52,132,0.219750
52,133,0.122340
52,134,0.102392
52,135,0.208535
52,136,0.230561
52,137,0.182492
52,138,0.151775
52,139,0.250683
52,140,0.258405
52,141,0.142556
52,142,0.084009
52,143,0.070977
52,144,0.028249
52,145,-0.010050
52,146,0.022331
52,147,0.045063
52,148,0.089421
52,149,0.070593
52,150,0.135524
52,151,0.155327
52,152,0.144242
52,153,0.154328
52,154,0.166402
52,155,0.167445
52,156,0.148575
52,157,0.122696
52,158,0.147582
52,159,0.101808
52,160,0.172196
52,161,0.217681
52,162,0.243432
52,163,0.278324
52,164,0.306641
52,165,0.314254
52,166,0.291225
52,167,0.259974
52,168,0.173351
52,169,0.201892
52,170,0.131283
52,171,0.085150
52,172,0.139752
52,173,0.215391
52,174,0.113420
52,175,0.042597
52,176,0.011108
52,177,0.103322
52,178,0.125223
52,179,0.114297
52,180,0.092923
52,181,0.126218
52,182,0.025158
52,183,0.087530
52,184,0.237438
52,185,0.281860
52,186,0.304924
52,187,0.333469
52,188,0.310697
52,189,0.267767
52,190,0.224940
53,1,0.273013
53,2,0.203192
53,3,0.178759
53,4,0.188560
53,5,0.267513
53,6,0.304381
53,7,0.340247
53,8,0.222476
53,9,0.217467
53,10,0.252730
53,11,0.311430
53,12,0.410688
53,13,0.476799
53,14,0.386640
53,15,0.343290
53,16,0.260438
53,17,0.198643
53,18,0.211956
53,19,0.260584
53,20,0.352118
53,21,0.505822
53,22,0.530234
53,23,0.653749
53,24,0.224754
53,25,0.172064
53,26,0.198461
53,27,0.157942
53,28,0.193608
53,29,0.211706
53,30,0.150723
53,31,0.046811
53,32,-0.021000
53,33,0.074774
53,34,0.147024
53,35,0.124292
53,36,0.156336
53,37,0.139350
53,38,0.153806
53,39,0.212349
53,40,0.218460
53,41,0.194785
53,42,0.243094
53,43,0.267816
53,44,0.462255
53,45,0.538519
53,46,0.640396
53,47,0.541879
53,48,0.426594
53,49,0.240614
53,50,0.340201
53,51,0.392962
53,52,0.712624
53,53,1.000000
53,54,0.634830
53,55,0.400277
53,56,0.374344
53,57,0.330970
53,58,0.243449
53,59,0.323173
53,60,0.348094
53,61,0.333654
53,62,0.242944
53,63,0.114082
53,64,0.128719
53,65,0.252360
53,66,0.240496
53,67,0.163632
53,68,0.147734
53,69,0.209197
53,70,0.211782
53,71,0.264062
53,72,0.198660
53,73,0.282380
53,74,0.263855
53,75,0.182496
53,76,0.279255
53,77,0.272572
53,78,0.113956
53,79,0.117861
53,80,0.234939
53,81,0.140236
53,82,0.039366
53,83,0.207219
53,84,0.202652
53,85,0.256065
53,86,0.181874
53,87,0.240004
53,88,0.207445
53,89,0.236160
53,90,0.280644
53,91,0.259509
53,92,0.271572
53,93,0.293247
53,94,0.270353
53,95,0.284511
53,96,0.260817
53,97,0.286628
53,98,0.222393
53,99,0.173527
53,100,0.195358
53,101,0.340323
53,102,0.360059
53,103,0.330306
53,104,0.223283
53,105,0.161887
53,106,0.239445
53,107,0.183778
53,108,0.210817
53,109,0.232409
53,110,0.269300
53,111,0.236390
53,112,0.222740
53,113,0.192352
53,114,0.241131
53,115,0.310397
53,116,0.233170
53,117,0.230146
53,118,0.200269
53,119,0.144535
53,120,0.221342
53,121,0.224475
53,122,0.160367
53,123,0.215738
53,124,0.302744
53,125,0.264961
53,126,0.287701
53,127,0.246621
53,128,0.185388
53,129,0.224399
53,130,0.103259
53,131,0.208755
53,132,0.233049
53,133,0.119046
53,134,0.107652
53,135,0.231429
53,136,0.250132
53,137,0.159693
53,138,0.167967
53,139,0.281651
53,140,0.254313
53,141,0.152993
53,142,0.093962
53,143,0.072720
53,144,0.019886
53,145,-0.027062
53,146,0.064270
53,147,0.091130
53,148,0.118140
53,149,0.126378
53,150,0.163837
53,151,0.163074
53,152,0.147418
53,153,0.155392
53,154,0.136685
53,155,0.117340
53,156,0.109624
53,157,0.088854
53,158,0.089113
53,159,0.063881
53,160,0.156667
53,161,0.196305
53,162,0.222099
53,163,0.253635
53,164,0.254367
53,165,0.229843
53,166,0.220354
53,167,0.221335
53,168,0.154267
53,169,0.177702
53,170,0.140116
53,171,0.096538
53,172,0.100848
53,173,0.191507
53,174,0.130813
53,175,0.030724
53,176,0.004691
53,177,0.103937
53,178,0.144601
53,179,0.108665
53,180,0.082552
53,181,0.126131
53,182,0.035970
53,183,0.059953
53,184,0.225177
53,185,0.263500
53,186,0.288717
53,187,0.297937
53,188,0.262006
53,189,0.209278
53,190,0.197006
54,1,0.207271
54,2,0.180470
54,3,0.111201
54,4,0.090512
54,5,0.140765
54,6,0.209901
54,7,0.250218
54,8,0.133646
54,9,0.124983
54,10,0.149027
54,11,0.207704
54,12,0.374177
54,13,0.391875
54,14,0.326068
54,15,0.262120
54,16,0.184926
54,17,0.151667
54,18,0.179894
54,19,0.230858
54,20,0.315186
54,21,0.514158
54,22,0.588591
54,23,0.466411
54,24,0.068156
54,25,0.025925
54,26,0.107032
54,27,0.115796
54,28,0.146684
54,29,0.149246
54,30,0.115518
54,31,0.011461
54,32,-0.086216
54,33,0.130483
54,34,0.139150
54,35,0.135392
54,36,0.103070
54,37,0.051451
54,38,0.092362
54,39,0.142473
54,40,0.167627
54,41,0.108949
54,42,0.142605
54,43,0.294849
54,44,0.510695
54,45,0.384132
54,46,0.350232
54,47,0.275780
54,48,0.191180
54,49,0.099904
54,50,0.147353
54,51,0.170227
54,52,0.401903
54,53,0.634830
54,54,1.000000
54,55,0.634915
54,56,0.449252
54,57,0.329327
54,58,0.195543
54,59,0.247069
54,60,0.251152
54,61,0.233392
54,62,0.149577
54,63,0.044281
54,64,0.059194
54,65,0.136563
54,66,0.109855
54,67,0.053482
54,68,0.061538
54,69,0.083096
54,70,0.103184
54,71,0.131141
54,72,0.116837
54,73,0.140826
54,74,0.154209
54,75,0.114677
54,76,0.125976
54,77,0.152202
54,78,0.058685
54,79,0.045928
54,80,0.130706
54,81,0.072134
54,82,-0.002975
54,83,0.158297
54,84,0.164655
54,85,0.185974
54,86,0.133771
54,87,0.195497
54,88,0.192529
54,89,0.183689
54,90,0.190777
54,91,0.211475
54,92,0.233275
54,93,0.227475
54,94,0.214645
54,95,0.199932
54,96,0.236988
54,97,0.259110
54,98,0.225157
54,99,0.180318
54,100,0.078520
54,101,0.182159
54,102,0.231438
54,103,0.230294
54,104,0.197107
54,105,0.209945
54,106,0.210763
54,107,0.116554
54,108,0.153393
54,109,0.132652
54,110,0.136410
54,111,0.100631
54,112,0.182723
54,113,0.130559
54,114,0.160529
54,115,0.245978
54,116,0.214163
54,117,0.179752
54,118,0.132627
54,119,0.005669
54,120,0.051800
54,121,0.085467
54,122,0.052835
54,123,0.062350
54,124,0.178779
54,125,0.155547
54,126,0.178548
54,127,0.178962
54,128,0.122143
54,129,0.174255
54,130,0.135756
54,131,0.197280
54,132,0.172417
54,133,0.086491
54,134,0.079245
54,135,0.140126
54,136,0.145023
54,137,0.081420
54,138,0.114426
54,139,0.163323
54,140,0.134736
54,141,0.097194
54,142,0.063099
54,143,0.047473
54,144,0.014314
54,145,-0.045544
54,146,0.082632
54,147,0.036804
54,148,0.000502
54,149,0.039101
54,150,0.068755
54,151,0.069370
54,152,0.059719
54,153,0.061631
54,154,0.019296
54,155,-0.004917
54,156,-0.026710
54,157,-0.027546
54,158,0.013443
54,159,0.010484
54,160,0.103040
54,161,0.085921
54,162,0.102865
54,163,0.123992
54,164,0.119928
54,165,0.115041
54,166,0.112451
54,167,0.134254
54,168,0.082738
54,169,0.091951
54,170,0.081217
54,171,0.060684
54,172,0.050366
54,173,0.083551
54,174,0.071049
54,175,0.043668
54,176,0.029789
54,177,0.073026
54,178,0.124054
54,179,0.095846
54,180,0.018534
54,181,0.052793
54,182,0.080547
54,183,0.028708
54,184,0.190622
54,185,0.202936
54,186,0.238650
54,187,0.220400
54,188,0.186267
54,189,0.146180
54,190,0.175360
55,1,0.303931
55,2,0.208972
55,3,0.105278
55,4,0.127766
55,5,0.215297
55,6,0.294022
55,7,0.351530
55,8,0.255714
55,9,0.166873
55,10,0.167794
55,11,0.168586
55,12,0.405902
55,13,0.490901
55,14,0.459429
55,15,0.397807
55,16,0.293243
55,17,0.275467
55,18,0.315193
55,19,0.379506
55,20,0.464542
55,21,0.642064
55,22,0.474677
55,23,0.355023
55,24,0.133001
55,25,0.119500
55,26,0.190254
55,27,0.134190
55,28,0.176039
55,29,0.183500
55,30,0.114902
55,31,0.071616
55,32,-0.034974
55,33,0.125074
55,34,0.156495
55,35,0.161269
55,36,0.144339
55,37,0.045272
55,38,0.111686
55,39,0.226911
55,40,0.248362
55,41,0.206070
55,42,0.243384
55,43,0.412696
55,44,0.418747
55,45,0.277631
55,46,0.249337
55,47,0.190254
55,48,0.153346
55,49,0.131590
55,50,0.175521
55,51,0.167192
55,52,0.288889
55,53,0.400277
55,54,0.634915
55,55,1.000000
55,56,0.778340
55,57,0.555215
55,58,0.211758
55,59,0.278515
55,60,0.312234
55,61,0.237796
55,62,0.185809
55,63,0.077603
55,64,0.077858
55,65,0.136403
55,66,0.154924
55,67,0.127736
55,68,0.134972
55,69,0.165157
55,70,0.191588
55,71,0.205571
55,72,0.204121
55,73,0.199593
55,74,0.224910
55,75,0.196484
55,76,0.171351
55,77,0.159595
55,78,0.056476
55,79,0.049630
55,80,0.123556
55,81,0.062811
55,82,0.000075
55,83,0.121522
55,84,0.142344
55,85,0.147251
55,86,0.093390
55,87,0.150904
55,88,0.115104
55,89,0.189023
55,90,0.231610
55,91,0.230794
55,92,0.223387
55,93,0.260765
55,94,0.257850
55,95,0.288144
55,96,0.306861
55,97,0.310525
55,98,0.281107
55,99,0.179073
55,100,0.163100
55,101,0.230890
55,102,0.251962
55,103,0.239930
55,104,0.148337
55,105,0.117701
55,106,0.159695
55,107,0.068916
55,108,0.166424
55,109,0.083446
55,110,0.090076
55,111,0.030577
55,112,0.171768
55,113,0.166798
55,114,0.179774
55,115,0.290424
55,116,0.179752
55,117,0.204416
55,118,0.139037
55,119,0.051912
55,120,0.064628
55,121,0.092475
55,122,0.066069
55,123,0.101912
55,124,0.090889
55,125,0.064337
55,126,0.153975
55,127,0.170424
55,128,0.105573
55,129,0.158107
55,130,0.137249
55,131,0.175831
55,132,0.182101
55,133,0.098963
55,134,0.037526
55,135,0.128291
55,136,0.142318
55,137,0.061877
55,138,0.072002
55,139,0.130556
55,140,0.115220
55,141,0.071431
55,142,0.032605
55,143,0.012430
55,144,0.020794
55,145,-0.036884
55,146,0.029941
55,147,0.030263
55,148,0.057250
55,149,0.049103
55,150,0.135468
55,151,0.164930
55,152,0.152949
55,153,0.128308
55,154,0.100294
55,155,0.083613
55,156,0.059972
55,157,0.032243
55,158,0.058962
55,159,0.000205
55,160,0.084940
55,161,0.088130
55,162,0.112450
55,163,0.117586
55,164,0.105605
55,165,0.184560
55,166,0.163788
55,167,0.210502
55,168,0.149521
55,169,0.172991
55,170,0.155929
55,171,0.131972
55,172,0.132742
55,173,0.176193
55,174,0.130108
55,175,0.071507
55,176,0.081535
55,177,0.153344
55,178,0.195387
55,179,0.163074
55,180,0.029760
55,181,0.049924
55,182,0.119007
55,183,0.127630
55,184,0.286462
55,185,0.288275
55,186,0.256067
55,187,0.254987
55,188,0.231072
55,189,0.226073
55,190,0.209326
56,1,0.338007
56,2,0.201533
56,3,0.169846
56,4,0.209084
56,5,0.332831
56,6,0.419233
56,7,0.474130
56,8,0.366034
56,9,0.250316
56,10,0.242718
56,11,0.214687
56,12,0.461496
56,13,0.543994
56,14,0.524947
56,15,0.473454
56,16,0.382727
56,17,0.377902
56,18,0.421383
56,19,0.508871
56,20,0.611215
56,21,0.714408
56,22,0.453243
56,23,0.366798
56,24,0.223234
56,25,0.209433
56,26,0.212687
56,27,0.151926
56,28,0.216438
56,29,0.228732
56,30,0.122788
56,31,0.079407
56,32,0.008176
56,33,0.119126
56,34,0.143136
56,35,0.154926
56,36,0.154627
56,37,0.076009
56,38,0.145205
56,39,0.293287
56,40,0.303823
56,41,0.286121
56,42,0.312606
56,43,0.482827
56,44,0.338202
56,45,0.261734
56,46,0.278587
56,47,0.235671
56,48,0.198195
56,49,0.183391
56,50,0.249467
56,51,0.221834
56,52,0.312701
56,53,0.374344
56,54,0.449252
56,55,0.778340
56,56,1.000000
56,57,0.727226
56,58,0.254454
56,59,0.287711
56,60,0.328053
56,61,0.267882
56,62,0.224535
56,63,0.123116
56,64,0.109661
56,65,0.152359
56,66,0.192183
56,67,0.189746
56,68,0.188354
56,69,0.218961
56,70,0.248475
56,71,0.243892
56,72,0.260886
56,73,0.245148
56,74,0.267845
56,75,0.208137
56,76,0.228952
56,77,0.220151
56,78,0.073505
56,79,0.061172
56,80,0.176675
56,81,0.084426
56,82,-0.006995
56,83,0.101544
56,84,0.109555
56,85,0.124136
56,86,0.044011
56,87,0.075809
56,88,0.025176
56,89,0.154653
56,90,0.213841
56,91,0.161692
56,92,0.163298
56,93,0.256404
56,94,0.269189
56,95,0.370428
56,96,0.408307
56,97,0.402173
56,98,0.355259
56,99,0.237393
56,100,0.250104
56,101,0.302040
56,102,0.314592
56,103,0.218098
56,104,0.097626
56,105,0.021275
56,106,0.124773
56,107,0.061439
56,108,0.226029
56,109,0.126794
56,110,0.127284
56,111,0.033584
56,112,0.210405
56,113,0.224234
56,114,0.252257
56,115,0.347520
56,116,0.179871
56,117,0.266208
56,118,0.192680
56,119,0.139835
56,120,0.132387
56,121,0.145842
56,122,0.117645
56,123,0.174536
56,124,0.102175
56,125,0.067374
56,126,0.185991
56,127,0.200513
56,128,0.104833
56,129,0.138324
56,130,0.111081
56,131,0.153541
56,132,0.180999
56,133,0.096440
56,134,0.025705
56,135,0.137909
56,136,0.175042
56,137,0.078051
56,138,0.061986
56,139,0.156652
56,140,0.140973
56,141,0.049794
56,142,-0.022865
56,143,-0.033808
56,144,-0.036131
56,145,-0.068688
56,146,0.001688
56,147,0.022104
56,148,0.099689
56,149,0.081333
56,150,0.149992
56,151,0.186153
56,152,0.163432
56,153,0.098653
56,154,0.101452
56,155,0.123145
56,156,0.086581
56,157,0.045265
56,158,0.117309
56,159,0.017257
56,160,0.094867
56,161,0.113183
56,162,0.138850
56,163,0.157484
56,164,0.158108
56,165,0.256950
56,166,0.226265
56,167,0.269351
56,168,0.184152
56,169,0.221906
56,170,0.201565
56,171,0.187954
56,172,0.207540
56,173,0.251453
56,174,0.163047
56,175,0.084459
56,176,0.126493
56,177,0.227244
56,178,0.255688
56,179,0.201745
56,180,0.067929
56,181,0.072530
56,182,0.127927
56,183,0.145286
56,184,0.371093
56,185,0.377957
56,186,0.317813
56,187,0.316729
56,188,0.297713
56,189,0.305376
56,190,0.273529
57,1,0.266870
57,2,0.132494
57,3,0.125398
57,4,0.153988
57,5,0.275863
57,6,0.376850
57,7,0.427598
57,8,0.322376
57,9,0.219103
57,10,0.189958
57,11,0.118442
57,12,0.332692
57,13,0.433131
57,14,0.425921
57,15,0.388824
57,16,0.326150
57,17,0.324036
57,18,0.344799
57,19,0.399597
57,20,0.473502
57,21,0.542767
57,22,0.312560
57,23,0.280293
57,24,0.207843
57,25,0.198557
57,26,0.188706
57,27,0.106083
57,28,0.177519
57,29,0.184527
57,30,0.072744
57,31,0.036704
57,32,0.033265
57,33,0.122921
57,34,0.140112
57,35,0.151140
57,36,0.130332
57,37,0.109878
57,38,0.205489
57,39,0.340708
57,40,0.355802
57,41,0.334134
57,42,0.338332
57,43,0.464112
57,44,0.285465
57,45,0.281454
57,46,0.290102
57,47,0.249587
57,48,0.210626
57,49,0.178537
57,50,0.233865
57,51,0.217602
57,52,0.268540
57,53,0.330970
57,54,0.329327
57,55,0.555215
57,56,0.727226
57,57,1.000000
57,58,0.299965
57,59,0.316469
57,60,0.336977
57,61,0.235932
57,62,0.196854
57,63,0.098898
57,64,0.100999
57,65,0.126239
57,66,0.177808
57,67,0.203890
57,68,0.197292
57,69,0.218553
57,70,0.228893
57,71,0.223287
57,72,0.233123
57,73,0.223322
57,74,0.231311
57,75,0.161793
57,76,0.236920
57,77,0.228194
57,78,0.100789
57,79,0.102941
57,80,0.202830
57,81,0.098731
57,82,0.014532
57,83,0.111942
57,84,0.095592
57,85,0.118388
57,86,0.070545
57,87,0.064911
57,88,-0.006936
57,89,0.137556
57,90,0.216261
57,91,0.185456
57,92,0.187351
57,93,0.267166
57,94,0.303120
57,95,0.357047
57,96,0.383640
57,97,0.375602
57,98,0.335998
57,99,0.265528
57,100,0.206732
57,101,0.292324
57,102,0.298124
57,103,0.239240
57,104,0.129123
57,105,0.035453
57,106,0.133130
57,107,0.078666
57,108,0.270122
57,109,0.146401
57,110,0.164096
57,111,0.070046
57,112,0.183752
57,113,0.176003
57,114,0.222754
57,115,0.311966
57,116,0.103265
57,117,0.198811
57,118,0.134243
57,119,0.124390
57,120,0.139495
57,121,0.132655
57,122,0.101461
57,123,0.229770
57,124,0.105657
57,125,0.095385
57,126,0.201185
57,127,0.183537
57,128,0.102667
57,129,0.155147
57,130,0.128693
57,131,0.164365
57,132,0.184771
57,133,0.097801
57,134,0.024393
57,135,0.120711
57,136,0.163252
57,137,0.082877
57,138,0.051295
57,139,0.137396
57,140,0.147408
57,141,0.059581
57,142,-0.006551
57,143,-0.027463
57,144,-0.001674
57,145,-0.044975
57,146,-0.012388
57,147,0.020248
57,148,0.082812
57,149,0.075452
57,150,0.157557
57,151,0.202311
57,152,0.191858
57,153,0.132613
57,154,0.143159
57,155,0.159156
57,156,0.110186
57,157,0.064333
57,158,0.083296
57,159,0.003141
57,160,0.085199
57,161,0.131516
57,162,0.147042
57,163,0.164590
57,164,0.181084
57,165,0.266350
57,166,0.244120
57,167,0.261661
57,168,0.177611
57,169,0.204581
57,170,0.192516
57,171,0.190975
57,172,0.202922
57,173,0.233340
57,174,0.152337
57,175,0.111507
57,176,0.126764
57,177,0.196305
57,178,0.243161
57,179,0.205594
57,180,0.078400
57,181,0.093112
57,182,0.105972
57,183,0.111891
57,184,0.334824
57,185,0.337866
57,186,0.295039
57,187,0.294472
57,188,0.285899
57,189,0.315663
57,190,0.268516
58,1,0.182180
58,2,0.146878
58,3,0.184590
58,4,0.199860
58,5,0.272891
58,6,0.277892
58,7,0.277898
58,8,0.192468
58,9,0.167571
58,10,0.208290
58,11,0.205861
58,12,0.249020
58,13,0.265175
58,14,0.219014
58,15,0.196349
58,16,0.166284
58,17,0.148919
58,18,0.158094
58,19,0.166919
58,20,0.201955
58,21,0.248306
58,22,0.198301
58,23,0.279024
58,24,0.164007
58,25,0.131359
58,26,0.111032
58,27,0.184522
58,28,0.186141
58,29,0.164454
58,30,0.161152
58,31,0.006217
58,32,0.031176
58,33,0.092574
58,34,0.117434
58,35,0.137901
58,36,0.149626
58,37,0.215621
58,38,0.187661
58,39,0.245486
58,40,0.269769
58,41,0.201720
58,42,0.218897
58,43,0.099548
58,44,0.130462
58,45,0.132717
58,46,0.173228
58,47,0.195589
58,48,0.197790
58,49,0.216171
58,50,0.277963
58,51,0.262923
58,52,0.238450
58,53,0.243449
58,54,0.195543
58,55,0.211758
58,56,0.254454
58,57,0.299965
58,58,1.000000
58,59,0.757233
58,60,0.564172
58,61,0.424242
58,62,0.337221
58,63,0.263053
58,64,0.201519
58,65,0.187283
58,66,0.137179
58,67,0.104523
58,68,0.089603
58,69,0.124411
58,70,0.109243
58,71,0.150747
58,72,0.122413
58,73,0.205030
58,74,0.146284
58,75,0.097329
58,76,0.134631
58,77,0.128366
58,78,0.002503
58,79,0.016500
58,80,0.121376
58,81,0.067842
58,82,-0.046960
58,83,0.098612
58,84,0.118790
58,85,0.153255
58,86,0.108611
58,87,0.178688
58,88,0.181143
58,89,0.280839
58,90,0.366784
58,91,0.393229
58,92,0.416582
58,93,0.563381
58,94,0.663185
58,95,0.602159
58,96,0.354603
58,97,0.273560
58,98,0.280954
58,99,0.172532
58,100,0.348125
58,101,0.328822
58,102,0.437725
58,103,0.417770
58,104,0.343137
58,105,0.219116
58,106,0.165203
58,107,0.096673
58,108,0.158895
58,109,0.190349
58,110,0.231301
58,111,0.090636
58,112,0.083490
58,113,0.092282
58,114,0.164309
58,115,0.156733
58,116,0.096599
58,117,0.128932
58,118,0.098148
58,119,-0.016700
58,120,0.085698
58,121,0.090996
58,122,0.029581
58,123,0.124698
58,124,0.199318
58,125,0.251523
58,126,0.239623
58,127,0.160843
58,128,0.155911
58,129,0.112137
58,130,0.086159
58,131,0.153753
58,132,0.142362
58,133,0.108930
58,134,0.127024
58,135,0.171808
58,136,0.191643
58,137,0.208789
58,138,0.157786
58,139,0.216137
58,140,0.249170
58,141,0.114842
58,142,0.056571
58,143,0.056162
58,144,0.045405
58,145,0.044440
58,146,0.036037
58,147,0.019518
58,148,0.011411
58,149,0.117001
58,150,0.015990
58,151,0.037642
58,152,0.014551
58,153,-0.011852
58,154,-0.021947
58,155,-0.029824
58,156,-0.040968
58,157,-0.074844
58,158,0.086679
58,159,0.086419
58,160,0.169769
58,161,0.222890
58,162,0.240009
58,163,0.267247
58,164,0.279988
58,165,0.251619
58,166,0.220013
58,167,0.204106
58,168,0.158415
58,169,0.154943
58,170,0.108256
58,171,0.065334
58,172,0.097410
58,173,0.057086
58,174,-0.002141
58,175,-0.030027
58,176,-0.030280
58,177,0.004042
58,178,0.051706
58,179,0.053485
58,180,0.103924
58,181,0.124162
58,182,0.061538
58,183,0.076184
58,184,0.158579
58,185,0.225111
58,186,0.240184
58,187,0.238779
58,188,0.243715
58,189,0.197902
58,190,0.192179
59,1,0.275922
59,2,0.210302
59,3,0.203169
59,4,0.249957
59,5,0.358687
59,6,0.354288
59,7,0.354674
59,8,0.281406
59,9,0.248785
59,10,0.301548
59,11,0.285909
59,12,0.325024
59,13,0.392612
59,14,0.347043
59,15,0.306887
59,16,0.258731
59,17,0.237170
59,18,0.253168
59,19,0.270517
59,20,0.292951
59,21,0.348374
59,22,0.273706
59,23,0.363596
59,24,0.233057
59,25,0.177656
59,26,0.165439
59,27,0.176430
59,28,0.179186
59,29,0.175109
59,30,0.154785
59,31,0.052398
59,32,0.045203
59,33,0.083202
59,34,0.152510
59,35,0.169044
59,36,0.177216
59,37,0.214387
59,38,0.211246
59,39,0.284455
59,40,0.290322
59,41,0.207299
59,42,0.273365
59,43,0.135044
59,44,0.185756
59,45,0.169225
59,46,0.234357
59,47,0.250803
59,48,0.248799
59,49,0.264700
59,50,0.347490
59,51,0.322065
59,52,0.310185
59,53,0.323173
59,54,0.247069
59,55,0.278515
59,56,0.287711
59,57,0.316469
59,58,0.757233
59,59,1.000000
59,60,0.794567
59,61,0.612734
59,62,0.446310
59,63,0.311578
59,64,0.234943
59,65,0.242898
59,66,0.191408
59,67,0.163706
59,68,0.147410
59,69,0.182347
59,70,0.182511
59,71,0.206770
59,72,0.165611
59,73,0.257672
59,74,0.206689
59,75,0.161219
59,76,0.196452
59,77,0.179365
59,78,0.059430
59,79,0.056018
59,80,0.158433
59,81,0.113738
59,82,-0.007096
59,83,0.138923
59,84,0.171869
59,85,0.244473
59,86,0.194324
59,87,0.269015
59,88,0.231875
59,89,0.309751
59,90,0.463936
59,91,0.536650
59,92,0.503032
59,93,0.681807
59,94,0.729491
59,95,0.620556
59,96,0.379625
59,97,0.292506
59,98,0.283342
59,99,0.146646
59,100,0.384812
59,101,0.403072
59,102,0.492424
59,103,0.512941
59,104,0.374023
59,105,0.232542
59,106,0.196017
59,107,0.144431
59,108,0.176085
59,109,0.186505
59,110,0.241292
59,111,0.147977
59,112,0.105939
59,113,0.104303
59,114,0.163464
59,115,0.201719
59,116,0.104430
59,117,0.145359
59,118,0.136745
59,119,0.053780
59,120,0.118648
59,121,0.135602
59,122,0.090379
59,123,0.203280
59,124,0.211537
59,125,0.243757
59,126,0.263777
59,127,0.149854
59,128,0.148526
59,129,0.145764
59,130,0.089678
59,131,0.176808
59,132,0.196344
59,133,0.134936
59,134,0.087827
59,135,0.178113
59,136,0.217687
59,137,0.194747
59,138,0.135637
59,139,0.235841
59,140,0.268499
59,141,0.085219
59,142,0.017994
59,143,0.021995
59,144,0.029408
59,145,0.017947
59,146,0.020824
59,147,0.057357
59,148,0.089405
59,149,0.128998
59,150,0.101006
59,151,0.150745
59,152,0.124788
59,153,0.073150
59,154,0.094245
59,155,0.097514
59,156,0.044090
59,157,0.009852
59,158,0.094152
59,159,0.087099
59,160,0.138432
59,161,0.209291
59,162,0.226129
59,163,0.255382
59,164,0.284694
59,165,0.308195
59,166,0.267628
59,167,0.250453
59,168,0.185696
59,169,0.209075
59,170,0.155955
59,171,0.081330
59,172,0.121256
59,173,0.142202
59,174,0.052072
59,175,-0.054068
59,176,-0.047247
59,177,0.041998
59,178,0.078126
59,179,0.090200
59,180,0.099772
59,181,0.119238
59,182,0.038262
59,183,0.072357
59,184,0.194757
59,185,0.278496
59,186,0.276089
59,187,0.281039
59,188,0.273979
59,189,0.250516
59,190,0.211891
60,1,0.295064
60,2,0.204981
60,3,0.204352
60,4,0.272893
60,5,0.399268
60,6,0.393801
60,7,0.405792
60,8,0.355669
60,9,0.323992
60,10,0.352202
60,11,0.306912
60,12,0.322157
60,13,0.427703
60,14,0.387474
60,15,0.354926
60,16,0.314664
60,17,0.309991
60,18,0.313889
60,19,0.339857
60,20,0.358567
60,21,0.398310
60,22,0.270169
60,23,0.383258
60,24,0.296565
60,25,0.244822
60,26,0.228617
60,27,0.174827
60,28,0.198161
60,29,0.212655
60,30,0.159725
60,31,0.098206
60,32,0.059965
60,33,0.039270
60,34,0.156939
60,35,0.154254
60,36,0.146928
60,37,0.192379
60,38,0.220928
60,39,0.320637
60,40,0.321508
60,41,0.253710
60,42,0.335958
60,43,0.191973
60,44,0.190354
60,45,0.186922
60,46,0.259391
60,47,0.274099
60,48,0.274051
60,49,0.301785
60,50,0.395588
60,51,0.353616
60,52,0.339777
60,53,0.348094
60,54,0.251152
60,55,0.312234
60,56,0.328053
60,57,0.336977
60,58,0.564172
60,59,0.794567
60,60,1.000000
60,61,0.710896
60,62,0.598897
60,63,0.394498
60,64,0.336602
60,65,0.271327
60,66,0.258622
60,67,0.267514
60,68,0.237962
60,69,0.274974
60,70,0.278448
60,71,0.276722
60,72,0.227642
60,73,0.296128
60,74,0.258798
60,75,0.193142
60,76,0.258038
60,77,0.210488
60,78,0.080499
60,79,0.085639
60,80,0.181811
60,81,0.110352
60,82,0.013134
60,83,0.161340
60,84,0.167841
60,85,0.249719
60,86,0.189011
60,87,0.257047
60,88,0.223404
60,89,0.331661
60,90,0.575285
60,91,0.549312
60,92,0.492692
60,93,0.614341
60,94,0.609462
60,95,0.597830
60,96,0.444546
60,97,0.385018
60,98,0.302830
60,99,0.135287
60,100,0.356801
60,101,0.411948
60,102,0.447123
60,103,0.485789
60,104,0.330894
60,105,0.185434
60,106,0.214590
60,107,0.156619
60,108,0.182209
60,109,0.169225
60,110,0.212301
60,111,0.143195
60,112,0.116940
60,113,0.097800
60,114,0.159489
60,115,0.222743
60,116,0.118469
60,117,0.143524
60,118,0.145818
60,119,0.110883
60,120,0.141271
60,121,0.153067
60,122,0.111326
60,123,0.226559
60,124,0.169605
60,125,0.177459
60,126,0.238815
60,127,0.143393
60,128,0.094131
60,129,0.130988
60,130,0.059960
60,131,0.139551
60,132,0.184280
60,133,0.126164
60,134,0.046062
60,135,0.158776
60,136,0.212543
60,137,0.181902
60,138,0.114961
60,139,0.221545
60,140,0.261458
60,141,0.077281
60,142,0.010005
60,143,0.020709
60,144,0.017622
60,145,-0.014609
60,146,-0.050692
60,147,0.025751
60,148,0.107891
60,149,0.099645
60,150,0.127187
60,151,0.181376
60,152,0.176732
60,153,0.124659
60,154,0.134258
60,155,0.155985
60,156,0.112431
60,157,0.070625
60,158,0.164024
60,159,0.120829
60,160,0.128335
60,161,0.198202
60,162,0.216305
60,163,0.244830
60,164,0.281075
60,165,0.383175
60,166,0.331687
60,167,0.320120
60,168,0.224662
60,169,0.226675
60,170,0.178820
60,171,0.107307
60,172,0.193956
60,173,0.230440
60,174,0.113715
60,175,-0.017875
60,176,-0.021508
60,177,0.093854
60,178,0.118733
60,179,0.121868
60,180,0.097796
60,181,0.116552
60,182,0.023667
60,183,0.104371
60,184,0.226789
60,185,0.318873
60,186,0.307276
60,187,0.337497
60,188,0.328736
60,189,0.334547
60,190,0.257826
61,1,0.291981
61,2,0.225182
61,3,0.218824
61,4,0.283135
61,5,0.398953
61,6,0.372966
61,7,0.374433
61,8,0.345012
61,9,0.331703
61,10,0.381719
61,11,0.352133
61,12,0.325247
61,13,0.400671
61,14,0.333661
61,15,0.293008
61,16,0.253397
61,17,0.240377
61,18,0.242360
61,19,0.273539
61,20,0.302482
61,21,0.341025
61,22,0.297810
61,23,0.410592
61,24,0.291009
61,25,0.209250
61,26,0.223286
61,27,0.171942
61,28,0.178406
61,29,0.196766
61,30,0.157551
61,31,0.129618
61,32,0.086574
61,33,0.056494
61,34,0.159561
61,35,0.146434
61,36,0.140302
61,37,0.192237
61,38,0.206797
61,39,0.262780
61,40,0.257162
61,41,0.183640
61,42,0.269243
61,43,0.141563
61,44,0.143889
61,45,0.130247
61,46,0.231377
61,47,0.256494
61,48,0.270293
61,49,0.282294
61,50,0.386531
61,51,0.364608
61,52,0.353892
61,53,0.333654
61,54,0.233392
61,55,0.237796
61,56,0.267882
61,57,0.235932
61,58,0.424242
61,59,0.612734
61,60,0.710896
61,61,1.000000
61,62,0.615671
61,63,0.494136
61,64,0.406114
61,65,0.374607
61,66,0.324227
61,67,0.301301
61,68,0.243299
61,69,0.279806
61,70,0.259964
61,71,0.230452
61,72,0.195655
61,73,0.262842
61,74,0.234286
61,75,0.159211
61,76,0.239609
61,77,0.191057
61,78,0.086874
61,79,0.107318
61,80,0.201148
61,81,0.108637
61,82,0.033823
61,83,0.185726
61,84,0.199108
61,85,0.280535
61,86,0.226681
61,87,0.287133
61,88,0.278987
61,89,0.317941
61,90,0.464205
61,91,0.457199
61,92,0.414300
61,93,0.424876
61,94,0.444630
61,95,0.434891
61,96,0.351170
61,97,0.346293
61,98,0.253580
61,99,0.110964
61,100,0.283595
61,101,0.363493
61,102,0.383262
61,103,0.424726
61,104,0.308284
61,105,0.158949
61,106,0.218170
61,107,0.140769
61,108,0.144435
61,109,0.159569
61,110,0.208443
61,111,0.168601
61,112,0.130258
61,113,0.121232
61,114,0.179869
61,115,0.222326
61,116,0.154777
61,117,0.144557
61,118,0.162316
61,119,0.113940
61,120,0.130602
61,121,0.152689
61,122,0.116525
61,123,0.208144
61,124,0.182635
61,125,0.203197
61,126,0.243146
61,127,0.150091
61,128,0.098906
61,129,0.123703
61,130,0.051433
61,131,0.135397
61,132,0.173742
61,133,0.125317
61,134,0.084984
61,135,0.215305
61,136,0.259168
61,137,0.239614
61,138,0.195000
61,139,0.301340
61,140,0.331666
61,141,0.122386
61,142,0.031593
61,143,0.035518
61,144,-0.018083
61,145,-0.019152
61,146,-0.068134
61,147,0.001759
61,148,0.120216
61,149,0.128152
61,150,0.100174
61,151,0.139407
61,152,0.118623
61,153,0.057482
61,154,0.075901
61,155,0.116540
61,156,0.062155
61,157,0.055171
61,158,0.168378
61,159,0.135782
61,160,0.117508
61,161,0.237767
61,162,0.252951
61,163,0.286318
61,164,0.330439
61,165,0.372937
61,166,0.335083
61,167,0.305187
61,168,0.238173
61,169,0.223640
61,170,0.167554
61,171,0.111559
61,172,0.182798
61,173,0.225332
61,174,0.127015
61,175,-0.025103
61,176,-0.023202
61,177,0.089261
61,178,0.094793
61,179,0.083388
61,180,0.072158
61,181,0.121268
61,182,0.006814
61,183,0.049761
61,184,0.158036
61,185,0.266289
61,186,0.256853
61,187,0.297550
61,188,0.306296
61,189,0.307231
61,190,0.221958
62,1,0.263214
62,2,0.203641
62,3,0.170056
62,4,0.220107
62,5,0.299655
62,6,0.282552
62,7,0.291448
62,8,0.290898
62,9,0.265808
62,10,0.288009
62,11,0.270242
62,12,0.271386
62,13,0.331819
62,14,0.280761
62,15,0.250419
62,16,0.207543
62,17,0.203556
62,18,0.205737
62,19,0.227157
62,20,0.249762
62,21,0.277939
62,22,0.235147
62,23,0.327583
62,24,0.239905
62,25,0.179299
62,26,0.165827
62,27,0.132287
62,28,0.164429
62,29,0.186594
62,30,0.135075
62,31,0.080573
62,32,0.113114
62,33,0.055506
62,34,0.143858
62,35,0.092109
62,36,0.085958
62,37,0.162050
62,38,0.176105
62,39,0.247201
62,40,0.215020
62,41,0.159897
62,42,0.237948
62,43,0.120817
62,44,0.056848
62,45,0.107039
62,46,0.139416
62,47,0.150735
62,48,0.166299
62,49,0.220455
62,50,0.294147
62,51,0.255512
62,52,0.237911
62,53,0.242944
62,54,0.149577
62,55,0.185809
62,56,0.224535
62,57,0.196854
62,58,0.337221
62,59,0.446310
62,60,0.598897
62,61,0.615671
62,62,1.000000
62,63,0.786486
62,64,0.609563
62,65,0.317111
62,66,0.305102
62,67,0.333209
62,68,0.277977
62,69,0.302087
62,70,0.290216
62,71,0.252859
62,72,0.210835
62,73,0.233951
62,74,0.240112
62,75,0.194073
62,76,0.203283
62,77,0.187483
62,78,0.084040
62,79,0.070582
62,80,0.125861
62,81,0.062581
62,82,0.006365
62,83,0.079957
62,84,0.050666
62,85,0.129141
62,86,0.125443
62,87,0.175502
62,88,0.146961
62,89,0.188305
62,90,0.361433
62,91,0.338611
62,92,0.229773
62,93,0.288058
62,94,0.348328
62,95,0.394217
62,96,0.304750
62,97,0.281458
62,98,0.204808
62,99,0.073651
62,100,0.303434
62,101,0.240108
62,102,0.260140
62,103,0.283964
62,104,0.194137
62,105,0.082104
62,106,0.100621
62,107,0.050344
62,108,0.120758
62,109,0.120249
62,110,0.161143
62,111,0.119757
62,112,0.066294
62,113,0.073581
62,114,0.127401
62,115,0.170235
62,116,0.079971
62,117,0.081793
62,118,0.117967
62,119,0.127853
62,120,0.137890
62,121,0.121497
62,122,0.088647
62,123,0.196806
62,124,0.091638
62,125,0.111315
62,126,0.165360
62,127,0.093860
62,128,0.042718
62,129,0.095326
62,130,0.038598
62,131,0.129284
62,132,0.167457
62,133,0.074142
62,134,0.088182
62,135,0.231018
62,136,0.253577
62,137,0.200125
62,138,0.190992
62,139,0.301757
62,140,0.289759
62,141,0.094267
62,142,0.018178
62,143,0.015175
62,144,-0.009831
62,145,-0.021109
62,146,-0.070714
62,147,0.004758
62,148,0.110967
62,149,0.117430
62,150,0.077055
62,151,0.144433
62,152,0.158678
62,153,0.079979
62,154,0.109604
62,155,0.147483
62,156,0.139671
62,157,0.046067
62,158,0.158486
62,159,0.113760
62,160,0.066964
62,161,0.164463
62,162,0.189339
62,163,0.224047
62,164,0.252854
62,165,0.340142
62,166,0.304246
62,167,0.293148
62,168,0.221110
62,169,0.199468
62,170,0.133505
62,171,0.080300
62,172,0.157330
62,173,0.213008
62,174,0.124310
62,175,-0.003003
62,176,0.007381
62,177,0.118008
62,178,0.099009
62,179,0.090055
62,180,0.056310
62,181,0.045709
62,182,0.007486
62,183,0.061938
62,184,0.131227
62,185,0.210742
62,186,0.201632
62,187,0.262464
62,188,0.280368
62,189,0.296037
62,190,0.206948
63,1,0.184851
63,2,0.164884
63,3,0.150099
63,4,0.180142
63,5,0.202469
63,6,0.174580
63,7,0.179902
63,8,0.222854
63,9,0.201656
63,10,0.211799
63,11,0.205952
63,12,0.187280
63,13,0.207592
63,14,0.157154
63,15,0.125877
63,16,0.109384
63,17,0.105994
63,18,0.101279
63,19,0.111574
63,20,0.138360
63,21,0.147618
63,22,0.147429
63,23,0.205184
63,24,0.168801
63,25,0.115975
63,26,0.101245
63,27,0.078204
63,28,0.094286
63,29,0.102463
63,30,0.076931
63,31,0.070966
63,32,0.129797
63,33,0.102197
63,34,0.107768
63,35,0.068287
63,36,0.048632
63,37,0.085266
63,38,0.122007
63,39,0.177932
63,40,0.159724
63,41,0.121822
63,42,0.157853
63,43,0.056498
63,44,-0.005375
63,45,0.042176
63,46,0.047281
63,47,0.069279
63,48,0.086733
63,49,0.140553
63,50,0.189914
63,51,0.159863
63,52,0.141233
63,53,0.114082
63,54,0.044281
63,55,0.077603
63,56,0.123116
63,57,0.098898
63,58,0.263053
63,59,0.311578
63,60,0.394498
63,61,0.494136
63,62,0.786486
63,63,1.000000
63,64,0.688687
63,65,0.226981
63,66,0.221301
63,67,0.239196
63,68,0.185637
63,69,0.207959
63,70,0.217916
63,71,0.158066
63,72,0.137244
63,73,0.155473
63,74,0.159974
63,75,0.125830
63,76,0.106654
63,77,0.097870
63,78,0.033378
63,79,0.031348
63,80,0.048808
63,81,-0.003755
63,82,-0.022040
63,83,-0.030126
63,84,-0.026610
63,85,0.034646
63,86,0.068733
63,87,0.107909
63,88,0.098470
63,89,0.109066
63,90,0.242965
63,91,0.235281
63,92,0.120342
63,93,0.185918
63,94,0.274851
63,95,0.341992
63,96,0.245210
63,97,0.177305
63,98,0.171621
63,99,0.115588
63,100,0.285537
63,101,0.153306
63,102,0.154862
63,103,0.154172
63,104,0.090090
63,105,0.021853
63,106,0.009823
63,107,-0.028729
63,108,0.042014
63,109,0.065016
63,110,0.095253
63,111,0.072449
63,112,0.027959
63,113,0.049857
63,114,0.097918
63,115,0.117620
63,116,0.017224
63,117,0.031286
63,118,0.052123
63,119,0.071127
63,120,0.061452
63,121,0.037625
63,122,0.018073
63,123,0.108899
63,124,0.013683
63,125,0.050437
63,126,0.058288
63,127,0.040485
63,128,0.011883
63,129,0.062137
63,130,0.038201
63,131,0.107078
63,132,0.132889
63,133,0.070538
63,134,0.134373
63,135,0.198170
63,136,0.200820
63,137,0.180058
63,138,0.186793
63,139,0.256518
63,140,0.228775
63,141,0.051910
63,142,0.001035
63,143,0.021574
63,144,0.003440
63,145,0.011629
63,146,-0.121975
63,147,-0.067236
63,148,0.084701
63,149,0.104992
63,150,0.037069
63,151,0.100126
63,152,0.126608
63,153,0.037609
63,154,0.066980
63,155,0.105972
63,156,0.130870
63,157,0.004899
63,158,0.136882
63,159,0.107240
63,160,0.044411
63,161,0.120540
63,162,0.132625
63,163,0.152738
63,164,0.172214
63,165,0.241172
63,166,0.225186
63,167,0.240908
63,168,0.206097
63,169,0.182627
63,170,0.113348
63,171,0.104196
63,172,0.128775
63,173,0.121400
63,174,0.074605
63,175,0.024478
63,176,0.052673
63,177,0.117001
63,178,0.090345
63,179,0.086604
63,180,0.031795
63,181,0.017559
63,182,0.002504
63,183,0.030855
63,184,0.084236
63,185,0.131303
63,186,0.107858
63,187,0.170309
63,188,0.197997
63,189,0.196776
63,190,0.106817
64,1,0.163170
64,2,0.131864
64,3,0.133397
64,4,0.154288
64,5,0.172944
64,6,0.167208
64,7,0.183000
64,8,0.230879
64,9,0.180029
64,10,0.181574
64,11,0.184421
64,12,0.174221
64,13,0.202558
64,14,0.158787
64,15,0.132509
64,16,0.100400
64,17,0.107343
64,18,0.108612
64,19,0.123662
64,20,0.152429
64,21,0.152078
64,22,0.140596
64,23,0.217455
64,24,0.158218
64,25,0.125425
64,26,0.179672
64,27,0.132517
64,28,0.141720
64,29,0.161967
64,30,0.145932
64,31,0.111954
64,32,0.104202
64,33,0.062351
64,34,0.103621
64,35,0.062124
64,36,0.074312
64,37,0.101407
64,38,0.107364
64,39,0.135763
64,40,0.116812
64,41,0.111159
64,42,0.139546
64,43,0.074163
64,44,-0.003163
64,45,0.034902
64,46,0.054017
64,47,0.072105
64,48,0.085741
64,49,0.129816
64,50,0.186809
64,51,0.165306
64,52,0.151080
64,53,0.128719
64,54,0.059194
64,55,0.077858
64,56,0.109661
64,57,0.100999
64,58,0.201519
64,59,0.234943
64,60,0.336602
64,61,0.406114
64,62,0.609563
64,63,0.688687
64,64,1.000000
64,65,0.381854
64,66,0.363373
64,67,0.289595
64,68,0.223437
64,69,0.267156
64,70,0.233562
64,71,0.197202
64,72,0.117151
64,73,0.156848
64,74,0.109866
64,75,0.031684
64,76,0.094352
64,77,0.078352
64,78,-0.010629
64,79,0.023528
64,80,0.059388
64,81,-0.013364
64,82,-0.029556
64,83,0.012276
64,84,-0.021508
64,85,0.049547
64,86,0.075930
64,87,0.110807
64,88,0.108462
64,89,0.138958
64,90,0.261312
64,91,0.190568
64,92,0.138583
64,93,0.122486
64,94,0.181856
64,95,0.245586
64,96,0.173639
64,97,0.158643
64,98,0.126150
64,99,-0.027254
64,100,0.252455
64,101,0.149810
64,102,0.116837
64,103,0.155409
64,104,0.096868
64,105,0.040323
64,106,0.040437
64,107,-0.010717
64,108,0.051578
64,109,0.065606
64,110,0.091910
64,111,0.065806
64,112,-0.002439
64,113,0.047414
64,114,0.051391
64,115,0.057332
64,116,0.018715
64,117,-0.013376
64,118,0.021216
64,119,0.067365
64,120,0.087103
64,121,0.068200
64,122,0.052221
64,123,0.111248
64,124,0.031955
64,125,0.030142
64,126,0.059795
64,127,0.025643
64,128,-0.006400
64,129,0.017798
64,130,-0.018559
64,131,0.025473
64,132,0.084440
64,133,0.039007
64,134,0.106375
64,135,0.171385
64,136,0.206465
64,137,0.226910
64,138,0.212120
64,139,0.304736
64,140,0.301359
64,141,0.205550
64,142,0.135733
64,143,0.112373
64,144,0.067012
64,145,0.059608
64,146,-0.097471
64,147,-0.057132
64,148,0.060976
64,149,0.071349
64,150,-0.013238
64,151,0.038807
64,152,0.070835
64,153,0.024977
64,154,0.033969
64,155,0.068867
64,156,0.098126
64,157,0.000752
64,158,0.109034
64,159,0.071311
64,160,0.074683
64,161,0.189169
64,162,0.205431
64,163,0.232375
64,164,0.246539
64,165,0.227493
64,166,0.219568
64,167,0.165214
64,168,0.142554
64,169,0.111389
64,170,0.027435
64,171,0.008085
64,172,0.117084
64,173,0.080712
64,174,0.062386
64,175,-0.019433
64,176,-0.030873
64,177,0.044050
64,178,0.022144
64,179,-0.010841
64,180,0.043872
64,181,0.030856
64,182,-0.037260
64,183,-0.058166
64,184,-0.055660
64,185,0.028052
64,186,0.097478
64,187,0.150990
64,188,0.165023
64,189,0.161946
64,190,0.073229
65,1,0.208329
65,2,0.181078
65,3,0.209646
65,4,0.215094
65,5,0.235262
65,6,0.225733
65,7,0.232128
65,8,0.247361
65,9,0.182812
65,10,0.222999
65,11,0.266719
65,12,0.253948
65,13,0.259857
65,14,0.196436
65,15,0.185144
65,16,0.144404
65,17,0.138983
65,18,0.127445
65,19,0.142475
65,20,0.165003
65,21,0.215875
65,22,0.229923
65,23,0.285302
65,24,0.193027
65,25,0.177731
65,26,0.270400
65,27,0.227003
65,28,0.184529
65,29,0.192724
65,30,0.228434
65,31,0.212117
65,32,0.131071
65,33,0.034429
65,34,0.191674
65,35,0.155753
65,36,0.222653
65,37,0.218737
65,38,0.188332
65,39,0.155812
65,40,0.110520
65,41,0.103860
65,42,0.141532
65,43,0.088373
65,44,0.125283
65,45,0.100518
65,46,0.173320
65,47,0.169199
65,48,0.176069
65,49,0.173155
65,50,0.238283
65,51,0.241430
65,52,0.235627
65,53,0.252360
65,54,0.136563
65,55,0.136403
65,56,0.152359
65,57,0.126239
65,58,0.187283
65,59,0.242898
65,60,0.271327
65,61,0.374607
65,62,0.317111
65,63,0.226981
65,64,0.381854
65,65,1.000000
65,66,0.796203
65,67,0.428612
65,68,0.294732
65,69,0.442005
65,70,0.298059
65,71,0.296969
65,72,0.160144
65,73,0.212185
65,74,0.125469
65,75,0.085937
65,76,0.179716
65,77,0.150062
65,78,0.081221
65,79,0.104072
65,80,0.158313
65,81,0.094257
65,82,0.019457
65,83,0.119711
65,84,0.123185
65,85,0.188664
65,86,0.143469
65,87,0.171655
65,88,0.173997
65,89,0.214343
65,90,0.238264
65,91,0.195886
65,92,0.214575
65,93,0.188388
65,94,0.162986
65,95,0.105070
65,96,0.087055
65,97,0.162463
65,98,0.111698
65,99,0.092977
65,100,0.171135
65,101,0.273070
65,102,0.239221
65,103,0.257507
65,104,0.191113
65,105,0.121067
65,106,0.141687
65,107,0.054159
65,108,0.084536
65,109,0.091914
65,110,0.180400
65,111,0.191524
65,112,0.050926
65,113,0.100298
65,114,0.127539
65,115,0.123027
65,116,0.122795
65,117,0.047975
65,118,0.097142
65,119,0.101525
65,120,0.190972
65,121,0.163194
65,122,0.098851
65,123,0.188154
65,124,0.167785
65,125,0.198819
65,126,0.180218
65,127,0.143012
65,128,0.118922
65,129,0.127081
65,130,0.050918
65,131,0.136405
65,132,0.224599
65,133,0.126326
65,134,0.236587
65,135,0.416312
65,136,0.416680
65,137,0.468362
65,138,0.476661
65,139,0.616169
65,140,0.628556
65,141,0.494713
65,142,0.349639
65,143,0.232216
65,144,0.055839
65,145,0.038822
65,146,0.016394
65,147,0.103522
65,148,0.221696
65,149,0.166790
65,150,0.070451
65,151,0.107611
65,152,0.058764
65,153,0.028945
65,154,0.077466
65,155,0.080723
65,156,0.049723
65,157,0.015806
65,158,0.027567
65,159,0.028037
65,160,0.116811
65,161,0.414108
65,162,0.454514
65,163,0.534692
65,164,0.514812
65,165,0.303981
65,166,0.328439
65,167,0.185751
65,168,0.194509
65,169,0.142461
65,170,0.085616
65,171,-0.004663
65,172,0.081009
65,173,0.140511
65,174,0.121884
65,175,-0.027075
65,176,-0.079197
65,177,-0.000012
65,178,0.018487
65,179,-0.029407
65,180,0.024595
65,181,0.126826
65,182,-0.065688
65,183,-0.033887
65,184,-0.038538
65,185,0.053804
65,186,0.139923
65,187,0.156576
65,188,0.146096
65,189,0.096425
65,190,0.031476
66,1,0.206921
66,2,0.127339
66,3,0.149833
66,4,0.182146
66,5,0.241927
66,6,0.250837
66,7,0.269150
66,8,0.280995
66,9,0.175122
66,10,0.193017
66,11,0.192069
66,12,0.214641
66,13,0.282379
66,14,0.255582
66,15,0.262109
66,16,0.217449
66,17,0.217110
66,18,0.202176
66,19,0.216921
66,20,0.237082
66,21,0.270046
66,22,0.176850
66,23,0.244814
66,24,0.230883
66,25,0.232077
66,26,0.279902
66,27,0.213483
66,28,0.195097
66,29,0.214835
66,30,0.213052
66,31,0.212672
66,32,0.159234
66,33,0.015834
66,34,0.184518
66,35,0.131376
66,36,0.227122
66,37,0.234462
66,38,0.214707
66,39,0.209874
66,40,0.155750
66,41,0.171997
66,42,0.199492
66,43,0.143267
66,44,0.108655
66,45,0.109458
66,46,0.182876
66,47,0.169432
66,48,0.177743
66,49,0.171866
66,50,0.243489
66,51,0.238433
66,52,0.234975
66,53,0.240496
66,54,0.109855
66,55,0.154924
66,56,0.192183
66,57,0.177808
66,58,0.137179
66,59,0.191408
66,60,0.258622
66,61,0.324227
66,62,0.305102
66,63,0.221301
66,64,0.363373
66,65,0.796203
66,66,1.000000
66,67,0.628229
66,68,0.462554
66,69,0.594542
66,70,0.405187
66,71,0.429182
66,72,0.259816
66,73,0.301709
66,74,0.200217
66,75,0.141288
66,76,0.254926
66,77,0.199630
66,78,0.098498
66,79,0.130325
66,80,0.179833
66,81,0.094469
66,82,0.036342
66,83,0.102361
66,84,0.068645
66,85,0.121135
66,86,0.064868
66,87,0.084062
66,88,0.081607
66,89,0.162252
66,90,0.229471
66,91,0.135355
66,92,0.117771
66,93,0.135817
66,94,0.115889
66,95,0.106186
66,96,0.117708
66,97,0.199880
66,98,0.127808
66,99,0.111791
66,100,0.199977
66,101,0.282335
66,102,0.217883
66,103,0.206563
66,104,0.110502
66,105,0.010229
66,106,0.075517
66,107,0.059914
66,108,0.122293
66,109,0.102437
66,110,0.187782
66,111,0.191945
66,112,0.040630
66,113,0.127778
66,114,0.128991
66,115,0.135299
66,116,0.106472
66,117,0.062739
66,118,0.107981
66,119,0.176914
66,120,0.256612
66,121,0.237126
66,122,0.179185
66,123,0.266573
66,124,0.149915
66,125,0.175859
66,126,0.170520
66,127,0.125424
66,128,0.100711
66,129,0.120515
66,130,0.030739
66,131,0.117791
66,132,0.230135
66,133,0.111338
66,134,0.199589
66,135,0.382042
66,136,0.402679
66,137,0.399693
66,138,0.394653
66,139,0.561526
66,140,0.569034
66,141,0.450027
66,142,0.296442
66,143,0.191204
66,144,0.039867
66,145,0.030330
66,146,-0.002378
66,147,0.092168
66,148,0.203986
66,149,0.137756
66,150,0.097046
66,151,0.135997
66,152,0.114646
66,153,0.090559
66,154,0.125149
66,155,0.144173
66,156,0.111896
66,157,0.041492
66,158,0.044354
66,159,-0.006535
66,160,0.068510
66,161,0.350000
66,162,0.408714
66,163,0.506056
66,164,0.495108
66,165,0.376416
66,166,0.397007
66,167,0.247625
66,168,0.204305
66,169,0.171901
66,170,0.114481
66,171,0.037460
66,172,0.114668
66,173,0.219918
66,174,0.186138
66,175,0.015418
66,176,-0.029868
66,177,0.065107
66,178,0.061652
66,179,0.007570
66,180,0.031974
66,181,0.111353
66,182,-0.063649
66,183,0.006383
66,184,0.008050
66,185,0.099700
66,186,0.161597
66,187,0.205403
66,188,0.221877
66,189,0.220618
66,190,0.104035
67,1,0.174880
67,2,0.077760
67,3,0.119913
67,4,0.184804
67,5,0.263245
67,6,0.267344
67,7,0.275955
67,8,0.306404
67,9,0.229591
67,10,0.231213
67,11,0.159418
67,12,0.143960
67,13,0.252700
67,14,0.264673
67,15,0.293057
67,16,0.265448
67,17,0.273240
67,18,0.253871
67,19,0.275416
67,20,0.269502
67,21,0.264817
67,22,0.095511
67,23,0.159160
67,24,0.282867
67,25,0.272823
67,26,0.218214
67,27,0.110916
67,28,0.121847
67,29,0.146741
67,30,0.121566
67,31,0.160154
67,32,0.159705
67,33,-0.008800
67,34,0.126841
67,35,0.033967
67,36,0.117514
67,37,0.174445
67,38,0.196225
67,39,0.274738
67,40,0.228741
67,41,0.209107
67,42,0.247803
67,43,0.141141
67,44,0.024039
67,45,0.091979
67,46,0.178622
67,47,0.159974
67,48,0.174183
67,49,0.175779
67,50,0.253801
67,51,0.235482
67,52,0.198368
67,53,0.163632
67,54,0.053482
67,55,0.127736
67,56,0.189746
67,57,0.203890
67,58,0.104523
67,59,0.163706
67,60,0.267514
67,61,0.301301
67,62,0.333209
67,63,0.239196
67,64,0.289595
67,65,0.428612
67,66,0.628229
67,67,1.000000
67,68,0.807790
67,69,0.678406
67,70,0.554035
67,71,0.468676
67,72,0.378784
67,73,0.366824
67,74,0.304722
67,75,0.250386
67,76,0.351431
67,77,0.242265
67,78,0.156459
67,79,0.214820
67,80,0.236920
67,81,0.150609
67,82,0.106249
67,83,0.116679
67,84,0.039326
67,85,0.071611
67,86,-0.005653
67,87,0.012773
67,88,-0.015921
67,89,0.096863
67,90,0.178485
67,91,0.102022
67,92,0.055001
67,93,0.101490
67,94,0.097264
67,95,0.136203
67,96,0.200424
67,97,0.276000
67,98,0.162539
67,99,0.138724
67,100,0.178693
67,101,0.230438
67,102,0.177635
67,103,0.141261
67,104,0.050564
67,105,-0.083532
67,106,0.004541
67,107,0.111379
67,108,0.161442
67,109,0.094468
67,110,0.158192
67,111,0.115877
67,112,-0.021205
67,113,0.049315
67,114,0.084076
67,115,0.071069
67,116,0.042377
67,117,0.034720
67,118,0.109628
67,119,0.218791
67,120,0.219442
67,121,0.203118
67,122,0.166853
67,123,0.273985
67,124,0.083670
67,125,0.115370
67,126,0.165217
67,127,0.094504
67,128,0.062359
67,129,0.064387
67,130,-0.010133
67,131,0.074705
67,132,0.145338
67,133,0.083625
67,134,0.101245
67,135,0.208243
67,136,0.244026
67,137,0.201925
67,138,0.188529
67,139,0.294070
67,140,0.305000
67,141,0.206263
67,142,0.095243
67,143,0.056946
67,144,-0.015896
67,145,-0.022920
67,146,0.010655
67,147,0.076127
67,148,0.096463
67,149,0.078391
67,150,0.065674
67,151,0.096624
67,152,0.104223
67,153,0.105837
67,154,0.125602
67,155,0.188135
67,156,0.136742
67,157,0.072470
67,158,0.069046
67,159,-0.006051
67,160,0.017140
67,161,0.153623
67,162,0.201328
67,163,0.292966
67,164,0.305409
67,165,0.461904
67,166,0.415068
67,167,0.305560
67,168,0.199952
67,169,0.198763
67,170,0.157368
67,171,0.075832
67,172,0.172204
67,173,0.313602
67,174,0.250018
67,175,0.104780
67,176,0.062040
67,177,0.144030
67,178,0.112374
67,179,0.062597
67,180,0.029679
67,181,0.082488
67,182,0.009566
67,183,0.119656
67,184,0.125916
67,185,0.215850
67,186,0.204173
67,187,0.303121
67,188,0.373438
67,189,0.468113
67,190,0.325459
68,1,0.179869
68,2,0.092166
68,3,0.107528
68,4,0.160365
68,5,0.225639
68,6,0.223130
68,7,0.232328
68,8,0.250857
68,9,0.201147
68,10,0.198285
68,11,0.130973
68,12,0.147742
68,13,0.245632
68,14,0.263393
68,15,0.272419
68,16,0.244552
68,17,0.252005
68,18,0.246045
68,19,0.265595
68,20,0.258056
68,21,0.259556
68,22,0.108653
68,23,0.141950
68,24,0.261108
68,25,0.257363
68,26,0.205333
68,27,0.096060
68,28,0.105575
68,29,0.129734
68,30,0.105202
68,31,0.156988
68,32,0.134531
68,33,-0.010485
68,34,0.102147
68,35,0.010205
68,36,0.071408
68,37,0.124982
68,38,0.156380
68,39,0.255074
68,40,0.219813
68,41,0.195758
68,42,0.211039
68,43,0.139042
68,44,0.015454
68,45,0.086474
68,46,0.161338
68,47,0.141460
68,48,0.154041
68,49,0.160710
68,50,0.218085
68,51,0.204952
68,52,0.163176
68,53,0.147734
68,54,0.061538
68,55,0.134972
68,56,0.188354
68,57,0.197292
68,58,0.089603
68,59,0.147410
68,60,0.237962
68,61,0.243299
68,62,0.277977
68,63,0.185637
68,64,0.223437
68,65,0.294732
68,66,0.462554
68,67,0.807790
68,68,1.000000
68,69,0.593558
68,70,0.576864
68,71,0.511015
68,72,0.412445
68,73,0.373107
68,74,0.335815
68,75,0.263866
68,76,0.346604
68,77,0.255018
68,78,0.163839
68,79,0.208998
68,80,0.238456
68,81,0.163436
68,82,0.123000
68,83,0.145875
68,84,0.053662
68,85,0.067096
68,86,-0.008590
68,87,0.005217
68,88,-0.022691
68,89,0.082882
68,90,0.156802
68,91,0.103385
68,92,0.048698
68,93,0.103148
68,94,0.110729
68,95,0.149139
68,96,0.208488
68,97,0.257239
68,98,0.181219
68,99,0.147960
68,100,0.168098
68,101,0.183949
68,102,0.152901
68,103,0.132087
68,104,0.065474
68,105,-0.054597
68,106,0.024928
68,107,0.148353
68,108,0.167979
68,109,0.106247
68,110,0.136950
68,111,0.072243
68,112,-0.025253
68,113,0.011922
68,114,0.036731
68,115,0.030828
68,116,0.031786
68,117,0.040968
68,118,0.109487
68,119,0.188037
68,120,0.180003
68,121,0.173579
68,122,0.141936
68,123,0.231899
68,124,0.060099
68,125,0.084527
68,126,0.148921
68,127,0.067180
68,128,0.068723
68,129,0.065562
68,130,-0.003933
68,131,0.065628
68,132,0.110196
68,133,0.062197
68,134,0.067592
68,135,0.139149
68,136,0.175781
68,137,0.127451
68,138,0.114390
68,139,0.190530
68,140,0.189518
68,141,0.135452
68,142,0.053586
68,143,0.040018
68,144,-0.005245
68,145,-0.029617
68,146,0.022922
68,147,0.053851
68,148,0.032115
68,149,0.039394
68,150,0.053033
68,151,0.082288
68,152,0.093410
68,153,0.104653
68,154,0.115111
68,155,0.169192
68,156,0.115349
68,157,0.063189
68,158,0.106973
68,159,0.018936
68,160,0.021785
68,161,0.085723
68,162,0.131826
68,163,0.200513
68,164,0.196407
68,165,0.425740
68,166,0.365899
68,167,0.306674
68,168,0.186399
68,169,0.206171
68,170,0.179151
68,171,0.102104
68,172,0.151333
68,173,0.263706
68,174,0.206442
68,175,0.108084
68,176,0.081141
68,177,0.142920
68,178,0.123911
68,179,0.079039
68,180,0.039633
68,181,0.063101
68,182,0.059069
68,183,0.137380
68,184,0.179946
68,185,0.246711
68,186,0.213482
68,187,0.317875
68,188,0.381180
68,189,0.494608
68,190,0.382969
69,1,0.205032
69,2,0.099380
69,3,0.116013
69,4,0.177356
69,5,0.274734
69,6,0.294566
69,7,0.301023
69,8,0.299420
69,9,0.212178
69,10,0.212794
69,11,0.158672
69,12,0.179841
69,13,0.296196
69,14,0.297970
69,15,0.313283
69,16,0.274255
69,17,0.276929
69,18,0.264794
69,19,0.290518
69,20,0.299551
69,21,0.301685
69,22,0.134275
69,23,0.204708
69,24,0.261952
69,25,0.257315
69,26,0.247229
69,27,0.144337
69,28,0.163066
69,29,0.200312
69,30,0.165507
69,31,0.195668
69,32,0.172517
69,33,0.012709
69,34,0.177728
69,35,0.099723
69,36,0.186507
69,37,0.192183
69,38,0.209144
69,39,0.266710
69,40,0.207480
69,41,0.203313
69,42,0.248191
69,43,0.184251
69,44,0.064935
69,45,0.105132
69,46,0.177603
69,47,0.172136
69,48,0.190370
69,49,0.183783
69,50,0.258418
69,51,0.232836
69,52,0.204915
69,53,0.209197
69,54,0.083096
69,55,0.165157
69,56,0.218961
69,57,0.218553
69,58,0.124411
69,59,0.182347
69,60,0.274974
69,61,0.279806
69,62,0.302087
69,63,0.207959
69,64,0.267156
69,65,0.442005
69,66,0.594542
69,67,0.678406
69,68,0.593558
69,69,1.000000
69,70,0.777766
69,71,0.647276
69,72,0.511222
69,73,0.416774
69,74,0.357347
69,75,0.257415
69,76,0.365881
69,77,0.279221
69,78,0.167493
69,79,0.207706
69,80,0.247027
69,81,0.156581
69,82,0.105210
69,83,0.117492
69,84,0.045168
69,85,0.090355
69,86,0.022144
69,87,0.036981
69,88,-0.000309
69,89,0.104054
69,90,0.192930
69,91,0.117790
69,92,0.060874
69,93,0.116268
69,94,0.137068
69,95,0.171326
69,96,0.199636
69,97,0.267529
69,98,0.168232
69,99,0.151507
69,100,0.225177
69,101,0.258872
69,102,0.204798
69,103,0.179632
69,104,0.076028
69,105,-0.043441
69,106,0.045289
69,107,0.102872
69,108,0.183321
69,109,0.112593
69,110,0.171563
69,111,0.121216
69,112,0.009547
69,113,0.092312
69,114,0.103491
69,115,0.117671
69,116,0.058097
69,117,0.063499
69,118,0.118777
69,119,0.211750
69,120,0.232262
69,121,0.210350
69,122,0.173042
69,123,0.289995
69,124,0.101650
69,125,0.112141
69,126,0.157297
69,127,0.097312
69,128,0.065608
69,129,0.087957
69,130,0.010045
69,131,0.084471
69,132,0.174805
69,133,0.097048
69,134,0.097596
69,135,0.225808
69,136,0.271909
69,137,0.227456
69,138,0.208135
69,139,0.318861
69,140,0.316731
69,141,0.234661
69,142,0.113986
69,143,0.054331
69,144,-0.021748
69,145,-0.015329
69,146,0.001604
69,147,0.089344
69,148,0.151956
69,149,0.116413
69,150,0.115759
69,151,0.162760
69,152,0.143886
69,153,0.122653
69,154,0.159878
69,155,0.199445
69,156,0.148755
69,157,0.060768
69,158,0.066588
69,159,-0.010421
69,160,0.010674
69,161,0.168302
69,162,0.220642
69,163,0.304023
69,164,0.330944
69,165,0.415779
69,166,0.401567
69,167,0.311025
69,168,0.223333
69,169,0.212730
69,170,0.181658
69,171,0.095368
69,172,0.155277
69,173,0.281199
69,174,0.224056
69,175,0.082220
69,176,0.049202
69,177,0.135890
69,178,0.120420
69,179,0.083051
69,180,0.043844
69,181,0.083761
69,182,-0.004099
69,183,0.085253
69,184,0.134176
69,185,0.185681
69,186,0.184514
69,187,0.250533
69,188,0.277210
69,189,0.354642
69,190,0.213661
70,1,0.222877
70,2,0.116330
70,3,0.110696
70,4,0.176808
70,5,0.275909
70,6,0.297854
70,7,0.315704
70,8,0.303742
70,9,0.227457
70,10,0.218028
70,11,0.167093
70,12,0.198900
70,13,0.323625
70,14,0.323807
70,15,0.328373
70,16,0.275306
70,17,0.277636
70,18,0.274855
70,19,0.312505
70,20,0.333080
70,21,0.330627
70,22,0.159473
70,23,0.205500
70,24,0.271771
70,25,0.261198
70,26,0.228629
70,27,0.113303
70,28,0.145214
70,29,0.180226
70,30,0.132524
70,31,0.191404
70,32,0.160997
70,33,0.019725
70,34,0.153806
70,35,0.083120
70,36,0.144615
70,37,0.135726
70,38,0.183840
70,39,0.252339
70,40,0.201012
70,41,0.187249
70,42,0.241810
70,43,0.223435
70,44,0.072372
70,45,0.116563
70,46,0.176705
70,47,0.165982
70,48,0.176599
70,49,0.177084
70,50,0.241958
70,51,0.219601
70,52,0.201596
70,53,0.211782
70,54,0.103184
70,55,0.191588
70,56,0.248475
70,57,0.228893
70,58,0.109243
70,59,0.182511
70,60,0.278448
70,61,0.259964
70,62,0.290216
70,63,0.217916
70,64,0.233562
70,65,0.298059
70,66,0.405187
70,67,0.554035
70,68,0.576864
70,69,0.777766
70,70,1.000000
70,71,0.643115
70,72,0.554859
70,73,0.445857
70,74,0.408627
70,75,0.300445
70,76,0.366188
70,77,0.281843
70,78,0.168008
70,79,0.194472
70,80,0.237959
70,81,0.145947
70,82,0.104767
70,83,0.109835
70,84,0.030038
70,85,0.072401
70,86,0.018998
70,87,0.032195
70,88,-0.007195
70,89,0.084182
70,90,0.174518
70,91,0.098102
70,92,0.031880
70,93,0.106025
70,94,0.147968
70,95,0.207423
70,96,0.217299
70,97,0.256613
70,98,0.184659
70,99,0.110773
70,100,0.255308
70,101,0.233079
70,102,0.190968
70,103,0.157037
70,104,0.044214
70,105,-0.063252
70,106,0.051324
70,107,0.104857
70,108,0.167776
70,109,0.115561
70,110,0.142720
70,111,0.083762
70,112,0.024765
70,113,0.095212
70,114,0.100218
70,115,0.133861
70,116,0.055408
70,117,0.095880
70,118,0.136402
70,119,0.222738
70,120,0.207902
70,121,0.186435
70,122,0.159234
70,123,0.260076
70,124,0.068164
70,125,0.058718
70,126,0.120961
70,127,0.078989
70,128,0.045211
70,129,0.090629
70,130,0.019734
70,131,0.083474
70,132,0.146222
70,133,0.092924
70,134,0.057184
70,135,0.153682
70,136,0.202737
70,137,0.117638
70,138,0.107342
70,139,0.216814
70,140,0.193555
70,141,0.099147
70,142,0.004635
70,143,-0.015194
70,144,-0.054233
70,145,-0.046027
70,146,-0.013319
70,147,0.055836
70,148,0.132394
70,149,0.110509
70,150,0.129881
70,151,0.184004
70,152,0.169594
70,153,0.142608
70,154,0.181496
70,155,0.210169
70,156,0.163562
70,157,0.083276
70,158,0.067717
70,159,-0.000798
70,160,-0.005805
70,161,0.077168
70,162,0.116625
70,163,0.169260
70,164,0.206967
70,165,0.361306
70,166,0.348844
70,167,0.317570
70,168,0.225255
70,169,0.227312
70,170,0.188708
70,171,0.121192
70,172,0.163125
70,173,0.272747
70,174,0.203694
70,175,0.084624
70,176,0.082302
70,177,0.168798
70,178,0.150116
70,179,0.113195
70,180,0.056873
70,181,0.048958
70,182,0.007653
70,183,0.061257
70,184,0.177677
70,185,0.225842
70,186,0.217758
70,187,0.280427
70,188,0.273367
70,189,0.365074
70,190,0.237523
71,1,0.203601
71,2,0.077819
71,3,0.066977
71,4,0.124616
71,5,0.231185
71,6,0.260040
71,7,0.285396
71,8,0.253742
71,9,0.161705
71,10,0.155456
71,11,0.113070
71,12,0.177231
71,13,0.338041
71,14,0.358125
71,15,0.366740
71,16,0.317714
71,17,0.308207
71,18,0.304508
71,19,0.324556
71,20,0.337164
71,21,0.353612
71,22,0.141321
71,23,0.208913
71,24,0.238779
71,25,0.242736
71,26,0.204314
71,27,0.106155
71,28,0.140937
71,29,0.179936
71,30,0.123573
71,31,0.147396
71,32,0.162125
71,33,0.018616
71,34,0.166667
71,35,0.095159
71,36,0.165152
71,37,0.164158
71,38,0.188432
71,39,0.264324
71,40,0.214815
71,41,0.213221
71,42,0.229569
71,43,0.186398
71,44,0.119180
71,45,0.166670
71,46,0.223037
71,47,0.204014
71,48,0.214426
71,49,0.187517
71,50,0.251406
71,51,0.227582
71,52,0.225576
71,53,0.264062
71,54,0.131141
71,55,0.205571
71,56,0.243892
71,57,0.223287
71,58,0.150747
71,59,0.206770
71,60,0.276722
71,61,0.230452
71,62,0.252859
71,63,0.158066
71,64,0.197202
71,65,0.296969
71,66,0.429182
71,67,0.468676
71,68,0.511015
71,69,0.647276
71,70,0.643115
71,71,1.000000
71,72,0.744933
71,73,0.623809
71,74,0.530791
71,75,0.385221
71,76,0.424516
71,77,0.333404
71,78,0.186366
71,79,0.215590
71,80,0.267914
71,81,0.189885
71,82,0.125761
71,83,0.148100
71,84,0.072359
71,85,0.085709
71,86,0.015199
71,87,0.022502
71,88,-0.017279
71,89,0.112284
71,90,0.209176
71,91,0.136272
71,92,0.080853
71,93,0.179876
71,94,0.190624
71,95,0.234312
71,96,0.257212
71,97,0.295437
71,98,0.220988
71,99,0.240051
71,100,0.317640
71,101,0.251420
71,102,0.211927
71,103,0.192964
71,104,0.080915
71,105,-0.060992
71,106,0.054157
71,107,0.151143
71,108,0.212529
71,109,0.141347
71,110,0.186342
71,111,0.120577
71,112,0.039469
71,113,0.115752
71,114,0.113073
71,115,0.134859
71,116,0.049477
71,117,0.090051
71,118,0.120527
71,119,0.214971
71,120,0.232984
71,121,0.230303
71,122,0.199194
71,123,0.270350
71,124,0.103492
71,125,0.098897
71,126,0.167419
71,127,0.108029
71,128,0.075705
71,129,0.098515
71,130,0.035941
71,131,0.112888
71,132,0.184482
71,133,0.110383
71,134,0.091485
71,135,0.199419
71,136,0.223779
71,137,0.157463
71,138,0.148552
71,139,0.233612
71,140,0.230712
71,141,0.180300
71,142,0.093105
71,143,0.042409
71,144,-0.017134
71,145,-0.021662
71,146,-0.017893
71,147,0.040009
71,148,0.095282
71,149,0.066620
71,150,0.121167
71,151,0.151336
71,152,0.154035
71,153,0.141538
71,154,0.175692
71,155,0.203014
71,156,0.144465
71,157,0.082864
71,158,0.093981
71,159,0.002328
71,160,0.064533
71,161,0.172991
71,162,0.216219
71,163,0.264945
71,164,0.281105
71,165,0.413732
71,166,0.373219
71,167,0.321252
71,168,0.228490
71,169,0.262539
71,170,0.222588
71,171,0.146795
71,172,0.166704
71,173,0.255360
71,174,0.202978
71,175,0.095174
71,176,0.080491
71,177,0.156636
71,178,0.139429
71,179,0.108416
71,180,0.097254
71,181,0.110709
71,182,0.049589
71,183,0.164303
71,184,0.222873
71,185,0.258045
71,186,0.259731
71,187,0.307199
71,188,0.321545
71,189,0.396395
71,190,0.301785
72,1,0.187627
72,2,0.067154
72,3,0.047329
72,4,0.106608
72,5,0.223536
72,6,0.243728
72,7,0.270105
72,8,0.245587
72,9,0.160967
72,10,0.158676
72,11,0.093195
72,12,0.167159
72,13,0.300262
72,14,0.319284
72,15,0.324165
72,16,0.285579
72,17,0.288645
72,18,0.292893
72,19,0.320061
72,20,0.329567
72,21,0.335009
72,22,0.122686
72,23,0.165421
72,24,0.200305
72,25,0.206459
72,26,0.170038
72,27,0.076107
72,28,0.122442
72,29,0.154201
72,30,0.086769
72,31,0.139219
72,32,0.140254
72,33,0.026090
72,34,0.155010
72,35,0.079789
72,36,0.133467
72,37,0.111115
72,38,0.157261
72,39,0.254335
72,40,0.199613
72,41,0.183770
72,42,0.238172
72,43,0.194310
72,44,0.087125
72,45,0.125488
72,46,0.157770
72,47,0.152278
72,48,0.155782
72,49,0.151691
72,50,0.208505
72,51,0.176877
72,52,0.172422
72,53,0.198660
72,54,0.116837
72,55,0.204121
72,56,0.260886
72,57,0.233123
72,58,0.122413
72,59,0.165611
72,60,0.227642
72,61,0.195655
72,62,0.210835
72,63,0.137244
72,64,0.117151
72,65,0.160144
72,66,0.259816
72,67,0.378784
72,68,0.412445
72,69,0.511222
72,70,0.554859
72,71,0.744933
72,72,1.000000
72,73,0.601359
72,74,0.613647
72,75,0.476158
72,76,0.434419
72,77,0.336622
72,78,0.196774
72,79,0.205471
72,80,0.242301
72,81,0.161410
72,82,0.111383
72,83,0.127459
72,84,0.065554
72,85,0.059538
72,86,0.006113
72,87,0.006395
72,88,-0.036868
72,89,0.085357
72,90,0.145269
72,91,0.081502
72,92,0.040678
72,93,0.126531
72,94,0.139364
72,95,0.203542
72,96,0.270992
72,97,0.295848
72,98,0.227828
72,99,0.210332
72,100,0.236752
72,101,0.208927
72,102,0.189312
72,103,0.150919
72,104,0.050514
72,105,-0.071165
72,106,0.031216
72,107,0.143250
72,108,0.207367
72,109,0.132703
72,110,0.169843
72,111,0.077531
72,112,0.046038
72,113,0.137922
72,114,0.136312
72,115,0.142311
72,116,0.046563
72,117,0.088883
72,118,0.108579
72,119,0.186293
72,120,0.164848
72,121,0.151895
72,122,0.126623
72,123,0.218339
72,124,0.060463
72,125,0.090172
72,126,0.133252
72,127,0.097442
72,128,0.058975
72,129,0.091994
72,130,0.044100
72,131,0.133797
72,132,0.193501
72,133,0.118026
72,134,0.073183
72,135,0.167294
72,136,0.169638
72,137,0.071966
72,138,0.083376
72,139,0.141714
72,140,0.138245
72,141,0.088306
72,142,0.028017
72,143,0.010346
72,144,-0.021180
72,145,-0.046496
72,146,-0.050285
72,147,0.016891
72,148,0.101301
72,149,0.084661
72,150,0.170900
72,151,0.174540
72,152,0.178725
72,153,0.169370
72,154,0.197898
72,155,0.237186
72,156,0.179250
72,157,0.110526
72,158,0.082587
72,159,-0.003481
72,160,0.050450
72,161,0.096237
72,162,0.126661
72,163,0.159883
72,164,0.189191
72,165,0.404655
72,166,0.333190
72,167,0.318797
72,168,0.182128
72,169,0.224038
72,170,0.213930
72,171,0.171426
72,172,0.160556
72,173,0.253081
72,174,0.193500
72,175,0.107275
72,176,0.123728
72,177,0.185724
72,178,0.166791
72,179,0.158250
72,180,0.105083
72,181,0.114650
72,182,0.083528
72,183,0.224712
72,184,0.284841
72,185,0.310013
72,186,0.293511
72,187,0.347693
72,188,0.370712
72,189,0.454932
72,190,0.380520
73,1,0.181061
73,2,0.061675
73,3,0.085872
73,4,0.157335
73,5,0.259649
73,6,0.266132
73,7,0.290506
73,8,0.258996
73,9,0.173017
73,10,0.184361
73,11,0.116151
73,12,0.167464
73,13,0.331220
73,14,0.354683
73,15,0.366315
73,16,0.315826
73,17,0.306568
73,18,0.298073
73,19,0.320061
73,20,0.333127
73,21,0.342252
73,22,0.113525
73,23,0.204227
73,24,0.262190
73,25,0.253357
73,26,0.173741
73,27,0.099943
73,28,0.128199
73,29,0.150358
73,30,0.087382
73,31,0.103056
73,32,0.129478
73,33,0.002442
73,34,0.117483
73,35,0.052296
73,36,0.137408
73,37,0.155716
73,38,0.155880
73,39,0.260834
73,40,0.229713
73,41,0.235772
73,42,0.238876
73,43,0.152947
73,44,0.107094
73,45,0.154181
73,46,0.224943
73,47,0.233611
73,48,0.248428
73,49,0.232137
73,50,0.300369
73,51,0.284175
73,52,0.280474
73,53,0.282380
73,54,0.140826
73,55,0.199593
73,56,0.245148
73,57,0.223322
73,58,0.205030
73,59,0.257672
73,60,0.296128
73,61,0.262842
73,62,0.233951
73,63,0.155473
73,64,0.156848
73,65,0.212185
73,66,0.301709
73,67,0.366824
73,68,0.373107
73,69,0.416774
73,70,0.445857
73,71,0.623809
73,72,0.601359
73,73,1.000000
73,74,0.749603
73,75,0.498044
73,76,0.613192
73,77,0.414417
73,78,0.198333
73,79,0.245291
73,80,0.314034
73,81,0.203641
73,82,0.109927
73,83,0.149172
73,84,0.082270
73,85,0.089671
73,86,0.012782
73,87,0.008833
73,88,-0.001300
73,89,0.134919
73,90,0.215445
73,91,0.162331
73,92,0.124047
73,93,0.229013
73,94,0.248810
73,95,0.311670
73,96,0.303893
73,97,0.280505
73,98,0.245913
73,99,0.200392
73,100,0.427711
73,101,0.287523
73,102,0.262072
73,103,0.203639
73,104,0.101939
73,105,-0.065572
73,106,0.027786
73,107,0.171082
73,108,0.193054
73,109,0.167371
73,110,0.228837
73,111,0.143420
73,112,0.064971
73,113,0.107929
73,114,0.138915
73,115,0.125492
73,116,0.058941
73,117,0.080132
73,118,0.128670
73,119,0.208703
73,120,0.229114
73,121,0.218337
73,122,0.177665
73,123,0.257030
73,124,0.135819
73,125,0.143400
73,126,0.170210
73,127,0.119231
73,128,0.092758
73,129,0.076222
73,130,0.011066
73,131,0.073402
73,132,0.136838
73,133,0.084399
73,134,0.093837
73,135,0.172862
73,136,0.173476
73,137,0.152217
73,138,0.126445
73,139,0.182556
73,140,0.195998
73,141,0.139704
73,142,0.077710
73,143,0.072557
73,144,0.021770
73,145,-0.002368
73,146,-0.013084
73,147,0.024506
73,148,0.059982
73,149,0.076082
73,150,0.071978
73,151,0.088568
73,152,0.111270
73,153,0.137302
73,154,0.144376
73,155,0.172299
73,156,0.135942
73,157,0.083016
73,158,0.106146
73,159,0.016558
73,160,0.103192
73,161,0.179084
73,162,0.214057
73,163,0.236784
73,164,0.260127
73,165,0.403192
73,166,0.347804
73,167,0.301520
73,168,0.196674
73,169,0.243302
73,170,0.187042
73,171,0.125168
73,172,0.201374
73,173,0.254061
73,174,0.180972
73,175,0.069868
73,176,0.057690
73,177,0.115545
73,178,0.106305
73,179,0.070193
73,180,0.098918
73,181,0.114534
73,182,0.046133
73,183,0.196156
73,184,0.195691
73,185,0.272774
73,186,0.232199
73,187,0.291758
73,188,0.324799
73,189,0.369945
73,190,0.292306
74,1,0.210871
74,2,0.100845
74,3,0.077937
74,4,0.152124
74,5,0.266375
74,6,0.281831
74,7,0.315580
74,8,0.285177
74,9,0.205063
74,10,0.202363
74,11,0.131052
74,12,0.197416
74,13,0.338589
74,14,0.351177
74,15,0.346448
74,16,0.297371
74,17,0.275456
74,18,0.283299
74,19,0.311591
74,20,0.333868
74,21,0.347389
74,22,0.144986
74,23,0.212859
74,24,0.263120
74,25,0.251238
74,26,0.170874
74,27,0.067593
74,28,0.105054
74,29,0.128834
74,30,0.059792
74,31,0.108141
74,32,0.119368
74,33,0.036344
74,34,0.112940
74,35,0.053510
74,36,0.117274
74,37,0.069396
74,38,0.109986
74,39,0.230086
74,40,0.210782
74,41,0.191897
74,42,0.233337
74,43,0.177319
74,44,0.117947
74,45,0.161137
74,46,0.203346
74,47,0.218782
74,48,0.228997
74,49,0.224694
74,50,0.280673
74,51,0.257199
74,52,0.253067
74,53,0.263855
74,54,0.154209
74,55,0.224910
74,56,0.267845
74,57,0.231311
74,58,0.146284
74,59,0.206689
74,60,0.258798
74,61,0.234286
74,62,0.240112
74,63,0.159974
74,64,0.109866
74,65,0.125469
74,66,0.200217
74,67,0.304722
74,68,0.335815
74,69,0.357347
74,70,0.408627
74,71,0.530791
74,72,0.613647
74,73,0.749603
74,74,1.000000
74,75,0.731876
74,76,0.626121
74,77,0.537628
74,78,0.314712
74,79,0.268015
74,80,0.322707
74,81,0.228151
74,82,0.134869
74,83,0.150642
74,84,0.093342
74,85,0.106857
74,86,0.045194
74,87,0.053225
74,88,0.026116
74,89,0.131028
74,90,0.168317
74,91,0.130659
74,92,0.072421
74,93,0.161558
74,94,0.176380
74,95,0.254390
74,96,0.295564
74,97,0.290187
74,98,0.257473
74,99,0.193804
74,100,0.294442
74,101,0.238705
74,102,0.235000
74,103,0.187173
74,104,0.082513
74,105,-0.048607
74,106,0.054032
74,107,0.139148
74,108,0.207639
74,109,0.150694
74,110,0.201636
74,111,0.096226
74,112,0.086188
74,113,0.153888
74,114,0.173111
74,115,0.184000
74,116,0.060602
74,117,0.097868
74,118,0.123748
74,119,0.184658
74,120,0.147406
74,121,0.136860
74,122,0.113473
74,123,0.206309
74,124,0.084477
74,125,0.094282
74,126,0.124108
74,127,0.078381
74,128,0.055761
74,129,0.133228
74,130,0.063794
74,131,0.158658
74,132,0.203528
74,133,0.115805
74,134,0.075566
74,135,0.175391
74,136,0.138481
74,137,0.046992
74,138,0.070253
74,139,0.105327
74,140,0.098289
74,141,0.050802
74,142,0.007555
74,143,0.023598
74,144,0.008816
74,145,-0.033091
74,146,-0.062898
74,147,-0.001156
74,148,0.104429
74,149,0.084079
74,150,0.183294
74,151,0.192063
74,152,0.210888
74,153,0.220082
74,154,0.231687
74,155,0.251558
74,156,0.218385
74,157,0.121878
74,158,0.087176
74,159,0.027315
74,160,0.075331
74,161,0.094828
74,162,0.125154
74,163,0.137787
74,164,0.155846
74,165,0.363047
74,166,0.294214
74,167,0.326193
74,168,0.197111
74,169,0.253820
74,170,0.232865
74,171,0.195935
74,172,0.182396
74,173,0.265465
74,174,0.184829
74,175,0.086763
74,176,0.122532
74,177,0.192175
74,178,0.179520
74,179,0.185843
74,180,0.130978
74,181,0.122210
74,182,0.088103
74,183,0.241849
74,184,0.330214
74,185,0.342711
74,186,0.297136
74,187,0.332965
74,188,0.331595
74,189,0.378462
74,190,0.303645
75,1,0.178819
75,2,0.112652
75,3,0.098266
75,4,0.143585
75,5,0.220053
75,6,0.214590
75,7,0.230591
75,8,0.219824
75,9,0.174565
75,10,0.189690
75,11,0.136029
75,12,0.170119
75,13,0.263058
75,14,0.267730
75,15,0.266007
75,16,0.225161
75,17,0.203709
75,18,0.200779
75,19,0.221465
75,20,0.225635
75,21,0.263367
75,22,0.132071
75,23,0.171331
75,24,0.224932
75,25,0.214347
75,26,0.140270
75,27,0.057094
75,28,0.061615
75,29,0.062301
75,30,0.028681
75,31,0.120573
75,32,0.141673
75,33,0.061112
75,34,0.096767
75,35,0.071467
75,36,0.142865
75,37,0.077087
75,38,0.133652
75,39,0.210691
75,40,0.176748
75,41,0.126473
75,42,0.142525
75,43,0.114820
75,44,0.078160
75,45,0.083809
75,46,0.144144
75,47,0.160478
75,48,0.169567
75,49,0.176039
75,50,0.221711
75,51,0.194299
75,52,0.179807
75,53,0.182496
75,54,0.114677
75,55,0.196484
75,56,0.208137
75,57,0.161793
75,58,0.097329
75,59,0.161219
75,60,0.193142
75,61,0.159211
75,62,0.194073
75,63,0.125830
75,64,0.031684
75,65,0.085937
75,66,0.141288
75,67,0.250386
75,68,0.263866
75,69,0.257415
75,70,0.300445
75,71,0.385221
75,72,0.476158
75,73,0.498044
75,74,0.731876
75,75,1.000000
75,76,0.542707
75,77,0.535109
75,78,0.456858
75,79,0.326318
75,80,0.289593
75,81,0.243599
75,82,0.161552
75,83,0.126715
75,84,0.119690
75,85,0.123120
75,86,0.093157
75,87,0.102776
75,88,0.083149
75,89,0.114464
75,90,0.132051
75,91,0.126096
75,92,0.052338
75,93,0.136653
75,94,0.141863
75,95,0.217388
75,96,0.259533
75,97,0.227288
75,98,0.208883
75,99,0.220108
75,100,0.197582
75,101,0.157047
75,102,0.166107
75,103,0.126684
75,104,0.051029
75,105,-0.025031
75,106,0.025965
75,107,0.135791
75,108,0.153666
75,109,0.115498
75,110,0.172879
75,111,0.128371
75,112,0.088515
75,113,0.155437
75,114,0.184955
75,115,0.191050
75,116,0.113466
75,117,0.103340
75,118,0.103270
75,119,0.135835
75,120,0.095057
75,121,0.099443
75,122,0.070871
75,123,0.170148
75,124,0.069282
75,125,0.115699
75,126,0.149163
75,127,0.098201
75,128,0.136764
75,129,0.217172
75,130,0.122954
75,131,0.217647
75,132,0.246077
75,133,0.127454
75,134,0.083535
75,135,0.176937
75,136,0.114516
75,137,0.007677
75,138,0.050733
75,139,0.077076
75,140,0.052207
75,141,0.013109
75,142,-0.000376
75,143,0.028214
75,144,0.058717
75,145,-0.007610
75,146,-0.030606
75,147,0.072469
75,148,0.155370
75,149,0.103580
75,150,0.230129
75,151,0.220405
75,152,0.222653
75,153,0.226891
75,154,0.239834
75,155,0.249322
75,156,0.207274
75,157,0.123806
75,158,0.069623
75,159,0.039449
75,160,0.056762
75,161,0.067632
75,162,0.089779
75,163,0.074089
75,164,0.090562
75,165,0.275870
75,166,0.230599
75,167,0.287998
75,168,0.166725
75,169,0.229990
75,170,0.245316
75,171,0.198477
75,172,0.124519
75,173,0.226671
75,174,0.166103
75,175,0.084818
75,176,0.127589
75,177,0.179918
75,178,0.165424
75,179,0.203431
75,180,0.110127
75,181,0.121414
75,182,0.092872
75,183,0.249711
75,184,0.339753
75,185,0.322191
75,186,0.286870
75,187,0.288729
75,188,0.260552
75,189,0.295971
75,190,0.267128
76,1,0.153781
76,2,0.062974
76,3,0.139200
76,4,0.219812
76,5,0.310122
76,6,0.307113
76,7,0.317300
76,8,0.296872
76,9,0.236482
76,10,0.242425
76,11,0.161365
76,12,0.153189
76,13,0.298956
76,14,0.312408
76,15,0.332575
76,16,0.297294
76,17,0.296280
76,18,0.260250
76,19,0.302635
76,20,0.314053
76,21,0.316865
76,22,0.096607
76,23,0.198507
76,24,0.314518
76,25,0.314299
76,26,0.194805
76,27,0.105228
76,28,0.125218
76,29,0.128932
76,30,0.072703
76,31,0.137726
76,32,0.155013
76,33,0.012021
76,34,0.148489
76,35,0.076880
76,36,0.153809
76,37,0.168843
76,38,0.180229
76,39,0.301096
76,40,0.276392
76,41,0.266866
76,42,0.297780
76,43,0.182036
76,44,0.113072
76,45,0.168646
76,46,0.264281
76,47,0.280977
76,48,0.295185
76,49,0.262009
76,50,0.336181
76,51,0.313169
76,52,0.305326
76,53,0.279255
76,54,0.125976
76,55,0.171351
76,56,0.228952
76,57,0.236920
76,58,0.134631
76,59,0.196452
76,60,0.258038
76,61,0.239609
76,62,0.203283
76,63,0.106654
76,64,0.094352
76,65,0.179716
76,66,0.254926
76,67,0.351431
76,68,0.346604
76,69,0.365881
76,70,0.366188
76,71,0.424516
76,72,0.434419
76,73,0.613192
76,74,0.626121
76,75,0.542707
76,76,1.000000
76,77,0.696791
76,78,0.432929
76,79,0.497221
76,80,0.516894
76,81,0.329381
76,82,0.216592
76,83,0.268608
76,84,0.184337
76,85,0.215313
76,86,0.102158
76,87,0.085209
76,88,0.030370
76,89,0.147064
76,90,0.202295
76,91,0.156656
76,92,0.119548
76,93,0.198731
76,94,0.167277
76,95,0.210218
76,96,0.264257
76,97,0.303549
76,98,0.219869
76,99,0.209059
76,100,0.246177
76,101,0.329817
76,102,0.278501
76,103,0.235196
76,104,0.137178
76,105,-0.042963
76,106,0.112308
76,107,0.203598
76,108,0.226049
76,109,0.147407
76,110,0.201570
76,111,0.154859
76,112,0.069190
76,113,0.119457
76,114,0.143285
76,115,0.124592
76,116,0.059588
76,117,0.093856
76,118,0.138667
76,119,0.222461
76,120,0.208980
76,121,0.195499
76,122,0.154782
76,123,0.267141
76,124,0.112501
76,125,0.119213
76,126,0.179923
76,127,0.125117
76,128,0.089766
76,129,0.139720
76,130,0.008758
76,131,0.072282
76,132,0.126777
76,133,0.059757
76,134,0.029474
76,135,0.134709
76,136,0.135893
76,137,0.106765
76,138,0.099154
76,139,0.153267
76,140,0.161491
76,141,0.094987
76,142,0.048376
76,143,0.044494
76,144,0.009371
76,145,-0.015289
76,146,-0.014367
76,147,0.045557
76,148,0.099351
76,149,0.069679
76,150,0.110054
76,151,0.127745
76,152,0.128775
76,153,0.130777
76,154,0.160393
76,155,0.207651
76,156,0.139890
76,157,0.091977
76,158,0.141569
76,159,0.054596
76,160,0.094070
76,161,0.159370
76,162,0.198030
76,163,0.216451
76,164,0.227342
76,165,0.380691
76,166,0.337670
76,167,0.306248
76,168,0.200259
76,169,0.253872
76,170,0.224325
76,171,0.158831
76,172,0.208081
76,173,0.309357
76,174,0.217932
76,175,0.107796
76,176,0.082565
76,177,0.158874
76,178,0.152926
76,179,0.115090
76,180,0.083907
76,181,0.110721
76,182,0.056075
76,183,0.221466
76,184,0.247044
76,185,0.304441
76,186,0.238071
76,187,0.285914
76,188,0.291155
76,189,0.350788
76,190,0.278539
77,1,0.142153
77,2,0.071944
77,3,0.140296
77,4,0.209824
77,5,0.287901
77,6,0.298898
77,7,0.304641
77,8,0.269894
77,9,0.232999
77,10,0.238896
77,11,0.173948
77,12,0.160509
77,13,0.253004
77,14,0.272278
77,15,0.262651
77,16,0.241170
77,17,0.229458
77,18,0.209616
77,19,0.260167
77,20,0.276373
77,21,0.289662
77,22,0.149238
77,23,0.201894
77,24,0.294233
77,25,0.284255
77,26,0.165639
77,27,0.092757
77,28,0.094417
77,29,0.089020
77,30,0.053473
77,31,0.118919
77,32,0.138554
77,33,0.063202
77,34,0.120248
77,35,0.088269
77,36,0.128815
77,37,0.111213
77,38,0.138399
77,39,0.236975
77,40,0.242127
77,41,0.225459
77,42,0.241872
77,43,0.167013
77,44,0.139149
77,45,0.169019
77,46,0.248276
77,47,0.266081
77,48,0.273935
77,49,0.251317
77,50,0.311157
77,51,0.302922
77,52,0.288290
77,53,0.272572
77,54,0.152202
77,55,0.159595
77,56,0.220151
77,57,0.228194
77,58,0.128366
77,59,0.179365
77,60,0.210488
77,61,0.191057
77,62,0.187483
77,63,0.097870
77,64,0.078352
77,65,0.150062
77,66,0.199630
77,67,0.242265
77,68,0.255018
77,69,0.279221
77,70,0.281843
77,71,0.333404
77,72,0.336622
77,73,0.414417
77,74,0.537628
77,75,0.535109
77,76,0.696791
77,77,1.000000
77,78,0.702319
77,79,0.519828
77,80,0.591167
77,81,0.478255
77,82,0.294072
77,83,0.305189
77,84,0.245062
77,85,0.263420
77,86,0.150267
77,87,0.140123
77,88,0.061330
77,89,0.124191
77,90,0.129205
77,91,0.127450
77,92,0.092572
77,93,0.148621
77,94,0.154974
77,95,0.209599
77,96,0.274836
77,97,0.300366
77,98,0.250497
77,99,0.291813
77,100,0.160282
77,101,0.256472
77,102,0.267856
77,103,0.234621
77,104,0.169836
77,105,0.065154
77,106,0.159881
77,107,0.188956
77,108,0.249595
77,109,0.169865
77,110,0.206803
77,111,0.147942
77,112,0.117836
77,113,0.161824
77,114,0.196361
77,115,0.199878
77,116,0.107282
77,117,0.126716
77,118,0.124646
77,119,0.139143
77,120,0.131733
77,121,0.125915
77,122,0.084186
77,123,0.232571
77,124,0.136555
77,125,0.117824
77,126,0.206269
77,127,0.149497
77,128,0.153445
77,129,0.253631
77,130,0.113068
77,131,0.168126
77,132,0.191356
77,133,0.082894
77,134,0.087935
77,135,0.159007
77,136,0.142686
77,137,0.076048
77,138,0.109845
77,139,0.132422
77,140,0.128562
77,141,0.094073
77,142,0.069869
77,143,0.063606
77,144,0.018504
77,145,-0.012489
77,146,0.009471
77,147,0.077326
77,148,0.112350
77,149,0.064055
77,150,0.159266
77,151,0.166125
77,152,0.151910
77,153,0.146215
77,154,0.175589
77,155,0.181585
77,156,0.123608
77,157,0.039763
77,158,0.105658
77,159,0.063410
77,160,0.102104
77,161,0.136969
77,162,0.168020
77,163,0.185869
77,164,0.198327
77,165,0.299695
77,166,0.275092
77,167,0.301082
77,168,0.195091
77,169,0.242894
77,170,0.256222
77,171,0.221751
77,172,0.165638
77,173,0.219039
77,174,0.149109
77,175,0.112505
77,176,0.142785
77,177,0.200913
77,178,0.216614
77,179,0.222257
77,180,0.163226
77,181,0.179526
77,182,0.090722
77,183,0.213072
77,184,0.333170
77,185,0.327238
77,186,0.298794
77,187,0.301353
77,188,0.266683
77,189,0.289776
77,190,0.252303
78,1,0.086416
78,2,0.086521
78,3,0.150525
78,4,0.155124
78,5,0.165294
78,6,0.154943
78,7,0.138677
78,8,0.152498
78,9,0.160762
78,10,0.170153
78,11,0.155817
78,12,0.100191
78,13,0.109073
78,14,0.119197
78,15,0.104477
78,16,0.109431
78,17,0.100649
78,18,0.079694
78,19,0.109696
78,20,0.095854
78,21,0.100648
78,22,0.088712
78,23,0.080281
78,24,0.194646
78,25,0.187835
78,26,0.089320
78,27,0.016062
78,28,-0.023269
78,29,-0.033376
78,30,-0.014549
78,31,0.135683
78,32,0.170698
78,33,0.076438
78,34,0.058049
78,35,0.099450
78,36,0.120366
78,37,0.127899
78,38,0.127355
78,39,0.152079
78,40,0.126999
78,41,0.102226
78,42,0.098269
78,43,0.048274
78,44,0.057099
78,45,0.071542
78,46,0.139919
78,47,0.156662
78,48,0.152909
78,49,0.138302
78,50,0.165660
78,51,0.185097
78,52,0.148681
78,53,0.113956
78,54,0.058685
78,55,0.056476
78,56,0.073505
78,57,0.100789
78,58,0.002503
78,59,0.059430
78,60,0.080499
78,61,0.086874
78,62,0.084040
78,63,0.033378
78,64,-0.010629
78,65,0.081221
78,66,0.098498
78,67,0.156459
78,68,0.163839
78,69,0.167493
78,70,0.168008
78,71,0.186366
78,72,0.196774
78,73,0.198333
78,74,0.314712
78,75,0.456858
78,76,0.432929
78,77,0.702319
78,78,1.000000
78,79,0.740186
78,80,0.564479
78,81,0.552206
78,82,0.456238
78,83,0.298949
78,84,0.242725
78,85,0.228522
78,86,0.174073
78,87,0.123210
78,88,0.070260
78,89,0.059858
78,90,0.049804
78,91,0.089335
78,92,0.057780
78,93,0.059670
78,94,0.049800
78,95,0.074448
78,96,0.160589
78,97,0.158746
78,98,0.157263
78,99,0.276072
78,100,0.019621
78,101,0.076675
78,102,0.099794
78,103,0.102977
78,104,0.114607
78,105,0.102229
78,106,0.145803
78,107,0.180573
78,108,0.171577
78,109,0.075736
78,110,0.116254
78,111,0.113268
78,112,0.045072
78,113,0.067656
78,114,0.082473
78,115,0.085473
78,116,0.067326
78,117,0.054265
78,118,0.069368
78,119,0.076454
78,120,0.053203
78,121,0.040362
78,122,0.023666
78,123,0.139486
78,124,0.033220
78,125,0.052970
78,126,0.129126
78,127,0.072305
78,128,0.119759
78,129,0.200925
78,130,0.126422
78,131,0.134371
78,132,0.140199
78,133,0.084498
78,134,0.107812
78,135,0.110653
78,136,0.069989
78,137,0.059491
78,138,0.109769
78,139,0.054781
78,140,0.033466
78,141,0.067508
78,142,0.095746
78,143,0.103529
78,144,0.065692
78,145,0.018798
78,146,0.009456
78,147,0.078901
78,148,0.107695
78,149,0.000362
78,150,0.124652
78,151,0.121893
78,152,0.093494
78,153,0.077244
78,154,0.119794
78,155,0.117739
78,156,0.044876
78,157,-0.021346
78,158,0.024299
78,159,0.037596
78,160,0.049339
78,161,0.098569
78,162,0.098278
78,163,0.097835
78,164,0.101681
78,165,0.157155
78,166,0.149327
78,167,0.170837
78,168,0.114071
78,169,0.152091
78,170,0.176642
78,171,0.161716
78,172,0.082166
78,173,0.120925
78,174,0.090990
78,175,0.116553
78,176,0.126372
78,177,0.128918
78,178,0.145952
78,179,0.183864
78,180,0.118377
78,181,0.130950
78,182,0.042472
78,183,0.182952
78,184,0.212104
78,185,0.185768
78,186,0.195131
78,187,0.167156
78,188,0.126817
78,189,0.154215
78,190,0.157616
79,1,0.071029
79,2,0.069055
79,3,0.156991
79,4,0.171111
79,5,0.176650
79,6,0.165740
79,7,0.157000
79,8,0.196794
79,9,0.202746
79,10,0.189518
79,11,0.150877
79,12,0.072975
79,13,0.103468
79,14,0.110377
79,15,0.114656
79,16,0.126943
79,17,0.114018
79,18,0.090000
79,19,0.117367
79,20,0.103640
79,21,0.085292
79,22,0.049631
79,23,0.075441
79,24,0.217143
79,25,0.204382
79,26,0.096745
79,27,-0.007842
79,28,-0.047793
79,29,-0.043704
79,30,-0.041176
79,31,0.152625
79,32,0.208862
79,33,0.054395
79,34,0.070855
79,35,0.116791
79,36,0.111315
79,37,0.171529
79,38,0.157249
79,39,0.201562
79,40,0.162719
79,41,0.155637
79,42,0.142688
79,43,0.078487
79,44,0.047899
79,45,0.097598
79,46,0.174475
79,47,0.200964
79,48,0.191917
79,49,0.154110
79,50,0.183952
79,51,0.206727
79,52,0.178364
79,53,0.117861
79,54,0.045928
79,55,0.049630
79,56,0.061172
79,57,0.102941
79,58,0.016500
79,59,0.056018
79,60,0.085639
79,61,0.107318
79,62,0.070582
79,63,0.031348
79,64,0.023528
79,65,0.104072
79,66,0.130325
79,67,0.214820
79,68,0.208998
79,69,0.207706
79,70,0.194472
79,71,0.215590
79,72,0.205471
79,73,0.245291
79,74,0.268015
79,75,0.326318
79,76,0.497221
79,77,0.519828
79,78,0.740186
79,79,1.000000
79,80,0.784541
79,81,0.598662
79,82,0.562286
79,83,0.430261
79,84,0.309215
79,85,0.260283
79,86,0.217100
79,87,0.128196
79,88,0.037244
79,89,0.082549
79,90,0.087543
79,91,0.118978
79,92,0.100837
79,93,0.083773
79,94,0.045941
79,95,0.046275
79,96,0.157309
79,97,0.184047
79,98,0.174271
79,99,0.253242
79,100,0.027706
79,101,0.117402
79,102,0.083972
79,103,0.107655
79,104,0.137156
79,105,0.080934
79,106,0.192319
79,107,0.242412
79,108,0.211801
79,109,0.071306
79,110,0.105255
79,111,0.095222
79,112,0.017941
79,113,0.018367
79,114,0.013522
79,115,0.013859
79,116,-0.008732
79,117,0.027073
79,118,0.064826
79,119,0.122789
79,120,0.085591
79,121,0.069488
79,122,0.054849
79,123,0.140692
79,124,-0.016687
79,125,0.026421
79,126,0.099803
79,127,0.037252
79,128,0.068662
79,129,0.155097
79,130,0.073701
79,131,0.085287
79,132,0.078597
79,133,0.049638
79,134,0.085458
79,135,0.097377
79,136,0.067353
79,137,0.093871
79,138,0.119149
79,139,0.052152
79,140,0.056296
79,141,0.080145
79,142,0.109730
79,143,0.102418
79,144,0.070228
79,145,0.035000
79,146,-0.017085
79,147,0.017360
79,148,0.068215
79,149,-0.056674
79,150,0.073324
79,151,0.080245
79,152,0.048069
79,153,0.018485
79,154,0.064918
79,155,0.096454
79,156,0.004223
79,157,-0.014336
79,158,0.075059
79,159,0.067856
79,160,0.060463
79,161,0.111572
79,162,0.121259
79,163,0.125513
79,164,0.136045
79,165,0.204494
79,166,0.194347
79,167,0.164664
79,168,0.116658
79,169,0.152360
79,170,0.149178
79,171,0.100716
79,172,0.099831
79,173,0.162271
79,174,0.122345
79,175,0.125569
79,176,0.112037
79,177,0.121496
79,178,0.122739
79,179,0.111789
79,180,0.066591
79,181,0.081593
79,182,0.028688
79,183,0.179511
79,184,0.150377
79,185,0.179548
79,186,0.164179
79,187,0.160721
79,188,0.141255
79,189,0.199048
79,190,0.194861
80,1,0.139377
80,2,0.105435
80,3,0.182369
80,4,0.233397
80,5,0.289527
80,6,0.300198
80,7,0.299623
80,8,0.284539
80,9,0.268042
80,10,0.266804
80,11,0.212497
80,12,0.157484
80,13,0.216580
80,14,0.218166
80,15,0.214534
80,16,0.207800
80,17,0.193914
80,18,0.185171
80,19,0.228874
80,20,0.234683
80,21,0.209987
80,22,0.140291
80,23,0.187957
80,24,0.282804
80,25,0.261238
80,26,0.156890
80,27,0.045547
80,28,0.024402
80,29,0.036582
80,30,0.009108
80,31,0.170860
80,32,0.169483
80,33,0.046147
80,34,0.099783
80,35,0.135101
80,36,0.125774
80,37,0.199141
80,38,0.178981
80,39,0.249634
80,40,0.233761
80,41,0.223647
80,42,0.231661
80,43,0.173881
80,44,0.124010
80,45,0.170280
80,46,0.253963
80,47,0.278839
80,48,0.266819
80,49,0.219751
80,50,0.285453
80,51,0.301621
80,52,0.291186
80,53,0.234939
80,54,0.130706
80,55,0.123556
80,56,0.176675
80,57,0.202830
80,58,0.121376
80,59,0.158433
80,60,0.181811
80,61,0.201148
80,62,0.125861
80,63,0.048808
80,64,0.059388
80,65,0.158313
80,66,0.179833
80,67,0.236920
80,68,0.238456
80,69,0.247027
80,70,0.237959
80,71,0.267914
80,72,0.242301
80,73,0.314034
80,74,0.322707
80,75,0.289593
80,76,0.516894
80,77,0.591167
80,78,0.564479
80,79,0.784541
80,80,1.000000
80,81,0.705570
80,82,0.519592
80,83,0.562230
80,84,0.398504
80,85,0.360716
80,86,0.265903
80,87,0.183343
80,88,0.039601
80,89,0.132511
80,90,0.151484
80,91,0.159776
80,92,0.148647
80,93,0.152394
80,94,0.132031
80,95,0.128310
80,96,0.228878
80,97,0.286138
80,98,0.254227
80,99,0.292570
80,100,0.078400
80,101,0.232005
80,102,0.222896
80,103,0.228379
80,104,0.213932
80,105,0.120447
80,106,0.293284
80,107,0.285563
80,108,0.309931
80,109,0.153773
80,110,0.176468
80,111,0.109392
80,112,0.094695
80,113,0.067383
80,114,0.077492
80,115,0.106816
80,116,0.026343
80,117,0.121645
80,118,0.122554
80,119,0.142881
80,120,0.114020
80,121,0.115518
80,122,0.090711
80,123,0.198000
80,124,0.074746
80,125,0.091806
80,126,0.177774
80,127,0.084121
80,128,0.090729
80,129,0.203570
80,130,0.091114
80,131,0.122394
80,132,0.122238
80,133,0.072212
80,134,0.090005
80,135,0.130896
80,136,0.130777
80,137,0.121217
80,138,0.132132
80,139,0.112117
80,140,0.127988
80,141,0.118130
80,142,0.112450
80,143,0.085169
80,144,0.050389
80,145,0.017034
80,146,-0.025102
80,147,-0.001604
80,148,0.067279
80,149,-0.041447
80,150,0.099279
80,151,0.115649
80,152,0.076720
80,153,0.041553
80,154,0.085939
80,155,0.106547
80,156,0.012423
80,157,-0.002620
80,158,0.138112
80,159,0.106857
80,160,0.097715
80,161,0.156243
80,162,0.179538
80,163,0.205413
80,164,0.228827
80,165,0.284181
80,166,0.268368
80,167,0.238134
80,168,0.163742
80,169,0.192787
80,170,0.191952
80,171,0.142517
80,172,0.142795
80,173,0.210793
80,174,0.139965
80,175,0.113676
80,176,0.130047
80,177,0.180985
80,178,0.189274
80,179,0.152131
80,180,0.114216
80,181,0.137975
80,182,0.055042
80,183,0.174759
80,184,0.242661
80,185,0.287585
80,186,0.265146
80,187,0.247931
80,188,0.225632
80,189,0.274340
80,190,0.254680
81,1,0.075658
81,2,0.087219
81,3,0.144965
81,4,0.181800
81,5,0.203208
81,6,0.175085
81,7,0.167836
81,8,0.171258
81,9,0.164866
81,10,0.188996
81,11,0.152134
81,12,0.094948
81,13,0.099652
81,14,0.093169
81,15,0.083784
81,16,0.076097
81,17,0.077590
81,18,0.067677
81,19,0.092440
81,20,0.091412
81,21,0.098550
81,22,0.098065
81,23,0.114920
81,24,0.180967
81,25,0.153776
81,26,0.076153
81,27,-0.016593
81,28,-0.051335
81,29,-0.042280
81,30,-0.039374
81,31,0.142916
81,32,0.135207
81,33,0.001264
81,34,0.055440
81,35,0.115110
81,36,0.108672
81,37,0.188406
81,38,0.163345
81,39,0.179765
81,40,0.146622
81,41,0.098929
81,42,0.112674
81,43,0.034433
81,44,0.055895
81,45,0.078215
81,46,0.160994
81,47,0.183149
81,48,0.165909
81,49,0.151510
81,50,0.188229
81,51,0.202042
81,52,0.181167
81,53,0.140236
81,54,0.072134
81,55,0.062811
81,56,0.084426
81,57,0.098731
81,58,0.067842
81,59,0.113738
81,60,0.110352
81,61,0.108637
81,62,0.062581
81,63,-0.003755
81,64,-0.013364
81,65,0.094257
81,66,0.094469
81,67,0.150609
81,68,0.163436
81,69,0.156581
81,70,0.145947
81,71,0.189885
81,72,0.161410
81,73,0.203641
81,74,0.228151
81,75,0.243599
81,76,0.329381
81,77,0.478255
81,78,0.552206
81,79,0.598662
81,80,0.705570
81,81,1.000000
81,82,0.700597
81,83,0.437170
81,84,0.300574
81,85,0.268339
81,86,0.231486
81,87,0.164353
81,88,0.061282
81,89,0.062174
81,90,0.093898
81,91,0.158250
81,92,0.149609
81,93,0.129922
81,94,0.093904
81,95,0.054939
81,96,0.089669
81,97,0.109433
81,98,0.092945
81,99,0.212796
81,100,0.015380
81,101,0.110419
81,102,0.119200
81,103,0.169679
81,104,0.185029
81,105,0.135074
81,106,0.217100
81,107,0.268645
81,108,0.204279
81,109,0.068696
81,110,0.099497
81,111,0.080854
81,112,-0.001354
81,113,-0.001287
81,114,-0.015925
81,115,0.005344
81,116,0.040912
81,117,0.041721
81,118,0.096012
81,119,0.110409
81,120,0.083457
81,121,0.085951
81,122,0.074103
81,123,0.140418
81,124,0.052494
81,125,0.079534
81,126,0.173544
81,127,0.054113
81,128,0.088834
81,129,0.111271
81,130,0.045349
81,131,0.052806
81,132,0.052220
81,133,0.036909
81,134,0.064300
81,135,0.071893
81,136,0.064000
81,137,0.071436
81,138,0.081177
81,139,0.057933
81,140,0.063804
81,141,0.078368
81,142,0.083563
81,143,0.068573
81,144,0.044637
81,145,-0.001098
81,146,0.028604
81,147,0.027238
81,148,0.005756
81,149,-0.075914
81,150,0.042187
81,151,0.062884
81,152,0.023677
81,153,0.000032
81,154,0.059187
81,155,0.070762
81,156,-0.024378
81,157,-0.025755
81,158,0.083350
81,159,0.078274
81,160,0.072894
81,161,0.105359
81,162,0.111464
81,163,0.128836
81,164,0.133303
81,165,0.179955
81,166,0.168555
81,167,0.128981
81,168,0.084483
81,169,0.101517
81,170,0.108340
81,171,0.057943
81,172,0.063406
81,173,0.129000
81,174,0.087253
81,175,0.022030
81,176,0.026762
81,177,0.050510
81,178,0.051202
81,179,0.041680
81,180,0.053571
81,181,0.042316
81,182,0.006290
81,183,0.168195
81,184,0.158395
81,185,0.192427
81,186,0.174712
81,187,0.144423
81,188,0.130959
81,189,0.169343
81,190,0.184930
82,1,0.023321
82,2,0.037765
82,3,0.074372
82,4,0.087030
82,5,0.090479
82,6,0.063402
82,7,0.048141
82,8,0.093688
82,9,0.111350
82,10,0.117906
82,11,0.078627
82,12,0.005588
82,13,0.013280
82,14,0.021362
82,15,0.023644
82,16,0.023715
82,17,0.026562
82,18,0.018383
82,19,0.022500
82,20,0.006973
82,21,-0.002482
82,22,0.011664
82,23,0.009755
82,24,0.114113
82,25,0.095853
82,26,0.033355
82,27,-0.050454
82,28,-0.091108
82,29,-0.091884
82,30,-0.086724
82,31,0.111302
82,32,0.136701
82,33,0.003720
82,34,-0.003789
82,35,0.084796
82,36,0.061693
82,37,0.139785
82,38,0.063566
82,39,0.047488
82,40,0.028330
82,41,0.012037
82,42,0.019290
82,43,-0.012114
82,44,-0.005087
82,45,0.033783
82,46,0.095125
82,47,0.123502
82,48,0.120785
82,49,0.076586
82,50,0.089925
82,51,0.118472
82,52,0.095273
82,53,0.039366
82,54,-0.002975
82,55,0.000075
82,56,-0.006995
82,57,0.014532
82,58,-0.046960
82,59,-0.007096
82,60,0.013134
82,61,0.033823
82,62,0.006365
82,63,-0.022040
82,64,-0.029556
82,65,0.019457
82,66,0.036342
82,67,0.106249
82,68,0.123000
82,69,0.105210
82,70,0.104767
82,71,0.125761
82,72,0.111383
82,73,0.109927
82,74,0.134869
82,75,0.161552
82,76,0.216592
82,77,0.294072
82,78,0.456238
82,79,0.562286
82,80,0.519592
82,81,0.700597
82,82,1.000000
82,83,0.469039
82,84,0.278950
82,85,0.205516
82,86,0.228950
82,87,0.142551
82,88,0.048250
82,89,0.034018
82,90,0.025263
82,91,0.081043
82,92,0.086327
82,93,0.033578
82,94,-0.025838
82,95,-0.072196
82,96,0.002712
82,97,0.018786
82,98,0.031454
82,99,0.132846
82,100,-0.059943
82,101,-0.016550
82,102,-0.050220
82,103,0.036968
82,104,0.106871
82,105,0.107514
82,106,0.233185
82,107,0.295232
82,108,0.174395
82,109,-0.024520
82,110,-0.006021
82,111,0.007287
82,112,-0.087089
82,113,-0.046155
82,114,-0.098350
82,115,-0.091492
82,116,-0.042944
82,117,-0.042247
82,118,0.017220
82,119,0.070277
82,120,0.039429
82,121,0.043225
82,122,0.048566
82,123,0.078097
82,124,-0.074826
82,125,-0.044548
82,126,0.061656
82,127,-0.027870
82,128,0.007999
82,129,0.068365
82,130,0.040769
82,131,0.024599
82,132,0.007605
82,133,0.013233
82,134,0.012241
82,135,0.005743
82,136,0.000269
82,137,0.013045
82,138,0.029806
82,139,-0.011884
82,140,-0.018693
82,141,0.023720
82,142,0.041590
82,143,0.036506
82,144,0.024672
82,145,-0.026087
82,146,0.009594
82,147,0.016842
82,148,0.001262
82,149,-0.112750
82,150,0.049840
82,151,0.060518
82,152,0.019111
82,153,-0.010681
82,154,0.054949
82,155,0.078064
82,156,-0.014396
82,157,0.006463
82,158,0.070970
82,159,0.060969
82,160,0.033880
82,161,0.033269
82,162,0.031722
82,163,0.025626
82,164,0.037646
82,165,0.064358
82,166,0.070012
82,167,0.040726
82,168,0.032993
82,169,0.051909
82,170,0.073579
82,171,0.030928
82,172,0.008654
82,173,0.062832
82,174,0.043686
82,175,0.049991
82,176,0.033120
82,177,0.025255
82,178,0.022148
82,179,0.033816
82,180,-0.003959
82,181,-0.026709
82,182,-0.028719
82,183,0.119576
82,184,0.062810
82,185,0.078329
82,186,0.070431
82,187,0.024409
82,188,0.006219
82,189,0.073712
82,190,0.095283
83,1,0.091549
83,2,0.091371
83,3,0.122421
83,4,0.161668
83,5,0.196016
83,6,0.190527
83,7,0.184988
83,8,0.191530
83,9,0.200660
83,10,0.224688
83,11,0.184664
83,12,0.126788
83,13,0.148372
83,14,0.133978
83,15,0.128967
83,16,0.109236
83,17,0.100648
83,18,0.099979
83,19,0.121137
83,20,0.124040
83,21,0.130289
83,22,0.154295
83,23,0.188313
83,24,0.219878
83,25,0.182356
83,26,0.125527
83,27,0.049514
83,28,0.004762
83,29,0.001900
83,30,0.005798
83,31,0.145491
83,32,0.084779
83,33,0.000282
83,34,0.057582
83,35,0.114455
83,36,0.059438
83,37,0.096931
83,38,0.057537
83,39,0.091834
83,40,0.101906
83,41,0.082179
83,42,0.104035
83,43,0.076745
83,44,0.108158
83,45,0.102363
83,46,0.170214
83,47,0.212616
83,48,0.213229
83,49,0.190516
83,50,0.226463
83,51,0.252802
83,52,0.246005
83,53,0.207219
83,54,0.158297
83,55,0.121522
83,56,0.101544
83,57,0.111942
83,58,0.098612
83,59,0.138923
83,60,0.161340
83,61,0.185726
83,62,0.079957
83,63,-0.030126
83,64,0.012276
83,65,0.119711
83,66,0.102361
83,67,0.116679
83,68,0.145875
83,69,0.117492
83,70,0.109835
83,71,0.148100
83,72,0.127459
83,73,0.149172
83,74,0.150642
83,75,0.126715
83,76,0.268608
83,77,0.305189
83,78,0.298949
83,79,0.430261
83,80,0.562230
83,81,0.437170
83,82,0.469039
83,83,1.000000
83,84,0.646604
83,85,0.496257
83,86,0.410306
83,87,0.315167
83,88,0.158344
83,89,0.205715
83,90,0.180176
83,91,0.205390
83,92,0.233718
83,93,0.154522
83,94,0.090205
83,95,0.024640
83,96,0.114798
83,97,0.178967
83,98,0.134312
83,99,0.138754
83,100,-0.019079
83,101,0.137846
83,102,0.139928
83,103,0.243921
83,104,0.285727
83,105,0.248839
83,106,0.511534
83,107,0.464638
83,108,0.300629
83,109,0.099312
83,110,0.103978
83,111,0.053195
83,112,0.045907
83,113,0.031765
83,114,-0.015976
83,115,0.005891
83,116,0.064466
83,117,0.094986
83,118,0.113890
83,119,0.081725
83,120,0.064253
83,121,0.069270
83,122,0.050253
83,123,0.103672
83,124,0.070298
83,125,0.082643
83,126,0.190195
83,127,0.049062
83,128,0.059637
83,129,0.170422
83,130,0.073588
83,131,0.081915
83,132,0.067620
83,133,0.058802
83,134,0.052418
83,135,0.070778
83,136,0.063085
83,137,0.078329
83,138,0.096909
83,139,0.072437
83,140,0.076218
83,141,0.115169
83,142,0.126466
83,143,0.094407
83,144,0.051881
83,145,-0.011254
83,146,-0.020930
83,147,-0.007007
83,148,0.024450
83,149,-0.073236
83,150,0.078117
83,151,0.076485
83,152,0.022001
83,153,0.022413
83,154,0.063755
83,155,0.053897
83,156,-0.012546
83,157,0.017613
83,158,0.134674
83,159,0.136463
83,160,0.133950
83,161,0.125168
83,162,0.136415
83,163,0.134422
83,164,0.153871
83,165,0.182311
83,166,0.167568
83,167,0.127073
83,168,0.078775
83,169,0.093866
83,170,0.103185
83,171,0.053773
83,172,0.064211
83,173,0.136240
83,174,0.080679
83,175,0.040934
83,176,0.028641
83,177,0.071789
83,178,0.091489
83,179,0.069262
83,180,0.059687
83,181,0.090554
83,182,0.039359
83,183,0.116937
83,184,0.151036
83,185,0.158621
83,186,0.175236
83,187,0.132700
83,188,0.127856
83,189,0.171180
83,190,0.179819
84,1,0.106578
84,2,0.124999
84,3,0.135873
84,4,0.169814
84,5,0.190934
84,6,0.164594
84,7,0.159878
84,8,0.147462
84,9,0.169305
84,10,0.222482
84,11,0.208901
84,12,0.145403
84,13,0.168840
84,14,0.133151
84,15,0.135286
84,16,0.104670
84,17,0.088039
84,18,0.084070
84,19,0.102615
84,20,0.096267
84,21,0.143368
84,22,0.171891
84,23,0.207513
84,24,0.169740
84,25,0.123979
84,26,0.104806
84,27,0.076289
84,28,0.026948
84,29,-0.001891
84,30,0.008054
84,31,0.088438
84,32,0.065091
84,33,0.083962
84,34,0.114067
84,35,0.152301
84,36,0.089184
84,37,0.067718
84,38,0.056466
84,39,0.109084
84,40,0.123490
84,41,0.084567
84,42,0.133759
84,43,0.106563
84,44,0.161355
84,45,0.091353
84,46,0.159347
84,47,0.178468
84,48,0.186644
84,49,0.173672
84,50,0.200566
84,51,0.204112
84,52,0.213053
84,53,0.202652
84,54,0.164655
84,55,0.142344
84,56,0.109555
84,57,0.095592
84,58,0.118790
84,59,0.171869
84,60,0.167841
84,61,0.199108
84,62,0.050666
84,63,-0.026610
84,64,-0.021508
84,65,0.123185
84,66,0.068645
84,67,0.039326
84,68,0.053662
84,69,0.045168
84,70,0.030038
84,71,0.072359
84,72,0.065554
84,73,0.082270
84,74,0.093342
84,75,0.119690
84,76,0.184337
84,77,0.245062
84,78,0.242725
84,79,0.309215
84,80,0.398504
84,81,0.300574
84,82,0.278950
84,83,0.646604
84,84,1.000000
84,85,0.747081
84,86,0.529068
84,87,0.420854
84,88,0.272421
84,89,0.254190
84,90,0.189533
84,91,0.250651
84,92,0.314627
84,93,0.235820
84,94,0.121350
84,95,0.087554
84,96,0.183596
84,97,0.208996
84,98,0.146546
84,99,0.193289
84,100,-0.002766
84,101,0.205376
84,102,0.281961
84,103,0.341921
84,104,0.388085
84,105,0.324926
84,106,0.561239
84,107,0.344728
84,108,0.197741
84,109,0.097164
84,110,0.089150
84,111,0.065975
84,112,0.151330
84,113,0.060212
84,114,0.107445
84,115,0.142650
84,116,0.158359
84,117,0.121369
84,118,0.093198
84,119,0.002093
84,120,-0.012228
84,121,-0.015542
84,122,-0.043908
84,123,0.009079
84,124,0.095552
84,125,0.122301
84,126,0.210106
84,127,0.206498
84,128,0.202821
84,129,0.331260
84,130,0.166403
84,131,0.189122
84,132,0.139990
84,133,0.093662
84,134,0.099616
84,135,0.091201
84,136,0.070549
84,137,0.077839
84,138,0.103461
84,139,0.069104
84,140,0.090020
84,141,0.083565
84,142,0.093628
84,143,0.088711
84,144,0.029783
84,145,-0.040101
84,146,0.003470
84,147,0.021931
84,148,0.072060
84,149,-0.016920
84,150,0.122797
84,151,0.114217
84,152,0.061851
84,153,0.053030
84,154,0.068033
84,155,0.039858
84,156,-0.014043
84,157,0.003671
84,158,0.120518
84,159,0.126481
84,160,0.172436
84,161,0.143013
84,162,0.157250
84,163,0.133831
84,164,0.138682
84,165,0.132767
84,166,0.127782
84,167,0.148434
84,168,0.122553
84,169,0.134596
84,170,0.138439
84,171,0.102199
84,172,0.060845
84,173,0.100539
84,174,0.073420
84,175,0.075370
84,176,0.063841
84,177,0.085629
84,178,0.131367
84,179,0.112980
84,180,0.062599
84,181,0.132268
84,182,0.071385
84,183,0.123342
84,184,0.195022
84,185,0.190568
84,186,0.162903
84,187,0.144176
84,188,0.135159
84,189,0.121513
84,190,0.138986
85,1,0.152134
85,2,0.141305
85,3,0.155173
85,4,0.208533
85,5,0.246363
85,6,0.222959
85,7,0.219102
85,8,0.188037
85,9,0.219303
85,10,0.258677
85,11,0.244055
85,12,0.178515
85,13,0.224532
85,14,0.176762
85,15,0.173407
85,16,0.135723
85,17,0.118732
85,18,0.108962
85,19,0.140100
85,20,0.137206
85,21,0.184243
85,22,0.201852
85,23,0.271516
85,24,0.195727
85,25,0.156252
85,26,0.153687
85,27,0.129028
85,28,0.093339
85,29,0.065112
85,30,0.054430
85,31,0.105979
85,32,0.058560
85,33,0.097683
85,34,0.147885
85,35,0.173488
85,36,0.118761
85,37,0.090003
85,38,0.078164
85,39,0.147542
85,40,0.162887
85,41,0.127585
85,42,0.184158
85,43,0.136575
85,44,0.163716
85,45,0.111155
85,46,0.187113
85,47,0.204454
85,48,0.205940
85,49,0.214347
85,50,0.253149
85,51,0.251636
85,52,0.258290
85,53,0.256065
85,54,0.185974
85,55,0.147251
85,56,0.124136
85,57,0.118388
85,58,0.153255
85,59,0.244473
85,60,0.249719
85,61,0.280535
85,62,0.129141
85,63,0.034646
85,64,0.049547
85,65,0.188664
85,66,0.121135
85,67,0.071611
85,68,0.067096
85,69,0.090355
85,70,0.072401
85,71,0.085709
85,72,0.059538
85,73,0.089671
85,74,0.106857
85,75,0.123120
85,76,0.215313
85,77,0.263420
85,78,0.228522
85,79,0.260283
85,80,0.360716
85,81,0.268339
85,82,0.205516
85,83,0.496257
85,84,0.747081
85,85,1.000000
85,86,0.687455
85,87,0.571419
85,88,0.387332
85,89,0.335736
85,90,0.288766
85,91,0.336596
85,92,0.387671
85,93,0.295265
85,94,0.181332
85,95,0.124678
85,96,0.194962
85,97,0.236033
85,98,0.173346
85,99,0.178454
85,100,0.020087
85,101,0.259092
85,102,0.344260
85,103,0.484926
85,104,0.509437
85,105,0.423512
85,106,0.650196
85,107,0.274706
85,108,0.209271
85,109,0.102860
85,110,0.114459
85,111,0.094214
85,112,0.149327
85,113,0.072370
85,114,0.105194
85,115,0.159626
85,116,0.115961
85,117,0.099747
85,118,0.099389
85,119,-0.004646
85,120,0.011638
85,121,0.008812
85,122,-0.033425
85,123,0.075831
85,124,0.132089
85,125,0.135643
85,126,0.222903
85,127,0.224405
85,128,0.213164
85,129,0.393817
85,130,0.207736
85,131,0.247434
85,132,0.224124
85,133,0.144256
85,134,0.082171
85,135,0.150029
85,136,0.146033
85,137,0.123809
85,138,0.147458
85,139,0.149911
85,140,0.154971
85,141,0.104363
85,142,0.099068
85,143,0.103914
85,144,0.028247
85,145,-0.033770
85,146,-0.033233
85,147,0.027250
85,148,0.121576
85,149,0.020589
85,150,0.150057
85,151,0.181857
85,152,0.127201
85,153,0.078972
85,154,0.117919
85,155,0.105963
85,156,0.023231
85,157,0.031568
85,158,0.131409
85,159,0.131815
85,160,0.156692
85,161,0.185548
85,162,0.195191
85,163,0.185154
85,164,0.191272
85,165,0.160407
85,166,0.160600
85,167,0.178209
85,168,0.171697
85,169,0.165148
85,170,0.146699
85,171,0.109944
85,172,0.079897
85,173,0.124772
85,174,0.088000
85,175,0.068273
85,176,0.018729
85,177,0.065699
85,178,0.119614
85,179,0.119979
85,180,0.046158
85,181,0.135960
85,182,0.036894
85,183,0.061908
85,184,0.179627
85,185,0.189358
85,186,0.185635
85,187,0.177591
85,188,0.147439
85,189,0.132233
85,190,0.121537
86,1,0.129131
86,2,0.149402
86,3,0.129724
86,4,0.139237
86,5,0.144936
86,6,0.105708
86,7,0.105390
86,8,0.134218
86,9,0.168121
86,10,0.186713
86,11,0.204436
86,12,0.149675
86,13,0.136436
86,14,0.074126
86,15,0.053974
86,16,0.005921
86,17,-0.021197
86,18,-0.014174
86,19,-0.004828
86,20,0.004831
86,21,0.060665
86,22,0.170396
86,23,0.218731
86,24,0.125415
86,25,0.085154
86,26,0.110073
86,27,0.074570
86,28,0.020031
86,29,-0.012679
86,30,-0.003868
86,31,0.095233
86,32,0.107205
86,33,0.111235
86,34,0.073751
86,35,0.148071
86,36,0.093842
86,37,0.054060
86,38,0.009135
86,39,0.047510
86,40,0.065988
86,41,0.071354
86,42,0.084730
86,43,0.060565
86,44,0.123190
86,45,0.064044
86,46,0.111451
86,47,0.128189
86,48,0.132284
86,49,0.123068
86,50,0.153996
86,51,0.168555
86,52,0.189953
86,53,0.181874
86,54,0.133771
86,55,0.093390
86,56,0.044011
86,57,0.070545
86,58,0.108611
86,59,0.194324
86,60,0.189011
86,61,0.226681
86,62,0.125443
86,63,0.068733
86,64,0.075930
86,65,0.143469
86,66,0.064868
86,67,-0.005653
86,68,-0.008590
86,69,0.022144
86,70,0.018998
86,71,0.015199
86,72,0.006113
86,73,0.012782
86,74,0.045194
86,75,0.093157
86,76,0.102158
86,77,0.150267
86,78,0.174073
86,79,0.217100
86,80,0.265903
86,81,0.231486
86,82,0.228950
86,83,0.410306
86,84,0.529068
86,85,0.687455
86,86,1.000000
86,87,0.759414
86,88,0.514161
86,89,0.350055
86,90,0.285265
86,91,0.338440
86,92,0.380331
86,93,0.238505
86,94,0.116940
86,95,0.040900
86,96,0.085736
86,97,0.088751
86,98,0.084626
86,99,0.088353
86,100,0.002043
86,101,0.153365
86,102,0.176294
86,103,0.377179
86,104,0.427615
86,105,0.412941
86,106,0.516801
86,107,0.235413
86,108,0.183466
86,109,0.050563
86,110,0.114399
86,111,0.087294
86,112,0.111569
86,113,0.043552
86,114,0.035891
86,115,0.082171
86,116,0.023668
86,117,0.027749
86,118,0.055711
86,119,-0.010089
86,120,0.014060
86,121,-0.004505
86,122,-0.053517
86,123,0.085337
86,124,0.071640
86,125,0.089373
86,126,0.163060
86,127,0.104497
86,128,0.129520
86,129,0.352150
86,130,0.228511
86,131,0.280296
86,132,0.261187
86,133,0.158105
86,134,0.109613
86,135,0.186545
86,136,0.168119
86,137,0.102371
86,138,0.113421
86,139,0.126219
86,140,0.129618
86,141,0.087011
86,142,0.088588
86,143,0.086481
86,144,0.029664
86,145,-0.015786
86,146,-0.078498
86,147,0.005327
86,148,0.143034
86,149,0.035654
86,150,0.193604
86,151,0.233102
86,152,0.189766
86,153,0.143820
86,154,0.186533
86,155,0.172787
86,156,0.093535
86,157,0.062096
86,158,0.086283
86,159,0.112504
86,160,0.089406
86,161,0.120474
86,162,0.118408
86,163,0.122489
86,164,0.142180
86,165,0.080000
86,166,0.104754
86,167,0.102766
86,168,0.129817
86,169,0.082918
86,170,0.058397
86,171,0.058638
86,172,-0.002985
86,173,0.059564
86,174,0.025390
86,175,0.004385
86,176,-0.039080
86,177,-0.006989
86,178,0.036672
86,179,0.080691
86,180,0.001402
86,181,0.065181
86,182,-0.023026
86,183,0.006157
86,184,0.056086
86,185,0.074219
86,186,0.113738
86,187,0.102257
86,188,0.045496
86,189,0.047451
86,190,0.042624
87,1,0.160350
87,2,0.189001
87,3,0.165894
87,4,0.172347
87,5,0.173915
87,6,0.134095
87,7,0.125215
87,8,0.124950
87,9,0.181199
87,10,0.222749
87,11,0.269643
87,12,0.212024
87,13,0.192672
87,14,0.121042
87,15,0.093345
87,16,0.046508
87,17,0.014956
87,18,0.021343
87,19,0.031719
87,20,0.039944
87,21,0.121690
87,22,0.241138
87,23,0.301274
87,24,0.121687
87,25,0.084545
87,26,0.110878
87,27,0.136653
87,28,0.082755
87,29,0.040896
87,30,0.067045
87,31,0.047031
87,32,0.030259
87,33,0.080748
87,34,0.091624
87,35,0.144563
87,36,0.114721
87,37,0.081838
87,38,0.058947
87,39,0.076197
87,40,0.097044
87,41,0.059578
87,42,0.104647
87,43,0.058884
87,44,0.155118
87,45,0.081288
87,46,0.126496
87,47,0.132900
87,48,0.137721
87,49,0.142434
87,50,0.186251
87,51,0.190348
87,52,0.215582
87,53,0.240004
87,54,0.195497
87,55,0.150904
87,56,0.075809
87,57,0.064911
87,58,0.178688
87,59,0.269015
87,60,0.257047
87,61,0.287133
87,62,0.175502
87,63,0.107909
87,64,0.110807
87,65,0.171655
87,66,0.084062
87,67,0.012773
87,68,0.005217
87,69,0.036981
87,70,0.032195
87,71,0.022502
87,72,0.006395
87,73,0.008833
87,74,0.053225
87,75,0.102776
87,76,0.085209
87,77,0.140123
87,78,0.123210
87,79,0.128196
87,80,0.183343
87,81,0.164353
87,82,0.142551
87,83,0.315167
87,84,0.420854
87,85,0.571419
87,86,0.759414
87,87,1.000000
87,88,0.754041
87,89,0.493603
87,90,0.393999
87,91,0.434519
87,92,0.487001
87,93,0.323082
87,94,0.210246
87,95,0.127969
87,96,0.127771
87,97,0.116321
87,98,0.114090
87,99,0.072311
87,100,0.026333
87,101,0.199474
87,102,0.264606
87,103,0.462982
87,104,0.454519
87,105,0.457804
87,106,0.474892
87,107,0.208825
87,108,0.176488
87,109,0.092458
87,110,0.102496
87,111,0.112381
87,112,0.112628
87,113,0.042235
87,114,0.061540
87,115,0.116926
87,116,0.087415
87,117,0.076547
87,118,0.080766
87,119,-0.056229
87,120,-0.022556
87,121,-0.008952
87,122,-0.061468
87,123,0.038947
87,124,0.130543
87,125,0.139659
87,126,0.194559
87,127,0.150932
87,128,0.148498
87,129,0.323342
87,130,0.191139
87,131,0.291171
87,132,0.287528
87,133,0.181381
87,134,0.133027
87,135,0.210229
87,136,0.196867
87,137,0.126409
87,138,0.126226
87,139,0.169403
87,140,0.152184
87,141,0.074938
87,142,0.060557
87,143,0.072966
87,144,0.022447
87,145,-0.028434
87,146,-0.015953
87,147,0.049214
87,148,0.131644
87,149,0.086882
87,150,0.167001
87,151,0.184269
87,152,0.155186
87,153,0.131099
87,154,0.124856
87,155,0.100085
87,156,0.045407
87,157,0.030092
87,158,0.072363
87,159,0.107599
87,160,0.102358
87,161,0.131004
87,162,0.131964
87,163,0.135978
87,164,0.152491
87,165,0.085081
87,166,0.104306
87,167,0.107341
87,168,0.129762
87,169,0.094954
87,170,0.054090
87,171,0.032895
87,172,-0.023194
87,173,0.053765
87,174,0.008111
87,175,-0.026907
87,176,-0.072583
87,177,-0.032915
87,178,0.023818
87,179,0.067093
87,180,-0.024114
87,181,0.066476
87,182,-0.003882
87,183,-0.004809
87,184,0.070590
87,185,0.102485
87,186,0.140104
87,187,0.133976
87,188,0.079256
87,189,0.059918
87,190,0.057372
88,1,0.096088
88,2,0.144229
88,3,0.108038
88,4,0.085138
88,5,0.066104
88,6,0.040719
88,7,0.030545
88,8,0.029415
88,9,0.091947
88,10,0.130994
88,11,0.196792
88,12,0.170170
88,13,0.119191
88,14,0.044493
88,15,-0.000148
88,16,-0.028669
88,17,-0.053215
88,18,-0.044332
88,19,-0.044213
88,20,-0.026379
88,21,0.067384
88,22,0.242203
88,23,0.270616
88,24,0.073780
88,25,0.035367
88,26,0.088722
88,27,0.149467
88,28,0.084649
88,29,0.035831
88,30,0.089395
88,31,0.041052
88,32,0.001041
88,33,0.090871
88,34,0.105280
88,35,0.144977
88,36,0.126188
88,37,0.092776
88,38,0.042482
88,39,0.032771
88,40,0.054283
88,41,0.010950
88,42,0.043125
88,43,-0.020209
88,44,0.133895
88,45,0.034927
88,46,0.083093
88,47,0.087645
88,48,0.077705
88,49,0.100742
88,50,0.131307
88,51,0.143320
88,52,0.166906
88,53,0.207445
88,54,0.192529
88,55,0.115104
88,56,0.025176
88,57,-0.006936
88,58,0.181143
88,59,0.231875
88,60,0.223404
88,61,0.278987
88,62,0.146961
88,63,0.098470
88,64,0.108462
88,65,0.173997
88,66,0.081607
88,67,-0.015921
88,68,-0.022691
88,69,-0.000309
88,70,-0.007195
88,71,-0.017279
88,72,-0.036868
88,73,-0.001300
88,74,0.026116
88,75,0.083149
88,76,0.030370
88,77,0.061330
88,78,0.070260
88,79,0.037244
88,80,0.039601
88,81,0.061282
88,82,0.048250
88,83,0.158344
88,84,0.272421
88,85,0.387332
88,86,0.514161
88,87,0.754041
88,88,1.000000
88,89,0.644394
88,90,0.421744
88,91,0.422696
88,92,0.481901
88,93,0.290500
88,94,0.178505
88,95,0.114300
88,96,0.074646
88,97,0.053064
88,98,0.064973
88,99,0.036735
88,100,0.016109
88,101,0.137477
88,102,0.186110
88,103,0.340938
88,104,0.374903
88,105,0.403316
88,106,0.349385
88,107,0.144986
88,108,0.071607
88,109,0.087634
88,110,0.103090
88,111,0.128484
88,112,0.089591
88,113,0.066747
88,114,0.089301
88,115,0.105202
88,116,0.155686
88,117,0.053329
88,118,0.059613
88,119,-0.111994
88,120,-0.056723
88,121,-0.035966
88,122,-0.096999
88,123,-0.030985
88,124,0.146732
88,125,0.167935
88,126,0.174438
88,127,0.157412
88,128,0.187029
88,129,0.296947
88,130,0.192956
88,131,0.300469
88,132,0.289292
88,133,0.183215
88,134,0.183323
88,135,0.228264
88,136,0.183627
88,137,0.143869
88,138,0.153423
88,139,0.185514
88,140,0.157527
88,141,0.096805
88,142,0.078554
88,143,0.101204
88,144,0.044958
88,145,0.014776
88,146,0.059217
88,147,0.075811
88,148,0.072876
88,149,0.097017
88,150,0.069511
88,151,0.056694
88,152,0.036717
88,153,0.058259
88,154,0.019578
88,155,-0.016641
88,156,-0.027067
88,157,-0.054364
88,158,0.025562
88,159,0.076023
88,160,0.127374
88,161,0.136622
88,162,0.141851
88,163,0.141706
88,164,0.132082
88,165,0.031402
88,166,0.059203
88,167,0.060050
88,168,0.094005
88,169,0.042057
88,170,0.019047
88,171,0.017545
88,172,-0.032532
88,173,-0.015896
88,174,-0.042613
88,175,-0.057104
88,176,-0.103739
88,177,-0.092120
88,178,-0.030147
88,179,0.017591
88,180,-0.040713
88,181,0.069936
88,182,-0.006592
88,183,-0.032637
88,184,0.018179
88,185,0.053577
88,186,0.103094
88,187,0.094821
88,188,0.047982
88,189,0.001793
88,190,0.020430
89,1,0.136541
89,2,0.108744
89,3,0.112062
89,4,0.135335
89,5,0.176640
89,6,0.174887
89,7,0.170045
89,8,0.149685
89,9,0.158148
89,10,0.183115
89,11,0.192243
89,12,0.202668
89,13,0.209793
89,14,0.156443
89,15,0.115299
89,16,0.081665
89,17,0.054676
89,18,0.076853
89,19,0.099767
89,20,0.132603
89,21,0.193596
89,22,0.224905
89,23,0.283897
89,24,0.174677
89,25,0.148647
89,26,0.139670
89,27,0.137062
89,28,0.099852
89,29,0.071649
89,30,0.095585
89,31,0.062985
89,32,0.004221
89,33,0.072479
89,34,0.097432
89,35,0.137981
89,36,0.106675
89,37,0.092122
89,38,0.059077
89,39,0.116451
89,40,0.150142
89,41,0.138547
89,42,0.144935
89,43,0.068602
89,44,0.136847
89,45,0.094844
89,46,0.125565
89,47,0.146065
89,48,0.152712
89,49,0.172348
89,50,0.229248
89,51,0.223411
89,52,0.235431
89,53,0.236160
89,54,0.183689
89,55,0.189023
89,56,0.154653
89,57,0.137556
89,58,0.280839
89,59,0.309751
89,60,0.331661
89,61,0.317941
89,62,0.188305
89,63,0.109066
89,64,0.138958
89,65,0.214343
89,66,0.162252
89,67,0.096863
89,68,0.082882
89,69,0.104054
89,70,0.084182
89,71,0.112284
89,72,0.085357
89,73,0.134919
89,74,0.131028
89,75,0.114464
89,76,0.147064
89,77,0.124191
89,78,0.059858
89,79,0.082549
89,80,0.132511
89,81,0.062174
89,82,0.034018
89,83,0.205715
89,84,0.254190
89,85,0.335736
89,86,0.350055
89,87,0.493603
89,88,0.644394
89,89,1.000000
89,90,0.639510
89,91,0.518975
89,92,0.510104
89,93,0.340376
89,94,0.245483
89,95,0.208123
89,96,0.188557
89,97,0.184678
89,98,0.171368
89,99,0.110935
89,100,0.115677
89,101,0.221673
89,102,0.239926
89,103,0.364076
89,104,0.377753
89,105,0.320542
89,106,0.328387
89,107,0.149549
89,108,0.145609
89,109,0.100879
89,110,0.127402
89,111,0.062129
89,112,0.055878
89,113,0.123966
89,114,0.129263
89,115,0.120495
89,116,0.161664
89,117,0.124057
89,118,0.113160
89,119,0.005994
89,120,0.059855
89,121,0.097313
89,122,0.031566
89,123,0.064338
89,124,0.121478
89,125,0.116314
89,126,0.183135
89,127,0.129882
89,128,0.119363
89,129,0.199076
89,130,0.141746
89,131,0.237826
89,132,0.252364
89,133,0.175499
89,134,0.166850
89,135,0.249972
89,136,0.204627
89,137,0.172261
89,138,0.175326
89,139,0.209753
89,140,0.205549
89,141,0.152178
89,142,0.109580
89,143,0.111204
89,144,0.034696
89,145,0.007563
89,146,0.033789
89,147,0.024782
89,148,0.040558
89,149,0.068814
89,150,0.045349
89,151,0.046293
89,152,0.033052
89,153,0.052243
89,154,0.027650
89,155,0.009997
89,156,0.006481
89,157,-0.016827
89,158,0.094115
89,159,0.058271
89,160,0.146222
89,161,0.172742
89,162,0.190571
89,163,0.201187
89,164,0.211476
89,165,0.186618
89,166,0.193429
89,167,0.166517
89,168,0.155343
89,169,0.116208
89,170,0.078551
89,171,0.064170
89,172,0.055337
89,173,0.079276
89,174,0.034614
89,175,0.020245
89,176,-0.000685
89,177,0.022071
89,178,0.072282
89,179,0.095878
89,180,0.067745
89,181,0.134618
89,182,0.053609
89,183,0.092310
89,184,0.136899
89,185,0.167137
89,186,0.192375
89,187,0.193433
89,188,0.177070
89,189,0.155140
89,190,0.124220
90,1,0.167351
90,2,0.114076
90,3,0.147656
90,4,0.190561
90,5,0.259141
90,6,0.254254
90,7,0.270498
90,8,0.234512
90,9,0.205340
90,10,0.213697
90,11,0.211564
90,12,0.206434
90,13,0.276979
90,14,0.234857
90,15,0.209011
90,16,0.173748
90,17,0.175415
90,18,0.174010
90,19,0.189451
90,20,0.203933
90,21,0.252794
90,22,0.200504
90,23,0.303047
90,24,0.249606
90,25,0.229723
90,26,0.219447
90,27,0.191307
90,28,0.182245
90,29,0.172142
90,30,0.148683
90,31,0.098415
90,32,0.066028
90,33,0.056788
90,34,0.166459
90,35,0.177708
90,36,0.170092
90,37,0.205744
90,38,0.199977
90,39,0.253925
90,40,0.248220
90,41,0.215832
90,42,0.244897
90,43,0.105861
90,44,0.139296
90,45,0.131080
90,46,0.193917
90,47,0.214104
90,48,0.212207
90,49,0.241831
90,50,0.324724
90,51,0.297287
90,52,0.280790
90,53,0.280644
90,54,0.190777
90,55,0.231610
90,56,0.213841
90,57,0.216261
90,58,0.366784
90,59,0.463936
90,60,0.575285
90,61,0.464205
90,62,0.361433
90,63,0.242965
90,64,0.261312
90,65,0.238264
90,66,0.229471
90,67,0.178485
90,68,0.156802
90,69,0.192930
90,70,0.174518
90,71,0.209176
90,72,0.145269
90,73,0.215445
90,74,0.168317
90,75,0.132051
90,76,0.202295
90,77,0.129205
90,78,0.049804
90,79,0.087543
90,80,0.151484
90,81,0.093898
90,82,0.025263
90,83,0.180176
90,84,0.189533
90,85,0.288766
90,86,0.285265
90,87,0.393999
90,88,0.421744
90,89,0.639510
90,90,1.000000
90,91,0.700122
90,92,0.617241
90,93,0.537930
90,94,0.426534
90,95,0.386163
90,96,0.301545
90,97,0.248560
90,98,0.180426
90,99,0.085995
90,100,0.248589
90,101,0.311094
90,102,0.339420
90,103,0.450329
90,104,0.375253
90,105,0.257084
90,106,0.270802
90,107,0.132727
90,108,0.146573
90,109,0.123812
90,110,0.171610
90,111,0.154118
90,112,0.059585
90,113,0.078196
90,114,0.102535
90,115,0.122039
90,116,0.106252
90,117,0.064756
90,118,0.085670
90,119,0.063013
90,120,0.123856
90,121,0.128660
90,122,0.064707
90,123,0.175280
90,124,0.170752
90,125,0.185289
90,126,0.223919
90,127,0.128254
90,128,0.108340
90,129,0.148968
90,130,0.071283
90,131,0.141616
90,132,0.203523
90,133,0.148459
90,134,0.104750
90,135,0.204909
90,136,0.214847
90,137,0.190269
90,138,0.141835
90,139,0.219726
90,140,0.238827
90,141,0.138891
90,142,0.089994
90,143,0.083044
90,144,0.060884
90,145,0.046559
90,146,-0.016468
90,147,0.002803
90,148,0.070996
90,149,0.086490
90,150,0.059233
90,151,0.086006
90,152,0.090346
90,153,0.076193
90,154,0.055804
90,155,0.077882
90,156,0.065247
90,157,0.036632
90,158,0.130541
90,159,0.113233
90,160,0.129429
90,161,0.212777
90,162,0.229757
90,163,0.249235
90,164,0.272447
90,165,0.285392
90,166,0.268074
90,167,0.222780
90,168,0.187154
90,169,0.161635
90,170,0.093042
90,171,0.044243
90,172,0.116750
90,173,0.161910
90,174,0.076577
90,175,-0.035192
90,176,-0.074748
90,177,0.005307
90,178,0.037892
90,179,0.048228
90,180,0.025172
90,181,0.062436
90,182,-0.009130
90,183,0.066771
90,184,0.088643
90,185,0.185406
90,186,0.227517
90,187,0.255011
90,188,0.248435
90,189,0.239335
90,190,0.189579
91,1,0.161858
91,2,0.165503
91,3,0.158950
91,4,0.169149
91,5,0.199792
91,6,0.178939
91,7,0.189312
91,8,0.163728
91,9,0.157374
91,10,0.197583
91,11,0.203127
91,12,0.215940
91,13,0.247911
91,14,0.198369
91,15,0.163015
91,16,0.129162
91,17,0.109132
91,18,0.105964
91,19,0.114890
91,20,0.122208
91,21,0.203215
91,22,0.209057
91,23,0.267579
91,24,0.174557
91,25,0.140187
91,26,0.117008
91,27,0.131358
91,28,0.097864
91,29,0.070861
91,30,0.079561
91,31,0.042950
91,32,0.038559
91,33,0.116678
91,34,0.194746
91,35,0.219000
91,36,0.168135
91,37,0.228107
91,38,0.190739
91,39,0.236614
91,40,0.250202
91,41,0.172636
91,42,0.190302
91,43,0.055397
91,44,0.149427
91,45,0.101652
91,46,0.169570
91,47,0.188328
91,48,0.181207
91,49,0.214956
91,50,0.264277
91,51,0.251498
91,52,0.250004
91,53,0.259509
91,54,0.211475
91,55,0.230794
91,56,0.161692
91,57,0.185456
91,58,0.393229
91,59,0.536650
91,60,0.549312
91,61,0.457199
91,62,0.338611
91,63,0.235281
91,64,0.190568
91,65,0.195886
91,66,0.135355
91,67,0.102022
91,68,0.103385
91,69,0.117790
91,70,0.098102
91,71,0.136272
91,72,0.081502
91,73,0.162331
91,74,0.130659
91,75,0.126096
91,76,0.156656
91,77,0.127450
91,78,0.089335
91,79,0.118978
91,80,0.159776
91,81,0.158250
91,82,0.081043
91,83,0.205390
91,84,0.250651
91,85,0.336596
91,86,0.338440
91,87,0.434519
91,88,0.422696
91,89,0.518975
91,90,0.700122
91,91,1.000000
91,92,0.812406
91,93,0.644402
91,94,0.513577
91,95,0.399109
91,96,0.289059
91,97,0.193494
91,98,0.175279
91,99,0.164890
91,100,0.222222
91,101,0.282788
91,102,0.340119
91,103,0.519473
91,104,0.477923
91,105,0.389997
91,106,0.326711
91,107,0.159169
91,108,0.126854
91,109,0.120964
91,110,0.147826
91,111,0.135116
91,112,0.056902
91,113,0.047696
91,114,0.085810
91,115,0.126795
91,116,0.083141
91,117,0.055919
91,118,0.076556
91,119,-0.032665
91,120,0.022263
91,121,0.024574
91,122,-0.026548
91,123,0.086037
91,124,0.158174
91,125,0.193392
91,126,0.235287
91,127,0.137048
91,128,0.134185
91,129,0.170027
91,130,0.122884
91,131,0.182142
91,132,0.208197
91,133,0.179365
91,134,0.116591
91,135,0.178572
91,136,0.186158
91,137,0.179065
91,138,0.142268
91,139,0.176704
91,140,0.202765
91,141,0.113149
91,142,0.082524
91,143,0.072721
91,144,0.066801
91,145,0.047923
91,146,0.030831
91,147,0.028638
91,148,0.036322
91,149,0.043186
91,150,0.041334
91,151,0.078366
91,152,0.054293
91,153,0.023386
91,154,0.035239
91,155,0.039092
91,156,-0.003981
91,157,-0.000971
91,158,0.116281
91,159,0.120679
91,160,0.138132
91,161,0.207768
91,162,0.207241
91,163,0.209311
91,164,0.228072
91,165,0.223184
91,166,0.206093
91,167,0.199071
91,168,0.171374
91,169,0.145514
91,170,0.096944
91,171,0.065730
91,172,0.063615
91,173,0.067329
91,174,0.020398
91,175,-0.038221
91,176,-0.072046
91,177,-0.021053
91,178,0.018733
91,179,0.032165
91,180,-0.008951
91,181,0.047369
91,182,0.027701
91,183,0.069672
91,184,0.110287
91,185,0.184672
91,186,0.196786
91,187,0.201098
91,188,0.181670
91,189,0.171154
91,190,0.150305
92,1,0.127682
92,2,0.146833
92,3,0.163308
92,4,0.167318
92,5,0.190293
92,6,0.173827
92,7,0.172053
92,8,0.130411
92,9,0.144646
92,10,0.200137
92,11,0.222669
92,12,0.200795
92,13,0.217060
92,14,0.165145
92,15,0.134625
92,16,0.111314
92,17,0.092360
92,18,0.086102
92,19,0.098090
92,20,0.104250
92,21,0.189735
92,22,0.212495
92,23,0.274704
92,24,0.154068
92,25,0.120212
92,26,0.104604
92,27,0.152438
92,28,0.108136
92,29,0.067810
92,30,0.092000
92,31,0.020992
92,32,-0.015106
92,33,0.097596
92,34,0.187114
92,35,0.221078
92,36,0.164016
92,37,0.226901
92,38,0.177195
92,39,0.216354
92,40,0.240908
92,41,0.179512
92,42,0.183206
92,43,0.067736
92,44,0.189372
92,45,0.116904
92,46,0.186701
92,47,0.208767
92,48,0.193970
92,49,0.204434
92,50,0.255657
92,51,0.248126
92,52,0.258584
92,53,0.271572
92,54,0.233275
92,55,0.223387
92,56,0.163298
92,57,0.187351
92,58,0.416582
92,59,0.503032
92,60,0.492692
92,61,0.414300
92,62,0.229773
92,63,0.120342
92,64,0.138583
92,65,0.214575
92,66,0.117771
92,67,0.055001
92,68,0.048698
92,69,0.060874
92,70,0.031880
92,71,0.080853
92,72,0.040678
92,73,0.124047
92,74,0.072421
92,75,0.052338
92,76,0.119548
92,77,0.092572
92,78,0.057780
92,79,0.100837
92,80,0.148647
92,81,0.149609
92,82,0.086327
92,83,0.233718
92,84,0.314627
92,85,0.387671
92,86,0.380331
92,87,0.487001
92,88,0.481901
92,89,0.510104
92,90,0.617241
92,91,0.812406
92,92,1.000000
92,93,0.715965
92,94,0.513588
92,95,0.372859
92,96,0.273121
92,97,0.195831
92,98,0.170326
92,99,0.151465
92,100,0.178796
92,101,0.324200
92,102,0.380020
92,103,0.552587
92,104,0.531228
92,105,0.454760
92,106,0.397915
92,107,0.202677
92,108,0.145477
92,109,0.111119
92,110,0.132830
92,111,0.118700
92,112,0.078481
92,113,0.040491
92,114,0.084650
92,115,0.113925
92,116,0.113273
92,117,0.055809
92,118,0.070327
92,119,-0.077366
92,120,-0.004689
92,121,0.001491
92,122,-0.057146
92,123,0.025143
92,124,0.181007
92,125,0.207936
92,126,0.244671
92,127,0.190870
92,128,0.156781
92,129,0.157558
92,130,0.119459
92,131,0.150820
92,132,0.163985
92,133,0.145723
92,134,0.101820
92,135,0.153573
92,136,0.148720
92,137,0.188102
92,138,0.158576
92,139,0.180045
92,140,0.210197
92,141,0.148470
92,142,0.129599
92,143,0.110435
92,144,0.078309
92,145,0.031576
92,146,0.055621
92,147,0.017093
92,148,-0.010247
92,149,0.001897
92,150,0.000870
92,151,0.007801
92,152,-0.026139
92,153,-0.030272
92,154,-0.040822
92,155,-0.052235
92,156,-0.097438
92,157,-0.049432
92,158,0.115460
92,159,0.132081
92,160,0.201505
92,161,0.243403
92,162,0.244234
92,163,0.242867
92,164,0.241867
92,165,0.173334
92,166,0.154508
92,167,0.138116
92,168,0.135581
92,169,0.096572
92,170,0.049988
92,171,0.027999
92,172,0.033252
92,173,0.031978
92,174,-0.006899
92,175,-0.042618
92,176,-0.104756
92,177,-0.072126
92,178,-0.002163
92,179,-0.004049
92,180,-0.021493
92,181,0.060108
92,182,-0.007964
92,183,0.032645
92,184,0.071477
92,185,0.151803
92,186,0.189121
92,187,0.179994
92,188,0.151838
92,189,0.122677
92,190,0.134167
93,1,0.162811
93,2,0.144009
93,3,0.168181
93,4,0.197810
93,5,0.266165
93,6,0.259644
93,7,0.260179
93,8,0.180958
93,9,0.163369
93,10,0.208632
93,11,0.197103
93,12,0.214116
93,13,0.290752
93,14,0.246021
93,15,0.242529
93,16,0.207052
93,17,0.202077
93,18,0.184241
93,19,0.200955
93,20,0.192787
93,21,0.283608
93,22,0.205809
93,23,0.280243
93,24,0.182382
93,25,0.153981
93,26,0.138648
93,27,0.200736
93,28,0.196371
93,29,0.158601
93,30,0.137414
93,31,0.016231
93,32,0.004391
93,33,0.119531
93,34,0.204911
93,35,0.223397
93,36,0.218362
93,37,0.276376
93,38,0.246003
93,39,0.299744
93,40,0.309879
93,41,0.235248
93,42,0.250144
93,43,0.111190
93,44,0.197403
93,45,0.171782
93,46,0.245833
93,47,0.247128
93,48,0.241641
93,49,0.237579
93,50,0.299891
93,51,0.272195
93,52,0.272628
93,53,0.293247
93,54,0.227475
93,55,0.260765
93,56,0.256404
93,57,0.267166
93,58,0.563381
93,59,0.681807
93,60,0.614341
93,61,0.424876
93,62,0.288058
93,63,0.185918
93,64,0.122486
93,65,0.188388
93,66,0.135817
93,67,0.101490
93,68,0.103148
93,69,0.116268
93,70,0.106025
93,71,0.179876
93,72,0.126531
93,73,0.229013
93,74,0.161558
93,75,0.136653
93,76,0.198731
93,77,0.148621
93,78,0.059670
93,79,0.083773
93,80,0.152394
93,81,0.129922
93,82,0.033578
93,83,0.154522
93,84,0.235820
93,85,0.295265
93,86,0.238505
93,87,0.323082
93,88,0.290500
93,89,0.340376
93,90,0.537930
93,91,0.644402
93,92,0.715965
93,93,1.000000
93,94,0.758648
93,95,0.559213
93,96,0.367213
93,97,0.245437
93,98,0.203925
93,99,0.202135
93,100,0.352240
93,101,0.402026
93,102,0.495458
93,103,0.537418
93,104,0.453901
93,105,0.323367
93,106,0.275839
93,107,0.153796
93,108,0.137284
93,109,0.141190
93,110,0.176185
93,111,0.158187
93,112,0.090504
93,113,0.077484
93,114,0.137266
93,115,0.168988
93,116,0.080154
93,117,0.084137
93,118,0.078075
93,119,-0.033676
93,120,0.061665
93,121,0.068047
93,122,0.012560
93,123,0.147260
93,124,0.195956
93,125,0.254482
93,126,0.281918
93,127,0.209772
93,128,0.195220
93,129,0.180990
93,130,0.114318
93,131,0.159335
93,132,0.201471
93,133,0.162364
93,134,0.063211
93,135,0.151170
93,136,0.176726
93,137,0.172733
93,138,0.103303
93,139,0.167828
93,140,0.214114
93,141,0.083625
93,142,0.045067
93,143,0.044479
93,144,0.035152
93,145,0.011000
93,146,0.044190
93,147,0.056483
93,148,0.057659
93,149,0.087087
93,150,0.069930
93,151,0.115519
93,152,0.076835
93,153,0.016404
93,154,0.041108
93,155,0.050462
93,156,-0.009617
93,157,-0.008451
93,158,0.153999
93,159,0.147902
93,160,0.187103
93,161,0.233887
93,162,0.247622
93,163,0.248818
93,164,0.257452
93,165,0.254475
93,166,0.220343
93,167,0.228352
93,168,0.194062
93,169,0.200240
93,170,0.139834
93,171,0.094383
93,172,0.088017
93,173,0.073926
93,174,0.016745
93,175,-0.033852
93,176,-0.085606
93,177,-0.042428
93,178,0.034220
93,179,0.043220
93,180,-0.001262
93,181,0.080422
93,182,0.035179
93,183,0.110618
93,184,0.169285
93,185,0.239382
93,186,0.238164
93,187,0.236762
93,188,0.233624
93,189,0.215019
93,190,0.212200
94,1,0.230903
94,2,0.178735
94,3,0.174318
94,4,0.194912
94,5,0.283954
94,6,0.282926
94,7,0.284632
94,8,0.191033
94,9,0.158971
94,10,0.208799
94,11,0.213858
94,12,0.267089
94,13,0.321935
94,14,0.277832
94,15,0.255921
94,16,0.209489
94,17,0.200688
94,18,0.189972
94,19,0.203070
94,20,0.221319
94,21,0.296028
94,22,0.225468
94,23,0.302557
94,24,0.155020
94,25,0.128639
94,26,0.108799
94,27,0.161310
94,28,0.175079
94,29,0.163490
94,30,0.146177
94,31,0.008204
94,32,0.037750
94,33,0.131017
94,34,0.164849
94,35,0.182158
94,36,0.186296
94,37,0.245616
94,38,0.235119
94,39,0.302018
94,40,0.318139
94,41,0.230560
94,42,0.257072
94,43,0.116396
94,44,0.156727
94,45,0.142767
94,46,0.209926
94,47,0.214157
94,48,0.213389
94,49,0.203312
94,50,0.275650
94,51,0.258382
94,52,0.257180
94,53,0.270353
94,54,0.214645
94,55,0.257850
94,56,0.269189
94,57,0.303120
94,58,0.663185
94,59,0.729491
94,60,0.609462
94,61,0.444630
94,62,0.348328
94,63,0.274851
94,64,0.181856
94,65,0.162986
94,66,0.115889
94,67,0.097264
94,68,0.110729
94,69,0.137068
94,70,0.147968
94,71,0.190624
94,72,0.139364
94,73,0.248810
94,74,0.176380
94,75,0.141863
94,76,0.167277
94,77,0.154974
94,78,0.049800
94,79,0.045941
94,80,0.132031
94,81,0.093904
94,82,-0.025838
94,83,0.090205
94,84,0.121350
94,85,0.181332
94,86,0.116940
94,87,0.210246
94,88,0.178505
94,89,0.245483
94,90,0.426534
94,91,0.513577
94,92,0.513588
94,93,0.758648
94,94,1.000000
94,95,0.784004
94,96,0.402171
94,97,0.270386
94,98,0.290058
94,99,0.186403
94,100,0.483459
94,101,0.367866
94,102,0.490529
94,103,0.487454
94,104,0.384262
94,105,0.240312
94,106,0.165973
94,107,0.115338
94,108,0.160196
94,109,0.180903
94,110,0.214447
94,111,0.131423
94,112,0.085423
94,113,0.066658
94,114,0.151206
94,115,0.177850
94,116,0.069805
94,117,0.112435
94,118,0.098370
94,119,-0.011245
94,120,0.060193
94,121,0.070584
94,122,0.034775
94,123,0.160537
94,124,0.208353
94,125,0.248850
94,126,0.242814
94,127,0.149057
94,128,0.169760
94,129,0.156075
94,130,0.110028
94,131,0.161538
94,132,0.170440
94,133,0.134968
94,134,0.091995
94,135,0.136749
94,136,0.157676
94,137,0.164186
94,138,0.115457
94,139,0.172714
94,140,0.207097
94,141,0.077914
94,142,0.034031
94,143,0.030654
94,144,0.047190
94,145,0.042827
94,146,0.043662
94,147,0.047761
94,148,0.040777
94,149,0.103125
94,150,0.063507
94,151,0.107832
94,152,0.091991
94,153,0.028838
94,154,0.036085
94,155,0.048421
94,156,-0.006074
94,157,-0.052773
94,158,0.118594
94,159,0.115850
94,160,0.158546
94,161,0.201337
94,162,0.220205
94,163,0.232967
94,164,0.247071
94,165,0.259195
94,166,0.217268
94,167,0.231855
94,168,0.179313
94,169,0.194744
94,170,0.151370
94,171,0.118699
94,172,0.115015
94,173,0.071305
94,174,-0.002910
94,175,-0.029597
94,176,-0.023830
94,177,0.024131
94,178,0.084520
94,179,0.086307
94,180,0.092226
94,181,0.095955
94,182,0.031329
94,183,0.077057
94,184,0.179601
94,185,0.237606
94,186,0.246061
94,187,0.237119
94,188,0.240677
94,189,0.218970
94,190,0.201258
95,1,0.268711
95,2,0.192612
95,3,0.200149
95,4,0.237701
95,5,0.331477
95,6,0.340836
95,7,0.357010
95,8,0.267102
95,9,0.236290
95,10,0.267447
95,11,0.249340
95,12,0.306523
95,13,0.380491
95,14,0.353744
95,15,0.332172
95,16,0.280860
95,17,0.287575
95,18,0.278037
95,19,0.304076
95,20,0.334334
95,21,0.378355
95,22,0.232057
95,23,0.325561
95,24,0.238729
95,25,0.210991
95,26,0.154760
95,27,0.170996
95,28,0.202996
95,29,0.191833
95,30,0.133251
95,31,0.020672
95,32,0.048413
95,33,0.140962
95,34,0.177063
95,35,0.161464
95,36,0.165428
95,37,0.202998
95,38,0.254043
95,39,0.356295
95,40,0.356235
95,41,0.307239
95,42,0.324174
95,43,0.214040
95,44,0.164093
95,45,0.159529
95,46,0.221583
95,47,0.231727
95,48,0.232504
95,49,0.226622
95,50,0.319673
95,51,0.284810
95,52,0.295532
95,53,0.284511
95,54,0.199932
95,55,0.288144
95,56,0.370428
95,57,0.357047
95,58,0.602159
95,59,0.620556
95,60,0.597830
95,61,0.434891
95,62,0.394217
95,63,0.341992
95,64,0.245586
95,65,0.105070
95,66,0.106186
95,67,0.136203
95,68,0.149139
95,69,0.171326
95,70,0.207423
95,71,0.234312
95,72,0.203542
95,73,0.311670
95,74,0.254390
95,75,0.217388
95,76,0.210218
95,77,0.209599
95,78,0.074448
95,79,0.046275
95,80,0.128310
95,81,0.054939
95,82,-0.072196
95,83,0.024640
95,84,0.087554
95,85,0.124678
95,86,0.040900
95,87,0.127969
95,88,0.114300
95,89,0.208123
95,90,0.386163
95,91,0.399109
95,92,0.372859
95,93,0.559213
95,94,0.784004
95,95,1.000000
95,96,0.617943
95,97,0.412662
95,98,0.397911
95,99,0.258178
95,100,0.574082
95,101,0.389207
95,102,0.495846
95,103,0.392723
95,104,0.265722
95,105,0.136208
95,106,0.093005
95,107,0.061317
95,108,0.171441
95,109,0.182752
95,110,0.186469
95,111,0.090608
95,112,0.131094
95,113,0.102242
95,114,0.211360
95,115,0.252531
95,116,0.100751
95,117,0.163436
95,118,0.117563
95,119,0.041584
95,120,0.063345
95,121,0.055497
95,122,0.027147
95,123,0.163682
95,124,0.164894
95,125,0.172815
95,126,0.216069
95,127,0.165398
95,128,0.134573
95,129,0.154833
95,130,0.111086
95,131,0.169471
95,132,0.174679
95,133,0.112854
95,134,0.093594
95,135,0.113575
95,136,0.123773
95,137,0.120735
95,138,0.081498
95,139,0.135777
95,140,0.150355
95,141,0.023269
95,142,-0.006917
95,143,0.024026
95,144,0.047396
95,145,0.050759
95,146,0.027828
95,147,0.042701
95,148,0.049735
95,149,0.112253
95,150,0.061201
95,151,0.105509
95,152,0.112515
95,153,0.049628
95,154,0.034006
95,155,0.072683
95,156,0.033555
95,157,-0.036110
95,158,0.157764
95,159,0.107301
95,160,0.154919
95,161,0.157235
95,162,0.169117
95,163,0.174074
95,164,0.191303
95,165,0.299523
95,166,0.245778
95,167,0.296112
95,168,0.207615
95,169,0.236869
95,170,0.191360
95,171,0.176344
95,172,0.197776
95,173,0.141312
95,174,0.042827
95,175,0.017208
95,176,0.053192
95,177,0.123482
95,178,0.174952
95,179,0.172294
95,180,0.101816
95,181,0.082707
95,182,0.058134
95,183,0.106946
95,184,0.266145
95,185,0.303948
95,186,0.291576
95,187,0.307891
95,188,0.315320
95,189,0.285587
95,190,0.237706
96,1,0.217240
96,2,0.145257
96,3,0.186056
96,4,0.246734
96,5,0.333904
96,6,0.361944
96,7,0.392931
96,8,0.330164
96,9,0.300299
96,10,0.303970
96,11,0.239516
96,12,0.266810
96,13,0.364852
96,14,0.353313
96,15,0.337005
96,16,0.319548
96,17,0.337343
96,18,0.324019
96,19,0.384592
96,20,0.401893
96,21,0.407348
96,22,0.222975
96,23,0.268099
96,24,0.291066
96,25,0.276828
96,26,0.179282
96,27,0.135304
96,28,0.177485
96,29,0.169329
96,30,0.083022
96,31,0.073060
96,32,0.092913
96,33,0.198067
96,34,0.225059
96,35,0.174606
96,36,0.115960
96,37,0.112150
96,38,0.229910
96,39,0.397172
96,40,0.403185
96,41,0.386164
96,42,0.369048
96,43,0.319985
96,44,0.208186
96,45,0.179963
96,46,0.224372
96,47,0.221727
96,48,0.228647
96,49,0.234383
96,50,0.311078
96,51,0.257384
96,52,0.291920
96,53,0.260817
96,54,0.236988
96,55,0.306861
96,56,0.408307
96,57,0.383640
96,58,0.354603
96,59,0.379625
96,60,0.444546
96,61,0.351170
96,62,0.304750
96,63,0.245210
96,64,0.173639
96,65,0.087055
96,66,0.117708
96,67,0.200424
96,68,0.208488
96,69,0.199636
96,70,0.217299
96,71,0.257212
96,72,0.270992
96,73,0.303893
96,74,0.295564
96,75,0.259533
96,76,0.264257
96,77,0.274836
96,78,0.160589
96,79,0.157309
96,80,0.228878
96,81,0.089669
96,82,0.002712
96,83,0.114798
96,84,0.183596
96,85,0.194962
96,86,0.085736
96,87,0.127771
96,88,0.074646
96,89,0.188557
96,90,0.301545
96,91,0.289059
96,92,0.273121
96,93,0.367213
96,94,0.402171
96,95,0.617943
96,96,1.000000
96,97,0.808595
96,98,0.678264
96,99,0.502999
96,100,0.372117
96,101,0.359581
96,102,0.414131
96,103,0.327054
96,104,0.239437
96,105,0.129861
96,106,0.158890
96,107,0.072424
96,108,0.264088
96,109,0.159706
96,110,0.153290
96,111,0.050376
96,112,0.155332
96,113,0.137260
96,114,0.213846
96,115,0.266657
96,116,0.077355
96,117,0.138213
96,118,0.103577
96,119,0.070154
96,120,0.046633
96,121,0.024689
96,122,0.002570
96,123,0.156051
96,124,0.036463
96,125,0.062561
96,126,0.181924
96,127,0.215001
96,128,0.110164
96,129,0.195915
96,130,0.164411
96,131,0.216825
96,132,0.231786
96,133,0.155775
96,134,0.082175
96,135,0.127681
96,136,0.135057
96,137,0.108697
96,138,0.104514
96,139,0.118827
96,140,0.107270
96,141,0.033774
96,142,0.014926
96,143,0.033931
96,144,0.025014
96,145,0.000071
96,146,-0.026519
96,147,0.004763
96,148,0.073903
96,149,0.034893
96,150,0.084774
96,151,0.139066
96,152,0.133206
96,153,0.058925
96,154,0.072960
96,155,0.143625
96,156,0.065568
96,157,-0.015857
96,158,0.218816
96,159,0.112164
96,160,0.163062
96,161,0.127646
96,162,0.140748
96,163,0.136254
96,164,0.166393
96,165,0.361808
96,166,0.294277
96,167,0.345414
96,168,0.246354
96,169,0.266476
96,170,0.226014
96,171,0.249057
96,172,0.248726
96,173,0.212868
96,174,0.126132
96,175,0.157446
96,176,0.163639
96,177,0.223645
96,178,0.262698
96,179,0.267606
96,180,0.081143
96,181,0.132888
96,182,0.106727
96,183,0.217493
96,184,0.383837
96,185,0.373452
96,186,0.332747
96,187,0.371311
96,188,0.377497
96,189,0.395432
96,190,0.317323
97,1,0.203697
97,2,0.111341
97,3,0.159619
97,4,0.252966
97,5,0.358516
97,6,0.404990
97,7,0.448027
97,8,0.383922
97,9,0.343567
97,10,0.322585
97,11,0.233521
97,12,0.247607
97,13,0.367592
97,14,0.362643
97,15,0.358723
97,16,0.362527
97,17,0.358074
97,18,0.339338
97,19,0.404247
97,20,0.430595
97,21,0.423361
97,22,0.224581
97,23,0.274940
97,24,0.333850
97,25,0.313157
97,26,0.210536
97,27,0.129455
97,28,0.177156
97,29,0.183284
97,30,0.093903
97,31,0.114849
97,32,0.083586
97,33,0.134412
97,34,0.221897
97,35,0.162795
97,36,0.094049
97,37,0.071743
97,38,0.196764
97,39,0.381571
97,40,0.398460
97,41,0.374197
97,42,0.379655
97,43,0.348520
97,44,0.213500
97,45,0.190941
97,46,0.249852
97,47,0.246024
97,48,0.255056
97,49,0.261184
97,50,0.350515
97,51,0.303834
97,52,0.327594
97,53,0.286628
97,54,0.259110
97,55,0.310525
97,56,0.402173
97,57,0.375602
97,58,0.273560
97,59,0.292506
97,60,0.385018
97,61,0.346293
97,62,0.281458
97,63,0.177305
97,64,0.158643
97,65,0.162463
97,66,0.199880
97,67,0.276000
97,68,0.257239
97,69,0.267529
97,70,0.256613
97,71,0.295437
97,72,0.295848
97,73,0.280505
97,74,0.290187
97,75,0.227288
97,76,0.303549
97,77,0.300366
97,78,0.158746
97,79,0.184047
97,80,0.286138
97,81,0.109433
97,82,0.018786
97,83,0.178967
97,84,0.208996
97,85,0.236033
97,86,0.088751
97,87,0.116321
97,88,0.053064
97,89,0.184678
97,90,0.248560
97,91,0.193494
97,92,0.195831
97,93,0.245437
97,94,0.270386
97,95,0.412662
97,96,0.808595
97,97,1.000000
97,98,0.749444
97,99,0.521621
97,100,0.204132
97,101,0.354389
97,102,0.377066
97,103,0.309048
97,104,0.210006
97,105,0.079106
97,106,0.199226
97,107,0.090299
97,108,0.298845
97,109,0.194514
97,110,0.187371
97,111,0.072186
97,112,0.185923
97,113,0.201741
97,114,0.279069
97,115,0.309900
97,116,0.126002
97,117,0.183881
97,118,0.150598
97,119,0.122067
97,120,0.112968
97,121,0.100363
97,122,0.056609
97,123,0.212726
97,124,0.072836
97,125,0.088466
97,126,0.219359
97,127,0.242478
97,128,0.101314
97,129,0.191930
97,130,0.131178
97,131,0.193931
97,132,0.213968
97,133,0.147096
97,134,0.056438
97,135,0.146814
97,136,0.170546
97,137,0.123569
97,138,0.121999
97,139,0.165699
97,140,0.161635
97,141,0.064772
97,142,0.012274
97,143,0.015700
97,144,-0.014655
97,145,-0.035519
97,146,-0.074034
97,147,-0.025857
97,148,0.086662
97,149,0.031675
97,150,0.117452
97,151,0.160922
97,152,0.158839
97,153,0.103284
97,154,0.117315
97,155,0.178125
97,156,0.108756
97,157,0.042553
97,158,0.212600
97,159,0.086809
97,160,0.155544
97,161,0.137668
97,162,0.163400
97,163,0.183055
97,164,0.213713
97,165,0.401285
97,166,0.337764
97,167,0.363878
97,168,0.259477
97,169,0.275271
97,170,0.252365
97,171,0.251362
97,172,0.257598
97,173,0.274306
97,174,0.193501
97,175,0.200583
97,176,0.198742
97,177,0.273535
97,178,0.308821
97,179,0.303864
97,180,0.139694
97,181,0.203355
97,182,0.107172
97,183,0.223942
97,184,0.412758
97,185,0.401124
97,186,0.343312
97,187,0.381631
97,188,0.389607
97,189,0.422694
97,190,0.325911
98,1,0.228561
98,2,0.152872
98,3,0.149187
98,4,0.190308
98,5,0.264699
98,6,0.329568
98,7,0.369654
98,8,0.318106
98,9,0.273186
98,10,0.261559
98,11,0.219440
98,12,0.259729
98,13,0.314954
98,14,0.298655
98,15,0.261887
98,16,0.250151
98,17,0.238044
98,18,0.247839
98,19,0.298919
98,20,0.347716
98,21,0.342342
98,22,0.231884
98,23,0.244152
98,24,0.258968
98,25,0.247815
98,26,0.156183
98,27,0.099992
98,28,0.132151
98,29,0.125708
98,30,0.051580
98,31,0.086115
98,32,0.109218
98,33,0.174110
98,34,0.149242
98,35,0.146545
98,36,0.093251
98,37,0.059228
98,38,0.136781
98,39,0.289845
98,40,0.312799
98,41,0.312056
98,42,0.274794
98,43,0.289337
98,44,0.179126
98,45,0.150799
98,46,0.183367
98,47,0.193194
98,48,0.188281
98,49,0.184487
98,50,0.249104
98,51,0.241001
98,52,0.264793
98,53,0.222393
98,54,0.225157
98,55,0.281107
98,56,0.355259
98,57,0.335998
98,58,0.280954
98,59,0.283342
98,60,0.302830
98,61,0.253580
98,62,0.204808
98,63,0.171621
98,64,0.126150
98,65,0.111698
98,66,0.127808
98,67,0.162539
98,68,0.181219
98,69,0.168232
98,70,0.184659
98,71,0.220988
98,72,0.227828
98,73,0.245913
98,74,0.257473
98,75,0.208883
98,76,0.219869
98,77,0.250497
98,78,0.157263
98,79,0.174271
98,80,0.254227
98,81,0.092945
98,82,0.031454
98,83,0.134312
98,84,0.146546
98,85,0.173346
98,86,0.084626
98,87,0.114090
98,88,0.064973
98,89,0.171368
98,90,0.180426
98,91,0.175279
98,92,0.170326
98,93,0.203925
98,94,0.290058
98,95,0.397911
98,96,0.678264
98,97,0.749444
98,98,1.000000
98,99,0.600836
98,100,0.211471
98,101,0.255927
98,102,0.287758
98,103,0.234087
98,104,0.174535
98,105,0.106751
98,106,0.157284
98,107,0.079152
98,108,0.263732
98,109,0.165631
98,110,0.167917
98,111,0.047025
98,112,0.177707
98,113,0.177000
98,114,0.246554
98,115,0.291737
98,116,0.099988
98,117,0.170787
98,118,0.120246
98,119,0.063258
98,120,0.041085
98,121,0.047607
98,122,0.039333
98,123,0.159481
98,124,0.057742
98,125,0.053481
98,126,0.114576
98,127,0.150945
98,128,0.077141
98,129,0.199818
98,130,0.191684
98,131,0.237946
98,132,0.218788
98,133,0.153168
98,134,0.102416
98,135,0.156047
98,136,0.145991
98,137,0.101820
98,138,0.130002
98,139,0.129772
98,140,0.119377
98,141,0.067254
98,142,0.042443
98,143,0.040006
98,144,0.020695
98,145,-0.008281
98,146,-0.026651
98,147,0.010246
98,148,0.086700
98,149,0.051192
98,150,0.127762
98,151,0.155688
98,152,0.143552
98,153,0.087251
98,154,0.098340
98,155,0.139719
98,156,0.075375
98,157,-0.014035
98,158,0.111551
98,159,0.029662
98,160,0.120403
98,161,0.107320
98,162,0.127331
98,163,0.128731
98,164,0.165745
98,165,0.303987
98,166,0.260742
98,167,0.299659
98,168,0.199750
98,169,0.239006
98,170,0.231530
98,171,0.233205
98,172,0.200290
98,173,0.170128
98,174,0.100597
98,175,0.153158
98,176,0.198074
98,177,0.243529
98,178,0.283389
98,179,0.302747
98,180,0.147511
98,181,0.163907
98,182,0.085750
98,183,0.158400
98,184,0.370369
98,185,0.354472
98,186,0.310276
98,187,0.327130
98,188,0.308931
98,189,0.312340
98,190,0.260428
99,1,0.141715
99,2,0.114849
99,3,0.123793
99,4,0.132149
99,5,0.153998
99,6,0.206138
99,7,0.234452
99,8,0.180701
99,9,0.149979
99,10,0.152363
99,11,0.126534
99,12,0.194082
99,13,0.215411
99,14,0.207996
99,15,0.170409
99,16,0.181745
99,17,0.148276
99,18,0.134687
99,19,0.181107
99,20,0.208637
99,21,0.231273
99,22,0.179304
99,23,0.132852
99,24,0.156771
99,25,0.162007
99,26,0.071951
99,27,0.053176
99,28,0.055573
99,29,0.027196
99,30,-0.004685
99,31,0.078748
99,32,0.106143
99,33,0.216736
99,34,0.186643
99,35,0.191819
99,36,0.121269
99,37,0.094761
99,38,0.161195
99,39,0.297711
99,40,0.316657
99,41,0.287271
99,42,0.207600
99,43,0.197978
99,44,0.177638
99,45,0.140599
99,46,0.178180
99,47,0.153982
99,48,0.140795
99,49,0.116557
99,50,0.146933
99,51,0.146605
99,52,0.180233
99,53,0.173527
99,54,0.180318
99,55,0.179073
99,56,0.237393
99,57,0.265528
99,58,0.172532
99,59,0.146646
99,60,0.135287
99,61,0.110964
99,62,0.073651
99,63,0.115588
99,64,-0.027254
99,65,0.092977
99,66,0.111791
99,67,0.138724
99,68,0.147960
99,69,0.151507
99,70,0.110773
99,71,0.240051
99,72,0.210332
99,73,0.200392
99,74,0.193804
99,75,0.220108
99,76,0.209059
99,77,0.291813
99,78,0.276072
99,79,0.253242
99,80,0.292570
99,81,0.212796
99,82,0.132846
99,83,0.138754
99,84,0.193289
99,85,0.178454
99,86,0.088353
99,87,0.072311
99,88,0.036735
99,89,0.110935
99,90,0.085995
99,91,0.164890
99,92,0.151465
99,93,0.202135
99,94,0.186403
99,95,0.258178
99,96,0.502999
99,97,0.521621
99,98,0.600836
99,99,1.000000
99,100,0.109734
99,101,0.184749
99,102,0.231878
99,103,0.177844
99,104,0.187369
99,105,0.130444
99,106,0.169115
99,107,0.080633
99,108,0.213580
99,109,0.137907
99,110,0.146456
99,111,0.082365
99,112,0.165441
99,113,0.172122
99,114,0.250030
99,115,0.267169
99,116,0.105355
99,117,0.148721
99,118,0.092078
99,119,0.019835
99,120,0.004933
99,121,0.013149
99,122,-0.010370
99,123,0.119520
99,124,0.042968
99,125,0.074443
99,126,0.120244
99,127,0.176894
99,128,0.124807
99,129,0.220826
99,130,0.218901
99,131,0.245551
99,132,0.225406
99,133,0.147769
99,134,0.163781
99,135,0.183824
99,136,0.118454
99,137,0.090612
99,138,0.154645
99,139,0.104270
99,140,0.086763
99,141,0.089529
99,142,0.080738
99,143,0.073065
99,144,0.054565
99,145,0.019752
99,146,0.022884
99,147,0.026629
99,148,0.074751
99,149,0.020982
99,150,0.102504
99,151,0.127286
99,152,0.090560
99,153,0.018020
99,154,0.079162
99,155,0.088312
99,156,0.010411
99,157,-0.074113
99,158,0.104404
99,159,0.032875
99,160,0.119344
99,161,0.121327
99,162,0.129167
99,163,0.136401
99,164,0.146290
99,165,0.250814
99,166,0.224359
99,167,0.315146
99,168,0.236541
99,169,0.283295
99,170,0.316124
99,171,0.342866
99,172,0.183677
99,173,0.108786
99,174,0.107434
99,175,0.212779
99,176,0.254736
99,177,0.264789
99,178,0.322271
99,179,0.348561
99,180,0.145558
99,181,0.182341
99,182,0.120902
99,183,0.228130
99,184,0.417325
99,185,0.361983
99,186,0.302311
99,187,0.289321
99,188,0.265100
99,189,0.266664
99,190,0.255539
100,1,0.225594
100,2,0.134871
100,3,0.149208
100,4,0.191458
100,5,0.260908
100,6,0.248920
100,7,0.242974
100,8,0.211734
100,9,0.144581
100,10,0.173582
100,11,0.161534
100,12,0.214539
100,13,0.316675
100,14,0.303826
100,15,0.319206
100,16,0.258273
100,17,0.255766
100,18,0.250818
100,19,0.258732
100,20,0.280126
100,21,0.287247
100,22,0.103318
100,23,0.225155
100,24,0.186114
100,25,0.166156
100,26,0.144102
100,27,0.161053
100,28,0.188621
100,29,0.192630
100,30,0.138718
100,31,0.013149
100,32,0.088542
100,33,0.039501
100,34,0.118104
100,35,0.071429
100,36,0.165652
100,37,0.208769
100,38,0.210679
100,39,0.244558
100,40,0.240584
100,41,0.249301
100,42,0.251320
100,43,0.162898
100,44,0.090782
100,45,0.109019
100,46,0.175986
100,47,0.182544
100,48,0.199062
100,49,0.190742
100,50,0.256802
100,51,0.229312
100,52,0.207464
100,53,0.195358
100,54,0.078520
100,55,0.163100
100,56,0.250104
100,57,0.206732
100,58,0.348125
100,59,0.384812
100,60,0.356801
100,61,0.283595
100,62,0.303434
100,63,0.285537
100,64,0.252455
100,65,0.171135
100,66,0.199977
100,67,0.178693
100,68,0.168098
100,69,0.225177
100,70,0.255308
100,71,0.317640
100,72,0.236752
100,73,0.427711
100,74,0.294442
100,75,0.197582
100,76,0.246177
100,77,0.160282
100,78,0.019621
100,79,0.027706
100,80,0.078400
100,81,0.015380
100,82,-0.059943
100,83,-0.019079
100,84,-0.002766
100,85,0.020087
100,86,0.002043
100,87,0.026333
100,88,0.016109
100,89,0.115677
100,90,0.248589
100,91,0.222222
100,92,0.178796
100,93,0.352240
100,94,0.483459
100,95,0.574082
100,96,0.372117
100,97,0.204132
100,98,0.211471
100,99,0.109734
100,100,1.000000
100,101,0.415256
100,102,0.388948
100,103,0.247643
100,104,0.103616
100,105,-0.035846
100,106,-0.035739
100,107,0.012101
100,108,0.100718
100,109,0.114914
100,110,0.166955
100,111,0.124268
100,112,0.094970
100,113,0.111445
100,114,0.174626
100,115,0.163166
100,116,0.032790
100,117,0.096125
100,118,0.099573
100,119,0.119786
100,120,0.156246
100,121,0.125497
100,122,0.092235
100,123,0.201935
100,124,0.149021
100,125,0.155433
100,126,0.140261
100,127,0.084606
100,128,0.092279
100,129,0.075643
100,130,0.028902
100,131,0.086165
100,132,0.127322
100,133,0.086801
100,134,0.097230
100,135,0.141241
100,136,0.150068
100,137,0.112840
100,138,0.076384
100,139,0.166874
100,140,0.178119
100,141,0.056587
100,142,0.016313
100,143,0.028315
100,144,0.017918
100,145,0.055568
100,146,0.023467
100,147,0.060864
100,148,0.110590
100,149,0.172407
100,150,0.063687
100,151,0.093642
100,152,0.108623
100,153,0.077539
100,154,0.071262
100,155,0.099019
100,156,0.089033
100,157,-0.021470
100,158,0.077887
100,159,0.022159
100,160,0.061346
100,161,0.153716
100,162,0.180611
100,163,0.200732
100,164,0.222122
100,165,0.265304
100,166,0.229725
100,167,0.218334
100,168,0.151292
100,169,0.166630
100,170,0.098352
100,171,0.077883
100,172,0.148135
100,173,0.148490
100,174,0.066572
100,175,-0.041766
100,176,-0.000084
100,177,0.082180
100,178,0.071921
100,179,0.019318
100,180,0.041984
100,181,0.018274
100,182,-0.023220
100,183,0.050170
100,184,0.079677
100,185,0.172274
100,186,0.196509
100,187,0.232750
100,188,0.228915
100,189,0.200650
100,190,0.155680
101,1,0.226244
101,2,0.145018
101,3,0.222798
101,4,0.316075
101,5,0.410840
101,6,0.407469
101,7,0.411528
101,8,0.360253
101,9,0.294731
101,10,0.328938
101,11,0.279820
101,12,0.249658
101,13,0.366634
101,14,0.342188
101,15,0.356685
101,16,0.343859
101,17,0.343595
101,18,0.311440
101,19,0.341601
101,20,0.339901
101,21,0.355734
101,22,0.187327
101,23,0.324808
101,24,0.354699
101,25,0.337505
101,26,0.298258
101,27,0.276692
101,28,0.309645
101,29,0.307411
101,30,0.246378
101,31,0.117524
101,32,0.103046
101,33,0.056265
101,34,0.217046
101,35,0.154471
101,36,0.233319
101,37,0.263515
101,38,0.302358
101,39,0.421398
101,40,0.419993
101,41,0.496120
101,42,0.559524
101,43,0.406672
101,44,0.213216
101,45,0.222771
101,46,0.308845
101,47,0.317650
101,48,0.343111
101,49,0.333076
101,50,0.417454
101,51,0.376230
101,52,0.352861
101,53,0.340323
101,54,0.182159
101,55,0.230890
101,56,0.302040
101,57,0.292324
101,58,0.328822
101,59,0.403072
101,60,0.411948
101,61,0.363493
101,62,0.240108
101,63,0.153306
101,64,0.149810
101,65,0.273070
101,66,0.282335
101,67,0.230438
101,68,0.183949
101,69,0.258872
101,70,0.233079
101,71,0.251420
101,72,0.208927
101,73,0.287523
101,74,0.238705
101,75,0.157047
101,76,0.329817
101,77,0.256472
101,78,0.076675
101,79,0.117402
101,80,0.232005
101,81,0.110419
101,82,-0.016550
101,83,0.137846
101,84,0.205376
101,85,0.259092
101,86,0.153365
101,87,0.199474
101,88,0.137477
101,89,0.221673
101,90,0.311094
101,91,0.282788
101,92,0.324200
101,93,0.402026
101,94,0.367866
101,95,0.389207
101,96,0.359581
101,97,0.354389
101,98,0.255927
101,99,0.184749
101,100,0.415256
101,101,1.000000
101,102,0.729601
101,103,0.491457
101,104,0.261008
101,105,0.082429
101,106,0.181126
101,107,0.102206
101,108,0.211953
101,109,0.194971
101,110,0.233060
101,111,0.183682
101,112,0.193914
101,113,0.210152
101,114,0.265461
101,115,0.270467
101,116,0.115460
101,117,0.170926
101,118,0.167190
101,119,0.171562
101,120,0.207753
101,121,0.170483
101,122,0.107611
101,123,0.245211
101,124,0.217410
101,125,0.236680
101,126,0.265138
101,127,0.264128
101,128,0.177665
101,129,0.203624
101,130,0.061174
101,131,0.145159
101,132,0.196693
101,133,0.103218
101,134,0.065411
101,135,0.182630
101,136,0.224993
101,137,0.160449
101,138,0.117760
101,139,0.242972
101,140,0.274211
101,141,0.114959
101,142,0.030024
101,143,0.026343
101,144,-0.017811
101,145,-0.003759
101,146,0.002955
101,147,0.062309
101,148,0.165936
101,149,0.181511
101,150,0.142196
101,151,0.180946
101,152,0.157280
101,153,0.110714
101,154,0.105110
101,155,0.144761
101,156,0.108530
101,157,0.042939
101,158,0.123127
101,159,0.063338
101,160,0.100873
101,161,0.187391
101,162,0.227264
101,163,0.280851
101,164,0.308502
101,165,0.345947
101,166,0.319972
101,167,0.312771
101,168,0.235472
101,169,0.239014
101,170,0.172124
101,171,0.132514
101,172,0.188990
101,173,0.262404
101,174,0.159027
101,175,0.025111
101,176,0.027114
101,177,0.141012
101,178,0.162788
101,179,0.095227
101,180,0.038361
101,181,0.078045
101,182,0.004736
101,183,0.099406
101,184,0.214427
101,185,0.293756
101,186,0.273518
101,187,0.312230
101,188,0.302010
101,189,0.270122
101,190,0.193340
102,1,0.239257
102,2,0.169884
102,3,0.224639
102,4,0.325174
102,5,0.416829
102,6,0.418776
102,7,0.420682
102,8,0.312889
102,9,0.270837
102,10,0.319706
102,11,0.294663
102,12,0.277403
102,13,0.394094
102,14,0.364606
102,15,0.363857
102,16,0.341173
102,17,0.327476
102,18,0.307600
102,19,0.336855
102,20,0.335541
102,21,0.376031
102,22,0.220791
102,23,0.353860
102,24,0.293311
102,25,0.267059
102,26,0.240817
102,27,0.268678
102,28,0.303813
102,29,0.289823
102,30,0.235682
102,31,0.045610
102,32,0.025935
102,33,0.080832
102,34,0.239701
102,35,0.177684
102,36,0.221858
102,37,0.263184
102,38,0.303729
102,39,0.398272
102,40,0.388138
102,41,0.352325
102,42,0.496074
102,43,0.360047
102,44,0.249299
102,45,0.209204
102,46,0.303908
102,47,0.306851
102,48,0.320295
102,49,0.312187
102,50,0.391554
102,51,0.350227
102,52,0.349058
102,53,0.360059
102,54,0.231438
102,55,0.251962
102,56,0.314592
102,57,0.298124
102,58,0.437725
102,59,0.492424
102,60,0.447123
102,61,0.383262
102,62,0.260140
102,63,0.154862
102,64,0.116837
102,65,0.239221
102,66,0.217883
102,67,0.177635
102,68,0.152901
102,69,0.204798
102,70,0.190968
102,71,0.211927
102,72,0.189312
102,73,0.262072
102,74,0.235000
102,75,0.166107
102,76,0.278501
102,77,0.267856
102,78,0.099794
102,79,0.083972
102,80,0.222896
102,81,0.119200
102,82,-0.050220
102,83,0.139928
102,84,0.281961
102,85,0.344260
102,86,0.176294
102,87,0.264606
102,88,0.186110
102,89,0.239926
102,90,0.339420
102,91,0.340119
102,92,0.380020
102,93,0.495458
102,94,0.490529
102,95,0.495846
102,96,0.414131
102,97,0.377066
102,98,0.287758
102,99,0.231878
102,100,0.388948
102,101,0.729601
102,102,1.000000
102,103,0.675951
102,104,0.460600
102,105,0.245318
102,106,0.264169
102,107,0.117616
102,108,0.240400
102,109,0.216583
102,110,0.244439
102,111,0.164225
102,112,0.188131
102,113,0.146632
102,114,0.262235
102,115,0.291194
102,116,0.131446
102,117,0.165440
102,118,0.134019
102,119,0.053538
102,120,0.102810
102,121,0.064240
102,122,0.004441
102,123,0.188363
102,124,0.269583
102,125,0.302998
102,126,0.320612
102,127,0.302894
102,128,0.252854
102,129,0.255523
102,130,0.125502
102,131,0.191010
102,132,0.215507
102,133,0.136219
102,134,0.090812
102,135,0.184093
102,136,0.207851
102,137,0.145206
102,138,0.100360
102,139,0.210581
102,140,0.238193
102,141,0.074729
102,142,-0.006577
102,143,-0.006870
102,144,-0.034671
102,145,-0.028664
102,146,0.050204
102,147,0.102444
102,148,0.155206
102,149,0.189354
102,150,0.132460
102,151,0.170227
102,152,0.139678
102,153,0.093963
102,154,0.091702
102,155,0.104997
102,156,0.057220
102,157,-0.006847
102,158,0.087646
102,159,0.066784
102,160,0.133086
102,161,0.196326
102,162,0.232239
102,163,0.261017
102,164,0.283152
102,165,0.314624
102,166,0.269880
102,167,0.306307
102,168,0.232137
102,169,0.260664
102,170,0.201119
102,171,0.147719
102,172,0.177853
102,173,0.206816
102,174,0.121127
102,175,0.030734
102,176,0.027531
102,177,0.121836
102,178,0.184938
102,179,0.141014
102,180,0.067214
102,181,0.137193
102,182,0.064303
102,183,0.114878
102,184,0.274400
102,185,0.331436
102,186,0.308440
102,187,0.330428
102,188,0.326642
102,189,0.272446
102,190,0.226758
103,1,0.210573
103,2,0.162998
103,3,0.156189
103,4,0.228432
103,5,0.339247
103,6,0.331668
103,7,0.329716
103,8,0.238305
103,9,0.212392
103,10,0.261722
103,11,0.244150
103,12,0.238387
103,13,0.323164
103,14,0.278165
103,15,0.267207
103,16,0.218111
103,17,0.209188
103,18,0.202062
103,19,0.230337
103,20,0.235344
103,21,0.293422
103,22,0.214858
103,23,0.338138
103,24,0.242513
103,25,0.222082
103,26,0.205619
103,27,0.245117
103,28,0.242066
103,29,0.220961
103,30,0.204189
103,31,0.062378
103,32,0.022601
103,33,0.079733
103,34,0.265246
103,35,0.232258
103,36,0.216317
103,37,0.229640
103,38,0.215066
103,39,0.310352
103,40,0.327075
103,41,0.283093
103,42,0.342103
103,43,0.195558
103,44,0.202239
103,45,0.153089
103,46,0.230075
103,47,0.245334
103,48,0.249764
103,49,0.275229
103,50,0.334919
103,51,0.310637
103,52,0.316692
103,53,0.330306
103,54,0.230294
103,55,0.239930
103,56,0.218098
103,57,0.239240
103,58,0.417770
103,59,0.512941
103,60,0.485789
103,61,0.424726
103,62,0.283964
103,63,0.154172
103,64,0.155409
103,65,0.257507
103,66,0.206563
103,67,0.141261
103,68,0.132087
103,69,0.179632
103,70,0.157037
103,71,0.192964
103,72,0.150919
103,73,0.203639
103,74,0.187173
103,75,0.126684
103,76,0.235196
103,77,0.234621
103,78,0.102977
103,79,0.107655
103,80,0.228379
103,81,0.169679
103,82,0.036968
103,83,0.243921
103,84,0.341921
103,85,0.484926
103,86,0.377179
103,87,0.462982
103,88,0.340938
103,89,0.364076
103,90,0.450329
103,91,0.519473
103,92,0.552587
103,93,0.537418
103,94,0.487454
103,95,0.392723
103,96,0.327054
103,97,0.309048
103,98,0.234087
103,99,0.177844
103,100,0.247643
103,101,0.491457
103,102,0.675951
103,103,1.000000
103,104,0.777681
103,105,0.507634
103,106,0.461946
103,107,0.225134
103,108,0.283246
103,109,0.191212
103,110,0.208914
103,111,0.124276
103,112,0.091388
103,113,0.073539
103,114,0.133323
103,115,0.179071
103,116,0.078446
103,117,0.086669
103,118,0.098360
103,119,0.002702
103,120,0.090583
103,121,0.075429
103,122,0.013039
103,123,0.193874
103,124,0.228725
103,125,0.264708
103,126,0.346013
103,127,0.256093
103,128,0.233091
103,129,0.254206
103,130,0.167971
103,131,0.213647
103,132,0.226001
103,133,0.168056
103,134,0.085836
103,135,0.192026
103,136,0.211529
103,137,0.177034
103,138,0.146242
103,139,0.220437
103,140,0.245669
103,141,0.122196
103,142,0.057270
103,143,0.029390
103,144,0.001477
103,145,-0.027291
103,146,0.010138
103,147,0.080070
103,148,0.135165
103,149,0.129658
103,150,0.140557
103,151,0.208741
103,152,0.168410
103,153,0.111515
103,154,0.149503
103,155,0.146049
103,156,0.061329
103,157,0.030162
103,158,0.081604
103,159,0.089095
103,160,0.154415
103,161,0.211223
103,162,0.233456
103,163,0.255934
103,164,0.285484
103,165,0.280623
103,166,0.257734
103,167,0.240933
103,168,0.212899
103,169,0.206904
103,170,0.153638
103,171,0.099696
103,172,0.127032
103,173,0.149509
103,174,0.063314
103,175,-0.020051
103,176,-0.078374
103,177,0.005470
103,178,0.094591
103,179,0.123730
103,180,0.080282
103,181,0.150277
103,182,0.031825
103,183,0.081864
103,184,0.201115
103,185,0.240876
103,186,0.254561
103,187,0.258751
103,188,0.253131
103,189,0.231613
103,190,0.183820
104,1,0.105463
104,2,0.123762
104,3,0.112391
104,4,0.131649
104,5,0.168595
104,6,0.145308
104,7,0.140331
104,8,0.083669
104,9,0.106239
104,10,0.161881
104,11,0.168267
104,12,0.163917
104,13,0.170513
104,14,0.116591
104,15,0.092040
104,16,0.056831
104,17,0.057463
104,18,0.057220
104,19,0.076709
104,20,0.084731
104,21,0.144994
104,22,0.178255
104,23,0.237245
104,24,0.105628
104,25,0.084457
104,26,0.087607
104,27,0.153731
104,28,0.113998
104,29,0.065842
104,30,0.091589
104,31,0.026661
104,32,0.021633
104,33,0.182962
104,34,0.249806
104,35,0.257858
104,36,0.158059
104,37,0.177915
104,38,0.092130
104,39,0.171993
104,40,0.204458
104,41,0.153810
104,42,0.170905
104,43,0.061157
104,44,0.131677
104,45,0.072042
104,46,0.149349
104,47,0.165144
104,48,0.153123
104,49,0.174526
104,50,0.200214
104,51,0.197403
104,52,0.219268
104,53,0.223283
104,54,0.197107
104,55,0.148337
104,56,0.097626
104,57,0.129123
104,58,0.343137
104,59,0.374023
104,60,0.330894
104,61,0.308284
104,62,0.194137
104,63,0.090090
104,64,0.096868
104,65,0.191113
104,66,0.110502
104,67,0.050564
104,68,0.065474
104,69,0.076028
104,70,0.044214
104,71,0.080915
104,72,0.050514
104,73,0.101939
104,74,0.082513
104,75,0.051029
104,76,0.137178
104,77,0.169836
104,78,0.114607
104,79,0.137156
104,80,0.213932
104,81,0.185029
104,82,0.106871
104,83,0.285727
104,84,0.388085
104,85,0.509437
104,86,0.427615
104,87,0.454519
104,88,0.374903
104,89,0.377753
104,90,0.375253
104,91,0.477923
104,92,0.531228
104,93,0.453901
104,94,0.384262
104,95,0.265722
104,96,0.239437
104,97,0.210006
104,98,0.174535
104,99,0.187369
104,100,0.103616
104,101,0.261008
104,102,0.460600
104,103,0.777681
104,104,1.000000
104,105,0.730523
104,106,0.579931
104,107,0.239936
104,108,0.221931
104,109,0.123989
104,110,0.140419
104,111,0.055607
104,112,0.019973
104,113,-0.017457
104,114,0.037437
104,115,0.057847
104,116,0.061253
104,117,-0.002136
104,118,0.020078
104,119,-0.132052
104,120,-0.014003
104,121,-0.044857
104,122,-0.113357
104,123,0.079082
104,124,0.144554
104,125,0.202258
104,126,0.295838
104,127,0.217628
104,128,0.229635
104,129,0.238933
104,130,0.193603
104,131,0.203918
104,132,0.175742
104,133,0.140363
104,134,0.112353
104,135,0.164074
104,136,0.153876
104,137,0.177819
104,138,0.175818
104,139,0.178220
104,140,0.184618
104,141,0.163272
104,142,0.141937
104,143,0.105320
104,144,0.046129
104,145,-0.016079
104,146,0.056150
104,147,0.040405
104,148,0.006190
104,149,-0.018799
104,150,0.020288
104,151,0.066913
104,152,0.021861
104,153,-0.006695
104,154,0.031088
104,155,0.003459
104,156,-0.072033
104,157,-0.077720
104,158,0.090789
104,159,0.111471
104,160,0.211587
104,161,0.219531
104,162,0.228115
104,163,0.230265
104,164,0.238536
104,165,0.173435
104,166,0.163025
104,167,0.153450
104,168,0.168538
104,169,0.136139
104,170,0.093067
104,171,0.090020
104,172,0.061608
104,173,-0.017576
104,174,-0.045704
104,175,-0.006984
104,176,-0.088386
104,177,-0.087356
104,178,0.035850
104,179,0.078036
104,180,0.058917
104,181,0.133020
104,182,0.073676
104,183,0.080056
104,184,0.144102
104,185,0.143824
104,186,0.181906
104,187,0.160428
104,188,0.164516
104,189,0.140800
104,190,0.141642
105,1,0.049307
105,2,0.123189
105,3,0.075065
105,4,0.032903
105,5,0.004011
105,6,-0.000342
105,7,-0.009475
105,8,-0.047058
105,9,0.019187
105,10,0.066867
105,11,0.132593
105,12,0.137807
105,13,0.062460
105,14,0.003539
105,15,-0.052353
105,16,-0.076452
105,17,-0.075049
105,18,-0.055905
105,19,-0.057238
105,20,-0.048017
105,21,0.039591
105,22,0.210348
105,23,0.188464
105,24,-0.058015
105,25,-0.077090
105,26,-0.009994
105,27,0.064060
105,28,-0.004017
105,29,-0.064470
105,30,0.005401
105,31,-0.037170
105,32,-0.073123
105,33,0.196414
105,34,0.154050
105,35,0.243743
105,36,0.094395
105,37,0.076071
105,38,0.010168
105,39,0.024363
105,40,0.068789
105,41,0.011498
105,42,0.026570
105,43,-0.002922
105,44,0.165675
105,45,0.048950
105,46,0.079287
105,47,0.083264
105,48,0.050954
105,49,0.039619
105,50,0.031250
105,51,0.048664
105,52,0.119534
105,53,0.161887
105,54,0.209945
105,55,0.117701
105,56,0.021275
105,57,0.035453
105,58,0.219116
105,59,0.232542
105,60,0.185434
105,61,0.158949
105,62,0.082104
105,63,0.021853
105,64,0.040323
105,65,0.121067
105,66,0.010229
105,67,-0.083532
105,68,-0.054597
105,69,-0.043441
105,70,-0.063252
105,71,-0.060992
105,72,-0.071165
105,73,-0.065572
105,74,-0.048607
105,75,-0.025031
105,76,-0.042963
105,77,0.065154
105,78,0.102229
105,79,0.080934
105,80,0.120447
105,81,0.135074
105,82,0.107514
105,83,0.248839
105,84,0.324926
105,85,0.423512
105,86,0.412941
105,87,0.457804
105,88,0.403316
105,89,0.320542
105,90,0.257084
105,91,0.389997
105,92,0.454760
105,93,0.323367
105,94,0.240312
105,95,0.136208
105,96,0.129861
105,97,0.079106
105,98,0.106751
105,99,0.130444
105,100,-0.035846
105,101,0.082429
105,102,0.245318
105,103,0.507634
105,104,0.730523
105,105,1.000000
105,106,0.560776
105,107,0.204007
105,108,0.156066
105,109,0.073569
105,110,0.064857
105,111,0.026902
105,112,0.013678
105,113,-0.075074
105,114,-0.041239
105,115,0.011074
105,116,0.059941
105,117,-0.021412
105,118,-0.026561
105,119,-0.255957
105,120,-0.152691
105,121,-0.174518
105,122,-0.231458
105,123,-0.086887
105,124,0.109431
105,125,0.133485
105,126,0.194538
105,127,0.178943
105,128,0.213848
105,129,0.239494
105,130,0.215659
105,131,0.200558
105,132,0.130119
105,133,0.120607
105,134,0.096469
105,135,0.107275
105,136,0.082808
105,137,0.117639
105,138,0.145274
105,139,0.102182
105,140,0.096444
105,141,0.136696
105,142,0.155306
105,143,0.110310
105,144,0.062449
105,145,-0.024652
105,146,0.090176
105,147,0.085090
105,148,0.005197
105,149,-0.049283
105,150,0.010014
105,151,0.042182
105,152,0.001761
105,153,-0.024479
105,154,-0.004547
105,155,-0.061665
105,156,-0.119240
105,157,-0.111685
105,158,0.016222
105,159,0.077542
105,160,0.198877
105,161,0.160623
105,162,0.151992
105,163,0.149827
105,164,0.139807
105,165,0.012871
105,166,0.023892
105,167,0.016064
105,168,0.059730
105,169,0.031841
105,170,0.007316
105,171,0.013229
105,172,-0.055023
105,173,-0.142189
105,174,-0.134044
105,175,-0.014502
105,176,-0.083709
105,177,-0.132971
105,178,-0.012356
105,179,0.039134
105,180,-0.014699
105,181,0.075233
105,182,0.081498
105,183,-0.022992
105,184,0.055320
105,185,0.020025
105,186,0.104336
105,187,0.049561
105,188,0.024931
105,189,-0.025311
105,190,0.034627
106,1,0.129756
106,2,0.125244
106,3,0.106402
106,4,0.131807
106,5,0.167617
106,6,0.187754
106,7,0.187495
106,8,0.129840
106,9,0.162703
106,10,0.199383
106,11,0.197293
106,12,0.176385
106,13,0.193330
106,14,0.150327
106,15,0.120579
106,16,0.094502
106,17,0.081814
106,18,0.089493
106,19,0.122558
106,20,0.137604
106,21,0.171821
106,22,0.212408
106,23,0.254027
106,24,0.123125
106,25,0.087432
106,26,0.115096
106,27,0.106843
106,28,0.076772
106,29,0.058971
106,30,0.063067
106,31,0.096199
106,32,0.031056
106,33,0.155030
106,34,0.152848
106,35,0.226335
106,36,0.118472
106,37,0.091186
106,38,0.061010
106,39,0.113256
106,40,0.148928
106,41,0.102640
106,42,0.143570
106,43,0.126394
106,44,0.163987
106,45,0.129535
106,46,0.171901
106,47,0.193299
106,48,0.179781
106,49,0.161532
106,50,0.187760
106,51,0.198002
106,52,0.226132
106,53,0.239445
106,54,0.210763
106,55,0.159695
106,56,0.124773
106,57,0.133130
106,58,0.165203
106,59,0.196017
106,60,0.214590
106,61,0.218170
106,62,0.100621
106,63,0.009823
106,64,0.040437
106,65,0.141687
106,66,0.075517
106,67,0.004541
106,68,0.024928
106,69,0.045289
106,70,0.051324
106,71,0.054157
106,72,0.031216
106,73,0.027786
106,74,0.054032
106,75,0.025965
106,76,0.112308
106,77,0.159881
106,78,0.145803
106,79,0.192319
106,80,0.293284
106,81,0.217100
106,82,0.233185
106,83,0.511534
106,84,0.561239
106,85,0.650196
106,86,0.516801
106,87,0.474892
106,88,0.349385
106,89,0.328387
106,90,0.270802
106,91,0.326711
106,92,0.397915
106,93,0.275839
106,94,0.165973
106,95,0.093005
106,96,0.158890
106,97,0.199226
106,98,0.157284
106,99,0.169115
106,100,-0.035739
106,101,0.181126
106,102,0.264169
106,103,0.461946
106,104,0.579931
106,105,0.560776
106,106,1.000000
106,107,0.335423
106,108,0.243786
106,109,0.084805
106,110,0.054633
106,111,0.013075
106,112,0.119719
106,113,0.054585
106,114,0.052851
106,115,0.130905
106,116,0.120023
106,117,0.135210
106,118,0.079738
106,119,-0.067543
106,120,-0.036103
106,121,-0.016053
106,122,-0.049499
106,123,0.010423
106,124,0.080223
106,125,0.117303
106,126,0.181929
106,127,0.167113
106,128,0.121066
106,129,0.265314
106,130,0.183032
106,131,0.200024
106,132,0.159813
106,133,0.126425
106,134,0.075547
106,135,0.122957
106,136,0.111145
106,137,0.106195
106,138,0.135113
106,139,0.125523
106,140,0.118384
106,141,0.108403
106,142,0.112730
106,143,0.101501
106,144,0.024197
106,145,-0.035456
106,146,-0.018475
106,147,0.000361
106,148,0.054350
106,149,-0.032346
106,150,0.090224
106,151,0.113861
106,152,0.052693
106,153,0.010063
106,154,0.040816
106,155,0.001104
106,156,-0.044757
106,157,-0.026104
106,158,0.121012
106,159,0.126674
106,160,0.176311
106,161,0.159380
106,162,0.170091
106,163,0.154594
106,164,0.155922
106,165,0.090870
106,166,0.113801
106,167,0.133223
106,168,0.147772
106,169,0.134650
106,170,0.126759
106,171,0.112684
106,172,0.044899
106,173,0.026375
106,174,0.019078
106,175,0.040907
106,176,0.004623
106,177,0.029037
106,178,0.106915
106,179,0.122764
106,180,0.038906
106,181,0.106135
106,182,0.045904
106,183,0.024104
106,184,0.176440
106,185,0.155392
106,186,0.182950
106,187,0.135920
106,188,0.097135
106,189,0.085063
106,190,0.104389
107,1,0.040818
107,2,0.027375
107,3,0.070161
107,4,0.077148
107,5,0.123544
107,6,0.119909
107,7,0.121758
107,8,0.112513
107,9,0.117004
107,10,0.138189
107,11,0.104579
107,12,0.063819
107,13,0.091738
107,14,0.091977
107,15,0.099323
107,16,0.088618
107,17,0.089189
107,18,0.089475
107,19,0.090786
107,20,0.072907
107,21,0.087239
107,22,0.088436
107,23,0.132532
107,24,0.169008
107,25,0.134501
107,26,0.042231
107,27,0.014628
107,28,-0.018614
107,29,-0.022571
107,30,-0.007355
107,31,0.100895
107,32,0.102405
107,33,-0.015272
107,34,0.037419
107,35,0.048641
107,36,0.035379
107,37,0.101518
107,38,0.057464
107,39,0.069183
107,40,0.074694
107,41,0.060432
107,42,0.076634
107,43,0.035778
107,44,0.086631
107,45,0.106370
107,46,0.172723
107,47,0.216336
107,48,0.191856
107,49,0.165342
107,50,0.194344
107,51,0.208586
107,52,0.201014
107,53,0.183778
107,54,0.116554
107,55,0.068916
107,56,0.061439
107,57,0.078666
107,58,0.096673
107,59,0.144431
107,60,0.156619
107,61,0.140769
107,62,0.050344
107,63,-0.028729
107,64,-0.010717
107,65,0.054159
107,66,0.059914
107,67,0.111379
107,68,0.148353
107,69,0.102872
107,70,0.104857
107,71,0.151143
107,72,0.143250
107,73,0.171082
107,74,0.139148
107,75,0.135791
107,76,0.203598
107,77,0.188956
107,78,0.180573
107,79,0.242412
107,80,0.285563
107,81,0.268645
107,82,0.295232
107,83,0.464638
107,84,0.344728
107,85,0.274706
107,86,0.235413
107,87,0.208825
107,88,0.144986
107,89,0.149549
107,90,0.132727
107,91,0.159169
107,92,0.202677
107,93,0.153796
107,94,0.115338
107,95,0.061317
107,96,0.072424
107,97,0.090299
107,98,0.079152
107,99,0.080633
107,100,0.012101
107,101,0.102206
107,102,0.117616
107,103,0.225134
107,104,0.239936
107,105,0.204007
107,106,0.335423
107,107,1.000000
107,108,0.518147
107,109,0.279297
107,110,0.267010
107,111,0.151199
107,112,0.030045
107,113,0.012598
107,114,0.000399
107,115,0.016935
107,116,0.080872
107,117,0.099818
107,118,0.111503
107,119,0.123908
107,120,0.153612
107,121,0.116393
107,122,0.067523
107,123,0.153547
107,124,0.159417
107,125,0.172640
107,126,0.268560
107,127,0.100486
107,128,0.076860
107,129,0.095624
107,130,0.035229
107,131,0.059958
107,132,0.049140
107,133,0.061028
107,134,0.019287
107,135,0.042481
107,136,0.042423
107,137,0.034838
107,138,0.030671
107,139,0.039125
107,140,0.039702
107,141,0.031974
107,142,0.032255
107,143,0.023486
107,144,-0.002726
107,145,-0.040764
107,146,0.067581
107,147,0.059056
107,148,-0.013473
107,149,-0.069699
107,150,0.056522
107,151,0.066210
107,152,0.032193
107,153,0.052172
107,154,0.101641
107,155,0.103714
107,156,0.034096
107,157,0.011684
107,158,0.079033
107,159,0.044473
107,160,0.079827
107,161,0.073127
107,162,0.085891
107,163,0.083774
107,164,0.103673
107,165,0.150347
107,166,0.124286
107,167,0.113369
107,168,0.061164
107,169,0.084628
107,170,0.098047
107,171,0.046053
107,172,0.034598
107,173,0.118835
107,174,0.057575
107,175,0.039123
107,176,-0.007529
107,177,-0.003440
107,178,0.035759
107,179,0.034232
107,180,0.085086
107,181,0.062426
107,182,0.059805
107,183,0.124232
107,184,0.135200
107,185,0.148681
107,186,0.146932
107,187,0.144814
107,188,0.144177
107,189,0.172485
107,190,0.178996
108,1,0.096581
108,2,0.028519
108,3,0.084457
108,4,0.129294
108,5,0.222173
108,6,0.270936
108,7,0.291818
108,8,0.240203
108,9,0.190510
108,10,0.168461
108,11,0.113310
108,12,0.109066
108,13,0.193817
108,14,0.217542
108,15,0.231242
108,16,0.211681
108,17,0.209280
108,18,0.217498
108,19,0.237767
108,20,0.242189
108,21,0.227867
108,22,0.103595
108,23,0.157831
108,24,0.243419
108,25,0.235356
108,26,0.094039
108,27,0.059918
108,28,0.079150
108,29,0.059664
108,30,0.006744
108,31,0.059992
108,32,0.115450
108,33,0.039267
108,34,0.080136
108,35,0.079097
108,36,0.084388
108,37,0.090103
108,38,0.100986
108,39,0.183495
108,40,0.202557
108,41,0.216457
108,42,0.207822
108,43,0.189344
108,44,0.167384
108,45,0.182587
108,46,0.219225
108,47,0.247140
108,48,0.235078
108,49,0.197630
108,50,0.241698
108,51,0.243949
108,52,0.248261
108,53,0.210817
108,54,0.153393
108,55,0.166424
108,56,0.226029
108,57,0.270122
108,58,0.158895
108,59,0.176085
108,60,0.182209
108,61,0.144435
108,62,0.120758
108,63,0.042014
108,64,0.051578
108,65,0.084536
108,66,0.122293
108,67,0.161442
108,68,0.167979
108,69,0.183321
108,70,0.167776
108,71,0.212529
108,72,0.207367
108,73,0.193054
108,74,0.207639
108,75,0.153666
108,76,0.226049
108,77,0.249595
108,78,0.171577
108,79,0.211801
108,80,0.309931
108,81,0.204279
108,82,0.174395
108,83,0.300629
108,84,0.197741
108,85,0.209271
108,86,0.183466
108,87,0.176488
108,88,0.071607
108,89,0.145609
108,90,0.146573
108,91,0.126854
108,92,0.145477
108,93,0.137284
108,94,0.160196
108,95,0.171441
108,96,0.264088
108,97,0.298845
108,98,0.263732
108,99,0.213580
108,100,0.100718
108,101,0.211953
108,102,0.240400
108,103,0.283246
108,104,0.221931
108,105,0.156066
108,106,0.243786
108,107,0.518147
108,108,1.000000
108,109,0.461960
108,110,0.388893
108,111,0.138273
108,112,0.104838
108,113,0.101754
108,114,0.127063
108,115,0.162521
108,116,0.008798
108,117,0.136703
108,118,0.106154
108,119,0.124026
108,120,0.153307
108,121,0.106562
108,122,0.062980
108,123,0.242759
108,124,0.169924
108,125,0.175510
108,126,0.274258
108,127,0.138208
108,128,0.076563
108,129,0.154960
108,130,0.123023
108,131,0.156740
108,132,0.162867
108,133,0.126221
108,134,0.040710
108,135,0.096359
108,136,0.116185
108,137,0.052403
108,138,0.064533
108,139,0.080869
108,140,0.067440
108,141,0.067255
108,142,0.051692
108,143,0.025753
108,144,0.006205
108,145,-0.030808
108,146,0.023600
108,147,0.060885
108,148,0.052487
108,149,-0.011170
108,150,0.167680
108,151,0.220744
108,152,0.209511
108,153,0.180018
108,154,0.219365
108,155,0.232751
108,156,0.148372
108,157,0.060576
108,158,0.108153
108,159,0.013220
108,160,0.077398
108,161,0.071144
108,162,0.105914
108,163,0.124726
108,164,0.161840
108,165,0.241011
108,166,0.219690
108,167,0.207912
108,168,0.132998
108,169,0.144648
108,170,0.160667
108,171,0.159674
108,172,0.116640
108,173,0.192991
108,174,0.092758
108,175,0.138984
108,176,0.126163
108,177,0.145392
108,178,0.192726
108,179,0.199930
108,180,0.115086
108,181,0.120078
108,182,0.091560
108,183,0.160251
108,184,0.260136
108,185,0.246471
108,186,0.239035
108,187,0.233410
108,188,0.225967
108,189,0.274193
108,190,0.251209
109,1,0.062806
109,2,0.019462
109,3,0.096261
109,4,0.110485
109,5,0.170503
109,6,0.177072
109,7,0.183639
109,8,0.137030
109,9,0.138789
109,10,0.143406
109,11,0.121125
109,12,0.100100
109,13,0.155635
109,14,0.165199
109,15,0.159994
109,16,0.157152
109,17,0.148716
109,18,0.153741
109,19,0.142898
109,20,0.154487
109,21,0.154261
109,22,0.103102
109,23,0.184697
109,24,0.217746
109,25,0.189065
109,26,0.071074
109,27,0.118696
109,28,0.108753
109,29,0.077322
109,30,0.076757
109,31,0.007755
109,32,0.096186
109,33,0.045164
109,34,0.062377
109,35,0.043112
109,36,0.067705
109,37,0.062884
109,38,0.052923
109,39,0.107923
109,40,0.136881
109,41,0.145131
109,42,0.144866
109,43,0.077939
109,44,0.145452
109,45,0.143500
109,46,0.197451
109,47,0.217369
109,48,0.217870
109,49,0.189976
109,50,0.240859
109,51,0.252264
109,52,0.245863
109,53,0.232409
109,54,0.132652
109,55,0.083446
109,56,0.126794
109,57,0.146401
109,58,0.190349
109,59,0.186505
109,60,0.169225
109,61,0.159569
109,62,0.120249
109,63,0.065016
109,64,0.065606
109,65,0.091914
109,66,0.102437
109,67,0.094468
109,68,0.106247
109,69,0.112593
109,70,0.115561
109,71,0.141347
109,72,0.132703
109,73,0.167371
109,74,0.150694
109,75,0.115498
109,76,0.147407
109,77,0.169865
109,78,0.075736
109,79,0.071306
109,80,0.153773
109,81,0.068696
109,82,-0.024520
109,83,0.099312
109,84,0.097164
109,85,0.102860
109,86,0.050563
109,87,0.092458
109,88,0.087634
109,89,0.100879
109,90,0.123812
109,91,0.120964
109,92,0.111119
109,93,0.141190
109,94,0.180903
109,95,0.182752
109,96,0.159706
109,97,0.194514
109,98,0.165631
109,99,0.137907
109,100,0.114914
109,101,0.194971
109,102,0.216583
109,103,0.191212
109,104,0.123989
109,105,0.073569
109,106,0.084805
109,107,0.279297
109,108,0.461960
109,109,1.000000
109,110,0.736588
109,111,0.394182
109,112,0.264292
109,113,0.195502
109,114,0.282950
109,115,0.257047
109,116,0.157068
109,117,0.231863
109,118,0.154236
109,119,0.090946
109,120,0.171332
109,121,0.157520
109,122,0.076118
109,123,0.194822
109,124,0.372102
109,125,0.422739
109,126,0.329354
109,127,0.226288
109,128,0.176300
109,129,0.162985
109,130,0.095828
109,131,0.166151
109,132,0.156620
109,133,0.110263
109,134,0.096394
109,135,0.127610
109,136,0.149542
109,137,0.096375
109,138,0.068024
109,139,0.110978
109,140,0.117866
109,141,0.037119
109,142,-0.006071
109,143,0.001367
109,144,-0.024735
109,145,-0.011892
109,146,0.027806
109,147,0.066641
109,148,0.036140
109,149,0.083582
109,150,0.111424
109,151,0.133178
109,152,0.156658
109,153,0.175523
109,154,0.150741
109,155,0.131540
109,156,0.153162
109,157,0.076424
109,158,0.041285
109,159,0.003551
109,160,0.103149
109,161,0.085920
109,162,0.114045
109,163,0.142406
109,164,0.171998
109,165,0.185983
109,166,0.182028
109,167,0.194763
109,168,0.143311
109,169,0.153736
109,170,0.157836
109,171,0.148871
109,172,0.092836
109,173,0.128921
109,174,0.060547
109,175,0.065337
109,176,0.068612
109,177,0.098849
109,178,0.163647
109,179,0.169291
109,180,0.151361
109,181,0.126860
109,182,0.078951
109,183,0.084091
109,184,0.190002
109,185,0.203768
109,186,0.180933
109,187,0.212564
109,188,0.196797
109,189,0.186826
109,190,0.172412
110,1,0.070139
110,2,0.020976
110,3,0.113992
110,4,0.132939
110,5,0.196028
110,6,0.201358
110,7,0.213222
110,8,0.174967
110,9,0.147913
110,10,0.154876
110,11,0.136263
110,12,0.107240
110,13,0.155154
110,14,0.153865
110,15,0.145955
110,16,0.126589
110,17,0.108766
110,18,0.114917
110,19,0.107787
110,20,0.127994
110,21,0.141637
110,22,0.111578
110,23,0.208577
110,24,0.280305
110,25,0.245614
110,26,0.114043
110,27,0.124340
110,28,0.092013
110,29,0.065023
110,30,0.073502
110,31,0.040628
110,32,0.139634
110,33,0.074700
110,34,0.102498
110,35,0.084436
110,36,0.137122
110,37,0.117139
110,38,0.084622
110,39,0.142047
110,40,0.166449
110,41,0.171285
110,42,0.167918
110,43,0.043983
110,44,0.142151
110,45,0.135223
110,46,0.224249
110,47,0.268581
110,48,0.280735
110,49,0.253380
110,50,0.329160
110,51,0.342290
110,52,0.295315
110,53,0.269300
110,54,0.136410
110,55,0.090076
110,56,0.127284
110,57,0.164096
110,58,0.231301
110,59,0.241292
110,60,0.212301
110,61,0.208443
110,62,0.161143
110,63,0.095253
110,64,0.091910
110,65,0.180400
110,66,0.187782
110,67,0.158192
110,68,0.136950
110,69,0.171563
110,70,0.142720
110,71,0.186342
110,72,0.169843
110,73,0.228837
110,74,0.201636
110,75,0.172879
110,76,0.201570
110,77,0.206803
110,78,0.116254
110,79,0.105255
110,80,0.176468
110,81,0.099497
110,82,-0.006021
110,83,0.103978
110,84,0.089150
110,85,0.114459
110,86,0.114399
110,87,0.102496
110,88,0.103090
110,89,0.127402
110,90,0.171610
110,91,0.147826
110,92,0.132830
110,93,0.176185
110,94,0.214447
110,95,0.186469
110,96,0.153290
110,97,0.187371
110,98,0.167917
110,99,0.146456
110,100,0.166955
110,101,0.233060
110,102,0.244439
110,103,0.208914
110,104,0.140419
110,105,0.064857
110,106,0.054633
110,107,0.267010
110,108,0.388893
110,109,0.736588
110,110,1.000000
110,111,0.592753
110,112,0.309948
110,113,0.224468
110,114,0.326419
110,115,0.257827
110,116,0.185295
110,117,0.190783
110,118,0.180262
110,119,0.161929
110,120,0.287537
110,121,0.242571
110,122,0.116735
110,123,0.378889
110,124,0.560504
110,125,0.574578
110,126,0.390859
110,127,0.234739
110,128,0.243993
110,129,0.209751
110,130,0.104527
110,131,0.203245
110,132,0.231666
110,133,0.148701
110,134,0.153272
110,135,0.229722
110,136,0.223838
110,137,0.173394
110,138,0.152120
110,139,0.215498
110,140,0.229479
110,141,0.111455
110,142,0.051775
110,143,0.043961
110,144,-0.003171
110,145,0.012001
110,146,0.046432
110,147,0.108079
110,148,0.099869
110,149,0.138810
110,150,0.142248
110,151,0.142876
110,152,0.164129
110,153,0.207225
110,154,0.201523
110,155,0.203563
110,156,0.213027
110,157,0.119471
110,158,0.018943
110,159,0.006185
110,160,0.096540
110,161,0.157010
110,162,0.194629
110,163,0.237636
110,164,0.262457
110,165,0.280995
110,166,0.273122
110,167,0.255196
110,168,0.179052
110,169,0.185255
110,170,0.176491
110,171,0.147185
110,172,0.121871
110,173,0.174277
110,174,0.080097
110,175,0.027919
110,176,0.032147
110,177,0.075180
110,178,0.140703
110,179,0.136570
110,180,0.159429
110,181,0.154832
110,182,0.046382
110,183,0.108447
110,184,0.146465
110,185,0.198270
110,186,0.234506
110,187,0.277742
110,188,0.256188
110,189,0.220356
110,190,0.203144
111,1,0.013267
111,2,0.000076
111,3,0.101838
111,4,0.096443
111,5,0.097438
111,6,0.088657
111,7,0.094788
111,8,0.091258
111,9,0.092917
111,10,0.115954
111,11,0.126607
111,12,0.056709
111,13,0.086935
111,14,0.056792
111,15,0.066792
111,16,0.068838
111,17,0.066912
111,18,0.050743
111,19,0.040049
111,20,0.029629
111,21,0.063904
111,22,0.102540
111,23,0.183220
111,24,0.226926
111,25,0.188073
111,26,0.110745
111,27,0.133453
111,28,0.072857
111,29,0.051128
111,30,0.079986
111,31,0.053003
111,32,0.142199
111,33,0.068898
111,34,0.112602
111,35,0.076634
111,36,0.180422
111,37,0.159527
111,38,0.139862
111,39,0.120872
111,40,0.106045
111,41,0.075753
111,42,0.090677
111,43,0.005349
111,44,0.103113
111,45,0.085197
111,46,0.174700
111,47,0.214383
111,48,0.233014
111,49,0.224326
111,50,0.283807
111,51,0.300277
111,52,0.225529
111,53,0.236390
111,54,0.100631
111,55,0.030577
111,56,0.033584
111,57,0.070046
111,58,0.090636
111,59,0.147977
111,60,0.143195
111,61,0.168601
111,62,0.119757
111,63,0.072449
111,64,0.065806
111,65,0.191524
111,66,0.191945
111,67,0.115877
111,68,0.072243
111,69,0.121216
111,70,0.083762
111,71,0.120577
111,72,0.077531
111,73,0.143420
111,74,0.096226
111,75,0.128371
111,76,0.154859
111,77,0.147942
111,78,0.113268
111,79,0.095222
111,80,0.109392
111,81,0.080854
111,82,0.007287
111,83,0.053195
111,84,0.065975
111,85,0.094214
111,86,0.087294
111,87,0.112381
111,88,0.128484
111,89,0.062129
111,90,0.154118
111,91,0.135116
111,92,0.118700
111,93,0.158187
111,94,0.131423
111,95,0.090608
111,96,0.050376
111,97,0.072186
111,98,0.047025
111,99,0.082365
111,100,0.124268
111,101,0.183682
111,102,0.164225
111,103,0.124276
111,104,0.055607
111,105,0.026902
111,106,0.013075
111,107,0.151199
111,108,0.138273
111,109,0.394182
111,110,0.592753
111,111,1.000000
111,112,0.360652
111,113,0.242827
111,114,0.304912
111,115,0.250040
111,116,0.207341
111,117,0.160892
111,118,0.134455
111,119,0.150229
111,120,0.291941
111,121,0.272056
111,122,0.154768
111,123,0.421400
111,124,0.537194
111,125,0.461641
111,126,0.304380
111,127,0.196387
111,128,0.241953
111,129,0.217170
111,130,0.061436
111,131,0.161527
111,132,0.208403
111,133,0.119107
111,134,0.126033
111,135,0.213936
111,136,0.213407
111,137,0.162870
111,138,0.149885
111,139,0.211352
111,140,0.216808
111,141,0.103150
111,142,0.063172
111,143,0.058300
111,144,0.000704
111,145,-0.016185
111,146,0.022746
111,147,0.123222
111,148,0.128280
111,149,0.118234
111,150,0.155350
111,151,0.136971
111,152,0.155908
111,153,0.174056
111,154,0.187211
111,155,0.165184
111,156,0.180228
111,157,0.091983
111,158,-0.006141
111,159,0.053333
111,160,0.047409
111,161,0.170874
111,162,0.167558
111,163,0.192256
111,164,0.207448
111,165,0.188020
111,166,0.207505
111,167,0.172105
111,168,0.125066
111,169,0.146597
111,170,0.136599
111,171,0.057600
111,172,0.052244
111,173,0.138733
111,174,0.101385
111,175,-0.001026
111,176,-0.021752
111,177,0.020518
111,178,0.061511
111,179,0.019644
111,180,0.022846
111,181,0.064718
111,182,-0.045224
111,183,-0.009564
111,184,-0.006241
111,185,0.075454
111,186,0.158358
111,187,0.182652
111,188,0.146284
111,189,0.100452
111,190,0.109380
112,1,0.099235
112,2,0.068444
112,3,0.086212
112,4,0.103682
112,5,0.129725
112,6,0.179669
112,7,0.196628
112,8,0.145363
112,9,0.139319
112,10,0.133021
112,11,0.148276
112,12,0.172194
112,13,0.193281
112,14,0.164112
112,15,0.151044
112,16,0.134030
112,17,0.114854
112,18,0.111792
112,19,0.130580
112,20,0.162735
112,21,0.194685
112,22,0.189473
112,23,0.218886
112,24,0.144455
112,25,0.110849
112,26,0.092133
112,27,0.106916
112,28,0.109582
112,29,0.101541
112,30,0.060745
112,31,0.011254
112,32,0.042100
112,33,0.089216
112,34,0.112067
112,35,0.122445
112,36,0.126202
112,37,0.003477
112,38,0.040306
112,39,0.111424
112,40,0.143968
112,41,0.147554
112,42,0.168425
112,43,0.195542
112,44,0.203290
112,45,0.143315
112,46,0.154226
112,47,0.171323
112,48,0.169060
112,49,0.121281
112,50,0.168595
112,51,0.176485
112,52,0.205353
112,53,0.222740
112,54,0.182723
112,55,0.171768
112,56,0.210405
112,57,0.183752
112,58,0.083490
112,59,0.105939
112,60,0.116940
112,61,0.130258
112,62,0.066294
112,63,0.027959
112,64,-0.002439
112,65,0.050926
112,66,0.040630
112,67,-0.021205
112,68,-0.025253
112,69,0.009547
112,70,0.024765
112,71,0.039469
112,72,0.046038
112,73,0.064971
112,74,0.086188
112,75,0.088515
112,76,0.069190
112,77,0.117836
112,78,0.045072
112,79,0.017941
112,80,0.094695
112,81,-0.001354
112,82,-0.087089
112,83,0.045907
112,84,0.151330
112,85,0.149327
112,86,0.111569
112,87,0.112628
112,88,0.089591
112,89,0.055878
112,90,0.059585
112,91,0.056902
112,92,0.078481
112,93,0.090504
112,94,0.085423
112,95,0.131094
112,96,0.155332
112,97,0.185923
112,98,0.177707
112,99,0.165441
112,100,0.094970
112,101,0.193914
112,102,0.188131
112,103,0.091388
112,104,0.019973
112,105,0.013678
112,106,0.119719
112,107,0.030045
112,108,0.104838
112,109,0.264292
112,110,0.309948
112,111,0.360652
112,112,1.000000
112,113,0.551249
112,114,0.526446
112,115,0.547596
112,116,0.310350
112,117,0.396001
112,118,0.186998
112,119,0.053057
112,120,0.059307
112,121,0.080646
112,122,0.054644
112,123,0.101246
112,124,0.250996
112,125,0.192032
112,126,0.093034
112,127,0.202388
112,128,0.130980
112,129,0.204041
112,130,0.145491
112,131,0.181142
112,132,0.164859
112,133,0.074351
112,134,0.070950
112,135,0.115347
112,136,0.088747
112,137,0.026805
112,138,0.052651
112,139,0.058694
112,140,0.071512
112,141,0.008397
112,142,-0.010048
112,143,-0.007089
112,144,-0.041593
112,145,-0.015748
112,146,-0.064786
112,147,-0.002321
112,148,0.105163
112,149,0.136927
112,150,0.181461
112,151,0.168810
112,152,0.173523
112,153,0.172101
112,154,0.115116
112,155,0.037966
112,156,0.118496
112,157,0.066906
112,158,-0.002938
112,159,0.008035
112,160,0.051540
112,161,0.080970
112,162,0.071435
112,163,0.072988
112,164,0.079688
112,165,0.068967
112,166,0.078493
112,167,0.160612
112,168,0.120308
112,169,0.138542
112,170,0.176239
112,171,0.177262
112,172,0.086877
112,173,0.116560
112,174,0.106098
112,175,0.099649
112,176,0.157292
112,177,0.214338
112,178,0.227729
112,179,0.185448
112,180,0.073590
112,181,0.105100
112,182,0.040468
112,183,0.004692
112,184,0.204927
112,185,0.204401
112,186,0.169304
112,187,0.179733
112,188,0.128469
112,189,0.067929
112,190,0.078350
113,1,0.086657
113,2,0.019616
113,3,0.045924
113,4,0.108449
113,5,0.177927
113,6,0.235667
113,7,0.258219
113,8,0.198161
113,9,0.144681
113,10,0.137702
113,11,0.102630
113,12,0.122276
113,13,0.175961
113,14,0.161553
113,15,0.155413
113,16,0.152139
113,17,0.128520
113,18,0.125228
113,19,0.142983
113,20,0.190979
113,21,0.201730
113,22,0.147390
113,23,0.178032
113,24,0.217323
113,25,0.214559
113,26,0.175840
113,27,0.182869
113,28,0.198611
113,29,0.205231
113,30,0.162330
113,31,0.136834
113,32,0.130982
113,33,0.074620
113,34,0.064373
113,35,0.087479
113,36,0.167737
113,37,0.029900
113,38,0.041317
113,39,0.109840
113,40,0.152528
113,41,0.181292
113,42,0.137705
113,43,0.173667
113,44,0.116734
113,45,0.099925
113,46,0.134572
113,47,0.163409
113,48,0.183747
113,49,0.165250
113,50,0.223184
113,51,0.228802
113,52,0.201456
113,53,0.192352
113,54,0.130559
113,55,0.166798
113,56,0.224234
113,57,0.176003
113,58,0.092282
113,59,0.104303
113,60,0.097800
113,61,0.121232
113,62,0.073581
113,63,0.049857
113,64,0.047414
113,65,0.100298
113,66,0.127778
113,67,0.049315
113,68,0.011922
113,69,0.092312
113,70,0.095212
113,71,0.115752
113,72,0.137922
113,73,0.107929
113,74,0.153888
113,75,0.155437
113,76,0.119457
113,77,0.161824
113,78,0.067656
113,79,0.018367
113,80,0.067383
113,81,-0.001287
113,82,-0.046155
113,83,0.031765
113,84,0.060212
113,85,0.072370
113,86,0.043552
113,87,0.042235
113,88,0.066747
113,89,0.123966
113,90,0.078196
113,91,0.047696
113,92,0.040491
113,93,0.077484
113,94,0.066658
113,95,0.102242
113,96,0.137260
113,97,0.201741
113,98,0.177000
113,99,0.172122
113,100,0.111445
113,101,0.210152
113,102,0.146632
113,103,0.073539
113,104,-0.017457
113,105,-0.075074
113,106,0.054585
113,107,0.012598
113,108,0.101754
113,109,0.195502
113,110,0.224468
113,111,0.242827
113,112,0.551249
113,113,1.000000
113,114,0.746968
113,115,0.587333
113,116,0.338089
113,117,0.391689
113,118,0.192798
113,119,0.134570
113,120,0.159192
113,121,0.244827
113,122,0.195353
113,123,0.162350
113,124,0.118816
113,125,0.103192
113,126,0.114202
113,127,0.145304
113,128,0.093024
113,129,0.174995
113,130,0.094740
113,131,0.154651
113,132,0.211309
113,133,0.132184
113,134,0.058293
113,135,0.167565
113,136,0.146944
113,137,0.058023
113,138,0.084034
113,139,0.127780
113,140,0.124844
113,141,0.057756
113,142,0.028018
113,143,0.017571
113,144,-0.044193
113,145,0.007087
113,146,-0.121440
113,147,-0.015395
113,148,0.183452
113,149,0.209035
113,150,0.252061
113,151,0.227394
113,152,0.211333
113,153,0.186760
113,154,0.194019
113,155,0.146393
113,156,0.202693
113,157,0.098696
113,158,0.025109
113,159,-0.033317
113,160,0.010780
113,161,0.070072
113,162,0.092944
113,163,0.110911
113,164,0.140410
113,165,0.138412
113,166,0.138726
113,167,0.171448
113,168,0.118996
113,169,0.132724
113,170,0.179085
113,171,0.184397
113,172,0.114098
113,173,0.143338
113,174,0.141589
113,175,0.085059
113,176,0.142340
113,177,0.201853
113,178,0.176355
113,179,0.188090
113,180,0.149005
113,181,0.126250
113,182,0.007971
113,183,0.066956
113,184,0.218842
113,185,0.211682
113,186,0.187770
113,187,0.197829
113,188,0.151107
113,189,0.109574
113,190,0.084695
114,1,0.099083
114,2,0.018388
114,3,0.072551
114,4,0.136768
114,5,0.212980
114,6,0.258738
114,7,0.280321
114,8,0.201040
114,9,0.151715
114,10,0.161014
114,11,0.147605
114,12,0.143402
114,13,0.220657
114,14,0.210787
114,15,0.194862
114,16,0.185600
114,17,0.159552
114,18,0.149283
114,19,0.174333
114,20,0.230485
114,21,0.246098
114,22,0.164019
114,23,0.230226
114,24,0.235337
114,25,0.206744
114,26,0.135362
114,27,0.187643
114,28,0.194157
114,29,0.181701
114,30,0.141685
114,31,0.034115
114,32,0.102118
114,33,0.109051
114,34,0.095529
114,35,0.108122
114,36,0.176932
114,37,0.049252
114,38,0.066579
114,39,0.151331
114,40,0.201617
114,41,0.186260
114,42,0.176779
114,43,0.186740
114,44,0.159328
114,45,0.113026
114,46,0.180249
114,47,0.204520
114,48,0.218946
114,49,0.189729
114,50,0.266183
114,51,0.257034
114,52,0.243318
114,53,0.241131
114,54,0.160529
114,55,0.179774
114,56,0.252257
114,57,0.222754
114,58,0.164309
114,59,0.163464
114,60,0.159489
114,61,0.179869
114,62,0.127401
114,63,0.097918
114,64,0.051391
114,65,0.127539
114,66,0.128991
114,67,0.084076
114,68,0.036731
114,69,0.103491
114,70,0.100218
114,71,0.113073
114,72,0.136312
114,73,0.138915
114,74,0.173111
114,75,0.184955
114,76,0.143285
114,77,0.196361
114,78,0.082473
114,79,0.013522
114,80,0.077492
114,81,-0.015925
114,82,-0.098350
114,83,-0.015976
114,84,0.107445
114,85,0.105194
114,86,0.035891
114,87,0.061540
114,88,0.089301
114,89,0.129263
114,90,0.102535
114,91,0.085810
114,92,0.084650
114,93,0.137266
114,94,0.151206
114,95,0.211360
114,96,0.213846
114,97,0.279069
114,98,0.246554
114,99,0.250030
114,100,0.174626
114,101,0.265461
114,102,0.262235
114,103,0.133323
114,104,0.037437
114,105,-0.041239
114,106,0.052851
114,107,0.000399
114,108,0.127063
114,109,0.282950
114,110,0.326419
114,111,0.304912
114,112,0.526446
114,113,0.746968
114,114,1.000000
114,115,0.763195
114,116,0.461277
114,117,0.402691
114,118,0.201166
114,119,0.088546
114,120,0.139784
114,121,0.180457
114,122,0.099318
114,123,0.176642
114,124,0.221015
114,125,0.218463
114,126,0.190053
114,127,0.221703
114,128,0.161843
114,129,0.226465
114,130,0.113542
114,131,0.199000
114,132,0.220859
114,133,0.139682
114,134,0.093546
114,135,0.175777
114,136,0.165814
114,137,0.066782
114,138,0.097610
114,139,0.155944
114,140,0.160834
114,141,0.025524
114,142,-0.033141
114,143,-0.006443
114,144,-0.056093
114,145,-0.016380
114,146,-0.028680
114,147,0.064777
114,148,0.226914
114,149,0.284878
114,150,0.267720
114,151,0.232376
114,152,0.215999
114,153,0.200520
114,154,0.174458
114,155,0.146466
114,156,0.205637
114,157,0.079142
114,158,-0.002896
114,159,-0.044462
114,160,0.050506
114,161,0.090895
114,162,0.112143
114,163,0.132887
114,164,0.152871
114,165,0.158778
114,166,0.144675
114,167,0.220141
114,168,0.177866
114,169,0.201462
114,170,0.238520
114,171,0.243805
114,172,0.150583
114,173,0.168978
114,174,0.141012
114,175,0.120464
114,176,0.192048
114,177,0.249142
114,178,0.268193
114,179,0.251446
114,180,0.182065
114,181,0.174008
114,182,0.060717
114,183,0.081705
114,184,0.269458
114,185,0.287008
114,186,0.254462
114,187,0.268789
114,188,0.208270
114,189,0.153572
114,190,0.140672
115,1,0.149516
115,2,0.054300
115,3,0.057822
115,4,0.137291
115,5,0.245612
115,6,0.343251
115,7,0.386305
115,8,0.274450
115,9,0.205325
115,10,0.185589
115,11,0.174788
115,12,0.198612
115,13,0.315264
115,14,0.312979
115,15,0.276943
115,16,0.237020
115,17,0.202217
115,18,0.210726
115,19,0.248666
115,20,0.304392
115,21,0.340268
115,22,0.233643
115,23,0.295481
115,24,0.230199
115,25,0.191342
115,26,0.114687
115,27,0.122267
115,28,0.151155
115,29,0.151546
115,30,0.067322
115,31,0.011582
115,32,0.098212
115,33,0.158952
115,34,0.152895
115,35,0.183178
115,36,0.218256
115,37,0.039958
115,38,0.136835
115,39,0.230321
115,40,0.252955
115,41,0.216294
115,42,0.248160
115,43,0.288974
115,44,0.266327
115,45,0.195912
115,46,0.226801
115,47,0.238605
115,48,0.229008
115,49,0.184083
115,50,0.260626
115,51,0.258545
115,52,0.297722
115,53,0.310397
115,54,0.245978
115,55,0.290424
115,56,0.347520
115,57,0.311966
115,58,0.156733
115,59,0.201719
115,60,0.222743
115,61,0.222326
115,62,0.170235
115,63,0.117620
115,64,0.057332
115,65,0.123027
115,66,0.135299
115,67,0.071069
115,68,0.030828
115,69,0.117671
115,70,0.133861
115,71,0.134859
115,72,0.142311
115,73,0.125492
115,74,0.184000
115,75,0.191050
115,76,0.124592
115,77,0.199878
115,78,0.085473
115,79,0.013859
115,80,0.106816
115,81,0.005344
115,82,-0.091492
115,83,0.005891
115,84,0.142650
115,85,0.159626
115,86,0.082171
115,87,0.116926
115,88,0.105202
115,89,0.120495
115,90,0.122039
115,91,0.126795
115,92,0.113925
115,93,0.168988
115,94,0.177850
115,95,0.252531
115,96,0.266657
115,97,0.309900
115,98,0.291737
115,99,0.267169
115,100,0.163166
115,101,0.270467
115,102,0.291194
115,103,0.179071
115,104,0.057847
115,105,0.011074
115,106,0.130905
115,107,0.016935
115,108,0.162521
115,109,0.257047
115,110,0.257827
115,111,0.250040
115,112,0.547596
115,113,0.587333
115,114,0.763195
115,115,1.000000
115,116,0.514496
115,117,0.571993
115,118,0.284446
115,119,0.077741
115,120,0.089926
115,121,0.149911
115,122,0.101160
115,123,0.157212
115,124,0.243349
115,125,0.217141
115,126,0.195436
115,127,0.299700
115,128,0.188120
115,129,0.286533
115,130,0.198823
115,131,0.256074
115,132,0.263957
115,133,0.139487
115,134,0.047190
115,135,0.146267
115,136,0.145734
115,137,0.015284
115,138,0.041880
115,139,0.120176
115,140,0.121827
115,141,-0.026997
115,142,-0.085574
115,143,-0.091836
115,144,-0.103210
115,145,-0.070153
115,146,-0.086349
115,147,0.034829
115,148,0.214472
115,149,0.209315
115,150,0.278749
115,151,0.320275
115,152,0.305671
115,153,0.245690
115,154,0.252939
115,155,0.170432
115,156,0.221106
115,157,0.107372
115,158,0.015019
115,159,-0.015342
115,160,0.042804
115,161,0.055127
115,162,0.073328
115,163,0.079288
115,164,0.092519
115,165,0.137980
115,166,0.137331
115,167,0.266145
115,168,0.200987
115,169,0.241131
115,170,0.288186
115,171,0.273729
115,172,0.163740
115,173,0.201475
115,174,0.144654
115,175,0.137592
115,176,0.203509
115,177,0.288867
115,178,0.317445
115,179,0.316576
115,180,0.118903
115,181,0.145894
115,182,0.108327
115,183,0.072905
115,184,0.379208
115,185,0.373013
115,186,0.251354
115,187,0.270252
115,188,0.207273
115,189,0.155702
115,190,0.121676
116,1,0.062543
116,2,0.063562
116,3,0.073426
116,4,0.089500
116,5,0.101893
116,6,0.113036
116,7,0.129947
116,8,0.084341
116,9,0.098324
116,10,0.136048
116,11,0.174237
116,12,0.173321
116,13,0.165456
116,14,0.117960
116,15,0.072589
116,16,0.049367
116,17,0.026825
116,18,0.047881
116,19,0.063975
116,20,0.117160
116,21,0.192298
116,22,0.244587
116,23,0.268206
116,24,0.112819
116,25,0.059657
116,26,0.094879
116,27,0.092273
116,28,0.044882
116,29,0.042660
116,30,0.065323
116,31,0.089057
116,32,0.011741
116,33,0.044606
116,34,0.060203
116,35,0.088514
116,36,0.097897
116,37,0.024868
116,38,0.063553
116,39,0.110927
116,40,0.127741
116,41,0.065087
116,42,0.081556
116,43,0.071894
116,44,0.148022
116,45,0.044279
116,46,0.114731
116,47,0.142167
116,48,0.129977
116,49,0.123403
116,50,0.175462
116,51,0.179117
116,52,0.199073
116,53,0.233170
116,54,0.214163
116,55,0.179752
116,56,0.179871
116,57,0.103265
116,58,0.096599
116,59,0.104430
116,60,0.118469
116,61,0.154777
116,62,0.079971
116,63,0.017224
116,64,0.018715
116,65,0.122795
116,66,0.106472
116,67,0.042377
116,68,0.031786
116,69,0.058097
116,70,0.055408
116,71,0.049477
116,72,0.046563
116,73,0.058941
116,74,0.060602
116,75,0.113466
116,76,0.059588
116,77,0.107282
116,78,0.067326
116,79,-0.008732
116,80,0.026343
116,81,0.040912
116,82,-0.042944
116,83,0.064466
116,84,0.158359
116,85,0.115961
116,86,0.023668
116,87,0.087415
116,88,0.155686
116,89,0.161664
116,90,0.106252
116,91,0.083141
116,92,0.113273
116,93,0.080154
116,94,0.069805
116,95,0.100751
116,96,0.077355
116,97,0.126002
116,98,0.099988
116,99,0.105355
116,100,0.032790
116,101,0.115460
116,102,0.131446
116,103,0.078446
116,104,0.061253
116,105,0.059941
116,106,0.120023
116,107,0.080872
116,108,0.008798
116,109,0.157068
116,110,0.185295
116,111,0.207341
116,112,0.310350
116,113,0.338089
116,114,0.461277
116,115,0.514496
116,116,1.000000
116,117,0.604491
116,118,0.396770
116,119,0.158262
116,120,0.179999
116,121,0.249031
116,122,0.192619
116,123,0.099029
116,124,0.231967
116,125,0.172552
116,126,0.145715
116,127,0.175520
116,128,0.142568
116,129,0.127493
116,130,0.084965
116,131,0.147913
116,132,0.125810
116,133,0.090607
116,134,0.129002
116,135,0.132652
116,136,0.105442
116,137,0.077283
116,138,0.121074
116,139,0.137160
116,140,0.129362
116,141,0.081772
116,142,0.052627
116,143,0.049519
116,144,-0.011292
116,145,-0.036575
116,146,0.091447
116,147,0.093981
116,148,0.057270
116,149,0.093492
116,150,0.048238
116,151,-0.006853
116,152,-0.015095
116,153,0.069204
116,154,0.055357
116,155,-0.048937
116,156,0.019915
116,157,-0.026586
116,158,-0.013926
116,159,0.002007
116,160,0.105841
116,161,0.089819
116,162,0.082477
116,163,0.114405
116,164,0.104094
116,165,0.088922
116,166,0.104175
116,167,0.157987
116,168,0.103810
116,169,0.107488
116,170,0.149277
116,171,0.121793
116,172,0.071799
116,173,0.112275
116,174,0.082868
116,175,0.023846
116,176,0.077563
116,177,0.113160
116,178,0.158155
116,179,0.143223
116,180,0.092962
116,181,0.085329
116,182,0.057029
116,183,0.029419
116,184,0.207087
116,185,0.222186
116,186,0.186457
116,187,0.165357
116,188,0.129234
116,189,0.070951
116,190,0.104475
117,1,0.148084
117,2,0.102950
117,3,0.103449
117,4,0.131398
117,5,0.171173
117,6,0.220447
117,7,0.234395
117,8,0.129090
117,9,0.148740
117,10,0.160580
117,11,0.176100
117,12,0.225929
117,13,0.256802
117,14,0.238607
117,15,0.204878
117,16,0.194965
117,17,0.159502
117,18,0.185428
117,19,0.212193
117,20,0.254846
117,21,0.284676
117,22,0.231135
117,23,0.260755
117,24,0.144220
117,25,0.113639
117,26,0.081933
117,27,0.089302
117,28,0.091839
117,29,0.103593
117,30,0.083698
117,31,0.032483
117,32,0.007930
117,33,0.012507
117,34,0.018754
117,35,0.055721
117,36,0.072480
117,37,-0.013632
117,38,0.055774
117,39,0.117244
117,40,0.160917
117,41,0.128120
117,42,0.143674
117,43,0.177791
117,44,0.144764
117,45,0.129387
117,46,0.136102
117,47,0.160356
117,48,0.158757
117,49,0.132793
117,50,0.182874
117,51,0.188650
117,52,0.203170
117,53,0.230146
117,54,0.179752
117,55,0.204416
117,56,0.266208
117,57,0.198811
117,58,0.128932
117,59,0.145359
117,60,0.143524
117,61,0.144557
117,62,0.081793
117,63,0.031286
117,64,-0.013376
117,65,0.047975
117,66,0.062739
117,67,0.034720
117,68,0.040968
117,69,0.063499
117,70,0.095880
117,71,0.090051
117,72,0.088883
117,73,0.080132
117,74,0.097868
117,75,0.103340
117,76,0.093856
117,77,0.126716
117,78,0.054265
117,79,0.027073
117,80,0.121645
117,81,0.041721
117,82,-0.042247
117,83,0.094986
117,84,0.121369
117,85,0.099747
117,86,0.027749
117,87,0.076547
117,88,0.053329
117,89,0.124057
117,90,0.064756
117,91,0.055919
117,92,0.055809
117,93,0.084137
117,94,0.112435
117,95,0.163436
117,96,0.138213
117,97,0.183881
117,98,0.170787
117,99,0.148721
117,100,0.096125
117,101,0.170926
117,102,0.165440
117,103,0.086669
117,104,-0.002136
117,105,-0.021412
117,106,0.135210
117,107,0.099818
117,108,0.136703
117,109,0.231863
117,110,0.190783
117,111,0.160892
117,112,0.396001
117,113,0.391689
117,114,0.402691
117,115,0.571993
117,116,0.604491
117,117,1.000000
117,118,0.681680
117,119,0.348426
117,120,0.264194
117,121,0.403474
117,122,0.367124
117,123,0.102291
117,124,0.239955
117,125,0.177864
117,126,0.152840
117,127,0.204957
117,128,0.113570
117,129,0.131351
117,130,0.144897
117,131,0.188154
117,132,0.150583
117,133,0.121715
117,134,0.095231
117,135,0.118798
117,136,0.122681
117,137,0.031914
117,138,0.053765
117,139,0.087539
117,140,0.088358
117,141,0.001649
117,142,-0.022349
117,143,-0.028593
117,144,-0.063685
117,145,-0.061673
117,146,-0.019348
117,147,0.014411
117,148,0.087398
117,149,0.100746
117,150,0.119359
117,151,0.114575
117,152,0.109538
117,153,0.122239
117,154,0.114143
117,155,-0.005025
117,156,0.067563
117,157,0.009337
117,158,0.021556
117,159,-0.010360
117,160,0.045244
117,161,0.038075
117,162,0.053730
117,163,0.079779
117,164,0.082047
117,165,0.126645
117,166,0.137479
117,167,0.218909
117,168,0.152648
117,169,0.176562
117,170,0.227741
117,171,0.184341
117,172,0.116715
117,173,0.230691
117,174,0.186763
117,175,0.100869
117,176,0.192070
117,177,0.269743
117,178,0.275046
117,179,0.240261
117,180,0.149971
117,181,0.125260
117,182,0.099690
117,183,0.071994
117,184,0.323042
117,185,0.307963
117,186,0.230869
117,187,0.222454
117,188,0.174744
117,189,0.142860
117,190,0.145598
118,1,0.147362
118,2,0.108043
118,3,0.140820
118,4,0.164041
118,5,0.183408
118,6,0.182668
118,7,0.185579
118,8,0.146440
118,9,0.147585
118,10,0.169744
118,11,0.189328
118,12,0.200694
118,13,0.199755
118,14,0.180796
118,15,0.170728
118,16,0.155414
118,17,0.138157
118,18,0.159837
118,19,0.168131
118,20,0.195437
118,21,0.216576
118,22,0.188070
118,23,0.215471
118,24,0.180712
118,25,0.135782
118,26,0.093493
118,27,0.032227
118,28,0.023471
118,29,0.047081
118,30,0.046004
118,31,0.071501
118,32,0.066521
118,33,0.015651
118,34,0.064316
118,35,0.063774
118,36,0.075224
118,37,0.029671
118,38,0.079711
118,39,0.147194
118,40,0.141318
118,41,0.133248
118,42,0.153571
118,43,0.109962
118,44,0.096199
118,45,0.099405
118,46,0.145730
118,47,0.172590
118,48,0.176644
118,49,0.168881
118,50,0.212520
118,51,0.218173
118,52,0.185684
118,53,0.200269
118,54,0.132627
118,55,0.139037
118,56,0.192680
118,57,0.134243
118,58,0.098148
118,59,0.136745
118,60,0.145818
118,61,0.162316
118,62,0.117967
118,63,0.052123
118,64,0.021216
118,65,0.097142
118,66,0.107981
118,67,0.109628
118,68,0.109487
118,69,0.118777
118,70,0.136402
118,71,0.120527
118,72,0.108579
118,73,0.128670
118,74,0.123748
118,75,0.103270
118,76,0.138667
118,77,0.124646
118,78,0.069368
118,79,0.064826
118,80,0.122554
118,81,0.096012
118,82,0.017220
118,83,0.113890
118,84,0.093198
118,85,0.099389
118,86,0.055711
118,87,0.080766
118,88,0.059613
118,89,0.113160
118,90,0.085670
118,91,0.076556
118,92,0.070327
118,93,0.078075
118,94,0.098370
118,95,0.117563
118,96,0.103577
118,97,0.150598
118,98,0.120246
118,99,0.092078
118,100,0.099573
118,101,0.167190
118,102,0.134019
118,103,0.098360
118,104,0.020078
118,105,-0.026561
118,106,0.079738
118,107,0.111503
118,108,0.106154
118,109,0.154236
118,110,0.180262
118,111,0.134455
118,112,0.186998
118,113,0.192798
118,114,0.201166
118,115,0.284446
118,116,0.396770
118,117,0.681680
118,118,1.000000
118,119,0.580159
118,120,0.383089
118,121,0.409880
118,122,0.340621
118,123,0.139624
118,124,0.235160
118,125,0.185476
118,126,0.153582
118,127,0.131462
118,128,0.108345
118,129,0.050392
118,130,0.091288
118,131,0.116818
118,132,0.091572
118,133,0.084149
118,134,0.102056
118,135,0.127058
118,136,0.123168
118,137,0.073701
118,138,0.078269
118,139,0.140879
118,140,0.117906
118,141,0.032408
118,142,-0.007832
118,143,-0.021130
118,144,-0.064313
118,145,-0.050264
118,146,0.013991
118,147,0.015151
118,148,0.060888
118,149,0.069116
118,150,0.042137
118,151,0.060100
118,152,0.042824
118,153,0.055558
118,154,0.089786
118,155,0.031206
118,156,0.046495
118,157,-0.013389
118,158,0.035486
118,159,0.004944
118,160,0.040793
118,161,0.055096
118,162,0.074601
118,163,0.099979
118,164,0.101031
118,165,0.161906
118,166,0.152121
118,167,0.171286
118,168,0.111229
118,169,0.133802
118,170,0.161384
118,171,0.116412
118,172,0.134531
118,173,0.292519
118,174,0.174397
118,175,0.029069
118,176,0.091485
118,177,0.182682
118,178,0.177994
118,179,0.133970
118,180,0.085900
118,181,0.079588
118,182,0.055407
118,183,0.083741
118,184,0.169093
118,185,0.203168
118,186,0.145004
118,187,0.158420
118,188,0.142988
118,189,0.140483
118,190,0.116820
119,1,0.095931
119,2,0.030289
119,3,0.112485
119,4,0.156640
119,5,0.226263
119,6,0.228596
119,7,0.226858
119,8,0.235113
119,9,0.186777
119,10,0.175988
119,11,0.107915
119,12,0.095400
119,13,0.166867
119,14,0.178707
119,15,0.206496
119,16,0.200108
119,17,0.194383
119,18,0.196469
119,19,0.204333
119,20,0.215693
119,21,0.179797
119,22,0.050446
119,23,0.105904
119,24,0.279803
119,25,0.261560
119,26,0.166590
119,27,0.006562
119,28,0.030949
119,29,0.090834
119,30,0.048274
119,31,0.169041
119,32,0.194957
119,33,-0.025809
119,34,0.050056
119,35,0.005048
119,36,0.067468
119,37,0.081190
119,38,0.130853
119,39,0.161525
119,40,0.123204
119,41,0.163170
119,42,0.176896
119,43,0.121194
119,44,-0.001071
119,45,0.110090
119,46,0.137699
119,47,0.158891
119,48,0.164668
119,49,0.172247
119,50,0.248914
119,51,0.223914
119,52,0.164724
119,53,0.144535
119,54,0.005669
119,55,0.051912
119,56,0.139835
119,57,0.124390
119,58,-0.016700
119,59,0.053780
119,60,0.110883
119,61,0.113940
119,62,0.127853
119,63,0.071127
119,64,0.067365
119,65,0.101525
119,66,0.176914
119,67,0.218791
119,68,0.188037
119,69,0.211750
119,70,0.222738
119,71,0.214971
119,72,0.186293
119,73,0.208703
119,74,0.184658
119,75,0.135835
119,76,0.222461
119,77,0.139143
119,78,0.076454
119,79,0.122789
119,80,0.142881
119,81,0.110409
119,82,0.070277
119,83,0.081725
119,84,0.002093
119,85,-0.004646
119,86,-0.010089
119,87,-0.056229
119,88,-0.111994
119,89,0.005994
119,90,0.063013
119,91,-0.032665
119,92,-0.077366
119,93,-0.033676
119,94,-0.011245
119,95,0.041584
119,96,0.070154
119,97,0.122067
119,98,0.063258
119,99,0.019835
119,100,0.119786
119,101,0.171562
119,102,0.053538
119,103,0.002702
119,104,-0.132052
119,105,-0.255957
119,106,-0.067543
119,107,0.123908
119,108,0.124026
119,109,0.090946
119,110,0.161929
119,111,0.150229
119,112,0.053057
119,113,0.134570
119,114,0.088546
119,115,0.077741
119,116,0.158262
119,117,0.348426
119,118,0.580159
119,119,1.000000
119,120,0.735768
119,121,0.629598
119,122,0.625859
119,123,0.388616
119,124,0.135514
119,125,0.079257
119,126,0.066215
119,127,0.002117
119,128,-0.032879
119,129,-0.045731
119,130,-0.063689
119,131,0.009029
119,132,0.060330
119,133,0.033573
119,134,0.038855
119,135,0.112347
119,136,0.116085
119,137,0.048024
119,138,0.025875
119,139,0.106105
119,140,0.108525
119,141,0.008886
119,142,-0.024294
119,143,-0.011426
119,144,-0.059595
119,145,-0.025116
119,146,-0.014224
119,147,0.020807
119,148,0.101745
119,149,0.089463
119,150,0.094552
119,151,0.108463
119,152,0.103850
119,153,0.109985
119,154,0.182503
119,155,0.197142
119,156,0.184925
119,157,0.092534
119,158,0.041611
119,159,-0.022360
119,160,-0.065017
119,161,0.004602
119,162,0.022308
119,163,0.054342
119,164,0.094817
119,165,0.229973
119,166,0.234826
119,167,0.189033
119,168,0.095506
119,169,0.136694
119,170,0.132837
119,171,0.061078
119,172,0.162774
119,173,0.424655
119,174,0.286089
119,175,0.020432
119,176,0.064293
119,177,0.196123
119,178,0.129452
119,179,0.097168
119,180,0.085430
119,181,0.060612
119,182,-0.049595
119,183,0.095247
119,184,0.086395
119,185,0.135252
119,186,0.102047
119,187,0.160731
119,188,0.169130
119,189,0.210912
119,190,0.134208
120,1,0.030011
120,2,-0.025273
120,3,0.092234
120,4,0.125581
120,5,0.199155
120,6,0.211504
120,7,0.208505
120,8,0.184804
120,9,0.149637
120,10,0.138123
120,11,0.089973
120,12,0.056667
120,13,0.127935
120,14,0.138902
120,15,0.190674
120,16,0.187074
120,17,0.191373
120,18,0.185640
120,19,0.183647
120,20,0.184033
120,21,0.176094
120,22,0.055982
120,23,0.142367
120,24,0.307967
120,25,0.284940
120,26,0.198716
120,27,0.125718
120,28,0.126847
120,29,0.155439
120,30,0.134661
120,31,0.147838
120,32,0.169495
120,33,-0.009512
120,34,0.068215
120,35,0.012387
120,36,0.128797
120,37,0.144694
120,38,0.132425
120,39,0.126731
120,40,0.107935
120,41,0.144591
120,42,0.133632
120,43,0.078789
120,44,0.044923
120,45,0.113627
120,46,0.178156
120,47,0.211045
120,48,0.226328
120,49,0.237802
120,50,0.306769
120,51,0.300367
120,52,0.238350
120,53,0.221342
120,54,0.051800
120,55,0.064628
120,56,0.132387
120,57,0.139495
120,58,0.085698
120,59,0.118648
120,60,0.141271
120,61,0.130602
120,62,0.137890
120,63,0.061452
120,64,0.087103
120,65,0.190972
120,66,0.256612
120,67,0.219442
120,68,0.180003
120,69,0.232262
120,70,0.207902
120,71,0.232984
120,72,0.164848
120,73,0.229114
120,74,0.147406
120,75,0.095057
120,76,0.208980
120,77,0.131733
120,78,0.053203
120,79,0.085591
120,80,0.114020
120,81,0.083457
120,82,0.039429
120,83,0.064253
120,84,-0.012228
120,85,0.011638
120,86,0.014060
120,87,-0.022556
120,88,-0.056723
120,89,0.059855
120,90,0.123856
120,91,0.022263
120,92,-0.004689
120,93,0.061665
120,94,0.060193
120,95,0.063345
120,96,0.046633
120,97,0.112968
120,98,0.041085
120,99,0.004933
120,100,0.156246
120,101,0.207753
120,102,0.102810
120,103,0.090583
120,104,-0.014003
120,105,-0.152691
120,106,-0.036103
120,107,0.153612
120,108,0.153307
120,109,0.171332
120,110,0.287537
120,111,0.291941
120,112,0.059307
120,113,0.159192
120,114,0.139784
120,115,0.089926
120,116,0.179999
120,117,0.264194
120,118,0.383089
120,119,0.735768
120,120,1.000000
120,121,0.778349
120,122,0.625940
120,123,0.571367
120,124,0.324216
120,125,0.246811
120,126,0.227946
120,127,0.109927
120,128,0.079876
120,129,0.031266
120,130,-0.007596
120,131,0.073845
120,132,0.124866
120,133,0.073056
120,134,0.092535
120,135,0.186910
120,136,0.212933
120,137,0.144998
120,138,0.095500
120,139,0.212418
120,140,0.234195
120,141,0.091952
120,142,0.027678
120,143,0.025938
120,144,-0.057709
120,145,-0.046791
120,146,-0.001378
120,147,0.041581
120,148,0.055039
120,149,0.096956
120,150,0.047168
120,151,0.059139
120,152,0.070303
120,153,0.116121
120,154,0.152398
120,155,0.137218
120,156,0.154366
120,157,0.074012
120,158,0.015186
120,159,-0.019158
120,160,-0.018678
120,161,0.092744
120,162,0.121255
120,163,0.182880
120,164,0.221264
120,165,0.263625
120,166,0.282481
120,167,0.201787
120,168,0.143870
120,169,0.133586
120,170,0.103546
120,171,0.030891
120,172,0.122336
120,173,0.309692
120,174,0.231330
120,175,0.009917
120,176,-0.019585
120,177,0.068476
120,178,0.066122
120,179,0.046177
120,180,0.081740
120,181,0.088026
120,182,-0.065616
120,183,0.062104
120,184,0.044203
120,185,0.098801
120,186,0.114324
120,187,0.170924
120,188,0.189775
120,189,0.190135
120,190,0.119358
121,1,0.060634
121,2,-0.016520
121,3,0.059682
121,4,0.102176
121,5,0.215799
121,6,0.246144
121,7,0.232923
121,8,0.155920
121,9,0.126630
121,10,0.142996
121,11,0.083444
121,12,0.072832
121,13,0.159450
121,14,0.168423
121,15,0.199667
121,16,0.190929
121,17,0.171556
121,18,0.167575
121,19,0.179776
121,20,0.194916
121,21,0.207994
121,22,0.110602
121,23,0.171847
121,24,0.275565
121,25,0.261511
121,26,0.161605
121,27,0.126963
121,28,0.143430
121,29,0.193147
121,30,0.171048
121,31,0.144483
121,32,0.163779
121,33,-0.033608
121,34,0.002095
121,35,0.001198
121,36,0.136781
121,37,0.123634
121,38,0.117420
121,39,0.110180
121,40,0.114458
121,41,0.123890
121,42,0.099239
121,43,0.048917
121,44,0.020158
121,45,0.098486
121,46,0.151077
121,47,0.190945
121,48,0.211178
121,49,0.216905
121,50,0.293649
121,51,0.290887
121,52,0.226549
121,53,0.224475
121,54,0.085467
121,55,0.092475
121,56,0.145842
121,57,0.132655
121,58,0.090996
121,59,0.135602
121,60,0.153067
121,61,0.152689
121,62,0.121497
121,63,0.037625
121,64,0.068200
121,65,0.163194
121,66,0.237126
121,67,0.203118
121,68,0.173579
121,69,0.210350
121,70,0.186435
121,71,0.230303
121,72,0.151895
121,73,0.218337
121,74,0.136860
121,75,0.099443
121,76,0.195499
121,77,0.125915
121,78,0.040362
121,79,0.069488
121,80,0.115518
121,81,0.085951
121,82,0.043225
121,83,0.069270
121,84,-0.015542
121,85,0.008812
121,86,-0.004505
121,87,-0.008952
121,88,-0.035966
121,89,0.097313
121,90,0.128660
121,91,0.024574
121,92,0.001491
121,93,0.068047
121,94,0.070584
121,95,0.055497
121,96,0.024689
121,97,0.100363
121,98,0.047607
121,99,0.013149
121,100,0.125497
121,101,0.170483
121,102,0.064240
121,103,0.075429
121,104,-0.044857
121,105,-0.174518
121,106,-0.016053
121,107,0.116393
121,108,0.106562
121,109,0.157520
121,110,0.242571
121,111,0.272056
121,112,0.080646
121,113,0.244827
121,114,0.180457
121,115,0.149911
121,116,0.249031
121,117,0.403474
121,118,0.409880
121,119,0.629598
121,120,0.778349
121,121,1.000000
121,122,0.883598
121,123,0.514234
121,124,0.266644
121,125,0.228155
121,126,0.191596
121,127,0.073196
121,128,0.061256
121,129,0.010898
121,130,-0.016692
121,131,0.058191
121,132,0.117700
121,133,0.062367
121,134,0.048285
121,135,0.168186
121,136,0.195280
121,137,0.114289
121,138,0.076948
121,139,0.197184
121,140,0.215187
121,141,0.080927
121,142,0.027464
121,143,0.023977
121,144,-0.073217
121,145,-0.045104
121,146,-0.053873
121,147,-0.006196
121,148,0.048814
121,149,0.087222
121,150,0.083384
121,151,0.093988
121,152,0.094501
121,153,0.105260
121,154,0.147649
121,155,0.132264
121,156,0.128712
121,157,0.092771
121,158,0.054090
121,159,-0.014564
121,160,-0.044752
121,161,0.068584
121,162,0.096699
121,163,0.156740
121,164,0.190125
121,165,0.249849
121,166,0.271962
121,167,0.193603
121,168,0.125115
121,169,0.136084
121,170,0.132289
121,171,0.055487
121,172,0.085167
121,173,0.278038
121,174,0.197682
121,175,-0.042742
121,176,-0.024650
121,177,0.095090
121,178,0.058134
121,179,0.082312
121,180,0.142088
121,181,0.116460
121,182,-0.088415
121,183,0.042224
121,184,0.051971
121,185,0.116477
121,186,0.144735
121,187,0.178235
121,188,0.178992
121,189,0.179959
121,190,0.127140
122,1,0.093344
122,2,0.021767
122,3,0.051305
122,4,0.080198
122,5,0.189959
122,6,0.229331
122,7,0.207029
122,8,0.134945
122,9,0.104021
122,10,0.126530
122,11,0.057445
122,12,0.087763
122,13,0.163131
122,14,0.174137
122,15,0.192565
122,16,0.180743
122,17,0.155736
122,18,0.155169
122,19,0.166832
122,20,0.184329
122,21,0.189907
122,22,0.099052
122,23,0.124049
122,24,0.219156
122,25,0.212849
122,26,0.142326
122,27,0.086253
122,28,0.119823
122,29,0.191866
122,30,0.160342
122,31,0.139350
122,32,0.133786
122,33,-0.061490
122,34,-0.040555
122,35,-0.036959
122,36,0.082053
122,37,0.093314
122,38,0.106397
122,39,0.089878
122,40,0.088795
122,41,0.096459
122,42,0.071996
122,43,0.044662
122,44,-0.021022
122,45,0.076915
122,46,0.101817
122,47,0.125194
122,48,0.138012
122,49,0.137094
122,50,0.210045
122,51,0.203577
122,52,0.149314
122,53,0.160367
122,54,0.052835
122,55,0.066069
122,56,0.117645
122,57,0.101461
122,58,0.029581
122,59,0.090379
122,60,0.111326
122,61,0.116525
122,62,0.088647
122,63,0.018073
122,64,0.052221
122,65,0.098851
122,66,0.179185
122,67,0.166853
122,68,0.141936
122,69,0.173042
122,70,0.159234
122,71,0.199194
122,72,0.126623
122,73,0.177665
122,74,0.113473
122,75,0.070871
122,76,0.154782
122,77,0.084186
122,78,0.023666
122,79,0.054849
122,80,0.090711
122,81,0.074103
122,82,0.048566
122,83,0.050253
122,84,-0.043908
122,85,-0.033425
122,86,-0.053517
122,87,-0.061468
122,88,-0.096999
122,89,0.031566
122,90,0.064707
122,91,-0.026548
122,92,-0.057146
122,93,0.012560
122,94,0.034775
122,95,0.027147
122,96,0.002570
122,97,0.056609
122,98,0.039333
122,99,-0.010370
122,100,0.092235
122,101,0.107611
122,102,0.004441
122,103,0.013039
122,104,-0.113357
122,105,-0.231458
122,106,-0.049499
122,107,0.067523
122,108,0.062980
122,109,0.076118
122,110,0.116735
122,111,0.154768
122,112,0.054644
122,113,0.195353
122,114,0.099318
122,115,0.101160
122,116,0.192619
122,117,0.367124
122,118,0.340621
122,119,0.625859
122,120,0.625940
122,121,0.883598
122,122,1.000000
122,123,0.459579
122,124,0.134840
122,125,0.094775
122,126,0.056386
122,127,-0.027174
122,128,-0.044380
122,129,-0.069717
122,130,-0.060448
122,131,-0.014230
122,132,0.044146
122,133,0.015684
122,134,-0.010161
122,135,0.089954
122,136,0.109079
122,137,0.048777
122,138,0.031034
122,139,0.113496
122,140,0.129086
122,141,0.048316
122,142,0.022213
122,143,0.008420
122,144,-0.061938
122,145,-0.032511
122,146,-0.061869
122,147,-0.027299
122,148,0.020632
122,149,0.050786
122,150,0.059269
122,151,0.062294
122,152,0.056442
122,153,0.050834
122,154,0.103358
122,155,0.101080
122,156,0.093833
122,157,0.092508
122,158,0.055451
122,159,0.004221
122,160,-0.072408
122,161,0.017781
122,162,0.034343
122,163,0.079473
122,164,0.105355
122,165,0.180389
122,166,0.192803
122,167,0.126375
122,168,0.051140
122,169,0.098368
122,170,0.105517
122,171,0.035371
122,172,0.086301
122,173,0.267088
122,174,0.199329
122,175,-0.035369
122,176,0.005299
122,177,0.133160
122,178,0.060901
122,179,0.086201
122,180,0.119606
122,181,0.086699
122,182,-0.108702
122,183,-0.001229
122,184,0.021812
122,185,0.076480
122,186,0.104366
122,187,0.129254
122,188,0.129909
122,189,0.149450
122,190,0.099854
123,1,0.086017
123,2,-0.013714
123,3,0.084368
123,4,0.158877
123,5,0.287077
123,6,0.318222
123,7,0.326442
123,8,0.283693
123,9,0.229399
123,10,0.200190
123,11,0.108865
123,12,0.075134
123,13,0.196778
123,14,0.215642
123,15,0.246683
123,16,0.211920
123,17,0.224926
123,18,0.218691
123,19,0.247181
123,20,0.242529
123,21,0.223505
123,22,0.061738
123,23,0.161110
123,24,0.371179
123,25,0.344285
123,26,0.228534
123,27,0.124358
123,28,0.145511
123,29,0.165013
123,30,0.101016
123,31,0.168626
123,32,0.187261
123,33,0.033726
123,34,0.113292
123,35,0.064954
123,36,0.156385
123,37,0.177954
123,38,0.182476
123,39,0.247420
123,40,0.225663
123,41,0.237320
123,42,0.248007
123,43,0.139893
123,44,0.058262
123,45,0.102035
123,46,0.205820
123,47,0.245003
123,48,0.266104
123,49,0.284300
123,50,0.377157
123,51,0.369506
123,52,0.289477
123,53,0.215738
123,54,0.062350
123,55,0.101912
123,56,0.174536
123,57,0.229770
123,58,0.124698
123,59,0.203280
123,60,0.226559
123,61,0.208144
123,62,0.196806
123,63,0.108899
123,64,0.111248
123,65,0.188154
123,66,0.266573
123,67,0.273985
123,68,0.231899
123,69,0.289995
123,70,0.260076
123,71,0.270350
123,72,0.218339
123,73,0.257030
123,74,0.206309
123,75,0.170148
123,76,0.267141
123,77,0.232571
123,78,0.139486
123,79,0.140692
123,80,0.198000
123,81,0.140418
123,82,0.078097
123,83,0.103672
123,84,0.009079
123,85,0.075831
123,86,0.085337
123,87,0.038947
123,88,-0.030985
123,89,0.064338
123,90,0.175280
123,91,0.086037
123,92,0.025143
123,93,0.147260
123,94,0.160537
123,95,0.163682
123,96,0.156051
123,97,0.212726
123,98,0.159481
123,99,0.119520
123,100,0.201935
123,101,0.245211
123,102,0.188363
123,103,0.193874
123,104,0.079082
123,105,-0.086887
123,106,0.010423
123,107,0.153547
123,108,0.242759
123,109,0.194822
123,110,0.378889
123,111,0.421400
123,112,0.101246
123,113,0.162350
123,114,0.176642
123,115,0.157212
123,116,0.099029
123,117,0.102291
123,118,0.139624
123,119,0.388616
123,120,0.571367
123,121,0.514234
123,122,0.459579
123,123,1.000000
123,124,0.352934
123,125,0.236352
123,126,0.257731
123,127,0.084244
123,128,0.082010
123,129,0.112436
123,130,0.027248
123,131,0.115709
123,132,0.197613
123,133,0.105273
123,134,0.040717
123,135,0.185924
123,136,0.211865
123,137,0.126164
123,138,0.068181
123,139,0.194060
123,140,0.219323
123,141,0.062548
123,142,-0.004982
123,143,-0.012833
123,144,-0.052772
123,145,-0.076381
123,146,-0.040916
123,147,0.070491
123,148,0.089279
123,149,0.080783
123,150,0.120854
123,151,0.177540
123,152,0.166516
123,153,0.151219
123,154,0.256553
123,155,0.292064
123,156,0.244297
123,157,0.175730
123,158,0.110525
123,159,0.057761
123,160,-0.003885
123,161,0.105831
123,162,0.136306
123,163,0.185324
123,164,0.234092
123,165,0.325744
123,166,0.332322
123,167,0.257088
123,168,0.174672
123,169,0.192278
123,170,0.169552
123,171,0.113193
123,172,0.161572
123,173,0.293369
123,174,0.197631
123,175,0.057242
123,176,0.008997
123,177,0.097419
123,178,0.125842
123,179,0.133018
123,180,0.085543
123,181,0.085371
123,182,-0.028033
123,183,0.078524
123,184,0.161773
123,185,0.192109
123,186,0.207247
123,187,0.244157
123,188,0.251058
123,189,0.280876
123,190,0.199252
124,1,0.043601
124,2,0.008549
124,3,0.061439
124,4,0.084159
124,5,0.125002
124,6,0.159138
124,7,0.167161
124,8,0.076203
124,9,0.080142
124,10,0.095268
124,11,0.104478
124,12,0.088543
124,13,0.143094
124,14,0.134643
124,15,0.131419
124,16,0.119404
124,17,0.087641
124,18,0.096438
124,19,0.082408
124,20,0.095029
124,21,0.136035
124,22,0.127191
124,23,0.227081
124,24,0.204963
124,25,0.166548
124,26,0.067744
124,27,0.141159
124,28,0.112001
124,29,0.077231
124,30,0.086945
124,31,-0.046852
124,32,-0.020843
124,33,0.005714
124,34,0.103285
124,35,0.078389
124,36,0.153023
124,37,0.150195
124,38,0.098538
124,39,0.097017
124,40,0.111688
124,41,0.050466
124,42,0.112494
124,43,0.030096
124,44,0.182665
124,45,0.147810
124,46,0.232902
124,47,0.269171
124,48,0.276862
124,49,0.245044
124,50,0.305103
124,51,0.329865
124,52,0.300770
124,53,0.302744
124,54,0.178779
124,55,0.090889
124,56,0.102175
124,57,0.105657
124,58,0.199318
124,59,0.211537
124,60,0.169605
124,61,0.182635
124,62,0.091638
124,63,0.013683
124,64,0.031955
124,65,0.167785
124,66,0.149915
124,67,0.083670
124,68,0.060099
124,69,0.101650
124,70,0.068164
124,71,0.103492
124,72,0.060463
124,73,0.135819
124,74,0.084477
124,75,0.069282
124,76,0.112501
124,77,0.136555
124,78,0.033220
124,79,-0.016687
124,80,0.074746
124,81,0.052494
124,82,-0.074826
124,83,0.070298
124,84,0.095552
124,85,0.132089
124,86,0.071640
124,87,0.130543
124,88,0.146732
124,89,0.121478
124,90,0.170752
124,91,0.158174
124,92,0.181007
124,93,0.195956
124,94,0.208353
124,95,0.164894
124,96,0.036463
124,97,0.072836
124,98,0.057742
124,99,0.042968
124,100,0.149021
124,101,0.217410
124,102,0.269583
124,103,0.228725
124,104,0.144554
124,105,0.109431
124,106,0.080223
124,107,0.159417
124,108,0.169924
124,109,0.372102
124,110,0.560504
124,111,0.537194
124,112,0.250996
124,113,0.118816
124,114,0.221015
124,115,0.243349
124,116,0.231967
124,117,0.239955
124,118,0.235160
124,119,0.135514
124,120,0.324216
124,121,0.266644
124,122,0.134840
124,123,0.352934
124,124,1.000000
124,125,0.694041
124,126,0.399450
124,127,0.274010
124,128,0.291164
124,129,0.198289
124,130,0.071610
124,131,0.156778
124,132,0.153448
124,133,0.102414
124,134,0.084174
124,135,0.149577
124,136,0.178829
124,137,0.108975
124,138,0.069947
124,139,0.182635
124,140,0.199159
124,141,0.071158
124,142,0.010700
124,143,0.013341
124,144,-0.036985
124,145,-0.083022
124,146,0.106683
124,147,0.112821
124,148,0.020349
124,149,0.089393
124,150,0.017418
124,151,0.008697
124,152,0.042756
124,153,0.119042
124,154,0.083816
124,155,0.029133
124,156,0.090540
124,157,0.081069
124,158,-0.016603
124,159,0.026160
124,160,0.082434
124,161,0.137647
124,162,0.161600
124,163,0.193275
124,164,0.187576
124,165,0.166342
124,166,0.157305
124,167,0.172267
124,168,0.117718
124,169,0.135648
124,170,0.107316
124,171,0.042253
124,172,0.054261
124,173,0.122861
124,174,0.029103
124,175,-0.044436
124,176,-0.077049
124,177,-0.030317
124,178,0.079326
124,179,0.025754
124,180,0.059349
124,181,0.091782
124,182,0.007867
124,183,0.001430
124,184,0.071117
124,185,0.148285
124,186,0.193874
124,187,0.215842
124,188,0.187452
124,189,0.100745
124,190,0.117726
125,1,0.023828
125,2,0.016223
125,3,0.099435
125,4,0.108555
125,5,0.149618
125,6,0.161621
125,7,0.157830
125,8,0.088954
125,9,0.073905
125,10,0.105664
125,11,0.121727
125,12,0.082821
125,13,0.112917
125,14,0.083902
125,15,0.079803
125,16,0.085784
125,17,0.069352
125,18,0.066917
125,19,0.050135
125,20,0.056887
125,21,0.097142
125,22,0.118359
125,23,0.213901
125,24,0.173938
125,25,0.143408
125,26,0.070629
125,27,0.155501
125,28,0.116851
125,29,0.090489
125,30,0.120902
125,31,-0.012253
125,32,0.057565
125,33,0.047080
125,34,0.117753
125,35,0.115465
125,36,0.197613
125,37,0.225775
125,38,0.167466
125,39,0.133831
125,40,0.140839
125,41,0.064280
125,42,0.103778
125,43,-0.023074
125,44,0.137977
125,45,0.109404
125,46,0.212223
125,47,0.239943
125,48,0.230999
125,49,0.205991
125,50,0.278407
125,51,0.291767
125,52,0.266234
125,53,0.264961
125,54,0.155547
125,55,0.064337
125,56,0.067374
125,57,0.095385
125,58,0.251523
125,59,0.243757
125,60,0.177459
125,61,0.203197
125,62,0.111315
125,63,0.050437
125,64,0.030142
125,65,0.198819
125,66,0.175859
125,67,0.115370
125,68,0.084527
125,69,0.112141
125,70,0.058718
125,71,0.098897
125,72,0.090172
125,73,0.143400
125,74,0.094282
125,75,0.115699
125,76,0.119213
125,77,0.117824
125,78,0.052970
125,79,0.026421
125,80,0.091806
125,81,0.079534
125,82,-0.044548
125,83,0.082643
125,84,0.122301
125,85,0.135643
125,86,0.089373
125,87,0.139659
125,88,0.167935
125,89,0.116314
125,90,0.185289
125,91,0.193392
125,92,0.207936
125,93,0.254482
125,94,0.248850
125,95,0.172815
125,96,0.062561
125,97,0.088466
125,98,0.053481
125,99,0.074443
125,100,0.155433
125,101,0.236680
125,102,0.302998
125,103,0.264708
125,104,0.202258
125,105,0.133485
125,106,0.117303
125,107,0.172640
125,108,0.175510
125,109,0.422739
125,110,0.574578
125,111,0.461641
125,112,0.192032
125,113,0.103192
125,114,0.218463
125,115,0.217141
125,116,0.172552
125,117,0.177864
125,118,0.185476
125,119,0.079257
125,120,0.246811
125,121,0.228155
125,122,0.094775
125,123,0.236352
125,124,0.694041
125,125,1.000000
125,126,0.619813
125,127,0.370183
125,128,0.373439
125,129,0.211249
125,130,0.086156
125,131,0.155447
125,132,0.183700
125,133,0.124454
125,134,0.123938
125,135,0.193217
125,136,0.218755
125,137,0.167674
125,138,0.125079
125,139,0.219548
125,140,0.242672
125,141,0.110202
125,142,0.049138
125,143,0.045610
125,144,-0.015548
125,145,-0.002267
125,146,0.086392
125,147,0.123311
125,148,0.083132
125,149,0.146218
125,150,0.077145
125,151,0.059891
125,152,0.084333
125,153,0.115996
125,154,0.081509
125,155,0.060641
125,156,0.081710
125,157,0.037557
125,158,-0.015768
125,159,0.027198
125,160,0.086266
125,161,0.169875
125,162,0.193035
125,163,0.228748
125,164,0.221614
125,165,0.196478
125,166,0.183337
125,167,0.181056
125,168,0.138387
125,169,0.136141
125,170,0.106200
125,171,0.050723
125,172,0.032237
125,173,0.107077
125,174,0.039448
125,175,-0.063771
125,176,-0.109929
125,177,-0.062812
125,178,0.016786
125,179,-0.007635
125,180,0.056834
125,181,0.110235
125,182,0.004207
125,183,0.019428
125,184,0.049656
125,185,0.126507
125,186,0.182932
125,187,0.209022
125,188,0.195195
125,189,0.125135
125,190,0.134459
126,1,0.052276
126,2,0.007093
126,3,0.097077
126,4,0.145257
126,5,0.233643
126,6,0.240382
126,7,0.247048
126,8,0.176926
126,9,0.149647
126,10,0.172606
126,11,0.128867
126,12,0.097666
126,13,0.186794
126,14,0.163105
126,15,0.180203
126,16,0.170828
126,17,0.179449
126,18,0.155868
126,19,0.174221
126,20,0.169996
126,21,0.211884
126,22,0.121188
126,23,0.224881
126,24,0.240535
126,25,0.200323
126,26,0.109726
126,27,0.152660
126,28,0.145370
126,29,0.113421
126,30,0.097119
126,31,0.018801
126,32,0.075422
126,33,0.059948
126,34,0.122422
126,35,0.091208
126,36,0.142888
126,37,0.169966
126,38,0.162784
126,39,0.174831
126,40,0.178736
126,41,0.136685
126,42,0.154088
126,43,0.064446
126,44,0.169661
126,45,0.147769
126,46,0.259584
126,47,0.290879
126,48,0.289101
126,49,0.263982
126,50,0.326882
126,51,0.337033
126,52,0.322600
126,53,0.287701
126,54,0.178548
126,55,0.153975
126,56,0.185991
126,57,0.201185
126,58,0.239623
126,59,0.263777
126,60,0.238815
126,61,0.243146
126,62,0.165360
126,63,0.058288
126,64,0.059795
126,65,0.180218
126,66,0.170520
126,67,0.165217
126,68,0.148921
126,69,0.157297
126,70,0.120961
126,71,0.167419
126,72,0.133252
126,73,0.170210
126,74,0.124108
126,75,0.149163
126,76,0.179923
126,77,0.206269
126,78,0.129126
126,79,0.099803
126,80,0.177774
126,81,0.173544
126,82,0.061656
126,83,0.190195
126,84,0.210106
126,85,0.222903
126,86,0.163060
126,87,0.194559
126,88,0.174438
126,89,0.183135
126,90,0.223919
126,91,0.235287
126,92,0.244671
126,93,0.281918
126,94,0.242814
126,95,0.216069
126,96,0.181924
126,97,0.219359
126,98,0.114576
126,99,0.120244
126,100,0.140261
126,101,0.265138
126,102,0.320612
126,103,0.346013
126,104,0.295838
126,105,0.194538
126,106,0.181929
126,107,0.268560
126,108,0.274258
126,109,0.329354
126,110,0.390859
126,111,0.304380
126,112,0.093034
126,113,0.114202
126,114,0.190053
126,115,0.195436
126,116,0.145715
126,117,0.152840
126,118,0.153582
126,119,0.066215
126,120,0.227946
126,121,0.191596
126,122,0.056386
126,123,0.257731
126,124,0.399450
126,125,0.619813
126,126,1.000000
126,127,0.572800
126,128,0.457011
126,129,0.231940
126,130,0.087548
126,131,0.131503
126,132,0.173288
126,133,0.122052
126,134,0.055913
126,135,0.125875
126,136,0.192654
126,137,0.130008
126,138,0.073738
126,139,0.189933
126,140,0.209730
126,141,0.064692
126,142,-0.002980
126,143,-0.003562
126,144,-0.038872
126,145,-0.031400
126,146,0.060621
126,147,0.120397
126,148,0.078784
126,149,0.072143
126,150,0.118894
126,151,0.150293
126,152,0.162557
126,153,0.147647
126,154,0.154407
126,155,0.183021
126,156,0.136214
126,157,0.070769
126,158,0.091231
126,159,0.033228
126,160,0.091444
126,161,0.141371
126,162,0.161207
126,163,0.204956
126,164,0.217445
126,165,0.234426
126,166,0.215346
126,167,0.204887
126,168,0.159532
126,169,0.156850
126,170,0.117483
126,171,0.076956
126,172,0.081753
126,173,0.175081
126,174,0.083040
126,175,0.017711
126,176,-0.068434
126,177,-0.021703
126,178,0.057672
126,179,0.047447
126,180,0.087344
126,181,0.122527
126,182,0.075751
126,183,0.107064
126,184,0.192792
126,185,0.211460
126,186,0.205879
126,187,0.223515
126,188,0.227714
126,189,0.201491
126,190,0.191067
127,1,0.033551
127,2,0.002420
127,3,0.068957
127,4,0.103462
127,5,0.140400
127,6,0.166071
127,7,0.175568
127,8,0.106418
127,9,0.110141
127,10,0.125622
127,11,0.112390
127,12,0.094094
127,13,0.162552
127,14,0.149690
127,15,0.165770
127,16,0.161726
127,17,0.167189
127,18,0.141312
127,19,0.175461
127,20,0.172403
127,21,0.213307
127,22,0.118085
127,23,0.180165
127,24,0.154145
127,25,0.130812
127,26,0.051259
127,27,0.132388
127,28,0.131206
127,29,0.084558
127,30,0.070114
127,31,-0.051207
127,32,0.017441
127,33,0.102103
127,34,0.168220
127,35,0.112259
127,36,0.130195
127,37,0.061090
127,38,0.105538
127,39,0.158688
127,40,0.158649
127,41,0.142228
127,42,0.184505
127,43,0.166451
127,44,0.191504
127,45,0.137725
127,46,0.188105
127,47,0.193523
127,48,0.186582
127,49,0.149610
127,50,0.194042
127,51,0.195614
127,52,0.222184
127,53,0.246621
127,54,0.178962
127,55,0.170424
127,56,0.200513
127,57,0.183537
127,58,0.160843
127,59,0.149854
127,60,0.143393
127,61,0.150091
127,62,0.093860
127,63,0.040485
127,64,0.025643
127,65,0.143012
127,66,0.125424
127,67,0.094504
127,68,0.067180
127,69,0.097312
127,70,0.078989
127,71,0.108029
127,72,0.097442
127,73,0.119231
127,74,0.078381
127,75,0.098201
127,76,0.125117
127,77,0.149497
127,78,0.072305
127,79,0.037252
127,80,0.084121
127,81,0.054113
127,82,-0.027870
127,83,0.049062
127,84,0.206498
127,85,0.224405
127,86,0.104497
127,87,0.150932
127,88,0.157412
127,89,0.129882
127,90,0.128254
127,91,0.137048
127,92,0.190870
127,93,0.209772
127,94,0.149057
127,95,0.165398
127,96,0.215001
127,97,0.242478
127,98,0.150945
127,99,0.176894
127,100,0.084606
127,101,0.264128
127,102,0.302894
127,103,0.256093
127,104,0.217628
127,105,0.178943
127,106,0.167113
127,107,0.100486
127,108,0.138208
127,109,0.226288
127,110,0.234739
127,111,0.196387
127,112,0.202388
127,113,0.145304
127,114,0.221703
127,115,0.299700
127,116,0.175520
127,117,0.204957
127,118,0.131462
127,119,0.002117
127,120,0.109927
127,121,0.073196
127,122,-0.027174
127,123,0.084244
127,124,0.274010
127,125,0.370183
127,126,0.572800
127,127,1.000000
127,128,0.662060
127,129,0.366831
127,130,0.210150
127,131,0.219860
127,132,0.200584
127,133,0.115787
127,134,0.081714
127,135,0.109913
127,136,0.132539
127,137,0.098916
127,138,0.093588
127,139,0.134405
127,140,0.144390
127,141,0.044451
127,142,-0.007576
127,143,-0.006157
127,144,-0.060464
127,145,-0.091379
127,146,-0.024980
127,147,0.038863
127,148,0.073275
127,149,0.049683
127,150,0.081262
127,151,0.139120
127,152,0.150950
127,153,0.123187
127,154,0.109117
127,155,0.091168
127,156,0.073466
127,157,0.031243
127,158,0.060799
127,159,0.011121
127,160,0.109955
127,161,0.103865
127,162,0.135621
127,163,0.142006
127,164,0.134609
127,165,0.124843
127,166,0.118276
127,167,0.177133
127,168,0.161253
127,169,0.149985
127,170,0.149854
127,171,0.132774
127,172,0.092884
127,173,0.139213
127,174,0.120164
127,175,0.130071
127,176,0.044240
127,177,0.072790
127,178,0.159812
127,179,0.140357
127,180,0.102457
127,181,0.164148
127,182,0.100747
127,183,0.105779
127,184,0.215402
127,185,0.208192
127,186,0.112296
127,187,0.134383
127,188,0.133789
127,189,0.095891
127,190,0.092788
128,1,0.016945
128,2,0.030552
128,3,0.080071
128,4,0.090324
128,5,0.094294
128,6,0.091625
128,7,0.085102
128,8,0.046267
128,9,0.045459
128,10,0.097518
128,11,0.107987
128,12,0.081655
128,13,0.086860
128,14,0.058491
128,15,0.058920
128,16,0.038806
128,17,0.032218
128,18,0.021289
128,19,0.034584
128,20,0.038392
128,21,0.109954
128,22,0.115818
128,23,0.150026
128,24,0.113339
128,25,0.087424
128,26,0.029057
128,27,0.108214
128,28,0.069502
128,29,0.021012
128,30,0.045987
128,31,-0.048373
128,32,0.050191
128,33,0.120840
128,34,0.124260
128,35,0.087921
128,36,0.159676
128,37,0.126262
128,38,0.104147
128,39,0.089570
128,40,0.076166
128,41,0.029143
128,42,0.084684
128,43,0.042467
128,44,0.126787
128,45,0.072635
128,46,0.148667
128,47,0.154330
128,48,0.164028
128,49,0.142118
128,50,0.164066
128,51,0.169606
128,52,0.164680
128,53,0.185388
128,54,0.122143
128,55,0.105573
128,56,0.104833
128,57,0.102667
128,58,0.155911
128,59,0.148526
128,60,0.094131
128,61,0.098906
128,62,0.042718
128,63,0.011883
128,64,-0.006400
128,65,0.118922
128,66,0.100711
128,67,0.062359
128,68,0.068723
128,69,0.065608
128,70,0.045211
128,71,0.075705
128,72,0.058975
128,73,0.092758
128,74,0.055761
128,75,0.136764
128,76,0.089766
128,77,0.153445
128,78,0.119759
128,79,0.068662
128,80,0.090729
128,81,0.088834
128,82,0.007999
128,83,0.059637
128,84,0.202821
128,85,0.213164
128,86,0.129520
128,87,0.148498
128,88,0.187029
128,89,0.119363
128,90,0.108340
128,91,0.134185
128,92,0.156781
128,93,0.195220
128,94,0.169760
128,95,0.134573
128,96,0.110164
128,97,0.101314
128,98,0.077141
128,99,0.124807
128,100,0.092279
128,101,0.177665
128,102,0.252854
128,103,0.233091
128,104,0.229635
128,105,0.213848
128,106,0.121066
128,107,0.076860
128,108,0.076563
128,109,0.176300
128,110,0.243993
128,111,0.241953
128,112,0.130980
128,113,0.093024
128,114,0.161843
128,115,0.188120
128,116,0.142568
128,117,0.113570
128,118,0.108345
128,119,-0.032879
128,120,0.079876
128,121,0.061256
128,122,-0.044380
128,123,0.082010
128,124,0.291164
128,125,0.373439
128,126,0.457011
128,127,0.662060
128,128,1.000000
128,129,0.561049
128,130,0.317782
128,131,0.311342
128,132,0.261274
128,133,0.135788
128,134,0.155040
128,135,0.182333
128,136,0.180076
128,137,0.119420
128,138,0.110411
128,139,0.147296
128,140,0.142272
128,141,0.056920
128,142,0.017178
128,143,0.027649
128,144,0.007358
128,145,-0.035626
128,146,0.027286
128,147,0.092646
128,148,0.090662
128,149,0.066995
128,150,0.092009
128,151,0.115244
128,152,0.119134
128,153,0.115216
128,154,0.092242
128,155,0.062417
128,156,0.035729
128,157,-0.033298
128,158,-0.028373
128,159,-0.003803
128,160,0.113653
128,161,0.108913
128,162,0.134147
128,163,0.144428
128,164,0.135013
128,165,0.115293
128,166,0.104919
128,167,0.132709
128,168,0.115101
128,169,0.105355
128,170,0.123058
128,171,0.089142
128,172,0.038616
128,173,0.038483
128,174,0.040137
128,175,0.067791
128,176,0.020774
128,177,0.006154
128,178,0.087804
128,179,0.079353
128,180,0.076925
128,181,0.100072
128,182,0.097724
128,183,0.068766
128,184,0.108716
128,185,0.114622
128,186,0.110014
128,187,0.107219
128,188,0.097728
128,189,0.056651
128,190,0.085229
129,1,0.096872
129,2,0.089254
129,3,0.079328
129,4,0.095096
129,5,0.122081
129,6,0.163348
129,7,0.176716
129,8,0.138940
129,9,0.138953
129,10,0.140220
129,11,0.143456
129,12,0.137658
129,13,0.164105
129,14,0.147075
129,15,0.127984
129,16,0.103712
129,17,0.072900
129,18,0.069868
129,19,0.078071
129,20,0.093461
129,21,0.159835
129,22,0.172571
129,23,0.197802
129,24,0.161335
129,25,0.148255
129,26,0.123697
129,27,0.136815
129,28,0.113527
129,29,0.065623
129,30,0.047167
129,31,0.026498
129,32,0.143365
129,33,0.210128
129,34,0.134881
129,35,0.141999
129,36,0.203400
129,37,0.103881
129,38,0.093911
129,39,0.121286
129,40,0.138038
129,41,0.106791
129,42,0.142313
129,43,0.156806
129,44,0.194805
129,45,0.120014
129,46,0.181513
129,47,0.182665
129,48,0.189086
129,49,0.141605
129,50,0.169088
129,51,0.190711
129,52,0.213408
129,53,0.224399
129,54,0.174255
129,55,0.158107
129,56,0.138324
129,57,0.155147
129,58,0.112137
129,59,0.145764
129,60,0.130988
129,61,0.123703
129,62,0.095326
129,63,0.062137
129,64,0.017798
129,65,0.127081
129,66,0.120515
129,67,0.064387
129,68,0.065562
129,69,0.087957
129,70,0.090629
129,71,0.098515
129,72,0.091994
129,73,0.076222
129,74,0.133228
129,75,0.217172
129,76,0.139720
129,77,0.253631
129,78,0.200925
129,79,0.155097
129,80,0.203570
129,81,0.111271
129,82,0.068365
129,83,0.170422
129,84,0.331260
129,85,0.393817
129,86,0.352150
129,87,0.323342
129,88,0.296947
129,89,0.199076
129,90,0.148968
129,91,0.170027
129,92,0.157558
129,93,0.180990
129,94,0.156075
129,95,0.154833
129,96,0.195915
129,97,0.191930
129,98,0.199818
129,99,0.220826
129,100,0.075643
129,101,0.203624
129,102,0.255523
129,103,0.254206
129,104,0.238933
129,105,0.239494
129,106,0.265314
129,107,0.095624
129,108,0.154960
129,109,0.162985
129,110,0.209751
129,111,0.217170
129,112,0.204041
129,113,0.174995
129,114,0.226465
129,115,0.286533
129,116,0.127493
129,117,0.131351
129,118,0.050392
129,119,-0.045731
129,120,0.031266
129,121,0.010898
129,122,-0.069717
129,123,0.112436
129,124,0.198289
129,125,0.211249
129,126,0.231940
129,127,0.366831
129,128,0.561049
129,129,1.000000
129,130,0.544067
129,131,0.592425
129,132,0.511089
129,133,0.266434
129,134,0.242633
129,135,0.296254
129,136,0.232426
129,137,0.103582
129,138,0.157753
129,139,0.193996
129,140,0.151353
129,141,0.074907
129,142,0.050209
129,143,0.043768
129,144,0.034378
129,145,-0.030757
129,146,-0.006892
129,147,0.096628
129,148,0.180255
129,149,0.113761
129,150,0.231093
129,151,0.255762
129,152,0.238759
129,153,0.209602
129,154,0.194022
129,155,0.161624
129,156,0.128236
129,157,0.021523
129,158,0.002484
129,159,0.034984
129,160,0.116883
129,161,0.134212
129,162,0.165064
129,163,0.155914
129,164,0.158335
129,165,0.151131
129,166,0.159916
129,167,0.241346
129,168,0.202403
129,169,0.173817
129,170,0.225011
129,171,0.219326
129,172,0.072445
129,173,0.067524
129,174,0.051781
129,175,0.088707
129,176,0.111177
129,177,0.150220
129,178,0.218905
129,179,0.281111
129,180,0.061280
129,181,0.108957
129,182,0.094161
129,183,0.085467
129,184,0.236714
129,185,0.219608
129,186,0.215527
129,187,0.216595
129,188,0.151019
129,189,0.110623
129,190,0.115336
130,1,0.052585
130,2,0.059498
130,3,0.024135
130,4,0.000269
130,5,0.017746
130,6,0.060882
130,7,0.077039
130,8,0.045695
130,9,0.052855
130,10,0.046889
130,11,0.063736
130,12,0.104035
130,13,0.073143
130,14,0.054807
130,15,0.026772
130,16,0.002762
130,17,-0.016558
130,18,0.004802
130,19,0.015029
130,20,0.042314
130,21,0.083943
130,22,0.154831
130,23,0.098701
130,24,0.042984
130,25,0.033351
130,26,0.042997
130,27,0.085234
130,28,0.060698
130,29,0.028339
130,30,0.031598
130,31,0.006682
130,32,0.116450
130,33,0.231139
130,34,0.122304
130,35,0.147241
130,36,0.130251
130,37,0.036459
130,38,0.034553
130,39,0.050420
130,40,0.071648
130,41,0.061269
130,42,0.056210
130,43,0.118894
130,44,0.153207
130,45,0.059211
130,46,0.061047
130,47,0.059667
130,48,0.050231
130,49,0.043065
130,50,0.038719
130,51,0.062425
130,52,0.094792
130,53,0.103259
130,54,0.135756
130,55,0.137249
130,56,0.111081
130,57,0.128693
130,58,0.086159
130,59,0.089678
130,60,0.059960
130,61,0.051433
130,62,0.038598
130,63,0.038201
130,64,-0.018559
130,65,0.050918
130,66,0.030739
130,67,-0.010133
130,68,-0.003933
130,69,0.010045
130,70,0.019734
130,71,0.035941
130,72,0.044100
130,73,0.011066
130,74,0.063794
130,75,0.122954
130,76,0.008758
130,77,0.113068
130,78,0.126422
130,79,0.073701
130,80,0.091114
130,81,0.045349
130,82,0.040769
130,83,0.073588
130,84,0.166403
130,85,0.207736
130,86,0.228511
130,87,0.191139
130,88,0.192956
130,89,0.141746
130,90,0.071283
130,91,0.122884
130,92,0.119459
130,93,0.114318
130,94,0.110028
130,95,0.111086
130,96,0.164411
130,97,0.131178
130,98,0.191684
130,99,0.218901
130,100,0.028902
130,101,0.061174
130,102,0.125502
130,103,0.167971
130,104,0.193603
130,105,0.215659
130,106,0.183032
130,107,0.035229
130,108,0.123023
130,109,0.095828
130,110,0.104527
130,111,0.061436
130,112,0.145491
130,113,0.094740
130,114,0.113542
130,115,0.198823
130,116,0.084965
130,117,0.144897
130,118,0.091288
130,119,-0.063689
130,120,-0.007596
130,121,-0.016692
130,122,-0.060448
130,123,0.027248
130,124,0.071610
130,125,0.086156
130,126,0.087548
130,127,0.210150
130,128,0.317782
130,129,0.544067
130,130,1.000000
130,131,0.715982
130,132,0.510452
130,133,0.380208
130,134,0.327018
130,135,0.277026
130,136,0.175500
130,137,0.075732
130,138,0.133294
130,139,0.106167
130,140,0.057449
130,141,0.054236
130,142,0.059118
130,143,0.039497
130,144,0.013366
130,145,-0.059899
130,146,-0.034226
130,147,0.032056
130,148,0.107311
130,149,0.076143
130,150,0.167037
130,151,0.210162
130,152,0.191196
130,153,0.156414
130,154,0.150051
130,155,0.106329
130,156,0.080236
130,157,-0.025733
130,158,-0.068697
130,159,-0.026911
130,160,0.057277
130,161,0.063657
130,162,0.081261
130,163,0.076341
130,164,0.082010
130,165,0.079921
130,166,0.095960
130,167,0.169355
130,168,0.164909
130,169,0.103766
130,170,0.161479
130,171,0.259972
130,172,0.071014
130,173,-0.010428
130,174,-0.001119
130,175,0.117984
130,176,0.131002
130,177,0.121132
130,178,0.171579
130,179,0.295944
130,180,0.060209
130,181,0.097917
130,182,0.073928
130,183,0.080060
130,184,0.203299
130,185,0.149409
130,186,0.127375
130,187,0.109769
130,188,0.055293
130,189,0.042408
130,190,0.051944
131,1,0.113078
131,2,0.107224
131,3,0.080881
131,4,0.078113
131,5,0.112851
131,6,0.139706
131,7,0.153315
131,8,0.125919
131,9,0.137999
131,10,0.141824
131,11,0.161519
131,12,0.182279
131,13,0.171734
131,14,0.135969
131,15,0.094955
131,16,0.068506
131,17,0.036917
131,18,0.063203
131,19,0.064536
131,20,0.094810
131,21,0.161289
131,22,0.235478
131,23,0.225123
131,24,0.128464
131,25,0.106442
131,26,0.104268
131,27,0.130275
131,28,0.111502
131,29,0.079773
131,30,0.069242
131,31,0.025157
131,32,0.122748
131,33,0.203698
131,34,0.115806
131,35,0.128597
131,36,0.160540
131,37,0.062108
131,38,0.058760
131,39,0.103890
131,40,0.132002
131,41,0.104781
131,42,0.108136
131,43,0.127964
131,44,0.172362
131,45,0.095809
131,46,0.127877
131,47,0.134536
131,48,0.130739
131,49,0.116557
131,50,0.145473
131,51,0.165330
131,52,0.187401
131,53,0.208755
131,54,0.197280
131,55,0.175831
131,56,0.153541
131,57,0.164365
131,58,0.153753
131,59,0.176808
131,60,0.139551
131,61,0.135397
131,62,0.129284
131,63,0.107078
131,64,0.025473
131,65,0.136405
131,66,0.117791
131,67,0.074705
131,68,0.065628
131,69,0.084471
131,70,0.083474
131,71,0.112888
131,72,0.133797
131,73,0.073402
131,74,0.158658
131,75,0.217647
131,76,0.072282
131,77,0.168126
131,78,0.134371
131,79,0.085287
131,80,0.122394
131,81,0.052806
131,82,0.024599
131,83,0.081915
131,84,0.189122
131,85,0.247434
131,86,0.280296
131,87,0.291171
131,88,0.300469
131,89,0.237826
131,90,0.141616
131,91,0.182142
131,92,0.150820
131,93,0.159335
131,94,0.161538
131,95,0.169471
131,96,0.216825
131,97,0.193931
131,98,0.237946
131,99,0.245551
131,100,0.086165
131,101,0.145159
131,102,0.191010
131,103,0.213647
131,104,0.203918
131,105,0.200558
131,106,0.200024
131,107,0.059958
131,108,0.156740
131,109,0.166151
131,110,0.203245
131,111,0.161527
131,112,0.181142
131,113,0.154651
131,114,0.199000
131,115,0.256074
131,116,0.147913
131,117,0.188154
131,118,0.116818
131,119,0.009029
131,120,0.073845
131,121,0.058191
131,122,-0.014230
131,123,0.115709
131,124,0.156778
131,125,0.155447
131,126,0.131503
131,127,0.219860
131,128,0.311342
131,129,0.592425
131,130,0.715982
131,131,1.000000
131,132,0.710512
131,133,0.417556
131,134,0.427396
131,135,0.464837
131,136,0.341876
131,137,0.169951
131,138,0.215209
131,139,0.233020
131,140,0.179413
131,141,0.100719
131,142,0.079358
131,143,0.083570
131,144,0.042241
131,145,-0.036732
131,146,0.010403
131,147,0.102322
131,148,0.175187
131,149,0.162554
131,150,0.230604
131,151,0.255380
131,152,0.235628
131,153,0.218858
131,154,0.200954
131,155,0.160216
131,156,0.138005
131,157,0.011347
131,158,-0.044742
131,159,-0.011681
131,160,0.072015
131,161,0.116123
131,162,0.149590
131,163,0.168017
131,164,0.181552
131,165,0.190970
131,166,0.206637
131,167,0.265431
131,168,0.223300
131,169,0.163815
131,170,0.207747
131,171,0.239427
131,172,0.064320
131,173,0.065631
131,174,0.042410
131,175,0.080403
131,176,0.117380
131,177,0.142335
131,178,0.205014
131,179,0.308601
131,180,0.073193
131,181,0.119879
131,182,0.074936
131,183,0.088946
131,184,0.252140
131,185,0.221915
131,186,0.218008
131,187,0.221583
131,188,0.163407
131,189,0.131230
131,190,0.120675
132,1,0.138189
132,2,0.112861
132,3,0.096228
132,4,0.115826
132,5,0.168036
132,6,0.203403
132,7,0.214910
132,8,0.187850
132,9,0.158485
132,10,0.156978
132,11,0.165839
132,12,0.183575
132,13,0.221361
132,14,0.195423
132,15,0.164394
132,16,0.138076
132,17,0.119023
132,18,0.133481
132,19,0.145591
132,20,0.157945
132,21,0.212452
132,22,0.219875
132,23,0.236694
132,24,0.166609
132,25,0.165173
132,26,0.169916
132,27,0.177531
132,28,0.167038
132,29,0.149294
132,30,0.120056
132,31,0.097956
132,32,0.144780
132,33,0.172916
132,34,0.140038
132,35,0.132912
132,36,0.192313
132,37,0.117532
132,38,0.110543
132,39,0.160826
132,40,0.160525
132,41,0.163708
132,42,0.141361
132,43,0.130922
132,44,0.158929
132,45,0.113382
132,46,0.150792
132,47,0.153253
132,48,0.145695
132,49,0.121792
132,50,0.177240
132,51,0.194047
132,52,0.219750
132,53,0.233049
132,54,0.172417
132,55,0.182101
132,56,0.180999
132,57,0.184771
132,58,0.142362
132,59,0.196344
132,60,0.184280
132,61,0.173742
132,62,0.167457
132,63,0.132889
132,64,0.084440
132,65,0.224599
132,66,0.230135
132,67,0.145338
132,68,0.110196
132,69,0.174805
132,70,0.146222
132,71,0.184482
132,72,0.193501
132,73,0.136838
132,74,0.203528
132,75,0.246077
132,76,0.126777
132,77,0.191356
132,78,0.140199
132,79,0.078597
132,80,0.122238
132,81,0.052220
132,82,0.007605
132,83,0.067620
132,84,0.139990
132,85,0.224124
132,86,0.261187
132,87,0.287528
132,88,0.289292
132,89,0.252364
132,90,0.203523
132,91,0.208197
132,92,0.163985
132,93,0.201471
132,94,0.170440
132,95,0.174679
132,96,0.231786
132,97,0.213968
132,98,0.218788
132,99,0.225406
132,100,0.127322
132,101,0.196693
132,102,0.215507
132,103,0.226001
132,104,0.175742
132,105,0.130119
132,106,0.159813
132,107,0.049140
132,108,0.162867
132,109,0.156620
132,110,0.231666
132,111,0.208403
132,112,0.164859
132,113,0.211309
132,114,0.220859
132,115,0.263957
132,116,0.125810
132,117,0.150583
132,118,0.091572
132,119,0.060330
132,120,0.124866
132,121,0.117700
132,122,0.044146
132,123,0.197613
132,124,0.153448
132,125,0.183700
132,126,0.173288
132,127,0.200584
132,128,0.261274
132,129,0.511089
132,130,0.510452
132,131,0.710512
132,132,1.000000
132,133,0.597692
132,134,0.407835
132,135,0.561380
132,136,0.460640
132,137,0.241277
132,138,0.257848
132,139,0.328796
132,140,0.272780
132,141,0.168607
132,142,0.121653
132,143,0.110784
132,144,0.033427
132,145,-0.006872
132,146,-0.003024
132,147,0.106133
132,148,0.214034
132,149,0.194052
132,150,0.234549
132,151,0.262000
132,152,0.254907
132,153,0.224975
132,154,0.218865
132,155,0.205035
132,156,0.179172
132,157,0.052633
132,158,-0.001847
132,159,0.017483
132,160,0.075005
132,161,0.170826
132,162,0.209044
132,163,0.229638
132,164,0.260268
132,165,0.260410
132,166,0.274524
132,167,0.299369
132,168,0.254028
132,169,0.196909
132,170,0.195654
132,171,0.244118
132,172,0.102444
132,173,0.102640
132,174,0.078688
132,175,0.045098
132,176,0.069429
132,177,0.122779
132,178,0.161268
132,179,0.247964
132,180,0.050761
132,181,0.120141
132,182,0.014174
132,183,0.090337
132,184,0.215614
132,185,0.202903
132,186,0.230472
132,187,0.259751
132,188,0.208872
132,189,0.179411
132,190,0.138295
133,1,0.071671
133,2,0.075301
133,3,0.097946
133,4,0.090602
133,5,0.101287
133,6,0.107060
133,7,0.116628
133,8,0.106161
133,9,0.104858
133,10,0.100216
133,11,0.112566
133,12,0.117954
133,13,0.117052
133,14,0.097526
133,15,0.078765
133,16,0.072767
133,17,0.076718
133,18,0.088026
133,19,0.092826
133,20,0.089466
133,21,0.104093
133,22,0.128504
133,23,0.117075
133,24,0.103837
133,25,0.106412
133,26,0.114019
133,27,0.124337
133,28,0.102701
133,29,0.095449
133,30,0.101341
133,31,0.077137
133,32,0.092479
133,33,0.126830
133,34,0.104031
133,35,0.079370
133,36,0.102387
133,37,0.088138
133,38,0.084345
133,39,0.112602
133,40,0.116091
133,41,0.112220
133,42,0.076223
133,43,0.066866
133,44,0.077399
133,45,0.050980
133,46,0.061042
133,47,0.057955
133,48,0.062575
133,49,0.089636
133,50,0.105157
133,51,0.116042
133,52,0.122340
133,53,0.119046
133,54,0.086491
133,55,0.098963
133,56,0.096440
133,57,0.097801
133,58,0.108930
133,59,0.134936
133,60,0.126164
133,61,0.125317
133,62,0.074142
133,63,0.070538
133,64,0.039007
133,65,0.126326
133,66,0.111338
133,67,0.083625
133,68,0.062197
133,69,0.097048
133,70,0.092924
133,71,0.110383
133,72,0.118026
133,73,0.084399
133,74,0.115805
133,75,0.127454
133,76,0.059757
133,77,0.082894
133,78,0.084498
133,79,0.049638
133,80,0.072212
133,81,0.036909
133,82,0.013233
133,83,0.058802
133,84,0.093662
133,85,0.144256
133,86,0.158105
133,87,0.181381
133,88,0.183215
133,89,0.175499
133,90,0.148459
133,91,0.179365
133,92,0.145723
133,93,0.162364
133,94,0.134968
133,95,0.112854
133,96,0.155775
133,97,0.147096
133,98,0.153168
133,99,0.147769
133,100,0.086801
133,101,0.103218
133,102,0.136219
133,103,0.168056
133,104,0.140363
133,105,0.120607
133,106,0.126425
133,107,0.061028
133,108,0.126221
133,109,0.110263
133,110,0.148701
133,111,0.119107
133,112,0.074351
133,113,0.132184
133,114,0.139682
133,115,0.139487
133,116,0.090607
133,117,0.121715
133,118,0.084149
133,119,0.033573
133,120,0.073056
133,121,0.062367
133,122,0.015684
133,123,0.105273
133,124,0.102414
133,125,0.124454
133,126,0.122052
133,127,0.115787
133,128,0.135788
133,129,0.266434
133,130,0.380208
133,131,0.417556
133,132,0.597692
133,133,1.000000
133,134,0.509676
133,135,0.404502
133,136,0.397085
133,137,0.271186
133,138,0.216105
133,139,0.205144
133,140,0.172915
133,141,0.120145
133,142,0.094448
133,143,0.100712
133,144,0.014411
133,145,-0.005056
133,146,-0.003340
133,147,0.043431
133,148,0.104166
133,149,0.138564
133,150,0.132087
133,151,0.133140
133,152,0.126867
133,153,0.128708
133,154,0.124636
133,155,0.125204
133,156,0.128335
133,157,0.045148
133,158,-0.009438
133,159,0.015570
133,160,0.040903
133,161,0.103003
133,162,0.123814
133,163,0.141769
133,164,0.166661
133,165,0.177632
133,166,0.202471
133,167,0.213371
133,168,0.219568
133,169,0.154908
133,170,0.152335
133,171,0.249765
133,172,0.143022
133,173,0.031118
133,174,0.047107
133,175,0.043767
133,176,0.053981
133,177,0.068323
133,178,0.111710
133,179,0.174946
133,180,0.040408
133,181,0.072098
133,182,0.001689
133,183,0.064838
133,184,0.106700
133,185,0.114295
133,186,0.132492
133,187,0.158324
133,188,0.133712
133,189,0.124015
133,190,0.091592
134,1,0.050678
134,2,0.124059
134,3,0.189440
134,4,0.128711
134,5,0.065791
134,6,0.029479
134,7,0.030282
134,8,0.071666
134,9,0.088893
134,10,0.125705
134,11,0.202344
134,12,0.168963
134,13,0.041868
134,14,-0.007340
134,15,-0.031561
134,16,-0.046881
134,17,-0.047203
134,18,-0.040535
134,19,-0.039807
134,20,-0.001514
134,21,0.035084
134,22,0.185882
134,23,0.157289
134,24,0.101782
134,25,0.099818
134,26,0.091652
134,27,0.109861
134,28,0.036720
134,29,0.009224
134,30,0.081652
134,31,0.064856
134,32,0.084979
134,33,0.122786
134,34,0.055556
134,35,0.046877
134,36,0.075614
134,37,0.081343
134,38,0.063300
134,39,0.040976
134,40,0.040510
134,41,0.056200
134,42,0.003451
134,43,-0.016464
134,44,0.041169
134,45,0.038197
134,46,0.053436
134,47,0.050719
134,48,0.059924
134,49,0.077762
134,50,0.096285
134,51,0.115283
134,52,0.102392
134,53,0.107652
134,54,0.079245
134,55,0.037526
134,56,0.025705
134,57,0.024393
134,58,0.127024
134,59,0.087827
134,60,0.046062
134,61,0.084984
134,62,0.088182
134,63,0.134373
134,64,0.106375
134,65,0.236587
134,66,0.199589
134,67,0.101245
134,68,0.067592
134,69,0.097596
134,70,0.057184
134,71,0.091485
134,72,0.073183
134,73,0.093837
134,74,0.075566
134,75,0.083535
134,76,0.029474
134,77,0.087935
134,78,0.107812
134,79,0.085458
134,80,0.090005
134,81,0.064300
134,82,0.012241
134,83,0.052418
134,84,0.099616
134,85,0.082171
134,86,0.109613
134,87,0.133027
134,88,0.183323
134,89,0.166850
134,90,0.104750
134,91,0.116591
134,92,0.101820
134,93,0.063211
134,94,0.091995
134,95,0.093594
134,96,0.082175
134,97,0.056438
134,98,0.102416
134,99,0.163781
134,100,0.097230
134,101,0.065411
134,102,0.090812
134,103,0.085836
134,104,0.112353
134,105,0.096469
134,106,0.075547
134,107,0.019287
134,108,0.040710
134,109,0.096394
134,110,0.153272
134,111,0.126033
134,112,0.070950
134,113,0.058293
134,114,0.093546
134,115,0.047190
134,116,0.129002
134,117,0.095231
134,118,0.102056
134,119,0.038855
134,120,0.092535
134,121,0.048285
134,122,-0.010161
134,123,0.040717
134,124,0.084174
134,125,0.123938
134,126,0.055913
134,127,0.081714
134,128,0.155040
134,129,0.242633
134,130,0.327018
134,131,0.427396
134,132,0.407835
134,133,0.509676
134,134,1.000000
134,135,0.663037
134,136,0.476603
134,137,0.488190
134,138,0.494075
134,139,0.369339
134,140,0.323768
134,141,0.332533
134,142,0.314660
134,143,0.301595
134,144,0.172929
134,145,0.097920
134,146,0.084364
134,147,0.076436
134,148,0.063549
134,149,0.123384
134,150,0.019447
134,151,-0.020160
134,152,-0.028140
134,153,0.035519
134,154,0.001152
134,155,-0.038437
134,156,0.012224
134,157,-0.134703
134,158,-0.074997
134,159,-0.008845
134,160,0.105859
134,161,0.223541
134,162,0.247387
134,163,0.300351
134,164,0.288596
134,165,0.186506
134,166,0.232367
134,167,0.199699
134,168,0.230218
134,169,0.138535
134,170,0.116650
134,171,0.156638
134,172,0.095284
134,173,-0.024492
134,174,0.033029
134,175,0.057859
134,176,0.099104
134,177,0.079287
134,178,0.101714
134,179,0.134912
134,180,0.069900
134,181,0.106827
134,182,0.011499
134,183,0.035776
134,184,0.049136
134,185,0.051529
134,186,0.103780
134,187,0.114160
134,188,0.104813
134,189,0.040738
134,190,0.032918
135,1,0.167425
135,2,0.179719
135,3,0.190320
135,4,0.170121
135,5,0.174906
135,6,0.164933
135,7,0.170986
135,8,0.190874
135,9,0.156427
135,10,0.182186
135,11,0.252188
135,12,0.255434
135,13,0.206046
135,14,0.145686
135,15,0.119429
135,16,0.078663
135,17,0.075471
135,18,0.083394
135,19,0.092143
135,20,0.120631
135,21,0.173502
135,22,0.254992
135,23,0.285742
135,24,0.156913
135,25,0.156481
135,26,0.180758
135,27,0.172603
135,28,0.122162
135,29,0.111618
135,30,0.143605
135,31,0.133797
135,32,0.117347
135,33,0.098822
135,34,0.096194
135,35,0.093500
135,36,0.140990
135,37,0.127405
135,38,0.094432
135,39,0.098271
135,40,0.093826
135,41,0.109436
135,42,0.070437
135,43,0.050277
135,44,0.095050
135,45,0.082942
135,46,0.125945
135,47,0.119663
135,48,0.123265
135,49,0.136696
135,50,0.191733
135,51,0.207648
135,52,0.208535
135,53,0.231429
135,54,0.140126
135,55,0.128291
135,56,0.137909
135,57,0.120711
135,58,0.171808
135,59,0.178113
135,60,0.158776
135,61,0.215305
135,62,0.231018
135,63,0.198170
135,64,0.171385
135,65,0.416312
135,66,0.382042
135,67,0.208243
135,68,0.139149
135,69,0.225808
135,70,0.153682
135,71,0.199419
135,72,0.167294
135,73,0.172862
135,74,0.175391
135,75,0.176937
135,76,0.134709
135,77,0.159007
135,78,0.110653
135,79,0.097377
135,80,0.130896
135,81,0.071893
135,82,0.005743
135,83,0.070778
135,84,0.091201
135,85,0.150029
135,86,0.186545
135,87,0.210229
135,88,0.228264
135,89,0.249972
135,90,0.204909
135,91,0.178572
135,92,0.153573
135,93,0.151170
135,94,0.136749
135,95,0.113575
135,96,0.127681
135,97,0.146814
135,98,0.156047
135,99,0.183824
135,100,0.141241
135,101,0.182630
135,102,0.184093
135,103,0.192026
135,104,0.164074
135,105,0.107275
135,106,0.122957
135,107,0.042481
135,108,0.096359
135,109,0.127610
135,110,0.229722
135,111,0.213936
135,112,0.115347
135,113,0.167565
135,114,0.175777
135,115,0.146267
135,116,0.132652
135,117,0.118798
135,118,0.127058
135,119,0.112347
135,120,0.186910
135,121,0.168186
135,122,0.089954
135,123,0.185924
135,124,0.149577
135,125,0.193217
135,126,0.125875
135,127,0.109913
135,128,0.182333
135,129,0.296254
135,130,0.277026
135,131,0.464837
135,132,0.561380
135,133,0.404502
135,134,0.663037
135,135,1.000000
135,136,0.772197
135,137,0.600562
135,138,0.610996
135,139,0.609706
135,140,0.541938
135,141,0.431332
135,142,0.340390
135,143,0.274119
135,144,0.099539
135,145,0.063365
135,146,0.022044
135,147,0.089776
135,148,0.193709
135,149,0.196422
135,150,0.141360
135,151,0.121093
135,152,0.092614
135,153,0.107066
135,154,0.113065
135,155,0.086688
135,156,0.118279
135,157,-0.007118
135,158,-0.008155
135,159,0.028975
135,160,0.121100
135,161,0.340687
135,162,0.376855
135,163,0.449292
135,164,0.456932
135,165,0.317277
135,166,0.355727
135,167,0.290589
135,168,0.287299
135,169,0.187219
135,170,0.144111
135,171,0.135981
135,172,0.087047
135,173,0.087573
135,174,0.106772
135,175,0.031931
135,176,0.061891
135,177,0.102271
135,178,0.122084
135,179,0.129829
135,180,0.081682
135,181,0.131244
135,182,-0.010562
135,183,0.045625
135,184,0.090914
135,185,0.126393
135,186,0.198268
135,187,0.227427
135,188,0.203523
135,189,0.146665
135,190,0.098312
136,1,0.178615
136,2,0.163700
136,3,0.199024
136,4,0.197055
136,5,0.217382
136,6,0.218654
136,7,0.226333
136,8,0.229719
136,9,0.183261
136,10,0.197149
136,11,0.239505
136,12,0.256851
136,13,0.246741
136,14,0.191340
136,15,0.184004
136,16,0.146740
136,17,0.150637
136,18,0.155895
136,19,0.164904
136,20,0.179178
136,21,0.218994
136,22,0.232225
136,23,0.274676
136,24,0.185662
136,25,0.181514
136,26,0.219802
136,27,0.211536
136,28,0.179114
136,29,0.169960
136,30,0.171438
136,31,0.143270
136,32,0.116937
136,33,0.074285
136,34,0.122338
136,35,0.082525
136,36,0.141823
136,37,0.156163
136,38,0.115641
136,39,0.122019
136,40,0.114774
136,41,0.123673
136,42,0.114931
136,43,0.098610
136,44,0.116365
136,45,0.121290
136,46,0.166269
136,47,0.147340
136,48,0.145170
136,49,0.165723
136,50,0.220111
136,51,0.223656
136,52,0.230561
136,53,0.250132
136,54,0.145023
136,55,0.142318
136,56,0.175042
136,57,0.163252
136,58,0.191643
136,59,0.217687
136,60,0.212543
136,61,0.259168
136,62,0.253577
136,63,0.200820
136,64,0.206465
136,65,0.416680
136,66,0.402679
136,67,0.244026
136,68,0.175781
136,69,0.271909
136,70,0.202737
136,71,0.223779
136,72,0.169638
136,73,0.173476
136,74,0.138481
136,75,0.114516
136,76,0.135893
136,77,0.142686
136,78,0.069989
136,79,0.067353
136,80,0.130777
136,81,0.064000
136,82,0.000269
136,83,0.063085
136,84,0.070549
136,85,0.146033
136,86,0.168119
136,87,0.196867
136,88,0.183627
136,89,0.204627
136,90,0.214847
136,91,0.186158
136,92,0.148720
136,93,0.176726
136,94,0.157676
136,95,0.123773
136,96,0.135057
136,97,0.170546
136,98,0.145991
136,99,0.118454
136,100,0.150068
136,101,0.224993
136,102,0.207851
136,103,0.211529
136,104,0.153876
136,105,0.082808
136,106,0.111145
136,107,0.042423
136,108,0.116185
136,109,0.149542
136,110,0.223838
136,111,0.213407
136,112,0.088747
136,113,0.146944
136,114,0.165814
136,115,0.145734
136,116,0.105442
136,117,0.122681
136,118,0.123168
136,119,0.116085
136,120,0.212933
136,121,0.195280
136,122,0.109079
136,123,0.211865
136,124,0.178829
136,125,0.218755
136,126,0.192654
136,127,0.132539
136,128,0.180076
136,129,0.232426
136,130,0.175500
136,131,0.341876
136,132,0.460640
136,133,0.397085
136,134,0.476603
136,135,0.772197
136,136,1.000000
136,137,0.689542
136,138,0.528555
136,139,0.619375
136,140,0.567644
136,141,0.357165
136,142,0.239863
136,143,0.190050
136,144,0.040947
136,145,0.029754
136,146,0.005709
136,147,0.070737
136,148,0.183044
136,149,0.209440
136,150,0.150928
136,151,0.138838
136,152,0.116653
136,153,0.123756
136,154,0.124766
136,155,0.113094
136,156,0.141866
136,157,0.036005
136,158,0.017222
136,159,0.029180
136,160,0.104083
136,161,0.318670
136,162,0.340404
136,163,0.419841
136,164,0.450815
136,165,0.323205
136,166,0.380761
136,167,0.305445
136,168,0.339819
136,169,0.217797
136,170,0.145122
136,171,0.125530
136,172,0.102487
136,173,0.106996
136,174,0.130443
136,175,0.015676
136,176,0.022532
136,177,0.079718
136,178,0.099133
136,179,0.093163
136,180,0.052969
136,181,0.096466
136,182,-0.035116
136,183,0.023227
136,184,0.060060
136,185,0.133090
136,186,0.187079
136,187,0.221738
136,188,0.202368
136,189,0.162497
136,190,0.092394
137,1,0.097259
137,2,0.140452
137,3,0.223729
137,4,0.195858
137,5,0.166098
137,6,0.115469
137,7,0.107308
137,8,0.151583
137,9,0.150711
137,10,0.185362
137,11,0.235340
137,12,0.194078
137,13,0.114457
137,14,0.056079
137,15,0.066280
137,16,0.052941
137,17,0.070587
137,18,0.059391
137,19,0.058914
137,20,0.069122
137,21,0.097487
137,22,0.171312
137,23,0.218675
137,24,0.160257
137,25,0.163389
137,26,0.179057
137,27,0.170413
137,28,0.096169
137,29,0.078399
137,30,0.129684
137,31,0.139639
137,32,0.084454
137,33,0.045299
137,34,0.102472
137,35,0.074335
137,36,0.088235
137,37,0.140253
137,38,0.084119
137,39,0.080289
137,40,0.078657
137,41,0.100244
137,42,0.060827
137,43,0.000183
137,44,0.043587
137,45,0.057817
137,46,0.103986
137,47,0.116117
137,48,0.133226
137,49,0.146948
137,50,0.186401
137,51,0.197122
137,52,0.182492
137,53,0.159693
137,54,0.081420
137,55,0.061877
137,56,0.078051
137,57,0.082877
137,58,0.208789
137,59,0.194747
137,60,0.181902
137,61,0.239614
137,62,0.200125
137,63,0.180058
137,64,0.226910
137,65,0.468362
137,66,0.399693
137,67,0.201925
137,68,0.127451
137,69,0.227456
137,70,0.117638
137,71,0.157463
137,72,0.071966
137,73,0.152217
137,74,0.046992
137,75,0.007677
137,76,0.106765
137,77,0.076048
137,78,0.059491
137,79,0.093871
137,80,0.121217
137,81,0.071436
137,82,0.013045
137,83,0.078329
137,84,0.077839
137,85,0.123809
137,86,0.102371
137,87,0.126409
137,88,0.143869
137,89,0.172261
137,90,0.190269
137,91,0.179065
137,92,0.188102
137,93,0.172733
137,94,0.164186
137,95,0.120735
137,96,0.108697
137,97,0.123569
137,98,0.101820
137,99,0.090612
137,100,0.112840
137,101,0.160449
137,102,0.145206
137,103,0.177034
137,104,0.177819
137,105,0.117639
137,106,0.106195
137,107,0.034838
137,108,0.052403
137,109,0.096375
137,110,0.173394
137,111,0.162870
137,112,0.026805
137,113,0.058023
137,114,0.066782
137,115,0.015284
137,116,0.077283
137,117,0.031914
137,118,0.073701
137,119,0.048024
137,120,0.144998
137,121,0.114289
137,122,0.048777
137,123,0.126164
137,124,0.108975
137,125,0.167674
137,126,0.130008
137,127,0.098916
137,128,0.119420
137,129,0.103582
137,130,0.075732
137,131,0.169951
137,132,0.241277
137,133,0.271186
137,134,0.488190
137,135,0.600562
137,136,0.689542
137,137,1.000000
137,138,0.779322
137,139,0.611254
137,140,0.603675
137,141,0.498087
137,142,0.436541
137,143,0.375172
137,144,0.178150
137,145,0.099772
137,146,0.013221
137,147,0.029235
137,148,0.093970
137,149,0.096526
137,150,-0.007086
137,151,-0.017854
137,152,-0.046609
137,153,-0.034984
137,154,-0.004447
137,155,-0.014087
137,156,0.013276
137,157,-0.041884
137,158,0.057277
137,159,0.082109
137,160,0.211637
137,161,0.417910
137,162,0.416745
137,163,0.492420
137,164,0.476444
137,165,0.268945
137,166,0.315203
137,167,0.198824
137,168,0.255296
137,169,0.142039
137,170,0.067289
137,171,0.014215
137,172,0.080054
137,173,0.024770
137,174,0.070824
137,175,0.024763
137,176,-0.006427
137,177,-0.003794
137,178,0.008393
137,179,-0.022803
137,180,0.012622
137,181,0.092244
137,182,-0.052128
137,183,-0.012749
137,184,-0.068582
137,185,-0.000614
137,186,0.106367
137,187,0.116374
137,188,0.119160
137,189,0.071130
137,190,0.027900
138,1,0.119811
138,2,0.181000
138,3,0.204501
138,4,0.146472
138,5,0.101905
138,6,0.063527
138,7,0.067920
138,8,0.114788
138,9,0.109080
138,10,0.159771
138,11,0.247505
138,12,0.229488
138,13,0.108217
138,14,0.031118
138,15,0.015857
138,16,-0.007324
138,17,0.010710
138,18,0.002502
138,19,0.010136
138,20,0.032235
138,21,0.084092
138,22,0.225024
138,23,0.247743
138,24,0.114207
138,25,0.115857
138,26,0.146053
138,27,0.136214
138,28,0.057269
138,29,0.044480
138,30,0.114574
138,31,0.142214
138,32,0.102996
138,33,0.080419
138,34,0.107735
138,35,0.084674
138,36,0.096072
138,37,0.096429
138,38,0.059747
138,39,0.063616
138,40,0.060058
138,41,0.089058
138,42,0.024345
138,43,-0.006303
138,44,0.056841
138,45,0.055895
138,46,0.090378
138,47,0.090649
138,48,0.097297
138,49,0.090930
138,50,0.131359
138,51,0.151884
138,52,0.151775
138,53,0.167967
138,54,0.114426
138,55,0.072002
138,56,0.061986
138,57,0.051295
138,58,0.157786
138,59,0.135637
138,60,0.114961
138,61,0.195000
138,62,0.190992
138,63,0.186793
138,64,0.212120
138,65,0.476661
138,66,0.394653
138,67,0.188529
138,68,0.114390
138,69,0.208135
138,70,0.107342
138,71,0.148552
138,72,0.083376
138,73,0.126445
138,74,0.070253
138,75,0.050733
138,76,0.099154
138,77,0.109845
138,78,0.109769
138,79,0.119149
138,80,0.132132
138,81,0.081177
138,82,0.029806
138,83,0.096909
138,84,0.103461
138,85,0.147458
138,86,0.113421
138,87,0.126226
138,88,0.153423
138,89,0.175326
138,90,0.141835
138,91,0.142268
138,92,0.158576
138,93,0.103303
138,94,0.115457
138,95,0.081498
138,96,0.104514
138,97,0.121999
138,98,0.130002
138,99,0.154645
138,100,0.076384
138,101,0.117760
138,102,0.100360
138,103,0.146242
138,104,0.175818
138,105,0.145274
138,106,0.135113
138,107,0.030671
138,108,0.064533
138,109,0.068024
138,110,0.152120
138,111,0.149885
138,112,0.052651
138,113,0.084034
138,114,0.097610
138,115,0.041880
138,116,0.121074
138,117,0.053765
138,118,0.078269
138,119,0.025875
138,120,0.095500
138,121,0.076948
138,122,0.031034
138,123,0.068181
138,124,0.069947
138,125,0.125079
138,126,0.073738
138,127,0.093588
138,128,0.110411
138,129,0.157753
138,130,0.133294
138,131,0.215209
138,132,0.257848
138,133,0.216105
138,134,0.494075
138,135,0.610996
138,136,0.528555
138,137,0.779322
138,138,1.000000
138,139,0.705057
138,140,0.569820
138,141,0.625865
138,142,0.593900
138,143,0.475257
138,144,0.205027
138,145,0.113107
138,146,0.047228
138,147,0.043777
138,148,0.086017
138,149,0.072683
138,150,-0.004882
138,151,-0.011800
138,152,-0.050003
138,153,-0.051793
138,154,-0.005748
138,155,-0.022703
138,156,-0.015736
138,157,-0.077320
138,158,0.022771
138,159,0.068418
138,160,0.203733
138,161,0.423889
138,162,0.430370
138,163,0.491944
138,164,0.454491
138,165,0.251797
138,166,0.271137
138,167,0.169979
138,168,0.186738
138,169,0.098501
138,170,0.073118
138,171,0.041155
138,172,0.048533
138,173,0.013611
138,174,0.071779
138,175,0.070271
138,176,0.051776
138,177,0.045370
138,178,0.053202
138,179,0.035136
138,180,0.048769
138,181,0.131785
138,182,-0.028286
138,183,0.001061
138,184,-0.048769
138,185,-0.002328
138,186,0.116144
138,187,0.114711
138,188,0.098882
138,189,0.054702
138,190,0.032411
139,1,0.179996
139,2,0.163433
139,3,0.178563
139,4,0.176332
139,5,0.206651
139,6,0.209638
139,7,0.222476
139,8,0.212947
139,9,0.156961
139,10,0.195814
139,11,0.252737
139,12,0.263805
139,13,0.232971
139,14,0.170186
139,15,0.162554
139,16,0.117330
139,17,0.126595
139,18,0.123491
139,19,0.136372
139,20,0.168739
139,21,0.227881
139,22,0.268935
139,23,0.320563
139,24,0.188294
139,25,0.180065
139,26,0.219674
139,27,0.204045
139,28,0.162289
139,29,0.162261
139,30,0.189426
139,31,0.159683
139,32,0.128388
139,33,0.053752
139,34,0.148738
139,35,0.110729
139,36,0.179084
139,37,0.188125
139,38,0.147441
139,39,0.140154
139,40,0.109930
139,41,0.122802
139,42,0.113421
139,43,0.062551
139,44,0.105041
139,45,0.109173
139,46,0.180557
139,47,0.162985
139,48,0.169357
139,49,0.167626
139,50,0.238607
139,51,0.247985
139,52,0.250683
139,53,0.281651
139,54,0.163323
139,55,0.130556
139,56,0.156652
139,57,0.137396
139,58,0.216137
139,59,0.235841
139,60,0.221545
139,61,0.301340
139,62,0.301757
139,63,0.256518
139,64,0.304736
139,65,0.616169
139,66,0.561526
139,67,0.294070
139,68,0.190530
139,69,0.318861
139,70,0.216814
139,71,0.233612
139,72,0.141714
139,73,0.182556
139,74,0.105327
139,75,0.077076
139,76,0.153267
139,77,0.132422
139,78,0.054781
139,79,0.052152
139,80,0.112117
139,81,0.057933
139,82,-0.011884
139,83,0.072437
139,84,0.069104
139,85,0.149911
139,86,0.126219
139,87,0.169403
139,88,0.185514
139,89,0.209753
139,90,0.219726
139,91,0.176704
139,92,0.180045
139,93,0.167828
139,94,0.172714
139,95,0.135777
139,96,0.118827
139,97,0.165699
139,98,0.129772
139,99,0.104270
139,100,0.166874
139,101,0.242972
139,102,0.210581
139,103,0.220437
139,104,0.178220
139,105,0.102182
139,106,0.125523
139,107,0.039125
139,108,0.080869
139,109,0.110978
139,110,0.215498
139,111,0.211352
139,112,0.058694
139,113,0.127780
139,114,0.155944
139,115,0.120176
139,116,0.137160
139,117,0.087539
139,118,0.140879
139,119,0.106105
139,120,0.212418
139,121,0.197184
139,122,0.113496
139,123,0.194060
139,124,0.182635
139,125,0.219548
139,126,0.189933
139,127,0.134405
139,128,0.147296
139,129,0.193996
139,130,0.106167
139,131,0.233020
139,132,0.328796
139,133,0.205144
139,134,0.369339
139,135,0.609706
139,136,0.619375
139,137,0.611254
139,138,0.705057
139,139,1.000000
139,140,0.812602
139,141,0.544950
139,142,0.377560
139,143,0.267386
139,144,0.071055
139,145,0.074678
139,146,0.054621
139,147,0.095268
139,148,0.175986
139,149,0.188206
139,150,0.062211
139,151,0.066715
139,152,0.025965
139,153,0.015373
139,154,0.052580
139,155,0.053934
139,156,0.048399
139,157,-0.010162
139,158,0.029525
139,159,0.031838
139,160,0.140033
139,161,0.442971
139,162,0.471248
139,163,0.554945
139,164,0.534728
139,165,0.320719
139,166,0.347238
139,167,0.237863
139,168,0.246030
139,169,0.178549
139,170,0.116187
139,171,0.041116
139,172,0.095337
139,173,0.118526
139,174,0.111746
139,175,-0.014561
139,176,-0.037335
139,177,0.038886
139,178,0.053370
139,179,0.022943
139,180,0.060134
139,181,0.122958
139,182,-0.045137
139,183,-0.014241
139,184,-0.009698
139,185,0.082655
139,186,0.176164
139,187,0.203703
139,188,0.177557
139,189,0.120141
139,190,0.066249
140,1,0.162513
140,2,0.140975
140,3,0.184673
140,4,0.201906
140,5,0.240569
140,6,0.235600
140,7,0.239068
140,8,0.241526
140,9,0.192488
140,10,0.219007
140,11,0.234889
140,12,0.219476
140,13,0.205849
140,14,0.149340
140,15,0.159127
140,16,0.127225
140,17,0.142736
140,18,0.131663
140,19,0.139705
140,20,0.156852
140,21,0.201509
140,22,0.213825
140,23,0.275976
140,24,0.228286
140,25,0.219016
140,26,0.247094
140,27,0.233977
140,28,0.188494
140,29,0.183816
140,30,0.217355
140,31,0.171856
140,32,0.107569
140,33,0.005837
140,34,0.133020
140,35,0.096416
140,36,0.162104
140,37,0.197554
140,38,0.149688
140,39,0.138152
140,40,0.119723
140,41,0.143134
140,42,0.136481
140,43,0.063154
140,44,0.089419
140,45,0.112975
140,46,0.174422
140,47,0.172809
140,48,0.187834
140,49,0.205481
140,50,0.276707
140,51,0.275261
140,52,0.258405
140,53,0.254313
140,54,0.134736
140,55,0.115220
140,56,0.140973
140,57,0.147408
140,58,0.249170
140,59,0.268499
140,60,0.261458
140,61,0.331666
140,62,0.289759
140,63,0.228775
140,64,0.301359
140,65,0.628556
140,66,0.569034
140,67,0.305000
140,68,0.189518
140,69,0.316731
140,70,0.193555
140,71,0.230712
140,72,0.138245
140,73,0.195998
140,74,0.098289
140,75,0.052207
140,76,0.161491
140,77,0.128562
140,78,0.033466
140,79,0.056296
140,80,0.127988
140,81,0.063804
140,82,-0.018693
140,83,0.076218
140,84,0.090020
140,85,0.154971
140,86,0.129618
140,87,0.152184
140,88,0.157527
140,89,0.205549
140,90,0.238827
140,91,0.202765
140,92,0.210197
140,93,0.214114
140,94,0.207097
140,95,0.150355
140,96,0.107270
140,97,0.161635
140,98,0.119377
140,99,0.086763
140,100,0.178119
140,101,0.274211
140,102,0.238193
140,103,0.245669
140,104,0.184618
140,105,0.096444
140,106,0.118384
140,107,0.039702
140,108,0.067440
140,109,0.117866
140,110,0.229479
140,111,0.216808
140,112,0.071512
140,113,0.124844
140,114,0.160834
140,115,0.121827
140,116,0.129362
140,117,0.088358
140,118,0.117906
140,119,0.108525
140,120,0.234195
140,121,0.215187
140,122,0.129086
140,123,0.219323
140,124,0.199159
140,125,0.242672
140,126,0.209730
140,127,0.144390
140,128,0.142272
140,129,0.151353
140,130,0.057449
140,131,0.179413
140,132,0.272780
140,133,0.172915
140,134,0.323768
140,135,0.541938
140,136,0.567644
140,137,0.603675
140,138,0.569820
140,139,0.812602
140,140,1.000000
140,141,0.575450
140,142,0.389843
140,143,0.252585
140,144,0.074979
140,145,0.085096
140,146,0.013808
140,147,0.075773
140,148,0.178142
140,149,0.173174
140,150,0.078529
140,151,0.072606
140,152,0.054470
140,153,0.057863
140,154,0.065099
140,155,0.062946
140,156,0.066977
140,157,0.013067
140,158,0.039125
140,159,0.019517
140,160,0.136085
140,161,0.501092
140,162,0.525848
140,163,0.621035
140,164,0.626751
140,165,0.370788
140,166,0.406237
140,167,0.253695
140,168,0.260684
140,169,0.176342
140,170,0.107242
140,171,0.013592
140,172,0.089428
140,173,0.122647
140,174,0.107986
140,175,-0.022204
140,176,-0.046392
140,177,0.016558
140,178,0.021416
140,179,-0.017230
140,180,0.049352
140,181,0.119685
140,182,-0.065091
140,183,-0.009880
140,184,-0.017478
140,185,0.083231
140,186,0.166633
140,187,0.197550
140,188,0.200152
140,189,0.149340
140,190,0.081746
141,1,0.109233
141,2,0.140696
141,3,0.144013
141,4,0.097062
141,5,0.056265
141,6,0.044663
141,7,0.053115
141,8,0.102519
141,9,0.064246
141,10,0.105297
141,11,0.170899
141,12,0.176200
141,13,0.095340
141,14,0.038747
141,15,0.031683
141,16,-0.006011
141,17,0.009523
141,18,0.002786
141,19,0.011380
141,20,0.034096
141,21,0.078959
141,22,0.169961
141,23,0.184277
141,24,0.102432
141,25,0.120302
141,26,0.185500
141,27,0.145844
141,28,0.082925
141,29,0.076702
141,30,0.135669
141,31,0.147475
141,32,0.055516
141,33,0.022675
141,34,0.084312
141,35,0.070235
141,36,0.098894
141,37,0.115685
141,38,0.061816
141,39,0.051395
141,40,0.045704
141,41,0.092380
141,42,0.030005
141,43,0.000877
141,44,0.032405
141,45,0.053831
141,46,0.077977
141,47,0.092058
141,48,0.083234
141,49,0.084759
141,50,0.114258
141,51,0.139387
141,52,0.142556
141,53,0.152993
141,54,0.097194
141,55,0.071431
141,56,0.049794
141,57,0.059581
141,58,0.114842
141,59,0.085219
141,60,0.077281
141,61,0.122386
141,62,0.094267
141,63,0.051910
141,64,0.205550
141,65,0.494713
141,66,0.450027
141,67,0.206263
141,68,0.135452
141,69,0.234661
141,70,0.099147
141,71,0.180300
141,72,0.088306
141,73,0.139704
141,74,0.050802
141,75,0.013109
141,76,0.094987
141,77,0.094073
141,78,0.067508
141,79,0.080145
141,80,0.118130
141,81,0.078368
141,82,0.023720
141,83,0.115169
141,84,0.083565
141,85,0.104363
141,86,0.087011
141,87,0.074938
141,88,0.096805
141,89,0.152178
141,90,0.138891
141,91,0.113149
141,92,0.148470
141,93,0.083625
141,94,0.077914
141,95,0.023269
141,96,0.033774
141,97,0.064772
141,98,0.067254
141,99,0.089529
141,100,0.056587
141,101,0.114959
141,102,0.074729
141,103,0.122196
141,104,0.163272
141,105,0.136696
141,106,0.108403
141,107,0.031974
141,108,0.067255
141,109,0.037119
141,110,0.111455
141,111,0.103150
141,112,0.008397
141,113,0.057756
141,114,0.025524
141,115,-0.026997
141,116,0.081772
141,117,0.001649
141,118,0.032408
141,119,0.008886
141,120,0.091952
141,121,0.080927
141,122,0.048316
141,123,0.062548
141,124,0.071158
141,125,0.110202
141,126,0.064692
141,127,0.044451
141,128,0.056920
141,129,0.074907
141,130,0.054236
141,131,0.100719
141,132,0.168607
141,133,0.120145
141,134,0.332533
141,135,0.431332
141,136,0.357165
141,137,0.498087
141,138,0.625865
141,139,0.544950
141,140,0.575450
141,141,1.000000
141,142,0.810628
141,143,0.536429
141,144,0.261577
141,145,0.185382
141,146,0.088555
141,147,0.058468
141,148,0.048769
141,149,0.041026
141,150,-0.008953
141,151,-0.036264
141,152,-0.051265
141,153,-0.000318
141,154,-0.000742
141,155,-0.024486
141,156,-0.016460
141,157,-0.066491
141,158,0.021943
141,159,0.040098
141,160,0.206248
141,161,0.448442
141,162,0.476569
141,163,0.575494
141,164,0.556145
141,165,0.301489
141,166,0.326108
141,167,0.141935
141,168,0.147349
141,169,0.056624
141,170,0.006374
141,171,-0.023234
141,172,0.038446
141,173,0.015633
141,174,0.053536
141,175,0.024005
141,176,-0.017573
141,177,-0.025021
141,178,-0.015655
141,179,-0.059050
141,180,0.041338
141,181,0.097566
141,182,-0.067986
141,183,-0.037545
141,184,-0.095888
141,185,-0.057318
141,186,0.107631
141,187,0.101648
141,188,0.096562
141,189,0.070073
141,190,0.043785
142,1,0.066429
142,2,0.136134
142,3,0.140948
142,4,0.066939
142,5,-0.008325
142,6,-0.036252
142,7,-0.033833
142,8,0.034907
142,9,0.030845
142,10,0.074527
142,11,0.154382
142,12,0.143313
142,13,0.023156
142,14,-0.037290
142,15,-0.052575
142,16,-0.078376
142,17,-0.059718
142,18,-0.060251
142,19,-0.056898
142,20,-0.043355
142,21,0.000781
142,22,0.135721
142,23,0.139102
142,24,0.058510
142,25,0.081882
142,26,0.138713
142,27,0.092649
142,28,0.018991
142,29,0.006178
142,30,0.079558
142,31,0.125931
142,32,0.040080
142,33,0.036960
142,34,0.049940
142,35,0.045676
142,36,0.048281
142,37,0.070963
142,38,0.025400
142,39,0.007935
142,40,0.018654
142,41,0.066230
142,42,-0.027815
142,43,-0.042366
142,44,-0.006159
142,45,0.024482
142,46,0.036674
142,47,0.057580
142,48,0.048365
142,49,0.045903
142,50,0.056875
142,51,0.089330
142,52,0.084009
142,53,0.093962
142,54,0.063099
142,55,0.032605
142,56,-0.022865
142,57,-0.006551
142,58,0.056571
142,59,0.017994
142,60,0.010005
142,61,0.031593
142,62,0.018178
142,63,0.001035
142,64,0.135733
142,65,0.349639
142,66,0.296442
142,67,0.095243
142,68,0.053586
142,69,0.113986
142,70,0.004635
142,71,0.093105
142,72,0.028017
142,73,0.077710
142,74,0.007555
142,75,-0.000376
142,76,0.048376
142,77,0.069869
142,78,0.095746
142,79,0.109730
142,80,0.112450
142,81,0.083563
142,82,0.041590
142,83,0.126466
142,84,0.093628
142,85,0.099068
142,86,0.088588
142,87,0.060557
142,88,0.078554
142,89,0.109580
142,90,0.089994
142,91,0.082524
142,92,0.129599
142,93,0.045067
142,94,0.034031
142,95,-0.006917
142,96,0.014926
142,97,0.012274
142,98,0.042443
142,99,0.080738
142,100,0.016313
142,101,0.030024
142,102,-0.006577
142,103,0.057270
142,104,0.141937
142,105,0.155306
142,106,0.112730
142,107,0.032255
142,108,0.051692
142,109,-0.006071
142,110,0.051775
142,111,0.063172
142,112,-0.010048
142,113,0.028018
142,114,-0.033141
142,115,-0.085574
142,116,0.052627
142,117,-0.022349
142,118,-0.007832
142,119,-0.024294
142,120,0.027678
142,121,0.027464
142,122,0.022213
142,123,-0.004982
142,124,0.010700
142,125,0.049138
142,126,-0.002980
142,127,-0.007576
142,128,0.017178
142,129,0.050209
142,130,0.059118
142,131,0.079358
142,132,0.121653
142,133,0.094448
142,134,0.314660
142,135,0.340390
142,136,0.239863
142,137,0.436541
142,138,0.593900
142,139,0.377560
142,140,0.389843
142,141,0.810628
142,142,1.000000
142,143,0.763479
142,144,0.412918
142,145,0.273491
142,146,0.082139
142,147,0.022599
142,148,-0.011136
142,149,-0.033052
142,150,-0.065624
142,151,-0.099133
142,152,-0.110014
142,153,-0.053179
142,154,-0.051088
142,155,-0.082846
142,156,-0.055335
142,157,-0.083413
142,158,0.049842
142,159,0.098005
142,160,0.236494
142,161,0.405281
142,162,0.401465
142,163,0.446544
142,164,0.421807
142,165,0.212032
142,166,0.222587
142,167,0.073755
142,168,0.086950
142,169,0.015355
142,170,-0.018436
142,171,-0.026165
142,172,0.032791
142,173,-0.050338
142,174,0.017075
142,175,0.037742
142,176,0.007054
142,177,-0.035542
142,178,-0.033897
142,179,-0.057414
142,180,0.042071
142,181,0.076420
142,182,-0.072030
142,183,-0.039460
142,184,-0.126316
142,185,-0.108744
142,186,0.084015
142,187,0.055917
142,188,0.042189
142,189,0.018603
142,190,0.027840
143,1,0.042129
143,2,0.123693
143,3,0.161495
143,4,0.104175
143,5,0.023470
143,6,-0.029757
143,7,-0.036059
143,8,0.045191
143,9,0.080288
143,10,0.121634
143,11,0.176663
143,12,0.119343
143,13,-0.001118
143,14,-0.057336
143,15,-0.051621
143,16,-0.054235
143,17,-0.041722
143,18,-0.054230
143,19,-0.053305
143,20,-0.049299
143,21,-0.012945
143,22,0.103340
143,23,0.125150
143,24,0.088915
143,25,0.100861
143,26,0.131175
143,27,0.100098
143,28,0.031646
143,29,0.009373
143,30,0.067712
143,31,0.103900
143,32,0.031880
143,33,0.034348
143,34,0.024372
143,35,0.013523
143,36,0.018336
143,37,0.026728
143,38,-0.007020
143,39,-0.003002
143,40,0.012943
143,41,0.049143
143,42,-0.025826
143,43,-0.055744
143,44,-0.030937
143,45,0.010916
143,46,0.034383
143,47,0.060962
143,48,0.072265
143,49,0.083024
143,50,0.091070
143,51,0.110160
143,52,0.070977
143,53,0.072720
143,54,0.047473
143,55,0.012430
143,56,-0.033808
143,57,-0.027463
143,58,0.056162
143,59,0.021995
143,60,0.020709
143,61,0.035518
143,62,0.015175
143,63,0.021574
143,64,0.112373
143,65,0.232216
143,66,0.191204
143,67,0.056946
143,68,0.040018
143,69,0.054331
143,70,-0.015194
143,71,0.042409
143,72,0.010346
143,73,0.072557
143,74,0.023598
143,75,0.028214
143,76,0.044494
143,77,0.063606
143,78,0.103529
143,79,0.102418
143,80,0.085169
143,81,0.068573
143,82,0.036506
143,83,0.094407
143,84,0.088711
143,85,0.103914
143,86,0.086481
143,87,0.072966
143,88,0.101204
143,89,0.111204
143,90,0.083044
143,91,0.072721
143,92,0.110435
143,93,0.044479
143,94,0.030654
143,95,0.024026
143,96,0.033931
143,97,0.015700
143,98,0.040006
143,99,0.073065
143,100,0.028315
143,101,0.026343
143,102,-0.006870
143,103,0.029390
143,104,0.105320
143,105,0.110310
143,106,0.101501
143,107,0.023486
143,108,0.025753
143,109,0.001367
143,110,0.043961
143,111,0.058300
143,112,-0.007089
143,113,0.017571
143,114,-0.006443
143,115,-0.091836
143,116,0.049519
143,117,-0.028593
143,118,-0.021130
143,119,-0.011426
143,120,0.025938
143,121,0.023977
143,122,0.008420
143,123,-0.012833
143,124,0.013341
143,125,0.045610
143,126,-0.003562
143,127,-0.006157
143,128,0.027649
143,129,0.043768
143,130,0.039497
143,131,0.083570
143,132,0.110784
143,133,0.100712
143,134,0.301595
143,135,0.274119
143,136,0.190050
143,137,0.375172
143,138,0.475257
143,139,0.267386
143,140,0.252585
143,141,0.536429
143,142,0.763479
143,143,1.000000
143,144,0.573248
143,145,0.320904
143,146,0.080980
143,147,0.004870
143,148,-0.035452
143,149,-0.007408
143,150,-0.076274
143,151,-0.131492
143,152,-0.117800
143,153,-0.033584
143,154,-0.060621
143,155,-0.096593
143,156,-0.035581
143,157,-0.041980
143,158,0.079166
143,159,0.153281
143,160,0.249386
143,161,0.300526
143,162,0.292830
143,163,0.309190
143,164,0.283772
143,165,0.161901
143,166,0.168418
143,167,0.077902
143,168,0.093525
143,169,0.026229
143,170,-0.006943
143,171,-0.016958
143,172,0.036499
143,173,-0.044268
143,174,0.015058
143,175,0.033802
143,176,0.019403
143,177,-0.026503
143,178,-0.024173
143,179,-0.039267
143,180,0.044656
143,181,0.064719
143,182,-0.070741
143,183,-0.029931
143,184,-0.105733
143,185,-0.071941
143,186,0.083553
143,187,0.072076
143,188,0.070523
143,189,0.039782
143,190,0.052453
144,1,0.064333
144,2,0.122342
144,3,0.138998
144,4,0.097044
144,5,0.009899
144,6,-0.046552
144,7,-0.048590
144,8,0.015035
144,9,0.082971
144,10,0.092816
144,11,0.121952
144,12,0.090740
144,13,0.001781
144,14,-0.034491
144,15,-0.047099
144,16,-0.029296
144,17,-0.033449
144,18,-0.041450
144,19,-0.050450
144,20,-0.047570
144,21,-0.026575
144,22,0.048450
144,23,0.073654
144,24,0.051131
144,25,0.057965
144,26,0.089041
144,27,0.051793
144,28,0.013246
144,29,-0.005740
144,30,0.011886
144,31,0.036633
144,32,-0.045764
144,33,-0.003368
144,34,-0.000911
144,35,0.004828
144,36,-0.018826
144,37,-0.018186
144,38,0.002275
144,39,0.012083
144,40,0.028767
144,41,0.058242
144,42,-0.033245
144,43,-0.047992
144,44,-0.043223
144,45,-0.006886
144,46,0.003769
144,47,0.012056
144,48,0.024648
144,49,0.035231
144,50,0.041244
144,51,0.046442
144,52,0.028249
144,53,0.019886
144,54,0.014314
144,55,0.020794
144,56,-0.036131
144,57,-0.001674
144,58,0.045405
144,59,0.029408
144,60,0.017622
144,61,-0.018083
144,62,-0.009831
144,63,0.003440
144,64,0.067012
144,65,0.055839
144,66,0.039867
144,67,-0.015896
144,68,-0.005245
144,69,-0.021748
144,70,-0.054233
144,71,-0.017134
144,72,-0.021180
144,73,0.021770
144,74,0.008816
144,75,0.058717
144,76,0.009371
144,77,0.018504
144,78,0.065692
144,79,0.070228
144,80,0.050389
144,81,0.044637
144,82,0.024672
144,83,0.051881
144,84,0.029783
144,85,0.028247
144,86,0.029664
144,87,0.022447
144,88,0.044958
144,89,0.034696
144,90,0.060884
144,91,0.066801
144,92,0.078309
144,93,0.035152
144,94,0.047190
144,95,0.047396
144,96,0.025014
144,97,-0.014655
144,98,0.020695
144,99,0.054565
144,100,0.017918
144,101,-0.017811
144,102,-0.034671
144,103,0.001477
144,104,0.046129
144,105,0.062449
144,106,0.024197
144,107,-0.002726
144,108,0.006205
144,109,-0.024735
144,110,-0.003171
144,111,0.000704
144,112,-0.041593
144,113,-0.044193
144,114,-0.056093
144,115,-0.103210
144,116,-0.011292
144,117,-0.063685
144,118,-0.064313
144,119,-0.059595
144,120,-0.057709
144,121,-0.073217
144,122,-0.061938
144,123,-0.052772
144,124,-0.036985
144,125,-0.015548
144,126,-0.038872
144,127,-0.060464
144,128,0.007358
144,129,0.034378
144,130,0.013366
144,131,0.042241
144,132,0.033427
144,133,0.014411
144,134,0.172929
144,135,0.099539
144,136,0.040947
144,137,0.178150
144,138,0.205027
144,139,0.071055
144,140,0.074979
144,141,0.261577
144,142,0.412918
144,143,0.573248
144,144,1.000000
144,145,0.509561
144,146,0.127229
144,147,0.062938
144,148,-0.011155
144,149,-0.017265
144,150,-0.012249
144,151,-0.072312
144,152,-0.040876
144,153,0.019988
144,154,-0.048891
144,155,-0.079465
144,156,-0.020896
144,157,-0.001854
144,158,0.088648
144,159,0.222870
144,160,0.260210
144,161,0.170688
144,162,0.141526
144,163,0.120629
144,164,0.091736
144,165,0.039361
144,166,0.041215
144,167,0.037767
144,168,0.048095
144,169,0.014008
144,170,0.003679
144,171,-0.028120
144,172,0.035777
144,173,-0.040308
144,174,0.003311
144,175,0.006809
144,176,0.014775
144,177,-0.010983
144,178,-0.009354
144,179,-0.019206
144,180,-0.008977
144,181,-0.009023
144,182,-0.031947
144,183,-0.051606
144,184,-0.077677
144,185,-0.065799
144,186,0.042048
144,187,0.034090
144,188,0.027460
144,189,0.010589
144,190,0.032693
145,1,0.010001
145,2,0.045965
145,3,0.117876
145,4,0.076528
145,5,-0.013519
145,6,-0.029118
145,7,-0.033106
145,8,0.012006
145,9,0.025672
145,10,0.015989
145,11,0.065535
145,12,0.039918
145,13,-0.032953
145,14,-0.055349
145,15,-0.065134
145,16,-0.065454
145,17,-0.050534
145,18,-0.062034
145,19,-0.068755
145,20,-0.051535
145,21,-0.060300
145,22,-0.018694
145,23,0.003997
145,24,0.059545
145,25,0.072993
145,26,0.101947
145,27,0.105168
145,28,0.080179
145,29,0.061710
145,30,0.054247
145,31,0.048720
145,32,0.026243
145,33,-0.004779
145,34,0.014677
145,35,0.021943
145,36,0.020339
145,37,0.052612
145,38,0.044352
145,39,0.023843
145,40,0.018734
145,41,0.052074
145,42,-0.032074
145,43,-0.074710
145,44,-0.080518
145,45,-0.019942
145,46,0.015731
145,47,0.005087
145,48,0.009405
145,49,0.023369
145,50,0.027790
145,51,0.033710
145,52,-0.010050
145,53,-0.027062
145,54,-0.045544
145,55,-0.036884
145,56,-0.068688
145,57,-0.044975
145,58,0.044440
145,59,0.017947
145,60,-0.014609
145,61,-0.019152
145,62,-0.021109
145,63,0.011629
145,64,0.059608
145,65,0.038822
145,66,0.030330
145,67,-0.022920
145,68,-0.029617
145,69,-0.015329
145,70,-0.046027
145,71,-0.021662
145,72,-0.046496
145,73,-0.002368
145,74,-0.033091
145,75,-0.007610
145,76,-0.015289
145,77,-0.012489
145,78,0.018798
145,79,0.035000
145,80,0.017034
145,81,-0.001098
145,82,-0.026087
145,83,-0.011254
145,84,-0.040101
145,85,-0.033770
145,86,-0.015786
145,87,-0.028434
145,88,0.014776
145,89,0.007563
145,90,0.046559
145,91,0.047923
145,92,0.031576
145,93,0.011000
145,94,0.042827
145,95,0.050759
145,96,0.000071
145,97,-0.035519
145,98,-0.008281
145,99,0.019752
145,100,0.055568
145,101,-0.003759
145,102,-0.028664
145,103,-0.027291
145,104,-0.016079
145,105,-0.024652
145,106,-0.035456
145,107,-0.040764
145,108,-0.030808
145,109,-0.011892
145,110,0.012001
145,111,-0.016185
145,112,-0.015748
145,113,0.007087
145,114,-0.016380
145,115,-0.070153
145,116,-0.036575
145,117,-0.061673
145,118,-0.050264
145,119,-0.025116
145,120,-0.046791
145,121,-0.045104
145,122,-0.032511
145,123,-0.076381
145,124,-0.083022
145,125,-0.002267
145,126,-0.031400
145,127,-0.091379
145,128,-0.035626
145,129,-0.030757
145,130,-0.059899
145,131,-0.036732
145,132,-0.006872
145,133,-0.005056
145,134,0.097920
145,135,0.063365
145,136,0.029754
145,137,0.099772
145,138,0.113107
145,139,0.074678
145,140,0.085096
145,141,0.185382
145,142,0.273491
145,143,0.320904
145,144,0.509561
145,145,1.000000
145,146,0.159453
145,147,0.073723
145,148,0.043249
145,149,0.097495
145,150,-0.057644
145,151,-0.091537
145,152,-0.082847
145,153,-0.044751
145,154,-0.119393
145,155,-0.117326
145,156,-0.057516
145,157,-0.073536
145,158,0.040327
145,159,0.110300
145,160,0.072749
145,161,0.079114
145,162,0.068123
145,163,0.066810
145,164,0.054165
145,165,-0.018401
145,166,-0.004221
145,167,-0.020860
145,168,-0.015426
145,169,-0.027945
145,170,-0.021348
145,171,-0.034704
145,172,0.019454
145,173,-0.034154
145,174,-0.025167
145,175,-0.044081
145,176,-0.010907
145,177,-0.010828
145,178,-0.030933
145,179,-0.042711
145,180,-0.012790
145,181,-0.035964
145,182,-0.042767
145,183,-0.030482
145,184,-0.120398
145,185,-0.090895
145,186,-0.025200
145,187,-0.026777
145,188,-0.021987
145,189,-0.053860
145,190,-0.048008
146,1,0.018051
146,2,0.070728
146,3,0.046313
146,4,-0.012914
146,5,-0.039789
146,6,-0.035669
146,7,-0.049805
146,8,-0.056709
146,9,-0.056214
146,10,-0.021113
146,11,0.033541
146,12,0.076183
146,13,0.017938
146,14,-0.026488
146,15,-0.058282
146,16,-0.061681
146,17,-0.054322
146,18,-0.046010
146,19,-0.042073
146,20,-0.028149
146,21,0.022999
146,22,0.103717
146,23,0.065083
146,24,-0.069900
146,25,-0.084453
146,26,0.037702
146,27,0.086708
146,28,0.073740
146,29,0.048541
146,30,0.074677
146,31,-0.008733
146,32,-0.085192
146,33,-0.002413
146,34,-0.002515
146,35,-0.002163
146,36,0.036783
146,37,0.084880
146,38,0.038541
146,39,0.017166
146,40,0.004946
146,41,-0.001216
146,42,-0.047525
146,43,-0.032342
146,44,0.064821
146,45,-0.004173
146,46,0.013094
146,47,0.010191
146,48,-0.018624
146,49,-0.032832
146,50,-0.046192
146,51,-0.028948
146,52,0.022331
146,53,0.064270
146,54,0.082632
146,55,0.029941
146,56,0.001688
146,57,-0.012388
146,58,0.036037
146,59,0.020824
146,60,-0.050692
146,61,-0.068134
146,62,-0.070714
146,63,-0.121975
146,64,-0.097471
146,65,0.016394
146,66,-0.002378
146,67,0.010655
146,68,0.022922
146,69,0.001604
146,70,-0.013319
146,71,-0.017893
146,72,-0.050285
146,73,-0.013084
146,74,-0.062898
146,75,-0.030606
146,76,-0.014367
146,77,0.009471
146,78,0.009456
146,79,-0.017085
146,80,-0.025102
146,81,0.028604
146,82,0.009594
146,83,-0.020930
146,84,0.003470
146,85,-0.033233
146,86,-0.078498
146,87,-0.015953
146,88,0.059217
146,89,0.033789
146,90,-0.016468
146,91,0.030831
146,92,0.055621
146,93,0.044190
146,94,0.043662
146,95,0.027828
146,96,-0.026519
146,97,-0.074034
146,98,-0.026651
146,99,0.022884
146,100,0.023467
146,101,0.002955
146,102,0.050204
146,103,0.010138
146,104,0.056150
146,105,0.090176
146,106,-0.018475
146,107,0.067581
146,108,0.023600
146,109,0.027806
146,110,0.046432
146,111,0.022746
146,112,-0.064786
146,113,-0.121440
146,114,-0.028680
146,115,-0.086349
146,116,0.091447
146,117,-0.019348
146,118,0.013991
146,119,-0.014224
146,120,-0.001378
146,121,-0.053873
146,122,-0.061869
146,123,-0.040916
146,124,0.106683
146,125,0.086392
146,126,0.060621
146,127,-0.024980
146,128,0.027286
146,129,-0.006892
146,130,-0.034226
146,131,0.010403
146,132,-0.003024
146,133,-0.003340
146,134,0.084364
146,135,0.022044
146,136,0.005709
146,137,0.013221
146,138,0.047228
146,139,0.054621
146,140,0.013808
146,141,0.088555
146,142,0.082139
146,143,0.080980
146,144,0.127229
146,145,0.159453
146,146,1.000000
146,147,0.708858
146,148,0.100333
146,149,0.257965
146,150,-0.067492
146,151,-0.133885
146,152,-0.231904
146,153,-0.152094
146,154,-0.142032
146,155,-0.101644
146,156,-0.123907
146,157,-0.091164
146,158,-0.096339
146,159,-0.064605
146,160,0.049562
146,161,0.042530
146,162,0.038089
146,163,0.052282
146,164,0.039715
146,165,-0.001782
146,166,0.005505
146,167,-0.012232
146,168,-0.032423
146,169,-0.021839
146,170,-0.028525
146,171,-0.057498
146,172,-0.017194
146,173,-0.033156
146,174,-0.047273
146,175,-0.042539
146,176,-0.037368
146,177,-0.070593
146,178,-0.025059
146,179,-0.059422
146,180,-0.107768
146,181,-0.068406
146,182,0.032631
146,183,-0.046764
146,184,-0.045718
146,185,-0.017050
146,186,0.065364
146,187,0.042796
146,188,0.019533
146,189,-0.024279
146,190,0.041873
147,1,0.071319
147,2,0.067024
147,3,0.037752
147,4,0.012004
147,5,0.038344
147,6,0.037715
147,7,0.024773
147,8,0.013361
147,9,0.009733
147,10,0.026673
147,11,0.056190
147,12,0.072823
147,13,0.069902
147,14,0.033621
147,15,0.012974
147,16,-0.001328
147,17,0.005277
147,18,0.008135
147,19,-0.000370
147,20,0.001007
147,21,0.041662
147,22,0.078867
147,23,0.093972
147,24,-0.009522
147,25,-0.021634
147,26,0.102359
147,27,0.122382
147,28,0.112370
147,29,0.093253
147,30,0.095268
147,31,0.050578
147,32,-0.027887
147,33,-0.010473
147,34,-0.001327
147,35,0.025170
147,36,0.108175
147,37,0.092181
147,38,0.081087
147,39,0.050059
147,40,0.020684
147,41,0.021131
147,42,0.017663
147,43,0.005137
147,44,0.059311
147,45,-0.001612
147,46,0.042007
147,47,0.031750
147,48,0.026491
147,49,-0.001009
147,50,0.012236
147,51,0.014281
147,52,0.045063
147,53,0.091130
147,54,0.036804
147,55,0.030263
147,56,0.022104
147,57,0.020248
147,58,0.019518
147,59,0.057357
147,60,0.025751
147,61,0.001759
147,62,0.004758
147,63,-0.067236
147,64,-0.057132
147,65,0.103522
147,66,0.092168
147,67,0.076127
147,68,0.053851
147,69,0.089344
147,70,0.055836
147,71,0.040009
147,72,0.016891
147,73,0.024506
147,74,-0.001156
147,75,0.072469
147,76,0.045557
147,77,0.077326
147,78,0.078901
147,79,0.017360
147,80,-0.001604
147,81,0.027238
147,82,0.016842
147,83,-0.007007
147,84,0.021931
147,85,0.027250
147,86,0.005327
147,87,0.049214
147,88,0.075811
147,89,0.024782
147,90,0.002803
147,91,0.028638
147,92,0.017093
147,93,0.056483
147,94,0.047761
147,95,0.042701
147,96,0.004763
147,97,-0.025857
147,98,0.010246
147,99,0.026629
147,100,0.060864
147,101,0.062309
147,102,0.102444
147,103,0.080070
147,104,0.040405
147,105,0.085090
147,106,0.000361
147,107,0.059056
147,108,0.060885
147,109,0.066641
147,110,0.108079
147,111,0.123222
147,112,-0.002321
147,113,-0.015395
147,114,0.064777
147,115,0.034829
147,116,0.093981
147,117,0.014411
147,118,0.015151
147,119,0.020807
147,120,0.041581
147,121,-0.006196
147,122,-0.027299
147,123,0.070491
147,124,0.112821
147,125,0.123311
147,126,0.120397
147,127,0.038863
147,128,0.092646
147,129,0.096628
147,130,0.032056
147,131,0.102322
147,132,0.106133
147,133,0.043431
147,134,0.076436
147,135,0.089776
147,136,0.070737
147,137,0.029235
147,138,0.043777
147,139,0.095268
147,140,0.075773
147,141,0.058468
147,142,0.022599
147,143,0.004870
147,144,0.062938
147,145,0.073723
147,146,0.708858
147,147,1.000000
147,148,0.497898
147,149,0.491531
147,150,0.262248
147,151,0.191077
147,152,0.095290
147,153,0.106724
147,154,0.134651
147,155,0.164570
147,156,0.115265
147,157,0.042455
147,158,-0.142206
147,159,-0.113453
147,160,-0.028989
147,161,0.040706
147,162,0.046879
147,163,0.080675
147,164,0.085565
147,165,0.056457
147,166,0.068473
147,167,0.042782
147,168,0.012222
147,169,0.026601
147,170,0.050403
147,171,-0.001882
147,172,0.005698
147,173,0.056120
147,174,0.017235
147,175,-0.055221
147,176,-0.059823
147,177,-0.035569
147,178,-0.021940
147,179,0.010871
147,180,-0.054376
147,181,0.021457
147,182,-0.007715
147,183,-0.037335
147,184,0.003839
147,185,0.006437
147,186,0.086689
147,187,0.067167
147,188,0.035183
147,189,-0.005366
147,190,0.032070
148,1,0.181484
148,2,0.128347
148,3,0.088580
148,4,0.121424
148,5,0.163952
148,6,0.183393
148,7,0.196396
148,8,0.201183
148,9,0.131367
148,10,0.120722
148,11,0.141043
148,12,0.135240
148,13,0.185422
148,14,0.164998
148,15,0.133992
148,16,0.093196
148,17,0.085280
148,18,0.094374
148,19,0.109078
148,20,0.134905
148,21,0.123426
148,22,0.104346
148,23,0.165443
148,24,0.095717
148,25,0.096033
148,26,0.218959
148,27,0.173772
148,28,0.174021
148,29,0.173192
148,30,0.122759
148,31,0.170533
148,32,0.082850
148,33,0.012558
148,34,0.043729
148,35,0.118630
148,36,0.200868
148,37,0.092737
148,38,0.102990
148,39,0.089806
148,40,0.073668
148,41,0.069881
148,42,0.098072
148,43,0.109260
148,44,0.075503
148,45,0.040996
148,46,0.073794
148,47,0.061418
148,48,0.073842
148,49,0.049682
148,50,0.099920
148,51,0.076096
148,52,0.089421
148,53,0.118140
148,54,0.000502
148,55,0.057250
148,56,0.099689
148,57,0.082812
148,58,0.011411
148,59,0.089405
148,60,0.107891
148,61,0.120216
148,62,0.110967
148,63,0.084701
148,64,0.060976
148,65,0.221696
148,66,0.203986
148,67,0.096463
148,68,0.032115
148,69,0.151956
148,70,0.132394
148,71,0.095282
148,72,0.101301
148,73,0.059982
148,74,0.104429
148,75,0.155370
148,76,0.099351
148,77,0.112350
148,78,0.107695
148,79,0.068215
148,80,0.067279
148,81,0.005756
148,82,0.001262
148,83,0.024450
148,84,0.072060
148,85,0.121576
148,86,0.143034
148,87,0.131644
148,88,0.072876
148,89,0.040558
148,90,0.070996
148,91,0.036322
148,92,-0.010247
148,93,0.057659
148,94,0.040777
148,95,0.049735
148,96,0.073903
148,97,0.086662
148,98,0.086700
148,99,0.074751
148,100,0.110590
148,101,0.165936
148,102,0.155206
148,103,0.135165
148,104,0.006190
148,105,0.005197
148,106,0.054350
148,107,-0.013473
148,108,0.052487
148,109,0.036140
148,110,0.099869
148,111,0.128280
148,112,0.105163
148,113,0.183452
148,114,0.226914
148,115,0.214472
148,116,0.057270
148,117,0.087398
148,118,0.060888
148,119,0.101745
148,120,0.055039
148,121,0.048814
148,122,0.020632
148,123,0.089279
148,124,0.020349
148,125,0.083132
148,126,0.078784
148,127,0.073275
148,128,0.090662
148,129,0.180255
148,130,0.107311
148,131,0.175187
148,132,0.214034
148,133,0.104166
148,134,0.063549
148,135,0.193709
148,136,0.183044
148,137,0.093970
148,138,0.086017
148,139,0.175986
148,140,0.178142
148,141,0.048769
148,142,-0.011136
148,143,-0.035452
148,144,-0.011155
148,145,0.043249
148,146,0.100333
148,147,0.497898
148,148,1.000000
148,149,0.691813
148,150,0.565619
148,151,0.562319
148,152,0.450870
148,153,0.303387
148,154,0.334597
148,155,0.368391
148,156,0.307531
148,157,0.154301
148,158,-0.089576
148,159,-0.040452
148,160,-0.036981
148,161,0.094216
148,162,0.109138
148,163,0.131613
148,164,0.160154
148,165,0.135715
148,166,0.157717
148,167,0.137376
148,168,0.115254
148,169,0.123055
148,170,0.149798
148,171,0.120285
148,172,0.071566
148,173,0.151834
148,174,0.100071
148,175,-0.033989
148,176,-0.006270
148,177,0.086884
148,178,0.067929
148,179,0.098709
148,180,0.014195
148,181,0.074497
148,182,-0.058080
148,183,-0.008441
148,184,0.043176
148,185,0.060305
148,186,0.135455
148,187,0.122360
148,188,0.069102
148,189,0.032156
148,190,0.018998
149,1,0.164482
149,2,0.127461
149,3,0.120508
149,4,0.132650
149,5,0.148530
149,6,0.169934
149,7,0.163005
149,8,0.148324
149,9,0.084100
149,10,0.102950
149,11,0.134781
149,12,0.153771
149,13,0.172356
149,14,0.142086
149,15,0.115222
149,16,0.089906
149,17,0.085438
149,18,0.080492
149,19,0.080742
149,20,0.104747
149,21,0.124314
149,22,0.124350
149,23,0.162698
149,24,0.091396
149,25,0.098159
149,26,0.225507
149,27,0.282572
149,28,0.292850
149,29,0.272325
149,30,0.238977
149,31,0.085760
149,32,0.028145
149,33,0.009716
149,34,0.035895
149,35,0.069488
149,36,0.170284
149,37,0.110328
149,38,0.089227
149,39,0.068427
149,40,0.063009
149,41,0.049414
149,42,0.076287
149,43,0.074620
149,44,0.049012
149,45,0.013384
149,46,0.049993
149,47,0.023034
149,48,0.040258
149,49,0.061077
149,50,0.097955
149,51,0.075106
149,52,0.070593
149,53,0.126378
149,54,0.039101
149,55,0.049103
149,56,0.081333
149,57,0.075452
149,58,0.117001
149,59,0.128998
149,60,0.099645
149,61,0.128152
149,62,0.117430
149,63,0.104992
149,64,0.071349
149,65,0.166790
149,66,0.137756
149,67,0.078391
149,68,0.039394
149,69,0.116413
149,70,0.110509
149,71,0.066620
149,72,0.084661
149,73,0.076082
149,74,0.084079
149,75,0.103580
149,76,0.069679
149,77,0.064055
149,78,0.000362
149,79,-0.056674
149,80,-0.041447
149,81,-0.075914
149,82,-0.112750
149,83,-0.073236
149,84,-0.016920
149,85,0.020589
149,86,0.035654
149,87,0.086882
149,88,0.097017
149,89,0.068814
149,90,0.086490
149,91,0.043186
149,92,0.001897
149,93,0.087087
149,94,0.103125
149,95,0.112253
149,96,0.034893
149,97,0.031675
149,98,0.051192
149,99,0.020982
149,100,0.172407
149,101,0.181511
149,102,0.189354
149,103,0.129658
149,104,-0.018799
149,105,-0.049283
149,106,-0.032346
149,107,-0.069699
149,108,-0.011170
149,109,0.083582
149,110,0.138810
149,111,0.118234
149,112,0.136927
149,113,0.209035
149,114,0.284878
149,115,0.209315
149,116,0.093492
149,117,0.100746
149,118,0.069116
149,119,0.089463
149,120,0.096956
149,121,0.087222
149,122,0.050786
149,123,0.080783
149,124,0.089393
149,125,0.146218
149,126,0.072143
149,127,0.049683
149,128,0.066995
149,129,0.113761
149,130,0.076143
149,131,0.162554
149,132,0.194052
149,133,0.138564
149,134,0.123384
149,135,0.196422
149,136,0.209440
149,137,0.096526
149,138,0.072683
149,139,0.188206
149,140,0.173174
149,141,0.041026
149,142,-0.033052
149,143,-0.007408
149,144,-0.017265
149,145,0.097495
149,146,0.257965
149,147,0.491531
149,148,0.691813
149,149,1.000000
149,150,0.417782
149,151,0.299076
149,152,0.220515
149,153,0.244700
149,154,0.154974
149,155,0.168518
149,156,0.221891
149,157,0.100889
149,158,-0.194927
149,159,-0.113126
149,160,-0.064652
149,161,0.054180
149,162,0.074538
149,163,0.113777
149,164,0.142113
149,165,0.125052
149,166,0.141812
149,167,0.140920
149,168,0.118637
149,169,0.106597
149,170,0.123271
149,171,0.086049
149,172,0.070739
149,173,0.094532
149,174,0.089609
149,175,-0.061923
149,176,-0.019884
149,177,0.056137
149,178,0.044187
149,179,0.065885
149,180,-0.013509
149,181,0.033668
149,182,-0.037471
149,183,-0.028430
149,184,0.007061
149,185,0.052490
149,186,0.110170
149,187,0.139060
149,188,0.101216
149,189,0.043680
149,190,0.024756
150,1,0.217693
150,2,0.129162
150,3,0.025295
150,4,0.076635
150,5,0.177137
150,6,0.184484
150,7,0.217350
150,8,0.207278
150,9,0.161316
150,10,0.139029
150,11,0.109589
150,12,0.149529
150,13,0.232797
150,14,0.218255
150,15,0.194741
150,16,0.152112
150,17,0.150484
150,18,0.166906
150,19,0.164281
150,20,0.173692
150,21,0.174627
150,22,0.117303
150,23,0.170598
150,24,0.131879
150,25,0.113826
150,26,0.231778
150,27,0.145294
150,28,0.159683
150,29,0.182587
150,30,0.107729
150,31,0.178319
150,32,0.116680
150,33,0.035294
150,34,0.018870
150,35,0.079925
150,36,0.149630
150,37,0.028014
150,38,0.056110
150,39,0.084373
150,40,0.108162
150,41,0.100886
150,42,0.109849
150,43,0.170111
150,44,0.106665
150,45,0.087198
150,46,0.109573
150,47,0.103322
150,48,0.103453
150,49,0.084210
150,50,0.137074
150,51,0.122144
150,52,0.135524
150,53,0.163837
150,54,0.068755
150,55,0.135468
150,56,0.149992
150,57,0.157557
150,58,0.015990
150,59,0.101006
150,60,0.127187
150,61,0.100174
150,62,0.077055
150,63,0.037069
150,64,-0.013238
150,65,0.070451
150,66,0.097046
150,67,0.065674
150,68,0.053033
150,69,0.115759
150,70,0.129881
150,71,0.121167
150,72,0.170900
150,73,0.071978
150,74,0.183294
150,75,0.230129
150,76,0.110054
150,77,0.159266
150,78,0.124652
150,79,0.073324
150,80,0.099279
150,81,0.042187
150,82,0.049840
150,83,0.078117
150,84,0.122797
150,85,0.150057
150,86,0.193604
150,87,0.167001
150,88,0.069511
150,89,0.045349
150,90,0.059233
150,91,0.041334
150,92,0.000870
150,93,0.069930
150,94,0.063507
150,95,0.061201
150,96,0.084774
150,97,0.117452
150,98,0.127762
150,99,0.102504
150,100,0.063687
150,101,0.142196
150,102,0.132460
150,103,0.140557
150,104,0.020288
150,105,0.010014
150,106,0.090224
150,107,0.056522
150,108,0.167680
150,109,0.111424
150,110,0.142248
150,111,0.155350
150,112,0.181461
150,113,0.252061
150,114,0.267720
150,115,0.278749
150,116,0.048238
150,117,0.119359
150,118,0.042137
150,119,0.094552
150,120,0.047168
150,121,0.083384
150,122,0.059269
150,123,0.120854
150,124,0.017418
150,125,0.077145
150,126,0.118894
150,127,0.081262
150,128,0.092009
150,129,0.231093
150,130,0.167037
150,131,0.230604
150,132,0.234549
150,133,0.132087
150,134,0.019447
150,135,0.141360
150,136,0.150928
150,137,-0.007086
150,138,-0.004882
150,139,0.062211
150,140,0.078529
150,141,-0.008953
150,142,-0.065624
150,143,-0.076274
150,144,-0.012249
150,145,-0.057644
150,146,-0.067492
150,147,0.262248
150,148,0.565619
150,149,0.417782
150,150,1.000000
150,151,0.842194
150,152,0.748466
150,153,0.640305
150,154,0.600731
150,155,0.559982
150,156,0.487399
150,157,0.233720
150,158,-0.077227
150,159,-0.061394
150,160,-0.075418
150,161,-0.008751
150,162,0.008230
150,163,0.023059
150,164,0.075196
150,165,0.150866
150,166,0.156527
150,167,0.180087
150,168,0.108625
150,169,0.125130
150,170,0.193827
150,171,0.191589
150,172,0.058191
150,173,0.180043
150,174,0.133864
150,175,0.059981
150,176,0.100208
150,177,0.173210
150,178,0.166737
150,179,0.232856
150,180,0.108616
150,181,0.118653
150,182,-0.017413
150,183,0.057314
150,184,0.176871
150,185,0.160609
150,186,0.195321
150,187,0.198870
150,188,0.143549
150,189,0.163483
150,190,0.134854
151,1,0.200027
151,2,0.102327
151,3,0.007603
151,4,0.078406
151,5,0.204829
151,6,0.231673
151,7,0.273818
151,8,0.237410
151,9,0.185896
151,10,0.146481
151,11,0.099645
151,12,0.129095
151,13,0.251519
151,14,0.246668
151,15,0.231761
151,16,0.170009
151,17,0.172297
151,18,0.188692
151,19,0.202067
151,20,0.213909
151,21,0.200869
151,22,0.098990
151,23,0.166339
151,24,0.167518
151,25,0.151006
151,26,0.187975
151,27,0.094825
151,28,0.133064
151,29,0.153070
151,30,0.057256
151,31,0.158099
151,32,0.153607
151,33,0.098890
151,34,0.080104
151,35,0.135880
151,36,0.188657
151,37,0.025896
151,38,0.087591
151,39,0.145400
151,40,0.148822
151,41,0.157455
151,42,0.182784
151,43,0.213327
151,44,0.139296
151,45,0.137278
151,46,0.133120
151,47,0.120529
151,48,0.121221
151,49,0.107213
151,50,0.162870
151,51,0.145612
151,52,0.155327
151,53,0.163074
151,54,0.069370
151,55,0.164930
151,56,0.186153
151,57,0.202311
151,58,0.037642
151,59,0.150745
151,60,0.181376
151,61,0.139407
151,62,0.144433
151,63,0.100126
151,64,0.038807
151,65,0.107611
151,66,0.135997
151,67,0.096624
151,68,0.082288
151,69,0.162760
151,70,0.184004
151,71,0.151336
151,72,0.174540
151,73,0.088568
151,74,0.192063
151,75,0.220405
151,76,0.127745
151,77,0.166125
151,78,0.121893
151,79,0.080245
151,80,0.115649
151,81,0.062884
151,82,0.060518
151,83,0.076485
151,84,0.114217
151,85,0.181857
151,86,0.233102
151,87,0.184269
151,88,0.056694
151,89,0.046293
151,90,0.086006
151,91,0.078366
151,92,0.007801
151,93,0.115519
151,94,0.107832
151,95,0.105509
151,96,0.139066
151,97,0.160922
151,98,0.155688
151,99,0.127286
151,100,0.093642
151,101,0.180946
151,102,0.170227
151,103,0.208741
151,104,0.066913
151,105,0.042182
151,106,0.113861
151,107,0.066210
151,108,0.220744
151,109,0.133178
151,110,0.142876
151,111,0.136971
151,112,0.168810
151,113,0.227394
151,114,0.232376
151,115,0.320275
151,116,-0.006853
151,117,0.114575
151,118,0.060100
151,119,0.108463
151,120,0.059139
151,121,0.093988
151,122,0.062294
151,123,0.177540
151,124,0.008697
151,125,0.059891
151,126,0.150293
151,127,0.139120
151,128,0.115244
151,129,0.255762
151,130,0.210162
151,131,0.255380
151,132,0.262000
151,133,0.133140
151,134,-0.020160
151,135,0.121093
151,136,0.138838
151,137,-0.017854
151,138,-0.011800
151,139,0.066715
151,140,0.072606
151,141,-0.036264
151,142,-0.099133
151,143,-0.131492
151,144,-0.072312
151,145,-0.091537
151,146,-0.133885
151,147,0.191077
151,148,0.562319
151,149,0.299076
151,150,0.842194
151,151,1.000000
151,152,0.894258
151,153,0.609770
151,154,0.687181
151,155,0.676945
151,156,0.547250
151,157,0.262244
151,158,-0.004942
151,159,-0.049979
151,160,-0.081525
151,161,-0.010180
151,162,0.013177
151,163,0.022049
151,164,0.075728
151,165,0.165196
151,166,0.182098
151,167,0.205517
151,168,0.154029
151,169,0.160823
151,170,0.211426
151,171,0.222574
151,172,0.078628
151,173,0.214445
151,174,0.124259
151,175,0.076611
151,176,0.085193
151,177,0.166674
151,178,0.163703
151,179,0.252504
151,180,0.076210
151,181,0.114364
151,182,0.002168
151,183,0.076919
151,184,0.213801
151,185,0.172886
151,186,0.153279
151,187,0.161185
151,188,0.106821
151,189,0.153504
151,190,0.086291
152,1,0.170085
152,2,0.056168
152,3,-0.028028
152,4,0.051814
152,5,0.169746
152,6,0.186163
152,7,0.235823
152,8,0.214591
152,9,0.170832
152,10,0.123111
152,11,0.051716
152,12,0.080251
152,13,0.224397
152,14,0.234363
152,15,0.230951
152,16,0.182732
152,17,0.180641
152,18,0.193133
152,19,0.194569
152,20,0.193324
152,21,0.182885
152,22,0.044408
152,23,0.118434
152,24,0.173134
152,25,0.159261
152,26,0.150239
152,27,0.064947
152,28,0.109378
152,29,0.121098
152,30,0.019560
152,31,0.090115
152,32,0.122001
152,33,0.079169
152,34,0.069319
152,35,0.095316
152,36,0.162972
152,37,-0.009211
152,38,0.069527
152,39,0.129795
152,40,0.139946
152,41,0.157657
152,42,0.190705
152,43,0.199793
152,44,0.121410
152,45,0.132345
152,46,0.121510
152,47,0.107776
152,48,0.123702
152,49,0.105204
152,50,0.161164
152,51,0.138940
152,52,0.144242
152,53,0.147418
152,54,0.059719
152,55,0.152949
152,56,0.163432
152,57,0.191858
152,58,0.014551
152,59,0.124788
152,60,0.176732
152,61,0.118623
152,62,0.158678
152,63,0.126608
152,64,0.070835
152,65,0.058764
152,66,0.114646
152,67,0.104223
152,68,0.093410
152,69,0.143886
152,70,0.169594
152,71,0.154035
152,72,0.178725
152,73,0.111270
152,74,0.210888
152,75,0.222653
152,76,0.128775
152,77,0.151910
152,78,0.093494
152,79,0.048069
152,80,0.076720
152,81,0.023677
152,82,0.019111
152,83,0.022001
152,84,0.061851
152,85,0.127201
152,86,0.189766
152,87,0.155186
152,88,0.036717
152,89,0.033052
152,90,0.090346
152,91,0.054293
152,92,-0.026139
152,93,0.076835
152,94,0.091991
152,95,0.112515
152,96,0.133206
152,97,0.158839
152,98,0.143552
152,99,0.090560
152,100,0.108623
152,101,0.157280
152,102,0.139678
152,103,0.168410
152,104,0.021861
152,105,0.001761
152,106,0.052693
152,107,0.032193
152,108,0.209511
152,109,0.156658
152,110,0.164129
152,111,0.155908
152,112,0.173523
152,113,0.211333
152,114,0.215999
152,115,0.305671
152,116,-0.015095
152,117,0.109538
152,118,0.042824
152,119,0.103850
152,120,0.070303
152,121,0.094501
152,122,0.056442
152,123,0.166516
152,124,0.042756
152,125,0.084333
152,126,0.162557
152,127,0.150950
152,128,0.119134
152,129,0.238759
152,130,0.191196
152,131,0.235628
152,132,0.254907
152,133,0.126867
152,134,-0.028140
152,135,0.092614
152,136,0.116653
152,137,-0.046609
152,138,-0.050003
152,139,0.025965
152,140,0.054470
152,141,-0.051265
152,142,-0.110014
152,143,-0.117800
152,144,-0.040876
152,145,-0.082847
152,146,-0.231904
152,147,0.095290
152,148,0.450870
152,149,0.220515
152,150,0.748466
152,151,0.894258
152,152,1.000000
152,153,0.788711
152,154,0.716101
152,155,0.666233
152,156,0.605484
152,157,0.269445
152,158,-0.043283
152,159,-0.079309
152,160,-0.077014
152,161,-0.033625
152,162,-0.004664
152,163,0.003172
152,164,0.056437
152,165,0.161153
152,166,0.178010
152,167,0.200216
152,168,0.135117
152,169,0.131769
152,170,0.173922
152,171,0.187626
152,172,0.057189
152,173,0.217017
152,174,0.116859
152,175,0.088903
152,176,0.085486
152,177,0.151107
152,178,0.143209
152,179,0.242279
152,180,0.082915
152,181,0.111680
152,182,-0.008229
152,183,0.074129
152,184,0.180465
152,185,0.147907
152,186,0.126992
152,187,0.157311
152,188,0.121017
152,189,0.169837
152,190,0.094186
153,1,0.106225
153,2,0.002792
153,3,-0.049820
153,4,0.023662
153,5,0.123611
153,6,0.118243
153,7,0.164962
153,8,0.172180
153,9,0.143689
153,10,0.100135
153,11,0.023851
153,12,0.033077
153,13,0.152086
153,14,0.169560
153,15,0.171699
153,16,0.145249
153,17,0.134307
153,18,0.143511
153,19,0.123297
153,20,0.109677
153,21,0.116498
153,22,0.007698
153,23,0.095518
153,24,0.177851
153,25,0.164681
153,26,0.159994
153,27,0.085135
153,28,0.109702
153,29,0.106913
153,30,0.031669
153,31,0.048445
153,32,0.075329
153,33,0.005850
153,34,0.002164
153,35,-0.001002
153,36,0.091612
153,37,-0.053691
153,38,0.004718
153,39,0.057697
153,40,0.084020
153,41,0.106838
153,42,0.134681
153,43,0.141303
153,44,0.097053
153,45,0.094045
153,46,0.105361
153,47,0.111162
153,48,0.133854
153,49,0.117412
153,50,0.163041
153,51,0.152974
153,52,0.154328
153,53,0.155392
153,54,0.061631
153,55,0.128308
153,56,0.098653
153,57,0.132613
153,58,-0.011852
153,59,0.073150
153,60,0.124659
153,61,0.057482
153,62,0.079979
153,63,0.037609
153,64,0.024977
153,65,0.028945
153,66,0.090559
153,67,0.105837
153,68,0.104653
153,69,0.122653
153,70,0.142608
153,71,0.141538
153,72,0.169370
153,73,0.137302
153,74,0.220082
153,75,0.226891
153,76,0.130777
153,77,0.146215
153,78,0.077244
153,79,0.018485
153,80,0.041553
153,81,0.000032
153,82,-0.010681
153,83,0.022413
153,84,0.053030
153,85,0.078972
153,86,0.143820
153,87,0.131099
153,88,0.058259
153,89,0.052243
153,90,0.076193
153,91,0.023386
153,92,-0.030272
153,93,0.016404
153,94,0.028838
153,95,0.049628
153,96,0.058925
153,97,0.103284
153,98,0.087251
153,99,0.018020
153,100,0.077539
153,101,0.110714
153,102,0.093963
153,103,0.111515
153,104,-0.006695
153,105,-0.024479
153,106,0.010063
153,107,0.052172
153,108,0.180018
153,109,0.175523
153,110,0.207225
153,111,0.174056
153,112,0.172101
153,113,0.186760
153,114,0.200520
153,115,0.245690
153,116,0.069204
153,117,0.122239
153,118,0.055558
153,119,0.109985
153,120,0.116121
153,121,0.105260
153,122,0.050834
153,123,0.151219
153,124,0.119042
153,125,0.115996
153,126,0.147647
153,127,0.123187
153,128,0.115216
153,129,0.209602
153,130,0.156414
153,131,0.218858
153,132,0.224975
153,133,0.128708
153,134,0.035519
153,135,0.107066
153,136,0.123756
153,137,-0.034984
153,138,-0.051793
153,139,0.015373
153,140,0.057863
153,141,-0.000318
153,142,-0.053179
153,143,-0.033584
153,144,0.019988
153,145,-0.044751
153,146,-0.152094
153,147,0.106724
153,148,0.303387
153,149,0.244700
153,150,0.640305
153,151,0.609770
153,152,0.788711
153,153,1.000000
153,154,0.742382
153,155,0.534913
153,156,0.612060
153,157,0.300703
153,158,-0.142894
153,159,-0.112805
153,160,-0.021304
153,161,-0.033520
153,162,-0.000109
153,163,0.018240
153,164,0.061228
153,165,0.148423
153,166,0.158922
153,167,0.173682
153,168,0.102132
153,169,0.083428
153,170,0.119477
153,171,0.115140
153,172,0.039874
153,173,0.194779
153,174,0.123509
153,175,0.081741
153,176,0.071811
153,177,0.109247
153,178,0.109864
153,179,0.192332
153,180,0.099673
153,181,0.104948
153,182,-0.001795
153,183,0.074385
153,184,0.138035
153,185,0.115058
153,186,0.113432
153,187,0.154807
153,188,0.141521
153,189,0.167170
153,190,0.102789
154,1,0.107562
154,2,0.010544
154,3,-0.045656
154,4,0.033343
154,5,0.159581
154,6,0.168469
154,7,0.218028
154,8,0.220875
154,9,0.168318
154,10,0.120783
154,11,0.044789
154,12,0.036780
154,13,0.156814
154,14,0.168765
154,15,0.173264
154,16,0.129463
154,17,0.131985
154,18,0.148767
154,19,0.135271
154,20,0.124383
154,21,0.109271
154,22,0.019797
154,23,0.097709
154,24,0.188417
154,25,0.163160
154,26,0.139416
154,27,0.007857
154,28,0.033232
154,29,0.051135
154,30,-0.018248
154,31,0.119482
154,32,0.156106
154,33,0.050110
154,34,0.041864
154,35,0.052030
154,36,0.110056
154,37,-0.046859
154,38,0.020959
154,39,0.101967
154,40,0.098523
154,41,0.116797
154,42,0.143516
154,43,0.133893
154,44,0.090226
154,45,0.116358
154,46,0.113639
154,47,0.119503
154,48,0.139474
154,49,0.134685
154,50,0.172163
154,51,0.163742
154,52,0.166402
154,53,0.136685
154,54,0.019296
154,55,0.100294
154,56,0.101452
154,57,0.143159
154,58,-0.021947
154,59,0.094245
154,60,0.134258
154,61,0.075901
154,62,0.109604
154,63,0.066980
154,64,0.033969
154,65,0.077466
154,66,0.125149
154,67,0.125602
154,68,0.115111
154,69,0.159878
154,70,0.181496
154,71,0.175692
154,72,0.197898
154,73,0.144376
154,74,0.231687
154,75,0.239834
154,76,0.160393
154,77,0.175589
154,78,0.119794
154,79,0.064918
154,80,0.085939
154,81,0.059187
154,82,0.054949
154,83,0.063755
154,84,0.068033
154,85,0.117919
154,86,0.186533
154,87,0.124856
154,88,0.019578
154,89,0.027650
154,90,0.055804
154,91,0.035239
154,92,-0.040822
154,93,0.041108
154,94,0.036085
154,95,0.034006
154,96,0.072960
154,97,0.117315
154,98,0.098340
154,99,0.079162
154,100,0.071262
154,101,0.105110
154,102,0.091702
154,103,0.149503
154,104,0.031088
154,105,-0.004547
154,106,0.040816
154,107,0.101641
154,108,0.219365
154,109,0.150741
154,110,0.201523
154,111,0.187211
154,112,0.115116
154,113,0.194019
154,114,0.174458
154,115,0.252939
154,116,0.055357
154,117,0.114143
154,118,0.089786
154,119,0.182503
154,120,0.152398
154,121,0.147649
154,122,0.103358
154,123,0.256553
154,124,0.083816
154,125,0.081509
154,126,0.154407
154,127,0.109117
154,128,0.092242
154,129,0.194022
154,130,0.150051
154,131,0.200954
154,132,0.218865
154,133,0.124636
154,134,0.001152
154,135,0.113065
154,136,0.124766
154,137,-0.004447
154,138,-0.005748
154,139,0.052580
154,140,0.065099
154,141,-0.000742
154,142,-0.051088
154,143,-0.060621
154,144,-0.048891
154,145,-0.119393
154,146,-0.142032
154,147,0.134651
154,148,0.334597
154,149,0.154974
154,150,0.600731
154,151,0.687181
154,152,0.716101
154,153,0.742382
154,154,1.000000
154,155,0.821115
154,156,0.745875
154,157,0.407931
154,158,-0.028328
154,159,-0.055755
154,160,-0.036406
154,161,-0.014873
154,162,0.013824
154,163,0.030746
154,164,0.074455
154,165,0.175379
154,166,0.192544
154,167,0.200667
154,168,0.142254
154,169,0.134251
154,170,0.174511
154,171,0.169520
154,172,0.083748
154,173,0.234894
154,174,0.148445
154,175,0.097141
154,176,0.082399
154,177,0.133066
154,178,0.123569
154,179,0.220402
154,180,0.115151
154,181,0.132130
154,182,0.016433
154,183,0.106770
154,184,0.178469
154,185,0.139723
154,186,0.116440
154,187,0.135916
154,188,0.111420
154,189,0.166496
154,190,0.092243
155,1,0.119673
155,2,0.003020
155,3,-0.037569
155,4,0.053713
155,5,0.198828
155,6,0.210513
155,7,0.254389
155,8,0.264399
155,9,0.197302
155,10,0.145702
155,11,0.041489
155,12,0.026408
155,13,0.168603
155,14,0.182872
155,15,0.201956
155,16,0.155813
155,17,0.171018
155,18,0.171080
155,19,0.177859
155,20,0.167288
155,21,0.130728
155,22,-0.004411
155,23,0.072856
155,24,0.243039
155,25,0.225090
155,26,0.160922
155,27,-0.002458
155,28,0.042259
155,29,0.069413
155,30,-0.019751
155,31,0.153192
155,32,0.200098
155,33,0.065339
155,34,0.058474
155,35,0.056209
155,36,0.112015
155,37,-0.008531
155,38,0.053565
155,39,0.159608
155,40,0.140782
155,41,0.170739
155,42,0.190449
155,43,0.156417
155,44,0.062125
155,45,0.113085
155,46,0.110838
155,47,0.122661
155,48,0.148654
155,49,0.157474
155,50,0.209235
155,51,0.187700
155,52,0.167445
155,53,0.117340
155,54,-0.004917
155,55,0.083613
155,56,0.123145
155,57,0.159156
155,58,-0.029824
155,59,0.097514
155,60,0.155985
155,61,0.116540
155,62,0.147483
155,63,0.105972
155,64,0.068867
155,65,0.080723
155,66,0.144173
155,67,0.188135
155,68,0.169192
155,69,0.199445
155,70,0.210169
155,71,0.203014
155,72,0.237186
155,73,0.172299
155,74,0.251558
155,75,0.249322
155,76,0.207651
155,77,0.181585
155,78,0.117739
155,79,0.096454
155,80,0.106547
155,81,0.070762
155,82,0.078064
155,83,0.053897
155,84,0.039858
155,85,0.105963
155,86,0.172787
155,87,0.100085
155,88,-0.016641
155,89,0.009997
155,90,0.077882
155,91,0.039092
155,92,-0.052235
155,93,0.050462
155,94,0.048421
155,95,0.072683
155,96,0.143625
155,97,0.178125
155,98,0.139719
155,99,0.088312
155,100,0.099019
155,101,0.144761
155,102,0.104997
155,103,0.146049
155,104,0.003459
155,105,-0.061665
155,106,0.001104
155,107,0.103714
155,108,0.232751
155,109,0.131540
155,110,0.203563
155,111,0.165184
155,112,0.037966
155,113,0.146393
155,114,0.146466
155,115,0.170432
155,116,-0.048937
155,117,-0.005025
155,118,0.031206
155,119,0.197142
155,120,0.137218
155,121,0.132264
155,122,0.101080
155,123,0.292064
155,124,0.029133
155,125,0.060641
155,126,0.183021
155,127,0.091168
155,128,0.062417
155,129,0.161624
155,130,0.106329
155,131,0.160216
155,132,0.205035
155,133,0.125204
155,134,-0.038437
155,135,0.086688
155,136,0.113094
155,137,-0.014087
155,138,-0.022703
155,139,0.053934
155,140,0.062946
155,141,-0.024486
155,142,-0.082846
155,143,-0.096593
155,144,-0.079465
155,145,-0.117326
155,146,-0.101644
155,147,0.164570
155,148,0.368391
155,149,0.168518
155,150,0.559982
155,151,0.676945
155,152,0.666233
155,153,0.534913
155,154,0.821115
155,155,1.000000
155,156,0.776604
155,157,0.481909
155,158,0.121251
155,159,-0.022519
155,160,-0.101657
155,161,-0.030923
155,162,0.001183
155,163,0.019833
155,164,0.073623
155,165,0.231494
155,166,0.229178
155,167,0.209230
155,168,0.135876
155,169,0.143095
155,170,0.163818
155,171,0.177111
155,172,0.117269
155,173,0.303845
155,174,0.174930
155,175,0.093242
155,176,0.070147
155,177,0.145729
155,178,0.115886
155,179,0.209970
155,180,0.106079
155,181,0.116261
155,182,0.000402
155,183,0.129272
155,184,0.158797
155,185,0.131981
155,186,0.118849
155,187,0.165388
155,188,0.149778
155,189,0.234677
155,190,0.135559
156,1,0.077913
156,2,-0.023580
156,3,-0.033013
156,4,0.056032
156,5,0.163231
156,6,0.153292
156,7,0.189980
156,8,0.212538
156,9,0.190997
156,10,0.124364
156,11,0.032701
156,12,-0.001120
156,13,0.124181
156,14,0.149497
156,15,0.168748
156,16,0.139780
156,17,0.143547
156,18,0.145908
156,19,0.144785
156,20,0.129917
156,21,0.090309
156,22,-0.038114
156,23,0.062409
156,24,0.240303
156,25,0.223407
156,26,0.126670
156,27,0.006047
156,28,0.044795
156,29,0.060201
156,30,-0.018468
156,31,0.076988
156,32,0.125730
156,33,0.008545
156,34,0.002309
156,35,-0.009282
156,36,0.029111
156,37,-0.080172
156,38,-0.014028
156,39,0.088352
156,40,0.100125
156,41,0.139300
156,42,0.156521
156,43,0.115316
156,44,0.014970
156,45,0.096053
156,46,0.090430
156,47,0.105516
156,48,0.145892
156,49,0.166511
156,50,0.208781
156,51,0.191998
156,52,0.148575
156,53,0.109624
156,54,-0.026710
156,55,0.059972
156,56,0.086581
156,57,0.110186
156,58,-0.040968
156,59,0.044090
156,60,0.112431
156,61,0.062155
156,62,0.139671
156,63,0.130870
156,64,0.098126
156,65,0.049723
156,66,0.111896
156,67,0.136742
156,68,0.115349
156,69,0.148755
156,70,0.163562
156,71,0.144465
156,72,0.179250
156,73,0.135942
156,74,0.218385
156,75,0.207274
156,76,0.139890
156,77,0.123608
156,78,0.044876
156,79,0.004223
156,80,0.012423
156,81,-0.024378
156,82,-0.014396
156,83,-0.012546
156,84,-0.014043
156,85,0.023231
156,86,0.093535
156,87,0.045407
156,88,-0.027067
156,89,0.006481
156,90,0.065247
156,91,-0.003981
156,92,-0.097438
156,93,-0.009617
156,94,-0.006074
156,95,0.033555
156,96,0.065568
156,97,0.108756
156,98,0.075375
156,99,0.010411
156,100,0.089033
156,101,0.108530
156,102,0.057220
156,103,0.061329
156,104,-0.072033
156,105,-0.119240
156,106,-0.044757
156,107,0.034096
156,108,0.148372
156,109,0.153162
156,110,0.213027
156,111,0.180228
156,112,0.118496
156,113,0.202693
156,114,0.205637
156,115,0.221106
156,116,0.019915
156,117,0.067563
156,118,0.046495
156,119,0.184925
156,120,0.154366
156,121,0.128712
156,122,0.093833
156,123,0.244297
156,124,0.090540
156,125,0.081710
156,126,0.136214
156,127,0.073466
156,128,0.035729
156,129,0.128236
156,130,0.080236
156,131,0.138005
156,132,0.179172
156,133,0.128335
156,134,0.012224
156,135,0.118279
156,136,0.141866
156,137,0.013276
156,138,-0.015736
156,139,0.048399
156,140,0.066977
156,141,-0.016460
156,142,-0.055335
156,143,-0.035581
156,144,-0.020896
156,145,-0.057516
156,146,-0.123907
156,147,0.115265
156,148,0.307531
156,149,0.221891
156,150,0.487399
156,151,0.547250
156,152,0.605484
156,153,0.612060
156,154,0.745875
156,155,0.776604
156,156,1.000000
156,157,0.590654
156,158,0.053027
156,159,0.016612
156,160,-0.030735
156,161,-0.004927
156,162,0.020526
156,163,0.033674
156,164,0.065341
156,165,0.181620
156,166,0.193445
156,167,0.200648
156,168,0.143786
156,169,0.138359
156,170,0.145144
156,171,0.147603
156,172,0.112233
156,173,0.251656
156,174,0.169629
156,175,0.095466
156,176,0.104768
156,177,0.171842
156,178,0.120307
156,179,0.192790
156,180,0.107484
156,181,0.083623
156,182,0.001108
156,183,0.097266
156,184,0.130655
156,185,0.096404
156,186,0.081739
156,187,0.145469
156,188,0.137536
156,189,0.177858
156,190,0.087496
157,1,0.053165
157,2,-0.038604
157,3,-0.055095
157,4,0.035120
157,5,0.120570
157,6,0.121073
157,7,0.139996
157,8,0.112110
157,9,0.125444
157,10,0.076501
157,11,0.003262
157,12,-0.030045
157,13,0.094530
157,14,0.136659
157,15,0.149090
157,16,0.133196
157,17,0.133952
157,18,0.136237
157,19,0.132873
157,20,0.098936
157,21,0.061096
157,22,-0.055919
157,23,0.038896
157,24,0.157744
157,25,0.160593
157,26,0.077138
157,27,-0.010218
157,28,0.042856
157,29,0.072041
157,30,-0.013067
157,31,0.023189
157,32,0.002348
157,33,-0.082439
157,34,-0.036212
157,35,-0.043991
157,36,-0.035708
157,37,-0.105535
157,38,-0.056446
157,39,0.033024
157,40,0.049752
157,41,0.077556
157,42,0.089300
157,43,0.083816
157,44,0.002856
157,45,0.081069
157,46,0.080480
157,47,0.087509
157,48,0.114644
157,49,0.121655
157,50,0.144561
157,51,0.146318
157,52,0.122696
157,53,0.088854
157,54,-0.027546
157,55,0.032243
157,56,0.045265
157,57,0.064333
157,58,-0.074844
157,59,0.009852
157,60,0.070625
157,61,0.055171
157,62,0.046067
157,63,0.004899
157,64,0.000752
157,65,0.015806
157,66,0.041492
157,67,0.072470
157,68,0.063189
157,69,0.060768
157,70,0.083276
157,71,0.082864
157,72,0.110526
157,73,0.083016
157,74,0.121878
157,75,0.123806
157,76,0.091977
157,77,0.039763
157,78,-0.021346
157,79,-0.014336
157,80,-0.002620
157,81,-0.025755
157,82,0.006463
157,83,0.017613
157,84,0.003671
157,85,0.031568
157,86,0.062096
157,87,0.030092
157,88,-0.054364
157,89,-0.016827
157,90,0.036632
157,91,-0.000971
157,92,-0.049432
157,93,-0.008451
157,94,-0.052773
157,95,-0.036110
157,96,-0.015857
157,97,0.042553
157,98,-0.014035
157,99,-0.074113
157,100,-0.021470
157,101,0.042939
157,102,-0.006847
157,103,0.030162
157,104,-0.077720
157,105,-0.111685
157,106,-0.026104
157,107,0.011684
157,108,0.060576
157,109,0.076424
157,110,0.119471
157,111,0.091983
157,112,0.066906
157,113,0.098696
157,114,0.079142
157,115,0.107372
157,116,-0.026586
157,117,0.009337
157,118,-0.013389
157,119,0.092534
157,120,0.074012
157,121,0.092771
157,122,0.092508
157,123,0.175730
157,124,0.081069
157,125,0.037557
157,126,0.070769
157,127,0.031243
157,128,-0.033298
157,129,0.021523
157,130,-0.025733
157,131,0.011347
157,132,0.052633
157,133,0.045148
157,134,-0.134703
157,135,-0.007118
157,136,0.036005
157,137,-0.041884
157,138,-0.077320
157,139,-0.010162
157,140,0.013067
157,141,-0.066491
157,142,-0.083413
157,143,-0.041980
157,144,-0.001854
157,145,-0.073536
157,146,-0.091164
157,147,0.042455
157,148,0.154301
157,149,0.100889
157,150,0.233720
157,151,0.262244
157,152,0.269445
157,153,0.300703
157,154,0.407931
157,155,0.481909
157,156,0.590654
157,157,1.000000
157,158,0.230239
157,159,0.183045
157,160,0.023413
157,161,0.000623
157,162,-0.001528
157,163,-0.014993
157,164,-0.020373
157,165,0.066768
157,166,0.060344
157,167,0.089176
157,168,0.070947
157,169,0.103165
157,170,0.097867
157,171,0.075913
157,172,0.087520
157,173,0.200696
157,174,0.118508
157,175,0.034217
157,176,0.026483
157,177,0.100366
157,178,0.054442
157,179,0.093237
157,180,0.043297
157,181,0.035065
157,182,-0.018014
157,183,0.048000
157,184,0.068196
157,185,0.035467
157,186,-0.012802
157,187,0.050762
157,188,0.049749
157,189,0.086996
157,190,0.021650
158,1,0.066409
158,2,0.043179
158,3,0.085087
158,4,0.129332
158,5,0.180214
158,6,0.145081
158,7,0.149995
158,8,0.120237
158,9,0.177472
158,10,0.185126
158,11,0.132724
158,12,0.076861
158,13,0.116578
158,14,0.114812
158,15,0.125701
158,16,0.123558
158,17,0.131939
158,18,0.108239
158,19,0.160814
158,20,0.162003
158,21,0.131492
158,22,0.042259
158,23,0.114362
158,24,0.167856
158,25,0.183349
158,26,0.104096
158,27,0.007958
158,28,0.022776
158,29,0.050811
158,30,0.002305
158,31,0.141727
158,32,0.062777
158,33,0.005409
158,34,0.047739
158,35,0.044874
158,36,-0.029116
158,37,0.037045
158,38,0.072407
158,39,0.166753
158,40,0.166571
158,41,0.181541
158,42,0.134781
158,43,0.073924
158,44,-0.018771
158,45,0.050487
158,46,0.095642
158,47,0.136393
158,48,0.138371
158,49,0.156640
158,50,0.197224
158,51,0.161644
158,52,0.147582
158,53,0.089113
158,54,0.013443
158,55,0.058962
158,56,0.117309
158,57,0.083296
158,58,0.086679
158,59,0.094152
158,60,0.164024
158,61,0.168378
158,62,0.158486
158,63,0.136882
158,64,0.109034
158,65,0.027567
158,66,0.044354
158,67,0.069046
158,68,0.106973
158,69,0.066588
158,70,0.067717
158,71,0.093981
158,72,0.082587
158,73,0.106146
158,74,0.087176
158,75,0.069623
158,76,0.141569
158,77,0.105658
158,78,0.024299
158,79,0.075059
158,80,0.138112
158,81,0.083350
158,82,0.070970
158,83,0.134674
158,84,0.120518
158,85,0.131409
158,86,0.086283
158,87,0.072363
158,88,0.025562
158,89,0.094115
158,90,0.130541
158,91,0.116281
158,92,0.115460
158,93,0.153999
158,94,0.118594
158,95,0.157764
158,96,0.218816
158,97,0.212600
158,98,0.111551
158,99,0.104404
158,100,0.077887
158,101,0.123127
158,102,0.087646
158,103,0.081604
158,104,0.090789
158,105,0.016222
158,106,0.121012
158,107,0.079033
158,108,0.108153
158,109,0.041285
158,110,0.018943
158,111,-0.006141
158,112,-0.002938
158,113,0.025109
158,114,-0.002896
158,115,0.015019
158,116,-0.013926
158,117,0.021556
158,118,0.035486
158,119,0.041611
158,120,0.015186
158,121,0.054090
158,122,0.055451
158,123,0.110525
158,124,-0.016603
158,125,-0.015768
158,126,0.091231
158,127,0.060799
158,128,-0.028373
158,129,0.002484
158,130,-0.068697
158,131,-0.044742
158,132,-0.001847
158,133,-0.009438
158,134,-0.074997
158,135,-0.008155
158,136,0.017222
158,137,0.057277
158,138,0.022771
158,139,0.029525
158,140,0.039125
158,141,0.021943
158,142,0.049842
158,143,0.079166
158,144,0.088648
158,145,0.040327
158,146,-0.096339
158,147,-0.142206
158,148,-0.089576
158,149,-0.194927
158,150,-0.077227
158,151,-0.004942
158,152,-0.043283
158,153,-0.142894
158,154,-0.028328
158,155,0.121251
158,156,0.053027
158,157,0.230239
158,158,1.000000
158,159,0.656175
158,160,0.261869
158,161,0.107043
158,162,0.099591
158,163,0.079309
158,164,0.051607
158,165,0.106271
158,166,0.094892
158,167,0.106629
158,168,0.078524
158,169,0.097714
158,170,0.066570
158,171,0.104332
158,172,0.108299
158,173,0.123648
158,174,0.045777
158,175,0.050430
158,176,0.032437
158,177,0.077303
158,178,0.069346
158,179,0.024543
158,180,0.036386
158,181,0.012961
158,182,0.050166
158,183,0.099077
158,184,0.153032
158,185,0.141821
158,186,0.089613
158,187,0.099292
158,188,0.105319
158,189,0.131761
158,190,0.106597
159,1,0.070433
159,2,0.119668
159,3,0.139358
159,4,0.149616
159,5,0.136042
159,6,0.086685
159,7,0.081478
159,8,0.069876
159,9,0.152633
159,10,0.178023
159,11,0.197623
159,12,0.107024
159,13,0.078513
159,14,0.043467
159,15,0.035352
159,16,0.046362
159,17,0.033153
159,18,0.011632
159,19,0.051296
159,20,0.044052
159,21,0.039500
159,22,0.090917
159,23,0.144797
159,24,0.088950
159,25,0.087310
159,26,0.085589
159,27,0.017489
159,28,0.000698
159,29,0.028990
159,30,0.005727
159,31,0.102047
159,32,-0.001734
159,33,-0.031064
159,34,0.019640
159,35,0.032995
159,36,-0.028448
159,37,0.053332
159,38,0.075556
159,39,0.109006
159,40,0.098883
159,41,0.073767
159,42,0.045538
159,43,-0.012540
159,44,-0.018595
159,45,0.017178
159,46,0.069500
159,47,0.100220
159,48,0.113230
159,49,0.110002
159,50,0.135596
159,51,0.126256
159,52,0.101808
159,53,0.063881
159,54,0.010484
159,55,0.000205
159,56,0.017257
159,57,0.003141
159,58,0.086419
159,59,0.087099
159,60,0.120829
159,61,0.135782
159,62,0.113760
159,63,0.107240
159,64,0.071311
159,65,0.028037
159,66,-0.006535
159,67,-0.006051
159,68,0.018936
159,69,-0.010421
159,70,-0.000798
159,71,0.002328
159,72,-0.003481
159,73,0.016558
159,74,0.027315
159,75,0.039449
159,76,0.054596
159,77,0.063410
159,78,0.037596
159,79,0.067856
159,80,0.106857
159,81,0.078274
159,82,0.060969
159,83,0.136463
159,84,0.126481
159,85,0.131815
159,86,0.112504
159,87,0.107599
159,88,0.076023
159,89,0.058271
159,90,0.113233
159,91,0.120679
159,92,0.132081
159,93,0.147902
159,94,0.115850
159,95,0.107301
159,96,0.112164
159,97,0.086809
159,98,0.029662
159,99,0.032875
159,100,0.022159
159,101,0.063338
159,102,0.066784
159,103,0.089095
159,104,0.111471
159,105,0.077542
159,106,0.126674
159,107,0.044473
159,108,0.013220
159,109,0.003551
159,110,0.006185
159,111,0.053333
159,112,0.008035
159,113,-0.033317
159,114,-0.044462
159,115,-0.015342
159,116,0.002007
159,117,-0.010360
159,118,0.004944
159,119,-0.022360
159,120,-0.019158
159,121,-0.014564
159,122,0.004221
159,123,0.057761
159,124,0.026160
159,125,0.027198
159,126,0.033228
159,127,0.011121
159,128,-0.003803
159,129,0.034984
159,130,-0.026911
159,131,-0.011681
159,132,0.017483
159,133,0.015570
159,134,-0.008845
159,135,0.028975
159,136,0.029180
159,137,0.082109
159,138,0.068418
159,139,0.031838
159,140,0.019517
159,141,0.040098
159,142,0.098005
159,143,0.153281
159,144,0.222870
159,145,0.110300
159,146,-0.064605
159,147,-0.113453
159,148,-0.040452
159,149,-0.113126
159,150,-0.061394
159,151,-0.049979
159,152,-0.079309
159,153,-0.112805
159,154,-0.055755
159,155,-0.022519
159,156,0.016612
159,157,0.183045
159,158,0.656175
159,159,1.000000
159,160,0.514869
159,161,0.188952
159,162,0.150782
159,163,0.094888
159,164,0.045368
159,165,0.038648
159,166,0.043785
159,167,0.063835
159,168,0.066875
159,169,0.048067
159,170,0.017721
159,171,0.024785
159,172,0.054675
159,173,0.020830
159,174,0.002238
159,175,-0.020732
159,176,-0.026950
159,177,0.002175
159,178,0.001075
159,179,-0.054145
159,180,-0.035780
159,181,-0.031877
159,182,0.007225
159,183,-0.023029
159,184,0.013450
159,185,0.039661
159,186,0.063871
159,187,0.056203
159,188,0.051030
159,189,0.044427
159,190,0.047402
160,1,0.081453
160,2,0.114729
160,3,0.112859
160,4,0.117134
160,5,0.103196
160,6,0.075446
160,7,0.084480
160,8,0.084488
160,9,0.143737
160,10,0.180156
160,11,0.171931
160,12,0.146966
160,13,0.125034
160,14,0.092630
160,15,0.070185
160,16,0.078537
160,17,0.052839
160,18,0.053348
160,19,0.066783
160,20,0.083369
160,21,0.120067
160,22,0.130394
160,23,0.178648
160,24,0.094654
160,25,0.080285
160,26,0.086275
160,27,0.073161
160,28,0.033398
160,29,0.010200
160,30,0.019414
160,31,0.025901
160,32,-0.025735
160,33,0.045546
160,34,0.039517
160,35,0.054586
160,36,0.004664
160,37,0.041821
160,38,0.014242
160,39,0.074227
160,40,0.098599
160,41,0.082321
160,42,0.060460
160,43,0.027328
160,44,0.065238
160,45,0.072414
160,46,0.134424
160,47,0.157162
160,48,0.164382
160,49,0.134702
160,50,0.148653
160,51,0.162818
160,52,0.172196
160,53,0.156667
160,54,0.103040
160,55,0.084940
160,56,0.094867
160,57,0.085199
160,58,0.169769
160,59,0.138432
160,60,0.128335
160,61,0.117508
160,62,0.066964
160,63,0.044411
160,64,0.074683
160,65,0.116811
160,66,0.068510
160,67,0.017140
160,68,0.021785
160,69,0.010674
160,70,-0.005805
160,71,0.064533
160,72,0.050450
160,73,0.103192
160,74,0.075331
160,75,0.056762
160,76,0.094070
160,77,0.102104
160,78,0.049339
160,79,0.060463
160,80,0.097715
160,81,0.072894
160,82,0.033880
160,83,0.133950
160,84,0.172436
160,85,0.156692
160,86,0.089406
160,87,0.102358
160,88,0.127374
160,89,0.146222
160,90,0.129429
160,91,0.138132
160,92,0.201505
160,93,0.187103
160,94,0.158546
160,95,0.154919
160,96,0.163062
160,97,0.155544
160,98,0.120403
160,99,0.119344
160,100,0.061346
160,101,0.100873
160,102,0.133086
160,103,0.154415
160,104,0.211587
160,105,0.198877
160,106,0.176311
160,107,0.079827
160,108,0.077398
160,109,0.103149
160,110,0.096540
160,111,0.047409
160,112,0.051540
160,113,0.010780
160,114,0.050506
160,115,0.042804
160,116,0.105841
160,117,0.045244
160,118,0.040793
160,119,-0.065017
160,120,-0.018678
160,121,-0.044752
160,122,-0.072408
160,123,-0.003885
160,124,0.082434
160,125,0.086266
160,126,0.091444
160,127,0.109955
160,128,0.113653
160,129,0.116883
160,130,0.057277
160,131,0.072015
160,132,0.075005
160,133,0.040903
160,134,0.105859
160,135,0.121100
160,136,0.104083
160,137,0.211637
160,138,0.203733
160,139,0.140033
160,140,0.136085
160,141,0.206248
160,142,0.236494
160,143,0.249386
160,144,0.260210
160,145,0.072749
160,146,0.049562
160,147,-0.028989
160,148,-0.036981
160,149,-0.064652
160,150,-0.075418
160,151,-0.081525
160,152,-0.077014
160,153,-0.021304
160,154,-0.036406
160,155,-0.101657
160,156,-0.030735
160,157,0.023413
160,158,0.261869
160,159,0.514869
160,160,1.000000
160,161,0.438493
160,162,0.374512
160,163,0.304393
160,164,0.238919
160,165,0.151892
160,166,0.136877
160,167,0.118281
160,168,0.114032
160,169,0.096232
160,170,0.062192
160,171,0.055876
160,172,0.089822
160,173,-0.000982
160,174,-0.028801
160,175,0.035073
160,176,0.005408
160,177,-0.024610
160,178,0.028086
160,179,-0.010616
160,180,0.007639
160,181,0.050498
160,182,0.089293
160,183,0.039652
160,184,0.087651
160,185,0.096501
160,186,0.138809
160,187,0.139042
160,188,0.153765
160,189,0.116474
160,190,0.125221
161,1,0.123778
161,2,0.151932
161,3,0.172131
161,4,0.155689
161,5,0.162602
161,6,0.144808
161,7,0.145770
161,8,0.172492
161,9,0.162527
161,10,0.195389
161,11,0.207790
161,12,0.192866
161,13,0.152977
161,14,0.083891
161,15,0.084324
161,16,0.070899
161,17,0.062251
161,18,0.045891
161,19,0.061558
161,20,0.085354
161,21,0.129581
161,22,0.168348
161,23,0.224639
161,24,0.149702
161,25,0.151679
161,26,0.177121
161,27,0.169981
161,28,0.112075
161,29,0.096626
161,30,0.125555
161,31,0.117444
161,32,0.061935
161,33,0.027839
161,34,0.093046
161,35,0.088076
161,36,0.123743
161,37,0.180808
161,38,0.116567
161,39,0.114648
161,40,0.114941
161,41,0.124265
161,42,0.090705
161,43,0.027965
161,44,0.072667
161,45,0.082488
161,46,0.151790
161,47,0.177910
161,48,0.188490
161,49,0.162943
161,50,0.212710
161,51,0.228737
161,52,0.217681
161,53,0.196305
161,54,0.085921
161,55,0.088130
161,56,0.113183
161,57,0.131516
161,58,0.222890
161,59,0.209291
161,60,0.198202
161,61,0.237767
161,62,0.164463
161,63,0.120540
161,64,0.189169
161,65,0.414108
161,66,0.350000
161,67,0.153623
161,68,0.085723
161,69,0.168302
161,70,0.077168
161,71,0.172991
161,72,0.096237
161,73,0.179084
161,74,0.094828
161,75,0.067632
161,76,0.159370
161,77,0.136969
161,78,0.098569
161,79,0.111572
161,80,0.156243
161,81,0.105359
161,82,0.033269
161,83,0.125168
161,84,0.143013
161,85,0.185548
161,86,0.120474
161,87,0.131004
161,88,0.136622
161,89,0.172742
161,90,0.212777
161,91,0.207768
161,92,0.243403
161,93,0.233887
161,94,0.201337
161,95,0.157235
161,96,0.127646
161,97,0.137668
161,98,0.107320
161,99,0.121327
161,100,0.153716
161,101,0.187391
161,102,0.196326
161,103,0.211223
161,104,0.219531
161,105,0.160623
161,106,0.159380
161,107,0.073127
161,108,0.071144
161,109,0.085920
161,110,0.157010
161,111,0.170874
161,112,0.080970
161,113,0.070072
161,114,0.090895
161,115,0.055127
161,116,0.089819
161,117,0.038075
161,118,0.055096
161,119,0.004602
161,120,0.092744
161,121,0.068584
161,122,0.017781
161,123,0.105831
161,124,0.137647
161,125,0.169875
161,126,0.141371
161,127,0.103865
161,128,0.108913
161,129,0.134212
161,130,0.063657
161,131,0.116123
161,132,0.170826
161,133,0.103003
161,134,0.223541
161,135,0.340687
161,136,0.318670
161,137,0.417910
161,138,0.423889
161,139,0.442971
161,140,0.501092
161,141,0.448442
161,142,0.405281
161,143,0.300526
161,144,0.170688
161,145,0.079114
161,146,0.042530
161,147,0.040706
161,148,0.094216
161,149,0.054180
161,150,-0.008751
161,151,-0.010180
161,152,-0.033625
161,153,-0.033520
161,154,-0.014873
161,155,-0.030923
161,156,-0.004927
161,157,0.000623
161,158,0.107043
161,159,0.188952
161,160,0.438493
161,161,1.000000
161,162,0.845847
161,163,0.673421
161,164,0.594377
161,165,0.326431
161,166,0.321453
161,167,0.178850
161,168,0.198887
161,169,0.145304
161,170,0.072325
161,171,0.020696
161,172,0.087196
161,173,0.056965
161,174,0.043189
161,175,0.004096
161,176,-0.037218
161,177,-0.027776
161,178,-0.007903
161,179,-0.058586
161,180,0.015774
161,181,0.090108
161,182,-0.042218
161,183,-0.009671
161,184,-0.031499
161,185,0.037001
161,186,0.164055
161,187,0.179559
161,188,0.178956
161,189,0.126591
161,190,0.108450
162,1,0.132527
162,2,0.134609
162,3,0.169388
162,4,0.181581
162,5,0.197400
162,6,0.186237
162,7,0.191024
162,8,0.199486
162,9,0.175618
162,10,0.210950
162,11,0.206953
162,12,0.190419
162,13,0.174830
162,14,0.122699
162,15,0.129241
162,16,0.105053
162,17,0.092471
162,18,0.078298
162,19,0.098004
162,20,0.114436
162,21,0.162585
162,22,0.166528
162,23,0.229493
162,24,0.186553
162,25,0.185045
162,26,0.206346
162,27,0.196587
162,28,0.146041
162,29,0.130774
162,30,0.150036
162,31,0.128016
162,32,0.073002
162,33,0.029520
162,34,0.109686
162,35,0.101077
162,36,0.144086
162,37,0.199498
162,38,0.132875
162,39,0.139393
162,40,0.130429
162,41,0.134988
162,42,0.116331
162,43,0.056921
162,44,0.086084
162,45,0.088510
162,46,0.174021
162,47,0.196221
162,48,0.219741
162,49,0.189326
162,50,0.246905
162,51,0.260391
162,52,0.243432
162,53,0.222099
162,54,0.102865
162,55,0.112450
162,56,0.138850
162,57,0.147042
162,58,0.240009
162,59,0.226129
162,60,0.216305
162,61,0.252951
162,62,0.189339
162,63,0.132625
162,64,0.205431
162,65,0.454514
162,66,0.408714
162,67,0.201328
162,68,0.131826
162,69,0.220642
162,70,0.116625
162,71,0.216219
162,72,0.126661
162,73,0.214057
162,74,0.125154
162,75,0.089779
162,76,0.198030
162,77,0.168020
162,78,0.098278
162,79,0.121259
162,80,0.179538
162,81,0.111464
162,82,0.031722
162,83,0.136415
162,84,0.157250
162,85,0.195191
162,86,0.118408
162,87,0.131964
162,88,0.141851
162,89,0.190571
162,90,0.229757
162,91,0.207241
162,92,0.244234
162,93,0.247622
162,94,0.220205
162,95,0.169117
162,96,0.140748
162,97,0.163400
162,98,0.127331
162,99,0.129167
162,100,0.180611
162,101,0.227264
162,102,0.232239
162,103,0.233456
162,104,0.228115
162,105,0.151992
162,106,0.170091
162,107,0.085891
162,108,0.105914
162,109,0.114045
162,110,0.194629
162,111,0.167558
162,112,0.071435
162,113,0.092944
162,114,0.112143
162,115,0.073328
162,116,0.082477
162,117,0.053730
162,118,0.074601
162,119,0.022308
162,120,0.121255
162,121,0.096699
162,122,0.034343
162,123,0.136306
162,124,0.161600
162,125,0.193035
162,126,0.161207
162,127,0.135621
162,128,0.134147
162,129,0.165064
162,130,0.081261
162,131,0.149590
162,132,0.209044
162,133,0.123814
162,134,0.247387
162,135,0.376855
162,136,0.340404
162,137,0.416745
162,138,0.430370
162,139,0.471248
162,140,0.525848
162,141,0.476569
162,142,0.401465
162,143,0.292830
162,144,0.141526
162,145,0.068123
162,146,0.038089
162,147,0.046879
162,148,0.109138
162,149,0.074538
162,150,0.008230
162,151,0.013177
162,152,-0.004664
162,153,-0.000109
162,154,0.013824
162,155,0.001183
162,156,0.020526
162,157,-0.001528
162,158,0.099591
162,159,0.150782
162,160,0.374512
162,161,0.845847
162,162,1.000000
162,163,0.791739
162,164,0.664074
162,165,0.380603
162,166,0.376505
162,167,0.201398
162,168,0.204558
162,169,0.157375
162,170,0.088955
162,171,0.030693
162,172,0.102791
162,173,0.068391
162,174,0.055749
162,175,0.025573
162,176,-0.017850
162,177,-0.002860
162,178,0.015522
162,179,-0.034458
162,180,0.037546
162,181,0.101847
162,182,-0.036184
162,183,0.018219
162,184,-0.003707
162,185,0.061015
162,186,0.187633
162,187,0.200895
162,188,0.199201
162,189,0.154685
162,190,0.122285
163,1,0.154616
163,2,0.153828
163,3,0.212498
163,4,0.222747
163,5,0.244144
163,6,0.225455
163,7,0.225445
163,8,0.237313
163,9,0.202447
163,10,0.237715
163,11,0.248609
163,12,0.217222
163,13,0.201318
163,14,0.150827
163,15,0.163068
163,16,0.140493
163,17,0.134611
163,18,0.112800
163,19,0.125890
163,20,0.145463
163,21,0.189621
163,22,0.190224
163,23,0.269680
163,24,0.226186
163,25,0.219651
163,26,0.255474
163,27,0.245804
163,28,0.190613
163,29,0.175746
163,30,0.201945
163,31,0.168955
163,32,0.080302
163,33,0.012156
163,34,0.115494
163,35,0.093524
163,36,0.151713
163,37,0.214938
163,38,0.142054
163,39,0.149679
163,40,0.147878
163,41,0.151700
163,42,0.142332
163,43,0.068857
163,44,0.096317
163,45,0.103135
163,46,0.195355
163,47,0.215460
163,48,0.238201
163,49,0.227065
163,50,0.289847
163,51,0.301232
163,52,0.278324
163,53,0.253635
163,54,0.123992
163,55,0.117586
163,56,0.157484
163,57,0.164590
163,58,0.267247
163,59,0.255382
163,60,0.244830
163,61,0.286318
163,62,0.224047
163,63,0.152738
163,64,0.232375
163,65,0.534692
163,66,0.506056
163,67,0.292966
163,68,0.200513
163,69,0.304023
163,70,0.169260
163,71,0.264945
163,72,0.159883
163,73,0.236784
163,74,0.137787
163,75,0.074089
163,76,0.216451
163,77,0.185869
163,78,0.097835
163,79,0.125513
163,80,0.205413
163,81,0.128836
163,82,0.025626
163,83,0.134422
163,84,0.133831
163,85,0.185154
163,86,0.122489
163,87,0.135978
163,88,0.141706
163,89,0.201187
163,90,0.249235
163,91,0.209311
163,92,0.242867
163,93,0.248818
163,94,0.232967
163,95,0.174074
163,96,0.136254
163,97,0.183055
163,98,0.128731
163,99,0.136401
163,100,0.200732
163,101,0.280851
163,102,0.261017
163,103,0.255934
163,104,0.230265
163,105,0.149827
163,106,0.154594
163,107,0.083774
163,108,0.124726
163,109,0.142406
163,110,0.237636
163,111,0.192256
163,112,0.072988
163,113,0.110911
163,114,0.132887
163,115,0.079288
163,116,0.114405
163,117,0.079779
163,118,0.099979
163,119,0.054342
163,120,0.182880
163,121,0.156740
163,122,0.079473
163,123,0.185324
163,124,0.193275
163,125,0.228748
163,126,0.204956
163,127,0.142006
163,128,0.144428
163,129,0.155914
163,130,0.076341
163,131,0.168017
163,132,0.229638
163,133,0.141769
163,134,0.300351
163,135,0.449292
163,136,0.419841
163,137,0.492420
163,138,0.491944
163,139,0.554945
163,140,0.621035
163,141,0.575494
163,142,0.446544
163,143,0.309190
163,144,0.120629
163,145,0.066810
163,146,0.052282
163,147,0.080675
163,148,0.131613
163,149,0.113777
163,150,0.023059
163,151,0.022049
163,152,0.003172
163,153,0.018240
163,154,0.030746
163,155,0.019833
163,156,0.033674
163,157,-0.014993
163,158,0.079309
163,159,0.094888
163,160,0.304393
163,161,0.673421
163,162,0.791739
163,163,1.000000
163,164,0.836414
163,165,0.462150
163,166,0.472428
163,167,0.250516
163,168,0.241072
163,169,0.174290
163,170,0.106694
163,171,0.019653
163,172,0.092907
163,173,0.096132
163,174,0.088477
163,175,0.027182
163,176,-0.021421
163,177,0.009066
163,178,0.022759
163,179,-0.037800
163,180,0.067342
163,181,0.132210
163,182,-0.042305
163,183,0.016195
163,184,0.006691
163,185,0.081539
163,186,0.213502
163,187,0.220335
163,188,0.228388
163,189,0.184084
163,190,0.132576
164,1,0.157326
164,2,0.137652
164,3,0.210310
164,4,0.232198
164,5,0.276117
164,6,0.266888
164,7,0.264406
164,8,0.283090
164,9,0.230487
164,10,0.253112
164,11,0.244091
164,12,0.200543
164,13,0.213853
164,14,0.170930
164,15,0.190221
164,16,0.171811
164,17,0.166029
164,18,0.143390
164,19,0.159941
164,20,0.175942
164,21,0.201704
164,22,0.175335
164,23,0.261796
164,24,0.264908
164,25,0.253818
164,26,0.265888
164,27,0.242808
164,28,0.198463
164,29,0.184922
164,30,0.202238
164,31,0.177482
164,32,0.099238
164,33,0.003774
164,34,0.111555
164,35,0.085529
164,36,0.153015
164,37,0.226320
164,38,0.155564
164,39,0.167332
164,40,0.168148
164,41,0.179344
164,42,0.174597
164,43,0.081244
164,44,0.084688
164,45,0.098130
164,46,0.199384
164,47,0.236228
164,48,0.252706
164,49,0.265022
164,50,0.332717
164,51,0.341296
164,52,0.306641
164,53,0.254367
164,54,0.119928
164,55,0.105605
164,56,0.158108
164,57,0.181084
164,58,0.279988
164,59,0.284694
164,60,0.281075
164,61,0.330439
164,62,0.252854
164,63,0.172214
164,64,0.246539
164,65,0.514812
164,66,0.495108
164,67,0.305409
164,68,0.196407
164,69,0.330944
164,70,0.206967
164,71,0.281105
164,72,0.189191
164,73,0.260127
164,74,0.155846
164,75,0.090562
164,76,0.227342
164,77,0.198327
164,78,0.101681
164,79,0.136045
164,80,0.228827
164,81,0.133303
164,82,0.037646
164,83,0.153871
164,84,0.138682
164,85,0.191272
164,86,0.142180
164,87,0.152491
164,88,0.132082
164,89,0.211476
164,90,0.272447
164,91,0.228072
164,92,0.241867
164,93,0.257452
164,94,0.247071
164,95,0.191303
164,96,0.166393
164,97,0.213713
164,98,0.165745
164,99,0.146290
164,100,0.222122
164,101,0.308502
164,102,0.283152
164,103,0.285484
164,104,0.238536
164,105,0.139807
164,106,0.155922
164,107,0.103673
164,108,0.161840
164,109,0.171998
164,110,0.262457
164,111,0.207448
164,112,0.079688
164,113,0.140410
164,114,0.152871
164,115,0.092519
164,116,0.104094
164,117,0.082047
164,118,0.101031
164,119,0.094817
164,120,0.221264
164,121,0.190125
164,122,0.105355
164,123,0.234092
164,124,0.187576
164,125,0.221614
164,126,0.217445
164,127,0.134609
164,128,0.135013
164,129,0.158335
164,130,0.082010
164,131,0.181552
164,132,0.260268
164,133,0.166661
164,134,0.288596
164,135,0.456932
164,136,0.450815
164,137,0.476444
164,138,0.454491
164,139,0.534728
164,140,0.626751
164,141,0.556145
164,142,0.421807
164,143,0.283772
164,144,0.091736
164,145,0.054165
164,146,0.039715
164,147,0.085565
164,148,0.160154
164,149,0.142113
164,150,0.075196
164,151,0.075728
164,152,0.056437
164,153,0.061228
164,154,0.074455
164,155,0.073623
164,156,0.065341
164,157,-0.020373
164,158,0.051607
164,159,0.045368
164,160,0.238919
164,161,0.594377
164,162,0.664074
164,163,0.836414
164,164,1.000000
164,165,0.549867
164,166,0.588602
164,167,0.315691
164,168,0.294917
164,169,0.206496
164,170,0.126965
164,171,0.033432
164,172,0.105340
164,173,0.122335
164,174,0.105364
164,175,0.029138
164,176,-0.012578
164,177,0.020492
164,178,0.027471
164,179,-0.009709
164,180,0.092878
164,181,0.147662
164,182,-0.047047
164,183,0.034621
164,184,0.034678
164,185,0.123201
164,186,0.249092
164,187,0.270671
164,188,0.281198
164,189,0.245650
164,190,0.172343
165,1,0.194635
165,2,0.108790
165,3,0.176572
165,4,0.267415
165,5,0.372212
165,6,0.365610
165,7,0.386964
165,8,0.394752
165,9,0.317820
165,10,0.328976
165,11,0.229432
165,12,0.196712
165,13,0.304576
165,14,0.306611
165,15,0.322346
165,16,0.306808
165,17,0.304852
165,18,0.296214
165,19,0.331544
165,20,0.325601
165,21,0.319815
165,22,0.160415
165,23,0.245278
165,24,0.398994
165,25,0.375445
165,26,0.265126
165,27,0.160437
165,28,0.157724
165,29,0.173287
165,30,0.134485
165,31,0.176845
165,32,0.141553
165,33,0.029607
165,34,0.139214
165,35,0.082504
165,36,0.140907
165,37,0.185138
165,38,0.206303
165,39,0.326657
165,40,0.300436
165,41,0.298560
165,42,0.321733
165,43,0.180095
165,44,0.084256
165,45,0.112541
165,46,0.209619
165,47,0.251077
165,48,0.284009
165,49,0.333913
165,50,0.431423
165,51,0.398773
165,52,0.314254
165,53,0.229843
165,54,0.115041
165,55,0.184560
165,56,0.256950
165,57,0.266350
165,58,0.251619
165,59,0.308195
165,60,0.383175
165,61,0.372937
165,62,0.340142
165,63,0.241172
165,64,0.227493
165,65,0.303981
165,66,0.376416
165,67,0.461904
165,68,0.425740
165,69,0.415779
165,70,0.361306
165,71,0.413732
165,72,0.404655
165,73,0.403192
165,74,0.363047
165,75,0.275870
165,76,0.380691
165,77,0.299695
165,78,0.157155
165,79,0.204494
165,80,0.284181
165,81,0.179955
165,82,0.064358
165,83,0.182311
165,84,0.132767
165,85,0.160407
165,86,0.080000
165,87,0.085081
165,88,0.031402
165,89,0.186618
165,90,0.285392
165,91,0.223184
165,92,0.173334
165,93,0.254475
165,94,0.259195
165,95,0.299523
165,96,0.361808
165,97,0.401285
165,98,0.303987
165,99,0.250814
165,100,0.265304
165,101,0.345947
165,102,0.314624
165,103,0.280623
165,104,0.173435
165,105,0.012871
165,106,0.090870
165,107,0.150347
165,108,0.241011
165,109,0.185983
165,110,0.280995
165,111,0.188020
165,112,0.068967
165,113,0.138412
165,114,0.158778
165,115,0.137980
165,116,0.088922
165,117,0.126645
165,118,0.161906
165,119,0.229973
165,120,0.263625
165,121,0.249849
165,122,0.180389
165,123,0.325744
165,124,0.166342
165,125,0.196478
165,126,0.234426
165,127,0.124843
165,128,0.115293
165,129,0.151131
165,130,0.079921
165,131,0.190970
165,132,0.260410
165,133,0.177632
165,134,0.186506
165,135,0.317277
165,136,0.323205
165,137,0.268945
165,138,0.251797
165,139,0.320719
165,140,0.370788
165,141,0.301489
165,142,0.212032
165,143,0.161901
165,144,0.039361
165,145,-0.018401
165,146,-0.001782
165,147,0.056457
165,148,0.135715
165,149,0.125052
165,150,0.150866
165,151,0.165196
165,152,0.161153
165,153,0.148423
165,154,0.175379
165,155,0.231494
165,156,0.181620
165,157,0.066768
165,158,0.106271
165,159,0.038648
165,160,0.151892
165,161,0.326431
165,162,0.380603
165,163,0.462150
165,164,0.549867
165,165,1.000000
165,166,0.838378
165,167,0.640433
165,168,0.418140
165,169,0.388637
165,170,0.290104
165,171,0.187275
165,172,0.251476
165,173,0.290627
165,174,0.196150
165,175,0.077296
165,176,0.064833
165,177,0.142988
165,178,0.142400
165,179,0.138583
165,180,0.115900
165,181,0.135316
165,182,0.026538
165,183,0.214026
165,184,0.269320
165,185,0.380624
165,186,0.437651
165,187,0.564406
165,188,0.630103
165,189,0.669782
165,190,0.505873
166,1,0.162936
166,2,0.092269
166,3,0.175551
166,4,0.247622
166,5,0.326652
166,6,0.323016
166,7,0.344254
166,8,0.360272
166,9,0.286635
166,10,0.289906
166,11,0.203541
166,12,0.177067
166,13,0.275000
166,14,0.282331
166,15,0.300697
166,16,0.274114
166,17,0.270598
166,18,0.256828
166,19,0.289693
166,20,0.289665
166,21,0.293786
166,22,0.161585
166,23,0.225657
166,24,0.357355
166,25,0.338081
166,26,0.256682
166,27,0.163285
166,28,0.153699
166,29,0.158860
166,30,0.128992
166,31,0.186314
166,32,0.140952
166,33,0.034462
166,34,0.141439
166,35,0.100119
166,36,0.139313
166,37,0.166926
166,38,0.187353
166,39,0.297779
166,40,0.279528
166,41,0.290782
166,42,0.307045
166,43,0.175136
166,44,0.090520
166,45,0.115820
166,46,0.188596
166,47,0.230308
166,48,0.253463
166,49,0.312052
166,50,0.385698
166,51,0.359366
166,52,0.291225
166,53,0.220354
166,54,0.112451
166,55,0.163788
166,56,0.226265
166,57,0.244120
166,58,0.220013
166,59,0.267628
166,60,0.331687
166,61,0.335083
166,62,0.304246
166,63,0.225186
166,64,0.219568
166,65,0.328439
166,66,0.397007
166,67,0.415068
166,68,0.365899
166,69,0.401567
166,70,0.348844
166,71,0.373219
166,72,0.333190
166,73,0.347804
166,74,0.294214
166,75,0.230599
166,76,0.337670
166,77,0.275092
166,78,0.149327
166,79,0.194347
166,80,0.268368
166,81,0.168555
166,82,0.070012
166,83,0.167568
166,84,0.127782
166,85,0.160600
166,86,0.104754
166,87,0.104306
166,88,0.059203
166,89,0.193429
166,90,0.268074
166,91,0.206093
166,92,0.154508
166,93,0.220343
166,94,0.217268
166,95,0.245778
166,96,0.294277
166,97,0.337764
166,98,0.260742
166,99,0.224359
166,100,0.229725
166,101,0.319972
166,102,0.269880
166,103,0.257734
166,104,0.163025
166,105,0.023892
166,106,0.113801
166,107,0.124286
166,108,0.219690
166,109,0.182028
166,110,0.273122
166,111,0.207505
166,112,0.078493
166,113,0.138726
166,114,0.144675
166,115,0.137331
166,116,0.104175
166,117,0.137479
166,118,0.152121
166,119,0.234826
166,120,0.282481
166,121,0.271962
166,122,0.192803
166,123,0.332322
166,124,0.157305
166,125,0.183337
166,126,0.215346
166,127,0.118276
166,128,0.104919
166,129,0.159916
166,130,0.095960
166,131,0.206637
166,132,0.274524
166,133,0.202471
166,134,0.232367
166,135,0.355727
166,136,0.380761
166,137,0.315203
166,138,0.271137
166,139,0.347238
166,140,0.406237
166,141,0.326108
166,142,0.222587
166,143,0.168418
166,144,0.041215
166,145,-0.004221
166,146,0.005505
166,147,0.068473
166,148,0.157717
166,149,0.141812
166,150,0.156527
166,151,0.182098
166,152,0.178010
166,153,0.158922
166,154,0.192544
166,155,0.229178
166,156,0.193445
166,157,0.060344
166,158,0.094892
166,159,0.043785
166,160,0.136877
166,161,0.321453
166,162,0.376505
166,163,0.472428
166,164,0.588602
166,165,0.838378
166,166,1.000000
166,167,0.669106
166,168,0.519388
166,169,0.390492
166,170,0.289380
166,171,0.207138
166,172,0.222942
166,173,0.259989
166,174,0.180427
166,175,0.071914
166,176,0.069163
166,177,0.132630
166,178,0.134954
166,179,0.149615
166,180,0.093665
166,181,0.125130
166,182,0.013524
166,183,0.162155
166,184,0.229712
166,185,0.322375
166,186,0.369701
166,187,0.461937
166,188,0.485498
166,189,0.537177
166,190,0.373093
167,1,0.193011
167,2,0.123050
167,3,0.145742
167,4,0.217010
167,5,0.310159
167,6,0.323979
167,7,0.355219
167,8,0.320554
167,9,0.272871
167,10,0.273783
167,11,0.202540
167,12,0.208546
167,13,0.325048
167,14,0.324177
167,15,0.329296
167,16,0.306135
167,17,0.291448
167,18,0.280748
167,19,0.321416
167,20,0.317172
167,21,0.331075
167,22,0.175050
167,23,0.229526
167,24,0.326769
167,25,0.305549
167,26,0.193174
167,27,0.133072
167,28,0.145376
167,29,0.147092
167,30,0.101848
167,31,0.130945
167,32,0.109690
167,33,0.094140
167,34,0.186740
167,35,0.149063
167,36,0.154980
167,37,0.122902
167,38,0.172303
167,39,0.305014
167,40,0.295309
167,41,0.284935
167,42,0.326312
167,43,0.223886
167,44,0.123963
167,45,0.156480
167,46,0.216792
167,47,0.232208
167,48,0.244381
167,49,0.282204
167,50,0.356172
167,51,0.318198
167,52,0.259974
167,53,0.221335
167,54,0.134254
167,55,0.210502
167,56,0.269351
167,57,0.261661
167,58,0.204106
167,59,0.250453
167,60,0.320120
167,61,0.305187
167,62,0.293148
167,63,0.240908
167,64,0.165214
167,65,0.185751
167,66,0.247625
167,67,0.305560
167,68,0.306674
167,69,0.311025
167,70,0.317570
167,71,0.321252
167,72,0.318797
167,73,0.301520
167,74,0.326193
167,75,0.287998
167,76,0.306248
167,77,0.301082
167,78,0.170837
167,79,0.164664
167,80,0.238134
167,81,0.128981
167,82,0.040726
167,83,0.127073
167,84,0.148434
167,85,0.178209
167,86,0.102766
167,87,0.107341
167,88,0.060050
167,89,0.166517
167,90,0.222780
167,91,0.199071
167,92,0.138116
167,93,0.228352
167,94,0.231855
167,95,0.296112
167,96,0.345414
167,97,0.363878
167,98,0.299659
167,99,0.315146
167,100,0.218334
167,101,0.312771
167,102,0.306307
167,103,0.240933
167,104,0.153450
167,105,0.016064
167,106,0.133223
167,107,0.113369
167,108,0.207912
167,109,0.194763
167,110,0.255196
167,111,0.172105
167,112,0.160612
167,113,0.171448
167,114,0.220141
167,115,0.266145
167,116,0.157987
167,117,0.218909
167,118,0.171286
167,119,0.189033
167,120,0.201787
167,121,0.193603
167,122,0.126375
167,123,0.257088
167,124,0.172267
167,125,0.181056
167,126,0.204887
167,127,0.177133
167,128,0.132709
167,129,0.241346
167,130,0.169355
167,131,0.265431
167,132,0.299369
167,133,0.213371
167,134,0.199699
167,135,0.290589
167,136,0.305445
167,137,0.198824
167,138,0.169979
167,139,0.237863
167,140,0.253695
167,141,0.141935
167,142,0.073755
167,143,0.077902
167,144,0.037767
167,145,-0.020860
167,146,-0.012232
167,147,0.042782
167,148,0.137376
167,149,0.140920
167,150,0.180087
167,151,0.205517
167,152,0.200216
167,153,0.173682
167,154,0.200667
167,155,0.209230
167,156,0.200648
167,157,0.089176
167,158,0.106629
167,159,0.063835
167,160,0.118281
167,161,0.178850
167,162,0.201398
167,163,0.250516
167,164,0.315691
167,165,0.640433
167,166,0.669106
167,167,1.000000
167,168,0.720825
167,169,0.599037
167,170,0.556730
167,171,0.452824
167,172,0.311771
167,173,0.256412
167,174,0.195278
167,175,0.117290
167,176,0.178775
167,177,0.268112
167,178,0.330694
167,179,0.363942
167,180,0.127789
167,181,0.150614
167,182,0.069029
167,183,0.198507
167,184,0.393902
167,185,0.477386
167,186,0.448201
167,187,0.562523
167,188,0.501439
167,189,0.513498
167,190,0.390238
168,1,0.107505
168,2,0.083520
168,3,0.131820
168,4,0.165768
168,5,0.211234
168,6,0.217496
168,7,0.237681
168,8,0.204085
168,9,0.185828
168,10,0.179989
168,11,0.157005
168,12,0.143261
168,13,0.210156
168,14,0.209560
168,15,0.212213
168,16,0.194401
168,17,0.202843
168,18,0.187653
168,19,0.219025
168,20,0.213388
168,21,0.223089
168,22,0.124444
168,23,0.156650
168,24,0.225754
168,25,0.217060
168,26,0.141372
168,27,0.128942
168,28,0.127665
168,29,0.113005
168,30,0.088781
168,31,0.075389
168,32,0.087137
168,33,0.094958
168,34,0.149734
168,35,0.111391
168,36,0.111580
168,37,0.082718
168,38,0.101001
168,39,0.202696
168,40,0.206603
168,41,0.201908
168,42,0.237061
168,43,0.148331
168,44,0.102958
168,45,0.126691
168,46,0.159047
168,47,0.159346
168,48,0.182494
168,49,0.214594
168,50,0.253812
168,51,0.221655
168,52,0.173351
168,53,0.154267
168,54,0.082738
168,55,0.149521
168,56,0.184152
168,57,0.177611
168,58,0.158415
168,59,0.185696
168,60,0.224662
168,61,0.238173
168,62,0.221110
168,63,0.206097
168,64,0.142554
168,65,0.194509
168,66,0.204305
168,67,0.199952
168,68,0.186399
168,69,0.223333
168,70,0.225255
168,71,0.228490
168,72,0.182128
168,73,0.196674
168,74,0.197111
168,75,0.166725
168,76,0.200259
168,77,0.195091
168,78,0.114071
168,79,0.116658
168,80,0.163742
168,81,0.084483
168,82,0.032993
168,83,0.078775
168,84,0.122553
168,85,0.171697
168,86,0.129817
168,87,0.129762
168,88,0.094005
168,89,0.155343
168,90,0.187154
168,91,0.171374
168,92,0.135581
168,93,0.194062
168,94,0.179313
168,95,0.207615
168,96,0.246354
168,97,0.259477
168,98,0.199750
168,99,0.236541
168,100,0.151292
168,101,0.235472
168,102,0.232137
168,103,0.212899
168,104,0.168538
168,105,0.059730
168,106,0.147772
168,107,0.061164
168,108,0.132998
168,109,0.143311
168,110,0.179052
168,111,0.125066
168,112,0.120308
168,113,0.118996
168,114,0.177866
168,115,0.200987
168,116,0.103810
168,117,0.152648
168,118,0.111229
168,119,0.095506
168,120,0.143870
168,121,0.125115
168,122,0.051140
168,123,0.174672
168,124,0.117718
168,125,0.138387
168,126,0.159532
168,127,0.161253
168,128,0.115101
168,129,0.202403
168,130,0.164909
168,131,0.223300
168,132,0.254028
168,133,0.219568
168,134,0.230218
168,135,0.287299
168,136,0.339819
168,137,0.255296
168,138,0.186738
168,139,0.246030
168,140,0.260684
168,141,0.147349
168,142,0.086950
168,143,0.093525
168,144,0.048095
168,145,-0.015426
168,146,-0.032423
168,147,0.012222
168,148,0.115254
168,149,0.118637
168,150,0.108625
168,151,0.154029
168,152,0.135117
168,153,0.102132
168,154,0.142254
168,155,0.135876
168,156,0.143786
168,157,0.070947
168,158,0.078524
168,159,0.066875
168,160,0.114032
168,161,0.198887
168,162,0.204558
168,163,0.241072
168,164,0.294917
168,165,0.418140
168,166,0.519388
168,167,0.720825
168,168,1.000000
168,169,0.706987
168,170,0.482058
168,171,0.447382
168,172,0.318033
168,173,0.157263
168,174,0.141108
168,175,0.104092
168,176,0.133313
168,177,0.187560
168,178,0.241651
168,179,0.281832
168,180,0.088744
168,181,0.128982
168,182,0.035756
168,183,0.094127
168,184,0.243533
168,185,0.274956
168,186,0.260749
168,187,0.332204
168,188,0.305985
168,189,0.299160
168,190,0.197270
169,1,0.147085
169,2,0.080846
169,3,0.097130
169,4,0.162065
169,5,0.233142
169,6,0.270021
169,7,0.294601
169,8,0.237438
169,9,0.192065
169,10,0.184856
169,11,0.126145
169,12,0.154967
169,13,0.266634
169,14,0.277931
169,15,0.272020
169,16,0.249466
169,17,0.250591
169,18,0.244573
169,19,0.270804
169,20,0.271429
169,21,0.277019
169,22,0.118257
169,23,0.152225
169,24,0.241134
169,25,0.232608
169,26,0.156028
169,27,0.128511
169,28,0.145656
169,29,0.149534
169,30,0.106045
169,31,0.080463
169,32,0.096844
169,33,0.085181
169,34,0.147217
169,35,0.122327
169,36,0.103772
169,37,0.082338
169,38,0.120193
169,39,0.242022
169,40,0.242369
169,41,0.211802
169,42,0.258732
169,43,0.189951
169,44,0.124562
169,45,0.159494
169,46,0.200010
169,47,0.202160
169,48,0.210908
169,49,0.223005
169,50,0.264936
169,51,0.235190
169,52,0.201892
169,53,0.177702
169,54,0.091951
169,55,0.172991
169,56,0.221906
169,57,0.204581
169,58,0.154943
169,59,0.209075
169,60,0.226675
169,61,0.223640
169,62,0.199468
169,63,0.182627
169,64,0.111389
169,65,0.142461
169,66,0.171901
169,67,0.198763
169,68,0.206171
169,69,0.212730
169,70,0.227312
169,71,0.262539
169,72,0.224038
169,73,0.243302
169,74,0.253820
169,75,0.229990
169,76,0.253872
169,77,0.242894
169,78,0.152091
169,79,0.152360
169,80,0.192787
169,81,0.101517
169,82,0.051909
169,83,0.093866
169,84,0.134596
169,85,0.165148
169,86,0.082918
169,87,0.094954
169,88,0.042057
169,89,0.116208
169,90,0.161635
169,91,0.145514
169,92,0.096572
169,93,0.200240
169,94,0.194744
169,95,0.236869
169,96,0.266476
169,97,0.275271
169,98,0.239006
169,99,0.283295
169,100,0.166630
169,101,0.239014
169,102,0.260664
169,103,0.206904
169,104,0.136139
169,105,0.031841
169,106,0.134650
169,107,0.084628
169,108,0.144648
169,109,0.153736
169,110,0.185255
169,111,0.146597
169,112,0.138542
169,113,0.132724
169,114,0.201462
169,115,0.241131
169,116,0.107488
169,117,0.176562
169,118,0.133802
169,119,0.136694
169,120,0.133586
169,121,0.136084
169,122,0.098368
169,123,0.192278
169,124,0.135648
169,125,0.136141
169,126,0.156850
169,127,0.149985
169,128,0.105355
169,129,0.173817
169,130,0.103766
169,131,0.163815
169,132,0.196909
169,133,0.154908
169,134,0.138535
169,135,0.187219
169,136,0.217797
169,137,0.142039
169,138,0.098501
169,139,0.178549
169,140,0.176342
169,141,0.056624
169,142,0.015355
169,143,0.026229
169,144,0.014008
169,145,-0.027945
169,146,-0.021839
169,147,0.026601
169,148,0.123055
169,149,0.106597
169,150,0.125130
169,151,0.160823
169,152,0.131769
169,153,0.083428
169,154,0.134251
169,155,0.143095
169,156,0.138359
169,157,0.103165
169,158,0.097714
169,159,0.048067
169,160,0.096232
169,161,0.145304
169,162,0.157375
169,163,0.174290
169,164,0.206496
169,165,0.388637
169,166,0.390492
169,167,0.599037
169,168,0.706987
169,169,1.000000
169,170,0.734302
169,171,0.482248
169,172,0.390663
169,173,0.233786
169,174,0.198426
169,175,0.149477
169,176,0.216083
169,177,0.304259
169,178,0.369879
169,179,0.388427
169,180,0.148041
169,181,0.177262
169,182,0.110663
169,183,0.192810
169,184,0.366286
169,185,0.392467
169,186,0.299865
169,187,0.371181
169,188,0.344902
169,189,0.341382
169,190,0.270457
170,1,0.156865
170,2,0.087345
170,3,0.068681
170,4,0.127154
170,5,0.192925
170,6,0.234013
170,7,0.252623
170,8,0.189652
170,9,0.167983
170,10,0.167451
170,11,0.104854
170,12,0.150940
170,13,0.249770
170,14,0.258727
170,15,0.244837
170,16,0.221370
170,17,0.221129
170,18,0.211185
170,19,0.240409
170,20,0.242686
170,21,0.245106
170,22,0.121121
170,23,0.126326
170,24,0.198741
170,25,0.194077
170,26,0.129037
170,27,0.099061
170,28,0.109076
170,29,0.116618
170,30,0.081024
170,31,0.090910
170,32,0.091862
170,33,0.092715
170,34,0.133453
170,35,0.141734
170,36,0.116927
170,37,0.027588
170,38,0.081256
170,39,0.208067
170,40,0.217232
170,41,0.180693
170,42,0.226461
170,43,0.194906
170,44,0.116306
170,45,0.137838
170,46,0.163235
170,47,0.154481
170,48,0.162498
170,49,0.180291
170,50,0.208617
170,51,0.178990
170,52,0.131283
170,53,0.140116
170,54,0.081217
170,55,0.155929
170,56,0.201565
170,57,0.192516
170,58,0.108256
170,59,0.155955
170,60,0.178820
170,61,0.167554
170,62,0.133505
170,63,0.113348
170,64,0.027435
170,65,0.085616
170,66,0.114481
170,67,0.157368
170,68,0.179151
170,69,0.181658
170,70,0.188708
170,71,0.222588
170,72,0.213930
170,73,0.187042
170,74,0.232865
170,75,0.245316
170,76,0.224325
170,77,0.256222
170,78,0.176642
170,79,0.149178
170,80,0.191952
170,81,0.108340
170,82,0.073579
170,83,0.103185
170,84,0.138439
170,85,0.146699
170,86,0.058397
170,87,0.054090
170,88,0.019047
170,89,0.078551
170,90,0.093042
170,91,0.096944
170,92,0.049988
170,93,0.139834
170,94,0.151370
170,95,0.191360
170,96,0.226014
170,97,0.252365
170,98,0.231530
170,99,0.316124
170,100,0.098352
170,101,0.172124
170,102,0.201119
170,103,0.153638
170,104,0.093067
170,105,0.007316
170,106,0.126759
170,107,0.098047
170,108,0.160667
170,109,0.157836
170,110,0.176491
170,111,0.136599
170,112,0.176239
170,113,0.179085
170,114,0.238520
170,115,0.288186
170,116,0.149277
170,117,0.227741
170,118,0.161384
170,119,0.132837
170,120,0.103546
170,121,0.132289
170,122,0.105517
170,123,0.169552
170,124,0.107316
170,125,0.106200
170,126,0.117483
170,127,0.149854
170,128,0.123058
170,129,0.225011
170,130,0.161479
170,131,0.207747
170,132,0.195654
170,133,0.152335
170,134,0.116650
170,135,0.144111
170,136,0.145122
170,137,0.067289
170,138,0.073118
170,139,0.116187
170,140,0.107242
170,141,0.006374
170,142,-0.018436
170,143,-0.006943
170,144,0.003679
170,145,-0.021348
170,146,-0.028525
170,147,0.050403
170,148,0.149798
170,149,0.123271
170,150,0.193827
170,151,0.211426
170,152,0.173922
170,153,0.119477
170,154,0.174511
170,155,0.163818
170,156,0.145144
170,157,0.097867
170,158,0.066570
170,159,0.017721
170,160,0.062192
170,161,0.072325
170,162,0.088955
170,163,0.106694
170,164,0.126965
170,165,0.290104
170,166,0.289380
170,167,0.556730
170,168,0.482058
170,169,0.734302
170,170,1.000000
170,171,0.666345
170,172,0.389837
170,173,0.244153
170,174,0.229606
170,175,0.208916
170,176,0.318126
170,177,0.432222
170,178,0.539130
170,179,0.566357
170,180,0.204922
170,181,0.218873
170,182,0.142799
170,183,0.225771
170,184,0.431301
170,185,0.431032
170,186,0.283805
170,187,0.333276
170,188,0.284660
170,189,0.274348
170,190,0.240570
171,1,0.108207
171,2,0.039506
171,3,0.019943
171,4,0.049850
171,5,0.112637
171,6,0.153171
171,7,0.177936
171,8,0.123941
171,9,0.099440
171,10,0.079575
171,11,0.033686
171,12,0.102679
171,13,0.178715
171,14,0.187405
171,15,0.168708
171,16,0.153120
171,17,0.165548
171,18,0.158773
171,19,0.191494
171,20,0.197437
171,21,0.188101
171,22,0.086659
171,23,0.066032
171,24,0.116731
171,25,0.127294
171,26,0.074384
171,27,0.064818
171,28,0.079827
171,29,0.081190
171,30,0.038948
171,31,0.079002
171,32,0.111899
171,33,0.154708
171,34,0.140135
171,35,0.143211
171,36,0.102245
171,37,0.004204
171,38,0.052854
171,39,0.200167
171,40,0.213408
171,41,0.208653
171,42,0.203549
171,43,0.176541
171,44,0.093812
171,45,0.106278
171,46,0.116121
171,47,0.104466
171,48,0.107833
171,49,0.102574
171,50,0.115923
171,51,0.100052
171,52,0.085150
171,53,0.096538
171,54,0.060684
171,55,0.131972
171,56,0.187954
171,57,0.190975
171,58,0.065334
171,59,0.081330
171,60,0.107307
171,61,0.111559
171,62,0.080300
171,63,0.104196
171,64,0.008085
171,65,-0.004663
171,66,0.037460
171,67,0.075832
171,68,0.102104
171,69,0.095368
171,70,0.121192
171,71,0.146795
171,72,0.171426
171,73,0.125168
171,74,0.195935
171,75,0.198477
171,76,0.158831
171,77,0.221751
171,78,0.161716
171,79,0.100716
171,80,0.142517
171,81,0.057943
171,82,0.030928
171,83,0.053773
171,84,0.102199
171,85,0.109944
171,86,0.058638
171,87,0.032895
171,88,0.017545
171,89,0.064170
171,90,0.044243
171,91,0.065730
171,92,0.027999
171,93,0.094383
171,94,0.118699
171,95,0.176344
171,96,0.249057
171,97,0.251362
171,98,0.233205
171,99,0.342866
171,100,0.077883
171,101,0.132514
171,102,0.147719
171,103,0.099696
171,104,0.090020
171,105,0.013229
171,106,0.112684
171,107,0.046053
171,108,0.159674
171,109,0.148871
171,110,0.147185
171,111,0.057600
171,112,0.177262
171,113,0.184397
171,114,0.243805
171,115,0.273729
171,116,0.121793
171,117,0.184341
171,118,0.116412
171,119,0.061078
171,120,0.030891
171,121,0.055487
171,122,0.035371
171,123,0.113193
171,124,0.042253
171,125,0.050723
171,126,0.076956
171,127,0.132774
171,128,0.089142
171,129,0.219326
171,130,0.259972
171,131,0.239427
171,132,0.244118
171,133,0.249765
171,134,0.156638
171,135,0.135981
171,136,0.125530
171,137,0.014215
171,138,0.041155
171,139,0.041116
171,140,0.013592
171,141,-0.023234
171,142,-0.026165
171,143,-0.016958
171,144,-0.028120
171,145,-0.034704
171,146,-0.057498
171,147,-0.001882
171,148,0.120285
171,149,0.086049
171,150,0.191589
171,151,0.222574
171,152,0.187626
171,153,0.115140
171,154,0.169520
171,155,0.177111
171,156,0.147603
171,157,0.075913
171,158,0.104332
171,159,0.024785
171,160,0.055876
171,161,0.020696
171,162,0.030693
171,163,0.019653
171,164,0.033432
171,165,0.187275
171,166,0.207138
171,167,0.452824
171,168,0.447382
171,169,0.482248
171,170,0.666345
171,171,1.000000
171,172,0.567362
171,173,0.186928
171,174,0.141149
171,175,0.188232
171,176,0.297087
171,177,0.374224
171,178,0.500631
171,179,0.535512
171,180,0.220714
171,181,0.203123
171,182,0.135063
171,183,0.206773
171,184,0.399294
171,185,0.354079
171,186,0.231439
171,187,0.256660
171,188,0.203310
171,189,0.205105
171,190,0.175632
172,1,0.157153
172,2,0.071601
172,3,0.098992
172,4,0.159868
172,5,0.215062
172,6,0.243876
172,7,0.268755
172,8,0.234818
172,9,0.191688
172,10,0.177474
172,11,0.117504
172,12,0.134509
172,13,0.214610
172,14,0.221340
172,15,0.219801
172,16,0.207954
172,17,0.231116
172,18,0.218148
172,19,0.253330
172,20,0.255627
172,21,0.221994
172,22,0.066473
172,23,0.111961
172,24,0.200805
172,25,0.212570
172,26,0.185011
172,27,0.108403
172,28,0.129431
172,29,0.154662
172,30,0.102150
172,31,0.101021
172,32,0.073803
172,33,0.041651
172,34,0.107862
172,35,0.054788
172,36,0.043114
172,37,0.041977
172,38,0.113413
172,39,0.232819
172,40,0.222743
172,41,0.232329
172,42,0.239555
172,43,0.169978
172,44,0.046785
172,45,0.078938
172,46,0.119871
172,47,0.131095
172,48,0.147930
172,49,0.155933
172,50,0.195313
172,51,0.169697
172,52,0.139752
172,53,0.100848
172,54,0.050366
172,55,0.132742
172,56,0.207540
172,57,0.202922
172,58,0.097410
172,59,0.121256
172,60,0.193956
172,61,0.182798
172,62,0.157330
172,63,0.128775
172,64,0.117084
172,65,0.081009
172,66,0.114668
172,67,0.172204
172,68,0.151333
172,69,0.155277
172,70,0.163125
172,71,0.166704
172,72,0.160556
172,73,0.201374
172,74,0.182396
172,75,0.124519
172,76,0.208081
172,77,0.165638
172,78,0.082166
172,79,0.099831
172,80,0.142795
172,81,0.063406
172,82,0.008654
172,83,0.064211
172,84,0.060845
172,85,0.079897
172,86,-0.002985
172,87,-0.023194
172,88,-0.032532
172,89,0.055337
172,90,0.116750
172,91,0.063615
172,92,0.033252
172,93,0.088017
172,94,0.115015
172,95,0.197776
172,96,0.248726
172,97,0.257598
172,98,0.200290
172,99,0.183677
172,100,0.148135
172,101,0.188990
172,102,0.177853
172,103,0.127032
172,104,0.061608
172,105,-0.055023
172,106,0.044899
172,107,0.034598
172,108,0.116640
172,109,0.092836
172,110,0.121871
172,111,0.052244
172,112,0.086877
172,113,0.114098
172,114,0.150583
172,115,0.163740
172,116,0.071799
172,117,0.116715
172,118,0.134531
172,119,0.162774
172,120,0.122336
172,121,0.085167
172,122,0.086301
172,123,0.161572
172,124,0.054261
172,125,0.032237
172,126,0.081753
172,127,0.092884
172,128,0.038616
172,129,0.072445
172,130,0.071014
172,131,0.064320
172,132,0.102444
172,133,0.143022
172,134,0.095284
172,135,0.087047
172,136,0.102487
172,137,0.080054
172,138,0.048533
172,139,0.095337
172,140,0.089428
172,141,0.038446
172,142,0.032791
172,143,0.036499
172,144,0.035777
172,145,0.019454
172,146,-0.017194
172,147,0.005698
172,148,0.071566
172,149,0.070739
172,150,0.058191
172,151,0.078628
172,152,0.057189
172,153,0.039874
172,154,0.083748
172,155,0.117269
172,156,0.112233
172,157,0.087520
172,158,0.108299
172,159,0.054675
172,160,0.089822
172,161,0.087196
172,162,0.102791
172,163,0.092907
172,164,0.105340
172,165,0.251476
172,166,0.222942
172,167,0.311771
172,168,0.318033
172,169,0.390663
172,170,0.389837
172,171,0.567362
172,172,1.000000
172,173,0.339160
172,174,0.249615
172,175,0.141701
172,176,0.185853
172,177,0.292979
172,178,0.337777
172,179,0.227501
172,180,0.119287
172,181,0.117216
172,182,0.091822
172,183,0.110708
172,184,0.217762
172,185,0.252579
172,186,0.184904
172,187,0.232801
172,188,0.230093
172,189,0.236964
172,190,0.177572
173,1,0.210746
173,2,0.074470
173,3,0.091599
173,4,0.188138
173,5,0.304095
173,6,0.342136
173,7,0.360872
173,8,0.339514
173,9,0.275473
173,10,0.243095
173,11,0.150319
173,12,0.154026
173,13,0.299584
173,14,0.317671
173,15,0.325915
173,16,0.291915
173,17,0.295588
173,18,0.280979
173,19,0.312301
173,20,0.313014
173,21,0.286579
173,22,0.082554
173,23,0.167997
173,24,0.314766
173,25,0.292430
173,26,0.221827
173,27,0.072495
173,28,0.110615
173,29,0.155044
173,30,0.075221
173,31,0.150329
173,32,0.099146
173,33,-0.054512
173,34,0.084272
173,35,0.021096
173,36,0.061338
173,37,0.045697
173,38,0.123315
173,39,0.234512
173,40,0.218912
173,41,0.238323
173,42,0.288249
173,43,0.236501
173,44,0.100261
173,45,0.151451
173,46,0.171086
173,47,0.185847
173,48,0.196871
173,49,0.213231
173,50,0.286133
173,51,0.247755
173,52,0.215391
173,53,0.191507
173,54,0.083551
173,55,0.176193
173,56,0.251453
173,57,0.233340
173,58,0.057086
173,59,0.142202
173,60,0.230440
173,61,0.225332
173,62,0.213008
173,63,0.121400
173,64,0.080712
173,65,0.140511
173,66,0.219918
173,67,0.313602
173,68,0.263706
173,69,0.281199
173,70,0.272747
173,71,0.255360
173,72,0.253081
173,73,0.254061
173,74,0.265465
173,75,0.226671
173,76,0.309357
173,77,0.219039
173,78,0.120925
173,79,0.162271
173,80,0.210793
173,81,0.129000
173,82,0.062832
173,83,0.136240
173,84,0.100539
173,85,0.124772
173,86,0.059564
173,87,0.053765
173,88,-0.015896
173,89,0.079276
173,90,0.161910
173,91,0.067329
173,92,0.031978
173,93,0.073926
173,94,0.071305
173,95,0.141312
173,96,0.212868
173,97,0.274306
173,98,0.170128
173,99,0.108786
173,100,0.148490
173,101,0.262404
173,102,0.206816
173,103,0.149509
173,104,-0.017576
173,105,-0.142189
173,106,0.026375
173,107,0.118835
173,108,0.192991
173,109,0.128921
173,110,0.174277
173,111,0.138733
173,112,0.116560
173,113,0.143338
173,114,0.168978
173,115,0.201475
173,116,0.112275
173,117,0.230691
173,118,0.292519
173,119,0.424655
173,120,0.309692
173,121,0.278038
173,122,0.267088
173,123,0.293369
173,124,0.122861
173,125,0.107077
173,126,0.175081
173,127,0.139213
173,128,0.038483
173,129,0.067524
173,130,-0.010428
173,131,0.065631
173,132,0.102640
173,133,0.031118
173,134,-0.024492
173,135,0.087573
173,136,0.106996
173,137,0.024770
173,138,0.013611
173,139,0.118526
173,140,0.122647
173,141,0.015633
173,142,-0.050338
173,143,-0.044268
173,144,-0.040308
173,145,-0.034154
173,146,-0.033156
173,147,0.056120
173,148,0.151834
173,149,0.094532
173,150,0.180043
173,151,0.214445
173,152,0.217017
173,153,0.194779
173,154,0.234894
173,155,0.303845
173,156,0.251656
173,157,0.200696
173,158,0.123648
173,159,0.020830
173,160,-0.000982
173,161,0.056965
173,162,0.068391
173,163,0.096132
173,164,0.122335
173,165,0.290627
173,166,0.259989
173,167,0.256412
173,168,0.157263
173,169,0.233786
173,170,0.244153
173,171,0.186928
173,172,0.339160
173,173,1.000000
173,174,0.633939
173,175,0.280771
173,176,0.189350
173,177,0.341878
173,178,0.272608
173,179,0.182160
173,180,0.097278
173,181,0.118922
173,182,0.042311
173,183,0.120016
173,184,0.231246
173,185,0.270662
173,186,0.187907
173,187,0.256928
173,188,0.265720
173,189,0.323451
173,190,0.224026
174,1,0.176646
174,2,0.094399
174,3,0.076860
174,4,0.126574
174,5,0.189345
174,6,0.204453
174,7,0.233701
174,8,0.232601
174,9,0.182984
174,10,0.166397
174,11,0.109266
174,12,0.136377
174,13,0.227006
174,14,0.226549
174,15,0.226238
174,16,0.199347
174,17,0.198536
174,18,0.180152
174,19,0.210098
174,20,0.210662
174,21,0.205498
174,22,0.076014
174,23,0.119635
174,24,0.198470
174,25,0.191043
174,26,0.191850
174,27,0.070381
174,28,0.088273
174,29,0.114522
174,30,0.082610
174,31,0.145214
174,32,0.038510
174,33,-0.064095
174,34,0.046944
174,35,-0.031873
174,36,0.002469
174,37,-0.012960
174,38,0.066598
174,39,0.160448
174,40,0.145184
174,41,0.147101
174,42,0.169769
174,43,0.185609
174,44,0.055783
174,45,0.115440
174,46,0.110795
174,47,0.105581
174,48,0.112702
174,49,0.126908
174,50,0.166628
174,51,0.136622
174,52,0.113420
174,53,0.130813
174,54,0.071049
174,55,0.130108
174,56,0.163047
174,57,0.152337
174,58,-0.002141
174,59,0.052072
174,60,0.113715
174,61,0.127015
174,62,0.124310
174,63,0.074605
174,64,0.062386
174,65,0.121884
174,66,0.186138
174,67,0.250018
174,68,0.206442
174,69,0.224056
174,70,0.203694
174,71,0.202978
174,72,0.193500
174,73,0.180972
174,74,0.184829
174,75,0.166103
174,76,0.217932
174,77,0.149109
174,78,0.090990
174,79,0.122345
174,80,0.139965
174,81,0.087253
174,82,0.043686
174,83,0.080679
174,84,0.073420
174,85,0.088000
174,86,0.025390
174,87,0.008111
174,88,-0.042613
174,89,0.034614
174,90,0.076577
174,91,0.020398
174,92,-0.006899
174,93,0.016745
174,94,-0.002910
174,95,0.042827
174,96,0.126132
174,97,0.193501
174,98,0.100597
174,99,0.107434
174,100,0.066572
174,101,0.159027
174,102,0.121127
174,103,0.063314
174,104,-0.045704
174,105,-0.134044
174,106,0.019078
174,107,0.057575
174,108,0.092758
174,109,0.060547
174,110,0.080097
174,111,0.101385
174,112,0.106098
174,113,0.141589
174,114,0.141012
174,115,0.144654
174,116,0.082868
174,117,0.186763
174,118,0.174397
174,119,0.286089
174,120,0.231330
174,121,0.197682
174,122,0.199329
174,123,0.197631
174,124,0.029103
174,125,0.039448
174,126,0.083040
174,127,0.120164
174,128,0.040137
174,129,0.051781
174,130,-0.001119
174,131,0.042410
174,132,0.078688
174,133,0.047107
174,134,0.033029
174,135,0.106772
174,136,0.130443
174,137,0.070824
174,138,0.071779
174,139,0.111746
174,140,0.107986
174,141,0.053536
174,142,0.017075
174,143,0.015058
174,144,0.003311
174,145,-0.025167
174,146,-0.047273
174,147,0.017235
174,148,0.100071
174,149,0.089609
174,150,0.133864
174,151,0.124259
174,152,0.116859
174,153,0.123509
174,154,0.148445
174,155,0.174930
174,156,0.169629
174,157,0.118508
174,158,0.045777
174,159,0.002238
174,160,-0.028801
174,161,0.043189
174,162,0.055749
174,163,0.088477
174,164,0.105364
174,165,0.196150
174,166,0.180427
174,167,0.195278
174,168,0.141108
174,169,0.198426
174,170,0.229606
174,171,0.141149
174,172,0.249615
174,173,0.633939
174,174,1.000000
174,175,0.584510
174,176,0.462004
174,177,0.552145
174,178,0.386987
174,179,0.199932
174,180,0.132418
174,181,0.141272
174,182,0.059909
174,183,0.088507
174,184,0.174021
174,185,0.184581
174,186,0.126857
174,187,0.160381
174,188,0.158795
174,189,0.207096
174,190,0.139008
175,1,0.053705
175,2,0.024293
175,3,0.010700
175,4,0.013569
175,5,0.023624
175,6,0.041782
175,7,0.066639
175,8,0.079077
175,9,0.079895
175,10,0.047436
175,11,0.006313
175,12,0.046866
175,13,0.079189
175,14,0.092082
175,15,0.090235
175,16,0.090604
175,17,0.107924
175,18,0.093585
175,19,0.112406
175,20,0.110945
175,21,0.089104
175,22,0.015148
175,23,-0.013751
175,24,0.083779
175,25,0.095150
175,26,0.060720
175,27,0.009048
175,28,0.005919
175,29,-0.011905
175,30,-0.020218
175,31,0.041886
175,32,0.015755
175,33,0.059677
175,34,0.055944
175,35,-0.006546
175,36,-0.035496
175,37,-0.101034
175,38,-0.040965
175,39,0.078958
175,40,0.108135
175,41,0.114183
175,42,0.093548
175,43,0.154246
175,44,0.050349
175,45,0.096625
175,46,0.042271
175,47,0.035492
175,48,0.030822
175,49,0.009960
175,50,0.018507
175,51,0.020397
175,52,0.042597
175,53,0.030724
175,54,0.043668
175,55,0.071507
175,56,0.084459
175,57,0.111507
175,58,-0.030027
175,59,-0.054068
175,60,-0.017875
175,61,-0.025103
175,62,-0.003003
175,63,0.024478
175,64,-0.019433
175,65,-0.027075
175,66,0.015418
175,67,0.104780
175,68,0.108084
175,69,0.082220
175,70,0.084624
175,71,0.095174
175,72,0.107275
175,73,0.069868
175,74,0.086763
175,75,0.084818
175,76,0.107796
175,77,0.112505
175,78,0.116553
175,79,0.125569
175,80,0.113676
175,81,0.022030
175,82,0.049991
175,83,0.040934
175,84,0.075370
175,85,0.068273
175,86,0.004385
175,87,-0.026907
175,88,-0.057104
175,89,0.020245
175,90,-0.035192
175,91,-0.038221
175,92,-0.042618
175,93,-0.033852
175,94,-0.029597
175,95,0.017208
175,96,0.157446
175,97,0.200583
175,98,0.153158
175,99,0.212779
175,100,-0.041766
175,101,0.025111
175,102,0.030734
175,103,-0.020051
175,104,-0.006984
175,105,-0.014502
175,106,0.040907
175,107,0.039123
175,108,0.138984
175,109,0.065337
175,110,0.027919
175,111,-0.001026
175,112,0.099649
175,113,0.085059
175,114,0.120464
175,115,0.137592
175,116,0.023846
175,117,0.100869
175,118,0.029069
175,119,0.020432
175,120,0.009917
175,121,-0.042742
175,122,-0.035369
175,123,0.057242
175,124,-0.044436
175,125,-0.063771
175,126,0.017711
175,127,0.130071
175,128,0.067791
175,129,0.088707
175,130,0.117984
175,131,0.080403
175,132,0.045098
175,133,0.043767
175,134,0.057859
175,135,0.031931
175,136,0.015676
175,137,0.024763
175,138,0.070271
175,139,-0.014561
175,140,-0.022204
175,141,0.024005
175,142,0.037742
175,143,0.033802
175,144,0.006809
175,145,-0.044081
175,146,-0.042539
175,147,-0.055221
175,148,-0.033989
175,149,-0.061923
175,150,0.059981
175,151,0.076611
175,152,0.088903
175,153,0.081741
175,154,0.097141
175,155,0.093242
175,156,0.095466
175,157,0.034217
175,158,0.050430
175,159,-0.020732
175,160,0.035073
175,161,0.004096
175,162,0.025573
175,163,0.027182
175,164,0.029138
175,165,0.077296
175,166,0.071914
175,167,0.117290
175,168,0.104092
175,169,0.149477
175,170,0.208916
175,171,0.188232
175,172,0.141701
175,173,0.280771
175,174,0.584510
175,175,1.000000
175,176,0.778416
175,177,0.553573
175,178,0.432333
175,179,0.274868
175,180,0.144333
175,181,0.151736
175,182,0.172724
175,183,0.125936
175,184,0.219703
175,185,0.151976
175,186,0.091051
175,187,0.082041
175,188,0.080655
175,189,0.127077
175,190,0.102844
176,1,0.100893
176,2,0.065096
176,3,0.020161
176,4,0.036338
176,5,0.042585
176,6,0.069834
176,7,0.093108
176,8,0.088271
176,9,0.081251
176,10,0.055344
176,11,0.023981
176,12,0.091601
176,13,0.108661
176,14,0.123575
176,15,0.109199
176,16,0.094212
176,17,0.097032
176,18,0.100019
176,19,0.126456
176,20,0.146898
176,21,0.108895
176,22,0.041271
176,23,0.001721
176,24,0.065971
176,25,0.081379
176,26,0.029581
176,27,-0.031535
176,28,-0.027524
176,29,-0.025574
176,30,-0.036007
176,31,0.027902
176,32,0.034231
176,33,0.070557
176,34,0.021083
176,35,-0.000002
176,36,-0.042455
176,37,-0.129056
176,38,-0.046570
176,39,0.079642
176,40,0.099353
176,41,0.117398
176,42,0.093454
176,43,0.158061
176,44,0.033930
176,45,0.079147
176,46,0.019761
176,47,0.011341
176,48,0.014619
176,49,-0.000299
176,50,0.002966
176,51,-0.002421
176,52,0.011108
176,53,0.004691
176,54,0.029789
176,55,0.081535
176,56,0.126493
176,57,0.126764
176,58,-0.030280
176,59,-0.047247
176,60,-0.021508
176,61,-0.023202
176,62,0.007381
176,63,0.052673
176,64,-0.030873
176,65,-0.079197
176,66,-0.029868
176,67,0.062040
176,68,0.081141
176,69,0.049202
176,70,0.082302
176,71,0.080491
176,72,0.123728
176,73,0.057690
176,74,0.122532
176,75,0.127589
176,76,0.082565
176,77,0.142785
176,78,0.126372
176,79,0.112037
176,80,0.130047
176,81,0.026762
176,82,0.033120
176,83,0.028641
176,84,0.063841
176,85,0.018729
176,86,-0.039080
176,87,-0.072583
176,88,-0.103739
176,89,-0.000685
176,90,-0.074748
176,91,-0.072046
176,92,-0.104756
176,93,-0.085606
176,94,-0.023830
176,95,0.053192
176,96,0.163639
176,97,0.198742
176,98,0.198074
176,99,0.254736
176,100,-0.000084
176,101,0.027114
176,102,0.027531
176,103,-0.078374
176,104,-0.088386
176,105,-0.083709
176,106,0.004623
176,107,-0.007529
176,108,0.126163
176,109,0.068612
176,110,0.032147
176,111,-0.021752
176,112,0.157292
176,113,0.142340
176,114,0.192048
176,115,0.203509
176,116,0.077563
176,117,0.192070
176,118,0.091485
176,119,0.064293
176,120,-0.019585
176,121,-0.024650
176,122,0.005299
176,123,0.008997
176,124,-0.077049
176,125,-0.109929
176,126,-0.068434
176,127,0.044240
176,128,0.020774
176,129,0.111177
176,130,0.131002
176,131,0.117380
176,132,0.069429
176,133,0.053981
176,134,0.099104
176,135,0.061891
176,136,0.022532
176,137,-0.006427
176,138,0.051776
176,139,-0.037335
176,140,-0.046392
176,141,-0.017573
176,142,0.007054
176,143,0.019403
176,144,0.014775
176,145,-0.010907
176,146,-0.037368
176,147,-0.059823
176,148,-0.006270
176,149,-0.019884
176,150,0.100208
176,151,0.085193
176,152,0.085486
176,153,0.071811
176,154,0.082399
176,155,0.070147
176,156,0.104768
176,157,0.026483
176,158,0.032437
176,159,-0.026950
176,160,0.005408
176,161,-0.037218
176,162,-0.017850
176,163,-0.021421
176,164,-0.012578
176,165,0.064833
176,166,0.069163
176,167,0.178775
176,168,0.133313
176,169,0.216083
176,170,0.318126
176,171,0.297087
176,172,0.185853
176,173,0.189350
176,174,0.462004
176,175,0.778416
176,176,1.000000
176,177,0.791873
176,178,0.594426
176,179,0.434194
176,180,0.243046
176,181,0.158815
176,182,0.156228
176,183,0.127660
176,184,0.290895
176,185,0.234856
176,186,0.151779
176,187,0.130108
176,188,0.101666
176,189,0.135431
176,190,0.125622
177,1,0.214375
177,2,0.122027
177,3,0.068903
177,4,0.133487
177,5,0.180247
177,6,0.230368
177,7,0.255529
177,8,0.221225
177,9,0.189478
177,10,0.161122
177,11,0.114114
177,12,0.180219
177,13,0.258101
177,14,0.274889
177,15,0.251833
177,16,0.220859
177,17,0.202895
177,18,0.208258
177,19,0.248165
177,20,0.277142
177,21,0.234915
177,22,0.111132
177,23,0.115580
177,24,0.162816
177,25,0.163534
177,26,0.121943
177,27,0.022132
177,28,0.049812
177,29,0.077723
177,30,0.037275
177,31,0.096816
177,32,0.072144
177,33,0.048777
177,34,0.056591
177,35,0.036242
177,36,0.011389
177,37,-0.078309
177,38,0.033733
177,39,0.173651
177,40,0.185306
177,41,0.191590
177,42,0.205469
177,43,0.254925
177,44,0.077456
177,45,0.118479
177,46,0.089859
177,47,0.089153
177,48,0.091150
177,49,0.085936
177,50,0.115151
177,51,0.098024
177,52,0.103322
177,53,0.103937
177,54,0.073026
177,55,0.153344
177,56,0.227244
177,57,0.196305
177,58,0.004042
177,59,0.041998
177,60,0.093854
177,61,0.089261
177,62,0.118008
177,63,0.117001
177,64,0.044050
177,65,-0.000012
177,66,0.065107
177,67,0.144030
177,68,0.142920
177,69,0.135890
177,70,0.168798
177,71,0.156636
177,72,0.185724
177,73,0.115545
177,74,0.192175
177,75,0.179918
177,76,0.158874
177,77,0.200913
177,78,0.128918
177,79,0.121496
177,80,0.180985
177,81,0.050510
177,82,0.025255
177,83,0.071789
177,84,0.085629
177,85,0.065699
177,86,-0.006989
177,87,-0.032915
177,88,-0.092120
177,89,0.022071
177,90,0.005307
177,91,-0.021053
177,92,-0.072126
177,93,-0.042428
177,94,0.024131
177,95,0.123482
177,96,0.223645
177,97,0.273535
177,98,0.243529
177,99,0.264789
177,100,0.082180
177,101,0.141012
177,102,0.121836
177,103,0.005470
177,104,-0.087356
177,105,-0.132971
177,106,0.029037
177,107,-0.003440
177,108,0.145392
177,109,0.098849
177,110,0.075180
177,111,0.020518
177,112,0.214338
177,113,0.201853
177,114,0.249142
177,115,0.288867
177,116,0.113160
177,117,0.269743
177,118,0.182682
177,119,0.196123
177,120,0.068476
177,121,0.095090
177,122,0.133160
177,123,0.097419
177,124,-0.030317
177,125,-0.062812
177,126,-0.021703
177,127,0.072790
177,128,0.006154
177,129,0.150220
177,130,0.121132
177,131,0.142335
177,132,0.122779
177,133,0.068323
177,134,0.079287
177,135,0.102271
177,136,0.079718
177,137,-0.003794
177,138,0.045370
177,139,0.038886
177,140,0.016558
177,141,-0.025021
177,142,-0.035542
177,143,-0.026503
177,144,-0.010983
177,145,-0.010828
177,146,-0.070593
177,147,-0.035569
177,148,0.086884
177,149,0.056137
177,150,0.173210
177,151,0.166674
177,152,0.151107
177,153,0.109247
177,154,0.133066
177,155,0.145729
177,156,0.171842
177,157,0.100366
177,158,0.077303
177,159,0.002175
177,160,-0.024610
177,161,-0.027776
177,162,-0.002860
177,163,0.009066
177,164,0.020492
177,165,0.142988
177,166,0.132630
177,167,0.268112
177,168,0.187560
177,169,0.304259
177,170,0.432222
177,171,0.374224
177,172,0.292979
177,173,0.341878
177,174,0.552145
177,175,0.553573
177,176,0.791873
177,177,1.000000
177,178,0.727854
177,179,0.535161
177,180,0.248959
177,181,0.174892
177,182,0.124549
177,183,0.137338
177,184,0.349369
177,185,0.325737
177,186,0.217624
177,187,0.227066
177,188,0.186752
177,189,0.212811
177,190,0.174352
178,1,0.218449
178,2,0.136440
178,3,0.071418
178,4,0.125810
178,5,0.170311
178,6,0.226673
178,7,0.255713
178,8,0.205121
178,9,0.169748
178,10,0.146710
178,11,0.107016
178,12,0.204711
178,13,0.284834
178,14,0.284606
178,15,0.263002
178,16,0.238825
178,17,0.228128
178,18,0.233592
178,19,0.271087
178,20,0.286831
178,21,0.274365
178,22,0.145092
178,23,0.146663
178,24,0.146686
178,25,0.148034
178,26,0.114291
178,27,0.071796
178,28,0.088969
178,29,0.092241
178,30,0.052677
178,31,0.067529
178,32,0.033907
178,33,0.092418
178,34,0.093901
178,35,0.078900
178,36,0.030336
178,37,-0.053875
178,38,0.045452
178,39,0.183423
178,40,0.211056
178,41,0.200695
178,42,0.230393
178,43,0.280127
178,44,0.133077
178,45,0.139217
178,46,0.124687
178,47,0.116254
178,48,0.111973
178,49,0.104559
178,50,0.127432
178,51,0.106107
178,52,0.125223
178,53,0.144601
178,54,0.124054
178,55,0.195387
178,56,0.255688
178,57,0.243161
178,58,0.051706
178,59,0.078126
178,60,0.118733
178,61,0.094793
178,62,0.099009
178,63,0.090345
178,64,0.022144
178,65,0.018487
178,66,0.061652
178,67,0.112374
178,68,0.123911
178,69,0.120420
178,70,0.150116
178,71,0.139429
178,72,0.166791
178,73,0.106305
178,74,0.179520
178,75,0.165424
178,76,0.152926
178,77,0.216614
178,78,0.145952
178,79,0.122739
178,80,0.189274
178,81,0.051202
178,82,0.022148
178,83,0.091489
178,84,0.131367
178,85,0.119614
178,86,0.036672
178,87,0.023818
178,88,-0.030147
178,89,0.072282
178,90,0.037892
178,91,0.018733
178,92,-0.002163
178,93,0.034220
178,94,0.084520
178,95,0.174952
178,96,0.262698
178,97,0.308821
178,98,0.283389
178,99,0.322271
178,100,0.071921
178,101,0.162788
178,102,0.184938
178,103,0.094591
178,104,0.035850
178,105,-0.012356
178,106,0.106915
178,107,0.035759
178,108,0.192726
178,109,0.163647
178,110,0.140703
178,111,0.061511
178,112,0.227729
178,113,0.176355
178,114,0.268193
178,115,0.317445
178,116,0.158155
178,117,0.275046
178,118,0.177994
178,119,0.129452
178,120,0.066122
178,121,0.058134
178,122,0.060901
178,123,0.125842
178,124,0.079326
178,125,0.016786
178,126,0.057672
178,127,0.159812
178,128,0.087804
178,129,0.218905
178,130,0.171579
178,131,0.205014
178,132,0.161268
178,133,0.111710
178,134,0.101714
178,135,0.122084
178,136,0.099133
178,137,0.008393
178,138,0.053202
178,139,0.053370
178,140,0.021416
178,141,-0.015655
178,142,-0.033897
178,143,-0.024173
178,144,-0.009354
178,145,-0.030933
178,146,-0.025059
178,147,-0.021940
178,148,0.067929
178,149,0.044187
178,150,0.166737
178,151,0.163703
178,152,0.143209
178,153,0.109864
178,154,0.123569
178,155,0.115886
178,156,0.120307
178,157,0.054442
178,158,0.069346
178,159,0.001075
178,160,0.028086
178,161,-0.007903
178,162,0.015522
178,163,0.022759
178,164,0.027471
178,165,0.142400
178,166,0.134954
178,167,0.330694
178,168,0.241651
178,169,0.369879
178,170,0.539130
178,171,0.500631
178,172,0.337777
178,173,0.272608
178,174,0.386987
178,175,0.432333
178,176,0.594426
178,177,0.727854
178,178,1.000000
178,179,0.706267
178,180,0.299786
178,181,0.214080
178,182,0.195564
178,183,0.184927
178,184,0.415826
178,185,0.397639
178,186,0.274941
178,187,0.276048
178,188,0.211703
178,189,0.211235
178,190,0.189113
179,1,0.145192
179,2,0.069371
179,3,0.020636
179,4,0.058017
179,5,0.122454
179,6,0.185235
179,7,0.210961
179,8,0.153911
179,9,0.146735
179,10,0.105962
179,11,0.056821
179,12,0.143173
179,13,0.205182
179,14,0.225832
179,15,0.200740
179,16,0.178368
179,17,0.170394
179,18,0.179362
179,19,0.206453
179,20,0.222047
179,21,0.212553
179,22,0.122586
179,23,0.089766
179,24,0.159560
179,25,0.166136
179,26,0.073250
179,27,0.042755
179,28,0.062000
179,29,0.055251
179,30,0.026400
179,31,0.056612
179,32,0.074871
179,33,0.145130
179,34,0.106298
179,35,0.129648
179,36,0.050998
179,37,-0.080507
179,38,0.010453
179,39,0.158781
179,40,0.197447
179,41,0.199571
179,42,0.212232
179,43,0.237245
179,44,0.129462
179,45,0.129754
179,46,0.114977
179,47,0.108611
179,48,0.104845
179,49,0.092622
179,50,0.115373
179,51,0.102594
179,52,0.114297
179,53,0.108665
179,54,0.095846
179,55,0.163074
179,56,0.201745
179,57,0.205594
179,58,0.053485
179,59,0.090200
179,60,0.121868
179,61,0.083388
179,62,0.090055
179,63,0.086604
179,64,-0.010841
179,65,-0.029407
179,66,0.007570
179,67,0.062597
179,68,0.079039
179,69,0.083051
179,70,0.113195
179,71,0.108416
179,72,0.158250
179,73,0.070193
179,74,0.185843
179,75,0.203431
179,76,0.115090
179,77,0.222257
179,78,0.183864
179,79,0.111789
179,80,0.152131
179,81,0.041680
179,82,0.033816
179,83,0.069262
179,84,0.112980
179,85,0.119979
179,86,0.080691
179,87,0.067093
179,88,0.017591
179,89,0.095878
179,90,0.048228
179,91,0.032165
179,92,-0.004049
179,93,0.043220
179,94,0.086307
179,95,0.172294
179,96,0.267606
179,97,0.303864
179,98,0.302747
179,99,0.348561
179,100,0.019318
179,101,0.095227
179,102,0.141014
179,103,0.123730
179,104,0.078036
179,105,0.039134
179,106,0.122764
179,107,0.034232
179,108,0.199930
179,109,0.169291
179,110,0.136570
179,111,0.019644
179,112,0.185448
179,113,0.188090
179,114,0.251446
179,115,0.316576
179,116,0.143223
179,117,0.240261
179,118,0.133970
179,119,0.097168
179,120,0.046177
179,121,0.082312
179,122,0.086201
179,123,0.133018
179,124,0.025754
179,125,-0.007635
179,126,0.047447
179,127,0.140357
179,128,0.079353
179,129,0.281111
179,130,0.295944
179,131,0.308601
179,132,0.247964
179,133,0.174946
179,134,0.134912
179,135,0.129829
179,136,0.093163
179,137,-0.022803
179,138,0.035136
179,139,0.022943
179,140,-0.017230
179,141,-0.059050
179,142,-0.057414
179,143,-0.039267
179,144,-0.019206
179,145,-0.042711
179,146,-0.059422
179,147,0.010871
179,148,0.098709
179,149,0.065885
179,150,0.232856
179,151,0.252504
179,152,0.242279
179,153,0.192332
179,154,0.220402
179,155,0.209970
179,156,0.192790
179,157,0.093237
179,158,0.024543
179,159,-0.054145
179,160,-0.010616
179,161,-0.058586
179,162,-0.034458
179,163,-0.037800
179,164,-0.009709
179,165,0.138583
179,166,0.149615
179,167,0.363942
179,168,0.281832
179,169,0.388427
179,170,0.566357
179,171,0.535512
179,172,0.227501
179,173,0.182160
179,174,0.199932
179,175,0.274868
179,176,0.434194
179,177,0.535161
179,178,0.706267
179,179,1.000000
179,180,0.391224
179,181,0.312803
179,182,0.126183
179,183,0.208173
179,184,0.454018
179,185,0.382962
179,186,0.258136
179,187,0.274311
179,188,0.206698
179,189,0.212179
179,190,0.170642
180,1,0.067534
180,2,0.003285
180,3,0.006705
180,4,0.030881
180,5,0.084074
180,6,0.098192
180,7,0.104578
180,8,0.053649
180,9,0.055487
180,10,0.050040
180,11,0.026091
180,12,0.065220
180,13,0.085449
180,14,0.095843
180,15,0.089531
180,16,0.075042
180,17,0.056332
180,18,0.055732
180,19,0.083920
180,20,0.112718
180,21,0.094652
180,22,0.032530
180,23,0.067906
180,24,0.100521
180,25,0.089448
180,26,-0.017768
180,27,-0.009015
180,28,-0.008528
180,29,-0.002718
180,30,0.025478
180,31,0.039435
180,32,0.064861
180,33,-0.024200
180,34,-0.021205
180,35,-0.028141
180,36,-0.040091
180,37,-0.065767
180,38,-0.063068
180,39,0.020350
180,40,0.048225
180,41,0.073044
180,42,0.052857
180,43,0.025431
180,44,-0.008370
180,45,0.049581
180,46,0.073042
180,47,0.082388
180,48,0.098847
180,49,0.078144
180,50,0.098111
180,51,0.116837
180,52,0.092923
180,53,0.082552
180,54,0.018534
180,55,0.029760
180,56,0.067929
180,57,0.078400
180,58,0.103924
180,59,0.099772
180,60,0.097796
180,61,0.072158
180,62,0.056310
180,63,0.031795
180,64,0.043872
180,65,0.024595
180,66,0.031974
180,67,0.029679
180,68,0.039633
180,69,0.043844
180,70,0.056873
180,71,0.097254
180,72,0.105083
180,73,0.098918
180,74,0.130978
180,75,0.110127
180,76,0.083907
180,77,0.163226
180,78,0.118377
180,79,0.066591
180,80,0.114216
180,81,0.053571
180,82,-0.003959
180,83,0.059687
180,84,0.062599
180,85,0.046158
180,86,0.001402
180,87,-0.024114
180,88,-0.040713
180,89,0.067745
180,90,0.025172
180,91,-0.008951
180,92,-0.021493
180,93,-0.001262
180,94,0.092226
180,95,0.101816
180,96,0.081143
180,97,0.139694
180,98,0.147511
180,99,0.145558
180,100,0.041984
180,101,0.038361
180,102,0.067214
180,103,0.080282
180,104,0.058917
180,105,-0.014699
180,106,0.038906
180,107,0.085086
180,108,0.115086
180,109,0.151361
180,110,0.159429
180,111,0.022846
180,112,0.073590
180,113,0.149005
180,114,0.182065
180,115,0.118903
180,116,0.092962
180,117,0.149971
180,118,0.085900
180,119,0.085430
180,120,0.081740
180,121,0.142088
180,122,0.119606
180,123,0.085543
180,124,0.059349
180,125,0.056834
180,126,0.087344
180,127,0.102457
180,128,0.076925
180,129,0.061280
180,130,0.060209
180,131,0.073193
180,132,0.050761
180,133,0.040408
180,134,0.069900
180,135,0.081682
180,136,0.052969
180,137,0.012622
180,138,0.048769
180,139,0.060134
180,140,0.049352
180,141,0.041338
180,142,0.042071
180,143,0.044656
180,144,-0.008977
180,145,-0.012790
180,146,-0.107768
180,147,-0.054376
180,148,0.014195
180,149,-0.013509
180,150,0.108616
180,151,0.076210
180,152,0.082915
180,153,0.099673
180,154,0.115151
180,155,0.106079
180,156,0.107484
180,157,0.043297
180,158,0.036386
180,159,-0.035780
180,160,0.007639
180,161,0.015774
180,162,0.037546
180,163,0.067342
180,164,0.092878
180,165,0.115900
180,166,0.093665
180,167,0.127789
180,168,0.088744
180,169,0.148041
180,170,0.204922
180,171,0.220714
180,172,0.119287
180,173,0.097278
180,174,0.132418
180,175,0.144333
180,176,0.243046
180,177,0.248959
180,178,0.299786
180,179,0.391224
180,180,1.000000
180,181,0.551519
180,182,0.057331
180,183,0.138724
180,184,0.211958
180,185,0.164995
180,186,0.123663
180,187,0.124391
180,188,0.111486
180,189,0.104461
180,190,0.086322
181,1,0.036127
181,2,0.007296
181,3,0.038848
181,4,0.057451
181,5,0.102773
181,6,0.103258
181,7,0.103667
181,8,0.062999
181,9,0.086900
181,10,0.102801
181,11,0.069561
181,12,0.048042
181,13,0.081996
181,14,0.093302
181,15,0.107105
181,16,0.102582
181,17,0.102765
181,18,0.079236
181,19,0.102818
181,20,0.103484
181,21,0.104076
181,22,0.061801
181,23,0.082372
181,24,0.113857
181,25,0.109719
181,26,0.027431
181,27,0.050383
181,28,0.039126
181,29,0.020245
181,30,0.035049
181,31,0.025208
181,32,0.055600
181,33,-0.014967
181,34,0.010914
181,35,0.019408
181,36,0.028962
181,37,-0.044551
181,38,-0.016980
181,39,0.043693
181,40,0.072449
181,41,0.093976
181,42,0.068073
181,43,0.047150
181,44,0.056932
181,45,0.076699
181,46,0.096520
181,47,0.106200
181,48,0.114228
181,49,0.077740
181,50,0.116535
181,51,0.127207
181,52,0.126218
181,53,0.126131
181,54,0.052793
181,55,0.049924
181,56,0.072530
181,57,0.093112
181,58,0.124162
181,59,0.119238
181,60,0.116552
181,61,0.121268
181,62,0.045709
181,63,0.017559
181,64,0.030856
181,65,0.126826
181,66,0.111353
181,67,0.082488
181,68,0.063101
181,69,0.083761
181,70,0.048958
181,71,0.110709
181,72,0.114650
181,73,0.114534
181,74,0.122210
181,75,0.121414
181,76,0.110721
181,77,0.179526
181,78,0.130950
181,79,0.081593
181,80,0.137975
181,81,0.042316
181,82,-0.026709
181,83,0.090554
181,84,0.132268
181,85,0.135960
181,86,0.065181
181,87,0.066476
181,88,0.069936
181,89,0.134618
181,90,0.062436
181,91,0.047369
181,92,0.060108
181,93,0.080422
181,94,0.095955
181,95,0.082707
181,96,0.132888
181,97,0.203355
181,98,0.163907
181,99,0.182341
181,100,0.018274
181,101,0.078045
181,102,0.137193
181,103,0.150277
181,104,0.133020
181,105,0.075233
181,106,0.106135
181,107,0.062426
181,108,0.120078
181,109,0.126860
181,110,0.154832
181,111,0.064718
181,112,0.105100
181,113,0.126250
181,114,0.174008
181,115,0.145894
181,116,0.085329
181,117,0.125260
181,118,0.079588
181,119,0.060612
181,120,0.088026
181,121,0.116460
181,122,0.086699
181,123,0.085371
181,124,0.091782
181,125,0.110235
181,126,0.122527
181,127,0.164148
181,128,0.100072
181,129,0.108957
181,130,0.097917
181,131,0.119879
181,132,0.120141
181,133,0.072098
181,134,0.106827
181,135,0.131244
181,136,0.096466
181,137,0.092244
181,138,0.131785
181,139,0.122958
181,140,0.119685
181,141,0.097566
181,142,0.076420
181,143,0.064719
181,144,-0.009023
181,145,-0.035964
181,146,-0.068406
181,147,0.021457
181,148,0.074497
181,149,0.033668
181,150,0.118653
181,151,0.114364
181,152,0.111680
181,153,0.104948
181,154,0.132130
181,155,0.116261
181,156,0.083623
181,157,0.035065
181,158,0.012961
181,159,-0.031877
181,160,0.050498
181,161,0.090108
181,162,0.101847
181,163,0.132210
181,164,0.147662
181,165,0.135316
181,166,0.125130
181,167,0.150614
181,168,0.128982
181,169,0.177262
181,170,0.218873
181,171,0.203123
181,172,0.117216
181,173,0.118922
181,174,0.141272
181,175,0.151736
181,176,0.158815
181,177,0.174892
181,178,0.214080
181,179,0.312803
181,180,0.551519
181,181,1.000000
181,182,0.079149
181,183,0.131485
181,184,0.209550
181,185,0.188463
181,186,0.145519
181,187,0.161338
181,188,0.135443
181,189,0.123476
181,190,0.114003
182,1,0.022768
182,2,0.021498
182,3,-0.019685
182,4,0.006801
182,5,0.028177
182,6,0.040495
182,7,0.073274
182,8,0.049116
182,9,0.015141
182,10,0.011320
182,11,0.003416
182,12,0.052959
182,13,0.095052
182,14,0.116426
182,15,0.097847
182,16,0.083882
182,17,0.078630
182,18,0.094292
182,19,0.093428
182,20,0.099264
182,21,0.132867
182,22,0.061504
182,23,0.036754
182,24,0.002028
182,25,0.000270
182,26,-0.044074
182,27,-0.040881
182,28,-0.023899
182,29,-0.055559
182,30,-0.073741
182,31,-0.069409
182,32,-0.041667
182,33,0.021591
182,34,-0.012212
182,35,-0.017892
182,36,-0.098340
182,37,-0.121545
182,38,-0.054206
182,39,0.052107
182,40,0.073881
182,41,0.057706
182,42,0.066027
182,43,0.083964
182,44,0.075552
182,45,0.058905
182,46,0.030470
182,47,0.007829
182,48,0.009062
182,49,0.002252
182,50,-0.001888
182,51,-0.019557
182,52,0.025158
182,53,0.035970
182,54,0.080547
182,55,0.119007
182,56,0.127927
182,57,0.105972
182,58,0.061538
182,59,0.038262
182,60,0.023667
182,61,0.006814
182,62,0.007486
182,63,0.002504
182,64,-0.037260
182,65,-0.065688
182,66,-0.063649
182,67,0.009566
182,68,0.059069
182,69,-0.004099
182,70,0.007653
182,71,0.049589
182,72,0.083528
182,73,0.046133
182,74,0.088103
182,75,0.092872
182,76,0.056075
182,77,0.090722
182,78,0.042472
182,79,0.028688
182,80,0.055042
182,81,0.006290
182,82,-0.028719
182,83,0.039359
182,84,0.071385
182,85,0.036894
182,86,-0.023026
182,87,-0.003882
182,88,-0.006592
182,89,0.053609
182,90,-0.009130
182,91,0.027701
182,92,-0.007964
182,93,0.035179
182,94,0.031329
182,95,0.058134
182,96,0.106727
182,97,0.107172
182,98,0.085750
182,99,0.120902
182,100,-0.023220
182,101,0.004736
182,102,0.064303
182,103,0.031825
182,104,0.073676
182,105,0.081498
182,106,0.045904
182,107,0.059805
182,108,0.091560
182,109,0.078951
182,110,0.046382
182,111,-0.045224
182,112,0.040468
182,113,0.007971
182,114,0.060717
182,115,0.108327
182,116,0.057029
182,117,0.099690
182,118,0.055407
182,119,-0.049595
182,120,-0.065616
182,121,-0.088415
182,122,-0.108702
182,123,-0.028033
182,124,0.007867
182,125,0.004207
182,126,0.075751
182,127,0.100747
182,128,0.097724
182,129,0.094161
182,130,0.073928
182,131,0.074936
182,132,0.014174
182,133,0.001689
182,134,0.011499
182,135,-0.010562
182,136,-0.035116
182,137,-0.052128
182,138,-0.028286
182,139,-0.045137
182,140,-0.065091
182,141,-0.067986
182,142,-0.072030
182,143,-0.070741
182,144,-0.031947
182,145,-0.042767
182,146,0.032631
182,147,-0.007715
182,148,-0.058080
182,149,-0.037471
182,150,-0.017413
182,151,0.002168
182,152,-0.008229
182,153,-0.001795
182,154,0.016433
182,155,0.000402
182,156,0.001108
182,157,-0.018014
182,158,0.050166
182,159,0.007225
182,160,0.089293
182,161,-0.042218
182,162,-0.036184
182,163,-0.042305
182,164,-0.047047
182,165,0.026538
182,166,0.013524
182,167,0.069029
182,168,0.035756
182,169,0.110663
182,170,0.142799
182,171,0.135063
182,172,0.091822
182,173,0.042311
182,174,0.059909
182,175,0.172724
182,176,0.156228
182,177,0.124549
182,178,0.195564
182,179,0.126183
182,180,0.057331
182,181,0.079149
182,182,1.000000
182,183,0.502934
182,184,0.406267
182,185,0.296288
182,186,0.097406
182,187,0.067734
182,188,0.068168
182,189,0.103882
182,190,0.121342
183,1,0.006652
183,2,-0.033142
183,3,-0.014069
183,4,0.063800
183,5,0.117334
183,6,0.111713
183,7,0.131306
183,8,0.118004
183,9,0.077898
183,10,0.068576
183,11,-0.009039
183,12,0.002144
183,13,0.081834
183,14,0.128233
183,15,0.153537
183,16,0.153498
183,17,0.153162
183,18,0.140793
183,19,0.147948
183,20,0.135631
183,21,0.143262
183,22,-0.018611
183,23,-0.006404
183,24,0.137678
183,25,0.156881
183,26,0.029554
183,27,-0.005347
183,28,0.007554
183,29,-0.022951
183,30,-0.049503
183,31,0.011789
183,32,0.075598
183,33,0.015145
183,34,0.055996
183,35,0.036866
183,36,-0.004871
183,37,-0.022965
183,38,0.011611
183,39,0.151438
183,40,0.142257
183,41,0.139738
183,42,0.134756
183,43,0.070651
183,44,0.053265
183,45,0.067978
183,46,0.092277
183,47,0.093804
183,48,0.101061
183,49,0.103696
183,50,0.113085
183,51,0.097389
183,52,0.087530
183,53,0.059953
183,54,0.028708
183,55,0.127630
183,56,0.145286
183,57,0.111891
183,58,0.076184
183,59,0.072357
183,60,0.104371
183,61,0.049761
183,62,0.061938
183,63,0.030855
183,64,-0.058166
183,65,-0.033887
183,66,0.006383
183,67,0.119656
183,68,0.137380
183,69,0.085253
183,70,0.061257
183,71,0.164303
183,72,0.224712
183,73,0.196156
183,74,0.241849
183,75,0.249711
183,76,0.221466
183,77,0.213072
183,78,0.182952
183,79,0.179511
183,80,0.174759
183,81,0.168195
183,82,0.119576
183,83,0.116937
183,84,0.123342
183,85,0.061908
183,86,0.006157
183,87,-0.004809
183,88,-0.032637
183,89,0.092310
183,90,0.066771
183,91,0.069672
183,92,0.032645
183,93,0.110618
183,94,0.077057
183,95,0.106946
183,96,0.217493
183,97,0.223942
183,98,0.158400
183,99,0.228130
183,100,0.050170
183,101,0.099406
183,102,0.114878
183,103,0.081864
183,104,0.080056
183,105,-0.022992
183,106,0.024104
183,107,0.124232
183,108,0.160251
183,109,0.084091
183,110,0.108447
183,111,-0.009564
183,112,0.004692
183,113,0.066956
183,114,0.081705
183,115,0.072905
183,116,0.029419
183,117,0.071994
183,118,0.083741
183,119,0.095247
183,120,0.062104
183,121,0.042224
183,122,-0.001229
183,123,0.078524
183,124,0.001430
183,125,0.019428
183,126,0.107064
183,127,0.105779
183,128,0.068766
183,129,0.085467
183,130,0.080060
183,131,0.088946
183,132,0.090337
183,133,0.064838
183,134,0.035776
183,135,0.045625
183,136,0.023227
183,137,-0.012749
183,138,0.001061
183,139,-0.014241
183,140,-0.009880
183,141,-0.037545
183,142,-0.039460
183,143,-0.029931
183,144,-0.051606
183,145,-0.030482
183,146,-0.046764
183,147,-0.037335
183,148,-0.008441
183,149,-0.028430
183,150,0.057314
183,151,0.076919
183,152,0.074129
183,153,0.074385
183,154,0.106770
183,155,0.129272
183,156,0.097266
183,157,0.048000
183,158,0.099077
183,159,-0.023029
183,160,0.039652
183,161,-0.009671
183,162,0.018219
183,163,0.016195
183,164,0.034621
183,165,0.214026
183,166,0.162155
183,167,0.198507
183,168,0.094127
183,169,0.192810
183,170,0.225771
183,171,0.206773
183,172,0.110708
183,173,0.120016
183,174,0.088507
183,175,0.125936
183,176,0.127660
183,177,0.137338
183,178,0.184927
183,179,0.208173
183,180,0.138724
183,181,0.131485
183,182,0.502934
183,183,1.000000
183,184,0.505486
183,185,0.419300
183,186,0.131007
183,187,0.178287
183,188,0.202074
183,189,0.264646
183,190,0.240339
184,1,0.161361
184,2,0.055327
184,3,0.035271
184,4,0.138566
184,5,0.264455
184,6,0.329016
184,7,0.371503
184,8,0.256928
184,9,0.226747
184,10,0.198059
184,11,0.106307
184,12,0.187391
184,13,0.322053
184,14,0.360621
184,15,0.337341
184,16,0.305304
184,17,0.285956
184,18,0.302472
184,19,0.348677
184,20,0.377035
184,21,0.391298
184,22,0.176330
184,23,0.191180
184,24,0.226076
184,25,0.218942
184,26,0.078315
184,27,0.009938
184,28,0.059205
184,29,0.041336
184,30,-0.036328
184,31,0.053025
184,32,0.045847
184,33,0.093480
184,34,0.098082
184,35,0.107585
184,36,0.012496
184,37,-0.062832
184,38,0.054533
184,39,0.265247
184,40,0.287755
184,41,0.258943
184,42,0.276523
184,43,0.280856
184,44,0.192409
184,45,0.188588
184,46,0.205181
184,47,0.198631
184,48,0.172989
184,49,0.165354
184,50,0.213132
184,51,0.187808
184,52,0.237438
184,53,0.225177
184,54,0.190622
184,55,0.286462
184,56,0.371093
184,57,0.334824
184,58,0.158579
184,59,0.194757
184,60,0.226789
184,61,0.158036
184,62,0.131227
184,63,0.084236
184,64,-0.055660
184,65,-0.038538
184,66,0.008050
184,67,0.125916
184,68,0.179946
184,69,0.134176
184,70,0.177677
184,71,0.222873
184,72,0.284841
184,73,0.195691
184,74,0.330214
184,75,0.339753
184,76,0.247044
184,77,0.333170
184,78,0.212104
184,79,0.150377
184,80,0.242661
184,81,0.158395
184,82,0.062810
184,83,0.151036
184,84,0.195022
184,85,0.179627
184,86,0.056086
184,87,0.070590
184,88,0.018179
184,89,0.136899
184,90,0.088643
184,91,0.110287
184,92,0.071477
184,93,0.169285
184,94,0.179601
184,95,0.266145
184,96,0.383837
184,97,0.412758
184,98,0.370369
184,99,0.417325
184,100,0.079677
184,101,0.214427
184,102,0.274400
184,103,0.201115
184,104,0.144102
184,105,0.055320
184,106,0.176440
184,107,0.135200
184,108,0.260136
184,109,0.190002
184,110,0.146465
184,111,-0.006241
184,112,0.204927
184,113,0.218842
184,114,0.269458
184,115,0.379208
184,116,0.207087
184,117,0.323042
184,118,0.169093
184,119,0.086395
184,120,0.044203
184,121,0.051971
184,122,0.021812
184,123,0.161773
184,124,0.071117
184,125,0.049656
184,126,0.192792
184,127,0.215402
184,128,0.108716
184,129,0.236714
184,130,0.203299
184,131,0.252140
184,132,0.215614
184,133,0.106700
184,134,0.049136
184,135,0.090914
184,136,0.060060
184,137,-0.068582
184,138,-0.048769
184,139,-0.009698
184,140,-0.017478
184,141,-0.095888
184,142,-0.126316
184,143,-0.105733
184,144,-0.077677
184,145,-0.120398
184,146,-0.045718
184,147,0.003839
184,148,0.043176
184,149,0.007061
184,150,0.176871
184,151,0.213801
184,152,0.180465
184,153,0.138035
184,154,0.178469
184,155,0.158797
184,156,0.130655
184,157,0.068196
184,158,0.153032
184,159,0.013450
184,160,0.087651
184,161,-0.031499
184,162,-0.003707
184,163,0.006691
184,164,0.034678
184,165,0.269320
184,166,0.229712
184,167,0.393902
184,168,0.243533
184,169,0.366286
184,170,0.431301
184,171,0.399294
184,172,0.217762
184,173,0.231246
184,174,0.174021
184,175,0.219703
184,176,0.290895
184,177,0.349369
184,178,0.415826
184,179,0.454018
184,180,0.211958
184,181,0.209550
184,182,0.406267
184,183,0.505486
184,184,1.000000
184,185,0.741000
184,186,0.400329
184,187,0.384471
184,188,0.347287
184,189,0.375977
184,190,0.350811
185,1,0.213342
185,2,0.096901
185,3,0.088502
185,4,0.201856
185,5,0.328549
185,6,0.391824
185,7,0.438683
185,8,0.341556
185,9,0.265038
185,10,0.254436
185,11,0.162641
185,12,0.224669
185,13,0.379047
185,14,0.399664
185,15,0.376876
185,16,0.343526
185,17,0.324927
185,18,0.336102
185,19,0.384381
185,20,0.414980
185,21,0.431246
185,22,0.206838
185,23,0.243119
185,24,0.263390
185,25,0.239531
185,26,0.141019
185,27,0.087020
185,28,0.127314
185,29,0.127351
185,30,0.044326
185,31,0.081782
185,32,0.079570
185,33,0.071112
185,34,0.120650
185,35,0.133847
185,36,0.104977
185,37,0.078657
185,38,0.145033
185,39,0.310475
185,40,0.317704
185,41,0.259090
185,42,0.306012
185,43,0.279433
185,44,0.209500
185,45,0.188669
185,46,0.234374
185,47,0.241080
185,48,0.213693
185,49,0.216756
185,50,0.287314
185,51,0.246330
185,52,0.281860
185,53,0.263500
185,54,0.202936
185,55,0.288275
185,56,0.377957
185,57,0.337866
185,58,0.225111
185,59,0.278496
185,60,0.318873
185,61,0.266289
185,62,0.210742
185,63,0.131303
185,64,0.028052
185,65,0.053804
185,66,0.099700
185,67,0.215850
185,68,0.246711
185,69,0.185681
185,70,0.225842
185,71,0.258045
185,72,0.310013
185,73,0.272774
185,74,0.342711
185,75,0.322191
185,76,0.304441
185,77,0.327238
185,78,0.185768
185,79,0.179548
185,80,0.287585
185,81,0.192427
185,82,0.078329
185,83,0.158621
185,84,0.190568
185,85,0.189358
185,86,0.074219
185,87,0.102485
185,88,0.053577
185,89,0.167137
185,90,0.185406
185,91,0.184672
185,92,0.151803
185,93,0.239382
185,94,0.237606
185,95,0.303948
185,96,0.373452
185,97,0.401124
185,98,0.354472
185,99,0.361983
185,100,0.172274
185,101,0.293756
185,102,0.331436
185,103,0.240876
185,104,0.143824
185,105,0.020025
185,106,0.155392
185,107,0.148681
185,108,0.246471
185,109,0.203768
185,110,0.198270
185,111,0.075454
185,112,0.204401
185,113,0.211682
185,114,0.287008
185,115,0.373013
185,116,0.222186
185,117,0.307963
185,118,0.203168
185,119,0.135252
185,120,0.098801
185,121,0.116477
185,122,0.076480
185,123,0.192109
185,124,0.148285
185,125,0.126507
185,126,0.211460
185,127,0.208192
185,128,0.114622
185,129,0.219608
185,130,0.149409
185,131,0.221915
185,132,0.202903
185,133,0.114295
185,134,0.051529
185,135,0.126393
185,136,0.133090
185,137,-0.000614
185,138,-0.002328
185,139,0.082655
185,140,0.083231
185,141,-0.057318
185,142,-0.108744
185,143,-0.071941
185,144,-0.065799
185,145,-0.090895
185,146,-0.017050
185,147,0.006437
185,148,0.060305
185,149,0.052490
185,150,0.160609
185,151,0.172886
185,152,0.147907
185,153,0.115058
185,154,0.139723
185,155,0.131981
185,156,0.096404
185,157,0.035467
185,158,0.141821
185,159,0.039661
185,160,0.096501
185,161,0.037001
185,162,0.061015
185,163,0.081539
185,164,0.123201
185,165,0.380624
185,166,0.322375
185,167,0.477386
185,168,0.274956
185,169,0.392467
185,170,0.431032
185,171,0.354079
185,172,0.252579
185,173,0.270662
185,174,0.184581
185,175,0.151976
185,176,0.234856
185,177,0.325737
185,178,0.397639
185,179,0.382962
185,180,0.164995
185,181,0.188463
185,182,0.296288
185,183,0.419300
185,184,0.741000
185,185,1.000000
185,186,0.578859
185,187,0.597111
185,188,0.480027
185,189,0.478799
185,190,0.461589
186,1,0.233628
186,2,0.139835
186,3,0.120658
186,4,0.183228
186,5,0.297203
186,6,0.346559
186,7,0.384036
186,8,0.312116
186,9,0.243637
186,10,0.254311
186,11,0.184365
186,12,0.256599
186,13,0.354725
186,14,0.346126
186,15,0.306276
186,16,0.285981
186,17,0.253129
186,18,0.278076
186,19,0.311744
186,20,0.338051
186,21,0.365271
186,22,0.248802
186,23,0.289688
186,24,0.241489
186,25,0.214187
186,26,0.198428
186,27,0.136753
186,28,0.156161
186,29,0.161361
186,30,0.105985
186,31,0.135498
186,32,0.034240
186,33,0.077625
186,34,0.140913
186,35,0.172952
186,36,0.192926
186,37,0.188754
186,38,0.182636
186,39,0.285172
186,40,0.295147
186,41,0.224100
186,42,0.254692
186,43,0.226171
186,44,0.192542
186,45,0.171477
186,46,0.237267
186,47,0.252527
186,48,0.234024
186,49,0.229255
186,50,0.305656
186,51,0.286481
186,52,0.304924
186,53,0.288717
186,54,0.238650
186,55,0.256067
186,56,0.317813
186,57,0.295039
186,58,0.240184
186,59,0.276089
186,60,0.307276
186,61,0.256853
186,62,0.201632
186,63,0.107858
186,64,0.097478
186,65,0.139923
186,66,0.161597
186,67,0.204173
186,68,0.213482
186,69,0.184514
186,70,0.217758
186,71,0.259731
186,72,0.293511
186,73,0.232199
186,74,0.297136
186,75,0.286870
186,76,0.238071
186,77,0.298794
186,78,0.195131
186,79,0.164179
186,80,0.265146
186,81,0.174712
186,82,0.070431
186,83,0.175236
186,84,0.162903
186,85,0.185635
186,86,0.113738
186,87,0.140104
186,88,0.103094
186,89,0.192375
186,90,0.227517
186,91,0.196786
186,92,0.189121
186,93,0.238164
186,94,0.246061
186,95,0.291576
186,96,0.332747
186,97,0.343312
186,98,0.310276
186,99,0.302311
186,100,0.196509
186,101,0.273518
186,102,0.308440
186,103,0.254561
186,104,0.181906
186,105,0.104336
186,106,0.182950
186,107,0.146932
186,108,0.239035
186,109,0.180933
186,110,0.234506
186,111,0.158358
186,112,0.169304
186,113,0.187770
186,114,0.254462
186,115,0.251354
186,116,0.186457
186,117,0.230869
186,118,0.145004
186,119,0.102047
186,120,0.114324
186,121,0.144735
186,122,0.104366
186,123,0.207247
186,124,0.193874
186,125,0.182932
186,126,0.205879
186,127,0.112296
186,128,0.110014
186,129,0.215527
186,130,0.127375
186,131,0.218008
186,132,0.230472
186,133,0.132492
186,134,0.103780
186,135,0.198268
186,136,0.187079
186,137,0.106367
186,138,0.116144
186,139,0.176164
186,140,0.166633
186,141,0.107631
186,142,0.084015
186,143,0.083553
186,144,0.042048
186,145,-0.025200
186,146,0.065364
186,147,0.086689
186,148,0.135455
186,149,0.110170
186,150,0.195321
186,151,0.153279
186,152,0.126992
186,153,0.113432
186,154,0.116440
186,155,0.118849
186,156,0.081739
186,157,-0.012802
186,158,0.089613
186,159,0.063871
186,160,0.138809
186,161,0.164055
186,162,0.187633
186,163,0.213502
186,164,0.249092
186,165,0.437651
186,166,0.369701
186,167,0.448201
186,168,0.260749
186,169,0.299865
186,170,0.283805
186,171,0.231439
186,172,0.184904
186,173,0.187907
186,174,0.126857
186,175,0.091051
186,176,0.151779
186,177,0.217624
186,178,0.274941
186,179,0.258136
186,180,0.123663
186,181,0.145519
186,182,0.097406
186,183,0.131007
186,184,0.400329
186,185,0.578859
186,186,1.000000
186,187,0.836359
186,188,0.601930
186,189,0.522497
186,190,0.580642
187,1,0.240592
187,2,0.130947
187,3,0.126456
187,4,0.210544
187,5,0.335584
187,6,0.384266
187,7,0.421627
187,8,0.361354
187,9,0.287458
187,10,0.281857
187,11,0.187114
187,12,0.242239
187,13,0.375063
187,14,0.375921
187,15,0.345711
187,16,0.333946
187,17,0.304599
187,18,0.320304
187,19,0.352751
187,20,0.367774
187,21,0.383350
187,22,0.231404
187,23,0.293678
187,24,0.320781
187,25,0.292073
187,26,0.233602
187,27,0.162202
187,28,0.182348
187,29,0.193580
187,30,0.124216
187,31,0.121537
187,32,0.071165
187,33,0.076018
187,34,0.160255
187,35,0.150607
187,36,0.191411
187,37,0.193597
187,38,0.208725
187,39,0.334468
187,40,0.336961
187,41,0.275383
187,42,0.312866
187,43,0.242576
187,44,0.186987
187,45,0.178761
187,46,0.255055
187,47,0.276950
187,48,0.267462
187,49,0.267913
187,50,0.361229
187,51,0.339358
187,52,0.333469
187,53,0.297937
187,54,0.220400
187,55,0.254987
187,56,0.316729
187,57,0.294472
187,58,0.238779
187,59,0.281039
187,60,0.337497
187,61,0.297550
187,62,0.262464
187,63,0.170309
187,64,0.150990
187,65,0.156576
187,66,0.205403
187,67,0.303121
187,68,0.317875
187,69,0.250533
187,70,0.280427
187,71,0.307199
187,72,0.347693
187,73,0.291758
187,74,0.332965
187,75,0.288729
187,76,0.285914
187,77,0.301353
187,78,0.167156
187,79,0.160721
187,80,0.247931
187,81,0.144423
187,82,0.024409
187,83,0.132700
187,84,0.144176
187,85,0.177591
187,86,0.102257
187,87,0.133976
187,88,0.094821
187,89,0.193433
187,90,0.255011
187,91,0.201098
187,92,0.179994
187,93,0.236762
187,94,0.237119
187,95,0.307891
187,96,0.371311
187,97,0.381631
187,98,0.327130
187,99,0.289321
187,100,0.232750
187,101,0.312230
187,102,0.330428
187,103,0.258751
187,104,0.160428
187,105,0.049561
187,106,0.135920
187,107,0.144814
187,108,0.233410
187,109,0.212564
187,110,0.277742
187,111,0.182652
187,112,0.179733
187,113,0.197829
187,114,0.268789
187,115,0.270252
187,116,0.165357
187,117,0.222454
187,118,0.158420
187,119,0.160731
187,120,0.170924
187,121,0.178235
187,122,0.129254
187,123,0.244157
187,124,0.215842
187,125,0.209022
187,126,0.223515
187,127,0.134383
187,128,0.107219
187,129,0.216595
187,130,0.109769
187,131,0.221583
187,132,0.259751
187,133,0.158324
187,134,0.114160
187,135,0.227427
187,136,0.221738
187,137,0.116374
187,138,0.114711
187,139,0.203703
187,140,0.197550
187,141,0.101648
187,142,0.055917
187,143,0.072076
187,144,0.034090
187,145,-0.026777
187,146,0.042796
187,147,0.067167
187,148,0.122360
187,149,0.139060
187,150,0.198870
187,151,0.161185
187,152,0.157311
187,153,0.154807
187,154,0.135916
187,155,0.165388
187,156,0.145469
187,157,0.050762
187,158,0.099292
187,159,0.056203
187,160,0.139042
187,161,0.179559
187,162,0.200895
187,163,0.220335
187,164,0.270671
187,165,0.564406
187,166,0.461937
187,167,0.562523
187,168,0.332204
187,169,0.371181
187,170,0.333276
187,171,0.256660
187,172,0.232801
187,173,0.256928
187,174,0.160381
187,175,0.082041
187,176,0.130108
187,177,0.227066
187,178,0.276048
187,179,0.274311
187,180,0.124391
187,181,0.161338
187,182,0.067734
187,183,0.178287
187,184,0.384471
187,185,0.597111
187,186,0.836359
187,187,1.000000
187,188,0.804967
187,189,0.701523
187,190,0.678365
188,1,0.204596
188,2,0.088592
188,3,0.101197
188,4,0.199197
188,5,0.325014
188,6,0.361918
188,7,0.396254
188,8,0.352652
188,9,0.282474
188,10,0.265392
188,11,0.156098
188,12,0.197885
188,13,0.334547
188,14,0.343493
188,15,0.321827
188,16,0.317250
188,17,0.306056
188,18,0.309735
188,19,0.343068
188,20,0.352319
188,21,0.356186
188,22,0.179698
188,23,0.244786
188,24,0.326353
188,25,0.300996
188,26,0.221935
188,27,0.143897
188,28,0.167615
188,29,0.182773
188,30,0.116714
188,31,0.108652
188,32,0.065793
188,33,0.053355
188,34,0.144000
188,35,0.117036
188,36,0.143581
188,37,0.184138
188,38,0.208000
188,39,0.340507
188,40,0.334657
188,41,0.285170
188,42,0.319838
188,43,0.218983
188,44,0.146277
188,45,0.146373
188,46,0.217672
188,47,0.246198
188,48,0.254732
188,49,0.269717
188,50,0.363731
188,51,0.336877
188,52,0.310697
188,53,0.262006
188,54,0.186267
188,55,0.231072
188,56,0.297713
188,57,0.285899
188,58,0.243715
188,59,0.273979
188,60,0.328736
188,61,0.306296
188,62,0.280368
188,63,0.197997
188,64,0.165023
188,65,0.146096
188,66,0.221877
188,67,0.373438
188,68,0.381180
188,69,0.277210
188,70,0.273367
188,71,0.321545
188,72,0.370712
188,73,0.324799
188,74,0.331595
188,75,0.260552
188,76,0.291155
188,77,0.266683
188,78,0.126817
188,79,0.141255
188,80,0.225632
188,81,0.130959
188,82,0.006219
188,83,0.127856
188,84,0.135159
188,85,0.147439
188,86,0.045496
188,87,0.079256
188,88,0.047982
188,89,0.177070
188,90,0.248435
188,91,0.181670
188,92,0.151838
188,93,0.233624
188,94,0.240677
188,95,0.315320
188,96,0.377497
188,97,0.389607
188,98,0.308931
188,99,0.265100
188,100,0.228915
188,101,0.302010
188,102,0.326642
188,103,0.253131
188,104,0.164516
188,105,0.024931
188,106,0.097135
188,107,0.144177
188,108,0.225967
188,109,0.196797
188,110,0.256188
188,111,0.146284
188,112,0.128469
188,113,0.151107
188,114,0.208270
188,115,0.207273
188,116,0.129234
188,117,0.174744
188,118,0.142988
188,119,0.169130
188,120,0.189775
188,121,0.178992
188,122,0.129909
188,123,0.251058
188,124,0.187452
188,125,0.195195
188,126,0.227714
188,127,0.133789
188,128,0.097728
188,129,0.151019
188,130,0.055293
188,131,0.163407
188,132,0.208872
188,133,0.133712
188,134,0.104813
188,135,0.203523
188,136,0.202368
188,137,0.119160
188,138,0.098882
188,139,0.177557
188,140,0.200152
188,141,0.096562
188,142,0.042189
188,143,0.070523
188,144,0.027460
188,145,-0.021987
188,146,0.019533
188,147,0.035183
188,148,0.069102
188,149,0.101216
188,150,0.143549
188,151,0.106821
188,152,0.121017
188,153,0.141521
188,154,0.111420
188,155,0.149778
188,156,0.137536
188,157,0.049749
188,158,0.105319
188,159,0.051030
188,160,0.153765
188,161,0.178956
188,162,0.199201
188,163,0.228388
188,164,0.281198
188,165,0.630103
188,166,0.485498
188,167,0.501439
188,168,0.305985
188,169,0.344902
188,170,0.284660
188,171,0.203310
188,172,0.230093
188,173,0.265720
188,174,0.158795
188,175,0.080655
188,176,0.101666
188,177,0.186752
188,178,0.211703
188,179,0.206698
188,180,0.111486
188,181,0.135443
188,182,0.068168
188,183,0.202074
188,184,0.347287
188,185,0.480027
188,186,0.601930
188,187,0.804967
188,188,1.000000
188,189,0.828532
188,190,0.740503
189,1,0.186040
189,2,0.064994
189,3,0.072711
189,4,0.174783
189,5,0.310971
189,6,0.347405
189,7,0.386007
189,8,0.363942
189,9,0.289422
189,10,0.257510
189,11,0.125753
189,12,0.165965
189,13,0.320048
189,14,0.352948
189,15,0.359965
189,16,0.348282
189,17,0.353930
189,18,0.353444
189,19,0.391060
189,20,0.373884
189,21,0.359440
189,22,0.147805
189,23,0.198706
189,24,0.328081
189,25,0.310186
189,26,0.223785
189,27,0.111445
189,28,0.151500
189,29,0.175893
189,30,0.095312
189,31,0.126332
189,32,0.094633
189,33,0.022910
189,34,0.122814
189,35,0.074383
189,36,0.083574
189,37,0.135931
189,38,0.193801
189,39,0.364431
189,40,0.344759
189,41,0.310362
189,42,0.326064
189,43,0.238768
189,44,0.106750
189,45,0.131962
189,46,0.187791
189,47,0.213027
189,48,0.225175
189,49,0.250582
189,50,0.338270
189,51,0.301865
189,52,0.267767
189,53,0.209278
189,54,0.146180
189,55,0.226073
189,56,0.305376
189,57,0.315663
189,58,0.197902
189,59,0.250516
189,60,0.334547
189,61,0.307231
189,62,0.296037
189,63,0.196776
189,64,0.161946
189,65,0.096425
189,66,0.220618
189,67,0.468113
189,68,0.494608
189,69,0.354642
189,70,0.365074
189,71,0.396395
189,72,0.454932
189,73,0.369945
189,74,0.378462
189,75,0.295971
189,76,0.350788
189,77,0.289776
189,78,0.154215
189,79,0.199048
189,80,0.274340
189,81,0.169343
189,82,0.073712
189,83,0.171180
189,84,0.121513
189,85,0.132233
189,86,0.047451
189,87,0.059918
189,88,0.001793
189,89,0.155140
189,90,0.239335
189,91,0.171154
189,92,0.122677
189,93,0.215019
189,94,0.218970
189,95,0.285587
189,96,0.395432
189,97,0.422694
189,98,0.312340
189,99,0.266664
189,100,0.200650
189,101,0.270122
189,102,0.272446
189,103,0.231613
189,104,0.140800
189,105,-0.025311
189,106,0.085063
189,107,0.172485
189,108,0.274193
189,109,0.186826
189,110,0.220356
189,111,0.100452
189,112,0.067929
189,113,0.109574
189,114,0.153572
189,115,0.155702
189,116,0.070951
189,117,0.142860
189,118,0.140483
189,119,0.210912
189,120,0.190135
189,121,0.179959
189,122,0.149450
189,123,0.280876
189,124,0.100745
189,125,0.125135
189,126,0.201491
189,127,0.095891
189,128,0.056651
189,129,0.110623
189,130,0.042408
189,131,0.131230
189,132,0.179411
189,133,0.124015
189,134,0.040738
189,135,0.146665
189,136,0.162497
189,137,0.071130
189,138,0.054702
189,139,0.120141
189,140,0.149340
189,141,0.070073
189,142,0.018603
189,143,0.039782
189,144,0.010589
189,145,-0.053860
189,146,-0.024279
189,147,-0.005366
189,148,0.032156
189,149,0.043680
189,150,0.163483
189,151,0.153504
189,152,0.169837
189,153,0.167170
189,154,0.166496
189,155,0.234677
189,156,0.177858
189,157,0.086996
189,158,0.131761
189,159,0.044427
189,160,0.116474
189,161,0.126591
189,162,0.154685
189,163,0.184084
189,164,0.245650
189,165,0.669782
189,166,0.537177
189,167,0.513498
189,168,0.299160
189,169,0.341382
189,170,0.274348
189,171,0.205105
189,172,0.236964
189,173,0.323451
189,174,0.207096
189,175,0.127077
189,176,0.135431
189,177,0.212811
189,178,0.211235
189,179,0.212179
189,180,0.104461
189,181,0.123476
189,182,0.103882
189,183,0.264646
189,184,0.375977
189,185,0.478799
189,186,0.522497
189,187,0.701523
189,188,0.828532
189,189,1.000000
189,190,0.806319
190,1,0.159826
190,2,0.068243
190,3,0.049652
190,4,0.118322
190,5,0.226887
190,6,0.264580
190,7,0.294644
190,8,0.260030
190,9,0.205429
190,10,0.197952
190,11,0.095500
190,12,0.158082
190,13,0.262882
190,14,0.280291
190,15,0.278834
190,16,0.277066
190,17,0.263830
190,18,0.271217
190,19,0.302430
190,20,0.298101
190,21,0.306793
190,22,0.155212
190,23,0.177403
190,24,0.219479
190,25,0.204166
190,26,0.161776
190,27,0.096311
190,28,0.117105
190,29,0.126164
190,30,0.072386
190,31,0.094282
190,32,0.065088
190,33,0.036428
190,34,0.090936
190,35,0.089295
190,36,0.087984
190,37,0.152564
190,38,0.167419
190,39,0.296997
190,40,0.286894
190,41,0.225579
190,42,0.221771
190,43,0.190545
190,44,0.120556
190,45,0.117486
190,46,0.159504
190,47,0.186039
190,48,0.184954
190,49,0.186912
190,50,0.252156
190,51,0.228685
190,52,0.224940
190,53,0.197006
190,54,0.175360
190,55,0.209326
190,56,0.273529
190,57,0.268516
190,58,0.192179
190,59,0.211891
190,60,0.257826
190,61,0.221958
190,62,0.206948
190,63,0.106817
190,64,0.073229
190,65,0.031476
190,66,0.104035
190,67,0.325459
190,68,0.382969
190,69,0.213661
190,70,0.237523
190,71,0.301785
190,72,0.380520
190,73,0.292306
190,74,0.303645
190,75,0.267128
190,76,0.278539
190,77,0.252303
190,78,0.157616
190,79,0.194861
190,80,0.254680
190,81,0.184930
190,82,0.095283
190,83,0.179819
190,84,0.138986
190,85,0.121537
190,86,0.042624
190,87,0.057372
190,88,0.020430
190,89,0.124220
190,90,0.189579
190,91,0.150305
190,92,0.134167
190,93,0.212200
190,94,0.201258
190,95,0.237706
190,96,0.317323
190,97,0.325911
190,98,0.260428
190,99,0.255539
190,100,0.155680
190,101,0.193340
190,102,0.226758
190,103,0.183820
190,104,0.141642
190,105,0.034627
190,106,0.104389
190,107,0.178996
190,108,0.251209
190,109,0.172412
190,110,0.203144
190,111,0.109380
190,112,0.078350
190,113,0.084695
190,114,0.140672
190,115,0.121676
190,116,0.104475
190,117,0.145598
190,118,0.116820
190,119,0.134208
190,120,0.119358
190,121,0.127140
190,122,0.099854
190,123,0.199252
190,124,0.117726
190,125,0.134459
190,126,0.191067
190,127,0.092788
190,128,0.085229
190,129,0.115336
190,130,0.051944
190,131,0.120675
190,132,0.138295
190,133,0.091592
190,134,0.032918
190,135,0.098312
190,136,0.092394
190,137,0.027900
190,138,0.032411
190,139,0.066249
190,140,0.081746
190,141,0.043785
190,142,0.027840
190,143,0.052453
190,144,0.032693
190,145,-0.048008
190,146,0.041873
190,147,0.032070
190,148,0.018998
190,149,0.024756
190,150,0.134854
190,151,0.086291
190,152,0.094186
190,153,0.102789
190,154,0.092243
190,155,0.135559
190,156,0.087496
190,157,0.021650
190,158,0.106597
190,159,0.047402
190,160,0.125221
190,161,0.108450
190,162,0.122285
190,163,0.132576
190,164,0.172343
190,165,0.505873
190,166,0.373093
190,167,0.390238
190,168,0.197270
190,169,0.270457
190,170,0.240570
190,171,0.175632
190,172,0.177572
190,173,0.224026
190,174,0.139008
190,175,0.102844
190,176,0.125622
190,177,0.174352
190,178,0.189113
190,179,0.170642
190,180,0.086322
190,181,0.114003
190,182,0.121342
190,183,0.240339
190,184,0.350811
190,185,0.461589
190,186,0.580642
190,187,0.678365
190,188,0.740503
190,189,0.806319
190,190,1.000000
