residue_i,residue_j,std
1,1,0.000000
1,2,0.009795
1,3,0.307992
1,4,0.307915
1,5,0.086667
1,6,0.020768
1,7,0.050264
1,8,0.220404
1,9,0.200189
1,10,0.199573
1,11,0.225122
1,12,0.219097
1,13,0.210420
1,14,0.173843
1,15,0.208645
1,16,0.108903
1,17,0.176568
1,18,0.183403
1,19,0.389550
1,20,0.373365
1,21,0.412253
1,22,0.325162
1,23,0.310830
1,24,0.276212
1,25,0.286331
1,26,0.291646
1,27,0.256295
1,28,0.285367
1,29,0.299457
1,30,0.272577
1,31,0.326490
1,32,0.259513
1,33,0.263487
1,34,0.259530
1,35,0.152562
1,36,0.220468
1,37,0.305440
1,38,0.260123
1,39,0.239257
1,40,0.211831
1,41,0.263514
1,42,0.361897
1,43,0.266064
1,44,0.430427
1,45,0.269992
1,46,0.308472
1,47,0.243350
1,48,0.205320
1,49,0.415213
1,50,0.367464
1,51,0.404493
1,52,0.414641
1,53,0.400709
1,54,0.335624
1,55,0.395484
1,56,0.199303
1,57,0.230550
1,58,0.265596
1,59,0.196615
1,60,0.207398
1,61,0.307011
1,62,0.342035
1,63,0.442237
1,64,0.375114
1,65,0.396943
1,66,0.286930
1,67,0.302325
1,68,0.273442
1,69,0.196695
1,70,0.259824
1,71,0.121233
1,72,0.167473
1,73,0.134640
1,74,0.107289
1,75,0.372050
1,76,0.350572
1,77,0.578573
1,78,0.438930
1,79,0.351215
1,80,0.296165
1,81,0.271236
1,82,0.267185
1,83,0.164354
1,84,0.107316
1,85,0.009363
1,86,0.010965
1,87,0.139732
1,88,0.170251
1,89,0.021988
1,90,0.087769
1,91,0.141569
1,92,0.191383
1,93,0.046984
1,94,0.021391
1,95,0.134125
1,96,0.238695
1,97,0.245265
1,98,0.070426
1,99,0.048474
1,100,0.018654
1,101,0.028763
1,102,0.012058
1,103,0.005575
1,104,0.032121
1,105,0.091367
1,106,0.075961
1,107,0.034143
1,108,0.082066
1,109,0.019855
1,110,0.129586
1,111,0.279189
1,112,0.271336
1,113,0.450612
1,114,0.346509
1,115,0.220993
1,116,0.295428
1,117,0.099511
2,1,0.009795
2,2,0.000000
2,3,0.173990
2,4,0.271167
2,5,0.142584
2,6,0.059834
2,7,0.083171
2,8,0.248444
2,9,0.218933
2,10,0.208480
2,11,0.227742
2,12,0.292540
2,13,0.297561
2,14,0.195572
2,15,0.217201
2,16,0.107649
2,17,0.184418
2,18,0.092519
2,19,0.277738
2,20,0.250438
2,21,0.311021
2,22,0.251926
2,23,0.252034
2,24,0.295265
2,25,0.321891
2,26,0.326370
2,27,0.314188
2,28,0.342653
2,29,0.307220
2,30,0.276609
2,31,0.325175
2,32,0.229907
2,33,0.212404
2,34,0.202007
2,35,0.085973
2,36,0.135080
2,37,0.226346
2,38,0.188980
2,39,0.189338
2,40,0.201012
2,41,0.269975
2,42,0.341520
2,43,0.296449
2,44,0.367266
2,45,0.261432
2,46,0.294969
2,47,0.207583
2,48,0.211178
2,49,0.325308
2,50,0.324440
2,51,0.336959
2,52,0.360361
2,53,0.380304
2,54,0.376391
2,55,0.427455
2,56,0.189144
2,57,0.215528
2,58,0.238211
2,59,0.200189
2,60,0.144629
2,61,0.231660
2,62,0.259702
2,63,0.382906
2,64,0.281854
2,65,0.315529
2,66,0.260880
2,67,0.258243
2,68,0.291043
2,69,0.235262
2,70,0.328819
2,71,0.120194
2,72,0.138268
2,73,0.192419
2,74,0.098156
2,75,0.362139
2,76,0.359262
2,77,0.568696
2,78,0.402066
2,79,0.290646
2,80,0.287831
2,81,0.319383
2,82,0.252205
2,83,0.113336
2,84,0.085919
2,85,0.005396
2,86,0.027391
2,87,0.097026
2,88,0.136639
2,89,0.034659
2,90,0.092168
2,91,0.110910
2,92,0.188231
2,93,0.073657
2,94,0.015434
2,95,0.167475
2,96,0.187049
2,97,0.195132
2,98,0.034355
2,99,0.072056
2,100,0.057144
2,101,0.124341
2,102,0.046668
2,103,0.104369
2,104,0.005497
2,105,0.011609
2,106,0.083697
2,107,0.044400
2,108,0.108365
2,109,0.015228
2,110,0.131386
2,111,0.357243
2,112,0.322459
2,113,0.550118
2,114,0.422745
2,115,0.254950
2,116,0.351205
2,117,0.128605
3,1,0.307992
3,2,0.173990
3,3,0.000000
3,4,0.136017
3,5,0.177434
3,6,0.190773
3,7,0.148362
3,8,0.228964
3,9,0.241407
3,10,0.268426
3,11,0.211151
3,12,0.244867
3,13,0.222860
3,14,0.241272
3,15,0.140474
3,16,0.137814
3,17,0.142048
3,18,0.090431
3,19,0.013501
3,20,0.016571
3,21,0.068702
3,22,0.051317
3,23,0.112029
3,24,0.290339
3,25,0.322050
3,26,0.305480
3,27,0.291123
3,28,0.308667
3,29,0.321950
3,30,0.317408
3,31,0.266079
3,32,0.197704
3,33,0.186908
3,34,0.161222
3,35,0.018268
3,36,0.085227
3,37,0.135288
3,38,0.092952
3,39,0.059817
3,40,0.142415
3,41,0.171336
3,42,0.204312
3,43,0.254442
3,44,0.203239
3,45,0.172308
3,46,0.205592
3,47,0.079336
3,48,0.144569
3,49,0.092212
3,50,0.129154
3,51,0.166207
3,52,0.233163
3,53,0.274806
3,54,0.293306
3,55,0.382963
3,56,0.157434
3,57,0.208967
3,58,0.200512
3,59,0.253527
3,60,0.129266
3,61,0.124123
3,62,0.136901
3,63,0.191955
3,64,0.104742
3,65,0.127939
3,66,0.128337
3,67,0.180608
3,68,0.255349
3,69,0.225917
3,70,0.382658
3,71,0.222841
3,72,0.006328
3,73,0.075907
3,74,0.018702
3,75,0.152820
3,76,0.264495
3,77,0.295925
3,78,0.256232
3,79,0.188224
3,80,0.277499
3,81,0.233666
3,82,0.135460
3,83,0.045154
3,84,0.079259
3,85,0.024688
3,86,0.007539
3,87,0.044243
3,88,0.111398
3,89,0.089478
3,90,0.054073
3,91,0.040630
3,92,0.125882
3,93,0.089603
3,94,0.065451
3,95,0.102238
3,96,0.008387
3,97,0.021081
3,98,0.118606
3,99,0.071072
3,100,0.087252
3,101,0.186510
3,102,0.055443
3,103,0.194427
3,104,0.072157
3,105,0.108964
3,106,0.086317
3,107,0.126859
3,108,0.050598
3,109,0.022843
3,110,0.056017
3,111,0.359090
3,112,0.337931
3,113,0.537787
3,114,0.471929
3,115,0.320931
3,116,0.381690
3,117,0.231127
4,1,0.307915
4,2,0.271167
4,3,0.136017
4,4,0.000000
4,5,0.248488
4,6,0.261786
4,7,0.099978
4,8,0.127892
4,9,0.190607
4,10,0.192494
4,11,0.153542
4,12,0.140120
4,13,0.164388
4,14,0.118764
4,15,0.046213
4,16,0.017785
4,17,0.036363
4,18,0.050306
4,19,0.068134
4,20,0.090688
4,21,0.129935
4,22,0.091251
4,23,0.135132
4,24,0.135796
4,25,0.077256
4,26,0.083126
4,27,0.066125
4,28,0.124785
4,29,0.122273
4,30,0.104891
4,31,0.125030
4,32,0.145115
4,33,0.149503
4,34,0.201569
4,35,0.054859
4,36,0.137690
4,37,0.027151
4,38,0.050030
4,39,0.001931
4,40,0.055652
4,41,0.017140
4,42,0.051869
4,43,0.089530
4,44,0.129263
4,45,0.112048
4,46,0.142448
4,47,0.106553
4,48,0.141168
4,49,0.073209
4,50,0.064283
4,51,0.108931
4,52,0.086083
4,53,0.091158
4,54,0.185152
4,55,0.250732
4,56,0.034696
4,57,0.080944
4,58,0.080470
4,59,0.097992
4,60,0.049207
4,61,0.045295
4,62,0.044992
4,63,0.137514
4,64,0.070090
4,65,0.087147
4,66,0.095564
4,67,0.143720
4,68,0.166579
4,69,0.052265
4,70,0.124226
4,71,0.070737
4,72,0.044649
4,73,0.189369
4,74,0.212447
4,75,0.037846
4,76,0.024978
4,77,0.078029
4,78,0.129141
4,79,0.126072
4,80,0.131938
4,81,0.095430
4,82,0.037790
4,83,0.015743
4,84,0.014681
4,85,0.034419
4,86,0.055031
4,87,0.039522
4,88,0.064188
4,89,0.016020
4,90,0.021225
4,91,0.032537
4,92,0.026207
4,93,0.035439
4,94,0.014212
4,95,0.052748
4,96,0.051135
4,97,0.037487
4,98,0.051963
4,99,0.046147
4,100,0.042708
4,101,0.033600
4,102,0.068526
4,103,0.117485
4,104,0.039366
4,105,0.092541
4,106,0.017971
4,107,0.115067
4,108,0.064353
4,109,0.090327
4,110,0.117379
4,111,0.238093
4,112,0.198147
4,113,0.204222
4,114,0.317679
4,115,0.294756
4,116,0.278262
4,117,0.166286
5,1,0.086667
5,2,0.142584
5,3,0.177434
5,4,0.248488
5,5,0.000000
5,6,0.046301
5,7,0.015439
5,8,0.062148
5,9,0.114472
5,10,0.077374
5,11,0.066863
5,12,0.030280
5,13,0.000454
5,14,0.010511
5,15,0.022388
5,16,0.033060
5,17,0.062073
5,18,0.104007
5,19,0.259757
5,20,0.245348
5,21,0.269450
5,22,0.201044
5,23,0.211743
5,24,0.112506
5,25,0.091580
5,26,0.111083
5,27,0.139362
5,28,0.070677
5,29,0.001871
5,30,0.038631
5,31,0.112980
5,32,0.158863
5,33,0.223613
5,34,0.348311
5,35,0.239934
5,36,0.207055
5,37,0.073392
5,38,0.134396
5,39,0.070089
5,40,0.054088
5,41,0.001418
5,42,0.086208
5,43,0.060159
5,44,0.197200
5,45,0.107754
5,46,0.156490
5,47,0.181357
5,48,0.113977
5,49,0.197693
5,50,0.138950
5,51,0.180246
5,52,0.114402
5,53,0.062328
5,54,0.078879
5,55,0.110621
5,56,0.040413
5,57,0.002364
5,58,0.039902
5,59,0.022447
5,60,0.061128
5,61,0.142193
5,62,0.153957
5,63,0.216548
5,64,0.201104
5,65,0.234327
5,66,0.148997
5,67,0.143822
5,68,0.118932
5,69,0.002827
5,70,0.040244
5,71,0.068921
5,72,0.017066
5,73,0.073130
5,74,0.021782
5,75,0.094490
5,76,0.013131
5,77,0.123416
5,78,0.071606
5,79,0.070606
5,80,0.040071
5,81,0.059467
5,82,0.060238
5,83,0.077968
5,84,0.058226
5,85,0.032180
5,86,0.100276
5,87,0.135793
5,88,0.055535
5,89,0.006583
5,90,0.067467
5,91,0.054377
5,92,0.037818
5,93,0.019902
5,94,0.050884
5,95,0.044596
5,96,0.065381
5,97,0.104030
5,98,0.102802
5,99,0.151751
5,100,0.182224
5,101,0.126232
5,102,0.075433
5,103,0.001103
5,104,0.029161
5,105,0.008992
5,106,0.054833
5,107,0.085687
5,108,0.089806
5,109,0.027248
5,110,0.138357
5,111,0.194049
5,112,0.142550
5,113,0.248718
5,114,0.192642
5,115,0.143017
5,116,0.196753
5,117,0.066885
6,1,0.020768
6,2,0.059834
6,3,0.190773
6,4,0.261786
6,5,0.046301
6,6,0.000000
6,7,0.020883
6,8,0.078598
6,9,0.068333
6,10,0.053236
6,11,0.063767
6,12,0.043278
6,13,0.038931
6,14,0.003445
6,15,0.048877
6,16,0.019447
6,17,0.084448
6,18,0.141668
6,19,0.279884
6,20,0.277367
6,21,0.276135
6,22,0.202546
6,23,0.185806
6,24,0.068276
6,25,0.104234
6,26,0.110613
6,27,0.099694
6,28,0.039084
6,29,0.027945
6,30,0.003082
6,31,0.095824
6,32,0.127481
6,33,0.222042
6,34,0.323378
6,35,0.249346
6,36,0.149384
6,37,0.082247
6,38,0.109603
6,39,0.122836
6,40,0.063037
6,41,0.000438
6,42,0.100621
6,43,0.055639
6,44,0.211841
6,45,0.128818
6,46,0.151809
6,47,0.192431
6,48,0.076663
6,49,0.243568
6,50,0.176498
6,51,0.200354
6,52,0.120001
6,53,0.068809
6,54,0.083986
6,55,0.070217
6,56,0.080538
6,57,0.025047
6,58,0.022776
6,59,0.057392
6,60,0.023153
6,61,0.128220
6,62,0.154813
6,63,0.232163
6,64,0.196108
6,65,0.221041
6,66,0.141299
6,67,0.125010
6,68,0.094972
6,69,0.004224
6,70,0.069257
6,71,0.072388
6,72,0.044224
6,73,0.002809
6,74,0.029923
6,75,0.134559
6,76,0.109101
6,77,0.158377
6,78,0.049331
6,79,0.033708
6,80,0.008046
6,81,0.060544
6,82,0.054423
6,83,0.025301
6,84,0.002345
6,85,0.021151
6,86,0.067435
6,87,0.077455
6,88,0.032403
6,89,0.006248
6,90,0.076817
6,91,0.058046
6,92,0.069898
6,93,0.053473
6,94,0.105854
6,95,0.107399
6,96,0.066667
6,97,0.104743
6,98,0.129111
6,99,0.145672
6,100,0.201041
6,101,0.164748
6,102,0.118795
6,103,0.012593
6,104,0.057084
6,105,0.030039
6,106,0.022237
6,107,0.034146
6,108,0.050050
6,109,0.015527
6,110,0.103333
6,111,0.142110
6,112,0.089753
6,113,0.215805
6,114,0.131673
6,115,0.064077
6,116,0.143509
6,117,0.017362
7,1,0.050264
7,2,0.083171
7,3,0.148362
7,4,0.099978
7,5,0.015439
7,6,0.020883
7,7,0.000000
7,8,0.058946
7,9,0.007999
7,10,0.021303
7,11,0.067339
7,12,0.146105
7,13,0.200724
7,14,0.093887
7,15,0.095319
7,16,0.022972
7,17,0.077400
7,18,0.072406
7,19,0.195980
7,20,0.193375
7,21,0.170515
7,22,0.108409
7,23,0.091301
7,24,0.068892
7,25,0.065418
7,26,0.090555
7,27,0.156476
7,28,0.183573
7,29,0.081612
7,30,0.034061
7,31,0.107639
7,32,0.091544
7,33,0.168975
7,34,0.161810
7,35,0.116390
7,36,0.069806
7,37,0.121563
7,38,0.038050
7,39,0.155857
7,40,0.042340
7,41,0.040445
7,42,0.096702
7,43,0.092429
7,44,0.165796
7,45,0.116876
7,46,0.146134
7,47,0.156406
7,48,0.111483
7,49,0.249307
7,50,0.253938
7,51,0.239451
7,52,0.162740
7,53,0.160804
7,54,0.178602
7,55,0.155961
7,56,0.047842
7,57,0.031684
7,58,0.016366
7,59,0.011641
7,60,0.007146
7,61,0.072479
7,62,0.101214
7,63,0.160793
7,64,0.121873
7,65,0.135492
7,66,0.119611
7,67,0.083135
7,68,0.127177
7,69,0.059452
7,70,0.129795
7,71,0.041499
7,72,0.050464
7,73,0.001731
7,74,0.009593
7,75,0.168439
7,76,0.232738
7,77,0.253042
7,78,0.182998
7,79,0.111837
7,80,0.108262
7,81,0.163557
7,82,0.137677
7,83,0.078273
7,84,0.044709
7,85,0.038708
7,86,0.058943
7,87,0.098840
7,88,0.051091
7,89,0.064510
7,90,0.102046
7,91,0.109169
7,92,0.122501
7,93,0.097972
7,94,0.140343
7,95,0.138013
7,96,0.052866
7,97,0.057051
7,98,0.058166
7,99,0.008784
7,100,0.049536
7,101,0.026911
7,102,0.034544
7,103,0.053894
7,104,0.012971
7,105,0.016376
7,106,0.005804
7,107,0.012549
7,108,0.025659
7,109,0.003531
7,110,0.080801
7,111,0.160576
7,112,0.158262
7,113,0.237517
7,114,0.200716
7,115,0.084795
7,116,0.192981
7,117,0.001186
8,1,0.220404
8,2,0.248444
8,3,0.228964
8,4,0.127892
8,5,0.062148
8,6,0.078598
8,7,0.058946
8,8,0.000000
8,9,0.018694
8,10,0.154382
8,11,0.205808
8,12,0.237362
8,13,0.249092
8,14,0.088322
8,15,0.138339
8,16,0.089513
8,17,0.112492
8,18,0.024248
8,19,0.183184
8,20,0.180716
8,21,0.161570
8,22,0.077038
8,23,0.104887
8,24,0.180896
8,25,0.192007
8,26,0.236311
8,27,0.246923
8,28,0.263417
8,29,0.240747
8,30,0.170820
8,31,0.151921
8,32,0.133154
8,33,0.202534
8,34,0.188671
8,35,0.113609
8,36,0.134671
8,37,0.204332
8,38,0.122004
8,39,0.171733
8,40,0.102332
8,41,0.102158
8,42,0.180556
8,43,0.194339
8,44,0.209144
8,45,0.163910
8,46,0.211185
8,47,0.139998
8,48,0.156690
8,49,0.249304
8,50,0.252734
8,51,0.276368
8,52,0.203671
8,53,0.191766
8,54,0.171252
8,55,0.183454
8,56,0.029890
8,57,0.036777
8,58,0.116127
8,59,0.083902
8,60,0.079506
8,61,0.129424
8,62,0.156767
8,63,0.222480
8,64,0.153899
8,65,0.144078
8,66,0.100923
8,67,0.128369
8,68,0.186064
8,69,0.116787
8,70,0.196690
8,71,0.015245
8,72,0.065310
8,73,0.058837
8,74,0.056259
8,75,0.068948
8,76,0.254934
8,77,0.248098
8,78,0.218372
8,79,0.135300
8,80,0.146467
8,81,0.148778
8,82,0.117204
8,83,0.071715
8,84,0.070901
8,85,0.060676
8,86,0.085181
8,87,0.124708
8,88,0.136052
8,89,0.146181
8,90,0.136808
8,91,0.166849
8,92,0.183896
8,93,0.132943
8,94,0.145712
8,95,0.163762
8,96,0.079444
8,97,0.066283
8,98,0.050707
8,99,0.006749
8,100,0.046046
8,101,0.020824
8,102,0.068522
8,103,0.036783
8,104,0.012253
8,105,0.016985
8,106,0.039754
8,107,0.057547
8,108,0.002681
8,109,0.007410
8,110,0.098600
8,111,0.199769
8,112,0.228421
8,113,0.332409
8,114,0.286743
8,115,0.155466
8,116,0.237781
8,117,0.026875
9,1,0.200189
9,2,0.218933
9,3,0.241407
9,4,0.190607
9,5,0.114472
9,6,0.068333
9,7,0.007999
9,8,0.018694
9,9,0.000000
9,10,0.146525
9,11,0.212379
9,12,0.222674
9,13,0.207771
9,14,0.064907
9,15,0.121629
9,16,0.044615
9,17,0.095919
9,18,0.035219
9,19,0.214914
9,20,0.210835
9,21,0.230987
9,22,0.146642
9,23,0.161729
9,24,0.189771
9,25,0.136945
9,26,0.167945
9,27,0.162256
9,28,0.216110
9,29,0.217001
9,30,0.140606
9,31,0.172495
9,32,0.154534
9,33,0.216406
9,34,0.267422
9,35,0.173629
9,36,0.177481
9,37,0.169297
9,38,0.137900
9,39,0.178201
9,40,0.140382
9,41,0.101472
9,42,0.205878
9,43,0.199950
9,44,0.246454
9,45,0.164990
9,46,0.214246
9,47,0.141152
9,48,0.139143
9,49,0.234098
9,50,0.211867
9,51,0.251240
9,52,0.197748
9,53,0.183399
9,54,0.175357
9,55,0.212702
9,56,0.000096
9,57,0.064446
9,58,0.118981
9,59,0.083694
9,60,0.102318
9,61,0.157915
9,62,0.188169
9,63,0.269750
9,64,0.197644
9,65,0.205932
9,66,0.113093
9,67,0.142424
9,68,0.192010
9,69,0.094375
9,70,0.203478
9,71,0.017141
9,72,0.024734
9,73,0.039516
9,74,0.016580
9,75,0.134314
9,76,0.191031
9,77,0.250075
9,78,0.209534
9,79,0.131965
9,80,0.118580
9,81,0.145855
9,82,0.128605
9,83,0.081049
9,84,0.065198
9,85,0.035556
9,86,0.062272
9,87,0.124862
9,88,0.130082
9,89,0.087455
9,90,0.087027
9,91,0.153832
9,92,0.168187
9,93,0.104708
9,94,0.130053
9,95,0.171221
9,96,0.133253
9,97,0.118208
9,98,0.086284
9,99,0.085968
9,100,0.134357
9,101,0.096994
9,102,0.082294
9,103,0.063973
9,104,0.002698
9,105,0.011145
9,106,0.062229
9,107,0.088000
9,108,0.016766
9,109,0.009117
9,110,0.124548
9,111,0.215944
9,112,0.217170
9,113,0.368875
9,114,0.318929
9,115,0.198664
9,116,0.268890
9,117,0.076803
10,1,0.199573
10,2,0.208480
10,3,0.268426
10,4,0.192494
10,5,0.077374
10,6,0.053236
10,7,0.021303
10,8,0.154382
10,9,0.146525
10,10,0.000000
10,11,0.072145
10,12,0.115367
10,13,0.132858
10,14,0.108640
10,15,0.118108
10,16,0.049171
10,17,0.112439
10,18,0.022551
10,19,0.207772
10,20,0.220673
10,21,0.246451
10,22,0.149343
10,23,0.182150
10,24,0.184775
10,25,0.088783
10,26,0.095032
10,27,0.078673
10,28,0.130951
10,29,0.115649
10,30,0.077191
10,31,0.242142
10,32,0.228433
10,33,0.268881
10,34,0.284107
10,35,0.184736
10,36,0.199032
10,37,0.183179
10,38,0.165315
10,39,0.213712
10,40,0.160199
10,41,0.122408
10,42,0.214400
10,43,0.211227
10,44,0.261834
10,45,0.171711
10,46,0.211100
10,47,0.137461
10,48,0.136132
10,49,0.245812
10,50,0.203521
10,51,0.240707
10,52,0.219711
10,53,0.219216
10,54,0.224858
10,55,0.285765
10,56,0.070021
10,57,0.112575
10,58,0.133608
10,59,0.096736
10,60,0.122472
10,61,0.191472
10,62,0.214640
10,63,0.309871
10,64,0.229137
10,65,0.236465
10,66,0.147009
10,67,0.178650
10,68,0.204953
10,69,0.090436
10,70,0.212248
10,71,0.019303
10,72,0.050003
10,73,0.013078
10,74,0.013182
10,75,0.220579
10,76,0.206994
10,77,0.276107
10,78,0.223886
10,79,0.166284
10,80,0.141340
10,81,0.177850
10,82,0.129860
10,83,0.064814
10,84,0.050722
10,85,0.005901
10,86,0.052467
10,87,0.123284
10,88,0.114944
10,89,0.068202
10,90,0.105537
10,91,0.161031
10,92,0.188835
10,93,0.136227
10,94,0.164801
10,95,0.198990
10,96,0.176364
10,97,0.167475
10,98,0.135397
10,99,0.134273
10,100,0.200228
10,101,0.147852
10,102,0.123606
10,103,0.039193
10,104,0.027800
10,105,0.026326
10,106,0.098010
10,107,0.107835
10,108,0.042979
10,109,0.005953
10,110,0.120605
10,111,0.232161
10,112,0.213747
10,113,0.327888
10,114,0.299830
10,115,0.207165
10,116,0.268427
10,117,0.083083
11,1,0.225122
11,2,0.227742
11,3,0.211151
11,4,0.153542
11,5,0.066863
11,6,0.063767
11,7,0.067339
11,8,0.205808
11,9,0.212379
11,10,0.072145
11,11,0.000000
11,12,0.010408
11,13,0.025843
11,14,0.051993
11,15,0.059336
11,16,0.006713
11,17,0.067499
11,18,0.003528
11,19,0.170284
11,20,0.175464
11,21,0.242245
11,22,0.170617
11,23,0.234530
11,24,0.205980
11,25,0.010934
11,26,0.019826
11,27,0.053952
11,28,0.006745
11,29,0.022372
11,30,0.082028
11,31,0.230633
11,32,0.238387
11,33,0.271180
11,34,0.237061
11,35,0.162627
11,36,0.182865
11,37,0.136467
11,38,0.154091
11,39,0.167129
11,40,0.079562
11,41,0.037395
11,42,0.125259
11,43,0.118532
11,44,0.173486
11,45,0.100205
11,46,0.122361
11,47,0.090400
11,48,0.065874
11,49,0.166690
11,50,0.121324
11,51,0.160299
11,52,0.135087
11,53,0.166551
11,54,0.188319
11,55,0.256812
11,56,0.050534
11,57,0.096394
11,58,0.112194
11,59,0.079119
11,60,0.094226
11,61,0.170426
11,62,0.180246
11,63,0.233368
11,64,0.206834
11,65,0.241259
11,66,0.174529
11,67,0.209639
11,68,0.141683
11,69,0.037909
11,70,0.133888
11,71,0.051629
11,72,0.042342
11,73,0.061272
11,74,0.001798
11,75,0.174321
11,76,0.121143
11,77,0.147419
11,78,0.124113
11,79,0.130339
11,80,0.118749
11,81,0.155462
11,82,0.116907
11,83,0.074841
11,84,0.075341
11,85,0.026027
11,86,0.110050
11,87,0.148976
11,88,0.102770
11,89,0.039372
11,90,0.098702
11,91,0.134232
11,92,0.145575
11,93,0.101482
11,94,0.124388
11,95,0.148748
11,96,0.148922
11,97,0.145618
11,98,0.111769
11,99,0.167673
11,100,0.207028
11,101,0.147153
11,102,0.119024
11,103,0.054894
11,104,0.005467
11,105,0.009481
11,106,0.103350
11,107,0.128137
11,108,0.080131
11,109,0.017085
11,110,0.129832
11,111,0.234521
11,112,0.198268
11,113,0.278048
11,114,0.223667
11,115,0.156291
11,116,0.199796
11,117,0.049547
12,1,0.219097
12,2,0.292540
12,3,0.244867
12,4,0.140120
12,5,0.030280
12,6,0.043278
12,7,0.146105
12,8,0.237362
12,9,0.222674
12,10,0.115367
12,11,0.010408
12,12,0.000000
12,13,0.005440
12,14,0.039391
12,15,0.039285
12,16,0.001625
12,17,0.060805
12,18,0.015150
12,19,0.185045
12,20,0.184496
12,21,0.222235
12,22,0.140934
12,23,0.210054
12,24,0.184166
12,25,0.004761
12,26,0.035446
12,27,0.056388
12,28,0.016912
12,29,0.003540
12,30,0.094105
12,31,0.218874
12,32,0.255074
12,33,0.255545
12,34,0.222594
12,35,0.169154
12,36,0.193242
12,37,0.146526
12,38,0.152892
12,39,0.169119
12,40,0.051840
12,41,0.033791
12,42,0.112238
12,43,0.084412
12,44,0.150662
12,45,0.074326
12,46,0.088216
12,47,0.086898
12,48,0.071866
12,49,0.180341
12,50,0.141768
12,51,0.186936
12,52,0.142591
12,53,0.150637
12,54,0.150613
12,55,0.204067
12,56,0.018335
12,57,0.086129
12,58,0.094178
12,59,0.073388
12,60,0.091433
12,61,0.170715
12,62,0.183502
12,63,0.220033
12,64,0.189723
12,65,0.208040
12,66,0.158555
12,67,0.191309
12,68,0.119429
12,69,0.023554
12,70,0.084328
12,71,0.117042
12,72,0.060054
12,73,0.111157
12,74,0.061612
12,75,0.098868
12,76,0.083063
12,77,0.112216
12,78,0.125360
12,79,0.141935
12,80,0.130520
12,81,0.167894
12,82,0.114525
12,83,0.075957
12,84,0.086547
12,85,0.052132
12,86,0.115791
12,87,0.143170
12,88,0.099853
12,89,0.063927
12,90,0.153135
12,91,0.157922
12,92,0.163540
12,93,0.126925
12,94,0.138970
12,95,0.153850
12,96,0.134856
12,97,0.140016
12,98,0.116953
12,99,0.116174
12,100,0.168817
12,101,0.113379
12,102,0.129610
12,103,0.019541
12,104,0.028906
12,105,0.044776
12,106,0.123289
12,107,0.142472
12,108,0.114216
12,109,0.028123
12,110,0.120967
12,111,0.216468
12,112,0.187658
12,113,0.248861
12,114,0.217800
12,115,0.138155
12,116,0.167637
12,117,0.030002
13,1,0.210420
13,2,0.297561
13,3,0.222860
13,4,0.164388
13,5,0.000454
13,6,0.038931
13,7,0.200724
13,8,0.249092
13,9,0.207771
13,10,0.132858
13,11,0.025843
13,12,0.005440
13,13,0.000000
13,14,0.039880
13,15,0.033772
13,16,0.024466
13,17,0.070477
13,18,0.039634
13,19,0.214241
13,20,0.215254
13,21,0.210175
13,22,0.129836
13,23,0.184689
13,24,0.136313
13,25,0.023502
13,26,0.054507
13,27,0.069436
13,28,0.048469
13,29,0.010046
13,30,0.091023
13,31,0.194142
13,32,0.260658
13,33,0.280402
13,34,0.203936
13,35,0.167196
13,36,0.196744
13,37,0.181548
13,38,0.158891
13,39,0.200541
13,40,0.039753
13,41,0.046760
13,42,0.125409
13,43,0.093434
13,44,0.160825
13,45,0.084320
13,46,0.091931
13,47,0.075462
13,48,0.084801
13,49,0.220101
13,50,0.193626
13,51,0.239685
13,52,0.164229
13,53,0.151924
13,54,0.138690
13,55,0.187047
13,56,0.005086
13,57,0.075726
13,58,0.098249
13,59,0.059138
13,60,0.096524
13,61,0.179679
13,62,0.193539
13,63,0.215559
13,64,0.190067
13,65,0.179865
13,66,0.128839
13,67,0.163316
13,68,0.107149
13,69,0.006822
13,70,0.016810
13,71,0.181973
13,72,0.118881
13,73,0.140794
13,74,0.078341
13,75,0.056420
13,76,0.098184
13,77,0.080454
13,78,0.123873
13,79,0.145779
13,80,0.134225
13,81,0.164407
13,82,0.099779
13,83,0.064794
13,84,0.079847
13,85,0.035522
13,86,0.098668
13,87,0.119200
13,88,0.095323
13,89,0.096448
13,90,0.186808
13,91,0.170117
13,92,0.186515
13,93,0.146685
13,94,0.117041
13,95,0.144905
13,96,0.129208
13,97,0.118732
13,98,0.101626
13,99,0.064129
13,100,0.126163
13,101,0.096063
13,102,0.130124
13,103,0.122912
13,104,0.107371
13,105,0.098430
13,106,0.134263
13,107,0.139530
13,108,0.115071
13,109,0.039068
13,110,0.102072
13,111,0.151374
13,112,0.140647
13,113,0.198701
13,114,0.183659
13,115,0.123166
13,116,0.149537
13,117,0.004895
14,1,0.173843
14,2,0.195572
14,3,0.241272
14,4,0.118764
14,5,0.010511
14,6,0.003445
14,7,0.093887
14,8,0.088322
14,9,0.064907
14,10,0.108640
14,11,0.051993
14,12,0.039391
14,13,0.039880
14,14,0.000000
14,15,0.036849
14,16,0.025332
14,17,0.015306
14,18,0.109564
14,19,0.047321
14,20,0.042092
14,21,0.024217
14,22,0.037482
14,23,0.039768
14,24,0.150934
14,25,0.144807
14,26,0.124077
14,27,0.088311
14,28,0.091424
14,29,0.132379
14,30,0.142445
14,31,0.088025
14,32,0.076398
14,33,0.057900
14,34,0.026720
14,35,0.001321
14,36,0.019130
14,37,0.102840
14,38,0.078717
14,39,0.050788
14,40,0.062974
14,41,0.066642
14,42,0.047749
14,43,0.074508
14,44,0.003993
14,45,0.021193
14,46,0.030259
14,47,0.063881
14,48,0.031037
14,49,0.061791
14,50,0.053654
14,51,0.043022
14,52,0.067625
14,53,0.047143
14,54,0.047294
14,55,0.058929
14,56,0.001829
14,57,0.089416
14,58,0.102560
14,59,0.060913
14,60,0.026736
14,61,0.056611
14,62,0.054292
14,63,0.065564
14,64,0.010961
14,65,0.007773
14,66,0.017667
14,67,0.074475
14,68,0.085544
14,69,0.058379
14,70,0.060065
14,71,0.140511
14,72,0.134672
14,73,0.056120
14,74,0.127640
14,75,0.142771
14,76,0.049123
14,77,0.050367
14,78,0.045324
14,79,0.042115
14,80,0.033209
14,81,0.045875
14,82,0.070394
14,83,0.079006
14,84,0.089306
14,85,0.047901
14,86,0.034243
14,87,0.084849
14,88,0.104861
14,89,0.063904
14,90,0.051318
14,91,0.088346
14,92,0.110333
14,93,0.085034
14,94,0.070628
14,95,0.034667
14,96,0.013714
14,97,0.062492
14,98,0.080154
14,99,0.070425
14,100,0.087095
14,101,0.133011
14,102,0.055528
14,103,0.087932
14,104,0.012476
14,105,0.048532
14,106,0.074585
14,107,0.079816
14,108,0.045791
14,109,0.001128
14,110,0.058313
14,111,0.221921
14,112,0.178168
14,113,0.119675
14,114,0.004087
14,115,0.060707
14,116,0.034764
14,117,0.070998
15,1,0.208645
15,2,0.217201
15,3,0.140474
15,4,0.046213
15,5,0.022388
15,6,0.048877
15,7,0.095319
15,8,0.138339
15,9,0.121629
15,10,0.118108
15,11,0.059336
15,12,0.039285
15,13,0.033772
15,14,0.036849
15,15,0.000000
15,16,0.026866
15,17,0.015547
15,18,0.087348
15,19,0.014929
15,20,0.007891
15,21,0.014127
15,22,0.011946
15,23,0.058761
15,24,0.145809
15,25,0.114271
15,26,0.089081
15,27,0.066012
15,28,0.074782
15,29,0.119114
15,30,0.145014
15,31,0.146651
15,32,0.110376
15,33,0.087638
15,34,0.081998
15,35,0.021858
15,36,0.012619
15,37,0.060552
15,38,0.040183
15,39,0.017052
15,40,0.021080
15,41,0.036804
15,42,0.056955
15,43,0.075915
15,44,0.042879
15,45,0.006533
15,46,0.020342
15,47,0.048592
15,48,0.024257
15,49,0.021479
15,50,0.000029
15,51,0.050557
15,52,0.027568
15,53,0.072240
15,54,0.066397
15,55,0.152117
15,56,0.002858
15,57,0.048680
15,58,0.073325
15,59,0.040429
15,60,0.006362
15,61,0.036239
15,62,0.047339
15,63,0.047358
15,64,0.030982
15,65,0.018145
15,66,0.006756
15,67,0.066877
15,68,0.064899
15,69,0.030536
15,70,0.050066
15,71,0.044150
15,72,0.120578
15,73,0.062769
15,74,0.056789
15,75,0.003716
15,76,0.026524
15,77,0.037112
15,78,0.070485
15,79,0.069846
15,80,0.136121
15,81,0.100080
15,82,0.087666
15,83,0.065908
15,84,0.061235
15,85,0.021815
15,86,0.013502
15,87,0.051338
15,88,0.055754
15,89,0.053746
15,90,0.032035
15,91,0.060825
15,92,0.075181
15,93,0.051879
15,94,0.027943
15,95,0.021286
15,96,0.012934
15,97,0.014823
15,98,0.056539
15,99,0.045246
15,100,0.077188
15,101,0.089593
15,102,0.070608
15,103,0.080538
15,104,0.035849
15,105,0.052839
15,106,0.046510
15,107,0.083517
15,108,0.020169
15,109,0.011593
15,110,0.038975
15,111,0.167302
15,112,0.138333
15,113,0.156901
15,114,0.135143
15,115,0.106366
15,116,0.103670
15,117,0.073968
16,1,0.108903
16,2,0.107649
16,3,0.137814
16,4,0.017785
16,5,0.033060
16,6,0.019447
16,7,0.022972
16,8,0.089513
16,9,0.044615
16,10,0.049171
16,11,0.006713
16,12,0.001625
16,13,0.024466
16,14,0.025332
16,15,0.026866
16,16,0.000000
16,17,0.027475
16,18,0.054310
16,19,0.001740
16,20,0.039287
16,21,0.033549
16,22,0.040240
16,23,0.026972
16,24,0.182521
16,25,0.161018
16,26,0.116931
16,27,0.054323
16,28,0.054782
16,29,0.100000
16,30,0.111700
16,31,0.108649
16,32,0.049974
16,33,0.033137
16,34,0.011720
16,35,0.006048
16,36,0.047930
16,37,0.056778
16,38,0.016214
16,39,0.002594
16,40,0.032288
16,41,0.015427
16,42,0.001513
16,43,0.051601
16,44,0.007881
16,45,0.009123
16,46,0.038829
16,47,0.025664
16,48,0.093917
16,49,0.006624
16,50,0.076405
16,51,0.082264
16,52,0.060872
16,53,0.059274
16,54,0.094750
16,55,0.116157
16,56,0.016710
16,57,0.038517
16,58,0.038294
16,59,0.025200
16,60,0.039451
16,61,0.042208
16,62,0.046435
16,63,0.022013
16,64,0.047919
16,65,0.053921
16,66,0.029924
16,67,0.025688
16,68,0.062165
16,69,0.115087
16,70,0.083111
16,71,0.047204
16,72,0.189424
16,73,0.109898
16,74,0.130161
16,75,0.060784
16,76,0.074710
16,77,0.026650
16,78,0.072480
16,79,0.041334
16,80,0.040931
16,81,0.080709
16,82,0.060651
16,83,0.056877
16,84,0.055577
16,85,0.047553
16,86,0.055613
16,87,0.117194
16,88,0.108051
16,89,0.088205
16,90,0.095950
16,91,0.117917
16,92,0.117162
16,93,0.108885
16,94,0.077064
16,95,0.031283
16,96,0.015578
16,97,0.042435
16,98,0.042587
16,99,0.066353
16,100,0.065586
16,101,0.114710
16,102,0.047038
16,103,0.078442
16,104,0.021724
16,105,0.058720
16,106,0.038781
16,107,0.088614
16,108,0.071418
16,109,0.034094
16,110,0.014479
16,111,0.180206
16,112,0.181893
16,113,0.121745
16,114,0.085090
16,115,0.075304
16,116,0.083963
16,117,0.043799
17,1,0.176568
17,2,0.184418
17,3,0.142048
17,4,0.036363
17,5,0.062073
17,6,0.084448
17,7,0.077400
17,8,0.112492
17,9,0.095919
17,10,0.112439
17,11,0.067499
17,12,0.060805
17,13,0.070477
17,14,0.015306
17,15,0.015547
17,16,0.027475
17,17,0.000000
17,18,0.096769
17,19,0.084611
17,20,0.114139
17,21,0.078731
17,22,0.057974
17,23,0.046936
17,24,0.187802
17,25,0.157137
17,26,0.126858
17,27,0.069794
17,28,0.084176
17,29,0.132796
17,30,0.139440
17,31,0.108162
17,32,0.048055
17,33,0.020460
17,34,0.007727
17,35,0.012430
17,36,0.050330
17,37,0.045680
17,38,0.008546
17,39,0.011114
17,40,0.010641
17,41,0.004061
17,42,0.000583
17,43,0.056179
17,44,0.032293
17,45,0.012086
17,46,0.020722
17,47,0.048142
17,48,0.076118
17,49,0.041027
17,50,0.007259
17,51,0.017652
17,52,0.013108
17,53,0.003528
17,54,0.026903
17,55,0.048634
17,56,0.013710
17,57,0.032094
17,58,0.030455
17,59,0.016181
17,60,0.015535
17,61,0.039659
17,62,0.058483
17,63,0.072484
17,64,0.078791
17,65,0.073263
17,66,0.061168
17,67,0.024344
17,68,0.046147
17,69,0.112964
17,70,0.103899
17,71,0.122097
17,72,0.103527
17,73,0.103370
17,74,0.078655
17,75,0.146767
17,76,0.117315
17,77,0.074980
17,78,0.012141
17,79,0.020889
17,80,0.006877
17,81,0.021746
17,82,0.049439
17,83,0.066730
17,84,0.065966
17,85,0.035874
17,86,0.036350
17,87,0.089713
17,88,0.098853
17,89,0.074593
17,90,0.095248
17,91,0.129296
17,92,0.113777
17,93,0.103873
17,94,0.093716
17,95,0.054578
17,96,0.032003
17,97,0.002952
17,98,0.009025
17,99,0.013721
17,100,0.000596
17,101,0.047981
17,102,0.004073
17,103,0.071016
17,104,0.014384
17,105,0.064673
17,106,0.014262
17,107,0.061990
17,108,0.059751
17,109,0.017134
17,110,0.027166
17,111,0.122798
17,112,0.119721
17,113,0.066598
17,114,0.038110
17,115,0.038004
17,116,0.055941
17,117,0.013664
18,1,0.183403
18,2,0.092519
18,3,0.090431
18,4,0.050306
18,5,0.104007
18,6,0.141668
18,7,0.072406
18,8,0.024248
18,9,0.035219
18,10,0.022551
18,11,0.003528
18,12,0.015150
18,13,0.039634
18,14,0.109564
18,15,0.087348
18,16,0.054310
18,17,0.096769
18,18,0.000000
18,19,0.222659
18,20,0.227379
18,21,0.190694
18,22,0.127651
18,23,0.054722
18,24,0.034342
18,25,0.031413
18,26,0.048420
18,27,0.038077
18,28,0.003033
18,29,0.044288
18,30,0.032423
18,31,0.001838
18,32,0.013827
18,33,0.045860
18,34,0.164975
18,35,0.125228
18,36,0.149117
18,37,0.099843
18,38,0.146347
18,39,0.097260
18,40,0.206254
18,41,0.200272
18,42,0.232147
18,43,0.154129
18,44,0.259824
18,45,0.152422
18,46,0.191730
18,47,0.136965
18,48,0.060181
18,49,0.219364
18,50,0.193385
18,51,0.192419
18,52,0.220284
18,53,0.137005
18,54,0.118948
18,55,0.074763
18,56,0.088360
18,57,0.057809
18,58,0.067711
18,59,0.091816
18,60,0.110584
18,61,0.158516
18,62,0.218435
18,63,0.264858
18,64,0.190934
18,65,0.149787
18,66,0.077796
18,67,0.045090
18,68,0.051554
18,69,0.049908
18,70,0.057441
18,71,0.014154
18,72,0.142561
18,73,0.157877
18,74,0.145854
18,75,0.267367
18,76,0.215680
18,77,0.234774
18,78,0.158881
18,79,0.112327
18,80,0.085225
18,81,0.034789
18,82,0.013379
18,83,0.006993
18,84,0.011887
18,85,0.031811
18,86,0.041489
18,87,0.042148
18,88,0.020072
18,89,0.008008
18,90,0.015226
18,91,0.026572
18,92,0.083830
18,93,0.066930
18,94,0.049700
18,95,0.119290
18,96,0.087208
18,97,0.093882
18,98,0.074976
18,99,0.011872
18,100,0.070202
18,101,0.103603
18,102,0.086613
18,103,0.116933
18,104,0.168349
18,105,0.172556
18,106,0.064438
18,107,0.009588
18,108,0.013022
18,109,0.000924
18,110,0.006318
18,111,0.026150
18,112,0.036415
18,113,0.094111
18,114,0.115307
18,115,0.109644
18,116,0.079954
18,117,0.103963
19,1,0.389550
19,2,0.277738
19,3,0.013501
19,4,0.068134
19,5,0.259757
19,6,0.279884
19,7,0.195980
19,8,0.183184
19,9,0.214914
19,10,0.207772
19,11,0.170284
19,12,0.185045
19,13,0.214241
19,14,0.047321
19,15,0.014929
19,16,0.001740
19,17,0.084611
19,18,0.222659
19,19,0.000000
19,20,0.048966
19,21,0.005524
19,22,0.032785
19,23,0.073244
19,24,0.142533
19,25,0.163684
19,26,0.152891
19,27,0.140395
19,28,0.212217
19,29,0.145419
19,30,0.159520
19,31,0.199345
19,32,0.212708
19,33,0.124947
19,34,0.050913
19,35,0.114212
19,36,0.019162
19,37,0.074201
19,38,0.030008
19,39,0.150724
19,40,0.167227
19,41,0.110958
19,42,0.032005
19,43,0.018794
19,44,0.087804
19,45,0.001597
19,46,0.039502
19,47,0.080745
19,48,0.018563
19,49,0.125408
19,50,0.110828
19,51,0.082784
19,52,0.083131
19,53,0.005280
19,54,0.020246
19,55,0.062366
19,56,0.055303
19,57,0.088130
19,58,0.091685
19,59,0.093853
19,60,0.064161
19,61,0.016386
19,62,0.029654
19,63,0.069553
19,64,0.020999
19,65,0.069156
19,66,0.088137
19,67,0.131441
19,68,0.123780
19,69,0.157185
19,70,0.086842
19,71,0.002777
19,72,0.166096
19,73,0.137725
19,74,0.150850
19,75,0.207939
19,76,0.009819
19,77,0.065066
19,78,0.029051
19,79,0.007506
19,80,0.044446
19,81,0.043038
19,82,0.065328
19,83,0.082078
19,84,0.096768
19,85,0.067584
19,86,0.075785
19,87,0.104941
19,88,0.096961
19,89,0.038660
19,90,0.008919
19,91,0.050062
19,92,0.051403
19,93,0.103967
19,94,0.126957
19,95,0.146068
19,96,0.002074
19,97,0.017948
19,98,0.077687
19,99,0.072840
19,100,0.138143
19,101,0.179119
19,102,0.163033
19,103,0.184599
19,104,0.216705
19,105,0.140673
19,106,0.007553
19,107,0.057880
19,108,0.023425
19,109,0.031591
19,110,0.098401
19,111,0.076893
19,112,0.044277
19,113,0.030607
19,114,0.035016
19,115,0.094690
19,116,0.043179
19,117,0.127805
20,1,0.373365
20,2,0.250438
20,3,0.016571
20,4,0.090688
20,5,0.245348
20,6,0.277367
20,7,0.193375
20,8,0.180716
20,9,0.210835
20,10,0.220673
20,11,0.175464
20,12,0.184496
20,13,0.215254
20,14,0.042092
20,15,0.007891
20,16,0.039287
20,17,0.114139
20,18,0.227379
20,19,0.048966
20,20,0.000000
20,21,0.008336
20,22,0.010920
20,23,0.068861
20,24,0.165327
20,25,0.193785
20,26,0.175139
20,27,0.163986
20,28,0.227983
20,29,0.177863
20,30,0.174330
20,31,0.180060
20,32,0.208919
20,33,0.141072
20,34,0.049773
20,35,0.145906
20,36,0.027307
20,37,0.100575
20,38,0.067593
20,39,0.221803
20,40,0.168374
20,41,0.089349
20,42,0.000368
20,43,0.050358
20,44,0.025133
20,45,0.010581
20,46,0.016655
20,47,0.059856
20,48,0.026572
20,49,0.106526
20,50,0.100812
20,51,0.076974
20,52,0.064897
20,53,0.015201
20,54,0.044927
20,55,0.062256
20,56,0.068848
20,57,0.110215
20,58,0.110945
20,59,0.142533
20,60,0.095561
20,61,0.038777
20,62,0.014949
20,63,0.023595
20,64,0.036760
20,65,0.076630
20,66,0.085929
20,67,0.135885
20,68,0.164453
20,69,0.151491
20,70,0.074996
20,71,0.031252
20,72,0.153170
20,73,0.136617
20,74,0.169520
20,75,0.177791
20,76,0.020655
20,77,0.018904
20,78,0.007460
20,79,0.000022
20,80,0.051258
20,81,0.022760
20,82,0.053372
20,83,0.081183
20,84,0.095710
20,85,0.053222
20,86,0.056371
20,87,0.109000
20,88,0.113217
20,89,0.010937
20,90,0.059130
20,91,0.003915
20,92,0.083065
20,93,0.166452
20,94,0.220248
20,95,0.214749
20,96,0.036277
20,97,0.075756
20,98,0.153319
20,99,0.135133
20,100,0.222585
20,101,0.268956
20,102,0.245448
20,103,0.253388
20,104,0.261546
20,105,0.196441
20,106,0.049974
20,107,0.037809
20,108,0.020596
20,109,0.017427
20,110,0.081222
20,111,0.137342
20,112,0.106561
20,113,0.072517
20,114,0.018153
20,115,0.008796
20,116,0.022968
20,117,0.082108
21,1,0.412253
21,2,0.311021
21,3,0.068702
21,4,0.129935
21,5,0.269450
21,6,0.276135
21,7,0.170515
21,8,0.161570
21,9,0.230987
21,10,0.246451
21,11,0.242245
21,12,0.222235
21,13,0.210175
21,14,0.024217
21,15,0.014127
21,16,0.033549
21,17,0.078731
21,18,0.190694
21,19,0.005524
21,20,0.008336
21,21,0.000000
21,22,0.025315
21,23,0.103616
21,24,0.195435
21,25,0.203595
21,26,0.182900
21,27,0.159362
21,28,0.252178
21,29,0.224763
21,30,0.209623
21,31,0.231683
21,32,0.235617
21,33,0.172465
21,34,0.013720
21,35,0.141629
21,36,0.049892
21,37,0.114520
21,38,0.094932
21,39,0.192515
21,40,0.145651
21,41,0.062665
21,42,0.043410
21,43,0.075429
21,44,0.023399
21,45,0.052812
21,46,0.016419
21,47,0.027701
21,48,0.016721
21,49,0.056346
21,50,0.077352
21,51,0.038738
21,52,0.020754
21,53,0.006729
21,54,0.040495
21,55,0.077070
21,56,0.100736
21,57,0.146898
21,58,0.149767
21,59,0.170466
21,60,0.143082
21,61,0.071100
21,62,0.048485
21,63,0.043009
21,64,0.070813
21,65,0.071102
21,66,0.095475
21,67,0.171271
21,68,0.191049
21,69,0.162958
21,70,0.069884
21,71,0.023425
21,72,0.148227
21,73,0.149384
21,74,0.177068
21,75,0.149521
21,76,0.046786
21,77,0.002631
21,78,0.048854
21,79,0.049755
21,80,0.099958
21,81,0.021582
21,82,0.064640
21,83,0.102140
21,84,0.104981
21,85,0.077835
21,86,0.084757
21,87,0.127329
21,88,0.125734
21,89,0.014206
21,90,0.087459
21,91,0.013466
21,92,0.065426
21,93,0.168123
21,94,0.243089
21,95,0.231816
21,96,0.016078
21,97,0.013011
21,98,0.106333
21,99,0.114010
21,100,0.196598
21,101,0.226655
21,102,0.227941
21,103,0.192571
21,104,0.235431
21,105,0.155472
21,106,0.004945
21,107,0.069148
21,108,0.006575
21,109,0.029608
21,110,0.103712
21,111,0.154480
21,112,0.140376
21,113,0.137810
21,114,0.040834
21,115,0.041386
21,116,0.054955
21,117,0.039250
22,1,0.325162
22,2,0.251926
22,3,0.051317
22,4,0.091251
22,5,0.201044
22,6,0.202546
22,7,0.108409
22,8,0.077038
22,9,0.146642
22,10,0.149343
22,11,0.170617
22,12,0.140934
22,13,0.129836
22,14,0.037482
22,15,0.011946
22,16,0.040240
22,17,0.057974
22,18,0.127651
22,19,0.032785
22,20,0.010920
22,21,0.025315
22,22,0.000000
22,23,0.061615
22,24,0.119818
22,25,0.085716
22,26,0.064621
22,27,0.054364
22,28,0.127521
22,29,0.117787
22,30,0.107650
22,31,0.151705
22,32,0.135656
22,33,0.093298
22,34,0.046952
22,35,0.096646
22,36,0.034263
22,37,0.065085
22,38,0.078721
22,39,0.138358
22,40,0.091615
22,41,0.026177
22,42,0.014813
22,43,0.012863
22,44,0.033004
22,45,0.011282
22,46,0.032490
22,47,0.021031
22,48,0.024773
22,49,0.081919
22,50,0.093175
22,51,0.085338
22,52,0.054684
22,53,0.037051
22,54,0.055099
22,55,0.019231
22,56,0.064645
22,57,0.084174
22,58,0.092772
22,59,0.080892
22,60,0.100462
22,61,0.047776
22,62,0.014471
22,63,0.029471
22,64,0.048462
22,65,0.081251
22,66,0.099443
22,67,0.117030
22,68,0.178673
22,69,0.141699
22,70,0.024684
22,71,0.022843
22,72,0.131026
22,73,0.125366
22,74,0.162722
22,75,0.155978
22,76,0.010777
22,77,0.041343
22,78,0.009605
22,79,0.016224
22,80,0.042164
22,81,0.011982
22,82,0.048255
22,83,0.095433
22,84,0.081595
22,85,0.045139
22,86,0.097509
22,87,0.117144
22,88,0.088147
22,89,0.007707
22,90,0.030915
22,91,0.011143
22,92,0.029897
22,93,0.096916
22,94,0.133070
22,95,0.136594
22,96,0.019864
22,97,0.048495
22,98,0.029738
22,99,0.048378
22,100,0.099383
22,101,0.131066
22,102,0.137549
22,103,0.112963
22,104,0.155671
22,105,0.051753
22,106,0.047999
22,107,0.063407
22,108,0.040242
22,109,0.042040
22,110,0.077283
22,111,0.105920
22,112,0.098073
22,113,0.061782
22,114,0.003502
22,115,0.013531
22,116,0.016234
22,117,0.061997
23,1,0.310830
23,2,0.252034
23,3,0.112029
23,4,0.135132
23,5,0.211743
23,6,0.185806
23,7,0.091301
23,8,0.104887
23,9,0.161729
23,10,0.182150
23,11,0.234530
23,12,0.210054
23,13,0.184689
23,14,0.039768
23,15,0.058761
23,16,0.026972
23,17,0.046936
23,18,0.054722
23,19,0.073244
23,20,0.068861
23,21,0.103616
23,22,0.061615
23,23,0.000000
23,24,0.199161
23,25,0.177034
23,26,0.169006
23,27,0.144581
23,28,0.202114
23,29,0.224204
23,30,0.189154
23,31,0.223893
23,32,0.177611
23,33,0.152598
23,34,0.023130
23,35,0.029450
23,36,0.074603
23,37,0.113447
23,38,0.092193
23,39,0.042051
23,40,0.035697
23,41,0.082668
23,42,0.107761
23,43,0.143178
23,44,0.111416
23,45,0.097580
23,46,0.123980
23,47,0.061309
23,48,0.064133
23,49,0.067900
23,50,0.059687
23,51,0.079819
23,52,0.101681
23,53,0.109841
23,54,0.096449
23,55,0.164841
23,56,0.126234
23,57,0.116555
23,58,0.125538
23,59,0.111908
23,60,0.120213
23,61,0.081099
23,62,0.084358
23,63,0.102197
23,64,0.099754
23,65,0.126190
23,66,0.108954
23,67,0.080350
23,68,0.211098
23,69,0.167117
23,70,0.101872
23,71,0.057106
23,72,0.058770
23,73,0.078897
23,74,0.121519
23,75,0.021934
23,76,0.078945
23,77,0.116052
23,78,0.114723
23,79,0.086305
23,80,0.129571
23,81,0.072289
23,82,0.092216
23,83,0.107902
23,84,0.094022
23,85,0.031383
23,86,0.052826
23,87,0.094664
23,88,0.104922
23,89,0.054792
23,90,0.037477
23,91,0.045866
23,92,0.057828
23,93,0.008066
23,94,0.072053
23,95,0.030078
23,96,0.046635
23,97,0.053262
23,98,0.050075
23,99,0.057818
23,100,0.099273
23,101,0.138052
23,102,0.124719
23,103,0.136084
23,104,0.116347
23,105,0.034987
23,106,0.082346
23,107,0.098797
23,108,0.033584
23,109,0.041426
23,110,0.080196
23,111,0.195193
23,112,0.208368
23,113,0.240402
23,114,0.221205
23,115,0.182026
23,116,0.226754
23,117,0.087432
24,1,0.276212
24,2,0.295265
24,3,0.290339
24,4,0.135796
24,5,0.112506
24,6,0.068276
24,7,0.068892
24,8,0.180896
24,9,0.189771
24,10,0.184775
24,11,0.205980
24,12,0.184166
24,13,0.136313
24,14,0.150934
24,15,0.145809
24,16,0.182521
24,17,0.187802
24,18,0.034342
24,19,0.142533
24,20,0.165327
24,21,0.195435
24,22,0.119818
24,23,0.199161
24,24,0.000000
24,25,0.210983
24,26,0.236373
24,27,0.210899
24,28,0.198703
24,29,0.234272
24,30,0.201252
24,31,0.261702
24,32,0.217041
24,33,0.246149
24,34,0.205078
24,35,0.159421
24,36,0.203035
24,37,0.303898
24,38,0.226771
24,39,0.194714
24,40,0.222907
24,41,0.215637
24,42,0.268481
24,43,0.251563
24,44,0.269233
24,45,0.202986
24,46,0.232047
24,47,0.087798
24,48,0.154842
24,49,0.203327
24,50,0.166156
24,51,0.263442
24,52,0.270105
24,53,0.286421
24,54,0.229433
24,55,0.308920
24,56,0.135436
24,57,0.199506
24,58,0.231758
24,59,0.202202
24,60,0.199004
24,61,0.210920
24,62,0.233071
24,63,0.285700
24,64,0.224697
24,65,0.213097
24,66,0.135550
24,67,0.204133
24,68,0.185766
24,69,0.161948
24,70,0.246786
24,71,0.061966
24,72,0.078557
24,73,0.015495
24,74,0.046344
24,75,0.150383
24,76,0.200200
24,77,0.211484
24,78,0.229359
24,79,0.195589
24,80,0.234549
24,81,0.191870
24,82,0.150828
24,83,0.085857
24,84,0.073323
24,85,0.032536
24,86,0.037901
24,87,0.077577
24,88,0.152623
24,89,0.160085
24,90,0.118538
24,91,0.222692
24,92,0.268064
24,93,0.213606
24,94,0.180994
24,95,0.256216
24,96,0.240504
24,97,0.235765
24,98,0.159689
24,99,0.086446
24,100,0.136783
24,101,0.133723
24,102,0.128214
24,103,0.028672
24,104,0.066043
24,105,0.090898
24,106,0.154160
24,107,0.192972
24,108,0.069857
24,109,0.055059
24,110,0.073106
24,111,0.140050
24,112,0.177565
24,113,0.288929
24,114,0.288935
24,115,0.230845
24,116,0.278935
24,117,0.121198
25,1,0.286331
25,2,0.321891
25,3,0.322050
25,4,0.077256
25,5,0.091580
25,6,0.104234
25,7,0.065418
25,8,0.192007
25,9,0.136945
25,10,0.088783
25,11,0.010934
25,12,0.004761
25,13,0.023502
25,14,0.144807
25,15,0.114271
25,16,0.161018
25,17,0.157137
25,18,0.031413
25,19,0.163684
25,20,0.193785
25,21,0.203595
25,22,0.085716
25,23,0.177034
25,24,0.210983
25,25,0.000000
25,26,0.083161
25,27,0.077250
25,28,0.054558
25,29,0.110888
25,30,0.120869
25,31,0.242595
25,32,0.223223
25,33,0.243794
25,34,0.203849
25,35,0.156092
25,36,0.209314
25,37,0.320405
25,38,0.233705
25,39,0.262789
25,40,0.225516
25,41,0.243381
25,42,0.292465
25,43,0.268328
25,44,0.259754
25,45,0.179539
25,46,0.195436
25,47,0.063237
25,48,0.103347
25,49,0.234546
25,50,0.200900
25,51,0.263874
25,52,0.263189
25,53,0.267752
25,54,0.220146
25,55,0.293836
25,56,0.109040
25,57,0.193716
25,58,0.229372
25,59,0.174509
25,60,0.176766
25,61,0.243315
25,62,0.286101
25,63,0.329806
25,64,0.249206
25,65,0.231014
25,66,0.128384
25,67,0.199850
25,68,0.161116
25,69,0.100795
25,70,0.209272
25,71,0.082023
25,72,0.027976
25,73,0.006003
25,74,0.003384
25,75,0.162060
25,76,0.334352
25,77,0.269665
25,78,0.280916
25,79,0.250847
25,80,0.240747
25,81,0.202874
25,82,0.110480
25,83,0.032410
25,84,0.061249
25,85,0.002452
25,86,0.027867
25,87,0.097967
25,88,0.171701
25,89,0.190411
25,90,0.182873
25,91,0.277075
25,92,0.318510
25,93,0.259324
25,94,0.240841
25,95,0.292595
25,96,0.241085
25,97,0.204233
25,98,0.146745
25,99,0.055936
25,100,0.122582
25,101,0.120914
25,102,0.187760
25,103,0.126642
25,104,0.155061
25,105,0.168751
25,106,0.215444
25,107,0.218471
25,108,0.092730
25,109,0.040270
25,110,0.119555
25,111,0.231696
25,112,0.238996
25,113,0.339575
25,114,0.326381
25,115,0.233521
25,116,0.255985
25,117,0.095103
26,1,0.291646
26,2,0.326370
26,3,0.305480
26,4,0.083126
26,5,0.111083
26,6,0.110613
26,7,0.090555
26,8,0.236311
26,9,0.167945
26,10,0.095032
26,11,0.019826
26,12,0.035446
26,13,0.054507
26,14,0.124077
26,15,0.089081
26,16,0.116931
26,17,0.126858
26,18,0.048420
26,19,0.152891
26,20,0.175139
26,21,0.182900
26,22,0.064621
26,23,0.169006
26,24,0.236373
26,25,0.083161
26,26,0.000000
26,27,0.000171
26,28,0.027969
26,29,0.080566
26,30,0.150128
26,31,0.259872
26,32,0.252954
26,33,0.260834
26,34,0.195796
26,35,0.136598
26,36,0.210540
26,37,0.311182
26,38,0.233342
26,39,0.232937
26,40,0.194593
26,41,0.230055
26,42,0.257430
26,43,0.231158
26,44,0.223334
26,45,0.139271
26,46,0.150105
26,47,0.029845
26,48,0.069332
26,49,0.229315
26,50,0.191819
26,51,0.252812
26,52,0.252516
26,53,0.274194
26,54,0.235221
26,55,0.324740
26,56,0.112196
26,57,0.211738
26,58,0.244426
26,59,0.175217
26,60,0.159450
26,61,0.244457
26,62,0.276194
26,63,0.315137
26,64,0.236647
26,65,0.207496
26,66,0.106358
26,67,0.178331
26,68,0.161911
26,69,0.078078
26,70,0.187168
26,71,0.090432
26,72,0.028429
26,73,0.005822
26,74,0.008914
26,75,0.170934
26,76,0.282635
26,77,0.241694
26,78,0.267414
26,79,0.254312
26,80,0.247507
26,81,0.238580
26,82,0.129301
26,83,0.050034
26,84,0.078857
26,85,0.003408
26,86,0.035019
26,87,0.112174
26,88,0.158967
26,89,0.163065
26,90,0.180546
26,91,0.268987
26,92,0.312134
26,93,0.263482
26,94,0.240814
26,95,0.281457
26,96,0.228394
26,97,0.192758
26,98,0.126667
26,99,0.066088
26,100,0.122626
26,101,0.107558
26,102,0.163090
26,103,0.122338
26,104,0.147368
26,105,0.157169
26,106,0.212418
26,107,0.217837
26,108,0.091498
26,109,0.039755
26,110,0.118832
26,111,0.261169
26,112,0.252373
26,113,0.330512
26,114,0.296611
26,115,0.218214
26,116,0.225390
26,117,0.091650
27,1,0.256295
27,2,0.314188
27,3,0.291123
27,4,0.066125
27,5,0.139362
27,6,0.099694
27,7,0.156476
27,8,0.246923
27,9,0.162256
27,10,0.078673
27,11,0.053952
27,12,0.056388
27,13,0.069436
27,14,0.088311
27,15,0.066012
27,16,0.054323
27,17,0.069794
27,18,0.038077
27,19,0.140395
27,20,0.163986
27,21,0.159362
27,22,0.054364
27,23,0.144581
27,24,0.210899
27,25,0.077250
27,26,0.000171
27,27,0.000000
27,28,0.009326
27,29,0.048308
27,30,0.133686
27,31,0.249313
27,32,0.240234
27,33,0.241560
27,34,0.175837
27,35,0.138789
27,36,0.191222
27,37,0.256078
27,38,0.203867
27,39,0.252538
27,40,0.146061
27,41,0.207632
27,42,0.232994
27,43,0.220026
27,44,0.187956
27,45,0.108073
27,46,0.129308
27,47,0.014861
27,48,0.031853
27,49,0.208697
27,50,0.175914
27,51,0.228848
27,52,0.217822
27,53,0.220972
27,54,0.177752
27,55,0.261546
27,56,0.094910
27,57,0.163205
27,58,0.184597
27,59,0.143861
27,60,0.128936
27,61,0.221143
27,62,0.242861
27,63,0.287360
27,64,0.203781
27,65,0.183439
27,66,0.110564
27,67,0.170122
27,68,0.138498
27,69,0.067035
27,70,0.150429
27,71,0.139943
27,72,0.117652
27,73,0.038402
27,74,0.027142
27,75,0.166694
27,76,0.261052
27,77,0.219603
27,78,0.251268
27,79,0.236528
27,80,0.202940
27,81,0.220887
27,82,0.131212
27,83,0.072699
27,84,0.105738
27,85,0.031808
27,86,0.056996
27,87,0.124349
27,88,0.150066
27,89,0.150428
27,90,0.187575
27,91,0.250147
27,92,0.281626
27,93,0.240092
27,94,0.219527
27,95,0.257972
27,96,0.201518
27,97,0.184233
27,98,0.109355
27,99,0.040281
27,100,0.087213
27,101,0.054808
27,102,0.124891
27,103,0.105358
27,104,0.118491
27,105,0.136902
27,106,0.207625
27,107,0.197822
27,108,0.087790
27,109,0.013233
27,110,0.113970
27,111,0.289100
27,112,0.269092
27,113,0.318802
27,114,0.273035
27,115,0.176485
27,116,0.199704
27,117,0.078292
28,1,0.285367
28,2,0.342653
28,3,0.308667
28,4,0.124785
28,5,0.070677
28,6,0.039084
28,7,0.183573
28,8,0.263417
28,9,0.216110
28,10,0.130951
28,11,0.006745
28,12,0.016912
28,13,0.048469
28,14,0.091424
28,15,0.074782
28,16,0.054782
28,17,0.084176
28,18,0.003033
28,19,0.212217
28,20,0.227983
28,21,0.252178
28,22,0.127521
28,23,0.202114
28,24,0.198703
28,25,0.054558
28,26,0.027969
28,27,0.009326
28,28,0.000000
28,29,0.037359
28,30,0.138913
28,31,0.265031
28,32,0.295090
28,33,0.299267
28,34,0.200699
28,35,0.161718
28,36,0.254180
28,37,0.295836
28,38,0.241892
28,39,0.245960
28,40,0.125611
28,41,0.161077
28,42,0.255822
28,43,0.200949
28,44,0.245589
28,45,0.145628
28,46,0.152688
28,47,0.075739
28,48,0.072592
28,49,0.254472
28,50,0.217538
28,51,0.262716
28,52,0.232985
28,53,0.223939
28,54,0.188278
28,55,0.252386
28,56,0.095537
28,57,0.188657
28,58,0.205785
28,59,0.168399
28,60,0.196988
28,61,0.281731
28,62,0.300409
28,63,0.330348
28,64,0.283620
28,65,0.267182
28,66,0.184878
28,67,0.246035
28,68,0.177087
28,69,0.048191
28,70,0.094042
28,71,0.160389
28,72,0.107878
28,73,0.125379
28,74,0.097285
28,75,0.132465
28,76,0.249750
28,77,0.234429
28,78,0.256134
28,79,0.246731
28,80,0.200641
28,81,0.194615
28,82,0.112083
28,83,0.058268
28,84,0.087690
28,85,0.035119
28,86,0.058897
28,87,0.114002
28,88,0.136751
28,89,0.143627
28,90,0.183244
28,91,0.225180
28,92,0.258942
28,93,0.196690
28,94,0.156494
28,95,0.208342
28,96,0.182618
28,97,0.168076
28,98,0.106609
28,99,0.049475
28,100,0.106600
28,101,0.080283
28,102,0.129790
28,103,0.117224
28,104,0.125587
28,105,0.136967
28,106,0.203382
28,107,0.182019
28,108,0.091995
28,109,0.024667
28,110,0.124554
28,111,0.255152
28,112,0.242215
28,113,0.304116
28,114,0.278737
28,115,0.190301
28,116,0.216230
28,117,0.063734
29,1,0.299457
29,2,0.307220
29,3,0.321950
29,4,0.122273
29,5,0.001871
29,6,0.027945
29,7,0.081612
29,8,0.240747
29,9,0.217001
29,10,0.115649
29,11,0.022372
29,12,0.003540
29,13,0.010046
29,14,0.132379
29,15,0.119114
29,16,0.100000
29,17,0.132796
29,18,0.044288
29,19,0.145419
29,20,0.177863
29,21,0.224763
29,22,0.117787
29,23,0.224204
29,24,0.234272
29,25,0.110888
29,26,0.080566
29,27,0.048308
29,28,0.037359
29,29,0.000000
29,30,0.103981
29,31,0.285536
29,32,0.285366
29,33,0.310361
29,34,0.240440
29,35,0.162414
29,36,0.235576
29,37,0.283916
29,38,0.229806
29,39,0.278578
29,40,0.220618
29,41,0.208806
29,42,0.282056
29,43,0.266603
29,44,0.270118
29,45,0.166418
29,46,0.180704
29,47,0.033071
29,48,0.074687
29,49,0.196984
29,50,0.165681
29,51,0.231098
29,52,0.259469
29,53,0.273642
29,54,0.250301
29,55,0.337261
29,56,0.109866
29,57,0.191673
29,58,0.211984
29,59,0.167006
29,60,0.181613
29,61,0.251098
29,62,0.279043
29,63,0.344016
29,64,0.253092
29,65,0.247891
29,66,0.147466
29,67,0.227024
29,68,0.164216
29,69,0.098733
29,70,0.222576
29,71,0.079647
29,72,0.038066
29,73,0.029532
29,74,0.004252
29,75,0.211339
29,76,0.285706
29,77,0.252107
29,78,0.248881
29,79,0.223272
29,80,0.203479
29,81,0.224412
29,82,0.142021
29,83,0.035417
29,84,0.053558
29,85,0.002634
29,86,0.045599
29,87,0.097137
29,88,0.147137
29,89,0.131150
29,90,0.120275
29,91,0.227436
29,92,0.299422
29,93,0.220723
29,94,0.199045
29,95,0.271504
29,96,0.241418
29,97,0.214343
29,98,0.143196
29,99,0.125180
29,100,0.191351
29,101,0.157233
29,102,0.180647
29,103,0.068795
29,104,0.103557
29,105,0.126164
29,106,0.189948
29,107,0.215487
29,108,0.076487
29,109,0.029439
29,110,0.096736
29,111,0.237593
29,112,0.232543
29,113,0.350895
29,114,0.335580
29,115,0.239521
29,116,0.258909
29,117,0.089005
30,1,0.272577
30,2,0.276609
30,3,0.317408
30,4,0.104891
30,5,0.038631
30,6,0.003082
30,7,0.034061
30,8,0.170820
30,9,0.140606
30,10,0.077191
30,11,0.082028
30,12,0.094105
30,13,0.091023
30,14,0.142445
30,15,0.145014
30,16,0.111700
30,17,0.139440
30,18,0.032423
30,19,0.159520
30,20,0.174330
30,21,0.209623
30,22,0.107650
30,23,0.189154
30,24,0.201252
30,25,0.120869
30,26,0.150128
30,27,0.133686
30,28,0.138913
30,29,0.103981
30,30,0.000000
30,31,0.271537
30,32,0.247633
30,33,0.276118
30,34,0.240248
30,35,0.139907
30,36,0.201557
30,37,0.279353
30,38,0.218757
30,39,0.274259
30,40,0.217737
30,41,0.208791
30,42,0.287323
30,43,0.290667
30,44,0.284210
30,45,0.200386
30,46,0.224032
30,47,0.089275
30,48,0.131943
30,49,0.243934
30,50,0.213371
30,51,0.259666
30,52,0.253685
30,53,0.261330
30,54,0.243837
30,55,0.316235
30,56,0.100372
30,57,0.161797
30,58,0.198183
30,59,0.149055
30,60,0.152388
30,61,0.214148
30,62,0.245618
30,63,0.338078
30,64,0.235897
30,65,0.234733
30,66,0.129709
30,67,0.194021
30,68,0.168723
30,69,0.132495
30,70,0.261224
30,71,0.057095
30,72,0.021383
30,73,0.022241
30,74,0.003815
30,75,0.216167
30,76,0.314240
30,77,0.297210
30,78,0.279397
30,79,0.219048
30,80,0.188630
30,81,0.219284
30,82,0.133489
30,83,0.036215
30,84,0.040779
30,85,0.011099
30,86,0.025982
30,87,0.079301
30,88,0.135390
30,89,0.119764
30,90,0.106961
30,91,0.219301
30,92,0.278052
30,93,0.205716
30,94,0.209432
30,95,0.272302
30,96,0.227850
30,97,0.212317
30,98,0.159443
30,99,0.115147
30,100,0.183975
30,101,0.154656
30,102,0.178779
30,103,0.020443
30,104,0.080974
30,105,0.096267
30,106,0.157306
30,107,0.180680
30,108,0.035810
30,109,0.022313
30,110,0.109345
30,111,0.220895
30,112,0.226882
30,113,0.349498
30,114,0.346767
30,115,0.244013
30,116,0.291529
30,117,0.094587
31,1,0.326490
31,2,0.325175
31,3,0.266079
31,4,0.125030
31,5,0.112980
31,6,0.095824
31,7,0.107639
31,8,0.151921
31,9,0.172495
31,10,0.242142
31,11,0.230633
31,12,0.218874
31,13,0.194142
31,14,0.088025
31,15,0.146651
31,16,0.108649
31,17,0.108162
31,18,0.001838
31,19,0.199345
31,20,0.180060
31,21,0.231683
31,22,0.151705
31,23,0.223893
31,24,0.261702
31,25,0.242595
31,26,0.259872
31,27,0.249313
31,28,0.265031
31,29,0.285536
31,30,0.271537
31,31,0.000000
31,32,0.080352
31,33,0.193749
31,34,0.244003
31,35,0.165344
31,36,0.207312
31,37,0.241499
31,38,0.187627
31,39,0.114185
31,40,0.104936
31,41,0.127333
31,42,0.240465
31,43,0.227490
31,44,0.253276
31,45,0.168219
31,46,0.199421
31,47,0.074271
31,48,0.101983
31,49,0.190984
31,50,0.170119
31,51,0.235256
31,52,0.203813
31,53,0.208403
31,54,0.134902
31,55,0.190525
31,56,0.041680
31,57,0.131173
31,58,0.179875
31,59,0.169266
31,60,0.169333
31,61,0.219290
31,62,0.229840
31,63,0.294162
31,64,0.228990
31,65,0.238993
31,66,0.154683
31,67,0.236836
31,68,0.203895
31,69,0.145981
31,70,0.212824
31,71,0.029359
31,72,0.018644
31,73,0.029522
31,74,0.026586
31,75,0.070084
31,76,0.250285
31,77,0.238873
31,78,0.243397
31,79,0.190027
31,80,0.204597
31,81,0.160606
31,82,0.152054
31,83,0.102748
31,84,0.112016
31,85,0.069356
31,86,0.089652
31,87,0.133036
31,88,0.145058
31,89,0.122940
31,90,0.076862
31,91,0.177329
31,92,0.169358
31,93,0.086853
31,94,0.058843
31,95,0.108932
31,96,0.117345
31,97,0.095921
31,98,0.032985
31,99,0.000620
31,100,0.040679
31,101,0.021840
31,102,0.025239
31,103,0.047968
31,104,0.031920
31,105,0.024904
31,106,0.075665
31,107,0.138523
31,108,0.030454
31,109,0.076685
31,110,0.162923
31,111,0.186121
31,112,0.192948
31,113,0.345084
31,114,0.302170
31,115,0.140824
31,116,0.199739
31,117,0.016981
32,1,0.259513
32,2,0.229907
32,3,0.197704
32,4,0.145115
32,5,0.158863
32,6,0.127481
32,7,0.091544
32,8,0.133154
32,9,0.154534
32,10,0.228433
32,11,0.238387
32,12,0.255074
32,13,0.260658
32,14,0.076398
32,15,0.110376
32,16,0.049974
32,17,0.048055
32,18,0.013827
32,19,0.212708
32,20,0.208919
32,21,0.235617
32,22,0.135656
32,23,0.177611
32,24,0.217041
32,25,0.223223
32,26,0.252954
32,27,0.240234
32,28,0.295090
32,29,0.285366
32,30,0.247633
32,31,0.080352
32,32,0.000000
32,33,0.140745
32,34,0.270258
32,35,0.168207
32,36,0.158906
32,37,0.156470
32,38,0.124007
32,39,0.095412
32,40,0.057667
32,41,0.074997
32,42,0.233663
32,43,0.220515
32,44,0.253722
32,45,0.180765
32,46,0.207743
32,47,0.119175
32,48,0.151105
32,49,0.224444
32,50,0.222645
32,51,0.272498
32,52,0.227641
32,53,0.234831
32,54,0.199346
32,55,0.226825
32,56,0.045228
32,57,0.114418
32,58,0.134591
32,59,0.129597
32,60,0.108938
32,61,0.152161
32,62,0.183572
32,63,0.270227
32,64,0.205141
32,65,0.227228
32,66,0.144813
32,67,0.202030
32,68,0.202849
32,69,0.122510
32,70,0.195603
32,71,0.030438
32,72,0.028150
32,73,0.031418
32,74,0.032813
32,75,0.123972
32,76,0.201233
32,77,0.261418
32,78,0.243211
32,79,0.173466
32,80,0.168007
32,81,0.163167
32,82,0.153843
32,83,0.100652
32,84,0.092166
32,85,0.074611
32,86,0.073791
32,87,0.118242
32,88,0.125932
32,89,0.082425
32,90,0.023913
32,91,0.103557
32,92,0.113758
32,93,0.038492
32,94,0.008207
32,95,0.046812
32,96,0.072408
32,97,0.051118
32,98,0.009834
32,99,0.018880
32,100,0.002302
32,101,0.012416
32,102,0.016002
32,103,0.076347
32,104,0.067530
32,105,0.017185
32,106,0.067711
32,107,0.085575
32,108,0.013681
32,109,0.019299
32,110,0.110722
32,111,0.190928
32,112,0.189080
32,113,0.347338
32,114,0.300528
32,115,0.186342
32,116,0.246227
32,117,0.065460
33,1,0.263487
33,2,0.212404
33,3,0.186908
33,4,0.149503
33,5,0.223613
33,6,0.222042
33,7,0.168975
33,8,0.202534
33,9,0.216406
33,10,0.268881
33,11,0.271180
33,12,0.255545
33,13,0.280402
33,14,0.057900
33,15,0.087638
33,16,0.033137
33,17,0.020460
33,18,0.045860
33,19,0.124947
33,20,0.141072
33,21,0.172465
33,22,0.093298
33,23,0.152598
33,24,0.246149
33,25,0.243794
33,26,0.260834
33,27,0.241560
33,28,0.299267
33,29,0.310361
33,30,0.276118
33,31,0.193749
33,32,0.140745
33,33,0.000000
33,34,0.220005
33,35,0.136930
33,36,0.069163
33,37,0.060586
33,38,0.031067
33,39,0.057813
33,40,0.015448
33,41,0.032048
33,42,0.200281
33,43,0.228162
33,44,0.202532
33,45,0.169460
33,46,0.200961
33,47,0.097208
33,48,0.117623
33,49,0.167833
33,50,0.166590
33,51,0.202928
33,52,0.166403
33,53,0.177864
33,54,0.145631
33,55,0.171864
33,56,0.075100
33,57,0.080519
33,58,0.085196
33,59,0.092204
33,60,0.063994
33,61,0.100490
33,62,0.119284
33,63,0.183548
33,64,0.164401
33,65,0.184569
33,66,0.121469
33,67,0.197928
33,68,0.205515
33,69,0.129240
33,70,0.168067
33,71,0.054278
33,72,0.049273
33,73,0.007669
33,74,0.005680
33,75,0.131783
33,76,0.195750
33,77,0.235497
33,78,0.208606
33,79,0.142005
33,80,0.110433
33,81,0.097396
33,82,0.097901
33,83,0.083461
33,84,0.088577
33,85,0.076978
33,86,0.058772
33,87,0.112020
33,88,0.122381
33,89,0.048816
33,90,0.042839
33,91,0.044370
33,92,0.043884
33,93,0.028012
33,94,0.057626
33,95,0.021355
33,96,0.013133
33,97,0.023732
33,98,0.099566
33,99,0.035117
33,100,0.041485
33,101,0.079107
33,102,0.056803
33,103,0.157005
33,104,0.111411
33,105,0.060725
33,106,0.055517
33,107,0.077076
33,108,0.051176
33,109,0.017392
33,110,0.106552
33,111,0.195581
33,112,0.186025
33,113,0.306828
33,114,0.243206
33,115,0.153936
33,116,0.198964
33,117,0.051059
34,1,0.259530
34,2,0.202007
34,3,0.161222
34,4,0.201569
34,5,0.348311
34,6,0.323378
34,7,0.161810
34,8,0.188671
34,9,0.267422
34,10,0.284107
34,11,0.237061
34,12,0.222594
34,13,0.203936
34,14,0.026720
34,15,0.081998
34,16,0.011720
34,17,0.007727
34,18,0.164975
34,19,0.050913
34,20,0.049773
34,21,0.013720
34,22,0.046952
34,23,0.023130
34,24,0.205078
34,25,0.203849
34,26,0.195796
34,27,0.175837
34,28,0.200699
34,29,0.240440
34,30,0.240248
34,31,0.244003
34,32,0.270258
34,33,0.220005
34,34,0.000000
34,35,0.148148
34,36,0.092059
34,37,0.021618
34,38,0.002404
34,39,0.029704
34,40,0.053350
34,41,0.021056
34,42,0.140341
34,43,0.186945
34,44,0.109953
34,45,0.140754
34,46,0.153387
34,47,0.001948
34,48,0.128638
34,49,0.008377
34,50,0.014379
34,51,0.047102
34,52,0.066194
34,53,0.056320
34,54,0.066577
34,55,0.128285
34,56,0.008124
34,57,0.073836
34,58,0.070157
34,59,0.125024
34,60,0.064282
34,61,0.025227
34,62,0.054987
34,63,0.085555
34,64,0.075060
34,65,0.034328
34,66,0.023457
34,67,0.071297
34,68,0.099521
34,69,0.109246
34,70,0.156969
34,71,0.091202
34,72,0.110652
34,73,0.045180
34,74,0.117894
34,75,0.007042
34,76,0.148378
34,77,0.130032
34,78,0.108569
34,79,0.053009
34,80,0.105334
34,81,0.001993
34,82,0.003482
34,83,0.021555
34,84,0.002623
34,85,0.066267
34,86,0.019332
34,87,0.003723
34,88,0.078477
34,89,0.009765
34,90,0.145138
34,91,0.098729
34,92,0.085831
34,93,0.142165
34,94,0.210919
34,95,0.184891
34,96,0.093258
34,97,0.088767
34,98,0.164558
34,99,0.109222
34,100,0.150816
34,101,0.187638
34,102,0.182780
34,103,0.201780
34,104,0.180306
34,105,0.101846
34,106,0.027681
34,107,0.046976
34,108,0.062359
34,109,0.003991
34,110,0.119712
34,111,0.154540
34,112,0.106368
34,113,0.326315
34,114,0.214626
34,115,0.183740
34,116,0.187250
34,117,0.090075
35,1,0.152562
35,2,0.085973
35,3,0.018268
35,4,0.054859
35,5,0.239934
35,6,0.249346
35,7,0.116390
35,8,0.113609
35,9,0.173629
35,10,0.184736
35,11,0.162627
35,12,0.169154
35,13,0.167196
35,14,0.001321
35,15,0.021858
35,16,0.006048
35,17,0.012430
35,18,0.125228
35,19,0.114212
35,20,0.145906
35,21,0.141629
35,22,0.096646
35,23,0.029450
35,24,0.159421
35,25,0.156092
35,26,0.136598
35,27,0.138789
35,28,0.161718
35,29,0.162414
35,30,0.139907
35,31,0.165344
35,32,0.168207
35,33,0.136930
35,34,0.148148
35,35,0.000000
35,36,0.228783
35,37,0.191690
35,38,0.166001
35,39,0.095480
35,40,0.154016
35,41,0.102724
35,42,0.037311
35,43,0.032308
35,44,0.097852
35,45,0.013975
35,46,0.014134
35,47,0.072723
35,48,0.013382
35,49,0.093218
35,50,0.046529
35,51,0.036914
35,52,0.007695
35,53,0.006795
35,54,0.028512
35,55,0.079741
35,56,0.004017
35,57,0.011083
35,58,0.056823
35,59,0.018638
35,60,0.078585
35,61,0.157869
35,62,0.170109
35,63,0.129646
35,64,0.136899
35,65,0.128602
35,66,0.054061
35,67,0.007567
35,68,0.045632
35,69,0.111111
35,70,0.140120
35,71,0.012643
35,72,0.097761
35,73,0.016537
35,74,0.011316
35,75,0.028588
35,76,0.034147
35,77,0.018278
35,78,0.005691
35,79,0.058029
35,80,0.037856
35,81,0.013437
35,82,0.011483
35,83,0.003959
35,84,0.001754
35,85,0.005488
35,86,0.015728
35,87,0.021903
35,88,0.026471
35,89,0.001278
35,90,0.086802
35,91,0.109702
35,92,0.095521
35,93,0.113169
35,94,0.149432
35,95,0.165956
35,96,0.137490
35,97,0.145507
35,98,0.173715
35,99,0.093317
35,100,0.151985
35,101,0.234602
35,102,0.198614
35,103,0.255697
35,104,0.248871
35,105,0.171936
35,106,0.064074
35,107,0.013309
35,108,0.066150
35,109,0.024512
35,110,0.024186
35,111,0.110671
35,112,0.089466
35,113,0.154731
35,114,0.053774
35,115,0.012263
35,116,0.006443
35,117,0.013827
36,1,0.220468
36,2,0.135080
36,3,0.085227
36,4,0.137690
36,5,0.207055
36,6,0.149384
36,7,0.069806
36,8,0.134671
36,9,0.177481
36,10,0.199032
36,11,0.182865
36,12,0.193242
36,13,0.196744
36,14,0.019130
36,15,0.012619
36,16,0.047930
36,17,0.050330
36,18,0.149117
36,19,0.019162
36,20,0.027307
36,21,0.049892
36,22,0.034263
36,23,0.074603
36,24,0.203035
36,25,0.209314
36,26,0.210540
36,27,0.191222
36,28,0.254180
36,29,0.235576
36,30,0.201557
36,31,0.207312
36,32,0.158906
36,33,0.069163
36,34,0.092059
36,35,0.228783
36,36,0.000000
36,37,0.056633
36,38,0.120145
36,39,0.182191
36,40,0.035337
36,41,0.055547
36,42,0.125171
36,43,0.178885
36,44,0.103731
36,45,0.096720
36,46,0.101079
36,47,0.030155
36,48,0.047005
36,49,0.012215
36,50,0.020083
36,51,0.035233
36,52,0.048497
36,53,0.070086
36,54,0.081382
36,55,0.178921
36,56,0.164638
36,57,0.224101
36,58,0.169844
36,59,0.266267
36,60,0.139151
36,61,0.086451
36,62,0.067343
36,63,0.098514
36,64,0.088409
36,65,0.083197
36,66,0.173240
36,67,0.161379
36,68,0.210427
36,69,0.158549
36,70,0.152255
36,71,0.076649
36,72,0.189649
36,73,0.079068
36,74,0.199420
36,75,0.065532
36,76,0.151613
36,77,0.189549
36,78,0.099092
36,79,0.053025
36,80,0.116900
36,81,0.107905
36,82,0.100330
36,83,0.117766
36,84,0.120641
36,85,0.017075
36,86,0.000160
36,87,0.120627
36,88,0.099297
36,89,0.031918
36,90,0.196512
36,91,0.093320
36,92,0.095106
36,93,0.186540
36,94,0.235073
36,95,0.204287
36,96,0.046937
36,97,0.128506
36,98,0.278325
36,99,0.183604
36,100,0.296780
36,101,0.408184
36,102,0.307228
36,103,0.281096
36,104,0.165665
36,105,0.122147
36,106,0.026902
36,107,0.034307
36,108,0.090618
36,109,0.018159
36,110,0.104685
36,111,0.325728
36,112,0.278675
36,113,0.317550
36,114,0.190146
36,115,0.076222
36,116,0.127695
36,117,0.027605
37,1,0.305440
37,2,0.226346
37,3,0.135288
37,4,0.027151
37,5,0.073392
37,6,0.082247
37,7,0.121563
37,8,0.204332
37,9,0.169297
37,10,0.183179
37,11,0.136467
37,12,0.146526
37,13,0.181548
37,14,0.102840
37,15,0.060552
37,16,0.056778
37,17,0.045680
37,18,0.099843
37,19,0.074201
37,20,0.100575
37,21,0.114520
37,22,0.065085
37,23,0.113447
37,24,0.303898
37,25,0.320405
37,26,0.311182
37,27,0.256078
37,28,0.295836
37,29,0.283916
37,30,0.279353
37,31,0.241499
37,32,0.156470
37,33,0.060586
37,34,0.021618
37,35,0.191690
37,36,0.056633
37,37,0.000000
37,38,0.005273
37,39,0.124753
37,40,0.014117
37,41,0.108041
37,42,0.163884
37,43,0.235141
37,44,0.174049
37,45,0.124906
37,46,0.164090
37,47,0.049231
37,48,0.136912
37,49,0.172332
37,50,0.199592
37,51,0.212449
37,52,0.207247
37,53,0.220331
37,54,0.208422
37,55,0.296898
37,56,0.211792
37,57,0.190774
37,58,0.084695
37,59,0.245191
37,60,0.159213
37,61,0.112448
37,62,0.122550
37,63,0.168291
37,64,0.119062
37,65,0.121209
37,66,0.159013
37,67,0.161631
37,68,0.187224
37,69,0.124877
37,70,0.108425
37,71,0.070983
37,72,0.187976
37,73,0.112503
37,74,0.200201
37,75,0.039583
37,76,0.190325
37,77,0.247189
37,78,0.239125
37,79,0.181970
37,80,0.220957
37,81,0.209949
37,82,0.170954
37,83,0.172918
37,84,0.174377
37,85,0.061230
37,86,0.051505
37,87,0.206349
37,88,0.197292
37,89,0.091285
37,90,0.070506
37,91,0.066667
37,92,0.078041
37,93,0.061507
37,94,0.162106
37,95,0.111148
37,96,0.036965
37,97,0.054957
37,98,0.217120
37,99,0.192622
37,100,0.257474
37,101,0.317595
37,102,0.225896
37,103,0.157896
37,104,0.069827
37,105,0.061651
37,106,0.054853
37,107,0.081945
37,108,0.050111
37,109,0.053559
37,110,0.093655
37,111,0.287688
37,112,0.271865
37,113,0.340195
37,114,0.307288
37,115,0.196530
37,116,0.223588
37,117,0.101071
38,1,0.260123
38,2,0.188980
38,3,0.092952
38,4,0.050030
38,5,0.134396
38,6,0.109603
38,7,0.038050
38,8,0.122004
38,9,0.137900
38,10,0.165315
38,11,0.154091
38,12,0.152892
38,13,0.158891
38,14,0.078717
38,15,0.040183
38,16,0.016214
38,17,0.008546
38,18,0.146347
38,19,0.030008
38,20,0.067593
38,21,0.094932
38,22,0.078721
38,23,0.092193
38,24,0.226771
38,25,0.233705
38,26,0.233342
38,27,0.203867
38,28,0.241892
38,29,0.229806
38,30,0.218757
38,31,0.187627
38,32,0.124007
38,33,0.031067
38,34,0.002404
38,35,0.166001
38,36,0.120145
38,37,0.005273
38,38,0.000000
38,39,0.146484
38,40,0.000987
38,41,0.113888
38,42,0.141884
38,43,0.204896
38,44,0.142792
38,45,0.106693
38,46,0.145840
38,47,0.050902
38,48,0.108813
38,49,0.071500
38,50,0.094114
38,51,0.092729
38,52,0.100523
38,53,0.111351
38,54,0.116153
38,55,0.206662
38,56,0.196812
38,57,0.199683
38,58,0.113645
38,59,0.277169
38,60,0.178135
38,61,0.127354
38,62,0.105350
38,63,0.134008
38,64,0.106653
38,65,0.102678
38,66,0.154449
38,67,0.126921
38,68,0.150555
38,69,0.103025
38,70,0.089768
38,71,0.068694
38,72,0.161734
38,73,0.110688
38,74,0.223769
38,75,0.092724
38,76,0.129125
38,77,0.195567
38,78,0.169945
38,79,0.143861
38,80,0.158948
38,81,0.124087
38,82,0.136619
38,83,0.181689
38,84,0.176650
38,85,0.058883
38,86,0.043904
38,87,0.175857
38,88,0.127890
38,89,0.024579
38,90,0.186511
38,91,0.037956
38,92,0.042085
38,93,0.163623
38,94,0.225446
38,95,0.149485
38,96,0.028777
38,97,0.059148
38,98,0.244629
38,99,0.176985
38,100,0.276249
38,101,0.370981
38,102,0.304401
38,103,0.239932
38,104,0.141025
38,105,0.094205
38,106,0.070374
38,107,0.093616
38,108,0.055769
38,109,0.079131
38,110,0.123168
38,111,0.250790
38,112,0.213777
38,113,0.328529
38,114,0.300539
38,115,0.179512
38,116,0.208123
38,117,0.107954
39,1,0.239257
39,2,0.189338
39,3,0.059817
39,4,0.001931
39,5,0.070089
39,6,0.122836
39,7,0.155857
39,8,0.171733
39,9,0.178201
39,10,0.213712
39,11,0.167129
39,12,0.169119
39,13,0.200541
39,14,0.050788
39,15,0.017052
39,16,0.002594
39,17,0.011114
39,18,0.097260
39,19,0.150724
39,20,0.221803
39,21,0.192515
39,22,0.138358
39,23,0.042051
39,24,0.194714
39,25,0.262789
39,26,0.232937
39,27,0.252538
39,28,0.245960
39,29,0.278578
39,30,0.274259
39,31,0.114185
39,32,0.095412
39,33,0.057813
39,34,0.029704
39,35,0.095480
39,36,0.182191
39,37,0.124753
39,38,0.146484
39,39,0.000000
39,40,0.077435
39,41,0.031371
39,42,0.075024
39,43,0.022764
39,44,0.120801
39,45,0.083748
39,46,0.024259
39,47,0.134782
39,48,0.073162
39,49,0.120606
39,50,0.087620
39,51,0.009929
39,52,0.037709
39,53,0.122496
39,54,0.097822
39,55,0.143747
39,56,0.017345
39,57,0.020962
39,58,0.104008
39,59,0.062308
39,60,0.114275
39,61,0.186773
39,62,0.200221
39,63,0.103992
39,64,0.190592
39,65,0.141110
39,66,0.165387
39,67,0.047921
39,68,0.020581
39,69,0.032086
39,70,0.112460
39,71,0.106196
39,72,0.012952
39,73,0.008161
39,74,0.113906
39,75,0.075178
39,76,0.033420
39,77,0.038901
39,78,0.050875
39,79,0.059474
39,80,0.140778
39,81,0.128711
39,82,0.142782
39,83,0.084128
39,84,0.060011
39,85,0.071547
39,86,0.015853
39,87,0.042273
39,88,0.012699
39,89,0.058268
39,90,0.009546
39,91,0.002209
39,92,0.073900
39,93,0.058148
39,94,0.004156
39,95,0.057291
39,96,0.128205
39,97,0.157339
39,98,0.085274
39,99,0.011585
39,100,0.058432
39,101,0.022395
39,102,0.022076
39,103,0.153409
39,104,0.171496
39,105,0.133583
39,106,0.015725
39,107,0.077892
39,108,0.006383
39,109,0.063340
39,110,0.034857
39,111,0.092389
39,112,0.129324
39,113,0.258112
39,114,0.200879
39,115,0.105543
39,116,0.128903
39,117,0.031206
40,1,0.211831
40,2,0.201012
40,3,0.142415
40,4,0.055652
40,5,0.054088
40,6,0.063037
40,7,0.042340
40,8,0.102332
40,9,0.140382
40,10,0.160199
40,11,0.079562
40,12,0.051840
40,13,0.039753
40,14,0.062974
40,15,0.021080
40,16,0.032288
40,17,0.010641
40,18,0.206254
40,19,0.167227
40,20,0.168374
40,21,0.145651
40,22,0.091615
40,23,0.035697
40,24,0.222907
40,25,0.225516
40,26,0.194593
40,27,0.146061
40,28,0.125611
40,29,0.220618
40,30,0.217737
40,31,0.104936
40,32,0.057667
40,33,0.015448
40,34,0.053350
40,35,0.154016
40,36,0.035337
40,37,0.014117
40,38,0.000987
40,39,0.077435
40,40,0.000000
40,41,0.046463
40,42,0.016471
40,43,0.100765
40,44,0.029190
40,45,0.035439
40,46,0.005987
40,47,0.080637
40,48,0.046143
40,49,0.136383
40,50,0.113723
40,51,0.065464
40,52,0.002182
40,53,0.082032
40,54,0.116139
40,55,0.223967
40,56,0.076005
40,57,0.045056
40,58,0.007949
40,59,0.115374
40,60,0.050523
40,61,0.027234
40,62,0.068198
40,63,0.079789
40,64,0.111470
40,65,0.086884
40,66,0.037082
40,67,0.039827
40,68,0.068266
40,69,0.025385
40,70,0.117200
40,71,0.239655
40,72,0.011355
40,73,0.034095
40,74,0.032746
40,75,0.004531
40,76,0.105643
40,77,0.036759
40,78,0.043034
40,79,0.062430
40,80,0.088322
40,81,0.135633
40,82,0.156578
40,83,0.168295
40,84,0.152023
40,85,0.087592
40,86,0.058051
40,87,0.106932
40,88,0.145345
40,89,0.062248
40,90,0.090755
40,91,0.020278
40,92,0.030595
40,93,0.028350
40,94,0.051895
40,95,0.006980
40,96,0.030137
40,97,0.063068
40,98,0.115069
40,99,0.001568
40,100,0.052272
40,101,0.111872
40,102,0.059354
40,103,0.280186
40,104,0.200008
40,105,0.256241
40,106,0.008915
40,107,0.081554
40,108,0.024565
40,109,0.079180
40,110,0.056272
40,111,0.269587
40,112,0.275577
40,113,0.308420
40,114,0.268637
40,115,0.163778
40,116,0.182874
40,117,0.100021
41,1,0.263514
41,2,0.269975
41,3,0.171336
41,4,0.017140
41,5,0.001418
41,6,0.000438
41,7,0.040445
41,8,0.102158
41,9,0.101472
41,10,0.122408
41,11,0.037395
41,12,0.033791
41,13,0.046760
41,14,0.066642
41,15,0.036804
41,16,0.015427
41,17,0.004061
41,18,0.200272
41,19,0.110958
41,20,0.089349
41,21,0.062665
41,22,0.026177
41,23,0.082668
41,24,0.215637
41,25,0.243381
41,26,0.230055
41,27,0.207632
41,28,0.161077
41,29,0.208806
41,30,0.208791
41,31,0.127333
41,32,0.074997
41,33,0.032048
41,34,0.021056
41,35,0.102724
41,36,0.055547
41,37,0.108041
41,38,0.113888
41,39,0.031371
41,40,0.046463
41,41,0.000000
41,42,0.075176
41,43,0.136416
41,44,0.046907
41,45,0.022647
41,46,0.039004
41,47,0.063951
41,48,0.049586
41,49,0.070987
41,50,0.054837
41,51,0.004915
41,52,0.009745
41,53,0.081144
41,54,0.097250
41,55,0.219459
41,56,0.130409
41,57,0.130363
41,58,0.094673
41,59,0.212574
41,60,0.135958
41,61,0.090995
41,62,0.054174
41,63,0.003577
41,64,0.003172
41,65,0.000283
41,66,0.036650
41,67,0.104122
41,68,0.124524
41,69,0.093937
41,70,0.109626
41,71,0.148696
41,72,0.097570
41,73,0.060333
41,74,0.099029
41,75,0.070331
41,76,0.023754
41,77,0.024826
41,78,0.093679
41,79,0.114867
41,80,0.143737
41,81,0.146689
41,82,0.166205
41,83,0.208961
41,84,0.192912
41,85,0.101958
41,86,0.066063
41,87,0.161262
41,88,0.189162
41,89,0.082920
41,90,0.032856
41,91,0.118925
41,92,0.084918
41,93,0.004608
41,94,0.016062
41,95,0.034002
41,96,0.111066
41,97,0.004089
41,98,0.143075
41,99,0.117190
41,100,0.172331
41,101,0.237404
41,102,0.132499
41,103,0.170135
41,104,0.125780
41,105,0.132613
41,106,0.085983
41,107,0.155871
41,108,0.071929
41,109,0.129619
41,110,0.116113
41,111,0.291121
41,112,0.290418
41,113,0.326820
41,114,0.250161
41,115,0.126481
41,116,0.160499
41,117,0.082828
42,1,0.361897
42,2,0.341520
42,3,0.204312
42,4,0.051869
42,5,0.086208
42,6,0.100621
42,7,0.096702
42,8,0.180556
42,9,0.205878
42,10,0.214400
42,11,0.125259
42,12,0.112238
42,13,0.125409
42,14,0.047749
42,15,0.056955
42,16,0.001513
42,17,0.000583
42,18,0.232147
42,19,0.032005
42,20,0.000368
42,21,0.043410
42,22,0.014813
42,23,0.107761
42,24,0.268481
42,25,0.292465
42,26,0.257430
42,27,0.232994
42,28,0.255822
42,29,0.282056
42,30,0.287323
42,31,0.240465
42,32,0.233663
42,33,0.200281
42,34,0.140341
42,35,0.037311
42,36,0.125171
42,37,0.163884
42,38,0.141884
42,39,0.075024
42,40,0.016471
42,41,0.075176
42,42,0.000000
42,43,0.098413
42,44,0.116710
42,45,0.078541
42,46,0.082771
42,47,0.017865
42,48,0.039764
42,49,0.019964
42,50,0.037040
42,51,0.076910
42,52,0.121054
42,53,0.150767
42,54,0.113251
42,55,0.255149
42,56,0.163944
42,57,0.213573
42,58,0.188890
42,59,0.264617
42,60,0.188392
42,61,0.178296
42,62,0.184971
42,63,0.158810
42,64,0.139885
42,65,0.115255
42,66,0.088949
42,67,0.165391
42,68,0.166918
42,69,0.142670
42,70,0.142706
42,71,0.079543
42,72,0.067713
42,73,0.015975
42,74,0.033578
42,75,0.029407
42,76,0.140572
42,77,0.136213
42,78,0.213888
42,79,0.206478
42,80,0.241897
42,81,0.130899
42,82,0.142513
42,83,0.171812
42,84,0.176371
42,85,0.122011
42,86,0.097853
42,87,0.182321
42,88,0.243675
42,89,0.130521
42,90,0.052224
42,91,0.083224
42,92,0.077604
42,93,0.037733
42,94,0.143084
42,95,0.054477
42,96,0.100580
42,97,0.013463
42,98,0.143186
42,99,0.089004
42,100,0.144491
42,101,0.170449
42,102,0.163056
42,103,0.162214
42,104,0.143336
42,105,0.138633
42,106,0.043883
42,107,0.115844
42,108,0.003746
42,109,0.030504
42,110,0.078799
42,111,0.213399
42,112,0.200501
42,113,0.327332
42,114,0.252691
42,115,0.213118
42,116,0.208271
42,117,0.112029
43,1,0.266064
43,2,0.296449
43,3,0.254442
43,4,0.089530
43,5,0.060159
43,6,0.055639
43,7,0.092429
43,8,0.194339
43,9,0.199950
43,10,0.211227
43,11,0.118532
43,12,0.084412
43,13,0.093434
43,14,0.074508
43,15,0.075915
43,16,0.051601
43,17,0.056179
43,18,0.154129
43,19,0.018794
43,20,0.050358
43,21,0.075429
43,22,0.012863
43,23,0.143178
43,24,0.251563
43,25,0.268328
43,26,0.231158
43,27,0.220026
43,28,0.200949
43,29,0.266603
43,30,0.290667
43,31,0.227490
43,32,0.220515
43,33,0.228162
43,34,0.186945
43,35,0.032308
43,36,0.178885
43,37,0.235141
43,38,0.204896
43,39,0.022764
43,40,0.100765
43,41,0.136416
43,42,0.098413
43,43,0.000000
43,44,0.173759
43,45,0.066931
43,46,0.092613
43,47,0.013303
43,48,0.029495
43,49,0.087126
43,50,0.089776
43,51,0.135685
43,52,0.171702
43,53,0.184333
43,54,0.116272
43,55,0.228660
43,56,0.145514
43,57,0.224778
43,58,0.238179
43,59,0.277158
43,60,0.215178
43,61,0.224048
43,62,0.250590
43,63,0.267434
43,64,0.179301
43,65,0.151820
43,66,0.090231
43,67,0.171220
43,68,0.148404
43,69,0.108411
43,70,0.173481
43,71,0.101047
43,72,0.009528
43,73,0.015500
43,74,0.029207
43,75,0.085424
43,76,0.172360
43,77,0.146329
43,78,0.204092
43,79,0.194273
43,80,0.213371
43,81,0.140582
43,82,0.144519
43,83,0.154159
43,84,0.158339
43,85,0.128189
43,86,0.074669
43,87,0.110742
43,88,0.193875
43,89,0.126961
43,90,0.018712
43,91,0.089515
43,92,0.134803
43,93,0.051105
43,94,0.022675
43,95,0.063463
43,96,0.142381
43,97,0.079014
43,98,0.035354
43,99,0.000469
43,100,0.028817
43,101,0.034221
43,102,0.032540
43,103,0.059127
43,104,0.014242
43,105,0.033234
43,106,0.095926
43,107,0.140713
43,108,0.002102
43,109,0.008123
43,110,0.070571
43,111,0.145917
43,112,0.141128
43,113,0.282655
43,114,0.206651
43,115,0.170721
43,116,0.169786
43,117,0.075104
44,1,0.430427
44,2,0.367266
44,3,0.203239
44,4,0.129263
44,5,0.197200
44,6,0.211841
44,7,0.165796
44,8,0.209144
44,9,0.246454
44,10,0.261834
44,11,0.173486
44,12,0.150662
44,13,0.160825
44,14,0.003993
44,15,0.042879
44,16,0.007881
44,17,0.032293
44,18,0.259824
44,19,0.087804
44,20,0.025133
44,21,0.023399
44,22,0.033004
44,23,0.111416
44,24,0.269233
44,25,0.259754
44,26,0.223334
44,27,0.187956
44,28,0.245589
44,29,0.270118
44,30,0.284210
44,31,0.253276
44,32,0.253722
44,33,0.202532
44,34,0.109953
44,35,0.097852
44,36,0.103731
44,37,0.174049
44,38,0.142792
44,39,0.120801
44,40,0.029190
44,41,0.046907
44,42,0.116710
44,43,0.173759
44,44,0.000000
44,45,0.038855
44,46,0.042903
44,47,0.069778
44,48,0.030050
44,49,0.039075
44,50,0.046318
44,51,0.014314
44,52,0.034456
44,53,0.077656
44,54,0.021370
44,55,0.153917
44,56,0.113548
44,57,0.225197
44,58,0.236046
44,59,0.277462
44,60,0.198818
44,61,0.161343
44,62,0.166761
44,63,0.152528
44,64,0.130977
44,65,0.093180
44,66,0.074364
44,67,0.172591
44,68,0.161226
44,69,0.141250
44,70,0.143115
44,71,0.059286
44,72,0.085463
44,73,0.093440
44,74,0.100482
44,75,0.071424
44,76,0.091864
44,77,0.030537
44,78,0.119365
44,79,0.113401
44,80,0.149171
44,81,0.076139
44,82,0.122798
44,83,0.119408
44,84,0.137511
44,85,0.124715
44,86,0.083902
44,87,0.139566
44,88,0.218895
44,89,0.075065
44,90,0.091839
44,91,0.026732
44,92,0.021812
44,93,0.108840
44,94,0.200540
44,95,0.138428
44,96,0.050989
44,97,0.000126
44,98,0.120752
44,99,0.072427
44,100,0.132737
44,101,0.162677
44,102,0.137475
44,103,0.155047
44,104,0.147634
44,105,0.149936
44,106,0.053668
44,107,0.144358
44,108,0.005856
44,109,0.009236
44,110,0.088833
44,111,0.183717
44,112,0.154842
44,113,0.226845
44,114,0.114617
44,115,0.116525
44,116,0.101168
44,117,0.002776
45,1,0.269992
45,2,0.261432
45,3,0.172308
45,4,0.112048
45,5,0.107754
45,6,0.128818
45,7,0.116876
45,8,0.163910
45,9,0.164990
45,10,0.171711
45,11,0.100205
45,12,0.074326
45,13,0.084320
45,14,0.021193
45,15,0.006533
45,16,0.009123
45,17,0.012086
45,18,0.152422
45,19,0.001597
45,20,0.010581
45,21,0.052812
45,22,0.011282
45,23,0.097580
45,24,0.202986
45,25,0.179539
45,26,0.139271
45,27,0.108073
45,28,0.145628
45,29,0.166418
45,30,0.200386
45,31,0.168219
45,32,0.180765
45,33,0.169460
45,34,0.140754
45,35,0.013975
45,36,0.096720
45,37,0.124906
45,38,0.106693
45,39,0.083748
45,40,0.035439
45,41,0.022647
45,42,0.078541
45,43,0.066931
45,44,0.038855
45,45,0.000000
45,46,0.011148
45,47,0.007670
45,48,0.019103
45,49,0.019801
45,50,0.014298
45,51,0.021406
45,52,0.054435
45,53,0.064970
45,54,0.012286
45,55,0.107196
45,56,0.049469
45,57,0.137136
45,58,0.160492
45,59,0.193232
45,60,0.134111
45,61,0.138369
45,62,0.154073
45,63,0.160637
45,64,0.117748
45,65,0.091927
45,66,0.052918
45,67,0.134006
45,68,0.112720
45,69,0.085487
45,70,0.049513
45,71,0.054144
45,72,0.072237
45,73,0.076225
45,74,0.072497
45,75,0.032159
45,76,0.076029
45,77,0.026889
45,78,0.093919
45,79,0.104995
45,80,0.107207
45,81,0.039465
45,82,0.072324
45,83,0.076756
45,84,0.101916
45,85,0.114009
45,86,0.076347
45,87,0.152589
45,88,0.216994
45,89,0.085163
45,90,0.015957
45,91,0.049094
45,92,0.033354
45,93,0.073204
45,94,0.142579
45,95,0.119540
45,96,0.036605
45,97,0.000055
45,98,0.070915
45,99,0.031713
45,100,0.066512
45,101,0.076908
45,102,0.056109
45,103,0.047339
45,104,0.052593
45,105,0.076146
45,106,0.059738
45,107,0.124840
45,108,0.041699
45,109,0.021056
45,110,0.079917
45,111,0.093998
45,112,0.079594
45,113,0.130936
45,114,0.055939
45,115,0.087811
45,116,0.068072
45,117,0.023951
46,1,0.308472
46,2,0.294969
46,3,0.205592
46,4,0.142448
46,5,0.156490
46,6,0.151809
46,7,0.146134
46,8,0.211185
46,9,0.214246
46,10,0.211100
46,11,0.122361
46,12,0.088216
46,13,0.091931
46,14,0.030259
46,15,0.020342
46,16,0.038829
46,17,0.020722
46,18,0.191730
46,19,0.039502
46,20,0.016655
46,21,0.016419
46,22,0.032490
46,23,0.123980
46,24,0.232047
46,25,0.195436
46,26,0.150105
46,27,0.129308
46,28,0.152688
46,29,0.180704
46,30,0.224032
46,31,0.199421
46,32,0.207743
46,33,0.200961
46,34,0.153387
46,35,0.014134
46,36,0.101079
46,37,0.164090
46,38,0.145840
46,39,0.024259
46,40,0.005987
46,41,0.039004
46,42,0.082771
46,43,0.092613
46,44,0.042903
46,45,0.011148
46,46,0.000000
46,47,0.077203
46,48,0.071495
46,49,0.012364
46,50,0.034989
46,51,0.019095
46,52,0.026369
46,53,0.062629
46,54,0.003229
46,55,0.113091
46,56,0.070646
46,57,0.174981
46,58,0.191756
46,59,0.215251
46,60,0.161056
46,61,0.150847
46,62,0.164273
46,63,0.162351
46,64,0.127054
46,65,0.099540
46,66,0.059907
46,67,0.170735
46,68,0.123459
46,69,0.104844
46,70,0.100094
46,71,0.056596
46,72,0.046003
46,73,0.061736
46,74,0.033186
46,75,0.043461
46,76,0.083503
46,77,0.013085
46,78,0.061138
46,79,0.084057
46,80,0.081924
46,81,0.050218
46,82,0.119872
46,83,0.104648
46,84,0.120081
46,85,0.134376
46,86,0.091647
46,87,0.129785
46,88,0.206861
46,89,0.102226
46,90,0.025986
46,91,0.108110
46,92,0.078866
46,93,0.017140
46,94,0.063299
46,95,0.028457
46,96,0.096521
46,97,0.049342
46,98,0.014113
46,99,0.037911
46,100,0.013419
46,101,0.011861
46,102,0.028111
46,103,0.053058
46,104,0.045542
46,105,0.053102
46,106,0.110732
46,107,0.154947
46,108,0.041410
46,109,0.030613
46,110,0.113961
46,111,0.103645
46,112,0.068488
46,113,0.143516
46,114,0.028315
46,115,0.016824
46,116,0.031219
46,117,0.042859
47,1,0.243350
47,2,0.207583
47,3,0.079336
47,4,0.106553
47,5,0.181357
47,6,0.192431
47,7,0.156406
47,8,0.139998
47,9,0.141152
47,10,0.137461
47,11,0.090400
47,12,0.086898
47,13,0.075462
47,14,0.063881
47,15,0.048592
47,16,0.025664
47,17,0.048142
47,18,0.136965
47,19,0.080745
47,20,0.059856
47,21,0.027701
47,22,0.021031
47,23,0.061309
47,24,0.087798
47,25,0.063237
47,26,0.029845
47,27,0.014861
47,28,0.075739
47,29,0.033071
47,30,0.089275
47,31,0.074271
47,32,0.119175
47,33,0.097208
47,34,0.001948
47,35,0.072723
47,36,0.030155
47,37,0.049231
47,38,0.050902
47,39,0.134782
47,40,0.080637
47,41,0.063951
47,42,0.017865
47,43,0.013303
47,44,0.069778
47,45,0.007670
47,46,0.077203
47,47,0.000000
47,48,0.115099
47,49,0.068751
47,50,0.160506
47,51,0.158001
47,52,0.127480
47,53,0.086061
47,54,0.112005
47,55,0.027709
47,56,0.039615
47,57,0.094220
47,58,0.104467
47,59,0.100610
47,60,0.084539
47,61,0.048611
47,62,0.037369
47,63,0.011329
47,64,0.041430
47,65,0.046305
47,66,0.065514
47,67,0.094032
47,68,0.057849
47,69,0.058823
47,70,0.008574
47,71,0.021320
47,72,0.049540
47,73,0.134762
47,74,0.143477
47,75,0.171861
47,76,0.066367
47,77,0.130959
47,78,0.060261
47,79,0.012826
47,80,0.033867
47,81,0.024019
47,82,0.037332
47,83,0.042519
47,84,0.073112
47,85,0.116947
47,86,0.089325
47,87,0.119292
47,88,0.154152
47,89,0.017318
47,90,0.003078
47,91,0.031602
47,92,0.027799
47,93,0.101045
47,94,0.135974
47,95,0.152983
47,96,0.015414
47,97,0.013845
47,98,0.030491
47,99,0.021998
47,100,0.052464
47,101,0.065635
47,102,0.067237
47,103,0.073520
47,104,0.083550
47,105,0.067075
47,106,0.030435
47,107,0.085679
47,108,0.072764
47,109,0.078159
47,110,0.092605
47,111,0.041655
47,112,0.027969
47,113,0.059204
47,114,0.145956
47,115,0.062366
47,116,0.040397
47,117,0.078059
48,1,0.205320
48,2,0.211178
48,3,0.144569
48,4,0.141168
48,5,0.113977
48,6,0.076663
48,7,0.111483
48,8,0.156690
48,9,0.139143
48,10,0.136132
48,11,0.065874
48,12,0.071866
48,13,0.084801
48,14,0.031037
48,15,0.024257
48,16,0.093917
48,17,0.076118
48,18,0.060181
48,19,0.018563
48,20,0.026572
48,21,0.016721
48,22,0.024773
48,23,0.064133
48,24,0.154842
48,25,0.103347
48,26,0.069332
48,27,0.031853
48,28,0.072592
48,29,0.074687
48,30,0.131943
48,31,0.101983
48,32,0.151105
48,33,0.117623
48,34,0.128638
48,35,0.013382
48,36,0.047005
48,37,0.136912
48,38,0.108813
48,39,0.073162
48,40,0.046143
48,41,0.049586
48,42,0.039764
48,43,0.029495
48,44,0.030050
48,45,0.019103
48,46,0.071495
48,47,0.115099
48,48,0.000000
48,49,0.010482
48,50,0.006477
48,51,0.020363
48,52,0.010137
48,53,0.056075
48,54,0.002922
48,55,0.062521
48,56,0.010871
48,57,0.065296
48,58,0.113547
48,59,0.055604
48,60,0.067682
48,61,0.061115
48,62,0.081639
48,63,0.068666
48,64,0.072391
48,65,0.073662
48,66,0.035710
48,67,0.112454
48,68,0.073180
48,69,0.079795
48,70,0.067185
48,71,0.013799
48,72,0.050873
48,73,0.100737
48,74,0.090520
48,75,0.143932
48,76,0.056817
48,77,0.048005
48,78,0.009151
48,79,0.046423
48,80,0.046571
48,81,0.090153
48,82,0.076667
48,83,0.018477
48,84,0.075219
48,85,0.111739
48,86,0.046365
48,87,0.087888
48,88,0.125777
48,89,0.076890
48,90,0.112301
48,91,0.163875
48,92,0.103077
48,93,0.079321
48,94,0.045808
48,95,0.033725
48,96,0.122445
48,97,0.115599
48,98,0.079584
48,99,0.048191
48,100,0.058220
48,101,0.027464
48,102,0.127076
48,103,0.123511
48,104,0.101789
48,105,0.110422
48,106,0.109659
48,107,0.082631
48,108,0.053888
48,109,0.035928
48,110,0.095911
48,111,0.048926
48,112,0.022007
48,113,0.038197
48,114,0.096574
48,115,0.115515
48,116,0.081976
48,117,0.136977
49,1,0.415213
49,2,0.325308
49,3,0.092212
49,4,0.073209
49,5,0.197693
49,6,0.243568
49,7,0.249307
49,8,0.249304
49,9,0.234098
49,10,0.245812
49,11,0.166690
49,12,0.180341
49,13,0.220101
49,14,0.061791
49,15,0.021479
49,16,0.006624
49,17,0.041027
49,18,0.219364
49,19,0.125408
49,20,0.106526
49,21,0.056346
49,22,0.081919
49,23,0.067900
49,24,0.203327
49,25,0.234546
49,26,0.229315
49,27,0.208697
49,28,0.254472
49,29,0.196984
49,30,0.243934
49,31,0.190984
49,32,0.224444
49,33,0.167833
49,34,0.008377
49,35,0.093218
49,36,0.012215
49,37,0.172332
49,38,0.071500
49,39,0.120606
49,40,0.136383
49,41,0.070987
49,42,0.019964
49,43,0.087126
49,44,0.039075
49,45,0.019801
49,46,0.012364
49,47,0.068751
49,48,0.010482
49,49,0.000000
49,50,0.006817
49,51,0.007505
49,52,0.022569
49,53,0.026732
49,54,0.011794
49,55,0.076720
49,56,0.059998
49,57,0.138119
49,58,0.147906
49,59,0.146824
49,60,0.099373
49,61,0.047454
49,62,0.027343
49,63,0.015196
49,64,0.023159
49,65,0.021596
49,66,0.022934
49,67,0.124415
49,68,0.122701
49,69,0.129113
49,70,0.075571
49,71,0.007842
49,72,0.166747
49,73,0.157879
49,74,0.161124
49,75,0.239360
49,76,0.059257
49,77,0.060119
49,78,0.012974
49,79,0.043976
49,80,0.073444
49,81,0.074408
49,82,0.079754
49,83,0.059301
49,84,0.117639
49,85,0.117500
49,86,0.069523
49,87,0.147627
49,88,0.201480
49,89,0.123445
49,90,0.068893
49,91,0.127784
49,92,0.045957
49,93,0.013176
49,94,0.087126
49,95,0.102513
49,96,0.030487
49,97,0.046724
49,98,0.098705
49,99,0.131847
49,100,0.173641
49,101,0.192539
49,102,0.112875
49,103,0.101239
49,104,0.146250
49,105,0.116844
49,106,0.014236
49,107,0.043299
49,108,0.002312
49,109,0.034301
49,110,0.091802
49,111,0.064047
49,112,0.065337
49,113,0.051774
49,114,0.053370
49,115,0.097253
49,116,0.034960
49,117,0.147583
50,1,0.367464
50,2,0.324440
50,3,0.129154
50,4,0.064283
50,5,0.138950
50,6,0.176498
50,7,0.253938
50,8,0.252734
50,9,0.211867
50,10,0.203521
50,11,0.121324
50,12,0.141768
50,13,0.193626
50,14,0.053654
50,15,0.000029
50,16,0.076405
50,17,0.007259
50,18,0.193385
50,19,0.110828
50,20,0.100812
50,21,0.077352
50,22,0.093175
50,23,0.059687
50,24,0.166156
50,25,0.200900
50,26,0.191819
50,27,0.175914
50,28,0.217538
50,29,0.165681
50,30,0.213371
50,31,0.170119
50,32,0.222645
50,33,0.166590
50,34,0.014379
50,35,0.046529
50,36,0.020083
50,37,0.199592
50,38,0.094114
50,39,0.087620
50,40,0.113723
50,41,0.054837
50,42,0.037040
50,43,0.089776
50,44,0.046318
50,45,0.014298
50,46,0.034989
50,47,0.160506
50,48,0.006477
50,49,0.006817
50,50,0.000000
50,51,0.001747
50,52,0.000417
50,53,0.039853
50,54,0.034494
50,55,0.007201
50,56,0.009684
50,57,0.116276
50,58,0.142705
50,59,0.132443
50,60,0.093960
50,61,0.055296
50,62,0.056412
50,63,0.002117
50,64,0.038004
50,65,0.020381
50,66,0.000567
50,67,0.115754
50,68,0.115987
50,69,0.153227
50,70,0.165239
50,71,0.022115
50,72,0.210605
50,73,0.157660
50,74,0.120399
50,75,0.260592
50,76,0.080489
50,77,0.110533
50,78,0.020796
50,79,0.046199
50,80,0.054411
50,81,0.074137
50,82,0.075493
50,83,0.056151
50,84,0.127249
50,85,0.110083
50,86,0.082759
50,87,0.166629
50,88,0.206899
50,89,0.184044
50,90,0.211937
50,91,0.249077
50,92,0.181103
50,93,0.144566
50,94,0.085992
50,95,0.047803
50,96,0.082779
50,97,0.005452
50,98,0.028750
50,99,0.104643
50,100,0.121216
50,101,0.134090
50,102,0.043481
50,103,0.015942
50,104,0.058434
50,105,0.016319
50,106,0.059992
50,107,0.055197
50,108,0.019454
50,109,0.010663
50,110,0.029362
50,111,0.010740
50,112,0.003354
50,113,0.002134
50,114,0.156811
50,115,0.211354
50,116,0.159183
50,117,0.230045
51,1,0.404493
51,2,0.336959
51,3,0.166207
51,4,0.108931
51,5,0.180246
51,6,0.200354
51,7,0.239451
51,8,0.276368
51,9,0.251240
51,10,0.240707
51,11,0.160299
51,12,0.186936
51,13,0.239685
51,14,0.043022
51,15,0.050557
51,16,0.082264
51,17,0.017652
51,18,0.192419
51,19,0.082784
51,20,0.076974
51,21,0.038738
51,22,0.085338
51,23,0.079819
51,24,0.263442
51,25,0.263874
51,26,0.252812
51,27,0.228848
51,28,0.262716
51,29,0.231098
51,30,0.259666
51,31,0.235256
51,32,0.272498
51,33,0.202928
51,34,0.047102
51,35,0.036914
51,36,0.035233
51,37,0.212449
51,38,0.092729
51,39,0.009929
51,40,0.065464
51,41,0.004915
51,42,0.076910
51,43,0.135685
51,44,0.014314
51,45,0.021406
51,46,0.019095
51,47,0.158001
51,48,0.020363
51,49,0.007505
51,50,0.001747
51,51,0.000000
51,52,0.070490
51,53,0.144941
51,54,0.076542
51,55,0.138605
51,56,0.056017
51,57,0.164690
51,58,0.167498
51,59,0.150353
51,60,0.099684
51,61,0.072381
51,62,0.084081
51,63,0.042806
51,64,0.072909
51,65,0.045377
51,66,0.019885
51,67,0.139122
51,68,0.132342
51,69,0.155743
51,70,0.200902
51,71,0.007818
51,72,0.163245
51,73,0.121371
51,74,0.061516
51,75,0.157826
51,76,0.117782
51,77,0.014763
51,78,0.053659
51,79,0.086320
51,80,0.192877
51,81,0.174688
51,82,0.151701
51,83,0.079307
51,84,0.146814
51,85,0.111760
51,86,0.049212
51,87,0.135667
51,88,0.209269
51,89,0.186499
51,90,0.154494
51,91,0.236738
51,92,0.195714
51,93,0.129965
51,94,0.065253
51,95,0.062863
51,96,0.101791
51,97,0.023793
51,98,0.020885
51,99,0.072709
51,100,0.081113
51,101,0.096838
51,102,0.022080
51,103,0.060940
51,104,0.093139
51,105,0.054347
51,106,0.056834
51,107,0.062542
51,108,0.007471
51,109,0.022352
51,110,0.027967
51,111,0.061641
51,112,0.074251
51,113,0.101482
51,114,0.021695
51,115,0.105200
51,116,0.053386
51,117,0.193650
52,1,0.414641
52,2,0.360361
52,3,0.233163
52,4,0.086083
52,5,0.114402
52,6,0.120001
52,7,0.162740
52,8,0.203671
52,9,0.197748
52,10,0.219711
52,11,0.135087
52,12,0.142591
52,13,0.164229
52,14,0.067625
52,15,0.027568
52,16,0.060872
52,17,0.013108
52,18,0.220284
52,19,0.083131
52,20,0.064897
52,21,0.020754
52,22,0.054684
52,23,0.101681
52,24,0.270105
52,25,0.263189
52,26,0.252516
52,27,0.217822
52,28,0.232985
52,29,0.259469
52,30,0.253685
52,31,0.203813
52,32,0.227641
52,33,0.166403
52,34,0.066194
52,35,0.007695
52,36,0.048497
52,37,0.207247
52,38,0.100523
52,39,0.037709
52,40,0.002182
52,41,0.009745
52,42,0.121054
52,43,0.171702
52,44,0.034456
52,45,0.054435
52,46,0.026369
52,47,0.127480
52,48,0.010137
52,49,0.022569
52,50,0.000417
52,51,0.070490
52,52,0.000000
52,53,0.062904
52,54,0.052549
52,55,0.144490
52,56,0.005977
52,57,0.136038
52,58,0.171564
52,59,0.138055
52,60,0.123281
52,61,0.108485
52,62,0.101536
52,63,0.081424
52,64,0.098919
52,65,0.075456
52,66,0.024366
52,67,0.133029
52,68,0.123104
52,69,0.138671
52,70,0.180823
52,71,0.041952
52,72,0.136187
52,73,0.129361
52,74,0.034426
52,75,0.165509
52,76,0.100531
52,77,0.077559
52,78,0.014130
52,79,0.015388
52,80,0.121040
52,81,0.085318
52,82,0.062636
52,83,0.028523
52,84,0.083702
52,85,0.071923
52,86,0.034650
52,87,0.114255
52,88,0.217855
52,89,0.208949
52,90,0.169485
52,91,0.226092
52,92,0.219187
52,93,0.149518
52,94,0.096707
52,95,0.087946
52,96,0.113551
52,97,0.012443
52,98,0.012478
52,99,0.011297
52,100,0.001738
52,101,0.005254
52,102,0.043452
52,103,0.043008
52,104,0.065154
52,105,0.040191
52,106,0.092166
52,107,0.081016
52,108,0.017241
52,109,0.035886
52,110,0.024793
52,111,0.088849
52,112,0.116549
52,113,0.173582
52,114,0.043904
52,115,0.057418
52,116,0.020947
52,117,0.145149
53,1,0.400709
53,2,0.380304
53,3,0.274806
53,4,0.091158
53,5,0.062328
53,6,0.068809
53,7,0.160804
53,8,0.191766
53,9,0.183399
53,10,0.219216
53,11,0.166551
53,12,0.150637
53,13,0.151924
53,14,0.047143
53,15,0.072240
53,16,0.059274
53,17,0.003528
53,18,0.137005
53,19,0.005280
53,20,0.015201
53,21,0.006729
53,22,0.037051
53,23,0.109841
53,24,0.286421
53,25,0.267752
53,26,0.274194
53,27,0.220972
53,28,0.223939
53,29,0.273642
53,30,0.261330
53,31,0.208403
53,32,0.234831
53,33,0.177864
53,34,0.056320
53,35,0.006795
53,36,0.070086
53,37,0.220331
53,38,0.111351
53,39,0.122496
53,40,0.082032
53,41,0.081144
53,42,0.150767
53,43,0.184333
53,44,0.077656
53,45,0.064970
53,46,0.062629
53,47,0.086061
53,48,0.056075
53,49,0.026732
53,50,0.039853
53,51,0.144941
53,52,0.062904
53,53,0.000000
53,54,0.031805
53,55,0.170523
53,56,0.006299
53,57,0.129761
53,58,0.163047
53,59,0.115205
53,60,0.134605
53,61,0.105191
53,62,0.116083
53,63,0.112505
53,64,0.101834
53,65,0.069155
53,66,0.022155
53,67,0.147315
53,68,0.130707
53,69,0.116258
53,70,0.155070
53,71,0.028126
53,72,0.124859
53,73,0.136046
53,74,0.042703
53,75,0.124081
53,76,0.087501
53,77,0.028266
53,78,0.042765
53,79,0.019368
53,80,0.075005
53,81,0.100989
53,82,0.088128
53,83,0.060133
53,84,0.104768
53,85,0.063490
53,86,0.043024
53,87,0.121054
53,88,0.194806
53,89,0.204549
53,90,0.174984
53,91,0.236595
53,92,0.240327
53,93,0.155017
53,94,0.092803
53,95,0.119119
53,96,0.132624
53,97,0.041669
53,98,0.013172
53,99,0.009669
53,100,0.005711
53,101,0.023285
53,102,0.086286
53,103,0.011058
53,104,0.018108
53,105,0.018050
53,106,0.103532
53,107,0.068246
53,108,0.043420
53,109,0.025178
53,110,0.044582
53,111,0.144464
53,112,0.204641
53,113,0.251394
53,114,0.140986
53,115,0.023011
53,116,0.068416
53,117,0.096951
54,1,0.335624
54,2,0.376391
54,3,0.293306
54,4,0.185152
54,5,0.078879
54,6,0.083986
54,7,0.178602
54,8,0.171252
54,9,0.175357
54,10,0.224858
54,11,0.188319
54,12,0.150613
54,13,0.138690
54,14,0.047294
54,15,0.066397
54,16,0.094750
54,17,0.026903
54,18,0.118948
54,19,0.020246
54,20,0.044927
54,21,0.040495
54,22,0.055099
54,23,0.096449
54,24,0.229433
54,25,0.220146
54,26,0.235221
54,27,0.177752
54,28,0.188278
54,29,0.250301
54,30,0.243837
54,31,0.134902
54,32,0.199346
54,33,0.145631
54,34,0.066577
54,35,0.028512
54,36,0.081382
54,37,0.208422
54,38,0.116153
54,39,0.097822
54,40,0.116139
54,41,0.097250
54,42,0.113251
54,43,0.116272
54,44,0.021370
54,45,0.012286
54,46,0.003229
54,47,0.112005
54,48,0.002922
54,49,0.011794
54,50,0.034494
54,51,0.076542
54,52,0.052549
54,53,0.031805
54,54,0.000000
54,55,0.056561
54,56,0.024140
54,57,0.108962
54,58,0.147821
54,59,0.072930
54,60,0.135149
54,61,0.105485
54,62,0.116204
54,63,0.100321
54,64,0.078251
54,65,0.038749
54,66,0.005931
54,67,0.133608
54,68,0.096521
54,69,0.116232
54,70,0.128171
54,71,0.062757
54,72,0.113525
54,73,0.145183
54,74,0.050359
54,75,0.215162
54,76,0.020839
54,77,0.145677
54,78,0.041333
54,79,0.009472
54,80,0.013856
54,81,0.022441
54,82,0.074824
54,83,0.101019
54,84,0.162613
54,85,0.105873
54,86,0.081191
54,87,0.172735
54,88,0.233041
54,89,0.217098
54,90,0.220637
54,91,0.277163
54,92,0.260666
54,93,0.192590
54,94,0.144854
54,95,0.166084
54,96,0.165485
54,97,0.093067
54,98,0.061060
54,99,0.014300
54,100,0.025202
54,101,0.038626
54,102,0.111999
54,103,0.075592
54,104,0.054641
54,105,0.045395
54,106,0.097486
54,107,0.048650
54,108,0.069623
54,109,0.045245
54,110,0.010659
54,111,0.070341
54,112,0.123391
54,113,0.129262
54,114,0.032210
54,115,0.119364
54,116,0.077707
54,117,0.179744
55,1,0.395484
55,2,0.427455
55,3,0.382963
55,4,0.250732
55,5,0.110621
55,6,0.070217
55,7,0.155961
55,8,0.183454
55,9,0.212702
55,10,0.285765
55,11,0.256812
55,12,0.204067
55,13,0.187047
55,14,0.058929
55,15,0.152117
55,16,0.116157
55,17,0.048634
55,18,0.074763
55,19,0.062366
55,20,0.062256
55,21,0.077070
55,22,0.019231
55,23,0.164841
55,24,0.308920
55,25,0.293836
55,26,0.324740
55,27,0.261546
55,28,0.252386
55,29,0.337261
55,30,0.316235
55,31,0.190525
55,32,0.226825
55,33,0.171864
55,34,0.128285
55,35,0.079741
55,36,0.178921
55,37,0.296898
55,38,0.206662
55,39,0.143747
55,40,0.223967
55,41,0.219459
55,42,0.255149
55,43,0.228660
55,44,0.153917
55,45,0.107196
55,46,0.113091
55,47,0.027709
55,48,0.062521
55,49,0.076720
55,50,0.007201
55,51,0.138605
55,52,0.144490
55,53,0.170523
55,54,0.056561
55,55,0.000000
55,56,0.043791
55,57,0.163105
55,58,0.232736
55,59,0.138277
55,60,0.246930
55,61,0.204070
55,62,0.207992
55,63,0.223834
55,64,0.178351
55,65,0.147853
55,66,0.080531
55,67,0.234412
55,68,0.184816
55,69,0.131098
55,70,0.152470
55,71,0.090947
55,72,0.076196
55,73,0.117961
55,74,0.026068
55,75,0.089358
55,76,0.150757
55,77,0.029497
55,78,0.080441
55,79,0.067934
55,80,0.137260
55,81,0.044021
55,82,0.102097
55,83,0.111116
55,84,0.166856
55,85,0.083713
55,86,0.045371
55,87,0.152303
55,88,0.220854
55,89,0.178908
55,90,0.126584
55,91,0.274135
55,92,0.275981
55,93,0.163605
55,94,0.098819
55,95,0.166003
55,96,0.192206
55,97,0.117726
55,98,0.041586
55,99,0.006284
55,100,0.006976
55,101,0.013853
55,102,0.062256
55,103,0.045428
55,104,0.035210
55,105,0.067940
55,106,0.148970
55,107,0.098270
55,108,0.065764
55,109,0.012143
55,110,0.035122
55,111,0.185386
55,112,0.242542
55,113,0.280940
55,114,0.166749
55,115,0.011538
55,116,0.059628
55,117,0.093024
56,1,0.199303
56,2,0.189144
56,3,0.157434
56,4,0.034696
56,5,0.040413
56,6,0.080538
56,7,0.047842
56,8,0.029890
56,9,0.000096
56,10,0.070021
56,11,0.050534
56,12,0.018335
56,13,0.005086
56,14,0.001829
56,15,0.002858
56,16,0.016710
56,17,0.013710
56,18,0.088360
56,19,0.055303
56,20,0.068848
56,21,0.100736
56,22,0.064645
56,23,0.126234
56,24,0.135436
56,25,0.109040
56,26,0.112196
56,27,0.094910
56,28,0.095537
56,29,0.109866
56,30,0.100372
56,31,0.041680
56,32,0.045228
56,33,0.075100
56,34,0.008124
56,35,0.004017
56,36,0.164638
56,37,0.211792
56,38,0.196812
56,39,0.017345
56,40,0.076005
56,41,0.130409
56,42,0.163944
56,43,0.145514
56,44,0.113548
56,45,0.049469
56,46,0.070646
56,47,0.039615
56,48,0.010871
56,49,0.059998
56,50,0.009684
56,51,0.056017
56,52,0.005977
56,53,0.006299
56,54,0.024140
56,55,0.043791
56,56,0.000000
56,57,0.073292
56,58,0.174304
56,59,0.134878
56,60,0.180768
56,61,0.185914
56,62,0.164561
56,63,0.139380
56,64,0.140006
56,65,0.118150
56,66,0.097066
56,67,0.138584
56,68,0.096620
56,69,0.043058
56,70,0.023356
56,71,0.002063
56,72,0.128869
56,73,0.103292
56,74,0.121908
56,75,0.088590
56,76,0.147591
56,77,0.076828
56,78,0.058827
56,79,0.055307
56,80,0.087528
56,81,0.008963
56,82,0.025366
56,83,0.078311
56,84,0.099408
56,85,0.051173
56,86,0.005430
56,87,0.144314
56,88,0.122890
56,89,0.001987
56,90,0.013156
56,91,0.099767
56,92,0.073250
56,93,0.000150
56,94,0.018648
56,95,0.000638
56,96,0.080305
56,97,0.011664
56,98,0.055799
56,99,0.089133
56,100,0.102624
56,101,0.118239
56,102,0.085720
56,103,0.012585
56,104,0.031752
56,105,0.073342
56,106,0.147693
56,107,0.106713
56,108,0.033151
56,109,0.020981
56,110,0.063507
56,111,0.186798
56,112,0.200298
56,113,0.217838
56,114,0.148979
56,115,0.065975
56,116,0.086046
56,117,0.043563
57,1,0.230550
57,2,0.215528
57,3,0.208967
57,4,0.080944
57,5,0.002364
57,6,0.025047
57,7,0.031684
57,8,0.036777
57,9,0.064446
57,10,0.112575
57,11,0.096394
57,12,0.086129
57,13,0.075726
57,14,0.089416
57,15,0.048680
57,16,0.038517
57,17,0.032094
57,18,0.057809
57,19,0.088130
57,20,0.110215
57,21,0.146898
57,22,0.084174
57,23,0.116555
57,24,0.199506
57,25,0.193716
57,26,0.211738
57,27,0.163205
57,28,0.188657
57,29,0.191673
57,30,0.161797
57,31,0.131173
57,32,0.114418
57,33,0.080519
57,34,0.073836
57,35,0.011083
57,36,0.224101
57,37,0.190774
57,38,0.199683
57,39,0.020962
57,40,0.045056
57,41,0.130363
57,42,0.213573
57,43,0.224778
57,44,0.225197
57,45,0.137136
57,46,0.174981
57,47,0.094220
57,48,0.065296
57,49,0.138119
57,50,0.116276
57,51,0.164690
57,52,0.136038
57,53,0.129761
57,54,0.108962
57,55,0.163105
57,56,0.073292
57,57,0.000000
57,58,0.103988
57,59,0.182625
57,60,0.245155
57,61,0.235407
57,62,0.212754
57,63,0.207615
57,64,0.181868
57,65,0.175021
57,66,0.162162
57,67,0.146506
57,68,0.143300
57,69,0.066271
57,70,0.067265
57,71,0.024450
57,72,0.173048
57,73,0.115209
57,74,0.153669
57,75,0.031619
57,76,0.231492
57,77,0.228234
57,78,0.179178
57,79,0.133760
57,80,0.167918
57,81,0.075122
57,82,0.079508
57,83,0.120876
57,84,0.119891
57,85,0.037241
57,86,0.053173
57,87,0.221024
57,88,0.163940
57,89,0.034884
57,90,0.019739
57,91,0.102947
57,92,0.065942
57,93,0.058652
57,94,0.079512
57,95,0.038329
57,96,0.083348
57,97,0.002539
57,98,0.125368
57,99,0.097068
57,100,0.143655
57,101,0.201575
57,102,0.150685
57,103,0.120620
57,104,0.037452
57,105,0.002563
57,106,0.125710
57,107,0.128888
57,108,0.005090
57,109,0.065044
57,110,0.119390
57,111,0.233426
57,112,0.220413
57,113,0.286342
57,114,0.272055
57,115,0.171886
57,116,0.196551
57,117,0.091787
58,1,0.265596
58,2,0.238211
58,3,0.200512
58,4,0.080470
58,5,0.039902
58,6,0.022776
58,7,0.016366
58,8,0.116127
58,9,0.118981
58,10,0.133608
58,11,0.112194
58,12,0.094178
58,13,0.098249
58,14,0.102560
58,15,0.073325
58,16,0.038294
58,17,0.030455
58,18,0.067711
58,19,0.091685
58,20,0.110945
58,21,0.149767
58,22,0.092772
58,23,0.125538
58,24,0.231758
58,25,0.229372
58,26,0.244426
58,27,0.184597
58,28,0.205785
58,29,0.211984
58,30,0.198183
58,31,0.179875
58,32,0.134591
58,33,0.085196
58,34,0.070157
58,35,0.056823
58,36,0.169844
58,37,0.084695
58,38,0.113645
58,39,0.104008
58,40,0.007949
58,41,0.094673
58,42,0.188890
58,43,0.238179
58,44,0.236046
58,45,0.160492
58,46,0.191756
58,47,0.104467
58,48,0.113547
58,49,0.147906
58,50,0.142705
58,51,0.167498
58,52,0.171564
58,53,0.163047
58,54,0.147821
58,55,0.232736
58,56,0.174304
58,57,0.103988
58,58,0.000000
58,59,0.188907
58,60,0.208539
58,61,0.176290
58,62,0.170560
58,63,0.189614
58,64,0.163195
58,65,0.166037
58,66,0.170859
58,67,0.165169
58,68,0.177349
58,69,0.092297
58,70,0.066131
58,71,0.046877
58,72,0.191039
58,73,0.132991
58,74,0.189607
58,75,0.035654
58,76,0.198814
58,77,0.242164
58,78,0.210153
58,79,0.157885
58,80,0.166697
58,81,0.106749
58,82,0.108907
58,83,0.150800
58,84,0.154879
58,85,0.064033
58,86,0.069850
58,87,0.244073
58,88,0.215878
58,89,0.082987
58,90,0.028397
58,91,0.094779
58,92,0.077426
58,93,0.061004
58,94,0.118977
58,95,0.084823
58,96,0.073959
58,97,0.023384
58,98,0.162743
58,99,0.116183
58,100,0.170662
58,101,0.243403
58,102,0.178571
58,103,0.140976
58,104,0.056971
58,105,0.055901
58,106,0.071490
58,107,0.118426
58,108,0.002010
58,109,0.067370
58,110,0.110741
58,111,0.290046
58,112,0.268969
58,113,0.312359
58,114,0.309574
58,115,0.227634
58,116,0.249130
58,117,0.113719
59,1,0.196615
59,2,0.200189
59,3,0.253527
59,4,0.097992
59,5,0.022447
59,6,0.057392
59,7,0.011641
59,8,0.083902
59,9,0.083694
59,10,0.096736
59,11,0.079119
59,12,0.073388
59,13,0.059138
59,14,0.060913
59,15,0.040429
59,16,0.025200
59,17,0.016181
59,18,0.091816
59,19,0.093853
59,20,0.142533
59,21,0.170466
59,22,0.080892
59,23,0.111908
59,24,0.202202
59,25,0.174509
59,26,0.175217
59,27,0.143861
59,28,0.168399
59,29,0.167006
59,30,0.149055
59,31,0.169266
59,32,0.129597
59,33,0.092204
59,34,0.125024
59,35,0.018638
59,36,0.266267
59,37,0.245191
59,38,0.277169
59,39,0.062308
59,40,0.115374
59,41,0.212574
59,42,0.264617
59,43,0.277158
59,44,0.277462
59,45,0.193232
59,46,0.215251
59,47,0.100610
59,48,0.055604
59,49,0.146824
59,50,0.132443
59,51,0.150353
59,52,0.138055
59,53,0.115205
59,54,0.072930
59,55,0.138277
59,56,0.134878
59,57,0.182625
59,58,0.188907
59,59,0.000000
59,60,0.201395
59,61,0.278219
59,62,0.247969
59,63,0.289915
59,64,0.202916
59,65,0.186116
59,66,0.196329
59,67,0.164331
59,68,0.187471
59,69,0.078726
59,70,0.085960
59,71,0.015332
59,72,0.167281
59,73,0.071743
59,74,0.163185
59,75,0.002615
59,76,0.235342
59,77,0.278092
59,78,0.204145
59,79,0.150592
59,80,0.136867
59,81,0.083400
59,82,0.110066
59,83,0.132012
59,84,0.128669
59,85,0.037903
59,86,0.034382
59,87,0.194618
59,88,0.190385
59,89,0.035436
59,90,0.061410
59,91,0.111970
59,92,0.116996
59,93,0.009335
59,94,0.047785
59,95,0.010502
59,96,0.131395
59,97,0.031874
59,98,0.136989
59,99,0.114650
59,100,0.151043
59,101,0.232589
59,102,0.168715
59,103,0.120833
59,104,0.021788
59,105,0.002221
59,106,0.103765
59,107,0.086796
59,108,0.032896
59,109,0.015699
59,110,0.085722
59,111,0.309647
59,112,0.276468
59,113,0.310583
59,114,0.272740
59,115,0.161157
59,116,0.211504
59,117,0.086723
60,1,0.207398
60,2,0.144629
60,3,0.129266
60,4,0.049207
60,5,0.061128
60,6,0.023153
60,7,0.007146
60,8,0.079506
60,9,0.102318
60,10,0.122472
60,11,0.094226
60,12,0.091433
60,13,0.096524
60,14,0.026736
60,15,0.006362
60,16,0.039451
60,17,0.015535
60,18,0.110584
60,19,0.064161
60,20,0.095561
60,21,0.143082
60,22,0.100462
60,23,0.120213
60,24,0.199004
60,25,0.176766
60,26,0.159450
60,27,0.128936
60,28,0.196988
60,29,0.181613
60,30,0.152388
60,31,0.169333
60,32,0.108938
60,33,0.063994
60,34,0.064282
60,35,0.078585
60,36,0.139151
60,37,0.159213
60,38,0.178135
60,39,0.114275
60,40,0.050523
60,41,0.135958
60,42,0.188392
60,43,0.215178
60,44,0.198818
60,45,0.134111
60,46,0.161056
60,47,0.084539
60,48,0.067682
60,49,0.099373
60,50,0.093960
60,51,0.099684
60,52,0.123281
60,53,0.134605
60,54,0.135149
60,55,0.246930
60,56,0.180768
60,57,0.245155
60,58,0.208539
60,59,0.201395
60,60,0.000000
60,61,0.096580
60,62,0.134521
60,63,0.204071
60,64,0.134195
60,65,0.149911
60,66,0.188476
60,67,0.190873
60,68,0.247833
60,69,0.145926
60,70,0.097933
60,71,0.057728
60,72,0.141863
60,73,0.046122
60,74,0.127972
60,75,0.024482
60,76,0.216347
60,77,0.260521
60,78,0.184069
60,79,0.147649
60,80,0.160319
60,81,0.119009
60,82,0.114938
60,83,0.121391
60,84,0.109237
60,85,0.026895
60,86,0.007077
60,87,0.150112
60,88,0.158076
60,89,0.007897
60,90,0.146873
60,91,0.012340
60,92,0.020946
60,93,0.103394
60,94,0.160077
60,95,0.106883
60,96,0.040464
60,97,0.040248
60,98,0.189597
60,99,0.151188
60,100,0.213840
60,101,0.275244
60,102,0.215509
60,103,0.161125
60,104,0.056213
60,105,0.044290
60,106,0.070833
60,107,0.079319
60,108,0.034857
60,109,0.030990
60,110,0.105664
60,111,0.290799
60,112,0.251828
60,113,0.291574
60,114,0.274555
60,115,0.200003
60,116,0.227757
60,117,0.134078
61,1,0.307011
61,2,0.231660
61,3,0.124123
61,4,0.045295
61,5,0.142193
61,6,0.128220
61,7,0.072479
61,8,0.129424
61,9,0.157915
61,10,0.191472
61,11,0.170426
61,12,0.170715
61,13,0.179679
61,14,0.056611
61,15,0.036239
61,16,0.042208
61,17,0.039659
61,18,0.158516
61,19,0.016386
61,20,0.038777
61,21,0.071100
61,22,0.047776
61,23,0.081099
61,24,0.210920
61,25,0.243315
61,26,0.244457
61,27,0.221143
61,28,0.281731
61,29,0.251098
61,30,0.214148
61,31,0.219290
61,32,0.152161
61,33,0.100490
61,34,0.025227
61,35,0.157869
61,36,0.086451
61,37,0.112448
61,38,0.127354
61,39,0.186773
61,40,0.027234
61,41,0.090995
61,42,0.178296
61,43,0.224048
61,44,0.161343
61,45,0.138369
61,46,0.150847
61,47,0.048611
61,48,0.061115
61,49,0.047454
61,50,0.055296
61,51,0.072381
61,52,0.108485
61,53,0.105191
61,54,0.105485
61,55,0.204070
61,56,0.185914
61,57,0.235407
61,58,0.176290
61,59,0.278219
61,60,0.096580
61,61,0.000000
61,62,0.088044
61,63,0.171144
61,64,0.099304
61,65,0.091708
61,66,0.169182
61,67,0.176795
61,68,0.231235
61,69,0.158105
61,70,0.122044
61,71,0.051628
61,72,0.207487
61,73,0.085216
61,74,0.184223
61,75,0.024243
61,76,0.216008
61,77,0.230787
61,78,0.186756
61,79,0.128068
61,80,0.161250
61,81,0.109880
61,82,0.114654
61,83,0.133329
61,84,0.121077
61,85,0.028718
61,86,0.001093
61,87,0.133815
61,88,0.139297
61,89,0.001843
61,90,0.175129
61,91,0.029448
61,92,0.029020
61,93,0.145870
61,94,0.222357
61,95,0.175782
61,96,0.012324
61,97,0.090110
61,98,0.259620
61,99,0.218268
61,100,0.317599
61,101,0.385642
61,102,0.325919
61,103,0.251007
61,104,0.167395
61,105,0.115051
61,106,0.039990
61,107,0.070256
61,108,0.055195
61,109,0.019199
61,110,0.092189
61,111,0.296890
61,112,0.257387
61,113,0.313864
61,114,0.264586
61,115,0.169284
61,116,0.199852
61,117,0.092384
62,1,0.342035
62,2,0.259702
62,3,0.136901
62,4,0.044992
62,5,0.153957
62,6,0.154813
62,7,0.101214
62,8,0.156767
62,9,0.188169
62,10,0.214640
62,11,0.180246
62,12,0.183502
62,13,0.193539
62,14,0.054292
62,15,0.047339
62,16,0.046435
62,17,0.058483
62,18,0.218435
62,19,0.029654
62,20,0.014949
62,21,0.048485
62,22,0.014471
62,23,0.084358
62,24,0.233071
62,25,0.286101
62,26,0.276194
62,27,0.242861
62,28,0.300409
62,29,0.279043
62,30,0.245618
62,31,0.229840
62,32,0.183572
62,33,0.119284
62,34,0.054987
62,35,0.170109
62,36,0.067343
62,37,0.122550
62,38,0.105350
62,39,0.200221
62,40,0.068198
62,41,0.054174
62,42,0.184971
62,43,0.250590
62,44,0.166761
62,45,0.154073
62,46,0.164273
62,47,0.037369
62,48,0.081639
62,49,0.027343
62,50,0.056412
62,51,0.084081
62,52,0.101536
62,53,0.116083
62,54,0.116204
62,55,0.207992
62,56,0.164561
62,57,0.212754
62,58,0.170560
62,59,0.247969
62,60,0.134521
62,61,0.088044
62,62,0.000000
62,63,0.163631
62,64,0.063562
62,65,0.088060
62,66,0.157672
62,67,0.183824
62,68,0.213768
62,69,0.152758
62,70,0.128704
62,71,0.033050
62,72,0.213895
62,73,0.100224
62,74,0.185032
62,75,0.039006
62,76,0.193613
62,77,0.202546
62,78,0.179116
62,79,0.129618
62,80,0.160518
62,81,0.102553
62,82,0.101717
62,83,0.112251
62,84,0.116621
62,85,0.038791
62,86,0.009076
62,87,0.139329
62,88,0.160889
62,89,0.036207
62,90,0.148499
62,91,0.035597
62,92,0.039111
62,93,0.170986
62,94,0.261944
62,95,0.221573
62,96,0.042793
62,97,0.122445
62,98,0.278634
62,99,0.213925
62,100,0.310623
62,101,0.380086
62,102,0.323766
62,103,0.270035
62,104,0.200997
62,105,0.153050
62,106,0.036828
62,107,0.081311
62,108,0.038696
62,109,0.020032
62,110,0.107088
62,111,0.293915
62,112,0.257265
62,113,0.326641
62,114,0.264813
62,115,0.184637
62,116,0.209669
62,117,0.103084
63,1,0.442237
63,2,0.382906
63,3,0.191955
63,4,0.137514
63,5,0.216548
63,6,0.232163
63,7,0.160793
63,8,0.222480
63,9,0.269750
63,10,0.309871
63,11,0.233368
63,12,0.220033
63,13,0.215559
63,14,0.065564
63,15,0.047358
63,16,0.022013
63,17,0.072484
63,18,0.264858
63,19,0.069553
63,20,0.023595
63,21,0.043009
63,22,0.029471
63,23,0.102197
63,24,0.285700
63,25,0.329806
63,26,0.315137
63,27,0.287360
63,28,0.330348
63,29,0.344016
63,30,0.338078
63,31,0.294162
63,32,0.270227
63,33,0.183548
63,34,0.085555
63,35,0.129646
63,36,0.098514
63,37,0.168291
63,38,0.134008
63,39,0.103992
63,40,0.079789
63,41,0.003577
63,42,0.158810
63,43,0.267434
63,44,0.152528
63,45,0.160637
63,46,0.162351
63,47,0.011329
63,48,0.068666
63,49,0.015196
63,50,0.002117
63,51,0.042806
63,52,0.081424
63,53,0.112505
63,54,0.100321
63,55,0.223834
63,56,0.139380
63,57,0.207615
63,58,0.189614
63,59,0.289915
63,60,0.204071
63,61,0.171144
63,62,0.163631
63,63,0.000000
63,64,0.141881
63,65,0.116331
63,66,0.125095
63,67,0.189906
63,68,0.184542
63,69,0.152589
63,70,0.152134
63,71,0.073426
63,72,0.144812
63,73,0.068212
63,74,0.132319
63,75,0.071608
63,76,0.177384
63,77,0.147906
63,78,0.196779
63,79,0.151061
63,80,0.169367
63,81,0.109431
63,82,0.128923
63,83,0.124781
63,84,0.128544
63,85,0.094293
63,86,0.058085
63,87,0.144173
63,88,0.228482
63,89,0.100469
63,90,0.102247
63,91,0.042221
63,92,0.014589
63,93,0.119359
63,94,0.196411
63,95,0.144362
63,96,0.029527
63,97,0.057643
63,98,0.197935
63,99,0.133547
63,100,0.213483
63,101,0.267517
63,102,0.213742
63,103,0.231538
63,104,0.213082
63,105,0.208400
63,106,0.007502
63,107,0.113275
63,108,0.040205
63,109,0.016527
63,110,0.080344
63,111,0.266313
63,112,0.235154
63,113,0.341811
63,114,0.254821
63,115,0.190017
63,116,0.191347
63,117,0.080974
64,1,0.375114
64,2,0.281854
64,3,0.104742
64,4,0.070090
64,5,0.201104
64,6,0.196108
64,7,0.121873
64,8,0.153899
64,9,0.197644
64,10,0.229137
64,11,0.206834
64,12,0.189723
64,13,0.190067
64,14,0.010961
64,15,0.030982
64,16,0.047919
64,17,0.078791
64,18,0.190934
64,19,0.020999
64,20,0.036760
64,21,0.070813
64,22,0.048462
64,23,0.099754
64,24,0.224697
64,25,0.249206
64,26,0.236647
64,27,0.203781
64,28,0.283620
64,29,0.253092
64,30,0.235897
64,31,0.228990
64,32,0.205141
64,33,0.164401
64,34,0.075060
64,35,0.136899
64,36,0.088409
64,37,0.119062
64,38,0.106653
64,39,0.190592
64,40,0.111470
64,41,0.003172
64,42,0.139885
64,43,0.179301
64,44,0.130977
64,45,0.117748
64,46,0.127054
64,47,0.041430
64,48,0.072391
64,49,0.023159
64,50,0.038004
64,51,0.072909
64,52,0.098919
64,53,0.101834
64,54,0.078251
64,55,0.178351
64,56,0.140006
64,57,0.181868
64,58,0.163195
64,59,0.202916
64,60,0.134195
64,61,0.099304
64,62,0.063562
64,63,0.141881
64,64,0.000000
64,65,0.069625
64,66,0.156062
64,67,0.198068
64,68,0.216732
64,69,0.162714
64,70,0.121964
64,71,0.024355
64,72,0.182571
64,73,0.113169
64,74,0.160763
64,75,0.055921
64,76,0.142916
64,77,0.138263
64,78,0.130117
64,79,0.099589
64,80,0.157574
64,81,0.079814
64,82,0.100845
64,83,0.119530
64,84,0.113460
64,85,0.043095
64,86,0.035423
64,87,0.144730
64,88,0.161454
64,89,0.024441
64,90,0.138020
64,91,0.023752
64,92,0.056324
64,93,0.196994
64,94,0.281676
64,95,0.245612
64,96,0.023593
64,97,0.066614
64,98,0.203229
64,99,0.157375
64,100,0.255845
64,101,0.306359
64,102,0.285895
64,103,0.244172
64,104,0.219185
64,105,0.177400
64,106,0.011484
64,107,0.075198
64,108,0.030285
64,109,0.033222
64,110,0.120190
64,111,0.248844
64,112,0.222100
64,113,0.295498
64,114,0.210424
64,115,0.160962
64,116,0.180455
64,117,0.073138
65,1,0.396943
65,2,0.315529
65,3,0.127939
65,4,0.087147
65,5,0.234327
65,6,0.221041
65,7,0.135492
65,8,0.144078
65,9,0.205932
65,10,0.236465
65,11,0.241259
65,12,0.208040
65,13,0.179865
65,14,0.007773
65,15,0.018145
65,16,0.053921
65,17,0.073263
65,18,0.149787
65,19,0.069156
65,20,0.076630
65,21,0.071102
65,22,0.081251
65,23,0.126190
65,24,0.213097
65,25,0.231014
65,26,0.207496
65,27,0.183439
65,28,0.267182
65,29,0.247891
65,30,0.234733
65,31,0.238993
65,32,0.227228
65,33,0.184569
65,34,0.034328
65,35,0.128602
65,36,0.083197
65,37,0.121209
65,38,0.102678
65,39,0.141110
65,40,0.086884
65,41,0.000283
65,42,0.115255
65,43,0.151820
65,44,0.093180
65,45,0.091927
65,46,0.099540
65,47,0.046305
65,48,0.073662
65,49,0.021596
65,50,0.020381
65,51,0.045377
65,52,0.075456
65,53,0.069155
65,54,0.038749
65,55,0.147853
65,56,0.118150
65,57,0.175021
65,58,0.166037
65,59,0.186116
65,60,0.149911
65,61,0.091708
65,62,0.088060
65,63,0.116331
65,64,0.069625
65,65,0.000000
65,66,0.106646
65,67,0.194520
65,68,0.238220
65,69,0.163955
65,70,0.080833
65,71,0.039067
65,72,0.161012
65,73,0.132848
65,74,0.174980
65,75,0.077402
65,76,0.107373
65,77,0.101936
65,78,0.121551
65,79,0.102737
65,80,0.144476
65,81,0.067333
65,82,0.103556
65,83,0.128656
65,84,0.139857
65,85,0.076565
65,86,0.068477
65,87,0.147956
65,88,0.168071
65,89,0.054993
65,90,0.082902
65,91,0.022638
65,92,0.005423
65,93,0.132385
65,94,0.220804
65,95,0.185730
65,96,0.004178
65,97,0.011565
65,98,0.141855
65,99,0.131772
65,100,0.212724
65,101,0.249300
65,102,0.246296
65,103,0.185870
65,104,0.188077
65,105,0.128790
65,106,0.029241
65,107,0.093588
65,108,0.014543
65,109,0.052528
65,110,0.109688
65,111,0.216594
65,112,0.211554
65,113,0.237109
65,114,0.169455
65,115,0.151804
65,116,0.159858
65,117,0.049935
66,1,0.286930
66,2,0.260880
66,3,0.128337
66,4,0.095564
66,5,0.148997
66,6,0.141299
66,7,0.119611
66,8,0.100923
66,9,0.113093
66,10,0.147009
66,11,0.174529
66,12,0.158555
66,13,0.128839
66,14,0.017667
66,15,0.006756
66,16,0.029924
66,17,0.061168
66,18,0.077796
66,19,0.088137
66,20,0.085929
66,21,0.095475
66,22,0.099443
66,23,0.108954
66,24,0.135550
66,25,0.128384
66,26,0.106358
66,27,0.110564
66,28,0.184878
66,29,0.147466
66,30,0.129709
66,31,0.154683
66,32,0.144813
66,33,0.121469
66,34,0.023457
66,35,0.054061
66,36,0.173240
66,37,0.159013
66,38,0.154449
66,39,0.165387
66,40,0.037082
66,41,0.036650
66,42,0.088949
66,43,0.090231
66,44,0.074364
66,45,0.052918
66,46,0.059907
66,47,0.065514
66,48,0.035710
66,49,0.022934
66,50,0.000567
66,51,0.019885
66,52,0.024366
66,53,0.022155
66,54,0.005931
66,55,0.080531
66,56,0.097066
66,57,0.162162
66,58,0.170859
66,59,0.196329
66,60,0.188476
66,61,0.169182
66,62,0.157672
66,63,0.125095
66,64,0.156062
66,65,0.106646
66,66,0.000000
66,67,0.085432
66,68,0.179365
66,69,0.124484
66,70,0.026261
66,71,0.036791
66,72,0.176270
66,73,0.131713
66,74,0.179270
66,75,0.088031
66,76,0.124420
66,77,0.117584
66,78,0.121743
66,79,0.113551
66,80,0.136146
66,81,0.028737
66,82,0.061443
66,83,0.100558
66,84,0.097952
66,85,0.028401
66,86,0.054712
66,87,0.152293
66,88,0.142069
66,89,0.033306
66,90,0.053124
66,91,0.035354
66,92,0.003430
66,93,0.091713
66,94,0.139765
66,95,0.121827
66,96,0.034831
66,97,0.009750
66,98,0.116161
66,99,0.119024
66,100,0.184450
66,101,0.231532
66,102,0.214484
66,103,0.114792
66,104,0.093235
66,105,0.064267
66,106,0.044412
66,107,0.079328
66,108,0.033046
66,109,0.066071
66,110,0.104296
66,111,0.193702
66,112,0.195319
66,113,0.173615
66,114,0.132751
66,115,0.103171
66,116,0.117738
66,117,0.012482
67,1,0.302325
67,2,0.258243
67,3,0.180608
67,4,0.143720
67,5,0.143822
67,6,0.125010
67,7,0.083135
67,8,0.128369
67,9,0.142424
67,10,0.178650
67,11,0.209639
67,12,0.191309
67,13,0.163316
67,14,0.074475
67,15,0.066877
67,16,0.025688
67,17,0.024344
67,18,0.045090
67,19,0.131441
67,20,0.135885
67,21,0.171271
67,22,0.117030
67,23,0.080350
67,24,0.204133
67,25,0.199850
67,26,0.178331
67,27,0.170122
67,28,0.246035
67,29,0.227024
67,30,0.194021
67,31,0.236836
67,32,0.202030
67,33,0.197928
67,34,0.071297
67,35,0.007567
67,36,0.161379
67,37,0.161631
67,38,0.126921
67,39,0.047921
67,40,0.039827
67,41,0.104122
67,42,0.165391
67,43,0.171220
67,44,0.172591
67,45,0.134006
67,46,0.170735
67,47,0.094032
67,48,0.112454
67,49,0.124415
67,50,0.115754
67,51,0.139122
67,52,0.133029
67,53,0.147315
67,54,0.133608
67,55,0.234412
67,56,0.138584
67,57,0.146506
67,58,0.165169
67,59,0.164331
67,60,0.190873
67,61,0.176795
67,62,0.183824
67,63,0.189906
67,64,0.198068
67,65,0.194520
67,66,0.085432
67,67,0.000000
67,68,0.248832
67,69,0.141547
67,70,0.081573
67,71,0.045166
67,72,0.104015
67,73,0.076226
67,74,0.162789
67,75,0.004344
67,76,0.180803
67,77,0.216698
67,78,0.177276
67,79,0.137149
67,80,0.183813
67,81,0.118658
67,82,0.093183
67,83,0.086111
67,84,0.089452
67,85,0.010998
67,86,0.036100
67,87,0.109562
67,88,0.109982
67,89,0.056836
67,90,0.041423
67,91,0.053613
67,92,0.070121
67,93,0.016072
67,94,0.075688
67,95,0.029447
67,96,0.063393
67,97,0.035621
67,98,0.075604
67,99,0.090883
67,100,0.112309
67,101,0.163824
67,102,0.139586
67,103,0.105091
67,104,0.053784
67,105,0.024980
67,106,0.091178
67,107,0.106245
67,108,0.039035
67,109,0.058605
67,110,0.109807
67,111,0.285351
67,112,0.277202
67,113,0.317542
67,114,0.285848
67,115,0.219737
67,116,0.259646
67,117,0.107468
68,1,0.273442
68,2,0.291043
68,3,0.255349
68,4,0.166579
68,5,0.118932
68,6,0.094972
68,7,0.127177
68,8,0.186064
68,9,0.192010
68,10,0.204953
68,11,0.141683
68,12,0.119429
68,13,0.107149
68,14,0.085544
68,15,0.064899
68,16,0.062165
68,17,0.046147
68,18,0.051554
68,19,0.123780
68,20,0.164453
68,21,0.191049
68,22,0.178673
68,23,0.211098
68,24,0.185766
68,25,0.161116
68,26,0.161911
68,27,0.138498
68,28,0.177087
68,29,0.164216
68,30,0.168723
68,31,0.203895
68,32,0.202849
68,33,0.205515
68,34,0.099521
68,35,0.045632
68,36,0.210427
68,37,0.187224
68,38,0.150555
68,39,0.020581
68,40,0.068266
68,41,0.124524
68,42,0.166918
68,43,0.148404
68,44,0.161226
68,45,0.112720
68,46,0.123459
68,47,0.057849
68,48,0.073180
68,49,0.122701
68,50,0.115987
68,51,0.132342
68,52,0.123104
68,53,0.130707
68,54,0.096521
68,55,0.184816
68,56,0.096620
68,57,0.143300
68,58,0.177349
68,59,0.187471
68,60,0.247833
68,61,0.231235
68,62,0.213768
68,63,0.184542
68,64,0.216732
68,65,0.238220
68,66,0.179365
68,67,0.248832
68,68,0.000000
68,69,0.090184
68,70,0.103292
68,71,0.092064
68,72,0.133923
68,73,0.110080
68,74,0.158211
68,75,0.072238
68,76,0.193256
68,77,0.152930
68,78,0.157765
68,79,0.159316
68,80,0.159415
68,81,0.100593
68,82,0.094638
68,83,0.103433
68,84,0.110938
68,85,0.038074
68,86,0.026132
68,87,0.111300
68,88,0.134890
68,89,0.081783
68,90,0.027790
68,91,0.117382
68,92,0.144190
68,93,0.066853
68,94,0.030886
68,95,0.064408
68,96,0.115181
68,97,0.070592
68,98,0.024887
68,99,0.065535
68,100,0.061062
68,101,0.125972
68,102,0.073624
68,103,0.048813
68,104,0.007362
68,105,0.029757
68,106,0.112578
68,107,0.133667
68,108,0.044248
68,109,0.054871
68,110,0.078503
68,111,0.206755
68,112,0.202090
68,113,0.190487
68,114,0.137665
68,115,0.068163
68,116,0.118166
68,117,0.015212
69,1,0.196695
69,2,0.235262
69,3,0.225917
69,4,0.052265
69,5,0.002827
69,6,0.004224
69,7,0.059452
69,8,0.116787
69,9,0.094375
69,10,0.090436
69,11,0.037909
69,12,0.023554
69,13,0.006822
69,14,0.058379
69,15,0.030536
69,16,0.115087
69,17,0.112964
69,18,0.049908
69,19,0.157185
69,20,0.151491
69,21,0.162958
69,22,0.141699
69,23,0.167117
69,24,0.161948
69,25,0.100795
69,26,0.078078
69,27,0.067035
69,28,0.048191
69,29,0.098733
69,30,0.132495
69,31,0.145981
69,32,0.122510
69,33,0.129240
69,34,0.109246
69,35,0.111111
69,36,0.158549
69,37,0.124877
69,38,0.103025
69,39,0.032086
69,40,0.025385
69,41,0.093937
69,42,0.142670
69,43,0.108411
69,44,0.141250
69,45,0.085487
69,46,0.104844
69,47,0.058823
69,48,0.079795
69,49,0.129113
69,50,0.153227
69,51,0.155743
69,52,0.138671
69,53,0.116258
69,54,0.116232
69,55,0.131098
69,56,0.043058
69,57,0.066271
69,58,0.092297
69,59,0.078726
69,60,0.145926
69,61,0.158105
69,62,0.152758
69,63,0.152589
69,64,0.162714
69,65,0.163955
69,66,0.124484
69,67,0.141547
69,68,0.090184
69,69,0.000000
69,70,0.033523
69,71,0.000310
69,72,0.154780
69,73,0.062022
69,74,0.081900
69,75,0.030024
69,76,0.125567
69,77,0.125203
69,78,0.119710
69,79,0.114100
69,80,0.097037
69,81,0.049047
69,82,0.067994
69,83,0.090675
69,84,0.065016
69,85,0.053570
69,86,0.070338
69,87,0.135799
69,88,0.130346
69,89,0.129781
69,90,0.124212
69,91,0.170335
69,92,0.171394
69,93,0.123507
69,94,0.092723
69,95,0.103963
69,96,0.142518
69,97,0.092586
69,98,0.028045
69,99,0.053654
69,100,0.025364
69,101,0.069033
69,102,0.039848
69,103,0.013204
69,104,0.041857
69,105,0.074274
69,106,0.112318
69,107,0.116960
69,108,0.053396
69,109,0.060763
69,110,0.069443
69,111,0.110829
69,112,0.133831
69,113,0.149519
69,114,0.122358
69,115,0.066126
69,116,0.113204
69,117,0.020452
70,1,0.259824
70,2,0.328819
70,3,0.382658
70,4,0.124226
70,5,0.040244
70,6,0.069257
70,7,0.129795
70,8,0.196690
70,9,0.203478
70,10,0.212248
70,11,0.133888
70,12,0.084328
70,13,0.016810
70,14,0.060065
70,15,0.050066
70,16,0.083111
70,17,0.103899
70,18,0.057441
70,19,0.086842
70,20,0.074996
70,21,0.069884
70,22,0.024684
70,23,0.101872
70,24,0.246786
70,25,0.209272
70,26,0.187168
70,27,0.150429
70,28,0.094042
70,29,0.222576
70,30,0.261224
70,31,0.212824
70,32,0.195603
70,33,0.168067
70,34,0.156969
70,35,0.140120
70,36,0.152255
70,37,0.108425
70,38,0.089768
70,39,0.112460
70,40,0.117200
70,41,0.109626
70,42,0.142706
70,43,0.173481
70,44,0.143115
70,45,0.049513
70,46,0.100094
70,47,0.008574
70,48,0.067185
70,49,0.075571
70,50,0.165239
70,51,0.200902
70,52,0.180823
70,53,0.155070
70,54,0.128171
70,55,0.152470
70,56,0.023356
70,57,0.067265
70,58,0.066131
70,59,0.085960
70,60,0.097933
70,61,0.122044
70,62,0.128704
70,63,0.152134
70,64,0.121964
70,65,0.080833
70,66,0.026261
70,67,0.081573
70,68,0.103292
70,69,0.033523
70,70,0.000000
70,71,0.006560
70,72,0.233807
70,73,0.101178
70,74,0.092646
70,75,0.031506
70,76,0.088550
70,77,0.062618
70,78,0.118758
70,79,0.114028
70,80,0.108522
70,81,0.123140
70,82,0.119284
70,83,0.114356
70,84,0.096126
70,85,0.081881
70,86,0.091157
70,87,0.131740
70,88,0.156491
70,89,0.153801
70,90,0.143691
70,91,0.188105
70,92,0.205525
70,93,0.173995
70,94,0.172375
70,95,0.150677
70,96,0.059311
70,97,0.019405
70,98,0.000071
70,99,0.021769
70,100,0.041107
70,101,0.027261
70,102,0.038116
70,103,0.023186
70,104,0.059294
70,105,0.025585
70,106,0.147092
70,107,0.162734
70,108,0.098362
70,109,0.079582
70,110,0.087987
70,111,0.206551
70,112,0.234812
70,113,0.290360
70,114,0.230852
70,115,0.123056
70,116,0.170562
70,117,0.053698
71,1,0.121233
71,2,0.120194
71,3,0.222841
71,4,0.070737
71,5,0.068921
71,6,0.072388
71,7,0.041499
71,8,0.015245
71,9,0.017141
71,10,0.019303
71,11,0.051629
71,12,0.117042
71,13,0.181973
71,14,0.140511
71,15,0.044150
71,16,0.047204
71,17,0.122097
71,18,0.014154
71,19,0.002777
71,20,0.031252
71,21,0.023425
71,22,0.022843
71,23,0.057106
71,24,0.061966
71,25,0.082023
71,26,0.090432
71,27,0.139943
71,28,0.160389
71,29,0.079647
71,30,0.057095
71,31,0.029359
71,32,0.030438
71,33,0.054278
71,34,0.091202
71,35,0.012643
71,36,0.076649
71,37,0.070983
71,38,0.068694
71,39,0.106196
71,40,0.239655
71,41,0.148696
71,42,0.079543
71,43,0.101047
71,44,0.059286
71,45,0.054144
71,46,0.056596
71,47,0.021320
71,48,0.013799
71,49,0.007842
71,50,0.022115
71,51,0.007818
71,52,0.041952
71,53,0.028126
71,54,0.062757
71,55,0.090947
71,56,0.002063
71,57,0.024450
71,58,0.046877
71,59,0.015332
71,60,0.057728
71,61,0.051628
71,62,0.033050
71,63,0.073426
71,64,0.024355
71,65,0.039067
71,66,0.036791
71,67,0.045166
71,68,0.092064
71,69,0.000310
71,70,0.006560
71,71,0.000000
71,72,0.048619
71,73,0.223081
71,74,0.291600
71,75,0.026296
71,76,0.052179
71,77,0.047469
71,78,0.043656
71,79,0.011783
71,80,0.072992
71,81,0.032578
71,82,0.012376
71,83,0.008449
71,84,0.014489
71,85,0.031052
71,86,0.011536
71,87,0.013829
71,88,0.092529
71,89,0.104377
71,90,0.085325
71,91,0.078156
71,92,0.156441
71,93,0.185363
71,94,0.201983
71,95,0.165660
71,96,0.015668
71,97,0.048172
71,98,0.027612
71,99,0.032082
71,100,0.047043
71,101,0.026926
71,102,0.086767
71,103,0.060850
71,104,0.080552
71,105,0.029138
71,106,0.102207
71,107,0.071204
71,108,0.041624
71,109,0.027382
71,110,0.026459
71,111,0.241443
71,112,0.232860
71,113,0.189809
71,114,0.231604
71,115,0.171487
71,116,0.201520
71,117,0.115187
72,1,0.167473
72,2,0.138268
72,3,0.006328
72,4,0.044649
72,5,0.017066
72,6,0.044224
72,7,0.050464
72,8,0.065310
72,9,0.024734
72,10,0.050003
72,11,0.042342
72,12,0.060054
72,13,0.118881
72,14,0.134672
72,15,0.120578
72,16,0.189424
72,17,0.103527
72,18,0.142561
72,19,0.166096
72,20,0.153170
72,21,0.148227
72,22,0.131026
72,23,0.058770
72,24,0.078557
72,25,0.027976
72,26,0.028429
72,27,0.117652
72,28,0.107878
72,29,0.038066
72,30,0.021383
72,31,0.018644
72,32,0.028150
72,33,0.049273
72,34,0.110652
72,35,0.097761
72,36,0.189649
72,37,0.187976
72,38,0.161734
72,39,0.012952
72,40,0.011355
72,41,0.097570
72,42,0.067713
72,43,0.009528
72,44,0.085463
72,45,0.072237
72,46,0.046003
72,47,0.049540
72,48,0.050873
72,49,0.166747
72,50,0.210605
72,51,0.163245
72,52,0.136187
72,53,0.124859
72,54,0.113525
72,55,0.076196
72,56,0.128869
72,57,0.173048
72,58,0.191039
72,59,0.167281
72,60,0.141863
72,61,0.207487
72,62,0.213895
72,63,0.144812
72,64,0.182571
72,65,0.161012
72,66,0.176270
72,67,0.104015
72,68,0.133923
72,69,0.154780
72,70,0.233807
72,71,0.048619
72,72,0.000000
72,73,0.070121
72,74,0.051243
72,75,0.067046
72,76,0.101052
72,77,0.150336
72,78,0.111435
72,79,0.103372
72,80,0.114519
72,81,0.125410
72,82,0.039260
72,83,0.031419
72,84,0.069453
72,85,0.045807
72,86,0.035933
72,87,0.069632
72,88,0.076167
72,89,0.098419
72,90,0.166934
72,91,0.166057
72,92,0.140733
72,93,0.169966
72,94,0.176037
72,95,0.126797
72,96,0.105298
72,97,0.152113
72,98,0.110400
72,99,0.089455
72,100,0.043219
72,101,0.043443
72,102,0.008539
72,103,0.170028
72,104,0.137101
72,105,0.197403
72,106,0.081343
72,107,0.037248
72,108,0.000344
72,109,0.029220
72,110,0.025011
72,111,0.003798
72,112,0.006605
72,113,0.052872
72,114,0.081479
72,115,0.063805
72,116,0.034244
72,117,0.002333
73,1,0.134640
73,2,0.192419
73,3,0.075907
73,4,0.189369
73,5,0.073130
73,6,0.002809
73,7,0.001731
73,8,0.058837
73,9,0.039516
73,10,0.013078
73,11,0.061272
73,12,0.111157
73,13,0.140794
73,14,0.056120
73,15,0.062769
73,16,0.109898
73,17,0.103370
73,18,0.157877
73,19,0.137725
73,20,0.136617
73,21,0.149384
73,22,0.125366
73,23,0.078897
73,24,0.015495
73,25,0.006003
73,26,0.005822
73,27,0.038402
73,28,0.125379
73,29,0.029532
73,30,0.022241
73,31,0.029522
73,32,0.031418
73,33,0.007669
73,34,0.045180
73,35,0.016537
73,36,0.079068
73,37,0.112503
73,38,0.110688
73,39,0.008161
73,40,0.034095
73,41,0.060333
73,42,0.015975
73,43,0.015500
73,44,0.093440
73,45,0.076225
73,46,0.061736
73,47,0.134762
73,48,0.100737
73,49,0.157879
73,50,0.157660
73,51,0.121371
73,52,0.129361
73,53,0.136046
73,54,0.145183
73,55,0.117961
73,56,0.103292
73,57,0.115209
73,58,0.132991
73,59,0.071743
73,60,0.046122
73,61,0.085216
73,62,0.100224
73,63,0.068212
73,64,0.113169
73,65,0.132848
73,66,0.131713
73,67,0.076226
73,68,0.110080
73,69,0.062022
73,70,0.101178
73,71,0.223081
73,72,0.070121
73,73,0.000000
73,74,0.006881
73,75,0.143917
73,76,0.011137
73,77,0.160515
73,78,0.018866
73,79,0.018457
73,80,0.050803
73,81,0.106354
73,82,0.034687
73,83,0.006552
73,84,0.030931
73,85,0.028054
73,86,0.012065
73,87,0.007537
73,88,0.011221
73,89,0.012757
73,90,0.008605
73,91,0.023031
73,92,0.024847
73,93,0.053213
73,94,0.064799
73,95,0.030503
73,96,0.037246
73,97,0.110045
73,98,0.076517
73,99,0.054519
73,100,0.030416
73,101,0.013290
73,102,0.005655
73,103,0.123878
73,104,0.093961
73,105,0.105419
73,106,0.016514
73,107,0.007864
73,108,0.019431
73,109,0.004554
73,110,0.007884
73,111,0.073721
73,112,0.058199
73,113,0.016720
73,114,0.020898
73,115,0.030594
73,116,0.077841
73,117,0.085227
74,1,0.107289
74,2,0.098156
74,3,0.018702
74,4,0.212447
74,5,0.021782
74,6,0.029923
74,7,0.009593
74,8,0.056259
74,9,0.016580
74,10,0.013182
74,11,0.001798
74,12,0.061612
74,13,0.078341
74,14,0.127640
74,15,0.056789
74,16,0.130161
74,17,0.078655
74,18,0.145854
74,19,0.150850
74,20,0.169520
74,21,0.177068
74,22,0.162722
74,23,0.121519
74,24,0.046344
74,25,0.003384
74,26,0.008914
74,27,0.027142
74,28,0.097285
74,29,0.004252
74,30,0.003815
74,31,0.026586
74,32,0.032813
74,33,0.005680
74,34,0.117894
74,35,0.011316
74,36,0.199420
74,37,0.200201
74,38,0.223769
74,39,0.113906
74,40,0.032746
74,41,0.099029
74,42,0.033578
74,43,0.029207
74,44,0.100482
74,45,0.072497
74,46,0.033186
74,47,0.143477
74,48,0.090520
74,49,0.161124
74,50,0.120399
74,51,0.061516
74,52,0.034426
74,53,0.042703
74,54,0.050359
74,55,0.026068
74,56,0.121908
74,57,0.153669
74,58,0.189607
74,59,0.163185
74,60,0.127972
74,61,0.184223
74,62,0.185032
74,63,0.132319
74,64,0.160763
74,65,0.174980
74,66,0.179270
74,67,0.162789
74,68,0.158211
74,69,0.081900
74,70,0.092646
74,71,0.291600
74,72,0.051243
74,73,0.006881
74,74,0.000000
74,75,0.218671
74,76,0.002168
74,77,0.111261
74,78,0.026418
74,79,0.094708
74,80,0.028171
74,81,0.055570
74,82,0.010769
74,83,0.048487
74,84,0.069510
74,85,0.019182
74,86,0.014521
74,87,0.074845
74,88,0.065398
74,89,0.006680
74,90,0.034716
74,91,0.080649
74,92,0.037164
74,93,0.069305
74,94,0.101712
74,95,0.048455
74,96,0.092339
74,97,0.109147
74,98,0.028056
74,99,0.091485
74,100,0.100399
74,101,0.121352
74,102,0.095480
74,103,0.121511
74,104,0.136813
74,105,0.161811
74,106,0.041949
74,107,0.020703
74,108,0.039981
74,109,0.033082
74,110,0.062422
74,111,0.092907
74,112,0.065215
74,113,0.068721
74,114,0.119535
74,115,0.072674
74,116,0.017866
74,117,0.027636
75,1,0.372050
75,2,0.362139
75,3,0.152820
75,4,0.037846
75,5,0.094490
75,6,0.134559
75,7,0.168439
75,8,0.068948
75,9,0.134314
75,10,0.220579
75,11,0.174321
75,12,0.098868
75,13,0.056420
75,14,0.142771
75,15,0.003716
75,16,0.060784
75,17,0.146767
75,18,0.267367
75,19,0.207939
75,20,0.177791
75,21,0.149521
75,22,0.155978
75,23,0.021934
75,24,0.150383
75,25,0.162060
75,26,0.170934
75,27,0.166694
75,28,0.132465
75,29,0.211339
75,30,0.216167
75,31,0.070084
75,32,0.123972
75,33,0.131783
75,34,0.007042
75,35,0.028588
75,36,0.065532
75,37,0.039583
75,38,0.092724
75,39,0.075178
75,40,0.004531
75,41,0.070331
75,42,0.029407
75,43,0.085424
75,44,0.071424
75,45,0.032159
75,46,0.043461
75,47,0.171861
75,48,0.143932
75,49,0.239360
75,50,0.260592
75,51,0.157826
75,52,0.165509
75,53,0.124081
75,54,0.215162
75,55,0.089358
75,56,0.088590
75,57,0.031619
75,58,0.035654
75,59,0.002615
75,60,0.024482
75,61,0.024243
75,62,0.039006
75,63,0.071608
75,64,0.055921
75,65,0.077402
75,66,0.088031
75,67,0.004344
75,68,0.072238
75,69,0.030024
75,70,0.031506
75,71,0.026296
75,72,0.067046
75,73,0.143917
75,74,0.218671
75,75,0.000000
75,76,0.168348
75,77,0.275770
75,78,0.140563
75,79,0.132326
75,80,0.021145
75,81,0.130686
75,82,0.040133
75,83,0.013570
75,84,0.000984
75,85,0.050798
75,86,0.059968
75,87,0.006328
75,88,0.041847
75,89,0.070444
75,90,0.033404
75,91,0.033195
75,92,0.031963
75,93,0.031715
75,94,0.071720
75,95,0.037122
75,96,0.025953
75,97,0.068101
75,98,0.014283
75,99,0.101664
75,100,0.101980
75,101,0.132694
75,102,0.093002
75,103,0.083825
75,104,0.116066
75,105,0.145263
75,106,0.027439
75,107,0.042891
75,108,0.019702
75,109,0.021051
75,110,0.002807
75,111,0.066468
75,112,0.054118
75,113,0.032162
75,114,0.062467
75,115,0.149809
75,116,0.168541
75,117,0.221838
76,1,0.350572
76,2,0.359262
76,3,0.264495
76,4,0.024978
76,5,0.013131
76,6,0.109101
76,7,0.232738
76,8,0.254934
76,9,0.191031
76,10,0.206994
76,11,0.121143
76,12,0.083063
76,13,0.098184
76,14,0.049123
76,15,0.026524
76,16,0.074710
76,17,0.117315
76,18,0.215680
76,19,0.009819
76,20,0.020655
76,21,0.046786
76,22,0.010777
76,23,0.078945
76,24,0.200200
76,25,0.334352
76,26,0.282635
76,27,0.261052
76,28,0.249750
76,29,0.285706
76,30,0.314240
76,31,0.250285
76,32,0.201233
76,33,0.195750
76,34,0.148378
76,35,0.034147
76,36,0.151613
76,37,0.190325
76,38,0.129125
76,39,0.033420
76,40,0.105643
76,41,0.023754
76,42,0.140572
76,43,0.172360
76,44,0.091864
76,45,0.076029
76,46,0.083503
76,47,0.066367
76,48,0.056817
76,49,0.059257
76,50,0.080489
76,51,0.117782
76,52,0.100531
76,53,0.087501
76,54,0.020839
76,55,0.150757
76,56,0.147591
76,57,0.231492
76,58,0.198814
76,59,0.235342
76,60,0.216347
76,61,0.216008
76,62,0.193613
76,63,0.177384
76,64,0.142916
76,65,0.107373
76,66,0.124420
76,67,0.180803
76,68,0.193256
76,69,0.125567
76,70,0.088550
76,71,0.052179
76,72,0.101052
76,73,0.011137
76,74,0.002168
76,75,0.168348
76,76,0.000000
76,77,0.094084
76,78,0.266541
76,79,0.199048
76,80,0.169339
76,81,0.069794
76,82,0.057006
76,83,0.113901
76,84,0.126977
76,85,0.106756
76,86,0.088440
76,87,0.200550
76,88,0.259137
76,89,0.149808
76,90,0.110999
76,91,0.186728
76,92,0.128508
76,93,0.053478
76,94,0.005711
76,95,0.007448
76,96,0.019806
76,97,0.058541
76,98,0.138339
76,99,0.178189
76,100,0.183301
76,101,0.156372
76,102,0.155583
76,103,0.073060
76,104,0.106935
76,105,0.066207
76,106,0.076939
76,107,0.089099
76,108,0.002520
76,109,0.014325
76,110,0.080261
76,111,0.129655
76,112,0.160750
76,113,0.227349
76,114,0.149653
76,115,0.063294
76,116,0.095521
76,117,0.039392
77,1,0.578573
77,2,0.568696
77,3,0.295925
77,4,0.078029
77,5,0.123416
77,6,0.158377
77,7,0.253042
77,8,0.248098
77,9,0.250075
77,10,0.276107
77,11,0.147419
77,12,0.112216
77,13,0.080454
77,14,0.050367
77,15,0.037112
77,16,0.026650
77,17,0.074980
77,18,0.234774
77,19,0.065066
77,20,0.018904
77,21,0.002631
77,22,0.041343
77,23,0.116052
77,24,0.211484
77,25,0.269665
77,26,0.241694
77,27,0.219603
77,28,0.234429
77,29,0.252107
77,30,0.297210
77,31,0.238873
77,32,0.261418
77,33,0.235497
77,34,0.130032
77,35,0.018278
77,36,0.189549
77,37,0.247189
77,38,0.195567
77,39,0.038901
77,40,0.036759
77,41,0.024826
77,42,0.136213
77,43,0.146329
77,44,0.030537
77,45,0.026889
77,46,0.013085
77,47,0.130959
77,48,0.048005
77,49,0.060119
77,50,0.110533
77,51,0.014763
77,52,0.077559
77,53,0.028266
77,54,0.145677
77,55,0.029497
77,56,0.076828
77,57,0.228234
77,58,0.242164
77,59,0.278092
77,60,0.260521
77,61,0.230787
77,62,0.202546
77,63,0.147906
77,64,0.138263
77,65,0.101936
77,66,0.117584
77,67,0.216698
77,68,0.152930
77,69,0.125203
77,70,0.062618
77,71,0.047469
77,72,0.150336
77,73,0.160515
77,74,0.111261
77,75,0.275770
77,76,0.094084
77,77,0.000000
77,78,0.135186
77,79,0.223034
77,80,0.296521
77,81,0.044284
77,82,0.056373
77,83,0.125187
77,84,0.157454
77,85,0.104295
77,86,0.097844
77,87,0.195145
77,88,0.247724
77,89,0.182770
77,90,0.200884
77,91,0.267934
77,92,0.179246
77,93,0.090238
77,94,0.067455
77,95,0.043381
77,96,0.090118
77,97,0.023229
77,98,0.086458
77,99,0.096079
77,100,0.128054
77,101,0.093815
77,102,0.116962
77,103,0.080733
77,104,0.115500
77,105,0.060059
77,106,0.113700
77,107,0.142733
77,108,0.043061
77,109,0.051549
77,110,0.124859
77,111,0.070717
77,112,0.072239
77,113,0.127470
77,114,0.017164
77,115,0.119985
77,116,0.100559
77,117,0.207786
78,1,0.438930
78,2,0.402066
78,3,0.256232
78,4,0.129141
78,5,0.071606
78,6,0.049331
78,7,0.182998
78,8,0.218372
78,9,0.209534
78,10,0.223886
78,11,0.124113
78,12,0.125360
78,13,0.123873
78,14,0.045324
78,15,0.070485
78,16,0.072480
78,17,0.012141
78,18,0.158881
78,19,0.029051
78,20,0.007460
78,21,0.048854
78,22,0.009605
78,23,0.114723
78,24,0.229359
78,25,0.280916
78,26,0.267414
78,27,0.251268
78,28,0.256134
78,29,0.248881
78,30,0.279397
78,31,0.243397
78,32,0.243211
78,33,0.208606
78,34,0.108569
78,35,0.005691
78,36,0.099092
78,37,0.239125
78,38,0.169945
78,39,0.050875
78,40,0.043034
78,41,0.093679
78,42,0.213888
78,43,0.204092
78,44,0.119365
78,45,0.093919
78,46,0.061138
78,47,0.060261
78,48,0.009151
78,49,0.012974
78,50,0.020796
78,51,0.053659
78,52,0.014130
78,53,0.042765
78,54,0.041333
78,55,0.080441
78,56,0.058827
78,57,0.179178
78,58,0.210153
78,59,0.204145
78,60,0.184069
78,61,0.186756
78,62,0.179116
78,63,0.196779
78,64,0.130117
78,65,0.121551
78,66,0.121743
78,67,0.177276
78,68,0.157765
78,69,0.119710
78,70,0.118758
78,71,0.043656
78,72,0.111435
78,73,0.018866
78,74,0.026418
78,75,0.140563
78,76,0.266541
78,77,0.135186
78,78,0.000000
78,79,0.010959
78,80,0.301315
78,81,0.086887
78,82,0.047412
78,83,0.039077
78,84,0.082746
78,85,0.007367
78,86,0.015860
78,87,0.088896
78,88,0.154725
78,89,0.118353
78,90,0.080032
78,91,0.178829
78,92,0.182364
78,93,0.093272
78,94,0.037214
78,95,0.069480
78,96,0.072884
78,97,0.028610
78,98,0.079278
78,99,0.118988
78,100,0.130526
78,101,0.103643
78,102,0.090652
78,103,0.086611
78,104,0.108439
78,105,0.052719
78,106,0.095550
78,107,0.082699
78,108,0.019792
78,109,0.014389
78,110,0.135284
78,111,0.207592
78,112,0.184363
78,113,0.262888
78,114,0.133080
78,115,0.036749
78,116,0.001175
78,117,0.166621
79,1,0.351215
79,2,0.290646
79,3,0.188224
79,4,0.126072
79,5,0.070606
79,6,0.033708
79,7,0.111837
79,8,0.135300
79,9,0.131965
79,10,0.166284
79,11,0.130339
79,12,0.141935
79,13,0.145779
79,14,0.042115
79,15,0.069846
79,16,0.041334
79,17,0.020889
79,18,0.112327
79,19,0.007506
79,20,0.000022
79,21,0.049755
79,22,0.016224
79,23,0.086305
79,24,0.195589
79,25,0.250847
79,26,0.254312
79,27,0.236528
79,28,0.246731
79,29,0.223272
79,30,0.219048
79,31,0.190027
79,32,0.173466
79,33,0.142005
79,34,0.053009
79,35,0.058029
79,36,0.053025
79,37,0.181970
79,38,0.143861
79,39,0.059474
79,40,0.062430
79,41,0.114867
79,42,0.206478
79,43,0.194273
79,44,0.113401
79,45,0.104995
79,46,0.084057
79,47,0.012826
79,48,0.046423
79,49,0.043976
79,50,0.046199
79,51,0.086320
79,52,0.015388
79,53,0.019368
79,54,0.009472
79,55,0.067934
79,56,0.055307
79,57,0.133760
79,58,0.157885
79,59,0.150592
79,60,0.147649
79,61,0.128068
79,62,0.129618
79,63,0.151061
79,64,0.099589
79,65,0.102737
79,66,0.113551
79,67,0.137149
79,68,0.159316
79,69,0.114100
79,70,0.114028
79,71,0.011783
79,72,0.103372
79,73,0.018457
79,74,0.094708
79,75,0.132326
79,76,0.199048
79,77,0.223034
79,78,0.010959
79,79,0.000000
79,80,0.235284
79,81,0.096448
79,82,0.052725
79,83,0.036818
79,84,0.071445
79,85,0.004036
79,86,0.015739
79,87,0.080080
79,88,0.125500
79,89,0.071107
79,90,0.031979
79,91,0.134133
79,92,0.128641
79,93,0.057496
79,94,0.001371
79,95,0.043762
79,96,0.049523
79,97,0.042533
79,98,0.102428
79,99,0.162713
79,100,0.169261
79,101,0.161632
79,102,0.115264
79,103,0.090728
79,104,0.104726
79,105,0.053880
79,106,0.084762
79,107,0.045767
79,108,0.031873
79,109,0.024744
79,110,0.147614
79,111,0.245025
79,112,0.212437
79,113,0.308860
79,114,0.215210
79,115,0.038182
79,116,0.099398
79,117,0.080530
80,1,0.296165
80,2,0.287831
80,3,0.277499
80,4,0.131938
80,5,0.040071
80,6,0.008046
80,7,0.108262
80,8,0.146467
80,9,0.118580
80,10,0.141340
80,11,0.118749
80,12,0.130520
80,13,0.134225
80,14,0.033209
80,15,0.136121
80,16,0.040931
80,17,0.006877
80,18,0.085225
80,19,0.044446
80,20,0.051258
80,21,0.099958
80,22,0.042164
80,23,0.129571
80,24,0.234549
80,25,0.240747
80,26,0.247507
80,27,0.202940
80,28,0.200641
80,29,0.203479
80,30,0.188630
80,31,0.204597
80,32,0.168007
80,33,0.110433
80,34,0.105334
80,35,0.037856
80,36,0.116900
80,37,0.220957
80,38,0.158948
80,39,0.140778
80,40,0.088322
80,41,0.143737
80,42,0.241897
80,43,0.213371
80,44,0.149171
80,45,0.107207
80,46,0.081924
80,47,0.033867
80,48,0.046571
80,49,0.073444
80,50,0.054411
80,51,0.192877
80,52,0.121040
80,53,0.075005
80,54,0.013856
80,55,0.137260
80,56,0.087528
80,57,0.167918
80,58,0.166697
80,59,0.136867
80,60,0.160319
80,61,0.161250
80,62,0.160518
80,63,0.169367
80,64,0.157574
80,65,0.144476
80,66,0.136146
80,67,0.183813
80,68,0.159415
80,69,0.097037
80,70,0.108522
80,71,0.072992
80,72,0.114519
80,73,0.050803
80,74,0.028171
80,75,0.021145
80,76,0.169339
80,77,0.296521
80,78,0.301315
80,79,0.235284
80,80,0.000000
80,81,0.112949
80,82,0.124277
80,83,0.121487
80,84,0.148359
80,85,0.037950
80,86,0.019050
80,87,0.107404
80,88,0.148970
80,89,0.120111
80,90,0.115130
80,91,0.215953
80,92,0.191869
80,93,0.127458
80,94,0.072807
80,95,0.118709
80,96,0.126191
80,97,0.064326
80,98,0.016057
80,99,0.082977
80,100,0.068134
80,101,0.039155
80,102,0.004041
80,103,0.000984
80,104,0.046222
80,105,0.004364
80,106,0.085122
80,107,0.030182
80,108,0.019810
80,109,0.031597
80,110,0.074812
80,111,0.198980
80,112,0.220077
80,113,0.298524
80,114,0.227687
80,115,0.061923
80,116,0.110010
80,117,0.077136
81,1,0.271236
81,2,0.319383
81,3,0.233666
81,4,0.095430
81,5,0.059467
81,6,0.060544
81,7,0.163557
81,8,0.148778
81,9,0.145855
81,10,0.177850
81,11,0.155462
81,12,0.167894
81,13,0.164407
81,14,0.045875
81,15,0.100080
81,16,0.080709
81,17,0.021746
81,18,0.034789
81,19,0.043038
81,20,0.022760
81,21,0.021582
81,22,0.011982
81,23,0.072289
81,24,0.191870
81,25,0.202874
81,26,0.238580
81,27,0.220887
81,28,0.194615
81,29,0.224412
81,30,0.219284
81,31,0.160606
81,32,0.163167
81,33,0.097396
81,34,0.001993
81,35,0.013437
81,36,0.107905
81,37,0.209949
81,38,0.124087
81,39,0.128711
81,40,0.135633
81,41,0.146689
81,42,0.130899
81,43,0.140582
81,44,0.076139
81,45,0.039465
81,46,0.050218
81,47,0.024019
81,48,0.090153
81,49,0.074408
81,50,0.074137
81,51,0.174688
81,52,0.085318
81,53,0.100989
81,54,0.022441
81,55,0.044021
81,56,0.008963
81,57,0.075122
81,58,0.106749
81,59,0.083400
81,60,0.119009
81,61,0.109880
81,62,0.102553
81,63,0.109431
81,64,0.079814
81,65,0.067333
81,66,0.028737
81,67,0.118658
81,68,0.100593
81,69,0.049047
81,70,0.123140
81,71,0.032578
81,72,0.125410
81,73,0.106354
81,74,0.055570
81,75,0.130686
81,76,0.069794
81,77,0.044284
81,78,0.086887
81,79,0.096448
81,80,0.112949
81,81,0.000000
81,82,0.046557
81,83,0.123981
81,84,0.139323
81,85,0.050458
81,86,0.050581
81,87,0.106213
81,88,0.127110
81,89,0.139249
81,90,0.146043
81,91,0.213910
81,92,0.198949
81,93,0.174784
81,94,0.130990
81,95,0.155162
81,96,0.110263
81,97,0.073916
81,98,0.030937
81,99,0.033329
81,100,0.025586
81,101,0.024629
81,102,0.054406
81,103,0.044145
81,104,0.008107
81,105,0.040792
81,106,0.066864
81,107,0.020015
81,108,0.031851
81,109,0.031622
81,110,0.077126
81,111,0.092354
81,112,0.148854
81,113,0.163785
81,114,0.128103
81,115,0.004106
81,116,0.046964
81,117,0.081914
82,1,0.267185
82,2,0.252205
82,3,0.135460
82,4,0.037790
82,5,0.060238
82,6,0.054423
82,7,0.137677
82,8,0.117204
82,9,0.128605
82,10,0.129860
82,11,0.116907
82,12,0.114525
82,13,0.099779
82,14,0.070394
82,15,0.087666
82,16,0.060651
82,17,0.049439
82,18,0.013379
82,19,0.065328
82,20,0.053372
82,21,0.064640
82,22,0.048255
82,23,0.092216
82,24,0.150828
82,25,0.110480
82,26,0.129301
82,27,0.131212
82,28,0.112083
82,29,0.142021
82,30,0.133489
82,31,0.152054
82,32,0.153843
82,33,0.097901
82,34,0.003482
82,35,0.011483
82,36,0.100330
82,37,0.170954
82,38,0.136619
82,39,0.142782
82,40,0.156578
82,41,0.166205
82,42,0.142513
82,43,0.144519
82,44,0.122798
82,45,0.072324
82,46,0.119872
82,47,0.037332
82,48,0.076667
82,49,0.079754
82,50,0.075493
82,51,0.151701
82,52,0.062636
82,53,0.088128
82,54,0.074824
82,55,0.102097
82,56,0.025366
82,57,0.079508
82,58,0.108907
82,59,0.110066
82,60,0.114938
82,61,0.114654
82,62,0.101717
82,63,0.128923
82,64,0.100845
82,65,0.103556
82,66,0.061443
82,67,0.093183
82,68,0.094638
82,69,0.067994
82,70,0.119284
82,71,0.012376
82,72,0.039260
82,73,0.034687
82,74,0.010769
82,75,0.040133
82,76,0.057006
82,77,0.056373
82,78,0.047412
82,79,0.052725
82,80,0.124277
82,81,0.046557
82,82,0.000000
82,83,0.049183
82,84,0.014415
82,85,0.062796
82,86,0.002446
82,87,0.009342
82,88,0.027831
82,89,0.081145
82,90,0.077824
82,91,0.148636
82,92,0.200068
82,93,0.185986
82,94,0.134843
82,95,0.200025
82,96,0.116968
82,97,0.110359
82,98,0.055561
82,99,0.038020
82,100,0.062653
82,101,0.060256
82,102,0.090246
82,103,0.028129
82,104,0.010315
82,105,0.043841
82,106,0.115580
82,107,0.105966
82,108,0.065377
82,109,0.083008
82,110,0.108103
82,111,0.097773
82,112,0.119133
82,113,0.236035
82,114,0.256857
82,115,0.139123
82,116,0.169282
82,117,0.002398
83,1,0.164354
83,2,0.113336
83,3,0.045154
83,4,0.015743
83,5,0.077968
83,6,0.025301
83,7,0.078273
83,8,0.071715
83,9,0.081049
83,10,0.064814
83,11,0.074841
83,12,0.075957
83,13,0.064794
83,14,0.079006
83,15,0.065908
83,16,0.056877
83,17,0.066730
83,18,0.006993
83,19,0.082078
83,20,0.081183
83,21,0.102140
83,22,0.095433
83,23,0.107902
83,24,0.085857
83,25,0.032410
83,26,0.050034
83,27,0.072699
83,28,0.058268
83,29,0.035417
83,30,0.036215
83,31,0.102748
83,32,0.100652
83,33,0.083461
83,34,0.021555
83,35,0.003959
83,36,0.117766
83,37,0.172918
83,38,0.181689
83,39,0.084128
83,40,0.168295
83,41,0.208961
83,42,0.171812
83,43,0.154159
83,44,0.119408
83,45,0.076756
83,46,0.104648
83,47,0.042519
83,48,0.018477
83,49,0.059301
83,50,0.056151
83,51,0.079307
83,52,0.028523
83,53,0.060133
83,54,0.101019
83,55,0.111116
83,56,0.078311
83,57,0.120876
83,58,0.150800
83,59,0.132012
83,60,0.121391
83,61,0.133329
83,62,0.112251
83,63,0.124781
83,64,0.119530
83,65,0.128656
83,66,0.100558
83,67,0.086111
83,68,0.103433
83,69,0.090675
83,70,0.114356
83,71,0.008449
83,72,0.031419
83,73,0.006552
83,74,0.048487
83,75,0.013570
83,76,0.113901
83,77,0.125187
83,78,0.039077
83,79,0.036818
83,80,0.121487
83,81,0.123981
83,82,0.049183
83,83,0.000000
83,84,0.007753
83,85,0.135613
83,86,0.097239
83,87,0.070763
83,88,0.045783
83,89,0.044517
83,90,0.067358
83,91,0.067427
83,92,0.138026
83,93,0.126139
83,94,0.080597
83,95,0.183023
83,96,0.114630
83,97,0.102324
83,98,0.013956
83,99,0.009898
83,100,0.007251
83,101,0.050454
83,102,0.012062
83,103,0.010463
83,104,0.027653
83,105,0.115682
83,106,0.173687
83,107,0.135504
83,108,0.017813
83,109,0.064550
83,110,0.092145
83,111,0.076875
83,112,0.058193
83,113,0.204518
83,114,0.264956
83,115,0.123082
83,116,0.158096
83,117,0.045336
84,1,0.107316
84,2,0.085919
84,3,0.079259
84,4,0.014681
84,5,0.058226
84,6,0.002345
84,7,0.044709
84,8,0.070901
84,9,0.065198
84,10,0.050722
84,11,0.075341
84,12,0.086547
84,13,0.079847
84,14,0.089306
84,15,0.061235
84,16,0.055577
84,17,0.065966
84,18,0.011887
84,19,0.096768
84,20,0.095710
84,21,0.104981
84,22,0.081595
84,23,0.094022
84,24,0.073323
84,25,0.061249
84,26,0.078857
84,27,0.105738
84,28,0.087690
84,29,0.053558
84,30,0.040779
84,31,0.112016
84,32,0.092166
84,33,0.088577
84,34,0.002623
84,35,0.001754
84,36,0.120641
84,37,0.174377
84,38,0.176650
84,39,0.060011
84,40,0.152023
84,41,0.192912
84,42,0.176371
84,43,0.158339
84,44,0.137511
84,45,0.101916
84,46,0.120081
84,47,0.073112
84,48,0.075219
84,49,0.117639
84,50,0.127249
84,51,0.146814
84,52,0.083702
84,53,0.104768
84,54,0.162613
84,55,0.166856
84,56,0.099408
84,57,0.119891
84,58,0.154879
84,59,0.128669
84,60,0.109237
84,61,0.121077
84,62,0.116621
84,63,0.128544
84,64,0.113460
84,65,0.139857
84,66,0.097952
84,67,0.089452
84,68,0.110938
84,69,0.065016
84,70,0.096126
84,71,0.014489
84,72,0.069453
84,73,0.030931
84,74,0.069510
84,75,0.000984
84,76,0.126977
84,77,0.157454
84,78,0.082746
84,79,0.071445
84,80,0.148359
84,81,0.139323
84,82,0.014415
84,83,0.007753
84,84,0.000000
84,85,0.121367
84,86,0.098105
84,87,0.012220
84,88,0.009382
84,89,0.048885
84,90,0.036690
84,91,0.076003
84,92,0.110265
84,93,0.100333
84,94,0.056574
84,95,0.116011
84,96,0.086572
84,97,0.072161
84,98,0.025920
84,99,0.028322
84,100,0.022908
84,101,0.077319
84,102,0.013229
84,103,0.029973
84,104,0.068264
84,105,0.152043
84,106,0.164451
84,107,0.096050
84,108,0.000153
84,109,0.026939
84,110,0.074348
84,111,0.093221
84,112,0.093335
84,113,0.185361
84,114,0.227813
84,115,0.134037
84,116,0.164086
84,117,0.094397
85,1,0.009363
85,2,0.005396
85,3,0.024688
85,4,0.034419
85,5,0.032180
85,6,0.021151
85,7,0.038708
85,8,0.060676
85,9,0.035556
85,10,0.005901
85,11,0.026027
85,12,0.052132
85,13,0.035522
85,14,0.047901
85,15,0.021815
85,16,0.047553
85,17,0.035874
85,18,0.031811
85,19,0.067584
85,20,0.053222
85,21,0.077835
85,22,0.045139
85,23,0.031383
85,24,0.032536
85,25,0.002452
85,26,0.003408
85,27,0.031808
85,28,0.035119
85,29,0.002634
85,30,0.011099
85,31,0.069356
85,32,0.074611
85,33,0.076978
85,34,0.066267
85,35,0.005488
85,36,0.017075
85,37,0.061230
85,38,0.058883
85,39,0.071547
85,40,0.087592
85,41,0.101958
85,42,0.122011
85,43,0.128189
85,44,0.124715
85,45,0.114009
85,46,0.134376
85,47,0.116947
85,48,0.111739
85,49,0.117500
85,50,0.110083
85,51,0.111760
85,52,0.071923
85,53,0.063490
85,54,0.105873
85,55,0.083713
85,56,0.051173
85,57,0.037241
85,58,0.064033
85,59,0.037903
85,60,0.026895
85,61,0.028718
85,62,0.038791
85,63,0.094293
85,64,0.043095
85,65,0.076565
85,66,0.028401
85,67,0.010998
85,68,0.038074
85,69,0.053570
85,70,0.081881
85,71,0.031052
85,72,0.045807
85,73,0.028054
85,74,0.019182
85,75,0.050798
85,76,0.106756
85,77,0.104295
85,78,0.007367
85,79,0.004036
85,80,0.037950
85,81,0.050458
85,82,0.062796
85,83,0.135613
85,84,0.121367
85,85,0.000000
85,86,0.053470
85,87,0.047682
85,88,0.025263
85,89,0.038585
85,90,0.018018
85,91,0.009578
85,92,0.043998
85,93,0.060648
85,94,0.033634
85,95,0.032931
85,96,0.006023
85,97,0.033044
85,98,0.049147
85,99,0.040375
85,100,0.063581
85,101,0.033898
85,102,0.108200
85,103,0.088466
85,104,0.121012
85,105,0.119711
85,106,0.097517
85,107,0.050888
85,108,0.030433
85,109,0.001395
85,110,0.046641
85,111,0.035747
85,112,0.018379
85,113,0.072249
85,114,0.108749
85,115,0.116747
85,116,0.124061
85,117,0.093641
86,1,0.010965
86,2,0.027391
86,3,0.007539
86,4,0.055031
86,5,0.100276
86,6,0.067435
86,7,0.058943
86,8,0.085181
86,9,0.062272
86,10,0.052467
86,11,0.110050
86,12,0.115791
86,13,0.098668
86,14,0.034243
86,15,0.013502
86,16,0.055613
86,17,0.036350
86,18,0.041489
86,19,0.075785
86,20,0.056371
86,21,0.084757
86,22,0.097509
86,23,0.052826
86,24,0.037901
86,25,0.027867
86,26,0.035019
86,27,0.056996
86,28,0.058897
86,29,0.045599
86,30,0.025982
86,31,0.089652
86,32,0.073791
86,33,0.058772
86,34,0.019332
86,35,0.015728
86,36,0.000160
86,37,0.051505
86,38,0.043904
86,39,0.015853
86,40,0.058051
86,41,0.066063
86,42,0.097853
86,43,0.074669
86,44,0.083902
86,45,0.076347
86,46,0.091647
86,47,0.089325
86,48,0.046365
86,49,0.069523
86,50,0.082759
86,51,0.049212
86,52,0.034650
86,53,0.043024
86,54,0.081191
86,55,0.045371
86,56,0.005430
86,57,0.053173
86,58,0.069850
86,59,0.034382
86,60,0.007077
86,61,0.001093
86,62,0.009076
86,63,0.058085
86,64,0.035423
86,65,0.068477
86,66,0.054712
86,67,0.036100
86,68,0.026132
86,69,0.070338
86,70,0.091157
86,71,0.011536
86,72,0.035933
86,73,0.012065
86,74,0.014521
86,75,0.059968
86,76,0.088440
86,77,0.097844
86,78,0.015860
86,79,0.015739
86,80,0.019050
86,81,0.050581
86,82,0.002446
86,83,0.097239
86,84,0.098105
86,85,0.053470
86,86,0.000000
86,87,0.071855
86,88,0.077028
86,89,0.091135
86,90,0.041729
86,91,0.009254
86,92,0.028469
86,93,0.045170
86,94,0.055509
86,95,0.067638
86,96,0.011147
86,97,0.028923
86,98,0.043683
86,99,0.012272
86,100,0.042109
86,101,0.002150
86,102,0.059069
86,103,0.034368
86,104,0.076306
86,105,0.080640
86,106,0.085741
86,107,0.051578
86,108,0.021857
86,109,0.013860
86,110,0.035443
86,111,0.011270
86,112,0.016818
86,113,0.060722
86,114,0.095446
86,115,0.066191
86,116,0.075179
86,117,0.062259
87,1,0.139732
87,2,0.097026
87,3,0.044243
87,4,0.039522
87,5,0.135793
87,6,0.077455
87,7,0.098840
87,8,0.124708
87,9,0.124862
87,10,0.123284
87,11,0.148976
87,12,0.143170
87,13,0.119200
87,14,0.084849
87,15,0.051338
87,16,0.117194
87,17,0.089713
87,18,0.042148
87,19,0.104941
87,20,0.109000
87,21,0.127329
87,22,0.117144
87,23,0.094664
87,24,0.077577
87,25,0.097967
87,26,0.112174
87,27,0.124349
87,28,0.114002
87,29,0.097137
87,30,0.079301
87,31,0.133036
87,32,0.118242
87,33,0.112020
87,34,0.003723
87,35,0.021903
87,36,0.120627
87,37,0.206349
87,38,0.175857
87,39,0.042273
87,40,0.106932
87,41,0.161262
87,42,0.182321
87,43,0.110742
87,44,0.139566
87,45,0.152589
87,46,0.129785
87,47,0.119292
87,48,0.087888
87,49,0.147627
87,50,0.166629
87,51,0.135667
87,52,0.114255
87,53,0.121054
87,54,0.172735
87,55,0.152303
87,56,0.144314
87,57,0.221024
87,58,0.244073
87,59,0.194618
87,60,0.150112
87,61,0.133815
87,62,0.139329
87,63,0.144173
87,64,0.144730
87,65,0.147956
87,66,0.152293
87,67,0.109562
87,68,0.111300
87,69,0.135799
87,70,0.131740
87,71,0.013829
87,72,0.069632
87,73,0.007537
87,74,0.074845
87,75,0.006328
87,76,0.200550
87,77,0.195145
87,78,0.088896
87,79,0.080080
87,80,0.107404
87,81,0.106213
87,82,0.009342
87,83,0.070763
87,84,0.012220
87,85,0.047682
87,86,0.071855
87,87,0.000000
87,88,0.006950
87,89,0.040036
87,90,0.030261
87,91,0.039242
87,92,0.060571
87,93,0.064568
87,94,0.044801
87,95,0.083026
87,96,0.087543
87,97,0.083739
87,98,0.014868
87,99,0.059286
87,100,0.058476
87,101,0.125607
87,102,0.021167
87,103,0.082680
87,104,0.110298
87,105,0.147304
87,106,0.145573
87,107,0.100265
87,108,0.003801
87,109,0.014631
87,110,0.056818
87,111,0.057429
87,112,0.069443
87,113,0.110710
87,114,0.162201
87,115,0.138133
87,116,0.145251
87,117,0.114957
88,1,0.170251
88,2,0.136639
88,3,0.111398
88,4,0.064188
88,5,0.055535
88,6,0.032403
88,7,0.051091
88,8,0.136052
88,9,0.130082
88,10,0.114944
88,11,0.102770
88,12,0.099853
88,13,0.095323
88,14,0.104861
88,15,0.055754
88,16,0.108051
88,17,0.098853
88,18,0.020072
88,19,0.096961
88,20,0.113217
88,21,0.125734
88,22,0.088147
88,23,0.104922
88,24,0.152623
88,25,0.171701
88,26,0.158967
88,27,0.150066
88,28,0.136751
88,29,0.147137
88,30,0.135390
88,31,0.145058
88,32,0.125932
88,33,0.122381
88,34,0.078477
88,35,0.026471
88,36,0.099297
88,37,0.197292
88,38,0.127890
88,39,0.012699
88,40,0.145345
88,41,0.189162
88,42,0.243675
88,43,0.193875
88,44,0.218895
88,45,0.216994
88,46,0.206861
88,47,0.154152
88,48,0.125777
88,49,0.201480
88,50,0.206899
88,51,0.209269
88,52,0.217855
88,53,0.194806
88,54,0.233041
88,55,0.220854
88,56,0.122890
88,57,0.163940
88,58,0.215878
88,59,0.190385
88,60,0.158076
88,61,0.139297
88,62,0.160889
88,63,0.228482
88,64,0.161454
88,65,0.168071
88,66,0.142069
88,67,0.109982
88,68,0.134890
88,69,0.130346
88,70,0.156491
88,71,0.092529
88,72,0.076167
88,73,0.011221
88,74,0.065398
88,75,0.041847
88,76,0.259137
88,77,0.247724
88,78,0.154725
88,79,0.125500
88,80,0.148970
88,81,0.127110
88,82,0.027831
88,83,0.045783
88,84,0.009382
88,85,0.025263
88,86,0.077028
88,87,0.006950
88,88,0.000000
88,89,0.049328
88,90,0.018888
88,91,0.072900
88,92,0.098614
88,93,0.091691
88,94,0.057189
88,95,0.071567
88,96,0.103951
88,97,0.071613
88,98,0.013973
88,99,0.032586
88,100,0.027942
88,101,0.083667
88,102,0.024202
88,103,0.082208
88,104,0.137089
88,105,0.132214
88,106,0.143232
88,107,0.102556
88,108,0.016374
88,109,0.004347
88,110,0.036885
88,111,0.131296
88,112,0.127914
88,113,0.189476
88,114,0.205205
88,115,0.194155
88,116,0.216680
88,117,0.160480
89,1,0.021988
89,2,0.034659
89,3,0.089478
89,4,0.016020
89,5,0.006583
89,6,0.006248
89,7,0.064510
89,8,0.146181
89,9,0.087455
89,10,0.068202
89,11,0.039372
89,12,0.063927
89,13,0.096448
89,14,0.063904
89,15,0.053746
89,16,0.088205
89,17,0.074593
89,18,0.008008
89,19,0.038660
89,20,0.010937
89,21,0.014206
89,22,0.007707
89,23,0.054792
89,24,0.160085
89,25,0.190411
89,26,0.163065
89,27,0.150428
89,28,0.143627
89,29,0.131150
89,30,0.119764
89,31,0.122940
89,32,0.082425
89,33,0.048816
89,34,0.009765
89,35,0.001278
89,36,0.031918
89,37,0.091285
89,38,0.024579
89,39,0.058268
89,40,0.062248
89,41,0.082920
89,42,0.130521
89,43,0.126961
89,44,0.075065
89,45,0.085163
89,46,0.102226
89,47,0.017318
89,48,0.076890
89,49,0.123445
89,50,0.184044
89,51,0.186499
89,52,0.208949
89,53,0.204549
89,54,0.217098
89,55,0.178908
89,56,0.001987
89,57,0.034884
89,58,0.082987
89,59,0.035436
89,60,0.007897
89,61,0.001843
89,62,0.036207
89,63,0.100469
89,64,0.024441
89,65,0.054993
89,66,0.033306
89,67,0.056836
89,68,0.081783
89,69,0.129781
89,70,0.153801
89,71,0.104377
89,72,0.098419
89,73,0.012757
89,74,0.006680
89,75,0.070444
89,76,0.149808
89,77,0.182770
89,78,0.118353
89,79,0.071107
89,80,0.120111
89,81,0.139249
89,82,0.081145
89,83,0.044517
89,84,0.048885
89,85,0.038585
89,86,0.091135
89,87,0.040036
89,88,0.049328
89,89,0.000000
89,90,0.036388
89,91,0.086252
89,92,0.102254
89,93,0.111844
89,94,0.112425
89,95,0.096621
89,96,0.022811
89,97,0.015570
89,98,0.015944
89,99,0.009686
89,100,0.014983
89,101,0.014115
89,102,0.062946
89,103,0.017928
89,104,0.055443
89,105,0.016167
89,106,0.032080
89,107,0.013293
89,108,0.062775
89,109,0.037503
89,110,0.002477
89,111,0.134345
89,112,0.118292
89,113,0.148228
89,114,0.122211
89,115,0.082194
89,116,0.089272
89,117,0.033627
90,1,0.087769
90,2,0.092168
90,3,0.054073
90,4,0.021225
90,5,0.067467
90,6,0.076817
90,7,0.102046
90,8,0.136808
90,9,0.087027
90,10,0.105537
90,11,0.098702
90,12,0.153135
90,13,0.186808
90,14,0.051318
90,15,0.032035
90,16,0.095950
90,17,0.095248
90,18,0.015226
90,19,0.008919
90,20,0.059130
90,21,0.087459
90,22,0.030915
90,23,0.037477
90,24,0.118538
90,25,0.182873
90,26,0.180546
90,27,0.187575
90,28,0.183244
90,29,0.120275
90,30,0.106961
90,31,0.076862
90,32,0.023913
90,33,0.042839
90,34,0.145138
90,35,0.086802
90,36,0.196512
90,37,0.070506
90,38,0.186511
90,39,0.009546
90,40,0.090755
90,41,0.032856
90,42,0.052224
90,43,0.018712
90,44,0.091839
90,45,0.015957
90,46,0.025986
90,47,0.003078
90,48,0.112301
90,49,0.068893
90,50,0.211937
90,51,0.154494
90,52,0.169485
90,53,0.174984
90,54,0.220637
90,55,0.126584
90,56,0.013156
90,57,0.019739
90,58,0.028397
90,59,0.061410
90,60,0.146873
90,61,0.175129
90,62,0.148499
90,63,0.102247
90,64,0.138020
90,65,0.082902
90,66,0.053124
90,67,0.041423
90,68,0.027790
90,69,0.124212
90,70,0.143691
90,71,0.085325
90,72,0.166934
90,73,0.008605
90,74,0.034716
90,75,0.033404
90,76,0.110999
90,77,0.200884
90,78,0.080032
90,79,0.031979
90,80,0.115130
90,81,0.146043
90,82,0.077824
90,83,0.067358
90,84,0.036690
90,85,0.018018
90,86,0.041729
90,87,0.030261
90,88,0.018888
90,89,0.036388
90,90,0.000000
90,91,0.041592
90,92,0.017774
90,93,0.056078
90,94,0.038626
90,95,0.020564
90,96,0.152539
90,97,0.109037
90,98,0.048487
90,99,0.131204
90,100,0.144688
90,101,0.192718
90,102,0.087788
90,103,0.114972
90,104,0.038677
90,105,0.071228
90,106,0.076505
90,107,0.143777
90,108,0.175216
90,109,0.035292
90,110,0.029370
90,111,0.049292
90,112,0.049682
90,113,0.082602
90,114,0.082499
90,115,0.033200
90,116,0.049819
90,117,0.036329
91,1,0.141569
91,2,0.110910
91,3,0.040630
91,4,0.032537
91,5,0.054377
91,6,0.058046
91,7,0.109169
91,8,0.166849
91,9,0.153832
91,10,0.161031
91,11,0.134232
91,12,0.157922
91,13,0.170117
91,14,0.088346
91,15,0.060825
91,16,0.117917
91,17,0.129296
91,18,0.026572
91,19,0.050062
91,20,0.003915
91,21,0.013466
91,22,0.011143
91,23,0.045866
91,24,0.222692
91,25,0.277075
91,26,0.268987
91,27,0.250147
91,28,0.225180
91,29,0.227436
91,30,0.219301
91,31,0.177329
91,32,0.103557
91,33,0.044370
91,34,0.098729
91,35,0.109702
91,36,0.093320
91,37,0.066667
91,38,0.037956
91,39,0.002209
91,40,0.020278
91,41,0.118925
91,42,0.083224
91,43,0.089515
91,44,0.026732
91,45,0.049094
91,46,0.108110
91,47,0.031602
91,48,0.163875
91,49,0.127784
91,50,0.249077
91,51,0.236738
91,52,0.226092
91,53,0.236595
91,54,0.277163
91,55,0.274135
91,56,0.099767
91,57,0.102947
91,58,0.094779
91,59,0.111970
91,60,0.012340
91,61,0.029448
91,62,0.035597
91,63,0.042221
91,64,0.023752
91,65,0.022638
91,66,0.035354
91,67,0.053613
91,68,0.117382
91,69,0.170335
91,70,0.188105
91,71,0.078156
91,72,0.166057
91,73,0.023031
91,74,0.080649
91,75,0.033195
91,76,0.186728
91,77,0.267934
91,78,0.178829
91,79,0.134133
91,80,0.215953
91,81,0.213910
91,82,0.148636
91,83,0.067427
91,84,0.076003
91,85,0.009578
91,86,0.009254
91,87,0.039242
91,88,0.072900
91,89,0.086252
91,90,0.041592
91,91,0.000000
91,92,0.062779
91,93,0.063389
91,94,0.010240
91,95,0.015732
91,96,0.021076
91,97,0.039078
91,98,0.129830
91,99,0.169000
91,100,0.212541
91,101,0.281979
91,102,0.157893
91,103,0.121009
91,104,0.067751
91,105,0.054311
91,106,0.017767
91,107,0.024635
91,108,0.107911
91,109,0.040445
91,110,0.067257
91,111,0.172033
91,112,0.177418
91,113,0.270018
91,114,0.290445
91,115,0.203569
91,116,0.230006
91,117,0.141861
92,1,0.191383
92,2,0.188231
92,3,0.125882
92,4,0.026207
92,5,0.037818
92,6,0.069898
92,7,0.122501
92,8,0.183896
92,9,0.168187
92,10,0.188835
92,11,0.145575
92,12,0.163540
92,13,0.186515
92,14,0.110333
92,15,0.075181
92,16,0.117162
92,17,0.113777
92,18,0.083830
92,19,0.051403
92,20,0.083065
92,21,0.065426
92,22,0.029897
92,23,0.057828
92,24,0.268064
92,25,0.318510
92,26,0.312134
92,27,0.281626
92,28,0.258942
92,29,0.299422
92,30,0.278052
92,31,0.169358
92,32,0.113758
92,33,0.043884
92,34,0.085831
92,35,0.095521
92,36,0.095106
92,37,0.078041
92,38,0.042085
92,39,0.073900
92,40,0.030595
92,41,0.084918
92,42,0.077604
92,43,0.134803
92,44,0.021812
92,45,0.033354
92,46,0.078866
92,47,0.027799
92,48,0.103077
92,49,0.045957
92,50,0.181103
92,51,0.195714
92,52,0.219187
92,53,0.240327
92,54,0.260666
92,55,0.275981
92,56,0.073250
92,57,0.065942
92,58,0.077426
92,59,0.116996
92,60,0.020946
92,61,0.029020
92,62,0.039111
92,63,0.014589
92,64,0.056324
92,65,0.005423
92,66,0.003430
92,67,0.070121
92,68,0.144190
92,69,0.171394
92,70,0.205525
92,71,0.156441
92,72,0.140733
92,73,0.024847
92,74,0.037164
92,75,0.031963
92,76,0.128508
92,77,0.179246
92,78,0.182364
92,79,0.128641
92,80,0.191869
92,81,0.198949
92,82,0.200068
92,83,0.138026
92,84,0.110265
92,85,0.043998
92,86,0.028469
92,87,0.060571
92,88,0.098614
92,89,0.102254
92,90,0.017774
92,91,0.062779
92,92,0.000000
92,93,0.001749
92,94,0.003909
92,95,0.031261
92,96,0.000419
92,97,0.043276
92,98,0.093831
92,99,0.079363
92,100,0.124943
92,101,0.197434
92,102,0.095617
92,103,0.246140
92,104,0.160640
92,105,0.213414
92,106,0.023242
92,107,0.001497
92,108,0.068099
92,109,0.067209
92,110,0.058225
92,111,0.220304
92,112,0.224433
92,113,0.316646
92,114,0.294473
92,115,0.159615
92,116,0.182799
92,117,0.059379
93,1,0.046984
93,2,0.073657
93,3,0.089603
93,4,0.035439
93,5,0.019902
93,6,0.053473
93,7,0.097972
93,8,0.132943
93,9,0.104708
93,10,0.136227
93,11,0.101482
93,12,0.126925
93,13,0.146685
93,14,0.085034
93,15,0.051879
93,16,0.108885
93,17,0.103873
93,18,0.066930
93,19,0.103967
93,20,0.166452
93,21,0.168123
93,22,0.096916
93,23,0.008066
93,24,0.213606
93,25,0.259324
93,26,0.263482
93,27,0.240092
93,28,0.196690
93,29,0.220723
93,30,0.205716
93,31,0.086853
93,32,0.038492
93,33,0.028012
93,34,0.142165
93,35,0.113169
93,36,0.186540
93,37,0.061507
93,38,0.163623
93,39,0.058148
93,40,0.028350
93,41,0.004608
93,42,0.037733
93,43,0.051105
93,44,0.108840
93,45,0.073204
93,46,0.017140
93,47,0.101045
93,48,0.079321
93,49,0.013176
93,50,0.144566
93,51,0.129965
93,52,0.149518
93,53,0.155017
93,54,0.192590
93,55,0.163605
93,56,0.000150
93,57,0.058652
93,58,0.061004
93,59,0.009335
93,60,0.103394
93,61,0.145870
93,62,0.170986
93,63,0.119359
93,64,0.196994
93,65,0.132385
93,66,0.091713
93,67,0.016072
93,68,0.066853
93,69,0.123507
93,70,0.173995
93,71,0.185363
93,72,0.169966
93,73,0.053213
93,74,0.069305
93,75,0.031715
93,76,0.053478
93,77,0.090238
93,78,0.093272
93,79,0.057496
93,80,0.127458
93,81,0.174784
93,82,0.185986
93,83,0.126139
93,84,0.100333
93,85,0.060648
93,86,0.045170
93,87,0.064568
93,88,0.091691
93,89,0.111844
93,90,0.056078
93,91,0.063389
93,92,0.001749
93,93,0.000000
93,94,0.024072
93,95,0.004116
93,96,0.099861
93,97,0.133257
93,98,0.091776
93,99,0.085518
93,100,0.136012
93,101,0.220960
93,102,0.125902
93,103,0.296985
93,104,0.162773
93,105,0.214340
93,106,0.068617
93,107,0.063934
93,108,0.097979
93,109,0.042766
93,110,0.027583
93,111,0.169159
93,112,0.172960
93,113,0.227689
93,114,0.193304
93,115,0.044270
93,116,0.080109
93,117,0.016073
94,1,0.021391
94,2,0.015434
94,3,0.065451
94,4,0.014212
94,5,0.050884
94,6,0.105854
94,7,0.140343
94,8,0.145712
94,9,0.130053
94,10,0.164801
94,11,0.124388
94,12,0.138970
94,13,0.117041
94,14,0.070628
94,15,0.027943
94,16,0.077064
94,17,0.093716
94,18,0.049700
94,19,0.126957
94,20,0.220248
94,21,0.243089
94,22,0.133070
94,23,0.072053
94,24,0.180994
94,25,0.240841
94,26,0.240814
94,27,0.219527
94,28,0.156494
94,29,0.199045
94,30,0.209432
94,31,0.058843
94,32,0.008207
94,33,0.057626
94,34,0.210919
94,35,0.149432
94,36,0.235073
94,37,0.162106
94,38,0.225446
94,39,0.004156
94,40,0.051895
94,41,0.016062
94,42,0.143084
94,43,0.022675
94,44,0.200540
94,45,0.142579
94,46,0.063299
94,47,0.135974
94,48,0.045808
94,49,0.087126
94,50,0.085992
94,51,0.065253
94,52,0.096707
94,53,0.092803
94,54,0.144854
94,55,0.098819
94,56,0.018648
94,57,0.079512
94,58,0.118977
94,59,0.047785
94,60,0.160077
94,61,0.222357
94,62,0.261944
94,63,0.196411
94,64,0.281676
94,65,0.220804
94,66,0.139765
94,67,0.075688
94,68,0.030886
94,69,0.092723
94,70,0.172375
94,71,0.201983
94,72,0.176037
94,73,0.064799
94,74,0.101712
94,75,0.071720
94,76,0.005711
94,77,0.067455
94,78,0.037214
94,79,0.001371
94,80,0.072807
94,81,0.130990
94,82,0.134843
94,83,0.080597
94,84,0.056574
94,85,0.033634
94,86,0.055509
94,87,0.044801
94,88,0.057189
94,89,0.112425
94,90,0.038626
94,91,0.010240
94,92,0.003909
94,93,0.024072
94,94,0.000000
94,95,0.061290
94,96,0.225719
94,97,0.242739
94,98,0.185439
94,99,0.127422
94,100,0.180951
94,101,0.310610
94,102,0.159871
94,103,0.298990
94,104,0.143840
94,105,0.195093
94,106,0.077339
94,107,0.081170
94,108,0.095188
94,109,0.061679
94,110,0.014317
94,111,0.124595
94,112,0.132756
94,113,0.141681
94,114,0.134821
94,115,0.003624
94,116,0.040209
94,117,0.021535
95,1,0.134125
95,2,0.167475
95,3,0.102238
95,4,0.052748
95,5,0.044596
95,6,0.107399
95,7,0.138013
95,8,0.163762
95,9,0.171221
95,10,0.198990
95,11,0.148748
95,12,0.153850
95,13,0.144905
95,14,0.034667
95,15,0.021286
95,16,0.031283
95,17,0.054578
95,18,0.119290
95,19,0.146068
95,20,0.214749
95,21,0.231816
95,22,0.136594
95,23,0.030078
95,24,0.256216
95,25,0.292595
95,26,0.281457
95,27,0.257972
95,28,0.208342
95,29,0.271504
95,30,0.272302
95,31,0.108932
95,32,0.046812
95,33,0.021355
95,34,0.184891
95,35,0.165956
95,36,0.204287
95,37,0.111148
95,38,0.149485
95,39,0.057291
95,40,0.006980
95,41,0.034002
95,42,0.054477
95,43,0.063463
95,44,0.138428
95,45,0.119540
95,46,0.028457
95,47,0.152983
95,48,0.033725
95,49,0.102513
95,50,0.047803
95,51,0.062863
95,52,0.087946
95,53,0.119119
95,54,0.166084
95,55,0.166003
95,56,0.000638
95,57,0.038329
95,58,0.084823
95,59,0.010502
95,60,0.106883
95,61,0.175782
95,62,0.221573
95,63,0.144362
95,64,0.245612
95,65,0.185730
95,66,0.121827
95,67,0.029447
95,68,0.064408
95,69,0.103963
95,70,0.150677
95,71,0.165660
95,72,0.126797
95,73,0.030503
95,74,0.048455
95,75,0.037122
95,76,0.007448
95,77,0.043381
95,78,0.069480
95,79,0.043762
95,80,0.118709
95,81,0.155162
95,82,0.200025
95,83,0.183023
95,84,0.116011
95,85,0.032931
95,86,0.067638
95,87,0.083026
95,88,0.071567
95,89,0.096621
95,90,0.020564
95,91,0.015732
95,92,0.031261
95,93,0.004116
95,94,0.061290
95,95,0.000000
95,96,0.068525
95,97,0.133999
95,98,0.183783
95,99,0.089413
95,100,0.171636
95,101,0.274445
95,102,0.210202
95,103,0.376927
95,104,0.268067
95,105,0.288945
95,106,0.057871
95,107,0.025197
95,108,0.048082
95,109,0.095685
95,110,0.049658
95,111,0.191782
95,112,0.207886
95,113,0.289509
95,114,0.272272
95,115,0.089809
95,116,0.132936
95,117,0.013831
96,1,0.238695
96,2,0.187049
96,3,0.008387
96,4,0.051135
96,5,0.065381
96,6,0.066667
96,7,0.052866
96,8,0.079444
96,9,0.133253
96,10,0.176364
96,11,0.148922
96,12,0.134856
96,13,0.129208
96,14,0.013714
96,15,0.012934
96,16,0.015578
96,17,0.032003
96,18,0.087208
96,19,0.002074
96,20,0.036277
96,21,0.016078
96,22,0.019864
96,23,0.046635
96,24,0.240504
96,25,0.241085
96,26,0.228394
96,27,0.201518
96,28,0.182618
96,29,0.241418
96,30,0.227850
96,31,0.117345
96,32,0.072408
96,33,0.013133
96,34,0.093258
96,35,0.137490
96,36,0.046937
96,37,0.036965
96,38,0.028777
96,39,0.128205
96,40,0.030137
96,41,0.111066
96,42,0.100580
96,43,0.142381
96,44,0.050989
96,45,0.036605
96,46,0.096521
96,47,0.015414
96,48,0.122445
96,49,0.030487
96,50,0.082779
96,51,0.101791
96,52,0.113551
96,53,0.132624
96,54,0.165485
96,55,0.192206
96,56,0.080305
96,57,0.083348
96,58,0.073959
96,59,0.131395
96,60,0.040464
96,61,0.012324
96,62,0.042793
96,63,0.029527
96,64,0.023593
96,65,0.004178
96,66,0.034831
96,67,0.063393
96,68,0.115181
96,69,0.142518
96,70,0.059311
96,71,0.015668
96,72,0.105298
96,73,0.037246
96,74,0.092339
96,75,0.025953
96,76,0.019806
96,77,0.090118
96,78,0.072884
96,79,0.049523
96,80,0.126191
96,81,0.110263
96,82,0.116968
96,83,0.114630
96,84,0.086572
96,85,0.006023
96,86,0.011147
96,87,0.087543
96,88,0.103951
96,89,0.022811
96,90,0.152539
96,91,0.021076
96,92,0.000419
96,93,0.099861
96,94,0.225719
96,95,0.068525
96,96,0.000000
96,97,0.056599
96,98,0.279104
96,99,0.209742
96,100,0.267563
96,101,0.331471
96,102,0.233139
96,103,0.174914
96,104,0.152875
96,105,0.096888
96,106,0.054060
96,107,0.068627
96,108,0.009944
96,109,0.097749
96,110,0.120145
96,111,0.204475
96,112,0.200648
96,113,0.304058
96,114,0.291739
96,115,0.195748
96,116,0.234821
96,117,0.146393
97,1,0.245265
97,2,0.195132
97,3,0.021081
97,4,0.037487
97,5,0.104030
97,6,0.104743
97,7,0.057051
97,8,0.066283
97,9,0.118208
97,10,0.167475
97,11,0.145618
97,12,0.140016
97,13,0.118732
97,14,0.062492
97,15,0.014823
97,16,0.042435
97,17,0.002952
97,18,0.093882
97,19,0.017948
97,20,0.075756
97,21,0.013011
97,22,0.048495
97,23,0.053262
97,24,0.235765
97,25,0.204233
97,26,0.192758
97,27,0.184233
97,28,0.168076
97,29,0.214343
97,30,0.212317
97,31,0.095921
97,32,0.051118
97,33,0.023732
97,34,0.088767
97,35,0.145507
97,36,0.128506
97,37,0.054957
97,38,0.059148
97,39,0.157339
97,40,0.063068
97,41,0.004089
97,42,0.013463
97,43,0.079014
97,44,0.000126
97,45,0.000055
97,46,0.049342
97,47,0.013845
97,48,0.115599
97,49,0.046724
97,50,0.005452
97,51,0.023793
97,52,0.012443
97,53,0.041669
97,54,0.093067
97,55,0.117726
97,56,0.011664
97,57,0.002539
97,58,0.023384
97,59,0.031874
97,60,0.040248
97,61,0.090110
97,62,0.122445
97,63,0.057643
97,64,0.066614
97,65,0.011565
97,66,0.009750
97,67,0.035621
97,68,0.070592
97,69,0.092586
97,70,0.019405
97,71,0.048172
97,72,0.152113
97,73,0.110045
97,74,0.109147
97,75,0.068101
97,76,0.058541
97,77,0.023229
97,78,0.028610
97,79,0.042533
97,80,0.064326
97,81,0.073916
97,82,0.110359
97,83,0.102324
97,84,0.072161
97,85,0.033044
97,86,0.028923
97,87,0.083739
97,88,0.071613
97,89,0.015570
97,90,0.109037
97,91,0.039078
97,92,0.043276
97,93,0.133257
97,94,0.242739
97,95,0.133999
97,96,0.056599
97,97,0.000000
97,98,0.132279
97,99,0.173465
97,100,0.216119
97,101,0.253356
97,102,0.183812
97,103,0.185211
97,104,0.205184
97,105,0.134975
97,106,0.030955
97,107,0.092730
97,108,0.031503
97,109,0.088730
97,110,0.131750
97,111,0.188787
97,112,0.178813
97,113,0.248861
97,114,0.217659
97,115,0.159406
97,116,0.200377
97,117,0.124961
98,1,0.070426
98,2,0.034355
98,3,0.118606
98,4,0.051963
98,5,0.102802
98,6,0.129111
98,7,0.058166
98,8,0.050707
98,9,0.086284
98,10,0.135397
98,11,0.111769
98,12,0.116953
98,13,0.101626
98,14,0.080154
98,15,0.056539
98,16,0.042587
98,17,0.009025
98,18,0.074976
98,19,0.077687
98,20,0.153319
98,21,0.106333
98,22,0.029738
98,23,0.050075
98,24,0.159689
98,25,0.146745
98,26,0.126667
98,27,0.109355
98,28,0.106609
98,29,0.143196
98,30,0.159443
98,31,0.032985
98,32,0.009834
98,33,0.099566
98,34,0.164558
98,35,0.173715
98,36,0.278325
98,37,0.217120
98,38,0.244629
98,39,0.085274
98,40,0.115069
98,41,0.143075
98,42,0.143186
98,43,0.035354
98,44,0.120752
98,45,0.070915
98,46,0.014113
98,47,0.030491
98,48,0.079584
98,49,0.098705
98,50,0.028750
98,51,0.020885
98,52,0.012478
98,53,0.013172
98,54,0.061060
98,55,0.041586
98,56,0.055799
98,57,0.125368
98,58,0.162743
98,59,0.136989
98,60,0.189597
98,61,0.259620
98,62,0.278634
98,63,0.197935
98,64,0.203229
98,65,0.141855
98,66,0.116161
98,67,0.075604
98,68,0.024887
98,69,0.028045
98,70,0.000071
98,71,0.027612
98,72,0.110400
98,73,0.076517
98,74,0.028056
98,75,0.014283
98,76,0.138339
98,77,0.086458
98,78,0.079278
98,79,0.102428
98,80,0.016057
98,81,0.030937
98,82,0.055561
98,83,0.013956
98,84,0.025920
98,85,0.049147
98,86,0.043683
98,87,0.014868
98,88,0.013973
98,89,0.015944
98,90,0.048487
98,91,0.129830
98,92,0.093831
98,93,0.091776
98,94,0.185439
98,95,0.183783
98,96,0.279104
98,97,0.132279
98,98,0.000000
98,99,0.116945
98,100,0.112223
98,101,0.115955
98,102,0.079129
98,103,0.193599
98,104,0.166507
98,105,0.182284
98,106,0.062351
98,107,0.018831
98,108,0.022160
98,109,0.030626
98,110,0.041325
98,111,0.068812
98,112,0.072783
98,113,0.117882
98,114,0.072466
98,115,0.067894
98,116,0.095178
98,117,0.044580
99,1,0.048474
99,2,0.072056
99,3,0.071072
99,4,0.046147
99,5,0.151751
99,6,0.145672
99,7,0.008784
99,8,0.006749
99,9,0.085968
99,10,0.134273
99,11,0.167673
99,12,0.116174
99,13,0.064129
99,14,0.070425
99,15,0.045246
99,16,0.066353
99,17,0.013721
99,18,0.011872
99,19,0.072840
99,20,0.135133
99,21,0.114010
99,22,0.048378
99,23,0.057818
99,24,0.086446
99,25,0.055936
99,26,0.066088
99,27,0.040281
99,28,0.049475
99,29,0.125180
99,30,0.115147
99,31,0.000620
99,32,0.018880
99,33,0.035117
99,34,0.109222
99,35,0.093317
99,36,0.183604
99,37,0.192622
99,38,0.176985
99,39,0.011585
99,40,0.001568
99,41,0.117190
99,42,0.089004
99,43,0.000469
99,44,0.072427
99,45,0.031713
99,46,0.037911
99,47,0.021998
99,48,0.048191
99,49,0.131847
99,50,0.104643
99,51,0.072709
99,52,0.011297
99,53,0.009669
99,54,0.014300
99,55,0.006284
99,56,0.089133
99,57,0.097068
99,58,0.116183
99,59,0.114650
99,60,0.151188
99,61,0.218268
99,62,0.213925
99,63,0.133547
99,64,0.157375
99,65,0.131772
99,66,0.119024
99,67,0.090883
99,68,0.065535
99,69,0.053654
99,70,0.021769
99,71,0.032082
99,72,0.089455
99,73,0.054519
99,74,0.091485
99,75,0.101664
99,76,0.178189
99,77,0.096079
99,78,0.118988
99,79,0.162713
99,80,0.082977
99,81,0.033329
99,82,0.038020
99,83,0.009898
99,84,0.028322
99,85,0.040375
99,86,0.012272
99,87,0.059286
99,88,0.032586
99,89,0.009686
99,90,0.131204
99,91,0.169000
99,92,0.079363
99,93,0.085518
99,94,0.127422
99,95,0.089413
99,96,0.209742
99,97,0.173465
99,98,0.116945
99,99,0.000000
99,100,0.046934
99,101,0.039014
99,102,0.053374
99,103,0.176646
99,104,0.061593
99,105,0.152446
99,106,0.095263
99,107,0.047339
99,108,0.059693
99,109,0.003046
99,110,0.050708
99,111,0.014506
99,112,0.002109
99,113,0.109186
99,114,0.073022
99,115,0.072637
99,116,0.082421
99,117,0.099630
100,1,0.018654
100,2,0.057144
100,3,0.087252
100,4,0.042708
100,5,0.182224
100,6,0.201041
100,7,0.049536
100,8,0.046046
100,9,0.134357
100,10,0.200228
100,11,0.207028
100,12,0.168817
100,13,0.126163
100,14,0.087095
100,15,0.077188
100,16,0.065586
100,17,0.000596
100,18,0.070202
100,19,0.138143
100,20,0.222585
100,21,0.196598
100,22,0.099383
100,23,0.099273
100,24,0.136783
100,25,0.122582
100,26,0.122626
100,27,0.087213
100,28,0.106600
100,29,0.191351
100,30,0.183975
100,31,0.040679
100,32,0.002302
100,33,0.041485
100,34,0.150816
100,35,0.151985
100,36,0.296780
100,37,0.257474
100,38,0.276249
100,39,0.058432
100,40,0.052272
100,41,0.172331
100,42,0.144491
100,43,0.028817
100,44,0.132737
100,45,0.066512
100,46,0.013419
100,47,0.052464
100,48,0.058220
100,49,0.173641
100,50,0.121216
100,51,0.081113
100,52,0.001738
100,53,0.005711
100,54,0.025202
100,55,0.006976
100,56,0.102624
100,57,0.143655
100,58,0.170662
100,59,0.151043
100,60,0.213840
100,61,0.317599
100,62,0.310623
100,63,0.213483
100,64,0.255845
100,65,0.212724
100,66,0.184450
100,67,0.112309
100,68,0.061062
100,69,0.025364
100,70,0.041107
100,71,0.047043
100,72,0.043219
100,73,0.030416
100,74,0.100399
100,75,0.101980
100,76,0.183301
100,77,0.128054
100,78,0.130526
100,79,0.169261
100,80,0.068134
100,81,0.025586
100,82,0.062653
100,83,0.007251
100,84,0.022908
100,85,0.063581
100,86,0.042109
100,87,0.058476
100,88,0.027942
100,89,0.014983
100,90,0.144688
100,91,0.212541
100,92,0.124943
100,93,0.136012
100,94,0.180951
100,95,0.171636
100,96,0.267563
100,97,0.216119
100,98,0.112223
100,99,0.046934
100,100,0.000000
100,101,0.003955
100,102,0.003712
100,103,0.258440
100,104,0.146049
100,105,0.231880
100,106,0.115105
100,107,0.062510
100,108,0.075645
100,109,0.003224
100,110,0.061443
100,111,0.001179
100,112,0.024261
100,113,0.128707
100,114,0.071850
100,115,0.082247
100,116,0.095541
100,117,0.107492
101,1,0.028763
101,2,0.124341
101,3,0.186510
101,4,0.033600
101,5,0.126232
101,6,0.164748
101,7,0.026911
101,8,0.020824
101,9,0.096994
101,10,0.147852
101,11,0.147153
101,12,0.113379
101,13,0.096063
101,14,0.133011
101,15,0.089593
101,16,0.114710
101,17,0.047981
101,18,0.103603
101,19,0.179119
101,20,0.268956
101,21,0.226655
101,22,0.131066
101,23,0.138052
101,24,0.133723
101,25,0.120914
101,26,0.107558
101,27,0.054808
101,28,0.080283
101,29,0.157233
101,30,0.154656
101,31,0.021840
101,32,0.012416
101,33,0.079107
101,34,0.187638
101,35,0.234602
101,36,0.408184
101,37,0.317595
101,38,0.370981
101,39,0.022395
101,40,0.111872
101,41,0.237404
101,42,0.170449
101,43,0.034221
101,44,0.162677
101,45,0.076908
101,46,0.011861
101,47,0.065635
101,48,0.027464
101,49,0.192539
101,50,0.134090
101,51,0.096838
101,52,0.005254
101,53,0.023285
101,54,0.038626
101,55,0.013853
101,56,0.118239
101,57,0.201575
101,58,0.243403
101,59,0.232589
101,60,0.275244
101,61,0.385642
101,62,0.380086
101,63,0.267517
101,64,0.306359
101,65,0.249300
101,66,0.231532
101,67,0.163824
101,68,0.125972
101,69,0.069033
101,70,0.027261
101,71,0.026926
101,72,0.043443
101,73,0.013290
101,74,0.121352
101,75,0.132694
101,76,0.156372
101,77,0.093815
101,78,0.103643
101,79,0.161632
101,80,0.039155
101,81,0.024629
101,82,0.060256
101,83,0.050454
101,84,0.077319
101,85,0.033898
101,86,0.002150
101,87,0.125607
101,88,0.083667
101,89,0.014115
101,90,0.192718
101,91,0.281979
101,92,0.197434
101,93,0.220960
101,94,0.310610
101,95,0.274445
101,96,0.331471
101,97,0.253356
101,98,0.115955
101,99,0.039014
101,100,0.003955
101,101,0.000000
101,102,0.021890
101,103,0.252482
101,104,0.220361
101,105,0.297374
101,106,0.189320
101,107,0.108724
101,108,0.100733
101,109,0.027625
101,110,0.064943
101,111,0.001833
101,112,0.013570
101,113,0.120579
101,114,0.085875
101,115,0.127821
101,116,0.121009
101,117,0.101830
102,1,0.012058
102,2,0.046668
102,3,0.055443
102,4,0.068526
102,5,0.075433
102,6,0.118795
102,7,0.034544
102,8,0.068522
102,9,0.082294
102,10,0.123606
102,11,0.119024
102,12,0.129610
102,13,0.130124
102,14,0.055528
102,15,0.070608
102,16,0.047038
102,17,0.004073
102,18,0.086613
102,19,0.163033
102,20,0.245448
102,21,0.227941
102,22,0.137549
102,23,0.124719
102,24,0.128214
102,25,0.187760
102,26,0.163090
102,27,0.124891
102,28,0.129790
102,29,0.180647
102,30,0.178779
102,31,0.025239
102,32,0.016002
102,33,0.056803
102,34,0.182780
102,35,0.198614
102,36,0.307228
102,37,0.225896
102,38,0.304401
102,39,0.022076
102,40,0.059354
102,41,0.132499
102,42,0.163056
102,43,0.032540
102,44,0.137475
102,45,0.056109
102,46,0.028111
102,47,0.067237
102,48,0.127076
102,49,0.112875
102,50,0.043481
102,51,0.022080
102,52,0.043452
102,53,0.086286
102,54,0.111999
102,55,0.062256
102,56,0.085720
102,57,0.150685
102,58,0.178571
102,59,0.168715
102,60,0.215509
102,61,0.325919
102,62,0.323766
102,63,0.213742
102,64,0.285895
102,65,0.246296
102,66,0.214484
102,67,0.139586
102,68,0.073624
102,69,0.039848
102,70,0.038116
102,71,0.086767
102,72,0.008539
102,73,0.005655
102,74,0.095480
102,75,0.093002
102,76,0.155583
102,77,0.116962
102,78,0.090652
102,79,0.115264
102,80,0.004041
102,81,0.054406
102,82,0.090246
102,83,0.012062
102,84,0.013229
102,85,0.108200
102,86,0.059069
102,87,0.021167
102,88,0.024202
102,89,0.062946
102,90,0.087788
102,91,0.157893
102,92,0.095617
102,93,0.125902
102,94,0.159871
102,95,0.210202
102,96,0.233139
102,97,0.183812
102,98,0.079129
102,99,0.053374
102,100,0.003712
102,101,0.021890
102,102,0.000000
102,103,0.110403
102,104,0.079669
102,105,0.176861
102,106,0.110375
102,107,0.058762
102,108,0.058301
102,109,0.004805
102,110,0.137502
102,111,0.045366
102,112,0.036576
102,113,0.100249
102,114,0.071898
102,115,0.114606
102,116,0.121080
102,117,0.114795
103,1,0.005575
103,2,0.104369
103,3,0.194427
103,4,0.117485
103,5,0.001103
103,6,0.012593
103,7,0.053894
103,8,0.036783
103,9,0.063973
103,10,0.039193
103,11,0.054894
103,12,0.019541
103,13,0.122912
103,14,0.087932
103,15,0.080538
103,16,0.078442
103,17,0.071016
103,18,0.116933
103,19,0.184599
103,20,0.253388
103,21,0.192571
103,22,0.112963
103,23,0.136084
103,24,0.028672
103,25,0.126642
103,26,0.122338
103,27,0.105358
103,28,0.117224
103,29,0.068795
103,30,0.020443
103,31,0.047968
103,32,0.076347
103,33,0.157005
103,34,0.201780
103,35,0.255697
103,36,0.281096
103,37,0.157896
103,38,0.239932
103,39,0.153409
103,40,0.280186
103,41,0.170135
103,42,0.162214
103,43,0.059127
103,44,0.155047
103,45,0.047339
103,46,0.053058
103,47,0.073520
103,48,0.123511
103,49,0.101239
103,50,0.015942
103,51,0.060940
103,52,0.043008
103,53,0.011058
103,54,0.075592
103,55,0.045428
103,56,0.012585
103,57,0.120620
103,58,0.140976
103,59,0.120833
103,60,0.161125
103,61,0.251007
103,62,0.270035
103,63,0.231538
103,64,0.244172
103,65,0.185870
103,66,0.114792
103,67,0.105091
103,68,0.048813
103,69,0.013204
103,70,0.023186
103,71,0.060850
103,72,0.170028
103,73,0.123878
103,74,0.121511
103,75,0.083825
103,76,0.073060
103,77,0.080733
103,78,0.086611
103,79,0.090728
103,80,0.000984
103,81,0.044145
103,82,0.028129
103,83,0.010463
103,84,0.029973
103,85,0.088466
103,86,0.034368
103,87,0.082680
103,88,0.082208
103,89,0.017928
103,90,0.114972
103,91,0.121009
103,92,0.246140
103,93,0.296985
103,94,0.298990
103,95,0.376927
103,96,0.174914
103,97,0.185211
103,98,0.193599
103,99,0.176646
103,100,0.258440
103,101,0.252482
103,102,0.110403
103,103,0.000000
103,104,0.157189
103,105,0.147594
103,106,0.094655
103,107,0.059275
103,108,0.061677
103,109,0.029932
103,110,0.005981
103,111,0.026225
103,112,0.034657
103,113,0.013415
103,114,0.019724
103,115,0.027668
103,116,0.032542
103,117,0.064201
104,1,0.032121
104,2,0.005497
104,3,0.072157
104,4,0.039366
104,5,0.029161
104,6,0.057084
104,7,0.012971
104,8,0.012253
104,9,0.002698
104,10,0.027800
104,11,0.005467
104,12,0.028906
104,13,0.107371
104,14,0.012476
104,15,0.035849
104,16,0.021724
104,17,0.014384
104,18,0.168349
104,19,0.216705
104,20,0.261546
104,21,0.235431
104,22,0.155671
104,23,0.116347
104,24,0.066043
104,25,0.155061
104,26,0.147368
104,27,0.118491
104,28,0.125587
104,29,0.103557
104,30,0.080974
104,31,0.031920
104,32,0.067530
104,33,0.111411
104,34,0.180306
104,35,0.248871
104,36,0.165665
104,37,0.069827
104,38,0.141025
104,39,0.171496
104,40,0.200008
104,41,0.125780
104,42,0.143336
104,43,0.014242
104,44,0.147634
104,45,0.052593
104,46,0.045542
104,47,0.083550
104,48,0.101789
104,49,0.146250
104,50,0.058434
104,51,0.093139
104,52,0.065154
104,53,0.018108
104,54,0.054641
104,55,0.035210
104,56,0.031752
104,57,0.037452
104,58,0.056971
104,59,0.021788
104,60,0.056213
104,61,0.167395
104,62,0.200997
104,63,0.213082
104,64,0.219185
104,65,0.188077
104,66,0.093235
104,67,0.053784
104,68,0.007362
104,69,0.041857
104,70,0.059294
104,71,0.080552
104,72,0.137101
104,73,0.093961
104,74,0.136813
104,75,0.116066
104,76,0.106935
104,77,0.115500
104,78,0.108439
104,79,0.104726
104,80,0.046222
104,81,0.008107
104,82,0.010315
104,83,0.027653
104,84,0.068264
104,85,0.121012
104,86,0.076306
104,87,0.110298
104,88,0.137089
104,89,0.055443
104,90,0.038677
104,91,0.067751
104,92,0.160640
104,93,0.162773
104,94,0.143840
104,95,0.268067
104,96,0.152875
104,97,0.205184
104,98,0.166507
104,99,0.061593
104,100,0.146049
104,101,0.220361
104,102,0.079669
104,103,0.157189
104,104,0.000000
104,105,0.088103
104,106,0.100298
104,107,0.049935
104,108,0.048787
104,109,0.098195
104,110,0.025182
104,111,0.067046
104,112,0.095005
104,113,0.018447
104,114,0.016535
104,115,0.000033
104,116,0.039969
104,117,0.086310
105,1,0.091367
105,2,0.011609
105,3,0.108964
105,4,0.092541
105,5,0.008992
105,6,0.030039
105,7,0.016376
105,8,0.016985
105,9,0.011145
105,10,0.026326
105,11,0.009481
105,12,0.044776
105,13,0.098430
105,14,0.048532
105,15,0.052839
105,16,0.058720
105,17,0.064673
105,18,0.172556
105,19,0.140673
105,20,0.196441
105,21,0.155472
105,22,0.051753
105,23,0.034987
105,24,0.090898
105,25,0.168751
105,26,0.157169
105,27,0.136902
105,28,0.136967
105,29,0.126164
105,30,0.096267
105,31,0.024904
105,32,0.017185
105,33,0.060725
105,34,0.101846
105,35,0.171936
105,36,0.122147
105,37,0.061651
105,38,0.094205
105,39,0.133583
105,40,0.256241
105,41,0.132613
105,42,0.138633
105,43,0.033234
105,44,0.149936
105,45,0.076146
105,46,0.053102
105,47,0.067075
105,48,0.110422
105,49,0.116844
105,50,0.016319
105,51,0.054347
105,52,0.040191
105,53,0.018050
105,54,0.045395
105,55,0.067940
105,56,0.073342
105,57,0.002563
105,58,0.055901
105,59,0.002221
105,60,0.044290
105,61,0.115051
105,62,0.153050
105,63,0.208400
105,64,0.177400
105,65,0.128790
105,66,0.064267
105,67,0.024980
105,68,0.029757
105,69,0.074274
105,70,0.025585
105,71,0.029138
105,72,0.197403
105,73,0.105419
105,74,0.161811
105,75,0.145263
105,76,0.066207
105,77,0.060059
105,78,0.052719
105,79,0.053880
105,80,0.004364
105,81,0.040792
105,82,0.043841
105,83,0.115682
105,84,0.152043
105,85,0.119711
105,86,0.080640
105,87,0.147304
105,88,0.132214
105,89,0.016167
105,90,0.071228
105,91,0.054311
105,92,0.213414
105,93,0.214340
105,94,0.195093
105,95,0.288945
105,96,0.096888
105,97,0.134975
105,98,0.182284
105,99,0.152446
105,100,0.231880
105,101,0.297374
105,102,0.176861
105,103,0.147594
105,104,0.088103
105,105,0.000000
105,106,0.051580
105,107,0.059095
105,108,0.034355
105,109,0.094225
105,110,0.107417
105,111,0.140450
105,112,0.149245
105,113,0.124620
105,114,0.035431
105,115,0.009941
105,116,0.055957
105,117,0.136928
106,1,0.075961
106,2,0.083697
106,3,0.086317
106,4,0.017971
106,5,0.054833
106,6,0.022237
106,7,0.005804
106,8,0.039754
106,9,0.062229
106,10,0.098010
106,11,0.103350
106,12,0.123289
106,13,0.134263
106,14,0.074585
106,15,0.046510
106,16,0.038781
106,17,0.014262
106,18,0.064438
106,19,0.007553
106,20,0.049974
106,21,0.004945
106,22,0.047999
106,23,0.082346
106,24,0.154160
106,25,0.215444
106,26,0.212418
106,27,0.207625
106,28,0.203382
106,29,0.189948
106,30,0.157306
106,31,0.075665
106,32,0.067711
106,33,0.055517
106,34,0.027681
106,35,0.064074
106,36,0.026902
106,37,0.054853
106,38,0.070374
106,39,0.015725
106,40,0.008915
106,41,0.085983
106,42,0.043883
106,43,0.095926
106,44,0.053668
106,45,0.059738
106,46,0.110732
106,47,0.030435
106,48,0.109659
106,49,0.014236
106,50,0.059992
106,51,0.056834
106,52,0.092166
106,53,0.103532
106,54,0.097486
106,55,0.148970
106,56,0.147693
106,57,0.125710
106,58,0.071490
106,59,0.103765
106,60,0.070833
106,61,0.039990
106,62,0.036828
106,63,0.007502
106,64,0.011484
106,65,0.029241
106,66,0.044412
106,67,0.091178
106,68,0.112578
106,69,0.112318
106,70,0.147092
106,71,0.102207
106,72,0.081343
106,73,0.016514
106,74,0.041949
106,75,0.027439
106,76,0.076939
106,77,0.113700
106,78,0.095550
106,79,0.084762
106,80,0.085122
106,81,0.066864
106,82,0.115580
106,83,0.173687
106,84,0.164451
106,85,0.097517
106,86,0.085741
106,87,0.145573
106,88,0.143232
106,89,0.032080
106,90,0.076505
106,91,0.017767
106,92,0.023242
106,93,0.068617
106,94,0.077339
106,95,0.057871
106,96,0.054060
106,97,0.030955
106,98,0.062351
106,99,0.095263
106,100,0.115105
106,101,0.189320
106,102,0.110375
106,103,0.094655
106,104,0.100298
106,105,0.051580
106,106,0.000000
106,107,0.043325
106,108,0.002301
106,109,0.131138
106,110,0.141191
106,111,0.153856
106,112,0.152052
106,113,0.218773
106,114,0.110455
106,115,0.065774
106,116,0.093349
106,117,0.099388
107,1,0.034143
107,2,0.044400
107,3,0.126859
107,4,0.115067
107,5,0.085687
107,6,0.034146
107,7,0.012549
107,8,0.057547
107,9,0.088000
107,10,0.107835
107,11,0.128137
107,12,0.142472
107,13,0.139530
107,14,0.079816
107,15,0.083517
107,16,0.088614
107,17,0.061990
107,18,0.009588
107,19,0.057880
107,20,0.037809
107,21,0.069148
107,22,0.063407
107,23,0.098797
107,24,0.192972
107,25,0.218471
107,26,0.217837
107,27,0.197822
107,28,0.182019
107,29,0.215487
107,30,0.180680
107,31,0.138523
107,32,0.085575
107,33,0.077076
107,34,0.046976
107,35,0.013309
107,36,0.034307
107,37,0.081945
107,38,0.093616
107,39,0.077892
107,40,0.081554
107,41,0.155871
107,42,0.115844
107,43,0.140713
107,44,0.144358
107,45,0.124840
107,46,0.154947
107,47,0.085679
107,48,0.082631
107,49,0.043299
107,50,0.055197
107,51,0.062542
107,52,0.081016
107,53,0.068246
107,54,0.048650
107,55,0.098270
107,56,0.106713
107,57,0.128888
107,58,0.118426
107,59,0.086796
107,60,0.079319
107,61,0.070256
107,62,0.081311
107,63,0.113275
107,64,0.075198
107,65,0.093588
107,66,0.079328
107,67,0.106245
107,68,0.133667
107,69,0.116960
107,70,0.162734
107,71,0.071204
107,72,0.037248
107,73,0.007864
107,74,0.020703
107,75,0.042891
107,76,0.089099
107,77,0.142733
107,78,0.082699
107,79,0.045767
107,80,0.030182
107,81,0.020015
107,82,0.105966
107,83,0.135504
107,84,0.096050
107,85,0.050888
107,86,0.051578
107,87,0.100265
107,88,0.102556
107,89,0.013293
107,90,0.143777
107,91,0.024635
107,92,0.001497
107,93,0.063934
107,94,0.081170
107,95,0.025197
107,96,0.068627
107,97,0.092730
107,98,0.018831
107,99,0.047339
107,100,0.062510
107,101,0.108724
107,102,0.058762
107,103,0.059275
107,104,0.049935
107,105,0.059095
107,106,0.043325
107,107,0.000000
107,108,0.002257
107,109,0.124184
107,110,0.165457
107,111,0.145676
107,112,0.138953
107,113,0.218381
107,114,0.124850
107,115,0.085269
107,116,0.135524
107,117,0.072938
108,1,0.082066
108,2,0.108365
108,3,0.050598
108,4,0.064353
108,5,0.089806
108,6,0.050050
108,7,0.025659
108,8,0.002681
108,9,0.016766
108,10,0.042979
108,11,0.080131
108,12,0.114216
108,13,0.115071
108,14,0.045791
108,15,0.020169
108,16,0.071418
108,17,0.059751
108,18,0.013022
108,19,0.023425
108,20,0.020596
108,21,0.006575
108,22,0.040242
108,23,0.033584
108,24,0.069857
108,25,0.092730
108,26,0.091498
108,27,0.087790
108,28,0.091995
108,29,0.076487
108,30,0.035810
108,31,0.030454
108,32,0.013681
108,33,0.051176
108,34,0.062359
108,35,0.066150
108,36,0.090618
108,37,0.050111
108,38,0.055769
108,39,0.006383
108,40,0.024565
108,41,0.071929
108,42,0.003746
108,43,0.002102
108,44,0.005856
108,45,0.041699
108,46,0.041410
108,47,0.072764
108,48,0.053888
108,49,0.002312
108,50,0.019454
108,51,0.007471
108,52,0.017241
108,53,0.043420
108,54,0.069623
108,55,0.065764
108,56,0.033151
108,57,0.005090
108,58,0.002010
108,59,0.032896
108,60,0.034857
108,61,0.055195
108,62,0.038696
108,63,0.040205
108,64,0.030285
108,65,0.014543
108,66,0.033046
108,67,0.039035
108,68,0.044248
108,69,0.053396
108,70,0.098362
108,71,0.041624
108,72,0.000344
108,73,0.019431
108,74,0.039981
108,75,0.019702
108,76,0.002520
108,77,0.043061
108,78,0.019792
108,79,0.031873
108,80,0.019810
108,81,0.031851
108,82,0.065377
108,83,0.017813
108,84,0.000153
108,85,0.030433
108,86,0.021857
108,87,0.003801
108,88,0.016374
108,89,0.062775
108,90,0.175216
108,91,0.107911
108,92,0.068099
108,93,0.097979
108,94,0.095188
108,95,0.048082
108,96,0.009944
108,97,0.031503
108,98,0.022160
108,99,0.059693
108,100,0.075645
108,101,0.100733
108,102,0.058301
108,103,0.061677
108,104,0.048787
108,105,0.034355
108,106,0.002301
108,107,0.002257
108,108,0.000000
108,109,0.049406
108,110,0.025896
108,111,0.051458
108,112,0.036604
108,113,0.069266
108,114,0.039174
108,115,0.035148
108,116,0.049242
108,117,0.020615
109,1,0.019855
109,2,0.015228
109,3,0.022843
109,4,0.090327
109,5,0.027248
109,6,0.015527
109,7,0.003531
109,8,0.007410
109,9,0.009117
109,10,0.005953
109,11,0.017085
109,12,0.028123
109,13,0.039068
109,14,0.001128
109,15,0.011593
109,16,0.034094
109,17,0.017134
109,18,0.000924
109,19,0.031591
109,20,0.017427
109,21,0.029608
109,22,0.042040
109,23,0.041426
109,24,0.055059
109,25,0.040270
109,26,0.039755
109,27,0.013233
109,28,0.024667
109,29,0.029439
109,30,0.022313
109,31,0.076685
109,32,0.019299
109,33,0.017392
109,34,0.003991
109,35,0.024512
109,36,0.018159
109,37,0.053559
109,38,0.079131
109,39,0.063340
109,40,0.079180
109,41,0.129619
109,42,0.030504
109,43,0.008123
109,44,0.009236
109,45,0.021056
109,46,0.030613
109,47,0.078159
109,48,0.035928
109,49,0.034301
109,50,0.010663
109,51,0.022352
109,52,0.035886
109,53,0.025178
109,54,0.045245
109,55,0.012143
109,56,0.020981
109,57,0.065044
109,58,0.067370
109,59,0.015699
109,60,0.030990
109,61,0.019199
109,62,0.020032
109,63,0.016527
109,64,0.033222
109,65,0.052528
109,66,0.066071
109,67,0.058605
109,68,0.054871
109,69,0.060763
109,70,0.079582
109,71,0.027382
109,72,0.029220
109,73,0.004554
109,74,0.033082
109,75,0.021051
109,76,0.014325
109,77,0.051549
109,78,0.014389
109,79,0.024744
109,80,0.031597
109,81,0.031622
109,82,0.083008
109,83,0.064550
109,84,0.026939
109,85,0.001395
109,86,0.013860
109,87,0.014631
109,88,0.004347
109,89,0.037503
109,90,0.035292
109,91,0.040445
109,92,0.067209
109,93,0.042766
109,94,0.061679
109,95,0.095685
109,96,0.097749
109,97,0.088730
109,98,0.030626
109,99,0.003046
109,100,0.003224
109,101,0.027625
109,102,0.004805
109,103,0.029932
109,104,0.098195
109,105,0.094225
109,106,0.131138
109,107,0.124184
109,108,0.049406
109,109,0.000000
109,110,0.021561
109,111,0.099608
109,112,0.065636
109,113,0.029973
109,114,0.021183
109,115,0.003718
109,116,0.047405
109,117,0.012305
110,1,0.129586
110,2,0.131386
110,3,0.056017
110,4,0.117379
110,5,0.138357
110,6,0.103333
110,7,0.080801
110,8,0.098600
110,9,0.124548
110,10,0.120605
110,11,0.129832
110,12,0.120967
110,13,0.102072
110,14,0.058313
110,15,0.038975
110,16,0.014479
110,17,0.027166
110,18,0.006318
110,19,0.098401
110,20,0.081222
110,21,0.103712
110,22,0.077283
110,23,0.080196
110,24,0.073106
110,25,0.119555
110,26,0.118832
110,27,0.113970
110,28,0.124554
110,29,0.096736
110,30,0.109345
110,31,0.162923
110,32,0.110722
110,33,0.106552
110,34,0.119712
110,35,0.024186
110,36,0.104685
110,37,0.093655
110,38,0.123168
110,39,0.034857
110,40,0.056272
110,41,0.116113
110,42,0.078799
110,43,0.070571
110,44,0.088833
110,45,0.079917
110,46,0.113961
110,47,0.092605
110,48,0.095911
110,49,0.091802
110,50,0.029362
110,51,0.027967
110,52,0.024793
110,53,0.044582
110,54,0.010659
110,55,0.035122
110,56,0.063507
110,57,0.119390
110,58,0.110741
110,59,0.085722
110,60,0.105664
110,61,0.092189
110,62,0.107088
110,63,0.080344
110,64,0.120190
110,65,0.109688
110,66,0.104296
110,67,0.109807
110,68,0.078503
110,69,0.069443
110,70,0.087987
110,71,0.026459
110,72,0.025011
110,73,0.007884
110,74,0.062422
110,75,0.002807
110,76,0.080261
110,77,0.124859
110,78,0.135284
110,79,0.147614
110,80,0.074812
110,81,0.077126
110,82,0.108103
110,83,0.092145
110,84,0.074348
110,85,0.046641
110,86,0.035443
110,87,0.056818
110,88,0.036885
110,89,0.002477
110,90,0.029370
110,91,0.067257
110,92,0.058225
110,93,0.027583
110,94,0.014317
110,95,0.049658
110,96,0.120145
110,97,0.131750
110,98,0.041325
110,99,0.050708
110,100,0.061443
110,101,0.064943
110,102,0.137502
110,103,0.005981
110,104,0.025182
110,105,0.107417
110,106,0.141191
110,107,0.165457
110,108,0.025896
110,109,0.021561
110,110,0.000000
110,111,0.010946
110,112,0.009806
110,113,0.099585
110,114,0.107237
110,115,0.098084
110,116,0.134902
110,117,0.072616
111,1,0.279189
111,2,0.357243
111,3,0.359090
111,4,0.238093
111,5,0.194049
111,6,0.142110
111,7,0.160576
111,8,0.199769
111,9,0.215944
111,10,0.232161
111,11,0.234521
111,12,0.216468
111,13,0.151374
111,14,0.221921
111,15,0.167302
111,16,0.180206
111,17,0.122798
111,18,0.026150
111,19,0.076893
111,20,0.137342
111,21,0.154480
111,22,0.105920
111,23,0.195193
111,24,0.140050
111,25,0.231696
111,26,0.261169
111,27,0.289100
111,28,0.255152
111,29,0.237593
111,30,0.220895
111,31,0.186121
111,32,0.190928
111,33,0.195581
111,34,0.154540
111,35,0.110671
111,36,0.325728
111,37,0.287688
111,38,0.250790
111,39,0.092389
111,40,0.269587
111,41,0.291121
111,42,0.213399
111,43,0.145917
111,44,0.183717
111,45,0.093998
111,46,0.103645
111,47,0.041655
111,48,0.048926
111,49,0.064047
111,50,0.010740
111,51,0.061641
111,52,0.088849
111,53,0.144464
111,54,0.070341
111,55,0.185386
111,56,0.186798
111,57,0.233426
111,58,0.290046
111,59,0.309647
111,60,0.290799
111,61,0.296890
111,62,0.293915
111,63,0.266313
111,64,0.248844
111,65,0.216594
111,66,0.193702
111,67,0.285351
111,68,0.206755
111,69,0.110829
111,70,0.206551
111,71,0.241443
111,72,0.003798
111,73,0.073721
111,74,0.092907
111,75,0.066468
111,76,0.129655
111,77,0.070717
111,78,0.207592
111,79,0.245025
111,80,0.198980
111,81,0.092354
111,82,0.097773
111,83,0.076875
111,84,0.093221
111,85,0.035747
111,86,0.011270
111,87,0.057429
111,88,0.131296
111,89,0.134345
111,90,0.049292
111,91,0.172033
111,92,0.220304
111,93,0.169159
111,94,0.124595
111,95,0.191782
111,96,0.204475
111,97,0.188787
111,98,0.068812
111,99,0.014506
111,100,0.001179
111,101,0.001833
111,102,0.045366
111,103,0.026225
111,104,0.067046
111,105,0.140450
111,106,0.153856
111,107,0.145676
111,108,0.051458
111,109,0.099608
111,110,0.010946
111,111,0.000000
111,112,0.044853
111,113,0.027666
111,114,0.045736
111,115,0.010283
111,116,0.007351
111,117,0.074792
112,1,0.271336
112,2,0.322459
112,3,0.337931
112,4,0.198147
112,5,0.142550
112,6,0.089753
112,7,0.158262
112,8,0.228421
112,9,0.217170
112,10,0.213747
112,11,0.198268
112,12,0.187658
112,13,0.140647
112,14,0.178168
112,15,0.138333
112,16,0.181893
112,17,0.119721
112,18,0.036415
112,19,0.044277
112,20,0.106561
112,21,0.140376
112,22,0.098073
112,23,0.208368
112,24,0.177565
112,25,0.238996
112,26,0.252373
112,27,0.269092
112,28,0.242215
112,29,0.232543
112,30,0.226882
112,31,0.192948
112,32,0.189080
112,33,0.186025
112,34,0.106368
112,35,0.089466
112,36,0.278675
112,37,0.271865
112,38,0.213777
112,39,0.129324
112,40,0.275577
112,41,0.290418
112,42,0.200501
112,43,0.141128
112,44,0.154842
112,45,0.079594
112,46,0.068488
112,47,0.027969
112,48,0.022007
112,49,0.065337
112,50,0.003354
112,51,0.074251
112,52,0.116549
112,53,0.204641
112,54,0.123391
112,55,0.242542
112,56,0.200298
112,57,0.220413
112,58,0.268969
112,59,0.276468
112,60,0.251828
112,61,0.257387
112,62,0.257265
112,63,0.235154
112,64,0.222100
112,65,0.211554
112,66,0.195319
112,67,0.277202
112,68,0.202090
112,69,0.133831
112,70,0.234812
112,71,0.232860
112,72,0.006605
112,73,0.058199
112,74,0.065215
112,75,0.054118
112,76,0.160750
112,77,0.072239
112,78,0.184363
112,79,0.212437
112,80,0.220077
112,81,0.148854
112,82,0.119133
112,83,0.058193
112,84,0.093335
112,85,0.018379
112,86,0.016818
112,87,0.069443
112,88,0.127914
112,89,0.118292
112,90,0.049682
112,91,0.177418
112,92,0.224433
112,93,0.172960
112,94,0.132756
112,95,0.207886
112,96,0.200648
112,97,0.178813
112,98,0.072783
112,99,0.002109
112,100,0.024261
112,101,0.013570
112,102,0.036576
112,103,0.034657
112,104,0.095005
112,105,0.149245
112,106,0.152052
112,107,0.138953
112,108,0.036604
112,109,0.065636
112,110,0.009806
112,111,0.044853
112,112,0.000000
112,113,0.000279
112,114,0.005079
112,115,0.050091
112,116,0.051613
112,117,0.123442
113,1,0.450612
113,2,0.550118
113,3,0.537787
113,4,0.204222
113,5,0.248718
113,6,0.215805
113,7,0.237517
113,8,0.332409
113,9,0.368875
113,10,0.327888
113,11,0.278048
113,12,0.248861
113,13,0.198701
113,14,0.119675
113,15,0.156901
113,16,0.121745
113,17,0.066598
113,18,0.094111
113,19,0.030607
113,20,0.072517
113,21,0.137810
113,22,0.061782
113,23,0.240402
113,24,0.288929
113,25,0.339575
113,26,0.330512
113,27,0.318802
113,28,0.304116
113,29,0.350895
113,30,0.349498
113,31,0.345084
113,32,0.347338
113,33,0.306828
113,34,0.326315
113,35,0.154731
113,36,0.317550
113,37,0.340195
113,38,0.328529
113,39,0.258112
113,40,0.308420
113,41,0.326820
113,42,0.327332
113,43,0.282655
113,44,0.226845
113,45,0.130936
113,46,0.143516
113,47,0.059204
113,48,0.038197
113,49,0.051774
113,50,0.002134
113,51,0.101482
113,52,0.173582
113,53,0.251394
113,54,0.129262
113,55,0.280940
113,56,0.217838
113,57,0.286342
113,58,0.312359
113,59,0.310583
113,60,0.291574
113,61,0.313864
113,62,0.326641
113,63,0.341811
113,64,0.295498
113,65,0.237109
113,66,0.173615
113,67,0.317542
113,68,0.190487
113,69,0.149519
113,70,0.290360
113,71,0.189809
113,72,0.052872
113,73,0.016720
113,74,0.068721
113,75,0.032162
113,76,0.227349
113,77,0.127470
113,78,0.262888
113,79,0.308860
113,80,0.298524
113,81,0.163785
113,82,0.236035
113,83,0.204518
113,84,0.185361
113,85,0.072249
113,86,0.060722
113,87,0.110710
113,88,0.189476
113,89,0.148228
113,90,0.082602
113,91,0.270018
113,92,0.316646
113,93,0.227689
113,94,0.141681
113,95,0.289509
113,96,0.304058
113,97,0.248861
113,98,0.117882
113,99,0.109186
113,100,0.128707
113,101,0.120579
113,102,0.100249
113,103,0.013415
113,104,0.018447
113,105,0.124620
113,106,0.218773
113,107,0.218381
113,108,0.069266
113,109,0.029973
113,110,0.099585
113,111,0.027666
113,112,0.000279
113,113,0.000000
113,114,0.120667
113,115,0.102236
113,116,0.059417
113,117,0.123940
114,1,0.346509
114,2,0.422745
114,3,0.471929
114,4,0.317679
114,5,0.192642
114,6,0.131673
114,7,0.200716
114,8,0.286743
114,9,0.318929
114,10,0.299830
114,11,0.223667
114,12,0.217800
114,13,0.183659
114,14,0.004087
114,15,0.135143
114,16,0.085090
114,17,0.038110
114,18,0.115307
114,19,0.035016
114,20,0.018153
114,21,0.040834
114,22,0.003502
114,23,0.221205
114,24,0.288935
114,25,0.326381
114,26,0.296611
114,27,0.273035
114,28,0.278737
114,29,0.335580
114,30,0.346767
114,31,0.302170
114,32,0.300528
114,33,0.243206
114,34,0.214626
114,35,0.053774
114,36,0.190146
114,37,0.307288
114,38,0.300539
114,39,0.200879
114,40,0.268637
114,41,0.250161
114,42,0.252691
114,43,0.206651
114,44,0.114617
114,45,0.055939
114,46,0.028315
114,47,0.145956
114,48,0.096574
114,49,0.053370
114,50,0.156811
114,51,0.021695
114,52,0.043904
114,53,0.140986
114,54,0.032210
114,55,0.166749
114,56,0.148979
114,57,0.272055
114,58,0.309574
114,59,0.272740
114,60,0.274555
114,61,0.264586
114,62,0.264813
114,63,0.254821
114,64,0.210424
114,65,0.169455
114,66,0.132751
114,67,0.285848
114,68,0.137665
114,69,0.122358
114,70,0.230852
114,71,0.231604
114,72,0.081479
114,73,0.020898
114,74,0.119535
114,75,0.062467
114,76,0.149653
114,77,0.017164
114,78,0.133080
114,79,0.215210
114,80,0.227687
114,81,0.128103
114,82,0.256857
114,83,0.264956
114,84,0.227813
114,85,0.108749
114,86,0.095446
114,87,0.162201
114,88,0.205205
114,89,0.122211
114,90,0.082499
114,91,0.290445
114,92,0.294473
114,93,0.193304
114,94,0.134821
114,95,0.272272
114,96,0.291739
114,97,0.217659
114,98,0.072466
114,99,0.073022
114,100,0.071850
114,101,0.085875
114,102,0.071898
114,103,0.019724
114,104,0.016535
114,105,0.035431
114,106,0.110455
114,107,0.124850
114,108,0.039174
114,109,0.021183
114,110,0.107237
114,111,0.045736
114,112,0.005079
114,113,0.120667
114,114,0.000000
114,115,0.101518
114,116,0.091182
114,117,0.314674
115,1,0.220993
115,2,0.254950
115,3,0.320931
115,4,0.294756
115,5,0.143017
115,6,0.064077
115,7,0.084795
115,8,0.155466
115,9,0.198664
115,10,0.207165
115,11,0.156291
115,12,0.138155
115,13,0.123166
115,14,0.060707
115,15,0.106366
115,16,0.075304
115,17,0.038004
115,18,0.109644
115,19,0.094690
115,20,0.008796
115,21,0.041386
115,22,0.013531
115,23,0.182026
115,24,0.230845
115,25,0.233521
115,26,0.218214
115,27,0.176485
115,28,0.190301
115,29,0.239521
115,30,0.244013
115,31,0.140824
115,32,0.186342
115,33,0.153936
115,34,0.183740
115,35,0.012263
115,36,0.076222
115,37,0.196530
115,38,0.179512
115,39,0.105543
115,40,0.163778
115,41,0.126481
115,42,0.213118
115,43,0.170721
115,44,0.116525
115,45,0.087811
115,46,0.016824
115,47,0.062366
115,48,0.115515
115,49,0.097253
115,50,0.211354
115,51,0.105200
115,52,0.057418
115,53,0.023011
115,54,0.119364
115,55,0.011538
115,56,0.065975
115,57,0.171886
115,58,0.227634
115,59,0.161157
115,60,0.200003
115,61,0.169284
115,62,0.184637
115,63,0.190017
115,64,0.160962
115,65,0.151804
115,66,0.103171
115,67,0.219737
115,68,0.068163
115,69,0.066126
115,70,0.123056
115,71,0.171487
115,72,0.063805
115,73,0.030594
115,74,0.072674
115,75,0.149809
115,76,0.063294
115,77,0.119985
115,78,0.036749
115,79,0.038182
115,80,0.061923
115,81,0.004106
115,82,0.139123
115,83,0.123082
115,84,0.134037
115,85,0.116747
115,86,0.066191
115,87,0.138133
115,88,0.194155
115,89,0.082194
115,90,0.033200
115,91,0.203569
115,92,0.159615
115,93,0.044270
115,94,0.003624
115,95,0.089809
115,96,0.195748
115,97,0.159406
115,98,0.067894
115,99,0.072637
115,100,0.082247
115,101,0.127821
115,102,0.114606
115,103,0.027668
115,104,0.000033
115,105,0.009941
115,106,0.065774
115,107,0.085269
115,108,0.035148
115,109,0.003718
115,110,0.098084
115,111,0.010283
115,112,0.050091
115,113,0.102236
115,114,0.101518
115,115,0.000000
115,116,0.025757
115,117,0.175953
116,1,0.295428
116,2,0.351205
116,3,0.381690
116,4,0.278262
116,5,0.196753
116,6,0.143509
116,7,0.192981
116,8,0.237781
116,9,0.268890
116,10,0.268427
116,11,0.199796
116,12,0.167637
116,13,0.149537
116,14,0.034764
116,15,0.103670
116,16,0.083963
116,17,0.055941
116,18,0.079954
116,19,0.043179
116,20,0.022968
116,21,0.054955
116,22,0.016234
116,23,0.226754
116,24,0.278935
116,25,0.255985
116,26,0.225390
116,27,0.199704
116,28,0.216230
116,29,0.258909
116,30,0.291529
116,31,0.199739
116,32,0.246227
116,33,0.198964
116,34,0.187250
116,35,0.006443
116,36,0.127695
116,37,0.223588
116,38,0.208123
116,39,0.128903
116,40,0.182874
116,41,0.160499
116,42,0.208271
116,43,0.169786
116,44,0.101168
116,45,0.068072
116,46,0.031219
116,47,0.040397
116,48,0.081976
116,49,0.034960
116,50,0.159183
116,51,0.053386
116,52,0.020947
116,53,0.068416
116,54,0.077707
116,55,0.059628
116,56,0.086046
116,57,0.196551
116,58,0.249130
116,59,0.211504
116,60,0.227757
116,61,0.199852
116,62,0.209669
116,63,0.191347
116,64,0.180455
116,65,0.159858
116,66,0.117738
116,67,0.259646
116,68,0.118166
116,69,0.113204
116,70,0.170562
116,71,0.201520
116,72,0.034244
116,73,0.077841
116,74,0.017866
116,75,0.168541
116,76,0.095521
116,77,0.100559
116,78,0.001175
116,79,0.099398
116,80,0.110010
116,81,0.046964
116,82,0.169282
116,83,0.158096
116,84,0.164086
116,85,0.124061
116,86,0.075179
116,87,0.145251
116,88,0.216680
116,89,0.089272
116,90,0.049819
116,91,0.230006
116,92,0.182799
116,93,0.080109
116,94,0.040209
116,95,0.132936
116,96,0.234821
116,97,0.200377
116,98,0.095178
116,99,0.082421
116,100,0.095541
116,101,0.121009
116,102,0.121080
116,103,0.032542
116,104,0.039969
116,105,0.055957
116,106,0.093349
116,107,0.135524
116,108,0.049242
116,109,0.047405
116,110,0.134902
116,111,0.007351
116,112,0.051613
116,113,0.059417
116,114,0.091182
116,115,0.025757
116,116,0.000000
116,117,0.205347
117,1,0.099511
117,2,0.128605
117,3,0.231127
117,4,0.166286
117,5,0.066885
117,6,0.017362
117,7,0.001186
117,8,0.026875
117,9,0.076803
117,10,0.083083
117,11,0.049547
117,12,0.030002
117,13,0.004895
117,14,0.070998
117,15,0.073968
117,16,0.043799
117,17,0.013664
117,18,0.103963
117,19,0.127805
117,20,0.082108
117,21,0.039250
117,22,0.061997
117,23,0.087432
117,24,0.121198
117,25,0.095103
117,26,0.091650
117,27,0.078292
117,28,0.063734
117,29,0.089005
117,30,0.094587
117,31,0.016981
117,32,0.065460
117,33,0.051059
117,34,0.090075
117,35,0.013827
117,36,0.027605
117,37,0.101071
117,38,0.107954
117,39,0.031206
117,40,0.100021
117,41,0.082828
117,42,0.112029
117,43,0.075104
117,44,0.002776
117,45,0.023951
117,46,0.042859
117,47,0.078059
117,48,0.136977
117,49,0.147583
117,50,0.230045
117,51,0.193650
117,52,0.145149
117,53,0.096951
117,54,0.179744
117,55,0.093024
117,56,0.043563
117,57,0.091787
117,58,0.113719
117,59,0.086723
117,60,0.134078
117,61,0.092384
117,62,0.103084
117,63,0.080974
117,64,0.073138
117,65,0.049935
117,66,0.012482
117,67,0.107468
117,68,0.015212
117,69,0.020452
117,70,0.053698
117,71,0.115187
117,72,0.002333
117,73,0.085227
117,74,0.027636
117,75,0.221838
117,76,0.039392
117,77,0.207786
117,78,0.166621
117,79,0.080530
117,80,0.077136
117,81,0.081914
117,82,0.002398
117,83,0.045336
117,84,0.094397
117,85,0.093641
117,86,0.062259
117,87,0.114957
117,88,0.160480
117,89,0.033627
117,90,0.036329
117,91,0.141861
117,92,0.059379
117,93,0.016073
117,94,0.021535
117,95,0.013831
117,96,0.146393
117,97,0.124961
117,98,0.044580
117,99,0.099630
117,100,0.107492
117,101,0.101830
117,102,0.114795
117,103,0.064201
117,104,0.086310
117,105,0.136928
117,106,0.099388
117,107,0.072938
117,108,0.020615
117,109,0.012305
117,110,0.072616
117,111,0.074792
117,112,0.123442
117,113,0.123940
117,114,0.314674
117,115,0.175953
117,116,0.205347
117,117,0.000000
