residue_i,residue_j,correlation
1,1,1.000000
1,2,0.854390
1,3,0.324578
1,4,0.073181
1,5,0.289768
1,6,0.350483
1,7,0.365309
1,8,0.350573
1,9,0.418790
1,10,0.439533
1,11,0.388024
1,12,0.305201
1,13,0.259703
1,14,0.099147
1,15,0.139588
1,16,0.113398
1,17,0.039103
1,18,-0.104240
1,19,0.103586
1,20,0.137422
1,21,0.187080
1,22,0.151965
1,23,0.271794
1,24,0.335288
1,25,0.351943
1,26,0.353827
1,27,0.341278
1,28,0.357459
1,29,0.438091
1,30,0.448190
1,31,0.384261
1,32,0.413702
1,33,0.369302
1,34,0.192876
1,35,0.125916
1,36,0.310433
1,37,0.317866
1,38,0.279354
1,39,0.115072
1,40,0.130904
1,41,0.186519
1,42,0.255894
1,43,0.246688
1,44,0.210573
1,45,0.167023
1,46,0.200496
1,47,0.040250
1,48,0.153064
1,49,0.121675
1,50,0.080790
1,51,0.167741
1,52,0.123680
1,53,0.155337
1,54,0.081352
1,55,0.201090
1,56,0.127074
1,57,0.228990
1,58,0.256883
1,59,0.308300
1,60,0.318694
1,61,0.307351
1,62,0.307954
1,63,0.248623
1,64,0.285178
1,65,0.263684
1,66,0.189495
1,67,0.314338
1,68,0.263793
1,69,0.191187
1,70,0.186908
1,71,0.154195
1,72,-0.020544
1,73,-0.099730
1,74,-0.076674
1,75,-0.144707
1,76,0.159813
1,77,0.014075
1,78,0.140186
1,79,0.176097
1,80,0.261000
1,81,0.125713
1,82,0.131114
1,83,0.145300
1,84,0.172034
1,85,0.115652
1,86,0.125003
1,87,0.145078
1,88,0.183498
1,89,0.203241
1,90,0.182448
1,91,0.261561
1,92,0.233078
1,93,0.168127
1,94,0.106560
1,95,0.156809
1,96,0.231900
1,97,0.200505
1,98,0.102499
1,99,0.054452
1,100,0.053313
1,101,0.082246
1,102,0.060446
1,103,0.107990
1,104,0.003974
1,105,0.072982
1,106,0.230430
1,107,0.299920
1,108,0.181800
1,109,0.129350
1,110,0.132092
1,111,0.182044
1,112,0.196246
1,113,0.271635
1,114,0.307856
1,115,0.239074
1,116,0.235059
1,117,0.090684
2,1,0.854390
2,2,1.000000
2,3,0.581216
2,4,0.167997
2,5,0.313388
2,6,0.376678
2,7,0.415289
2,8,0.409743
2,9,0.481507
2,10,0.515683
2,11,0.454945
2,12,0.364350
2,13,0.294859
2,14,0.131220
2,15,0.182246
2,16,0.151939
2,17,0.077298
2,18,-0.084098
2,19,0.145049
2,20,0.188389
2,21,0.227188
2,22,0.160937
2,23,0.317024
2,24,0.365109
2,25,0.402878
2,26,0.419641
2,27,0.406753
2,28,0.396934
2,29,0.500564
2,30,0.520044
2,31,0.411343
2,32,0.451757
2,33,0.408168
2,34,0.277083
2,35,0.230763
2,36,0.407992
2,37,0.393950
2,38,0.365792
2,39,0.137170
2,40,0.200249
2,41,0.242367
2,42,0.315179
2,43,0.283408
2,44,0.272875
2,45,0.191671
2,46,0.227133
2,47,0.046747
2,48,0.144519
2,49,0.151387
2,50,0.095466
2,51,0.188833
2,52,0.135547
2,53,0.154313
2,54,0.053658
2,55,0.173655
2,56,0.134111
2,57,0.258643
2,58,0.313424
2,59,0.357109
2,60,0.378489
2,61,0.392522
2,62,0.394460
2,63,0.329631
2,64,0.353334
2,65,0.300914
2,66,0.211424
2,67,0.363331
2,68,0.286146
2,69,0.200752
2,70,0.209954
2,71,0.178358
2,72,-0.014507
2,73,-0.075740
2,74,-0.051657
2,75,-0.132590
2,76,0.195308
2,77,0.043587
2,78,0.200422
2,79,0.231913
2,80,0.253880
2,81,0.121373
2,82,0.164360
2,83,0.201566
2,84,0.212900
2,85,0.146748
2,86,0.165019
2,87,0.185523
2,88,0.231670
2,89,0.261393
2,90,0.262544
2,91,0.340668
2,92,0.322138
2,93,0.269028
2,94,0.219415
2,95,0.275810
2,96,0.284969
2,97,0.267345
2,98,0.186678
2,99,0.103179
2,100,0.112269
2,101,0.127927
2,102,0.092133
2,103,0.125385
2,104,0.068790
2,105,0.105607
2,106,0.250965
2,107,0.317775
2,108,0.214830
2,109,0.160062
2,110,0.154899
2,111,0.164146
2,112,0.186502
2,113,0.245847
2,114,0.256640
2,115,0.165123
2,116,0.150276
2,117,-0.004365
3,1,0.324578
3,2,0.581216
3,3,1.000000
3,4,0.347403
3,5,0.219984
3,6,0.209634
3,7,0.273133
3,8,0.333500
3,9,0.383612
3,10,0.397758
3,11,0.361079
3,12,0.281174
3,13,0.212730
3,14,0.188338
3,15,0.234188
3,16,0.184298
3,17,0.159120
3,18,0.040133
3,19,0.198338
3,20,0.254192
3,21,0.286431
3,22,0.178276
3,23,0.318505
3,24,0.312738
3,25,0.353822
3,26,0.373793
3,27,0.342777
3,28,0.292544
3,29,0.418691
3,30,0.417895
3,31,0.354368
3,32,0.380412
3,33,0.371582
3,34,0.342543
3,35,0.334171
3,36,0.455642
3,37,0.429449
3,38,0.402057
3,39,0.179517
3,40,0.326157
3,41,0.311243
3,42,0.363492
3,43,0.297633
3,44,0.362732
3,45,0.221448
3,46,0.262443
3,47,0.090044
3,48,0.112244
3,49,0.214749
3,50,0.151601
3,51,0.222963
3,52,0.197618
3,53,0.173166
3,54,0.065030
3,55,0.147428
3,56,0.160019
3,57,0.281157
3,58,0.354270
3,59,0.338525
3,60,0.393202
3,61,0.441011
3,62,0.463228
3,63,0.436565
3,64,0.417417
3,65,0.347357
3,66,0.244611
3,67,0.354523
3,68,0.279930
3,69,0.171004
3,70,0.263722
3,71,0.192533
3,72,0.053775
3,73,0.010471
3,74,0.010357
3,75,0.060320
3,76,0.259992
3,77,0.242436
3,78,0.283949
3,79,0.270545
3,80,0.197269
3,81,0.087315
3,82,0.159013
3,83,0.176311
3,84,0.157635
3,85,0.106175
3,86,0.129299
3,87,0.170304
3,88,0.222204
3,89,0.210470
3,90,0.196220
3,91,0.298565
3,92,0.344165
3,93,0.292085
3,94,0.293543
3,95,0.323376
3,96,0.247536
3,97,0.241448
3,98,0.195575
3,99,0.137576
3,100,0.176873
3,101,0.151663
3,102,0.136105
3,103,0.073004
3,104,0.149759
3,105,0.157684
3,106,0.213388
3,107,0.218048
3,108,0.134597
3,109,0.105009
3,110,0.117644
3,111,0.171674
3,112,0.198496
3,113,0.181454
3,114,0.137606
3,115,0.036954
3,116,0.051416
3,117,-0.082101
4,1,0.073181
4,2,0.167997
4,3,0.347403
4,4,1.000000
4,5,0.517929
4,6,0.394343
4,7,0.235551
4,8,0.255474
4,9,0.339060
4,10,0.380722
4,11,0.463333
4,12,0.506406
4,13,0.473672
4,14,0.136914
4,15,0.142935
4,16,0.159253
4,17,0.098558
4,18,0.052984
4,19,0.135780
4,20,0.163824
4,21,0.175898
4,22,0.120452
4,23,0.178576
4,24,0.124531
4,25,0.180156
4,26,0.216238
4,27,0.214956
4,28,0.313688
4,29,0.286912
4,30,0.263822
4,31,0.228194
4,32,0.265691
4,33,0.241679
4,34,0.191506
4,35,0.161935
4,36,0.253702
4,37,0.243181
4,38,0.240105
4,39,0.048054
4,40,0.186748
4,41,0.142262
4,42,0.195026
4,43,0.149025
4,44,0.201116
4,45,0.164420
4,46,0.168043
4,47,0.099621
4,48,0.069858
4,49,0.123739
4,50,0.045174
4,51,0.090915
4,52,0.094207
4,53,0.085154
4,54,0.001180
4,55,0.044440
4,56,0.100451
4,57,0.177222
4,58,0.254482
4,59,0.200175
4,60,0.236627
4,61,0.248717
4,62,0.271510
4,63,0.228276
4,64,0.249942
4,65,0.222015
4,66,0.161192
4,67,0.218359
4,68,0.179395
4,69,0.078538
4,70,0.165977
4,71,0.203280
4,72,0.077275
4,73,0.040100
4,74,0.049804
4,75,0.007406
4,76,0.104594
4,77,0.157883
4,78,0.108248
4,79,0.099151
4,80,0.058145
4,81,0.011907
4,82,0.043701
4,83,0.026251
4,84,0.025156
4,85,0.051517
4,86,0.017523
4,87,0.038344
4,88,0.089385
4,89,0.058384
4,90,0.042891
4,91,0.089101
4,92,0.108917
4,93,0.106765
4,94,0.146005
4,95,0.129320
4,96,0.110150
4,97,0.135353
4,98,0.111674
4,99,0.077076
4,100,0.090444
4,101,0.083054
4,102,0.052388
4,103,0.051369
4,104,0.097956
4,105,0.067268
4,106,0.042242
4,107,0.025786
4,108,0.023825
4,109,-0.030624
4,110,-0.004821
4,111,0.117802
4,112,0.110409
4,113,0.103527
4,114,-0.009003
4,115,-0.052403
4,116,0.010730
4,117,-0.110975
5,1,0.289768
5,2,0.313388
5,3,0.219984
5,4,0.517929
5,5,1.000000
5,6,0.834159
5,7,0.458560
5,8,0.426578
5,9,0.575376
5,10,0.623087
5,11,0.696449
5,12,0.652607
5,13,0.549316
5,14,0.138877
5,15,0.137497
5,16,0.133879
5,17,0.026186
5,18,-0.030977
5,19,0.068308
5,20,0.084683
5,21,0.123466
5,22,0.080874
5,23,0.119786
5,24,0.131218
5,25,0.223359
5,26,0.269721
5,27,0.314037
5,28,0.412354
5,29,0.381882
5,30,0.365204
5,31,0.341825
5,32,0.400485
5,33,0.291290
5,34,0.183034
5,35,0.102420
5,36,0.165463
5,37,0.110081
5,38,0.115371
5,39,-0.009180
5,40,0.015325
5,41,0.002412
5,42,0.126752
5,43,0.147882
5,44,0.124603
5,45,0.149893
5,46,0.171115
5,47,0.075642
5,48,0.131865
5,49,0.059432
5,50,0.023589
5,51,0.058816
5,52,0.040143
5,53,0.059045
5,54,0.021971
5,55,0.058347
5,56,0.057923
5,57,0.116936
5,58,0.163950
5,59,0.184098
5,60,0.135641
5,61,0.131979
5,62,0.152342
5,63,0.115882
5,64,0.160086
5,65,0.136319
5,66,0.113973
5,67,0.179985
5,68,0.165122
5,69,0.135707
5,70,0.177821
5,71,0.153291
5,72,0.045181
5,73,-0.031727
5,74,-0.043265
5,75,-0.059850
5,76,0.081784
5,77,0.080376
5,78,0.093780
5,79,0.088699
5,80,0.071739
5,81,0.007575
5,82,0.035207
5,83,-0.014819
5,84,-0.026941
5,85,0.049617
5,86,0.004167
5,87,-0.044888
5,88,0.010165
5,89,0.013058
5,90,-0.051135
5,91,-0.035682
5,92,-0.037571
5,93,-0.027858
5,94,-0.022502
5,95,-0.022517
5,96,-0.007237
5,97,0.037516
5,98,0.026461
5,99,-0.004815
5,100,-0.001600
5,101,-0.020693
5,102,-0.040445
5,103,-0.088886
5,104,-0.083880
5,105,-0.054022
5,106,-0.024597
5,107,0.018328
5,108,-0.033290
5,109,0.024657
5,110,0.025971
5,111,-0.064600
5,112,-0.061861
5,113,0.046057
5,114,0.062955
5,115,0.035122
5,116,0.061253
5,117,-0.028405
6,1,0.350483
6,2,0.376678
6,3,0.209634
6,4,0.394343
6,5,0.834159
6,6,1.000000
6,7,0.647034
6,8,0.548478
6,9,0.659523
6,10,0.678544
6,11,0.666471
6,12,0.614248
6,13,0.527105
6,14,0.129128
6,15,0.119837
6,16,0.119737
6,17,0.012041
6,18,-0.057549
6,19,0.038049
6,20,0.036524
6,21,0.060367
6,22,0.022957
6,23,0.079152
6,24,0.154984
6,25,0.278698
6,26,0.304173
6,27,0.341705
6,28,0.418657
6,29,0.409551
6,30,0.424452
6,31,0.387694
6,32,0.450628
6,33,0.305458
6,34,0.145967
6,35,0.074022
6,36,0.124302
6,37,0.080456
6,38,0.055231
6,39,-0.026515
6,40,-0.022074
6,41,-0.019479
6,42,0.084408
6,43,0.140247
6,44,0.074860
6,45,0.106646
6,46,0.154685
6,47,0.031013
6,48,0.129446
6,49,0.046774
6,50,0.042978
6,51,0.077063
6,52,0.065602
6,53,0.076350
6,54,0.010445
6,55,0.056683
6,56,0.040749
6,57,0.085819
6,58,0.129349
6,59,0.164919
6,60,0.102155
6,61,0.096327
6,62,0.109169
6,63,0.070644
6,64,0.099619
6,65,0.070158
6,66,0.053172
6,67,0.142046
6,68,0.139671
6,69,0.107579
6,70,0.156252
6,71,0.151629
6,72,-0.003484
6,73,-0.069610
6,74,-0.044630
6,75,-0.057628
6,76,0.071409
6,77,0.063392
6,78,0.129497
6,79,0.122598
6,80,0.096785
6,81,0.027055
6,82,0.047811
6,83,0.009558
6,84,0.007382
6,85,0.088121
6,86,0.045410
6,87,-0.034755
6,88,0.015273
6,89,0.052353
6,90,-0.025621
6,91,-0.043468
6,92,-0.040406
6,93,-0.015552
6,94,-0.032577
6,95,-0.040609
6,96,-0.064194
6,97,-0.017530
6,98,-0.003869
6,99,-0.038862
6,100,-0.046876
6,101,-0.061228
6,102,-0.079028
6,103,-0.113082
6,104,-0.131199
6,105,-0.113494
6,106,-0.042087
6,107,0.011248
6,108,-0.025321
6,109,0.046845
6,110,0.033246
6,111,-0.074354
6,112,-0.059990
6,113,0.028992
6,114,0.070296
6,115,0.039050
6,116,0.060067
6,117,-0.031478
7,1,0.365309
7,2,0.415289
7,3,0.273133
7,4,0.235551
7,5,0.458560
7,6,0.647034
7,7,1.000000
7,8,0.720626
7,9,0.628342
7,10,0.609368
7,11,0.484077
7,12,0.422694
7,13,0.354368
7,14,0.106366
7,15,0.113201
7,16,0.126526
7,17,0.035340
7,18,-0.023854
7,19,0.086293
7,20,0.064436
7,21,0.045736
7,22,0.012429
7,23,0.102060
7,24,0.236073
7,25,0.330800
7,26,0.318806
7,27,0.360213
7,28,0.363343
7,29,0.371086
7,30,0.462182
7,31,0.414202
7,32,0.471130
7,33,0.322474
7,34,0.085906
7,35,0.070144
7,36,0.111611
7,37,0.141383
7,38,0.079859
7,39,0.023320
7,40,0.044285
7,41,0.081069
7,42,0.117256
7,43,0.138039
7,44,0.075154
7,45,0.078204
7,46,0.107795
7,47,-0.004888
7,48,0.074964
7,49,0.091895
7,50,0.097299
7,51,0.149353
7,52,0.101777
7,53,0.126041
7,54,0.012157
7,55,0.050850
7,56,0.060396
7,57,0.120014
7,58,0.152699
7,59,0.162363
7,60,0.122604
7,61,0.134843
7,62,0.135984
7,63,0.122976
7,64,0.095741
7,65,0.061718
7,66,0.039916
7,67,0.151950
7,68,0.117505
7,69,0.093158
7,70,0.140831
7,71,0.140451
7,72,-0.065491
7,73,-0.056791
7,74,-0.005421
7,75,-0.056141
7,76,0.115119
7,77,0.060144
7,78,0.147288
7,79,0.155056
7,80,0.140624
7,81,0.094710
7,82,0.096581
7,83,0.067638
7,84,0.064607
7,85,0.106094
7,86,0.077749
7,87,0.015242
7,88,0.072821
7,89,0.127049
7,90,0.077892
7,91,0.087430
7,92,0.104104
7,93,0.106873
7,94,0.067200
7,95,0.077677
7,96,0.003712
7,97,0.016088
7,98,0.018245
7,99,-0.060467
7,100,-0.060437
7,101,-0.051078
7,102,-0.026217
7,103,0.002379
7,104,-0.033009
7,105,-0.024604
7,106,0.028552
7,107,0.047648
7,108,0.013767
7,109,0.041956
7,110,0.021895
7,111,-0.013532
7,112,0.013657
7,113,0.052653
7,114,0.049306
7,115,-0.027476
7,116,0.007132
7,117,-0.104843
8,1,0.350573
8,2,0.409743
8,3,0.333500
8,4,0.255474
8,5,0.426578
8,6,0.548478
8,7,0.720626
8,8,1.000000
8,9,0.790691
8,10,0.627788
8,11,0.458824
8,12,0.382448
8,13,0.335112
8,14,0.147582
8,15,0.137595
8,16,0.154490
8,17,0.070128
8,18,0.004201
8,19,0.127321
8,20,0.106191
8,21,0.098140
8,22,0.053381
8,23,0.188477
8,24,0.325589
8,25,0.433643
8,26,0.375734
8,27,0.366558
8,28,0.368186
8,29,0.440304
8,30,0.571865
8,31,0.578448
8,32,0.573157
8,33,0.395509
8,34,0.141394
8,35,0.104662
8,36,0.153728
8,37,0.215721
8,38,0.125503
8,39,0.054086
8,40,0.083363
8,41,0.116211
8,42,0.164206
8,43,0.181630
8,44,0.137507
8,45,0.107805
8,46,0.158052
8,47,0.024854
8,48,0.117375
8,49,0.183551
8,50,0.180947
8,51,0.236256
8,52,0.198376
8,53,0.230817
8,54,0.118216
8,55,0.164780
8,56,0.113455
8,57,0.183109
8,58,0.206591
8,59,0.201686
8,60,0.156191
8,61,0.172872
8,62,0.193527
8,63,0.195358
8,64,0.153677
8,65,0.134885
8,66,0.082171
8,67,0.205563
8,68,0.148894
8,69,0.125237
8,70,0.183515
8,71,0.176285
8,72,-0.010722
8,73,-0.009443
8,74,0.029867
8,75,0.026284
8,76,0.152376
8,77,0.149534
8,78,0.201672
8,79,0.211519
8,80,0.216045
8,81,0.161410
8,82,0.156698
8,83,0.107704
8,84,0.101427
8,85,0.105181
8,86,0.073586
8,87,0.056681
8,88,0.109578
8,89,0.141567
8,90,0.083454
8,91,0.130270
8,92,0.144960
8,93,0.132118
8,94,0.097977
8,95,0.117671
8,96,0.057191
8,97,0.059111
8,98,0.047872
8,99,-0.019706
8,100,-0.013805
8,101,-0.010248
8,102,0.007539
8,103,0.006341
8,104,0.003975
8,105,-0.000837
8,106,0.046915
8,107,0.075958
8,108,0.038663
8,109,0.059083
8,110,0.047829
8,111,0.001805
8,112,0.021433
8,113,0.086750
8,114,0.082377
8,115,0.019545
8,116,0.048316
8,117,-0.067068
9,1,0.418790
9,2,0.481507
9,3,0.383612
9,4,0.339060
9,5,0.575376
9,6,0.659523
9,7,0.628342
9,8,0.790691
9,9,1.000000
9,10,0.812930
9,11,0.621174
9,12,0.480567
9,13,0.377651
9,14,0.160903
9,15,0.160228
9,16,0.171232
9,17,0.084688
9,18,0.000426
9,19,0.145522
9,20,0.136817
9,21,0.151058
9,22,0.096939
9,23,0.235411
9,24,0.349691
9,25,0.422646
9,26,0.388691
9,27,0.359538
9,28,0.386797
9,29,0.520665
9,30,0.639305
9,31,0.612860
9,32,0.623565
9,33,0.443569
9,34,0.194495
9,35,0.142125
9,36,0.221187
9,37,0.245656
9,38,0.201841
9,39,0.061035
9,40,0.104524
9,41,0.112638
9,42,0.190888
9,43,0.207631
9,44,0.189618
9,45,0.154727
9,46,0.219311
9,47,0.052245
9,48,0.134792
9,49,0.164824
9,50,0.133550
9,51,0.217082
9,52,0.189940
9,53,0.203626
9,54,0.100264
9,55,0.164013
9,56,0.107653
9,57,0.209057
9,58,0.245354
9,59,0.248321
9,60,0.205076
9,61,0.223324
9,62,0.241039
9,63,0.228077
9,64,0.214675
9,65,0.186945
9,66,0.135070
9,67,0.261049
9,68,0.186196
9,69,0.136301
9,70,0.213363
9,71,0.193869
9,72,0.039637
9,73,-0.011541
9,74,0.026052
9,75,0.026088
9,76,0.159110
9,77,0.140255
9,78,0.188443
9,79,0.193414
9,80,0.204624
9,81,0.125473
9,82,0.153414
9,83,0.104069
9,84,0.082401
9,85,0.105381
9,86,0.078961
9,87,0.044817
9,88,0.092551
9,89,0.133129
9,90,0.045455
9,91,0.086496
9,92,0.116900
9,93,0.096270
9,94,0.056332
9,95,0.084980
9,96,0.044861
9,97,0.065483
9,98,0.050506
9,99,0.019061
9,100,0.026092
9,101,0.007657
9,102,0.001832
9,103,-0.032726
9,104,-0.023493
9,105,-0.023023
9,106,0.044177
9,107,0.093730
9,108,0.041105
9,109,0.065537
9,110,0.060710
9,111,0.010942
9,112,0.027062
9,113,0.143304
9,114,0.144872
9,115,0.072117
9,116,0.092186
9,117,-0.028324
10,1,0.439533
10,2,0.515683
10,3,0.397758
10,4,0.380722
10,5,0.623087
10,6,0.678544
10,7,0.609368
10,8,0.627788
10,9,0.812930
10,10,1.000000
10,11,0.802426
10,12,0.631583
10,13,0.492094
10,14,0.157728
10,15,0.189734
10,16,0.172922
10,17,0.069164
10,18,-0.003270
10,19,0.149986
10,20,0.136080
10,21,0.154618
10,22,0.084609
10,23,0.213480
10,24,0.369046
10,25,0.495721
10,26,0.498256
10,27,0.475911
10,28,0.515863
10,29,0.664160
10,30,0.723108
10,31,0.522128
10,32,0.541937
10,33,0.394195
10,34,0.204594
10,35,0.139911
10,36,0.220552
10,37,0.250409
10,38,0.192477
10,39,0.063899
10,40,0.119780
10,41,0.128515
10,42,0.219644
10,43,0.236032
10,44,0.204653
10,45,0.166007
10,46,0.245013
10,47,0.039622
10,48,0.143336
10,49,0.154163
10,50,0.140120
10,51,0.228719
10,52,0.199769
10,53,0.205088
10,54,0.090651
10,55,0.147453
10,56,0.081057
10,57,0.189935
10,58,0.251453
10,59,0.252308
10,60,0.211726
10,61,0.216740
10,62,0.244748
10,63,0.228218
10,64,0.219728
10,65,0.185619
10,66,0.120516
10,67,0.246230
10,68,0.186186
10,69,0.130775
10,70,0.223897
10,71,0.227285
10,72,0.036965
10,73,-0.001657
10,74,0.036569
10,75,0.001128
10,76,0.181331
10,77,0.153990
10,78,0.204990
10,79,0.197840
10,80,0.225985
10,81,0.129342
10,82,0.166371
10,83,0.122320
10,84,0.108237
10,85,0.131405
10,86,0.090624
10,87,0.051868
10,88,0.108525
10,89,0.145165
10,90,0.031672
10,91,0.088688
10,92,0.116032
10,93,0.088791
10,94,0.049650
10,95,0.078452
10,96,0.030168
10,97,0.051927
10,98,0.036116
10,99,-0.001658
10,100,-0.002002
10,101,-0.008794
10,102,-0.013214
10,103,-0.046963
10,104,-0.032927
10,105,-0.034657
10,106,0.036539
10,107,0.096097
10,108,0.016995
10,109,0.072452
10,110,0.061908
10,111,0.038506
10,112,0.073678
10,113,0.215293
10,114,0.191279
10,115,0.095392
10,116,0.121329
10,117,-0.004348
11,1,0.388024
11,2,0.454945
11,3,0.361079
11,4,0.463333
11,5,0.696449
11,6,0.666471
11,7,0.484077
11,8,0.458824
11,9,0.621174
11,10,0.802426
11,11,1.000000
11,12,0.828895
11,13,0.635280
11,14,0.153300
11,15,0.191743
11,16,0.165730
11,17,0.064911
11,18,0.036027
11,19,0.178951
11,20,0.161418
11,21,0.179940
11,22,0.113788
11,23,0.196354
11,24,0.300984
11,25,0.438599
11,26,0.496957
11,27,0.512321
11,28,0.613519
11,29,0.687320
11,30,0.620481
11,31,0.424141
11,32,0.434871
11,33,0.330834
11,34,0.201541
11,35,0.142562
11,36,0.227434
11,37,0.219782
11,38,0.175049
11,39,0.076647
11,40,0.127227
11,41,0.126546
11,42,0.240724
11,43,0.242467
11,44,0.241166
11,45,0.211124
11,46,0.275704
11,47,0.112228
11,48,0.185865
11,49,0.174614
11,50,0.141525
11,51,0.209952
11,52,0.181137
11,53,0.172139
11,54,0.095921
11,55,0.135264
11,56,0.076728
11,57,0.167527
11,58,0.232556
11,59,0.227665
11,60,0.216555
11,61,0.212615
11,62,0.243048
11,63,0.229905
11,64,0.233231
11,65,0.197697
11,66,0.136175
11,67,0.224859
11,68,0.210849
11,69,0.140901
11,70,0.211233
11,71,0.233910
11,72,0.059855
11,73,-0.005638
11,74,0.026435
11,75,0.002371
11,76,0.162736
11,77,0.164276
11,78,0.200991
11,79,0.164972
11,80,0.177832
11,81,0.102100
11,82,0.145531
11,83,0.099893
11,84,0.067663
11,85,0.101027
11,86,0.065311
11,87,0.047019
11,88,0.097631
11,89,0.111487
11,90,0.017675
11,91,0.070631
11,92,0.086008
11,93,0.056391
11,94,0.032753
11,95,0.067964
11,96,0.061957
11,97,0.100938
11,98,0.072204
11,99,0.027864
11,100,0.038113
11,101,0.040390
11,102,0.012254
11,103,-0.026420
11,104,-0.011679
11,105,-0.017873
11,106,0.027415
11,107,0.060180
11,108,-0.006546
11,109,0.050869
11,110,0.046864
11,111,0.006980
11,112,0.050585
11,113,0.194994
11,114,0.197990
11,115,0.114689
11,116,0.146682
11,117,0.029137
12,1,0.305201
12,2,0.364350
12,3,0.281174
12,4,0.506406
12,5,0.652607
12,6,0.614248
12,7,0.422694
12,8,0.382448
12,9,0.480567
12,10,0.631583
12,11,0.828895
12,12,1.000000
12,13,0.820279
12,14,0.148187
12,15,0.185187
12,16,0.158138
12,17,0.046719
12,18,-0.006944
12,19,0.113170
12,20,0.100336
12,21,0.121181
12,22,0.064535
12,23,0.121600
12,24,0.226212
12,25,0.435510
12,26,0.519700
12,27,0.587489
12,28,0.745303
12,29,0.622023
12,30,0.513460
12,31,0.343491
12,32,0.339891
12,33,0.255826
12,34,0.164190
12,35,0.105951
12,36,0.184262
12,37,0.184591
12,38,0.143733
12,39,0.054366
12,40,0.100456
12,41,0.110738
12,42,0.215364
12,43,0.224363
12,44,0.195471
12,45,0.194895
12,46,0.240482
12,47,0.101659
12,48,0.194095
12,49,0.153140
12,50,0.130452
12,51,0.177867
12,52,0.159147
12,53,0.167362
12,54,0.097259
12,55,0.125595
12,56,0.090053
12,57,0.157830
12,58,0.214683
12,59,0.201371
12,60,0.170710
12,61,0.168540
12,62,0.199081
12,63,0.185845
12,64,0.182159
12,65,0.146636
12,66,0.110670
12,67,0.178140
12,68,0.193413
12,69,0.136675
12,70,0.204472
12,71,0.231220
12,72,0.022245
12,73,0.028425
12,74,0.045806
12,75,0.002697
12,76,0.181606
12,77,0.188563
12,78,0.207988
12,79,0.174458
12,80,0.178864
12,81,0.118803
12,82,0.124957
12,83,0.085001
12,84,0.073026
12,85,0.097432
12,86,0.056114
12,87,0.055496
12,88,0.105522
12,89,0.098143
12,90,0.030295
12,91,0.078928
12,92,0.072590
12,93,0.052099
12,94,0.044549
12,95,0.069392
12,96,0.068983
12,97,0.103004
12,98,0.065371
12,99,0.004211
12,100,0.001440
12,101,0.010666
12,102,-0.012506
12,103,-0.035896
12,104,-0.017222
12,105,-0.012965
12,106,0.025537
12,107,0.027004
12,108,-0.027728
12,109,0.028933
12,110,0.041464
12,111,0.033092
12,112,0.070357
12,113,0.171898
12,114,0.139236
12,115,0.043915
12,116,0.091174
12,117,-0.012053
13,1,0.259703
13,2,0.294859
13,3,0.212730
13,4,0.473672
13,5,0.549316
13,6,0.527105
13,7,0.354368
13,8,0.335112
13,9,0.377651
13,10,0.492094
13,11,0.635280
13,12,0.820279
13,13,1.000000
13,14,0.124175
13,15,0.171114
13,16,0.132595
13,17,0.028975
13,18,-0.044390
13,19,0.062404
13,20,0.048500
13,21,0.066177
13,22,0.028658
13,23,0.080318
13,24,0.180629
13,25,0.443517
13,26,0.531122
13,27,0.610956
13,28,0.785094
13,29,0.548186
13,30,0.423321
13,31,0.287991
13,32,0.268067
13,33,0.197742
13,34,0.122580
13,35,0.052892
13,36,0.114780
13,37,0.139375
13,38,0.082433
13,39,0.030723
13,40,0.054947
13,41,0.078874
13,42,0.157420
13,43,0.193324
13,44,0.126034
13,45,0.139481
13,46,0.192398
13,47,0.070128
13,48,0.182759
13,49,0.161035
13,50,0.151545
13,51,0.175024
13,52,0.160934
13,53,0.188492
13,54,0.133972
13,55,0.138109
13,56,0.085622
13,57,0.121810
13,58,0.158432
13,59,0.153469
13,60,0.110564
13,61,0.097308
13,62,0.124609
13,63,0.132009
13,64,0.117672
13,65,0.105743
13,66,0.076652
13,67,0.138786
13,68,0.159345
13,69,0.136152
13,70,0.194734
13,71,0.225668
13,72,0.032331
13,73,0.076578
13,74,0.071750
13,75,0.020517
13,76,0.161253
13,77,0.184809
13,78,0.207378
13,79,0.169508
13,80,0.185873
13,81,0.156720
13,82,0.139109
13,83,0.083774
13,84,0.090085
13,85,0.097055
13,86,0.048937
13,87,0.065937
13,88,0.110372
13,89,0.092098
13,90,0.049024
13,91,0.095078
13,92,0.067502
13,93,0.052331
13,94,0.054119
13,95,0.063300
13,96,0.059205
13,97,0.066906
13,98,0.043980
13,99,-0.044928
13,100,-0.039709
13,101,-0.020298
13,102,-0.016022
13,103,-0.054101
13,104,-0.035269
13,105,-0.033367
13,106,0.010474
13,107,0.012869
13,108,-0.039206
13,109,0.024421
13,110,0.033289
13,111,0.055266
13,112,0.079074
13,113,0.144127
13,114,0.092450
13,115,0.015936
13,116,0.064448
13,117,-0.048644
14,1,0.099147
14,2,0.131220
14,3,0.188338
14,4,0.136914
14,5,0.138877
14,6,0.129128
14,7,0.106366
14,8,0.147582
14,9,0.160903
14,10,0.157728
14,11,0.153300
14,12,0.148187
14,13,0.124175
14,14,1.000000
14,15,0.647746
14,16,0.550265
14,17,0.422471
14,18,0.159212
14,19,0.153573
14,20,0.164181
14,21,0.165152
14,22,0.110259
14,23,0.123574
14,24,0.119427
14,25,0.162414
14,26,0.206790
14,27,0.193829
14,28,0.150450
14,29,0.162423
14,30,0.152952
14,31,0.154420
14,32,0.135900
14,33,0.139784
14,34,0.138283
14,35,0.128204
14,36,0.204289
14,37,0.160294
14,38,0.138373
14,39,0.086887
14,40,0.152277
14,41,0.159339
14,42,0.185316
14,43,0.155271
14,44,0.223257
14,45,0.187160
14,46,0.187624
14,47,0.113409
14,48,0.102291
14,49,0.152612
14,50,0.117996
14,51,0.137845
14,52,0.185068
14,53,0.146008
14,54,0.121065
14,55,0.096979
14,56,0.110184
14,57,0.099776
14,58,0.133174
14,59,0.152832
14,60,0.162645
14,61,0.182419
14,62,0.211076
14,63,0.219510
14,64,0.192071
14,65,0.179084
14,66,0.124273
14,67,0.132401
14,68,0.142946
14,69,0.098664
14,70,0.212756
14,71,0.193609
14,72,0.160668
14,73,0.094274
14,74,0.036661
14,75,0.129930
14,76,0.202967
14,77,0.208450
14,78,0.208327
14,79,0.176135
14,80,0.123884
14,81,0.076719
14,82,0.058036
14,83,0.020239
14,84,0.011097
14,85,0.003163
14,86,0.010712
14,87,0.022143
14,88,0.065918
14,89,0.084412
14,90,0.064961
14,91,0.082354
14,92,0.096213
14,93,0.115315
14,94,0.130429
14,95,0.117054
14,96,0.101350
14,97,0.117845
14,98,0.101425
14,99,0.072974
14,100,0.100428
14,101,0.058324
14,102,0.065420
14,103,0.032886
14,104,0.105609
14,105,0.121685
14,106,0.084856
14,107,0.074718
14,108,0.045565
14,109,0.095129
14,110,0.061299
14,111,0.036061
14,112,0.038946
14,113,0.086801
14,114,0.152662
14,115,0.097711
14,116,0.091823
14,117,0.074661
15,1,0.139588
15,2,0.182246
15,3,0.234188
15,4,0.142935
15,5,0.137497
15,6,0.119837
15,7,0.113201
15,8,0.137595
15,9,0.160228
15,10,0.189734
15,11,0.191743
15,12,0.185187
15,13,0.171114
15,14,0.647746
15,15,1.000000
15,16,0.502884
15,17,0.468529
15,18,0.125728
15,19,0.146467
15,20,0.150376
15,21,0.161808
15,22,0.101171
15,23,0.137771
15,24,0.184647
15,25,0.226198
15,26,0.282889
15,27,0.265489
15,28,0.205450
15,29,0.223802
15,30,0.206547
15,31,0.147346
15,32,0.141614
15,33,0.131537
15,34,0.147599
15,35,0.128957
15,36,0.171041
15,37,0.170377
15,38,0.150717
15,39,0.095305
15,40,0.132343
15,41,0.153096
15,42,0.199212
15,43,0.174052
15,44,0.204173
15,45,0.184932
15,46,0.189910
15,47,0.086928
15,48,0.094020
15,49,0.133983
15,50,0.106017
15,51,0.121517
15,52,0.121579
15,53,0.083444
15,54,0.063961
15,55,0.059290
15,56,0.072865
15,57,0.116706
15,58,0.154514
15,59,0.144419
15,60,0.165172
15,61,0.188207
15,62,0.208642
15,63,0.230320
15,64,0.198063
15,65,0.187241
15,66,0.136028
15,67,0.143240
15,68,0.135611
15,69,0.107648
15,70,0.196510
15,71,0.127590
15,72,0.183579
15,73,0.140410
15,74,0.074842
15,75,0.062993
15,76,0.186942
15,77,0.156580
15,78,0.129544
15,79,0.092384
15,80,0.091226
15,81,0.070856
15,82,0.072420
15,83,0.035193
15,84,0.042031
15,85,0.052012
15,86,0.034992
15,87,0.025807
15,88,0.084119
15,89,0.081648
15,90,0.047312
15,91,0.088721
15,92,0.099706
15,93,0.089109
15,94,0.084933
15,95,0.103297
15,96,0.098664
15,97,0.121798
15,98,0.096974
15,99,0.064045
15,100,0.098368
15,101,0.062233
15,102,0.084320
15,103,0.046192
15,104,0.101934
15,105,0.102324
15,106,0.097181
15,107,0.082211
15,108,0.050852
15,109,0.096614
15,110,0.104892
15,111,0.055774
15,112,0.043291
15,113,0.113895
15,114,0.124281
15,115,0.062021
15,116,0.062757
15,117,0.013399
16,1,0.113398
16,2,0.151939
16,3,0.184298
16,4,0.159253
16,5,0.133879
16,6,0.119737
16,7,0.126526
16,8,0.154490
16,9,0.171232
16,10,0.172922
16,11,0.165730
16,12,0.158138
16,13,0.132595
16,14,0.550265
16,15,0.502884
16,16,1.000000
16,17,0.673345
16,18,0.218122
16,19,0.159043
16,20,0.159615
16,21,0.160909
16,22,0.109814
16,23,0.149876
16,24,0.177909
16,25,0.177655
16,26,0.186237
16,27,0.186161
16,28,0.142053
16,29,0.174891
16,30,0.187860
16,31,0.158132
16,32,0.164008
16,33,0.155373
16,34,0.140253
16,35,0.156455
16,36,0.185137
16,37,0.175862
16,38,0.147725
16,39,0.054330
16,40,0.120532
16,41,0.137023
16,42,0.167269
16,43,0.122024
16,44,0.183960
16,45,0.160888
16,46,0.146352
16,47,0.067123
16,48,0.086874
16,49,0.142287
16,50,0.133619
16,51,0.132770
16,52,0.154971
16,53,0.140069
16,54,0.105305
16,55,0.073455
16,56,0.067140
16,57,0.109649
16,58,0.151193
16,59,0.165066
16,60,0.172028
16,61,0.183234
16,62,0.211148
16,63,0.219028
16,64,0.185034
16,65,0.180518
16,66,0.112387
16,67,0.136969
16,68,0.152942
16,69,0.137752
16,70,0.226519
16,71,0.148115
16,72,0.081652
16,73,0.032995
16,74,0.011459
16,75,0.004746
16,76,0.142815
16,77,0.100451
16,78,0.089074
16,79,0.071208
16,80,0.126999
16,81,0.050586
16,82,0.035967
16,83,-0.007166
16,84,0.000984
16,85,0.026835
16,86,0.025055
16,87,0.014957
16,88,0.081577
16,89,0.126566
16,90,0.096935
16,91,0.109648
16,92,0.133724
16,93,0.150485
16,94,0.149048
16,95,0.112933
16,96,0.105395
16,97,0.124644
16,98,0.117210
16,99,0.058224
16,100,0.090649
16,101,0.071639
16,102,0.113816
16,103,0.096314
16,104,0.165408
16,105,0.155848
16,106,0.097712
16,107,0.077544
16,108,0.039471
16,109,0.073120
16,110,0.053399
16,111,-0.010519
16,112,-0.010583
16,113,0.058355
16,114,0.066621
16,115,0.016269
16,116,0.007786
16,117,-0.012490
17,1,0.039103
17,2,0.077298
17,3,0.159120
17,4,0.098558
17,5,0.026186
17,6,0.012041
17,7,0.035340
17,8,0.070128
17,9,0.084688
17,10,0.069164
17,11,0.064911
17,12,0.046719
17,13,0.028975
17,14,0.422471
17,15,0.468529
17,16,0.673345
17,17,1.000000
17,18,0.307417
17,19,0.169204
17,20,0.142687
17,21,0.133509
17,22,0.117139
17,23,0.145769
17,24,0.198994
17,25,0.110141
17,26,0.100911
17,27,0.087265
17,28,0.026270
17,29,0.099469
17,30,0.109831
17,31,0.106596
17,32,0.092419
17,33,0.096656
17,34,0.105040
17,35,0.122481
17,36,0.131756
17,37,0.126423
17,38,0.112897
17,39,0.073798
17,40,0.137019
17,41,0.143256
17,42,0.112389
17,43,0.073221
17,44,0.149905
17,45,0.124643
17,46,0.128978
17,47,0.083710
17,48,0.085218
17,49,0.145577
17,50,0.155003
17,51,0.142553
17,52,0.183371
17,53,0.155411
17,54,0.145695
17,55,0.098321
17,56,0.057422
17,57,0.063473
17,58,0.095599
17,59,0.094164
17,60,0.098707
17,61,0.111339
17,62,0.135731
17,63,0.180919
17,64,0.139733
17,65,0.137588
17,66,0.084057
17,67,0.096826
17,68,0.134997
17,69,0.140340
17,70,0.216897
17,71,0.100820
17,72,0.100269
17,73,0.032448
17,74,-0.004172
17,75,0.045338
17,76,0.099565
17,77,0.106711
17,78,0.069076
17,79,0.041797
17,80,0.097534
17,81,0.068581
17,82,0.051846
17,83,-0.011631
17,84,-0.014177
17,85,0.006799
17,86,0.014464
17,87,0.002679
17,88,0.062132
17,89,0.124217
17,90,0.093632
17,91,0.102272
17,92,0.144708
17,93,0.161787
17,94,0.156755
17,95,0.142586
17,96,0.108646
17,97,0.135748
17,98,0.139870
17,99,0.102125
17,100,0.140102
17,101,0.116706
17,102,0.150118
17,103,0.113837
17,104,0.187854
17,105,0.179635
17,106,0.110459
17,107,0.082954
17,108,0.053348
17,109,0.086882
17,110,0.071182
17,111,0.002326
17,112,-0.004343
17,113,0.108717
17,114,0.116958
17,115,0.078443
17,116,0.090849
17,117,0.061343
18,1,-0.104240
18,2,-0.084098
18,3,0.040133
18,4,0.052984
18,5,-0.030977
18,6,-0.057549
18,7,-0.023854
18,8,0.004201
18,9,0.000426
18,10,-0.003270
18,11,0.036027
18,12,-0.006944
18,13,-0.044390
18,14,0.159212
18,15,0.125728
18,16,0.218122
18,17,0.307417
18,18,1.000000
18,19,0.399783
18,20,0.243795
18,21,0.170767
18,22,0.167906
18,23,0.098380
18,24,0.029209
18,25,-0.010170
18,26,-0.028122
18,27,-0.034655
18,28,-0.057390
18,29,0.002224
18,30,0.016002
18,31,0.050358
18,32,0.031126
18,33,0.030719
18,34,0.063233
18,35,0.122679
18,36,0.095068
18,37,0.053352
18,38,0.052633
18,39,0.065151
18,40,0.059216
18,41,0.057392
18,42,0.043904
18,43,-0.018321
18,44,0.110567
18,45,0.063300
18,46,0.055751
18,47,0.133446
18,48,0.054223
18,49,0.228212
18,50,0.203439
18,51,0.184124
18,52,0.219455
18,53,0.122894
18,54,0.080888
18,55,0.034724
18,56,0.017131
18,57,0.015583
18,58,0.042489
18,59,0.012861
18,60,0.056296
18,61,0.064338
18,62,0.091981
18,63,0.107012
18,64,0.109375
18,65,0.113304
18,66,0.073049
18,67,0.047808
18,68,0.042239
18,69,0.017187
18,70,0.027996
18,71,0.034135
18,72,0.063072
18,73,0.014652
18,74,0.020267
18,75,0.080500
18,76,0.049617
18,77,0.147839
18,78,0.073680
18,79,0.059228
18,80,0.070331
18,81,0.045077
18,82,0.031568
18,83,0.013798
18,84,-0.022033
18,85,-0.021816
18,86,0.016524
18,87,0.019714
18,88,0.002050
18,89,0.039803
18,90,0.055613
18,91,0.037129
18,92,0.043051
18,93,0.062120
18,94,0.090795
18,95,0.076752
18,96,0.040017
18,97,0.080025
18,98,0.099141
18,99,0.040639
18,100,0.070451
18,101,0.077984
18,102,0.099797
18,103,0.131454
18,104,0.147295
18,105,0.146132
18,106,0.026511
18,107,-0.003007
18,108,0.023939
18,109,0.037130
18,110,0.019570
18,111,-0.032055
18,112,-0.018363
18,113,-0.001568
18,114,0.025325
18,115,0.018498
18,116,0.043596
18,117,0.042798
19,1,0.103586
19,2,0.145049
19,3,0.198338
19,4,0.135780
19,5,0.068308
19,6,0.038049
19,7,0.086293
19,8,0.127321
19,9,0.145522
19,10,0.149986
19,11,0.178951
19,12,0.113170
19,13,0.062404
19,14,0.153573
19,15,0.146467
19,16,0.159043
19,17,0.169204
19,18,0.399783
19,19,1.000000
19,20,0.710085
19,21,0.587602
19,22,0.481431
19,23,0.380671
19,24,0.154839
19,25,0.092343
19,26,0.100299
19,27,0.087860
19,28,0.082887
19,29,0.145167
19,30,0.160419
19,31,0.220528
19,32,0.209131
19,33,0.202107
19,34,0.207346
19,35,0.244528
19,36,0.290611
19,37,0.232693
19,38,0.231401
19,39,0.089910
19,40,0.105877
19,41,0.117840
19,42,0.211156
19,43,0.115907
19,44,0.328835
19,45,0.204899
19,46,0.249624
19,47,0.284257
19,48,0.197419
19,49,0.448390
19,50,0.358926
19,51,0.379476
19,52,0.281113
19,53,0.198757
19,54,0.139022
19,55,0.146271
19,56,0.085872
19,57,0.148451
19,58,0.194092
19,59,0.163547
19,60,0.228971
19,61,0.309413
19,62,0.332259
19,63,0.318763
19,64,0.385552
19,65,0.407098
19,66,0.283589
19,67,0.274365
19,68,0.192766
19,69,0.096270
19,70,0.049380
19,71,0.033828
19,72,0.034305
19,73,0.005484
19,74,0.026442
19,75,0.113425
19,76,0.146840
19,77,0.240976
19,78,0.206817
19,79,0.180548
19,80,0.167360
19,81,0.092593
19,82,0.087962
19,83,0.093635
19,84,0.051892
19,85,0.008402
19,86,0.035517
19,87,0.077166
19,88,0.053087
19,89,0.041188
19,90,0.081046
19,91,0.109816
19,92,0.117929
19,93,0.093801
19,94,0.092769
19,95,0.115377
19,96,0.143379
19,97,0.187831
19,98,0.147926
19,99,0.029200
19,100,0.079936
19,101,0.109213
19,102,0.097772
19,103,0.171358
19,104,0.176204
19,105,0.180955
19,106,0.087545
19,107,0.080611
19,108,0.083534
19,109,0.061525
19,110,0.075608
19,111,0.032986
19,112,0.059707
19,113,0.154192
19,114,0.174434
19,115,0.135814
19,116,0.171248
19,117,0.097754
20,1,0.137422
20,2,0.188389
20,3,0.254192
20,4,0.163824
20,5,0.084683
20,6,0.036524
20,7,0.064436
20,8,0.106191
20,9,0.136817
20,10,0.136080
20,11,0.161418
20,12,0.100336
20,13,0.048500
20,14,0.164181
20,15,0.150376
20,16,0.159615
20,17,0.142687
20,18,0.243795
20,19,0.710085
20,20,1.000000
20,21,0.716660
20,22,0.539923
20,23,0.459475
20,24,0.108440
20,25,0.052529
20,26,0.087343
20,27,0.077303
20,28,0.071445
20,29,0.111542
20,30,0.129514
20,31,0.194851
20,32,0.206161
20,33,0.237071
20,34,0.261970
20,35,0.291701
20,36,0.397546
20,37,0.321211
20,38,0.332530
20,39,0.065236
20,40,0.109266
20,41,0.120947
20,42,0.292897
20,43,0.177661
20,44,0.425774
20,45,0.271733
20,46,0.299432
20,47,0.348218
20,48,0.187046
20,49,0.437378
20,50,0.303244
20,51,0.334478
20,52,0.230637
20,53,0.159896
20,54,0.090486
20,55,0.144906
20,56,0.131925
20,57,0.230329
20,58,0.281311
20,59,0.263414
20,60,0.354479
20,61,0.443807
20,62,0.457997
20,63,0.402801
20,64,0.519427
20,65,0.547938
20,66,0.416291
20,67,0.381615
20,68,0.265525
20,69,0.113883
20,70,0.056707
20,71,0.035993
20,72,0.049693
20,73,-0.000099
20,74,0.014080
20,75,0.089636
20,76,0.167193
20,77,0.229887
20,78,0.199777
20,79,0.184523
20,80,0.158359
20,81,0.074779
20,82,0.078158
20,83,0.088167
20,84,0.056812
20,85,0.003073
20,86,0.024633
20,87,0.078086
20,88,0.066953
20,89,0.038117
20,90,0.061503
20,91,0.114159
20,92,0.108661
20,93,0.072013
20,94,0.080595
20,95,0.111014
20,96,0.184568
20,97,0.212813
20,98,0.156532
20,99,0.056696
20,100,0.117366
20,101,0.126328
20,102,0.109082
20,103,0.164989
20,104,0.182723
20,105,0.173279
20,106,0.093601
20,107,0.095149
20,108,0.072822
20,109,0.069594
20,110,0.087980
20,111,0.045251
20,112,0.064372
20,113,0.123969
20,114,0.143799
20,115,0.119116
20,116,0.138488
20,117,0.052514
21,1,0.187080
21,2,0.227188
21,3,0.286431
21,4,0.175898
21,5,0.123466
21,6,0.060367
21,7,0.045736
21,8,0.098140
21,9,0.151058
21,10,0.154618
21,11,0.179940
21,12,0.121181
21,13,0.066177
21,14,0.165152
21,15,0.161808
21,16,0.160909
21,17,0.133509
21,18,0.170767
21,19,0.587602
21,20,0.716660
21,21,1.000000
21,22,0.729404
21,23,0.559770
21,24,0.108600
21,25,0.067078
21,26,0.100172
21,27,0.093242
21,28,0.096087
21,29,0.130162
21,30,0.138080
21,31,0.188354
21,32,0.223502
21,33,0.270148
21,34,0.325045
21,35,0.340568
21,36,0.489690
21,37,0.378542
21,38,0.401582
21,39,0.067293
21,40,0.141068
21,41,0.136334
21,42,0.375671
21,43,0.236703
21,44,0.537519
21,45,0.358984
21,46,0.349688
21,47,0.376806
21,48,0.216089
21,49,0.401986
21,50,0.279157
21,51,0.304454
21,52,0.211440
21,53,0.157273
21,54,0.119300
21,55,0.159371
21,56,0.159407
21,57,0.261327
21,58,0.323532
21,59,0.320417
21,60,0.421500
21,61,0.546893
21,62,0.567609
21,63,0.494834
21,64,0.681311
21,65,0.748225
21,66,0.579577
21,67,0.482274
21,68,0.319417
21,69,0.124739
21,70,0.094907
21,71,0.044968
21,72,0.080358
21,73,0.009966
21,74,0.014806
21,75,0.098915
21,76,0.209593
21,77,0.265182
21,78,0.199792
21,79,0.180580
21,80,0.148934
21,81,0.047169
21,82,0.042852
21,83,0.028589
21,84,0.006937
21,85,-0.025493
21,86,-0.001591
21,87,0.072536
21,88,0.055056
21,89,0.015776
21,90,0.043349
21,91,0.100334
21,92,0.085744
21,93,0.051160
21,94,0.072474
21,95,0.106268
21,96,0.224794
21,97,0.267283
21,98,0.199188
21,99,0.102340
21,100,0.172218
21,101,0.169399
21,102,0.146649
21,103,0.180884
21,104,0.194455
21,105,0.206162
21,106,0.148212
21,107,0.151095
21,108,0.103322
21,109,0.065695
21,110,0.114801
21,111,0.059718
21,112,0.066444
21,113,0.157557
21,114,0.177223
21,115,0.142040
21,116,0.165356
21,117,0.084863
22,1,0.151965
22,2,0.160937
22,3,0.178276
22,4,0.120452
22,5,0.080874
22,6,0.022957
22,7,0.012429
22,8,0.053381
22,9,0.096939
22,10,0.084609
22,11,0.113788
22,12,0.064535
22,13,0.028658
22,14,0.110259
22,15,0.101171
22,16,0.109814
22,17,0.117139
22,18,0.167906
22,19,0.481431
22,20,0.539923
22,21,0.729404
22,22,1.000000
22,23,0.678581
22,24,0.104306
22,25,0.006266
22,26,0.021473
22,27,0.011859
22,28,0.024246
22,29,0.048906
22,30,0.057796
22,31,0.152515
22,32,0.161024
22,33,0.190395
22,34,0.178660
22,35,0.232308
22,36,0.316763
22,37,0.232356
22,38,0.275244
22,39,0.043980
22,40,0.096859
22,41,0.085607
22,42,0.219563
22,43,0.114747
22,44,0.332838
22,45,0.215651
22,46,0.201509
22,47,0.268833
22,48,0.131379
22,49,0.256400
22,50,0.188937
22,51,0.192134
22,52,0.128266
22,53,0.092232
22,54,0.089751
22,55,0.128189
22,56,0.136635
22,57,0.174053
22,58,0.209068
22,59,0.230500
22,60,0.300741
22,61,0.377045
22,62,0.357248
22,63,0.292662
22,64,0.451397
22,65,0.579419
22,66,0.548023
22,67,0.478458
22,68,0.285699
22,69,0.146423
22,70,0.062874
22,71,0.051480
22,72,0.064181
22,73,0.014989
22,74,0.004413
22,75,0.064908
22,76,0.109360
22,77,0.148881
22,78,0.097949
22,79,0.100498
22,80,0.072633
22,81,0.030262
22,82,0.037205
22,83,0.042710
22,84,0.021125
22,85,-0.032205
22,86,0.009014
22,87,0.066095
22,88,0.031250
22,89,0.003848
22,90,0.056197
22,91,0.088507
22,92,0.078642
22,93,0.067521
22,94,0.087726
22,95,0.099176
22,96,0.177663
22,97,0.222293
22,98,0.165896
22,99,0.078686
22,100,0.129961
22,101,0.118684
22,102,0.120409
22,103,0.144524
22,104,0.169267
22,105,0.178491
22,106,0.135479
22,107,0.144457
22,108,0.132739
22,109,0.071514
22,110,0.085516
22,111,0.076674
22,112,0.075166
22,113,0.134601
22,114,0.139836
22,115,0.104779
22,116,0.134789
22,117,0.080383
23,1,0.271794
23,2,0.317024
23,3,0.318505
23,4,0.178576
23,5,0.119786
23,6,0.079152
23,7,0.102060
23,8,0.188477
23,9,0.235411
23,10,0.213480
23,11,0.196354
23,12,0.121600
23,13,0.080318
23,14,0.123574
23,15,0.137771
23,16,0.149876
23,17,0.145769
23,18,0.098380
23,19,0.380671
23,20,0.459475
23,21,0.559770
23,22,0.678581
23,23,1.000000
23,24,0.328548
23,25,0.150705
23,26,0.135587
23,27,0.099469
23,28,0.103467
23,29,0.184214
23,30,0.217572
23,31,0.283312
23,32,0.282757
23,33,0.296290
23,34,0.195010
23,35,0.231978
23,36,0.337658
23,37,0.290637
23,38,0.295458
23,39,0.070770
23,40,0.139742
23,41,0.133705
23,42,0.236131
23,43,0.159336
23,44,0.292526
23,45,0.177978
23,46,0.183965
23,47,0.171454
23,48,0.073593
23,49,0.215971
23,50,0.124671
23,51,0.179354
23,52,0.132865
23,53,0.121728
23,54,0.068371
23,55,0.180061
23,56,0.161380
23,57,0.239373
23,58,0.279983
23,59,0.307177
23,60,0.353173
23,61,0.418106
23,62,0.381862
23,63,0.303697
23,64,0.432734
23,65,0.549119
23,66,0.502166
23,67,0.610493
23,68,0.365355
23,69,0.206504
23,70,0.119507
23,71,0.141053
23,72,0.074878
23,73,0.008025
23,74,0.018154
23,75,0.030321
23,76,0.114745
23,77,0.122043
23,78,0.123674
23,79,0.136980
23,80,0.132462
23,81,0.077316
23,82,0.117924
23,83,0.115469
23,84,0.091806
23,85,0.025013
23,86,0.053307
23,87,0.112572
23,88,0.105810
23,89,0.076106
23,90,0.093827
23,91,0.157439
23,92,0.165690
23,93,0.133665
23,94,0.129369
23,95,0.153741
23,96,0.205069
23,97,0.229867
23,98,0.169800
23,99,0.109801
23,100,0.150758
23,101,0.140628
23,102,0.125308
23,103,0.104981
23,104,0.126237
23,105,0.121353
23,106,0.113621
23,107,0.148449
23,108,0.109548
23,109,0.062002
23,110,0.078716
23,111,0.109497
23,112,0.123383
23,113,0.172112
23,114,0.136448
23,115,0.092626
23,116,0.106477
23,117,0.026786
24,1,0.335288
24,2,0.365109
24,3,0.312738
24,4,0.124531
24,5,0.131218
24,6,0.154984
24,7,0.236073
24,8,0.325589
24,9,0.349691
24,10,0.369046
24,11,0.300984
24,12,0.226212
24,13,0.180629
24,14,0.119427
24,15,0.184647
24,16,0.177909
24,17,0.198994
24,18,0.029209
24,19,0.154839
24,20,0.108440
24,21,0.108600
24,22,0.104306
24,23,0.328548
24,24,1.000000
24,25,0.527843
24,26,0.445375
24,27,0.310068
24,28,0.274587
24,29,0.497890
24,30,0.551168
24,31,0.392987
24,32,0.283108
24,33,0.196621
24,34,0.083985
24,35,0.033480
24,36,0.078620
24,37,0.145794
24,38,0.090336
24,39,0.129166
24,40,0.146048
24,41,0.150593
24,42,0.166829
24,43,0.180518
24,44,0.147684
24,45,0.113218
24,46,0.174678
24,47,0.047171
24,48,0.112456
24,49,0.170591
24,50,0.154112
24,51,0.241651
24,52,0.203131
24,53,0.228601
24,54,0.148018
24,55,0.204551
24,56,0.077184
24,57,0.132716
24,58,0.151348
24,59,0.125860
24,60,0.121609
24,61,0.111311
24,62,0.128583
24,63,0.165871
24,64,0.127316
24,65,0.137286
24,66,0.084966
24,67,0.179199
24,68,0.168420
24,69,0.159493
24,70,0.197301
24,71,0.177152
24,72,0.056869
24,73,0.044449
24,74,0.063694
24,75,0.062143
24,76,0.119310
24,77,0.130616
24,78,0.150192
24,79,0.125100
24,80,0.224522
24,81,0.192769
24,82,0.224929
24,83,0.185329
24,84,0.145026
24,85,0.102063
24,86,0.101890
24,87,0.119533
24,88,0.137412
24,89,0.135219
24,90,0.076400
24,91,0.168961
24,92,0.191090
24,93,0.133139
24,94,0.088759
24,95,0.125523
24,96,0.095080
24,97,0.113475
24,98,0.072454
24,99,0.041140
24,100,0.050894
24,101,0.050304
24,102,0.066919
24,103,0.026981
24,104,0.036085
24,105,0.014189
24,106,0.090292
24,107,0.120974
24,108,0.097750
24,109,0.094054
24,110,0.101932
24,111,0.172249
24,112,0.200415
24,113,0.304285
24,114,0.264066
24,115,0.181864
24,116,0.200523
24,117,0.093812
25,1,0.351943
25,2,0.402878
25,3,0.353822
25,4,0.180156
25,5,0.223359
25,6,0.278698
25,7,0.330800
25,8,0.433643
25,9,0.422646
25,10,0.495721
25,11,0.438599
25,12,0.435510
25,13,0.443517
25,14,0.162414
25,15,0.226198
25,16,0.177655
25,17,0.110141
25,18,-0.010170
25,19,0.092343
25,20,0.052529
25,21,0.067078
25,22,0.006266
25,23,0.150705
25,24,0.527843
25,25,1.000000
25,26,0.860361
25,27,0.699991
25,28,0.600943
25,29,0.716818
25,30,0.729128
25,31,0.439100
25,32,0.313078
25,33,0.215560
25,34,0.148409
25,35,0.046940
25,36,0.120412
25,37,0.222813
25,38,0.118063
25,39,0.098743
25,40,0.142429
25,41,0.188696
25,42,0.223522
25,43,0.247439
25,44,0.187798
25,45,0.149005
25,46,0.239779
25,47,0.023052
25,48,0.222185
25,49,0.207269
25,50,0.236457
25,51,0.303028
25,52,0.286263
25,53,0.323517
25,54,0.216678
25,55,0.258149
25,56,0.128611
25,57,0.195855
25,58,0.216793
25,59,0.203039
25,60,0.159881
25,61,0.131412
25,62,0.165348
25,63,0.212007
25,64,0.123099
25,65,0.100652
25,66,0.048252
25,67,0.146139
25,68,0.151532
25,69,0.136422
25,70,0.245300
25,71,0.260334
25,72,0.036237
25,73,0.071032
25,74,0.079927
25,75,0.071797
25,76,0.198590
25,77,0.217920
25,78,0.266896
25,79,0.226811
25,80,0.304573
25,81,0.252882
25,82,0.259757
25,83,0.214840
25,84,0.201107
25,85,0.158779
25,86,0.103734
25,87,0.141431
25,88,0.199077
25,89,0.178210
25,90,0.094408
25,91,0.199926
25,92,0.194764
25,93,0.140322
25,94,0.090749
25,95,0.129687
25,96,0.096814
25,97,0.077883
25,98,0.029586
25,99,-0.047848
25,100,-0.040936
25,101,-0.026047
25,102,0.003946
25,103,-0.004496
25,104,0.020232
25,105,0.018101
25,106,0.080691
25,107,0.100166
25,108,0.034379
25,109,0.119791
25,110,0.099599
25,111,0.144427
25,112,0.181148
25,113,0.266704
25,114,0.218105
25,115,0.128317
25,116,0.139282
25,117,0.043409
26,1,0.353827
26,2,0.419641
26,3,0.373793
26,4,0.216238
26,5,0.269721
26,6,0.304173
26,7,0.318806
26,8,0.375734
26,9,0.388691
26,10,0.498256
26,11,0.496957
26,12,0.519700
26,13,0.531122
26,14,0.206790
26,15,0.282889
26,16,0.186237
26,17,0.100911
26,18,-0.028122
26,19,0.100299
26,20,0.087343
26,21,0.100172
26,22,0.021473
26,23,0.135587
26,24,0.445375
26,25,0.860361
26,26,1.000000
26,27,0.846073
26,28,0.703041
26,29,0.751680
26,30,0.672008
26,31,0.402852
26,32,0.292832
26,33,0.212280
26,34,0.163613
26,35,0.073973
26,36,0.157018
26,37,0.238053
26,38,0.138603
26,39,0.103882
26,40,0.159956
26,41,0.198761
26,42,0.273613
26,43,0.290350
26,44,0.244000
26,45,0.204144
26,46,0.284206
26,47,0.062730
26,48,0.236579
26,49,0.219198
26,50,0.229093
26,51,0.300211
26,52,0.280881
26,53,0.299635
26,54,0.188902
26,55,0.227431
26,56,0.139097
26,57,0.190444
26,58,0.219221
26,59,0.215783
26,60,0.188160
26,61,0.160481
26,62,0.204402
26,63,0.249645
26,64,0.166114
26,65,0.131816
26,66,0.078224
26,67,0.170404
26,68,0.157921
26,69,0.133965
26,70,0.268857
26,71,0.288021
26,72,0.030645
26,73,0.052459
26,74,0.052704
26,75,0.045843
26,76,0.245476
26,77,0.239243
26,78,0.275330
26,79,0.225105
26,80,0.293646
26,81,0.225104
26,82,0.226553
26,83,0.178704
26,84,0.171607
26,85,0.138745
26,86,0.087513
26,87,0.128132
26,88,0.206733
26,89,0.184060
26,90,0.095707
26,91,0.199886
26,92,0.185215
26,93,0.120984
26,94,0.083443
26,95,0.125757
26,96,0.108047
26,97,0.091242
26,98,0.041185
26,99,-0.054091
26,100,-0.044188
26,101,-0.027717
26,102,0.005488
26,103,-0.013822
26,104,0.021998
26,105,0.013475
26,106,0.080832
26,107,0.090444
26,108,0.013074
26,109,0.102062
26,110,0.097668
26,111,0.144023
26,112,0.182037
26,113,0.257375
26,114,0.215984
26,115,0.114248
26,116,0.127971
26,117,0.026289
27,1,0.341278
27,2,0.406753
27,3,0.342777
27,4,0.214956
27,5,0.314037
27,6,0.341705
27,7,0.360213
27,8,0.366558
27,9,0.359538
27,10,0.475911
27,11,0.512321
27,12,0.587489
27,13,0.610956
27,14,0.193829
27,15,0.265489
27,16,0.186161
27,17,0.087265
27,18,-0.034655
27,19,0.087860
27,20,0.077303
27,21,0.093242
27,22,0.011859
27,23,0.099469
27,24,0.310068
27,25,0.699991
27,26,0.846073
27,27,1.000000
27,28,0.802193
27,29,0.664750
27,30,0.575629
27,31,0.339438
27,32,0.276346
27,33,0.213267
27,34,0.160994
27,35,0.087687
27,36,0.168655
27,37,0.225582
27,38,0.142430
27,39,0.084768
27,40,0.148723
27,41,0.197488
27,42,0.272135
27,43,0.280814
27,44,0.243053
27,45,0.200873
27,46,0.270766
27,47,0.070133
27,48,0.229100
27,49,0.202016
27,50,0.213146
27,51,0.264709
27,52,0.234376
27,53,0.265361
27,54,0.170572
27,55,0.193106
27,56,0.128358
27,57,0.178560
27,58,0.216421
27,59,0.219134
27,60,0.183943
27,61,0.173543
27,62,0.211662
27,63,0.241437
27,64,0.174665
27,65,0.128286
27,66,0.080908
27,67,0.166708
27,68,0.160911
27,69,0.139600
27,70,0.262484
27,71,0.280289
27,72,0.003644
27,73,0.058784
27,74,0.062234
27,75,0.025372
27,76,0.273437
27,77,0.232240
27,78,0.266170
27,79,0.221189
27,80,0.276746
27,81,0.194486
27,82,0.185027
27,83,0.144140
27,84,0.140139
27,85,0.123939
27,86,0.072889
27,87,0.096217
27,88,0.184231
27,89,0.166895
27,90,0.092518
27,91,0.184360
27,92,0.175826
27,93,0.126678
27,94,0.085437
27,95,0.126138
27,96,0.107677
27,97,0.092517
27,98,0.038235
27,99,-0.073325
27,100,-0.062559
27,101,-0.049502
27,102,-0.013421
27,103,-0.016803
27,104,0.004390
27,105,0.016942
27,106,0.076693
27,107,0.078345
27,108,-0.006297
27,109,0.089701
27,110,0.085089
27,111,0.087405
27,112,0.126635
27,113,0.201521
27,114,0.169708
27,115,0.063892
27,116,0.079153
27,117,-0.008504
28,1,0.357459
28,2,0.396934
28,3,0.292544
28,4,0.313688
28,5,0.412354
28,6,0.418657
28,7,0.363343
28,8,0.368186
28,9,0.386797
28,10,0.515863
28,11,0.613519
28,12,0.745303
28,13,0.785094
28,14,0.150450
28,15,0.205450
28,16,0.142053
28,17,0.026270
28,18,-0.057390
28,19,0.082887
28,20,0.071445
28,21,0.096087
28,22,0.024246
28,23,0.103467
28,24,0.274587
28,25,0.600943
28,26,0.703041
28,27,0.802193
28,28,1.000000
28,29,0.686574
28,30,0.557824
28,31,0.345633
28,32,0.296721
28,33,0.220397
28,34,0.163133
28,35,0.064107
28,36,0.167532
28,37,0.204069
28,38,0.124684
28,39,0.061261
28,40,0.109183
28,41,0.146690
28,42,0.231125
28,43,0.251688
28,44,0.204532
28,45,0.177629
28,46,0.243660
28,47,0.078378
28,48,0.216814
28,49,0.198041
28,50,0.191203
28,51,0.237491
28,52,0.220123
28,53,0.249190
28,54,0.166280
28,55,0.209285
28,56,0.128526
28,57,0.167019
28,58,0.202385
28,59,0.196892
28,60,0.156971
28,61,0.150213
28,62,0.191182
28,63,0.215913
28,64,0.164290
28,65,0.132113
28,66,0.087305
28,67,0.170166
28,68,0.182571
28,69,0.159480
28,70,0.246619
28,71,0.312093
28,72,0.046085
28,73,0.060539
28,74,0.072219
28,75,0.021164
28,76,0.232106
28,77,0.220238
28,78,0.258861
28,79,0.224379
28,80,0.267798
28,81,0.199038
28,82,0.178558
28,83,0.139268
28,84,0.127949
28,85,0.112719
28,86,0.065511
28,87,0.096633
28,88,0.167540
28,89,0.140950
28,90,0.080273
28,91,0.160268
28,92,0.142674
28,93,0.099039
28,94,0.063771
28,95,0.096065
28,96,0.098406
28,97,0.085675
28,98,0.024554
28,99,-0.068265
28,100,-0.065313
28,101,-0.032221
28,102,-0.030591
28,103,-0.039552
28,104,-0.022014
28,105,-0.013874
28,106,0.040552
28,107,0.037698
28,108,-0.032782
28,109,0.053891
28,110,0.070667
28,111,0.102304
28,112,0.140940
28,113,0.204729
28,114,0.152800
28,115,0.061057
28,116,0.081962
28,117,-0.021060
29,1,0.438091
29,2,0.500564
29,3,0.418691
29,4,0.286912
29,5,0.381882
29,6,0.409551
29,7,0.371086
29,8,0.440304
29,9,0.520665
29,10,0.664160
29,11,0.687320
29,12,0.622023
29,13,0.548186
29,14,0.162423
29,15,0.223802
29,16,0.174891
29,17,0.099469
29,18,0.002224
29,19,0.145167
29,20,0.111542
29,21,0.130162
29,22,0.048906
29,23,0.184214
29,24,0.497890
29,25,0.716818
29,26,0.751680
29,27,0.664750
29,28,0.686574
29,29,1.000000
29,30,0.853329
29,31,0.488011
29,32,0.397517
29,33,0.283960
29,34,0.205743
29,35,0.106755
29,36,0.192917
29,37,0.267948
29,38,0.185993
29,39,0.130152
29,40,0.192015
29,41,0.210695
29,42,0.274792
29,43,0.294369
29,44,0.270407
29,45,0.210190
29,46,0.307249
29,47,0.087757
29,48,0.240009
29,49,0.235155
29,50,0.232369
29,51,0.320923
29,52,0.299719
29,53,0.315200
29,54,0.189205
29,55,0.261055
29,56,0.113175
29,57,0.207725
29,58,0.256980
29,59,0.247305
29,60,0.210705
29,61,0.195855
29,62,0.239473
29,63,0.277287
29,64,0.209178
29,65,0.168162
29,66,0.092934
29,67,0.211516
29,68,0.216984
29,69,0.164896
29,70,0.288074
29,71,0.326742
29,72,0.085254
29,73,0.060045
29,74,0.098725
29,75,0.079172
29,76,0.212101
29,77,0.228130
29,78,0.277970
29,79,0.226095
29,80,0.297888
29,81,0.214291
29,82,0.235692
29,83,0.194407
29,84,0.170535
29,85,0.156886
29,86,0.102218
29,87,0.123579
29,88,0.185197
29,89,0.182324
29,90,0.076529
29,91,0.165949
29,92,0.172567
29,93,0.117688
29,94,0.070021
29,95,0.115808
29,96,0.078202
29,97,0.090152
29,98,0.053089
29,99,0.001206
29,100,0.004896
29,101,0.026090
29,102,0.028844
29,103,-0.006781
29,104,0.011463
29,105,-0.005089
29,106,0.073887
29,107,0.107364
29,108,0.037373
29,109,0.106692
29,110,0.114717
29,111,0.131953
29,112,0.182471
29,113,0.325313
29,114,0.283362
29,115,0.170884
29,116,0.186676
29,117,0.071705
30,1,0.448190
30,2,0.520044
30,3,0.417895
30,4,0.263822
30,5,0.365204
30,6,0.424452
30,7,0.462182
30,8,0.571865
30,9,0.639305
30,10,0.723108
30,11,0.620481
30,12,0.513460
30,13,0.423321
30,14,0.152952
30,15,0.206547
30,16,0.187860
30,17,0.109831
30,18,0.016002
30,19,0.160419
30,20,0.129514
30,21,0.138080
30,22,0.057796
30,23,0.217572
30,24,0.551168
30,25,0.729128
30,26,0.672008
30,27,0.575629
30,28,0.557824
30,29,0.853329
30,30,1.000000
30,31,0.570248
30,32,0.472575
30,33,0.333448
30,34,0.208854
30,35,0.116755
30,36,0.187139
30,37,0.267024
30,38,0.180860
30,39,0.114224
30,40,0.154824
30,41,0.179364
30,42,0.260798
30,43,0.274175
30,44,0.239385
30,45,0.174888
30,46,0.278282
30,47,0.054645
30,48,0.208861
30,49,0.222410
30,50,0.218051
30,51,0.313243
30,52,0.295234
30,53,0.310636
30,54,0.169875
30,55,0.241891
30,56,0.103391
30,57,0.217214
30,58,0.262254
30,59,0.245383
30,60,0.205043
30,61,0.198264
30,62,0.237805
30,63,0.255845
30,64,0.199949
30,65,0.168036
30,66,0.093201
30,67,0.222448
30,68,0.204935
30,69,0.146044
30,70,0.259375
30,71,0.270584
30,72,0.073354
30,73,0.063540
30,74,0.104098
30,75,0.070590
30,76,0.209006
30,77,0.217883
30,78,0.269316
30,79,0.241195
30,80,0.304851
30,81,0.200874
30,82,0.240850
30,83,0.203162
30,84,0.175842
30,85,0.166776
30,86,0.116347
30,87,0.122728
30,88,0.178381
30,89,0.196980
30,90,0.079582
30,91,0.163551
30,92,0.174167
30,93,0.119233
30,94,0.065468
30,95,0.107534
30,96,0.065501
30,97,0.072589
30,98,0.039955
30,99,-0.003871
30,100,-0.003835
30,101,0.012202
30,102,0.013800
30,103,0.008939
30,104,0.009158
30,105,-0.004243
30,106,0.075252
30,107,0.121539
30,108,0.056158
30,109,0.113248
30,110,0.111971
30,111,0.111032
30,112,0.153023
30,113,0.306380
30,114,0.253613
30,115,0.142355
30,116,0.159768
30,117,0.045194
31,1,0.384261
31,2,0.411343
31,3,0.354368
31,4,0.228194
31,5,0.341825
31,6,0.387694
31,7,0.414202
31,8,0.578448
31,9,0.612860
31,10,0.522128
31,11,0.424141
31,12,0.343491
31,13,0.287991
31,14,0.154420
31,15,0.147346
31,16,0.158132
31,17,0.106596
31,18,0.050358
31,19,0.220528
31,20,0.194851
31,21,0.188354
31,22,0.152515
31,23,0.283312
31,24,0.392987
31,25,0.439100
31,26,0.402852
31,27,0.339438
31,28,0.345633
31,29,0.488011
31,30,0.570248
31,31,1.000000
31,32,0.780624
31,33,0.492873
31,34,0.172532
31,35,0.109441
31,36,0.190376
31,37,0.263714
31,38,0.196468
31,39,0.120914
31,40,0.125832
31,41,0.150172
31,42,0.215639
31,43,0.211284
31,44,0.202910
31,45,0.152800
31,46,0.225351
31,47,0.068434
31,48,0.180062
31,49,0.237719
31,50,0.218880
31,51,0.294413
31,52,0.256958
31,53,0.267639
31,54,0.169543
31,55,0.246001
31,56,0.124166
31,57,0.205640
31,58,0.244603
31,59,0.219079
31,60,0.194911
31,61,0.217435
31,62,0.240391
31,63,0.229009
31,64,0.223772
31,65,0.210628
31,66,0.146233
31,67,0.238731
31,68,0.196920
31,69,0.160155
31,70,0.206459
31,71,0.157692
31,72,0.050300
31,73,0.029746
31,74,0.063433
31,75,0.094971
31,76,0.182480
31,77,0.216560
31,78,0.244092
31,79,0.228857
31,80,0.258957
31,81,0.179587
31,82,0.174646
31,83,0.142425
31,84,0.099153
31,85,0.076808
31,86,0.064600
31,87,0.077692
31,88,0.123968
31,89,0.135507
31,90,0.072463
31,91,0.140641
31,92,0.164945
31,93,0.124354
31,94,0.092817
31,95,0.128507
31,96,0.114448
31,97,0.114700
31,98,0.068592
31,99,0.020556
31,100,0.025575
31,101,0.028526
31,102,0.029960
31,103,0.035837
31,104,0.026154
31,105,0.036193
31,106,0.089007
31,107,0.110236
31,108,0.051590
31,109,0.061714
31,110,0.078415
31,111,0.079517
31,112,0.101133
31,113,0.220786
31,114,0.218646
31,115,0.140898
31,116,0.163030
31,117,0.047470
32,1,0.413702
32,2,0.451757
32,3,0.380412
32,4,0.265691
32,5,0.400485
32,6,0.450628
32,7,0.471130
32,8,0.573157
32,9,0.623565
32,10,0.541937
32,11,0.434871
32,12,0.339891
32,13,0.268067
32,14,0.135900
32,15,0.141614
32,16,0.164008
32,17,0.092419
32,18,0.031126
32,19,0.209131
32,20,0.206161
32,21,0.223502
32,22,0.161024
32,23,0.282757
32,24,0.283108
32,25,0.313078
32,26,0.292832
32,27,0.276346
32,28,0.296721
32,29,0.397517
32,30,0.472575
32,31,0.780624
32,32,1.000000
32,33,0.679398
32,34,0.235045
32,35,0.192938
32,36,0.280609
32,37,0.297127
32,38,0.228100
32,39,0.080003
32,40,0.099311
32,41,0.122822
32,42,0.199322
32,43,0.181803
32,44,0.217496
32,45,0.164606
32,46,0.212894
32,47,0.071304
32,48,0.132165
32,49,0.202177
32,50,0.168354
32,51,0.245879
32,52,0.212301
32,53,0.207203
32,54,0.102612
32,55,0.186452
32,56,0.107528
32,57,0.205277
32,58,0.270897
32,59,0.254121
32,60,0.251692
32,61,0.298691
32,62,0.315339
32,63,0.271438
32,64,0.286272
32,65,0.260336
32,66,0.180031
32,67,0.275574
32,68,0.217390
32,69,0.162777
32,70,0.187225
32,71,0.122466
32,72,0.014925
32,73,-0.009611
32,74,0.014853
32,75,0.019492
32,76,0.199856
32,77,0.166278
32,78,0.192828
32,79,0.199614
32,80,0.236653
32,81,0.131456
32,82,0.123039
32,83,0.100811
32,84,0.090515
32,85,0.081952
32,86,0.061135
32,87,0.055625
32,88,0.100050
32,89,0.117285
32,90,0.068510
32,91,0.118218
32,92,0.131823
32,93,0.107792
32,94,0.072539
32,95,0.104640
32,96,0.113022
32,97,0.115673
32,98,0.077200
32,99,0.035135
32,100,0.047150
32,101,0.040210
32,102,0.018638
32,103,0.031751
32,104,0.014127
32,105,0.035322
32,106,0.077110
32,107,0.114218
32,108,0.064710
32,109,0.064657
32,110,0.090015
32,111,0.034122
32,112,0.054591
32,113,0.161339
32,114,0.157528
32,115,0.087970
32,116,0.104247
32,117,-0.012582
33,1,0.369302
33,2,0.408168
33,3,0.371582
33,4,0.241679
33,5,0.291290
33,6,0.305458
33,7,0.322474
33,8,0.395509
33,9,0.443569
33,10,0.394195
33,11,0.330834
33,12,0.255826
33,13,0.197742
33,14,0.139784
33,15,0.131537
33,16,0.155373
33,17,0.096656
33,18,0.030719
33,19,0.202107
33,20,0.237071
33,21,0.270148
33,22,0.190395
33,23,0.296290
33,24,0.196621
33,25,0.215560
33,26,0.212280
33,27,0.213267
33,28,0.220397
33,29,0.283960
33,30,0.333448
33,31,0.492873
33,32,0.679398
33,33,1.000000
33,34,0.328877
33,35,0.342236
33,36,0.376065
33,37,0.332878
33,38,0.275511
33,39,0.095634
33,40,0.099123
33,41,0.110420
33,42,0.221483
33,43,0.173468
33,44,0.273384
33,45,0.175679
33,46,0.205547
33,47,0.092953
33,48,0.111306
33,49,0.197496
33,50,0.154892
33,51,0.220609
33,52,0.187609
33,53,0.165064
33,54,0.092087
33,55,0.175205
33,56,0.101767
33,57,0.213602
33,58,0.278189
33,59,0.270712
33,60,0.294634
33,61,0.354019
33,62,0.376980
33,63,0.343416
33,64,0.346820
33,65,0.309496
33,66,0.205648
33,67,0.279603
33,68,0.223231
33,69,0.154667
33,70,0.182738
33,71,0.085457
33,72,0.050377
33,73,0.018020
33,74,0.033289
33,75,0.044087
33,76,0.216499
33,77,0.155105
33,78,0.163878
33,79,0.171419
33,80,0.214653
33,81,0.094767
33,82,0.095622
33,83,0.082729
33,84,0.069877
33,85,0.048679
33,86,0.041207
33,87,0.053418
33,88,0.093086
33,89,0.110697
33,90,0.080606
33,91,0.121248
33,92,0.140905
33,93,0.114468
33,94,0.074790
33,95,0.106721
33,96,0.135959
33,97,0.151240
33,98,0.096097
33,99,0.077843
33,100,0.108046
33,101,0.097029
33,102,0.057195
33,103,0.081658
33,104,0.054224
33,105,0.072074
33,106,0.095246
33,107,0.133963
33,108,0.080666
33,109,0.046609
33,110,0.056211
33,111,0.044497
33,112,0.054830
33,113,0.161260
33,114,0.165238
33,115,0.103828
33,116,0.123805
33,117,0.016069
34,1,0.192876
34,2,0.277083
34,3,0.342543
34,4,0.191506
34,5,0.183034
34,6,0.145967
34,7,0.085906
34,8,0.141394
34,9,0.194495
34,10,0.204594
34,11,0.201541
34,12,0.164190
34,13,0.122580
34,14,0.138283
34,15,0.147599
34,16,0.140253
34,17,0.105040
34,18,0.063233
34,19,0.207346
34,20,0.261970
34,21,0.325045
34,22,0.178660
34,23,0.195010
34,24,0.083985
34,25,0.148409
34,26,0.163613
34,27,0.160994
34,28,0.163133
34,29,0.205743
34,30,0.208854
34,31,0.172532
34,32,0.235045
34,33,0.328877
34,34,1.000000
34,35,0.579005
34,36,0.482821
34,37,0.295444
34,38,0.292058
34,39,0.106583
34,40,0.116052
34,41,0.137715
34,42,0.296622
34,43,0.241714
34,44,0.386018
34,45,0.249023
34,46,0.279399
34,47,0.158747
34,48,0.165628
34,49,0.241462
34,50,0.183338
34,51,0.234884
34,52,0.199957
34,53,0.180432
34,54,0.132298
34,55,0.137800
34,56,0.080498
34,57,0.161762
34,58,0.226619
34,59,0.201053
34,60,0.241979
34,61,0.367631
34,62,0.428436
34,63,0.421559
34,64,0.393198
34,65,0.330580
34,66,0.185482
34,67,0.229422
34,68,0.165763
34,69,0.097847
34,70,0.196722
34,71,0.049422
34,72,0.075567
34,73,0.063687
34,74,0.040840
34,75,0.074998
34,76,0.245785
34,77,0.229508
34,78,0.227597
34,79,0.226690
34,80,0.164476
34,81,0.047895
34,82,0.047328
34,83,0.053017
34,84,0.048409
34,85,0.052013
34,86,0.029540
34,87,0.060352
34,88,0.069243
34,89,0.032871
34,90,0.027321
34,91,0.092904
34,92,0.069328
34,93,0.042348
34,94,0.051992
34,95,0.080885
34,96,0.144803
34,97,0.170625
34,98,0.113761
34,99,0.084008
34,100,0.127133
34,101,0.117912
34,102,0.061873
34,103,0.105910
34,104,0.111112
34,105,0.136585
34,106,0.111550
34,107,0.149266
34,108,0.057182
34,109,0.054918
34,110,0.113562
34,111,0.017303
34,112,-0.003817
34,113,0.164671
34,114,0.174831
34,115,0.159775
34,116,0.156074
34,117,0.096045
35,1,0.125916
35,2,0.230763
35,3,0.334171
35,4,0.161935
35,5,0.102420
35,6,0.074022
35,7,0.070144
35,8,0.104662
35,9,0.142125
35,10,0.139911
35,11,0.142562
35,12,0.105951
35,13,0.052892
35,14,0.128204
35,15,0.128957
35,16,0.156455
35,17,0.122481
35,18,0.122679
35,19,0.244528
35,20,0.291701
35,21,0.340568
35,22,0.232308
35,23,0.231978
35,24,0.033480
35,25,0.046940
35,26,0.073973
35,27,0.087687
35,28,0.064107
35,29,0.106755
35,30,0.116755
35,31,0.109441
35,32,0.192938
35,33,0.342236
35,34,0.579005
35,35,1.000000
35,36,0.598576
35,37,0.297417
35,38,0.303140
35,39,0.075966
35,40,0.116132
35,41,0.123702
35,42,0.243731
35,43,0.152904
35,44,0.339389
35,45,0.205771
35,46,0.200008
35,47,0.140188
35,48,0.093020
35,49,0.230238
35,50,0.180151
35,51,0.211012
35,52,0.170130
35,53,0.120671
35,54,0.077494
35,55,0.092506
35,56,0.091472
35,57,0.164062
35,58,0.230581
35,59,0.206856
35,60,0.299515
35,61,0.436100
35,62,0.474967
35,63,0.391120
35,64,0.419857
35,65,0.365871
35,66,0.219009
35,67,0.242702
35,68,0.149410
35,69,0.076091
35,70,0.137718
35,71,0.030341
35,72,0.088340
35,73,0.084517
35,74,0.101773
35,75,0.105811
35,76,0.186336
35,77,0.161062
35,78,0.149502
35,79,0.148342
35,80,0.105419
35,81,0.034450
35,82,0.024027
35,83,0.023308
35,84,0.018788
35,85,0.013497
35,86,0.030603
35,87,0.040206
35,88,0.044546
35,89,0.054346
35,90,0.113182
35,91,0.127597
35,92,0.125854
35,93,0.141617
35,94,0.176362
35,95,0.167622
35,96,0.165430
35,97,0.192075
35,98,0.177290
35,99,0.146708
35,100,0.209714
35,101,0.187424
35,102,0.145981
35,103,0.137594
35,104,0.134021
35,105,0.165660
35,106,0.122517
35,107,0.142180
35,108,0.107241
35,109,0.038451
35,110,0.051170
35,111,-0.042039
35,112,-0.035196
35,113,0.055785
35,114,0.066623
35,115,0.027456
35,116,0.030921
35,117,0.010008
36,1,0.310433
36,2,0.407992
36,3,0.455642
36,4,0.253702
36,5,0.165463
36,6,0.124302
36,7,0.111611
36,8,0.153728
36,9,0.221187
36,10,0.220552
36,11,0.227434
36,12,0.184262
36,13,0.114780
36,14,0.204289
36,15,0.171041
36,16,0.185137
36,17,0.131756
36,18,0.095068
36,19,0.290611
36,20,0.397546
36,21,0.489690
36,22,0.316763
36,23,0.337658
36,24,0.078620
36,25,0.120412
36,26,0.157018
36,27,0.168655
36,28,0.167532
36,29,0.192917
36,30,0.187139
36,31,0.190376
36,32,0.280609
36,33,0.376065
36,34,0.482821
36,35,0.598576
36,36,1.000000
36,37,0.633796
36,38,0.656454
36,39,0.023169
36,40,0.228282
36,41,0.261113
36,42,0.407404
36,43,0.272036
36,44,0.493096
36,45,0.305967
36,46,0.292343
36,47,0.192273
36,48,0.125430
36,49,0.289281
36,50,0.185257
36,51,0.226969
36,52,0.189896
36,53,0.136129
36,54,0.064439
36,55,0.153896
36,56,0.248544
36,57,0.422355
36,58,0.526977
36,59,0.525958
36,60,0.615490
36,61,0.740919
36,62,0.760463
36,63,0.593481
36,64,0.670502
36,65,0.577729
36,66,0.423215
36,67,0.429210
36,68,0.325836
36,69,0.155955
36,70,0.192817
36,71,0.110935
36,72,0.046513
36,73,-0.038445
36,74,-0.052188
36,75,-0.009102
36,76,0.249717
36,77,0.226364
36,78,0.245350
36,79,0.260768
36,80,0.175803
36,81,0.059066
36,82,0.050096
36,83,0.090214
36,84,0.093770
36,85,0.035070
36,86,0.031917
36,87,0.110405
36,88,0.139552
36,89,0.081955
36,90,0.120114
36,91,0.204877
36,92,0.188938
36,93,0.154972
36,94,0.186941
36,95,0.202407
36,96,0.287164
36,97,0.258776
36,98,0.149920
36,99,0.126456
36,100,0.159032
36,101,0.121724
36,102,0.100039
36,103,0.153754
36,104,0.194134
36,105,0.215294
36,106,0.187683
36,107,0.202547
36,108,0.125567
36,109,0.098062
36,110,0.115379
36,111,0.052883
36,112,0.063916
36,113,0.120006
36,114,0.134850
36,115,0.059216
36,116,0.074863
36,117,-0.007675
37,1,0.317866
37,2,0.393950
37,3,0.429449
37,4,0.243181
37,5,0.110081
37,6,0.080456
37,7,0.141383
37,8,0.215721
37,9,0.245656
37,10,0.250409
37,11,0.219782
37,12,0.184591
37,13,0.139375
37,14,0.160294
37,15,0.170377
37,16,0.175862
37,17,0.126423
37,18,0.053352
37,19,0.232693
37,20,0.321211
37,21,0.378542
37,22,0.232356
37,23,0.290637
37,24,0.145794
37,25,0.222813
37,26,0.238053
37,27,0.225582
37,28,0.204069
37,29,0.267948
37,30,0.267024
37,31,0.263714
37,32,0.297127
37,33,0.332878
37,34,0.295444
37,35,0.297417
37,36,0.633796
37,37,1.000000
37,38,0.816758
37,39,-0.006679
37,40,0.237342
37,41,0.272242
37,42,0.442731
37,43,0.295584
37,44,0.451101
37,45,0.307929
37,46,0.288900
37,47,0.149743
37,48,0.123858
37,49,0.283121
37,50,0.195550
37,51,0.249555
37,52,0.203688
37,53,0.178984
37,54,0.088667
37,55,0.184312
37,56,0.260772
37,57,0.535412
37,58,0.722344
37,59,0.543605
37,60,0.591892
37,61,0.631007
37,62,0.643306
37,63,0.536919
37,64,0.548983
37,65,0.472742
37,66,0.365654
37,67,0.400673
37,68,0.315123
37,69,0.186608
37,70,0.220832
37,71,0.115497
37,72,0.015552
37,73,-0.030572
37,74,-0.022600
37,75,-0.001094
37,76,0.296158
37,77,0.256662
37,78,0.250508
37,79,0.249495
37,80,0.210293
37,81,0.091671
37,82,0.084579
37,83,0.090402
37,84,0.091609
37,85,0.050819
37,86,0.029960
37,87,0.115809
37,88,0.207230
37,89,0.175571
37,90,0.156201
37,91,0.268530
37,92,0.249613
37,93,0.186793
37,94,0.189066
37,95,0.217909
37,96,0.294968
37,97,0.246160
37,98,0.133870
37,99,0.084533
37,100,0.101234
37,101,0.082353
37,102,0.089150
37,103,0.160606
37,104,0.184050
37,105,0.151176
37,106,0.157237
37,107,0.181859
37,108,0.109914
37,109,0.075802
37,110,0.118625
37,111,0.085555
37,112,0.093216
37,113,0.139020
37,114,0.131127
37,115,0.052759
37,116,0.072795
37,117,-0.020191
38,1,0.279354
38,2,0.365792
38,3,0.402057
38,4,0.240105
38,5,0.115371
38,6,0.055231
38,7,0.079859
38,8,0.125503
38,9,0.201841
38,10,0.192477
38,11,0.175049
38,12,0.143733
38,13,0.082433
38,14,0.138373
38,15,0.150717
38,16,0.147725
38,17,0.112897
38,18,0.052633
38,19,0.231401
38,20,0.332530
38,21,0.401582
38,22,0.275244
38,23,0.295458
38,24,0.090336
38,25,0.118063
38,26,0.138603
38,27,0.142430
38,28,0.124684
38,29,0.185993
38,30,0.180860
38,31,0.196468
38,32,0.228100
38,33,0.275511
38,34,0.292058
38,35,0.303140
38,36,0.656454
38,37,0.816758
38,38,1.000000
38,39,0.010845
38,40,0.292370
38,41,0.321298
38,42,0.429563
38,43,0.270890
38,44,0.438493
38,45,0.287647
38,46,0.266352
38,47,0.158379
38,48,0.082540
38,49,0.234838
38,50,0.130179
38,51,0.173149
38,52,0.134011
38,53,0.098724
38,54,0.036310
38,55,0.126411
38,56,0.243689
38,57,0.470900
38,58,0.597306
38,59,0.499262
38,60,0.558435
38,61,0.627810
38,62,0.637039
38,63,0.511016
38,64,0.570641
38,65,0.488573
38,66,0.387451
38,67,0.387905
38,68,0.287086
38,69,0.159419
38,70,0.188858
38,71,0.099592
38,72,0.037657
38,73,-0.006703
38,74,-0.020417
38,75,-0.004340
38,76,0.239191
38,77,0.233492
38,78,0.206864
38,79,0.218730
38,80,0.149056
38,81,0.050227
38,82,0.065609
38,83,0.100179
38,84,0.098640
38,85,0.031832
38,86,0.026850
38,87,0.110392
38,88,0.167153
38,89,0.117379
38,90,0.137441
38,91,0.250763
38,92,0.237502
38,93,0.184516
38,94,0.208796
38,95,0.260760
38,96,0.340612
38,97,0.285139
38,98,0.152049
38,99,0.127228
38,100,0.135358
38,101,0.095188
38,102,0.089821
38,103,0.156874
38,104,0.201381
38,105,0.191892
38,106,0.200422
38,107,0.205017
38,108,0.113821
38,109,0.076298
38,110,0.123952
38,111,0.087631
38,112,0.068263
38,113,0.143242
38,114,0.129152
38,115,0.053803
38,116,0.065004
38,117,-0.013766
39,1,0.115072
39,2,0.137170
39,3,0.179517
39,4,0.048054
39,5,-0.009180
39,6,-0.026515
39,7,0.023320
39,8,0.054086
39,9,0.061035
39,10,0.063899
39,11,0.076647
39,12,0.054366
39,13,0.030723
39,14,0.086887
39,15,0.095305
39,16,0.054330
39,17,0.073798
39,18,0.065151
39,19,0.089910
39,20,0.065236
39,21,0.067293
39,22,0.043980
39,23,0.070770
39,24,0.129166
39,25,0.098743
39,26,0.103882
39,27,0.084768
39,28,0.061261
39,29,0.130152
39,30,0.114224
39,31,0.120914
39,32,0.080003
39,33,0.095634
39,34,0.106583
39,35,0.075966
39,36,0.023169
39,37,-0.006679
39,38,0.010845
39,39,1.000000
39,40,0.237431
39,41,0.180228
39,42,0.127124
39,43,0.113580
39,44,0.123367
39,45,0.058592
39,46,0.124347
39,47,0.035216
39,48,0.060802
39,49,0.098950
39,50,0.075444
39,51,0.124023
39,52,0.136375
39,53,0.151755
39,54,0.126813
39,55,0.124603
39,56,-0.013303
39,57,-0.033296
39,58,-0.026227
39,59,-0.041871
39,60,-0.000375
39,61,0.017182
39,62,0.046383
39,63,0.097852
39,64,0.058546
39,65,0.049348
39,66,-0.030140
39,67,0.009350
39,68,0.007580
39,69,0.013793
39,70,0.118266
39,71,0.086756
39,72,0.133113
39,73,0.081997
39,74,0.151312
39,75,0.194606
39,76,0.068881
39,77,0.105628
39,78,0.125608
39,79,0.104020
39,80,0.098704
39,81,0.123899
39,82,0.154439
39,83,0.099065
39,84,0.068423
39,85,0.055389
39,86,0.081848
39,87,0.028875
39,88,0.018055
39,89,0.066739
39,90,0.076159
39,91,0.120184
39,92,0.177857
39,93,0.188439
39,94,0.195136
39,95,0.279135
39,96,0.211521
39,97,0.323360
39,98,0.310465
39,99,0.263066
39,100,0.322745
39,101,0.353312
39,102,0.281551
39,103,0.131030
39,104,0.144516
39,105,0.145820
39,106,0.146244
39,107,0.141843
39,108,0.063826
39,109,0.023239
39,110,0.034023
39,111,0.090788
39,112,0.109917
39,113,0.198643
39,114,0.229571
39,115,0.180474
39,116,0.179558
39,117,0.097083
40,1,0.130904
40,2,0.200249
40,3,0.326157
40,4,0.186748
40,5,0.015325
40,6,-0.022074
40,7,0.044285
40,8,0.083363
40,9,0.104524
40,10,0.119780
40,11,0.127227
40,12,0.100456
40,13,0.054947
40,14,0.152277
40,15,0.132343
40,16,0.120532
40,17,0.137019
40,18,0.059216
40,19,0.105877
40,20,0.109266
40,21,0.141068
40,22,0.096859
40,23,0.139742
40,24,0.146048
40,25,0.142429
40,26,0.159956
40,27,0.148723
40,28,0.109183
40,29,0.192015
40,30,0.154824
40,31,0.125832
40,32,0.099311
40,33,0.099123
40,34,0.116052
40,35,0.116132
40,36,0.228282
40,37,0.237342
40,38,0.292370
40,39,0.237431
40,40,1.000000
40,41,0.782304
40,42,0.331011
40,43,0.237160
40,44,0.274486
40,45,0.194000
40,46,0.220618
40,47,0.106122
40,48,0.096582
40,49,0.182691
40,50,0.114240
40,51,0.147286
40,52,0.166989
40,53,0.186913
40,54,0.168720
40,55,0.172510
40,56,0.111778
40,57,0.157588
40,58,0.201648
40,59,0.137801
40,60,0.173019
40,61,0.197644
40,62,0.230336
40,63,0.320108
40,64,0.201833
40,65,0.148349
40,66,0.092056
40,67,0.128619
40,68,0.119938
40,69,0.061845
40,70,0.203087
40,71,0.198485
40,72,0.170452
40,73,0.082661
40,74,0.090801
40,75,0.139373
40,76,0.144013
40,77,0.185382
40,78,0.154125
40,79,0.137332
40,80,0.109401
40,81,0.142297
40,82,0.120382
40,83,0.077793
40,84,0.098081
40,85,0.063734
40,86,0.006020
40,87,0.025987
40,88,0.112467
40,89,0.115447
40,90,0.114756
40,91,0.266528
40,92,0.401490
40,93,0.394724
40,94,0.381615
40,95,0.505924
40,96,0.327595
40,97,0.277527
40,98,0.210451
40,99,0.190293
40,100,0.246602
40,101,0.239902
40,102,0.318905
40,103,0.257358
40,104,0.425559
40,105,0.378618
40,106,0.298177
40,107,0.228355
40,108,0.116755
40,109,0.077829
40,110,0.032968
40,111,0.123620
40,112,0.135265
40,113,0.182601
40,114,0.185449
40,115,0.128900
40,116,0.134043
40,117,0.069996
41,1,0.186519
41,2,0.242367
41,3,0.311243
41,4,0.142262
41,5,0.002412
41,6,-0.019479
41,7,0.081069
41,8,0.116211
41,9,0.112638
41,10,0.128515
41,11,0.126546
41,12,0.110738
41,13,0.078874
41,14,0.159339
41,15,0.153096
41,16,0.137023
41,17,0.143256
41,18,0.057392
41,19,0.117840
41,20,0.120947
41,21,0.136334
41,22,0.085607
41,23,0.133705
41,24,0.150593
41,25,0.188696
41,26,0.198761
41,27,0.197488
41,28,0.146690
41,29,0.210695
41,30,0.179364
41,31,0.150172
41,32,0.122822
41,33,0.110420
41,34,0.137715
41,35,0.123702
41,36,0.261113
41,37,0.272242
41,38,0.321298
41,39,0.180228
41,40,0.782304
41,41,1.000000
41,42,0.386068
41,43,0.272134
41,44,0.267313
41,45,0.199005
41,46,0.222324
41,47,0.110913
41,48,0.108493
41,49,0.201166
41,50,0.151078
41,51,0.174266
41,52,0.161324
41,53,0.183032
41,54,0.154886
41,55,0.162184
41,56,0.153309
41,57,0.200472
41,58,0.231623
41,59,0.191285
41,60,0.209670
41,61,0.243849
41,62,0.267916
41,63,0.342328
41,64,0.225214
41,65,0.170680
41,66,0.125625
41,67,0.145811
41,68,0.140454
41,69,0.091808
41,70,0.200821
41,71,0.135789
41,72,0.074062
41,73,0.059421
41,74,0.028365
41,75,0.094181
41,76,0.205927
41,77,0.230575
41,78,0.182979
41,79,0.160586
41,80,0.148437
41,81,0.172468
41,82,0.157970
41,83,0.139638
41,84,0.162539
41,85,0.087362
41,86,0.054583
41,87,0.100226
41,88,0.144038
41,89,0.126070
41,90,0.120092
41,91,0.299439
41,92,0.391847
41,93,0.359213
41,94,0.330094
41,95,0.437774
41,96,0.339304
41,97,0.281839
41,98,0.143681
41,99,0.076767
41,100,0.105375
41,101,0.082853
41,102,0.171904
41,103,0.244172
41,104,0.371805
41,105,0.427012
41,106,0.367625
41,107,0.283259
41,108,0.125260
41,109,0.127603
41,110,0.103514
41,111,0.165039
41,112,0.162787
41,113,0.205200
41,114,0.204929
41,115,0.128323
41,116,0.152248
41,117,0.076507
42,1,0.255894
42,2,0.315179
42,3,0.363492
42,4,0.195026
42,5,0.126752
42,6,0.084408
42,7,0.117256
42,8,0.164206
42,9,0.190888
42,10,0.219644
42,11,0.240724
42,12,0.215364
42,13,0.157420
42,14,0.185316
42,15,0.199212
42,16,0.167269
42,17,0.112389
42,18,0.043904
42,19,0.211156
42,20,0.292897
42,21,0.375671
42,22,0.219563
42,23,0.236131
42,24,0.166829
42,25,0.223522
42,26,0.273613
42,27,0.272135
42,28,0.231125
42,29,0.274792
42,30,0.260798
42,31,0.215639
42,32,0.199322
42,33,0.221483
42,34,0.296622
42,35,0.243731
42,36,0.407404
42,37,0.442731
42,38,0.429563
42,39,0.127124
42,40,0.331011
42,41,0.386068
42,42,1.000000
42,43,0.773539
42,44,0.667848
42,45,0.566805
42,46,0.521223
42,47,0.272622
42,48,0.217417
42,49,0.315695
42,50,0.228414
42,51,0.262142
42,52,0.232346
42,53,0.164713
42,54,0.119748
42,55,0.158576
42,56,0.190647
42,57,0.309793
42,58,0.378740
42,59,0.334199
42,60,0.378211
42,61,0.439546
42,62,0.489642
42,63,0.584104
42,64,0.473660
42,65,0.379890
42,66,0.266694
42,67,0.269629
42,68,0.221467
42,69,0.117180
42,70,0.172854
42,71,0.077157
42,72,0.084903
42,73,0.052048
42,74,0.025126
42,75,0.099255
42,76,0.317521
42,77,0.299893
42,78,0.244254
42,79,0.188287
42,80,0.160773
42,81,0.050437
42,82,0.043877
42,83,0.023363
42,84,0.038003
42,85,0.034053
42,86,-0.009038
42,87,0.067695
42,88,0.178673
42,89,0.142158
42,90,0.062961
42,91,0.208219
42,92,0.247332
42,93,0.145134
42,94,0.113143
42,95,0.208527
42,96,0.267484
42,97,0.257539
42,98,0.144386
42,99,0.103868
42,100,0.142482
42,101,0.124963
42,102,0.117178
42,103,0.152076
42,104,0.187404
42,105,0.200510
42,106,0.258229
42,107,0.251438
42,108,0.077824
42,109,0.066436
42,110,0.120086
42,111,0.126696
42,112,0.128892
42,113,0.222439
42,114,0.235760
42,115,0.174538
42,116,0.185587
42,117,0.103495
43,1,0.246688
43,2,0.283408
43,3,0.297633
43,4,0.149025
43,5,0.147882
43,6,0.140247
43,7,0.138039
43,8,0.181630
43,9,0.207631
43,10,0.236032
43,11,0.242467
43,12,0.224363
43,13,0.193324
43,14,0.155271
43,15,0.174052
43,16,0.122024
43,17,0.073221
43,18,-0.018321
43,19,0.115907
43,20,0.177661
43,21,0.236703
43,22,0.114747
43,23,0.159336
43,24,0.180518
43,25,0.247439
43,26,0.290350
43,27,0.280814
43,28,0.251688
43,29,0.294369
43,30,0.274175
43,31,0.211284
43,32,0.181803
43,33,0.173468
43,34,0.241714
43,35,0.152904
43,36,0.272036
43,37,0.295584
43,38,0.270890
43,39,0.113580
43,40,0.237160
43,41,0.272134
43,42,0.773539
43,43,1.000000
43,44,0.549223
43,45,0.535571
43,46,0.557449
43,47,0.230009
43,48,0.225903
43,49,0.231541
43,50,0.185408
43,51,0.206246
43,52,0.198192
43,53,0.131952
43,54,0.114189
43,55,0.139147
43,56,0.134816
43,57,0.215670
43,58,0.249328
43,59,0.231681
43,60,0.240965
43,61,0.279834
43,62,0.315949
43,63,0.406815
43,64,0.300841
43,65,0.229795
43,66,0.140421
43,67,0.171880
43,68,0.161990
43,69,0.093911
43,70,0.159593
43,71,0.081581
43,72,0.054447
43,73,0.052011
43,74,0.010166
43,75,0.071043
43,76,0.258017
43,77,0.235468
43,78,0.198812
43,79,0.134636
43,80,0.117809
43,81,0.059052
43,82,0.039887
43,83,0.014760
43,84,0.045833
43,85,0.066546
43,86,0.011419
43,87,0.058028
43,88,0.165806
43,89,0.164591
43,90,0.048738
43,91,0.149706
43,92,0.172208
43,93,0.089604
43,94,0.059203
43,95,0.134335
43,96,0.155474
43,97,0.149793
43,98,0.072472
43,99,0.057240
43,100,0.081728
43,101,0.055505
43,102,0.069828
43,103,0.053624
43,104,0.086940
43,105,0.089267
43,106,0.186337
43,107,0.213515
43,108,0.039408
43,109,0.070206
43,110,0.086885
43,111,0.116695
43,112,0.119501
43,113,0.218495
43,114,0.223696
43,115,0.165645
43,116,0.186712
43,117,0.117543
44,1,0.210573
44,2,0.272875
44,3,0.362732
44,4,0.201116
44,5,0.124603
44,6,0.074860
44,7,0.075154
44,8,0.137507
44,9,0.189618
44,10,0.204653
44,11,0.241166
44,12,0.195471
44,13,0.126034
44,14,0.223257
44,15,0.204173
44,16,0.183960
44,17,0.149905
44,18,0.110567
44,19,0.328835
44,20,0.425774
44,21,0.537519
44,22,0.332838
44,23,0.292526
44,24,0.147684
44,25,0.187798
44,26,0.244000
44,27,0.243053
44,28,0.204532
44,29,0.270407
44,30,0.239385
44,31,0.202910
44,32,0.217496
44,33,0.273384
44,34,0.386018
44,35,0.339389
44,36,0.493096
44,37,0.451101
44,38,0.438493
44,39,0.123367
44,40,0.274486
44,41,0.267313
44,42,0.667848
44,43,0.549223
44,44,1.000000
44,45,0.709358
44,46,0.633479
44,47,0.469011
44,48,0.293229
44,49,0.423708
44,50,0.300546
44,51,0.335575
44,52,0.270451
44,53,0.184759
44,54,0.153937
44,55,0.175713
44,56,0.199058
44,57,0.300897
44,58,0.367793
44,59,0.340775
44,60,0.415578
44,61,0.509657
44,62,0.582533
44,63,0.686080
44,64,0.595440
44,65,0.489066
44,66,0.329120
44,67,0.310330
44,68,0.250497
44,69,0.113223
44,70,0.184421
44,71,0.099660
44,72,0.112529
44,73,0.056339
44,74,0.056045
44,75,0.156139
44,76,0.313124
44,77,0.340314
44,78,0.262988
44,79,0.211788
44,80,0.159038
44,81,0.037894
44,82,0.031902
44,83,0.021144
44,84,0.019458
44,85,0.016678
44,86,-0.005009
44,87,0.065094
44,88,0.150742
44,89,0.119226
44,90,0.044519
44,91,0.141261
44,92,0.163338
44,93,0.087803
44,94,0.069310
44,95,0.129518
44,96,0.228675
44,97,0.257223
44,98,0.171981
44,99,0.122813
44,100,0.182042
44,101,0.178723
44,102,0.162554
44,103,0.156744
44,104,0.213752
44,105,0.180666
44,106,0.155124
44,107,0.186295
44,108,0.077541
44,109,0.067846
44,110,0.112063
44,111,0.094254
44,112,0.112517
44,113,0.228877
44,114,0.275054
44,115,0.235183
44,116,0.240039
44,117,0.162804
45,1,0.167023
45,2,0.191671
45,3,0.221448
45,4,0.164420
45,5,0.149893
45,6,0.106646
45,7,0.078204
45,8,0.107805
45,9,0.154727
45,10,0.166007
45,11,0.211124
45,12,0.194895
45,13,0.139481
45,14,0.187160
45,15,0.184932
45,16,0.160888
45,17,0.124643
45,18,0.063300
45,19,0.204899
45,20,0.271733
45,21,0.358984
45,22,0.215651
45,23,0.177978
45,24,0.113218
45,25,0.149005
45,26,0.204144
45,27,0.200873
45,28,0.177629
45,29,0.210190
45,30,0.174888
45,31,0.152800
45,32,0.164606
45,33,0.175679
45,34,0.249023
45,35,0.205771
45,36,0.305967
45,37,0.307929
45,38,0.287647
45,39,0.058592
45,40,0.194000
45,41,0.199005
45,42,0.566805
45,43,0.535571
45,44,0.709358
45,45,1.000000
45,46,0.714455
45,47,0.510088
45,48,0.349153
45,49,0.336744
45,50,0.240107
45,51,0.244016
45,52,0.177044
45,53,0.121687
45,54,0.128155
45,55,0.116651
45,56,0.169273
45,57,0.224787
45,58,0.270979
45,59,0.223567
45,60,0.293422
45,61,0.334749
45,62,0.377957
45,63,0.422173
45,64,0.399705
45,65,0.322497
45,66,0.253670
45,67,0.202829
45,68,0.170401
45,69,0.076981
45,70,0.125752
45,71,0.055996
45,72,0.078801
45,73,0.033703
45,74,0.019589
45,75,0.095790
45,76,0.231826
45,77,0.242995
45,78,0.173088
45,79,0.123885
45,80,0.077768
45,81,0.011450
45,82,-0.016058
45,83,-0.053372
45,84,-0.018974
45,85,0.040498
45,86,-0.009593
45,87,0.033784
45,88,0.126372
45,89,0.095080
45,90,0.038411
45,91,0.105863
45,92,0.108538
45,93,0.065008
45,94,0.065159
45,95,0.086565
45,96,0.160318
45,97,0.186321
45,98,0.119619
45,99,0.087633
45,100,0.136774
45,101,0.125993
45,102,0.125863
45,103,0.114254
45,104,0.163627
45,105,0.144315
45,106,0.108290
45,107,0.150720
45,108,0.054532
45,109,0.059421
45,110,0.073339
45,111,0.067164
45,112,0.076394
45,113,0.158166
45,114,0.190794
45,115,0.179612
45,116,0.198838
45,117,0.145834
46,1,0.200496
46,2,0.227133
46,3,0.262443
46,4,0.168043
46,5,0.171115
46,6,0.154685
46,7,0.107795
46,8,0.158052
46,9,0.219311
46,10,0.245013
46,11,0.275704
46,12,0.240482
46,13,0.192398
46,14,0.187624
46,15,0.189910
46,16,0.146352
46,17,0.128978
46,18,0.055751
46,19,0.249624
46,20,0.299432
46,21,0.349688
46,22,0.201509
46,23,0.183965
46,24,0.174678
46,25,0.239779
46,26,0.284206
46,27,0.270766
46,28,0.243660
46,29,0.307249
46,30,0.278282
46,31,0.225351
46,32,0.212894
46,33,0.205547
46,34,0.279399
46,35,0.200008
46,36,0.292343
46,37,0.288900
46,38,0.266352
46,39,0.124347
46,40,0.220618
46,41,0.222324
46,42,0.521223
46,43,0.557449
46,44,0.633479
46,45,0.714455
46,46,1.000000
46,47,0.478819
46,48,0.478965
46,49,0.431796
46,50,0.337211
46,51,0.358994
46,52,0.271160
46,53,0.191722
46,54,0.185366
46,55,0.162200
46,56,0.134350
46,57,0.190469
46,58,0.235898
46,59,0.199140
46,60,0.247257
46,61,0.288240
46,62,0.337413
46,63,0.426660
46,64,0.345178
46,65,0.288430
46,66,0.179372
46,67,0.180125
46,68,0.165499
46,69,0.104028
46,70,0.158323
46,71,0.087876
46,72,0.080566
46,73,0.046818
46,74,0.036719
46,75,0.141773
46,76,0.235057
46,77,0.273350
46,78,0.203492
46,79,0.142296
46,80,0.128779
46,81,0.077329
46,82,0.044185
46,83,0.004483
46,84,0.016716
46,85,0.060567
46,86,-0.005142
46,87,0.022229
46,88,0.100428
46,89,0.079262
46,90,-0.002570
46,91,0.072584
46,92,0.111051
46,93,0.057936
46,94,0.043627
46,95,0.091975
46,96,0.133304
46,97,0.163980
46,98,0.108081
46,99,0.063659
46,100,0.108081
46,101,0.106438
46,102,0.086495
46,103,0.068833
46,104,0.140412
46,105,0.124665
46,106,0.101648
46,107,0.142665
46,108,0.025664
46,109,0.064615
46,110,0.065080
46,111,0.062080
46,112,0.078505
46,113,0.241317
46,114,0.294848
46,115,0.259739
46,116,0.283328
46,117,0.216873
47,1,0.040250
47,2,0.046747
47,3,0.090044
47,4,0.099621
47,5,0.075642
47,6,0.031013
47,7,-0.004888
47,8,0.024854
47,9,0.052245
47,10,0.039622
47,11,0.112228
47,12,0.101659
47,13,0.070128
47,14,0.113409
47,15,0.086928
47,16,0.067123
47,17,0.083710
47,18,0.133446
47,19,0.284257
47,20,0.348218
47,21,0.376806
47,22,0.268833
47,23,0.171454
47,24,0.047171
47,25,0.023052
47,26,0.062730
47,27,0.070133
47,28,0.078378
47,29,0.087757
47,30,0.054645
47,31,0.068434
47,32,0.071304
47,33,0.092953
47,34,0.158747
47,35,0.140188
47,36,0.192273
47,37,0.149743
47,38,0.158379
47,39,0.035216
47,40,0.106122
47,41,0.110913
47,42,0.272622
47,43,0.230009
47,44,0.469011
47,45,0.510088
47,46,0.478819
47,47,1.000000
47,48,0.504421
47,49,0.493152
47,50,0.344207
47,51,0.287920
47,52,0.142834
47,53,0.090951
47,54,0.141095
47,55,0.073822
47,56,0.092047
47,57,0.099781
47,58,0.119185
47,59,0.098697
47,60,0.162495
47,61,0.204557
47,62,0.232274
47,63,0.266595
47,64,0.264738
47,65,0.267039
47,66,0.224637
47,67,0.152974
47,68,0.139920
47,69,0.078814
47,70,0.051535
47,71,0.052850
47,72,0.057830
47,73,0.020146
47,74,-0.003404
47,75,0.079882
47,76,0.101146
47,77,0.188873
47,78,0.102261
47,79,0.067439
47,80,0.030523
47,81,-0.017239
47,82,-0.032645
47,83,-0.037431
47,84,-0.042624
47,85,-0.027829
47,86,-0.016918
47,87,0.027603
47,88,0.050244
47,89,0.018605
47,90,-0.000158
47,91,0.023588
47,92,0.004275
47,93,-0.015174
47,94,-0.001890
47,95,0.012907
47,96,0.096557
47,97,0.136015
47,98,0.111206
47,99,0.037566
47,100,0.088408
47,101,0.096503
47,102,0.108277
47,103,0.111321
47,104,0.149857
47,105,0.134361
47,106,0.056086
47,107,0.068206
47,108,0.046209
47,109,0.037382
47,110,0.069975
47,111,0.037282
47,112,0.042708
47,113,0.093088
47,114,0.137246
47,115,0.162950
47,116,0.203358
47,117,0.170282
48,1,0.153064
48,2,0.144519
48,3,0.112244
48,4,0.069858
48,5,0.131865
48,6,0.129446
48,7,0.074964
48,8,0.117375
48,9,0.134792
48,10,0.143336
48,11,0.185865
48,12,0.194095
48,13,0.182759
48,14,0.102291
48,15,0.094020
48,16,0.086874
48,17,0.085218
48,18,0.054223
48,19,0.197419
48,20,0.187046
48,21,0.216089
48,22,0.131379
48,23,0.073593
48,24,0.112456
48,25,0.222185
48,26,0.236579
48,27,0.229100
48,28,0.216814
48,29,0.240009
48,30,0.208861
48,31,0.180062
48,32,0.132165
48,33,0.111306
48,34,0.165628
48,35,0.093020
48,36,0.125430
48,37,0.123858
48,38,0.082540
48,39,0.060802
48,40,0.096582
48,41,0.108493
48,42,0.217417
48,43,0.225903
48,44,0.293229
48,45,0.349153
48,46,0.478965
48,47,0.504421
48,48,1.000000
48,49,0.473572
48,50,0.495636
48,51,0.448267
48,52,0.286037
48,53,0.281632
48,54,0.329710
48,55,0.256383
48,56,0.087289
48,57,0.085623
48,58,0.080744
48,59,0.065227
48,60,0.079348
48,61,0.083573
48,62,0.116673
48,63,0.185421
48,64,0.131807
48,65,0.132814
48,66,0.044787
48,67,0.045942
48,68,0.091627
48,69,0.073919
48,70,0.112311
48,71,0.064966
48,72,0.033798
48,73,0.012989
48,74,0.001757
48,75,0.093033
48,76,0.072779
48,77,0.183263
48,78,0.157954
48,79,0.108964
48,80,0.164933
48,81,0.196628
48,82,0.090040
48,83,0.039715
48,84,0.053710
48,85,0.056163
48,86,0.000501
48,87,0.035081
48,88,0.101680
48,89,0.090509
48,90,0.053012
48,91,0.096700
48,92,0.092387
48,93,0.074896
48,94,0.053644
48,95,0.068082
48,96,0.102685
48,97,0.104672
48,98,0.081151
48,99,-0.028332
48,100,0.017392
48,101,0.036651
48,102,0.046966
48,103,0.095781
48,104,0.105235
48,105,0.116623
48,106,0.069984
48,107,0.085285
48,108,0.034170
48,109,0.069987
48,110,0.053511
48,111,0.021888
48,112,0.055300
48,113,0.191445
48,114,0.260557
48,115,0.269111
48,116,0.276610
48,117,0.244188
49,1,0.121675
49,2,0.151387
49,3,0.214749
49,4,0.123739
49,5,0.059432
49,6,0.046774
49,7,0.091895
49,8,0.183551
49,9,0.164824
49,10,0.154163
49,11,0.174614
49,12,0.153140
49,13,0.161035
49,14,0.152612
49,15,0.133983
49,16,0.142287
49,17,0.145577
49,18,0.228212
49,19,0.448390
49,20,0.437378
49,21,0.401986
49,22,0.256400
49,23,0.215971
49,24,0.170591
49,25,0.207269
49,26,0.219198
49,27,0.202016
49,28,0.198041
49,29,0.235155
49,30,0.222410
49,31,0.237719
49,32,0.202177
49,33,0.197496
49,34,0.241462
49,35,0.230238
49,36,0.289281
49,37,0.283121
49,38,0.234838
49,39,0.098950
49,40,0.182691
49,41,0.201166
49,42,0.315695
49,43,0.231541
49,44,0.423708
49,45,0.336744
49,46,0.431796
49,47,0.493152
49,48,0.473572
49,49,1.000000
49,50,0.723983
49,51,0.656356
49,52,0.455471
49,53,0.383132
49,54,0.326963
49,55,0.284133
49,56,0.139837
49,57,0.177568
49,58,0.218277
49,59,0.169272
49,60,0.219949
49,61,0.276361
49,62,0.336464
49,63,0.386723
49,64,0.335869
49,65,0.316139
49,66,0.193128
49,67,0.196607
49,68,0.194083
49,69,0.130625
49,70,0.134913
49,71,0.088915
49,72,0.061251
49,73,0.022969
49,74,0.049743
49,75,0.177120
49,76,0.211981
49,77,0.325134
49,78,0.284105
49,79,0.234161
49,80,0.258769
49,81,0.214655
49,82,0.135116
49,83,0.097355
49,84,0.078504
49,85,0.030780
49,86,0.007956
49,87,0.072570
49,88,0.086795
49,89,0.104175
49,90,0.102174
49,91,0.149736
49,92,0.155558
49,93,0.129278
49,94,0.112273
49,95,0.148165
49,96,0.178580
49,97,0.195995
49,98,0.145647
49,99,0.011350
49,100,0.057348
49,101,0.091855
49,102,0.095908
49,103,0.198306
49,104,0.213604
49,105,0.189952
49,106,0.080472
49,107,0.069662
49,108,0.031482
49,109,0.027830
49,110,0.040826
49,111,0.017391
49,112,0.048052
49,113,0.147241
49,114,0.195685
49,115,0.187706
49,116,0.206966
49,117,0.140180
50,1,0.080790
50,2,0.095466
50,3,0.151601
50,4,0.045174
50,5,0.023589
50,6,0.042978
50,7,0.097299
50,8,0.180947
50,9,0.133550
50,10,0.140120
50,11,0.141525
50,12,0.130452
50,13,0.151545
50,14,0.117996
50,15,0.106017
50,16,0.133619
50,17,0.155003
50,18,0.203439
50,19,0.358926
50,20,0.303244
50,21,0.279157
50,22,0.188937
50,23,0.124671
50,24,0.154112
50,25,0.236457
50,26,0.229093
50,27,0.213146
50,28,0.191203
50,29,0.232369
50,30,0.218051
50,31,0.218880
50,32,0.168354
50,33,0.154892
50,34,0.183338
50,35,0.180151
50,36,0.185257
50,37,0.195550
50,38,0.130179
50,39,0.075444
50,40,0.114240
50,41,0.151078
50,42,0.228414
50,43,0.185408
50,44,0.300546
50,45,0.240107
50,46,0.337211
50,47,0.344207
50,48,0.495636
50,49,0.723983
50,50,1.000000
50,51,0.776593
50,52,0.576435
50,53,0.482067
50,54,0.456229
50,55,0.348594
50,56,0.103833
50,57,0.108231
50,58,0.122139
50,59,0.104463
50,60,0.118576
50,61,0.160949
50,62,0.208617
50,63,0.284702
50,64,0.210070
50,65,0.200716
50,66,0.092295
50,67,0.100428
50,68,0.171347
50,69,0.157240
50,70,0.165974
50,71,0.059242
50,72,-0.002682
50,73,0.024129
50,74,0.011239
50,75,0.156456
50,76,0.182565
50,77,0.312294
50,78,0.288053
50,79,0.216283
50,80,0.285529
50,81,0.275588
50,82,0.154515
50,83,0.098586
50,84,0.078671
50,85,0.024116
50,86,0.014970
50,87,0.073996
50,88,0.094647
50,89,0.137820
50,90,0.145861
50,91,0.165700
50,92,0.172844
50,93,0.166510
50,94,0.134313
50,95,0.150461
50,96,0.134342
50,97,0.115619
50,98,0.095363
50,99,-0.034115
50,100,0.001383
50,101,0.020972
50,102,0.061305
50,103,0.158410
50,104,0.167241
50,105,0.159040
50,106,0.072205
50,107,0.041962
50,108,0.025509
50,109,0.047750
50,110,0.033457
50,111,-0.006542
50,112,0.032433
50,113,0.169086
50,114,0.225084
50,115,0.211300
50,116,0.236697
50,117,0.197811
51,1,0.167741
51,2,0.188833
51,3,0.222963
51,4,0.090915
51,5,0.058816
51,6,0.077063
51,7,0.149353
51,8,0.236256
51,9,0.217082
51,10,0.228719
51,11,0.209952
51,12,0.177867
51,13,0.175024
51,14,0.137845
51,15,0.121517
51,16,0.132770
51,17,0.142553
51,18,0.184124
51,19,0.379476
51,20,0.334478
51,21,0.304454
51,22,0.192134
51,23,0.179354
51,24,0.241651
51,25,0.303028
51,26,0.300211
51,27,0.264709
51,28,0.237491
51,29,0.320923
51,30,0.313243
51,31,0.294413
51,32,0.245879
51,33,0.220609
51,34,0.234884
51,35,0.211012
51,36,0.226969
51,37,0.249555
51,38,0.173149
51,39,0.124023
51,40,0.147286
51,41,0.174266
51,42,0.262142
51,43,0.206246
51,44,0.335575
51,45,0.244016
51,46,0.358994
51,47,0.287920
51,48,0.448267
51,49,0.656356
51,50,0.776593
51,51,1.000000
51,52,0.633920
51,53,0.553803
51,54,0.419475
51,55,0.389734
51,56,0.106999
51,57,0.137431
51,58,0.173396
51,59,0.137061
51,60,0.154212
51,61,0.200438
51,62,0.253628
51,63,0.331209
51,64,0.241543
51,65,0.234485
51,66,0.109768
51,67,0.145322
51,68,0.188123
51,69,0.156143
51,70,0.200161
51,71,0.079861
51,72,0.013371
51,73,0.027380
51,74,0.053084
51,75,0.168299
51,76,0.189588
51,77,0.310342
51,78,0.324794
51,79,0.267159
51,80,0.372905
51,81,0.366375
51,82,0.238300
51,83,0.171663
51,84,0.129774
51,85,0.051225
51,86,0.033817
51,87,0.095087
51,88,0.114829
51,89,0.148044
51,90,0.141385
51,91,0.191248
51,92,0.203766
51,93,0.172938
51,94,0.135382
51,95,0.172510
51,96,0.156752
51,97,0.143022
51,98,0.111479
51,99,-0.014978
51,100,0.013736
51,101,0.049035
51,102,0.063512
51,103,0.150931
51,104,0.138369
51,105,0.130938
51,106,0.063651
51,107,0.056297
51,108,0.023498
51,109,0.044061
51,110,0.039364
51,111,0.016650
51,112,0.070004
51,113,0.242656
51,114,0.294858
51,115,0.238102
51,116,0.267255
51,117,0.179693
52,1,0.123680
52,2,0.135547
52,3,0.197618
52,4,0.094207
52,5,0.040143
52,6,0.065602
52,7,0.101777
52,8,0.198376
52,9,0.189940
52,10,0.199769
52,11,0.181137
52,12,0.159147
52,13,0.160934
52,14,0.185068
52,15,0.121579
52,16,0.154971
52,17,0.183371
52,18,0.219455
52,19,0.281113
52,20,0.230637
52,21,0.211440
52,22,0.128266
52,23,0.132865
52,24,0.203131
52,25,0.286263
52,26,0.280881
52,27,0.234376
52,28,0.220123
52,29,0.299719
52,30,0.295234
52,31,0.256958
52,32,0.212301
52,33,0.187609
52,34,0.199957
52,35,0.170130
52,36,0.189896
52,37,0.203688
52,38,0.134011
52,39,0.136375
52,40,0.166989
52,41,0.161324
52,42,0.232346
52,43,0.198192
52,44,0.270451
52,45,0.177044
52,46,0.271160
52,47,0.142834
52,48,0.286037
52,49,0.455471
52,50,0.576435
52,51,0.633920
52,52,1.000000
52,53,0.743065
52,54,0.497381
52,55,0.430961
52,56,0.134803
52,57,0.155099
52,58,0.169114
52,59,0.135206
52,60,0.138762
52,61,0.153586
52,62,0.214021
52,63,0.285746
52,64,0.202347
52,65,0.169170
52,66,0.083602
52,67,0.131776
52,68,0.205848
52,69,0.169002
52,70,0.261433
52,71,0.133616
52,72,0.075780
52,73,0.046713
52,74,0.058314
52,75,0.222605
52,76,0.196970
52,77,0.328097
52,78,0.367512
52,79,0.277759
52,80,0.387986
52,81,0.303504
52,82,0.188032
52,83,0.095463
52,84,0.073222
52,85,0.029582
52,86,0.002213
52,87,0.051896
52,88,0.109572
52,89,0.169433
52,90,0.112986
52,91,0.159113
52,92,0.207471
52,93,0.190009
52,94,0.141303
52,95,0.184871
52,96,0.145183
52,97,0.119717
52,98,0.091265
52,99,0.003837
52,100,0.039124
52,101,0.065132
52,102,0.087640
52,103,0.133787
52,104,0.119244
52,105,0.126552
52,106,0.085671
52,107,0.060338
52,108,0.005099
52,109,0.022330
52,110,-0.000386
52,111,0.022109
52,112,0.059961
52,113,0.214599
52,114,0.271332
52,115,0.238405
52,116,0.240595
52,117,0.188057
53,1,0.155337
53,2,0.154313
53,3,0.173166
53,4,0.085154
53,5,0.059045
53,6,0.076350
53,7,0.126041
53,8,0.230817
53,9,0.203626
53,10,0.205088
53,11,0.172139
53,12,0.167362
53,13,0.188492
53,14,0.146008
53,15,0.083444
53,16,0.140069
53,17,0.155411
53,18,0.122894
53,19,0.198757
53,20,0.159896
53,21,0.157273
53,22,0.092232
53,23,0.121728
53,24,0.228601
53,25,0.323517
53,26,0.299635
53,27,0.265361
53,28,0.249190
53,29,0.315200
53,30,0.310636
53,31,0.267639
53,32,0.207203
53,33,0.165064
53,34,0.180432
53,35,0.120671
53,36,0.136129
53,37,0.178984
53,38,0.098724
53,39,0.151755
53,40,0.186913
53,41,0.183032
53,42,0.164713
53,43,0.131952
53,44,0.184759
53,45,0.121687
53,46,0.191722
53,47,0.090951
53,48,0.281632
53,49,0.383132
53,50,0.482067
53,51,0.553803
53,52,0.743065
53,53,1.000000
53,54,0.677128
53,55,0.546206
53,56,0.172817
53,57,0.169852
53,58,0.169491
53,59,0.135248
53,60,0.114552
53,61,0.120602
53,62,0.160285
53,63,0.228922
53,64,0.149668
53,65,0.139680
53,66,0.080889
53,67,0.131639
53,68,0.176528
53,69,0.146041
53,70,0.239162
53,71,0.137479
53,72,0.109459
53,73,0.089139
53,74,0.116997
53,75,0.246833
53,76,0.181113
53,77,0.298428
53,78,0.351562
53,79,0.313099
53,80,0.530388
53,81,0.446899
53,82,0.268473
53,83,0.141971
53,84,0.134167
53,85,0.053966
53,86,0.001813
53,87,0.062598
53,88,0.117503
53,89,0.151198
53,90,0.092005
53,91,0.173064
53,92,0.213166
53,93,0.195164
53,94,0.139964
53,95,0.198063
53,96,0.158603
53,97,0.123325
53,98,0.085062
53,99,-0.005893
53,100,0.033273
53,101,0.057947
53,102,0.078832
53,103,0.109920
53,104,0.086346
53,105,0.122177
53,106,0.081854
53,107,0.079103
53,108,-0.002299
53,109,0.034902
53,110,-0.001711
53,111,0.042390
53,112,0.081832
53,113,0.239617
53,114,0.277833
53,115,0.233503
53,116,0.229467
53,117,0.172386
54,1,0.081352
54,2,0.053658
54,3,0.065030
54,4,0.001180
54,5,0.021971
54,6,0.010445
54,7,0.012157
54,8,0.118216
54,9,0.100264
54,10,0.090651
54,11,0.095921
54,12,0.097259
54,13,0.133972
54,14,0.121065
54,15,0.063961
54,16,0.105305
54,17,0.145695
54,18,0.080888
54,19,0.139022
54,20,0.090486
54,21,0.119300
54,22,0.089751
54,23,0.068371
54,24,0.148018
54,25,0.216678
54,26,0.188902
54,27,0.170572
54,28,0.166280
54,29,0.189205
54,30,0.169875
54,31,0.169543
54,32,0.102612
54,33,0.092087
54,34,0.132298
54,35,0.077494
54,36,0.064439
54,37,0.088667
54,38,0.036310
54,39,0.126813
54,40,0.168720
54,41,0.154886
54,42,0.119748
54,43,0.114189
54,44,0.153937
54,45,0.128155
54,46,0.185366
54,47,0.141095
54,48,0.329710
54,49,0.326963
54,50,0.456229
54,51,0.419475
54,52,0.497381
54,53,0.677128
54,54,1.000000
54,55,0.667271
54,56,0.173042
54,57,0.120685
54,58,0.092425
54,59,0.075966
54,60,0.038501
54,61,0.036158
54,62,0.067923
54,63,0.147336
54,64,0.078290
54,65,0.093437
54,66,0.064563
54,67,0.083011
54,68,0.141548
54,69,0.132860
54,70,0.191848
54,71,0.093357
54,72,0.095900
54,73,0.073052
54,74,0.061746
54,75,0.232424
54,76,0.108740
54,77,0.252424
54,78,0.252808
54,79,0.206623
54,80,0.361092
54,81,0.421434
54,82,0.200242
54,83,0.086582
54,84,0.106591
54,85,0.037014
54,86,-0.022909
54,87,0.030442
54,88,0.085123
54,89,0.098837
54,90,0.066884
54,91,0.121728
54,92,0.155841
54,93,0.156554
54,94,0.117018
54,95,0.155043
54,96,0.131575
54,97,0.089931
54,98,0.062842
54,99,-0.013083
54,100,0.023274
54,101,0.051018
54,102,0.080155
54,103,0.081345
54,104,0.093134
54,105,0.120593
54,106,0.082002
54,107,0.071073
54,108,-0.003217
54,109,0.031477
54,110,-0.000121
54,111,0.067648
54,112,0.090053
54,113,0.244478
54,114,0.324328
54,115,0.325940
54,116,0.314348
54,117,0.277569
55,1,0.201090
55,2,0.173655
55,3,0.147428
55,4,0.044440
55,5,0.058347
55,6,0.056683
55,7,0.050850
55,8,0.164780
55,9,0.164013
55,10,0.147453
55,11,0.135264
55,12,0.125595
55,13,0.138109
55,14,0.096979
55,15,0.059290
55,16,0.073455
55,17,0.098321
55,18,0.034724
55,19,0.146271
55,20,0.144906
55,21,0.159371
55,22,0.128189
55,23,0.180061
55,24,0.204551
55,25,0.258149
55,26,0.227431
55,27,0.193106
55,28,0.209285
55,29,0.261055
55,30,0.241891
55,31,0.246001
55,32,0.186452
55,33,0.175205
55,34,0.137800
55,35,0.092506
55,36,0.153896
55,37,0.184312
55,38,0.126411
55,39,0.124603
55,40,0.172510
55,41,0.162184
55,42,0.158576
55,43,0.139147
55,44,0.175713
55,45,0.116651
55,46,0.162200
55,47,0.073822
55,48,0.256383
55,49,0.284133
55,50,0.348594
55,51,0.389734
55,52,0.430961
55,53,0.546206
55,54,0.667271
55,55,1.000000
55,56,0.354345
55,57,0.289691
55,58,0.235998
55,59,0.229113
55,60,0.160369
55,61,0.154712
55,62,0.173526
55,63,0.196337
55,64,0.162875
55,65,0.184861
55,66,0.158495
55,67,0.206022
55,68,0.254141
55,69,0.186219
55,70,0.204346
55,71,0.130799
55,72,0.144451
55,73,0.086534
55,74,0.076050
55,75,0.219375
55,76,0.143918
55,77,0.274981
55,78,0.322098
55,79,0.278606
55,80,0.424976
55,81,0.468412
55,82,0.264535
55,83,0.176333
55,84,0.194649
55,85,0.066726
55,86,0.017121
55,87,0.075417
55,88,0.124019
55,89,0.109144
55,90,0.040435
55,91,0.123318
55,92,0.162447
55,93,0.124944
55,94,0.080123
55,95,0.144838
55,96,0.155587
55,97,0.120816
55,98,0.056117
55,99,0.000015
55,100,0.021810
55,101,0.038607
55,102,0.041964
55,103,0.064941
55,104,0.039064
55,105,0.075721
55,106,0.085952
55,107,0.109267
55,108,0.028091
55,109,0.074196
55,110,0.053361
55,111,0.172669
55,112,0.178874
55,113,0.304620
55,114,0.359682
55,115,0.339678
55,116,0.322579
55,117,0.250227
56,1,0.127074
56,2,0.134111
56,3,0.160019
56,4,0.100451
56,5,0.057923
56,6,0.040749
56,7,0.060396
56,8,0.113455
56,9,0.107653
56,10,0.081057
56,11,0.076728
56,12,0.090053
56,13,0.085622
56,14,0.110184
56,15,0.072865
56,16,0.067140
56,17,0.057422
56,18,0.017131
56,19,0.085872
56,20,0.131925
56,21,0.159407
56,22,0.136635
56,23,0.161380
56,24,0.077184
56,25,0.128611
56,26,0.139097
56,27,0.128358
56,28,0.128526
56,29,0.113175
56,30,0.103391
56,31,0.124166
56,32,0.107528
56,33,0.101767
56,34,0.080498
56,35,0.091472
56,36,0.248544
56,37,0.260772
56,38,0.243689
56,39,-0.013303
56,40,0.111778
56,41,0.153309
56,42,0.190647
56,43,0.134816
56,44,0.199058
56,45,0.169273
56,46,0.134350
56,47,0.092047
56,48,0.087289
56,49,0.139837
56,50,0.103833
56,51,0.106999
56,52,0.134803
56,53,0.172817
56,54,0.173042
56,55,0.354345
56,56,1.000000
56,57,0.596358
56,58,0.371833
56,59,0.356268
56,60,0.339416
56,61,0.276710
56,62,0.249750
56,63,0.218586
56,64,0.213026
56,65,0.225636
56,66,0.245079
56,67,0.245389
56,68,0.232299
56,69,0.142713
56,70,0.138304
56,71,0.115856
56,72,0.077760
56,73,0.054998
56,74,0.012142
56,75,0.067635
56,76,0.142455
56,77,0.195949
56,78,0.208332
56,79,0.199679
56,80,0.157520
56,81,0.126779
56,82,0.085842
56,83,0.136178
56,84,0.206595
56,85,0.081001
56,86,0.043679
56,87,0.138384
56,88,0.191569
56,89,0.089742
56,90,0.055783
56,91,0.129992
56,92,0.113140
56,93,0.081793
56,94,0.064579
56,95,0.085770
56,96,0.166987
56,97,0.141855
56,98,0.055681
56,99,0.032372
56,100,0.030989
56,101,-0.001251
56,102,0.022186
56,103,0.092913
56,104,0.092665
56,105,0.129059
56,106,0.089132
56,107,0.080138
56,108,0.021747
56,109,0.023225
56,110,0.054190
56,111,0.131691
56,112,0.132903
56,113,0.117047
56,114,0.112577
56,115,0.094324
56,116,0.101650
56,117,0.077026
57,1,0.228990
57,2,0.258643
57,3,0.281157
57,4,0.177222
57,5,0.116936
57,6,0.085819
57,7,0.120014
57,8,0.183109
57,9,0.209057
57,10,0.189935
57,11,0.167527
57,12,0.157830
57,13,0.121810
57,14,0.099776
57,15,0.116706
57,16,0.109649
57,17,0.063473
57,18,0.015583
57,19,0.148451
57,20,0.230329
57,21,0.261327
57,22,0.174053
57,23,0.239373
57,24,0.132716
57,25,0.195855
57,26,0.190444
57,27,0.178560
57,28,0.167019
57,29,0.207725
57,30,0.217214
57,31,0.205640
57,32,0.205277
57,33,0.213602
57,34,0.161762
57,35,0.164062
57,36,0.422355
57,37,0.535412
57,38,0.470900
57,39,-0.033296
57,40,0.157588
57,41,0.200472
57,42,0.309793
57,43,0.215670
57,44,0.300897
57,45,0.224787
57,46,0.190469
57,47,0.099781
57,48,0.085623
57,49,0.177568
57,50,0.108231
57,51,0.137431
57,52,0.155099
57,53,0.169852
57,54,0.120685
57,55,0.289691
57,56,0.596358
57,57,1.000000
57,58,0.757478
57,59,0.587739
57,60,0.536593
57,61,0.470493
57,62,0.455038
57,63,0.376881
57,64,0.384676
57,65,0.347912
57,66,0.328481
57,67,0.370128
57,68,0.307231
57,69,0.182232
57,70,0.200445
57,71,0.129093
57,72,0.062343
57,73,0.027226
57,74,0.024964
57,75,0.040838
57,76,0.197119
57,77,0.210057
57,78,0.222933
57,79,0.222482
57,80,0.191361
57,81,0.131240
57,82,0.104572
57,83,0.113305
57,84,0.145762
57,85,0.095427
57,86,0.023140
57,87,0.106740
57,88,0.208042
57,89,0.087844
57,90,0.054056
57,91,0.163520
57,92,0.158486
57,93,0.102789
57,94,0.092065
57,95,0.121224
57,96,0.194569
57,97,0.165220
57,98,0.056859
57,99,0.041203
57,100,0.038245
57,101,0.014643
57,102,0.042428
57,103,0.117882
57,104,0.118266
57,105,0.112595
57,106,0.113025
57,107,0.141717
57,108,0.052422
57,109,0.059941
57,110,0.091359
57,111,0.128912
57,112,0.131634
57,113,0.147526
57,114,0.134889
57,115,0.095096
57,116,0.099407
57,117,0.037206
58,1,0.256883
58,2,0.313424
58,3,0.354270
58,4,0.254482
58,5,0.163950
58,6,0.129349
58,7,0.152699
58,8,0.206591
58,9,0.245354
58,10,0.251453
58,11,0.232556
58,12,0.214683
58,13,0.158432
58,14,0.133174
58,15,0.154514
58,16,0.151193
58,17,0.095599
58,18,0.042489
58,19,0.194092
58,20,0.281311
58,21,0.323532
58,22,0.209068
58,23,0.279983
58,24,0.151348
58,25,0.216793
58,26,0.219221
58,27,0.216421
58,28,0.202385
58,29,0.256980
58,30,0.262254
58,31,0.244603
58,32,0.270897
58,33,0.278189
58,34,0.226619
58,35,0.230581
58,36,0.526977
58,37,0.722344
58,38,0.597306
58,39,-0.026227
58,40,0.201648
58,41,0.231623
58,42,0.378740
58,43,0.249328
58,44,0.367793
58,45,0.270979
58,46,0.235898
58,47,0.119185
58,48,0.080744
58,49,0.218277
58,50,0.122139
58,51,0.173396
58,52,0.169114
58,53,0.169491
58,54,0.092425
58,55,0.235998
58,56,0.371833
58,57,0.757478
58,58,1.000000
58,59,0.628962
58,60,0.619662
58,61,0.585058
58,62,0.582585
58,63,0.470606
58,64,0.483168
58,65,0.423210
58,66,0.375723
58,67,0.416338
58,68,0.323274
58,69,0.186108
58,70,0.212661
58,71,0.127217
58,72,0.061428
58,73,0.011462
58,74,0.011103
58,75,0.021122
58,76,0.237705
58,77,0.220553
58,78,0.222316
58,79,0.217801
58,80,0.201252
58,81,0.097650
58,82,0.087908
58,83,0.070629
58,84,0.080559
58,85,0.056606
58,86,-0.003046
58,87,0.087966
58,88,0.209247
58,89,0.114172
58,90,0.056545
58,91,0.179228
58,92,0.183771
58,93,0.125417
58,94,0.124953
58,95,0.154786
58,96,0.220137
58,97,0.199838
58,98,0.083553
58,99,0.062982
58,100,0.075683
58,101,0.045021
58,102,0.059657
58,103,0.124227
58,104,0.146579
58,105,0.120719
58,106,0.127390
58,107,0.148592
58,108,0.071516
58,109,0.052408
58,110,0.094030
58,111,0.116031
58,112,0.121224
58,113,0.136795
58,114,0.110209
58,115,0.066805
58,116,0.073533
58,117,-0.008939
59,1,0.308300
59,2,0.357109
59,3,0.338525
59,4,0.200175
59,5,0.184098
59,6,0.164919
59,7,0.162363
59,8,0.201686
59,9,0.248321
59,10,0.252308
59,11,0.227665
59,12,0.201371
59,13,0.153469
59,14,0.152832
59,15,0.144419
59,16,0.165066
59,17,0.094164
59,18,0.012861
59,19,0.163547
59,20,0.263414
59,21,0.320417
59,22,0.230500
59,23,0.307177
59,24,0.125860
59,25,0.203039
59,26,0.215783
59,27,0.219134
59,28,0.196892
59,29,0.247305
59,30,0.245383
59,31,0.219079
59,32,0.254121
59,33,0.270712
59,34,0.201053
59,35,0.206856
59,36,0.525958
59,37,0.543605
59,38,0.499262
59,39,-0.041871
59,40,0.137801
59,41,0.191285
59,42,0.334199
59,43,0.231681
59,44,0.340775
59,45,0.223567
59,46,0.199140
59,47,0.098697
59,48,0.065227
59,49,0.169272
59,50,0.104463
59,51,0.137061
59,52,0.135206
59,53,0.135248
59,54,0.075966
59,55,0.229113
59,56,0.356268
59,57,0.587739
59,58,0.628962
59,59,1.000000
59,60,0.744507
59,61,0.639398
59,62,0.605000
59,63,0.444563
59,64,0.506701
59,65,0.435376
59,66,0.399923
59,67,0.448938
59,68,0.349855
59,69,0.219362
59,70,0.208076
59,71,0.153077
59,72,0.019398
59,73,-0.002784
59,74,-0.023199
59,75,-0.006934
59,76,0.235039
59,77,0.195984
59,78,0.239585
59,79,0.249476
59,80,0.221065
59,81,0.120792
59,82,0.094892
59,83,0.110034
59,84,0.111634
59,85,0.047492
59,86,0.020918
59,87,0.086695
59,88,0.165181
59,89,0.113285
59,90,0.044221
59,91,0.133329
59,92,0.138020
59,93,0.077757
59,94,0.068774
59,95,0.098564
59,96,0.170795
59,97,0.145961
59,98,0.024336
59,99,0.009164
59,100,-0.000088
59,101,-0.024461
59,102,-0.016190
59,103,0.069920
59,104,0.088993
59,105,0.089361
59,106,0.135183
59,107,0.178478
59,108,0.087393
59,109,0.094149
59,110,0.121947
59,111,0.097685
59,112,0.099721
59,113,0.150799
59,114,0.135317
59,115,0.067217
59,116,0.066039
59,117,-0.015538
60,1,0.318694
60,2,0.378489
60,3,0.393202
60,4,0.236627
60,5,0.135641
60,6,0.102155
60,7,0.122604
60,8,0.156191
60,9,0.205076
60,10,0.211726
60,11,0.216555
60,12,0.170710
60,13,0.110564
60,14,0.162645
60,15,0.165172
60,16,0.172028
60,17,0.098707
60,18,0.056296
60,19,0.228971
60,20,0.354479
60,21,0.421500
60,22,0.300741
60,23,0.353173
60,24,0.121609
60,25,0.159881
60,26,0.188160
60,27,0.183943
60,28,0.156971
60,29,0.210705
60,30,0.205043
60,31,0.194911
60,32,0.251692
60,33,0.294634
60,34,0.241979
60,35,0.299515
60,36,0.615490
60,37,0.591892
60,38,0.558435
60,39,-0.000375
60,40,0.173019
60,41,0.209670
60,42,0.378211
60,43,0.240965
60,44,0.415578
60,45,0.293422
60,46,0.247257
60,47,0.162495
60,48,0.079348
60,49,0.219949
60,50,0.118576
60,51,0.154212
60,52,0.138762
60,53,0.114552
60,54,0.038501
60,55,0.160369
60,56,0.339416
60,57,0.536593
60,58,0.619662
60,59,0.744507
60,60,1.000000
60,61,0.807021
60,62,0.705419
60,63,0.504544
60,64,0.614798
60,65,0.552692
60,66,0.484661
60,67,0.483200
60,68,0.330396
60,69,0.174698
60,70,0.163112
60,71,0.115434
60,72,0.035965
60,73,-0.038878
60,74,-0.046103
60,75,-0.020708
60,76,0.212814
60,77,0.194560
60,78,0.219124
60,79,0.229597
60,80,0.181846
60,81,0.040919
60,82,0.046779
60,83,0.081056
60,84,0.087489
60,85,0.035559
60,86,0.040332
60,87,0.116669
60,88,0.181285
60,89,0.121659
60,90,0.108307
60,91,0.196671
60,92,0.171028
60,93,0.115943
60,94,0.124024
60,95,0.145103
60,96,0.246446
60,97,0.224184
60,98,0.111090
60,99,0.085820
60,100,0.104204
60,101,0.077909
60,102,0.067606
60,103,0.135271
60,104,0.143838
60,105,0.153620
60,106,0.164691
60,107,0.206836
60,108,0.123920
60,109,0.096125
60,110,0.127803
60,111,0.098380
60,112,0.108718
60,113,0.143229
60,114,0.121431
60,115,0.066044
60,116,0.072745
60,117,-0.010053
61,1,0.307351
61,2,0.392522
61,3,0.441011
61,4,0.248717
61,5,0.131979
61,6,0.096327
61,7,0.134843
61,8,0.172872
61,9,0.223324
61,10,0.216740
61,11,0.212615
61,12,0.168540
61,13,0.097308
61,14,0.182419
61,15,0.188207
61,16,0.183234
61,17,0.111339
61,18,0.064338
61,19,0.309413
61,20,0.443807
61,21,0.546893
61,22,0.377045
61,23,0.418106
61,24,0.111311
61,25,0.131412
61,26,0.160481
61,27,0.173543
61,28,0.150213
61,29,0.195855
61,30,0.198264
61,31,0.217435
61,32,0.298691
61,33,0.354019
61,34,0.367631
61,35,0.436100
61,36,0.740919
61,37,0.631007
61,38,0.627810
61,39,0.017182
61,40,0.197644
61,41,0.243849
61,42,0.439546
61,43,0.279834
61,44,0.509657
61,45,0.334749
61,46,0.288240
61,47,0.204557
61,48,0.083573
61,49,0.276361
61,50,0.160949
61,51,0.200438
61,52,0.153586
61,53,0.120602
61,54,0.036158
61,55,0.154712
61,56,0.276710
61,57,0.470493
61,58,0.585058
61,59,0.639398
61,60,0.807021
61,61,1.000000
61,62,0.865828
61,63,0.617793
61,64,0.754601
61,65,0.677420
61,66,0.540418
61,67,0.521691
61,68,0.364237
61,69,0.191189
61,70,0.192078
61,71,0.104732
61,72,0.065275
61,73,0.011911
61,74,-0.011090
61,75,0.012717
61,76,0.282869
61,77,0.249033
61,78,0.246886
61,79,0.258051
61,80,0.188266
61,81,0.038188
61,82,0.035782
61,83,0.072349
61,84,0.082409
61,85,0.026652
61,86,0.040617
61,87,0.111465
61,88,0.156401
61,89,0.096017
61,90,0.103885
61,91,0.190068
61,92,0.182116
61,93,0.130918
61,94,0.141149
61,95,0.169287
61,96,0.266214
61,97,0.246309
61,98,0.129226
61,99,0.095389
61,100,0.137178
61,101,0.099562
61,102,0.084852
61,103,0.159901
61,104,0.181078
61,105,0.185886
61,106,0.184936
61,107,0.206666
61,108,0.113649
61,109,0.079367
61,110,0.135426
61,111,0.108021
61,112,0.102773
61,113,0.149668
61,114,0.124963
61,115,0.053590
61,116,0.066518
61,117,-0.021643
62,1,0.307954
62,2,0.394460
62,3,0.463228
62,4,0.271510
62,5,0.152342
62,6,0.109169
62,7,0.135984
62,8,0.193527
62,9,0.241039
62,10,0.244748
62,11,0.243048
62,12,0.199081
62,13,0.124609
62,14,0.211076
62,15,0.208642
62,16,0.211148
62,17,0.135731
62,18,0.091981
62,19,0.332259
62,20,0.457997
62,21,0.567609
62,22,0.357248
62,23,0.381862
62,24,0.128583
62,25,0.165348
62,26,0.204402
62,27,0.211662
62,28,0.191182
62,29,0.239473
62,30,0.237805
62,31,0.240391
62,32,0.315339
62,33,0.376980
62,34,0.428436
62,35,0.474967
62,36,0.760463
62,37,0.643306
62,38,0.637039
62,39,0.046383
62,40,0.230336
62,41,0.267916
62,42,0.489642
62,43,0.315949
62,44,0.582533
62,45,0.377957
62,46,0.337413
62,47,0.232274
62,48,0.116673
62,49,0.336464
62,50,0.208617
62,51,0.253628
62,52,0.214021
62,53,0.160285
62,54,0.067923
62,55,0.173526
62,56,0.249750
62,57,0.455038
62,58,0.582585
62,59,0.605000
62,60,0.705419
62,61,0.865828
62,62,1.000000
62,63,0.694956
62,64,0.810093
62,65,0.668637
62,66,0.497157
62,67,0.479056
62,68,0.355890
62,69,0.186445
62,70,0.215417
62,71,0.108525
62,72,0.075705
62,73,0.011848
62,74,0.007613
62,75,0.051596
62,76,0.331076
62,77,0.298107
62,78,0.285851
62,79,0.274994
62,80,0.214252
62,81,0.059863
62,82,0.054136
62,83,0.068433
62,84,0.070633
62,85,0.027666
62,86,0.027146
62,87,0.105970
62,88,0.161068
62,89,0.105319
62,90,0.101075
62,91,0.203137
62,92,0.197536
62,93,0.141663
62,94,0.151910
62,95,0.188675
62,96,0.291915
62,97,0.272572
62,98,0.160992
62,99,0.107454
62,100,0.156701
62,101,0.132338
62,102,0.118792
62,103,0.192277
62,104,0.210688
62,105,0.198075
62,106,0.177735
62,107,0.207453
62,108,0.119111
62,109,0.081595
62,110,0.133661
62,111,0.093356
62,112,0.091447
62,113,0.156373
62,114,0.137975
62,115,0.076664
62,116,0.083916
62,117,-0.012347
63,1,0.248623
63,2,0.329631
63,3,0.436565
63,4,0.228276
63,5,0.115882
63,6,0.070644
63,7,0.122976
63,8,0.195358
63,9,0.228077
63,10,0.228218
63,11,0.229905
63,12,0.185845
63,13,0.132009
63,14,0.219510
63,15,0.230320
63,16,0.219028
63,17,0.180919
63,18,0.107012
63,19,0.318763
63,20,0.402801
63,21,0.494834
63,22,0.292662
63,23,0.303697
63,24,0.165871
63,25,0.212007
63,26,0.249645
63,27,0.241437
63,28,0.215913
63,29,0.277287
63,30,0.255845
63,31,0.229009
63,32,0.271438
63,33,0.343416
63,34,0.421559
63,35,0.391120
63,36,0.593481
63,37,0.536919
63,38,0.511016
63,39,0.097852
63,40,0.320108
63,41,0.342328
63,42,0.584104
63,43,0.406815
63,44,0.686080
63,45,0.422173
63,46,0.426660
63,47,0.266595
63,48,0.185421
63,49,0.386723
63,50,0.284702
63,51,0.331209
63,52,0.285746
63,53,0.228922
63,54,0.147336
63,55,0.196337
63,56,0.218586
63,57,0.376881
63,58,0.470606
63,59,0.444563
63,60,0.504544
63,61,0.617793
63,62,0.694956
63,63,1.000000
63,64,0.676010
63,65,0.542020
63,66,0.372585
63,67,0.377214
63,68,0.313202
63,69,0.157090
63,70,0.222087
63,71,0.100881
63,72,0.105766
63,73,0.040158
63,74,0.040764
63,75,0.141275
63,76,0.350345
63,77,0.345145
63,78,0.293819
63,79,0.256964
63,80,0.236986
63,81,0.083372
63,82,0.064619
63,83,0.037201
63,84,0.044046
63,85,0.023859
63,86,-0.008671
63,87,0.067476
63,88,0.141487
63,89,0.123773
63,90,0.088745
63,91,0.192883
63,92,0.223258
63,93,0.156710
63,94,0.128377
63,95,0.185879
63,96,0.266814
63,97,0.261792
63,98,0.164590
63,99,0.104343
63,100,0.161879
63,101,0.156644
63,102,0.154101
63,103,0.196508
63,104,0.249337
63,105,0.232539
63,106,0.193807
63,107,0.192712
63,108,0.101299
63,109,0.074761
63,110,0.127947
63,111,0.102534
63,112,0.107795
63,113,0.211258
63,114,0.224027
63,115,0.164014
63,116,0.173384
63,117,0.082196
64,1,0.285178
64,2,0.353334
64,3,0.417417
64,4,0.249942
64,5,0.160086
64,6,0.099619
64,7,0.095741
64,8,0.153677
64,9,0.214675
64,10,0.219728
64,11,0.233231
64,12,0.182159
64,13,0.117672
64,14,0.192071
64,15,0.198063
64,16,0.185034
64,17,0.139733
64,18,0.109375
64,19,0.385552
64,20,0.519427
64,21,0.681311
64,22,0.451397
64,23,0.432734
64,24,0.127316
64,25,0.123099
64,26,0.166114
64,27,0.174665
64,28,0.164290
64,29,0.209178
64,30,0.199949
64,31,0.223772
64,32,0.286272
64,33,0.346820
64,34,0.393198
64,35,0.419857
64,36,0.670502
64,37,0.548983
64,38,0.570641
64,39,0.058546
64,40,0.201833
64,41,0.225214
64,42,0.473660
64,43,0.300841
64,44,0.595440
64,45,0.399705
64,46,0.345178
64,47,0.264738
64,48,0.131807
64,49,0.335869
64,50,0.210070
64,51,0.241543
64,52,0.202347
64,53,0.149668
64,54,0.078290
64,55,0.162875
64,56,0.213026
64,57,0.384676
64,58,0.483168
64,59,0.506701
64,60,0.614798
64,61,0.754601
64,62,0.810093
64,63,0.676010
64,64,1.000000
64,65,0.800385
64,66,0.563424
64,67,0.497937
64,68,0.358517
64,69,0.171798
64,70,0.190787
64,71,0.067797
64,72,0.088997
64,73,0.020679
64,74,0.003046
64,75,0.064753
64,76,0.289539
64,77,0.275834
64,78,0.248868
64,79,0.234998
64,80,0.175100
64,81,0.031181
64,82,0.040029
64,83,0.040917
64,84,0.033217
64,85,-0.001696
64,86,0.007220
64,87,0.089593
64,88,0.120154
64,89,0.074407
64,90,0.085521
64,91,0.174268
64,92,0.170284
64,93,0.117240
64,94,0.130191
64,95,0.168653
64,96,0.280562
64,97,0.283856
64,98,0.179135
64,99,0.121291
64,100,0.184967
64,101,0.159469
64,102,0.147927
64,103,0.196798
64,104,0.211448
64,105,0.216711
64,106,0.196776
64,107,0.208219
64,108,0.125737
64,109,0.067765
64,110,0.125666
64,111,0.085913
64,112,0.084484
64,113,0.167859
64,114,0.159139
64,115,0.094735
64,116,0.113561
64,117,0.028754
65,1,0.263684
65,2,0.300914
65,3,0.347357
65,4,0.222015
65,5,0.136319
65,6,0.070158
65,7,0.061718
65,8,0.134885
65,9,0.186945
65,10,0.185619
65,11,0.197697
65,12,0.146636
65,13,0.105743
65,14,0.179084
65,15,0.187241
65,16,0.180518
65,17,0.137588
65,18,0.113304
65,19,0.407098
65,20,0.547938
65,21,0.748225
65,22,0.579419
65,23,0.549119
65,24,0.137286
65,25,0.100652
65,26,0.131816
65,27,0.128286
65,28,0.132113
65,29,0.168162
65,30,0.168036
65,31,0.210628
65,32,0.260336
65,33,0.309496
65,34,0.330580
65,35,0.365871
65,36,0.577729
65,37,0.472742
65,38,0.488573
65,39,0.049348
65,40,0.148349
65,41,0.170680
65,42,0.379890
65,43,0.229795
65,44,0.489066
65,45,0.322497
65,46,0.288430
65,47,0.267039
65,48,0.132814
65,49,0.316139
65,50,0.200716
65,51,0.234485
65,52,0.169170
65,53,0.139680
65,54,0.093437
65,55,0.184861
65,56,0.225636
65,57,0.347912
65,58,0.423210
65,59,0.435376
65,60,0.552692
65,61,0.677420
65,62,0.668637
65,63,0.542020
65,64,0.800385
65,65,1.000000
65,66,0.715097
65,67,0.578546
65,68,0.390068
65,69,0.181800
65,70,0.162730
65,71,0.064276
65,72,0.087568
65,73,0.033561
65,74,0.018427
65,75,0.072061
65,76,0.259231
65,77,0.255316
65,78,0.209132
65,79,0.202144
65,80,0.169931
65,81,0.041985
65,82,0.046261
65,83,0.043275
65,84,0.021521
65,85,-0.030512
65,86,0.017424
65,87,0.090906
65,88,0.087886
65,89,0.036149
65,90,0.078491
65,91,0.140086
65,92,0.119173
65,93,0.088676
65,94,0.101626
65,95,0.124838
65,96,0.242355
65,97,0.258630
65,98,0.179575
65,99,0.118457
65,100,0.174594
65,101,0.153774
65,102,0.141462
65,103,0.171154
65,104,0.184762
65,105,0.204170
65,106,0.181462
65,107,0.181125
65,108,0.105486
65,109,0.071231
65,110,0.133976
65,111,0.104722
65,112,0.098693
65,113,0.167674
65,114,0.159462
65,115,0.110278
65,116,0.133635
65,117,0.035664
66,1,0.189495
66,2,0.211424
66,3,0.244611
66,4,0.161192
66,5,0.113973
66,6,0.053172
66,7,0.039916
66,8,0.082171
66,9,0.135070
66,10,0.120516
66,11,0.136175
66,12,0.110670
66,13,0.076652
66,14,0.124273
66,15,0.136028
66,16,0.112387
66,17,0.084057
66,18,0.073049
66,19,0.283589
66,20,0.416291
66,21,0.579577
66,22,0.548023
66,23,0.502166
66,24,0.084966
66,25,0.048252
66,26,0.078224
66,27,0.080908
66,28,0.087305
66,29,0.092934
66,30,0.093201
66,31,0.146233
66,32,0.180031
66,33,0.205648
66,34,0.185482
66,35,0.219009
66,36,0.423215
66,37,0.365654
66,38,0.387451
66,39,-0.030140
66,40,0.092056
66,41,0.125625
66,42,0.266694
66,43,0.140421
66,44,0.329120
66,45,0.253670
66,46,0.179372
66,47,0.224637
66,48,0.044787
66,49,0.193128
66,50,0.092295
66,51,0.109768
66,52,0.083602
66,53,0.080889
66,54,0.064563
66,55,0.158495
66,56,0.245079
66,57,0.328481
66,58,0.375723
66,59,0.399923
66,60,0.484661
66,61,0.540418
66,62,0.497157
66,63,0.372585
66,64,0.563424
66,65,0.715097
66,66,1.000000
66,67,0.710714
66,68,0.429938
66,69,0.202867
66,70,0.111202
66,71,0.031524
66,72,0.052047
66,73,0.016824
66,74,-0.020373
66,75,0.015548
66,76,0.177321
66,77,0.184776
66,78,0.150860
66,79,0.157737
66,80,0.105356
66,81,0.030942
66,82,0.028623
66,83,0.035127
66,84,0.026174
66,85,-0.031644
66,86,0.011303
66,87,0.086247
66,88,0.080121
66,89,0.021859
66,90,0.048095
66,91,0.091312
66,92,0.067548
66,93,0.044194
66,94,0.060987
66,95,0.064394
66,96,0.183356
66,97,0.186597
66,98,0.111584
66,99,0.066616
66,100,0.103810
66,101,0.069783
66,102,0.080241
66,103,0.096145
66,104,0.126901
66,105,0.145737
66,106,0.127238
66,107,0.141730
66,108,0.105948
66,109,0.068705
66,110,0.116295
66,111,0.111719
66,112,0.102527
66,113,0.109915
66,114,0.097956
66,115,0.058577
66,116,0.090284
66,117,0.009091
67,1,0.314338
67,2,0.363331
67,3,0.354523
67,4,0.218359
67,5,0.179985
67,6,0.142046
67,7,0.151950
67,8,0.205563
67,9,0.261049
67,10,0.246230
67,11,0.224859
67,12,0.178140
67,13,0.138786
67,14,0.132401
67,15,0.143240
67,16,0.136969
67,17,0.096826
67,18,0.047808
67,19,0.274365
67,20,0.381615
67,21,0.482274
67,22,0.478458
67,23,0.610493
67,24,0.179199
67,25,0.146139
67,26,0.170404
67,27,0.166708
67,28,0.170166
67,29,0.211516
67,30,0.222448
67,31,0.238731
67,32,0.275574
67,33,0.279603
67,34,0.229422
67,35,0.242702
67,36,0.429210
67,37,0.400673
67,38,0.387905
67,39,0.009350
67,40,0.128619
67,41,0.145811
67,42,0.269629
67,43,0.171880
67,44,0.310330
67,45,0.202829
67,46,0.180125
67,47,0.152974
67,48,0.045942
67,49,0.196607
67,50,0.100428
67,51,0.145322
67,52,0.131776
67,53,0.131639
67,54,0.083011
67,55,0.206022
67,56,0.245389
67,57,0.370128
67,58,0.416338
67,59,0.448938
67,60,0.483200
67,61,0.521691
67,62,0.479056
67,63,0.377214
67,64,0.497937
67,65,0.578546
67,66,0.710714
67,67,1.000000
67,68,0.602034
67,69,0.332969
67,70,0.223503
67,71,0.152356
67,72,0.060969
67,73,0.004626
67,74,-0.001791
67,75,0.006199
67,76,0.178144
67,77,0.150210
67,78,0.189902
67,79,0.202712
67,80,0.154121
67,81,0.064273
67,82,0.088807
67,83,0.097467
67,84,0.096607
67,85,0.032018
67,86,0.036656
67,87,0.103094
67,88,0.131580
67,89,0.090975
67,90,0.085164
67,91,0.137463
67,92,0.138407
67,93,0.098290
67,94,0.100604
67,95,0.108964
67,96,0.173340
67,97,0.176534
67,98,0.109977
67,99,0.070079
67,100,0.094029
67,101,0.074881
67,102,0.071813
67,103,0.074584
67,104,0.100939
67,105,0.100572
67,106,0.111007
67,107,0.149990
67,108,0.097254
67,109,0.072704
67,110,0.098887
67,111,0.112060
67,112,0.116555
67,113,0.139660
67,114,0.104428
67,115,0.055111
67,116,0.063085
67,117,-0.027596
68,1,0.263793
68,2,0.286146
68,3,0.279930
68,4,0.179395
68,5,0.165122
68,6,0.139671
68,7,0.117505
68,8,0.148894
68,9,0.186196
68,10,0.186186
68,11,0.210849
68,12,0.193413
68,13,0.159345
68,14,0.142946
68,15,0.135611
68,16,0.152942
68,17,0.134997
68,18,0.042239
68,19,0.192766
68,20,0.265525
68,21,0.319417
68,22,0.285699
68,23,0.365355
68,24,0.168420
68,25,0.151532
68,26,0.157921
68,27,0.160911
68,28,0.182571
68,29,0.216984
68,30,0.204935
68,31,0.196920
68,32,0.217390
68,33,0.223231
68,34,0.165763
68,35,0.149410
68,36,0.325836
68,37,0.315123
68,38,0.287086
68,39,0.007580
68,40,0.119938
68,41,0.140454
68,42,0.221467
68,43,0.161990
68,44,0.250497
68,45,0.170401
68,46,0.165499
68,47,0.139920
68,48,0.091627
68,49,0.194083
68,50,0.171347
68,51,0.188123
68,52,0.205848
68,53,0.176528
68,54,0.141548
68,55,0.254141
68,56,0.232299
68,57,0.307231
68,58,0.323274
68,59,0.349855
68,60,0.330396
68,61,0.364237
68,62,0.355890
68,63,0.313202
68,64,0.358517
68,65,0.390068
68,66,0.429938
68,67,0.602034
68,68,1.000000
68,69,0.562574
68,70,0.296493
68,71,0.175436
68,72,0.059628
68,73,0.019465
68,74,-0.041038
68,75,0.021052
68,76,0.141661
68,77,0.169105
68,78,0.177399
68,79,0.156111
68,80,0.156152
68,81,0.116914
68,82,0.103276
68,83,0.095096
68,84,0.099301
68,85,0.033369
68,86,0.027095
68,87,0.082257
68,88,0.114788
68,89,0.104625
68,90,0.060066
68,91,0.112764
68,92,0.133560
68,93,0.113916
68,94,0.094432
68,95,0.106158
68,96,0.139780
68,97,0.129248
68,98,0.064055
68,99,0.008484
68,100,0.021298
68,101,0.000208
68,102,0.000810
68,103,0.019945
68,104,0.066448
68,105,0.065490
68,106,0.101568
68,107,0.093409
68,108,0.058767
68,109,0.067645
68,110,0.079833
68,111,0.150652
68,112,0.148584
68,113,0.189266
68,114,0.177848
68,115,0.119464
68,116,0.153048
68,117,0.060460
69,1,0.191187
69,2,0.200752
69,3,0.171004
69,4,0.078538
69,5,0.135707
69,6,0.107579
69,7,0.093158
69,8,0.125237
69,9,0.136301
69,10,0.130775
69,11,0.140901
69,12,0.136675
69,13,0.136152
69,14,0.098664
69,15,0.107648
69,16,0.137752
69,17,0.140340
69,18,0.017187
69,19,0.096270
69,20,0.113883
69,21,0.124739
69,22,0.146423
69,23,0.206504
69,24,0.159493
69,25,0.136422
69,26,0.133965
69,27,0.139600
69,28,0.159480
69,29,0.164896
69,30,0.146044
69,31,0.160155
69,32,0.162777
69,33,0.154667
69,34,0.097847
69,35,0.076091
69,36,0.155955
69,37,0.186608
69,38,0.159419
69,39,0.013793
69,40,0.061845
69,41,0.091808
69,42,0.117180
69,43,0.093911
69,44,0.113223
69,45,0.076981
69,46,0.104028
69,47,0.078814
69,48,0.073919
69,49,0.130625
69,50,0.157240
69,51,0.156143
69,52,0.169002
69,53,0.146041
69,54,0.132860
69,55,0.186219
69,56,0.142713
69,57,0.182232
69,58,0.186108
69,59,0.219362
69,60,0.174698
69,61,0.191189
69,62,0.186445
69,63,0.157090
69,64,0.171798
69,65,0.181800
69,66,0.202867
69,67,0.332969
69,68,0.562574
69,69,1.000000
69,70,0.489004
69,71,0.196403
69,72,0.038608
69,73,0.058515
69,74,-0.006094
69,75,0.010197
69,76,0.114748
69,77,0.107534
69,78,0.090524
69,79,0.102453
69,80,0.126609
69,81,0.118467
69,82,0.111632
69,83,0.090337
69,84,0.089200
69,85,0.036706
69,86,0.051531
69,87,0.069981
69,88,0.088892
69,89,0.085173
69,90,0.076078
69,91,0.119962
69,92,0.125084
69,93,0.111304
69,94,0.097114
69,95,0.112381
69,96,0.114603
69,97,0.096743
69,98,0.049885
69,99,-0.006383
69,100,0.006175
69,101,-0.013939
69,102,0.011636
69,103,0.006956
69,104,0.055343
69,105,0.054964
69,106,0.098243
69,107,0.101603
69,108,0.049272
69,109,0.070188
69,110,0.064074
69,111,0.077015
69,112,0.065971
69,113,0.139584
69,114,0.118883
69,115,0.078889
69,116,0.105186
69,117,0.034651
70,1,0.186908
70,2,0.209954
70,3,0.263722
70,4,0.165977
70,5,0.177821
70,6,0.156252
70,7,0.140831
70,8,0.183515
70,9,0.213363
70,10,0.223897
70,11,0.211233
70,12,0.204472
70,13,0.194734
70,14,0.212756
70,15,0.196510
70,16,0.226519
70,17,0.216897
70,18,0.027996
70,19,0.049380
70,20,0.056707
70,21,0.094907
70,22,0.062874
70,23,0.119507
70,24,0.197301
70,25,0.245300
70,26,0.268857
70,27,0.262484
70,28,0.246619
70,29,0.288074
70,30,0.259375
70,31,0.206459
70,32,0.187225
70,33,0.182738
70,34,0.196722
70,35,0.137718
70,36,0.192817
70,37,0.220832
70,38,0.188858
70,39,0.118266
70,40,0.203087
70,41,0.200821
70,42,0.172854
70,43,0.159593
70,44,0.184421
70,45,0.125752
70,46,0.158323
70,47,0.051535
70,48,0.112311
70,49,0.134913
70,50,0.165974
70,51,0.200161
70,52,0.261433
70,53,0.239162
70,54,0.191848
70,55,0.204346
70,56,0.138304
70,57,0.200445
70,58,0.212661
70,59,0.208076
70,60,0.163112
70,61,0.192078
70,62,0.215417
70,63,0.222087
70,64,0.190787
70,65,0.162730
70,66,0.111202
70,67,0.223503
70,68,0.296493
70,69,0.489004
70,70,1.000000
70,71,0.440481
70,72,0.142016
70,73,0.115558
70,74,0.083770
70,75,0.107977
70,76,0.183835
70,77,0.171163
70,78,0.144622
70,79,0.129467
70,80,0.155732
70,81,0.122628
70,82,0.100655
70,83,0.044214
70,84,0.059998
70,85,0.047640
70,86,0.042247
70,87,0.043495
70,88,0.111439
70,89,0.139947
70,90,0.089625
70,91,0.144470
70,92,0.196604
70,93,0.196463
70,94,0.198419
70,95,0.202406
70,96,0.119998
70,97,0.119996
70,98,0.106396
70,99,0.073044
70,100,0.093980
70,101,0.058698
70,102,0.091444
70,103,0.009310
70,104,0.106357
70,105,0.105691
70,106,0.101626
70,107,0.105559
70,108,0.027019
70,109,0.045999
70,110,0.038623
70,111,0.063315
70,112,0.061297
70,113,0.187600
70,114,0.147924
70,115,0.072910
70,116,0.094981
70,117,0.018268
71,1,0.154195
71,2,0.178358
71,3,0.192533
71,4,0.203280
71,5,0.153291
71,6,0.151629
71,7,0.140451
71,8,0.176285
71,9,0.193869
71,10,0.227285
71,11,0.233910
71,12,0.231220
71,13,0.225668
71,14,0.193609
71,15,0.127590
71,16,0.148115
71,17,0.100820
71,18,0.034135
71,19,0.033828
71,20,0.035993
71,21,0.044968
71,22,0.051480
71,23,0.141053
71,24,0.177152
71,25,0.260334
71,26,0.288021
71,27,0.280289
71,28,0.312093
71,29,0.326742
71,30,0.270584
71,31,0.157692
71,32,0.122466
71,33,0.085457
71,34,0.049422
71,35,0.030341
71,36,0.110935
71,37,0.115497
71,38,0.099592
71,39,0.086756
71,40,0.198485
71,41,0.135789
71,42,0.077157
71,43,0.081581
71,44,0.099660
71,45,0.055996
71,46,0.087876
71,47,0.052850
71,48,0.064966
71,49,0.088915
71,50,0.059242
71,51,0.079861
71,52,0.133616
71,53,0.137479
71,54,0.093357
71,55,0.130799
71,56,0.115856
71,57,0.129093
71,58,0.127217
71,59,0.153077
71,60,0.115434
71,61,0.104732
71,62,0.108525
71,63,0.100881
71,64,0.067797
71,65,0.064276
71,66,0.031524
71,67,0.152356
71,68,0.175436
71,69,0.196403
71,70,0.440481
71,71,1.000000
71,72,0.240344
71,73,0.106855
71,74,0.130187
71,75,0.029854
71,76,0.070850
71,77,0.087112
71,78,0.098693
71,79,0.144283
71,80,0.137330
71,81,0.078294
71,82,0.101937
71,83,0.083238
71,84,0.078478
71,85,0.065064
71,86,0.032280
71,87,0.043764
71,88,0.101094
71,89,0.108222
71,90,0.072169
71,91,0.116848
71,92,0.157805
71,93,0.177529
71,94,0.177164
71,95,0.159668
71,96,0.049366
71,97,0.033396
71,98,0.035956
71,99,0.034600
71,100,0.033921
71,101,0.020401
71,102,0.043196
71,103,-0.022157
71,104,0.071129
71,105,0.014662
71,106,0.009030
71,107,0.012631
71,108,-0.010770
71,109,0.015338
71,110,0.000936
71,111,0.036626
71,112,0.039184
71,113,0.034552
71,114,0.013545
71,115,-0.025024
71,116,-0.031387
71,117,-0.046371
72,1,-0.020544
72,2,-0.014507
72,3,0.053775
72,4,0.077275
72,5,0.045181
72,6,-0.003484
72,7,-0.065491
72,8,-0.010722
72,9,0.039637
72,10,0.036965
72,11,0.059855
72,12,0.022245
72,13,0.032331
72,14,0.160668
72,15,0.183579
72,16,0.081652
72,17,0.100269
72,18,0.063072
72,19,0.034305
72,20,0.049693
72,21,0.080358
72,22,0.064181
72,23,0.074878
72,24,0.056869
72,25,0.036237
72,26,0.030645
72,27,0.003644
72,28,0.046085
72,29,0.085254
72,30,0.073354
72,31,0.050300
72,32,0.014925
72,33,0.050377
72,34,0.075567
72,35,0.088340
72,36,0.046513
72,37,0.015552
72,38,0.037657
72,39,0.133113
72,40,0.170452
72,41,0.074062
72,42,0.084903
72,43,0.054447
72,44,0.112529
72,45,0.078801
72,46,0.080566
72,47,0.057830
72,48,0.033798
72,49,0.061251
72,50,-0.002682
72,51,0.013371
72,52,0.075780
72,53,0.109459
72,54,0.095900
72,55,0.144451
72,56,0.077760
72,57,0.062343
72,58,0.061428
72,59,0.019398
72,60,0.035965
72,61,0.065275
72,62,0.075705
72,63,0.105766
72,64,0.088997
72,65,0.087568
72,66,0.052047
72,67,0.060969
72,68,0.059628
72,69,0.038608
72,70,0.142016
72,71,0.240344
72,72,1.000000
72,73,0.645886
72,74,0.504588
72,75,0.412949
72,76,0.036886
72,77,0.096431
72,78,0.077334
72,79,0.070054
72,80,0.039274
72,81,0.029551
72,82,0.028574
72,83,-0.014326
72,84,-0.023024
72,85,-0.018446
72,86,-0.014508
72,87,-0.038767
72,88,0.017594
72,89,0.021367
72,90,-0.017325
72,91,0.033619
72,92,0.091602
72,93,0.078359
72,94,0.065849
72,95,0.144605
72,96,0.123164
72,97,0.138824
72,98,0.158241
72,99,0.204586
72,100,0.246597
72,101,0.240418
72,102,0.161955
72,103,0.058459
72,104,0.063794
72,105,0.046893
72,106,0.016518
72,107,-0.002516
72,108,0.028448
72,109,0.030393
72,110,0.016503
72,111,-0.009776
72,112,-0.028436
72,113,0.065240
72,114,0.085051
72,115,0.105805
72,116,0.068084
72,117,0.052384
73,1,-0.099730
73,2,-0.075740
73,3,0.010471
73,4,0.040100
73,5,-0.031727
73,6,-0.069610
73,7,-0.056791
73,8,-0.009443
73,9,-0.011541
73,10,-0.001657
73,11,-0.005638
73,12,0.028425
73,13,0.076578
73,14,0.094274
73,15,0.140410
73,16,0.032995
73,17,0.032448
73,18,0.014652
73,19,0.005484
73,20,-0.000099
73,21,0.009966
73,22,0.014989
73,23,0.008025
73,24,0.044449
73,25,0.071032
73,26,0.052459
73,27,0.058784
73,28,0.060539
73,29,0.060045
73,30,0.063540
73,31,0.029746
73,32,-0.009611
73,33,0.018020
73,34,0.063687
73,35,0.084517
73,36,-0.038445
73,37,-0.030572
73,38,-0.006703
73,39,0.081997
73,40,0.082661
73,41,0.059421
73,42,0.052048
73,43,0.052011
73,44,0.056339
73,45,0.033703
73,46,0.046818
73,47,0.020146
73,48,0.012989
73,49,0.022969
73,50,0.024129
73,51,0.027380
73,52,0.046713
73,53,0.089139
73,54,0.073052
73,55,0.086534
73,56,0.054998
73,57,0.027226
73,58,0.011462
73,59,-0.002784
73,60,-0.038878
73,61,0.011911
73,62,0.011848
73,63,0.040158
73,64,0.020679
73,65,0.033561
73,66,0.016824
73,67,0.004626
73,68,0.019465
73,69,0.058515
73,70,0.115558
73,71,0.106855
73,72,0.645886
73,73,1.000000
73,74,0.734966
73,75,0.541178
73,76,0.197708
73,77,0.196212
73,78,0.078611
73,79,0.054705
73,80,0.044332
73,81,0.064425
73,82,0.045456
73,83,0.020745
73,84,0.024237
73,85,0.008163
73,86,-0.008634
73,87,-0.019190
73,88,-0.005480
73,89,-0.012952
73,90,-0.028884
73,91,0.015849
73,92,0.047942
73,93,0.045503
73,94,0.039943
73,95,0.108882
73,96,0.066024
73,97,0.067319
73,98,0.069875
73,99,0.113874
73,100,0.137580
73,101,0.097700
73,102,0.071153
73,103,0.024657
73,104,0.041734
73,105,0.038772
73,106,0.020899
73,107,-0.012670
73,108,0.000622
73,109,0.005639
73,110,-0.014013
73,111,0.032335
73,112,-0.010062
73,113,0.095605
73,114,0.058525
73,115,0.026359
73,116,0.008982
73,117,0.014959
74,1,-0.076674
74,2,-0.051657
74,3,0.010357
74,4,0.049804
74,5,-0.043265
74,6,-0.044630
74,7,-0.005421
74,8,0.029867
74,9,0.026052
74,10,0.036569
74,11,0.026435
74,12,0.045806
74,13,0.071750
74,14,0.036661
74,15,0.074842
74,16,0.011459
74,17,-0.004172
74,18,0.020267
74,19,0.026442
74,20,0.014080
74,21,0.014806
74,22,0.004413
74,23,0.018154
74,24,0.063694
74,25,0.079927
74,26,0.052704
74,27,0.062234
74,28,0.072219
74,29,0.098725
74,30,0.104098
74,31,0.063433
74,32,0.014853
74,33,0.033289
74,34,0.040840
74,35,0.101773
74,36,-0.052188
74,37,-0.022600
74,38,-0.020417
74,39,0.151312
74,40,0.090801
74,41,0.028365
74,42,0.025126
74,43,0.010166
74,44,0.056045
74,45,0.019589
74,46,0.036719
74,47,-0.003404
74,48,0.001757
74,49,0.049743
74,50,0.011239
74,51,0.053084
74,52,0.058314
74,53,0.116997
74,54,0.061746
74,55,0.076050
74,56,0.012142
74,57,0.024964
74,58,0.011103
74,59,-0.023199
74,60,-0.046103
74,61,-0.011090
74,62,0.007613
74,63,0.040764
74,64,0.003046
74,65,0.018427
74,66,-0.020373
74,67,-0.001791
74,68,-0.041038
74,69,-0.006094
74,70,0.083770
74,71,0.130187
74,72,0.504588
74,73,0.734966
74,74,1.000000
74,75,0.697376
74,76,0.150048
74,77,0.130196
74,78,0.084066
74,79,0.076751
74,80,0.088057
74,81,0.056483
74,82,0.070379
74,83,0.036287
74,84,0.017947
74,85,0.011364
74,86,0.011647
74,87,-0.018785
74,88,-0.000965
74,89,0.016184
74,90,0.035749
74,91,0.040309
74,92,0.073202
74,93,0.067797
74,94,0.069910
74,95,0.125542
74,96,0.056581
74,97,0.089355
74,98,0.141256
74,99,0.184343
74,100,0.222152
74,101,0.247676
74,102,0.147010
74,103,0.045171
74,104,0.030626
74,105,-0.007213
74,106,-0.024526
74,107,-0.015360
74,108,0.000370
74,109,-0.027346
74,110,-0.042945
74,111,-0.056557
74,112,-0.051143
74,113,0.056287
74,114,0.020065
74,115,0.015888
74,116,-0.029444
74,117,-0.040024
75,1,-0.144707
75,2,-0.132590
75,3,0.060320
75,4,0.007406
75,5,-0.059850
75,6,-0.057628
75,7,-0.056141
75,8,0.026284
75,9,0.026088
75,10,0.001128
75,11,0.002371
75,12,0.002697
75,13,0.020517
75,14,0.129930
75,15,0.062993
75,16,0.004746
75,17,0.045338
75,18,0.080500
75,19,0.113425
75,20,0.089636
75,21,0.098915
75,22,0.064908
75,23,0.030321
75,24,0.062143
75,25,0.071797
75,26,0.045843
75,27,0.025372
75,28,0.021164
75,29,0.079172
75,30,0.070590
75,31,0.094971
75,32,0.019492
75,33,0.044087
75,34,0.074998
75,35,0.105811
75,36,-0.009102
75,37,-0.001094
75,38,-0.004340
75,39,0.194606
75,40,0.139373
75,41,0.094181
75,42,0.099255
75,43,0.071043
75,44,0.156139
75,45,0.095790
75,46,0.141773
75,47,0.079882
75,48,0.093033
75,49,0.177120
75,50,0.156456
75,51,0.168299
75,52,0.222605
75,53,0.246833
75,54,0.232424
75,55,0.219375
75,56,0.067635
75,57,0.040838
75,58,0.021122
75,59,-0.006934
75,60,-0.020708
75,61,0.012717
75,62,0.051596
75,63,0.141275
75,64,0.064753
75,65,0.072061
75,66,0.015548
75,67,0.006199
75,68,0.021052
75,69,0.010197
75,70,0.107977
75,71,0.029854
75,72,0.412949
75,73,0.541178
75,74,0.697376
75,75,1.000000
75,76,0.242578
75,77,0.361064
75,78,0.284848
75,79,0.206872
75,80,0.136940
75,81,0.129000
75,82,0.082640
75,83,0.004282
75,84,-0.007226
75,85,-0.010305
75,86,-0.029667
75,87,-0.042452
75,88,-0.001317
75,89,0.002076
75,90,-0.042068
75,91,-0.015312
75,92,0.069461
75,93,0.055923
75,94,0.041548
75,95,0.112650
75,96,0.033130
75,97,0.069337
75,98,0.094320
75,99,0.127284
75,100,0.174137
75,101,0.200910
75,102,0.108814
75,103,0.031855
75,104,0.052347
75,105,0.047507
75,106,0.003299
75,107,-0.001423
75,108,-0.029363
75,109,-0.007479
75,110,-0.035651
75,111,0.007779
75,112,0.030966
75,113,0.154740
75,114,0.186389
75,115,0.197345
75,116,0.161186
75,117,0.147306
76,1,0.159813
76,2,0.195308
76,3,0.259992
76,4,0.104594
76,5,0.081784
76,6,0.071409
76,7,0.115119
76,8,0.152376
76,9,0.159110
76,10,0.181331
76,11,0.162736
76,12,0.181606
76,13,0.161253
76,14,0.202967
76,15,0.186942
76,16,0.142815
76,17,0.099565
76,18,0.049617
76,19,0.146840
76,20,0.167193
76,21,0.209593
76,22,0.109360
76,23,0.114745
76,24,0.119310
76,25,0.198590
76,26,0.245476
76,27,0.273437
76,28,0.232106
76,29,0.212101
76,30,0.209006
76,31,0.182480
76,32,0.199856
76,33,0.216499
76,34,0.245785
76,35,0.186336
76,36,0.249717
76,37,0.296158
76,38,0.239191
76,39,0.068881
76,40,0.144013
76,41,0.205927
76,42,0.317521
76,43,0.258017
76,44,0.313124
76,45,0.231826
76,46,0.235057
76,47,0.101146
76,48,0.072779
76,49,0.211981
76,50,0.182565
76,51,0.189588
76,52,0.196970
76,53,0.181113
76,54,0.108740
76,55,0.143918
76,56,0.142455
76,57,0.197119
76,58,0.237705
76,59,0.235039
76,60,0.212814
76,61,0.282869
76,62,0.331076
76,63,0.350345
76,64,0.289539
76,65,0.259231
76,66,0.177321
76,67,0.178144
76,68,0.141661
76,69,0.114748
76,70,0.183835
76,71,0.070850
76,72,0.036886
76,73,0.197708
76,74,0.150048
76,75,0.242578
76,76,1.000000
76,77,0.616910
76,78,0.398713
76,79,0.352732
76,80,0.275888
76,81,0.106911
76,82,0.046914
76,83,0.000856
76,84,0.030687
76,85,0.018992
76,86,0.006630
76,87,0.014902
76,88,0.049581
76,89,0.071349
76,90,-0.004470
76,91,0.071754
76,92,0.099540
76,93,0.055397
76,94,0.035582
76,95,0.079592
76,96,0.090246
76,97,0.084017
76,98,0.008500
76,99,-0.022404
76,100,-0.002155
76,101,-0.029479
76,102,-0.027504
76,103,0.070424
76,104,0.102503
76,105,0.163952
76,106,0.119196
76,107,0.093989
76,108,-0.040108
76,109,0.036367
76,110,0.075860
76,111,0.065173
76,112,0.033949
76,113,0.117767
76,114,0.105470
76,115,0.035551
76,116,0.039884
76,117,-0.015080
77,1,0.014075
77,2,0.043587
77,3,0.242436
77,4,0.157883
77,5,0.080376
77,6,0.063392
77,7,0.060144
77,8,0.149534
77,9,0.140255
77,10,0.153990
77,11,0.164276
77,12,0.188563
77,13,0.184809
77,14,0.208450
77,15,0.156580
77,16,0.100451
77,17,0.106711
77,18,0.147839
77,19,0.240976
77,20,0.229887
77,21,0.265182
77,22,0.148881
77,23,0.122043
77,24,0.130616
77,25,0.217920
77,26,0.239243
77,27,0.232240
77,28,0.220238
77,29,0.228130
77,30,0.217883
77,31,0.216560
77,32,0.166278
77,33,0.155105
77,34,0.229508
77,35,0.161062
77,36,0.226364
77,37,0.256662
77,38,0.233492
77,39,0.105628
77,40,0.185382
77,41,0.230575
77,42,0.299893
77,43,0.235468
77,44,0.340314
77,45,0.242995
77,46,0.273350
77,47,0.188873
77,48,0.183263
77,49,0.325134
77,50,0.312294
77,51,0.310342
77,52,0.328097
77,53,0.298428
77,54,0.252424
77,55,0.274981
77,56,0.195949
77,57,0.210057
77,58,0.220553
77,59,0.195984
77,60,0.194560
77,61,0.249033
77,62,0.298107
77,63,0.345145
77,64,0.275834
77,65,0.255316
77,66,0.184776
77,67,0.150210
77,68,0.169105
77,69,0.107534
77,70,0.171163
77,71,0.087112
77,72,0.096431
77,73,0.196212
77,74,0.130196
77,75,0.361064
77,76,0.616910
77,77,1.000000
77,78,0.706358
77,79,0.597902
77,80,0.393182
77,81,0.177766
77,82,0.105818
77,83,0.045130
77,84,0.047258
77,85,0.013542
77,86,-0.019552
77,87,0.028720
77,88,0.056129
77,89,0.044387
77,90,-0.036276
77,91,0.048949
77,92,0.090243
77,93,0.074579
77,94,0.060016
77,95,0.100169
77,96,0.071901
77,97,0.066693
77,98,0.000830
77,99,-0.049491
77,100,-0.030038
77,101,-0.049370
77,102,-0.035983
77,103,0.028369
77,104,0.077618
77,105,0.097996
77,106,0.042382
77,107,0.024220
77,108,-0.068203
77,109,0.032759
77,110,0.083234
77,111,0.134992
77,112,0.108077
77,113,0.211336
77,114,0.258024
77,115,0.202530
77,116,0.213084
77,117,0.131377
78,1,0.140186
78,2,0.200422
78,3,0.283949
78,4,0.108248
78,5,0.093780
78,6,0.129497
78,7,0.147288
78,8,0.201672
78,9,0.188443
78,10,0.204990
78,11,0.200991
78,12,0.207988
78,13,0.207378
78,14,0.208327
78,15,0.129544
78,16,0.089074
78,17,0.069076
78,18,0.073680
78,19,0.206817
78,20,0.199777
78,21,0.199792
78,22,0.097949
78,23,0.123674
78,24,0.150192
78,25,0.266896
78,26,0.275330
78,27,0.266170
78,28,0.258861
78,29,0.277970
78,30,0.269316
78,31,0.244092
78,32,0.192828
78,33,0.163878
78,34,0.227597
78,35,0.149502
78,36,0.245350
78,37,0.250508
78,38,0.206864
78,39,0.125608
78,40,0.154125
78,41,0.182979
78,42,0.244254
78,43,0.198812
78,44,0.262988
78,45,0.173088
78,46,0.203492
78,47,0.102261
78,48,0.157954
78,49,0.284105
78,50,0.288053
78,51,0.324794
78,52,0.367512
78,53,0.351562
78,54,0.252808
78,55,0.322098
78,56,0.208332
78,57,0.222933
78,58,0.222316
78,59,0.239585
78,60,0.219124
78,61,0.246886
78,62,0.285851
78,63,0.293819
78,64,0.248868
78,65,0.209132
78,66,0.150860
78,67,0.189902
78,68,0.177399
78,69,0.090524
78,70,0.144622
78,71,0.098693
78,72,0.077334
78,73,0.078611
78,74,0.084066
78,75,0.284848
78,76,0.398713
78,77,0.706358
78,78,1.000000
78,79,0.854931
78,80,0.453874
78,81,0.218082
78,82,0.177913
78,83,0.147563
78,84,0.124178
78,85,0.058783
78,86,0.021380
78,87,0.106287
78,88,0.132320
78,89,0.115538
78,90,0.072903
78,91,0.153384
78,92,0.145803
78,93,0.129231
78,94,0.111146
78,95,0.149255
78,96,0.137051
78,97,0.106316
78,98,0.041149
78,99,-0.051452
78,100,-0.035034
78,101,-0.012944
78,102,-0.032740
78,103,0.030383
78,104,0.030586
78,105,0.054932
78,106,0.047633
78,107,0.059584
78,108,-0.023869
78,109,0.033032
78,110,0.055939
78,111,0.081194
78,112,0.099816
78,113,0.185372
78,114,0.229235
78,115,0.193964
78,116,0.171530
78,117,0.099252
79,1,0.176097
79,2,0.231913
79,3,0.270545
79,4,0.099151
79,5,0.088699
79,6,0.122598
79,7,0.155056
79,8,0.211519
79,9,0.193414
79,10,0.197840
79,11,0.164972
79,12,0.174458
79,13,0.169508
79,14,0.176135
79,15,0.092384
79,16,0.071208
79,17,0.041797
79,18,0.059228
79,19,0.180548
79,20,0.184523
79,21,0.180580
79,22,0.100498
79,23,0.136980
79,24,0.125100
79,25,0.226811
79,26,0.225105
79,27,0.221189
79,28,0.224379
79,29,0.226095
79,30,0.241195
79,31,0.228857
79,32,0.199614
79,33,0.171419
79,34,0.226690
79,35,0.148342
79,36,0.260768
79,37,0.249495
79,38,0.218730
79,39,0.104020
79,40,0.137332
79,41,0.160586
79,42,0.188287
79,43,0.134636
79,44,0.211788
79,45,0.123885
79,46,0.142296
79,47,0.067439
79,48,0.108964
79,49,0.234161
79,50,0.216283
79,51,0.267159
79,52,0.277759
79,53,0.313099
79,54,0.206623
79,55,0.278606
79,56,0.199679
79,57,0.222482
79,58,0.217801
79,59,0.249476
79,60,0.229597
79,61,0.258051
79,62,0.274994
79,63,0.256964
79,64,0.234998
79,65,0.202144
79,66,0.157737
79,67,0.202712
79,68,0.156111
79,69,0.102453
79,70,0.129467
79,71,0.144283
79,72,0.070054
79,73,0.054705
79,74,0.076751
79,75,0.206872
79,76,0.352732
79,77,0.597902
79,78,0.854931
79,79,1.000000
79,80,0.506623
79,81,0.229964
79,82,0.186370
79,83,0.179493
79,84,0.166305
79,85,0.085523
79,86,0.054137
79,87,0.126489
79,88,0.144637
79,89,0.117850
79,90,0.107976
79,91,0.190913
79,92,0.163474
79,93,0.144903
79,94,0.133036
79,95,0.166013
79,96,0.165470
79,97,0.128111
79,98,0.055143
79,99,-0.041729
79,100,-0.035870
79,101,-0.010477
79,102,-0.047669
79,103,0.033380
79,104,0.032760
79,105,0.067616
79,106,0.053672
79,107,0.075938
79,108,0.001825
79,109,0.052578
79,110,0.049771
79,111,0.015423
79,112,0.036843
79,113,0.116245
79,114,0.155040
79,115,0.118928
79,116,0.092490
79,117,0.035818
80,1,0.261000
80,2,0.253880
80,3,0.197269
80,4,0.058145
80,5,0.071739
80,6,0.096785
80,7,0.140624
80,8,0.216045
80,9,0.204624
80,10,0.225985
80,11,0.177832
80,12,0.178864
80,13,0.185873
80,14,0.123884
80,15,0.091226
80,16,0.126999
80,17,0.097534
80,18,0.070331
80,19,0.167360
80,20,0.158359
80,21,0.148934
80,22,0.072633
80,23,0.132462
80,24,0.224522
80,25,0.304573
80,26,0.293646
80,27,0.276746
80,28,0.267798
80,29,0.297888
80,30,0.304851
80,31,0.258957
80,32,0.236653
80,33,0.214653
80,34,0.164476
80,35,0.105419
80,36,0.175803
80,37,0.210293
80,38,0.149056
80,39,0.098704
80,40,0.109401
80,41,0.148437
80,42,0.160773
80,43,0.117809
80,44,0.159038
80,45,0.077768
80,46,0.128779
80,47,0.030523
80,48,0.164933
80,49,0.258769
80,50,0.285529
80,51,0.372905
80,52,0.387986
80,53,0.530388
80,54,0.361092
80,55,0.424976
80,56,0.157520
80,57,0.191361
80,58,0.201252
80,59,0.221065
80,60,0.181846
80,61,0.188266
80,62,0.214252
80,63,0.236986
80,64,0.175100
80,65,0.169931
80,66,0.105356
80,67,0.154121
80,68,0.156152
80,69,0.126609
80,70,0.155732
80,71,0.137330
80,72,0.039274
80,73,0.044332
80,74,0.088057
80,75,0.136940
80,76,0.275888
80,77,0.393182
80,78,0.453874
80,79,0.506623
80,80,1.000000
80,81,0.462212
80,82,0.318031
80,83,0.228761
80,84,0.217477
80,85,0.085554
80,86,0.035973
80,87,0.101413
80,88,0.125325
80,89,0.124655
80,90,0.074363
80,91,0.166417
80,92,0.170989
80,93,0.122529
80,94,0.071473
80,95,0.128655
80,96,0.127552
80,97,0.087302
80,98,0.032953
80,99,-0.050850
80,100,-0.038439
80,101,-0.014302
80,102,-0.034599
80,103,0.036514
80,104,-0.003175
80,105,0.057856
80,106,0.082976
80,107,0.105866
80,108,0.009690
80,109,0.088553
80,110,0.074271
80,111,0.076643
80,112,0.093136
80,113,0.247440
80,114,0.271999
80,115,0.205208
80,116,0.182294
80,117,0.097522
81,1,0.125713
81,2,0.121373
81,3,0.087315
81,4,0.011907
81,5,0.007575
81,6,0.027055
81,7,0.094710
81,8,0.161410
81,9,0.125473
81,10,0.129342
81,11,0.102100
81,12,0.118803
81,13,0.156720
81,14,0.076719
81,15,0.070856
81,16,0.050586
81,17,0.068581
81,18,0.045077
81,19,0.092593
81,20,0.074779
81,21,0.047169
81,22,0.030262
81,23,0.077316
81,24,0.192769
81,25,0.252882
81,26,0.225104
81,27,0.194486
81,28,0.199038
81,29,0.214291
81,30,0.200874
81,31,0.179587
81,32,0.131456
81,33,0.094767
81,34,0.047895
81,35,0.034450
81,36,0.059066
81,37,0.091671
81,38,0.050227
81,39,0.123899
81,40,0.142297
81,41,0.172468
81,42,0.050437
81,43,0.059052
81,44,0.037894
81,45,0.011450
81,46,0.077329
81,47,-0.017239
81,48,0.196628
81,49,0.214655
81,50,0.275588
81,51,0.366375
81,52,0.303504
81,53,0.446899
81,54,0.421434
81,55,0.468412
81,56,0.126779
81,57,0.131240
81,58,0.097650
81,59,0.120792
81,60,0.040919
81,61,0.038188
81,62,0.059863
81,63,0.083372
81,64,0.031181
81,65,0.041985
81,66,0.030942
81,67,0.064273
81,68,0.116914
81,69,0.118467
81,70,0.122628
81,71,0.078294
81,72,0.029551
81,73,0.064425
81,74,0.056483
81,75,0.129000
81,76,0.106911
81,77,0.177766
81,78,0.218082
81,79,0.229964
81,80,0.462212
81,81,1.000000
81,82,0.673546
81,83,0.433452
81,84,0.453611
81,85,0.259328
81,86,0.131672
81,87,0.164379
81,88,0.123092
81,89,0.103735
81,90,0.087462
81,91,0.199453
81,92,0.192914
81,93,0.163566
81,94,0.136771
81,95,0.198994
81,96,0.150369
81,97,0.103883
81,98,0.044036
81,99,-0.046239
81,100,-0.029844
81,101,-0.004041
81,102,0.016436
81,103,0.063031
81,104,0.057566
81,105,0.090235
81,106,0.101461
81,107,0.103485
81,108,0.031012
81,109,0.132416
81,110,0.056398
81,111,0.084033
81,112,0.096662
81,113,0.262229
81,114,0.245803
81,115,0.148929
81,116,0.159296
81,117,0.098685
82,1,0.131114
82,2,0.164360
82,3,0.159013
82,4,0.043701
82,5,0.035207
82,6,0.047811
82,7,0.096581
82,8,0.156698
82,9,0.153414
82,10,0.166371
82,11,0.145531
82,12,0.124957
82,13,0.139109
82,14,0.058036
82,15,0.072420
82,16,0.035967
82,17,0.051846
82,18,0.031568
82,19,0.087962
82,20,0.078158
82,21,0.042852
82,22,0.037205
82,23,0.117924
82,24,0.224929
82,25,0.259757
82,26,0.226553
82,27,0.185027
82,28,0.178558
82,29,0.235692
82,30,0.240850
82,31,0.174646
82,32,0.123039
82,33,0.095622
82,34,0.047328
82,35,0.024027
82,36,0.050096
82,37,0.084579
82,38,0.065609
82,39,0.154439
82,40,0.120382
82,41,0.157970
82,42,0.043877
82,43,0.039887
82,44,0.031902
82,45,-0.016058
82,46,0.044185
82,47,-0.032645
82,48,0.090040
82,49,0.135116
82,50,0.154515
82,51,0.238300
82,52,0.188032
82,53,0.268473
82,54,0.200242
82,55,0.264535
82,56,0.085842
82,57,0.104572
82,58,0.087908
82,59,0.094892
82,60,0.046779
82,61,0.035782
82,62,0.054136
82,63,0.064619
82,64,0.040029
82,65,0.046261
82,66,0.028623
82,67,0.088807
82,68,0.103276
82,69,0.111632
82,70,0.100655
82,71,0.101937
82,72,0.028574
82,73,0.045456
82,74,0.070379
82,75,0.082640
82,76,0.046914
82,77,0.105818
82,78,0.177913
82,79,0.186370
82,80,0.318031
82,81,0.673546
82,82,1.000000
82,83,0.747349
82,84,0.516235
82,85,0.320857
82,86,0.275639
82,87,0.247643
82,88,0.132016
82,89,0.091744
82,90,0.075174
82,91,0.188315
82,92,0.164146
82,93,0.124577
82,94,0.112652
82,95,0.188188
82,96,0.167831
82,97,0.128703
82,98,0.056727
82,99,-0.011347
82,100,-0.014647
82,101,0.009768
82,102,-0.010395
82,103,-0.010373
82,104,-0.023154
82,105,-0.013883
82,106,0.054543
82,107,0.108306
82,108,0.071690
82,109,0.203734
82,110,0.123782
82,111,0.051281
82,112,0.063666
82,113,0.236352
82,114,0.200087
82,115,0.084781
82,116,0.104138
82,117,0.002607
83,1,0.145300
83,2,0.201566
83,3,0.176311
83,4,0.026251
83,5,-0.014819
83,6,0.009558
83,7,0.067638
83,8,0.107704
83,9,0.104069
83,10,0.122320
83,11,0.099893
83,12,0.085001
83,13,0.083774
83,14,0.020239
83,15,0.035193
83,16,-0.007166
83,17,-0.011631
83,18,0.013798
83,19,0.093635
83,20,0.088167
83,21,0.028589
83,22,0.042710
83,23,0.115469
83,24,0.185329
83,25,0.214840
83,26,0.178704
83,27,0.144140
83,28,0.139268
83,29,0.194407
83,30,0.203162
83,31,0.142425
83,32,0.100811
83,33,0.082729
83,34,0.053017
83,35,0.023308
83,36,0.090214
83,37,0.090402
83,38,0.100179
83,39,0.099065
83,40,0.077793
83,41,0.139638
83,42,0.023363
83,43,0.014760
83,44,0.021144
83,45,-0.053372
83,46,0.004483
83,47,-0.037431
83,48,0.039715
83,49,0.097355
83,50,0.098586
83,51,0.171663
83,52,0.095463
83,53,0.141971
83,54,0.086582
83,55,0.176333
83,56,0.136178
83,57,0.113305
83,58,0.070629
83,59,0.110034
83,60,0.081056
83,61,0.072349
83,62,0.068433
83,63,0.037201
83,64,0.040917
83,65,0.043275
83,66,0.035127
83,67,0.097467
83,68,0.095096
83,69,0.090337
83,70,0.044214
83,71,0.083238
83,72,-0.014326
83,73,0.020745
83,74,0.036287
83,75,0.004282
83,76,0.000856
83,77,0.045130
83,78,0.147563
83,79,0.179493
83,80,0.228761
83,81,0.433452
83,82,0.747349
83,83,1.000000
83,84,0.737404
83,85,0.380808
83,86,0.417957
83,87,0.431463
83,88,0.224954
83,89,0.115666
83,90,0.112626
83,91,0.210119
83,92,0.159416
83,93,0.090528
83,94,0.077385
83,95,0.146758
83,96,0.176668
83,97,0.108658
83,98,0.021343
83,99,-0.021722
83,100,-0.062687
83,101,-0.058517
83,102,-0.098423
83,103,-0.046814
83,104,-0.058068
83,105,-0.030231
83,106,0.050922
83,107,0.112656
83,108,0.122637
83,109,0.240250
83,110,0.172959
83,111,0.055709
83,112,0.077694
83,113,0.198671
83,114,0.146661
83,115,0.029538
83,116,0.052247
83,117,-0.018045
84,1,0.172034
84,2,0.212900
84,3,0.157635
84,4,0.025156
84,5,-0.026941
84,6,0.007382
84,7,0.064607
84,8,0.101427
84,9,0.082401
84,10,0.108237
84,11,0.067663
84,12,0.073026
84,13,0.090085
84,14,0.011097
84,15,0.042031
84,16,0.000984
84,17,-0.014177
84,18,-0.022033
84,19,0.051892
84,20,0.056812
84,21,0.006937
84,22,0.021125
84,23,0.091806
84,24,0.145026
84,25,0.201107
84,26,0.171607
84,27,0.140139
84,28,0.127949
84,29,0.170535
84,30,0.175842
84,31,0.099153
84,32,0.090515
84,33,0.069877
84,34,0.048409
84,35,0.018788
84,36,0.093770
84,37,0.091609
84,38,0.098640
84,39,0.068423
84,40,0.098081
84,41,0.162539
84,42,0.038003
84,43,0.045833
84,44,0.019458
84,45,-0.018974
84,46,0.016716
84,47,-0.042624
84,48,0.053710
84,49,0.078504
84,50,0.078671
84,51,0.129774
84,52,0.073222
84,53,0.134167
84,54,0.106591
84,55,0.194649
84,56,0.206595
84,57,0.145762
84,58,0.080559
84,59,0.111634
84,60,0.087489
84,61,0.082409
84,62,0.070633
84,63,0.044046
84,64,0.033217
84,65,0.021521
84,66,0.026174
84,67,0.096607
84,68,0.099301
84,69,0.089200
84,70,0.059998
84,71,0.078478
84,72,-0.023024
84,73,0.024237
84,74,0.017947
84,75,-0.007226
84,76,0.030687
84,77,0.047258
84,78,0.124178
84,79,0.166305
84,80,0.217477
84,81,0.453611
84,82,0.516235
84,83,0.737404
84,84,1.000000
84,85,0.610660
84,86,0.461112
84,87,0.524595
84,88,0.339651
84,89,0.185283
84,90,0.169163
84,91,0.260552
84,92,0.192535
84,93,0.120386
84,94,0.107720
84,95,0.158533
84,96,0.169301
84,97,0.090398
84,98,0.020660
84,99,-0.033331
84,100,-0.048022
84,101,-0.051154
84,102,-0.058023
84,103,-0.000999
84,104,-0.005904
84,105,0.037030
84,106,0.087819
84,107,0.123107
84,108,0.103460
84,109,0.205735
84,110,0.146560
84,111,0.085833
84,112,0.106102
84,113,0.189571
84,114,0.125884
84,115,0.032288
84,116,0.051610
84,117,0.014821
85,1,0.115652
85,2,0.146748
85,3,0.106175
85,4,0.051517
85,5,0.049617
85,6,0.088121
85,7,0.106094
85,8,0.105181
85,9,0.105381
85,10,0.131405
85,11,0.101027
85,12,0.097432
85,13,0.097055
85,14,0.003163
85,15,0.052012
85,16,0.026835
85,17,0.006799
85,18,-0.021816
85,19,0.008402
85,20,0.003073
85,21,-0.025493
85,22,-0.032205
85,23,0.025013
85,24,0.102063
85,25,0.158779
85,26,0.138745
85,27,0.123939
85,28,0.112719
85,29,0.156886
85,30,0.166776
85,31,0.076808
85,32,0.081952
85,33,0.048679
85,34,0.052013
85,35,0.013497
85,36,0.035070
85,37,0.050819
85,38,0.031832
85,39,0.055389
85,40,0.063734
85,41,0.087362
85,42,0.034053
85,43,0.066546
85,44,0.016678
85,45,0.040498
85,46,0.060567
85,47,-0.027829
85,48,0.056163
85,49,0.030780
85,50,0.024116
85,51,0.051225
85,52,0.029582
85,53,0.053966
85,54,0.037014
85,55,0.066726
85,56,0.081001
85,57,0.095427
85,58,0.056606
85,59,0.047492
85,60,0.035559
85,61,0.026652
85,62,0.027666
85,63,0.023859
85,64,-0.001696
85,65,-0.030512
85,66,-0.031644
85,67,0.032018
85,68,0.033369
85,69,0.036706
85,70,0.047640
85,71,0.065064
85,72,-0.018446
85,73,0.008163
85,74,0.011364
85,75,-0.010305
85,76,0.018992
85,77,0.013542
85,78,0.058783
85,79,0.085523
85,80,0.085554
85,81,0.259328
85,82,0.320857
85,83,0.380808
85,84,0.610660
85,85,1.000000
85,86,0.589768
85,87,0.404395
85,88,0.312165
85,89,0.225717
85,90,0.160833
85,91,0.173360
85,92,0.114280
85,93,0.081961
85,94,0.070704
85,95,0.080086
85,96,0.064535
85,97,0.039567
85,98,0.032808
85,99,0.009499
85,100,0.004776
85,101,0.005514
85,102,0.025927
85,103,0.043835
85,104,0.037389
85,105,0.023527
85,106,0.041323
85,107,0.084581
85,108,0.084898
85,109,0.188065
85,110,0.105540
85,111,0.013620
85,112,0.029261
85,113,0.082971
85,114,0.036123
85,115,0.015665
85,116,0.023002
85,117,0.013528
86,1,0.125003
86,2,0.165019
86,3,0.129299
86,4,0.017523
86,5,0.004167
86,6,0.045410
86,7,0.077749
86,8,0.073586
86,9,0.078961
86,10,0.090624
86,11,0.065311
86,12,0.056114
86,13,0.048937
86,14,0.010712
86,15,0.034992
86,16,0.025055
86,17,0.014464
86,18,0.016524
86,19,0.035517
86,20,0.024633
86,21,-0.001591
86,22,0.009014
86,23,0.053307
86,24,0.101890
86,25,0.103734
86,26,0.087513
86,27,0.072889
86,28,0.065511
86,29,0.102218
86,30,0.116347
86,31,0.064600
86,32,0.061135
86,33,0.041207
86,34,0.029540
86,35,0.030603
86,36,0.031917
86,37,0.029960
86,38,0.026850
86,39,0.081848
86,40,0.006020
86,41,0.054583
86,42,-0.009038
86,43,0.011419
86,44,-0.005009
86,45,-0.009593
86,46,-0.005142
86,47,-0.016918
86,48,0.000501
86,49,0.007956
86,50,0.014970
86,51,0.033817
86,52,0.002213
86,53,0.001813
86,54,-0.022909
86,55,0.017121
86,56,0.043679
86,57,0.023140
86,58,-0.003046
86,59,0.020918
86,60,0.040332
86,61,0.040617
86,62,0.027146
86,63,-0.008671
86,64,0.007220
86,65,0.017424
86,66,0.011303
86,67,0.036656
86,68,0.027095
86,69,0.051531
86,70,0.042247
86,71,0.032280
86,72,-0.014508
86,73,-0.008634
86,74,0.011647
86,75,-0.029667
86,76,0.006630
86,77,-0.019552
86,78,0.021380
86,79,0.054137
86,80,0.035973
86,81,0.131672
86,82,0.275639
86,83,0.417957
86,84,0.461112
86,85,0.589768
86,86,1.000000
86,87,0.627883
86,88,0.305613
86,89,0.282100
86,90,0.267025
86,91,0.195490
86,92,0.121087
86,93,0.098434
86,94,0.083233
86,95,0.077268
86,96,0.067559
86,97,0.059330
86,98,0.053465
86,99,0.057960
86,100,0.039662
86,101,0.025516
86,102,0.002897
86,103,0.014425
86,104,-0.009481
86,105,-0.007389
86,106,0.064325
86,107,0.136498
86,108,0.191663
86,109,0.246861
86,110,0.189214
86,111,0.022519
86,112,0.030345
86,113,0.047241
86,114,0.007977
86,115,-0.022032
86,116,-0.014133
86,117,-0.035714
87,1,0.145078
87,2,0.185523
87,3,0.170304
87,4,0.038344
87,5,-0.044888
87,6,-0.034755
87,7,0.015242
87,8,0.056681
87,9,0.044817
87,10,0.051868
87,11,0.047019
87,12,0.055496
87,13,0.065937
87,14,0.022143
87,15,0.025807
87,16,0.014957
87,17,0.002679
87,18,0.019714
87,19,0.077166
87,20,0.078086
87,21,0.072536
87,22,0.066095
87,23,0.112572
87,24,0.119533
87,25,0.141431
87,26,0.128132
87,27,0.096217
87,28,0.096633
87,29,0.123579
87,30,0.122728
87,31,0.077692
87,32,0.055625
87,33,0.053418
87,34,0.060352
87,35,0.040206
87,36,0.110405
87,37,0.115809
87,38,0.110392
87,39,0.028875
87,40,0.025987
87,41,0.100226
87,42,0.067695
87,43,0.058028
87,44,0.065094
87,45,0.033784
87,46,0.022229
87,47,0.027603
87,48,0.035081
87,49,0.072570
87,50,0.073996
87,51,0.095087
87,52,0.051896
87,53,0.062598
87,54,0.030442
87,55,0.075417
87,56,0.138384
87,57,0.106740
87,58,0.087966
87,59,0.086695
87,60,0.116669
87,61,0.111465
87,62,0.105970
87,63,0.067476
87,64,0.089593
87,65,0.090906
87,66,0.086247
87,67,0.103094
87,68,0.082257
87,69,0.069981
87,70,0.043495
87,71,0.043764
87,72,-0.038767
87,73,-0.019190
87,74,-0.018785
87,75,-0.042452
87,76,0.014902
87,77,0.028720
87,78,0.106287
87,79,0.126489
87,80,0.101413
87,81,0.164379
87,82,0.247643
87,83,0.431463
87,84,0.524595
87,85,0.404395
87,86,0.627883
87,87,1.000000
87,88,0.645509
87,89,0.310816
87,90,0.373706
87,91,0.425568
87,92,0.236807
87,93,0.114039
87,94,0.114095
87,95,0.115530
87,96,0.213287
87,97,0.127743
87,98,0.058784
87,99,0.025671
87,100,0.011935
87,101,-0.015125
87,102,-0.039418
87,103,0.031960
87,104,0.022679
87,105,0.042490
87,106,0.102594
87,107,0.116080
87,108,0.154074
87,109,0.209114
87,110,0.209446
87,111,0.113117
87,112,0.135106
87,113,0.119424
87,114,0.043921
87,115,-0.008265
87,116,0.017165
87,117,0.000193
88,1,0.183498
88,2,0.231670
88,3,0.222204
88,4,0.089385
88,5,0.010165
88,6,0.015273
88,7,0.072821
88,8,0.109578
88,9,0.092551
88,10,0.108525
88,11,0.097631
88,12,0.105522
88,13,0.110372
88,14,0.065918
88,15,0.084119
88,16,0.081577
88,17,0.062132
88,18,0.002050
88,19,0.053087
88,20,0.066953
88,21,0.055056
88,22,0.031250
88,23,0.105810
88,24,0.137412
88,25,0.199077
88,26,0.206733
88,27,0.184231
88,28,0.167540
88,29,0.185197
88,30,0.178381
88,31,0.123968
88,32,0.100050
88,33,0.093086
88,34,0.069243
88,35,0.044546
88,36,0.139552
88,37,0.207230
88,38,0.167153
88,39,0.018055
88,40,0.112467
88,41,0.144038
88,42,0.178673
88,43,0.165806
88,44,0.150742
88,45,0.126372
88,46,0.100428
88,47,0.050244
88,48,0.101680
88,49,0.086795
88,50,0.094647
88,51,0.114829
88,52,0.109572
88,53,0.117503
88,54,0.085123
88,55,0.124019
88,56,0.191569
88,57,0.208042
88,58,0.209247
88,59,0.165181
88,60,0.181285
88,61,0.156401
88,62,0.161068
88,63,0.141487
88,64,0.120154
88,65,0.087886
88,66,0.080121
88,67,0.131580
88,68,0.114788
88,69,0.088892
88,70,0.111439
88,71,0.101094
88,72,0.017594
88,73,-0.005480
88,74,-0.000965
88,75,-0.001317
88,76,0.049581
88,77,0.056129
88,78,0.132320
88,79,0.144637
88,80,0.125325
88,81,0.123092
88,82,0.132016
88,83,0.224954
88,84,0.339651
88,85,0.312165
88,86,0.305613
88,87,0.645509
88,88,1.000000
88,89,0.582146
88,90,0.406479
88,91,0.526842
88,92,0.408295
88,93,0.231758
88,94,0.176531
88,95,0.184755
88,96,0.249360
88,97,0.145353
88,98,0.089248
88,99,0.052677
88,100,0.072510
88,101,0.061246
88,102,0.058643
88,103,0.066627
88,104,0.099020
88,105,0.087601
88,106,0.132627
88,107,0.115168
88,108,0.115693
88,109,0.124988
88,110,0.122239
88,111,0.105012
88,112,0.134782
88,113,0.122382
88,114,0.080000
88,115,0.056256
88,116,0.064546
88,117,0.044852
89,1,0.203241
89,2,0.261393
89,3,0.210470
89,4,0.058384
89,5,0.013058
89,6,0.052353
89,7,0.127049
89,8,0.141567
89,9,0.133129
89,10,0.145165
89,11,0.111487
89,12,0.098143
89,13,0.092098
89,14,0.084412
89,15,0.081648
89,16,0.126566
89,17,0.124217
89,18,0.039803
89,19,0.041188
89,20,0.038117
89,21,0.015776
89,22,0.003848
89,23,0.076106
89,24,0.135219
89,25,0.178210
89,26,0.184060
89,27,0.166895
89,28,0.140950
89,29,0.182324
89,30,0.196980
89,31,0.135507
89,32,0.117285
89,33,0.110697
89,34,0.032871
89,35,0.054346
89,36,0.081955
89,37,0.175571
89,38,0.117379
89,39,0.066739
89,40,0.115447
89,41,0.126070
89,42,0.142158
89,43,0.164591
89,44,0.119226
89,45,0.095080
89,46,0.079262
89,47,0.018605
89,48,0.090509
89,49,0.104175
89,50,0.137820
89,51,0.148044
89,52,0.169433
89,53,0.151198
89,54,0.098837
89,55,0.109144
89,56,0.089742
89,57,0.087844
89,58,0.114172
89,59,0.113285
89,60,0.121659
89,61,0.096017
89,62,0.105319
89,63,0.123773
89,64,0.074407
89,65,0.036149
89,66,0.021859
89,67,0.090975
89,68,0.104625
89,69,0.085173
89,70,0.139947
89,71,0.108222
89,72,0.021367
89,73,-0.012952
89,74,0.016184
89,75,0.002076
89,76,0.071349
89,77,0.044387
89,78,0.115538
89,79,0.117850
89,80,0.124655
89,81,0.103735
89,82,0.091744
89,83,0.115666
89,84,0.185283
89,85,0.225717
89,86,0.282100
89,87,0.310816
89,88,0.582146
89,89,1.000000
89,90,0.566421
89,91,0.437295
89,92,0.489963
89,93,0.417808
89,94,0.264752
89,95,0.243818
89,96,0.165454
89,97,0.119519
89,98,0.125788
89,99,0.099123
89,100,0.111173
89,101,0.110570
89,102,0.097275
89,103,0.098250
89,104,0.092924
89,105,0.083388
89,106,0.122871
89,107,0.101354
89,108,0.157049
89,109,0.094951
89,110,0.045455
89,111,0.027157
89,112,0.065438
89,113,0.069714
89,114,0.060080
89,115,0.043145
89,116,0.047541
89,117,0.014677
90,1,0.182448
90,2,0.262544
90,3,0.196220
90,4,0.042891
90,5,-0.051135
90,6,-0.025621
90,7,0.077892
90,8,0.083454
90,9,0.045455
90,10,0.031672
90,11,0.017675
90,12,0.030295
90,13,0.049024
90,14,0.064961
90,15,0.047312
90,16,0.096935
90,17,0.093632
90,18,0.055613
90,19,0.081046
90,20,0.061503
90,21,0.043349
90,22,0.056197
90,23,0.093827
90,24,0.076400
90,25,0.094408
90,26,0.095707
90,27,0.092518
90,28,0.080273
90,29,0.076529
90,30,0.079582
90,31,0.072463
90,32,0.068510
90,33,0.080606
90,34,0.027321
90,35,0.113182
90,36,0.120114
90,37,0.156201
90,38,0.137441
90,39,0.076159
90,40,0.114756
90,41,0.120092
90,42,0.062961
90,43,0.048738
90,44,0.044519
90,45,0.038411
90,46,-0.002570
90,47,-0.000158
90,48,0.053012
90,49,0.102174
90,50,0.145861
90,51,0.141385
90,52,0.112986
90,53,0.092005
90,54,0.066884
90,55,0.040435
90,56,0.055783
90,57,0.054056
90,58,0.056545
90,59,0.044221
90,60,0.108307
90,61,0.103885
90,62,0.101075
90,63,0.088745
90,64,0.085521
90,65,0.078491
90,66,0.048095
90,67,0.085164
90,68,0.060066
90,69,0.076078
90,70,0.089625
90,71,0.072169
90,72,-0.017325
90,73,-0.028884
90,74,0.035749
90,75,-0.042068
90,76,-0.004470
90,77,-0.036276
90,78,0.072903
90,79,0.107976
90,80,0.074363
90,81,0.087462
90,82,0.075174
90,83,0.112626
90,84,0.169163
90,85,0.160833
90,86,0.267025
90,87,0.373706
90,88,0.406479
90,89,0.566421
90,90,1.000000
90,91,0.730788
90,92,0.522753
90,93,0.544558
90,94,0.522330
90,95,0.406352
90,96,0.301196
90,97,0.199942
90,98,0.273801
90,99,0.153745
90,100,0.203765
90,101,0.239540
90,102,0.237267
90,103,0.230290
90,104,0.213952
90,105,0.214210
90,106,0.190483
90,107,0.141445
90,108,0.196935
90,109,0.075474
90,110,0.059404
90,111,0.003452
90,112,0.030954
90,113,-0.009556
90,114,-0.050680
90,115,-0.065565
90,116,-0.059357
90,117,-0.051691
91,1,0.261561
91,2,0.340668
91,3,0.298565
91,4,0.089101
91,5,-0.035682
91,6,-0.043468
91,7,0.087430
91,8,0.130270
91,9,0.086496
91,10,0.088688
91,11,0.070631
91,12,0.078928
91,13,0.095078
91,14,0.082354
91,15,0.088721
91,16,0.109648
91,17,0.102272
91,18,0.037129
91,19,0.109816
91,20,0.114159
91,21,0.100334
91,22,0.088507
91,23,0.157439
91,24,0.168961
91,25,0.199926
91,26,0.199886
91,27,0.184360
91,28,0.160268
91,29,0.165949
91,30,0.163551
91,31,0.140641
91,32,0.118218
91,33,0.121248
91,34,0.092904
91,35,0.127597
91,36,0.204877
91,37,0.268530
91,38,0.250763
91,39,0.120184
91,40,0.266528
91,41,0.299439
91,42,0.208219
91,43,0.149706
91,44,0.141261
91,45,0.105863
91,46,0.072584
91,47,0.023588
91,48,0.096700
91,49,0.149736
91,50,0.165700
91,51,0.191248
91,52,0.159113
91,53,0.173064
91,54,0.121728
91,55,0.123318
91,56,0.129992
91,57,0.163520
91,58,0.179228
91,59,0.133329
91,60,0.196671
91,61,0.190068
91,62,0.203137
91,63,0.192883
91,64,0.174268
91,65,0.140086
91,66,0.091312
91,67,0.137463
91,68,0.112764
91,69,0.119962
91,70,0.144470
91,71,0.116848
91,72,0.033619
91,73,0.015849
91,74,0.040309
91,75,-0.015312
91,76,0.071754
91,77,0.048949
91,78,0.153384
91,79,0.190913
91,80,0.166417
91,81,0.199453
91,82,0.188315
91,83,0.210119
91,84,0.260552
91,85,0.173360
91,86,0.195490
91,87,0.425568
91,88,0.526842
91,89,0.437295
91,90,0.730788
91,91,1.000000
91,92,0.741835
91,93,0.587295
91,94,0.576319
91,95,0.568083
91,96,0.513457
91,97,0.332882
91,98,0.278664
91,99,0.115027
91,100,0.171224
91,101,0.200434
91,102,0.211053
91,103,0.230632
91,104,0.243695
91,105,0.289790
91,106,0.285135
91,107,0.217828
91,108,0.174611
91,109,0.104555
91,110,0.086318
91,111,0.085592
91,112,0.115919
91,113,0.126613
91,114,0.067210
91,115,-0.003357
91,116,0.016092
91,117,-0.022206
92,1,0.233078
92,2,0.322138
92,3,0.344165
92,4,0.108917
92,5,-0.037571
92,6,-0.040406
92,7,0.104104
92,8,0.144960
92,9,0.116900
92,10,0.116032
92,11,0.086008
92,12,0.072590
92,13,0.067502
92,14,0.096213
92,15,0.099706
92,16,0.133724
92,17,0.144708
92,18,0.043051
92,19,0.117929
92,20,0.108661
92,21,0.085744
92,22,0.078642
92,23,0.165690
92,24,0.191090
92,25,0.194764
92,26,0.185215
92,27,0.175826
92,28,0.142674
92,29,0.172567
92,30,0.174167
92,31,0.164945
92,32,0.131823
92,33,0.140905
92,34,0.069328
92,35,0.125854
92,36,0.188938
92,37,0.249613
92,38,0.237502
92,39,0.177857
92,40,0.401490
92,41,0.391847
92,42,0.247332
92,43,0.172208
92,44,0.163338
92,45,0.108538
92,46,0.111051
92,47,0.004275
92,48,0.092387
92,49,0.155558
92,50,0.172844
92,51,0.203766
92,52,0.207471
92,53,0.213166
92,54,0.155841
92,55,0.162447
92,56,0.113140
92,57,0.158486
92,58,0.183771
92,59,0.138020
92,60,0.171028
92,61,0.182116
92,62,0.197536
92,63,0.223258
92,64,0.170284
92,65,0.119173
92,66,0.067548
92,67,0.138407
92,68,0.133560
92,69,0.125084
92,70,0.196604
92,71,0.157805
92,72,0.091602
92,73,0.047942
92,74,0.073202
92,75,0.069461
92,76,0.099540
92,77,0.090243
92,78,0.145803
92,79,0.163474
92,80,0.170989
92,81,0.192914
92,82,0.164146
92,83,0.159416
92,84,0.192535
92,85,0.114280
92,86,0.121087
92,87,0.236807
92,88,0.408295
92,89,0.489963
92,90,0.522753
92,91,0.741835
92,92,1.000000
92,93,0.808059
92,94,0.610984
92,95,0.678600
92,96,0.432901
92,97,0.297915
92,98,0.243034
92,99,0.128223
92,100,0.192879
92,101,0.210213
92,102,0.222599
92,103,0.224465
92,104,0.261326
92,105,0.288515
92,106,0.296364
92,107,0.216925
92,108,0.156739
92,109,0.067683
92,110,0.021351
92,111,0.110139
92,112,0.143115
92,113,0.163065
92,114,0.120388
92,115,0.053304
92,116,0.068817
92,117,-0.011983
93,1,0.168127
93,2,0.269028
93,3,0.292085
93,4,0.106765
93,5,-0.027858
93,6,-0.015552
93,7,0.106873
93,8,0.132118
93,9,0.096270
93,10,0.088791
93,11,0.056391
93,12,0.052099
93,13,0.052331
93,14,0.115315
93,15,0.089109
93,16,0.150485
93,17,0.161787
93,18,0.062120
93,19,0.093801
93,20,0.072013
93,21,0.051160
93,22,0.067521
93,23,0.133665
93,24,0.133139
93,25,0.140322
93,26,0.120984
93,27,0.126678
93,28,0.099039
93,29,0.117688
93,30,0.119233
93,31,0.124354
93,32,0.107792
93,33,0.114468
93,34,0.042348
93,35,0.141617
93,36,0.154972
93,37,0.186793
93,38,0.184516
93,39,0.188439
93,40,0.394724
93,41,0.359213
93,42,0.145134
93,43,0.089604
93,44,0.087803
93,45,0.065008
93,46,0.057936
93,47,-0.015174
93,48,0.074896
93,49,0.129278
93,50,0.166510
93,51,0.172938
93,52,0.190009
93,53,0.195164
93,54,0.156554
93,55,0.124944
93,56,0.081793
93,57,0.102789
93,58,0.125417
93,59,0.077757
93,60,0.115943
93,61,0.130918
93,62,0.141663
93,63,0.156710
93,64,0.117240
93,65,0.088676
93,66,0.044194
93,67,0.098290
93,68,0.113916
93,69,0.111304
93,70,0.196463
93,71,0.177529
93,72,0.078359
93,73,0.045503
93,74,0.067797
93,75,0.055923
93,76,0.055397
93,77,0.074579
93,78,0.129231
93,79,0.144903
93,80,0.122529
93,81,0.163566
93,82,0.124577
93,83,0.090528
93,84,0.120386
93,85,0.081961
93,86,0.098434
93,87,0.114039
93,88,0.231758
93,89,0.417808
93,90,0.544558
93,91,0.587295
93,92,0.808059
93,93,1.000000
93,94,0.783962
93,95,0.730148
93,96,0.370870
93,97,0.248935
93,98,0.255921
93,99,0.119070
93,100,0.200374
93,101,0.226378
93,102,0.279577
93,103,0.256609
93,104,0.298577
93,105,0.314013
93,106,0.269946
93,107,0.173192
93,108,0.138161
93,109,0.025924
93,110,-0.035008
93,111,0.073065
93,112,0.095173
93,113,0.084112
93,114,0.047427
93,115,-0.005056
93,116,0.008140
93,117,-0.042980
94,1,0.106560
94,2,0.219415
94,3,0.293543
94,4,0.146005
94,5,-0.022502
94,6,-0.032577
94,7,0.067200
94,8,0.097977
94,9,0.056332
94,10,0.049650
94,11,0.032753
94,12,0.044549
94,13,0.054119
94,14,0.130429
94,15,0.084933
94,16,0.149048
94,17,0.156755
94,18,0.090795
94,19,0.092769
94,20,0.080595
94,21,0.072474
94,22,0.087726
94,23,0.129369
94,24,0.088759
94,25,0.090749
94,26,0.083443
94,27,0.085437
94,28,0.063771
94,29,0.070021
94,30,0.065468
94,31,0.092817
94,32,0.072539
94,33,0.074790
94,34,0.051992
94,35,0.176362
94,36,0.186941
94,37,0.189066
94,38,0.208796
94,39,0.195136
94,40,0.381615
94,41,0.330094
94,42,0.113143
94,43,0.059203
94,44,0.069310
94,45,0.065159
94,46,0.043627
94,47,-0.001890
94,48,0.053644
94,49,0.112273
94,50,0.134313
94,51,0.135382
94,52,0.141303
94,53,0.139964
94,54,0.117018
94,55,0.080123
94,56,0.064579
94,57,0.092065
94,58,0.124953
94,59,0.068774
94,60,0.124024
94,61,0.141149
94,62,0.151910
94,63,0.128377
94,64,0.130191
94,65,0.101626
94,66,0.060987
94,67,0.100604
94,68,0.094432
94,69,0.097114
94,70,0.198419
94,71,0.177164
94,72,0.065849
94,73,0.039943
94,74,0.069910
94,75,0.041548
94,76,0.035582
94,77,0.060016
94,78,0.111146
94,79,0.133036
94,80,0.071473
94,81,0.136771
94,82,0.112652
94,83,0.077385
94,84,0.107720
94,85,0.070704
94,86,0.083233
94,87,0.114095
94,88,0.176531
94,89,0.264752
94,90,0.522330
94,91,0.576319
94,92,0.610984
94,93,0.783962
94,94,1.000000
94,95,0.820823
94,96,0.412519
94,97,0.290813
94,98,0.326434
94,99,0.190435
94,100,0.286025
94,101,0.303281
94,102,0.341911
94,103,0.223730
94,104,0.317244
94,105,0.315421
94,106,0.255799
94,107,0.165926
94,108,0.125821
94,109,0.025280
94,110,-0.026894
94,111,0.046378
94,112,0.062030
94,113,0.034003
94,114,-0.012229
94,115,-0.072804
94,116,-0.051295
94,117,-0.085967
95,1,0.156809
95,2,0.275810
95,3,0.323376
95,4,0.129320
95,5,-0.022517
95,6,-0.040609
95,7,0.077677
95,8,0.117671
95,9,0.084980
95,10,0.078452
95,11,0.067964
95,12,0.069392
95,13,0.063300
95,14,0.117054
95,15,0.103297
95,16,0.112933
95,17,0.142586
95,18,0.076752
95,19,0.115377
95,20,0.111014
95,21,0.106268
95,22,0.099176
95,23,0.153741
95,24,0.125523
95,25,0.129687
95,26,0.125757
95,27,0.126138
95,28,0.096065
95,29,0.115808
95,30,0.107534
95,31,0.128507
95,32,0.104640
95,33,0.106721
95,34,0.080885
95,35,0.167622
95,36,0.202407
95,37,0.217909
95,38,0.260760
95,39,0.279135
95,40,0.505924
95,41,0.437774
95,42,0.208527
95,43,0.134335
95,44,0.129518
95,45,0.086565
95,46,0.091975
95,47,0.012907
95,48,0.068082
95,49,0.148165
95,50,0.150461
95,51,0.172510
95,52,0.184871
95,53,0.198063
95,54,0.155043
95,55,0.144838
95,56,0.085770
95,57,0.121224
95,58,0.154786
95,59,0.098564
95,60,0.145103
95,61,0.169287
95,62,0.188675
95,63,0.185879
95,64,0.168653
95,65,0.124838
95,66,0.064394
95,67,0.108964
95,68,0.106158
95,69,0.112381
95,70,0.202406
95,71,0.159668
95,72,0.144605
95,73,0.108882
95,74,0.125542
95,75,0.112650
95,76,0.079592
95,77,0.100169
95,78,0.149255
95,79,0.166013
95,80,0.128655
95,81,0.198994
95,82,0.188188
95,83,0.146758
95,84,0.158533
95,85,0.080086
95,86,0.077268
95,87,0.115530
95,88,0.184755
95,89,0.243818
95,90,0.406352
95,91,0.568083
95,92,0.678600
95,93,0.730148
95,94,0.820823
95,95,1.000000
95,96,0.590792
95,97,0.436856
95,98,0.346135
95,99,0.213298
95,100,0.288681
95,101,0.301911
95,102,0.295808
95,103,0.215509
95,104,0.293396
95,105,0.313606
95,106,0.321718
95,107,0.232210
95,108,0.137763
95,109,0.054281
95,110,-0.002151
95,111,0.084582
95,112,0.101613
95,113,0.144670
95,114,0.099867
95,115,0.015720
95,116,0.031383
95,117,-0.046589
96,1,0.231900
96,2,0.284969
96,3,0.247536
96,4,0.110150
96,5,-0.007237
96,6,-0.064194
96,7,0.003712
96,8,0.057191
96,9,0.044861
96,10,0.030168
96,11,0.061957
96,12,0.068983
96,13,0.059205
96,14,0.101350
96,15,0.098664
96,16,0.105395
96,17,0.108646
96,18,0.040017
96,19,0.143379
96,20,0.184568
96,21,0.224794
96,22,0.177663
96,23,0.205069
96,24,0.095080
96,25,0.096814
96,26,0.108047
96,27,0.107677
96,28,0.098406
96,29,0.078202
96,30,0.065501
96,31,0.114448
96,32,0.113022
96,33,0.135959
96,34,0.144803
96,35,0.165430
96,36,0.287164
96,37,0.294968
96,38,0.340612
96,39,0.211521
96,40,0.327595
96,41,0.339304
96,42,0.267484
96,43,0.155474
96,44,0.228675
96,45,0.160318
96,46,0.133304
96,47,0.096557
96,48,0.102685
96,49,0.178580
96,50,0.134342
96,51,0.156752
96,52,0.145183
96,53,0.158603
96,54,0.131575
96,55,0.155587
96,56,0.166987
96,57,0.194569
96,58,0.220137
96,59,0.170795
96,60,0.246446
96,61,0.266214
96,62,0.291915
96,63,0.266814
96,64,0.280562
96,65,0.242355
96,66,0.183356
96,67,0.173340
96,68,0.139780
96,69,0.114603
96,70,0.119998
96,71,0.049366
96,72,0.123164
96,73,0.066024
96,74,0.056581
96,75,0.033130
96,76,0.090246
96,77,0.071901
96,78,0.137051
96,79,0.165470
96,80,0.127552
96,81,0.150369
96,82,0.167831
96,83,0.176668
96,84,0.169301
96,85,0.064535
96,86,0.067559
96,87,0.213287
96,88,0.249360
96,89,0.165454
96,90,0.301196
96,91,0.513457
96,92,0.432901
96,93,0.370870
96,94,0.412519
96,95,0.590792
96,96,1.000000
96,97,0.726090
96,98,0.477746
96,99,0.291024
96,100,0.315706
96,101,0.311376
96,102,0.207918
96,103,0.230981
96,104,0.224398
96,105,0.295753
96,106,0.285931
96,107,0.228813
96,108,0.123954
96,109,0.076901
96,110,0.070318
96,111,0.068196
96,112,0.076719
96,113,0.147626
96,114,0.112150
96,115,0.067703
96,116,0.075718
96,117,0.019594
97,1,0.200505
97,2,0.267345
97,3,0.241448
97,4,0.135353
97,5,0.037516
97,6,-0.017530
97,7,0.016088
97,8,0.059111
97,9,0.065483
97,10,0.051927
97,11,0.100938
97,12,0.103004
97,13,0.066906
97,14,0.117845
97,15,0.121798
97,16,0.124644
97,17,0.135748
97,18,0.080025
97,19,0.187831
97,20,0.212813
97,21,0.267283
97,22,0.222293
97,23,0.229867
97,24,0.113475
97,25,0.077883
97,26,0.091242
97,27,0.092517
97,28,0.085675
97,29,0.090152
97,30,0.072589
97,31,0.114700
97,32,0.115673
97,33,0.151240
97,34,0.170625
97,35,0.192075
97,36,0.258776
97,37,0.246160
97,38,0.285139
97,39,0.323360
97,40,0.277527
97,41,0.281839
97,42,0.257539
97,43,0.149793
97,44,0.257223
97,45,0.186321
97,46,0.163980
97,47,0.136015
97,48,0.104672
97,49,0.195995
97,50,0.115619
97,51,0.143022
97,52,0.119717
97,53,0.123325
97,54,0.089931
97,55,0.120816
97,56,0.141855
97,57,0.165220
97,58,0.199838
97,59,0.145961
97,60,0.224184
97,61,0.246309
97,62,0.272572
97,63,0.261792
97,64,0.283856
97,65,0.258630
97,66,0.186597
97,67,0.176534
97,68,0.129248
97,69,0.096743
97,70,0.119996
97,71,0.033396
97,72,0.138824
97,73,0.067319
97,74,0.089355
97,75,0.069337
97,76,0.084017
97,77,0.066693
97,78,0.106316
97,79,0.128111
97,80,0.087302
97,81,0.103883
97,82,0.128703
97,83,0.108658
97,84,0.090398
97,85,0.039567
97,86,0.059330
97,87,0.127743
97,88,0.145353
97,89,0.119519
97,90,0.199942
97,91,0.332882
97,92,0.297915
97,93,0.248935
97,94,0.290813
97,95,0.436856
97,96,0.726090
97,97,1.000000
97,98,0.763150
97,99,0.433024
97,100,0.446405
97,101,0.454935
97,102,0.265979
97,103,0.275140
97,104,0.238325
97,105,0.297907
97,106,0.239808
97,107,0.201970
97,108,0.115293
97,109,0.074519
97,110,0.070195
97,111,0.038994
97,112,0.056281
97,113,0.137154
97,114,0.107088
97,115,0.087243
97,116,0.088848
97,117,0.039722
98,1,0.102499
98,2,0.186678
98,3,0.195575
98,4,0.111674
98,5,0.026461
98,6,-0.003869
98,7,0.018245
98,8,0.047872
98,9,0.050506
98,10,0.036116
98,11,0.072204
98,12,0.065371
98,13,0.043980
98,14,0.101425
98,15,0.096974
98,16,0.117210
98,17,0.139870
98,18,0.099141
98,19,0.147926
98,20,0.156532
98,21,0.199188
98,22,0.165896
98,23,0.169800
98,24,0.072454
98,25,0.029586
98,26,0.041185
98,27,0.038235
98,28,0.024554
98,29,0.053089
98,30,0.039955
98,31,0.068592
98,32,0.077200
98,33,0.096097
98,34,0.113761
98,35,0.177290
98,36,0.149920
98,37,0.133870
98,38,0.152049
98,39,0.310465
98,40,0.210451
98,41,0.143681
98,42,0.144386
98,43,0.072472
98,44,0.171981
98,45,0.119619
98,46,0.108081
98,47,0.111206
98,48,0.081151
98,49,0.145647
98,50,0.095363
98,51,0.111479
98,52,0.091265
98,53,0.085062
98,54,0.062842
98,55,0.056117
98,56,0.055681
98,57,0.056859
98,58,0.083553
98,59,0.024336
98,60,0.111090
98,61,0.129226
98,62,0.160992
98,63,0.164590
98,64,0.179135
98,65,0.179575
98,66,0.111584
98,67,0.109977
98,68,0.064055
98,69,0.049885
98,70,0.106396
98,71,0.035956
98,72,0.158241
98,73,0.069875
98,74,0.141256
98,75,0.094320
98,76,0.008500
98,77,0.000830
98,78,0.041149
98,79,0.055143
98,80,0.032953
98,81,0.044036
98,82,0.056727
98,83,0.021343
98,84,0.020660
98,85,0.032808
98,86,0.053465
98,87,0.058784
98,88,0.089248
98,89,0.125788
98,90,0.273801
98,91,0.278664
98,92,0.243034
98,93,0.255921
98,94,0.326434
98,95,0.346135
98,96,0.477746
98,97,0.763150
98,98,1.000000
98,99,0.458422
98,100,0.522530
98,101,0.575726
98,102,0.366811
98,103,0.251204
98,104,0.257298
98,105,0.256250
98,106,0.161667
98,107,0.113314
98,108,0.094264
98,109,0.042087
98,110,0.036280
98,111,-0.016053
98,112,0.006595
98,113,0.027988
98,114,0.010307
98,115,0.021593
98,116,0.012909
98,117,-0.019701
99,1,0.054452
99,2,0.103179
99,3,0.137576
99,4,0.077076
99,5,-0.004815
99,6,-0.038862
99,7,-0.060467
99,8,-0.019706
99,9,0.019061
99,10,-0.001658
99,11,0.027864
99,12,0.004211
99,13,-0.044928
99,14,0.072974
99,15,0.064045
99,16,0.058224
99,17,0.102125
99,18,0.040639
99,19,0.029200
99,20,0.056696
99,21,0.102340
99,22,0.078686
99,23,0.109801
99,24,0.041140
99,25,-0.047848
99,26,-0.054091
99,27,-0.073325
99,28,-0.068265
99,29,0.001206
99,30,-0.003871
99,31,0.020556
99,32,0.035135
99,33,0.077843
99,34,0.084008
99,35,0.146708
99,36,0.126456
99,37,0.084533
99,38,0.127228
99,39,0.263066
99,40,0.190293
99,41,0.076767
99,42,0.103868
99,43,0.057240
99,44,0.122813
99,45,0.087633
99,46,0.063659
99,47,0.037566
99,48,-0.028332
99,49,0.011350
99,50,-0.034115
99,51,-0.014978
99,52,0.003837
99,53,-0.005893
99,54,-0.013083
99,55,0.000015
99,56,0.032372
99,57,0.041203
99,58,0.062982
99,59,0.009164
99,60,0.085820
99,61,0.095389
99,62,0.107454
99,63,0.104343
99,64,0.121291
99,65,0.118457
99,66,0.066616
99,67,0.070079
99,68,0.008484
99,69,-0.006383
99,70,0.073044
99,71,0.034600
99,72,0.204586
99,73,0.113874
99,74,0.184343
99,75,0.127284
99,76,-0.022404
99,77,-0.049491
99,78,-0.051452
99,79,-0.041729
99,80,-0.050850
99,81,-0.046239
99,82,-0.011347
99,83,-0.021722
99,84,-0.033331
99,85,0.009499
99,86,0.057960
99,87,0.025671
99,88,0.052677
99,89,0.099123
99,90,0.153745
99,91,0.115027
99,92,0.128223
99,93,0.119070
99,94,0.190435
99,95,0.213298
99,96,0.291024
99,97,0.433024
99,98,0.458422
99,99,1.000000
99,100,0.849555
99,101,0.684178
99,102,0.447334
99,103,0.159490
99,104,0.197165
99,105,0.148759
99,106,0.092340
99,107,0.074181
99,108,0.091982
99,109,0.002185
99,110,0.006193
99,111,-0.057329
99,112,-0.065809
99,113,-0.008950
99,114,-0.009633
99,115,-0.003686
99,116,-0.020263
99,117,0.005006
100,1,0.053313
100,2,0.112269
100,3,0.176873
100,4,0.090444
100,5,-0.001600
100,6,-0.046876
100,7,-0.060437
100,8,-0.013805
100,9,0.026092
100,10,-0.002002
100,11,0.038113
100,12,0.001440
100,13,-0.039709
100,14,0.100428
100,15,0.098368
100,16,0.090649
100,17,0.140102
100,18,0.070451
100,19,0.079936
100,20,0.117366
100,21,0.172218
100,22,0.129961
100,23,0.150758
100,24,0.050894
100,25,-0.040936
100,26,-0.044188
100,27,-0.062559
100,28,-0.065313
100,29,0.004896
100,30,-0.003835
100,31,0.025575
100,32,0.047150
100,33,0.108046
100,34,0.127133
100,35,0.209714
100,36,0.159032
100,37,0.101234
100,38,0.135358
100,39,0.322745
100,40,0.246602
100,41,0.105375
100,42,0.142482
100,43,0.081728
100,44,0.182042
100,45,0.136774
100,46,0.108081
100,47,0.088408
100,48,0.017392
100,49,0.057348
100,50,0.001383
100,51,0.013736
100,52,0.039124
100,53,0.033273
100,54,0.023274
100,55,0.021810
100,56,0.030989
100,57,0.038245
100,58,0.075683
100,59,-0.000088
100,60,0.104204
100,61,0.137178
100,62,0.156701
100,63,0.161879
100,64,0.184967
100,65,0.174594
100,66,0.103810
100,67,0.094029
100,68,0.021298
100,69,0.006175
100,70,0.093980
100,71,0.033921
100,72,0.246597
100,73,0.137580
100,74,0.222152
100,75,0.174137
100,76,-0.002155
100,77,-0.030038
100,78,-0.035034
100,79,-0.035870
100,80,-0.038439
100,81,-0.029844
100,82,-0.014647
100,83,-0.062687
100,84,-0.048022
100,85,0.004776
100,86,0.039662
100,87,0.011935
100,88,0.072510
100,89,0.111173
100,90,0.203765
100,91,0.171224
100,92,0.192879
100,93,0.200374
100,94,0.286025
100,95,0.288681
100,96,0.315706
100,97,0.446405
100,98,0.522530
100,99,0.849555
100,100,1.000000
100,101,0.831184
100,102,0.609777
100,103,0.266986
100,104,0.318683
100,105,0.256942
100,106,0.144136
100,107,0.119463
100,108,0.110417
100,109,-0.000621
100,110,-0.008095
100,111,-0.056890
100,112,-0.065667
100,113,-0.006859
100,114,-0.005792
100,115,0.018963
100,116,-0.010987
100,117,0.014262
101,1,0.082246
101,2,0.127927
101,3,0.151663
101,4,0.083054
101,5,-0.020693
101,6,-0.061228
101,7,-0.051078
101,8,-0.010248
101,9,0.007657
101,10,-0.008794
101,11,0.040390
101,12,0.010666
101,13,-0.020298
101,14,0.058324
101,15,0.062233
101,16,0.071639
101,17,0.116706
101,18,0.077984
101,19,0.109213
101,20,0.126328
101,21,0.169399
101,22,0.118684
101,23,0.140628
101,24,0.050304
101,25,-0.026047
101,26,-0.027717
101,27,-0.049502
101,28,-0.032221
101,29,0.026090
101,30,0.012202
101,31,0.028526
101,32,0.040210
101,33,0.097029
101,34,0.117912
101,35,0.187424
101,36,0.121724
101,37,0.082353
101,38,0.095188
101,39,0.353312
101,40,0.239902
101,41,0.082853
101,42,0.124963
101,43,0.055505
101,44,0.178723
101,45,0.125993
101,46,0.106438
101,47,0.096503
101,48,0.036651
101,49,0.091855
101,50,0.020972
101,51,0.049035
101,52,0.065132
101,53,0.057947
101,54,0.051018
101,55,0.038607
101,56,-0.001251
101,57,0.014643
101,58,0.045021
101,59,-0.024461
101,60,0.077909
101,61,0.099562
101,62,0.132338
101,63,0.156644
101,64,0.159469
101,65,0.153774
101,66,0.069783
101,67,0.074881
101,68,0.000208
101,69,-0.013939
101,70,0.058698
101,71,0.020401
101,72,0.240418
101,73,0.097700
101,74,0.247676
101,75,0.200910
101,76,-0.029479
101,77,-0.049370
101,78,-0.012944
101,79,-0.010477
101,80,-0.014302
101,81,-0.004041
101,82,0.009768
101,83,-0.058517
101,84,-0.051154
101,85,0.005514
101,86,0.025516
101,87,-0.015125
101,88,0.061246
101,89,0.110570
101,90,0.239540
101,91,0.200434
101,92,0.210213
101,93,0.226378
101,94,0.303281
101,95,0.301911
101,96,0.311376
101,97,0.454935
101,98,0.575726
101,99,0.684178
101,100,0.831184
101,101,1.000000
101,102,0.655488
101,103,0.346412
101,104,0.329122
101,105,0.249696
101,106,0.130083
101,107,0.112559
101,108,0.125279
101,109,-0.012143
101,110,-0.023741
101,111,-0.077621
101,112,-0.057683
101,113,-0.004220
101,114,0.003102
101,115,0.048947
101,116,0.007882
101,117,0.012366
102,1,0.060446
102,2,0.092133
102,3,0.136105
102,4,0.052388
102,5,-0.040445
102,6,-0.079028
102,7,-0.026217
102,8,0.007539
102,9,0.001832
102,10,-0.013214
102,11,0.012254
102,12,-0.012506
102,13,-0.016022
102,14,0.065420
102,15,0.084320
102,16,0.113816
102,17,0.150118
102,18,0.099797
102,19,0.097772
102,20,0.109082
102,21,0.146649
102,22,0.120409
102,23,0.125308
102,24,0.066919
102,25,0.003946
102,26,0.005488
102,27,-0.013421
102,28,-0.030591
102,29,0.028844
102,30,0.013800
102,31,0.029960
102,32,0.018638
102,33,0.057195
102,34,0.061873
102,35,0.145981
102,36,0.100039
102,37,0.089150
102,38,0.089821
102,39,0.281551
102,40,0.318905
102,41,0.171904
102,42,0.117178
102,43,0.069828
102,44,0.162554
102,45,0.125863
102,46,0.086495
102,47,0.108277
102,48,0.046966
102,49,0.095908
102,50,0.061305
102,51,0.063512
102,52,0.087640
102,53,0.078832
102,54,0.080155
102,55,0.041964
102,56,0.022186
102,57,0.042428
102,58,0.059657
102,59,-0.016190
102,60,0.067606
102,61,0.084852
102,62,0.118792
102,63,0.154101
102,64,0.147927
102,65,0.141462
102,66,0.080241
102,67,0.071813
102,68,0.000810
102,69,0.011636
102,70,0.091444
102,71,0.043196
102,72,0.161955
102,73,0.071153
102,74,0.147010
102,75,0.108814
102,76,-0.027504
102,77,-0.035983
102,78,-0.032740
102,79,-0.047669
102,80,-0.034599
102,81,0.016436
102,82,-0.010395
102,83,-0.098423
102,84,-0.058023
102,85,0.025927
102,86,0.002897
102,87,-0.039418
102,88,0.058643
102,89,0.097275
102,90,0.237267
102,91,0.211053
102,92,0.222599
102,93,0.279577
102,94,0.341911
102,95,0.295808
102,96,0.207918
102,97,0.265979
102,98,0.366811
102,99,0.447334
102,100,0.609777
102,101,0.655488
102,102,1.000000
102,103,0.569147
102,104,0.551569
102,105,0.328327
102,106,0.188743
102,107,0.141792
102,108,0.147765
102,109,0.002821
102,110,-0.006505
102,111,0.008613
102,112,0.001794
102,113,-0.020162
102,114,-0.024328
102,115,0.024582
102,116,-0.009332
102,117,-0.004932
103,1,0.107990
103,2,0.125385
103,3,0.073004
103,4,0.051369
103,5,-0.088886
103,6,-0.113082
103,7,0.002379
103,8,0.006341
103,9,-0.032726
103,10,-0.046963
103,11,-0.026420
103,12,-0.035896
103,13,-0.054101
103,14,0.032886
103,15,0.046192
103,16,0.096314
103,17,0.113837
103,18,0.131454
103,19,0.171358
103,20,0.164989
103,21,0.180884
103,22,0.144524
103,23,0.104981
103,24,0.026981
103,25,-0.004496
103,26,-0.013822
103,27,-0.016803
103,28,-0.039552
103,29,-0.006781
103,30,0.008939
103,31,0.035837
103,32,0.031751
103,33,0.081658
103,34,0.105910
103,35,0.137594
103,36,0.153754
103,37,0.160606
103,38,0.156874
103,39,0.131030
103,40,0.257358
103,41,0.244172
103,42,0.152076
103,43,0.053624
103,44,0.156744
103,45,0.114254
103,46,0.068833
103,47,0.111321
103,48,0.095781
103,49,0.198306
103,50,0.158410
103,51,0.150931
103,52,0.133787
103,53,0.109920
103,54,0.081345
103,55,0.064941
103,56,0.092913
103,57,0.117882
103,58,0.124227
103,59,0.069920
103,60,0.135271
103,61,0.159901
103,62,0.192277
103,63,0.196508
103,64,0.196798
103,65,0.171154
103,66,0.096145
103,67,0.074584
103,68,0.019945
103,69,0.006956
103,70,0.009310
103,71,-0.022157
103,72,0.058459
103,73,0.024657
103,74,0.045171
103,75,0.031855
103,76,0.070424
103,77,0.028369
103,78,0.030383
103,79,0.033380
103,80,0.036514
103,81,0.063031
103,82,-0.010373
103,83,-0.046814
103,84,-0.000999
103,85,0.043835
103,86,0.014425
103,87,0.031960
103,88,0.066627
103,89,0.098250
103,90,0.230290
103,91,0.230632
103,92,0.224465
103,93,0.256609
103,94,0.223730
103,95,0.215509
103,96,0.230981
103,97,0.275140
103,98,0.251204
103,99,0.159490
103,100,0.266986
103,101,0.346412
103,102,0.569147
103,103,1.000000
103,104,0.631441
103,105,0.490970
103,106,0.269081
103,107,0.205478
103,108,0.201240
103,109,0.040678
103,110,0.000324
103,111,-0.047820
103,112,-0.027018
103,113,-0.032333
103,114,-0.021180
103,115,0.036647
103,116,0.016255
103,117,0.047809
104,1,0.003974
104,2,0.068790
104,3,0.149759
104,4,0.097956
104,5,-0.083880
104,6,-0.131199
104,7,-0.033009
104,8,0.003975
104,9,-0.023493
104,10,-0.032927
104,11,-0.011679
104,12,-0.017222
104,13,-0.035269
104,14,0.105609
104,15,0.101934
104,16,0.165408
104,17,0.187854
104,18,0.147295
104,19,0.176204
104,20,0.182723
104,21,0.194455
104,22,0.169267
104,23,0.126237
104,24,0.036085
104,25,0.020232
104,26,0.021998
104,27,0.004390
104,28,-0.022014
104,29,0.011463
104,30,0.009158
104,31,0.026154
104,32,0.014127
104,33,0.054224
104,34,0.111112
104,35,0.134021
104,36,0.194134
104,37,0.184050
104,38,0.201381
104,39,0.144516
104,40,0.425559
104,41,0.371805
104,42,0.187404
104,43,0.086940
104,44,0.213752
104,45,0.163627
104,46,0.140412
104,47,0.149857
104,48,0.105235
104,49,0.213604
104,50,0.167241
104,51,0.138369
104,52,0.119244
104,53,0.086346
104,54,0.093134
104,55,0.039064
104,56,0.092665
104,57,0.118266
104,58,0.146579
104,59,0.088993
104,60,0.143838
104,61,0.181078
104,62,0.210688
104,63,0.249337
104,64,0.211448
104,65,0.184762
104,66,0.126901
104,67,0.100939
104,68,0.066448
104,69,0.055343
104,70,0.106357
104,71,0.071129
104,72,0.063794
104,73,0.041734
104,74,0.030626
104,75,0.052347
104,76,0.102503
104,77,0.077618
104,78,0.030586
104,79,0.032760
104,80,-0.003175
104,81,0.057566
104,82,-0.023154
104,83,-0.058068
104,84,-0.005904
104,85,0.037389
104,86,-0.009481
104,87,0.022679
104,88,0.099020
104,89,0.092924
104,90,0.213952
104,91,0.243695
104,92,0.261326
104,93,0.298577
104,94,0.317244
104,95,0.293396
104,96,0.224398
104,97,0.238325
104,98,0.257298
104,99,0.197165
104,100,0.318683
104,101,0.329122
104,102,0.551569
104,103,0.631441
104,104,1.000000
104,105,0.665691
104,106,0.306835
104,107,0.201094
104,108,0.160044
104,109,0.056733
104,110,0.004447
104,111,-0.008393
104,112,-0.013076
104,113,-0.037866
104,114,-0.033378
104,115,-0.013994
104,116,-0.005960
104,117,0.031556
105,1,0.072982
105,2,0.105607
105,3,0.157684
105,4,0.067268
105,5,-0.054022
105,6,-0.113494
105,7,-0.024604
105,8,-0.000837
105,9,-0.023023
105,10,-0.034657
105,11,-0.017873
105,12,-0.012965
105,13,-0.033367
105,14,0.121685
105,15,0.102324
105,16,0.155848
105,17,0.179635
105,18,0.146132
105,19,0.180955
105,20,0.173279
105,21,0.206162
105,22,0.178491
105,23,0.121353
105,24,0.014189
105,25,0.018101
105,26,0.013475
105,27,0.016942
105,28,-0.013874
105,29,-0.005089
105,30,-0.004243
105,31,0.036193
105,32,0.035322
105,33,0.072074
105,34,0.136585
105,35,0.165660
105,36,0.215294
105,37,0.151176
105,38,0.191892
105,39,0.145820
105,40,0.378618
105,41,0.427012
105,42,0.200510
105,43,0.089267
105,44,0.180666
105,45,0.144315
105,46,0.124665
105,47,0.134361
105,48,0.116623
105,49,0.189952
105,50,0.159040
105,51,0.130938
105,52,0.126552
105,53,0.122177
105,54,0.120593
105,55,0.075721
105,56,0.129059
105,57,0.112595
105,58,0.120719
105,59,0.089361
105,60,0.153620
105,61,0.185886
105,62,0.198075
105,63,0.232539
105,64,0.216711
105,65,0.204170
105,66,0.145737
105,67,0.100572
105,68,0.065490
105,69,0.054964
105,70,0.105691
105,71,0.014662
105,72,0.046893
105,73,0.038772
105,74,-0.007213
105,75,0.047507
105,76,0.163952
105,77,0.097996
105,78,0.054932
105,79,0.067616
105,80,0.057856
105,81,0.090235
105,82,-0.013883
105,83,-0.030231
105,84,0.037030
105,85,0.023527
105,86,-0.007389
105,87,0.042490
105,88,0.087601
105,89,0.083388
105,90,0.214210
105,91,0.289790
105,92,0.288515
105,93,0.314013
105,94,0.315421
105,95,0.313606
105,96,0.295753
105,97,0.297907
105,98,0.256250
105,99,0.148759
105,100,0.256942
105,101,0.249696
105,102,0.328327
105,103,0.490970
105,104,0.665691
105,105,1.000000
105,106,0.507610
105,107,0.308492
105,108,0.162138
105,109,0.105283
105,110,0.061652
105,111,-0.014761
105,112,-0.031727
105,113,-0.001273
105,114,0.008179
105,115,-0.015978
105,116,0.004210
105,117,0.067492
106,1,0.230430
106,2,0.250965
106,3,0.213388
106,4,0.042242
106,5,-0.024597
106,6,-0.042087
106,7,0.028552
106,8,0.046915
106,9,0.044177
106,10,0.036539
106,11,0.027415
106,12,0.025537
106,13,0.010474
106,14,0.084856
106,15,0.097181
106,16,0.097712
106,17,0.110459
106,18,0.026511
106,19,0.087545
106,20,0.093601
106,21,0.148212
106,22,0.135479
106,23,0.113621
106,24,0.090292
106,25,0.080691
106,26,0.080832
106,27,0.076693
106,28,0.040552
106,29,0.073887
106,30,0.075252
106,31,0.089007
106,32,0.077110
106,33,0.095246
106,34,0.111550
106,35,0.122517
106,36,0.187683
106,37,0.157237
106,38,0.200422
106,39,0.146244
106,40,0.298177
106,41,0.367625
106,42,0.258229
106,43,0.186337
106,44,0.155124
106,45,0.108290
106,46,0.101648
106,47,0.056086
106,48,0.069984
106,49,0.080472
106,50,0.072205
106,51,0.063651
106,52,0.085671
106,53,0.081854
106,54,0.082002
106,55,0.085952
106,56,0.089132
106,57,0.113025
106,58,0.127390
106,59,0.135183
106,60,0.164691
106,61,0.184936
106,62,0.177735
106,63,0.193807
106,64,0.196776
106,65,0.181462
106,66,0.127238
106,67,0.111007
106,68,0.101568
106,69,0.098243
106,70,0.101626
106,71,0.009030
106,72,0.016518
106,73,0.020899
106,74,-0.024526
106,75,0.003299
106,76,0.119196
106,77,0.042382
106,78,0.047633
106,79,0.053672
106,80,0.082976
106,81,0.101461
106,82,0.054543
106,83,0.050922
106,84,0.087819
106,85,0.041323
106,86,0.064325
106,87,0.102594
106,88,0.132627
106,89,0.122871
106,90,0.190483
106,91,0.285135
106,92,0.296364
106,93,0.269946
106,94,0.255799
106,95,0.321718
106,96,0.285931
106,97,0.239808
106,98,0.161667
106,99,0.092340
106,100,0.144136
106,101,0.130083
106,102,0.188743
106,103,0.269081
106,104,0.306835
106,105,0.507610
106,106,1.000000
106,107,0.628498
106,108,0.404968
106,109,0.168336
106,110,0.162478
106,111,0.098053
106,112,0.072128
106,113,0.108612
106,114,0.093094
106,115,0.052357
106,116,0.061055
106,117,0.060306
107,1,0.299920
107,2,0.317775
107,3,0.218048
107,4,0.025786
107,5,0.018328
107,6,0.011248
107,7,0.047648
107,8,0.075958
107,9,0.093730
107,10,0.096097
107,11,0.060180
107,12,0.027004
107,13,0.012869
107,14,0.074718
107,15,0.082211
107,16,0.077544
107,17,0.082954
107,18,-0.003007
107,19,0.080611
107,20,0.095149
107,21,0.151095
107,22,0.144457
107,23,0.148449
107,24,0.120974
107,25,0.100166
107,26,0.090444
107,27,0.078345
107,28,0.037698
107,29,0.107364
107,30,0.121539
107,31,0.110236
107,32,0.114218
107,33,0.133963
107,34,0.149266
107,35,0.142180
107,36,0.202547
107,37,0.181859
107,38,0.205017
107,39,0.141843
107,40,0.228355
107,41,0.283259
107,42,0.251438
107,43,0.213515
107,44,0.186295
107,45,0.150720
107,46,0.142665
107,47,0.068206
107,48,0.085285
107,49,0.069662
107,50,0.041962
107,51,0.056297
107,52,0.060338
107,53,0.079103
107,54,0.071073
107,55,0.109267
107,56,0.080138
107,57,0.141717
107,58,0.148592
107,59,0.178478
107,60,0.206836
107,61,0.206666
107,62,0.207453
107,63,0.192712
107,64,0.208219
107,65,0.181125
107,66,0.141730
107,67,0.149990
107,68,0.093409
107,69,0.101603
107,70,0.105559
107,71,0.012631
107,72,-0.002516
107,73,-0.012670
107,74,-0.015360
107,75,-0.001423
107,76,0.093989
107,77,0.024220
107,78,0.059584
107,79,0.075938
107,80,0.105866
107,81,0.103485
107,82,0.108306
107,83,0.112656
107,84,0.123107
107,85,0.084581
107,86,0.136498
107,87,0.116080
107,88,0.115168
107,89,0.101354
107,90,0.141445
107,91,0.217828
107,92,0.216925
107,93,0.173192
107,94,0.165926
107,95,0.232210
107,96,0.228813
107,97,0.201970
107,98,0.113314
107,99,0.074181
107,100,0.119463
107,101,0.112559
107,102,0.141792
107,103,0.205478
107,104,0.201094
107,105,0.308492
107,106,0.628498
107,107,1.000000
107,108,0.619566
107,109,0.362613
107,110,0.257875
107,111,0.087373
107,112,0.055906
107,113,0.127474
107,114,0.156913
107,115,0.162945
107,116,0.133496
107,117,0.100715
108,1,0.181800
108,2,0.214830
108,3,0.134597
108,4,0.023825
108,5,-0.033290
108,6,-0.025321
108,7,0.013767
108,8,0.038663
108,9,0.041105
108,10,0.016995
108,11,-0.006546
108,12,-0.027728
108,13,-0.039206
108,14,0.045565
108,15,0.050852
108,16,0.039471
108,17,0.053348
108,18,0.023939
108,19,0.083534
108,20,0.072822
108,21,0.103322
108,22,0.132739
108,23,0.109548
108,24,0.097750
108,25,0.034379
108,26,0.013074
108,27,-0.006297
108,28,-0.032782
108,29,0.037373
108,30,0.056158
108,31,0.051590
108,32,0.064710
108,33,0.080666
108,34,0.057182
108,35,0.107241
108,36,0.125567
108,37,0.109914
108,38,0.113821
108,39,0.063826
108,40,0.116755
108,41,0.125260
108,42,0.077824
108,43,0.039408
108,44,0.077541
108,45,0.054532
108,46,0.025664
108,47,0.046209
108,48,0.034170
108,49,0.031482
108,50,0.025509
108,51,0.023498
108,52,0.005099
108,53,-0.002299
108,54,-0.003217
108,55,0.028091
108,56,0.021747
108,57,0.052422
108,58,0.071516
108,59,0.087393
108,60,0.123920
108,61,0.113649
108,62,0.119111
108,63,0.101299
108,64,0.125737
108,65,0.105486
108,66,0.105948
108,67,0.097254
108,68,0.058767
108,69,0.049272
108,70,0.027019
108,71,-0.010770
108,72,0.028448
108,73,0.000622
108,74,0.000370
108,75,-0.029363
108,76,-0.040108
108,77,-0.068203
108,78,-0.023869
108,79,0.001825
108,80,0.009690
108,81,0.031012
108,82,0.071690
108,83,0.122637
108,84,0.103460
108,85,0.084898
108,86,0.191663
108,87,0.154074
108,88,0.115693
108,89,0.157049
108,90,0.196935
108,91,0.174611
108,92,0.156739
108,93,0.138161
108,94,0.125821
108,95,0.137763
108,96,0.123954
108,97,0.115293
108,98,0.094264
108,99,0.091982
108,100,0.110417
108,101,0.125279
108,102,0.147765
108,103,0.201240
108,104,0.160044
108,105,0.162138
108,106,0.404968
108,107,0.619566
108,108,1.000000
108,109,0.439967
108,110,0.356683
108,111,0.057576
108,112,0.041248
108,113,0.030945
108,114,0.041547
108,115,0.062354
108,116,0.041329
108,117,0.038659
109,1,0.129350
109,2,0.160062
109,3,0.105009
109,4,-0.030624
109,5,0.024657
109,6,0.046845
109,7,0.041956
109,8,0.059083
109,9,0.065537
109,10,0.072452
109,11,0.050869
109,12,0.028933
109,13,0.024421
109,14,0.095129
109,15,0.096614
109,16,0.073120
109,17,0.086882
109,18,0.037130
109,19,0.061525
109,20,0.069594
109,21,0.065695
109,22,0.071514
109,23,0.062002
109,24,0.094054
109,25,0.119791
109,26,0.102062
109,27,0.089701
109,28,0.053891
109,29,0.106692
109,30,0.113248
109,31,0.061714
109,32,0.064657
109,33,0.046609
109,34,0.054918
109,35,0.038451
109,36,0.098062
109,37,0.075802
109,38,0.076298
109,39,0.023239
109,40,0.077829
109,41,0.127603
109,42,0.066436
109,43,0.070206
109,44,0.067846
109,45,0.059421
109,46,0.064615
109,47,0.037382
109,48,0.069987
109,49,0.027830
109,50,0.047750
109,51,0.044061
109,52,0.022330
109,53,0.034902
109,54,0.031477
109,55,0.074196
109,56,0.023225
109,57,0.059941
109,58,0.052408
109,59,0.094149
109,60,0.096125
109,61,0.079367
109,62,0.081595
109,63,0.074761
109,64,0.067765
109,65,0.071231
109,66,0.068705
109,67,0.072704
109,68,0.067645
109,69,0.070188
109,70,0.045999
109,71,0.015338
109,72,0.030393
109,73,0.005639
109,74,-0.027346
109,75,-0.007479
109,76,0.036367
109,77,0.032759
109,78,0.033032
109,79,0.052578
109,80,0.088553
109,81,0.132416
109,82,0.203734
109,83,0.240250
109,84,0.205735
109,85,0.188065
109,86,0.246861
109,87,0.209114
109,88,0.124988
109,89,0.094951
109,90,0.075474
109,91,0.104555
109,92,0.067683
109,93,0.025924
109,94,0.025280
109,95,0.054281
109,96,0.076901
109,97,0.074519
109,98,0.042087
109,99,0.002185
109,100,-0.000621
109,101,-0.012143
109,102,0.002821
109,103,0.040678
109,104,0.056733
109,105,0.105283
109,106,0.168336
109,107,0.362613
109,108,0.439967
109,109,1.000000
109,110,0.690359
109,111,0.081967
109,112,0.052900
109,113,0.119854
109,114,0.119226
109,115,0.079479
109,116,0.064717
109,117,0.020735
110,1,0.132092
110,2,0.154899
110,3,0.117644
110,4,-0.004821
110,5,0.025971
110,6,0.033246
110,7,0.021895
110,8,0.047829
110,9,0.060710
110,10,0.061908
110,11,0.046864
110,12,0.041464
110,13,0.033289
110,14,0.061299
110,15,0.104892
110,16,0.053399
110,17,0.071182
110,18,0.019570
110,19,0.075608
110,20,0.087980
110,21,0.114801
110,22,0.085516
110,23,0.078716
110,24,0.101932
110,25,0.099599
110,26,0.097668
110,27,0.085089
110,28,0.070667
110,29,0.114717
110,30,0.111971
110,31,0.078415
110,32,0.090015
110,33,0.056211
110,34,0.113562
110,35,0.051170
110,36,0.115379
110,37,0.118625
110,38,0.123952
110,39,0.034023
110,40,0.032968
110,41,0.103514
110,42,0.120086
110,43,0.086885
110,44,0.112063
110,45,0.073339
110,46,0.065080
110,47,0.069975
110,48,0.053511
110,49,0.040826
110,50,0.033457
110,51,0.039364
110,52,-0.000386
110,53,-0.001711
110,54,-0.000121
110,55,0.053361
110,56,0.054190
110,57,0.091359
110,58,0.094030
110,59,0.121947
110,60,0.127803
110,61,0.135426
110,62,0.133661
110,63,0.127947
110,64,0.125666
110,65,0.133976
110,66,0.116295
110,67,0.098887
110,68,0.079833
110,69,0.064074
110,70,0.038623
110,71,0.000936
110,72,0.016503
110,73,-0.014013
110,74,-0.042945
110,75,-0.035651
110,76,0.075860
110,77,0.083234
110,78,0.055939
110,79,0.049771
110,80,0.074271
110,81,0.056398
110,82,0.123782
110,83,0.172959
110,84,0.146560
110,85,0.105540
110,86,0.189214
110,87,0.209446
110,88,0.122239
110,89,0.045455
110,90,0.059404
110,91,0.086318
110,92,0.021351
110,93,-0.035008
110,94,-0.026894
110,95,-0.002151
110,96,0.070318
110,97,0.070195
110,98,0.036280
110,99,0.006193
110,100,-0.008095
110,101,-0.023741
110,102,-0.006505
110,103,0.000324
110,104,0.004447
110,105,0.061652
110,106,0.162478
110,107,0.257875
110,108,0.356683
110,109,0.690359
110,110,1.000000
110,111,0.231913
110,112,0.139741
110,113,0.126218
110,114,0.096741
110,115,0.058304
110,116,0.059149
110,117,-0.005818
111,1,0.182044
111,2,0.164146
111,3,0.171674
111,4,0.117802
111,5,-0.064600
111,6,-0.074354
111,7,-0.013532
111,8,0.001805
111,9,0.010942
111,10,0.038506
111,11,0.006980
111,12,0.033092
111,13,0.055266
111,14,0.036061
111,15,0.055774
111,16,-0.010519
111,17,0.002326
111,18,-0.032055
111,19,0.032986
111,20,0.045251
111,21,0.059718
111,22,0.076674
111,23,0.109497
111,24,0.172249
111,25,0.144427
111,26,0.144023
111,27,0.087405
111,28,0.102304
111,29,0.131953
111,30,0.111032
111,31,0.079517
111,32,0.034122
111,33,0.044497
111,34,0.017303
111,35,-0.042039
111,36,0.052883
111,37,0.085555
111,38,0.087631
111,39,0.090788
111,40,0.123620
111,41,0.165039
111,42,0.126696
111,43,0.116695
111,44,0.094254
111,45,0.067164
111,46,0.062080
111,47,0.037282
111,48,0.021888
111,49,0.017391
111,50,-0.006542
111,51,0.016650
111,52,0.022109
111,53,0.042390
111,54,0.067648
111,55,0.172669
111,56,0.131691
111,57,0.128912
111,58,0.116031
111,59,0.097685
111,60,0.098380
111,61,0.108021
111,62,0.093356
111,63,0.102534
111,64,0.085913
111,65,0.104722
111,66,0.111719
111,67,0.112060
111,68,0.150652
111,69,0.077015
111,70,0.063315
111,71,0.036626
111,72,-0.009776
111,73,0.032335
111,74,-0.056557
111,75,0.007779
111,76,0.065173
111,77,0.134992
111,78,0.081194
111,79,0.015423
111,80,0.076643
111,81,0.084033
111,82,0.051281
111,83,0.055709
111,84,0.085833
111,85,0.013620
111,86,0.022519
111,87,0.113117
111,88,0.105012
111,89,0.027157
111,90,0.003452
111,91,0.085592
111,92,0.110139
111,93,0.073065
111,94,0.046378
111,95,0.084582
111,96,0.068196
111,97,0.038994
111,98,-0.016053
111,99,-0.057329
111,100,-0.056890
111,101,-0.077621
111,102,0.008613
111,103,-0.047820
111,104,-0.008393
111,105,-0.014761
111,106,0.098053
111,107,0.087373
111,108,0.057576
111,109,0.081967
111,110,0.231913
111,111,1.000000
111,112,0.876923
111,113,0.457637
111,114,0.302247
111,115,0.223987
111,116,0.268558
111,117,0.138719
112,1,0.196246
112,2,0.186502
112,3,0.198496
112,4,0.110409
112,5,-0.061861
112,6,-0.059990
112,7,0.013657
112,8,0.021433
112,9,0.027062
112,10,0.073678
112,11,0.050585
112,12,0.070357
112,13,0.079074
112,14,0.038946
112,15,0.043291
112,16,-0.010583
112,17,-0.004343
112,18,-0.018363
112,19,0.059707
112,20,0.064372
112,21,0.066444
112,22,0.075166
112,23,0.123383
112,24,0.200415
112,25,0.181148
112,26,0.182037
112,27,0.126635
112,28,0.140940
112,29,0.182471
112,30,0.153023
112,31,0.101133
112,32,0.054591
112,33,0.054830
112,34,-0.003817
112,35,-0.035196
112,36,0.063916
112,37,0.093216
112,38,0.068263
112,39,0.109917
112,40,0.135265
112,41,0.162787
112,42,0.128892
112,43,0.119501
112,44,0.112517
112,45,0.076394
112,46,0.078505
112,47,0.042708
112,48,0.055300
112,49,0.048052
112,50,0.032433
112,51,0.070004
112,52,0.059961
112,53,0.081832
112,54,0.090053
112,55,0.178874
112,56,0.132903
112,57,0.131634
112,58,0.121224
112,59,0.099721
112,60,0.108718
112,61,0.102773
112,62,0.091447
112,63,0.107795
112,64,0.084484
112,65,0.098693
112,66,0.102527
112,67,0.116555
112,68,0.148584
112,69,0.065971
112,70,0.061297
112,71,0.039184
112,72,-0.028436
112,73,-0.010062
112,74,-0.051143
112,75,0.030966
112,76,0.033949
112,77,0.108077
112,78,0.099816
112,79,0.036843
112,80,0.093136
112,81,0.096662
112,82,0.063666
112,83,0.077694
112,84,0.106102
112,85,0.029261
112,86,0.030345
112,87,0.135106
112,88,0.134782
112,89,0.065438
112,90,0.030954
112,91,0.115919
112,92,0.143115
112,93,0.095173
112,94,0.062030
112,95,0.101613
112,96,0.076719
112,97,0.056281
112,98,0.006595
112,99,-0.065809
112,100,-0.065667
112,101,-0.057683
112,102,0.001794
112,103,-0.027018
112,104,-0.013076
112,105,-0.031727
112,106,0.072128
112,107,0.055906
112,108,0.041248
112,109,0.052900
112,110,0.139741
112,111,0.876923
112,112,1.000000
112,113,0.504903
112,114,0.343354
112,115,0.261189
112,116,0.317869
112,117,0.185052
113,1,0.271635
113,2,0.245847
113,3,0.181454
113,4,0.103527
113,5,0.046057
113,6,0.028992
113,7,0.052653
113,8,0.086750
113,9,0.143304
113,10,0.215293
113,11,0.194994
113,12,0.171898
113,13,0.144127
113,14,0.086801
113,15,0.113895
113,16,0.058355
113,17,0.108717
113,18,-0.001568
113,19,0.154192
113,20,0.123969
113,21,0.157557
113,22,0.134601
113,23,0.172112
113,24,0.304285
113,25,0.266704
113,26,0.257375
113,27,0.201521
113,28,0.204729
113,29,0.325313
113,30,0.306380
113,31,0.220786
113,32,0.161339
113,33,0.161260
113,34,0.164671
113,35,0.055785
113,36,0.120006
113,37,0.139020
113,38,0.143242
113,39,0.198643
113,40,0.182601
113,41,0.205200
113,42,0.222439
113,43,0.218495
113,44,0.228877
113,45,0.158166
113,46,0.241317
113,47,0.093088
113,48,0.191445
113,49,0.147241
113,50,0.169086
113,51,0.242656
113,52,0.214599
113,53,0.239617
113,54,0.244478
113,55,0.304620
113,56,0.117047
113,57,0.147526
113,58,0.136795
113,59,0.150799
113,60,0.143229
113,61,0.149668
113,62,0.156373
113,63,0.211258
113,64,0.167859
113,65,0.167674
113,66,0.109915
113,67,0.139660
113,68,0.189266
113,69,0.139584
113,70,0.187600
113,71,0.034552
113,72,0.065240
113,73,0.095605
113,74,0.056287
113,75,0.154740
113,76,0.117767
113,77,0.211336
113,78,0.185372
113,79,0.116245
113,80,0.247440
113,81,0.262229
113,82,0.236352
113,83,0.198671
113,84,0.189571
113,85,0.082971
113,86,0.047241
113,87,0.119424
113,88,0.122382
113,89,0.069714
113,90,-0.009556
113,91,0.126613
113,92,0.163065
113,93,0.084112
113,94,0.034003
113,95,0.144670
113,96,0.147626
113,97,0.137154
113,98,0.027988
113,99,-0.008950
113,100,-0.006859
113,101,-0.004220
113,102,-0.020162
113,103,-0.032333
113,104,-0.037866
113,105,-0.001273
113,106,0.108612
113,107,0.127474
113,108,0.030945
113,109,0.119854
113,110,0.126218
113,111,0.457637
113,112,0.504903
113,113,1.000000
113,114,0.762960
113,115,0.460828
113,116,0.540499
113,117,0.372563
114,1,0.307856
114,2,0.256640
114,3,0.137606
114,4,-0.009003
114,5,0.062955
114,6,0.070296
114,7,0.049306
114,8,0.082377
114,9,0.144872
114,10,0.191279
114,11,0.197990
114,12,0.139236
114,13,0.092450
114,14,0.152662
114,15,0.124281
114,16,0.066621
114,17,0.116958
114,18,0.025325
114,19,0.174434
114,20,0.143799
114,21,0.177223
114,22,0.139836
114,23,0.136448
114,24,0.264066
114,25,0.218105
114,26,0.215984
114,27,0.169708
114,28,0.152800
114,29,0.283362
114,30,0.253613
114,31,0.218646
114,32,0.157528
114,33,0.165238
114,34,0.174831
114,35,0.066623
114,36,0.134850
114,37,0.131127
114,38,0.129152
114,39,0.229571
114,40,0.185449
114,41,0.204929
114,42,0.235760
114,43,0.223696
114,44,0.275054
114,45,0.190794
114,46,0.294848
114,47,0.137246
114,48,0.260557
114,49,0.195685
114,50,0.225084
114,51,0.294858
114,52,0.271332
114,53,0.277833
114,54,0.324328
114,55,0.359682
114,56,0.112577
114,57,0.134889
114,58,0.110209
114,59,0.135317
114,60,0.121431
114,61,0.124963
114,62,0.137975
114,63,0.224027
114,64,0.159139
114,65,0.159462
114,66,0.097956
114,67,0.104428
114,68,0.177848
114,69,0.118883
114,70,0.147924
114,71,0.013545
114,72,0.085051
114,73,0.058525
114,74,0.020065
114,75,0.186389
114,76,0.105470
114,77,0.258024
114,78,0.229235
114,79,0.155040
114,80,0.271999
114,81,0.245803
114,82,0.200087
114,83,0.146661
114,84,0.125884
114,85,0.036123
114,86,0.007977
114,87,0.043921
114,88,0.080000
114,89,0.060080
114,90,-0.050680
114,91,0.067210
114,92,0.120388
114,93,0.047427
114,94,-0.012229
114,95,0.099867
114,96,0.112150
114,97,0.107088
114,98,0.010307
114,99,-0.009633
114,100,-0.005792
114,101,0.003102
114,102,-0.024328
114,103,-0.021180
114,104,-0.033378
114,105,0.008179
114,106,0.093094
114,107,0.156913
114,108,0.041547
114,109,0.119226
114,110,0.096741
114,111,0.302247
114,112,0.343354
114,113,0.762960
114,114,1.000000
114,115,0.722382
114,116,0.743898
114,117,0.563543
115,1,0.239074
115,2,0.165123
115,3,0.036954
115,4,-0.052403
115,5,0.035122
115,6,0.039050
115,7,-0.027476
115,8,0.019545
115,9,0.072117
115,10,0.095392
115,11,0.114689
115,12,0.043915
115,13,0.015936
115,14,0.097711
115,15,0.062021
115,16,0.016269
115,17,0.078443
115,18,0.018498
115,19,0.135814
115,20,0.119116
115,21,0.142040
115,22,0.104779
115,23,0.092626
115,24,0.181864
115,25,0.128317
115,26,0.114248
115,27,0.063892
115,28,0.061057
115,29,0.170884
115,30,0.142355
115,31,0.140898
115,32,0.087970
115,33,0.103828
115,34,0.159775
115,35,0.027456
115,36,0.059216
115,37,0.052759
115,38,0.053803
115,39,0.180474
115,40,0.128900
115,41,0.128323
115,42,0.174538
115,43,0.165645
115,44,0.235183
115,45,0.179612
115,46,0.259739
115,47,0.162950
115,48,0.269111
115,49,0.187706
115,50,0.211300
115,51,0.238102
115,52,0.238405
115,53,0.233503
115,54,0.325940
115,55,0.339678
115,56,0.094324
115,57,0.095096
115,58,0.066805
115,59,0.067217
115,60,0.066044
115,61,0.053590
115,62,0.076664
115,63,0.164014
115,64,0.094735
115,65,0.110278
115,66,0.058577
115,67,0.055111
115,68,0.119464
115,69,0.078889
115,70,0.072910
115,71,-0.025024
115,72,0.105805
115,73,0.026359
115,74,0.015888
115,75,0.197345
115,76,0.035551
115,77,0.202530
115,78,0.193964
115,79,0.118928
115,80,0.205208
115,81,0.148929
115,82,0.084781
115,83,0.029538
115,84,0.032288
115,85,0.015665
115,86,-0.022032
115,87,-0.008265
115,88,0.056256
115,89,0.043145
115,90,-0.065565
115,91,-0.003357
115,92,0.053304
115,93,-0.005056
115,94,-0.072804
115,95,0.015720
115,96,0.067703
115,97,0.087243
115,98,0.021593
115,99,-0.003686
115,100,0.018963
115,101,0.048947
115,102,0.024582
115,103,0.036647
115,104,-0.013994
115,105,-0.015978
115,106,0.052357
115,107,0.162945
115,108,0.062354
115,109,0.079479
115,110,0.058304
115,111,0.223987
115,112,0.261189
115,113,0.460828
115,114,0.722382
115,115,1.000000
115,116,0.841813
115,117,0.693381
116,1,0.235059
116,2,0.150276
116,3,0.051416
116,4,0.010730
116,5,0.061253
116,6,0.060067
116,7,0.007132
116,8,0.048316
116,9,0.092186
116,10,0.121329
116,11,0.146682
116,12,0.091174
116,13,0.064448
116,14,0.091823
116,15,0.062757
116,16,0.007786
116,17,0.090849
116,18,0.043596
116,19,0.171248
116,20,0.138488
116,21,0.165356
116,22,0.134789
116,23,0.106477
116,24,0.200523
116,25,0.139282
116,26,0.127971
116,27,0.079153
116,28,0.081962
116,29,0.186676
116,30,0.159768
116,31,0.163030
116,32,0.104247
116,33,0.123805
116,34,0.156074
116,35,0.030921
116,36,0.074863
116,37,0.072795
116,38,0.065004
116,39,0.179558
116,40,0.134043
116,41,0.152248
116,42,0.185587
116,43,0.186712
116,44,0.240039
116,45,0.198838
116,46,0.283328
116,47,0.203358
116,48,0.276610
116,49,0.206966
116,50,0.236697
116,51,0.267255
116,52,0.240595
116,53,0.229467
116,54,0.314348
116,55,0.322579
116,56,0.101650
116,57,0.099407
116,58,0.073533
116,59,0.066039
116,60,0.072745
116,61,0.066518
116,62,0.083916
116,63,0.173384
116,64,0.113561
116,65,0.133635
116,66,0.090284
116,67,0.063085
116,68,0.153048
116,69,0.105186
116,70,0.094981
116,71,-0.031387
116,72,0.068084
116,73,0.008982
116,74,-0.029444
116,75,0.161186
116,76,0.039884
116,77,0.213084
116,78,0.171530
116,79,0.092490
116,80,0.182294
116,81,0.159296
116,82,0.104138
116,83,0.052247
116,84,0.051610
116,85,0.023002
116,86,-0.014133
116,87,0.017165
116,88,0.064546
116,89,0.047541
116,90,-0.059357
116,91,0.016092
116,92,0.068817
116,93,0.008140
116,94,-0.051295
116,95,0.031383
116,96,0.075718
116,97,0.088848
116,98,0.012909
116,99,-0.020263
116,100,-0.010987
116,101,0.007882
116,102,-0.009332
116,103,0.016255
116,104,-0.005960
116,105,0.004210
116,106,0.061055
116,107,0.133496
116,108,0.041329
116,109,0.064717
116,110,0.059149
116,111,0.268558
116,112,0.317869
116,113,0.540499
116,114,0.743898
116,115,0.841813
116,116,1.000000
116,117,0.716708
117,1,0.090684
117,2,-0.004365
117,3,-0.082101
117,4,-0.110975
117,5,-0.028405
117,6,-0.031478
117,7,-0.104843
117,8,-0.067068
117,9,-0.028324
117,10,-0.004348
117,11,0.029137
117,12,-0.012053
117,13,-0.048644
117,14,0.074661
117,15,0.013399
117,16,-0.012490
117,17,0.061343
117,18,0.042798
117,19,0.097754
117,20,0.052514
117,21,0.084863
117,22,0.080383
117,23,0.026786
117,24,0.093812
117,25,0.043409
117,26,0.026289
117,27,-0.008504
117,28,-0.021060
117,29,0.071705
117,30,0.045194
117,31,0.047470
117,32,-0.012582
117,33,0.016069
117,34,0.096045
117,35,0.010008
117,36,-0.007675
117,37,-0.020191
117,38,-0.013766
117,39,0.097083
117,40,0.069996
117,41,0.076507
117,42,0.103495
117,43,0.117543
117,44,0.162804
117,45,0.145834
117,46,0.216873
117,47,0.170282
117,48,0.244188
117,49,0.140180
117,50,0.197811
117,51,0.179693
117,52,0.188057
117,53,0.172386
117,54,0.277569
117,55,0.250227
117,56,0.077026
117,57,0.037206
117,58,-0.008939
117,59,-0.015538
117,60,-0.010053
117,61,-0.021643
117,62,-0.012347
117,63,0.082196
117,64,0.028754
117,65,0.035664
117,66,0.009091
117,67,-0.027596
117,68,0.060460
117,69,0.034651
117,70,0.018268
117,71,-0.046371
117,72,0.052384
117,73,0.014959
117,74,-0.040024
117,75,0.147306
117,76,-0.015080
117,77,0.131377
117,78,0.099252
117,79,0.035818
117,80,0.097522
117,81,0.098685
117,82,0.002607
117,83,-0.018045
117,84,0.014821
117,85,0.013528
117,86,-0.035714
117,87,0.000193
117,88,0.044852
117,89,0.014677
117,90,-0.051691
117,91,-0.022206
117,92,-0.011983
117,93,-0.042980
117,94,-0.085967
117,95,-0.046589
117,96,0.019594
117,97,0.039722
117,98,-0.019701
117,99,0.005006
117,100,0.014262
117,101,0.012366
117,102,-0.004932
117,103,0.047809
117,104,0.031556
117,105,0.067492
117,106,0.060306
117,107,0.100715
117,108,0.038659
117,109,0.020735
117,110,-0.005818
117,111,0.138719
117,112,0.185052
117,113,0.372563
117,114,0.563543
117,115,0.693381
117,116,0.716708
117,117,1.000000
