residue_i,residue_j,std
1,1,0.000000
1,2,0.062910
1,3,0.099442
1,4,0.095616
1,5,0.001232
1,6,0.030099
1,7,0.063071
1,8,0.087909
1,9,0.039128
1,10,0.024152
1,11,0.004535
1,12,0.000967
1,13,0.016033
1,14,0.000352
1,15,0.001331
1,16,0.007280
1,17,0.006633
1,18,0.009229
1,19,0.000294
1,20,0.009389
1,21,0.006928
1,22,0.024231
1,23,0.023689
1,24,0.016413
1,25,0.035074
1,26,0.047279
1,27,0.006289
1,28,0.040895
1,29,0.003297
1,30,0.020835
1,31,0.053003
1,32,0.028042
1,33,0.072853
1,34,0.054944
1,35,0.142568
1,36,0.111617
1,37,0.099744
1,38,0.084466
1,39,0.080301
1,40,0.014205
1,41,0.051881
1,42,0.033449
1,43,0.002779
1,44,0.016240
1,45,0.008663
1,46,0.011812
1,47,0.011293
1,48,0.016782
1,49,0.031551
1,50,0.000537
1,51,0.038315
1,52,0.043470
1,53,0.027733
1,54,0.005759
1,55,0.007450
1,56,0.043382
1,57,0.116915
1,58,0.118162
1,59,0.102487
1,60,0.034530
1,61,0.033446
1,62,0.007997
1,63,0.025632
1,64,0.022056
1,65,0.070204
1,66,0.076358
1,67,0.011324
1,68,0.013285
1,69,0.027000
1,70,0.041119
1,71,0.000397
1,72,0.025221
1,73,0.017508
1,74,0.012584
1,75,0.040521
1,76,0.038046
1,77,0.058140
1,78,0.016464
1,79,0.030079
1,80,0.014633
1,81,0.039717
1,82,0.048950
1,83,0.049888
1,84,0.095701
1,85,0.023183
1,86,0.004604
1,87,0.009490
1,88,0.007496
1,89,0.025450
1,90,0.024192
1,91,0.025380
1,92,0.013486
1,93,0.007867
1,94,0.026765
1,95,0.037953
1,96,0.055602
1,97,0.011329
1,98,0.002467
1,99,0.019391
1,100,0.071052
1,101,0.027406
1,102,0.020478
1,103,0.078307
1,104,0.066567
1,105,0.069199
1,106,0.084269
1,107,0.051769
1,108,0.038678
1,109,0.076390
1,110,0.082425
1,111,0.078334
1,112,0.036314
1,113,0.008334
1,114,0.008176
1,115,0.044860
1,116,0.044508
1,117,0.003421
1,118,0.016370
1,119,0.000618
1,120,0.028993
1,121,0.009519
1,122,0.044484
1,123,0.007479
1,124,0.008448
1,125,0.031137
1,126,0.041580
1,127,0.035373
1,128,0.011262
1,129,0.019176
1,130,0.023292
2,1,0.062910
2,2,0.000000
2,3,0.053168
2,4,0.051039
2,5,0.003728
2,6,0.003249
2,7,0.015816
2,8,0.003536
2,9,0.023723
2,10,0.035557
2,11,0.011166
2,12,0.025157
2,13,0.013541
2,14,0.028587
2,15,0.033444
2,16,0.010391
2,17,0.031134
2,18,0.022613
2,19,0.033927
2,20,0.003452
2,21,0.005724
2,22,0.062967
2,23,0.005506
2,24,0.018391
2,25,0.037797
2,26,0.069611
2,27,0.035039
2,28,0.057128
2,29,0.011275
2,30,0.031266
2,31,0.010088
2,32,0.008156
2,33,0.089845
2,34,0.058244
2,35,0.135787
2,36,0.126529
2,37,0.114919
2,38,0.122550
2,39,0.104932
2,40,0.037610
2,41,0.094849
2,42,0.071906
2,43,0.027924
2,44,0.039640
2,45,0.024820
2,46,0.027071
2,47,0.002971
2,48,0.004312
2,49,0.015724
2,50,0.023022
2,51,0.061293
2,52,0.091955
2,53,0.059657
2,54,0.032263
2,55,0.032854
2,56,0.061432
2,57,0.123648
2,58,0.101723
2,59,0.029163
2,60,0.015893
2,61,0.048114
2,62,0.003809
2,63,0.016001
2,64,0.031747
2,65,0.017698
2,66,0.010072
2,67,0.004700
2,68,0.007792
2,69,0.031505
2,70,0.003641
2,71,0.041417
2,72,0.063167
2,73,0.010835
2,74,0.024774
2,75,0.099177
2,76,0.092363
2,77,0.038692
2,78,0.057013
2,79,0.083435
2,80,0.058528
2,81,0.089600
2,82,0.080985
2,83,0.093910
2,84,0.120971
2,85,0.028598
2,86,0.023849
2,87,0.027754
2,88,0.006097
2,89,0.015749
2,90,0.018595
2,91,0.000209
2,92,0.040537
2,93,0.052270
2,94,0.031521
2,95,0.080083
2,96,0.100216
2,97,0.022263
2,98,0.031487
2,99,0.028784
2,100,0.026930
2,101,0.033835
2,102,0.026536
2,103,0.025429
2,104,0.038031
2,105,0.013065
2,106,0.036760
2,107,0.000800
2,108,0.019328
2,109,0.035501
2,110,0.048177
2,111,0.050053
2,112,0.019946
2,113,0.048930
2,114,0.042658
2,115,0.037486
2,116,0.021672
2,117,0.037062
2,118,0.004499
2,119,0.003906
2,120,0.003025
2,121,0.017142
2,122,0.027639
2,123,0.024765
2,124,0.022326
2,125,0.001231
2,126,0.010075
2,127,0.007521
2,128,0.010000
2,129,0.016549
2,130,0.051290
3,1,0.099442
3,2,0.053168
3,3,0.000000
3,4,0.044790
3,5,0.106036
3,6,0.088875
3,7,0.033208
3,8,0.002565
3,9,0.037503
3,10,0.042768
3,11,0.034389
3,12,0.007164
3,13,0.012419
3,14,0.018576
3,15,0.035145
3,16,0.026995
3,17,0.022604
3,18,0.024189
3,19,0.014186
3,20,0.018349
3,21,0.002757
3,22,0.039473
3,23,0.046684
3,24,0.039223
3,25,0.033340
3,26,0.061691
3,27,0.016417
3,28,0.018011
3,29,0.014709
3,30,0.074552
3,31,0.058339
3,32,0.075521
3,33,0.128447
3,34,0.118371
3,35,0.222444
3,36,0.170157
3,37,0.182726
3,38,0.197519
3,39,0.001787
3,40,0.064067
3,41,0.136844
3,42,0.073873
3,43,0.011197
3,44,0.059867
3,45,0.020798
3,46,0.019243
3,47,0.021651
3,48,0.001027
3,49,0.017285
3,50,0.009569
3,51,0.050385
3,52,0.053086
3,53,0.007448
3,54,0.025441
3,55,0.005870
3,56,0.080601
3,57,0.137172
3,58,0.107711
3,59,0.064924
3,60,0.021627
3,61,0.095821
3,62,0.099910
3,63,0.092556
3,64,0.068857
3,65,0.117621
3,66,0.091691
3,67,0.034743
3,68,0.006022
3,69,0.058275
3,70,0.030745
3,71,0.028220
3,72,0.033899
3,73,0.018463
3,74,0.027755
3,75,0.050889
3,76,0.085348
3,77,0.113760
3,78,0.052155
3,79,0.040742
3,80,0.009494
3,81,0.122428
3,82,0.111638
3,83,0.061175
3,84,0.103007
3,85,0.030859
3,86,0.031461
3,87,0.023805
3,88,0.019865
3,89,0.002013
3,90,0.006896
3,91,0.003447
3,92,0.044228
3,93,0.053284
3,94,0.002155
3,95,0.042732
3,96,0.062738
3,97,0.028364
3,98,0.001390
3,99,0.095857
3,100,0.010275
3,101,0.084885
3,102,0.049034
3,103,0.019070
3,104,0.035603
3,105,0.026954
3,106,0.090708
3,107,0.009583
3,108,0.012419
3,109,0.076671
3,110,0.122608
3,111,0.054951
3,112,0.025951
3,113,0.025366
3,114,0.025393
3,115,0.038368
3,116,0.147513
3,117,0.035723
3,118,0.030969
3,119,0.012802
3,120,0.001673
3,121,0.014196
3,122,0.040910
3,123,0.024943
3,124,0.047662
3,125,0.035762
3,126,0.009314
3,127,0.005055
3,128,0.017248
3,129,0.002113
3,130,0.016251
4,1,0.095616
4,2,0.051039
4,3,0.044790
4,4,0.000000
4,5,0.055685
4,6,0.032337
4,7,0.009356
4,8,0.025979
4,9,0.022223
4,10,0.043446
4,11,0.031861
4,12,0.034691
4,13,0.026197
4,14,0.001631
4,15,0.054262
4,16,0.024462
4,17,0.049087
4,18,0.018162
4,19,0.026355
4,20,0.000713
4,21,0.008223
4,22,0.019688
4,23,0.042654
4,24,0.034456
4,25,0.057538
4,26,0.080105
4,27,0.042495
4,28,0.043555
4,29,0.028892
4,30,0.049544
4,31,0.044650
4,32,0.034586
4,33,0.070841
4,34,0.080302
4,35,0.168340
4,36,0.097178
4,37,0.135500
4,38,0.164239
4,39,0.012408
4,40,0.079930
4,41,0.105208
4,42,0.058858
4,43,0.022223
4,44,0.043501
4,45,0.030098
4,46,0.050180
4,47,0.019851
4,48,0.014274
4,49,0.009538
4,50,0.013685
4,51,0.029454
4,52,0.036165
4,53,0.024378
4,54,0.029158
4,55,0.003829
4,56,0.071055
4,57,0.106766
4,58,0.055647
4,59,0.043834
4,60,0.000700
4,61,0.039363
4,62,0.029106
4,63,0.071119
4,64,0.041023
4,65,0.078951
4,66,0.058055
4,67,0.038189
4,68,0.003220
4,69,0.052318
4,70,0.033709
4,71,0.038097
4,72,0.036644
4,73,0.007809
4,74,0.037476
4,75,0.046768
4,76,0.054994
4,77,0.102684
4,78,0.081889
4,79,0.053384
4,80,0.028473
4,81,0.113439
4,82,0.099267
4,83,0.025552
4,84,0.090208
4,85,0.001015
4,86,0.026984
4,87,0.022649
4,88,0.036887
4,89,0.015122
4,90,0.000873
4,91,0.003380
4,92,0.046832
4,93,0.016884
4,94,0.003802
4,95,0.039032
4,96,0.038406
4,97,0.035161
4,98,0.032888
4,99,0.093916
4,100,0.005411
4,101,0.053827
4,102,0.018005
4,103,0.075530
4,104,0.022253
4,105,0.000051
4,106,0.119018
4,107,0.026032
4,108,0.056919
4,109,0.070807
4,110,0.131435
4,111,0.091507
4,112,0.002927
4,113,0.007640
4,114,0.008839
4,115,0.007348
4,116,0.192394
4,117,0.026733
4,118,0.032311
4,119,0.019642
4,120,0.000313
4,121,0.017573
4,122,0.012649
4,123,0.011697
4,124,0.054214
4,125,0.031701
4,126,0.013116
4,127,0.009152
4,128,0.029408
4,129,0.002754
4,130,0.024274
5,1,0.001232
5,2,0.003728
5,3,0.106036
5,4,0.055685
5,5,0.000000
5,6,0.141049
5,7,0.027987
5,8,0.054131
5,9,0.013848
5,10,0.010986
5,11,0.033854
5,12,0.025199
5,13,0.027391
5,14,0.007348
5,15,0.075894
5,16,0.013550
5,17,0.041102
5,18,0.034694
5,19,0.101019
5,20,0.013649
5,21,0.009679
5,22,0.066628
5,23,0.038242
5,24,0.097960
5,25,0.120422
5,26,0.089070
5,27,0.103675
5,28,0.084725
5,29,0.066640
5,30,0.002395
5,31,0.004934
5,32,0.095549
5,33,0.122764
5,34,0.070688
5,35,0.032953
5,36,0.101733
5,37,0.001645
5,38,0.046928
5,39,0.022184
5,40,0.059995
5,41,0.037132
5,42,0.000709
5,43,0.054119
5,44,0.005788
5,45,0.007725
5,46,0.009703
5,47,0.013786
5,48,0.000850
5,49,0.018567
5,50,0.001586
5,51,0.000092
5,52,0.012233
5,53,0.035413
5,54,0.044800
5,55,0.078169
5,56,0.045042
5,57,0.010436
5,58,0.052374
5,59,0.008658
5,60,0.015283
5,61,0.120119
5,62,0.193127
5,63,0.004056
5,64,0.040406
5,65,0.028046
5,66,0.043500
5,67,0.078172
5,68,0.037386
5,69,0.007623
5,70,0.010983
5,71,0.014078
5,72,0.003785
5,73,0.040929
5,74,0.029020
5,75,0.024512
5,76,0.059751
5,77,0.017000
5,78,0.054219
5,79,0.024791
5,80,0.030852
5,81,0.031836
5,82,0.035835
5,83,0.017589
5,84,0.016011
5,85,0.154953
5,86,0.057105
5,87,0.004797
5,88,0.061536
5,89,0.037182
5,90,0.038435
5,91,0.035746
5,92,0.025126
5,93,0.007108
5,94,0.025581
5,95,0.021727
5,96,0.016107
5,97,0.013915
5,98,0.038589
5,99,0.039159
5,100,0.030591
5,101,0.018148
5,102,0.015024
5,103,0.049964
5,104,0.019298
5,105,0.027866
5,106,0.108717
5,107,0.046161
5,108,0.025817
5,109,0.052472
5,110,0.022088
5,111,0.021491
5,112,0.011900
5,113,0.018729
5,114,0.018168
5,115,0.013133
5,116,0.072860
5,117,0.009383
5,118,0.032836
5,119,0.010690
5,120,0.022485
5,121,0.010861
5,122,0.008457
5,123,0.000340
5,124,0.029707
5,125,0.043958
5,126,0.022981
5,127,0.036401
5,128,0.012404
5,129,0.022385
5,130,0.034230
6,1,0.030099
6,2,0.003249
6,3,0.088875
6,4,0.032337
6,5,0.141049
6,6,0.000000
6,7,0.050000
6,8,0.088205
6,9,0.056879
6,10,0.059194
6,11,0.071325
6,12,0.003695
6,13,0.044495
6,14,0.020796
6,15,0.083263
6,16,0.040941
6,17,0.050263
6,18,0.058154
6,19,0.123934
6,20,0.040982
6,21,0.035575
6,22,0.004097
6,23,0.012395
6,24,0.031401
6,25,0.055016
6,26,0.045099
6,27,0.018624
6,28,0.041754
6,29,0.003749
6,30,0.028673
6,31,0.021670
6,32,0.029873
6,33,0.050344
6,34,0.008691
6,35,0.046864
6,36,0.017327
6,37,0.064813
6,38,0.080964
6,39,0.027500
6,40,0.042895
6,41,0.024429
6,42,0.036448
6,43,0.131546
6,44,0.045478
6,45,0.087014
6,46,0.141876
6,47,0.034851
6,48,0.060014
6,49,0.000257
6,50,0.020632
6,51,0.019697
6,52,0.022823
6,53,0.032075
6,54,0.051591
6,55,0.017910
6,56,0.026885
6,57,0.048721
6,58,0.037745
6,59,0.016168
6,60,0.031042
6,61,0.102020
6,62,0.114489
6,63,0.016891
6,64,0.041625
6,65,0.025658
6,66,0.010033
6,67,0.063396
6,68,0.020174
6,69,0.023888
6,70,0.009442
6,71,0.004403
6,72,0.006577
6,73,0.037601
6,74,0.079973
6,75,0.034947
6,76,0.105084
6,77,0.050185
6,78,0.088365
6,79,0.034422
6,80,0.040315
6,81,0.017947
6,82,0.029709
6,83,0.015741
6,84,0.012642
6,85,0.113902
6,86,0.082891
6,87,0.009911
6,88,0.001047
6,89,0.027033
6,90,0.039076
6,91,0.001000
6,92,0.012357
6,93,0.005294
6,94,0.023743
6,95,0.041819
6,96,0.005212
6,97,0.017826
6,98,0.025870
6,99,0.033093
6,100,0.029006
6,101,0.007214
6,102,0.014208
6,103,0.036063
6,104,0.036088
6,105,0.068419
6,106,0.104799
6,107,0.013363
6,108,0.024011
6,109,0.004084
6,110,0.003768
6,111,0.031534
6,112,0.047279
6,113,0.044474
6,114,0.037690
6,115,0.014028
6,116,0.109864
6,117,0.054933
6,118,0.106708
6,119,0.061916
6,120,0.007730
6,121,0.013698
6,122,0.006930
6,123,0.017064
6,124,0.032860
6,125,0.029223
6,126,0.012322
6,127,0.022449
6,128,0.046133
6,129,0.101356
6,130,0.109063
7,1,0.063071
7,2,0.015816
7,3,0.033208
7,4,0.009356
7,5,0.027987
7,6,0.050000
7,7,0.000000
7,8,0.027910
7,9,0.057421
7,10,0.018572
7,11,0.022689
7,12,0.014888
7,13,0.036901
7,14,0.013728
7,15,0.060759
7,16,0.041700
7,17,0.044909
7,18,0.007182
7,19,0.045311
7,20,0.011042
7,21,0.035386
7,22,0.054555
7,23,0.017636
7,24,0.039681
7,25,0.063170
7,26,0.059284
7,27,0.024751
7,28,0.024276
7,29,0.006159
7,30,0.032751
7,31,0.035057
7,32,0.024749
7,33,0.112651
7,34,0.101499
7,35,0.209164
7,36,0.136670
7,37,0.167174
7,38,0.191281
7,39,0.033213
7,40,0.088803
7,41,0.057364
7,42,0.000941
7,43,0.095870
7,44,0.011903
7,45,0.076268
7,46,0.086591
7,47,0.027969
7,48,0.047762
7,49,0.031230
7,50,0.031491
7,51,0.002518
7,52,0.017169
7,53,0.060061
7,54,0.060531
7,55,0.034908
7,56,0.037497
7,57,0.063729
7,58,0.065560
7,59,0.050171
7,60,0.001807
7,61,0.084451
7,62,0.070488
7,63,0.072966
7,64,0.043060
7,65,0.050775
7,66,0.061159
7,67,0.039392
7,68,0.005832
7,69,0.028318
7,70,0.030054
7,71,0.000821
7,72,0.002380
7,73,0.005490
7,74,0.052545
7,75,0.020643
7,76,0.056910
7,77,0.152815
7,78,0.101776
7,79,0.039768
7,80,0.036577
7,81,0.115630
7,82,0.108385
7,83,0.029605
7,84,0.098136
7,85,0.011179
7,86,0.029115
7,87,0.039986
7,88,0.043334
7,89,0.033025
7,90,0.016861
7,91,0.009897
7,92,0.028664
7,93,0.026938
7,94,0.006639
7,95,0.039886
7,96,0.046834
7,97,0.001573
7,98,0.065974
7,99,0.138042
7,100,0.015396
7,101,0.046565
7,102,0.028720
7,103,0.053014
7,104,0.023143
7,105,0.036322
7,106,0.143191
7,107,0.019014
7,108,0.048976
7,109,0.065049
7,110,0.109827
7,111,0.122104
7,112,0.007147
7,113,0.015960
7,114,0.019447
7,115,0.004695
7,116,0.199991
7,117,0.056850
7,118,0.069759
7,119,0.041730
7,120,0.011947
7,121,0.031201
7,122,0.056811
7,123,0.012401
7,124,0.054067
7,125,0.024803
7,126,0.005526
7,127,0.020768
7,128,0.034230
7,129,0.027151
7,130,0.081189
8,1,0.087909
8,2,0.003536
8,3,0.002565
8,4,0.025979
8,5,0.054131
8,6,0.088205
8,7,0.027910
8,8,0.000000
8,9,0.043941
8,10,0.015998
8,11,0.021177
8,12,0.007738
8,13,0.032424
8,14,0.008936
8,15,0.004554
8,16,0.002612
8,17,0.043056
8,18,0.032028
8,19,0.002422
8,20,0.014298
8,21,0.025366
8,22,0.041483
8,23,0.013603
8,24,0.014640
8,25,0.008318
8,26,0.025900
8,27,0.014356
8,28,0.023740
8,29,0.056177
8,30,0.049490
8,31,0.022880
8,32,0.037659
8,33,0.149541
8,34,0.106533
8,35,0.209478
8,36,0.176000
8,37,0.183620
8,38,0.191283
8,39,0.028380
8,40,0.024600
8,41,0.078615
8,42,0.029069
8,43,0.042736
8,44,0.015648
8,45,0.050628
8,46,0.041415
8,47,0.007842
8,48,0.029547
8,49,0.007711
8,50,0.001088
8,51,0.036645
8,52,0.044078
8,53,0.019553
8,54,0.048354
8,55,0.034142
8,56,0.016382
8,57,0.067017
8,58,0.101776
8,59,0.086311
8,60,0.018522
8,61,0.094566
8,62,0.125428
8,63,0.041390
8,64,0.047997
8,65,0.102150
8,66,0.137444
8,67,0.007806
8,68,0.007303
8,69,0.041394
8,70,0.037885
8,71,0.007351
8,72,0.022200
8,73,0.011815
8,74,0.023626
8,75,0.014332
8,76,0.056158
8,77,0.141926
8,78,0.059340
8,79,0.015175
8,80,0.006036
8,81,0.130114
8,82,0.130195
8,83,0.062111
8,84,0.112984
8,85,0.037968
8,86,0.018330
8,87,0.047680
8,88,0.045725
8,89,0.019604
8,90,0.023958
8,91,0.002301
8,92,0.036878
8,93,0.052985
8,94,0.009745
8,95,0.021104
8,96,0.077366
8,97,0.005376
8,98,0.023523
8,99,0.083158
8,100,0.013843
8,101,0.071524
8,102,0.053288
8,103,0.007398
8,104,0.038177
8,105,0.029931
8,106,0.116875
8,107,0.026886
8,108,0.017416
8,109,0.073151
8,110,0.108476
8,111,0.095774
8,112,0.052926
8,113,0.061563
8,114,0.037701
8,115,0.052936
8,116,0.127122
8,117,0.059618
8,118,0.030235
8,119,0.008633
8,120,0.007535
8,121,0.032441
8,122,0.059964
8,123,0.034798
8,124,0.027002
8,125,0.025584
8,126,0.005119
8,127,0.006781
8,128,0.071997
8,129,0.037872
8,130,0.088473
9,1,0.039128
9,2,0.023723
9,3,0.037503
9,4,0.022223
9,5,0.013848
9,6,0.056879
9,7,0.057421
9,8,0.043941
9,9,0.000000
9,10,0.011616
9,11,0.018434
9,12,0.018877
9,13,0.025290
9,14,0.001591
9,15,0.010818
9,16,0.000713
9,17,0.020713
9,18,0.001899
9,19,0.001068
9,20,0.015720
9,21,0.031230
9,22,0.005128
9,23,0.010721
9,24,0.028599
9,25,0.003008
9,26,0.026134
9,27,0.016219
9,28,0.015712
9,29,0.062626
9,30,0.027975
9,31,0.040685
9,32,0.010893
9,33,0.068748
9,34,0.081176
9,35,0.149174
9,36,0.136116
9,37,0.090781
9,38,0.109841
9,39,0.037318
9,40,0.024037
9,41,0.080387
9,42,0.061698
9,43,0.018990
9,44,0.019382
9,45,0.006694
9,46,0.000663
9,47,0.026960
9,48,0.042228
9,49,0.033571
9,50,0.018433
9,51,0.052184
9,52,0.067847
9,53,0.029334
9,54,0.006759
9,55,0.029230
9,56,0.013838
9,57,0.087224
9,58,0.105492
9,59,0.088768
9,60,0.037209
9,61,0.035818
9,62,0.032042
9,63,0.013922
9,64,0.016237
9,65,0.100136
9,66,0.121137
9,67,0.036625
9,68,0.022867
9,69,0.065689
9,70,0.039483
9,71,0.025900
9,72,0.021632
9,73,0.000602
9,74,0.007453
9,75,0.022619
9,76,0.026525
9,77,0.058155
9,78,0.039764
9,79,0.031205
9,80,0.024164
9,81,0.064365
9,82,0.047871
9,83,0.047846
9,84,0.081685
9,85,0.029199
9,86,0.016988
9,87,0.013691
9,88,0.035734
9,89,0.018592
9,90,0.040005
9,91,0.034358
9,92,0.007968
9,93,0.009530
9,94,0.015762
9,95,0.011846
9,96,0.036755
9,97,0.017598
9,98,0.003623
9,99,0.022523
9,100,0.061365
9,101,0.043147
9,102,0.011892
9,103,0.039895
9,104,0.006533
9,105,0.028678
9,106,0.072247
9,107,0.028878
9,108,0.030124
9,109,0.042265
9,110,0.046670
9,111,0.041993
9,112,0.011923
9,113,0.012585
9,114,0.002578
9,115,0.019664
9,116,0.055536
9,117,0.007394
9,118,0.007029
9,119,0.014514
9,120,0.006772
9,121,0.012552
9,122,0.016193
9,123,0.002065
9,124,0.028853
9,125,0.018730
9,126,0.046416
9,127,0.019167
9,128,0.021329
9,129,0.011333
9,130,0.041082
10,1,0.024152
10,2,0.035557
10,3,0.042768
10,4,0.043446
10,5,0.010986
10,6,0.059194
10,7,0.018572
10,8,0.015998
10,9,0.011616
10,10,0.000000
10,11,0.009436
10,12,0.054640
10,13,0.053119
10,14,0.003366
10,15,0.000564
10,16,0.004231
10,17,0.020776
10,18,0.012929
10,19,0.004404
10,20,0.003834
10,21,0.024734
10,22,0.005830
10,23,0.042414
10,24,0.002271
10,25,0.028213
10,26,0.013684
10,27,0.024585
10,28,0.034913
10,29,0.073860
10,30,0.010045
10,31,0.020717
10,32,0.039884
10,33,0.125224
10,34,0.132273
10,35,0.180243
10,36,0.156185
10,37,0.128533
10,38,0.144937
10,39,0.010347
10,40,0.050006
10,41,0.087394
10,42,0.070213
10,43,0.002661
10,44,0.014272
10,45,0.011166
10,46,0.008790
10,47,0.025257
10,48,0.020802
10,49,0.038612
10,50,0.038700
10,51,0.016909
10,52,0.035177
10,53,0.002931
10,54,0.046307
10,55,0.043076
10,56,0.053805
10,57,0.120691
10,58,0.132483
10,59,0.073553
10,60,0.032690
10,61,0.059733
10,62,0.095832
10,63,0.077418
10,64,0.103890
10,65,0.128384
10,66,0.105927
10,67,0.000720
10,68,0.054658
10,69,0.071972
10,70,0.074381
10,71,0.012980
10,72,0.000035
10,73,0.001730
10,74,0.016517
10,75,0.018681
10,76,0.035761
10,77,0.096643
10,78,0.096687
10,79,0.065377
10,80,0.040224
10,81,0.084069
10,82,0.056225
10,83,0.056254
10,84,0.093194
10,85,0.001580
10,86,0.011377
10,87,0.029641
10,88,0.027065
10,89,0.013632
10,90,0.002208
10,91,0.029039
10,92,0.015756
10,93,0.027623
10,94,0.005210
10,95,0.045203
10,96,0.062484
10,97,0.008335
10,98,0.030747
10,99,0.038904
10,100,0.027834
10,101,0.012408
10,102,0.044522
10,103,0.051711
10,104,0.017804
10,105,0.029650
10,106,0.092798
10,107,0.081965
10,108,0.075893
10,109,0.123084
10,110,0.102945
10,111,0.124110
10,112,0.003464
10,113,0.021331
10,114,0.018345
10,115,0.003360
10,116,0.093796
10,117,0.036359
10,118,0.019650
10,119,0.027995
10,120,0.013309
10,121,0.013578
10,122,0.024396
10,123,0.002243
10,124,0.024872
10,125,0.026696
10,126,0.008373
10,127,0.006609
10,128,0.013498
10,129,0.022192
10,130,0.031835
11,1,0.004535
11,2,0.011166
11,3,0.034389
11,4,0.031861
11,5,0.033854
11,6,0.071325
11,7,0.022689
11,8,0.021177
11,9,0.018434
11,10,0.009436
11,11,0.000000
11,12,0.095312
11,13,0.057875
11,14,0.004279
11,15,0.017964
11,16,0.018681
11,17,0.020443
11,18,0.035005
11,19,0.027250
11,20,0.045287
11,21,0.012560
11,22,0.035931
11,23,0.045079
11,24,0.022681
11,25,0.015417
11,26,0.000114
11,27,0.028010
11,28,0.068513
11,29,0.057797
11,30,0.027260
11,31,0.009737
11,32,0.063688
11,33,0.139167
11,34,0.129735
11,35,0.174984
11,36,0.165771
11,37,0.134760
11,38,0.143245
11,39,0.037578
11,40,0.067499
11,41,0.077406
11,42,0.057856
11,43,0.009693
11,44,0.024386
11,45,0.003004
11,46,0.015515
11,47,0.010584
11,48,0.018107
11,49,0.027007
11,50,0.035805
11,51,0.003954
11,52,0.017842
11,53,0.013385
11,54,0.057869
11,55,0.042193
11,56,0.053566
11,57,0.106790
11,58,0.118187
11,59,0.073493
11,60,0.049172
11,61,0.092797
11,62,0.137828
11,63,0.094865
11,64,0.096647
11,65,0.105072
11,66,0.079631
11,67,0.027301
11,68,0.047153
11,69,0.059443
11,70,0.052418
11,71,0.001397
11,72,0.001065
11,73,0.003090
11,74,0.019271
11,75,0.002746
11,76,0.020174
11,77,0.085993
11,78,0.118726
11,79,0.081488
11,80,0.048169
11,81,0.127541
11,82,0.096041
11,83,0.070268
11,84,0.106890
11,85,0.004277
11,86,0.010267
11,87,0.055734
11,88,0.005410
11,89,0.026564
11,90,0.002020
11,91,0.023614
11,92,0.031385
11,93,0.047891
11,94,0.011288
11,95,0.035229
11,96,0.070798
11,97,0.003571
11,98,0.024900
11,99,0.056419
11,100,0.013572
11,101,0.018076
11,102,0.003245
11,103,0.044654
11,104,0.013509
11,105,0.019092
11,106,0.101721
11,107,0.070886
11,108,0.048802
11,109,0.085759
11,110,0.091100
11,111,0.114177
11,112,0.019706
11,113,0.025313
11,114,0.011955
11,115,0.016738
11,116,0.094616
11,117,0.039192
11,118,0.002469
11,119,0.030862
11,120,0.008787
11,121,0.043385
11,122,0.042280
11,123,0.039232
11,124,0.006682
11,125,0.064563
11,126,0.055599
11,127,0.024811
11,128,0.025080
11,129,0.049648
11,130,0.003336
12,1,0.000967
12,2,0.025157
12,3,0.007164
12,4,0.034691
12,5,0.025199
12,6,0.003695
12,7,0.014888
12,8,0.007738
12,9,0.018877
12,10,0.054640
12,11,0.095312
12,12,0.000000
12,13,0.053999
12,14,0.047228
12,15,0.008720
12,16,0.014344
12,17,0.042229
12,18,0.004313
12,19,0.032607
12,20,0.001245
12,21,0.002092
12,22,0.021490
12,23,0.055616
12,24,0.002685
12,25,0.000993
12,26,0.016115
12,27,0.036579
12,28,0.018176
12,29,0.079672
12,30,0.023187
12,31,0.003846
12,32,0.004796
12,33,0.085939
12,34,0.061114
12,35,0.117856
12,36,0.089190
12,37,0.135523
12,38,0.130352
12,39,0.000459
12,40,0.001477
12,41,0.016632
12,42,0.009520
12,43,0.031087
12,44,0.023723
12,45,0.022642
12,46,0.039366
12,47,0.015772
12,48,0.028690
12,49,0.026971
12,50,0.024429
12,51,0.005931
12,52,0.006274
12,53,0.035591
12,54,0.041990
12,55,0.029271
12,56,0.000842
12,57,0.030596
12,58,0.022216
12,59,0.005961
12,60,0.013111
12,61,0.057257
12,62,0.083652
12,63,0.011944
12,64,0.008275
12,65,0.027173
12,66,0.019511
12,67,0.027612
12,68,0.002746
12,69,0.014910
12,70,0.037937
12,71,0.009310
12,72,0.005979
12,73,0.005553
12,74,0.009742
12,75,0.036802
12,76,0.056388
12,77,0.139288
12,78,0.144379
12,79,0.079828
12,80,0.009184
12,81,0.090597
12,82,0.099591
12,83,0.037210
12,84,0.088744
12,85,0.020745
12,86,0.030204
12,87,0.055468
12,88,0.024511
12,89,0.010300
12,90,0.032874
12,91,0.040786
12,92,0.004062
12,93,0.003758
12,94,0.028681
12,95,0.001056
12,96,0.031788
12,97,0.010857
12,98,0.061315
12,99,0.058407
12,100,0.021181
12,101,0.020319
12,102,0.002285
12,103,0.064458
12,104,0.009619
12,105,0.011132
12,106,0.145540
12,107,0.072531
12,108,0.039481
12,109,0.039528
12,110,0.058578
12,111,0.151854
12,112,0.039770
12,113,0.067401
12,114,0.034661
12,115,0.006915
12,116,0.143925
12,117,0.033892
12,118,0.024769
12,119,0.003744
12,120,0.016902
12,121,0.056234
12,122,0.077373
12,123,0.031916
12,124,0.000223
12,125,0.042329
12,126,0.022033
12,127,0.022476
12,128,0.059364
12,129,0.041858
12,130,0.056709
13,1,0.016033
13,2,0.013541
13,3,0.012419
13,4,0.026197
13,5,0.027391
13,6,0.044495
13,7,0.036901
13,8,0.032424
13,9,0.025290
13,10,0.053119
13,11,0.057875
13,12,0.053999
13,13,0.000000
13,14,0.021733
13,15,0.043508
13,16,0.041138
13,17,0.017338
13,18,0.029335
13,19,0.012020
13,20,0.005221
13,21,0.022380
13,22,0.046359
13,23,0.067629
13,24,0.003374
13,25,0.037199
13,26,0.033249
13,27,0.011042
13,28,0.104743
13,29,0.063010
13,30,0.024956
13,31,0.016402
13,32,0.049633
13,33,0.136901
13,34,0.134057
13,35,0.133739
13,36,0.172005
13,37,0.083057
13,38,0.061769
13,39,0.174560
13,40,0.113928
13,41,0.034182
13,42,0.028713
13,43,0.019212
13,44,0.015020
13,45,0.023619
13,46,0.030248
13,47,0.023020
13,48,0.027465
13,49,0.003236
13,50,0.027867
13,51,0.095130
13,52,0.067562
13,53,0.052221
13,54,0.012487
13,55,0.044464
13,56,0.022154
13,57,0.086370
13,58,0.104230
13,59,0.045049
13,60,0.036528
13,61,0.117251
13,62,0.129310
13,63,0.111919
13,64,0.094318
13,65,0.119356
13,66,0.103190
13,67,0.065788
13,68,0.101455
13,69,0.090994
13,70,0.110929
13,71,0.075114
13,72,0.011375
13,73,0.025738
13,74,0.060896
13,75,0.046249
13,76,0.022395
13,77,0.053909
13,78,0.002089
13,79,0.048555
13,80,0.018745
13,81,0.004778
13,82,0.039876
13,83,0.015612
13,84,0.025179
13,85,0.037551
13,86,0.001094
13,87,0.065303
13,88,0.045399
13,89,0.016643
13,90,0.020267
13,91,0.004642
13,92,0.008576
13,93,0.044267
13,94,0.028095
13,95,0.024451
13,96,0.028377
13,97,0.011501
13,98,0.048611
13,99,0.037020
13,100,0.033585
13,101,0.039438
13,102,0.020008
13,103,0.024284
13,104,0.046748
13,105,0.036080
13,106,0.040315
13,107,0.011199
13,108,0.031709
13,109,0.043846
13,110,0.069084
13,111,0.010387
13,112,0.069670
13,113,0.030545
13,114,0.016123
13,115,0.042336
13,116,0.034391
13,117,0.051255
13,118,0.019798
13,119,0.036551
13,120,0.047435
13,121,0.011691
13,122,0.015261
13,123,0.034687
13,124,0.034908
13,125,0.039256
13,126,0.035110
13,127,0.056004
13,128,0.007801
13,129,0.033094
13,130,0.008913
14,1,0.000352
14,2,0.028587
14,3,0.018576
14,4,0.001631
14,5,0.007348
14,6,0.020796
14,7,0.013728
14,8,0.008936
14,9,0.001591
14,10,0.003366
14,11,0.004279
14,12,0.047228
14,13,0.021733
14,14,0.000000
14,15,0.019434
14,16,0.031371
14,17,0.020432
14,18,0.059233
14,19,0.011667
14,20,0.020246
14,21,0.022491
14,22,0.031965
14,23,0.062159
14,24,0.033170
14,25,0.034937
14,26,0.044066
14,27,0.017655
14,28,0.054837
14,29,0.012653
14,30,0.023463
14,31,0.007258
14,32,0.012646
14,33,0.043754
14,34,0.027715
14,35,0.005044
14,36,0.031069
14,37,0.011232
14,38,0.018445
14,39,0.080442
14,40,0.034724
14,41,0.029087
14,42,0.051621
14,43,0.036927
14,44,0.006274
14,45,0.000170
14,46,0.044002
14,47,0.018042
14,48,0.010839
14,49,0.004387
14,50,0.007394
14,51,0.064490
14,52,0.025173
14,53,0.010556
14,54,0.026484
14,55,0.048901
14,56,0.025735
14,57,0.020685
14,58,0.018566
14,59,0.025653
14,60,0.016390
14,61,0.077108
14,62,0.087618
14,63,0.061041
14,64,0.034755
14,65,0.008514
14,66,0.038715
14,67,0.013192
14,68,0.019709
14,69,0.054252
14,70,0.053517
14,71,0.047114
14,72,0.010228
14,73,0.024458
14,74,0.039058
14,75,0.028437
14,76,0.035580
14,77,0.066326
14,78,0.004829
14,79,0.045694
14,80,0.023852
14,81,0.025160
14,82,0.016386
14,83,0.002149
14,84,0.039791
14,85,0.006311
14,86,0.009304
14,87,0.024431
14,88,0.020667
14,89,0.016013
14,90,0.019441
14,91,0.012918
14,92,0.003997
14,93,0.031057
14,94,0.021829
14,95,0.024445
14,96,0.005477
14,97,0.024146
14,98,0.045180
14,99,0.019833
14,100,0.037910
14,101,0.048941
14,102,0.028212
14,103,0.023832
14,104,0.065828
14,105,0.047379
14,106,0.016911
14,107,0.022386
14,108,0.056071
14,109,0.046296
14,110,0.055180
14,111,0.002073
14,112,0.076989
14,113,0.056234
14,114,0.027040
14,115,0.036074
14,116,0.038026
14,117,0.006337
14,118,0.022846
14,119,0.040427
14,120,0.028956
14,121,0.008818
14,122,0.025828
14,123,0.002142
14,124,0.012034
14,125,0.027551
14,126,0.050387
14,127,0.026691
14,128,0.030532
14,129,0.046829
14,130,0.024896
15,1,0.001331
15,2,0.033444
15,3,0.035145
15,4,0.054262
15,5,0.075894
15,6,0.083263
15,7,0.060759
15,8,0.004554
15,9,0.010818
15,10,0.000564
15,11,0.017964
15,12,0.008720
15,13,0.043508
15,14,0.019434
15,15,0.000000
15,16,0.135354
15,17,0.017428
15,18,0.022857
15,19,0.007114
15,20,0.023921
15,21,0.045463
15,22,0.002593
15,23,0.105836
15,24,0.072785
15,25,0.024271
15,26,0.052505
15,27,0.055044
15,28,0.013781
15,29,0.006910
15,30,0.026239
15,31,0.005587
15,32,0.048154
15,33,0.063344
15,34,0.051665
15,35,0.009170
15,36,0.030696
15,37,0.001345
15,38,0.006636
15,39,0.007788
15,40,0.002695
15,41,0.028580
15,42,0.059944
15,43,0.082567
15,44,0.010407
15,45,0.022950
15,46,0.057592
15,47,0.025222
15,48,0.049112
15,49,0.045395
15,50,0.027869
15,51,0.054502
15,52,0.077950
15,53,0.038991
15,54,0.031711
15,55,0.027372
15,56,0.018559
15,57,0.012150
15,58,0.015089
15,59,0.038164
15,60,0.001602
15,61,0.031783
15,62,0.013697
15,63,0.027696
15,64,0.004153
15,65,0.039522
15,66,0.014249
15,67,0.027630
15,68,0.070411
15,69,0.028965
15,70,0.008712
15,71,0.092022
15,72,0.026941
15,73,0.017296
15,74,0.044774
15,75,0.072423
15,76,0.048143
15,77,0.064799
15,78,0.031267
15,79,0.050664
15,80,0.079021
15,81,0.017129
15,82,0.024606
15,83,0.083821
15,84,0.002439
15,85,0.020353
15,86,0.064860
15,87,0.060775
15,88,0.040618
15,89,0.062636
15,90,0.028514
15,91,0.011112
15,92,0.031809
15,93,0.001452
15,94,0.024122
15,95,0.010188
15,96,0.043835
15,97,0.051590
15,98,0.072995
15,99,0.018034
15,100,0.025207
15,101,0.072692
15,102,0.035872
15,103,0.045101
15,104,0.045009
15,105,0.040940
15,106,0.040159
15,107,0.014011
15,108,0.027700
15,109,0.034361
15,110,0.064324
15,111,0.001549
15,112,0.033035
15,113,0.023801
15,114,0.038094
15,115,0.048939
15,116,0.002570
15,117,0.070631
15,118,0.098241
15,119,0.099583
15,120,0.046439
15,121,0.043566
15,122,0.019329
15,123,0.007272
15,124,0.023756
15,125,0.072424
15,126,0.060759
15,127,0.036747
15,128,0.099205
15,129,0.096834
15,130,0.067464
16,1,0.007280
16,2,0.010391
16,3,0.026995
16,4,0.024462
16,5,0.013550
16,6,0.040941
16,7,0.041700
16,8,0.002612
16,9,0.000713
16,10,0.004231
16,11,0.018681
16,12,0.014344
16,13,0.041138
16,14,0.031371
16,15,0.135354
16,16,0.000000
16,17,0.025167
16,18,0.015527
16,19,0.016768
16,20,0.046429
16,21,0.039587
16,22,0.001507
16,23,0.069228
16,24,0.035726
16,25,0.021846
16,26,0.014452
16,27,0.020317
16,28,0.021587
16,29,0.037906
16,30,0.039753
16,31,0.016337
16,32,0.056818
16,33,0.071502
16,34,0.075212
16,35,0.027817
16,36,0.050489
16,37,0.017911
16,38,0.021265
16,39,0.034306
16,40,0.038069
16,41,0.000928
16,42,0.034303
16,43,0.118907
16,44,0.038039
16,45,0.078849
16,46,0.118464
16,47,0.073733
16,48,0.052813
16,49,0.053872
16,50,0.041547
16,51,0.080845
16,52,0.073728
16,53,0.031807
16,54,0.022150
16,55,0.011316
16,56,0.024968
16,57,0.011454
16,58,0.034146
16,59,0.065001
16,60,0.040026
16,61,0.022289
16,62,0.034367
16,63,0.013157
16,64,0.034115
16,65,0.020927
16,66,0.032094
16,67,0.028774
16,68,0.035170
16,69,0.000057
16,70,0.029045
16,71,0.118500
16,72,0.057052
16,73,0.063017
16,74,0.079408
16,75,0.071198
16,76,0.062731
16,77,0.058125
16,78,0.046578
16,79,0.056227
16,80,0.073335
16,81,0.014333
16,82,0.022370
16,83,0.073308
16,84,0.009082
16,85,0.009283
16,86,0.033650
16,87,0.050704
16,88,0.043866
16,89,0.044163
16,90,0.023044
16,91,0.025631
16,92,0.014745
16,93,0.041674
16,94,0.026753
16,95,0.043201
16,96,0.069750
16,97,0.041565
16,98,0.064142
16,99,0.033541
16,100,0.062912
16,101,0.070087
16,102,0.049129
16,103,0.039614
16,104,0.040570
16,105,0.078001
16,106,0.012721
16,107,0.022845
16,108,0.007877
16,109,0.034970
16,110,0.055197
16,111,0.019242
16,112,0.046489
16,113,0.025123
16,114,0.012080
16,115,0.049837
16,116,0.017411
16,117,0.048170
16,118,0.079381
16,119,0.085407
16,120,0.036849
16,121,0.045978
16,122,0.017354
16,123,0.013362
16,124,0.006626
16,125,0.060776
16,126,0.046720
16,127,0.043197
16,128,0.113886
16,129,0.104984
16,130,0.062709
17,1,0.006633
17,2,0.031134
17,3,0.022604
17,4,0.049087
17,5,0.041102
17,6,0.050263
17,7,0.044909
17,8,0.043056
17,9,0.020713
17,10,0.020776
17,11,0.020443
17,12,0.042229
17,13,0.017338
17,14,0.020432
17,15,0.017428
17,16,0.025167
17,17,0.000000
17,18,0.099793
17,19,0.040151
17,20,0.044557
17,21,0.080009
17,22,0.047188
17,23,0.042905
17,24,0.019633
17,25,0.017683
17,26,0.079903
17,27,0.009961
17,28,0.060857
17,29,0.013492
17,30,0.008853
17,31,0.033566
17,32,0.025294
17,33,0.009731
17,34,0.011394
17,35,0.041457
17,36,0.067496
17,37,0.061105
17,38,0.097875
17,39,0.073913
17,40,0.079305
17,41,0.014473
17,42,0.048158
17,43,0.023082
17,44,0.001518
17,45,0.010952
17,46,0.053727
17,47,0.018285
17,48,0.004674
17,49,0.040248
17,50,0.035214
17,51,0.064199
17,52,0.004569
17,53,0.008180
17,54,0.006699
17,55,0.025625
17,56,0.029935
17,57,0.041769
17,58,0.085867
17,59,0.073753
17,60,0.042596
17,61,0.007637
17,62,0.035841
17,63,0.049857
17,64,0.043211
17,65,0.108332
17,66,0.053763
17,67,0.075699
17,68,0.034681
17,69,0.004244
17,70,0.015241
17,71,0.010876
17,72,0.004477
17,73,0.018178
17,74,0.026752
17,75,0.000037
17,76,0.029748
17,77,0.038087
17,78,0.019268
17,79,0.017420
17,80,0.015544
17,81,0.077789
17,82,0.095803
17,83,0.035364
17,84,0.037939
17,85,0.049942
17,86,0.023805
17,87,0.031749
17,88,0.016522
17,89,0.006819
17,90,0.011084
17,91,0.023622
17,92,0.016077
17,93,0.009390
17,94,0.006625
17,95,0.027207
17,96,0.048928
17,97,0.055331
17,98,0.033530
17,99,0.055124
17,100,0.031218
17,101,0.031989
17,102,0.025868
17,103,0.010960
17,104,0.006632
17,105,0.010213
17,106,0.075006
17,107,0.007242
17,108,0.000957
17,109,0.015521
17,110,0.014480
17,111,0.042790
17,112,0.013189
17,113,0.001048
17,114,0.015674
17,115,0.009358
17,116,0.036324
17,117,0.035666
17,118,0.016078
17,119,0.004838
17,120,0.000549
17,121,0.013476
17,122,0.004193
17,123,0.031455
17,124,0.021842
17,125,0.028653
17,126,0.020096
17,127,0.031195
17,128,0.023529
17,129,0.005331
17,130,0.049035
18,1,0.009229
18,2,0.022613
18,3,0.024189
18,4,0.018162
18,5,0.034694
18,6,0.058154
18,7,0.007182
18,8,0.032028
18,9,0.001899
18,10,0.012929
18,11,0.035005
18,12,0.004313
18,13,0.029335
18,14,0.059233
18,15,0.022857
18,16,0.015527
18,17,0.099793
18,18,0.000000
18,19,0.065267
18,20,0.033055
18,21,0.039740
18,22,0.047408
18,23,0.075537
18,24,0.036704
18,25,0.017266
18,26,0.010603
18,27,0.023271
18,28,0.013850
18,29,0.005645
18,30,0.010635
18,31,0.018145
18,32,0.019606
18,33,0.016370
18,34,0.036069
18,35,0.091448
18,36,0.094054
18,37,0.035804
18,38,0.044787
18,39,0.048127
18,40,0.071589
18,41,0.079856
18,42,0.065298
18,43,0.006422
18,44,0.028942
18,45,0.010840
18,46,0.033384
18,47,0.021512
18,48,0.000798
18,49,0.009845
18,50,0.014523
18,51,0.010088
18,52,0.047213
18,53,0.023528
18,54,0.028822
18,55,0.051787
18,56,0.015180
18,57,0.024065
18,58,0.099710
18,59,0.112138
18,60,0.064315
18,61,0.026099
18,62,0.009064
18,63,0.069367
18,64,0.111333
18,65,0.165735
18,66,0.140697
18,67,0.011541
18,68,0.016463
18,69,0.010332
18,70,0.002408
18,71,0.017980
18,72,0.040637
18,73,0.028715
18,74,0.034611
18,75,0.006640
18,76,0.063919
18,77,0.001201
18,78,0.037899
18,79,0.075189
18,80,0.064020
18,81,0.009313
18,82,0.031304
18,83,0.029987
18,84,0.046196
18,85,0.007633
18,86,0.045409
18,87,0.042235
18,88,0.008014
18,89,0.022812
18,90,0.025997
18,91,0.018613
18,92,0.031914
18,93,0.024736
18,94,0.018523
18,95,0.031166
18,96,0.036616
18,97,0.008782
18,98,0.013232
18,99,0.034665
18,100,0.033900
18,101,0.016110
18,102,0.004767
18,103,0.031482
18,104,0.024713
18,105,0.003424
18,106,0.053797
18,107,0.074451
18,108,0.074197
18,109,0.106872
18,110,0.087173
18,111,0.071102
18,112,0.030554
18,113,0.023069
18,114,0.001493
18,115,0.023953
18,116,0.012741
18,117,0.033335
18,118,0.023363
18,119,0.017619
18,120,0.045769
18,121,0.017690
18,122,0.022704
18,123,0.013212
18,124,0.000652
18,125,0.026158
18,126,0.044098
18,127,0.045872
18,128,0.007524
18,129,0.005499
18,130,0.028047
19,1,0.000294
19,2,0.033927
19,3,0.014186
19,4,0.026355
19,5,0.101019
19,6,0.123934
19,7,0.045311
19,8,0.002422
19,9,0.001068
19,10,0.004404
19,11,0.027250
19,12,0.032607
19,13,0.012020
19,14,0.011667
19,15,0.007114
19,16,0.016768
19,17,0.040151
19,18,0.065267
19,19,0.000000
19,20,0.034726
19,21,0.069983
19,22,0.067503
19,23,0.018513
19,24,0.013771
19,25,0.006994
19,26,0.021453
19,27,0.045641
19,28,0.002729
19,29,0.011477
19,30,0.015655
19,31,0.010744
19,32,0.017103
19,33,0.039524
19,34,0.085765
19,35,0.124848
19,36,0.125972
19,37,0.055899
19,38,0.071085
19,39,0.111870
19,40,0.120286
19,41,0.045276
19,42,0.002991
19,43,0.083633
19,44,0.001358
19,45,0.082365
19,46,0.146572
19,47,0.055139
19,48,0.016823
19,49,0.005178
19,50,0.026469
19,51,0.004352
19,52,0.070730
19,53,0.070843
19,54,0.080891
19,55,0.062419
19,56,0.037628
19,57,0.024443
19,58,0.094765
19,59,0.117049
19,60,0.087277
19,61,0.069588
19,62,0.060787
19,63,0.064913
19,64,0.081873
19,65,0.110820
19,66,0.143585
19,67,0.031603
19,68,0.026931
19,69,0.013978
19,70,0.002079
19,71,0.023069
19,72,0.031448
19,73,0.023999
19,74,0.024334
19,75,0.013498
19,76,0.046622
19,77,0.051725
19,78,0.057058
19,79,0.117844
19,80,0.057717
19,81,0.017191
19,82,0.055786
19,83,0.001537
19,84,0.009473
19,85,0.071490
19,86,0.041872
19,87,0.012942
19,88,0.017515
19,89,0.005935
19,90,0.014196
19,91,0.022376
19,92,0.052452
19,93,0.007784
19,94,0.026944
19,95,0.058603
19,96,0.034038
19,97,0.016411
19,98,0.014271
19,99,0.075336
19,100,0.035780
19,101,0.001500
19,102,0.016336
19,103,0.029516
19,104,0.047575
19,105,0.032959
19,106,0.090436
19,107,0.095730
19,108,0.115764
19,109,0.126129
19,110,0.126333
19,111,0.127888
19,112,0.041265
19,113,0.009960
19,114,0.000848
19,115,0.043270
19,116,0.063917
19,117,0.007388
19,118,0.043199
19,119,0.044065
19,120,0.034709
19,121,0.003392
19,122,0.012069
19,123,0.078427
19,124,0.047231
19,125,0.038802
19,126,0.043286
19,127,0.076658
19,128,0.045805
19,129,0.057889
19,130,0.041982
20,1,0.009389
20,2,0.003452
20,3,0.018349
20,4,0.000713
20,5,0.013649
20,6,0.040982
20,7,0.011042
20,8,0.014298
20,9,0.015720
20,10,0.003834
20,11,0.045287
20,12,0.001245
20,13,0.005221
20,14,0.020246
20,15,0.023921
20,16,0.046429
20,17,0.044557
20,18,0.033055
20,19,0.034726
20,20,0.000000
20,21,0.076174
20,22,0.001090
20,23,0.010109
20,24,0.000303
20,25,0.059985
20,26,0.044379
20,27,0.031186
20,28,0.074993
20,29,0.059012
20,30,0.061468
20,31,0.013330
20,32,0.060151
20,33,0.033040
20,34,0.036229
20,35,0.103737
20,36,0.086515
20,37,0.043088
20,38,0.079720
20,39,0.078483
20,40,0.105594
20,41,0.037169
20,42,0.004203
20,43,0.053316
20,44,0.016971
20,45,0.059383
20,46,0.079293
20,47,0.036095
20,48,0.030881
20,49,0.037229
20,50,0.009457
20,51,0.021858
20,52,0.024000
20,53,0.007187
20,54,0.010302
20,55,0.033939
20,56,0.057400
20,57,0.005088
20,58,0.102596
20,59,0.174692
20,60,0.144707
20,61,0.016607
20,62,0.000732
20,63,0.073786
20,64,0.138642
20,65,0.230141
20,66,0.229957
20,67,0.046341
20,68,0.050444
20,69,0.023237
20,70,0.018053
20,71,0.022676
20,72,0.041193
20,73,0.036657
20,74,0.014662
20,75,0.015986
20,76,0.028859
20,77,0.049452
20,78,0.071568
20,79,0.098278
20,80,0.036912
20,81,0.001780
20,82,0.026475
20,83,0.005992
20,84,0.025858
20,85,0.006209
20,86,0.010902
20,87,0.025567
20,88,0.059153
20,89,0.023074
20,90,0.011546
20,91,0.007636
20,92,0.010478
20,93,0.016450
20,94,0.006852
20,95,0.032040
20,96,0.023135
20,97,0.007218
20,98,0.019594
20,99,0.043052
20,100,0.033723
20,101,0.021721
20,102,0.046475
20,103,0.053164
20,104,0.010643
20,105,0.020904
20,106,0.044530
20,107,0.050465
20,108,0.054728
20,109,0.073857
20,110,0.065025
20,111,0.066834
20,112,0.006071
20,113,0.010766
20,114,0.006788
20,115,0.048730
20,116,0.054511
20,117,0.004605
20,118,0.038395
20,119,0.027327
20,120,0.050720
20,121,0.016236
20,122,0.002964
20,123,0.029639
20,124,0.014499
20,125,0.033924
20,126,0.038329
20,127,0.096410
20,128,0.010024
20,129,0.007066
20,130,0.008390
21,1,0.006928
21,2,0.005724
21,3,0.002757
21,4,0.008223
21,5,0.009679
21,6,0.035575
21,7,0.035386
21,8,0.025366
21,9,0.031230
21,10,0.024734
21,11,0.012560
21,12,0.002092
21,13,0.022380
21,14,0.022491
21,15,0.045463
21,16,0.039587
21,17,0.080009
21,18,0.039740
21,19,0.069983
21,20,0.076174
21,21,0.000000
21,22,0.073239
21,23,0.067703
21,24,0.002148
21,25,0.065103
21,26,0.091821
21,27,0.044587
21,28,0.057495
21,29,0.011461
21,30,0.098728
21,31,0.021786
21,32,0.044055
21,33,0.043711
21,34,0.002532
21,35,0.027923
21,36,0.009118
21,37,0.039132
21,38,0.042588
21,39,0.031977
21,40,0.027965
21,41,0.011111
21,42,0.026863
21,43,0.007331
21,44,0.014704
21,45,0.002304
21,46,0.004979
21,47,0.020563
21,48,0.004955
21,49,0.025737
21,50,0.008173
21,51,0.024975
21,52,0.008429
21,53,0.041534
21,54,0.033903
21,55,0.000045
21,56,0.020440
21,57,0.015910
21,58,0.124369
21,59,0.180573
21,60,0.161747
21,61,0.006424
21,62,0.033603
21,63,0.061592
21,64,0.192366
21,65,0.310442
21,66,0.227561
21,67,0.036477
21,68,0.045195
21,69,0.033284
21,70,0.001683
21,71,0.006527
21,72,0.037494
21,73,0.046850
21,74,0.050784
21,75,0.029206
21,76,0.007865
21,77,0.062631
21,78,0.008451
21,79,0.029898
21,80,0.011188
21,81,0.002704
21,82,0.015284
21,83,0.000889
21,84,0.003523
21,85,0.015665
21,86,0.030362
21,87,0.020659
21,88,0.044507
21,89,0.022974
21,90,0.013118
21,91,0.029499
21,92,0.013942
21,93,0.037173
21,94,0.025381
21,95,0.015066
21,96,0.007883
21,97,0.023700
21,98,0.010553
21,99,0.031478
21,100,0.001882
21,101,0.007069
21,102,0.020732
21,103,0.032597
21,104,0.004851
21,105,0.037574
21,106,0.039578
21,107,0.023272
21,108,0.018007
21,109,0.015399
21,110,0.024893
21,111,0.015716
21,112,0.006875
21,113,0.011264
21,114,0.036770
21,115,0.020274
21,116,0.042262
21,117,0.010401
21,118,0.071810
21,119,0.064053
21,120,0.063805
21,121,0.041919
21,122,0.012015
21,123,0.022548
21,124,0.002113
21,125,0.002963
21,126,0.004535
21,127,0.004155
21,128,0.008376
21,129,0.000833
21,130,0.017488
22,1,0.024231
22,2,0.062967
22,3,0.039473
22,4,0.019688
22,5,0.066628
22,6,0.004097
22,7,0.054555
22,8,0.041483
22,9,0.005128
22,10,0.005830
22,11,0.035931
22,12,0.021490
22,13,0.046359
22,14,0.031965
22,15,0.002593
22,16,0.001507
22,17,0.047188
22,18,0.047408
22,19,0.067503
22,20,0.001090
22,21,0.073239
22,22,0.000000
22,23,0.081500
22,24,0.011402
22,25,0.059004
22,26,0.111035
22,27,0.049431
22,28,0.058974
22,29,0.036164
22,30,0.040731
22,31,0.047851
22,32,0.007855
22,33,0.042373
22,34,0.037309
22,35,0.057564
22,36,0.031585
22,37,0.029742
22,38,0.035114
22,39,0.026317
22,40,0.029028
22,41,0.036461
22,42,0.043878
22,43,0.052292
22,44,0.012838
22,45,0.019895
22,46,0.034390
22,47,0.019408
22,48,0.016134
22,49,0.016693
22,50,0.034092
22,51,0.020149
22,52,0.038575
22,53,0.013118
22,54,0.009359
22,55,0.019901
22,56,0.027753
22,57,0.017553
22,58,0.113636
22,59,0.125362
22,60,0.132881
22,61,0.059191
22,62,0.046724
22,63,0.070691
22,64,0.139586
22,65,0.230009
22,66,0.142412
22,67,0.027977
22,68,0.056629
22,69,0.053027
22,70,0.034609
22,71,0.020471
22,72,0.008807
22,73,0.010430
22,74,0.019128
22,75,0.006855
22,76,0.034804
22,77,0.057200
22,78,0.005486
22,79,0.037775
22,80,0.041869
22,81,0.026011
22,82,0.008550
22,83,0.002542
22,84,0.009631
22,85,0.029172
22,86,0.016413
22,87,0.000847
22,88,0.004594
22,89,0.020835
22,90,0.001031
22,91,0.002069
22,92,0.010550
22,93,0.000675
22,94,0.015464
22,95,0.033556
22,96,0.032144
22,97,0.026883
22,98,0.056834
22,99,0.072021
22,100,0.030918
22,101,0.015039
22,102,0.036623
22,103,0.024330
22,104,0.032064
22,105,0.043344
22,106,0.021115
22,107,0.016422
22,108,0.024413
22,109,0.015892
22,110,0.018059
22,111,0.000921
22,112,0.081931
22,113,0.048687
22,114,0.013672
22,115,0.006512
22,116,0.012720
22,117,0.014692
22,118,0.048079
22,119,0.017856
22,120,0.000646
22,121,0.020790
22,122,0.000678
22,123,0.005010
22,124,0.024483
22,125,0.064421
22,126,0.009723
22,127,0.002617
22,128,0.021300
22,129,0.000397
22,130,0.024588
23,1,0.023689
23,2,0.005506
23,3,0.046684
23,4,0.042654
23,5,0.038242
23,6,0.012395
23,7,0.017636
23,8,0.013603
23,9,0.010721
23,10,0.042414
23,11,0.045079
23,12,0.055616
23,13,0.067629
23,14,0.062159
23,15,0.105836
23,16,0.069228
23,17,0.042905
23,18,0.075537
23,19,0.018513
23,20,0.010109
23,21,0.067703
23,22,0.081500
23,23,0.000000
23,24,0.052436
23,25,0.115352
23,26,0.038537
23,27,0.048459
23,28,0.076599
23,29,0.135125
23,30,0.032355
23,31,0.071862
23,32,0.004609
23,33,0.002434
23,34,0.038415
23,35,0.028052
23,36,0.037456
23,37,0.013623
23,38,0.012256
23,39,0.015934
23,40,0.001999
23,41,0.051582
23,42,0.049503
23,43,0.033140
23,44,0.071515
23,45,0.020631
23,46,0.000552
23,47,0.000964
23,48,0.030161
23,49,0.007838
23,50,0.040828
23,51,0.047592
23,52,0.067729
23,53,0.058241
23,54,0.028081
23,55,0.009732
23,56,0.030786
23,57,0.006148
23,58,0.023107
23,59,0.056689
23,60,0.068240
23,61,0.043522
23,62,0.020926
23,63,0.038562
23,64,0.018634
23,65,0.010305
23,66,0.061542
23,67,0.005110
23,68,0.026191
23,69,0.041387
23,70,0.019917
23,71,0.020444
23,72,0.026876
23,73,0.022471
23,74,0.014568
23,75,0.006521
23,76,0.004347
23,77,0.019849
23,78,0.034472
23,79,0.054129
23,80,0.037279
23,81,0.006385
23,82,0.022764
23,83,0.017782
23,84,0.022486
23,85,0.006488
23,86,0.036900
23,87,0.011676
23,88,0.019551
23,89,0.024991
23,90,0.009828
23,91,0.034865
23,92,0.023079
23,93,0.007188
23,94,0.021144
23,95,0.031541
23,96,0.017311
23,97,0.022937
23,98,0.079429
23,99,0.051696
23,100,0.021254
23,101,0.036029
23,102,0.011965
23,103,0.032902
23,104,0.022699
23,105,0.084319
23,106,0.045399
23,107,0.077731
23,108,0.076177
23,109,0.021608
23,110,0.005363
23,111,0.035904
23,112,0.040087
23,113,0.027729
23,114,0.013888
23,115,0.058570
23,116,0.038459
23,117,0.019648
23,118,0.001021
23,119,0.006440
23,120,0.009404
23,121,0.019444
23,122,0.001767
23,123,0.017922
23,124,0.006859
23,125,0.040816
23,126,0.021177
23,127,0.071371
23,128,0.019370
23,129,0.016651
23,130,0.025719
24,1,0.016413
24,2,0.018391
24,3,0.039223
24,4,0.034456
24,5,0.097960
24,6,0.031401
24,7,0.039681
24,8,0.014640
24,9,0.028599
24,10,0.002271
24,11,0.022681
24,12,0.002685
24,13,0.003374
24,14,0.033170
24,15,0.072785
24,16,0.035726
24,17,0.019633
24,18,0.036704
24,19,0.013771
24,20,0.000303
24,21,0.002148
24,22,0.011402
24,23,0.052436
24,24,0.000000
24,25,0.109279
24,26,0.094549
24,27,0.057052
24,28,0.035289
24,29,0.038923
24,30,0.087101
24,31,0.024522
24,32,0.029974
24,33,0.024858
24,34,0.045447
24,35,0.116638
24,36,0.089296
24,37,0.058329
24,38,0.075932
24,39,0.027529
24,40,0.025922
24,41,0.049431
24,42,0.049100
24,43,0.013113
24,44,0.034006
24,45,0.010722
24,46,0.036265
24,47,0.012241
24,48,0.007121
24,49,0.017683
24,50,0.020210
24,51,0.033520
24,52,0.001314
24,53,0.030509
24,54,0.026842
24,55,0.031497
24,56,0.002965
24,57,0.066120
24,58,0.090467
24,59,0.103480
24,60,0.096445
24,61,0.026067
24,62,0.000080
24,63,0.058374
24,64,0.069687
24,65,0.093837
24,66,0.072689
24,67,0.019830
24,68,0.066731
24,69,0.048827
24,70,0.032567
24,71,0.022615
24,72,0.001733
24,73,0.006086
24,74,0.001142
24,75,0.013196
24,76,0.032763
24,77,0.054896
24,78,0.019366
24,79,0.004898
24,80,0.025350
24,81,0.045351
24,82,0.033657
24,83,0.015428
24,84,0.008942
24,85,0.033652
24,86,0.043468
24,87,0.017153
24,88,0.016585
24,89,0.012702
24,90,0.004521
24,91,0.023094
24,92,0.004051
24,93,0.003885
24,94,0.007428
24,95,0.039650
24,96,0.044029
24,97,0.014630
24,98,0.035347
24,99,0.041106
24,100,0.024454
24,101,0.023912
24,102,0.008920
24,103,0.008192
24,104,0.017139
24,105,0.028151
24,106,0.037949
24,107,0.034442
24,108,0.014784
24,109,0.043928
24,110,0.040654
24,111,0.028815
24,112,0.038909
24,113,0.052328
24,114,0.025786
24,115,0.000077
24,116,0.021031
24,117,0.002603
24,118,0.033002
24,119,0.027510
24,120,0.014497
24,121,0.001422
24,122,0.032874
24,123,0.001765
24,124,0.007962
24,125,0.009246
24,126,0.036569
24,127,0.030614
24,128,0.011606
24,129,0.039363
24,130,0.016046
25,1,0.035074
25,2,0.037797
25,3,0.033340
25,4,0.057538
25,5,0.120422
25,6,0.055016
25,7,0.063170
25,8,0.008318
25,9,0.003008
25,10,0.028213
25,11,0.015417
25,12,0.000993
25,13,0.037199
25,14,0.034937
25,15,0.024271
25,16,0.021846
25,17,0.017683
25,18,0.017266
25,19,0.006994
25,20,0.059985
25,21,0.065103
25,22,0.059004
25,23,0.115352
25,24,0.109279
25,25,0.000000
25,26,0.024524
25,27,0.113612
25,28,0.062837
25,29,0.050204
25,30,0.047493
25,31,0.021275
25,32,0.064735
25,33,0.012123
25,34,0.006911
25,35,0.065103
25,36,0.049010
25,37,0.029064
25,38,0.027182
25,39,0.025773
25,40,0.023217
25,41,0.023169
25,42,0.017184
25,43,0.003214
25,44,0.035620
25,45,0.000410
25,46,0.033183
25,47,0.042720
25,48,0.005716
25,49,0.004883
25,50,0.024256
25,51,0.018914
25,52,0.004164
25,53,0.010820
25,54,0.004088
25,55,0.050636
25,56,0.007316
25,57,0.036826
25,58,0.012577
25,59,0.024726
25,60,0.018141
25,61,0.031878
25,62,0.029041
25,63,0.064211
25,64,0.055076
25,65,0.048340
25,66,0.016250
25,67,0.000993
25,68,0.089126
25,69,0.060024
25,70,0.040891
25,71,0.029917
25,72,0.005898
25,73,0.045786
25,74,0.036740
25,75,0.033854
25,76,0.004392
25,77,0.061514
25,78,0.047185
25,79,0.034803
25,80,0.066714
25,81,0.067176
25,82,0.047030
25,83,0.049598
25,84,0.010784
25,85,0.087944
25,86,0.073476
25,87,0.021995
25,88,0.014548
25,89,0.009943
25,90,0.004308
25,91,0.021026
25,92,0.001235
25,93,0.015897
25,94,0.008945
25,95,0.047778
25,96,0.032140
25,97,0.002765
25,98,0.032587
25,99,0.047868
25,100,0.031543
25,101,0.021534
25,102,0.013384
25,103,0.015197
25,104,0.044089
25,105,0.059204
25,106,0.005771
25,107,0.018607
25,108,0.031668
25,109,0.012532
25,110,0.005441
25,111,0.017613
25,112,0.043439
25,113,0.041704
25,114,0.027173
25,115,0.061566
25,116,0.008246
25,117,0.050738
25,118,0.066914
25,119,0.049131
25,120,0.040558
25,121,0.031277
25,122,0.000192
25,123,0.014127
25,124,0.020260
25,125,0.016004
25,126,0.025826
25,127,0.040009
25,128,0.014463
25,129,0.047302
25,130,0.061723
26,1,0.047279
26,2,0.069611
26,3,0.061691
26,4,0.080105
26,5,0.089070
26,6,0.045099
26,7,0.059284
26,8,0.025900
26,9,0.026134
26,10,0.013684
26,11,0.000114
26,12,0.016115
26,13,0.033249
26,14,0.044066
26,15,0.052505
26,16,0.014452
26,17,0.079903
26,18,0.010603
26,19,0.021453
26,20,0.044379
26,21,0.091821
26,22,0.111035
26,23,0.038537
26,24,0.094549
26,25,0.024524
26,26,0.000000
26,27,0.099830
26,28,0.098321
26,29,0.027759
26,30,0.031103
26,31,0.029007
26,32,0.004867
26,33,0.042920
26,34,0.093058
26,35,0.135151
26,36,0.097846
26,37,0.091158
26,38,0.077779
26,39,0.039677
26,40,0.055675
26,41,0.042386
26,42,0.003362
26,43,0.089532
26,44,0.000730
26,45,0.056160
26,46,0.114225
26,47,0.019385
26,48,0.018442
26,49,0.007915
26,50,0.006658
26,51,0.042972
26,52,0.041553
26,53,0.041312
26,54,0.056772
26,55,0.111649
26,56,0.030090
26,57,0.001868
26,58,0.001036
26,59,0.027547
26,60,0.026503
26,61,0.049002
26,62,0.017677
26,63,0.113077
26,64,0.112803
26,65,0.083341
26,66,0.038305
26,67,0.014341
26,68,0.089794
26,69,0.076586
26,70,0.029431
26,71,0.016382
26,72,0.037666
26,73,0.039772
26,74,0.047698
26,75,0.054925
26,76,0.006214
26,77,0.040369
26,78,0.075961
26,79,0.074019
26,80,0.114957
26,81,0.048538
26,82,0.000710
26,83,0.043686
26,84,0.024025
26,85,0.025099
26,86,0.109188
26,87,0.017599
26,88,0.005581
26,89,0.004431
26,90,0.003094
26,91,0.029803
26,92,0.000556
26,93,0.034055
26,94,0.018335
26,95,0.039899
26,96,0.019897
26,97,0.015290
26,98,0.052243
26,99,0.096785
26,100,0.044597
26,101,0.045005
26,102,0.050744
26,103,0.033828
26,104,0.067445
26,105,0.069692
26,106,0.052680
26,107,0.009094
26,108,0.007534
26,109,0.007741
26,110,0.037140
26,111,0.027639
26,112,0.032819
26,113,0.055485
26,114,0.034117
26,115,0.056885
26,116,0.114109
26,117,0.058610
26,118,0.114775
26,119,0.102811
26,120,0.062071
26,121,0.034564
26,122,0.035542
26,123,0.015233
26,124,0.013010
26,125,0.008444
26,126,0.003141
26,127,0.018254
26,128,0.014595
26,129,0.022627
26,130,0.072673
27,1,0.006289
27,2,0.035039
27,3,0.016417
27,4,0.042495
27,5,0.103675
27,6,0.018624
27,7,0.024751
27,8,0.014356
27,9,0.016219
27,10,0.024585
27,11,0.028010
27,12,0.036579
27,13,0.011042
27,14,0.017655
27,15,0.055044
27,16,0.020317
27,17,0.009961
27,18,0.023271
27,19,0.045641
27,20,0.031186
27,21,0.044587
27,22,0.049431
27,23,0.048459
27,24,0.057052
27,25,0.113612
27,26,0.099830
27,27,0.000000
27,28,0.080302
27,29,0.016158
27,30,0.012521
27,31,0.042177
27,32,0.049525
27,33,0.038236
27,34,0.083698
27,35,0.202240
27,36,0.165525
27,37,0.154930
27,38,0.176473
27,39,0.041774
27,40,0.039132
27,41,0.068170
27,42,0.031219
27,43,0.075375
27,44,0.034708
27,45,0.021717
27,46,0.062590
27,47,0.042376
27,48,0.007342
27,49,0.016961
27,50,0.040060
27,51,0.002130
27,52,0.017016
27,53,0.019560
27,54,0.021789
27,55,0.023260
27,56,0.031970
27,57,0.059972
27,58,0.064266
27,59,0.048557
27,60,0.045145
27,61,0.039958
27,62,0.001053
27,63,0.094751
27,64,0.061056
27,65,0.063718
27,66,0.116429
27,67,0.039999
27,68,0.040278
27,69,0.006702
27,70,0.016953
27,71,0.051995
27,72,0.016324
27,73,0.018791
27,74,0.018992
27,75,0.013326
27,76,0.038942
27,77,0.074725
27,78,0.015343
27,79,0.005480
27,80,0.053808
27,81,0.034805
27,82,0.068418
27,83,0.000713
27,84,0.040056
27,85,0.066997
27,86,0.065199
27,87,0.049389
27,88,0.045277
27,89,0.021198
27,90,0.021648
27,91,0.009818
27,92,0.008526
27,93,0.014764
27,94,0.008306
27,95,0.053131
27,96,0.022312
27,97,0.035255
27,98,0.012100
27,99,0.093945
27,100,0.055790
27,101,0.051750
27,102,0.069052
27,103,0.001538
27,104,0.055180
27,105,0.072424
27,106,0.106211
27,107,0.006026
27,108,0.000107
27,109,0.017625
27,110,0.050075
27,111,0.076605
27,112,0.033446
27,113,0.038573
27,114,0.032234
27,115,0.027535
27,116,0.178089
27,117,0.052943
27,118,0.083668
27,119,0.031284
27,120,0.003064
27,121,0.015824
27,122,0.037874
27,123,0.044456
27,124,0.002242
27,125,0.073601
27,126,0.009387
27,127,0.043091
27,128,0.047463
27,129,0.045534
27,130,0.069818
28,1,0.040895
28,2,0.057128
28,3,0.018011
28,4,0.043555
28,5,0.084725
28,6,0.041754
28,7,0.024276
28,8,0.023740
28,9,0.015712
28,10,0.034913
28,11,0.068513
28,12,0.018176
28,13,0.104743
28,14,0.054837
28,15,0.013781
28,16,0.021587
28,17,0.060857
28,18,0.013850
28,19,0.002729
28,20,0.074993
28,21,0.057495
28,22,0.058974
28,23,0.076599
28,24,0.035289
28,25,0.062837
28,26,0.098321
28,27,0.080302
28,28,0.000000
28,29,0.051109
28,30,0.034218
28,31,0.003096
28,32,0.017287
28,33,0.049291
28,34,0.031183
28,35,0.109736
28,36,0.094446
28,37,0.086945
28,38,0.096221
28,39,0.051447
28,40,0.004945
28,41,0.025606
28,42,0.011134
28,43,0.004190
28,44,0.046170
28,45,0.001058
28,46,0.012538
28,47,0.031469
28,48,0.051013
28,49,0.025962
28,50,0.019563
28,51,0.013400
28,52,0.014599
28,53,0.014482
28,54,0.033962
28,55,0.048003
28,56,0.013841
28,57,0.055333
28,58,0.066324
28,59,0.021663
28,60,0.001926
28,61,0.066480
28,62,0.076329
28,63,0.056926
28,64,0.064296
28,65,0.066848
28,66,0.007595
28,67,0.008537
28,68,0.076491
28,69,0.055874
28,70,0.027324
28,71,0.030943
28,72,0.039884
28,73,0.008002
28,74,0.001069
28,75,0.008991
28,76,0.012974
28,77,0.114020
28,78,0.042961
28,79,0.050792
28,80,0.005099
28,81,0.029164
28,82,0.070993
28,83,0.037587
28,84,0.073162
28,85,0.033464
28,86,0.025607
28,87,0.039730
28,88,0.022177
28,89,0.014592
28,90,0.003986
28,91,0.030189
28,92,0.008482
28,93,0.007166
28,94,0.005316
28,95,0.014208
28,96,0.018910
28,97,0.007440
28,98,0.020732
28,99,0.031474
28,100,0.011379
28,101,0.006375
28,102,0.019719
28,103,0.025575
28,104,0.022284
28,105,0.028322
28,106,0.018936
28,107,0.041021
28,108,0.047572
28,109,0.036964
28,110,0.013230
28,111,0.049899
28,112,0.045060
28,113,0.037008
28,114,0.028856
28,115,0.011478
28,116,0.027468
28,117,0.034793
28,118,0.003191
28,119,0.023415
28,120,0.048743
28,121,0.047977
28,122,0.052098
28,123,0.000218
28,124,0.030195
28,125,0.051158
28,126,0.028109
28,127,0.013836
28,128,0.002300
28,129,0.031944
28,130,0.067682
29,1,0.003297
29,2,0.011275
29,3,0.014709
29,4,0.028892
29,5,0.066640
29,6,0.003749
29,7,0.006159
29,8,0.056177
29,9,0.062626
29,10,0.073860
29,11,0.057797
29,12,0.079672
29,13,0.063010
29,14,0.012653
29,15,0.006910
29,16,0.037906
29,17,0.013492
29,18,0.005645
29,19,0.011477
29,20,0.059012
29,21,0.011461
29,22,0.036164
29,23,0.135125
29,24,0.038923
29,25,0.050204
29,26,0.027759
29,27,0.016158
29,28,0.051109
29,29,0.000000
29,30,0.058535
29,31,0.048621
29,32,0.002164
29,33,0.072601
29,34,0.049904
29,35,0.091026
29,36,0.081550
29,37,0.072763
29,38,0.066453
29,39,0.045292
29,40,0.002799
29,41,0.049470
29,42,0.047831
29,43,0.087433
29,44,0.080398
29,45,0.050634
29,46,0.024897
29,47,0.039317
29,48,0.045266
29,49,0.026975
29,50,0.000723
29,51,0.000486
29,52,0.026797
29,53,0.012038
29,54,0.012149
29,55,0.014097
29,56,0.016102
29,57,0.053952
29,58,0.098905
29,59,0.061679
29,60,0.003721
29,61,0.056380
29,62,0.075799
29,63,0.085411
29,64,0.090069
29,65,0.084224
29,66,0.049656
29,67,0.012188
29,68,0.064654
29,69,0.044238
29,70,0.006444
29,71,0.028950
29,72,0.027471
29,73,0.011605
29,74,0.023599
29,75,0.001223
29,76,0.007676
29,77,0.055029
29,78,0.046066
29,79,0.045111
29,80,0.014206
29,81,0.026391
29,82,0.036217
29,83,0.014916
29,84,0.003568
29,85,0.011097
29,86,0.003651
29,87,0.058099
29,88,0.000084
29,89,0.016598
29,90,0.006071
29,91,0.053463
29,92,0.003345
29,93,0.014914
29,94,0.018146
29,95,0.017385
29,96,0.038906
29,97,0.034208
29,98,0.038523
29,99,0.012596
29,100,0.017864
29,101,0.014464
29,102,0.004327
29,103,0.015906
29,104,0.003509
29,105,0.010758
29,106,0.020297
29,107,0.074865
29,108,0.066030
29,109,0.059296
29,110,0.029436
29,111,0.035406
29,112,0.029866
29,113,0.030618
29,114,0.004473
29,115,0.018257
29,116,0.048226
29,117,0.015810
29,118,0.016646
29,119,0.026294
29,120,0.017350
29,121,0.044710
29,122,0.016669
29,123,0.015415
29,124,0.043091
29,125,0.018512
29,126,0.026964
29,127,0.000371
29,128,0.023040
29,129,0.013252
29,130,0.026533
30,1,0.020835
30,2,0.031266
30,3,0.074552
30,4,0.049544
30,5,0.002395
30,6,0.028673
30,7,0.032751
30,8,0.049490
30,9,0.027975
30,10,0.010045
30,11,0.027260
30,12,0.023187
30,13,0.024956
30,14,0.023463
30,15,0.026239
30,16,0.039753
30,17,0.008853
30,18,0.010635
30,19,0.015655
30,20,0.061468
30,21,0.098728
30,22,0.040731
30,23,0.032355
30,24,0.087101
30,25,0.047493
30,26,0.031103
30,27,0.012521
30,28,0.034218
30,29,0.058535
30,30,0.000000
30,31,0.036534
30,32,0.010119
30,33,0.111007
30,34,0.066567
30,35,0.089973
30,36,0.063658
30,37,0.091163
30,38,0.058084
30,39,0.020135
30,40,0.032563
30,41,0.090958
30,42,0.033778
30,43,0.056653
30,44,0.009233
30,45,0.037944
30,46,0.051018
30,47,0.022822
30,48,0.002585
30,49,0.023961
30,50,0.016518
30,51,0.040063
30,52,0.050309
30,53,0.066488
30,54,0.060088
30,55,0.079563
30,56,0.000315
30,57,0.038027
30,58,0.107840
30,59,0.120036
30,60,0.060704
30,61,0.042294
30,62,0.063269
30,63,0.027398
30,64,0.080864
30,65,0.089299
30,66,0.055508
30,67,0.071972
30,68,0.078069
30,69,0.018322
30,70,0.056204
30,71,0.001972
30,72,0.033948
30,73,0.040168
30,74,0.034289
30,75,0.019324
30,76,0.016038
30,77,0.076169
30,78,0.014826
30,79,0.046807
30,80,0.050990
30,81,0.017198
30,82,0.023793
30,83,0.009711
30,84,0.061875
30,85,0.039371
30,86,0.014944
30,87,0.002752
30,88,0.024793
30,89,0.009077
30,90,0.029025
30,91,0.030087
30,92,0.002825
30,93,0.012034
30,94,0.015842
30,95,0.077645
30,96,0.065015
30,97,0.005385
30,98,0.036216
30,99,0.050730
30,100,0.013093
30,101,0.009765
30,102,0.034156
30,103,0.021008
30,104,0.005551
30,105,0.034177
30,106,0.029138
30,107,0.067348
30,108,0.064314
30,109,0.108668
30,110,0.099680
30,111,0.099030
30,112,0.010679
30,113,0.020020
30,114,0.016257
30,115,0.007593
30,116,0.031520
30,117,0.076627
30,118,0.007123
30,119,0.002917
30,120,0.013211
30,121,0.005253
30,122,0.027986
30,123,0.003526
30,124,0.001183
30,125,0.001437
30,126,0.002950
30,127,0.021600
30,128,0.023653
30,129,0.023698
30,130,0.048614
31,1,0.053003
31,2,0.010088
31,3,0.058339
31,4,0.044650
31,5,0.004934
31,6,0.021670
31,7,0.035057
31,8,0.022880
31,9,0.040685
31,10,0.020717
31,11,0.009737
31,12,0.003846
31,13,0.016402
31,14,0.007258
31,15,0.005587
31,16,0.016337
31,17,0.033566
31,18,0.018145
31,19,0.010744
31,20,0.013330
31,21,0.021786
31,22,0.047851
31,23,0.071862
31,24,0.024522
31,25,0.021275
31,26,0.029007
31,27,0.042177
31,28,0.003096
31,29,0.048621
31,30,0.036534
31,31,0.000000
31,32,0.099956
31,33,0.063724
31,34,0.073624
31,35,0.095815
31,36,0.105376
31,37,0.114381
31,38,0.121303
31,39,0.006593
31,40,0.036443
31,41,0.087347
31,42,0.046923
31,43,0.015762
31,44,0.004061
31,45,0.068456
31,46,0.050224
31,47,0.039873
31,48,0.024280
31,49,0.014075
31,50,0.005238
31,51,0.006924
31,52,0.033725
31,53,0.062918
31,54,0.079103
31,55,0.078517
31,56,0.007710
31,57,0.066105
31,58,0.077302
31,59,0.069759
31,60,0.058896
31,61,0.004225
31,62,0.055136
31,63,0.064147
31,64,0.055483
31,65,0.071785
31,66,0.074442
31,67,0.092375
31,68,0.076287
31,69,0.080857
31,70,0.090678
31,71,0.018101
31,72,0.006603
31,73,0.005247
31,74,0.017317
31,75,0.027193
31,76,0.025984
31,77,0.083976
31,78,0.051324
31,79,0.018672
31,80,0.011814
31,81,0.053094
31,82,0.033342
31,83,0.013889
31,84,0.074908
31,85,0.029177
31,86,0.010908
31,87,0.016396
31,88,0.029444
31,89,0.027119
31,90,0.051311
31,91,0.075018
31,92,0.006413
31,93,0.003270
31,94,0.024582
31,95,0.028635
31,96,0.076780
31,97,0.033748
31,98,0.048534
31,99,0.010958
31,100,0.004370
31,101,0.045174
31,102,0.032069
31,103,0.011458
31,104,0.010759
31,105,0.015158
31,106,0.091914
31,107,0.096392
31,108,0.096326
31,109,0.132289
31,110,0.138267
31,111,0.161210
31,112,0.005196
31,113,0.003621
31,114,0.026314
31,115,0.026498
31,116,0.153106
31,117,0.077452
31,118,0.002826
31,119,0.002921
31,120,0.003444
31,121,0.000950
31,122,0.002221
31,123,0.000411
31,124,0.001536
31,125,0.006595
31,126,0.010385
31,127,0.008283
31,128,0.072072
31,129,0.038292
31,130,0.044021
32,1,0.028042
32,2,0.008156
32,3,0.075521
32,4,0.034586
32,5,0.095549
32,6,0.029873
32,7,0.024749
32,8,0.037659
32,9,0.010893
32,10,0.039884
32,11,0.063688
32,12,0.004796
32,13,0.049633
32,14,0.012646
32,15,0.048154
32,16,0.056818
32,17,0.025294
32,18,0.019606
32,19,0.017103
32,20,0.060151
32,21,0.044055
32,22,0.007855
32,23,0.004609
32,24,0.029974
32,25,0.064735
32,26,0.004867
32,27,0.049525
32,28,0.017287
32,29,0.002164
32,30,0.010119
32,31,0.099956
32,32,0.000000
32,33,0.056264
32,34,0.012420
32,35,0.067185
32,36,0.021734
32,37,0.054438
32,38,0.039055
32,39,0.056279
32,40,0.002241
32,41,0.050912
32,42,0.022247
32,43,0.006196
32,44,0.069163
32,45,0.032745
32,46,0.013314
32,47,0.009401
32,48,0.014430
32,49,0.022506
32,50,0.020056
32,51,0.059023
32,52,0.134205
32,53,0.133811
32,54,0.144797
32,55,0.125517
32,56,0.080532
32,57,0.097305
32,58,0.016688
32,59,0.162266
32,60,0.154644
32,61,0.018718
32,62,0.116951
32,63,0.055716
32,64,0.133669
32,65,0.073189
32,66,0.025001
32,67,0.053801
32,68,0.059316
32,69,0.020728
32,70,0.072558
32,71,0.051094
32,72,0.067623
32,73,0.045300
32,74,0.043315
32,75,0.033372
32,76,0.015530
32,77,0.072504
32,78,0.089856
32,79,0.090975
32,80,0.044742
32,81,0.008675
32,82,0.014717
32,83,0.022129
32,84,0.020825
32,85,0.046333
32,86,0.041920
32,87,0.086984
32,88,0.047329
32,89,0.032853
32,90,0.027386
32,91,0.034592
32,92,0.007829
32,93,0.028110
32,94,0.023801
32,95,0.019134
32,96,0.023597
32,97,0.056280
32,98,0.039306
32,99,0.018467
32,100,0.032131
32,101,0.013211
32,102,0.016647
32,103,0.027432
32,104,0.037385
32,105,0.038322
32,106,0.037188
32,107,0.032730
32,108,0.026070
32,109,0.080194
32,110,0.068036
32,111,0.033233
32,112,0.037507
32,113,0.032506
32,114,0.042569
32,115,0.002410
32,116,0.060869
32,117,0.093196
32,118,0.007547
32,119,0.024690
32,120,0.020210
32,121,0.010697
32,122,0.001714
32,123,0.008014
32,124,0.003802
32,125,0.027112
32,126,0.008343
32,127,0.010487
32,128,0.055576
32,129,0.049317
32,130,0.017524
33,1,0.072853
33,2,0.089845
33,3,0.128447
33,4,0.070841
33,5,0.122764
33,6,0.050344
33,7,0.112651
33,8,0.149541
33,9,0.068748
33,10,0.125224
33,11,0.139167
33,12,0.085939
33,13,0.136901
33,14,0.043754
33,15,0.063344
33,16,0.071502
33,17,0.009731
33,18,0.016370
33,19,0.039524
33,20,0.033040
33,21,0.043711
33,22,0.042373
33,23,0.002434
33,24,0.024858
33,25,0.012123
33,26,0.042920
33,27,0.038236
33,28,0.049291
33,29,0.072601
33,30,0.111007
33,31,0.063724
33,32,0.056264
33,33,0.000000
33,34,0.054194
33,35,0.112035
33,36,0.133089
33,37,0.036756
33,38,0.044889
33,39,0.041167
33,40,0.060811
33,41,0.023517
33,42,0.002020
33,43,0.073302
33,44,0.071139
33,45,0.012904
33,46,0.038054
33,47,0.002816
33,48,0.017300
33,49,0.022987
33,50,0.007006
33,51,0.009813
33,52,0.080960
33,53,0.116163
33,54,0.097578
33,55,0.027787
33,56,0.013948
33,57,0.036433
33,58,0.081021
33,59,0.080211
33,60,0.110927
33,61,0.002925
33,62,0.030255
33,63,0.148567
33,64,0.076692
33,65,0.060394
33,66,0.087136
33,67,0.062937
33,68,0.066240
33,69,0.025170
33,70,0.028515
33,71,0.019749
33,72,0.010642
33,73,0.047594
33,74,0.069230
33,75,0.010218
33,76,0.021338
33,77,0.088113
33,78,0.014475
33,79,0.007003
33,80,0.000731
33,81,0.051750
33,82,0.038738
33,83,0.040815
33,84,0.055363
33,85,0.081651
33,86,0.081461
33,87,0.097010
33,88,0.044634
33,89,0.042857
33,90,0.020366
33,91,0.011279
33,92,0.016047
33,93,0.019305
33,94,0.032963
33,95,0.041877
33,96,0.029562
33,97,0.022980
33,98,0.033265
33,99,0.064599
33,100,0.018487
33,101,0.019995
33,102,0.010065
33,103,0.038635
33,104,0.031955
33,105,0.009536
33,106,0.008338
33,107,0.075472
33,108,0.114652
33,109,0.069622
33,110,0.070279
33,111,0.113154
33,112,0.083221
33,113,0.058060
33,114,0.020161
33,115,0.036140
33,116,0.003981
33,117,0.031759
33,118,0.066899
33,119,0.043470
33,120,0.073506
33,121,0.019259
33,122,0.044384
33,123,0.029528
33,124,0.040998
33,125,0.024303
33,126,0.044002
33,127,0.017769
33,128,0.078733
33,129,0.049418
33,130,0.065647
34,1,0.054944
34,2,0.058244
34,3,0.118371
34,4,0.080302
34,5,0.070688
34,6,0.008691
34,7,0.101499
34,8,0.106533
34,9,0.081176
34,10,0.132273
34,11,0.129735
34,12,0.061114
34,13,0.134057
34,14,0.027715
34,15,0.051665
34,16,0.075212
34,17,0.011394
34,18,0.036069
34,19,0.085765
34,20,0.036229
34,21,0.002532
34,22,0.037309
34,23,0.038415
34,24,0.045447
34,25,0.006911
34,26,0.093058
34,27,0.083698
34,28,0.031183
34,29,0.049904
34,30,0.066567
34,31,0.073624
34,32,0.012420
34,33,0.054194
34,34,0.000000
34,35,0.061702
34,36,0.176276
34,37,0.133110
34,38,0.091937
34,39,0.092886
34,40,0.083152
34,41,0.090975
34,42,0.018614
34,43,0.095724
34,44,0.042134
34,45,0.032801
34,46,0.067496
34,47,0.034365
34,48,0.049468
34,49,0.003788
34,50,0.035064
34,51,0.022206
34,52,0.054443
34,53,0.092391
34,54,0.102004
34,55,0.006290
34,56,0.011588
34,57,0.049370
34,58,0.115787
34,59,0.015001
34,60,0.019797
34,61,0.037235
34,62,0.054609
34,63,0.094537
34,64,0.016392
34,65,0.032691
34,66,0.032340
34,67,0.091616
34,68,0.106065
34,69,0.005318
34,70,0.020413
34,71,0.009830
34,72,0.034220
34,73,0.067673
34,74,0.038354
34,75,0.046478
34,76,0.074388
34,77,0.086168
34,78,0.011482
34,79,0.001607
34,80,0.012864
34,81,0.033151
34,82,0.004461
34,83,0.036880
34,84,0.027788
34,85,0.002361
34,86,0.069133
34,87,0.136017
34,88,0.019844
34,89,0.052404
34,90,0.026544
34,91,0.013064
34,92,0.033934
34,93,0.014656
34,94,0.055872
34,95,0.105354
34,96,0.088604
34,97,0.053375
34,98,0.079121
34,99,0.033867
34,100,0.016748
34,101,0.080918
34,102,0.100629
34,103,0.001781
34,104,0.032836
34,105,0.011625
34,106,0.046878
34,107,0.035519
34,108,0.070046
34,109,0.022439
34,110,0.002390
34,111,0.081718
34,112,0.064129
34,113,0.035786
34,114,0.008832
34,115,0.024065
34,116,0.054289
34,117,0.003292
34,118,0.078117
34,119,0.059757
34,120,0.044496
34,121,0.048085
34,122,0.039421
34,123,0.007205
34,124,0.024062
34,125,0.048151
34,126,0.057240
34,127,0.028125
34,128,0.216526
34,129,0.173442
34,130,0.057525
35,1,0.142568
35,2,0.135787
35,3,0.222444
35,4,0.168340
35,5,0.032953
35,6,0.046864
35,7,0.209164
35,8,0.209478
35,9,0.149174
35,10,0.180243
35,11,0.174984
35,12,0.117856
35,13,0.133739
35,14,0.005044
35,15,0.009170
35,16,0.027817
35,17,0.041457
35,18,0.091448
35,19,0.124848
35,20,0.103737
35,21,0.027923
35,22,0.057564
35,23,0.028052
35,24,0.116638
35,25,0.065103
35,26,0.135151
35,27,0.202240
35,28,0.109736
35,29,0.091026
35,30,0.089973
35,31,0.095815
35,32,0.067185
35,33,0.112035
35,34,0.061702
35,35,0.000000
35,36,0.146821
35,37,0.132752
35,38,0.084502
35,39,0.133893
35,40,0.101095
35,41,0.099239
35,42,0.026010
35,43,0.131181
35,44,0.053440
35,45,0.067461
35,46,0.076503
35,47,0.065104
35,48,0.088728
35,49,0.021053
35,50,0.054112
35,51,0.036243
35,52,0.056721
35,53,0.074281
35,54,0.071362
35,55,0.032868
35,56,0.000792
35,57,0.051428
35,58,0.090228
35,59,0.011932
35,60,0.051779
35,61,0.009287
35,62,0.041126
35,63,0.084384
35,64,0.005157
35,65,0.039864
35,66,0.009565
35,67,0.113392
35,68,0.116104
35,69,0.027964
35,70,0.041028
35,71,0.027811
35,72,0.031035
35,73,0.080388
35,74,0.058071
35,75,0.045226
35,76,0.057284
35,77,0.096529
35,78,0.092286
35,79,0.102122
35,80,0.037079
35,81,0.095917
35,82,0.037774
35,83,0.014746
35,84,0.094774
35,85,0.032135
35,86,0.132195
35,87,0.158405
35,88,0.004147
35,89,0.057836
35,90,0.037986
35,91,0.014681
35,92,0.045336
35,93,0.018514
35,94,0.080912
35,95,0.131632
35,96,0.089665
35,97,0.023427
35,98,0.053542
35,99,0.053662
35,100,0.017057
35,101,0.083857
35,102,0.083433
35,103,0.051513
35,104,0.009832
35,105,0.018151
35,106,0.067121
35,107,0.071758
35,108,0.119823
35,109,0.030021
35,110,0.020021
35,111,0.156869
35,112,0.094637
35,113,0.058468
35,114,0.009042
35,115,0.000253
35,116,0.088050
35,117,0.034791
35,118,0.141984
35,119,0.136981
35,120,0.093382
35,121,0.050987
35,122,0.043586
35,123,0.033932
35,124,0.019698
35,125,0.061745
35,126,0.084944
35,127,0.028956
35,128,0.218068
35,129,0.178287
35,130,0.051745
36,1,0.111617
36,2,0.126529
36,3,0.170157
36,4,0.097178
36,5,0.101733
36,6,0.017327
36,7,0.136670
36,8,0.176000
36,9,0.136116
36,10,0.156185
36,11,0.165771
36,12,0.089190
36,13,0.172005
36,14,0.031069
36,15,0.030696
36,16,0.050489
36,17,0.067496
36,18,0.094054
36,19,0.125972
36,20,0.086515
36,21,0.009118
36,22,0.031585
36,23,0.037456
36,24,0.089296
36,25,0.049010
36,26,0.097846
36,27,0.165525
36,28,0.094446
36,29,0.081550
36,30,0.063658
36,31,0.105376
36,32,0.021734
36,33,0.133089
36,34,0.176276
36,35,0.146821
36,36,0.000000
36,37,0.178765
36,38,0.200615
36,39,0.139693
36,40,0.108739
36,41,0.067985
36,42,0.055603
36,43,0.134345
36,44,0.050966
36,45,0.047028
36,46,0.050598
36,47,0.026184
36,48,0.053428
36,49,0.006687
36,50,0.052655
36,51,0.051815
36,52,0.133577
36,53,0.094052
36,54,0.045401
36,55,0.003288
36,56,0.020345
36,57,0.014830
36,58,0.038877
36,59,0.001949
36,60,0.028602
36,61,0.004360
36,62,0.030092
36,63,0.094581
36,64,0.033442
36,65,0.039139
36,66,0.112087
36,67,0.090408
36,68,0.105134
36,69,0.015081
36,70,0.004372
36,71,0.055763
36,72,0.007567
36,73,0.040381
36,74,0.016507
36,75,0.026066
36,76,0.022196
36,77,0.073864
36,78,0.008676
36,79,0.027311
36,80,0.005317
36,81,0.045856
36,82,0.018799
36,83,0.039660
36,84,0.008656
36,85,0.018241
36,86,0.092160
36,87,0.228782
36,88,0.034857
36,89,0.084492
36,90,0.027161
36,91,0.004612
36,92,0.042095
36,93,0.017896
36,94,0.087987
36,95,0.137232
36,96,0.116420
36,97,0.021099
36,98,0.097432
36,99,0.002345
36,100,0.030528
36,101,0.155198
36,102,0.181606
36,103,0.034593
36,104,0.052031
36,105,0.045406
36,106,0.013877
36,107,0.000753
36,108,0.001899
36,109,0.007741
36,110,0.016680
36,111,0.076726
36,112,0.067685
36,113,0.054778
36,114,0.015341
36,115,0.104813
36,116,0.007383
36,117,0.037186
36,118,0.086086
36,119,0.097349
36,120,0.056813
36,121,0.033523
36,122,0.023130
36,123,0.003242
36,124,0.009507
36,125,0.013202
36,126,0.069471
36,127,0.053847
36,128,0.083161
36,129,0.058735
36,130,0.022858
37,1,0.099744
37,2,0.114919
37,3,0.182726
37,4,0.135500
37,5,0.001645
37,6,0.064813
37,7,0.167174
37,8,0.183620
37,9,0.090781
37,10,0.128533
37,11,0.134760
37,12,0.135523
37,13,0.083057
37,14,0.011232
37,15,0.001345
37,16,0.017911
37,17,0.061105
37,18,0.035804
37,19,0.055899
37,20,0.043088
37,21,0.039132
37,22,0.029742
37,23,0.013623
37,24,0.058329
37,25,0.029064
37,26,0.091158
37,27,0.154930
37,28,0.086945
37,29,0.072763
37,30,0.091163
37,31,0.114381
37,32,0.054438
37,33,0.036756
37,34,0.133110
37,35,0.132752
37,36,0.178765
37,37,0.000000
37,38,0.067248
37,39,0.158017
37,40,0.043533
37,41,0.052751
37,42,0.017595
37,43,0.025379
37,44,0.052723
37,45,0.047801
37,46,0.059093
37,47,0.023799
37,48,0.064037
37,49,0.006203
37,50,0.063463
37,51,0.049542
37,52,0.110364
37,53,0.086425
37,54,0.078602
37,55,0.091182
37,56,0.134085
37,57,0.175495
37,58,0.183642
37,59,0.086936
37,60,0.008492
37,61,0.078753
37,62,0.039068
37,63,0.113220
37,64,0.087557
37,65,0.137020
37,66,0.206085
37,67,0.127367
37,68,0.040393
37,69,0.006675
37,70,0.036207
37,71,0.017930
37,72,0.007147
37,73,0.051501
37,74,0.034883
37,75,0.009081
37,76,0.001455
37,77,0.152039
37,78,0.080648
37,79,0.122464
37,80,0.036349
37,81,0.086119
37,82,0.054877
37,83,0.043255
37,84,0.113488
37,85,0.116770
37,86,0.098094
37,87,0.014166
37,88,0.035603
37,89,0.015056
37,90,0.005339
37,91,0.023442
37,92,0.006866
37,93,0.005482
37,94,0.050983
37,95,0.074581
37,96,0.077724
37,97,0.021282
37,98,0.032600
37,99,0.086601
37,100,0.033902
37,101,0.034837
37,102,0.002091
37,103,0.029419
37,104,0.028897
37,105,0.022455
37,106,0.049411
37,107,0.116120
37,108,0.149296
37,109,0.135447
37,110,0.130907
37,111,0.157400
37,112,0.059567
37,113,0.059758
37,114,0.030514
37,115,0.039363
37,116,0.164239
37,117,0.040686
37,118,0.093357
37,119,0.073390
37,120,0.031810
37,121,0.004689
37,122,0.039458
37,123,0.029373
37,124,0.008182
37,125,0.014924
37,126,0.102536
37,127,0.021733
37,128,0.134859
37,129,0.095359
37,130,0.076558
38,1,0.084466
38,2,0.122550
38,3,0.197519
38,4,0.164239
38,5,0.046928
38,6,0.080964
38,7,0.191281
38,8,0.191283
38,9,0.109841
38,10,0.144937
38,11,0.143245
38,12,0.130352
38,13,0.061769
38,14,0.018445
38,15,0.006636
38,16,0.021265
38,17,0.097875
38,18,0.044787
38,19,0.071085
38,20,0.079720
38,21,0.042588
38,22,0.035114
38,23,0.012256
38,24,0.075932
38,25,0.027182
38,26,0.077779
38,27,0.176473
38,28,0.096221
38,29,0.066453
38,30,0.058084
38,31,0.121303
38,32,0.039055
38,33,0.044889
38,34,0.091937
38,35,0.084502
38,36,0.200615
38,37,0.067248
38,38,0.000000
38,39,0.171523
38,40,0.041069
38,41,0.099724
38,42,0.023239
38,43,0.001476
38,44,0.035106
38,45,0.032519
38,46,0.026141
38,47,0.010733
38,48,0.042618
38,49,0.002712
38,50,0.037085
38,51,0.050014
38,52,0.095772
38,53,0.080114
38,54,0.060128
38,55,0.101163
38,56,0.104101
38,57,0.162997
38,58,0.160301
38,59,0.088164
38,60,0.002523
38,61,0.040920
38,62,0.022100
38,63,0.092773
38,64,0.020248
38,65,0.091489
38,66,0.126836
38,67,0.088107
38,68,0.034125
38,69,0.000195
38,70,0.000909
38,71,0.002711
38,72,0.006504
38,73,0.027880
38,74,0.030520
38,75,0.038978
38,76,0.035070
38,77,0.107110
38,78,0.124922
38,79,0.184149
38,80,0.062893
38,81,0.121183
38,82,0.076672
38,83,0.060063
38,84,0.135767
38,85,0.032144
38,86,0.092650
38,87,0.075729
38,88,0.018074
38,89,0.046356
38,90,0.002105
38,91,0.017976
38,92,0.046204
38,93,0.039164
38,94,0.022025
38,95,0.087970
38,96,0.106131
38,97,0.003319
38,98,0.041227
38,99,0.085604
38,100,0.029333
38,101,0.060325
38,102,0.035640
38,103,0.040889
38,104,0.030504
38,105,0.039669
38,106,0.116257
38,107,0.163336
38,108,0.170924
38,109,0.117057
38,110,0.100781
38,111,0.174043
38,112,0.057861
38,113,0.038715
38,114,0.001135
38,115,0.023925
38,116,0.227931
38,117,0.051404
38,118,0.059139
38,119,0.042533
38,120,0.002554
38,121,0.001185
38,122,0.058912
38,123,0.024591
38,124,0.001319
38,125,0.047264
38,126,0.084748
38,127,0.003931
38,128,0.134501
38,129,0.103730
38,130,0.036639
39,1,0.080301
39,2,0.104932
39,3,0.001787
39,4,0.012408
39,5,0.022184
39,6,0.027500
39,7,0.033213
39,8,0.028380
39,9,0.037318
39,10,0.010347
39,11,0.037578
39,12,0.000459
39,13,0.174560
39,14,0.080442
39,15,0.007788
39,16,0.034306
39,17,0.073913
39,18,0.048127
39,19,0.111870
39,20,0.078483
39,21,0.031977
39,22,0.026317
39,23,0.015934
39,24,0.027529
39,25,0.025773
39,26,0.039677
39,27,0.041774
39,28,0.051447
39,29,0.045292
39,30,0.020135
39,31,0.006593
39,32,0.056279
39,33,0.041167
39,34,0.092886
39,35,0.133893
39,36,0.139693
39,37,0.158017
39,38,0.171523
39,39,0.000000
39,40,0.118684
39,41,0.003963
39,42,0.025530
39,43,0.097112
39,44,0.032372
39,45,0.065025
39,46,0.072117
39,47,0.016806
39,48,0.046790
39,49,0.024664
39,50,0.039096
39,51,0.012384
39,52,0.068098
39,53,0.063110
39,54,0.046580
39,55,0.032782
39,56,0.064857
39,57,0.057436
39,58,0.009049
39,59,0.076349
39,60,0.032784
39,61,0.066505
39,62,0.075326
39,63,0.097349
39,64,0.036768
39,65,0.051835
39,66,0.098426
39,67,0.047360
39,68,0.111614
39,69,0.116969
39,70,0.082754
39,71,0.052184
39,72,0.053482
39,73,0.031187
39,74,0.035235
39,75,0.019391
39,76,0.006277
39,77,0.088750
39,78,0.080506
39,79,0.079820
39,80,0.072559
39,81,0.059857
39,82,0.069732
39,83,0.049063
39,84,0.073969
39,85,0.032809
39,86,0.010091
39,87,0.166888
39,88,0.062996
39,89,0.092957
39,90,0.088691
39,91,0.046758
39,92,0.066663
39,93,0.071809
39,94,0.062489
39,95,0.042405
39,96,0.036622
39,97,0.006617
39,98,0.007015
39,99,0.096016
39,100,0.030991
39,101,0.009540
39,102,0.028129
39,103,0.006096
39,104,0.021640
39,105,0.024561
39,106,0.069438
39,107,0.015034
39,108,0.012766
39,109,0.024533
39,110,0.008534
39,111,0.027942
39,112,0.006321
39,113,0.013723
39,114,0.015502
39,115,0.081604
39,116,0.040368
39,117,0.052890
39,118,0.064035
39,119,0.051210
39,120,0.000310
39,121,0.042209
39,122,0.030107
39,123,0.066138
39,124,0.045868
39,125,0.019523
39,126,0.054076
39,127,0.035210
39,128,0.038910
39,129,0.001501
39,130,0.010749
40,1,0.014205
40,2,0.037610
40,3,0.064067
40,4,0.079930
40,5,0.059995
40,6,0.042895
40,7,0.088803
40,8,0.024600
40,9,0.024037
40,10,0.050006
40,11,0.067499
40,12,0.001477
40,13,0.113928
40,14,0.034724
40,15,0.002695
40,16,0.038069
40,17,0.079305
40,18,0.071589
40,19,0.120286
40,20,0.105594
40,21,0.027965
40,22,0.029028
40,23,0.001999
40,24,0.025922
40,25,0.023217
40,26,0.055675
40,27,0.039132
40,28,0.004945
40,29,0.002799
40,30,0.032563
40,31,0.036443
40,32,0.002241
40,33,0.060811
40,34,0.083152
40,35,0.101095
40,36,0.108739
40,37,0.043533
40,38,0.041069
40,39,0.118684
40,40,0.000000
40,41,0.019247
40,42,0.031880
40,43,0.129036
40,44,0.064392
40,45,0.075796
40,46,0.114901
40,47,0.029785
40,48,0.063348
40,49,0.014457
40,50,0.033653
40,51,0.010350
40,52,0.039248
40,53,0.043969
40,54,0.041438
40,55,0.025885
40,56,0.013306
40,57,0.014834
40,58,0.024820
40,59,0.068761
40,60,0.020993
40,61,0.077345
40,62,0.086933
40,63,0.064830
40,64,0.038789
40,65,0.056986
40,66,0.076416
40,67,0.069071
40,68,0.108969
40,69,0.086551
40,70,0.065963
40,71,0.026295
40,72,0.034558
40,73,0.013520
40,74,0.001174
40,75,0.004306
40,76,0.016429
40,77,0.031338
40,78,0.016040
40,79,0.038358
40,80,0.007549
40,81,0.038782
40,82,0.003949
40,83,0.022719
40,84,0.021509
40,85,0.018326
40,86,0.039847
40,87,0.125141
40,88,0.003907
40,89,0.012038
40,90,0.057576
40,91,0.006806
40,92,0.029855
40,93,0.020108
40,94,0.017590
40,95,0.001082
40,96,0.035863
40,97,0.020998
40,98,0.027395
40,99,0.024854
40,100,0.001814
40,101,0.054876
40,102,0.077950
40,103,0.062579
40,104,0.044100
40,105,0.038554
40,106,0.053588
40,107,0.007025
40,108,0.006814
40,109,0.000283
40,110,0.012691
40,111,0.015097
40,112,0.004331
40,113,0.020383
40,114,0.022220
40,115,0.007230
40,116,0.039386
40,117,0.009902
40,118,0.117100
40,119,0.086230
40,120,0.040595
40,121,0.008892
40,122,0.022578
40,123,0.043988
40,124,0.043261
40,125,0.015334
40,126,0.056682
40,127,0.042184
40,128,0.098941
40,129,0.053592
40,130,0.043586
41,1,0.051881
41,2,0.094849
41,3,0.136844
41,4,0.105208
41,5,0.037132
41,6,0.024429
41,7,0.057364
41,8,0.078615
41,9,0.080387
41,10,0.087394
41,11,0.077406
41,12,0.016632
41,13,0.034182
41,14,0.029087
41,15,0.028580
41,16,0.000928
41,17,0.014473
41,18,0.079856
41,19,0.045276
41,20,0.037169
41,21,0.011111
41,22,0.036461
41,23,0.051582
41,24,0.049431
41,25,0.023169
41,26,0.042386
41,27,0.068170
41,28,0.025606
41,29,0.049470
41,30,0.090958
41,31,0.087347
41,32,0.050912
41,33,0.023517
41,34,0.090975
41,35,0.099239
41,36,0.067985
41,37,0.052751
41,38,0.099724
41,39,0.003963
41,40,0.019247
41,41,0.000000
41,42,0.032220
41,43,0.082227
41,44,0.011744
41,45,0.085624
41,46,0.048247
41,47,0.027073
41,48,0.028128
41,49,0.011558
41,50,0.054100
41,51,0.025555
41,52,0.046286
41,53,0.064517
41,54,0.033918
41,55,0.025063
41,56,0.035999
41,57,0.023761
41,58,0.052242
41,59,0.022365
41,60,0.010810
41,61,0.049932
41,62,0.043272
41,63,0.036988
41,64,0.022114
41,65,0.048164
41,66,0.014831
41,67,0.024099
41,68,0.020651
41,69,0.032678
41,70,0.000403
41,71,0.007753
41,72,0.006838
41,73,0.038191
41,74,0.038748
41,75,0.054969
41,76,0.054918
41,77,0.001396
41,78,0.063836
41,79,0.071586
41,80,0.035777
41,81,0.110003
41,82,0.032843
41,83,0.033281
41,84,0.046111
41,85,0.012525
41,86,0.064886
41,87,0.073770
41,88,0.005053
41,89,0.031202
41,90,0.013644
41,91,0.022408
41,92,0.053505
41,93,0.005463
41,94,0.032403
41,95,0.065228
41,96,0.089580
41,97,0.009028
41,98,0.012570
41,99,0.037796
41,100,0.006929
41,101,0.087567
41,102,0.085725
41,103,0.001497
41,104,0.009605
41,105,0.004760
41,106,0.054551
41,107,0.025457
41,108,0.025709
41,109,0.012112
41,110,0.030154
41,111,0.064326
41,112,0.032509
41,113,0.013006
41,114,0.014734
41,115,0.024315
41,116,0.004790
41,117,0.012244
41,118,0.073159
41,119,0.080100
41,120,0.060714
41,121,0.048540
41,122,0.022436
41,123,0.002072
41,124,0.019582
41,125,0.031213
41,126,0.025837
41,127,0.012505
41,128,0.068411
41,129,0.061476
41,130,0.013512
42,1,0.033449
42,2,0.071906
42,3,0.073873
42,4,0.058858
42,5,0.000709
42,6,0.036448
42,7,0.000941
42,8,0.029069
42,9,0.061698
42,10,0.070213
42,11,0.057856
42,12,0.009520
42,13,0.028713
42,14,0.051621
42,15,0.059944
42,16,0.034303
42,17,0.048158
42,18,0.065298
42,19,0.002991
42,20,0.004203
42,21,0.026863
42,22,0.043878
42,23,0.049503
42,24,0.049100
42,25,0.017184
42,26,0.003362
42,27,0.031219
42,28,0.011134
42,29,0.047831
42,30,0.033778
42,31,0.046923
42,32,0.022247
42,33,0.002020
42,34,0.018614
42,35,0.026010
42,36,0.055603
42,37,0.017595
42,38,0.023239
42,39,0.025530
42,40,0.031880
42,41,0.032220
42,42,0.000000
42,43,0.021726
42,44,0.002486
42,45,0.045078
42,46,0.044712
42,47,0.018065
42,48,0.006353
42,49,0.007695
42,50,0.019352
42,51,0.037796
42,52,0.006387
42,53,0.039116
42,54,0.021032
42,55,0.016876
42,56,0.052097
42,57,0.024976
42,58,0.084029
42,59,0.070124
42,60,0.024665
42,61,0.031968
42,62,0.038059
42,63,0.041420
42,64,0.068058
42,65,0.103587
42,66,0.064904
42,67,0.040862
42,68,0.002323
42,69,0.014637
42,70,0.013525
42,71,0.011455
42,72,0.010410
42,73,0.033740
42,74,0.016759
42,75,0.067404
42,76,0.058718
42,77,0.006967
42,78,0.012435
42,79,0.045822
42,80,0.021980
42,81,0.019333
42,82,0.004560
42,83,0.004794
42,84,0.027012
42,85,0.006903
42,86,0.047944
42,87,0.050588
42,88,0.021587
42,89,0.002474
42,90,0.005423
42,91,0.050094
42,92,0.045607
42,93,0.002634
42,94,0.032478
42,95,0.027957
42,96,0.083876
42,97,0.036888
42,98,0.009379
42,99,0.024963
42,100,0.028336
42,101,0.079805
42,102,0.088263
42,103,0.024209
42,104,0.005954
42,105,0.002244
42,106,0.084216
42,107,0.023402
42,108,0.047269
42,109,0.005143
42,110,0.010099
42,111,0.071545
42,112,0.049852
42,113,0.031439
42,114,0.018004
42,115,0.005910
42,116,0.062411
42,117,0.012631
42,118,0.005324
42,119,0.055345
42,120,0.093853
42,121,0.050247
42,122,0.046550
42,123,0.045653
42,124,0.029235
42,125,0.098634
42,126,0.057179
42,127,0.066095
42,128,0.015685
42,129,0.009011
42,130,0.034082
43,1,0.002779
43,2,0.027924
43,3,0.011197
43,4,0.022223
43,5,0.054119
43,6,0.131546
43,7,0.095870
43,8,0.042736
43,9,0.018990
43,10,0.002661
43,11,0.009693
43,12,0.031087
43,13,0.019212
43,14,0.036927
43,15,0.082567
43,16,0.118907
43,17,0.023082
43,18,0.006422
43,19,0.083633
43,20,0.053316
43,21,0.007331
43,22,0.052292
43,23,0.033140
43,24,0.013113
43,25,0.003214
43,26,0.089532
43,27,0.075375
43,28,0.004190
43,29,0.087433
43,30,0.056653
43,31,0.015762
43,32,0.006196
43,33,0.073302
43,34,0.095724
43,35,0.131181
43,36,0.134345
43,37,0.025379
43,38,0.001476
43,39,0.097112
43,40,0.129036
43,41,0.082227
43,42,0.021726
43,43,0.000000
43,44,0.015853
43,45,0.076302
43,46,0.272182
43,47,0.049041
43,48,0.118258
43,49,0.092902
43,50,0.000813
43,51,0.060173
43,52,0.103393
43,53,0.155502
43,54,0.171138
43,55,0.127642
43,56,0.052649
43,57,0.020406
43,58,0.123138
43,59,0.162499
43,60,0.108821
43,61,0.111439
43,62,0.108049
43,63,0.125795
43,64,0.140466
43,65,0.168780
43,66,0.210422
43,67,0.083001
43,68,0.000219
43,69,0.043782
43,70,0.077487
43,71,0.043475
43,72,0.039861
43,73,0.053680
43,74,0.066199
43,75,0.059336
43,76,0.008275
43,77,0.045245
43,78,0.062802
43,79,0.141803
43,80,0.101717
43,81,0.011850
43,82,0.000947
43,83,0.047934
43,84,0.031130
43,85,0.038933
43,86,0.095880
43,87,0.076773
43,88,0.017225
43,89,0.023502
43,90,0.020483
43,91,0.048090
43,92,0.008021
43,93,0.006012
43,94,0.011019
43,95,0.052686
43,96,0.001830
43,97,0.032709
43,98,0.038565
43,99,0.054469
43,100,0.014486
43,101,0.114421
43,102,0.116467
43,103,0.046291
43,104,0.006121
43,105,0.036871
43,106,0.028156
43,107,0.062639
43,108,0.094784
43,109,0.073940
43,110,0.092990
43,111,0.090730
43,112,0.057775
43,113,0.027207
43,114,0.029018
43,115,0.048051
43,116,0.098492
43,117,0.015682
43,118,0.050933
43,119,0.043399
43,120,0.029207
43,121,0.022401
43,122,0.033727
43,123,0.046935
43,124,0.004952
43,125,0.012696
43,126,0.010037
43,127,0.077918
43,128,0.049462
43,129,0.076490
43,130,0.096837
44,1,0.016240
44,2,0.039640
44,3,0.059867
44,4,0.043501
44,5,0.005788
44,6,0.045478
44,7,0.011903
44,8,0.015648
44,9,0.019382
44,10,0.014272
44,11,0.024386
44,12,0.023723
44,13,0.015020
44,14,0.006274
44,15,0.010407
44,16,0.038039
44,17,0.001518
44,18,0.028942
44,19,0.001358
44,20,0.016971
44,21,0.014704
44,22,0.012838
44,23,0.071515
44,24,0.034006
44,25,0.035620
44,26,0.000730
44,27,0.034708
44,28,0.046170
44,29,0.080398
44,30,0.009233
44,31,0.004061
44,32,0.069163
44,33,0.071139
44,34,0.042134
44,35,0.053440
44,36,0.050966
44,37,0.052723
44,38,0.035106
44,39,0.032372
44,40,0.064392
44,41,0.011744
44,42,0.002486
44,43,0.015853
44,44,0.000000
44,45,0.038283
44,46,0.079615
44,47,0.005984
44,48,0.038015
44,49,0.034674
44,50,0.010253
44,51,0.015351
44,52,0.003535
44,53,0.019381
44,54,0.041863
44,55,0.046830
44,56,0.054414
44,57,0.009836
44,58,0.133497
44,59,0.095608
44,60,0.050513
44,61,0.101253
44,62,0.103552
44,63,0.037590
44,64,0.105803
44,65,0.190044
44,66,0.151243
44,67,0.082775
44,68,0.057996
44,69,0.039413
44,70,0.004995
44,71,0.004741
44,72,0.003102
44,73,0.000293
44,74,0.003346
44,75,0.097195
44,76,0.086024
44,77,0.010025
44,78,0.010324
44,79,0.013621
44,80,0.001951
44,81,0.039183
44,82,0.003402
44,83,0.018946
44,84,0.006133
44,85,0.027900
44,86,0.014752
44,87,0.025217
44,88,0.005883
44,89,0.030834
44,90,0.029736
44,91,0.038459
44,92,0.022193
44,93,0.001998
44,94,0.010046
44,95,0.013252
44,96,0.012053
44,97,0.042626
44,98,0.024943
44,99,0.042527
44,100,0.053513
44,101,0.061310
44,102,0.061446
44,103,0.005034
44,104,0.035687
44,105,0.023504
44,106,0.044558
44,107,0.075250
44,108,0.060957
44,109,0.005548
44,110,0.010076
44,111,0.054098
44,112,0.031375
44,113,0.026158
44,114,0.023266
44,115,0.044784
44,116,0.034763
44,117,0.016636
44,118,0.002678
44,119,0.014593
44,120,0.011317
44,121,0.009052
44,122,0.008146
44,123,0.022746
44,124,0.004208
44,125,0.030580
44,126,0.035110
44,127,0.074382
44,128,0.006458
44,129,0.014774
44,130,0.002575
45,1,0.008663
45,2,0.024820
45,3,0.020798
45,4,0.030098
45,5,0.007725
45,6,0.087014
45,7,0.076268
45,8,0.050628
45,9,0.006694
45,10,0.011166
45,11,0.003004
45,12,0.022642
45,13,0.023619
45,14,0.000170
45,15,0.022950
45,16,0.078849
45,17,0.010952
45,18,0.010840
45,19,0.082365
45,20,0.059383
45,21,0.002304
45,22,0.019895
45,23,0.020631
45,24,0.010722
45,25,0.000410
45,26,0.056160
45,27,0.021717
45,28,0.001058
45,29,0.050634
45,30,0.037944
45,31,0.068456
45,32,0.032745
45,33,0.012904
45,34,0.032801
45,35,0.067461
45,36,0.047028
45,37,0.047801
45,38,0.032519
45,39,0.065025
45,40,0.075796
45,41,0.085624
45,42,0.045078
45,43,0.076302
45,44,0.038283
45,45,0.000000
45,46,0.133121
45,47,0.028679
45,48,0.071457
45,49,0.071830
45,50,0.004385
45,51,0.040968
45,52,0.000464
45,53,0.034067
45,54,0.039664
45,55,0.008975
45,56,0.014441
45,57,0.023299
45,58,0.093141
45,59,0.114996
45,60,0.047579
45,61,0.048937
45,62,0.024825
45,63,0.038743
45,64,0.069950
45,65,0.156598
45,66,0.153798
45,67,0.074908
45,68,0.021060
45,69,0.021381
45,70,0.016726
45,71,0.043964
45,72,0.061708
45,73,0.085878
45,74,0.061313
45,75,0.085498
45,76,0.035921
45,77,0.015743
45,78,0.052163
45,79,0.094593
45,80,0.041976
45,81,0.009435
45,82,0.007595
45,83,0.030778
45,84,0.053052
45,85,0.055317
45,86,0.053958
45,87,0.057245
45,88,0.005367
45,89,0.006002
45,90,0.013253
45,91,0.018037
45,92,0.007200
45,93,0.006889
45,94,0.008223
45,95,0.025389
45,96,0.007844
45,97,0.013563
45,98,0.029129
45,99,0.000498
45,100,0.028254
45,101,0.036178
45,102,0.069857
45,103,0.007628
45,104,0.071992
45,105,0.034098
45,106,0.069522
45,107,0.018871
45,108,0.037795
45,109,0.054458
45,110,0.047626
45,111,0.091677
45,112,0.096023
45,113,0.086991
45,114,0.031818
45,115,0.056335
45,116,0.042617
45,117,0.019942
45,118,0.007354
45,119,0.039664
45,120,0.066785
45,121,0.018211
45,122,0.033265
45,123,0.050797
45,124,0.005049
45,125,0.025459
45,126,0.028197
45,127,0.070627
45,128,0.090379
45,129,0.069216
45,130,0.074141
46,1,0.011812
46,2,0.027071
46,3,0.019243
46,4,0.050180
46,5,0.009703
46,6,0.141876
46,7,0.086591
46,8,0.041415
46,9,0.000663
46,10,0.008790
46,11,0.015515
46,12,0.039366
46,13,0.030248
46,14,0.044002
46,15,0.057592
46,16,0.118464
46,17,0.053727
46,18,0.033384
46,19,0.146572
46,20,0.079293
46,21,0.004979
46,22,0.034390
46,23,0.000552
46,24,0.036265
46,25,0.033183
46,26,0.114225
46,27,0.062590
46,28,0.012538
46,29,0.024897
46,30,0.051018
46,31,0.050224
46,32,0.013314
46,33,0.038054
46,34,0.067496
46,35,0.076503
46,36,0.050598
46,37,0.059093
46,38,0.026141
46,39,0.072117
46,40,0.114901
46,41,0.048247
46,42,0.044712
46,43,0.272182
46,44,0.079615
46,45,0.133121
46,46,0.000000
46,47,0.008261
46,48,0.050745
46,49,0.056887
46,50,0.000576
46,51,0.064205
46,52,0.055952
46,53,0.078109
46,54,0.088193
46,55,0.075755
46,56,0.036166
46,57,0.006099
46,58,0.093378
46,59,0.104847
46,60,0.043836
46,61,0.062936
46,62,0.031091
46,63,0.030630
46,64,0.032239
46,65,0.130439
46,66,0.190449
46,67,0.120054
46,68,0.002806
46,69,0.019232
46,70,0.048412
46,71,0.060809
46,72,0.046608
46,73,0.074905
46,74,0.061476
46,75,0.050714
46,76,0.031636
46,77,0.044357
46,78,0.089693
46,79,0.163612
46,80,0.090696
46,81,0.015384
46,82,0.060523
46,83,0.000752
46,84,0.008036
46,85,0.008608
46,86,0.111513
46,87,0.083095
46,88,0.033028
46,89,0.034012
46,90,0.036424
46,91,0.019111
46,92,0.004491
46,93,0.019356
46,94,0.014458
46,95,0.011135
46,96,0.028330
46,97,0.051713
46,98,0.032584
46,99,0.026202
46,100,0.041426
46,101,0.105085
46,102,0.085044
46,103,0.031855
46,104,0.020522
46,105,0.012474
46,106,0.000173
46,107,0.014765
46,108,0.031456
46,109,0.062988
46,110,0.074509
46,111,0.059017
46,112,0.029358
46,113,0.025359
46,114,0.031636
46,115,0.009808
46,116,0.066720
46,117,0.047998
46,118,0.078863
46,119,0.060492
46,120,0.029578
46,121,0.014381
46,122,0.022871
46,123,0.060007
46,124,0.039662
46,125,0.015201
46,126,0.032586
46,127,0.030749
46,128,0.122310
46,129,0.127436
46,130,0.123439
47,1,0.011293
47,2,0.002971
47,3,0.021651
47,4,0.019851
47,5,0.013786
47,6,0.034851
47,7,0.027969
47,8,0.007842
47,9,0.026960
47,10,0.025257
47,11,0.010584
47,12,0.015772
47,13,0.023020
47,14,0.018042
47,15,0.025222
47,16,0.073733
47,17,0.018285
47,18,0.021512
47,19,0.055139
47,20,0.036095
47,21,0.020563
47,22,0.019408
47,23,0.000964
47,24,0.012241
47,25,0.042720
47,26,0.019385
47,27,0.042376
47,28,0.031469
47,29,0.039317
47,30,0.022822
47,31,0.039873
47,32,0.009401
47,33,0.002816
47,34,0.034365
47,35,0.065104
47,36,0.026184
47,37,0.023799
47,38,0.010733
47,39,0.016806
47,40,0.029785
47,41,0.027073
47,42,0.018065
47,43,0.049041
47,44,0.005984
47,45,0.028679
47,46,0.008261
47,47,0.000000
47,48,0.046664
47,49,0.070357
47,50,0.046116
47,51,0.095619
47,52,0.023091
47,53,0.001535
47,54,0.008992
47,55,0.008348
47,56,0.014613
47,57,0.026614
47,58,0.056176
47,59,0.097931
47,60,0.085920
47,61,0.041482
47,62,0.013843
47,63,0.012409
47,64,0.040841
47,65,0.093606
47,66,0.093781
47,67,0.098798
47,68,0.067615
47,69,0.019328
47,70,0.025986
47,71,0.076289
47,72,0.036975
47,73,0.032987
47,74,0.010017
47,75,0.019941
47,76,0.023101
47,77,0.043090
47,78,0.005340
47,79,0.034711
47,80,0.032596
47,81,0.005330
47,82,0.005529
47,83,0.019068
47,84,0.031265
47,85,0.078410
47,86,0.033594
47,87,0.073687
47,88,0.010207
47,89,0.005164
47,90,0.042100
47,91,0.028087
47,92,0.004588
47,93,0.015660
47,94,0.009471
47,95,0.021360
47,96,0.063796
47,97,0.020969
47,98,0.025320
47,99,0.019253
47,100,0.052763
47,101,0.058900
47,102,0.065982
47,103,0.006526
47,104,0.008137
47,105,0.013433
47,106,0.018955
47,107,0.026493
47,108,0.031599
47,109,0.025785
47,110,0.024341
47,111,0.002635
47,112,0.012801
47,113,0.005595
47,114,0.004700
47,115,0.003487
47,116,0.055540
47,117,0.043069
47,118,0.035668
47,119,0.057893
47,120,0.035851
47,121,0.028122
47,122,0.003563
47,123,0.029824
47,124,0.014956
47,125,0.002828
47,126,0.053323
47,127,0.010210
47,128,0.093577
47,129,0.093394
47,130,0.050333
48,1,0.016782
48,2,0.004312
48,3,0.001027
48,4,0.014274
48,5,0.000850
48,6,0.060014
48,7,0.047762
48,8,0.029547
48,9,0.042228
48,10,0.020802
48,11,0.018107
48,12,0.028690
48,13,0.027465
48,14,0.010839
48,15,0.049112
48,16,0.052813
48,17,0.004674
48,18,0.000798
48,19,0.016823
48,20,0.030881
48,21,0.004955
48,22,0.016134
48,23,0.030161
48,24,0.007121
48,25,0.005716
48,26,0.018442
48,27,0.007342
48,28,0.051013
48,29,0.045266
48,30,0.002585
48,31,0.024280
48,32,0.014430
48,33,0.017300
48,34,0.049468
48,35,0.088728
48,36,0.053428
48,37,0.064037
48,38,0.042618
48,39,0.046790
48,40,0.063348
48,41,0.028128
48,42,0.006353
48,43,0.118258
48,44,0.038015
48,45,0.071457
48,46,0.050745
48,47,0.046664
48,48,0.000000
48,49,0.070449
48,50,0.026592
48,51,0.064633
48,52,0.031384
48,53,0.021790
48,54,0.045990
48,55,0.040108
48,56,0.000445
48,57,0.013013
48,58,0.059461
48,59,0.057858
48,60,0.048248
48,61,0.026997
48,62,0.001379
48,63,0.019408
48,64,0.016373
48,65,0.070466
48,66,0.109050
48,67,0.111507
48,68,0.056494
48,69,0.023153
48,70,0.033482
48,71,0.050384
48,72,0.001051
48,73,0.049906
48,74,0.033822
48,75,0.007963
48,76,0.005218
48,77,0.068572
48,78,0.023930
48,79,0.017392
48,80,0.004872
48,81,0.006952
48,82,0.019152
48,83,0.002136
48,84,0.001933
48,85,0.017732
48,86,0.046669
48,87,0.057429
48,88,0.004889
48,89,0.008869
48,90,0.023014
48,91,0.019525
48,92,0.015018
48,93,0.010785
48,94,0.008655
48,95,0.023473
48,96,0.035332
48,97,0.058598
48,98,0.021497
48,99,0.039957
48,100,0.015792
48,101,0.064682
48,102,0.064797
48,103,0.018143
48,104,0.029378
48,105,0.008677
48,106,0.001678
48,107,0.009329
48,108,0.000790
48,109,0.011949
48,110,0.029679
48,111,0.016886
48,112,0.021829
48,113,0.012622
48,114,0.025779
48,115,0.009492
48,116,0.048728
48,117,0.032480
48,118,0.035569
48,119,0.046582
48,120,0.006673
48,121,0.015214
48,122,0.029570
48,123,0.032636
48,124,0.019830
48,125,0.018310
48,126,0.053444
48,127,0.016246
48,128,0.036619
48,129,0.084767
48,130,0.065234
49,1,0.031551
49,2,0.015724
49,3,0.017285
49,4,0.009538
49,5,0.018567
49,6,0.000257
49,7,0.031230
49,8,0.007711
49,9,0.033571
49,10,0.038612
49,11,0.027007
49,12,0.026971
49,13,0.003236
49,14,0.004387
49,15,0.045395
49,16,0.053872
49,17,0.040248
49,18,0.009845
49,19,0.005178
49,20,0.037229
49,21,0.025737
49,22,0.016693
49,23,0.007838
49,24,0.017683
49,25,0.004883
49,26,0.007915
49,27,0.016961
49,28,0.025962
49,29,0.026975
49,30,0.023961
49,31,0.014075
49,32,0.022506
49,33,0.022987
49,34,0.003788
49,35,0.021053
49,36,0.006687
49,37,0.006203
49,38,0.002712
49,39,0.024664
49,40,0.014457
49,41,0.011558
49,42,0.007695
49,43,0.092902
49,44,0.034674
49,45,0.071830
49,46,0.056887
49,47,0.070357
49,48,0.070449
49,49,0.000000
49,50,0.022404
49,51,0.111717
49,52,0.068600
49,53,0.003082
49,54,0.000515
49,55,0.039326
49,56,0.012944
49,57,0.018539
49,58,0.004524
49,59,0.056710
49,60,0.054211
49,61,0.015321
49,62,0.042803
49,63,0.039219
49,64,0.006380
49,65,0.028331
49,66,0.051852
49,67,0.067388
49,68,0.050182
49,69,0.028204
49,70,0.033055
49,71,0.091197
49,72,0.024721
49,73,0.077593
49,74,0.072089
49,75,0.022149
49,76,0.019868
49,77,0.055271
49,78,0.031647
49,79,0.005578
49,80,0.014242
49,81,0.019426
49,82,0.025662
49,83,0.047079
49,84,0.027557
49,85,0.088461
49,86,0.067616
49,87,0.085060
49,88,0.011774
49,89,0.014954
49,90,0.017028
49,91,0.009355
49,92,0.004512
49,93,0.037747
49,94,0.008107
49,95,0.022366
49,96,0.055806
49,97,0.039092
49,98,0.038482
49,99,0.009284
49,100,0.043713
49,101,0.062007
49,102,0.097563
49,103,0.057681
49,104,0.027461
49,105,0.023155
49,106,0.007804
49,107,0.043145
49,108,0.066848
49,109,0.014238
49,110,0.014937
49,111,0.011776
49,112,0.028477
49,113,0.031469
49,114,0.020593
49,115,0.021700
49,116,0.045199
49,117,0.063885
49,118,0.052370
49,119,0.061338
49,120,0.021751
49,121,0.021273
49,122,0.004933
49,123,0.015002
49,124,0.021784
49,125,0.060036
49,126,0.123330
49,127,0.083129
49,128,0.059529
49,129,0.120518
49,130,0.110834
50,1,0.000537
50,2,0.023022
50,3,0.009569
50,4,0.013685
50,5,0.001586
50,6,0.020632
50,7,0.031491
50,8,0.001088
50,9,0.018433
50,10,0.038700
50,11,0.035805
50,12,0.024429
50,13,0.027867
50,14,0.007394
50,15,0.027869
50,16,0.041547
50,17,0.035214
50,18,0.014523
50,19,0.026469
50,20,0.009457
50,21,0.008173
50,22,0.034092
50,23,0.040828
50,24,0.020210
50,25,0.024256
50,26,0.006658
50,27,0.040060
50,28,0.019563
50,29,0.000723
50,30,0.016518
50,31,0.005238
50,32,0.020056
50,33,0.007006
50,34,0.035064
50,35,0.054112
50,36,0.052655
50,37,0.063463
50,38,0.037085
50,39,0.039096
50,40,0.033653
50,41,0.054100
50,42,0.019352
50,43,0.000813
50,44,0.010253
50,45,0.004385
50,46,0.000576
50,47,0.046116
50,48,0.026592
50,49,0.022404
50,50,0.000000
50,51,0.075168
50,52,0.041573
50,53,0.023471
50,54,0.010612
50,55,0.038871
50,56,0.023628
50,57,0.034680
50,58,0.011389
50,59,0.068642
50,60,0.048996
50,61,0.048268
50,62,0.043421
50,63,0.027641
50,64,0.025937
50,65,0.017496
50,66,0.007380
50,67,0.093225
50,68,0.087318
50,69,0.027834
50,70,0.037458
50,71,0.057531
50,72,0.051373
50,73,0.046234
50,74,0.028390
50,75,0.002229
50,76,0.014039
50,77,0.027582
50,78,0.000472
50,79,0.003441
50,80,0.038391
50,81,0.012997
50,82,0.005397
50,83,0.022846
50,84,0.018239
50,85,0.034833
50,86,0.028640
50,87,0.008512
50,88,0.025161
50,89,0.000193
50,90,0.022147
50,91,0.022140
50,92,0.027755
50,93,0.020810
50,94,0.002599
50,95,0.000536
50,96,0.023828
50,97,0.044315
50,98,0.041862
50,99,0.003129
50,100,0.031111
50,101,0.058553
50,102,0.066633
50,103,0.048234
50,104,0.005048
50,105,0.014701
50,106,0.037816
50,107,0.032861
50,108,0.030457
50,109,0.001300
50,110,0.025275
50,111,0.041285
50,112,0.057212
50,113,0.049982
50,114,0.030947
50,115,0.021992
50,116,0.032130
50,117,0.049916
50,118,0.032833
50,119,0.045135
50,120,0.042585
50,121,0.018634
50,122,0.005267
50,123,0.013495
50,124,0.004392
50,125,0.041974
50,126,0.043385
50,127,0.039882
50,128,0.009078
50,129,0.077728
50,130,0.062872
51,1,0.038315
51,2,0.061293
51,3,0.050385
51,4,0.029454
51,5,0.000092
51,6,0.019697
51,7,0.002518
51,8,0.036645
51,9,0.052184
51,10,0.016909
51,11,0.003954
51,12,0.005931
51,13,0.095130
51,14,0.064490
51,15,0.054502
51,16,0.080845
51,17,0.064199
51,18,0.010088
51,19,0.004352
51,20,0.021858
51,21,0.024975
51,22,0.020149
51,23,0.047592
51,24,0.033520
51,25,0.018914
51,26,0.042972
51,27,0.002130
51,28,0.013400
51,29,0.000486
51,30,0.040063
51,31,0.006924
51,32,0.059023
51,33,0.009813
51,34,0.022206
51,35,0.036243
51,36,0.051815
51,37,0.049542
51,38,0.050014
51,39,0.012384
51,40,0.010350
51,41,0.025555
51,42,0.037796
51,43,0.060173
51,44,0.015351
51,45,0.040968
51,46,0.064205
51,47,0.095619
51,48,0.064633
51,49,0.111717
51,50,0.075168
51,51,0.000000
51,52,0.140747
51,53,0.125434
51,54,0.104510
51,55,0.053633
51,56,0.023546
51,57,0.071532
51,58,0.051490
51,59,0.030400
51,60,0.009670
51,61,0.021108
51,62,0.002301
51,63,0.016584
51,64,0.007476
51,65,0.043847
51,66,0.043121
51,67,0.026667
51,68,0.052717
51,69,0.013611
51,70,0.006577
51,71,0.142388
51,72,0.098524
51,73,0.069870
51,74,0.100480
51,75,0.033961
51,76,0.005327
51,77,0.107405
51,78,0.013181
51,79,0.031569
51,80,0.026637
51,81,0.000151
51,82,0.019604
51,83,0.058175
51,84,0.020746
51,85,0.078261
51,86,0.032278
51,87,0.134210
51,88,0.000829
51,89,0.013304
51,90,0.001053
51,91,0.007596
51,92,0.004899
51,93,0.041818
51,94,0.012498
51,95,0.012286
51,96,0.071708
51,97,0.034591
51,98,0.033319
51,99,0.012891
51,100,0.037467
51,101,0.073180
51,102,0.073522
51,103,0.044476
51,104,0.028659
51,105,0.031891
51,106,0.000787
51,107,0.019422
51,108,0.035206
51,109,0.010506
51,110,0.040617
51,111,0.024068
51,112,0.015817
51,113,0.008851
51,114,0.055802
51,115,0.047566
51,116,0.032358
51,117,0.065101
51,118,0.032802
51,119,0.032616
51,120,0.019416
51,121,0.020892
51,122,0.021778
51,123,0.008404
51,124,0.018237
51,125,0.068975
51,126,0.052291
51,127,0.058549
51,128,0.090306
51,129,0.105811
51,130,0.073392
52,1,0.043470
52,2,0.091955
52,3,0.053086
52,4,0.036165
52,5,0.012233
52,6,0.022823
52,7,0.017169
52,8,0.044078
52,9,0.067847
52,10,0.035177
52,11,0.017842
52,12,0.006274
52,13,0.067562
52,14,0.025173
52,15,0.077950
52,16,0.073728
52,17,0.004569
52,18,0.047213
52,19,0.070730
52,20,0.024000
52,21,0.008429
52,22,0.038575
52,23,0.067729
52,24,0.001314
52,25,0.004164
52,26,0.041553
52,27,0.017016
52,28,0.014599
52,29,0.026797
52,30,0.050309
52,31,0.033725
52,32,0.134205
52,33,0.080960
52,34,0.054443
52,35,0.056721
52,36,0.133577
52,37,0.110364
52,38,0.095772
52,39,0.068098
52,40,0.039248
52,41,0.046286
52,42,0.006387
52,43,0.103393
52,44,0.003535
52,45,0.000464
52,46,0.055952
52,47,0.023091
52,48,0.031384
52,49,0.068600
52,50,0.041573
52,51,0.140747
52,52,0.000000
52,53,0.068958
52,54,0.094943
52,55,0.064684
52,56,0.065739
52,57,0.139001
52,58,0.124963
52,59,0.051015
52,60,0.069042
52,61,0.028915
52,62,0.103476
52,63,0.034599
52,64,0.027237
52,65,0.065660
52,66,0.004803
52,67,0.052871
52,68,0.058190
52,69,0.024747
52,70,0.027967
52,71,0.138848
52,72,0.136170
52,73,0.070095
52,74,0.051451
52,75,0.015009
52,76,0.056099
52,77,0.086901
52,78,0.066786
52,79,0.091005
52,80,0.057562
52,81,0.038867
52,82,0.039722
52,83,0.081613
52,84,0.034885
52,85,0.095830
52,86,0.045155
52,87,0.114089
52,88,0.062988
52,89,0.027073
52,90,0.022807
52,91,0.011403
52,92,0.006575
52,93,0.042436
52,94,0.015680
52,95,0.007402
52,96,0.083487
52,97,0.061631
52,98,0.058311
52,99,0.004790
52,100,0.046078
52,101,0.079068
52,102,0.072095
52,103,0.060999
52,104,0.011371
52,105,0.028592
52,106,0.038989
52,107,0.039989
52,108,0.028603
52,109,0.047513
52,110,0.034269
52,111,0.024078
52,112,0.037511
52,113,0.033887
52,114,0.017182
52,115,0.026653
52,116,0.036832
52,117,0.070431
52,118,0.019163
52,119,0.007014
52,120,0.012104
52,121,0.005141
52,122,0.034135
52,123,0.009967
52,124,0.012123
52,125,0.015125
52,126,0.047801
52,127,0.049341
52,128,0.086896
52,129,0.057872
52,130,0.054898
53,1,0.027733
53,2,0.059657
53,3,0.007448
53,4,0.024378
53,5,0.035413
53,6,0.032075
53,7,0.060061
53,8,0.019553
53,9,0.029334
53,10,0.002931
53,11,0.013385
53,12,0.035591
53,13,0.052221
53,14,0.010556
53,15,0.038991
53,16,0.031807
53,17,0.008180
53,18,0.023528
53,19,0.070843
53,20,0.007187
53,21,0.041534
53,22,0.013118
53,23,0.058241
53,24,0.030509
53,25,0.010820
53,26,0.041312
53,27,0.019560
53,28,0.014482
53,29,0.012038
53,30,0.066488
53,31,0.062918
53,32,0.133811
53,33,0.116163
53,34,0.092391
53,35,0.074281
53,36,0.094052
53,37,0.086425
53,38,0.080114
53,39,0.063110
53,40,0.043969
53,41,0.064517
53,42,0.039116
53,43,0.155502
53,44,0.019381
53,45,0.034067
53,46,0.078109
53,47,0.001535
53,48,0.021790
53,49,0.003082
53,50,0.023471
53,51,0.125434
53,52,0.068958
53,53,0.000000
53,54,0.023381
53,55,0.016742
53,56,0.069209
53,57,0.093411
53,58,0.096790
53,59,0.073600
53,60,0.075152
53,61,0.067662
53,62,0.122389
53,63,0.050475
53,64,0.017076
53,65,0.020095
53,66,0.035013
53,67,0.061130
53,68,0.068249
53,69,0.021926
53,70,0.052451
53,71,0.087974
53,72,0.085465
53,73,0.077451
53,74,0.024086
53,75,0.029018
53,76,0.089048
53,77,0.089103
53,78,0.096089
53,79,0.072953
53,80,0.000075
53,81,0.034820
53,82,0.032741
53,83,0.062401
53,84,0.032503
53,85,0.063315
53,86,0.036040
53,87,0.080851
53,88,0.093833
53,89,0.014887
53,90,0.007779
53,91,0.021603
53,92,0.002017
53,93,0.004102
53,94,0.032271
53,95,0.019560
53,96,0.062298
53,97,0.037735
53,98,0.045974
53,99,0.003585
53,100,0.044485
53,101,0.077524
53,102,0.080576
53,103,0.062517
53,104,0.002590
53,105,0.034108
53,106,0.017457
53,107,0.034549
53,108,0.061935
53,109,0.048897
53,110,0.044018
53,111,0.014876
53,112,0.032355
53,113,0.034054
53,114,0.002998
53,115,0.014797
53,116,0.043615
53,117,0.080530
53,118,0.038374
53,119,0.005879
53,120,0.033686
53,121,0.019390
53,122,0.056380
53,123,0.000588
53,124,0.009979
53,125,0.003606
53,126,0.056044
53,127,0.034239
53,128,0.060952
53,129,0.045343
53,130,0.070082
54,1,0.005759
54,2,0.032263
54,3,0.025441
54,4,0.029158
54,5,0.044800
54,6,0.051591
54,7,0.060531
54,8,0.048354
54,9,0.006759
54,10,0.046307
54,11,0.057869
54,12,0.041990
54,13,0.012487
54,14,0.026484
54,15,0.031711
54,16,0.022150
54,17,0.006699
54,18,0.028822
54,19,0.080891
54,20,0.010302
54,21,0.033903
54,22,0.009359
54,23,0.028081
54,24,0.026842
54,25,0.004088
54,26,0.056772
54,27,0.021789
54,28,0.033962
54,29,0.012149
54,30,0.060088
54,31,0.079103
54,32,0.144797
54,33,0.097578
54,34,0.102004
54,35,0.071362
54,36,0.045401
54,37,0.078602
54,38,0.060128
54,39,0.046580
54,40,0.041438
54,41,0.033918
54,42,0.021032
54,43,0.171138
54,44,0.041863
54,45,0.039664
54,46,0.088193
54,47,0.008992
54,48,0.045990
54,49,0.000515
54,50,0.010612
54,51,0.104510
54,52,0.094943
54,53,0.023381
54,54,0.000000
54,55,0.005449
54,56,0.056066
54,57,0.026251
54,58,0.062300
54,59,0.073758
54,60,0.054723
54,61,0.039567
54,62,0.111605
54,63,0.010545
54,64,0.020008
54,65,0.009194
54,66,0.038347
54,67,0.063552
54,68,0.066679
54,69,0.064334
54,70,0.074623
54,71,0.066750
54,72,0.054174
54,73,0.057222
54,74,0.036197
54,75,0.015658
54,76,0.082030
54,77,0.081724
54,78,0.073459
54,79,0.061463
54,80,0.018987
54,81,0.036929
54,82,0.027832
54,83,0.073017
54,84,0.035520
54,85,0.043530
54,86,0.025196
54,87,0.035539
54,88,0.085559
54,89,0.025267
54,90,0.003201
54,91,0.000172
54,92,0.011340
54,93,0.028912
54,94,0.020105
54,95,0.006665
54,96,0.049787
54,97,0.040259
54,98,0.040516
54,99,0.002049
54,100,0.035788
54,101,0.071839
54,102,0.052475
54,103,0.020268
54,104,0.009613
54,105,0.002586
54,106,0.008029
54,107,0.050839
54,108,0.084322
54,109,0.083403
54,110,0.080374
54,111,0.024408
54,112,0.030814
54,113,0.043817
54,114,0.005838
54,115,0.016887
54,116,0.042163
54,117,0.073183
54,118,0.043982
54,119,0.000816
54,120,0.020207
54,121,0.003050
54,122,0.036701
54,123,0.008148
54,124,0.002680
54,125,0.022264
54,126,0.046897
54,127,0.040135
54,128,0.057735
54,129,0.040111
54,130,0.070337
55,1,0.007450
55,2,0.032854
55,3,0.005870
55,4,0.003829
55,5,0.078169
55,6,0.017910
55,7,0.034908
55,8,0.034142
55,9,0.029230
55,10,0.043076
55,11,0.042193
55,12,0.029271
55,13,0.044464
55,14,0.048901
55,15,0.027372
55,16,0.011316
55,17,0.025625
55,18,0.051787
55,19,0.062419
55,20,0.033939
55,21,0.000045
55,22,0.019901
55,23,0.009732
55,24,0.031497
55,25,0.050636
55,26,0.111649
55,27,0.023260
55,28,0.048003
55,29,0.014097
55,30,0.079563
55,31,0.078517
55,32,0.125517
55,33,0.027787
55,34,0.006290
55,35,0.032868
55,36,0.003288
55,37,0.091182
55,38,0.101163
55,39,0.032782
55,40,0.025885
55,41,0.025063
55,42,0.016876
55,43,0.127642
55,44,0.046830
55,45,0.008975
55,46,0.075755
55,47,0.008348
55,48,0.040108
55,49,0.039326
55,50,0.038871
55,51,0.053633
55,52,0.064684
55,53,0.016742
55,54,0.005449
55,55,0.000000
55,56,0.092643
55,57,0.042680
55,58,0.004757
55,59,0.043586
55,60,0.016904
55,61,0.059402
55,62,0.044977
55,63,0.015246
55,64,0.097183
55,65,0.107490
55,66,0.067926
55,67,0.025567
55,68,0.038640
55,69,0.057026
55,70,0.065650
55,71,0.040125
55,72,0.088343
55,73,0.058637
55,74,0.068184
55,75,0.053805
55,76,0.035885
55,77,0.022043
55,78,0.134539
55,79,0.103664
55,80,0.146795
55,81,0.090182
55,82,0.027849
55,83,0.076034
55,84,0.056388
55,85,0.003920
55,86,0.001636
55,87,0.010043
55,88,0.006229
55,89,0.048105
55,90,0.027902
55,91,0.063144
55,92,0.004187
55,93,0.016400
55,94,0.010421
55,95,0.038679
55,96,0.002117
55,97,0.009818
55,98,0.024060
55,99,0.037146
55,100,0.048062
55,101,0.048240
55,102,0.055893
55,103,0.045446
55,104,0.018470
55,105,0.069631
55,106,0.042951
55,107,0.022608
55,108,0.057803
55,109,0.109405
55,110,0.118385
55,111,0.075331
55,112,0.003614
55,113,0.000016
55,114,0.004063
55,115,0.024325
55,116,0.063785
55,117,0.054259
55,118,0.053028
55,119,0.006108
55,120,0.029436
55,121,0.018087
55,122,0.048293
55,123,0.000812
55,124,0.016308
55,125,0.011755
55,126,0.033492
55,127,0.031632
55,128,0.038348
55,129,0.055761
55,130,0.073069
56,1,0.043382
56,2,0.061432
56,3,0.080601
56,4,0.071055
56,5,0.045042
56,6,0.026885
56,7,0.037497
56,8,0.016382
56,9,0.013838
56,10,0.053805
56,11,0.053566
56,12,0.000842
56,13,0.022154
56,14,0.025735
56,15,0.018559
56,16,0.024968
56,17,0.029935
56,18,0.015180
56,19,0.037628
56,20,0.057400
56,21,0.020440
56,22,0.027753
56,23,0.030786
56,24,0.002965
56,25,0.007316
56,26,0.030090
56,27,0.031970
56,28,0.013841
56,29,0.016102
56,30,0.000315
56,31,0.007710
56,32,0.080532
56,33,0.013948
56,34,0.011588
56,35,0.000792
56,36,0.020345
56,37,0.134085
56,38,0.104101
56,39,0.064857
56,40,0.013306
56,41,0.035999
56,42,0.052097
56,43,0.052649
56,44,0.054414
56,45,0.014441
56,46,0.036166
56,47,0.014613
56,48,0.000445
56,49,0.012944
56,50,0.023628
56,51,0.023546
56,52,0.065739
56,53,0.069209
56,54,0.056066
56,55,0.092643
56,56,0.000000
56,57,0.043354
56,58,0.034201
56,59,0.024693
56,60,0.032834
56,61,0.049711
56,62,0.017167
56,63,0.009383
56,64,0.070058
56,65,0.123218
56,66,0.080283
56,67,0.041484
56,68,0.011686
56,69,0.001779
56,70,0.042774
56,71,0.010181
56,72,0.025563
56,73,0.017616
56,74,0.026430
56,75,0.049834
56,76,0.008037
56,77,0.027076
56,78,0.084153
56,79,0.052811
56,80,0.125414
56,81,0.050940
56,82,0.024367
56,83,0.069066
56,84,0.042570
56,85,0.037068
56,86,0.028551
56,87,0.036151
56,88,0.012366
56,89,0.048021
56,90,0.042272
56,91,0.086253
56,92,0.056501
56,93,0.031508
56,94,0.030982
56,95,0.003049
56,96,0.022084
56,97,0.017604
56,98,0.026815
56,99,0.013441
56,100,0.034285
56,101,0.045384
56,102,0.046517
56,103,0.025063
56,104,0.016873
56,105,0.011285
56,106,0.114599
56,107,0.057333
56,108,0.031040
56,109,0.064621
56,110,0.085005
56,111,0.141048
56,112,0.011444
56,113,0.015936
56,114,0.001237
56,115,0.001463
56,116,0.129925
56,117,0.049440
56,118,0.004130
56,119,0.049836
56,120,0.010817
56,121,0.013869
56,122,0.035032
56,123,0.031497
56,124,0.004138
56,125,0.000932
56,126,0.049316
56,127,0.007969
56,128,0.015660
56,129,0.004334
56,130,0.008081
57,1,0.116915
57,2,0.123648
57,3,0.137172
57,4,0.106766
57,5,0.010436
57,6,0.048721
57,7,0.063729
57,8,0.067017
57,9,0.087224
57,10,0.120691
57,11,0.106790
57,12,0.030596
57,13,0.086370
57,14,0.020685
57,15,0.012150
57,16,0.011454
57,17,0.041769
57,18,0.024065
57,19,0.024443
57,20,0.005088
57,21,0.015910
57,22,0.017553
57,23,0.006148
57,24,0.066120
57,25,0.036826
57,26,0.001868
57,27,0.059972
57,28,0.055333
57,29,0.053952
57,30,0.038027
57,31,0.066105
57,32,0.097305
57,33,0.036433
57,34,0.049370
57,35,0.051428
57,36,0.014830
57,37,0.175495
57,38,0.162997
57,39,0.057436
57,40,0.014834
57,41,0.023761
57,42,0.024976
57,43,0.020406
57,44,0.009836
57,45,0.023299
57,46,0.006099
57,47,0.026614
57,48,0.013013
57,49,0.018539
57,50,0.034680
57,51,0.071532
57,52,0.139001
57,53,0.093411
57,54,0.026251
57,55,0.042680
57,56,0.043354
57,57,0.000000
57,58,0.091011
57,59,0.008918
57,60,0.055518
57,61,0.005519
57,62,0.034699
57,63,0.009157
57,64,0.026398
57,65,0.026117
57,66,0.139323
57,67,0.037908
57,68,0.029219
57,69,0.038654
57,70,0.018821
57,71,0.020580
57,72,0.010393
57,73,0.006892
57,74,0.022390
57,75,0.039210
57,76,0.029892
57,77,0.026789
57,78,0.048805
57,79,0.025411
57,80,0.076804
57,81,0.078832
57,82,0.061673
57,83,0.076253
57,84,0.051214
57,85,0.014096
57,86,0.035272
57,87,0.056940
57,88,0.002419
57,89,0.026724
57,90,0.008120
57,91,0.054091
57,92,0.047341
57,93,0.021002
57,94,0.057794
57,95,0.045615
57,96,0.022845
57,97,0.042418
57,98,0.028600
57,99,0.018059
57,100,0.028546
57,101,0.091572
57,102,0.094945
57,103,0.037245
57,104,0.005154
57,105,0.015877
57,106,0.022207
57,107,0.002490
57,108,0.006881
57,109,0.043436
57,110,0.031551
57,111,0.097317
57,112,0.044727
57,113,0.014135
57,114,0.047414
57,115,0.057608
57,116,0.064603
57,117,0.059923
57,118,0.040410
57,119,0.047344
57,120,0.014393
57,121,0.023370
57,122,0.006807
57,123,0.035966
57,124,0.024465
57,125,0.001154
57,126,0.061094
57,127,0.015498
57,128,0.013119
57,129,0.013567
57,130,0.038312
58,1,0.118162
58,2,0.101723
58,3,0.107711
58,4,0.055647
58,5,0.052374
58,6,0.037745
58,7,0.065560
58,8,0.101776
58,9,0.105492
58,10,0.132483
58,11,0.118187
58,12,0.022216
58,13,0.104230
58,14,0.018566
58,15,0.015089
58,16,0.034146
58,17,0.085867
58,18,0.099710
58,19,0.094765
58,20,0.102596
58,21,0.124369
58,22,0.113636
58,23,0.023107
58,24,0.090467
58,25,0.012577
58,26,0.001036
58,27,0.064266
58,28,0.066324
58,29,0.098905
58,30,0.107840
58,31,0.077302
58,32,0.016688
58,33,0.081021
58,34,0.115787
58,35,0.090228
58,36,0.038877
58,37,0.183642
58,38,0.160301
58,39,0.009049
58,40,0.024820
58,41,0.052242
58,42,0.084029
58,43,0.123138
58,44,0.133497
58,45,0.093141
58,46,0.093378
58,47,0.056176
58,48,0.059461
58,49,0.004524
58,50,0.011389
58,51,0.051490
58,52,0.124963
58,53,0.096790
58,54,0.062300
58,55,0.004757
58,56,0.034201
58,57,0.091011
58,58,0.000000
58,59,0.094699
58,60,0.049148
58,61,0.041907
58,62,0.040046
58,63,0.002890
58,64,0.099157
58,65,0.194505
58,66,0.359675
58,67,0.122674
58,68,0.039041
58,69,0.024559
58,70,0.003193
58,71,0.009172
58,72,0.018623
58,73,0.006585
58,74,0.046878
58,75,0.016737
58,76,0.020298
58,77,0.033781
58,78,0.021254
58,79,0.020326
58,80,0.069271
58,81,0.079154
58,82,0.054239
58,83,0.056597
58,84,0.036107
58,85,0.021021
58,86,0.025806
58,87,0.094764
58,88,0.003285
58,89,0.039104
58,90,0.004618
58,91,0.018846
58,92,0.019883
58,93,0.014720
58,94,0.076728
58,95,0.023946
58,96,0.059866
58,97,0.014628
58,98,0.033540
58,99,0.031416
58,100,0.001993
58,101,0.086478
58,102,0.060258
58,103,0.000948
58,104,0.005351
58,105,0.002430
58,106,0.039543
58,107,0.008561
58,108,0.033185
58,109,0.012989
58,110,0.035219
58,111,0.044247
58,112,0.002045
58,113,0.042191
58,114,0.086040
58,115,0.103802
58,116,0.009329
58,117,0.092120
58,118,0.013828
58,119,0.009628
58,120,0.045215
58,121,0.004590
58,122,0.016605
58,123,0.019012
58,124,0.018977
58,125,0.014052
58,126,0.043681
58,127,0.045606
58,128,0.014203
58,129,0.004237
58,130,0.024834
59,1,0.102487
59,2,0.029163
59,3,0.064924
59,4,0.043834
59,5,0.008658
59,6,0.016168
59,7,0.050171
59,8,0.086311
59,9,0.088768
59,10,0.073553
59,11,0.073493
59,12,0.005961
59,13,0.045049
59,14,0.025653
59,15,0.038164
59,16,0.065001
59,17,0.073753
59,18,0.112138
59,19,0.117049
59,20,0.174692
59,21,0.180573
59,22,0.125362
59,23,0.056689
59,24,0.103480
59,25,0.024726
59,26,0.027547
59,27,0.048557
59,28,0.021663
59,29,0.061679
59,30,0.120036
59,31,0.069759
59,32,0.162266
59,33,0.080211
59,34,0.015001
59,35,0.011932
59,36,0.001949
59,37,0.086936
59,38,0.088164
59,39,0.076349
59,40,0.068761
59,41,0.022365
59,42,0.070124
59,43,0.162499
59,44,0.095608
59,45,0.114996
59,46,0.104847
59,47,0.097931
59,48,0.057858
59,49,0.056710
59,50,0.068642
59,51,0.030400
59,52,0.051015
59,53,0.073600
59,54,0.073758
59,55,0.043586
59,56,0.024693
59,57,0.008918
59,58,0.094699
59,59,0.000000
59,60,0.048298
59,61,0.105113
59,62,0.039696
59,63,0.018416
59,64,0.051885
59,65,0.084472
59,66,0.202222
59,67,0.133732
59,68,0.038405
59,69,0.028904
59,70,0.001197
59,71,0.026054
59,72,0.018593
59,73,0.006724
59,74,0.044318
59,75,0.019848
59,76,0.013730
59,77,0.062823
59,78,0.032176
59,79,0.041801
59,80,0.012857
59,81,0.001032
59,82,0.036958
59,83,0.007875
59,84,0.016535
59,85,0.051861
59,86,0.020406
59,87,0.044023
59,88,0.026106
59,89,0.061869
59,90,0.039594
59,91,0.019231
59,92,0.053835
59,93,0.023874
59,94,0.072310
59,95,0.060240
59,96,0.048313
59,97,0.017344
59,98,0.027094
59,99,0.019747
59,100,0.068885
59,101,0.093496
59,102,0.064912
59,103,0.047617
59,104,0.001990
59,105,0.025260
59,106,0.052129
59,107,0.041295
59,108,0.017099
59,109,0.034207
59,110,0.009640
59,111,0.003567
59,112,0.017585
59,113,0.001515
59,114,0.039714
59,115,0.093550
59,116,0.050151
59,117,0.014598
59,118,0.058217
59,119,0.056425
59,120,0.027127
59,121,0.021417
59,122,0.031399
59,123,0.030537
59,124,0.006045
59,125,0.002511
59,126,0.011264
59,127,0.030990
59,128,0.101897
59,129,0.134804
59,130,0.077522
60,1,0.034530
60,2,0.015893
60,3,0.021627
60,4,0.000700
60,5,0.015283
60,6,0.031042
60,7,0.001807
60,8,0.018522
60,9,0.037209
60,10,0.032690
60,11,0.049172
60,12,0.013111
60,13,0.036528
60,14,0.016390
60,15,0.001602
60,16,0.040026
60,17,0.042596
60,18,0.064315
60,19,0.087277
60,20,0.144707
60,21,0.161747
60,22,0.132881
60,23,0.068240
60,24,0.096445
60,25,0.018141
60,26,0.026503
60,27,0.045145
60,28,0.001926
60,29,0.003721
60,30,0.060704
60,31,0.058896
60,32,0.154644
60,33,0.110927
60,34,0.019797
60,35,0.051779
60,36,0.028602
60,37,0.008492
60,38,0.002523
60,39,0.032784
60,40,0.020993
60,41,0.010810
60,42,0.024665
60,43,0.108821
60,44,0.050513
60,45,0.047579
60,46,0.043836
60,47,0.085920
60,48,0.048248
60,49,0.054211
60,50,0.048996
60,51,0.009670
60,52,0.069042
60,53,0.075152
60,54,0.054723
60,55,0.016904
60,56,0.032834
60,57,0.055518
60,58,0.049148
60,59,0.048298
60,60,0.000000
60,61,0.104668
60,62,0.015926
60,63,0.056125
60,64,0.042696
60,65,0.037105
60,66,0.030503
60,67,0.067065
60,68,0.053503
60,69,0.069519
60,70,0.034732
60,71,0.015383
60,72,0.002992
60,73,0.043741
60,74,0.003049
60,75,0.011812
60,76,0.036271
60,77,0.028682
60,78,0.006502
60,79,0.011626
60,80,0.022804
60,81,0.020069
60,82,0.010442
60,83,0.013148
60,84,0.014875
60,85,0.071003
60,86,0.004683
60,87,0.049816
60,88,0.037427
60,89,0.058238
60,90,0.038518
60,91,0.017428
60,92,0.010309
60,93,0.021625
60,94,0.057170
60,95,0.048028
60,96,0.028092
60,97,0.006573
60,98,0.018526
60,99,0.031990
60,100,0.072962
60,101,0.052633
60,102,0.051281
60,103,0.024471
60,104,0.036048
60,105,0.040004
60,106,0.064889
60,107,0.087464
60,108,0.058141
60,109,0.078254
60,110,0.043923
60,111,0.042306
60,112,0.015939
60,113,0.005973
60,114,0.026005
60,115,0.065872
60,116,0.027081
60,117,0.023445
60,118,0.018625
60,119,0.011723
60,120,0.002195
60,121,0.004336
60,122,0.034434
60,123,0.042981
60,124,0.019204
60,125,0.005841
60,126,0.008716
60,127,0.035118
60,128,0.068439
60,129,0.084032
60,130,0.007416
61,1,0.033446
61,2,0.048114
61,3,0.095821
61,4,0.039363
61,5,0.120119
61,6,0.102020
61,7,0.084451
61,8,0.094566
61,9,0.035818
61,10,0.059733
61,11,0.092797
61,12,0.057257
61,13,0.117251
61,14,0.077108
61,15,0.031783
61,16,0.022289
61,17,0.007637
61,18,0.026099
61,19,0.069588
61,20,0.016607
61,21,0.006424
61,22,0.059191
61,23,0.043522
61,24,0.026067
61,25,0.031878
61,26,0.049002
61,27,0.039958
61,28,0.066480
61,29,0.056380
61,30,0.042294
61,31,0.004225
61,32,0.018718
61,33,0.002925
61,34,0.037235
61,35,0.009287
61,36,0.004360
61,37,0.078753
61,38,0.040920
61,39,0.066505
61,40,0.077345
61,41,0.049932
61,42,0.031968
61,43,0.111439
61,44,0.101253
61,45,0.048937
61,46,0.062936
61,47,0.041482
61,48,0.026997
61,49,0.015321
61,50,0.048268
61,51,0.021108
61,52,0.028915
61,53,0.067662
61,54,0.039567
61,55,0.059402
61,56,0.049711
61,57,0.005519
61,58,0.041907
61,59,0.105113
61,60,0.104668
61,61,0.000000
61,62,0.045732
61,63,0.138569
61,64,0.073983
61,65,0.015832
61,66,0.026529
61,67,0.061900
61,68,0.080899
61,69,0.064290
61,70,0.071105
61,71,0.002496
61,72,0.012607
61,73,0.035262
61,74,0.041981
61,75,0.006419
61,76,0.009960
61,77,0.046140
61,78,0.005855
61,79,0.011922
61,80,0.039369
61,81,0.032823
61,82,0.012934
61,83,0.022463
61,84,0.044463
61,85,0.026261
61,86,0.092478
61,87,0.081555
61,88,0.047625
61,89,0.061860
61,90,0.057747
61,91,0.018018
61,92,0.007775
61,93,0.005480
61,94,0.061725
61,95,0.043946
61,96,0.003578
61,97,0.016765
61,98,0.061283
61,99,0.037409
61,100,0.012178
61,101,0.038538
61,102,0.034741
61,103,0.009619
61,104,0.025619
61,105,0.032295
61,106,0.005060
61,107,0.026469
61,108,0.054445
61,109,0.033749
61,110,0.042172
61,111,0.056205
61,112,0.018705
61,113,0.021049
61,114,0.013875
61,115,0.013594
61,116,0.014007
61,117,0.015265
61,118,0.118916
61,119,0.089504
61,120,0.069742
61,121,0.002202
61,122,0.009502
61,123,0.029419
61,124,0.004162
61,125,0.003151
61,126,0.087376
61,127,0.110789
61,128,0.061140
61,129,0.034950
61,130,0.056740
62,1,0.007997
62,2,0.003809
62,3,0.099910
62,4,0.029106
62,5,0.193127
62,6,0.114489
62,7,0.070488
62,8,0.125428
62,9,0.032042
62,10,0.095832
62,11,0.137828
62,12,0.083652
62,13,0.129310
62,14,0.087618
62,15,0.013697
62,16,0.034367
62,17,0.035841
62,18,0.009064
62,19,0.060787
62,20,0.000732
62,21,0.033603
62,22,0.046724
62,23,0.020926
62,24,0.000080
62,25,0.029041
62,26,0.017677
62,27,0.001053
62,28,0.076329
62,29,0.075799
62,30,0.063269
62,31,0.055136
62,32,0.116951
62,33,0.030255
62,34,0.054609
62,35,0.041126
62,36,0.030092
62,37,0.039068
62,38,0.022100
62,39,0.075326
62,40,0.086933
62,41,0.043272
62,42,0.038059
62,43,0.108049
62,44,0.103552
62,45,0.024825
62,46,0.031091
62,47,0.013843
62,48,0.001379
62,49,0.042803
62,50,0.043421
62,51,0.002301
62,52,0.103476
62,53,0.122389
62,54,0.111605
62,55,0.044977
62,56,0.017167
62,57,0.034699
62,58,0.040046
62,59,0.039696
62,60,0.015926
62,61,0.045732
62,62,0.000000
62,63,0.107528
62,64,0.070785
62,65,0.010354
62,66,0.061248
62,67,0.029204
62,68,0.037678
62,69,0.036623
62,70,0.030477
62,71,0.027218
62,72,0.038688
62,73,0.002003
62,74,0.018138
62,75,0.064354
62,76,0.062084
62,77,0.100910
62,78,0.065942
62,79,0.063253
62,80,0.026600
62,81,0.021695
62,82,0.023142
62,83,0.000570
62,84,0.024714
62,85,0.129225
62,86,0.051649
62,87,0.078655
62,88,0.055632
62,89,0.027265
62,90,0.035997
62,91,0.000336
62,92,0.010004
62,93,0.026950
62,94,0.037177
62,95,0.034741
62,96,0.026065
62,97,0.001166
62,98,0.050548
62,99,0.050937
62,100,0.042632
62,101,0.069141
62,102,0.045558
62,103,0.035878
62,104,0.001913
62,105,0.035798
62,106,0.096862
62,107,0.013663
62,108,0.039504
62,109,0.057255
62,110,0.054825
62,111,0.040882
62,112,0.007006
62,113,0.009573
62,114,0.017643
62,115,0.022702
62,116,0.055279
62,117,0.012290
62,118,0.048044
62,119,0.018700
62,120,0.024813
62,121,0.035625
62,122,0.028616
62,123,0.026576
62,124,0.003559
62,125,0.042107
62,126,0.047164
62,127,0.059595
62,128,0.036344
62,129,0.032671
62,130,0.057953
63,1,0.025632
63,2,0.016001
63,3,0.092556
63,4,0.071119
63,5,0.004056
63,6,0.016891
63,7,0.072966
63,8,0.041390
63,9,0.013922
63,10,0.077418
63,11,0.094865
63,12,0.011944
63,13,0.111919
63,14,0.061041
63,15,0.027696
63,16,0.013157
63,17,0.049857
63,18,0.069367
63,19,0.064913
63,20,0.073786
63,21,0.061592
63,22,0.070691
63,23,0.038562
63,24,0.058374
63,25,0.064211
63,26,0.113077
63,27,0.094751
63,28,0.056926
63,29,0.085411
63,30,0.027398
63,31,0.064147
63,32,0.055716
63,33,0.148567
63,34,0.094537
63,35,0.084384
63,36,0.094581
63,37,0.113220
63,38,0.092773
63,39,0.097349
63,40,0.064830
63,41,0.036988
63,42,0.041420
63,43,0.125795
63,44,0.037590
63,45,0.038743
63,46,0.030630
63,47,0.012409
63,48,0.019408
63,49,0.039219
63,50,0.027641
63,51,0.016584
63,52,0.034599
63,53,0.050475
63,54,0.010545
63,55,0.015246
63,56,0.009383
63,57,0.009157
63,58,0.002890
63,59,0.018416
63,60,0.056125
63,61,0.138569
63,62,0.107528
63,63,0.000000
63,64,0.011678
63,65,0.024809
63,66,0.000110
63,67,0.057386
63,68,0.033389
63,69,0.001900
63,70,0.013269
63,71,0.034327
63,72,0.003177
63,73,0.019179
63,74,0.008871
63,75,0.009819
63,76,0.037264
63,77,0.026004
63,78,0.018149
63,79,0.025086
63,80,0.019860
63,81,0.000654
63,82,0.055354
63,83,0.022016
63,84,0.000320
63,85,0.057436
63,86,0.070855
63,87,0.082238
63,88,0.001440
63,89,0.025708
63,90,0.049566
63,91,0.000031
63,92,0.017249
63,93,0.008740
63,94,0.068674
63,95,0.053250
63,96,0.051710
63,97,0.004101
63,98,0.036175
63,99,0.015417
63,100,0.023456
63,101,0.031565
63,102,0.025326
63,103,0.001920
63,104,0.022640
63,105,0.029870
63,106,0.001486
63,107,0.022974
63,108,0.056351
63,109,0.012833
63,110,0.007878
63,111,0.038745
63,112,0.041601
63,113,0.038774
63,114,0.023291
63,115,0.001536
63,116,0.008061
63,117,0.007049
63,118,0.072790
63,119,0.042464
63,120,0.033012
63,121,0.013728
63,122,0.018517
63,123,0.024919
63,124,0.020714
63,125,0.016228
63,126,0.057415
63,127,0.032132
63,128,0.075323
63,129,0.065398
63,130,0.022824
64,1,0.022056
64,2,0.031747
64,3,0.068857
64,4,0.041023
64,5,0.040406
64,6,0.041625
64,7,0.043060
64,8,0.047997
64,9,0.016237
64,10,0.103890
64,11,0.096647
64,12,0.008275
64,13,0.094318
64,14,0.034755
64,15,0.004153
64,16,0.034115
64,17,0.043211
64,18,0.111333
64,19,0.081873
64,20,0.138642
64,21,0.192366
64,22,0.139586
64,23,0.018634
64,24,0.069687
64,25,0.055076
64,26,0.112803
64,27,0.061056
64,28,0.064296
64,29,0.090069
64,30,0.080864
64,31,0.055483
64,32,0.133669
64,33,0.076692
64,34,0.016392
64,35,0.005157
64,36,0.033442
64,37,0.087557
64,38,0.020248
64,39,0.036768
64,40,0.038789
64,41,0.022114
64,42,0.068058
64,43,0.140466
64,44,0.105803
64,45,0.069950
64,46,0.032239
64,47,0.040841
64,48,0.016373
64,49,0.006380
64,50,0.025937
64,51,0.007476
64,52,0.027237
64,53,0.017076
64,54,0.020008
64,55,0.097183
64,56,0.070058
64,57,0.026398
64,58,0.099157
64,59,0.051885
64,60,0.042696
64,61,0.073983
64,62,0.070785
64,63,0.011678
64,64,0.000000
64,65,0.043244
64,66,0.112493
64,67,0.125608
64,68,0.012515
64,69,0.029908
64,70,0.024414
64,71,0.005831
64,72,0.004724
64,73,0.004061
64,74,0.011629
64,75,0.082767
64,76,0.032462
64,77,0.043555
64,78,0.039381
64,79,0.024818
64,80,0.019089
64,81,0.011030
64,82,0.039572
64,83,0.008894
64,84,0.010277
64,85,0.021805
64,86,0.061956
64,87,0.017162
64,88,0.033027
64,89,0.000944
64,90,0.001980
64,91,0.031716
64,92,0.036291
64,93,0.012079
64,94,0.031856
64,95,0.018677
64,96,0.017248
64,97,0.008876
64,98,0.031065
64,99,0.010073
64,100,0.015754
64,101,0.001513
64,102,0.016266
64,103,0.028949
64,104,0.009713
64,105,0.033941
64,106,0.066542
64,107,0.017067
64,108,0.021247
64,109,0.013559
64,110,0.038646
64,111,0.036363
64,112,0.009128
64,113,0.021640
64,114,0.019906
64,115,0.026456
64,116,0.001100
64,117,0.031822
64,118,0.037459
64,119,0.019301
64,120,0.010739
64,121,0.008402
64,122,0.006963
64,123,0.033151
64,124,0.018236
64,125,0.045446
64,126,0.006025
64,127,0.039123
64,128,0.032702
64,129,0.009424
64,130,0.009922
65,1,0.070204
65,2,0.017698
65,3,0.117621
65,4,0.078951
65,5,0.028046
65,6,0.025658
65,7,0.050775
65,8,0.102150
65,9,0.100136
65,10,0.128384
65,11,0.105072
65,12,0.027173
65,13,0.119356
65,14,0.008514
65,15,0.039522
65,16,0.020927
65,17,0.108332
65,18,0.165735
65,19,0.110820
65,20,0.230141
65,21,0.310442
65,22,0.230009
65,23,0.010305
65,24,0.093837
65,25,0.048340
65,26,0.083341
65,27,0.063718
65,28,0.066848
65,29,0.084224
65,30,0.089299
65,31,0.071785
65,32,0.073189
65,33,0.060394
65,34,0.032691
65,35,0.039864
65,36,0.039139
65,37,0.137020
65,38,0.091489
65,39,0.051835
65,40,0.056986
65,41,0.048164
65,42,0.103587
65,43,0.168780
65,44,0.190044
65,45,0.156598
65,46,0.130439
65,47,0.093606
65,48,0.070466
65,49,0.028331
65,50,0.017496
65,51,0.043847
65,52,0.065660
65,53,0.020095
65,54,0.009194
65,55,0.107490
65,56,0.123218
65,57,0.026117
65,58,0.194505
65,59,0.084472
65,60,0.037105
65,61,0.015832
65,62,0.010354
65,63,0.024809
65,64,0.043244
65,65,0.000000
65,66,0.262710
65,67,0.198650
65,68,0.069113
65,69,0.020288
65,70,0.018407
65,71,0.020800
65,72,0.021868
65,73,0.019962
65,74,0.016468
65,75,0.079287
65,76,0.033430
65,77,0.005159
65,78,0.038734
65,79,0.036725
65,80,0.025502
65,81,0.030151
65,82,0.055572
65,83,0.028397
65,84,0.019868
65,85,0.036634
65,86,0.059215
65,87,0.015336
65,88,0.024094
65,89,0.031615
65,90,0.020117
65,91,0.025830
65,92,0.019306
65,93,0.020963
65,94,0.021648
65,95,0.040918
65,96,0.051946
65,97,0.016624
65,98,0.041813
65,99,0.036190
65,100,0.000002
65,101,0.022507
65,102,0.017191
65,103,0.029094
65,104,0.026270
65,105,0.045343
65,106,0.093577
65,107,0.063074
65,108,0.043001
65,109,0.064518
65,110,0.024950
65,111,0.002212
65,112,0.031691
65,113,0.006780
65,114,0.020860
65,115,0.062215
65,116,0.033617
65,117,0.035228
65,118,0.063215
65,119,0.039315
65,120,0.005184
65,121,0.014093
65,122,0.004222
65,123,0.057508
65,124,0.066642
65,125,0.062366
65,126,0.011689
65,127,0.038750
65,128,0.058270
65,129,0.048465
65,130,0.038340
66,1,0.076358
66,2,0.010072
66,3,0.091691
66,4,0.058055
66,5,0.043500
66,6,0.010033
66,7,0.061159
66,8,0.137444
66,9,0.121137
66,10,0.105927
66,11,0.079631
66,12,0.019511
66,13,0.103190
66,14,0.038715
66,15,0.014249
66,16,0.032094
66,17,0.053763
66,18,0.140697
66,19,0.143585
66,20,0.229957
66,21,0.227561
66,22,0.142412
66,23,0.061542
66,24,0.072689
66,25,0.016250
66,26,0.038305
66,27,0.116429
66,28,0.007595
66,29,0.049656
66,30,0.055508
66,31,0.074442
66,32,0.025001
66,33,0.087136
66,34,0.032340
66,35,0.009565
66,36,0.112087
66,37,0.206085
66,38,0.126836
66,39,0.098426
66,40,0.076416
66,41,0.014831
66,42,0.064904
66,43,0.210422
66,44,0.151243
66,45,0.153798
66,46,0.190449
66,47,0.093781
66,48,0.109050
66,49,0.051852
66,50,0.007380
66,51,0.043121
66,52,0.004803
66,53,0.035013
66,54,0.038347
66,55,0.067926
66,56,0.080283
66,57,0.139323
66,58,0.359675
66,59,0.202222
66,60,0.030503
66,61,0.026529
66,62,0.061248
66,63,0.000110
66,64,0.112493
66,65,0.262710
66,66,0.000000
66,67,0.146041
66,68,0.147186
66,69,0.015623
66,70,0.002024
66,71,0.043649
66,72,0.007818
66,73,0.062094
66,74,0.060814
66,75,0.018805
66,76,0.069556
66,77,0.023685
66,78,0.016294
66,79,0.023339
66,80,0.061940
66,81,0.055048
66,82,0.048323
66,83,0.064883
66,84,0.050013
66,85,0.092736
66,86,0.017420
66,87,0.050603
66,88,0.015196
66,89,0.006853
66,90,0.018469
66,91,0.037266
66,92,0.034301
66,93,0.036167
66,94,0.045831
66,95,0.061292
66,96,0.070107
66,97,0.004285
66,98,0.019868
66,99,0.053383
66,100,0.030335
66,101,0.085606
66,102,0.031220
66,103,0.018322
66,104,0.056241
66,105,0.079010
66,106,0.151820
66,107,0.161808
66,108,0.145516
66,109,0.147157
66,110,0.109722
66,111,0.110751
66,112,0.036530
66,113,0.007324
66,114,0.037204
66,115,0.102464
66,116,0.003281
66,117,0.001006
66,118,0.073613
66,119,0.030324
66,120,0.016854
66,121,0.013615
66,122,0.004967
66,123,0.084328
66,124,0.085844
66,125,0.045053
66,126,0.044667
66,127,0.114757
66,128,0.099019
66,129,0.041490
66,130,0.037868
67,1,0.011324
67,2,0.004700
67,3,0.034743
67,4,0.038189
67,5,0.078172
67,6,0.063396
67,7,0.039392
67,8,0.007806
67,9,0.036625
67,10,0.000720
67,11,0.027301
67,12,0.027612
67,13,0.065788
67,14,0.013192
67,15,0.027630
67,16,0.028774
67,17,0.075699
67,18,0.011541
67,19,0.031603
67,20,0.046341
67,21,0.036477
67,22,0.027977
67,23,0.005110
67,24,0.019830
67,25,0.000993
67,26,0.014341
67,27,0.039999
67,28,0.008537
67,29,0.012188
67,30,0.071972
67,31,0.092375
67,32,0.053801
67,33,0.062937
67,34,0.091616
67,35,0.113392
67,36,0.090408
67,37,0.127367
67,38,0.088107
67,39,0.047360
67,40,0.069071
67,41,0.024099
67,42,0.040862
67,43,0.083001
67,44,0.082775
67,45,0.074908
67,46,0.120054
67,47,0.098798
67,48,0.111507
67,49,0.067388
67,50,0.093225
67,51,0.026667
67,52,0.052871
67,53,0.061130
67,54,0.063552
67,55,0.025567
67,56,0.041484
67,57,0.037908
67,58,0.122674
67,59,0.133732
67,60,0.067065
67,61,0.061900
67,62,0.029204
67,63,0.057386
67,64,0.125608
67,65,0.198650
67,66,0.146041
67,67,0.000000
67,68,0.154043
67,69,0.087489
67,70,0.138077
67,71,0.005396
67,72,0.009000
67,73,0.008113
67,74,0.006598
67,75,0.013951
67,76,0.051317
67,77,0.024791
67,78,0.022545
67,79,0.039141
67,80,0.054613
67,81,0.022276
67,82,0.029036
67,83,0.022133
67,84,0.032180
67,85,0.040393
67,86,0.001110
67,87,0.056493
67,88,0.001834
67,89,0.001080
67,90,0.008368
67,91,0.016435
67,92,0.001625
67,93,0.017660
67,94,0.006451
67,95,0.014082
67,96,0.058346
67,97,0.040057
67,98,0.017215
67,99,0.019956
67,100,0.036904
67,101,0.024866
67,102,0.038237
67,103,0.005982
67,104,0.029167
67,105,0.026332
67,106,0.037560
67,107,0.063573
67,108,0.064633
67,109,0.015629
67,110,0.008978
67,111,0.009230
67,112,0.008083
67,113,0.012483
67,114,0.049952
67,115,0.000237
67,116,0.017381
67,117,0.071226
67,118,0.009295
67,119,0.021276
67,120,0.017614
67,121,0.037421
67,122,0.058190
67,123,0.009690
67,124,0.008271
67,125,0.046241
67,126,0.058767
67,127,0.041591
67,128,0.018672
67,129,0.012282
67,130,0.003534
68,1,0.013285
68,2,0.007792
68,3,0.006022
68,4,0.003220
68,5,0.037386
68,6,0.020174
68,7,0.005832
68,8,0.007303
68,9,0.022867
68,10,0.054658
68,11,0.047153
68,12,0.002746
68,13,0.101455
68,14,0.019709
68,15,0.070411
68,16,0.035170
68,17,0.034681
68,18,0.016463
68,19,0.026931
68,20,0.050444
68,21,0.045195
68,22,0.056629
68,23,0.026191
68,24,0.066731
68,25,0.089126
68,26,0.089794
68,27,0.040278
68,28,0.076491
68,29,0.064654
68,30,0.078069
68,31,0.076287
68,32,0.059316
68,33,0.066240
68,34,0.106065
68,35,0.116104
68,36,0.105134
68,37,0.040393
68,38,0.034125
68,39,0.111614
68,40,0.108969
68,41,0.020651
68,42,0.002323
68,43,0.000219
68,44,0.057996
68,45,0.021060
68,46,0.002806
68,47,0.067615
68,48,0.056494
68,49,0.050182
68,50,0.087318
68,51,0.052717
68,52,0.058190
68,53,0.068249
68,54,0.066679
68,55,0.038640
68,56,0.011686
68,57,0.029219
68,58,0.039041
68,59,0.038405
68,60,0.053503
68,61,0.080899
68,62,0.037678
68,63,0.033389
68,64,0.012515
68,65,0.069113
68,66,0.147186
68,67,0.154043
68,68,0.000000
68,69,0.060683
68,70,0.149108
68,71,0.003383
68,72,0.025480
68,73,0.021756
68,74,0.009825
68,75,0.050230
68,76,0.014671
68,77,0.139332
68,78,0.035760
68,79,0.000312
68,80,0.012990
68,81,0.014278
68,82,0.034349
68,83,0.039142
68,84,0.018094
68,85,0.007727
68,86,0.017073
68,87,0.023118
68,88,0.039336
68,89,0.002695
68,90,0.006107
68,91,0.007623
68,92,0.000493
68,93,0.046411
68,94,0.011650
68,95,0.005197
68,96,0.016036
68,97,0.006837
68,98,0.002769
68,99,0.007991
68,100,0.020598
68,101,0.003567
68,102,0.026429
68,103,0.015874
68,104,0.007138
68,105,0.037303
68,106,0.010297
68,107,0.041556
68,108,0.059691
68,109,0.053954
68,110,0.071349
68,111,0.046111
68,112,0.000200
68,113,0.006217
68,114,0.029611
68,115,0.019725
68,116,0.045397
68,117,0.087385
68,118,0.002363
68,119,0.030790
68,120,0.000798
68,121,0.021517
68,122,0.038876
68,123,0.013103
68,124,0.021763
68,125,0.032343
68,126,0.002664
68,127,0.053203
68,128,0.005195
68,129,0.019788
68,130,0.027671
69,1,0.027000
69,2,0.031505
69,3,0.058275
69,4,0.052318
69,5,0.007623
69,6,0.023888
69,7,0.028318
69,8,0.041394
69,9,0.065689
69,10,0.071972
69,11,0.059443
69,12,0.014910
69,13,0.090994
69,14,0.054252
69,15,0.028965
69,16,0.000057
69,17,0.004244
69,18,0.010332
69,19,0.013978
69,20,0.023237
69,21,0.033284
69,22,0.053027
69,23,0.041387
69,24,0.048827
69,25,0.060024
69,26,0.076586
69,27,0.006702
69,28,0.055874
69,29,0.044238
69,30,0.018322
69,31,0.080857
69,32,0.020728
69,33,0.025170
69,34,0.005318
69,35,0.027964
69,36,0.015081
69,37,0.006675
69,38,0.000195
69,39,0.116969
69,40,0.086551
69,41,0.032678
69,42,0.014637
69,43,0.043782
69,44,0.039413
69,45,0.021381
69,46,0.019232
69,47,0.019328
69,48,0.023153
69,49,0.028204
69,50,0.027834
69,51,0.013611
69,52,0.024747
69,53,0.021926
69,54,0.064334
69,55,0.057026
69,56,0.001779
69,57,0.038654
69,58,0.024559
69,59,0.028904
69,60,0.069519
69,61,0.064290
69,62,0.036623
69,63,0.001900
69,64,0.029908
69,65,0.020288
69,66,0.015623
69,67,0.087489
69,68,0.060683
69,69,0.000000
69,70,0.143125
69,71,0.011835
69,72,0.007580
69,73,0.002509
69,74,0.004941
69,75,0.055350
69,76,0.027226
69,77,0.138413
69,78,0.032056
69,79,0.054262
69,80,0.038286
69,81,0.003482
69,82,0.012422
69,83,0.009043
69,84,0.004433
69,85,0.029922
69,86,0.085731
69,87,0.085148
69,88,0.040056
69,89,0.004407
69,90,0.018742
69,91,0.024145
69,92,0.045216
69,93,0.006203
69,94,0.026990
69,95,0.010215
69,96,0.011424
69,97,0.051935
69,98,0.065245
69,99,0.023540
69,100,0.034340
69,101,0.031057
69,102,0.045313
69,103,0.017691
69,104,0.018746
69,105,0.016428
69,106,0.025890
69,107,0.030422
69,108,0.040096
69,109,0.075516
69,110,0.105309
69,111,0.063814
69,112,0.010316
69,113,0.011616
69,114,0.019728
69,115,0.005665
69,116,0.081554
69,117,0.082973
69,118,0.016518
69,119,0.013784
69,120,0.004337
69,121,0.005355
69,122,0.002925
69,123,0.030162
69,124,0.045578
69,125,0.019925
69,126,0.010672
69,127,0.011783
69,128,0.004127
69,129,0.013439
69,130,0.029125
70,1,0.041119
70,2,0.003641
70,3,0.030745
70,4,0.033709
70,5,0.010983
70,6,0.009442
70,7,0.030054
70,8,0.037885
70,9,0.039483
70,10,0.074381
70,11,0.052418
70,12,0.037937
70,13,0.110929
70,14,0.053517
70,15,0.008712
70,16,0.029045
70,17,0.015241
70,18,0.002408
70,19,0.002079
70,20,0.018053
70,21,0.001683
70,22,0.034609
70,23,0.019917
70,24,0.032567
70,25,0.040891
70,26,0.029431
70,27,0.016953
70,28,0.027324
70,29,0.006444
70,30,0.056204
70,31,0.090678
70,32,0.072558
70,33,0.028515
70,34,0.020413
70,35,0.041028
70,36,0.004372
70,37,0.036207
70,38,0.000909
70,39,0.082754
70,40,0.065963
70,41,0.000403
70,42,0.013525
70,43,0.077487
70,44,0.004995
70,45,0.016726
70,46,0.048412
70,47,0.025986
70,48,0.033482
70,49,0.033055
70,50,0.037458
70,51,0.006577
70,52,0.027967
70,53,0.052451
70,54,0.074623
70,55,0.065650
70,56,0.042774
70,57,0.018821
70,58,0.003193
70,59,0.001197
70,60,0.034732
70,61,0.071105
70,62,0.030477
70,63,0.013269
70,64,0.024414
70,65,0.018407
70,66,0.002024
70,67,0.138077
70,68,0.149108
70,69,0.143125
70,70,0.000000
70,71,0.005093
70,72,0.006902
70,73,0.000610
70,74,0.007688
70,75,0.053505
70,76,0.008354
70,77,0.135560
70,78,0.012650
70,79,0.076825
70,80,0.057410
70,81,0.003329
70,82,0.017115
70,83,0.043295
70,84,0.020108
70,85,0.004251
70,86,0.040667
70,87,0.023756
70,88,0.043184
70,89,0.017396
70,90,0.015089
70,91,0.033408
70,92,0.015651
70,93,0.018852
70,94,0.021015
70,95,0.002856
70,96,0.013903
70,97,0.041584
70,98,0.042289
70,99,0.007868
70,100,0.002523
70,101,0.000066
70,102,0.006699
70,103,0.009854
70,104,0.021056
70,105,0.029459
70,106,0.055878
70,107,0.068545
70,108,0.074364
70,109,0.067487
70,110,0.075856
70,111,0.067734
70,112,0.031400
70,113,0.037727
70,114,0.002038
70,115,0.008939
70,116,0.100213
70,117,0.087100
70,118,0.031115
70,119,0.027786
70,120,0.017164
70,121,0.013648
70,122,0.009526
70,123,0.021822
70,124,0.037015
70,125,0.026375
70,126,0.014319
70,127,0.009967
70,128,0.027559
70,129,0.011501
70,130,0.046733
71,1,0.000397
71,2,0.041417
71,3,0.028220
71,4,0.038097
71,5,0.014078
71,6,0.004403
71,7,0.000821
71,8,0.007351
71,9,0.025900
71,10,0.012980
71,11,0.001397
71,12,0.009310
71,13,0.075114
71,14,0.047114
71,15,0.092022
71,16,0.118500
71,17,0.010876
71,18,0.017980
71,19,0.023069
71,20,0.022676
71,21,0.006527
71,22,0.020471
71,23,0.020444
71,24,0.022615
71,25,0.029917
71,26,0.016382
71,27,0.051995
71,28,0.030943
71,29,0.028950
71,30,0.001972
71,31,0.018101
71,32,0.051094
71,33,0.019749
71,34,0.009830
71,35,0.027811
71,36,0.055763
71,37,0.017930
71,38,0.002711
71,39,0.052184
71,40,0.026295
71,41,0.007753
71,42,0.011455
71,43,0.043475
71,44,0.004741
71,45,0.043964
71,46,0.060809
71,47,0.076289
71,48,0.050384
71,49,0.091197
71,50,0.057531
71,51,0.142388
71,52,0.138848
71,53,0.087974
71,54,0.066750
71,55,0.040125
71,56,0.010181
71,57,0.020580
71,58,0.009172
71,59,0.026054
71,60,0.015383
71,61,0.002496
71,62,0.027218
71,63,0.034327
71,64,0.005831
71,65,0.020800
71,66,0.043649
71,67,0.005396
71,68,0.003383
71,69,0.011835
71,70,0.005093
71,71,0.000000
71,72,0.034761
71,73,0.058315
71,74,0.080544
71,75,0.056249
71,76,0.040837
71,77,0.087931
71,78,0.026016
71,79,0.063246
71,80,0.098208
71,81,0.062190
71,82,0.049608
71,83,0.047178
71,84,0.010671
71,85,0.045911
71,86,0.013893
71,87,0.063266
71,88,0.038021
71,89,0.038077
71,90,0.042748
71,91,0.029423
71,92,0.019723
71,93,0.017604
71,94,0.018530
71,95,0.010281
71,96,0.053862
71,97,0.008456
71,98,0.002662
71,99,0.027805
71,100,0.017060
71,101,0.045031
71,102,0.050705
71,103,0.034017
71,104,0.021924
71,105,0.032225
71,106,0.012524
71,107,0.044320
71,108,0.057144
71,109,0.035898
71,110,0.020504
71,111,0.010432
71,112,0.000194
71,113,0.004045
71,114,0.034562
71,115,0.040522
71,116,0.058779
71,117,0.083132
71,118,0.051334
71,119,0.057143
71,120,0.054983
71,121,0.036073
71,122,0.005393
71,123,0.064206
71,124,0.058146
71,125,0.058464
71,126,0.047370
71,127,0.049428
71,128,0.056707
71,129,0.057445
71,130,0.062208
72,1,0.025221
72,2,0.063167
72,3,0.033899
72,4,0.036644
72,5,0.003785
72,6,0.006577
72,7,0.002380
72,8,0.022200
72,9,0.021632
72,10,0.000035
72,11,0.001065
72,12,0.005979
72,13,0.011375
72,14,0.010228
72,15,0.026941
72,16,0.057052
72,17,0.004477
72,18,0.040637
72,19,0.031448
72,20,0.041193
72,21,0.037494
72,22,0.008807
72,23,0.026876
72,24,0.001733
72,25,0.005898
72,26,0.037666
72,27,0.016324
72,28,0.039884
72,29,0.027471
72,30,0.033948
72,31,0.006603
72,32,0.067623
72,33,0.010642
72,34,0.034220
72,35,0.031035
72,36,0.007567
72,37,0.007147
72,38,0.006504
72,39,0.053482
72,40,0.034558
72,41,0.006838
72,42,0.010410
72,43,0.039861
72,44,0.003102
72,45,0.061708
72,46,0.046608
72,47,0.036975
72,48,0.001051
72,49,0.024721
72,50,0.051373
72,51,0.098524
72,52,0.136170
72,53,0.085465
72,54,0.054174
72,55,0.088343
72,56,0.025563
72,57,0.010393
72,58,0.018623
72,59,0.018593
72,60,0.002992
72,61,0.012607
72,62,0.038688
72,63,0.003177
72,64,0.004724
72,65,0.021868
72,66,0.007818
72,67,0.009000
72,68,0.025480
72,69,0.007580
72,70,0.006902
72,71,0.034761
72,72,0.000000
72,73,0.016281
72,74,0.068590
72,75,0.068489
72,76,0.054096
72,77,0.098141
72,78,0.057129
72,79,0.042268
72,80,0.067133
72,81,0.054768
72,82,0.031883
72,83,0.010064
72,84,0.011765
72,85,0.038515
72,86,0.001738
72,87,0.026348
72,88,0.018205
72,89,0.046495
72,90,0.023880
72,91,0.000066
72,92,0.015597
72,93,0.032842
72,94,0.001408
72,95,0.005687
72,96,0.036440
72,97,0.042497
72,98,0.046109
72,99,0.009313
72,100,0.021290
72,101,0.008444
72,102,0.029393
72,103,0.014324
72,104,0.021104
72,105,0.007998
72,106,0.031427
72,107,0.038704
72,108,0.049045
72,109,0.034705
72,110,0.034564
72,111,0.019089
72,112,0.007529
72,113,0.001695
72,114,0.006682
72,115,0.002377
72,116,0.071458
72,117,0.033918
72,118,0.005568
72,119,0.018845
72,120,0.018020
72,121,0.016924
72,122,0.031542
72,123,0.054686
72,124,0.062443
72,125,0.024402
72,126,0.027400
72,127,0.001525
72,128,0.042184
72,129,0.025048
72,130,0.046801
73,1,0.017508
73,2,0.010835
73,3,0.018463
73,4,0.007809
73,5,0.040929
73,6,0.037601
73,7,0.005490
73,8,0.011815
73,9,0.000602
73,10,0.001730
73,11,0.003090
73,12,0.005553
73,13,0.025738
73,14,0.024458
73,15,0.017296
73,16,0.063017
73,17,0.018178
73,18,0.028715
73,19,0.023999
73,20,0.036657
73,21,0.046850
73,22,0.010430
73,23,0.022471
73,24,0.006086
73,25,0.045786
73,26,0.039772
73,27,0.018791
73,28,0.008002
73,29,0.011605
73,30,0.040168
73,31,0.005247
73,32,0.045300
73,33,0.047594
73,34,0.067673
73,35,0.080388
73,36,0.040381
73,37,0.051501
73,38,0.027880
73,39,0.031187
73,40,0.013520
73,41,0.038191
73,42,0.033740
73,43,0.053680
73,44,0.000293
73,45,0.085878
73,46,0.074905
73,47,0.032987
73,48,0.049906
73,49,0.077593
73,50,0.046234
73,51,0.069870
73,52,0.070095
73,53,0.077451
73,54,0.057222
73,55,0.058637
73,56,0.017616
73,57,0.006892
73,58,0.006585
73,59,0.006724
73,60,0.043741
73,61,0.035262
73,62,0.002003
73,63,0.019179
73,64,0.004061
73,65,0.019962
73,66,0.062094
73,67,0.008113
73,68,0.021756
73,69,0.002509
73,70,0.000610
73,71,0.058315
73,72,0.016281
73,73,0.000000
73,74,0.041948
73,75,0.056259
73,76,0.044873
73,77,0.026650
73,78,0.058963
73,79,0.060893
73,80,0.074347
73,81,0.039144
73,82,0.018389
73,83,0.016484
73,84,0.033370
73,85,0.041587
73,86,0.006774
73,87,0.021059
73,88,0.018875
73,89,0.066444
73,90,0.025822
73,91,0.015793
73,92,0.010709
73,93,0.015301
73,94,0.009491
73,95,0.004014
73,96,0.008469
73,97,0.039790
73,98,0.043161
73,99,0.018182
73,100,0.025200
73,101,0.054221
73,102,0.064949
73,103,0.051369
73,104,0.060415
73,105,0.043710
73,106,0.037983
73,107,0.003887
73,108,0.005063
73,109,0.008780
73,110,0.007418
73,111,0.046466
73,112,0.016419
73,113,0.012804
73,114,0.000478
73,115,0.043346
73,116,0.062259
73,117,0.030113
73,118,0.050033
73,119,0.038570
73,120,0.033078
73,121,0.032772
73,122,0.013971
73,123,0.046706
73,124,0.074462
73,125,0.056926
73,126,0.040918
73,127,0.008055
73,128,0.044895
73,129,0.057345
73,130,0.061788
74,1,0.012584
74,2,0.024774
74,3,0.027755
74,4,0.037476
74,5,0.029020
74,6,0.079973
74,7,0.052545
74,8,0.023626
74,9,0.007453
74,10,0.016517
74,11,0.019271
74,12,0.009742
74,13,0.060896
74,14,0.039058
74,15,0.044774
74,16,0.079408
74,17,0.026752
74,18,0.034611
74,19,0.024334
74,20,0.014662
74,21,0.050784
74,22,0.019128
74,23,0.014568
74,24,0.001142
74,25,0.036740
74,26,0.047698
74,27,0.018992
74,28,0.001069
74,29,0.023599
74,30,0.034289
74,31,0.017317
74,32,0.043315
74,33,0.069230
74,34,0.038354
74,35,0.058071
74,36,0.016507
74,37,0.034883
74,38,0.030520
74,39,0.035235
74,40,0.001174
74,41,0.038748
74,42,0.016759
74,43,0.066199
74,44,0.003346
74,45,0.061313
74,46,0.061476
74,47,0.010017
74,48,0.033822
74,49,0.072089
74,50,0.028390
74,51,0.100480
74,52,0.051451
74,53,0.024086
74,54,0.036197
74,55,0.068184
74,56,0.026430
74,57,0.022390
74,58,0.046878
74,59,0.044318
74,60,0.003049
74,61,0.041981
74,62,0.018138
74,63,0.008871
74,64,0.011629
74,65,0.016468
74,66,0.060814
74,67,0.006598
74,68,0.009825
74,69,0.004941
74,70,0.007688
74,71,0.080544
74,72,0.068590
74,73,0.041948
74,74,0.000000
74,75,0.057064
74,76,0.044776
74,77,0.040895
74,78,0.081288
74,79,0.088696
74,80,0.073954
74,81,0.051862
74,82,0.031983
74,83,0.041967
74,84,0.043682
74,85,0.041922
74,86,0.035213
74,87,0.047935
74,88,0.028285
74,89,0.059129
74,90,0.014270
74,91,0.010972
74,92,0.004838
74,93,0.013789
74,94,0.016182
74,95,0.016354
74,96,0.020547
74,97,0.038401
74,98,0.025925
74,99,0.007498
74,100,0.042928
74,101,0.036474
74,102,0.016741
74,103,0.000192
74,104,0.017170
74,105,0.003494
74,106,0.050587
74,107,0.017453
74,108,0.016318
74,109,0.010507
74,110,0.026889
74,111,0.006596
74,112,0.021017
74,113,0.037816
74,114,0.020539
74,115,0.052361
74,116,0.037727
74,117,0.053960
74,118,0.064034
74,119,0.040856
74,120,0.021865
74,121,0.019176
74,122,0.013314
74,123,0.040378
74,124,0.050819
74,125,0.069335
74,126,0.050506
74,127,0.029059
74,128,0.032713
74,129,0.050061
74,130,0.052591
75,1,0.040521
75,2,0.099177
75,3,0.050889
75,4,0.046768
75,5,0.024512
75,6,0.034947
75,7,0.020643
75,8,0.014332
75,9,0.022619
75,10,0.018681
75,11,0.002746
75,12,0.036802
75,13,0.046249
75,14,0.028437
75,15,0.072423
75,16,0.071198
75,17,0.000037
75,18,0.006640
75,19,0.013498
75,20,0.015986
75,21,0.029206
75,22,0.006855
75,23,0.006521
75,24,0.013196
75,25,0.033854
75,26,0.054925
75,27,0.013326
75,28,0.008991
75,29,0.001223
75,30,0.019324
75,31,0.027193
75,32,0.033372
75,33,0.010218
75,34,0.046478
75,35,0.045226
75,36,0.026066
75,37,0.009081
75,38,0.038978
75,39,0.019391
75,40,0.004306
75,41,0.054969
75,42,0.067404
75,43,0.059336
75,44,0.097195
75,45,0.085498
75,46,0.050714
75,47,0.019941
75,48,0.007963
75,49,0.022149
75,50,0.002229
75,51,0.033961
75,52,0.015009
75,53,0.029018
75,54,0.015658
75,55,0.053805
75,56,0.049834
75,57,0.039210
75,58,0.016737
75,59,0.019848
75,60,0.011812
75,61,0.006419
75,62,0.064354
75,63,0.009819
75,64,0.082767
75,65,0.079287
75,66,0.018805
75,67,0.013951
75,68,0.050230
75,69,0.055350
75,70,0.053505
75,71,0.056249
75,72,0.068489
75,73,0.056259
75,74,0.057064
75,75,0.000000
75,76,0.076943
75,77,0.003700
75,78,0.070206
75,79,0.026462
75,80,0.000833
75,81,0.022793
75,82,0.034827
75,83,0.002586
75,84,0.022678
75,85,0.016129
75,86,0.053105
75,87,0.056105
75,88,0.009294
75,89,0.028489
75,90,0.005171
75,91,0.007610
75,92,0.036047
75,93,0.008079
75,94,0.006125
75,95,0.005305
75,96,0.002618
75,97,0.001348
75,98,0.009163
75,99,0.053691
75,100,0.033381
75,101,0.040511
75,102,0.012784
75,103,0.006486
75,104,0.001368
75,105,0.010322
75,106,0.115200
75,107,0.100458
75,108,0.088466
75,109,0.053982
75,110,0.009512
75,111,0.037329
75,112,0.022858
75,113,0.014995
75,114,0.028564
75,115,0.057057
75,116,0.041328
75,117,0.065024
75,118,0.002739
75,119,0.001220
75,120,0.004835
75,121,0.027637
75,122,0.016468
75,123,0.003724
75,124,0.019754
75,125,0.077474
75,126,0.018432
75,127,0.096867
75,128,0.005185
75,129,0.025364
75,130,0.029985
76,1,0.038046
76,2,0.092363
76,3,0.085348
76,4,0.054994
76,5,0.059751
76,6,0.105084
76,7,0.056910
76,8,0.056158
76,9,0.026525
76,10,0.035761
76,11,0.020174
76,12,0.056388
76,13,0.022395
76,14,0.035580
76,15,0.048143
76,16,0.062731
76,17,0.029748
76,18,0.063919
76,19,0.046622
76,20,0.028859
76,21,0.007865
76,22,0.034804
76,23,0.004347
76,24,0.032763
76,25,0.004392
76,26,0.006214
76,27,0.038942
76,28,0.012974
76,29,0.007676
76,30,0.016038
76,31,0.025984
76,32,0.015530
76,33,0.021338
76,34,0.074388
76,35,0.057284
76,36,0.022196
76,37,0.001455
76,38,0.035070
76,39,0.006277
76,40,0.016429
76,41,0.054918
76,42,0.058718
76,43,0.008275
76,44,0.086024
76,45,0.035921
76,46,0.031636
76,47,0.023101
76,48,0.005218
76,49,0.019868
76,50,0.014039
76,51,0.005327
76,52,0.056099
76,53,0.089048
76,54,0.082030
76,55,0.035885
76,56,0.008037
76,57,0.029892
76,58,0.020298
76,59,0.013730
76,60,0.036271
76,61,0.009960
76,62,0.062084
76,63,0.037264
76,64,0.032462
76,65,0.033430
76,66,0.069556
76,67,0.051317
76,68,0.014671
76,69,0.027226
76,70,0.008354
76,71,0.040837
76,72,0.054096
76,73,0.044873
76,74,0.044776
76,75,0.076943
76,76,0.000000
76,77,0.027267
76,78,0.050415
76,79,0.000818
76,80,0.050952
76,81,0.007815
76,82,0.005293
76,83,0.037407
76,84,0.018205
76,85,0.007901
76,86,0.021146
76,87,0.039616
76,88,0.016131
76,89,0.024595
76,90,0.019411
76,91,0.016812
76,92,0.050200
76,93,0.002959
76,94,0.006288
76,95,0.022475
76,96,0.027004
76,97,0.010354
76,98,0.046039
76,99,0.069406
76,100,0.021272
76,101,0.004531
76,102,0.002844
76,103,0.007385
76,104,0.024942
76,105,0.021048
76,106,0.096472
76,107,0.057432
76,108,0.003995
76,109,0.029197
76,110,0.016639
76,111,0.025985
76,112,0.044733
76,113,0.026566
76,114,0.016124
76,115,0.007274
76,116,0.028257
76,117,0.039356
76,118,0.033812
76,119,0.012414
76,120,0.061798
76,121,0.026675
76,122,0.050367
76,123,0.008546
76,124,0.004242
76,125,0.037051
76,126,0.021527
76,127,0.061006
76,128,0.023060
76,129,0.053977
76,130,0.014623
77,1,0.058140
77,2,0.038692
77,3,0.113760
77,4,0.102684
77,5,0.017000
77,6,0.050185
77,7,0.152815
77,8,0.141926
77,9,0.058155
77,10,0.096643
77,11,0.085993
77,12,0.139288
77,13,0.053909
77,14,0.066326
77,15,0.064799
77,16,0.058125
77,17,0.038087
77,18,0.001201
77,19,0.051725
77,20,0.049452
77,21,0.062631
77,22,0.057200
77,23,0.019849
77,24,0.054896
77,25,0.061514
77,26,0.040369
77,27,0.074725
77,28,0.114020
77,29,0.055029
77,30,0.076169
77,31,0.083976
77,32,0.072504
77,33,0.088113
77,34,0.086168
77,35,0.096529
77,36,0.073864
77,37,0.152039
77,38,0.107110
77,39,0.088750
77,40,0.031338
77,41,0.001396
77,42,0.006967
77,43,0.045245
77,44,0.010025
77,45,0.015743
77,46,0.044357
77,47,0.043090
77,48,0.068572
77,49,0.055271
77,50,0.027582
77,51,0.107405
77,52,0.086901
77,53,0.089103
77,54,0.081724
77,55,0.022043
77,56,0.027076
77,57,0.026789
77,58,0.033781
77,59,0.062823
77,60,0.028682
77,61,0.046140
77,62,0.100910
77,63,0.026004
77,64,0.043555
77,65,0.005159
77,66,0.023685
77,67,0.024791
77,68,0.139332
77,69,0.138413
77,70,0.135560
77,71,0.087931
77,72,0.098141
77,73,0.026650
77,74,0.040895
77,75,0.003700
77,76,0.027267
77,77,0.000000
77,78,0.155107
77,79,0.201363
77,80,0.146858
77,81,0.000068
77,82,0.007408
77,83,0.086236
77,84,0.114768
77,85,0.084565
77,86,0.049946
77,87,0.061681
77,88,0.009730
77,89,0.029384
77,90,0.021618
77,91,0.013126
77,92,0.027076
77,93,0.005760
77,94,0.017027
77,95,0.027050
77,96,0.021264
77,97,0.048507
77,98,0.086434
77,99,0.032463
77,100,0.048030
77,101,0.043344
77,102,0.062383
77,103,0.037121
77,104,0.020075
77,105,0.021845
77,106,0.088604
77,107,0.164663
77,108,0.112669
77,109,0.027499
77,110,0.051321
77,111,0.134449
77,112,0.020801
77,113,0.004257
77,114,0.003560
77,115,0.032464
77,116,0.116163
77,117,0.009461
77,118,0.009591
77,119,0.003830
77,120,0.005759
77,121,0.004639
77,122,0.005471
77,123,0.039522
77,124,0.037170
77,125,0.026251
77,126,0.003260
77,127,0.048899
77,128,0.010644
77,129,0.035831
77,130,0.034961
78,1,0.016464
78,2,0.057013
78,3,0.052155
78,4,0.081889
78,5,0.054219
78,6,0.088365
78,7,0.101776
78,8,0.059340
78,9,0.039764
78,10,0.096687
78,11,0.118726
78,12,0.144379
78,13,0.002089
78,14,0.004829
78,15,0.031267
78,16,0.046578
78,17,0.019268
78,18,0.037899
78,19,0.057058
78,20,0.071568
78,21,0.008451
78,22,0.005486
78,23,0.034472
78,24,0.019366
78,25,0.047185
78,26,0.075961
78,27,0.015343
78,28,0.042961
78,29,0.046066
78,30,0.014826
78,31,0.051324
78,32,0.089856
78,33,0.014475
78,34,0.011482
78,35,0.092286
78,36,0.008676
78,37,0.080648
78,38,0.124922
78,39,0.080506
78,40,0.016040
78,41,0.063836
78,42,0.012435
78,43,0.062802
78,44,0.010324
78,45,0.052163
78,46,0.089693
78,47,0.005340
78,48,0.023930
78,49,0.031647
78,50,0.000472
78,51,0.013181
78,52,0.066786
78,53,0.096089
78,54,0.073459
78,55,0.134539
78,56,0.084153
78,57,0.048805
78,58,0.021254
78,59,0.032176
78,60,0.006502
78,61,0.005855
78,62,0.065942
78,63,0.018149
78,64,0.039381
78,65,0.038734
78,66,0.016294
78,67,0.022545
78,68,0.035760
78,69,0.032056
78,70,0.012650
78,71,0.026016
78,72,0.057129
78,73,0.058963
78,74,0.081288
78,75,0.070206
78,76,0.050415
78,77,0.155107
78,78,0.000000
78,79,0.002257
78,80,0.049357
78,81,0.023546
78,82,0.004888
78,83,0.072597
78,84,0.039864
78,85,0.082246
78,86,0.060364
78,87,0.043692
78,88,0.060356
78,89,0.081449
78,90,0.055384
78,91,0.097791
78,92,0.023183
78,93,0.042031
78,94,0.013743
78,95,0.002321
78,96,0.010362
78,97,0.034725
78,98,0.044088
78,99,0.073791
78,100,0.016006
78,101,0.003091
78,102,0.023515
78,103,0.042570
78,104,0.019890
78,105,0.005105
78,106,0.066709
78,107,0.044059
78,108,0.066073
78,109,0.075597
78,110,0.068535
78,111,0.128325
78,112,0.039359
78,113,0.002817
78,114,0.019491
78,115,0.054006
78,116,0.196494
78,117,0.016616
78,118,0.046322
78,119,0.029159
78,120,0.007433
78,121,0.006592
78,122,0.030631
78,123,0.004590
78,124,0.032836
78,125,0.006378
78,126,0.001153
78,127,0.004291
78,128,0.008007
78,129,0.069407
78,130,0.046377
79,1,0.030079
79,2,0.083435
79,3,0.040742
79,4,0.053384
79,5,0.024791
79,6,0.034422
79,7,0.039768
79,8,0.015175
79,9,0.031205
79,10,0.065377
79,11,0.081488
79,12,0.079828
79,13,0.048555
79,14,0.045694
79,15,0.050664
79,16,0.056227
79,17,0.017420
79,18,0.075189
79,19,0.117844
79,20,0.098278
79,21,0.029898
79,22,0.037775
79,23,0.054129
79,24,0.004898
79,25,0.034803
79,26,0.074019
79,27,0.005480
79,28,0.050792
79,29,0.045111
79,30,0.046807
79,31,0.018672
79,32,0.090975
79,33,0.007003
79,34,0.001607
79,35,0.102122
79,36,0.027311
79,37,0.122464
79,38,0.184149
79,39,0.079820
79,40,0.038358
79,41,0.071586
79,42,0.045822
79,43,0.141803
79,44,0.013621
79,45,0.094593
79,46,0.163612
79,47,0.034711
79,48,0.017392
79,49,0.005578
79,50,0.003441
79,51,0.031569
79,52,0.091005
79,53,0.072953
79,54,0.061463
79,55,0.103664
79,56,0.052811
79,57,0.025411
79,58,0.020326
79,59,0.041801
79,60,0.011626
79,61,0.011922
79,62,0.063253
79,63,0.025086
79,64,0.024818
79,65,0.036725
79,66,0.023339
79,67,0.039141
79,68,0.000312
79,69,0.054262
79,70,0.076825
79,71,0.063246
79,72,0.042268
79,73,0.060893
79,74,0.088696
79,75,0.026462
79,76,0.000818
79,77,0.201363
79,78,0.002257
79,79,0.000000
79,80,0.046451
79,81,0.003216
79,82,0.000385
79,83,0.039807
79,84,0.053274
79,85,0.092196
79,86,0.117984
79,87,0.074102
79,88,0.054086
79,89,0.094411
79,90,0.057799
79,91,0.098789
79,92,0.016733
79,93,0.068973
79,94,0.007243
79,95,0.019449
79,96,0.001845
79,97,0.041310
79,98,0.006359
79,99,0.064064
79,100,0.008270
79,101,0.019040
79,102,0.001460
79,103,0.039186
79,104,0.025260
79,105,0.030497
79,106,0.070716
79,107,0.069219
79,108,0.117659
79,109,0.079835
79,110,0.040783
79,111,0.107080
79,112,0.063174
79,113,0.032407
79,114,0.000354
79,115,0.088685
79,116,0.202251
79,117,0.016377
79,118,0.066880
79,119,0.050766
79,120,0.006144
79,121,0.017731
79,122,0.036687
79,123,0.015836
79,124,0.051173
79,125,0.022967
79,126,0.075615
79,127,0.049343
79,128,0.066489
79,129,0.086333
79,130,0.087699
80,1,0.014633
80,2,0.058528
80,3,0.009494
80,4,0.028473
80,5,0.030852
80,6,0.040315
80,7,0.036577
80,8,0.006036
80,9,0.024164
80,10,0.040224
80,11,0.048169
80,12,0.009184
80,13,0.018745
80,14,0.023852
80,15,0.079021
80,16,0.073335
80,17,0.015544
80,18,0.064020
80,19,0.057717
80,20,0.036912
80,21,0.011188
80,22,0.041869
80,23,0.037279
80,24,0.025350
80,25,0.066714
80,26,0.114957
80,27,0.053808
80,28,0.005099
80,29,0.014206
80,30,0.050990
80,31,0.011814
80,32,0.044742
80,33,0.000731
80,34,0.012864
80,35,0.037079
80,36,0.005317
80,37,0.036349
80,38,0.062893
80,39,0.072559
80,40,0.007549
80,41,0.035777
80,42,0.021980
80,43,0.101717
80,44,0.001951
80,45,0.041976
80,46,0.090696
80,47,0.032596
80,48,0.004872
80,49,0.014242
80,50,0.038391
80,51,0.026637
80,52,0.057562
80,53,0.000075
80,54,0.018987
80,55,0.146795
80,56,0.125414
80,57,0.076804
80,58,0.069271
80,59,0.012857
80,60,0.022804
80,61,0.039369
80,62,0.026600
80,63,0.019860
80,64,0.019089
80,65,0.025502
80,66,0.061940
80,67,0.054613
80,68,0.012990
80,69,0.038286
80,70,0.057410
80,71,0.098208
80,72,0.067133
80,73,0.074347
80,74,0.073954
80,75,0.000833
80,76,0.050952
80,77,0.146858
80,78,0.049357
80,79,0.046451
80,80,0.000000
80,81,0.113440
80,82,0.090719
80,83,0.050825
80,84,0.009913
80,85,0.079771
80,86,0.138464
80,87,0.081881
80,88,0.116353
80,89,0.109303
80,90,0.051118
80,91,0.065891
80,92,0.060851
80,93,0.075393
80,94,0.007884
80,95,0.004230
80,96,0.064300
80,97,0.068974
80,98,0.061054
80,99,0.042050
80,100,0.048621
80,101,0.074390
80,102,0.059552
80,103,0.038744
80,104,0.012236
80,105,0.029044
80,106,0.091514
80,107,0.002022
80,108,0.042356
80,109,0.029370
80,110,0.015120
80,111,0.009615
80,112,0.012164
80,113,0.019828
80,114,0.006826
80,115,0.007361
80,116,0.054799
80,117,0.054252
80,118,0.076960
80,119,0.068870
80,120,0.033176
80,121,0.017456
80,122,0.010219
80,123,0.078876
80,124,0.060891
80,125,0.050672
80,126,0.077717
80,127,0.016845
80,128,0.079242
80,129,0.081591
80,130,0.067467
81,1,0.039717
81,2,0.089600
81,3,0.122428
81,4,0.113439
81,5,0.031836
81,6,0.017947
81,7,0.115630
81,8,0.130114
81,9,0.064365
81,10,0.084069
81,11,0.127541
81,12,0.090597
81,13,0.004778
81,14,0.025160
81,15,0.017129
81,16,0.014333
81,17,0.077789
81,18,0.009313
81,19,0.017191
81,20,0.001780
81,21,0.002704
81,22,0.026011
81,23,0.006385
81,24,0.045351
81,25,0.067176
81,26,0.048538
81,27,0.034805
81,28,0.029164
81,29,0.026391
81,30,0.017198
81,31,0.053094
81,32,0.008675
81,33,0.051750
81,34,0.033151
81,35,0.095917
81,36,0.045856
81,37,0.086119
81,38,0.121183
81,39,0.059857
81,40,0.038782
81,41,0.110003
81,42,0.019333
81,43,0.011850
81,44,0.039183
81,45,0.009435
81,46,0.015384
81,47,0.005330
81,48,0.006952
81,49,0.019426
81,50,0.012997
81,51,0.000151
81,52,0.038867
81,53,0.034820
81,54,0.036929
81,55,0.090182
81,56,0.050940
81,57,0.078832
81,58,0.079154
81,59,0.001032
81,60,0.020069
81,61,0.032823
81,62,0.021695
81,63,0.000654
81,64,0.011030
81,65,0.030151
81,66,0.055048
81,67,0.022276
81,68,0.014278
81,69,0.003482
81,70,0.003329
81,71,0.062190
81,72,0.054768
81,73,0.039144
81,74,0.051862
81,75,0.022793
81,76,0.007815
81,77,0.000068
81,78,0.023546
81,79,0.003216
81,80,0.113440
81,81,0.000000
81,82,0.023769
81,83,0.043155
81,84,0.002367
81,85,0.097300
81,86,0.106945
81,87,0.085973
81,88,0.102016
81,89,0.060801
81,90,0.025014
81,91,0.074861
81,92,0.045062
81,93,0.045684
81,94,0.007529
81,95,0.000934
81,96,0.012326
81,97,0.015410
81,98,0.046593
81,99,0.040586
81,100,0.001836
81,101,0.033819
81,102,0.006821
81,103,0.025327
81,104,0.016375
81,105,0.010377
81,106,0.019035
81,107,0.003061
81,108,0.011181
81,109,0.038323
81,110,0.060332
81,111,0.044538
81,112,0.016354
81,113,0.002588
81,114,0.034195
81,115,0.046974
81,116,0.067189
81,117,0.028080
81,118,0.038896
81,119,0.032265
81,120,0.033371
81,121,0.001714
81,122,0.022002
81,123,0.015261
81,124,0.021981
81,125,0.014529
81,126,0.004864
81,127,0.013275
81,128,0.040167
81,129,0.033752
81,130,0.028300
82,1,0.048950
82,2,0.080985
82,3,0.111638
82,4,0.099267
82,5,0.035835
82,6,0.029709
82,7,0.108385
82,8,0.130195
82,9,0.047871
82,10,0.056225
82,11,0.096041
82,12,0.099591
82,13,0.039876
82,14,0.016386
82,15,0.024606
82,16,0.022370
82,17,0.095803
82,18,0.031304
82,19,0.055786
82,20,0.026475
82,21,0.015284
82,22,0.008550
82,23,0.022764
82,24,0.033657
82,25,0.047030
82,26,0.000710
82,27,0.068418
82,28,0.070993
82,29,0.036217
82,30,0.023793
82,31,0.033342
82,32,0.014717
82,33,0.038738
82,34,0.004461
82,35,0.037774
82,36,0.018799
82,37,0.054877
82,38,0.076672
82,39,0.069732
82,40,0.003949
82,41,0.032843
82,42,0.004560
82,43,0.000947
82,44,0.003402
82,45,0.007595
82,46,0.060523
82,47,0.005529
82,48,0.019152
82,49,0.025662
82,50,0.005397
82,51,0.019604
82,52,0.039722
82,53,0.032741
82,54,0.027832
82,55,0.027849
82,56,0.024367
82,57,0.061673
82,58,0.054239
82,59,0.036958
82,60,0.010442
82,61,0.012934
82,62,0.023142
82,63,0.055354
82,64,0.039572
82,65,0.055572
82,66,0.048323
82,67,0.029036
82,68,0.034349
82,69,0.012422
82,70,0.017115
82,71,0.049608
82,72,0.031883
82,73,0.018389
82,74,0.031983
82,75,0.034827
82,76,0.005293
82,77,0.007408
82,78,0.004888
82,79,0.000385
82,80,0.090719
82,81,0.023769
82,82,0.000000
82,83,0.044804
82,84,0.016199
82,85,0.122269
82,86,0.047854
82,87,0.123419
82,88,0.052000
82,89,0.038658
82,90,0.036606
82,91,0.060719
82,92,0.042506
82,93,0.053605
82,94,0.012407
82,95,0.013446
82,96,0.039078
82,97,0.000803
82,98,0.026357
82,99,0.043623
82,100,0.033682
82,101,0.050281
82,102,0.004617
82,103,0.016895
82,104,0.003303
82,105,0.021874
82,106,0.017139
82,107,0.040054
82,108,0.030483
82,109,0.083737
82,110,0.114781
82,111,0.088116
82,112,0.025391
82,113,0.007569
82,114,0.035329
82,115,0.068054
82,116,0.048645
82,117,0.033457
82,118,0.026574
82,119,0.015472
82,120,0.026151
82,121,0.016508
82,122,0.019785
82,123,0.012243
82,124,0.023529
82,125,0.024720
82,126,0.005922
82,127,0.007812
82,128,0.033993
82,129,0.032159
82,130,0.038987
83,1,0.049888
83,2,0.093910
83,3,0.061175
83,4,0.025552
83,5,0.017589
83,6,0.015741
83,7,0.029605
83,8,0.062111
83,9,0.047846
83,10,0.056254
83,11,0.070268
83,12,0.037210
83,13,0.015612
83,14,0.002149
83,15,0.083821
83,16,0.073308
83,17,0.035364
83,18,0.029987
83,19,0.001537
83,20,0.005992
83,21,0.000889
83,22,0.002542
83,23,0.017782
83,24,0.015428
83,25,0.049598
83,26,0.043686
83,27,0.000713
83,28,0.037587
83,29,0.014916
83,30,0.009711
83,31,0.013889
83,32,0.022129
83,33,0.040815
83,34,0.036880
83,35,0.014746
83,36,0.039660
83,37,0.043255
83,38,0.060063
83,39,0.049063
83,40,0.022719
83,41,0.033281
83,42,0.004794
83,43,0.047934
83,44,0.018946
83,45,0.030778
83,46,0.000752
83,47,0.019068
83,48,0.002136
83,49,0.047079
83,50,0.022846
83,51,0.058175
83,52,0.081613
83,53,0.062401
83,54,0.073017
83,55,0.076034
83,56,0.069066
83,57,0.076253
83,58,0.056597
83,59,0.007875
83,60,0.013148
83,61,0.022463
83,62,0.000570
83,63,0.022016
83,64,0.008894
83,65,0.028397
83,66,0.064883
83,67,0.022133
83,68,0.039142
83,69,0.009043
83,70,0.043295
83,71,0.047178
83,72,0.010064
83,73,0.016484
83,74,0.041967
83,75,0.002586
83,76,0.037407
83,77,0.086236
83,78,0.072597
83,79,0.039807
83,80,0.050825
83,81,0.043155
83,82,0.044804
83,83,0.000000
83,84,0.012352
83,85,0.109112
83,86,0.047237
83,87,0.099756
83,88,0.062200
83,89,0.057736
83,90,0.042404
83,91,0.032141
83,92,0.027764
83,93,0.040478
83,94,0.025812
83,95,0.015191
83,96,0.034738
83,97,0.039297
83,98,0.036202
83,99,0.016903
83,100,0.053645
83,101,0.039666
83,102,0.023453
83,103,0.017773
83,104,0.006198
83,105,0.054435
83,106,0.029940
83,107,0.035801
83,108,0.022749
83,109,0.022134
83,110,0.078488
83,111,0.043306
83,112,0.003352
83,113,0.022274
83,114,0.004585
83,115,0.011308
83,116,0.035181
83,117,0.021233
83,118,0.049827
83,119,0.030412
83,120,0.004815
83,121,0.051766
83,122,0.009020
83,123,0.025268
83,124,0.063735
83,125,0.015912
83,126,0.004609
83,127,0.008530
83,128,0.037580
83,129,0.051951
83,130,0.026822
84,1,0.095701
84,2,0.120971
84,3,0.103007
84,4,0.090208
84,5,0.016011
84,6,0.012642
84,7,0.098136
84,8,0.112984
84,9,0.081685
84,10,0.093194
84,11,0.106890
84,12,0.088744
84,13,0.025179
84,14,0.039791
84,15,0.002439
84,16,0.009082
84,17,0.037939
84,18,0.046196
84,19,0.009473
84,20,0.025858
84,21,0.003523
84,22,0.009631
84,23,0.022486
84,24,0.008942
84,25,0.010784
84,26,0.024025
84,27,0.040056
84,28,0.073162
84,29,0.003568
84,30,0.061875
84,31,0.074908
84,32,0.020825
84,33,0.055363
84,34,0.027788
84,35,0.094774
84,36,0.008656
84,37,0.113488
84,38,0.135767
84,39,0.073969
84,40,0.021509
84,41,0.046111
84,42,0.027012
84,43,0.031130
84,44,0.006133
84,45,0.053052
84,46,0.008036
84,47,0.031265
84,48,0.001933
84,49,0.027557
84,50,0.018239
84,51,0.020746
84,52,0.034885
84,53,0.032503
84,54,0.035520
84,55,0.056388
84,56,0.042570
84,57,0.051214
84,58,0.036107
84,59,0.016535
84,60,0.014875
84,61,0.044463
84,62,0.024714
84,63,0.000320
84,64,0.010277
84,65,0.019868
84,66,0.050013
84,67,0.032180
84,68,0.018094
84,69,0.004433
84,70,0.020108
84,71,0.010671
84,72,0.011765
84,73,0.033370
84,74,0.043682
84,75,0.022678
84,76,0.018205
84,77,0.114768
84,78,0.039864
84,79,0.053274
84,80,0.009913
84,81,0.002367
84,82,0.016199
84,83,0.012352
84,84,0.000000
84,85,0.030466
84,86,0.032025
84,87,0.072354
84,88,0.043340
84,89,0.048054
84,90,0.041791
84,91,0.048449
84,92,0.004007
84,93,0.036526
84,94,0.007430
84,95,0.027715
84,96,0.001996
84,97,0.012797
84,98,0.026830
84,99,0.079792
84,100,0.002352
84,101,0.016102
84,102,0.009980
84,103,0.014559
84,104,0.012390
84,105,0.010488
84,106,0.024835
84,107,0.019602
84,108,0.070618
84,109,0.031480
84,110,0.092777
84,111,0.003615
84,112,0.022457
84,113,0.040873
84,114,0.005293
84,115,0.061061
84,116,0.103883
84,117,0.024375
84,118,0.009862
84,119,0.011916
84,120,0.028190
84,121,0.003553
84,122,0.004368
84,123,0.014291
84,124,0.028704
84,125,0.001618
84,126,0.002648
84,127,0.007470
84,128,0.007954
84,129,0.028638
84,130,0.012206
85,1,0.023183
85,2,0.028598
85,3,0.030859
85,4,0.001015
85,5,0.154953
85,6,0.113902
85,7,0.011179
85,8,0.037968
85,9,0.029199
85,10,0.001580
85,11,0.004277
85,12,0.020745
85,13,0.037551
85,14,0.006311
85,15,0.020353
85,16,0.009283
85,17,0.049942
85,18,0.007633
85,19,0.071490
85,20,0.006209
85,21,0.015665
85,22,0.029172
85,23,0.006488
85,24,0.033652
85,25,0.087944
85,26,0.025099
85,27,0.066997
85,28,0.033464
85,29,0.011097
85,30,0.039371
85,31,0.029177
85,32,0.046333
85,33,0.081651
85,34,0.002361
85,35,0.032135
85,36,0.018241
85,37,0.116770
85,38,0.032144
85,39,0.032809
85,40,0.018326
85,41,0.012525
85,42,0.006903
85,43,0.038933
85,44,0.027900
85,45,0.055317
85,46,0.008608
85,47,0.078410
85,48,0.017732
85,49,0.088461
85,50,0.034833
85,51,0.078261
85,52,0.095830
85,53,0.063315
85,54,0.043530
85,55,0.003920
85,56,0.037068
85,57,0.014096
85,58,0.021021
85,59,0.051861
85,60,0.071003
85,61,0.026261
85,62,0.129225
85,63,0.057436
85,64,0.021805
85,65,0.036634
85,66,0.092736
85,67,0.040393
85,68,0.007727
85,69,0.029922
85,70,0.004251
85,71,0.045911
85,72,0.038515
85,73,0.041587
85,74,0.041922
85,75,0.016129
85,76,0.007901
85,77,0.084565
85,78,0.082246
85,79,0.092196
85,80,0.079771
85,81,0.097300
85,82,0.122269
85,83,0.109112
85,84,0.030466
85,85,0.000000
85,86,0.030185
85,87,0.107611
85,88,0.082196
85,89,0.017784
85,90,0.021794
85,91,0.024349
85,92,0.018180
85,93,0.006102
85,94,0.030014
85,95,0.025444
85,96,0.034411
85,97,0.002798
85,98,0.022435
85,99,0.009290
85,100,0.018688
85,101,0.068571
85,102,0.041096
85,103,0.059548
85,104,0.035700
85,105,0.074960
85,106,0.075888
85,107,0.001022
85,108,0.013054
85,109,0.043038
85,110,0.056158
85,111,0.050781
85,112,0.002854
85,113,0.007655
85,114,0.027857
85,115,0.040703
85,116,0.045637
85,117,0.008165
85,118,0.032697
85,119,0.043059
85,120,0.039375
85,121,0.063935
85,122,0.054645
85,123,0.088472
85,124,0.085518
85,125,0.072625
85,126,0.001373
85,127,0.103612
85,128,0.008471
85,129,0.055792
85,130,0.024148
86,1,0.004604
86,2,0.023849
86,3,0.031461
86,4,0.026984
86,5,0.057105
86,6,0.082891
86,7,0.029115
86,8,0.018330
86,9,0.016988
86,10,0.011377
86,11,0.010267
86,12,0.030204
86,13,0.001094
86,14,0.009304
86,15,0.064860
86,16,0.033650
86,17,0.023805
86,18,0.045409
86,19,0.041872
86,20,0.010902
86,21,0.030362
86,22,0.016413
86,23,0.036900
86,24,0.043468
86,25,0.073476
86,26,0.109188
86,27,0.065199
86,28,0.025607
86,29,0.003651
86,30,0.014944
86,31,0.010908
86,32,0.041920
86,33,0.081461
86,34,0.069133
86,35,0.132195
86,36,0.092160
86,37,0.098094
86,38,0.092650
86,39,0.010091
86,40,0.039847
86,41,0.064886
86,42,0.047944
86,43,0.095880
86,44,0.014752
86,45,0.053958
86,46,0.111513
86,47,0.033594
86,48,0.046669
86,49,0.067616
86,50,0.028640
86,51,0.032278
86,52,0.045155
86,53,0.036040
86,54,0.025196
86,55,0.001636
86,56,0.028551
86,57,0.035272
86,58,0.025806
86,59,0.020406
86,60,0.004683
86,61,0.092478
86,62,0.051649
86,63,0.070855
86,64,0.061956
86,65,0.059215
86,66,0.017420
86,67,0.001110
86,68,0.017073
86,69,0.085731
86,70,0.040667
86,71,0.013893
86,72,0.001738
86,73,0.006774
86,74,0.035213
86,75,0.053105
86,76,0.021146
86,77,0.049946
86,78,0.060364
86,79,0.117984
86,80,0.138464
86,81,0.106945
86,82,0.047854
86,83,0.047237
86,84,0.032025
86,85,0.030185
86,86,0.000000
86,87,0.120817
86,88,0.018218
86,89,0.006566
86,90,0.039459
86,91,0.017257
86,92,0.022145
86,93,0.025578
86,94,0.009263
86,95,0.065351
86,96,0.002363
86,97,0.032792
86,98,0.024484
86,99,0.068905
86,100,0.034858
86,101,0.070030
86,102,0.038093
86,103,0.043737
86,104,0.072820
86,105,0.071788
86,106,0.013239
86,107,0.032911
86,108,0.016287
86,109,0.003204
86,110,0.004542
86,111,0.040556
86,112,0.007216
86,113,0.002890
86,114,0.022338
86,115,0.001458
86,116,0.023005
86,117,0.018487
86,118,0.060176
86,119,0.036039
86,120,0.008638
86,121,0.039810
86,122,0.000365
86,123,0.009768
86,124,0.026545
86,125,0.000244
86,126,0.044331
86,127,0.075938
86,128,0.052037
86,129,0.029263
86,130,0.004937
87,1,0.009490
87,2,0.027754
87,3,0.023805
87,4,0.022649
87,5,0.004797
87,6,0.009911
87,7,0.039986
87,8,0.047680
87,9,0.013691
87,10,0.029641
87,11,0.055734
87,12,0.055468
87,13,0.065303
87,14,0.024431
87,15,0.060775
87,16,0.050704
87,17,0.031749
87,18,0.042235
87,19,0.012942
87,20,0.025567
87,21,0.020659
87,22,0.000847
87,23,0.011676
87,24,0.017153
87,25,0.021995
87,26,0.017599
87,27,0.049389
87,28,0.039730
87,29,0.058099
87,30,0.002752
87,31,0.016396
87,32,0.086984
87,33,0.097010
87,34,0.136017
87,35,0.158405
87,36,0.228782
87,37,0.014166
87,38,0.075729
87,39,0.166888
87,40,0.125141
87,41,0.073770
87,42,0.050588
87,43,0.076773
87,44,0.025217
87,45,0.057245
87,46,0.083095
87,47,0.073687
87,48,0.057429
87,49,0.085060
87,50,0.008512
87,51,0.134210
87,52,0.114089
87,53,0.080851
87,54,0.035539
87,55,0.010043
87,56,0.036151
87,57,0.056940
87,58,0.094764
87,59,0.044023
87,60,0.049816
87,61,0.081555
87,62,0.078655
87,63,0.082238
87,64,0.017162
87,65,0.015336
87,66,0.050603
87,67,0.056493
87,68,0.023118
87,69,0.085148
87,70,0.023756
87,71,0.063266
87,72,0.026348
87,73,0.021059
87,74,0.047935
87,75,0.056105
87,76,0.039616
87,77,0.061681
87,78,0.043692
87,79,0.074102
87,80,0.081881
87,81,0.085973
87,82,0.123419
87,83,0.099756
87,84,0.072354
87,85,0.107611
87,86,0.120817
87,87,0.000000
87,88,0.051552
87,89,0.000275
87,90,0.006743
87,91,0.002019
87,92,0.046619
87,93,0.060842
87,94,0.050576
87,95,0.076709
87,96,0.117388
87,97,0.075005
87,98,0.087670
87,99,0.055344
87,100,0.104992
87,101,0.121049
87,102,0.084356
87,103,0.029431
87,104,0.040817
87,105,0.059827
87,106,0.004341
87,107,0.023365
87,108,0.012180
87,109,0.022466
87,110,0.006185
87,111,0.056697
87,112,0.080027
87,113,0.069899
87,114,0.016911
87,115,0.052290
87,116,0.036534
87,117,0.025490
87,118,0.014224
87,119,0.000209
87,120,0.014212
87,121,0.050029
87,122,0.007078
87,123,0.039501
87,124,0.074236
87,125,0.041860
87,126,0.019092
87,127,0.040004
87,128,0.075176
87,129,0.095713
87,130,0.000271
88,1,0.007496
88,2,0.006097
88,3,0.019865
88,4,0.036887
88,5,0.061536
88,6,0.001047
88,7,0.043334
88,8,0.045725
88,9,0.035734
88,10,0.027065
88,11,0.005410
88,12,0.024511
88,13,0.045399
88,14,0.020667
88,15,0.040618
88,16,0.043866
88,17,0.016522
88,18,0.008014
88,19,0.017515
88,20,0.059153
88,21,0.044507
88,22,0.004594
88,23,0.019551
88,24,0.016585
88,25,0.014548
88,26,0.005581
88,27,0.045277
88,28,0.022177
88,29,0.000084
88,30,0.024793
88,31,0.029444
88,32,0.047329
88,33,0.044634
88,34,0.019844
88,35,0.004147
88,36,0.034857
88,37,0.035603
88,38,0.018074
88,39,0.062996
88,40,0.003907
88,41,0.005053
88,42,0.021587
88,43,0.017225
88,44,0.005883
88,45,0.005367
88,46,0.033028
88,47,0.010207
88,48,0.004889
88,49,0.011774
88,50,0.025161
88,51,0.000829
88,52,0.062988
88,53,0.093833
88,54,0.085559
88,55,0.006229
88,56,0.012366
88,57,0.002419
88,58,0.003285
88,59,0.026106
88,60,0.037427
88,61,0.047625
88,62,0.055632
88,63,0.001440
88,64,0.033027
88,65,0.024094
88,66,0.015196
88,67,0.001834
88,68,0.039336
88,69,0.040056
88,70,0.043184
88,71,0.038021
88,72,0.018205
88,73,0.018875
88,74,0.028285
88,75,0.009294
88,76,0.016131
88,77,0.009730
88,78,0.060356
88,79,0.054086
88,80,0.116353
88,81,0.102016
88,82,0.052000
88,83,0.062200
88,84,0.043340
88,85,0.082196
88,86,0.018218
88,87,0.051552
88,88,0.000000
88,89,0.020188
88,90,0.024093
88,91,0.055943
88,92,0.068612
88,93,0.044794
88,94,0.051177
88,95,0.019873
88,96,0.067147
88,97,0.068048
88,98,0.025386
88,99,0.049370
88,100,0.117244
88,101,0.091541
88,102,0.039515
88,103,0.007001
88,104,0.026300
88,105,0.058864
88,106,0.004457
88,107,0.053155
88,108,0.024661
88,109,0.028639
88,110,0.052431
88,111,0.025948
88,112,0.031365
88,113,0.003805
88,114,0.005932
88,115,0.007065
88,116,0.016832
88,117,0.021229
88,118,0.043321
88,119,0.016632
88,120,0.005281
88,121,0.010721
88,122,0.008162
88,123,0.036777
88,124,0.020282
88,125,0.003551
88,126,0.019747
88,127,0.020862
88,128,0.008655
88,129,0.009874
88,130,0.018230
89,1,0.025450
89,2,0.015749
89,3,0.002013
89,4,0.015122
89,5,0.037182
89,6,0.027033
89,7,0.033025
89,8,0.019604
89,9,0.018592
89,10,0.013632
89,11,0.026564
89,12,0.010300
89,13,0.016643
89,14,0.016013
89,15,0.062636
89,16,0.044163
89,17,0.006819
89,18,0.022812
89,19,0.005935
89,20,0.023074
89,21,0.022974
89,22,0.020835
89,23,0.024991
89,24,0.012702
89,25,0.009943
89,26,0.004431
89,27,0.021198
89,28,0.014592
89,29,0.016598
89,30,0.009077
89,31,0.027119
89,32,0.032853
89,33,0.042857
89,34,0.052404
89,35,0.057836
89,36,0.084492
89,37,0.015056
89,38,0.046356
89,39,0.092957
89,40,0.012038
89,41,0.031202
89,42,0.002474
89,43,0.023502
89,44,0.030834
89,45,0.006002
89,46,0.034012
89,47,0.005164
89,48,0.008869
89,49,0.014954
89,50,0.000193
89,51,0.013304
89,52,0.027073
89,53,0.014887
89,54,0.025267
89,55,0.048105
89,56,0.048021
89,57,0.026724
89,58,0.039104
89,59,0.061869
89,60,0.058238
89,61,0.061860
89,62,0.027265
89,63,0.025708
89,64,0.000944
89,65,0.031615
89,66,0.006853
89,67,0.001080
89,68,0.002695
89,69,0.004407
89,70,0.017396
89,71,0.038077
89,72,0.046495
89,73,0.066444
89,74,0.059129
89,75,0.028489
89,76,0.024595
89,77,0.029384
89,78,0.081449
89,79,0.094411
89,80,0.109303
89,81,0.060801
89,82,0.038658
89,83,0.057736
89,84,0.048054
89,85,0.017784
89,86,0.006566
89,87,0.000275
89,88,0.020188
89,89,0.000000
89,90,0.019911
89,91,0.015515
89,92,0.011295
89,93,0.025731
89,94,0.063132
89,95,0.037854
89,96,0.054742
89,97,0.075065
89,98,0.079342
89,99,0.072422
89,100,0.092745
89,101,0.073606
89,102,0.026966
89,103,0.019052
89,104,0.031379
89,105,0.045138
89,106,0.041003
89,107,0.046897
89,108,0.000089
89,109,0.036210
89,110,0.033343
89,111,0.012056
89,112,0.004411
89,113,0.010799
89,114,0.009735
89,115,0.001876
89,116,0.006286
89,117,0.000132
89,118,0.025909
89,119,0.036574
89,120,0.044054
89,121,0.026594
89,122,0.015109
89,123,0.035086
89,124,0.039011
89,125,0.023548
89,126,0.016545
89,127,0.011580
89,128,0.022447
89,129,0.000381
89,130,0.002959
90,1,0.024192
90,2,0.018595
90,3,0.006896
90,4,0.000873
90,5,0.038435
90,6,0.039076
90,7,0.016861
90,8,0.023958
90,9,0.040005
90,10,0.002208
90,11,0.002020
90,12,0.032874
90,13,0.020267
90,14,0.019441
90,15,0.028514
90,16,0.023044
90,17,0.011084
90,18,0.025997
90,19,0.014196
90,20,0.011546
90,21,0.013118
90,22,0.001031
90,23,0.009828
90,24,0.004521
90,25,0.004308
90,26,0.003094
90,27,0.021648
90,28,0.003986
90,29,0.006071
90,30,0.029025
90,31,0.051311
90,32,0.027386
90,33,0.020366
90,34,0.026544
90,35,0.037986
90,36,0.027161
90,37,0.005339
90,38,0.002105
90,39,0.088691
90,40,0.057576
90,41,0.013644
90,42,0.005423
90,43,0.020483
90,44,0.029736
90,45,0.013253
90,46,0.036424
90,47,0.042100
90,48,0.023014
90,49,0.017028
90,50,0.022147
90,51,0.001053
90,52,0.022807
90,53,0.007779
90,54,0.003201
90,55,0.027902
90,56,0.042272
90,57,0.008120
90,58,0.004618
90,59,0.039594
90,60,0.038518
90,61,0.057747
90,62,0.035997
90,63,0.049566
90,64,0.001980
90,65,0.020117
90,66,0.018469
90,67,0.008368
90,68,0.006107
90,69,0.018742
90,70,0.015089
90,71,0.042748
90,72,0.023880
90,73,0.025822
90,74,0.014270
90,75,0.005171
90,76,0.019411
90,77,0.021618
90,78,0.055384
90,79,0.057799
90,80,0.051118
90,81,0.025014
90,82,0.036606
90,83,0.042404
90,84,0.041791
90,85,0.021794
90,86,0.039459
90,87,0.006743
90,88,0.024093
90,89,0.019911
90,90,0.000000
90,91,0.024621
90,92,0.033101
90,93,0.019468
90,94,0.057044
90,95,0.042928
90,96,0.020941
90,97,0.043082
90,98,0.074437
90,99,0.059202
90,100,0.059790
90,101,0.054062
90,102,0.027220
90,103,0.000725
90,104,0.022350
90,105,0.028923
90,106,0.021938
90,107,0.019366
90,108,0.032709
90,109,0.034190
90,110,0.056323
90,111,0.017851
90,112,0.049266
90,113,0.014469
90,114,0.010559
90,115,0.015453
90,116,0.016112
90,117,0.047063
90,118,0.031908
90,119,0.053041
90,120,0.043626
90,121,0.044352
90,122,0.032951
90,123,0.039091
90,124,0.057026
90,125,0.045343
90,126,0.040915
90,127,0.003458
90,128,0.001363
90,129,0.017031
90,130,0.010737
91,1,0.025380
91,2,0.000209
91,3,0.003447
91,4,0.003380
91,5,0.035746
91,6,0.001000
91,7,0.009897
91,8,0.002301
91,9,0.034358
91,10,0.029039
91,11,0.023614
91,12,0.040786
91,13,0.004642
91,14,0.012918
91,15,0.011112
91,16,0.025631
91,17,0.023622
91,18,0.018613
91,19,0.022376
91,20,0.007636
91,21,0.029499
91,22,0.002069
91,23,0.034865
91,24,0.023094
91,25,0.021026
91,26,0.029803
91,27,0.009818
91,28,0.030189
91,29,0.053463
91,30,0.030087
91,31,0.075018
91,32,0.034592
91,33,0.011279
91,34,0.013064
91,35,0.014681
91,36,0.004612
91,37,0.023442
91,38,0.017976
91,39,0.046758
91,40,0.006806
91,41,0.022408
91,42,0.050094
91,43,0.048090
91,44,0.038459
91,45,0.018037
91,46,0.019111
91,47,0.028087
91,48,0.019525
91,49,0.009355
91,50,0.022140
91,51,0.007596
91,52,0.011403
91,53,0.021603
91,54,0.000172
91,55,0.063144
91,56,0.086253
91,57,0.054091
91,58,0.018846
91,59,0.019231
91,60,0.017428
91,61,0.018018
91,62,0.000336
91,63,0.000031
91,64,0.031716
91,65,0.025830
91,66,0.037266
91,67,0.016435
91,68,0.007623
91,69,0.024145
91,70,0.033408
91,71,0.029423
91,72,0.000066
91,73,0.015793
91,74,0.010972
91,75,0.007610
91,76,0.016812
91,77,0.013126
91,78,0.097791
91,79,0.098789
91,80,0.065891
91,81,0.074861
91,82,0.060719
91,83,0.032141
91,84,0.048449
91,85,0.024349
91,86,0.017257
91,87,0.002019
91,88,0.055943
91,89,0.015515
91,90,0.024621
91,91,0.000000
91,92,0.060021
91,93,0.010544
91,94,0.029125
91,95,0.015081
91,96,0.008257
91,97,0.013322
91,98,0.049519
91,99,0.091422
91,100,0.049039
91,101,0.020229
91,102,0.035587
91,103,0.021197
91,104,0.016466
91,105,0.018694
91,106,0.020342
91,107,0.002505
91,108,0.058441
91,109,0.010823
91,110,0.000426
91,111,0.000329
91,112,0.028786
91,113,0.015272
91,114,0.007016
91,115,0.021300
91,116,0.006306
91,117,0.019493
91,118,0.033772
91,119,0.044755
91,120,0.047643
91,121,0.026530
91,122,0.032497
91,123,0.030153
91,124,0.035805
91,125,0.033321
91,126,0.001080
91,127,0.032901
91,128,0.017843
91,129,0.027085
91,130,0.007357
92,1,0.013486
92,2,0.040537
92,3,0.044228
92,4,0.046832
92,5,0.025126
92,6,0.012357
92,7,0.028664
92,8,0.036878
92,9,0.007968
92,10,0.015756
92,11,0.031385
92,12,0.004062
92,13,0.008576
92,14,0.003997
92,15,0.031809
92,16,0.014745
92,17,0.016077
92,18,0.031914
92,19,0.052452
92,20,0.010478
92,21,0.013942
92,22,0.010550
92,23,0.023079
92,24,0.004051
92,25,0.001235
92,26,0.000556
92,27,0.008526
92,28,0.008482
92,29,0.003345
92,30,0.002825
92,31,0.006413
92,32,0.007829
92,33,0.016047
92,34,0.033934
92,35,0.045336
92,36,0.042095
92,37,0.006866
92,38,0.046204
92,39,0.066663
92,40,0.029855
92,41,0.053505
92,42,0.045607
92,43,0.008021
92,44,0.022193
92,45,0.007200
92,46,0.004491
92,47,0.004588
92,48,0.015018
92,49,0.004512
92,50,0.027755
92,51,0.004899
92,52,0.006575
92,53,0.002017
92,54,0.011340
92,55,0.004187
92,56,0.056501
92,57,0.047341
92,58,0.019883
92,59,0.053835
92,60,0.010309
92,61,0.007775
92,62,0.010004
92,63,0.017249
92,64,0.036291
92,65,0.019306
92,66,0.034301
92,67,0.001625
92,68,0.000493
92,69,0.045216
92,70,0.015651
92,71,0.019723
92,72,0.015597
92,73,0.010709
92,74,0.004838
92,75,0.036047
92,76,0.050200
92,77,0.027076
92,78,0.023183
92,79,0.016733
92,80,0.060851
92,81,0.045062
92,82,0.042506
92,83,0.027764
92,84,0.004007
92,85,0.018180
92,86,0.022145
92,87,0.046619
92,88,0.068612
92,89,0.011295
92,90,0.033101
92,91,0.060021
92,92,0.000000
92,93,0.005487
92,94,0.046829
92,95,0.047714
92,96,0.014037
92,97,0.006444
92,98,0.016479
92,99,0.033619
92,100,0.050134
92,101,0.038557
92,102,0.036788
92,103,0.008143
92,104,0.001917
92,105,0.018078
92,106,0.001492
92,107,0.027837
92,108,0.014393
92,109,0.014948
92,110,0.022328
92,111,0.017507
92,112,0.021026
92,113,0.035597
92,114,0.033007
92,115,0.008142
92,116,0.000349
92,117,0.016142
92,118,0.005290
92,119,0.016094
92,120,0.020043
92,121,0.011842
92,122,0.049589
92,123,0.036706
92,124,0.037465
92,125,0.042374
92,126,0.039542
92,127,0.034801
92,128,0.044416
92,129,0.039755
92,130,0.006615
93,1,0.007867
93,2,0.052270
93,3,0.053284
93,4,0.016884
93,5,0.007108
93,6,0.005294
93,7,0.026938
93,8,0.052985
93,9,0.009530
93,10,0.027623
93,11,0.047891
93,12,0.003758
93,13,0.044267
93,14,0.031057
93,15,0.001452
93,16,0.041674
93,17,0.009390
93,18,0.024736
93,19,0.007784
93,20,0.016450
93,21,0.037173
93,22,0.000675
93,23,0.007188
93,24,0.003885
93,25,0.015897
93,26,0.034055
93,27,0.014764
93,28,0.007166
93,29,0.014914
93,30,0.012034
93,31,0.003270
93,32,0.028110
93,33,0.019305
93,34,0.014656
93,35,0.018514
93,36,0.017896
93,37,0.005482
93,38,0.039164
93,39,0.071809
93,40,0.020108
93,41,0.005463
93,42,0.002634
93,43,0.006012
93,44,0.001998
93,45,0.006889
93,46,0.019356
93,47,0.015660
93,48,0.010785
93,49,0.037747
93,50,0.020810
93,51,0.041818
93,52,0.042436
93,53,0.004102
93,54,0.028912
93,55,0.016400
93,56,0.031508
93,57,0.021002
93,58,0.014720
93,59,0.023874
93,60,0.021625
93,61,0.005480
93,62,0.026950
93,63,0.008740
93,64,0.012079
93,65,0.020963
93,66,0.036167
93,67,0.017660
93,68,0.046411
93,69,0.006203
93,70,0.018852
93,71,0.017604
93,72,0.032842
93,73,0.015301
93,74,0.013789
93,75,0.008079
93,76,0.002959
93,77,0.005760
93,78,0.042031
93,79,0.068973
93,80,0.075393
93,81,0.045684
93,82,0.053605
93,83,0.040478
93,84,0.036526
93,85,0.006102
93,86,0.025578
93,87,0.060842
93,88,0.044794
93,89,0.025731
93,90,0.019468
93,91,0.010544
93,92,0.005487
93,93,0.000000
93,94,0.037201
93,95,0.030892
93,96,0.047814
93,97,0.032233
93,98,0.034359
93,99,0.011042
93,100,0.029173
93,101,0.067933
93,102,0.018411
93,103,0.001160
93,104,0.034077
93,105,0.030537
93,106,0.031958
93,107,0.066259
93,108,0.072975
93,109,0.019668
93,110,0.011123
93,111,0.024067
93,112,0.070121
93,113,0.065966
93,114,0.064173
93,115,0.047889
93,116,0.004174
93,117,0.018871
93,118,0.001336
93,119,0.027558
93,120,0.059122
93,121,0.057802
93,122,0.040477
93,123,0.017348
93,124,0.056158
93,125,0.057519
93,126,0.005950
93,127,0.012527
93,128,0.023514
93,129,0.002140
93,130,0.015980
94,1,0.026765
94,2,0.031521
94,3,0.002155
94,4,0.003802
94,5,0.025581
94,6,0.023743
94,7,0.006639
94,8,0.009745
94,9,0.015762
94,10,0.005210
94,11,0.011288
94,12,0.028681
94,13,0.028095
94,14,0.021829
94,15,0.024122
94,16,0.026753
94,17,0.006625
94,18,0.018523
94,19,0.026944
94,20,0.006852
94,21,0.025381
94,22,0.015464
94,23,0.021144
94,24,0.007428
94,25,0.008945
94,26,0.018335
94,27,0.008306
94,28,0.005316
94,29,0.018146
94,30,0.015842
94,31,0.024582
94,32,0.023801
94,33,0.032963
94,34,0.055872
94,35,0.080912
94,36,0.087987
94,37,0.050983
94,38,0.022025
94,39,0.062489
94,40,0.017590
94,41,0.032403
94,42,0.032478
94,43,0.011019
94,44,0.010046
94,45,0.008223
94,46,0.014458
94,47,0.009471
94,48,0.008655
94,49,0.008107
94,50,0.002599
94,51,0.012498
94,52,0.015680
94,53,0.032271
94,54,0.020105
94,55,0.010421
94,56,0.030982
94,57,0.057794
94,58,0.076728
94,59,0.072310
94,60,0.057170
94,61,0.061725
94,62,0.037177
94,63,0.068674
94,64,0.031856
94,65,0.021648
94,66,0.045831
94,67,0.006451
94,68,0.011650
94,69,0.026990
94,70,0.021015
94,71,0.018530
94,72,0.001408
94,73,0.009491
94,74,0.016182
94,75,0.006125
94,76,0.006288
94,77,0.017027
94,78,0.013743
94,79,0.007243
94,80,0.007884
94,81,0.007529
94,82,0.012407
94,83,0.025812
94,84,0.007430
94,85,0.030014
94,86,0.009263
94,87,0.050576
94,88,0.051177
94,89,0.063132
94,90,0.057044
94,91,0.029125
94,92,0.046829
94,93,0.037201
94,94,0.000000
94,95,0.044331
94,96,0.030165
94,97,0.039983
94,98,0.012070
94,99,0.089155
94,100,0.043780
94,101,0.030495
94,102,0.042207
94,103,0.035439
94,104,0.001447
94,105,0.023489
94,106,0.017370
94,107,0.036077
94,108,0.040829
94,109,0.005681
94,110,0.004486
94,111,0.048219
94,112,0.022011
94,113,0.046054
94,114,0.015796
94,115,0.001660
94,116,0.032043
94,117,0.006068
94,118,0.002300
94,119,0.029118
94,120,0.041602
94,121,0.037174
94,122,0.047716
94,123,0.045362
94,124,0.052491
94,125,0.018649
94,126,0.007002
94,127,0.029031
94,128,0.068811
94,129,0.089590
94,130,0.032196
95,1,0.037953
95,2,0.080083
95,3,0.042732
95,4,0.039032
95,5,0.021727
95,6,0.041819
95,7,0.039886
95,8,0.021104
95,9,0.011846
95,10,0.045203
95,11,0.035229
95,12,0.001056
95,13,0.024451
95,14,0.024445
95,15,0.010188
95,16,0.043201
95,17,0.027207
95,18,0.031166
95,19,0.058603
95,20,0.032040
95,21,0.015066
95,22,0.033556
95,23,0.031541
95,24,0.039650
95,25,0.047778
95,26,0.039899
95,27,0.053131
95,28,0.014208
95,29,0.017385
95,30,0.077645
95,31,0.028635
95,32,0.019134
95,33,0.041877
95,34,0.105354
95,35,0.131632
95,36,0.137232
95,37,0.074581
95,38,0.087970
95,39,0.042405
95,40,0.001082
95,41,0.065228
95,42,0.027957
95,43,0.052686
95,44,0.013252
95,45,0.025389
95,46,0.011135
95,47,0.021360
95,48,0.023473
95,49,0.022366
95,50,0.000536
95,51,0.012286
95,52,0.007402
95,53,0.019560
95,54,0.006665
95,55,0.038679
95,56,0.003049
95,57,0.045615
95,58,0.023946
95,59,0.060240
95,60,0.048028
95,61,0.043946
95,62,0.034741
95,63,0.053250
95,64,0.018677
95,65,0.040918
95,66,0.061292
95,67,0.014082
95,68,0.005197
95,69,0.010215
95,70,0.002856
95,71,0.010281
95,72,0.005687
95,73,0.004014
95,74,0.016354
95,75,0.005305
95,76,0.022475
95,77,0.027050
95,78,0.002321
95,79,0.019449
95,80,0.004230
95,81,0.000934
95,82,0.013446
95,83,0.015191
95,84,0.027715
95,85,0.025444
95,86,0.065351
95,87,0.076709
95,88,0.019873
95,89,0.037854
95,90,0.042928
95,91,0.015081
95,92,0.047714
95,93,0.030892
95,94,0.044331
95,95,0.000000
95,96,0.023647
95,97,0.085400
95,98,0.008349
95,99,0.080478
95,100,0.041363
95,101,0.025675
95,102,0.076925
95,103,0.043439
95,104,0.016115
95,105,0.020187
95,106,0.029169
95,107,0.016409
95,108,0.003392
95,109,0.011402
95,110,0.004261
95,111,0.046014
95,112,0.011129
95,113,0.023098
95,114,0.009695
95,115,0.002460
95,116,0.030745
95,117,0.000315
95,118,0.015263
95,119,0.018491
95,120,0.012047
95,121,0.002942
95,122,0.000256
95,123,0.020115
95,124,0.007335
95,125,0.007589
95,126,0.047116
95,127,0.025707
95,128,0.051061
95,129,0.063737
95,130,0.016522
96,1,0.055602
96,2,0.100216
96,3,0.062738
96,4,0.038406
96,5,0.016107
96,6,0.005212
96,7,0.046834
96,8,0.077366
96,9,0.036755
96,10,0.062484
96,11,0.070798
96,12,0.031788
96,13,0.028377
96,14,0.005477
96,15,0.043835
96,16,0.069750
96,17,0.048928
96,18,0.036616
96,19,0.034038
96,20,0.023135
96,21,0.007883
96,22,0.032144
96,23,0.017311
96,24,0.044029
96,25,0.032140
96,26,0.019897
96,27,0.022312
96,28,0.018910
96,29,0.038906
96,30,0.065015
96,31,0.076780
96,32,0.023597
96,33,0.029562
96,34,0.088604
96,35,0.089665
96,36,0.116420
96,37,0.077724
96,38,0.106131
96,39,0.036622
96,40,0.035863
96,41,0.089580
96,42,0.083876
96,43,0.001830
96,44,0.012053
96,45,0.007844
96,46,0.028330
96,47,0.063796
96,48,0.035332
96,49,0.055806
96,50,0.023828
96,51,0.071708
96,52,0.083487
96,53,0.062298
96,54,0.049787
96,55,0.002117
96,56,0.022084
96,57,0.022845
96,58,0.059866
96,59,0.048313
96,60,0.028092
96,61,0.003578
96,62,0.026065
96,63,0.051710
96,64,0.017248
96,65,0.051946
96,66,0.070107
96,67,0.058346
96,68,0.016036
96,69,0.011424
96,70,0.013903
96,71,0.053862
96,72,0.036440
96,73,0.008469
96,74,0.020547
96,75,0.002618
96,76,0.027004
96,77,0.021264
96,78,0.010362
96,79,0.001845
96,80,0.064300
96,81,0.012326
96,82,0.039078
96,83,0.034738
96,84,0.001996
96,85,0.034411
96,86,0.002363
96,87,0.117388
96,88,0.067147
96,89,0.054742
96,90,0.020941
96,91,0.008257
96,92,0.014037
96,93,0.047814
96,94,0.030165
96,95,0.023647
96,96,0.000000
96,97,0.068845
96,98,0.033982
96,99,0.011294
96,100,0.052980
96,101,0.020140
96,102,0.026292
96,103,0.051092
96,104,0.012534
96,105,0.012516
96,106,0.065858
96,107,0.029096
96,108,0.006619
96,109,0.002457
96,110,0.012181
96,111,0.064458
96,112,0.003449
96,113,0.038420
96,114,0.010138
96,115,0.037621
96,116,0.036357
96,117,0.005896
96,118,0.012578
96,119,0.008553
96,120,0.003444
96,121,0.000759
96,122,0.010003
96,123,0.023025
96,124,0.032884
96,125,0.001331
96,126,0.021338
96,127,0.009951
96,128,0.009143
96,129,0.013059
96,130,0.023038
97,1,0.011329
97,2,0.022263
97,3,0.028364
97,4,0.035161
97,5,0.013915
97,6,0.017826
97,7,0.001573
97,8,0.005376
97,9,0.017598
97,10,0.008335
97,11,0.003571
97,12,0.010857
97,13,0.011501
97,14,0.024146
97,15,0.051590
97,16,0.041565
97,17,0.055331
97,18,0.008782
97,19,0.016411
97,20,0.007218
97,21,0.023700
97,22,0.026883
97,23,0.022937
97,24,0.014630
97,25,0.002765
97,26,0.015290
97,27,0.035255
97,28,0.007440
97,29,0.034208
97,30,0.005385
97,31,0.033748
97,32,0.056280
97,33,0.022980
97,34,0.053375
97,35,0.023427
97,36,0.021099
97,37,0.021282
97,38,0.003319
97,39,0.006617
97,40,0.020998
97,41,0.009028
97,42,0.036888
97,43,0.032709
97,44,0.042626
97,45,0.013563
97,46,0.051713
97,47,0.020969
97,48,0.058598
97,49,0.039092
97,50,0.044315
97,51,0.034591
97,52,0.061631
97,53,0.037735
97,54,0.040259
97,55,0.009818
97,56,0.017604
97,57,0.042418
97,58,0.014628
97,59,0.017344
97,60,0.006573
97,61,0.016765
97,62,0.001166
97,63,0.004101
97,64,0.008876
97,65,0.016624
97,66,0.004285
97,67,0.040057
97,68,0.006837
97,69,0.051935
97,70,0.041584
97,71,0.008456
97,72,0.042497
97,73,0.039790
97,74,0.038401
97,75,0.001348
97,76,0.010354
97,77,0.048507
97,78,0.034725
97,79,0.041310
97,80,0.068974
97,81,0.015410
97,82,0.000803
97,83,0.039297
97,84,0.012797
97,85,0.002798
97,86,0.032792
97,87,0.075005
97,88,0.068048
97,89,0.075065
97,90,0.043082
97,91,0.013322
97,92,0.006444
97,93,0.032233
97,94,0.039983
97,95,0.085400
97,96,0.068845
97,97,0.000000
97,98,0.050270
97,99,0.006435
97,100,0.029143
97,101,0.010187
97,102,0.035358
97,103,0.025907
97,104,0.012220
97,105,0.005846
97,106,0.028629
97,107,0.001351
97,108,0.009648
97,109,0.031897
97,110,0.033836
97,111,0.060560
97,112,0.001302
97,113,0.036077
97,114,0.012187
97,115,0.008486
97,116,0.049020
97,117,0.022960
97,118,0.032334
97,119,0.039006
97,120,0.002616
97,121,0.013482
97,122,0.041055
97,123,0.015455
97,124,0.032212
97,125,0.012625
97,126,0.031043
97,127,0.037394
97,128,0.000262
97,129,0.017631
97,130,0.014518
98,1,0.002467
98,2,0.031487
98,3,0.001390
98,4,0.032888
98,5,0.038589
98,6,0.025870
98,7,0.065974
98,8,0.023523
98,9,0.003623
98,10,0.030747
98,11,0.024900
98,12,0.061315
98,13,0.048611
98,14,0.045180
98,15,0.072995
98,16,0.064142
98,17,0.033530
98,18,0.013232
98,19,0.014271
98,20,0.019594
98,21,0.010553
98,22,0.056834
98,23,0.079429
98,24,0.035347
98,25,0.032587
98,26,0.052243
98,27,0.012100
98,28,0.020732
98,29,0.038523
98,30,0.036216
98,31,0.048534
98,32,0.039306
98,33,0.033265
98,34,0.079121
98,35,0.053542
98,36,0.097432
98,37,0.032600
98,38,0.041227
98,39,0.007015
98,40,0.027395
98,41,0.012570
98,42,0.009379
98,43,0.038565
98,44,0.024943
98,45,0.029129
98,46,0.032584
98,47,0.025320
98,48,0.021497
98,49,0.038482
98,50,0.041862
98,51,0.033319
98,52,0.058311
98,53,0.045974
98,54,0.040516
98,55,0.024060
98,56,0.026815
98,57,0.028600
98,58,0.033540
98,59,0.027094
98,60,0.018526
98,61,0.061283
98,62,0.050548
98,63,0.036175
98,64,0.031065
98,65,0.041813
98,66,0.019868
98,67,0.017215
98,68,0.002769
98,69,0.065245
98,70,0.042289
98,71,0.002662
98,72,0.046109
98,73,0.043161
98,74,0.025925
98,75,0.009163
98,76,0.046039
98,77,0.086434
98,78,0.044088
98,79,0.006359
98,80,0.061054
98,81,0.046593
98,82,0.026357
98,83,0.036202
98,84,0.026830
98,85,0.022435
98,86,0.024484
98,87,0.087670
98,88,0.025386
98,89,0.079342
98,90,0.074437
98,91,0.049519
98,92,0.016479
98,93,0.034359
98,94,0.012070
98,95,0.008349
98,96,0.033982
98,97,0.050270
98,98,0.000000
98,99,0.025333
98,100,0.016880
98,101,0.076692
98,102,0.038273
98,103,0.175413
98,104,0.065030
98,105,0.058235
98,106,0.148611
98,107,0.078100
98,108,0.088872
98,109,0.061680
98,110,0.094439
98,111,0.180317
98,112,0.087757
98,113,0.032236
98,114,0.052539
98,115,0.104067
98,116,0.156424
98,117,0.012565
98,118,0.013112
98,119,0.007876
98,120,0.004874
98,121,0.000692
98,122,0.027176
98,123,0.034182
98,124,0.035533
98,125,0.014903
98,126,0.056128
98,127,0.030991
98,128,0.068019
98,129,0.041290
98,130,0.012550
99,1,0.019391
99,2,0.028784
99,3,0.095857
99,4,0.093916
99,5,0.039159
99,6,0.033093
99,7,0.138042
99,8,0.083158
99,9,0.022523
99,10,0.038904
99,11,0.056419
99,12,0.058407
99,13,0.037020
99,14,0.019833
99,15,0.018034
99,16,0.033541
99,17,0.055124
99,18,0.034665
99,19,0.075336
99,20,0.043052
99,21,0.031478
99,22,0.072021
99,23,0.051696
99,24,0.041106
99,25,0.047868
99,26,0.096785
99,27,0.093945
99,28,0.031474
99,29,0.012596
99,30,0.050730
99,31,0.010958
99,32,0.018467
99,33,0.064599
99,34,0.033867
99,35,0.053662
99,36,0.002345
99,37,0.086601
99,38,0.085604
99,39,0.096016
99,40,0.024854
99,41,0.037796
99,42,0.024963
99,43,0.054469
99,44,0.042527
99,45,0.000498
99,46,0.026202
99,47,0.019253
99,48,0.039957
99,49,0.009284
99,50,0.003129
99,51,0.012891
99,52,0.004790
99,53,0.003585
99,54,0.002049
99,55,0.037146
99,56,0.013441
99,57,0.018059
99,58,0.031416
99,59,0.019747
99,60,0.031990
99,61,0.037409
99,62,0.050937
99,63,0.015417
99,64,0.010073
99,65,0.036190
99,66,0.053383
99,67,0.019956
99,68,0.007991
99,69,0.023540
99,70,0.007868
99,71,0.027805
99,72,0.009313
99,73,0.018182
99,74,0.007498
99,75,0.053691
99,76,0.069406
99,77,0.032463
99,78,0.073791
99,79,0.064064
99,80,0.042050
99,81,0.040586
99,82,0.043623
99,83,0.016903
99,84,0.079792
99,85,0.009290
99,86,0.068905
99,87,0.055344
99,88,0.049370
99,89,0.072422
99,90,0.059202
99,91,0.091422
99,92,0.033619
99,93,0.011042
99,94,0.089155
99,95,0.080478
99,96,0.011294
99,97,0.006435
99,98,0.025333
99,99,0.000000
99,100,0.056410
99,101,0.058985
99,102,0.023111
99,103,0.036262
99,104,0.002865
99,105,0.002734
99,106,0.120785
99,107,0.057692
99,108,0.067971
99,109,0.044827
99,110,0.064720
99,111,0.122403
99,112,0.029354
99,113,0.006267
99,114,0.046338
99,115,0.026736
99,116,0.151429
99,117,0.006809
99,118,0.068694
99,119,0.058618
99,120,0.055303
99,121,0.013548
99,122,0.023371
99,123,0.032654
99,124,0.029211
99,125,0.021631
99,126,0.083846
99,127,0.032436
99,128,0.113003
99,129,0.043995
99,130,0.016024
100,1,0.071052
100,2,0.026930
100,3,0.010275
100,4,0.005411
100,5,0.030591
100,6,0.029006
100,7,0.015396
100,8,0.013843
100,9,0.061365
100,10,0.027834
100,11,0.013572
100,12,0.021181
100,13,0.033585
100,14,0.037910
100,15,0.025207
100,16,0.062912
100,17,0.031218
100,18,0.033900
100,19,0.035780
100,20,0.033723
100,21,0.001882
100,22,0.030918
100,23,0.021254
100,24,0.024454
100,25,0.031543
100,26,0.044597
100,27,0.055790
100,28,0.011379
100,29,0.017864
100,30,0.013093
100,31,0.004370
100,32,0.032131
100,33,0.018487
100,34,0.016748
100,35,0.017057
100,36,0.030528
100,37,0.033902
100,38,0.029333
100,39,0.030991
100,40,0.001814
100,41,0.006929
100,42,0.028336
100,43,0.014486
100,44,0.053513
100,45,0.028254
100,46,0.041426
100,47,0.052763
100,48,0.015792
100,49,0.043713
100,50,0.031111
100,51,0.037467
100,52,0.046078
100,53,0.044485
100,54,0.035788
100,55,0.048062
100,56,0.034285
100,57,0.028546
100,58,0.001993
100,59,0.068885
100,60,0.072962
100,61,0.012178
100,62,0.042632
100,63,0.023456
100,64,0.015754
100,65,0.000002
100,66,0.030335
100,67,0.036904
100,68,0.020598
100,69,0.034340
100,70,0.002523
100,71,0.017060
100,72,0.021290
100,73,0.025200
100,74,0.042928
100,75,0.033381
100,76,0.021272
100,77,0.048030
100,78,0.016006
100,79,0.008270
100,80,0.048621
100,81,0.001836
100,82,0.033682
100,83,0.053645
100,84,0.002352
100,85,0.018688
100,86,0.034858
100,87,0.104992
100,88,0.117244
100,89,0.092745
100,90,0.059790
100,91,0.049039
100,92,0.050134
100,93,0.029173
100,94,0.043780
100,95,0.041363
100,96,0.052980
100,97,0.029143
100,98,0.016880
100,99,0.056410
100,100,0.000000
100,101,0.066546
100,102,0.103105
100,103,0.027090
100,104,0.003383
100,105,0.000645
100,106,0.028092
100,107,0.013936
100,108,0.028276
100,109,0.010549
100,110,0.042838
100,111,0.019731
100,112,0.011034
100,113,0.034408
100,114,0.057768
100,115,0.010443
100,116,0.027490
100,117,0.006360
100,118,0.033100
100,119,0.051756
100,120,0.023478
100,121,0.048748
100,122,0.070862
100,123,0.024071
100,124,0.049980
100,125,0.028603
100,126,0.017080
100,127,0.042346
100,128,0.040421
100,129,0.014574
100,130,0.038071
101,1,0.027406
101,2,0.033835
101,3,0.084885
101,4,0.053827
101,5,0.018148
101,6,0.007214
101,7,0.046565
101,8,0.071524
101,9,0.043147
101,10,0.012408
101,11,0.018076
101,12,0.020319
101,13,0.039438
101,14,0.048941
101,15,0.072692
101,16,0.070087
101,17,0.031989
101,18,0.016110
101,19,0.001500
101,20,0.021721
101,21,0.007069
101,22,0.015039
101,23,0.036029
101,24,0.023912
101,25,0.021534
101,26,0.045005
101,27,0.051750
101,28,0.006375
101,29,0.014464
101,30,0.009765
101,31,0.045174
101,32,0.013211
101,33,0.019995
101,34,0.080918
101,35,0.083857
101,36,0.155198
101,37,0.034837
101,38,0.060325
101,39,0.009540
101,40,0.054876
101,41,0.087567
101,42,0.079805
101,43,0.114421
101,44,0.061310
101,45,0.036178
101,46,0.105085
101,47,0.058900
101,48,0.064682
101,49,0.062007
101,50,0.058553
101,51,0.073180
101,52,0.079068
101,53,0.077524
101,54,0.071839
101,55,0.048240
101,56,0.045384
101,57,0.091572
101,58,0.086478
101,59,0.093496
101,60,0.052633
101,61,0.038538
101,62,0.069141
101,63,0.031565
101,64,0.001513
101,65,0.022507
101,66,0.085606
101,67,0.024866
101,68,0.003567
101,69,0.031057
101,70,0.000066
101,71,0.045031
101,72,0.008444
101,73,0.054221
101,74,0.036474
101,75,0.040511
101,76,0.004531
101,77,0.043344
101,78,0.003091
101,79,0.019040
101,80,0.074390
101,81,0.033819
101,82,0.050281
101,83,0.039666
101,84,0.016102
101,85,0.068571
101,86,0.070030
101,87,0.121049
101,88,0.091541
101,89,0.073606
101,90,0.054062
101,91,0.020229
101,92,0.038557
101,93,0.067933
101,94,0.030495
101,95,0.025675
101,96,0.020140
101,97,0.010187
101,98,0.076692
101,99,0.058985
101,100,0.066546
101,101,0.000000
101,102,0.014903
101,103,0.013842
101,104,0.020275
101,105,0.033601
101,106,0.020107
101,107,0.029129
101,108,0.041228
101,109,0.072957
101,110,0.042373
101,111,0.012520
101,112,0.020595
101,113,0.011698
101,114,0.005879
101,115,0.090897
101,116,0.042286
101,117,0.028792
101,118,0.117306
101,119,0.091035
101,120,0.029406
101,121,0.049494
101,122,0.049171
101,123,0.044375
101,124,0.047850
101,125,0.051356
101,126,0.004014
101,127,0.014421
101,128,0.010220
101,129,0.010347
101,130,0.005314
102,1,0.020478
102,2,0.026536
102,3,0.049034
102,4,0.018005
102,5,0.015024
102,6,0.014208
102,7,0.028720
102,8,0.053288
102,9,0.011892
102,10,0.044522
102,11,0.003245
102,12,0.002285
102,13,0.020008
102,14,0.028212
102,15,0.035872
102,16,0.049129
102,17,0.025868
102,18,0.004767
102,19,0.016336
102,20,0.046475
102,21,0.020732
102,22,0.036623
102,23,0.011965
102,24,0.008920
102,25,0.013384
102,26,0.050744
102,27,0.069052
102,28,0.019719
102,29,0.004327
102,30,0.034156
102,31,0.032069
102,32,0.016647
102,33,0.010065
102,34,0.100629
102,35,0.083433
102,36,0.181606
102,37,0.002091
102,38,0.035640
102,39,0.028129
102,40,0.077950
102,41,0.085725
102,42,0.088263
102,43,0.116467
102,44,0.061446
102,45,0.069857
102,46,0.085044
102,47,0.065982
102,48,0.064797
102,49,0.097563
102,50,0.066633
102,51,0.073522
102,52,0.072095
102,53,0.080576
102,54,0.052475
102,55,0.055893
102,56,0.046517
102,57,0.094945
102,58,0.060258
102,59,0.064912
102,60,0.051281
102,61,0.034741
102,62,0.045558
102,63,0.025326
102,64,0.016266
102,65,0.017191
102,66,0.031220
102,67,0.038237
102,68,0.026429
102,69,0.045313
102,70,0.006699
102,71,0.050705
102,72,0.029393
102,73,0.064949
102,74,0.016741
102,75,0.012784
102,76,0.002844
102,77,0.062383
102,78,0.023515
102,79,0.001460
102,80,0.059552
102,81,0.006821
102,82,0.004617
102,83,0.023453
102,84,0.009980
102,85,0.041096
102,86,0.038093
102,87,0.084356
102,88,0.039515
102,89,0.026966
102,90,0.027220
102,91,0.035587
102,92,0.036788
102,93,0.018411
102,94,0.042207
102,95,0.076925
102,96,0.026292
102,97,0.035358
102,98,0.038273
102,99,0.023111
102,100,0.103105
102,101,0.014903
102,102,0.000000
102,103,0.035689
102,104,0.028729
102,105,0.016002
102,106,0.111135
102,107,0.048531
102,108,0.054991
102,109,0.005995
102,110,0.014339
102,111,0.064364
102,112,0.043889
102,113,0.027152
102,114,0.029581
102,115,0.106296
102,116,0.002097
102,117,0.009485
102,118,0.064755
102,119,0.025578
102,120,0.017963
102,121,0.004238
102,122,0.000746
102,123,0.025908
102,124,0.038242
102,125,0.027678
102,126,0.026753
102,127,0.014109
102,128,0.008024
102,129,0.007571
102,130,0.006637
103,1,0.078307
103,2,0.025429
103,3,0.019070
103,4,0.075530
103,5,0.049964
103,6,0.036063
103,7,0.053014
103,8,0.007398
103,9,0.039895
103,10,0.051711
103,11,0.044654
103,12,0.064458
103,13,0.024284
103,14,0.023832
103,15,0.045101
103,16,0.039614
103,17,0.010960
103,18,0.031482
103,19,0.029516
103,20,0.053164
103,21,0.032597
103,22,0.024330
103,23,0.032902
103,24,0.008192
103,25,0.015197
103,26,0.033828
103,27,0.001538
103,28,0.025575
103,29,0.015906
103,30,0.021008
103,31,0.011458
103,32,0.027432
103,33,0.038635
103,34,0.001781
103,35,0.051513
103,36,0.034593
103,37,0.029419
103,38,0.040889
103,39,0.006096
103,40,0.062579
103,41,0.001497
103,42,0.024209
103,43,0.046291
103,44,0.005034
103,45,0.007628
103,46,0.031855
103,47,0.006526
103,48,0.018143
103,49,0.057681
103,50,0.048234
103,51,0.044476
103,52,0.060999
103,53,0.062517
103,54,0.020268
103,55,0.045446
103,56,0.025063
103,57,0.037245
103,58,0.000948
103,59,0.047617
103,60,0.024471
103,61,0.009619
103,62,0.035878
103,63,0.001920
103,64,0.028949
103,65,0.029094
103,66,0.018322
103,67,0.005982
103,68,0.015874
103,69,0.017691
103,70,0.009854
103,71,0.034017
103,72,0.014324
103,73,0.051369
103,74,0.000192
103,75,0.006486
103,76,0.007385
103,77,0.037121
103,78,0.042570
103,79,0.039186
103,80,0.038744
103,81,0.025327
103,82,0.016895
103,83,0.017773
103,84,0.014559
103,85,0.059548
103,86,0.043737
103,87,0.029431
103,88,0.007001
103,89,0.019052
103,90,0.000725
103,91,0.021197
103,92,0.008143
103,93,0.001160
103,94,0.035439
103,95,0.043439
103,96,0.051092
103,97,0.025907
103,98,0.175413
103,99,0.036262
103,100,0.027090
103,101,0.013842
103,102,0.035689
103,103,0.000000
103,104,0.027659
103,105,0.009376
103,106,0.094882
103,107,0.057123
103,108,0.010460
103,109,0.016412
103,110,0.003888
103,111,0.030591
103,112,0.031651
103,113,0.044105
103,114,0.077827
103,115,0.030676
103,116,0.020818
103,117,0.012832
103,118,0.062866
103,119,0.035617
103,120,0.018304
103,121,0.014809
103,122,0.005320
103,123,0.005256
103,124,0.010936
103,125,0.004452
103,126,0.029746
103,127,0.011782
103,128,0.044960
103,129,0.028546
103,130,0.032832
104,1,0.066567
104,2,0.038031
104,3,0.035603
104,4,0.022253
104,5,0.019298
104,6,0.036088
104,7,0.023143
104,8,0.038177
104,9,0.006533
104,10,0.017804
104,11,0.013509
104,12,0.009619
104,13,0.046748
104,14,0.065828
104,15,0.045009
104,16,0.040570
104,17,0.006632
104,18,0.024713
104,19,0.047575
104,20,0.010643
104,21,0.004851
104,22,0.032064
104,23,0.022699
104,24,0.017139
104,25,0.044089
104,26,0.067445
104,27,0.055180
104,28,0.022284
104,29,0.003509
104,30,0.005551
104,31,0.010759
104,32,0.037385
104,33,0.031955
104,34,0.032836
104,35,0.009832
104,36,0.052031
104,37,0.028897
104,38,0.030504
104,39,0.021640
104,40,0.044100
104,41,0.009605
104,42,0.005954
104,43,0.006121
104,44,0.035687
104,45,0.071992
104,46,0.020522
104,47,0.008137
104,48,0.029378
104,49,0.027461
104,50,0.005048
104,51,0.028659
104,52,0.011371
104,53,0.002590
104,54,0.009613
104,55,0.018470
104,56,0.016873
104,57,0.005154
104,58,0.005351
104,59,0.001990
104,60,0.036048
104,61,0.025619
104,62,0.001913
104,63,0.022640
104,64,0.009713
104,65,0.026270
104,66,0.056241
104,67,0.029167
104,68,0.007138
104,69,0.018746
104,70,0.021056
104,71,0.021924
104,72,0.021104
104,73,0.060415
104,74,0.017170
104,75,0.001368
104,76,0.024942
104,77,0.020075
104,78,0.019890
104,79,0.025260
104,80,0.012236
104,81,0.016375
104,82,0.003303
104,83,0.006198
104,84,0.012390
104,85,0.035700
104,86,0.072820
104,87,0.040817
104,88,0.026300
104,89,0.031379
104,90,0.022350
104,91,0.016466
104,92,0.001917
104,93,0.034077
104,94,0.001447
104,95,0.016115
104,96,0.012534
104,97,0.012220
104,98,0.065030
104,99,0.002865
104,100,0.003383
104,101,0.020275
104,102,0.028729
104,103,0.027659
104,104,0.000000
104,105,0.004508
104,106,0.023064
104,107,0.048223
104,108,0.068708
104,109,0.033878
104,110,0.021055
104,111,0.041819
104,112,0.012751
104,113,0.018226
104,114,0.033940
104,115,0.051223
104,116,0.069197
104,117,0.041816
104,118,0.004359
104,119,0.046643
104,120,0.025121
104,121,0.036930
104,122,0.063669
104,123,0.060882
104,124,0.035955
104,125,0.014051
104,126,0.043952
104,127,0.060580
104,128,0.097625
104,129,0.075348
104,130,0.079713
105,1,0.069199
105,2,0.013065
105,3,0.026954
105,4,0.000051
105,5,0.027866
105,6,0.068419
105,7,0.036322
105,8,0.029931
105,9,0.028678
105,10,0.029650
105,11,0.019092
105,12,0.011132
105,13,0.036080
105,14,0.047379
105,15,0.040940
105,16,0.078001
105,17,0.010213
105,18,0.003424
105,19,0.032959
105,20,0.020904
105,21,0.037574
105,22,0.043344
105,23,0.084319
105,24,0.028151
105,25,0.059204
105,26,0.069692
105,27,0.072424
105,28,0.028322
105,29,0.010758
105,30,0.034177
105,31,0.015158
105,32,0.038322
105,33,0.009536
105,34,0.011625
105,35,0.018151
105,36,0.045406
105,37,0.022455
105,38,0.039669
105,39,0.024561
105,40,0.038554
105,41,0.004760
105,42,0.002244
105,43,0.036871
105,44,0.023504
105,45,0.034098
105,46,0.012474
105,47,0.013433
105,48,0.008677
105,49,0.023155
105,50,0.014701
105,51,0.031891
105,52,0.028592
105,53,0.034108
105,54,0.002586
105,55,0.069631
105,56,0.011285
105,57,0.015877
105,58,0.002430
105,59,0.025260
105,60,0.040004
105,61,0.032295
105,62,0.035798
105,63,0.029870
105,64,0.033941
105,65,0.045343
105,66,0.079010
105,67,0.026332
105,68,0.037303
105,69,0.016428
105,70,0.029459
105,71,0.032225
105,72,0.007998
105,73,0.043710
105,74,0.003494
105,75,0.010322
105,76,0.021048
105,77,0.021845
105,78,0.005105
105,79,0.030497
105,80,0.029044
105,81,0.010377
105,82,0.021874
105,83,0.054435
105,84,0.010488
105,85,0.074960
105,86,0.071788
105,87,0.059827
105,88,0.058864
105,89,0.045138
105,90,0.028923
105,91,0.018694
105,92,0.018078
105,93,0.030537
105,94,0.023489
105,95,0.020187
105,96,0.012516
105,97,0.005846
105,98,0.058235
105,99,0.002734
105,100,0.000645
105,101,0.033601
105,102,0.016002
105,103,0.009376
105,104,0.004508
105,105,0.000000
105,106,0.009049
105,107,0.031085
105,108,0.058355
105,109,0.029482
105,110,0.019507
105,111,0.026366
105,112,0.014264
105,113,0.010223
105,114,0.030593
105,115,0.027443
105,116,0.057840
105,117,0.052245
105,118,0.008198
105,119,0.028297
105,120,0.014125
105,121,0.048541
105,122,0.060926
105,123,0.047176
105,124,0.050247
105,125,0.037684
105,126,0.009386
105,127,0.051954
105,128,0.151960
105,129,0.087417
105,130,0.040996
106,1,0.084269
106,2,0.036760
106,3,0.090708
106,4,0.119018
106,5,0.108717
106,6,0.104799
106,7,0.143191
106,8,0.116875
106,9,0.072247
106,10,0.092798
106,11,0.101721
106,12,0.145540
106,13,0.040315
106,14,0.016911
106,15,0.040159
106,16,0.012721
106,17,0.075006
106,18,0.053797
106,19,0.090436
106,20,0.044530
106,21,0.039578
106,22,0.021115
106,23,0.045399
106,24,0.037949
106,25,0.005771
106,26,0.052680
106,27,0.106211
106,28,0.018936
106,29,0.020297
106,30,0.029138
106,31,0.091914
106,32,0.037188
106,33,0.008338
106,34,0.046878
106,35,0.067121
106,36,0.013877
106,37,0.049411
106,38,0.116257
106,39,0.069438
106,40,0.053588
106,41,0.054551
106,42,0.084216
106,43,0.028156
106,44,0.044558
106,45,0.069522
106,46,0.000173
106,47,0.018955
106,48,0.001678
106,49,0.007804
106,50,0.037816
106,51,0.000787
106,52,0.038989
106,53,0.017457
106,54,0.008029
106,55,0.042951
106,56,0.114599
106,57,0.022207
106,58,0.039543
106,59,0.052129
106,60,0.064889
106,61,0.005060
106,62,0.096862
106,63,0.001486
106,64,0.066542
106,65,0.093577
106,66,0.151820
106,67,0.037560
106,68,0.010297
106,69,0.025890
106,70,0.055878
106,71,0.012524
106,72,0.031427
106,73,0.037983
106,74,0.050587
106,75,0.115200
106,76,0.096472
106,77,0.088604
106,78,0.066709
106,79,0.070716
106,80,0.091514
106,81,0.019035
106,82,0.017139
106,83,0.029940
106,84,0.024835
106,85,0.075888
106,86,0.013239
106,87,0.004341
106,88,0.004457
106,89,0.041003
106,90,0.021938
106,91,0.020342
106,92,0.001492
106,93,0.031958
106,94,0.017370
106,95,0.029169
106,96,0.065858
106,97,0.028629
106,98,0.148611
106,99,0.120785
106,100,0.028092
106,101,0.020107
106,102,0.111135
106,103,0.094882
106,104,0.023064
106,105,0.009049
106,106,0.000000
106,107,0.003693
106,108,0.120130
106,109,0.055895
106,110,0.024606
106,111,0.045557
106,112,0.006921
106,113,0.034106
106,114,0.000994
106,115,0.034955
106,116,0.057577
106,117,0.000676
106,118,0.054749
106,119,0.046392
106,120,0.015182
106,121,0.057143
106,122,0.021317
106,123,0.040962
106,124,0.056376
106,125,0.051391
106,126,0.042619
106,127,0.106333
106,128,0.114344
106,129,0.007550
106,130,0.000223
107,1,0.051769
107,2,0.000800
107,3,0.009583
107,4,0.026032
107,5,0.046161
107,6,0.013363
107,7,0.019014
107,8,0.026886
107,9,0.028878
107,10,0.081965
107,11,0.070886
107,12,0.072531
107,13,0.011199
107,14,0.022386
107,15,0.014011
107,16,0.022845
107,17,0.007242
107,18,0.074451
107,19,0.095730
107,20,0.050465
107,21,0.023272
107,22,0.016422
107,23,0.077731
107,24,0.034442
107,25,0.018607
107,26,0.009094
107,27,0.006026
107,28,0.041021
107,29,0.074865
107,30,0.067348
107,31,0.096392
107,32,0.032730
107,33,0.075472
107,34,0.035519
107,35,0.071758
107,36,0.000753
107,37,0.116120
107,38,0.163336
107,39,0.015034
107,40,0.007025
107,41,0.025457
107,42,0.023402
107,43,0.062639
107,44,0.075250
107,45,0.018871
107,46,0.014765
107,47,0.026493
107,48,0.009329
107,49,0.043145
107,50,0.032861
107,51,0.019422
107,52,0.039989
107,53,0.034549
107,54,0.050839
107,55,0.022608
107,56,0.057333
107,57,0.002490
107,58,0.008561
107,59,0.041295
107,60,0.087464
107,61,0.026469
107,62,0.013663
107,63,0.022974
107,64,0.017067
107,65,0.063074
107,66,0.161808
107,67,0.063573
107,68,0.041556
107,69,0.030422
107,70,0.068545
107,71,0.044320
107,72,0.038704
107,73,0.003887
107,74,0.017453
107,75,0.100458
107,76,0.057432
107,77,0.164663
107,78,0.044059
107,79,0.069219
107,80,0.002022
107,81,0.003061
107,82,0.040054
107,83,0.035801
107,84,0.019602
107,85,0.001022
107,86,0.032911
107,87,0.023365
107,88,0.053155
107,89,0.046897
107,90,0.019366
107,91,0.002505
107,92,0.027837
107,93,0.066259
107,94,0.036077
107,95,0.016409
107,96,0.029096
107,97,0.001351
107,98,0.078100
107,99,0.057692
107,100,0.013936
107,101,0.029129
107,102,0.048531
107,103,0.057123
107,104,0.048223
107,105,0.031085
107,106,0.003693
107,107,0.000000
107,108,0.106002
107,109,0.001258
107,110,0.029306
107,111,0.008330
107,112,0.014066
107,113,0.008267
107,114,0.040878
107,115,0.037119
107,116,0.042962
107,117,0.020049
107,118,0.029906
107,119,0.061660
107,120,0.026805
107,121,0.056329
107,122,0.037930
107,123,0.098418
107,124,0.097764
107,125,0.078280
107,126,0.041579
107,127,0.015904
107,128,0.103043
107,129,0.030104
107,130,0.043509
108,1,0.038678
108,2,0.019328
108,3,0.012419
108,4,0.056919
108,5,0.025817
108,6,0.024011
108,7,0.048976
108,8,0.017416
108,9,0.030124
108,10,0.075893
108,11,0.048802
108,12,0.039481
108,13,0.031709
108,14,0.056071
108,15,0.027700
108,16,0.007877
108,17,0.000957
108,18,0.074197
108,19,0.115764
108,20,0.054728
108,21,0.018007
108,22,0.024413
108,23,0.076177
108,24,0.014784
108,25,0.031668
108,26,0.007534
108,27,0.000107
108,28,0.047572
108,29,0.066030
108,30,0.064314
108,31,0.096326
108,32,0.026070
108,33,0.114652
108,34,0.070046
108,35,0.119823
108,36,0.001899
108,37,0.149296
108,38,0.170924
108,39,0.012766
108,40,0.006814
108,41,0.025709
108,42,0.047269
108,43,0.094784
108,44,0.060957
108,45,0.037795
108,46,0.031456
108,47,0.031599
108,48,0.000790
108,49,0.066848
108,50,0.030457
108,51,0.035206
108,52,0.028603
108,53,0.061935
108,54,0.084322
108,55,0.057803
108,56,0.031040
108,57,0.006881
108,58,0.033185
108,59,0.017099
108,60,0.058141
108,61,0.054445
108,62,0.039504
108,63,0.056351
108,64,0.021247
108,65,0.043001
108,66,0.145516
108,67,0.064633
108,68,0.059691
108,69,0.040096
108,70,0.074364
108,71,0.057144
108,72,0.049045
108,73,0.005063
108,74,0.016318
108,75,0.088466
108,76,0.003995
108,77,0.112669
108,78,0.066073
108,79,0.117659
108,80,0.042356
108,81,0.011181
108,82,0.030483
108,83,0.022749
108,84,0.070618
108,85,0.013054
108,86,0.016287
108,87,0.012180
108,88,0.024661
108,89,0.000089
108,90,0.032709
108,91,0.058441
108,92,0.014393
108,93,0.072975
108,94,0.040829
108,95,0.003392
108,96,0.006619
108,97,0.009648
108,98,0.088872
108,99,0.067971
108,100,0.028276
108,101,0.041228
108,102,0.054991
108,103,0.010460
108,104,0.068708
108,105,0.058355
108,106,0.120130
108,107,0.106002
108,108,0.000000
108,109,0.115727
108,110,0.079721
108,111,0.171741
108,112,0.008295
108,113,0.030176
108,114,0.013144
108,115,0.018768
108,116,0.026125
108,117,0.024260
108,118,0.014862
108,119,0.042086
108,120,0.054499
108,121,0.064332
108,122,0.060475
108,123,0.099802
108,124,0.100686
108,125,0.087455
108,126,0.078482
108,127,0.002728
108,128,0.187360
108,129,0.106097
108,130,0.089822
109,1,0.076390
109,2,0.035501
109,3,0.076671
109,4,0.070807
109,5,0.052472
109,6,0.004084
109,7,0.065049
109,8,0.073151
109,9,0.042265
109,10,0.123084
109,11,0.085759
109,12,0.039528
109,13,0.043846
109,14,0.046296
109,15,0.034361
109,16,0.034970
109,17,0.015521
109,18,0.106872
109,19,0.126129
109,20,0.073857
109,21,0.015399
109,22,0.015892
109,23,0.021608
109,24,0.043928
109,25,0.012532
109,26,0.007741
109,27,0.017625
109,28,0.036964
109,29,0.059296
109,30,0.108668
109,31,0.132289
109,32,0.080194
109,33,0.069622
109,34,0.022439
109,35,0.030021
109,36,0.007741
109,37,0.135447
109,38,0.117057
109,39,0.024533
109,40,0.000283
109,41,0.012112
109,42,0.005143
109,43,0.073940
109,44,0.005548
109,45,0.054458
109,46,0.062988
109,47,0.025785
109,48,0.011949
109,49,0.014238
109,50,0.001300
109,51,0.010506
109,52,0.047513
109,53,0.048897
109,54,0.083403
109,55,0.109405
109,56,0.064621
109,57,0.043436
109,58,0.012989
109,59,0.034207
109,60,0.078254
109,61,0.033749
109,62,0.057255
109,63,0.012833
109,64,0.013559
109,65,0.064518
109,66,0.147157
109,67,0.015629
109,68,0.053954
109,69,0.075516
109,70,0.067487
109,71,0.035898
109,72,0.034705
109,73,0.008780
109,74,0.010507
109,75,0.053982
109,76,0.029197
109,77,0.027499
109,78,0.075597
109,79,0.079835
109,80,0.029370
109,81,0.038323
109,82,0.083737
109,83,0.022134
109,84,0.031480
109,85,0.043038
109,86,0.003204
109,87,0.022466
109,88,0.028639
109,89,0.036210
109,90,0.034190
109,91,0.010823
109,92,0.014948
109,93,0.019668
109,94,0.005681
109,95,0.011402
109,96,0.002457
109,97,0.031897
109,98,0.061680
109,99,0.044827
109,100,0.010549
109,101,0.072957
109,102,0.005995
109,103,0.016412
109,104,0.033878
109,105,0.029482
109,106,0.055895
109,107,0.001258
109,108,0.115727
109,109,0.000000
109,110,0.008963
109,111,0.057726
109,112,0.000353
109,113,0.019115
109,114,0.025956
109,115,0.045366
109,116,0.083539
109,117,0.047603
109,118,0.033511
109,119,0.000710
109,120,0.030057
109,121,0.017659
109,122,0.032698
109,123,0.067144
109,124,0.065459
109,125,0.059530
109,126,0.055242
109,127,0.043939
109,128,0.089328
109,129,0.076339
109,130,0.104571
110,1,0.082425
110,2,0.048177
110,3,0.122608
110,4,0.131435
110,5,0.022088
110,6,0.003768
110,7,0.109827
110,8,0.108476
110,9,0.046670
110,10,0.102945
110,11,0.091100
110,12,0.058578
110,13,0.069084
110,14,0.055180
110,15,0.064324
110,16,0.055197
110,17,0.014480
110,18,0.087173
110,19,0.126333
110,20,0.065025
110,21,0.024893
110,22,0.018059
110,23,0.005363
110,24,0.040654
110,25,0.005441
110,26,0.037140
110,27,0.050075
110,28,0.013230
110,29,0.029436
110,30,0.099680
110,31,0.138267
110,32,0.068036
110,33,0.070279
110,34,0.002390
110,35,0.020021
110,36,0.016680
110,37,0.130907
110,38,0.100781
110,39,0.008534
110,40,0.012691
110,41,0.030154
110,42,0.010099
110,43,0.092990
110,44,0.010076
110,45,0.047626
110,46,0.074509
110,47,0.024341
110,48,0.029679
110,49,0.014937
110,50,0.025275
110,51,0.040617
110,52,0.034269
110,53,0.044018
110,54,0.080374
110,55,0.118385
110,56,0.085005
110,57,0.031551
110,58,0.035219
110,59,0.009640
110,60,0.043923
110,61,0.042172
110,62,0.054825
110,63,0.007878
110,64,0.038646
110,65,0.024950
110,66,0.109722
110,67,0.008978
110,68,0.071349
110,69,0.105309
110,70,0.075856
110,71,0.020504
110,72,0.034564
110,73,0.007418
110,74,0.026889
110,75,0.009512
110,76,0.016639
110,77,0.051321
110,78,0.068535
110,79,0.040783
110,80,0.015120
110,81,0.060332
110,82,0.114781
110,83,0.078488
110,84,0.092777
110,85,0.056158
110,86,0.004542
110,87,0.006185
110,88,0.052431
110,89,0.033343
110,90,0.056323
110,91,0.000426
110,92,0.022328
110,93,0.011123
110,94,0.004486
110,95,0.004261
110,96,0.012181
110,97,0.033836
110,98,0.094439
110,99,0.064720
110,100,0.042838
110,101,0.042373
110,102,0.014339
110,103,0.003888
110,104,0.021055
110,105,0.019507
110,106,0.024606
110,107,0.029306
110,108,0.079721
110,109,0.008963
110,110,0.000000
110,111,0.031837
110,112,0.004285
110,113,0.022626
110,114,0.025906
110,115,0.048964
110,116,0.060293
110,117,0.043332
110,118,0.072422
110,119,0.042198
110,120,0.020058
110,121,0.003327
110,122,0.023301
110,123,0.052708
110,124,0.060554
110,125,0.010038
110,126,0.005901
110,127,0.056196
110,128,0.096923
110,129,0.087117
110,130,0.109213
111,1,0.078334
111,2,0.050053
111,3,0.054951
111,4,0.091507
111,5,0.021491
111,6,0.031534
111,7,0.122104
111,8,0.095774
111,9,0.041993
111,10,0.124110
111,11,0.114177
111,12,0.151854
111,13,0.010387
111,14,0.002073
111,15,0.001549
111,16,0.019242
111,17,0.042790
111,18,0.071102
111,19,0.127888
111,20,0.066834
111,21,0.015716
111,22,0.000921
111,23,0.035904
111,24,0.028815
111,25,0.017613
111,26,0.027639
111,27,0.076605
111,28,0.049899
111,29,0.035406
111,30,0.099030
111,31,0.161210
111,32,0.033233
111,33,0.113154
111,34,0.081718
111,35,0.156869
111,36,0.076726
111,37,0.157400
111,38,0.174043
111,39,0.027942
111,40,0.015097
111,41,0.064326
111,42,0.071545
111,43,0.090730
111,44,0.054098
111,45,0.091677
111,46,0.059017
111,47,0.002635
111,48,0.016886
111,49,0.011776
111,50,0.041285
111,51,0.024068
111,52,0.024078
111,53,0.014876
111,54,0.024408
111,55,0.075331
111,56,0.141048
111,57,0.097317
111,58,0.044247
111,59,0.003567
111,60,0.042306
111,61,0.056205
111,62,0.040882
111,63,0.038745
111,64,0.036363
111,65,0.002212
111,66,0.110751
111,67,0.009230
111,68,0.046111
111,69,0.063814
111,70,0.067734
111,71,0.010432
111,72,0.019089
111,73,0.046466
111,74,0.006596
111,75,0.037329
111,76,0.025985
111,77,0.134449
111,78,0.128325
111,79,0.107080
111,80,0.009615
111,81,0.044538
111,82,0.088116
111,83,0.043306
111,84,0.003615
111,85,0.050781
111,86,0.040556
111,87,0.056697
111,88,0.025948
111,89,0.012056
111,90,0.017851
111,91,0.000329
111,92,0.017507
111,93,0.024067
111,94,0.048219
111,95,0.046014
111,96,0.064458
111,97,0.060560
111,98,0.180317
111,99,0.122403
111,100,0.019731
111,101,0.012520
111,102,0.064364
111,103,0.030591
111,104,0.041819
111,105,0.026366
111,106,0.045557
111,107,0.008330
111,108,0.171741
111,109,0.057726
111,110,0.031837
111,111,0.000000
111,112,0.005640
111,113,0.041150
111,114,0.008752
111,115,0.093755
111,116,0.029769
111,117,0.025785
111,118,0.035957
111,119,0.013635
111,120,0.056600
111,121,0.033848
111,122,0.075830
111,123,0.113592
111,124,0.115149
111,125,0.065645
111,126,0.027038
111,127,0.026038
111,128,0.168204
111,129,0.140810
111,130,0.114206
112,1,0.036314
112,2,0.019946
112,3,0.025951
112,4,0.002927
112,5,0.011900
112,6,0.047279
112,7,0.007147
112,8,0.052926
112,9,0.011923
112,10,0.003464
112,11,0.019706
112,12,0.039770
112,13,0.069670
112,14,0.076989
112,15,0.033035
112,16,0.046489
112,17,0.013189
112,18,0.030554
112,19,0.041265
112,20,0.006071
112,21,0.006875
112,22,0.081931
112,23,0.040087
112,24,0.038909
112,25,0.043439
112,26,0.032819
112,27,0.033446
112,28,0.045060
112,29,0.029866
112,30,0.010679
112,31,0.005196
112,32,0.037507
112,33,0.083221
112,34,0.064129
112,35,0.094637
112,36,0.067685
112,37,0.059567
112,38,0.057861
112,39,0.006321
112,40,0.004331
112,41,0.032509
112,42,0.049852
112,43,0.057775
112,44,0.031375
112,45,0.096023
112,46,0.029358
112,47,0.012801
112,48,0.021829
112,49,0.028477
112,50,0.057212
112,51,0.015817
112,52,0.037511
112,53,0.032355
112,54,0.030814
112,55,0.003614
112,56,0.011444
112,57,0.044727
112,58,0.002045
112,59,0.017585
112,60,0.015939
112,61,0.018705
112,62,0.007006
112,63,0.041601
112,64,0.009128
112,65,0.031691
112,66,0.036530
112,67,0.008083
112,68,0.000200
112,69,0.010316
112,70,0.031400
112,71,0.000194
112,72,0.007529
112,73,0.016419
112,74,0.021017
112,75,0.022858
112,76,0.044733
112,77,0.020801
112,78,0.039359
112,79,0.063174
112,80,0.012164
112,81,0.016354
112,82,0.025391
112,83,0.003352
112,84,0.022457
112,85,0.002854
112,86,0.007216
112,87,0.080027
112,88,0.031365
112,89,0.004411
112,90,0.049266
112,91,0.028786
112,92,0.021026
112,93,0.070121
112,94,0.022011
112,95,0.011129
112,96,0.003449
112,97,0.001302
112,98,0.087757
112,99,0.029354
112,100,0.011034
112,101,0.020595
112,102,0.043889
112,103,0.031651
112,104,0.012751
112,105,0.014264
112,106,0.006921
112,107,0.014066
112,108,0.008295
112,109,0.000353
112,110,0.004285
112,111,0.005640
112,112,0.000000
112,113,0.019507
112,114,0.015065
112,115,0.039134
112,116,0.062081
112,117,0.016214
112,118,0.034954
112,119,0.050001
112,120,0.023032
112,121,0.003518
112,122,0.040372
112,123,0.052605
112,124,0.046013
112,125,0.058116
112,126,0.012470
112,127,0.016040
112,128,0.163142
112,129,0.161220
112,130,0.103572
113,1,0.008334
113,2,0.048930
113,3,0.025366
113,4,0.007640
113,5,0.018729
113,6,0.044474
113,7,0.015960
113,8,0.061563
113,9,0.012585
113,10,0.021331
113,11,0.025313
113,12,0.067401
113,13,0.030545
113,14,0.056234
113,15,0.023801
113,16,0.025123
113,17,0.001048
113,18,0.023069
113,19,0.009960
113,20,0.010766
113,21,0.011264
113,22,0.048687
113,23,0.027729
113,24,0.052328
113,25,0.041704
113,26,0.055485
113,27,0.038573
113,28,0.037008
113,29,0.030618
113,30,0.020020
113,31,0.003621
113,32,0.032506
113,33,0.058060
113,34,0.035786
113,35,0.058468
113,36,0.054778
113,37,0.059758
113,38,0.038715
113,39,0.013723
113,40,0.020383
113,41,0.013006
113,42,0.031439
113,43,0.027207
113,44,0.026158
113,45,0.086991
113,46,0.025359
113,47,0.005595
113,48,0.012622
113,49,0.031469
113,50,0.049982
113,51,0.008851
113,52,0.033887
113,53,0.034054
113,54,0.043817
113,55,0.000016
113,56,0.015936
113,57,0.014135
113,58,0.042191
113,59,0.001515
113,60,0.005973
113,61,0.021049
113,62,0.009573
113,63,0.038774
113,64,0.021640
113,65,0.006780
113,66,0.007324
113,67,0.012483
113,68,0.006217
113,69,0.011616
113,70,0.037727
113,71,0.004045
113,72,0.001695
113,73,0.012804
113,74,0.037816
113,75,0.014995
113,76,0.026566
113,77,0.004257
113,78,0.002817
113,79,0.032407
113,80,0.019828
113,81,0.002588
113,82,0.007569
113,83,0.022274
113,84,0.040873
113,85,0.007655
113,86,0.002890
113,87,0.069899
113,88,0.003805
113,89,0.010799
113,90,0.014469
113,91,0.015272
113,92,0.035597
113,93,0.065966
113,94,0.046054
113,95,0.023098
113,96,0.038420
113,97,0.036077
113,98,0.032236
113,99,0.006267
113,100,0.034408
113,101,0.011698
113,102,0.027152
113,103,0.044105
113,104,0.018226
113,105,0.010223
113,106,0.034106
113,107,0.008267
113,108,0.030176
113,109,0.019115
113,110,0.022626
113,111,0.041150
113,112,0.019507
113,113,0.000000
113,114,0.013197
113,115,0.020721
113,116,0.072208
113,117,0.034709
113,118,0.002430
113,119,0.032722
113,120,0.035185
113,121,0.003394
113,122,0.038316
113,123,0.025927
113,124,0.001682
113,125,0.005220
113,126,0.008462
113,127,0.035571
113,128,0.106631
113,129,0.104799
113,130,0.033795
114,1,0.008176
114,2,0.042658
114,3,0.025393
114,4,0.008839
114,5,0.018168
114,6,0.037690
114,7,0.019447
114,8,0.037701
114,9,0.002578
114,10,0.018345
114,11,0.011955
114,12,0.034661
114,13,0.016123
114,14,0.027040
114,15,0.038094
114,16,0.012080
114,17,0.015674
114,18,0.001493
114,19,0.000848
114,20,0.006788
114,21,0.036770
114,22,0.013672
114,23,0.013888
114,24,0.025786
114,25,0.027173
114,26,0.034117
114,27,0.032234
114,28,0.028856
114,29,0.004473
114,30,0.016257
114,31,0.026314
114,32,0.042569
114,33,0.020161
114,34,0.008832
114,35,0.009042
114,36,0.015341
114,37,0.030514
114,38,0.001135
114,39,0.015502
114,40,0.022220
114,41,0.014734
114,42,0.018004
114,43,0.029018
114,44,0.023266
114,45,0.031818
114,46,0.031636
114,47,0.004700
114,48,0.025779
114,49,0.020593
114,50,0.030947
114,51,0.055802
114,52,0.017182
114,53,0.002998
114,54,0.005838
114,55,0.004063
114,56,0.001237
114,57,0.047414
114,58,0.086040
114,59,0.039714
114,60,0.026005
114,61,0.013875
114,62,0.017643
114,63,0.023291
114,64,0.019906
114,65,0.020860
114,66,0.037204
114,67,0.049952
114,68,0.029611
114,69,0.019728
114,70,0.002038
114,71,0.034562
114,72,0.006682
114,73,0.000478
114,74,0.020539
114,75,0.028564
114,76,0.016124
114,77,0.003560
114,78,0.019491
114,79,0.000354
114,80,0.006826
114,81,0.034195
114,82,0.035329
114,83,0.004585
114,84,0.005293
114,85,0.027857
114,86,0.022338
114,87,0.016911
114,88,0.005932
114,89,0.009735
114,90,0.010559
114,91,0.007016
114,92,0.033007
114,93,0.064173
114,94,0.015796
114,95,0.009695
114,96,0.010138
114,97,0.012187
114,98,0.052539
114,99,0.046338
114,100,0.057768
114,101,0.005879
114,102,0.029581
114,103,0.077827
114,104,0.033940
114,105,0.030593
114,106,0.000994
114,107,0.040878
114,108,0.013144
114,109,0.025956
114,110,0.025906
114,111,0.008752
114,112,0.015065
114,113,0.013197
114,114,0.000000
114,115,0.034702
114,116,0.112215
114,117,0.055256
114,118,0.013048
114,119,0.019307
114,120,0.023638
114,121,0.008734
114,122,0.015318
114,123,0.007957
114,124,0.002252
114,125,0.028992
114,126,0.009781
114,127,0.004372
114,128,0.042442
114,129,0.044526
114,130,0.009104
115,1,0.044860
115,2,0.037486
115,3,0.038368
115,4,0.007348
115,5,0.013133
115,6,0.014028
115,7,0.004695
115,8,0.052936
115,9,0.019664
115,10,0.003360
115,11,0.016738
115,12,0.006915
115,13,0.042336
115,14,0.036074
115,15,0.048939
115,16,0.049837
115,17,0.009358
115,18,0.023953
115,19,0.043270
115,20,0.048730
115,21,0.020274
115,22,0.006512
115,23,0.058570
115,24,0.000077
115,25,0.061566
115,26,0.056885
115,27,0.027535
115,28,0.011478
115,29,0.018257
115,30,0.007593
115,31,0.026498
115,32,0.002410
115,33,0.036140
115,34,0.024065
115,35,0.000253
115,36,0.104813
115,37,0.039363
115,38,0.023925
115,39,0.081604
115,40,0.007230
115,41,0.024315
115,42,0.005910
115,43,0.048051
115,44,0.044784
115,45,0.056335
115,46,0.009808
115,47,0.003487
115,48,0.009492
115,49,0.021700
115,50,0.021992
115,51,0.047566
115,52,0.026653
115,53,0.014797
115,54,0.016887
115,55,0.024325
115,56,0.001463
115,57,0.057608
115,58,0.103802
115,59,0.093550
115,60,0.065872
115,61,0.013594
115,62,0.022702
115,63,0.001536
115,64,0.026456
115,65,0.062215
115,66,0.102464
115,67,0.000237
115,68,0.019725
115,69,0.005665
115,70,0.008939
115,71,0.040522
115,72,0.002377
115,73,0.043346
115,74,0.052361
115,75,0.057057
115,76,0.007274
115,77,0.032464
115,78,0.054006
115,79,0.088685
115,80,0.007361
115,81,0.046974
115,82,0.068054
115,83,0.011308
115,84,0.061061
115,85,0.040703
115,86,0.001458
115,87,0.052290
115,88,0.007065
115,89,0.001876
115,90,0.015453
115,91,0.021300
115,92,0.008142
115,93,0.047889
115,94,0.001660
115,95,0.002460
115,96,0.037621
115,97,0.008486
115,98,0.104067
115,99,0.026736
115,100,0.010443
115,101,0.090897
115,102,0.106296
115,103,0.030676
115,104,0.051223
115,105,0.027443
115,106,0.034955
115,107,0.037119
115,108,0.018768
115,109,0.045366
115,110,0.048964
115,111,0.093755
115,112,0.039134
115,113,0.020721
115,114,0.034702
115,115,0.000000
115,116,0.164269
115,117,0.018117
115,118,0.005946
115,119,0.054795
115,120,0.021388
115,121,0.046482
115,122,0.085751
115,123,0.087640
115,124,0.057576
115,125,0.068715
115,126,0.068832
115,127,0.061676
115,128,0.152475
115,129,0.124479
115,130,0.042879
116,1,0.044508
116,2,0.021672
116,3,0.147513
116,4,0.192394
116,5,0.072860
116,6,0.109864
116,7,0.199991
116,8,0.127122
116,9,0.055536
116,10,0.093796
116,11,0.094616
116,12,0.143925
116,13,0.034391
116,14,0.038026
116,15,0.002570
116,16,0.017411
116,17,0.036324
116,18,0.012741
116,19,0.063917
116,20,0.054511
116,21,0.042262
116,22,0.012720
116,23,0.038459
116,24,0.021031
116,25,0.008246
116,26,0.114109
116,27,0.178089
116,28,0.027468
116,29,0.048226
116,30,0.031520
116,31,0.153106
116,32,0.060869
116,33,0.003981
116,34,0.054289
116,35,0.088050
116,36,0.007383
116,37,0.164239
116,38,0.227931
116,39,0.040368
116,40,0.039386
116,41,0.004790
116,42,0.062411
116,43,0.098492
116,44,0.034763
116,45,0.042617
116,46,0.066720
116,47,0.055540
116,48,0.048728
116,49,0.045199
116,50,0.032130
116,51,0.032358
116,52,0.036832
116,53,0.043615
116,54,0.042163
116,55,0.063785
116,56,0.129925
116,57,0.064603
116,58,0.009329
116,59,0.050151
116,60,0.027081
116,61,0.014007
116,62,0.055279
116,63,0.008061
116,64,0.001100
116,65,0.033617
116,66,0.003281
116,67,0.017381
116,68,0.045397
116,69,0.081554
116,70,0.100213
116,71,0.058779
116,72,0.071458
116,73,0.062259
116,74,0.037727
116,75,0.041328
116,76,0.028257
116,77,0.116163
116,78,0.196494
116,79,0.202251
116,80,0.054799
116,81,0.067189
116,82,0.048645
116,83,0.035181
116,84,0.103883
116,85,0.045637
116,86,0.023005
116,87,0.036534
116,88,0.016832
116,89,0.006286
116,90,0.016112
116,91,0.006306
116,92,0.000349
116,93,0.004174
116,94,0.032043
116,95,0.030745
116,96,0.036357
116,97,0.049020
116,98,0.156424
116,99,0.151429
116,100,0.027490
116,101,0.042286
116,102,0.002097
116,103,0.020818
116,104,0.069197
116,105,0.057840
116,106,0.057577
116,107,0.042962
116,108,0.026125
116,109,0.083539
116,110,0.060293
116,111,0.029769
116,112,0.062081
116,113,0.072208
116,114,0.112215
116,115,0.164269
116,116,0.000000
116,117,0.046511
116,118,0.035582
116,119,0.029097
116,120,0.007039
116,121,0.004717
116,122,0.034637
116,123,0.002827
116,124,0.044311
116,125,0.000556
116,126,0.042935
116,127,0.120890
116,128,0.205632
116,129,0.110799
116,130,0.029817
117,1,0.003421
117,2,0.037062
117,3,0.035723
117,4,0.026733
117,5,0.009383
117,6,0.054933
117,7,0.056850
117,8,0.059618
117,9,0.007394
117,10,0.036359
117,11,0.039192
117,12,0.033892
117,13,0.051255
117,14,0.006337
117,15,0.070631
117,16,0.048170
117,17,0.035666
117,18,0.033335
117,19,0.007388
117,20,0.004605
117,21,0.010401
117,22,0.014692
117,23,0.019648
117,24,0.002603
117,25,0.050738
117,26,0.058610
117,27,0.052943
117,28,0.034793
117,29,0.015810
117,30,0.076627
117,31,0.077452
117,32,0.093196
117,33,0.031759
117,34,0.003292
117,35,0.034791
117,36,0.037186
117,37,0.040686
117,38,0.051404
117,39,0.052890
117,40,0.009902
117,41,0.012244
117,42,0.012631
117,43,0.015682
117,44,0.016636
117,45,0.019942
117,46,0.047998
117,47,0.043069
117,48,0.032480
117,49,0.063885
117,50,0.049916
117,51,0.065101
117,52,0.070431
117,53,0.080530
117,54,0.073183
117,55,0.054259
117,56,0.049440
117,57,0.059923
117,58,0.092120
117,59,0.014598
117,60,0.023445
117,61,0.015265
117,62,0.012290
117,63,0.007049
117,64,0.031822
117,65,0.035228
117,66,0.001006
117,67,0.071226
117,68,0.087385
117,69,0.082973
117,70,0.087100
117,71,0.083132
117,72,0.033918
117,73,0.030113
117,74,0.053960
117,75,0.065024
117,76,0.039356
117,77,0.009461
117,78,0.016616
117,79,0.016377
117,80,0.054252
117,81,0.028080
117,82,0.033457
117,83,0.021233
117,84,0.024375
117,85,0.008165
117,86,0.018487
117,87,0.025490
117,88,0.021229
117,89,0.000132
117,90,0.047063
117,91,0.019493
117,92,0.016142
117,93,0.018871
117,94,0.006068
117,95,0.000315
117,96,0.005896
117,97,0.022960
117,98,0.012565
117,99,0.006809
117,100,0.006360
117,101,0.028792
117,102,0.009485
117,103,0.012832
117,104,0.041816
117,105,0.052245
117,106,0.000676
117,107,0.020049
117,108,0.024260
117,109,0.047603
117,110,0.043332
117,111,0.025785
117,112,0.016214
117,113,0.034709
117,114,0.055256
117,115,0.018117
117,116,0.046511
117,117,0.000000
117,118,0.039068
117,119,0.008606
117,120,0.020487
117,121,0.023422
117,122,0.022816
117,123,0.009029
117,124,0.035375
117,125,0.070807
117,126,0.038746
117,127,0.010415
117,128,0.040359
117,129,0.001345
117,130,0.030091
118,1,0.016370
118,2,0.004499
118,3,0.030969
118,4,0.032311
118,5,0.032836
118,6,0.106708
118,7,0.069759
118,8,0.030235
118,9,0.007029
118,10,0.019650
118,11,0.002469
118,12,0.024769
118,13,0.019798
118,14,0.022846
118,15,0.098241
118,16,0.079381
118,17,0.016078
118,18,0.023363
118,19,0.043199
118,20,0.038395
118,21,0.071810
118,22,0.048079
118,23,0.001021
118,24,0.033002
118,25,0.066914
118,26,0.114775
118,27,0.083668
118,28,0.003191
118,29,0.016646
118,30,0.007123
118,31,0.002826
118,32,0.007547
118,33,0.066899
118,34,0.078117
118,35,0.141984
118,36,0.086086
118,37,0.093357
118,38,0.059139
118,39,0.064035
118,40,0.117100
118,41,0.073159
118,42,0.005324
118,43,0.050933
118,44,0.002678
118,45,0.007354
118,46,0.078863
118,47,0.035668
118,48,0.035569
118,49,0.052370
118,50,0.032833
118,51,0.032802
118,52,0.019163
118,53,0.038374
118,54,0.043982
118,55,0.053028
118,56,0.004130
118,57,0.040410
118,58,0.013828
118,59,0.058217
118,60,0.018625
118,61,0.118916
118,62,0.048044
118,63,0.072790
118,64,0.037459
118,65,0.063215
118,66,0.073613
118,67,0.009295
118,68,0.002363
118,69,0.016518
118,70,0.031115
118,71,0.051334
118,72,0.005568
118,73,0.050033
118,74,0.064034
118,75,0.002739
118,76,0.033812
118,77,0.009591
118,78,0.046322
118,79,0.066880
118,80,0.076960
118,81,0.038896
118,82,0.026574
118,83,0.049827
118,84,0.009862
118,85,0.032697
118,86,0.060176
118,87,0.014224
118,88,0.043321
118,89,0.025909
118,90,0.031908
118,91,0.033772
118,92,0.005290
118,93,0.001336
118,94,0.002300
118,95,0.015263
118,96,0.012578
118,97,0.032334
118,98,0.013112
118,99,0.068694
118,100,0.033100
118,101,0.117306
118,102,0.064755
118,103,0.062866
118,104,0.004359
118,105,0.008198
118,106,0.054749
118,107,0.029906
118,108,0.014862
118,109,0.033511
118,110,0.072422
118,111,0.035957
118,112,0.034954
118,113,0.002430
118,114,0.013048
118,115,0.005946
118,116,0.035582
118,117,0.039068
118,118,0.000000
118,119,0.030016
118,120,0.026337
118,121,0.016853
118,122,0.022922
118,123,0.032614
118,124,0.010975
118,125,0.039574
118,126,0.056535
118,127,0.036542
118,128,0.031805
118,129,0.021875
118,130,0.054257
119,1,0.000618
119,2,0.003906
119,3,0.012802
119,4,0.019642
119,5,0.010690
119,6,0.061916
119,7,0.041730
119,8,0.008633
119,9,0.014514
119,10,0.027995
119,11,0.030862
119,12,0.003744
119,13,0.036551
119,14,0.040427
119,15,0.099583
119,16,0.085407
119,17,0.004838
119,18,0.017619
119,19,0.044065
119,20,0.027327
119,21,0.064053
119,22,0.017856
119,23,0.006440
119,24,0.027510
119,25,0.049131
119,26,0.102811
119,27,0.031284
119,28,0.023415
119,29,0.026294
119,30,0.002917
119,31,0.002921
119,32,0.024690
119,33,0.043470
119,34,0.059757
119,35,0.136981
119,36,0.097349
119,37,0.073390
119,38,0.042533
119,39,0.051210
119,40,0.086230
119,41,0.080100
119,42,0.055345
119,43,0.043399
119,44,0.014593
119,45,0.039664
119,46,0.060492
119,47,0.057893
119,48,0.046582
119,49,0.061338
119,50,0.045135
119,51,0.032616
119,52,0.007014
119,53,0.005879
119,54,0.000816
119,55,0.006108
119,56,0.049836
119,57,0.047344
119,58,0.009628
119,59,0.056425
119,60,0.011723
119,61,0.089504
119,62,0.018700
119,63,0.042464
119,64,0.019301
119,65,0.039315
119,66,0.030324
119,67,0.021276
119,68,0.030790
119,69,0.013784
119,70,0.027786
119,71,0.057143
119,72,0.018845
119,73,0.038570
119,74,0.040856
119,75,0.001220
119,76,0.012414
119,77,0.003830
119,78,0.029159
119,79,0.050766
119,80,0.068870
119,81,0.032265
119,82,0.015472
119,83,0.030412
119,84,0.011916
119,85,0.043059
119,86,0.036039
119,87,0.000209
119,88,0.016632
119,89,0.036574
119,90,0.053041
119,91,0.044755
119,92,0.016094
119,93,0.027558
119,94,0.029118
119,95,0.018491
119,96,0.008553
119,97,0.039006
119,98,0.007876
119,99,0.058618
119,100,0.051756
119,101,0.091035
119,102,0.025578
119,103,0.035617
119,104,0.046643
119,105,0.028297
119,106,0.046392
119,107,0.061660
119,108,0.042086
119,109,0.000710
119,110,0.042198
119,111,0.013635
119,112,0.050001
119,113,0.032722
119,114,0.019307
119,115,0.054795
119,116,0.029097
119,117,0.008606
119,118,0.030016
119,119,0.000000
119,120,0.009544
119,121,0.046496
119,122,0.006529
119,123,0.002628
119,124,0.024483
119,125,0.071931
119,126,0.070478
119,127,0.002896
119,128,0.065243
119,129,0.054771
119,130,0.034135
120,1,0.028993
120,2,0.003025
120,3,0.001673
120,4,0.000313
120,5,0.022485
120,6,0.007730
120,7,0.011947
120,8,0.007535
120,9,0.006772
120,10,0.013309
120,11,0.008787
120,12,0.016902
120,13,0.047435
120,14,0.028956
120,15,0.046439
120,16,0.036849
120,17,0.000549
120,18,0.045769
120,19,0.034709
120,20,0.050720
120,21,0.063805
120,22,0.000646
120,23,0.009404
120,24,0.014497
120,25,0.040558
120,26,0.062071
120,27,0.003064
120,28,0.048743
120,29,0.017350
120,30,0.013211
120,31,0.003444
120,32,0.020210
120,33,0.073506
120,34,0.044496
120,35,0.093382
120,36,0.056813
120,37,0.031810
120,38,0.002554
120,39,0.000310
120,40,0.040595
120,41,0.060714
120,42,0.093853
120,43,0.029207
120,44,0.011317
120,45,0.066785
120,46,0.029578
120,47,0.035851
120,48,0.006673
120,49,0.021751
120,50,0.042585
120,51,0.019416
120,52,0.012104
120,53,0.033686
120,54,0.020207
120,55,0.029436
120,56,0.010817
120,57,0.014393
120,58,0.045215
120,59,0.027127
120,60,0.002195
120,61,0.069742
120,62,0.024813
120,63,0.033012
120,64,0.010739
120,65,0.005184
120,66,0.016854
120,67,0.017614
120,68,0.000798
120,69,0.004337
120,70,0.017164
120,71,0.054983
120,72,0.018020
120,73,0.033078
120,74,0.021865
120,75,0.004835
120,76,0.061798
120,77,0.005759
120,78,0.007433
120,79,0.006144
120,80,0.033176
120,81,0.033371
120,82,0.026151
120,83,0.004815
120,84,0.028190
120,85,0.039375
120,86,0.008638
120,87,0.014212
120,88,0.005281
120,89,0.044054
120,90,0.043626
120,91,0.047643
120,92,0.020043
120,93,0.059122
120,94,0.041602
120,95,0.012047
120,96,0.003444
120,97,0.002616
120,98,0.004874
120,99,0.055303
120,100,0.023478
120,101,0.029406
120,102,0.017963
120,103,0.018304
120,104,0.025121
120,105,0.014125
120,106,0.015182
120,107,0.026805
120,108,0.054499
120,109,0.030057
120,110,0.020058
120,111,0.056600
120,112,0.023032
120,113,0.035185
120,114,0.023638
120,115,0.021388
120,116,0.007039
120,117,0.020487
120,118,0.026337
120,119,0.009544
120,120,0.000000
120,121,0.009970
120,122,0.009659
120,123,0.044931
120,124,0.029930
120,125,0.035069
120,126,0.065088
120,127,0.018814
120,128,0.039459
120,129,0.062101
120,130,0.028194
121,1,0.009519
121,2,0.017142
121,3,0.014196
121,4,0.017573
121,5,0.010861
121,6,0.013698
121,7,0.031201
121,8,0.032441
121,9,0.012552
121,10,0.013578
121,11,0.043385
121,12,0.056234
121,13,0.011691
121,14,0.008818
121,15,0.043566
121,16,0.045978
121,17,0.013476
121,18,0.017690
121,19,0.003392
121,20,0.016236
121,21,0.041919
121,22,0.020790
121,23,0.019444
121,24,0.001422
121,25,0.031277
121,26,0.034564
121,27,0.015824
121,28,0.047977
121,29,0.044710
121,30,0.005253
121,31,0.000950
121,32,0.010697
121,33,0.019259
121,34,0.048085
121,35,0.050987
121,36,0.033523
121,37,0.004689
121,38,0.001185
121,39,0.042209
121,40,0.008892
121,41,0.048540
121,42,0.050247
121,43,0.022401
121,44,0.009052
121,45,0.018211
121,46,0.014381
121,47,0.028122
121,48,0.015214
121,49,0.021273
121,50,0.018634
121,51,0.020892
121,52,0.005141
121,53,0.019390
121,54,0.003050
121,55,0.018087
121,56,0.013869
121,57,0.023370
121,58,0.004590
121,59,0.021417
121,60,0.004336
121,61,0.002202
121,62,0.035625
121,63,0.013728
121,64,0.008402
121,65,0.014093
121,66,0.013615
121,67,0.037421
121,68,0.021517
121,69,0.005355
121,70,0.013648
121,71,0.036073
121,72,0.016924
121,73,0.032772
121,74,0.019176
121,75,0.027637
121,76,0.026675
121,77,0.004639
121,78,0.006592
121,79,0.017731
121,80,0.017456
121,81,0.001714
121,82,0.016508
121,83,0.051766
121,84,0.003553
121,85,0.063935
121,86,0.039810
121,87,0.050029
121,88,0.010721
121,89,0.026594
121,90,0.044352
121,91,0.026530
121,92,0.011842
121,93,0.057802
121,94,0.037174
121,95,0.002942
121,96,0.000759
121,97,0.013482
121,98,0.000692
121,99,0.013548
121,100,0.048748
121,101,0.049494
121,102,0.004238
121,103,0.014809
121,104,0.036930
121,105,0.048541
121,106,0.057143
121,107,0.056329
121,108,0.064332
121,109,0.017659
121,110,0.003327
121,111,0.033848
121,112,0.003518
121,113,0.003394
121,114,0.008734
121,115,0.046482
121,116,0.004717
121,117,0.023422
121,118,0.016853
121,119,0.046496
121,120,0.009970
121,121,0.000000
121,122,0.027438
121,123,0.053933
121,124,0.055717
121,125,0.057479
121,126,0.093409
121,127,0.065079
121,128,0.055025
121,129,0.072132
121,130,0.061578
122,1,0.044484
122,2,0.027639
122,3,0.040910
122,4,0.012649
122,5,0.008457
122,6,0.006930
122,7,0.056811
122,8,0.059964
122,9,0.016193
122,10,0.024396
122,11,0.042280
122,12,0.077373
122,13,0.015261
122,14,0.025828
122,15,0.019329
122,16,0.017354
122,17,0.004193
122,18,0.022704
122,19,0.012069
122,20,0.002964
122,21,0.012015
122,22,0.000678
122,23,0.001767
122,24,0.032874
122,25,0.000192
122,26,0.035542
122,27,0.037874
122,28,0.052098
122,29,0.016669
122,30,0.027986
122,31,0.002221
122,32,0.001714
122,33,0.044384
122,34,0.039421
122,35,0.043586
122,36,0.023130
122,37,0.039458
122,38,0.058912
122,39,0.030107
122,40,0.022578
122,41,0.022436
122,42,0.046550
122,43,0.033727
122,44,0.008146
122,45,0.033265
122,46,0.022871
122,47,0.003563
122,48,0.029570
122,49,0.004933
122,50,0.005267
122,51,0.021778
122,52,0.034135
122,53,0.056380
122,54,0.036701
122,55,0.048293
122,56,0.035032
122,57,0.006807
122,58,0.016605
122,59,0.031399
122,60,0.034434
122,61,0.009502
122,62,0.028616
122,63,0.018517
122,64,0.006963
122,65,0.004222
122,66,0.004967
122,67,0.058190
122,68,0.038876
122,69,0.002925
122,70,0.009526
122,71,0.005393
122,72,0.031542
122,73,0.013971
122,74,0.013314
122,75,0.016468
122,76,0.050367
122,77,0.005471
122,78,0.030631
122,79,0.036687
122,80,0.010219
122,81,0.022002
122,82,0.019785
122,83,0.009020
122,84,0.004368
122,85,0.054645
122,86,0.000365
122,87,0.007078
122,88,0.008162
122,89,0.015109
122,90,0.032951
122,91,0.032497
122,92,0.049589
122,93,0.040477
122,94,0.047716
122,95,0.000256
122,96,0.010003
122,97,0.041055
122,98,0.027176
122,99,0.023371
122,100,0.070862
122,101,0.049171
122,102,0.000746
122,103,0.005320
122,104,0.063669
122,105,0.060926
122,106,0.021317
122,107,0.037930
122,108,0.060475
122,109,0.032698
122,110,0.023301
122,111,0.075830
122,112,0.040372
122,113,0.038316
122,114,0.015318
122,115,0.085751
122,116,0.034637
122,117,0.022816
122,118,0.022922
122,119,0.006529
122,120,0.009659
122,121,0.027438
122,122,0.000000
122,123,0.024999
122,124,0.027273
122,125,0.043137
122,126,0.060111
122,127,0.065398
122,128,0.044901
122,129,0.003688
122,130,0.006520
123,1,0.007479
123,2,0.024765
123,3,0.024943
123,4,0.011697
123,5,0.000340
123,6,0.017064
123,7,0.012401
123,8,0.034798
123,9,0.002065
123,10,0.002243
123,11,0.039232
123,12,0.031916
123,13,0.034687
123,14,0.002142
123,15,0.007272
123,16,0.013362
123,17,0.031455
123,18,0.013212
123,19,0.078427
123,20,0.029639
123,21,0.022548
123,22,0.005010
123,23,0.017922
123,24,0.001765
123,25,0.014127
123,26,0.015233
123,27,0.044456
123,28,0.000218
123,29,0.015415
123,30,0.003526
123,31,0.000411
123,32,0.008014
123,33,0.029528
123,34,0.007205
123,35,0.033932
123,36,0.003242
123,37,0.029373
123,38,0.024591
123,39,0.066138
123,40,0.043988
123,41,0.002072
123,42,0.045653
123,43,0.046935
123,44,0.022746
123,45,0.050797
123,46,0.060007
123,47,0.029824
123,48,0.032636
123,49,0.015002
123,50,0.013495
123,51,0.008404
123,52,0.009967
123,53,0.000588
123,54,0.008148
123,55,0.000812
123,56,0.031497
123,57,0.035966
123,58,0.019012
123,59,0.030537
123,60,0.042981
123,61,0.029419
123,62,0.026576
123,63,0.024919
123,64,0.033151
123,65,0.057508
123,66,0.084328
123,67,0.009690
123,68,0.013103
123,69,0.030162
123,70,0.021822
123,71,0.064206
123,72,0.054686
123,73,0.046706
123,74,0.040378
123,75,0.003724
123,76,0.008546
123,77,0.039522
123,78,0.004590
123,79,0.015836
123,80,0.078876
123,81,0.015261
123,82,0.012243
123,83,0.025268
123,84,0.014291
123,85,0.088472
123,86,0.009768
123,87,0.039501
123,88,0.036777
123,89,0.035086
123,90,0.039091
123,91,0.030153
123,92,0.036706
123,93,0.017348
123,94,0.045362
123,95,0.020115
123,96,0.023025
123,97,0.015455
123,98,0.034182
123,99,0.032654
123,100,0.024071
123,101,0.044375
123,102,0.025908
123,103,0.005256
123,104,0.060882
123,105,0.047176
123,106,0.040962
123,107,0.098418
123,108,0.099802
123,109,0.067144
123,110,0.052708
123,111,0.113592
123,112,0.052605
123,113,0.025927
123,114,0.007957
123,115,0.087640
123,116,0.002827
123,117,0.009029
123,118,0.032614
123,119,0.002628
123,120,0.044931
123,121,0.053933
123,122,0.024999
123,123,0.000000
123,124,0.035300
123,125,0.015954
123,126,0.002383
123,127,0.011974
123,128,0.048489
123,129,0.013093
123,130,0.013862
124,1,0.008448
124,2,0.022326
124,3,0.047662
124,4,0.054214
124,5,0.029707
124,6,0.032860
124,7,0.054067
124,8,0.027002
124,9,0.028853
124,10,0.024872
124,11,0.006682
124,12,0.000223
124,13,0.034908
124,14,0.012034
124,15,0.023756
124,16,0.006626
124,17,0.021842
124,18,0.000652
124,19,0.047231
124,20,0.014499
124,21,0.002113
124,22,0.024483
124,23,0.006859
124,24,0.007962
124,25,0.020260
124,26,0.013010
124,27,0.002242
124,28,0.030195
124,29,0.043091
124,30,0.001183
124,31,0.001536
124,32,0.003802
124,33,0.040998
124,34,0.024062
124,35,0.019698
124,36,0.009507
124,37,0.008182
124,38,0.001319
124,39,0.045868
124,40,0.043261
124,41,0.019582
124,42,0.029235
124,43,0.004952
124,44,0.004208
124,45,0.005049
124,46,0.039662
124,47,0.014956
124,48,0.019830
124,49,0.021784
124,50,0.004392
124,51,0.018237
124,52,0.012123
124,53,0.009979
124,54,0.002680
124,55,0.016308
124,56,0.004138
124,57,0.024465
124,58,0.018977
124,59,0.006045
124,60,0.019204
124,61,0.004162
124,62,0.003559
124,63,0.020714
124,64,0.018236
124,65,0.066642
124,66,0.085844
124,67,0.008271
124,68,0.021763
124,69,0.045578
124,70,0.037015
124,71,0.058146
124,72,0.062443
124,73,0.074462
124,74,0.050819
124,75,0.019754
124,76,0.004242
124,77,0.037170
124,78,0.032836
124,79,0.051173
124,80,0.060891
124,81,0.021981
124,82,0.023529
124,83,0.063735
124,84,0.028704
124,85,0.085518
124,86,0.026545
124,87,0.074236
124,88,0.020282
124,89,0.039011
124,90,0.057026
124,91,0.035805
124,92,0.037465
124,93,0.056158
124,94,0.052491
124,95,0.007335
124,96,0.032884
124,97,0.032212
124,98,0.035533
124,99,0.029211
124,100,0.049980
124,101,0.047850
124,102,0.038242
124,103,0.010936
124,104,0.035955
124,105,0.050247
124,106,0.056376
124,107,0.097764
124,108,0.100686
124,109,0.065459
124,110,0.060554
124,111,0.115149
124,112,0.046013
124,113,0.001682
124,114,0.002252
124,115,0.057576
124,116,0.044311
124,117,0.035375
124,118,0.010975
124,119,0.024483
124,120,0.029930
124,121,0.055717
124,122,0.027273
124,123,0.035300
124,124,0.000000
124,125,0.006331
124,126,0.007269
124,127,0.020132
124,128,0.028939
124,129,0.037073
124,130,0.050890
125,1,0.031137
125,2,0.001231
125,3,0.035762
125,4,0.031701
125,5,0.043958
125,6,0.029223
125,7,0.024803
125,8,0.025584
125,9,0.018730
125,10,0.026696
125,11,0.064563
125,12,0.042329
125,13,0.039256
125,14,0.027551
125,15,0.072424
125,16,0.060776
125,17,0.028653
125,18,0.026158
125,19,0.038802
125,20,0.033924
125,21,0.002963
125,22,0.064421
125,23,0.040816
125,24,0.009246
125,25,0.016004
125,26,0.008444
125,27,0.073601
125,28,0.051158
125,29,0.018512
125,30,0.001437
125,31,0.006595
125,32,0.027112
125,33,0.024303
125,34,0.048151
125,35,0.061745
125,36,0.013202
125,37,0.014924
125,38,0.047264
125,39,0.019523
125,40,0.015334
125,41,0.031213
125,42,0.098634
125,43,0.012696
125,44,0.030580
125,45,0.025459
125,46,0.015201
125,47,0.002828
125,48,0.018310
125,49,0.060036
125,50,0.041974
125,51,0.068975
125,52,0.015125
125,53,0.003606
125,54,0.022264
125,55,0.011755
125,56,0.000932
125,57,0.001154
125,58,0.014052
125,59,0.002511
125,60,0.005841
125,61,0.003151
125,62,0.042107
125,63,0.016228
125,64,0.045446
125,65,0.062366
125,66,0.045053
125,67,0.046241
125,68,0.032343
125,69,0.019925
125,70,0.026375
125,71,0.058464
125,72,0.024402
125,73,0.056926
125,74,0.069335
125,75,0.077474
125,76,0.037051
125,77,0.026251
125,78,0.006378
125,79,0.022967
125,80,0.050672
125,81,0.014529
125,82,0.024720
125,83,0.015912
125,84,0.001618
125,85,0.072625
125,86,0.000244
125,87,0.041860
125,88,0.003551
125,89,0.023548
125,90,0.045343
125,91,0.033321
125,92,0.042374
125,93,0.057519
125,94,0.018649
125,95,0.007589
125,96,0.001331
125,97,0.012625
125,98,0.014903
125,99,0.021631
125,100,0.028603
125,101,0.051356
125,102,0.027678
125,103,0.004452
125,104,0.014051
125,105,0.037684
125,106,0.051391
125,107,0.078280
125,108,0.087455
125,109,0.059530
125,110,0.010038
125,111,0.065645
125,112,0.058116
125,113,0.005220
125,114,0.028992
125,115,0.068715
125,116,0.000556
125,117,0.070807
125,118,0.039574
125,119,0.071931
125,120,0.035069
125,121,0.057479
125,122,0.043137
125,123,0.015954
125,124,0.006331
125,125,0.000000
125,126,0.097055
125,127,0.101674
125,128,0.052426
125,129,0.114728
125,130,0.075162
126,1,0.041580
126,2,0.010075
126,3,0.009314
126,4,0.013116
126,5,0.022981
126,6,0.012322
126,7,0.005526
126,8,0.005119
126,9,0.046416
126,10,0.008373
126,11,0.055599
126,12,0.022033
126,13,0.035110
126,14,0.050387
126,15,0.060759
126,16,0.046720
126,17,0.020096
126,18,0.044098
126,19,0.043286
126,20,0.038329
126,21,0.004535
126,22,0.009723
126,23,0.021177
126,24,0.036569
126,25,0.025826
126,26,0.003141
126,27,0.009387
126,28,0.028109
126,29,0.026964
126,30,0.002950
126,31,0.010385
126,32,0.008343
126,33,0.044002
126,34,0.057240
126,35,0.084944
126,36,0.069471
126,37,0.102536
126,38,0.084748
126,39,0.054076
126,40,0.056682
126,41,0.025837
126,42,0.057179
126,43,0.010037
126,44,0.035110
126,45,0.028197
126,46,0.032586
126,47,0.053323
126,48,0.053444
126,49,0.123330
126,50,0.043385
126,51,0.052291
126,52,0.047801
126,53,0.056044
126,54,0.046897
126,55,0.033492
126,56,0.049316
126,57,0.061094
126,58,0.043681
126,59,0.011264
126,60,0.008716
126,61,0.087376
126,62,0.047164
126,63,0.057415
126,64,0.006025
126,65,0.011689
126,66,0.044667
126,67,0.058767
126,68,0.002664
126,69,0.010672
126,70,0.014319
126,71,0.047370
126,72,0.027400
126,73,0.040918
126,74,0.050506
126,75,0.018432
126,76,0.021527
126,77,0.003260
126,78,0.001153
126,79,0.075615
126,80,0.077717
126,81,0.004864
126,82,0.005922
126,83,0.004609
126,84,0.002648
126,85,0.001373
126,86,0.044331
126,87,0.019092
126,88,0.019747
126,89,0.016545
126,90,0.040915
126,91,0.001080
126,92,0.039542
126,93,0.005950
126,94,0.007002
126,95,0.047116
126,96,0.021338
126,97,0.031043
126,98,0.056128
126,99,0.083846
126,100,0.017080
126,101,0.004014
126,102,0.026753
126,103,0.029746
126,104,0.043952
126,105,0.009386
126,106,0.042619
126,107,0.041579
126,108,0.078482
126,109,0.055242
126,110,0.005901
126,111,0.027038
126,112,0.012470
126,113,0.008462
126,114,0.009781
126,115,0.068832
126,116,0.042935
126,117,0.038746
126,118,0.056535
126,119,0.070478
126,120,0.065088
126,121,0.093409
126,122,0.060111
126,123,0.002383
126,124,0.007269
126,125,0.097055
126,126,0.000000
126,127,0.002023
126,128,0.027625
126,129,0.063011
126,130,0.025612
127,1,0.035373
127,2,0.007521
127,3,0.005055
127,4,0.009152
127,5,0.036401
127,6,0.022449
127,7,0.020768
127,8,0.006781
127,9,0.019167
127,10,0.006609
127,11,0.024811
127,12,0.022476
127,13,0.056004
127,14,0.026691
127,15,0.036747
127,16,0.043197
127,17,0.031195
127,18,0.045872
127,19,0.076658
127,20,0.096410
127,21,0.004155
127,22,0.002617
127,23,0.071371
127,24,0.030614
127,25,0.040009
127,26,0.018254
127,27,0.043091
127,28,0.013836
127,29,0.000371
127,30,0.021600
127,31,0.008283
127,32,0.010487
127,33,0.017769
127,34,0.028125
127,35,0.028956
127,36,0.053847
127,37,0.021733
127,38,0.003931
127,39,0.035210
127,40,0.042184
127,41,0.012505
127,42,0.066095
127,43,0.077918
127,44,0.074382
127,45,0.070627
127,46,0.030749
127,47,0.010210
127,48,0.016246
127,49,0.083129
127,50,0.039882
127,51,0.058549
127,52,0.049341
127,53,0.034239
127,54,0.040135
127,55,0.031632
127,56,0.007969
127,57,0.015498
127,58,0.045606
127,59,0.030990
127,60,0.035118
127,61,0.110789
127,62,0.059595
127,63,0.032132
127,64,0.039123
127,65,0.038750
127,66,0.114757
127,67,0.041591
127,68,0.053203
127,69,0.011783
127,70,0.009967
127,71,0.049428
127,72,0.001525
127,73,0.008055
127,74,0.029059
127,75,0.096867
127,76,0.061006
127,77,0.048899
127,78,0.004291
127,79,0.049343
127,80,0.016845
127,81,0.013275
127,82,0.007812
127,83,0.008530
127,84,0.007470
127,85,0.103612
127,86,0.075938
127,87,0.040004
127,88,0.020862
127,89,0.011580
127,90,0.003458
127,91,0.032901
127,92,0.034801
127,93,0.012527
127,94,0.029031
127,95,0.025707
127,96,0.009951
127,97,0.037394
127,98,0.030991
127,99,0.032436
127,100,0.042346
127,101,0.014421
127,102,0.014109
127,103,0.011782
127,104,0.060580
127,105,0.051954
127,106,0.106333
127,107,0.015904
127,108,0.002728
127,109,0.043939
127,110,0.056196
127,111,0.026038
127,112,0.016040
127,113,0.035571
127,114,0.004372
127,115,0.061676
127,116,0.120890
127,117,0.010415
127,118,0.036542
127,119,0.002896
127,120,0.018814
127,121,0.065079
127,122,0.065398
127,123,0.011974
127,124,0.020132
127,125,0.101674
127,126,0.002023
127,127,0.000000
127,128,0.096171
127,129,0.101261
127,130,0.072988
128,1,0.011262
128,2,0.010000
128,3,0.017248
128,4,0.029408
128,5,0.012404
128,6,0.046133
128,7,0.034230
128,8,0.071997
128,9,0.021329
128,10,0.013498
128,11,0.025080
128,12,0.059364
128,13,0.007801
128,14,0.030532
128,15,0.099205
128,16,0.113886
128,17,0.023529
128,18,0.007524
128,19,0.045805
128,20,0.010024
128,21,0.008376
128,22,0.021300
128,23,0.019370
128,24,0.011606
128,25,0.014463
128,26,0.014595
128,27,0.047463
128,28,0.002300
128,29,0.023040
128,30,0.023653
128,31,0.072072
128,32,0.055576
128,33,0.078733
128,34,0.216526
128,35,0.218068
128,36,0.083161
128,37,0.134859
128,38,0.134501
128,39,0.038910
128,40,0.098941
128,41,0.068411
128,42,0.015685
128,43,0.049462
128,44,0.006458
128,45,0.090379
128,46,0.122310
128,47,0.093577
128,48,0.036619
128,49,0.059529
128,50,0.009078
128,51,0.090306
128,52,0.086896
128,53,0.060952
128,54,0.057735
128,55,0.038348
128,56,0.015660
128,57,0.013119
128,58,0.014203
128,59,0.101897
128,60,0.068439
128,61,0.061140
128,62,0.036344
128,63,0.075323
128,64,0.032702
128,65,0.058270
128,66,0.099019
128,67,0.018672
128,68,0.005195
128,69,0.004127
128,70,0.027559
128,71,0.056707
128,72,0.042184
128,73,0.044895
128,74,0.032713
128,75,0.005185
128,76,0.023060
128,77,0.010644
128,78,0.008007
128,79,0.066489
128,80,0.079242
128,81,0.040167
128,82,0.033993
128,83,0.037580
128,84,0.007954
128,85,0.008471
128,86,0.052037
128,87,0.075176
128,88,0.008655
128,89,0.022447
128,90,0.001363
128,91,0.017843
128,92,0.044416
128,93,0.023514
128,94,0.068811
128,95,0.051061
128,96,0.009143
128,97,0.000262
128,98,0.068019
128,99,0.113003
128,100,0.040421
128,101,0.010220
128,102,0.008024
128,103,0.044960
128,104,0.097625
128,105,0.151960
128,106,0.114344
128,107,0.103043
128,108,0.187360
128,109,0.089328
128,110,0.096923
128,111,0.168204
128,112,0.163142
128,113,0.106631
128,114,0.042442
128,115,0.152475
128,116,0.205632
128,117,0.040359
128,118,0.031805
128,119,0.065243
128,120,0.039459
128,121,0.055025
128,122,0.044901
128,123,0.048489
128,124,0.028939
128,125,0.052426
128,126,0.027625
128,127,0.096171
128,128,0.000000
128,129,0.100540
128,130,0.007694
129,1,0.019176
129,2,0.016549
129,3,0.002113
129,4,0.002754
129,5,0.022385
129,6,0.101356
129,7,0.027151
129,8,0.037872
129,9,0.011333
129,10,0.022192
129,11,0.049648
129,12,0.041858
129,13,0.033094
129,14,0.046829
129,15,0.096834
129,16,0.104984
129,17,0.005331
129,18,0.005499
129,19,0.057889
129,20,0.007066
129,21,0.000833
129,22,0.000397
129,23,0.016651
129,24,0.039363
129,25,0.047302
129,26,0.022627
129,27,0.045534
129,28,0.031944
129,29,0.013252
129,30,0.023698
129,31,0.038292
129,32,0.049317
129,33,0.049418
129,34,0.173442
129,35,0.178287
129,36,0.058735
129,37,0.095359
129,38,0.103730
129,39,0.001501
129,40,0.053592
129,41,0.061476
129,42,0.009011
129,43,0.076490
129,44,0.014774
129,45,0.069216
129,46,0.127436
129,47,0.093394
129,48,0.084767
129,49,0.120518
129,50,0.077728
129,51,0.105811
129,52,0.057872
129,53,0.045343
129,54,0.040111
129,55,0.055761
129,56,0.004334
129,57,0.013567
129,58,0.004237
129,59,0.134804
129,60,0.084032
129,61,0.034950
129,62,0.032671
129,63,0.065398
129,64,0.009424
129,65,0.048465
129,66,0.041490
129,67,0.012282
129,68,0.019788
129,69,0.013439
129,70,0.011501
129,71,0.057445
129,72,0.025048
129,73,0.057345
129,74,0.050061
129,75,0.025364
129,76,0.053977
129,77,0.035831
129,78,0.069407
129,79,0.086333
129,80,0.081591
129,81,0.033752
129,82,0.032159
129,83,0.051951
129,84,0.028638
129,85,0.055792
129,86,0.029263
129,87,0.095713
129,88,0.009874
129,89,0.000381
129,90,0.017031
129,91,0.027085
129,92,0.039755
129,93,0.002140
129,94,0.089590
129,95,0.063737
129,96,0.013059
129,97,0.017631
129,98,0.041290
129,99,0.043995
129,100,0.014574
129,101,0.010347
129,102,0.007571
129,103,0.028546
129,104,0.075348
129,105,0.087417
129,106,0.007550
129,107,0.030104
129,108,0.106097
129,109,0.076339
129,110,0.087117
129,111,0.140810
129,112,0.161220
129,113,0.104799
129,114,0.044526
129,115,0.124479
129,116,0.110799
129,117,0.001345
129,118,0.021875
129,119,0.054771
129,120,0.062101
129,121,0.072132
129,122,0.003688
129,123,0.013093
129,124,0.037073
129,125,0.114728
129,126,0.063011
129,127,0.101261
129,128,0.100540
129,129,0.000000
129,130,0.033291
130,1,0.023292
130,2,0.051290
130,3,0.016251
130,4,0.024274
130,5,0.034230
130,6,0.109063
130,7,0.081189
130,8,0.088473
130,9,0.041082
130,10,0.031835
130,11,0.003336
130,12,0.056709
130,13,0.008913
130,14,0.024896
130,15,0.067464
130,16,0.062709
130,17,0.049035
130,18,0.028047
130,19,0.041982
130,20,0.008390
130,21,0.017488
130,22,0.024588
130,23,0.025719
130,24,0.016046
130,25,0.061723
130,26,0.072673
130,27,0.069818
130,28,0.067682
130,29,0.026533
130,30,0.048614
130,31,0.044021
130,32,0.017524
130,33,0.065647
130,34,0.057525
130,35,0.051745
130,36,0.022858
130,37,0.076558
130,38,0.036639
130,39,0.010749
130,40,0.043586
130,41,0.013512
130,42,0.034082
130,43,0.096837
130,44,0.002575
130,45,0.074141
130,46,0.123439
130,47,0.050333
130,48,0.065234
130,49,0.110834
130,50,0.062872
130,51,0.073392
130,52,0.054898
130,53,0.070082
130,54,0.070337
130,55,0.073069
130,56,0.008081
130,57,0.038312
130,58,0.024834
130,59,0.077522
130,60,0.007416
130,61,0.056740
130,62,0.057953
130,63,0.022824
130,64,0.009922
130,65,0.038340
130,66,0.037868
130,67,0.003534
130,68,0.027671
130,69,0.029125
130,70,0.046733
130,71,0.062208
130,72,0.046801
130,73,0.061788
130,74,0.052591
130,75,0.029985
130,76,0.014623
130,77,0.034961
130,78,0.046377
130,79,0.087699
130,80,0.067467
130,81,0.028300
130,82,0.038987
130,83,0.026822
130,84,0.012206
130,85,0.024148
130,86,0.004937
130,87,0.000271
130,88,0.018230
130,89,0.002959
130,90,0.010737
130,91,0.007357
130,92,0.006615
130,93,0.015980
130,94,0.032196
130,95,0.016522
130,96,0.023038
130,97,0.014518
130,98,0.012550
130,99,0.016024
130,100,0.038071
130,101,0.005314
130,102,0.006637
130,103,0.032832
130,104,0.079713
130,105,0.040996
130,106,0.000223
130,107,0.043509
130,108,0.089822
130,109,0.104571
130,110,0.109213
130,111,0.114206
130,112,0.103572
130,113,0.033795
130,114,0.009104
130,115,0.042879
130,116,0.029817
130,117,0.030091
130,118,0.054257
130,119,0.034135
130,120,0.028194
130,121,0.061578
130,122,0.006520
130,123,0.013862
130,124,0.050890
130,125,0.075162
130,126,0.025612
130,127,0.072988
130,128,0.007694
130,129,0.033291
130,130,0.000000
